/home/kharratw/Documents/tessssst/PFE/.venv/lib/python3.12/site-packages/torch/cuda/__init__.py:789: UserWarning: Can't initialize NVML
  warnings.warn("Can't initialize NVML")
Experiment dir : ../../experiments/sota/cifar10/search-exp-20250526-102327-s5-0-6224
05/26 10:23:27 AM gpu device = 0
05/26 10:23:27 AM args = Namespace(data='../../data', dataset='cifar10', batch_size=96, learning_rate=0.025, learning_rate_min=0.001, momentum=0.9, weight_decay=0.0003, report_freq=50, gpu=0, epochs=50, init_channels=16, layers=8, model_path='saved_models', cutout=False, cutout_length=16, cutout_prob=1.0, save='../../experiments/sota/cifar10/search-exp-20250526-102327-s5-0-6224', seed=0, grad_clip=5, train_portion=0.5, unrolled=False, arch_learning_rate=0.0003, arch_weight_decay=0.001, search_space='s5', corr_regularization='corr', epsilon_0=0.001, lambda_=0.25)
05/26 10:23:28 AM param size = 1.930618MB
/home/kharratw/Documents/tessssst/PFE/.venv/lib/python3.12/site-packages/torch/optim/lr_scheduler.py:990: UserWarning: To get the last learning rate computed by the scheduler, please use `get_last_lr()`.
  _warn_get_lr_called_within_step(self)
05/26 10:23:29 AM epoch 0 lr 2.500000e-02
05/26 10:23:29 AM epoch 0 lambda_ 0.000000e+00
05/26 10:23:29 AM genotype = Genotype(normal=[('sep_conv_5x5', 0), ('sep_conv_5x5', 1), ('dil_conv_3x3', 2), ('dil_conv_5x5', 0), ('dil_conv_5x5', 3), ('avg_pool_3x3', 1), ('sep_conv_5x5', 1), ('avg_pool_3x3', 2)], normal_concat=range(2, 6), reduce=[('skip_connect', 0), ('sep_conv_3x3', 1), ('skip_connect', 1), ('max_pool_3x3', 2), ('sep_conv_3x3', 0), ('dil_conv_5x5', 3), ('dil_conv_3x3', 0), ('sep_conv_3x3', 2)], reduce_concat=range(2, 6))
tensor([[0.1426, 0.1428, 0.1430, 0.1427, 0.1431, 0.1429, 0.1429],
        [0.1429, 0.1429, 0.1429, 0.1428, 0.1431, 0.1425, 0.1430],
        [0.1428, 0.1428, 0.1428, 0.1430, 0.1427, 0.1428, 0.1431],
        [0.1427, 0.1430, 0.1427, 0.1430, 0.1429, 0.1428, 0.1430],
        [0.1430, 0.1428, 0.1427, 0.1427, 0.1429, 0.1432, 0.1427],
        [0.1428, 0.1429, 0.1429, 0.1427, 0.1429, 0.1429, 0.1429],
        [0.1427, 0.1431, 0.1430, 0.1428, 0.1426, 0.1428, 0.1429],
        [0.1429, 0.1428, 0.1428, 0.1429, 0.1427, 0.1430, 0.1429],
        [0.1429, 0.1428, 0.1428, 0.1427, 0.1428, 0.1429, 0.1431],
        [0.1427, 0.1429, 0.1429, 0.1429, 0.1427, 0.1430, 0.1430],
        [0.1427, 0.1429, 0.1429, 0.1429, 0.1431, 0.1428, 0.1427],
        [0.1429, 0.1431, 0.1430, 0.1426, 0.1429, 0.1429, 0.1426],
        [0.1428, 0.1429, 0.1430, 0.1428, 0.1429, 0.1427, 0.1429],
        [0.1429, 0.1427, 0.1429, 0.1427, 0.1429, 0.1429, 0.1429]],
       device='cuda:0', grad_fn=<SoftmaxBackward0>)
tensor([[0.1430, 0.1428, 0.1431, 0.1430, 0.1428, 0.1428, 0.1425],
        [0.1428, 0.1427, 0.1430, 0.1430, 0.1427, 0.1429, 0.1429],
        [0.1430, 0.1430, 0.1430, 0.1430, 0.1427, 0.1428, 0.1426],
        [0.1427, 0.1427, 0.1430, 0.1429, 0.1429, 0.1429, 0.1428],
        [0.1430, 0.1429, 0.1428, 0.1428, 0.1428, 0.1429, 0.1427],
        [0.1427, 0.1427, 0.1427, 0.1431, 0.1429, 0.1430, 0.1429],
        [0.1430, 0.1428, 0.1428, 0.1430, 0.1428, 0.1428, 0.1428],
        [0.1429, 0.1429, 0.1428, 0.1428, 0.1429, 0.1427, 0.1429],
        [0.1429, 0.1428, 0.1427, 0.1429, 0.1429, 0.1427, 0.1431],
        [0.1427, 0.1425, 0.1428, 0.1429, 0.1429, 0.1432, 0.1430],
        [0.1429, 0.1427, 0.1427, 0.1430, 0.1429, 0.1428, 0.1430],
        [0.1429, 0.1429, 0.1429, 0.1430, 0.1427, 0.1427, 0.1428],
        [0.1429, 0.1430, 0.1429, 0.1428, 0.1429, 0.1425, 0.1430],
        [0.1430, 0.1428, 0.1429, 0.1429, 0.1428, 0.1429, 0.1426]],
       device='cuda:0', grad_fn=<SoftmaxBackward0>)
05/26 10:23:33 AM train 000 2.448394e+00 7.291667 48.958336
05/26 10:25:45 AM train 050 1.982372e+00 27.634804 80.147057
05/26 10:27:56 AM train 100 1.842856e+00 31.910067 84.148102
05/26 10:30:08 AM train 150 1.734190e+00 35.802979 86.485924
05/26 10:32:09 AM train 200 1.650993e+00 38.940712 88.095978
05/26 10:34:09 AM train 250 1.597848e+00 41.168659 89.072876
05/26 10:34:34 AM train_corr 0.011599 valid_corr 0.006675
05/26 10:34:34 AM train_acc 41.568001
05/26 10:34:34 AM valid 000 1.085335e+00 58.333336 97.916672
05/26 10:34:42 AM valid 050 1.375318e+00 50.878269 93.811279
05/26 10:34:50 AM valid 100 1.358331e+00 51.660480 93.904709
05/26 10:34:58 AM valid 150 1.354552e+00 51.786701 93.846581
05/26 10:35:06 AM valid 200 1.361167e+00 51.399254 93.744820
05/26 10:35:14 AM valid 250 1.370693e+00 51.000168 93.633804
05/26 10:35:15 AM valid_acc 50.899998
05/26 10:35:16 AM epoch 1 lr 2.495266e-02
05/26 10:35:16 AM epoch 1 lambda_ 5.102041e-03
05/26 10:35:16 AM genotype = Genotype(normal=[('sep_conv_5x5', 1), ('sep_conv_5x5', 0), ('dil_conv_3x3', 2), ('dil_conv_5x5', 1), ('dil_conv_5x5', 3), ('sep_conv_5x5', 1), ('sep_conv_3x3', 4), ('dil_conv_5x5', 3)], normal_concat=range(2, 6), reduce=[('sep_conv_3x3', 1), ('sep_conv_3x3', 0), ('max_pool_3x3', 0), ('skip_connect', 2), ('sep_conv_5x5', 3), ('sep_conv_3x3', 0), ('dil_conv_5x5', 4), ('sep_conv_5x5', 1)], reduce_concat=range(2, 6))
tensor([[0.1438, 0.1382, 0.1416, 0.1436, 0.1459, 0.1426, 0.1443],
        [0.1416, 0.1381, 0.1398, 0.1434, 0.1462, 0.1446, 0.1462],
        [0.1448, 0.1383, 0.1414, 0.1446, 0.1456, 0.1425, 0.1428],
        [0.1417, 0.1377, 0.1398, 0.1456, 0.1448, 0.1439, 0.1463],
        [0.1393, 0.1371, 0.1400, 0.1457, 0.1464, 0.1466, 0.1449],
        [0.1436, 0.1379, 0.1398, 0.1446, 0.1434, 0.1456, 0.1451],
        [0.1404, 0.1381, 0.1394, 0.1451, 0.1461, 0.1451, 0.1457],
        [0.1395, 0.1376, 0.1402, 0.1458, 0.1459, 0.1450, 0.1459],
        [0.1395, 0.1382, 0.1400, 0.1451, 0.1455, 0.1442, 0.1475],
        [0.1426, 0.1382, 0.1401, 0.1444, 0.1454, 0.1457, 0.1436],
        [0.1403, 0.1381, 0.1395, 0.1460, 0.1460, 0.1449, 0.1453],
        [0.1386, 0.1375, 0.1408, 0.1451, 0.1462, 0.1462, 0.1457],
        [0.1378, 0.1370, 0.1386, 0.1460, 0.1470, 0.1466, 0.1471],
        [0.1370, 0.1367, 0.1382, 0.1480, 0.1478, 0.1466, 0.1458]],
       device='cuda:0', grad_fn=<SoftmaxBackward0>)
tensor([[0.1437, 0.1409, 0.1427, 0.1441, 0.1431, 0.1437, 0.1419],
        [0.1425, 0.1406, 0.1426, 0.1443, 0.1440, 0.1432, 0.1428],
        [0.1457, 0.1432, 0.1420, 0.1416, 0.1421, 0.1420, 0.1434],
        [0.1428, 0.1411, 0.1431, 0.1419, 0.1443, 0.1428, 0.1440],
        [0.1434, 0.1418, 0.1454, 0.1427, 0.1407, 0.1440, 0.1421],
        [0.1439, 0.1414, 0.1407, 0.1443, 0.1429, 0.1436, 0.1431],
        [0.1434, 0.1419, 0.1418, 0.1430, 0.1426, 0.1442, 0.1431],
        [0.1425, 0.1405, 0.1432, 0.1436, 0.1441, 0.1428, 0.1433],
        [0.1407, 0.1397, 0.1422, 0.1443, 0.1453, 0.1433, 0.1445],
        [0.1447, 0.1429, 0.1413, 0.1426, 0.1426, 0.1434, 0.1425],
        [0.1427, 0.1412, 0.1418, 0.1436, 0.1447, 0.1436, 0.1423],
        [0.1429, 0.1412, 0.1441, 0.1440, 0.1428, 0.1420, 0.1430],
        [0.1419, 0.1402, 0.1435, 0.1434, 0.1434, 0.1434, 0.1442],
        [0.1407, 0.1399, 0.1425, 0.1440, 0.1446, 0.1435, 0.1448]],
       device='cuda:0', grad_fn=<SoftmaxBackward0>)
05/26 10:35:18 AM train 000 1.267205e+00 60.416668 88.541672
05/26 10:37:22 AM train 050 1.265072e+00 54.534313 94.403595
05/26 10:39:35 AM train 100 1.250992e+00 54.888615 94.420380
05/26 10:41:47 AM train 150 1.216873e+00 55.898178 94.881348
05/26 10:44:00 AM train 200 1.188633e+00 56.965176 95.118156
05/26 10:46:13 AM train 250 1.169454e+00 57.831177 95.335327
05/26 10:46:39 AM train_corr 0.012746 valid_corr 0.011540
05/26 10:46:39 AM train_acc 57.855999
05/26 10:46:40 AM valid 000 1.282748e+00 57.291668 90.625000
05/26 10:46:48 AM valid 050 1.172196e+00 60.130718 94.403595
05/26 10:46:56 AM valid 100 1.173835e+00 59.746288 94.719475
05/26 10:47:04 AM valid 150 1.190140e+00 59.354305 94.522629
05/26 10:47:12 AM valid 200 1.186967e+00 59.618572 94.522179
05/26 10:47:20 AM valid 250 1.187489e+00 59.719456 94.430611
05/26 10:47:23 AM valid_acc 59.739998
05/26 10:47:23 AM epoch 2 lr 2.483464e-02
05/26 10:47:23 AM epoch 2 lambda_ 1.020408e-02
05/26 10:47:23 AM genotype = Genotype(normal=[('sep_conv_5x5', 0), ('sep_conv_5x5', 1), ('dil_conv_5x5', 1), ('sep_conv_5x5', 0), ('dil_conv_5x5', 3), ('sep_conv_5x5', 2), ('sep_conv_5x5', 3), ('sep_conv_3x3', 4)], normal_concat=range(2, 6), reduce=[('sep_conv_5x5', 1), ('sep_conv_5x5', 0), ('sep_conv_5x5', 1), ('max_pool_3x3', 0), ('sep_conv_5x5', 3), ('sep_conv_5x5', 2), ('sep_conv_5x5', 4), ('dil_conv_5x5', 3)], reduce_concat=range(2, 6))
tensor([[0.1448, 0.1335, 0.1388, 0.1448, 0.1498, 0.1432, 0.1453],
        [0.1428, 0.1343, 0.1382, 0.1434, 0.1493, 0.1450, 0.1470],
        [0.1459, 0.1331, 0.1379, 0.1477, 0.1482, 0.1442, 0.1430],
        [0.1435, 0.1342, 0.1382, 0.1464, 0.1455, 0.1440, 0.1482],
        [0.1392, 0.1335, 0.1379, 0.1477, 0.1478, 0.1476, 0.1463],
        [0.1438, 0.1330, 0.1364, 0.1473, 0.1452, 0.1481, 0.1462],
        [0.1416, 0.1347, 0.1380, 0.1454, 0.1483, 0.1458, 0.1462],
        [0.1385, 0.1339, 0.1377, 0.1458, 0.1496, 0.1458, 0.1487],
        [0.1373, 0.1346, 0.1377, 0.1464, 0.1478, 0.1459, 0.1503],
        [0.1440, 0.1339, 0.1379, 0.1454, 0.1468, 0.1462, 0.1457],
        [0.1407, 0.1341, 0.1371, 0.1471, 0.1481, 0.1470, 0.1458],
        [0.1383, 0.1341, 0.1387, 0.1468, 0.1481, 0.1465, 0.1475],
        [0.1359, 0.1332, 0.1357, 0.1474, 0.1511, 0.1483, 0.1485],
        [0.1349, 0.1335, 0.1356, 0.1503, 0.1502, 0.1480, 0.1474]],
       device='cuda:0', grad_fn=<SoftmaxBackward0>)
tensor([[0.1428, 0.1386, 0.1418, 0.1448, 0.1458, 0.1427, 0.1435],
        [0.1419, 0.1382, 0.1415, 0.1443, 0.1470, 0.1428, 0.1443],
        [0.1454, 0.1419, 0.1411, 0.1432, 0.1423, 0.1436, 0.1425],
        [0.1423, 0.1393, 0.1422, 0.1422, 0.1472, 0.1425, 0.1443],
        [0.1436, 0.1397, 0.1453, 0.1425, 0.1402, 0.1450, 0.1436],
        [0.1433, 0.1398, 0.1409, 0.1447, 0.1423, 0.1455, 0.1435],
        [0.1425, 0.1397, 0.1409, 0.1438, 0.1439, 0.1452, 0.1441],
        [0.1424, 0.1391, 0.1429, 0.1432, 0.1455, 0.1434, 0.1436],
        [0.1405, 0.1376, 0.1414, 0.1463, 0.1474, 0.1420, 0.1448],
        [0.1432, 0.1405, 0.1425, 0.1440, 0.1437, 0.1423, 0.1439],
        [0.1426, 0.1397, 0.1407, 0.1440, 0.1470, 0.1433, 0.1428],
        [0.1413, 0.1375, 0.1424, 0.1459, 0.1458, 0.1423, 0.1448],
        [0.1404, 0.1366, 0.1416, 0.1455, 0.1442, 0.1448, 0.1471],
        [0.1382, 0.1360, 0.1401, 0.1446, 0.1479, 0.1459, 0.1474]],
       device='cuda:0', grad_fn=<SoftmaxBackward0>)
05/26 10:47:26 AM train 000 1.145756e+00 61.458336 95.833336
05/26 10:49:40 AM train 050 1.018151e+00 64.133987 96.629906
05/26 10:51:47 AM train 100 1.000434e+00 64.985565 96.864693
05/26 10:53:52 AM train 150 9.815374e-01 65.459435 96.861206
05/26 10:56:11 AM train 200 9.663322e-01 66.039597 96.963104
05/26 10:58:26 AM train 250 9.510490e-01 66.484062 97.028557
05/26 10:58:53 AM train_corr 0.000145 valid_corr 0.011494
05/26 10:58:53 AM train_acc 66.479996
05/26 10:58:53 AM valid 000 1.216851e+00 68.750000 95.833336
05/26 10:59:05 AM valid 050 1.074068e+00 63.766342 96.098854
05/26 10:59:17 AM valid 100 1.064953e+00 64.201736 96.297447
05/26 10:59:30 AM valid 150 1.056752e+00 64.224617 96.385208
05/26 10:59:42 AM valid 200 1.058882e+00 63.935532 96.475952
05/26 10:59:52 AM valid 250 1.057003e+00 63.952526 96.447548
05/26 10:59:55 AM valid_acc 64.040001
05/26 10:59:55 AM epoch 3 lr 2.467010e-02
05/26 10:59:55 AM epoch 3 lambda_ 1.530612e-02
05/26 10:59:55 AM genotype = Genotype(normal=[('sep_conv_5x5', 0), ('sep_conv_5x5', 1), ('sep_conv_3x3', 0), ('sep_conv_5x5', 2), ('sep_conv_5x5', 2), ('dil_conv_5x5', 3), ('sep_conv_5x5', 3), ('sep_conv_3x3', 4)], normal_concat=range(2, 6), reduce=[('sep_conv_5x5', 1), ('sep_conv_5x5', 0), ('sep_conv_5x5', 1), ('max_pool_3x3', 0), ('sep_conv_5x5', 3), ('dil_conv_3x3', 0), ('sep_conv_5x5', 4), ('dil_conv_5x5', 3)], reduce_concat=range(2, 6))
tensor([[0.1452, 0.1299, 0.1370, 0.1471, 0.1531, 0.1429, 0.1448],
        [0.1419, 0.1303, 0.1357, 0.1462, 0.1523, 0.1465, 0.1472],
        [0.1463, 0.1289, 0.1354, 0.1506, 0.1493, 0.1471, 0.1423],
        [0.1442, 0.1314, 0.1370, 0.1483, 0.1452, 0.1448, 0.1490],
        [0.1385, 0.1297, 0.1366, 0.1492, 0.1495, 0.1494, 0.1470],
        [0.1447, 0.1296, 0.1342, 0.1485, 0.1475, 0.1495, 0.1460],
        [0.1408, 0.1307, 0.1355, 0.1492, 0.1506, 0.1461, 0.1470],
        [0.1372, 0.1300, 0.1357, 0.1473, 0.1531, 0.1460, 0.1507],
        [0.1353, 0.1308, 0.1357, 0.1481, 0.1505, 0.1476, 0.1520],
        [0.1456, 0.1310, 0.1363, 0.1465, 0.1474, 0.1472, 0.1462],
        [0.1395, 0.1299, 0.1343, 0.1498, 0.1505, 0.1484, 0.1476],
        [0.1370, 0.1305, 0.1372, 0.1486, 0.1506, 0.1481, 0.1479],
        [0.1333, 0.1292, 0.1327, 0.1500, 0.1551, 0.1509, 0.1489],
        [0.1325, 0.1302, 0.1330, 0.1537, 0.1519, 0.1498, 0.1490]],
       device='cuda:0', grad_fn=<SoftmaxBackward0>)
tensor([[0.1439, 0.1375, 0.1412, 0.1441, 0.1470, 0.1421, 0.1442],
        [0.1430, 0.1376, 0.1422, 0.1449, 0.1471, 0.1407, 0.1446],
        [0.1465, 0.1418, 0.1407, 0.1435, 0.1412, 0.1432, 0.1430],
        [0.1415, 0.1374, 0.1426, 0.1425, 0.1488, 0.1417, 0.1455],
        [0.1424, 0.1376, 0.1454, 0.1426, 0.1402, 0.1464, 0.1453],
        [0.1447, 0.1392, 0.1395, 0.1443, 0.1416, 0.1468, 0.1439],
        [0.1428, 0.1390, 0.1406, 0.1445, 0.1454, 0.1446, 0.1431],
        [0.1415, 0.1371, 0.1427, 0.1418, 0.1465, 0.1449, 0.1456],
        [0.1407, 0.1361, 0.1425, 0.1469, 0.1491, 0.1411, 0.1437],
        [0.1433, 0.1391, 0.1426, 0.1463, 0.1440, 0.1414, 0.1434],
        [0.1424, 0.1381, 0.1405, 0.1442, 0.1483, 0.1427, 0.1437],
        [0.1398, 0.1342, 0.1423, 0.1458, 0.1494, 0.1421, 0.1464],
        [0.1393, 0.1335, 0.1413, 0.1469, 0.1437, 0.1453, 0.1499],
        [0.1360, 0.1326, 0.1386, 0.1438, 0.1522, 0.1466, 0.1502]],
       device='cuda:0', grad_fn=<SoftmaxBackward0>)
05/26 10:59:58 AM train 000 8.601979e-01 67.708328 96.875000
05/26 11:02:10 AM train 050 8.663312e-01 69.117645 97.324348
05/26 11:04:20 AM train 100 8.549612e-01 69.843239 97.483498
05/26 11:06:29 AM train 150 8.494807e-01 70.081398 97.482063
05/26 11:08:46 AM train 200 8.416137e-01 70.522385 97.590172
05/26 11:10:59 AM train 250 8.363825e-01 70.600929 97.675964
05/26 11:11:25 AM train_corr 0.007805 valid_corr 0.018736
05/26 11:11:25 AM train_acc 70.591995
05/26 11:11:25 AM valid 000 9.837984e-01 62.499996 97.916672
05/26 11:11:38 AM valid 050 9.010265e-01 68.423203 97.181374
05/26 11:11:50 AM valid 100 8.872752e-01 69.080032 97.442245
05/26 11:12:02 AM valid 150 8.885390e-01 69.150108 97.385483
05/26 11:12:14 AM valid 200 8.931987e-01 69.097221 97.341415
05/26 11:12:27 AM valid 250 8.977674e-01 68.928452 97.356407
05/26 11:12:29 AM valid_acc 68.975998
05/26 11:12:30 AM epoch 4 lr 2.445969e-02
05/26 11:12:30 AM epoch 4 lambda_ 2.040816e-02
05/26 11:12:30 AM genotype = Genotype(normal=[('sep_conv_5x5', 0), ('sep_conv_5x5', 1), ('sep_conv_3x3', 0), ('sep_conv_3x3', 2), ('sep_conv_5x5', 2), ('dil_conv_5x5', 3), ('sep_conv_5x5', 3), ('sep_conv_3x3', 4)], normal_concat=range(2, 6), reduce=[('sep_conv_5x5', 1), ('max_pool_3x3', 0), ('sep_conv_5x5', 1), ('max_pool_3x3', 0), ('sep_conv_5x5', 3), ('sep_conv_5x5', 2), ('sep_conv_5x5', 4), ('sep_conv_5x5', 2)], reduce_concat=range(2, 6))
tensor([[0.1452, 0.1269, 0.1353, 0.1478, 0.1566, 0.1423, 0.1459],
        [0.1433, 0.1277, 0.1352, 0.1478, 0.1531, 0.1464, 0.1466],
        [0.1461, 0.1254, 0.1329, 0.1519, 0.1507, 0.1500, 0.1429],
        [0.1465, 0.1297, 0.1372, 0.1496, 0.1450, 0.1446, 0.1474],
        [0.1382, 0.1265, 0.1354, 0.1512, 0.1503, 0.1494, 0.1489],
        [0.1446, 0.1262, 0.1317, 0.1509, 0.1502, 0.1498, 0.1465],
        [0.1423, 0.1281, 0.1337, 0.1507, 0.1518, 0.1456, 0.1477],
        [0.1374, 0.1272, 0.1347, 0.1473, 0.1547, 0.1468, 0.1519],
        [0.1336, 0.1276, 0.1330, 0.1507, 0.1534, 0.1478, 0.1539],
        [0.1454, 0.1278, 0.1343, 0.1476, 0.1489, 0.1475, 0.1486],
        [0.1403, 0.1278, 0.1336, 0.1501, 0.1525, 0.1495, 0.1462],
        [0.1363, 0.1275, 0.1360, 0.1512, 0.1521, 0.1487, 0.1482],
        [0.1315, 0.1262, 0.1300, 0.1534, 0.1563, 0.1518, 0.1509],
        [0.1306, 0.1272, 0.1305, 0.1548, 0.1544, 0.1516, 0.1508]],
       device='cuda:0', grad_fn=<SoftmaxBackward0>)
tensor([[0.1460, 0.1382, 0.1410, 0.1435, 0.1460, 0.1412, 0.1442],
        [0.1434, 0.1369, 0.1445, 0.1434, 0.1480, 0.1390, 0.1449],
        [0.1481, 0.1422, 0.1409, 0.1423, 0.1408, 0.1435, 0.1423],
        [0.1398, 0.1347, 0.1448, 0.1418, 0.1496, 0.1428, 0.1466],
        [0.1419, 0.1347, 0.1450, 0.1442, 0.1405, 0.1472, 0.1467],
        [0.1461, 0.1395, 0.1381, 0.1450, 0.1414, 0.1470, 0.1430],
        [0.1425, 0.1383, 0.1398, 0.1435, 0.1476, 0.1453, 0.1431],
        [0.1409, 0.1348, 0.1427, 0.1410, 0.1479, 0.1458, 0.1469],
        [0.1407, 0.1348, 0.1423, 0.1478, 0.1503, 0.1412, 0.1430],
        [0.1433, 0.1380, 0.1418, 0.1470, 0.1436, 0.1427, 0.1435],
        [0.1423, 0.1372, 0.1400, 0.1437, 0.1482, 0.1442, 0.1443],
        [0.1384, 0.1311, 0.1416, 0.1465, 0.1520, 0.1423, 0.1480],
        [0.1399, 0.1323, 0.1420, 0.1483, 0.1420, 0.1446, 0.1508],
        [0.1348, 0.1301, 0.1375, 0.1444, 0.1542, 0.1482, 0.1509]],
       device='cuda:0', grad_fn=<SoftmaxBackward0>)
05/26 11:12:33 AM train 000 9.219871e-01 66.666672 93.750000
05/26 11:14:46 AM train 050 7.771328e-01 72.263069 97.916664
05/26 11:16:58 AM train 100 7.562010e-01 73.411720 98.133255
05/26 11:19:14 AM train 150 7.517928e-01 73.530632 98.151215
05/26 11:21:26 AM train 200 7.459923e-01 73.782127 98.201698
05/26 11:23:34 AM train 250 7.393789e-01 74.165840 98.178123
05/26 11:24:04 AM train_corr 0.018701 valid_corr 0.015281
05/26 11:24:04 AM train_acc 74.203995
05/26 11:24:04 AM valid 000 8.092011e-01 68.750000 98.958336
05/26 11:24:16 AM valid 050 7.609290e-01 73.611115 97.855392
05/26 11:24:28 AM valid 100 7.514483e-01 73.968651 98.153877
05/26 11:24:40 AM valid 150 7.544119e-01 73.854858 98.116722
05/26 11:24:52 AM valid 200 7.517142e-01 74.041252 98.103233
05/26 11:25:03 AM valid 250 7.533199e-01 73.925133 98.061920
05/26 11:25:06 AM valid_acc 73.975998
05/26 11:25:06 AM epoch 5 lr 2.420423e-02
05/26 11:25:06 AM epoch 5 lambda_ 2.551020e-02
05/26 11:25:06 AM genotype = Genotype(normal=[('sep_conv_5x5', 0), ('sep_conv_5x5', 1), ('sep_conv_3x3', 2), ('sep_conv_3x3', 0), ('sep_conv_5x5', 3), ('sep_conv_5x5', 2), ('sep_conv_5x5', 3), ('sep_conv_5x5', 4)], normal_concat=range(2, 6), reduce=[('sep_conv_5x5', 1), ('max_pool_3x3', 0), ('max_pool_3x3', 0), ('sep_conv_5x5', 1), ('sep_conv_5x5', 3), ('max_pool_3x3', 0), ('sep_conv_5x5', 4), ('sep_conv_5x5', 2)], reduce_concat=range(2, 6))
tensor([[0.1442, 0.1239, 0.1337, 0.1485, 0.1595, 0.1430, 0.1471],
        [0.1429, 0.1247, 0.1338, 0.1496, 0.1537, 0.1485, 0.1468],
        [0.1456, 0.1226, 0.1313, 0.1529, 0.1524, 0.1525, 0.1429],
        [0.1468, 0.1271, 0.1362, 0.1499, 0.1466, 0.1458, 0.1475],
        [0.1373, 0.1234, 0.1340, 0.1539, 0.1513, 0.1508, 0.1493],
        [0.1441, 0.1235, 0.1302, 0.1516, 0.1527, 0.1509, 0.1471],
        [0.1420, 0.1253, 0.1323, 0.1525, 0.1523, 0.1460, 0.1496],
        [0.1362, 0.1240, 0.1339, 0.1484, 0.1565, 0.1486, 0.1525],
        [0.1317, 0.1246, 0.1310, 0.1542, 0.1569, 0.1472, 0.1544],
        [0.1448, 0.1251, 0.1326, 0.1480, 0.1511, 0.1485, 0.1498],
        [0.1396, 0.1252, 0.1320, 0.1513, 0.1529, 0.1512, 0.1478],
        [0.1352, 0.1243, 0.1349, 0.1543, 0.1522, 0.1495, 0.1496],
        [0.1299, 0.1234, 0.1279, 0.1562, 0.1584, 0.1534, 0.1509],
        [0.1284, 0.1244, 0.1284, 0.1564, 0.1576, 0.1537, 0.1511]],
       device='cuda:0', grad_fn=<SoftmaxBackward0>)
tensor([[0.1480, 0.1386, 0.1410, 0.1407, 0.1469, 0.1398, 0.1450],
        [0.1420, 0.1340, 0.1462, 0.1434, 0.1511, 0.1380, 0.1454],
        [0.1506, 0.1429, 0.1409, 0.1409, 0.1406, 0.1432, 0.1409],
        [0.1392, 0.1324, 0.1459, 0.1415, 0.1502, 0.1426, 0.1482],
        [0.1421, 0.1327, 0.1448, 0.1454, 0.1410, 0.1476, 0.1464],
        [0.1488, 0.1409, 0.1362, 0.1437, 0.1410, 0.1475, 0.1418],
        [0.1426, 0.1369, 0.1397, 0.1444, 0.1484, 0.1460, 0.1419],
        [0.1418, 0.1336, 0.1438, 0.1418, 0.1469, 0.1451, 0.1471],
        [0.1420, 0.1343, 0.1439, 0.1489, 0.1509, 0.1391, 0.1409],
        [0.1437, 0.1379, 0.1411, 0.1475, 0.1441, 0.1437, 0.1421],
        [0.1415, 0.1356, 0.1408, 0.1446, 0.1488, 0.1450, 0.1437],
        [0.1380, 0.1290, 0.1411, 0.1460, 0.1544, 0.1434, 0.1481],
        [0.1391, 0.1303, 0.1419, 0.1503, 0.1415, 0.1446, 0.1524],
        [0.1334, 0.1270, 0.1353, 0.1460, 0.1570, 0.1493, 0.1520]],
       device='cuda:0', grad_fn=<SoftmaxBackward0>)
05/26 11:25:09 AM train 000 7.095891e-01 73.958328 100.000000
05/26 11:27:21 AM train 050 7.056597e-01 75.347221 98.325165
05/26 11:29:35 AM train 100 6.841187e-01 75.959160 98.473602
05/26 11:31:48 AM train 150 6.684212e-01 76.634933 98.578918
05/26 11:33:59 AM train 200 6.755707e-01 76.326698 98.548920
05/26 11:36:08 AM train 250 6.711821e-01 76.452522 98.622177
05/26 11:36:37 AM train_corr 0.025347 valid_corr 0.023553
05/26 11:36:37 AM train_acc 76.435997
05/26 11:36:38 AM valid 000 6.515955e-01 75.000000 100.000000
05/26 11:36:49 AM valid 050 7.232975e-01 75.510620 98.080063
05/26 11:37:01 AM valid 100 7.158749e-01 75.721947 98.215759
05/26 11:37:13 AM valid 150 7.157660e-01 75.551880 98.165009
05/26 11:37:23 AM valid 200 7.166347e-01 75.347221 98.237976
05/26 11:37:35 AM valid 250 7.176695e-01 75.278053 98.182274
05/26 11:37:37 AM valid_acc 75.276001
05/26 11:37:37 AM epoch 6 lr 2.390474e-02
05/26 11:37:37 AM epoch 6 lambda_ 3.061224e-02
05/26 11:37:37 AM genotype = Genotype(normal=[('sep_conv_5x5', 0), ('sep_conv_5x5', 1), ('sep_conv_3x3', 2), ('dil_conv_3x3', 0), ('sep_conv_5x5', 2), ('sep_conv_5x5', 3), ('sep_conv_5x5', 4), ('sep_conv_5x5', 3)], normal_concat=range(2, 6), reduce=[('sep_conv_5x5', 1), ('max_pool_3x3', 0), ('max_pool_3x3', 0), ('sep_conv_5x5', 1), ('sep_conv_5x5', 3), ('max_pool_3x3', 0), ('sep_conv_5x5', 4), ('sep_conv_5x5', 2)], reduce_concat=range(2, 6))
tensor([[0.1434, 0.1216, 0.1328, 0.1502, 0.1616, 0.1429, 0.1475],
        [0.1430, 0.1227, 0.1336, 0.1521, 0.1536, 0.1493, 0.1457],
        [0.1450, 0.1198, 0.1298, 0.1534, 0.1532, 0.1553, 0.1434],
        [0.1474, 0.1255, 0.1364, 0.1496, 0.1478, 0.1453, 0.1479],
        [0.1357, 0.1200, 0.1328, 0.1560, 0.1540, 0.1514, 0.1501],
        [0.1444, 0.1213, 0.1291, 0.1519, 0.1564, 0.1505, 0.1463],
        [0.1432, 0.1234, 0.1319, 0.1524, 0.1533, 0.1457, 0.1500],
        [0.1351, 0.1209, 0.1326, 0.1481, 0.1596, 0.1500, 0.1537],
        [0.1305, 0.1219, 0.1296, 0.1561, 0.1588, 0.1472, 0.1560],
        [0.1446, 0.1229, 0.1321, 0.1502, 0.1501, 0.1497, 0.1503],
        [0.1397, 0.1231, 0.1312, 0.1534, 0.1543, 0.1518, 0.1466],
        [0.1345, 0.1216, 0.1349, 0.1564, 0.1515, 0.1505, 0.1505],
        [0.1283, 0.1203, 0.1258, 0.1587, 0.1596, 0.1555, 0.1518],
        [0.1256, 0.1207, 0.1252, 0.1580, 0.1612, 0.1569, 0.1524]],
       device='cuda:0', grad_fn=<SoftmaxBackward0>)
tensor([[0.1497, 0.1392, 0.1413, 0.1390, 0.1476, 0.1396, 0.1435],
        [0.1413, 0.1327, 0.1473, 0.1431, 0.1518, 0.1378, 0.1461],
        [0.1524, 0.1435, 0.1403, 0.1401, 0.1394, 0.1425, 0.1418],
        [0.1389, 0.1312, 0.1475, 0.1407, 0.1504, 0.1429, 0.1484],
        [0.1422, 0.1314, 0.1466, 0.1455, 0.1414, 0.1469, 0.1461],
        [0.1515, 0.1425, 0.1340, 0.1425, 0.1403, 0.1474, 0.1418],
        [0.1423, 0.1362, 0.1398, 0.1446, 0.1489, 0.1468, 0.1414],
        [0.1416, 0.1319, 0.1457, 0.1410, 0.1474, 0.1450, 0.1474],
        [0.1422, 0.1320, 0.1447, 0.1495, 0.1520, 0.1396, 0.1399],
        [0.1443, 0.1381, 0.1413, 0.1474, 0.1445, 0.1433, 0.1412],
        [0.1416, 0.1356, 0.1408, 0.1437, 0.1498, 0.1452, 0.1434],
        [0.1370, 0.1269, 0.1419, 0.1466, 0.1555, 0.1429, 0.1491],
        [0.1387, 0.1282, 0.1427, 0.1523, 0.1407, 0.1453, 0.1521],
        [0.1322, 0.1245, 0.1350, 0.1454, 0.1590, 0.1501, 0.1537]],
       device='cuda:0', grad_fn=<SoftmaxBackward0>)
05/26 11:37:40 AM train 000 4.574365e-01 85.416672 100.000000
05/26 11:39:49 AM train 050 5.970870e-01 79.942810 99.060455
05/26 11:41:57 AM train 100 6.075757e-01 79.238861 98.968651
05/26 11:44:06 AM train 150 6.176403e-01 78.842438 98.806564
05/26 11:46:19 AM train 200 6.185128e-01 78.803894 98.828773
05/26 11:48:34 AM train 250 6.195284e-01 78.747513 98.788185
05/26 11:49:01 AM train_corr 0.027770 valid_corr 0.024023
05/26 11:49:01 AM train_acc 78.764000
05/26 11:49:02 AM valid 000 7.023733e-01 77.083328 97.916672
05/26 11:49:13 AM valid 050 7.657828e-01 73.366013 97.814545
05/26 11:49:24 AM valid 100 7.513283e-01 73.855202 98.133255
05/26 11:49:38 AM valid 150 7.492661e-01 73.916939 98.178810
05/26 11:49:51 AM valid 200 7.525337e-01 73.979065 98.082504
05/26 11:50:05 AM valid 250 7.526256e-01 73.954185 98.144920
05/26 11:50:08 AM valid_acc 74.056000
05/26 11:50:08 AM epoch 7 lr 2.356240e-02
05/26 11:50:08 AM epoch 7 lambda_ 3.571429e-02
05/26 11:50:08 AM genotype = Genotype(normal=[('sep_conv_5x5', 0), ('sep_conv_5x5', 1), ('dil_conv_3x3', 0), ('sep_conv_3x3', 2), ('sep_conv_5x5', 3), ('sep_conv_5x5', 2), ('sep_conv_5x5', 4), ('sep_conv_3x3', 3)], normal_concat=range(2, 6), reduce=[('sep_conv_5x5', 1), ('max_pool_3x3', 0), ('max_pool_3x3', 0), ('sep_conv_5x5', 1), ('max_pool_3x3', 0), ('sep_conv_5x5', 3), ('sep_conv_5x5', 4), ('sep_conv_5x5', 2)], reduce_concat=range(2, 6))
tensor([[0.1426, 0.1192, 0.1323, 0.1509, 0.1639, 0.1416, 0.1494],
        [0.1424, 0.1205, 0.1330, 0.1533, 0.1546, 0.1506, 0.1457],
        [0.1441, 0.1170, 0.1284, 0.1551, 0.1543, 0.1574, 0.1437],
        [0.1474, 0.1234, 0.1356, 0.1507, 0.1488, 0.1458, 0.1482],
        [0.1336, 0.1167, 0.1318, 0.1572, 0.1543, 0.1535, 0.1529],
        [0.1444, 0.1186, 0.1278, 0.1544, 0.1577, 0.1509, 0.1461],
        [0.1436, 0.1216, 0.1314, 0.1538, 0.1540, 0.1456, 0.1500],
        [0.1334, 0.1176, 0.1317, 0.1506, 0.1610, 0.1499, 0.1558],
        [0.1284, 0.1185, 0.1274, 0.1575, 0.1619, 0.1484, 0.1578],
        [0.1440, 0.1203, 0.1311, 0.1524, 0.1501, 0.1511, 0.1510],
        [0.1392, 0.1205, 0.1295, 0.1549, 0.1557, 0.1530, 0.1473],
        [0.1325, 0.1181, 0.1337, 0.1590, 0.1525, 0.1519, 0.1522],
        [0.1254, 0.1163, 0.1229, 0.1623, 0.1618, 0.1586, 0.1527],
        [0.1224, 0.1167, 0.1217, 0.1599, 0.1645, 0.1609, 0.1540]],
       device='cuda:0', grad_fn=<SoftmaxBackward0>)
tensor([[0.1512, 0.1397, 0.1415, 0.1381, 0.1472, 0.1386, 0.1436],
        [0.1413, 0.1317, 0.1478, 0.1423, 0.1525, 0.1381, 0.1463],
        [0.1533, 0.1432, 0.1402, 0.1400, 0.1389, 0.1427, 0.1417],
        [0.1398, 0.1308, 0.1485, 0.1399, 0.1494, 0.1432, 0.1484],
        [0.1418, 0.1284, 0.1459, 0.1477, 0.1411, 0.1485, 0.1465],
        [0.1529, 0.1433, 0.1331, 0.1430, 0.1403, 0.1461, 0.1413],
        [0.1428, 0.1360, 0.1392, 0.1446, 0.1490, 0.1480, 0.1404],
        [0.1412, 0.1291, 0.1464, 0.1398, 0.1482, 0.1461, 0.1492],
        [0.1412, 0.1304, 0.1457, 0.1508, 0.1527, 0.1396, 0.1397],
        [0.1440, 0.1373, 0.1408, 0.1486, 0.1451, 0.1434, 0.1408],
        [0.1429, 0.1359, 0.1393, 0.1426, 0.1514, 0.1460, 0.1419],
        [0.1357, 0.1242, 0.1416, 0.1485, 0.1566, 0.1431, 0.1502],
        [0.1371, 0.1263, 0.1427, 0.1545, 0.1409, 0.1460, 0.1524],
        [0.1303, 0.1215, 0.1338, 0.1455, 0.1633, 0.1510, 0.1546]],
       device='cuda:0', grad_fn=<SoftmaxBackward0>)
05/26 11:50:12 AM train 000 6.267659e-01 79.166672 97.916672
05/26 11:52:24 AM train 050 5.845789e-01 79.452614 99.060455
05/26 11:54:33 AM train 100 5.774662e-01 79.507019 99.143982
05/26 11:56:49 AM train 150 5.809128e-01 79.477097 99.027321
05/26 11:58:54 AM train 200 5.802048e-01 79.560532 99.004974
05/26 12:01:08 PM train 250 5.844408e-01 79.482071 99.020584
05/26 12:01:35 PM train_corr 0.024728 valid_corr 0.020760
05/26 12:01:35 PM train_acc 79.523994
05/26 12:01:35 PM valid 000 6.062174e-01 78.125000 98.958336
05/26 12:01:46 PM valid 050 6.594562e-01 77.389709 98.549835
05/26 12:01:57 PM valid 100 6.397345e-01 77.918732 98.587051
05/26 12:02:07 PM valid 150 6.421223e-01 77.773178 98.641006
05/26 12:02:18 PM valid 200 6.428757e-01 77.865875 98.652573
05/26 12:02:29 PM valid 250 6.488323e-01 77.626991 98.605583
05/26 12:02:32 PM valid_acc 77.647995
05/26 12:02:32 PM epoch 8 lr 2.317856e-02
05/26 12:02:32 PM epoch 8 lambda_ 4.081633e-02
05/26 12:02:32 PM genotype = Genotype(normal=[('sep_conv_5x5', 0), ('sep_conv_3x3', 1), ('dil_conv_3x3', 0), ('sep_conv_3x3', 2), ('sep_conv_5x5', 3), ('sep_conv_5x5', 2), ('sep_conv_5x5', 4), ('sep_conv_3x3', 3)], normal_concat=range(2, 6), reduce=[('sep_conv_5x5', 1), ('max_pool_3x3', 0), ('max_pool_3x3', 0), ('sep_conv_5x5', 1), ('max_pool_3x3', 0), ('sep_conv_5x5', 3), ('sep_conv_5x5', 4), ('sep_conv_5x5', 2)], reduce_concat=range(2, 6))
tensor([[0.1426, 0.1182, 0.1332, 0.1507, 0.1642, 0.1410, 0.1502],
        [0.1419, 0.1183, 0.1327, 0.1546, 0.1544, 0.1541, 0.1440],
        [0.1449, 0.1159, 0.1289, 0.1563, 0.1524, 0.1595, 0.1421],
        [0.1475, 0.1214, 0.1355, 0.1518, 0.1490, 0.1471, 0.1478],
        [0.1327, 0.1141, 0.1322, 0.1581, 0.1547, 0.1534, 0.1548],
        [0.1451, 0.1173, 0.1278, 0.1556, 0.1584, 0.1504, 0.1455],
        [0.1438, 0.1197, 0.1309, 0.1549, 0.1548, 0.1457, 0.1501],
        [0.1329, 0.1152, 0.1320, 0.1508, 0.1613, 0.1508, 0.1570],
        [0.1272, 0.1160, 0.1266, 0.1583, 0.1627, 0.1494, 0.1597],
        [0.1449, 0.1191, 0.1315, 0.1523, 0.1486, 0.1517, 0.1519],
        [0.1396, 0.1182, 0.1287, 0.1564, 0.1566, 0.1528, 0.1477],
        [0.1316, 0.1151, 0.1336, 0.1603, 0.1526, 0.1536, 0.1532],
        [0.1240, 0.1136, 0.1217, 0.1649, 0.1619, 0.1608, 0.1531],
        [0.1206, 0.1141, 0.1199, 0.1621, 0.1665, 0.1626, 0.1541]],
       device='cuda:0', grad_fn=<SoftmaxBackward0>)
tensor([[0.1524, 0.1397, 0.1426, 0.1367, 0.1478, 0.1365, 0.1442],
        [0.1416, 0.1309, 0.1480, 0.1413, 0.1533, 0.1376, 0.1473],
        [0.1556, 0.1437, 0.1406, 0.1391, 0.1375, 0.1429, 0.1407],
        [0.1400, 0.1296, 0.1495, 0.1391, 0.1504, 0.1423, 0.1492],
        [0.1421, 0.1268, 0.1469, 0.1484, 0.1407, 0.1476, 0.1474],
        [0.1555, 0.1445, 0.1324, 0.1437, 0.1388, 0.1450, 0.1401],
        [0.1434, 0.1353, 0.1393, 0.1444, 0.1492, 0.1492, 0.1392],
        [0.1412, 0.1277, 0.1474, 0.1403, 0.1487, 0.1449, 0.1498],
        [0.1411, 0.1296, 0.1476, 0.1510, 0.1527, 0.1384, 0.1396],
        [0.1450, 0.1374, 0.1405, 0.1505, 0.1440, 0.1429, 0.1396],
        [0.1433, 0.1348, 0.1378, 0.1430, 0.1524, 0.1471, 0.1417],
        [0.1347, 0.1219, 0.1416, 0.1501, 0.1577, 0.1432, 0.1506],
        [0.1364, 0.1246, 0.1436, 0.1560, 0.1399, 0.1460, 0.1535],
        [0.1289, 0.1194, 0.1334, 0.1473, 0.1639, 0.1508, 0.1563]],
       device='cuda:0', grad_fn=<SoftmaxBackward0>)
05/26 12:02:35 PM train 000 4.069995e-01 85.416672 100.000000
05/26 12:04:42 PM train 050 5.550120e-01 80.678108 98.999184
05/26 12:06:57 PM train 100 5.438736e-01 80.868401 99.061470
05/26 12:09:11 PM train 150 5.464833e-01 80.946465 99.110100
05/26 12:11:21 PM train 200 5.474325e-01 80.804314 99.103439
05/26 12:13:38 PM train 250 5.459007e-01 80.855743 99.095291
05/26 12:14:04 PM train_corr 0.032792 valid_corr 0.032722
05/26 12:14:04 PM train_acc 80.764000
05/26 12:14:05 PM valid 000 8.542103e-01 68.750000 100.000000
05/26 12:14:16 PM valid 050 6.458478e-01 77.634804 98.754089
05/26 12:14:29 PM valid 100 6.390806e-01 77.887794 98.865517
05/26 12:14:41 PM valid 150 6.360962e-01 77.793877 98.930740
05/26 12:14:53 PM valid 200 6.458508e-01 77.549751 98.730309
05/26 12:15:05 PM valid 250 6.457552e-01 77.626991 98.721779
05/26 12:15:07 PM valid_acc 77.612000
05/26 12:15:08 PM epoch 9 lr 2.275473e-02
05/26 12:15:08 PM epoch 9 lambda_ 4.591837e-02
05/26 12:15:08 PM genotype = Genotype(normal=[('sep_conv_5x5', 0), ('sep_conv_3x3', 1), ('dil_conv_3x3', 0), ('sep_conv_3x3', 2), ('sep_conv_5x5', 2), ('sep_conv_5x5', 3), ('sep_conv_3x3', 3), ('sep_conv_5x5', 4)], normal_concat=range(2, 6), reduce=[('max_pool_3x3', 0), ('sep_conv_5x5', 1), ('max_pool_3x3', 0), ('skip_connect', 1), ('max_pool_3x3', 0), ('sep_conv_5x5', 3), ('sep_conv_5x5', 4), ('sep_conv_5x5', 2)], reduce_concat=range(2, 6))
tensor([[0.1423, 0.1164, 0.1334, 0.1512, 0.1654, 0.1408, 0.1506],
        [0.1409, 0.1157, 0.1316, 0.1575, 0.1553, 0.1560, 0.1429],
        [0.1443, 0.1143, 0.1288, 0.1572, 0.1526, 0.1614, 0.1415],
        [0.1466, 0.1195, 0.1350, 0.1549, 0.1496, 0.1460, 0.1483],
        [0.1309, 0.1109, 0.1308, 0.1594, 0.1564, 0.1541, 0.1574],
        [0.1446, 0.1155, 0.1275, 0.1559, 0.1605, 0.1508, 0.1452],
        [0.1430, 0.1174, 0.1295, 0.1568, 0.1563, 0.1466, 0.1505],
        [0.1314, 0.1123, 0.1314, 0.1506, 0.1651, 0.1528, 0.1564],
        [0.1251, 0.1130, 0.1248, 0.1602, 0.1647, 0.1511, 0.1611],
        [0.1448, 0.1171, 0.1312, 0.1532, 0.1489, 0.1521, 0.1528],
        [0.1391, 0.1158, 0.1274, 0.1574, 0.1587, 0.1542, 0.1474],
        [0.1304, 0.1123, 0.1335, 0.1627, 0.1528, 0.1545, 0.1538],
        [0.1219, 0.1103, 0.1193, 0.1687, 0.1642, 0.1619, 0.1539],
        [0.1184, 0.1113, 0.1175, 0.1644, 0.1680, 0.1642, 0.1562]],
       device='cuda:0', grad_fn=<SoftmaxBackward0>)
tensor([[0.1544, 0.1403, 0.1416, 0.1358, 0.1468, 0.1379, 0.1432],
        [0.1421, 0.1300, 0.1489, 0.1415, 0.1525, 0.1370, 0.1479],
        [0.1563, 0.1434, 0.1407, 0.1383, 0.1378, 0.1428, 0.1408],
        [0.1400, 0.1286, 0.1512, 0.1392, 0.1489, 0.1420, 0.1501],
        [0.1408, 0.1240, 0.1463, 0.1505, 0.1413, 0.1492, 0.1479],
        [0.1566, 0.1446, 0.1312, 0.1435, 0.1392, 0.1448, 0.1400],
        [0.1439, 0.1348, 0.1388, 0.1457, 0.1495, 0.1501, 0.1372],
        [0.1397, 0.1252, 0.1476, 0.1424, 0.1500, 0.1458, 0.1493],
        [0.1406, 0.1278, 0.1480, 0.1519, 0.1522, 0.1390, 0.1405],
        [0.1456, 0.1375, 0.1404, 0.1515, 0.1440, 0.1429, 0.1380],
        [0.1427, 0.1335, 0.1377, 0.1430, 0.1542, 0.1464, 0.1424],
        [0.1327, 0.1195, 0.1415, 0.1511, 0.1597, 0.1428, 0.1527],
        [0.1357, 0.1234, 0.1447, 0.1560, 0.1401, 0.1465, 0.1537],
        [0.1273, 0.1177, 0.1334, 0.1475, 0.1656, 0.1520, 0.1565]],
       device='cuda:0', grad_fn=<SoftmaxBackward0>)
05/26 12:15:10 PM train 000 5.380549e-01 82.291672 98.958336
05/26 12:17:16 PM train 050 5.277480e-01 81.352127 99.203430
05/26 12:19:30 PM train 100 5.269427e-01 81.600662 99.195549
05/26 12:21:41 PM train 150 5.245404e-01 81.815674 99.199776
05/26 12:23:53 PM train 200 5.234649e-01 81.778610 99.165627
05/26 12:26:07 PM train 250 5.242212e-01 81.710663 99.149239
05/26 12:26:34 PM train_corr 0.039803 valid_corr 0.032369
05/26 12:26:34 PM train_acc 81.795998
05/26 12:26:34 PM valid 000 5.410017e-01 81.250000 98.958336
05/26 12:26:46 PM valid 050 6.373807e-01 78.165848 98.733658
05/26 12:26:59 PM valid 100 6.181850e-01 78.877892 98.813950
05/26 12:27:11 PM valid 150 6.163154e-01 78.835541 98.841057
05/26 12:27:22 PM valid 200 6.275451e-01 78.674339 98.771767
05/26 12:27:34 PM valid 250 6.306574e-01 78.755814 98.738380
05/26 12:27:37 PM valid_acc 78.727997
05/26 12:27:37 PM epoch 10 lr 2.229259e-02
05/26 12:27:37 PM epoch 10 lambda_ 5.102041e-02
05/26 12:27:37 PM genotype = Genotype(normal=[('sep_conv_5x5', 0), ('sep_conv_3x3', 1), ('dil_conv_3x3', 0), ('sep_conv_3x3', 2), ('sep_conv_5x5', 3), ('sep_conv_5x5', 2), ('sep_conv_3x3', 3), ('sep_conv_5x5', 4)], normal_concat=range(2, 6), reduce=[('max_pool_3x3', 0), ('sep_conv_5x5', 1), ('max_pool_3x3', 0), ('dil_conv_5x5', 1), ('max_pool_3x3', 0), ('sep_conv_3x3', 3), ('sep_conv_5x5', 4), ('sep_conv_5x5', 2)], reduce_concat=range(2, 6))
tensor([[0.1429, 0.1146, 0.1336, 0.1534, 0.1648, 0.1404, 0.1502],
        [0.1415, 0.1139, 0.1316, 0.1584, 0.1553, 0.1567, 0.1425],
        [0.1435, 0.1115, 0.1272, 0.1590, 0.1526, 0.1639, 0.1423],
        [0.1468, 0.1172, 0.1342, 0.1560, 0.1503, 0.1464, 0.1490],
        [0.1298, 0.1078, 0.1305, 0.1596, 0.1572, 0.1557, 0.1593],
        [0.1446, 0.1132, 0.1269, 0.1569, 0.1617, 0.1510, 0.1458],
        [0.1439, 0.1158, 0.1292, 0.1576, 0.1562, 0.1461, 0.1511],
        [0.1297, 0.1088, 0.1301, 0.1519, 0.1658, 0.1554, 0.1582],
        [0.1240, 0.1108, 0.1243, 0.1609, 0.1670, 0.1509, 0.1622],
        [0.1451, 0.1150, 0.1309, 0.1539, 0.1482, 0.1527, 0.1542],
        [0.1398, 0.1136, 0.1269, 0.1584, 0.1598, 0.1542, 0.1474],
        [0.1288, 0.1088, 0.1325, 0.1657, 0.1522, 0.1558, 0.1560],
        [0.1207, 0.1078, 0.1185, 0.1729, 0.1630, 0.1639, 0.1533],
        [0.1171, 0.1089, 0.1159, 0.1665, 0.1688, 0.1655, 0.1572]],
       device='cuda:0', grad_fn=<SoftmaxBackward0>)
tensor([[0.1568, 0.1410, 0.1418, 0.1342, 0.1473, 0.1366, 0.1423],
        [0.1425, 0.1295, 0.1482, 0.1407, 0.1526, 0.1367, 0.1497],
        [0.1589, 0.1442, 0.1412, 0.1375, 0.1370, 0.1425, 0.1387],
        [0.1404, 0.1282, 0.1506, 0.1394, 0.1475, 0.1415, 0.1524],
        [0.1394, 0.1224, 0.1467, 0.1517, 0.1421, 0.1497, 0.1480],
        [0.1592, 0.1457, 0.1293, 0.1441, 0.1384, 0.1442, 0.1390],
        [0.1450, 0.1351, 0.1397, 0.1455, 0.1490, 0.1501, 0.1357],
        [0.1392, 0.1245, 0.1494, 0.1421, 0.1508, 0.1444, 0.1496],
        [0.1404, 0.1277, 0.1498, 0.1534, 0.1521, 0.1364, 0.1402],
        [0.1470, 0.1377, 0.1421, 0.1520, 0.1434, 0.1419, 0.1360],
        [0.1430, 0.1332, 0.1363, 0.1431, 0.1541, 0.1482, 0.1421],
        [0.1312, 0.1182, 0.1422, 0.1507, 0.1612, 0.1424, 0.1541],
        [0.1346, 0.1229, 0.1465, 0.1561, 0.1407, 0.1464, 0.1530],
        [0.1255, 0.1161, 0.1332, 0.1483, 0.1666, 0.1524, 0.1581]],
       device='cuda:0', grad_fn=<SoftmaxBackward0>)
05/26 12:27:40 PM train 000 4.974416e-01 80.208328 100.000000
05/26 12:29:57 PM train 050 4.860840e-01 83.190361 99.264709
05/26 12:32:07 PM train 100 4.827774e-01 83.230202 99.298683
05/26 12:34:15 PM train 150 4.821371e-01 83.209160 99.261864
05/26 12:36:30 PM train 200 4.880219e-01 82.960197 99.258911
05/26 12:38:41 PM train 250 4.953924e-01 82.690079 99.244690
05/26 12:39:06 PM train_corr 0.036534 valid_corr 0.034630
05/26 12:39:06 PM train_acc 82.559998
05/26 12:39:07 PM valid 000 8.221265e-01 73.958328 95.833336
05/26 12:39:19 PM valid 050 6.082024e-01 79.146240 98.631538
05/26 12:39:30 PM valid 100 6.046891e-01 79.032593 98.741753
05/26 12:39:42 PM valid 150 6.074352e-01 79.125275 98.682396
05/26 12:39:54 PM valid 200 6.158645e-01 78.964554 98.730309
05/26 12:40:05 PM valid 250 6.205497e-01 78.847115 98.667831
05/26 12:40:07 PM valid_acc 78.844002
05/26 12:40:08 PM epoch 11 lr 2.179395e-02
05/26 12:40:08 PM epoch 11 lambda_ 5.612245e-02
05/26 12:40:08 PM genotype = Genotype(normal=[('sep_conv_5x5', 0), ('sep_conv_3x3', 1), ('dil_conv_3x3', 0), ('sep_conv_3x3', 2), ('sep_conv_5x5', 3), ('sep_conv_5x5', 2), ('sep_conv_3x3', 3), ('sep_conv_5x5', 4)], normal_concat=range(2, 6), reduce=[('max_pool_3x3', 0), ('sep_conv_5x5', 1), ('max_pool_3x3', 0), ('sep_conv_3x3', 2), ('max_pool_3x3', 0), ('sep_conv_3x3', 3), ('sep_conv_5x5', 4), ('sep_conv_5x5', 2)], reduce_concat=range(2, 6))
tensor([[0.1437, 0.1133, 0.1341, 0.1536, 0.1656, 0.1396, 0.1502],
        [0.1409, 0.1116, 0.1311, 0.1589, 0.1567, 0.1584, 0.1424],
        [0.1439, 0.1104, 0.1274, 0.1592, 0.1520, 0.1650, 0.1421],
        [0.1466, 0.1153, 0.1336, 0.1571, 0.1507, 0.1475, 0.1492],
        [0.1294, 0.1062, 0.1314, 0.1602, 0.1581, 0.1552, 0.1594],
        [0.1455, 0.1121, 0.1269, 0.1564, 0.1631, 0.1505, 0.1455],
        [0.1432, 0.1135, 0.1280, 0.1597, 0.1584, 0.1467, 0.1505],
        [0.1283, 0.1062, 0.1291, 0.1503, 0.1686, 0.1571, 0.1604],
        [0.1218, 0.1080, 0.1227, 0.1628, 0.1687, 0.1521, 0.1639],
        [0.1455, 0.1136, 0.1313, 0.1544, 0.1474, 0.1530, 0.1547],
        [0.1386, 0.1111, 0.1255, 0.1617, 0.1618, 0.1538, 0.1476],
        [0.1265, 0.1058, 0.1312, 0.1662, 0.1539, 0.1584, 0.1581],
        [0.1180, 0.1046, 0.1161, 0.1763, 0.1644, 0.1676, 0.1530],
        [0.1144, 0.1062, 0.1135, 0.1693, 0.1707, 0.1666, 0.1594]],
       device='cuda:0', grad_fn=<SoftmaxBackward0>)
tensor([[0.1588, 0.1421, 0.1410, 0.1331, 0.1462, 0.1371, 0.1417],
        [0.1428, 0.1294, 0.1477, 0.1408, 0.1523, 0.1362, 0.1508],
        [0.1608, 0.1449, 0.1406, 0.1381, 0.1350, 0.1425, 0.1381],
        [0.1401, 0.1278, 0.1503, 0.1404, 0.1476, 0.1412, 0.1526],
        [0.1379, 0.1202, 0.1467, 0.1528, 0.1432, 0.1502, 0.1489],
        [0.1615, 0.1470, 0.1266, 0.1431, 0.1387, 0.1442, 0.1389],
        [0.1451, 0.1350, 0.1390, 0.1470, 0.1484, 0.1507, 0.1346],
        [0.1383, 0.1232, 0.1513, 0.1421, 0.1498, 0.1453, 0.1500],
        [0.1403, 0.1271, 0.1514, 0.1543, 0.1503, 0.1363, 0.1402],
        [0.1486, 0.1391, 0.1417, 0.1514, 0.1441, 0.1400, 0.1351],
        [0.1440, 0.1342, 0.1346, 0.1423, 0.1550, 0.1491, 0.1407],
        [0.1297, 0.1170, 0.1438, 0.1496, 0.1605, 0.1440, 0.1555],
        [0.1340, 0.1228, 0.1490, 0.1552, 0.1402, 0.1459, 0.1529],
        [0.1238, 0.1150, 0.1341, 0.1477, 0.1665, 0.1539, 0.1590]],
       device='cuda:0', grad_fn=<SoftmaxBackward0>)
05/26 12:40:11 PM train 000 5.069353e-01 81.250000 100.000000
05/26 12:42:22 PM train 050 4.769909e-01 83.537582 99.285133
05/26 12:44:37 PM train 100 4.799589e-01 83.477722 99.267746
05/26 12:46:46 PM train 150 4.776469e-01 83.381622 99.330849
05/26 12:48:59 PM train 200 4.796069e-01 83.307419 99.372925
05/26 12:51:07 PM train 250 4.790932e-01 83.221283 99.373344
05/26 12:51:35 PM train_corr 0.044409 valid_corr 0.039886
05/26 12:51:35 PM train_acc 83.220001
05/26 12:51:36 PM valid 000 4.836933e-01 78.125000 98.958336
05/26 12:51:49 PM valid 050 5.875866e-01 80.024513 98.835785
05/26 12:52:03 PM valid 100 5.916664e-01 79.888618 98.834572
05/26 12:52:18 PM valid 150 5.981790e-01 79.642662 98.806564
05/26 12:52:33 PM valid 200 5.967453e-01 79.716003 98.818405
05/26 12:52:46 PM valid 250 5.970264e-01 79.652229 98.808937
05/26 12:52:49 PM valid_acc 79.643997
05/26 12:52:49 PM epoch 12 lr 2.126079e-02
05/26 12:52:49 PM epoch 12 lambda_ 6.122449e-02
05/26 12:52:49 PM genotype = Genotype(normal=[('sep_conv_5x5', 0), ('sep_conv_3x3', 1), ('dil_conv_3x3', 0), ('sep_conv_3x3', 2), ('sep_conv_5x5', 3), ('sep_conv_5x5', 2), ('sep_conv_3x3', 3), ('sep_conv_5x5', 4)], normal_concat=range(2, 6), reduce=[('max_pool_3x3', 0), ('dil_conv_5x5', 1), ('max_pool_3x3', 0), ('dil_conv_5x5', 1), ('max_pool_3x3', 0), ('sep_conv_3x3', 3), ('sep_conv_5x5', 4), ('sep_conv_5x5', 2)], reduce_concat=range(2, 6))
tensor([[0.1435, 0.1119, 0.1347, 0.1538, 0.1664, 0.1400, 0.1497],
        [0.1401, 0.1099, 0.1312, 0.1604, 0.1576, 0.1582, 0.1426],
        [0.1437, 0.1092, 0.1279, 0.1594, 0.1518, 0.1662, 0.1417],
        [0.1451, 0.1139, 0.1342, 0.1584, 0.1523, 0.1469, 0.1493],
        [0.1276, 0.1044, 0.1322, 0.1616, 0.1592, 0.1553, 0.1598],
        [0.1457, 0.1110, 0.1274, 0.1566, 0.1644, 0.1503, 0.1446],
        [0.1433, 0.1130, 0.1293, 0.1597, 0.1589, 0.1453, 0.1505],
        [0.1270, 0.1045, 0.1301, 0.1499, 0.1700, 0.1579, 0.1605],
        [0.1199, 0.1062, 0.1226, 0.1634, 0.1709, 0.1518, 0.1651],
        [0.1458, 0.1128, 0.1326, 0.1551, 0.1472, 0.1525, 0.1540],
        [0.1378, 0.1094, 0.1252, 0.1619, 0.1636, 0.1544, 0.1477],
        [0.1251, 0.1039, 0.1321, 0.1682, 0.1526, 0.1597, 0.1583],
        [0.1164, 0.1028, 0.1160, 0.1782, 0.1642, 0.1689, 0.1535],
        [0.1123, 0.1040, 0.1119, 0.1696, 0.1722, 0.1694, 0.1605]],
       device='cuda:0', grad_fn=<SoftmaxBackward0>)
tensor([[0.1615, 0.1442, 0.1410, 0.1311, 0.1444, 0.1364, 0.1412],
        [0.1433, 0.1294, 0.1493, 0.1408, 0.1509, 0.1352, 0.1511],
        [0.1634, 0.1466, 0.1410, 0.1375, 0.1346, 0.1409, 0.1359],
        [0.1405, 0.1274, 0.1507, 0.1400, 0.1462, 0.1413, 0.1540],
        [0.1374, 0.1188, 0.1478, 0.1523, 0.1440, 0.1509, 0.1489],
        [0.1643, 0.1493, 0.1247, 0.1434, 0.1375, 0.1431, 0.1377],
        [0.1451, 0.1345, 0.1407, 0.1490, 0.1467, 0.1496, 0.1344],
        [0.1384, 0.1224, 0.1540, 0.1420, 0.1485, 0.1436, 0.1511],
        [0.1394, 0.1268, 0.1535, 0.1544, 0.1505, 0.1366, 0.1388],
        [0.1506, 0.1410, 0.1415, 0.1508, 0.1441, 0.1391, 0.1329],
        [0.1451, 0.1349, 0.1332, 0.1405, 0.1549, 0.1509, 0.1404],
        [0.1289, 0.1166, 0.1466, 0.1483, 0.1593, 0.1438, 0.1565],
        [0.1327, 0.1226, 0.1517, 0.1538, 0.1401, 0.1467, 0.1525],
        [0.1222, 0.1139, 0.1351, 0.1485, 0.1661, 0.1540, 0.1603]],
       device='cuda:0', grad_fn=<SoftmaxBackward0>)
05/26 12:52:52 PM train 000 5.623637e-01 82.291672 100.000000
05/26 12:55:03 PM train 050 4.548634e-01 84.456703 99.530228
05/26 12:57:28 PM train 100 4.643949e-01 84.220299 99.453384
05/26 12:59:41 PM train 150 4.685496e-01 83.843819 99.406731
05/26 01:01:48 PM train 200 4.660937e-01 83.716835 99.409203
05/26 01:03:57 PM train 250 4.651296e-01 83.839645 99.385796
05/26 01:04:23 PM train_corr 0.049436 valid_corr 0.036714
05/26 01:04:23 PM train_acc 83.811996
05/26 01:04:23 PM valid 000 4.020951e-01 84.375000 100.000000
05/26 01:04:34 PM valid 050 6.239945e-01 78.635620 98.774513
05/26 01:04:45 PM valid 100 6.040427e-01 79.290428 98.659241
05/26 01:04:56 PM valid 150 6.066818e-01 79.394318 98.703087
05/26 01:05:07 PM valid 200 5.975470e-01 79.638268 98.735489
05/26 01:05:18 PM valid 250 5.904712e-01 79.868027 98.784035
05/26 01:05:20 PM valid_acc 79.795998
05/26 01:05:21 PM epoch 13 lr 2.069520e-02
05/26 01:05:21 PM epoch 13 lambda_ 6.632653e-02
05/26 01:05:21 PM genotype = Genotype(normal=[('sep_conv_5x5', 0), ('sep_conv_3x3', 1), ('dil_conv_3x3', 0), ('sep_conv_3x3', 2), ('sep_conv_5x5', 3), ('sep_conv_5x5', 2), ('sep_conv_3x3', 3), ('sep_conv_5x5', 4)], normal_concat=range(2, 6), reduce=[('max_pool_3x3', 0), ('sep_conv_5x5', 1), ('max_pool_3x3', 0), ('dil_conv_5x5', 1), ('max_pool_3x3', 0), ('skip_connect', 2), ('sep_conv_5x5', 4), ('sep_conv_5x5', 2)], reduce_concat=range(2, 6))
tensor([[0.1428, 0.1104, 0.1347, 0.1532, 0.1681, 0.1402, 0.1506],
        [0.1388, 0.1083, 0.1308, 0.1614, 0.1588, 0.1591, 0.1428],
        [0.1426, 0.1082, 0.1278, 0.1593, 0.1512, 0.1682, 0.1427],
        [0.1452, 0.1135, 0.1354, 0.1585, 0.1525, 0.1478, 0.1471],
        [0.1264, 0.1024, 0.1328, 0.1616, 0.1599, 0.1556, 0.1614],
        [0.1446, 0.1099, 0.1273, 0.1567, 0.1663, 0.1500, 0.1452],
        [0.1426, 0.1122, 0.1298, 0.1592, 0.1592, 0.1457, 0.1512],
        [0.1254, 0.1022, 0.1298, 0.1509, 0.1707, 0.1602, 0.1608],
        [0.1180, 0.1040, 0.1215, 0.1634, 0.1723, 0.1525, 0.1683],
        [0.1456, 0.1120, 0.1332, 0.1548, 0.1464, 0.1520, 0.1560],
        [0.1377, 0.1085, 0.1253, 0.1626, 0.1637, 0.1549, 0.1473],
        [0.1240, 0.1022, 0.1327, 0.1685, 0.1515, 0.1618, 0.1593],
        [0.1147, 0.1008, 0.1150, 0.1800, 0.1638, 0.1710, 0.1547],
        [0.1104, 0.1020, 0.1103, 0.1710, 0.1738, 0.1705, 0.1620]],
       device='cuda:0', grad_fn=<SoftmaxBackward0>)
tensor([[0.1635, 0.1450, 0.1403, 0.1303, 0.1433, 0.1361, 0.1415],
        [0.1439, 0.1291, 0.1503, 0.1401, 0.1511, 0.1345, 0.1510],
        [0.1657, 0.1479, 0.1404, 0.1379, 0.1327, 0.1401, 0.1353],
        [0.1408, 0.1272, 0.1507, 0.1398, 0.1464, 0.1409, 0.1543],
        [0.1357, 0.1180, 0.1485, 0.1522, 0.1452, 0.1510, 0.1493],
        [0.1658, 0.1502, 0.1229, 0.1433, 0.1380, 0.1424, 0.1374],
        [0.1451, 0.1340, 0.1409, 0.1492, 0.1465, 0.1506, 0.1338],
        [0.1367, 0.1214, 0.1556, 0.1426, 0.1483, 0.1437, 0.1518],
        [0.1380, 0.1255, 0.1537, 0.1553, 0.1506, 0.1369, 0.1400],
        [0.1527, 0.1423, 0.1403, 0.1502, 0.1432, 0.1389, 0.1324],
        [0.1454, 0.1346, 0.1336, 0.1402, 0.1549, 0.1521, 0.1392],
        [0.1279, 0.1162, 0.1483, 0.1481, 0.1590, 0.1441, 0.1564],
        [0.1314, 0.1213, 0.1511, 0.1533, 0.1404, 0.1486, 0.1539],
        [0.1214, 0.1130, 0.1356, 0.1474, 0.1670, 0.1544, 0.1612]],
       device='cuda:0', grad_fn=<SoftmaxBackward0>)
05/26 01:05:24 PM train 000 3.722510e-01 86.458336 100.000000
05/26 01:07:37 PM train 050 4.028884e-01 86.192810 99.611931
05/26 01:09:51 PM train 100 4.163823e-01 85.653877 99.515266
05/26 01:12:00 PM train 150 4.403930e-01 84.768211 99.461922
05/26 01:14:11 PM train 200 4.400423e-01 84.660034 99.471390
05/26 01:16:17 PM train 250 4.454524e-01 84.458000 99.477097
05/26 01:16:43 PM train_corr 0.052548 valid_corr 0.046819
05/26 01:16:43 PM train_acc 84.419998
05/26 01:16:43 PM valid 000 6.700485e-01 72.916672 100.000000
05/26 01:16:54 PM valid 050 5.822083e-01 80.698532 98.733658
05/26 01:17:05 PM valid 100 5.906060e-01 80.156769 98.772690
05/26 01:17:15 PM valid 150 5.820826e-01 80.408386 98.813469
05/26 01:17:26 PM valid 200 5.866115e-01 80.146141 98.833954
05/26 01:17:38 PM valid 250 5.855016e-01 80.229088 98.796486
05/26 01:17:40 PM valid_acc 80.211998
05/26 01:17:41 PM epoch 14 lr 2.009943e-02
05/26 01:17:41 PM epoch 14 lambda_ 7.142857e-02
05/26 01:17:41 PM genotype = Genotype(normal=[('sep_conv_5x5', 0), ('sep_conv_3x3', 1), ('dil_conv_3x3', 0), ('sep_conv_3x3', 2), ('sep_conv_5x5', 3), ('sep_conv_5x5', 2), ('sep_conv_3x3', 3), ('sep_conv_5x5', 4)], normal_concat=range(2, 6), reduce=[('max_pool_3x3', 0), ('skip_connect', 1), ('max_pool_3x3', 0), ('dil_conv_5x5', 1), ('max_pool_3x3', 0), ('sep_conv_3x3', 3), ('sep_conv_5x5', 4), ('sep_conv_5x5', 2)], reduce_concat=range(2, 6))
tensor([[0.1416, 0.1091, 0.1350, 0.1543, 0.1685, 0.1397, 0.1518],
        [0.1370, 0.1069, 0.1309, 0.1625, 0.1598, 0.1601, 0.1428],
        [0.1411, 0.1072, 0.1284, 0.1600, 0.1513, 0.1700, 0.1421],
        [0.1433, 0.1122, 0.1359, 0.1602, 0.1518, 0.1487, 0.1479],
        [0.1238, 0.1004, 0.1331, 0.1626, 0.1621, 0.1562, 0.1618],
        [0.1434, 0.1088, 0.1275, 0.1575, 0.1690, 0.1497, 0.1442],
        [0.1410, 0.1111, 0.1310, 0.1590, 0.1605, 0.1473, 0.1502],
        [0.1228, 0.1002, 0.1301, 0.1512, 0.1708, 0.1612, 0.1639],
        [0.1149, 0.1014, 0.1203, 0.1647, 0.1741, 0.1533, 0.1713],
        [0.1451, 0.1112, 0.1344, 0.1553, 0.1455, 0.1535, 0.1551],
        [0.1354, 0.1066, 0.1247, 0.1646, 0.1646, 0.1562, 0.1478],
        [0.1212, 0.0997, 0.1325, 0.1719, 0.1506, 0.1636, 0.1605],
        [0.1114, 0.0982, 0.1132, 0.1839, 0.1636, 0.1735, 0.1563],
        [0.1075, 0.0994, 0.1080, 0.1727, 0.1753, 0.1744, 0.1627]],
       device='cuda:0', grad_fn=<SoftmaxBackward0>)
tensor([[0.1647, 0.1448, 0.1394, 0.1306, 0.1432, 0.1362, 0.1411],
        [0.1449, 0.1291, 0.1519, 0.1393, 0.1494, 0.1340, 0.1513],
        [0.1665, 0.1471, 0.1404, 0.1384, 0.1327, 0.1408, 0.1340],
        [0.1419, 0.1271, 0.1506, 0.1398, 0.1443, 0.1406, 0.1556],
        [0.1348, 0.1167, 0.1496, 0.1517, 0.1455, 0.1521, 0.1496],
        [0.1672, 0.1509, 0.1219, 0.1444, 0.1378, 0.1418, 0.1360],
        [0.1454, 0.1334, 0.1420, 0.1483, 0.1471, 0.1506, 0.1333],
        [0.1354, 0.1203, 0.1577, 0.1416, 0.1485, 0.1445, 0.1520],
        [0.1367, 0.1239, 0.1543, 0.1580, 0.1504, 0.1365, 0.1402],
        [0.1526, 0.1423, 0.1402, 0.1481, 0.1452, 0.1393, 0.1323],
        [0.1467, 0.1353, 0.1327, 0.1392, 0.1557, 0.1520, 0.1384],
        [0.1260, 0.1152, 0.1501, 0.1473, 0.1604, 0.1431, 0.1581],
        [0.1297, 0.1197, 0.1515, 0.1551, 0.1403, 0.1492, 0.1544],
        [0.1192, 0.1115, 0.1352, 0.1478, 0.1671, 0.1553, 0.1639]],
       device='cuda:0', grad_fn=<SoftmaxBackward0>)
05/26 01:17:43 PM train 000 4.063694e-01 88.541672 98.958336
05/26 01:19:55 PM train 050 4.370121e-01 85.294121 99.428108
05/26 01:22:05 PM train 100 4.339450e-01 85.158829 99.432762
05/26 01:24:15 PM train 150 4.313930e-01 85.258003 99.427429
05/26 01:26:24 PM train 200 4.339542e-01 85.038353 99.404022
05/26 01:28:33 PM train 250 4.356981e-01 85.055611 99.410690
05/26 01:29:00 PM train_corr 0.054890 valid_corr 0.052437
05/26 01:29:00 PM train_acc 85.099998
05/26 01:29:00 PM valid 000 5.987252e-01 83.333328 98.958336
05/26 01:29:12 PM valid 050 5.791023e-01 80.596405 98.937912
05/26 01:29:23 PM valid 100 5.782905e-01 80.528053 98.917084
05/26 01:29:34 PM valid 150 5.761868e-01 80.705025 98.916939
05/26 01:29:45 PM valid 200 5.742448e-01 80.887230 98.896141
05/26 01:29:57 PM valid 250 5.799547e-01 80.664841 98.912689
05/26 01:30:00 PM valid_acc 80.619995
05/26 01:30:00 PM epoch 15 lr 1.947582e-02
05/26 01:30:00 PM epoch 15 lambda_ 7.653061e-02
05/26 01:30:00 PM genotype = Genotype(normal=[('sep_conv_5x5', 0), ('sep_conv_3x3', 1), ('dil_conv_3x3', 0), ('dil_conv_5x5', 2), ('sep_conv_5x5', 3), ('sep_conv_5x5', 2), ('sep_conv_3x3', 3), ('dil_conv_3x3', 4)], normal_concat=range(2, 6), reduce=[('max_pool_3x3', 0), ('skip_connect', 1), ('max_pool_3x3', 0), ('dil_conv_5x5', 1), ('max_pool_3x3', 0), ('sep_conv_3x3', 3), ('sep_conv_5x5', 4), ('sep_conv_5x5', 2)], reduce_concat=range(2, 6))
tensor([[0.1418, 0.1083, 0.1357, 0.1544, 0.1690, 0.1397, 0.1511],
        [0.1356, 0.1051, 0.1305, 0.1639, 0.1605, 0.1610, 0.1434],
        [0.1408, 0.1063, 0.1287, 0.1598, 0.1505, 0.1717, 0.1421],
        [0.1419, 0.1109, 0.1360, 0.1621, 0.1521, 0.1499, 0.1470],
        [0.1226, 0.0986, 0.1334, 0.1614, 0.1627, 0.1570, 0.1644],
        [0.1435, 0.1077, 0.1277, 0.1567, 0.1697, 0.1496, 0.1451],
        [0.1397, 0.1095, 0.1309, 0.1584, 0.1609, 0.1485, 0.1520],
        [0.1213, 0.0981, 0.1299, 0.1526, 0.1698, 0.1621, 0.1662],
        [0.1130, 0.0993, 0.1200, 0.1644, 0.1746, 0.1555, 0.1732],
        [0.1450, 0.1100, 0.1348, 0.1552, 0.1455, 0.1538, 0.1556],
        [0.1331, 0.1043, 0.1229, 0.1667, 0.1668, 0.1588, 0.1474],
        [0.1192, 0.0972, 0.1319, 0.1751, 0.1507, 0.1660, 0.1598],
        [0.1089, 0.0956, 0.1118, 0.1882, 0.1631, 0.1759, 0.1565],
        [0.1053, 0.0972, 0.1059, 0.1740, 0.1764, 0.1768, 0.1645]],
       device='cuda:0', grad_fn=<SoftmaxBackward0>)
tensor([[0.1663, 0.1453, 0.1396, 0.1305, 0.1418, 0.1353, 0.1413],
        [0.1446, 0.1289, 0.1541, 0.1388, 0.1488, 0.1329, 0.1519],
        [0.1686, 0.1478, 0.1399, 0.1372, 0.1318, 0.1413, 0.1334],
        [0.1422, 0.1274, 0.1512, 0.1390, 0.1428, 0.1410, 0.1563],
        [0.1341, 0.1158, 0.1508, 0.1515, 0.1458, 0.1519, 0.1502],
        [0.1689, 0.1513, 0.1221, 0.1440, 0.1373, 0.1406, 0.1357],
        [0.1458, 0.1341, 0.1415, 0.1468, 0.1468, 0.1510, 0.1341],
        [0.1342, 0.1193, 0.1590, 0.1412, 0.1493, 0.1451, 0.1519],
        [0.1350, 0.1225, 0.1544, 0.1590, 0.1513, 0.1363, 0.1416],
        [0.1538, 0.1430, 0.1405, 0.1480, 0.1450, 0.1380, 0.1317],
        [0.1473, 0.1361, 0.1325, 0.1383, 0.1568, 0.1518, 0.1372],
        [0.1244, 0.1139, 0.1504, 0.1474, 0.1610, 0.1428, 0.1601],
        [0.1288, 0.1194, 0.1534, 0.1550, 0.1416, 0.1495, 0.1524],
        [0.1190, 0.1114, 0.1366, 0.1477, 0.1649, 0.1556, 0.1648]],
       device='cuda:0', grad_fn=<SoftmaxBackward0>)
05/26 01:30:03 PM train 000 3.790494e-01 85.416672 98.958336
05/26 01:32:14 PM train 050 4.017416e-01 86.192810 99.468956
05/26 01:34:23 PM train 100 4.005847e-01 86.190186 99.474014
05/26 01:36:42 PM train 150 4.126296e-01 85.658112 99.434326
05/26 01:38:51 PM train 200 4.213041e-01 85.370026 99.435120
05/26 01:41:06 PM train 250 4.270102e-01 85.097115 99.431442
05/26 01:41:33 PM train_corr 0.051050 valid_corr 0.059715
05/26 01:41:33 PM train_acc 85.040001
05/26 01:41:33 PM valid 000 4.406953e-01 87.500000 97.916672
05/26 01:41:45 PM valid 050 5.690237e-01 81.372551 98.978760
05/26 01:41:57 PM valid 100 5.663393e-01 81.270630 98.968651
05/26 01:42:08 PM valid 150 5.624079e-01 81.187912 98.965233
05/26 01:42:19 PM valid 200 5.595073e-01 81.260368 98.984245
05/26 01:42:30 PM valid 250 5.609636e-01 81.171150 98.945885
05/26 01:42:33 PM valid_acc 81.215996
05/26 01:42:33 PM epoch 16 lr 1.882682e-02
05/26 01:42:33 PM epoch 16 lambda_ 8.163265e-02
05/26 01:42:33 PM genotype = Genotype(normal=[('sep_conv_5x5', 0), ('sep_conv_3x3', 1), ('dil_conv_3x3', 0), ('dil_conv_5x5', 2), ('dil_conv_5x5', 3), ('sep_conv_5x5', 0), ('sep_conv_3x3', 3), ('dil_conv_3x3', 4)], normal_concat=range(2, 6), reduce=[('max_pool_3x3', 0), ('skip_connect', 1), ('max_pool_3x3', 0), ('dil_conv_5x5', 1), ('max_pool_3x3', 0), ('skip_connect', 2), ('dil_conv_5x5', 4), ('sep_conv_5x5', 2)], reduce_concat=range(2, 6))
tensor([[0.1406, 0.1066, 0.1356, 0.1563, 0.1696, 0.1407, 0.1506],
        [0.1348, 0.1040, 0.1313, 0.1653, 0.1601, 0.1616, 0.1429],
        [0.1402, 0.1050, 0.1289, 0.1606, 0.1505, 0.1731, 0.1417],
        [0.1409, 0.1096, 0.1364, 0.1628, 0.1530, 0.1498, 0.1474],
        [0.1218, 0.0970, 0.1342, 0.1604, 0.1636, 0.1583, 0.1647],
        [0.1427, 0.1061, 0.1274, 0.1577, 0.1733, 0.1488, 0.1439],
        [0.1388, 0.1082, 0.1312, 0.1597, 0.1616, 0.1482, 0.1524],
        [0.1200, 0.0963, 0.1304, 0.1517, 0.1705, 0.1629, 0.1681],
        [0.1118, 0.0978, 0.1202, 0.1654, 0.1738, 0.1567, 0.1744],
        [0.1448, 0.1088, 0.1353, 0.1564, 0.1441, 0.1554, 0.1553],
        [0.1316, 0.1026, 0.1223, 0.1681, 0.1691, 0.1592, 0.1470],
        [0.1181, 0.0954, 0.1328, 0.1769, 0.1478, 0.1681, 0.1610],
        [0.1072, 0.0936, 0.1109, 0.1902, 0.1622, 0.1769, 0.1590],
        [0.1038, 0.0954, 0.1045, 0.1739, 0.1756, 0.1804, 0.1664]],
       device='cuda:0', grad_fn=<SoftmaxBackward0>)
tensor([[0.1691, 0.1463, 0.1388, 0.1304, 0.1407, 0.1342, 0.1404],
        [0.1447, 0.1285, 0.1553, 0.1385, 0.1480, 0.1318, 0.1532],
        [0.1717, 0.1490, 0.1398, 0.1375, 0.1310, 0.1403, 0.1308],
        [0.1432, 0.1282, 0.1519, 0.1392, 0.1402, 0.1406, 0.1567],
        [0.1339, 0.1154, 0.1530, 0.1514, 0.1449, 0.1523, 0.1492],
        [0.1719, 0.1525, 0.1220, 0.1426, 0.1372, 0.1385, 0.1353],
        [0.1467, 0.1345, 0.1420, 0.1458, 0.1475, 0.1507, 0.1327],
        [0.1340, 0.1187, 0.1613, 0.1412, 0.1481, 0.1448, 0.1519],
        [0.1337, 0.1220, 0.1570, 0.1600, 0.1510, 0.1353, 0.1410],
        [0.1564, 0.1445, 0.1415, 0.1466, 0.1426, 0.1374, 0.1310],
        [0.1481, 0.1368, 0.1325, 0.1374, 0.1575, 0.1518, 0.1358],
        [0.1234, 0.1137, 0.1532, 0.1469, 0.1602, 0.1433, 0.1594],
        [0.1267, 0.1186, 0.1551, 0.1551, 0.1429, 0.1495, 0.1520],
        [0.1175, 0.1105, 0.1372, 0.1484, 0.1643, 0.1560, 0.1660]],
       device='cuda:0', grad_fn=<SoftmaxBackward0>)
05/26 01:42:36 PM train 000 3.130450e-01 87.500000 100.000000
05/26 01:44:50 PM train 050 4.165346e-01 85.763893 99.366829
05/26 01:46:56 PM train 100 4.125456e-01 85.880775 99.391502
05/26 01:49:07 PM train 150 4.059497e-01 85.961647 99.413628
05/26 01:51:21 PM train 200 4.099622e-01 85.732796 99.435120
05/26 01:53:29 PM train 250 4.162804e-01 85.549469 99.439743
05/26 01:53:55 PM train_corr 0.060716 valid_corr 0.060656
05/26 01:53:55 PM train_acc 85.491997
05/26 01:53:55 PM valid 000 4.004093e-01 85.416672 100.000000
05/26 01:54:08 PM valid 050 5.683337e-01 80.473854 99.203430
05/26 01:54:19 PM valid 100 5.805744e-01 80.404289 98.927399
05/26 01:54:30 PM valid 150 5.847664e-01 80.242828 98.965233
05/26 01:54:41 PM valid 200 5.833705e-01 80.296432 99.015343
05/26 01:54:53 PM valid 250 5.876229e-01 80.183434 98.958336
05/26 01:54:56 PM valid_acc 80.175995
05/26 01:54:56 PM epoch 17 lr 1.815501e-02
05/26 01:54:56 PM epoch 17 lambda_ 8.673469e-02
05/26 01:54:56 PM genotype = Genotype(normal=[('sep_conv_5x5', 0), ('sep_conv_3x3', 1), ('dil_conv_3x3', 0), ('dil_conv_5x5', 2), ('dil_conv_5x5', 3), ('sep_conv_5x5', 0), ('sep_conv_3x3', 3), ('dil_conv_3x3', 4)], normal_concat=range(2, 6), reduce=[('max_pool_3x3', 0), ('skip_connect', 1), ('max_pool_3x3', 0), ('dil_conv_5x5', 1), ('max_pool_3x3', 0), ('skip_connect', 2), ('dil_conv_5x5', 4), ('sep_conv_5x5', 2)], reduce_concat=range(2, 6))
tensor([[0.1398, 0.1057, 0.1364, 0.1557, 0.1706, 0.1410, 0.1507],
        [0.1342, 0.1031, 0.1321, 0.1657, 0.1608, 0.1610, 0.1430],
        [0.1400, 0.1045, 0.1298, 0.1615, 0.1494, 0.1741, 0.1407],
        [0.1413, 0.1096, 0.1383, 0.1637, 0.1516, 0.1486, 0.1469],
        [0.1207, 0.0957, 0.1355, 0.1600, 0.1626, 0.1590, 0.1666],
        [0.1418, 0.1054, 0.1280, 0.1580, 0.1745, 0.1480, 0.1442],
        [0.1383, 0.1075, 0.1318, 0.1594, 0.1614, 0.1478, 0.1538],
        [0.1186, 0.0948, 0.1314, 0.1522, 0.1704, 0.1635, 0.1690],
        [0.1092, 0.0956, 0.1192, 0.1669, 0.1749, 0.1579, 0.1763],
        [0.1437, 0.1078, 0.1358, 0.1572, 0.1440, 0.1565, 0.1551],
        [0.1306, 0.1019, 0.1226, 0.1694, 0.1688, 0.1597, 0.1469],
        [0.1164, 0.0938, 0.1337, 0.1789, 0.1478, 0.1678, 0.1617],
        [0.1049, 0.0916, 0.1098, 0.1928, 0.1618, 0.1796, 0.1595],
        [0.1011, 0.0930, 0.1023, 0.1776, 0.1747, 0.1834, 0.1680]],
       device='cuda:0', grad_fn=<SoftmaxBackward0>)
tensor([[0.1707, 0.1464, 0.1383, 0.1304, 0.1401, 0.1339, 0.1403],
        [0.1454, 0.1288, 0.1552, 0.1394, 0.1468, 0.1308, 0.1536],
        [0.1732, 0.1489, 0.1390, 0.1385, 0.1313, 0.1403, 0.1288],
        [0.1437, 0.1285, 0.1518, 0.1386, 0.1392, 0.1405, 0.1578],
        [0.1331, 0.1143, 0.1543, 0.1516, 0.1453, 0.1530, 0.1483],
        [0.1740, 0.1531, 0.1205, 0.1421, 0.1372, 0.1385, 0.1346],
        [0.1477, 0.1351, 0.1422, 0.1458, 0.1459, 0.1501, 0.1332],
        [0.1341, 0.1188, 0.1640, 0.1409, 0.1459, 0.1439, 0.1523],
        [0.1336, 0.1213, 0.1587, 0.1600, 0.1509, 0.1345, 0.1410],
        [0.1577, 0.1454, 0.1407, 0.1462, 0.1423, 0.1368, 0.1309],
        [0.1487, 0.1375, 0.1326, 0.1366, 0.1586, 0.1518, 0.1343],
        [0.1217, 0.1132, 0.1559, 0.1450, 0.1605, 0.1439, 0.1597],
        [0.1257, 0.1175, 0.1560, 0.1548, 0.1436, 0.1502, 0.1522],
        [0.1163, 0.1099, 0.1385, 0.1487, 0.1631, 0.1559, 0.1677]],
       device='cuda:0', grad_fn=<SoftmaxBackward0>)
05/26 01:54:59 PM train 000 5.667400e-01 79.166672 100.000000
05/26 01:57:03 PM train 050 3.909737e-01 86.254089 99.550652
05/26 01:59:11 PM train 100 3.963670e-01 86.148933 99.587463
05/26 02:01:21 PM train 150 4.099835e-01 85.485649 99.482613
05/26 02:03:31 PM train 200 4.117599e-01 85.561775 99.497307
05/26 02:05:43 PM train 250 4.167425e-01 85.408371 99.493698
05/26 02:06:11 PM train_corr 0.061814 valid_corr 0.050796
05/26 02:06:11 PM train_acc 85.383995
05/26 02:06:11 PM valid 000 5.177604e-01 83.333328 98.958336
05/26 02:06:23 PM valid 050 5.768726e-01 80.861931 98.835785
05/26 02:06:33 PM valid 100 5.821505e-01 80.569313 98.813950
05/26 02:06:44 PM valid 150 6.015066e-01 79.918594 98.723785
05/26 02:06:55 PM valid 200 5.934527e-01 80.125412 98.761398
05/26 02:07:05 PM valid 250 5.953367e-01 80.154388 98.792336
05/26 02:07:08 PM valid_acc 80.155998
05/26 02:07:08 PM epoch 18 lr 1.746303e-02
05/26 02:07:08 PM epoch 18 lambda_ 9.183673e-02
05/26 02:07:08 PM genotype = Genotype(normal=[('sep_conv_5x5', 0), ('sep_conv_3x3', 1), ('dil_conv_3x3', 0), ('dil_conv_5x5', 2), ('dil_conv_5x5', 3), ('sep_conv_5x5', 0), ('sep_conv_3x3', 3), ('dil_conv_3x3', 4)], normal_concat=range(2, 6), reduce=[('max_pool_3x3', 0), ('skip_connect', 1), ('max_pool_3x3', 0), ('dil_conv_5x5', 1), ('max_pool_3x3', 0), ('skip_connect', 2), ('dil_conv_5x5', 4), ('sep_conv_5x5', 2)], reduce_concat=range(2, 6))
tensor([[0.1393, 0.1043, 0.1368, 0.1550, 0.1732, 0.1403, 0.1510],
        [0.1336, 0.1016, 0.1322, 0.1668, 0.1604, 0.1621, 0.1434],
        [0.1392, 0.1034, 0.1300, 0.1625, 0.1498, 0.1754, 0.1397],
        [0.1403, 0.1080, 0.1381, 0.1660, 0.1521, 0.1485, 0.1470],
        [0.1191, 0.0936, 0.1350, 0.1603, 0.1637, 0.1604, 0.1679],
        [0.1416, 0.1039, 0.1278, 0.1600, 0.1755, 0.1473, 0.1440],
        [0.1378, 0.1057, 0.1314, 0.1609, 0.1615, 0.1483, 0.1544],
        [0.1170, 0.0923, 0.1303, 0.1514, 0.1726, 0.1653, 0.1711],
        [0.1086, 0.0942, 0.1197, 0.1673, 0.1753, 0.1573, 0.1776],
        [0.1439, 0.1066, 0.1361, 0.1576, 0.1433, 0.1567, 0.1556],
        [0.1305, 0.1007, 0.1226, 0.1698, 0.1698, 0.1595, 0.1471],
        [0.1152, 0.0916, 0.1326, 0.1816, 0.1474, 0.1687, 0.1629],
        [0.1035, 0.0899, 0.1091, 0.1947, 0.1611, 0.1820, 0.1597],
        [0.0997, 0.0913, 0.1010, 0.1783, 0.1742, 0.1853, 0.1702]],
       device='cuda:0', grad_fn=<SoftmaxBackward0>)
tensor([[0.1726, 0.1482, 0.1387, 0.1297, 0.1396, 0.1325, 0.1387],
        [0.1463, 0.1292, 0.1547, 0.1386, 0.1465, 0.1300, 0.1546],
        [0.1743, 0.1493, 0.1391, 0.1374, 0.1316, 0.1403, 0.1280],
        [0.1451, 0.1296, 0.1517, 0.1378, 0.1377, 0.1395, 0.1586],
        [0.1321, 0.1136, 0.1549, 0.1509, 0.1456, 0.1537, 0.1492],
        [0.1756, 0.1546, 0.1191, 0.1415, 0.1378, 0.1383, 0.1332],
        [0.1486, 0.1359, 0.1425, 0.1452, 0.1455, 0.1505, 0.1317],
        [0.1330, 0.1185, 0.1666, 0.1405, 0.1449, 0.1432, 0.1533],
        [0.1326, 0.1205, 0.1596, 0.1611, 0.1510, 0.1351, 0.1401],
        [0.1585, 0.1469, 0.1408, 0.1458, 0.1423, 0.1351, 0.1306],
        [0.1489, 0.1382, 0.1320, 0.1353, 0.1592, 0.1527, 0.1336],
        [0.1202, 0.1128, 0.1579, 0.1446, 0.1608, 0.1431, 0.1606],
        [0.1251, 0.1167, 0.1575, 0.1548, 0.1437, 0.1500, 0.1522],
        [0.1147, 0.1087, 0.1388, 0.1503, 0.1637, 0.1546, 0.1692]],
       device='cuda:0', grad_fn=<SoftmaxBackward0>)
05/26 02:07:11 PM train 000 3.772855e-01 89.583336 100.000000
05/26 02:09:22 PM train 050 3.988265e-01 86.049835 99.693626
05/26 02:11:36 PM train 100 4.015324e-01 85.829208 99.628716
05/26 02:13:55 PM train 150 4.018151e-01 85.692604 99.599892
05/26 02:16:06 PM train 200 4.015580e-01 85.857170 99.549126
05/26 02:18:22 PM train 250 4.012981e-01 85.976929 99.506142
05/26 02:18:50 PM train_corr 0.064232 valid_corr 0.062932
05/26 02:18:50 PM train_acc 85.975998
05/26 02:18:51 PM valid 000 6.650046e-01 79.166672 98.958336
05/26 02:19:06 PM valid 050 5.959484e-01 79.942810 98.897057
05/26 02:19:21 PM valid 100 5.734743e-01 80.589935 98.968651
05/26 02:19:34 PM valid 150 5.825396e-01 80.760208 98.861755
05/26 02:19:48 PM valid 200 5.785756e-01 80.850952 98.942787
05/26 02:20:03 PM valid 250 5.824896e-01 80.594292 98.962486
05/26 02:20:06 PM valid_acc 80.551994
05/26 02:20:06 PM epoch 19 lr 1.675361e-02
05/26 02:20:06 PM epoch 19 lambda_ 9.693878e-02
05/26 02:20:06 PM genotype = Genotype(normal=[('sep_conv_5x5', 0), ('sep_conv_3x3', 1), ('dil_conv_3x3', 0), ('dil_conv_5x5', 2), ('dil_conv_5x5', 3), ('sep_conv_5x5', 0), ('sep_conv_3x3', 3), ('dil_conv_3x3', 4)], normal_concat=range(2, 6), reduce=[('max_pool_3x3', 0), ('skip_connect', 1), ('max_pool_3x3', 0), ('dil_conv_5x5', 1), ('max_pool_3x3', 0), ('skip_connect', 2), ('dil_conv_5x5', 4), ('dil_conv_5x5', 2)], reduce_concat=range(2, 6))
tensor([[0.1394, 0.1031, 0.1375, 0.1553, 0.1737, 0.1405, 0.1505],
        [0.1327, 0.1000, 0.1322, 0.1686, 0.1605, 0.1625, 0.1436],
        [0.1391, 0.1023, 0.1300, 0.1625, 0.1502, 0.1762, 0.1397],
        [0.1394, 0.1063, 0.1380, 0.1684, 0.1513, 0.1489, 0.1477],
        [0.1179, 0.0917, 0.1352, 0.1595, 0.1652, 0.1610, 0.1695],
        [0.1423, 0.1034, 0.1283, 0.1586, 0.1771, 0.1458, 0.1445],
        [0.1371, 0.1042, 0.1312, 0.1623, 0.1627, 0.1481, 0.1545],
        [0.1164, 0.0911, 0.1313, 0.1503, 0.1715, 0.1658, 0.1735],
        [0.1078, 0.0930, 0.1199, 0.1669, 0.1753, 0.1565, 0.1806],
        [0.1446, 0.1056, 0.1368, 0.1557, 0.1436, 0.1576, 0.1561],
        [0.1301, 0.0991, 0.1224, 0.1706, 0.1717, 0.1602, 0.1459],
        [0.1145, 0.0901, 0.1338, 0.1833, 0.1458, 0.1701, 0.1623],
        [0.1025, 0.0885, 0.1089, 0.1949, 0.1601, 0.1842, 0.1608],
        [0.0981, 0.0893, 0.0994, 0.1777, 0.1726, 0.1903, 0.1726]],
       device='cuda:0', grad_fn=<SoftmaxBackward0>)
tensor([[0.1747, 0.1488, 0.1385, 0.1298, 0.1388, 0.1314, 0.1379],
        [0.1472, 0.1300, 0.1557, 0.1385, 0.1438, 0.1297, 0.1551],
        [0.1761, 0.1495, 0.1390, 0.1369, 0.1304, 0.1409, 0.1271],
        [0.1478, 0.1316, 0.1524, 0.1358, 0.1358, 0.1384, 0.1582],
        [0.1304, 0.1123, 0.1562, 0.1497, 0.1460, 0.1549, 0.1505],
        [0.1788, 0.1558, 0.1187, 0.1396, 0.1380, 0.1377, 0.1315],
        [0.1500, 0.1365, 0.1429, 0.1455, 0.1450, 0.1502, 0.1298],
        [0.1320, 0.1182, 0.1698, 0.1396, 0.1449, 0.1411, 0.1545],
        [0.1319, 0.1198, 0.1620, 0.1616, 0.1507, 0.1336, 0.1404],
        [0.1594, 0.1473, 0.1407, 0.1461, 0.1421, 0.1350, 0.1295],
        [0.1504, 0.1394, 0.1320, 0.1354, 0.1580, 0.1516, 0.1331],
        [0.1188, 0.1121, 0.1598, 0.1439, 0.1596, 0.1434, 0.1625],
        [0.1239, 0.1157, 0.1583, 0.1549, 0.1434, 0.1527, 0.1511],
        [0.1136, 0.1079, 0.1394, 0.1506, 0.1632, 0.1527, 0.1726]],
       device='cuda:0', grad_fn=<SoftmaxBackward0>)
05/26 02:20:10 PM train 000 2.891381e-01 89.583336 100.000000
05/26 02:22:26 PM train 050 3.880492e-01 86.499184 99.509804
05/26 02:24:39 PM train 100 3.942181e-01 86.406769 99.556519
05/26 02:26:50 PM train 150 4.035176e-01 86.003036 99.530907
05/26 02:28:57 PM train 200 4.012248e-01 86.007462 99.564674
05/26 02:31:07 PM train 250 3.984895e-01 86.005981 99.584999
05/26 02:31:34 PM train_corr 0.083272 valid_corr 0.072743
05/26 02:31:34 PM train_acc 85.979996
05/26 02:31:34 PM valid 000 6.317248e-01 76.041672 98.958336
05/26 02:31:50 PM valid 050 6.121106e-01 79.575165 99.080887
05/26 02:32:04 PM valid 100 5.969992e-01 80.445549 98.958336
05/26 02:32:18 PM valid 150 5.903089e-01 80.601547 98.999725
05/26 02:32:32 PM valid 200 5.914859e-01 80.560738 98.973877
05/26 02:32:44 PM valid 250 5.898304e-01 80.635796 98.970787
05/26 02:32:46 PM valid_acc 80.575996
05/26 02:32:47 PM epoch 20 lr 1.602956e-02
05/26 02:32:47 PM epoch 20 lambda_ 1.020408e-01
05/26 02:32:47 PM genotype = Genotype(normal=[('sep_conv_5x5', 0), ('sep_conv_3x3', 1), ('dil_conv_3x3', 0), ('dil_conv_5x5', 2), ('dil_conv_5x5', 3), ('sep_conv_5x5', 0), ('sep_conv_3x3', 3), ('dil_conv_3x3', 4)], normal_concat=range(2, 6), reduce=[('max_pool_3x3', 0), ('skip_connect', 1), ('max_pool_3x3', 0), ('dil_conv_5x5', 1), ('max_pool_3x3', 0), ('skip_connect', 2), ('dil_conv_5x5', 4), ('dil_conv_5x5', 2)], reduce_concat=range(2, 6))
tensor([[0.1385, 0.1021, 0.1376, 0.1547, 0.1751, 0.1404, 0.1516],
        [0.1311, 0.0987, 0.1320, 0.1703, 0.1609, 0.1626, 0.1444],
        [0.1374, 0.1008, 0.1291, 0.1636, 0.1506, 0.1781, 0.1404],
        [0.1389, 0.1058, 0.1387, 0.1682, 0.1511, 0.1491, 0.1482],
        [0.1170, 0.0904, 0.1359, 0.1599, 0.1647, 0.1614, 0.1706],
        [0.1411, 0.1017, 0.1271, 0.1588, 0.1806, 0.1459, 0.1448],
        [0.1364, 0.1028, 0.1309, 0.1626, 0.1656, 0.1475, 0.1542],
        [0.1156, 0.0898, 0.1316, 0.1498, 0.1713, 0.1672, 0.1748],
        [0.1062, 0.0908, 0.1186, 0.1671, 0.1779, 0.1563, 0.1830],
        [0.1440, 0.1047, 0.1369, 0.1568, 0.1424, 0.1576, 0.1575],
        [0.1287, 0.0977, 0.1213, 0.1706, 0.1726, 0.1629, 0.1462],
        [0.1134, 0.0887, 0.1340, 0.1851, 0.1451, 0.1722, 0.1614],
        [0.1010, 0.0869, 0.1081, 0.1963, 0.1584, 0.1869, 0.1624],
        [0.0963, 0.0877, 0.0978, 0.1789, 0.1733, 0.1928, 0.1732]],
       device='cuda:0', grad_fn=<SoftmaxBackward0>)
tensor([[0.1747, 0.1486, 0.1394, 0.1298, 0.1386, 0.1311, 0.1378],
        [0.1469, 0.1299, 0.1561, 0.1379, 0.1442, 0.1290, 0.1560],
        [0.1754, 0.1485, 0.1395, 0.1377, 0.1303, 0.1412, 0.1275],
        [0.1480, 0.1313, 0.1538, 0.1355, 0.1345, 0.1378, 0.1591],
        [0.1292, 0.1112, 0.1573, 0.1490, 0.1466, 0.1562, 0.1504],
        [0.1803, 0.1569, 0.1183, 0.1402, 0.1386, 0.1362, 0.1295],
        [0.1505, 0.1372, 0.1434, 0.1459, 0.1442, 0.1498, 0.1290],
        [0.1317, 0.1186, 0.1730, 0.1389, 0.1437, 0.1399, 0.1542],
        [0.1321, 0.1196, 0.1643, 0.1605, 0.1514, 0.1322, 0.1397],
        [0.1597, 0.1478, 0.1391, 0.1467, 0.1423, 0.1348, 0.1295],
        [0.1510, 0.1404, 0.1316, 0.1352, 0.1580, 0.1513, 0.1324],
        [0.1182, 0.1119, 0.1623, 0.1433, 0.1587, 0.1434, 0.1623],
        [0.1236, 0.1155, 0.1603, 0.1543, 0.1429, 0.1514, 0.1520],
        [0.1130, 0.1076, 0.1401, 0.1504, 0.1621, 0.1518, 0.1750]],
       device='cuda:0', grad_fn=<SoftmaxBackward0>)
05/26 02:32:50 PM train 000 3.391504e-01 86.458336 100.000000
05/26 02:35:01 PM train 050 3.994204e-01 85.988564 99.591507
05/26 02:37:13 PM train 100 3.833541e-01 86.448021 99.618401
05/26 02:39:27 PM train 150 4.014454e-01 85.865067 99.606789
05/26 02:41:40 PM train 200 4.003605e-01 85.919365 99.559494
05/26 02:43:56 PM train 250 3.985411e-01 86.097282 99.568398
05/26 02:44:21 PM train_corr 0.096225 valid_corr 0.084845
05/26 02:44:21 PM train_acc 86.115997
05/26 02:44:22 PM valid 000 5.734376e-01 76.041672 100.000000
05/26 02:44:33 PM valid 050 5.321996e-01 81.413399 99.121735
05/26 02:44:44 PM valid 100 5.221990e-01 81.951324 99.113037
05/26 02:44:55 PM valid 150 5.276638e-01 81.953644 99.165283
05/26 02:45:06 PM valid 200 5.357326e-01 81.628319 99.191544
05/26 02:45:17 PM valid 250 5.345396e-01 81.681610 99.186592
05/26 02:45:19 PM valid_acc 81.699997
05/26 02:45:20 PM epoch 21 lr 1.529372e-02
05/26 02:45:20 PM epoch 21 lambda_ 1.071429e-01
05/26 02:45:20 PM genotype = Genotype(normal=[('sep_conv_5x5', 0), ('sep_conv_3x3', 1), ('dil_conv_3x3', 0), ('dil_conv_5x5', 2), ('dil_conv_5x5', 3), ('sep_conv_5x5', 0), ('sep_conv_3x3', 3), ('dil_conv_3x3', 4)], normal_concat=range(2, 6), reduce=[('max_pool_3x3', 0), ('skip_connect', 1), ('max_pool_3x3', 0), ('dil_conv_5x5', 1), ('max_pool_3x3', 0), ('skip_connect', 2), ('dil_conv_5x5', 4), ('skip_connect', 2)], reduce_concat=range(2, 6))
tensor([[0.1369, 0.1006, 0.1372, 0.1554, 0.1781, 0.1404, 0.1514],
        [0.1315, 0.0990, 0.1342, 0.1696, 0.1600, 0.1618, 0.1438],
        [0.1355, 0.0995, 0.1286, 0.1641, 0.1516, 0.1797, 0.1410],
        [0.1393, 0.1057, 0.1402, 0.1680, 0.1517, 0.1478, 0.1473],
        [0.1156, 0.0891, 0.1366, 0.1588, 0.1639, 0.1642, 0.1718],
        [0.1394, 0.1003, 0.1263, 0.1600, 0.1835, 0.1458, 0.1448],
        [0.1368, 0.1028, 0.1324, 0.1622, 0.1655, 0.1465, 0.1539],
        [0.1142, 0.0882, 0.1317, 0.1491, 0.1708, 0.1683, 0.1777],
        [0.1044, 0.0892, 0.1179, 0.1681, 0.1796, 0.1559, 0.1850],
        [0.1421, 0.1033, 0.1362, 0.1592, 0.1426, 0.1582, 0.1585],
        [0.1286, 0.0977, 0.1226, 0.1697, 0.1721, 0.1634, 0.1459],
        [0.1115, 0.0873, 0.1345, 0.1861, 0.1441, 0.1735, 0.1630],
        [0.0991, 0.0856, 0.1076, 0.1988, 0.1587, 0.1876, 0.1625],
        [0.0943, 0.0860, 0.0961, 0.1793, 0.1746, 0.1957, 0.1741]],
       device='cuda:0', grad_fn=<SoftmaxBackward0>)
tensor([[0.1764, 0.1495, 0.1385, 0.1293, 0.1388, 0.1299, 0.1376],
        [0.1474, 0.1301, 0.1579, 0.1374, 0.1435, 0.1271, 0.1566],
        [0.1765, 0.1489, 0.1380, 0.1387, 0.1303, 0.1399, 0.1277],
        [0.1491, 0.1322, 0.1550, 0.1347, 0.1328, 0.1367, 0.1596],
        [0.1277, 0.1098, 0.1582, 0.1486, 0.1473, 0.1576, 0.1509],
        [0.1831, 0.1592, 0.1174, 0.1389, 0.1384, 0.1343, 0.1286],
        [0.1524, 0.1385, 0.1437, 0.1453, 0.1416, 0.1500, 0.1284],
        [0.1309, 0.1183, 0.1743, 0.1388, 0.1434, 0.1398, 0.1544],
        [0.1319, 0.1195, 0.1660, 0.1610, 0.1512, 0.1307, 0.1397],
        [0.1598, 0.1480, 0.1393, 0.1472, 0.1420, 0.1344, 0.1293],
        [0.1529, 0.1424, 0.1323, 0.1331, 0.1564, 0.1508, 0.1321],
        [0.1170, 0.1112, 0.1640, 0.1437, 0.1584, 0.1436, 0.1622],
        [0.1233, 0.1155, 0.1628, 0.1537, 0.1417, 0.1518, 0.1512],
        [0.1117, 0.1068, 0.1406, 0.1500, 0.1607, 0.1514, 0.1787]],
       device='cuda:0', grad_fn=<SoftmaxBackward0>)
05/26 02:45:23 PM train 000 3.490533e-01 86.458336 100.000000
05/26 02:47:38 PM train 050 3.661091e-01 87.214050 99.754906
05/26 02:49:51 PM train 100 3.591834e-01 87.458748 99.742165
05/26 02:52:05 PM train 150 3.700811e-01 87.141281 99.710266
05/26 02:54:18 PM train 200 3.802771e-01 86.691544 99.663139
05/26 02:56:29 PM train 250 3.849964e-01 86.570389 99.659698
05/26 02:56:56 PM train_corr 0.077164 valid_corr 0.071384
05/26 02:56:56 PM train_acc 86.535995
05/26 02:56:57 PM valid 000 6.729561e-01 80.208328 100.000000
05/26 02:57:09 PM valid 050 6.114441e-01 80.310455 98.713234
05/26 02:57:21 PM valid 100 5.920236e-01 80.301155 98.865517
05/26 02:57:36 PM valid 150 5.763386e-01 80.780907 98.937637
05/26 02:57:52 PM valid 200 5.705823e-01 81.006424 98.937607
05/26 02:58:07 PM valid 250 5.822753e-01 80.602592 98.908539
05/26 02:58:10 PM valid_acc 80.612000
05/26 02:58:10 PM epoch 22 lr 1.454899e-02
05/26 02:58:10 PM epoch 22 lambda_ 1.122449e-01
05/26 02:58:10 PM genotype = Genotype(normal=[('sep_conv_5x5', 0), ('sep_conv_3x3', 1), ('dil_conv_3x3', 0), ('dil_conv_5x5', 2), ('sep_conv_5x5', 0), ('dil_conv_5x5', 3), ('sep_conv_3x3', 3), ('dil_conv_3x3', 4)], normal_concat=range(2, 6), reduce=[('max_pool_3x3', 0), ('skip_connect', 1), ('max_pool_3x3', 0), ('skip_connect', 2), ('max_pool_3x3', 0), ('skip_connect', 2), ('dil_conv_5x5', 4), ('skip_connect', 2)], reduce_concat=range(2, 6))
tensor([[0.1360, 0.0992, 0.1371, 0.1572, 0.1784, 0.1412, 0.1509],
        [0.1310, 0.0987, 0.1355, 0.1701, 0.1588, 0.1622, 0.1436],
        [0.1338, 0.0979, 0.1278, 0.1678, 0.1520, 0.1802, 0.1404],
        [0.1390, 0.1052, 0.1412, 0.1693, 0.1522, 0.1462, 0.1469],
        [0.1141, 0.0874, 0.1369, 0.1596, 0.1640, 0.1660, 0.1720],
        [0.1379, 0.0988, 0.1257, 0.1614, 0.1854, 0.1470, 0.1437],
        [0.1355, 0.1020, 0.1328, 0.1633, 0.1663, 0.1460, 0.1542],
        [0.1126, 0.0867, 0.1323, 0.1483, 0.1710, 0.1685, 0.1806],
        [0.1026, 0.0876, 0.1176, 0.1687, 0.1816, 0.1571, 0.1849],
        [0.1406, 0.1019, 0.1358, 0.1612, 0.1416, 0.1593, 0.1596],
        [0.1273, 0.0968, 0.1228, 0.1711, 0.1733, 0.1633, 0.1453],
        [0.1099, 0.0854, 0.1349, 0.1881, 0.1427, 0.1759, 0.1632],
        [0.0970, 0.0838, 0.1067, 0.2013, 0.1585, 0.1888, 0.1639],
        [0.0930, 0.0848, 0.0952, 0.1788, 0.1733, 0.1992, 0.1757]],
       device='cuda:0', grad_fn=<SoftmaxBackward0>)
tensor([[0.1783, 0.1500, 0.1371, 0.1284, 0.1394, 0.1297, 0.1371],
        [0.1485, 0.1316, 0.1568, 0.1372, 0.1437, 0.1265, 0.1557],
        [0.1781, 0.1482, 0.1377, 0.1381, 0.1301, 0.1407, 0.1272],
        [0.1500, 0.1335, 0.1553, 0.1345, 0.1326, 0.1353, 0.1588],
        [0.1266, 0.1092, 0.1591, 0.1480, 0.1473, 0.1590, 0.1509],
        [0.1868, 0.1608, 0.1170, 0.1366, 0.1380, 0.1329, 0.1279],
        [0.1529, 0.1395, 0.1435, 0.1454, 0.1399, 0.1512, 0.1276],
        [0.1301, 0.1186, 0.1769, 0.1365, 0.1439, 0.1395, 0.1546],
        [0.1315, 0.1197, 0.1679, 0.1615, 0.1497, 0.1296, 0.1400],
        [0.1612, 0.1488, 0.1388, 0.1469, 0.1412, 0.1342, 0.1289],
        [0.1532, 0.1435, 0.1313, 0.1314, 0.1567, 0.1520, 0.1319],
        [0.1160, 0.1110, 0.1669, 0.1424, 0.1569, 0.1443, 0.1626],
        [0.1229, 0.1155, 0.1654, 0.1514, 0.1427, 0.1525, 0.1496],
        [0.1106, 0.1064, 0.1416, 0.1493, 0.1598, 0.1508, 0.1814]],
       device='cuda:0', grad_fn=<SoftmaxBackward0>)
05/26 02:58:13 PM train 000 2.965701e-01 86.458336 100.000000
05/26 03:00:26 PM train 050 3.499467e-01 87.520424 99.673203
05/26 03:02:38 PM train 100 3.570217e-01 87.376244 99.690598
05/26 03:04:54 PM train 150 3.699954e-01 87.127480 99.620583
05/26 03:07:04 PM train 200 3.729200e-01 87.049126 99.606133
05/26 03:09:16 PM train 250 3.727078e-01 86.985397 99.634796
05/26 03:09:40 PM train_corr 0.105870 valid_corr 0.089244
05/26 03:09:40 PM train_acc 87.003998
05/26 03:09:40 PM valid 000 6.172325e-01 80.208328 98.958336
05/26 03:09:51 PM valid 050 5.163175e-01 82.700165 99.060455
05/26 03:10:02 PM valid 100 5.187698e-01 82.735153 99.082100
05/26 03:10:12 PM valid 150 5.236431e-01 82.464127 99.048012
05/26 03:10:23 PM valid 200 5.275391e-01 82.421227 99.061981
05/26 03:10:33 PM valid 250 5.276459e-01 82.412018 99.099442
05/26 03:10:35 PM valid_acc 82.363998
05/26 03:10:35 PM epoch 23 lr 1.379833e-02
05/26 03:10:35 PM epoch 23 lambda_ 1.173469e-01
05/26 03:10:35 PM genotype = Genotype(normal=[('sep_conv_5x5', 0), ('sep_conv_3x3', 1), ('dil_conv_3x3', 0), ('dil_conv_5x5', 2), ('sep_conv_5x5', 0), ('dil_conv_5x5', 3), ('sep_conv_3x3', 3), ('dil_conv_3x3', 4)], normal_concat=range(2, 6), reduce=[('max_pool_3x3', 0), ('skip_connect', 1), ('max_pool_3x3', 0), ('skip_connect', 2), ('max_pool_3x3', 0), ('skip_connect', 2), ('dil_conv_5x5', 4), ('skip_connect', 2)], reduce_concat=range(2, 6))
tensor([[0.1377, 0.0990, 0.1389, 0.1564, 0.1792, 0.1399, 0.1489],
        [0.1300, 0.0975, 0.1358, 0.1710, 0.1577, 0.1640, 0.1438],
        [0.1348, 0.0980, 0.1297, 0.1676, 0.1508, 0.1801, 0.1391],
        [0.1377, 0.1038, 0.1409, 0.1716, 0.1534, 0.1459, 0.1466],
        [0.1123, 0.0857, 0.1366, 0.1599, 0.1639, 0.1677, 0.1739],
        [0.1399, 0.0992, 0.1277, 0.1609, 0.1847, 0.1447, 0.1428],
        [0.1339, 0.1003, 0.1324, 0.1641, 0.1667, 0.1467, 0.1560],
        [0.1118, 0.0856, 0.1336, 0.1473, 0.1715, 0.1684, 0.1817],
        [0.1020, 0.0868, 0.1184, 0.1670, 0.1828, 0.1586, 0.1844],
        [0.1414, 0.1017, 0.1367, 0.1607, 0.1405, 0.1592, 0.1597],
        [0.1255, 0.0951, 0.1216, 0.1722, 0.1752, 0.1647, 0.1458],
        [0.1087, 0.0841, 0.1359, 0.1891, 0.1417, 0.1772, 0.1635],
        [0.0959, 0.0830, 0.1070, 0.2043, 0.1574, 0.1894, 0.1631],
        [0.0911, 0.0829, 0.0933, 0.1780, 0.1740, 0.2034, 0.1771]],
       device='cuda:0', grad_fn=<SoftmaxBackward0>)
tensor([[0.1806, 0.1516, 0.1365, 0.1276, 0.1374, 0.1298, 0.1364],
        [0.1487, 0.1315, 0.1579, 0.1358, 0.1425, 0.1266, 0.1569],
        [0.1804, 0.1497, 0.1372, 0.1369, 0.1289, 0.1405, 0.1264],
        [0.1511, 0.1338, 0.1557, 0.1339, 0.1329, 0.1341, 0.1585],
        [0.1261, 0.1084, 0.1614, 0.1472, 0.1469, 0.1584, 0.1515],
        [0.1894, 0.1624, 0.1167, 0.1364, 0.1368, 0.1313, 0.1270],
        [0.1531, 0.1393, 0.1422, 0.1456, 0.1396, 0.1524, 0.1278],
        [0.1296, 0.1178, 0.1782, 0.1360, 0.1440, 0.1387, 0.1558],
        [0.1308, 0.1180, 0.1686, 0.1644, 0.1493, 0.1288, 0.1400],
        [0.1629, 0.1505, 0.1390, 0.1461, 0.1394, 0.1337, 0.1285],
        [0.1534, 0.1436, 0.1317, 0.1323, 0.1562, 0.1510, 0.1318],
        [0.1155, 0.1103, 0.1693, 0.1402, 0.1569, 0.1455, 0.1624],
        [0.1222, 0.1139, 0.1658, 0.1498, 0.1445, 0.1536, 0.1503],
        [0.1101, 0.1057, 0.1423, 0.1480, 0.1588, 0.1518, 0.1833]],
       device='cuda:0', grad_fn=<SoftmaxBackward0>)
05/26 03:10:38 PM train 000 2.262468e-01 92.708336 100.000000
05/26 03:12:53 PM train 050 3.239482e-01 88.705063 99.530228
05/26 03:15:05 PM train 100 3.546123e-01 87.489693 99.587463
05/26 03:17:21 PM train 150 3.632258e-01 87.334435 99.551598
05/26 03:19:40 PM train 200 3.698741e-01 86.961029 99.554314
05/26 03:21:59 PM train 250 3.739271e-01 86.802788 99.564247
05/26 03:22:26 PM train_corr 0.095556 valid_corr 0.093486
05/26 03:22:26 PM train_acc 86.751999
05/26 03:22:26 PM valid 000 6.296679e-01 83.333328 100.000000
05/26 03:22:38 PM valid 050 5.289950e-01 82.700165 99.080887
05/26 03:22:50 PM valid 100 5.284290e-01 82.704208 99.113037
05/26 03:23:03 PM valid 150 5.336419e-01 82.346855 99.048012
05/26 03:23:15 PM valid 200 5.331303e-01 82.353859 99.010155
05/26 03:23:27 PM valid 250 5.280999e-01 82.308266 99.070389
05/26 03:23:29 PM valid_acc 82.299995
05/26 03:23:30 PM epoch 24 lr 1.304468e-02
05/26 03:23:30 PM epoch 24 lambda_ 1.224490e-01
05/26 03:23:30 PM genotype = Genotype(normal=[('sep_conv_5x5', 0), ('sep_conv_3x3', 1), ('dil_conv_3x3', 0), ('dil_conv_5x5', 2), ('sep_conv_5x5', 0), ('sep_conv_5x5', 3), ('dil_conv_3x3', 4), ('sep_conv_3x3', 3)], normal_concat=range(2, 6), reduce=[('max_pool_3x3', 0), ('skip_connect', 1), ('max_pool_3x3', 0), ('skip_connect', 2), ('max_pool_3x3', 0), ('skip_connect', 2), ('dil_conv_5x5', 4), ('skip_connect', 2)], reduce_concat=range(2, 6))
tensor([[0.1368, 0.0980, 0.1393, 0.1557, 0.1799, 0.1404, 0.1499],
        [0.1299, 0.0970, 0.1370, 0.1729, 0.1560, 0.1645, 0.1427],
        [0.1334, 0.0968, 0.1292, 0.1686, 0.1515, 0.1815, 0.1389],
        [0.1378, 0.1036, 0.1422, 0.1723, 0.1547, 0.1447, 0.1446],
        [0.1105, 0.0843, 0.1365, 0.1597, 0.1635, 0.1697, 0.1758],
        [0.1393, 0.0983, 0.1277, 0.1605, 0.1856, 0.1452, 0.1433],
        [0.1333, 0.0994, 0.1324, 0.1637, 0.1683, 0.1470, 0.1559],
        [0.1106, 0.0845, 0.1341, 0.1466, 0.1721, 0.1684, 0.1837],
        [0.1012, 0.0857, 0.1180, 0.1671, 0.1841, 0.1599, 0.1840],
        [0.1405, 0.1006, 0.1364, 0.1607, 0.1408, 0.1601, 0.1608],
        [0.1244, 0.0942, 0.1217, 0.1722, 0.1763, 0.1645, 0.1467],
        [0.1072, 0.0829, 0.1367, 0.1884, 0.1406, 0.1794, 0.1648],
        [0.0949, 0.0820, 0.1069, 0.2055, 0.1573, 0.1902, 0.1634],
        [0.0894, 0.0814, 0.0916, 0.1771, 0.1734, 0.2069, 0.1803]],
       device='cuda:0', grad_fn=<SoftmaxBackward0>)
tensor([[0.1805, 0.1514, 0.1361, 0.1279, 0.1381, 0.1292, 0.1368],
        [0.1475, 0.1305, 0.1593, 0.1365, 0.1422, 0.1268, 0.1571],
        [0.1806, 0.1493, 0.1365, 0.1365, 0.1292, 0.1410, 0.1270],
        [0.1505, 0.1332, 0.1581, 0.1338, 0.1330, 0.1333, 0.1581],
        [0.1251, 0.1071, 0.1612, 0.1477, 0.1472, 0.1599, 0.1518],
        [0.1907, 0.1629, 0.1168, 0.1355, 0.1365, 0.1303, 0.1273],
        [0.1525, 0.1393, 0.1410, 0.1462, 0.1398, 0.1523, 0.1289],
        [0.1291, 0.1167, 0.1793, 0.1358, 0.1437, 0.1395, 0.1559],
        [0.1296, 0.1169, 0.1698, 0.1644, 0.1489, 0.1292, 0.1413],
        [0.1630, 0.1508, 0.1389, 0.1452, 0.1386, 0.1346, 0.1288],
        [0.1513, 0.1424, 0.1322, 0.1321, 0.1569, 0.1532, 0.1319],
        [0.1144, 0.1096, 0.1711, 0.1388, 0.1560, 0.1466, 0.1635],
        [0.1215, 0.1131, 0.1670, 0.1492, 0.1453, 0.1543, 0.1495],
        [0.1087, 0.1044, 0.1420, 0.1481, 0.1593, 0.1517, 0.1859]],
       device='cuda:0', grad_fn=<SoftmaxBackward0>)
05/26 03:23:33 PM train 000 3.085235e-01 89.583336 100.000000
05/26 03:25:44 PM train 050 3.582908e-01 87.254906 99.754906
05/26 03:27:57 PM train 100 3.567769e-01 87.221535 99.711227
05/26 03:30:12 PM train 150 3.619337e-01 87.134384 99.682671
05/26 03:32:23 PM train 200 3.663539e-01 87.012856 99.616501
05/26 03:34:38 PM train 250 3.661151e-01 87.006142 99.601593
05/26 03:35:07 PM train_corr 0.099844 valid_corr 0.090145
05/26 03:35:07 PM train_acc 86.975998
05/26 03:35:07 PM valid 000 4.521703e-01 79.166672 100.000000
05/26 03:35:18 PM valid 050 5.490542e-01 82.026146 98.856209
05/26 03:35:28 PM valid 100 5.373760e-01 82.075089 98.958336
05/26 03:35:39 PM valid 150 5.413120e-01 81.946747 98.916939
05/26 03:35:51 PM valid 200 5.443646e-01 82.042908 98.911690
05/26 03:36:03 PM valid 250 5.429323e-01 81.980415 98.966637
05/26 03:36:05 PM valid_acc 82.051994
05/26 03:36:06 PM epoch 25 lr 1.229103e-02
05/26 03:36:06 PM epoch 25 lambda_ 1.275510e-01
05/26 03:36:06 PM genotype = Genotype(normal=[('sep_conv_5x5', 0), ('sep_conv_3x3', 1), ('dil_conv_3x3', 0), ('dil_conv_5x5', 2), ('dil_conv_5x5', 3), ('dil_conv_5x5', 2), ('dil_conv_3x3', 4), ('sep_conv_3x3', 3)], normal_concat=range(2, 6), reduce=[('max_pool_3x3', 0), ('skip_connect', 1), ('max_pool_3x3', 0), ('skip_connect', 2), ('max_pool_3x3', 0), ('skip_connect', 2), ('dil_conv_5x5', 4), ('skip_connect', 2)], reduce_concat=range(2, 6))
tensor([[0.1375, 0.0977, 0.1405, 0.1539, 0.1807, 0.1400, 0.1498],
        [0.1276, 0.0950, 0.1355, 0.1763, 0.1565, 0.1660, 0.1431],
        [0.1345, 0.0970, 0.1306, 0.1672, 0.1505, 0.1817, 0.1385],
        [0.1370, 0.1029, 0.1428, 0.1726, 0.1555, 0.1446, 0.1445],
        [0.1101, 0.0838, 0.1377, 0.1596, 0.1612, 0.1713, 0.1763],
        [0.1407, 0.0984, 0.1291, 0.1613, 0.1847, 0.1443, 0.1416],
        [0.1318, 0.0983, 0.1321, 0.1653, 0.1679, 0.1483, 0.1563],
        [0.1103, 0.0842, 0.1356, 0.1459, 0.1703, 0.1687, 0.1850],
        [0.1007, 0.0850, 0.1182, 0.1676, 0.1841, 0.1592, 0.1852],
        [0.1418, 0.1009, 0.1381, 0.1606, 0.1382, 0.1609, 0.1596],
        [0.1229, 0.0930, 0.1209, 0.1743, 0.1759, 0.1660, 0.1470],
        [0.1065, 0.0822, 0.1379, 0.1884, 0.1395, 0.1805, 0.1649],
        [0.0941, 0.0814, 0.1071, 0.2060, 0.1571, 0.1917, 0.1626],
        [0.0879, 0.0800, 0.0901, 0.1774, 0.1739, 0.2092, 0.1814]],
       device='cuda:0', grad_fn=<SoftmaxBackward0>)
tensor([[0.1818, 0.1519, 0.1356, 0.1283, 0.1373, 0.1298, 0.1352],
        [0.1473, 0.1305, 0.1601, 0.1373, 0.1420, 0.1260, 0.1568],
        [0.1813, 0.1501, 0.1357, 0.1365, 0.1290, 0.1418, 0.1255],
        [0.1507, 0.1341, 0.1586, 0.1340, 0.1319, 0.1326, 0.1581],
        [0.1251, 0.1068, 0.1635, 0.1473, 0.1463, 0.1602, 0.1508],
        [0.1916, 0.1638, 0.1163, 0.1362, 0.1371, 0.1293, 0.1258],
        [0.1523, 0.1398, 0.1398, 0.1466, 0.1386, 0.1536, 0.1293],
        [0.1290, 0.1170, 0.1816, 0.1364, 0.1428, 0.1392, 0.1540],
        [0.1287, 0.1156, 0.1697, 0.1648, 0.1503, 0.1288, 0.1421],
        [0.1635, 0.1518, 0.1393, 0.1445, 0.1383, 0.1349, 0.1277],
        [0.1506, 0.1425, 0.1327, 0.1320, 0.1578, 0.1531, 0.1313],
        [0.1136, 0.1089, 0.1720, 0.1393, 0.1558, 0.1466, 0.1637],
        [0.1214, 0.1122, 0.1681, 0.1496, 0.1449, 0.1537, 0.1501],
        [0.1078, 0.1037, 0.1419, 0.1477, 0.1592, 0.1511, 0.1886]],
       device='cuda:0', grad_fn=<SoftmaxBackward0>)
05/26 03:36:09 PM train 000 3.223515e-01 88.541672 100.000000
05/26 03:38:22 PM train 050 3.730604e-01 87.030228 99.550652
05/26 03:40:31 PM train 100 3.724545e-01 86.974014 99.577148
05/26 03:42:37 PM train 150 3.709261e-01 87.127480 99.551598
05/26 03:44:49 PM train 200 3.680115e-01 87.163139 99.549126
05/26 03:46:58 PM train 250 3.709931e-01 87.084999 99.572548
05/26 03:47:21 PM train_corr 0.122384 valid_corr 0.113755
05/26 03:47:21 PM train_acc 87.068001
05/26 03:47:21 PM valid 000 4.514894e-01 87.500000 98.958336
05/26 03:47:33 PM valid 050 5.129290e-01 82.741013 99.162582
05/26 03:47:43 PM valid 100 5.371912e-01 81.951324 98.989281
05/26 03:47:54 PM valid 150 5.329720e-01 81.836372 99.041115
05/26 03:48:05 PM valid 200 5.329067e-01 81.902985 99.046432
05/26 03:48:15 PM valid 250 5.412439e-01 81.739708 99.045486
05/26 03:48:18 PM valid_acc 81.687996
05/26 03:48:18 PM epoch 26 lr 1.154034e-02
05/26 03:48:18 PM epoch 26 lambda_ 1.326531e-01
05/26 03:48:18 PM genotype = Genotype(normal=[('sep_conv_5x5', 0), ('sep_conv_3x3', 1), ('dil_conv_3x3', 0), ('dil_conv_5x5', 2), ('dil_conv_5x5', 3), ('dil_conv_5x5', 2), ('dil_conv_3x3', 4), ('sep_conv_3x3', 3)], normal_concat=range(2, 6), reduce=[('max_pool_3x3', 0), ('skip_connect', 1), ('max_pool_3x3', 0), ('skip_connect', 2), ('max_pool_3x3', 0), ('skip_connect', 2), ('dil_conv_5x5', 4), ('skip_connect', 2)], reduce_concat=range(2, 6))
tensor([[0.1376, 0.0970, 0.1416, 0.1529, 0.1811, 0.1402, 0.1496],
        [0.1268, 0.0943, 0.1361, 0.1780, 0.1558, 0.1664, 0.1427],
        [0.1344, 0.0966, 0.1313, 0.1661, 0.1507, 0.1827, 0.1382],
        [0.1363, 0.1025, 0.1436, 0.1722, 0.1568, 0.1441, 0.1444],
        [0.1089, 0.0825, 0.1378, 0.1586, 0.1611, 0.1747, 0.1763],
        [0.1416, 0.0982, 0.1302, 0.1596, 0.1863, 0.1441, 0.1399],
        [0.1303, 0.0975, 0.1320, 0.1660, 0.1689, 0.1482, 0.1571],
        [0.1098, 0.0836, 0.1372, 0.1428, 0.1692, 0.1710, 0.1864],
        [0.1002, 0.0839, 0.1185, 0.1672, 0.1830, 0.1594, 0.1878],
        [0.1422, 0.1003, 0.1390, 0.1599, 0.1373, 0.1620, 0.1593],
        [0.1221, 0.0923, 0.1210, 0.1743, 0.1764, 0.1667, 0.1472],
        [0.1058, 0.0815, 0.1400, 0.1862, 0.1390, 0.1826, 0.1648],
        [0.0933, 0.0802, 0.1070, 0.2075, 0.1569, 0.1934, 0.1617],
        [0.0868, 0.0790, 0.0892, 0.1763, 0.1733, 0.2128, 0.1828]],
       device='cuda:0', grad_fn=<SoftmaxBackward0>)
tensor([[0.1829, 0.1518, 0.1348, 0.1285, 0.1371, 0.1299, 0.1350],
        [0.1487, 0.1312, 0.1602, 0.1371, 0.1402, 0.1264, 0.1563],
        [0.1815, 0.1493, 0.1359, 0.1368, 0.1293, 0.1418, 0.1255],
        [0.1523, 0.1352, 0.1589, 0.1332, 0.1316, 0.1320, 0.1568],
        [0.1238, 0.1057, 0.1639, 0.1476, 0.1455, 0.1614, 0.1520],
        [0.1934, 0.1634, 0.1152, 0.1362, 0.1375, 0.1292, 0.1252],
        [0.1543, 0.1409, 0.1391, 0.1456, 0.1372, 0.1535, 0.1295],
        [0.1291, 0.1165, 0.1829, 0.1364, 0.1434, 0.1387, 0.1531],
        [0.1288, 0.1150, 0.1712, 0.1647, 0.1514, 0.1280, 0.1409],
        [0.1641, 0.1518, 0.1397, 0.1426, 0.1384, 0.1359, 0.1276],
        [0.1520, 0.1436, 0.1322, 0.1316, 0.1569, 0.1538, 0.1299],
        [0.1128, 0.1082, 0.1729, 0.1384, 0.1558, 0.1474, 0.1644],
        [0.1212, 0.1118, 0.1697, 0.1506, 0.1430, 0.1547, 0.1490],
        [0.1067, 0.1025, 0.1413, 0.1482, 0.1585, 0.1506, 0.1922]],
       device='cuda:0', grad_fn=<SoftmaxBackward0>)
05/26 03:48:21 PM train 000 2.568274e-01 87.500000 100.000000
05/26 03:50:33 PM train 050 3.681050e-01 87.357025 99.632355
05/26 03:52:41 PM train 100 3.699149e-01 86.984329 99.628716
05/26 03:54:46 PM train 150 3.653115e-01 87.237862 99.675774
05/26 03:56:57 PM train 200 3.711493e-01 86.898842 99.673508
05/26 03:59:02 PM train 250 3.722745e-01 86.761292 99.672150
05/26 03:59:28 PM train_corr 0.163651 valid_corr 0.142153
05/26 03:59:28 PM train_acc 86.695999
05/26 03:59:29 PM valid 000 3.165207e-01 88.541672 100.000000
05/26 03:59:41 PM valid 050 5.260500e-01 82.577614 98.978760
05/26 03:59:52 PM valid 100 5.376052e-01 82.147278 99.020218
05/26 04:00:03 PM valid 150 5.403020e-01 82.036423 98.944534
05/26 04:00:15 PM valid 200 5.310324e-01 82.239845 98.999794
05/26 04:00:26 PM valid 250 5.271707e-01 82.308266 99.028885
05/26 04:00:28 PM valid_acc 82.335999
05/26 04:00:29 PM epoch 27 lr 1.079557e-02
05/26 04:00:29 PM epoch 27 lambda_ 1.377551e-01
05/26 04:00:29 PM genotype = Genotype(normal=[('sep_conv_3x3', 1), ('sep_conv_5x5', 0), ('dil_conv_5x5', 2), ('dil_conv_3x3', 0), ('dil_conv_5x5', 3), ('dil_conv_5x5', 2), ('dil_conv_3x3', 4), ('sep_conv_3x3', 3)], normal_concat=range(2, 6), reduce=[('max_pool_3x3', 0), ('skip_connect', 1), ('max_pool_3x3', 0), ('skip_connect', 2), ('max_pool_3x3', 0), ('skip_connect', 2), ('dil_conv_5x5', 4), ('skip_connect', 2)], reduce_concat=range(2, 6))
tensor([[0.1436, 0.1012, 0.1490, 0.1471, 0.1786, 0.1375, 0.1431],
        [0.1219, 0.0901, 0.1317, 0.1799, 0.1588, 0.1706, 0.1470],
        [0.1400, 0.1008, 0.1376, 0.1630, 0.1458, 0.1777, 0.1351],
        [0.1304, 0.0977, 0.1384, 0.1743, 0.1618, 0.1485, 0.1489],
        [0.1074, 0.0816, 0.1386, 0.1573, 0.1598, 0.1771, 0.1781],
        [0.1496, 0.1035, 0.1377, 0.1559, 0.1793, 0.1398, 0.1340],
        [0.1259, 0.0941, 0.1292, 0.1670, 0.1720, 0.1504, 0.1614],
        [0.1103, 0.0843, 0.1410, 0.1426, 0.1670, 0.1702, 0.1845],
        [0.1011, 0.0848, 0.1214, 0.1666, 0.1812, 0.1585, 0.1864],
        [0.1480, 0.1045, 0.1455, 0.1565, 0.1325, 0.1580, 0.1551],
        [0.1171, 0.0883, 0.1171, 0.1782, 0.1780, 0.1708, 0.1505],
        [0.1034, 0.0803, 0.1410, 0.1880, 0.1381, 0.1816, 0.1677],
        [0.0921, 0.0796, 0.1076, 0.2084, 0.1567, 0.1949, 0.1606],
        [0.0844, 0.0772, 0.0872, 0.1756, 0.1718, 0.2195, 0.1843]],
       device='cuda:0', grad_fn=<SoftmaxBackward0>)
tensor([[0.1861, 0.1549, 0.1345, 0.1271, 0.1347, 0.1293, 0.1334],
        [0.1493, 0.1314, 0.1601, 0.1357, 0.1400, 0.1268, 0.1568],
        [0.1838, 0.1513, 0.1356, 0.1357, 0.1281, 0.1408, 0.1247],
        [0.1542, 0.1370, 0.1588, 0.1322, 0.1307, 0.1312, 0.1559],
        [0.1237, 0.1056, 0.1665, 0.1480, 0.1431, 0.1621, 0.1510],
        [0.1960, 0.1647, 0.1140, 0.1352, 0.1368, 0.1290, 0.1243],
        [0.1554, 0.1421, 0.1382, 0.1446, 0.1361, 0.1541, 0.1295],
        [0.1289, 0.1166, 0.1859, 0.1363, 0.1406, 0.1373, 0.1544],
        [0.1280, 0.1141, 0.1722, 0.1644, 0.1527, 0.1278, 0.1409],
        [0.1662, 0.1543, 0.1393, 0.1409, 0.1373, 0.1344, 0.1276],
        [0.1526, 0.1445, 0.1315, 0.1307, 0.1564, 0.1562, 0.1281],
        [0.1124, 0.1082, 0.1748, 0.1374, 0.1546, 0.1471, 0.1656],
        [0.1206, 0.1113, 0.1717, 0.1508, 0.1418, 0.1564, 0.1474],
        [0.1065, 0.1031, 0.1430, 0.1488, 0.1573, 0.1477, 0.1937]],
       device='cuda:0', grad_fn=<SoftmaxBackward0>)
05/26 04:00:32 PM train 000 3.269067e-01 88.541672 100.000000
05/26 04:02:42 PM train 050 3.329118e-01 88.235298 99.632355
05/26 04:04:56 PM train 100 3.410653e-01 87.964111 99.618401
05/26 04:07:10 PM train 150 3.443055e-01 87.720749 99.634384
05/26 04:09:19 PM train 200 3.514765e-01 87.603645 99.616501
05/26 04:11:32 PM train 250 3.538260e-01 87.653557 99.643097
05/26 04:11:58 PM train_corr 0.172791 valid_corr 0.148155
05/26 04:11:58 PM train_acc 87.584000
05/26 04:11:58 PM valid 000 7.138649e-01 80.208328 97.916672
05/26 04:12:09 PM valid 050 5.553505e-01 81.883171 98.713234
05/26 04:12:21 PM valid 100 5.457296e-01 82.332924 98.906769
05/26 04:12:33 PM valid 150 5.477601e-01 82.001930 98.903145
05/26 04:12:45 PM valid 200 5.443318e-01 82.001450 98.953148
05/26 04:12:56 PM valid 250 5.382445e-01 82.075867 98.987389
05/26 04:12:59 PM valid_acc 82.136002
05/26 04:12:59 PM epoch 28 lr 1.005967e-02
05/26 04:12:59 PM epoch 28 lambda_ 1.428571e-01
05/26 04:12:59 PM genotype = Genotype(normal=[('sep_conv_5x5', 0), ('sep_conv_3x3', 1), ('dil_conv_3x3', 0), ('dil_conv_5x5', 2), ('dil_conv_5x5', 3), ('dil_conv_5x5', 2), ('dil_conv_3x3', 4), ('sep_conv_3x3', 3)], normal_concat=range(2, 6), reduce=[('max_pool_3x3', 0), ('skip_connect', 1), ('max_pool_3x3', 0), ('skip_connect', 2), ('max_pool_3x3', 0), ('skip_connect', 2), ('dil_conv_5x5', 4), ('skip_connect', 2)], reduce_concat=range(2, 6))
tensor([[0.1396, 0.0984, 0.1462, 0.1479, 0.1834, 0.1395, 0.1451],
        [0.1229, 0.0907, 0.1336, 0.1798, 0.1577, 0.1700, 0.1453],
        [0.1356, 0.0979, 0.1344, 0.1659, 0.1473, 0.1820, 0.1369],
        [0.1315, 0.0982, 0.1400, 0.1742, 0.1623, 0.1467, 0.1470],
        [0.1052, 0.0796, 0.1370, 0.1575, 0.1600, 0.1799, 0.1808],
        [0.1461, 0.1012, 0.1356, 0.1578, 0.1822, 0.1415, 0.1357],
        [0.1270, 0.0950, 0.1312, 0.1680, 0.1707, 0.1492, 0.1590],
        [0.1086, 0.0830, 0.1405, 0.1421, 0.1657, 0.1732, 0.1869],
        [0.1000, 0.0840, 0.1213, 0.1664, 0.1816, 0.1580, 0.1888],
        [0.1443, 0.1023, 0.1437, 0.1595, 0.1344, 0.1586, 0.1572],
        [0.1175, 0.0886, 0.1178, 0.1783, 0.1777, 0.1712, 0.1489],
        [0.1014, 0.0788, 0.1408, 0.1903, 0.1370, 0.1839, 0.1678],
        [0.0908, 0.0784, 0.1068, 0.2117, 0.1549, 0.1952, 0.1621],
        [0.0824, 0.0759, 0.0857, 0.1744, 0.1727, 0.2227, 0.1862]],
       device='cuda:0', grad_fn=<SoftmaxBackward0>)
tensor([[0.1865, 0.1544, 0.1344, 0.1278, 0.1342, 0.1287, 0.1341],
        [0.1496, 0.1311, 0.1605, 0.1356, 0.1392, 0.1263, 0.1577],
        [0.1841, 0.1510, 0.1354, 0.1363, 0.1288, 0.1404, 0.1241],
        [0.1548, 0.1376, 0.1605, 0.1315, 0.1305, 0.1295, 0.1556],
        [0.1225, 0.1051, 0.1673, 0.1484, 0.1429, 0.1619, 0.1520],
        [0.1972, 0.1652, 0.1135, 0.1362, 0.1357, 0.1278, 0.1245],
        [0.1566, 0.1428, 0.1377, 0.1437, 0.1357, 0.1547, 0.1287],
        [0.1285, 0.1170, 0.1883, 0.1350, 0.1401, 0.1367, 0.1544],
        [0.1273, 0.1140, 0.1739, 0.1633, 0.1518, 0.1288, 0.1409],
        [0.1660, 0.1540, 0.1385, 0.1407, 0.1376, 0.1348, 0.1285],
        [0.1534, 0.1454, 0.1310, 0.1305, 0.1566, 0.1561, 0.1270],
        [0.1108, 0.1072, 0.1762, 0.1366, 0.1547, 0.1484, 0.1660],
        [0.1196, 0.1102, 0.1734, 0.1526, 0.1426, 0.1559, 0.1457],
        [0.1046, 0.1013, 0.1419, 0.1491, 0.1578, 0.1483, 0.1969]],
       device='cuda:0', grad_fn=<SoftmaxBackward0>)
05/26 04:13:02 PM train 000 2.465584e-01 90.625000 100.000000
05/26 04:15:18 PM train 050 3.446148e-01 87.826797 99.693626
05/26 04:17:38 PM train 100 3.656271e-01 87.293732 99.618401
05/26 04:19:48 PM train 150 3.679227e-01 87.203369 99.599892
05/26 04:22:00 PM train 200 3.701847e-01 87.178688 99.606133
05/26 04:24:10 PM train 250 3.725327e-01 87.114044 99.618195
05/26 04:24:34 PM train_corr 0.328518 valid_corr 0.274326
05/26 04:24:34 PM train_acc 87.136002
05/26 04:24:34 PM valid 000 6.622037e-01 77.083328 97.916672
05/26 04:24:45 PM valid 050 5.380484e-01 81.638069 98.856209
05/26 04:24:57 PM valid 100 5.462464e-01 81.311882 98.855202
05/26 04:25:09 PM valid 150 5.440258e-01 81.519043 98.937637
05/26 04:25:21 PM valid 200 5.458253e-01 81.498756 98.937607
05/26 04:25:32 PM valid 250 5.465513e-01 81.573708 98.941734
05/26 04:25:34 PM valid_acc 81.612000
05/26 04:25:34 PM epoch 29 lr 9.335524e-03
05/26 04:25:34 PM epoch 29 lambda_ 1.479592e-01
05/26 04:25:34 PM genotype = Genotype(normal=[('sep_conv_3x3', 1), ('sep_conv_5x5', 0), ('dil_conv_5x5', 2), ('sep_conv_3x3', 1), ('dil_conv_5x5', 3), ('dil_conv_5x5', 2), ('dil_conv_3x3', 4), ('sep_conv_3x3', 3)], normal_concat=range(2, 6), reduce=[('max_pool_3x3', 0), ('skip_connect', 1), ('max_pool_3x3', 0), ('skip_connect', 2), ('max_pool_3x3', 0), ('skip_connect', 2), ('dil_conv_5x5', 4), ('skip_connect', 2)], reduce_concat=range(2, 6))
tensor([[0.1550, 0.1090, 0.1633, 0.1351, 0.1723, 0.1329, 0.1325],
        [0.1142, 0.0833, 0.1239, 0.1823, 0.1621, 0.1813, 0.1529],
        [0.1514, 0.1094, 0.1509, 0.1562, 0.1370, 0.1674, 0.1277],
        [0.1236, 0.0916, 0.1319, 0.1775, 0.1703, 0.1539, 0.1512],
        [0.1073, 0.0811, 0.1420, 0.1510, 0.1578, 0.1792, 0.1817],
        [0.1626, 0.1125, 0.1514, 0.1476, 0.1676, 0.1323, 0.1260],
        [0.1183, 0.0883, 0.1227, 0.1717, 0.1762, 0.1553, 0.1676],
        [0.1123, 0.0862, 0.1489, 0.1413, 0.1623, 0.1673, 0.1817],
        [0.1031, 0.0865, 0.1271, 0.1652, 0.1782, 0.1550, 0.1849],
        [0.1586, 0.1128, 0.1591, 0.1494, 0.1250, 0.1486, 0.1466],
        [0.1107, 0.0827, 0.1107, 0.1823, 0.1842, 0.1753, 0.1541],
        [0.1018, 0.0797, 0.1452, 0.1886, 0.1356, 0.1810, 0.1681],
        [0.0917, 0.0790, 0.1092, 0.2079, 0.1575, 0.1933, 0.1614],
        [0.0816, 0.0757, 0.0853, 0.1768, 0.1709, 0.2278, 0.1818]],
       device='cuda:0', grad_fn=<SoftmaxBackward0>)
tensor([[0.1886, 0.1568, 0.1341, 0.1269, 0.1327, 0.1288, 0.1320],
        [0.1522, 0.1344, 0.1594, 0.1332, 0.1378, 0.1269, 0.1560],
        [0.1872, 0.1528, 0.1371, 0.1323, 0.1288, 0.1388, 0.1230],
        [0.1602, 0.1428, 0.1569, 0.1301, 0.1290, 0.1274, 0.1536],
        [0.1216, 0.1058, 0.1696, 0.1475, 0.1433, 0.1620, 0.1502],
        [0.1993, 0.1654, 0.1147, 0.1359, 0.1352, 0.1288, 0.1207],
        [0.1589, 0.1457, 0.1357, 0.1461, 0.1328, 0.1551, 0.1258],
        [0.1289, 0.1185, 0.1939, 0.1377, 0.1357, 0.1342, 0.1511],
        [0.1267, 0.1137, 0.1753, 0.1633, 0.1518, 0.1300, 0.1392],
        [0.1685, 0.1578, 0.1397, 0.1384, 0.1348, 0.1349, 0.1259],
        [0.1557, 0.1480, 0.1302, 0.1301, 0.1555, 0.1544, 0.1262],
        [0.1113, 0.1093, 0.1792, 0.1335, 0.1541, 0.1453, 0.1673],
        [0.1194, 0.1104, 0.1752, 0.1518, 0.1406, 0.1579, 0.1447],
        [0.1052, 0.1029, 0.1446, 0.1501, 0.1542, 0.1437, 0.1993]],
       device='cuda:0', grad_fn=<SoftmaxBackward0>)
05/26 04:25:37 PM train 000 3.228094e-01 85.416672 100.000000
05/26 04:27:47 PM train 050 3.436150e-01 87.520424 99.734482
05/26 04:30:04 PM train 100 3.464166e-01 87.500000 99.721535
05/26 04:32:12 PM train 150 3.439994e-01 87.686256 99.730957
05/26 04:34:26 PM train 200 3.474565e-01 87.536278 99.740875
05/26 04:36:40 PM train 250 3.507731e-01 87.541504 99.726097
05/26 04:37:04 PM train_corr 0.415756 valid_corr 0.358554
05/26 04:37:04 PM train_acc 87.556000
05/26 04:37:05 PM valid 000 5.895141e-01 79.166672 98.958336
05/26 04:37:17 PM valid 050 5.330206e-01 82.557190 98.917488
05/26 04:37:29 PM valid 100 5.419136e-01 82.147278 98.927399
05/26 04:37:40 PM valid 150 5.329074e-01 82.346855 99.006622
05/26 04:37:51 PM valid 200 5.322562e-01 82.421227 99.082710
05/26 04:38:03 PM valid 250 5.257133e-01 82.602921 99.116035
05/26 04:38:05 PM valid_acc 82.671997
05/26 04:38:06 PM epoch 30 lr 8.625999e-03
05/26 04:38:06 PM epoch 30 lambda_ 1.530612e-01
05/26 04:38:06 PM genotype = Genotype(normal=[('dil_conv_3x3', 1), ('skip_connect', 0), ('dil_conv_5x5', 2), ('sep_conv_3x3', 1), ('max_pool_3x3', 0), ('dil_conv_5x5', 3), ('dil_conv_3x3', 4), ('sep_conv_3x3', 3)], normal_concat=range(2, 6), reduce=[('max_pool_3x3', 0), ('skip_connect', 1), ('max_pool_3x3', 0), ('skip_connect', 2), ('max_pool_3x3', 0), ('skip_connect', 2), ('dil_conv_5x5', 4), ('skip_connect', 2)], reduce_concat=range(2, 6))
tensor([[0.1726, 0.1217, 0.1831, 0.1209, 0.1596, 0.1226, 0.1195],
        [0.1039, 0.0751, 0.1127, 0.1809, 0.1705, 0.1942, 0.1628],
        [0.1693, 0.1229, 0.1697, 0.1431, 0.1252, 0.1519, 0.1179],
        [0.1142, 0.0837, 0.1217, 0.1815, 0.1782, 0.1642, 0.1565],
        [0.1105, 0.0835, 0.1490, 0.1431, 0.1527, 0.1783, 0.1829],
        [0.1807, 0.1255, 0.1696, 0.1354, 0.1509, 0.1229, 0.1151],
        [0.1090, 0.0807, 0.1133, 0.1752, 0.1792, 0.1643, 0.1782],
        [0.1167, 0.0899, 0.1585, 0.1414, 0.1587, 0.1611, 0.1737],
        [0.1071, 0.0905, 0.1355, 0.1641, 0.1739, 0.1491, 0.1797],
        [0.1735, 0.1240, 0.1763, 0.1379, 0.1141, 0.1381, 0.1361],
        [0.1025, 0.0757, 0.1022, 0.1887, 0.1915, 0.1821, 0.1573],
        [0.1016, 0.0799, 0.1489, 0.1879, 0.1339, 0.1776, 0.1703],
        [0.0915, 0.0793, 0.1112, 0.2047, 0.1612, 0.1924, 0.1598],
        [0.0804, 0.0747, 0.0841, 0.1814, 0.1676, 0.2339, 0.1779]],
       device='cuda:0', grad_fn=<SoftmaxBackward0>)
tensor([[0.1898, 0.1581, 0.1350, 0.1261, 0.1314, 0.1284, 0.1312],
        [0.1542, 0.1374, 0.1593, 0.1299, 0.1388, 0.1259, 0.1545],
        [0.1912, 0.1537, 0.1366, 0.1284, 0.1310, 0.1373, 0.1219],
        [0.1644, 0.1473, 0.1535, 0.1291, 0.1286, 0.1262, 0.1508],
        [0.1217, 0.1056, 0.1703, 0.1443, 0.1428, 0.1642, 0.1512],
        [0.2008, 0.1641, 0.1147, 0.1376, 0.1349, 0.1296, 0.1183],
        [0.1600, 0.1473, 0.1351, 0.1499, 0.1308, 0.1527, 0.1242],
        [0.1289, 0.1183, 0.1985, 0.1406, 0.1324, 0.1315, 0.1498],
        [0.1256, 0.1122, 0.1752, 0.1649, 0.1524, 0.1326, 0.1372],
        [0.1704, 0.1603, 0.1419, 0.1352, 0.1332, 0.1356, 0.1234],
        [0.1559, 0.1486, 0.1314, 0.1301, 0.1563, 0.1525, 0.1252],
        [0.1121, 0.1110, 0.1803, 0.1286, 0.1534, 0.1440, 0.1706],
        [0.1192, 0.1099, 0.1756, 0.1511, 0.1384, 0.1613, 0.1445],
        [0.1072, 0.1053, 0.1486, 0.1484, 0.1505, 0.1397, 0.2003]],
       device='cuda:0', grad_fn=<SoftmaxBackward0>)
05/26 04:38:09 PM train 000 3.371764e-01 84.375000 100.000000
05/26 04:40:25 PM train 050 3.337675e-01 88.092323 99.836601
05/26 04:42:45 PM train 100 3.286988e-01 88.201324 99.783417
05/26 04:44:57 PM train 150 3.366993e-01 88.024284 99.793045
05/26 04:47:06 PM train 200 3.385034e-01 88.002693 99.782341
05/26 04:49:14 PM train 250 3.389292e-01 87.910858 99.763451
05/26 04:49:41 PM train_corr 0.504022 valid_corr 0.439538
05/26 04:49:41 PM train_acc 87.835999
05/26 04:49:41 PM valid 000 7.384672e-01 79.166672 100.000000
05/26 04:49:52 PM valid 050 4.900958e-01 83.374184 99.162582
05/26 04:50:04 PM valid 100 4.926120e-01 83.549919 99.226486
05/26 04:50:16 PM valid 150 4.835198e-01 83.864517 99.213577
05/26 04:50:28 PM valid 200 4.893806e-01 83.649460 99.222633
05/26 04:50:39 PM valid 250 4.918756e-01 83.661194 99.157539
05/26 04:50:42 PM valid_acc 83.692001
05/26 04:50:42 PM epoch 31 lr 7.933888e-03
05/26 04:50:42 PM epoch 31 lambda_ 1.581633e-01
05/26 04:50:42 PM genotype = Genotype(normal=[('dil_conv_3x3', 1), ('sep_conv_5x5', 0), ('dil_conv_5x5', 2), ('sep_conv_3x3', 1), ('dil_conv_5x5', 3), ('dil_conv_5x5', 2), ('dil_conv_3x3', 4), ('sep_conv_3x3', 3)], normal_concat=range(2, 6), reduce=[('max_pool_3x3', 0), ('skip_connect', 1), ('max_pool_3x3', 0), ('skip_connect', 2), ('max_pool_3x3', 0), ('skip_connect', 2), ('dil_conv_5x5', 4), ('skip_connect', 2)], reduce_concat=range(2, 6))
tensor([[0.1569, 0.1103, 0.1674, 0.1313, 0.1734, 0.1320, 0.1287],
        [0.1147, 0.0827, 0.1252, 0.1792, 0.1618, 0.1851, 0.1514],
        [0.1537, 0.1113, 0.1546, 0.1558, 0.1341, 0.1642, 0.1263],
        [0.1253, 0.0914, 0.1337, 0.1764, 0.1691, 0.1549, 0.1491],
        [0.1056, 0.0789, 0.1435, 0.1502, 0.1574, 0.1794, 0.1849],
        [0.1642, 0.1137, 0.1543, 0.1462, 0.1650, 0.1318, 0.1248],
        [0.1191, 0.0876, 0.1237, 0.1707, 0.1738, 0.1550, 0.1700],
        [0.1108, 0.0840, 0.1508, 0.1420, 0.1622, 0.1683, 0.1820],
        [0.1020, 0.0846, 0.1280, 0.1643, 0.1787, 0.1553, 0.1870],
        [0.1590, 0.1135, 0.1622, 0.1489, 0.1237, 0.1468, 0.1460],
        [0.1110, 0.0820, 0.1109, 0.1868, 0.1821, 0.1765, 0.1507],
        [0.0992, 0.0768, 0.1455, 0.1870, 0.1351, 0.1846, 0.1718],
        [0.0888, 0.0758, 0.1069, 0.2104, 0.1586, 0.1952, 0.1644],
        [0.0797, 0.0734, 0.0829, 0.1762, 0.1712, 0.2325, 0.1841]],
       device='cuda:0', grad_fn=<SoftmaxBackward0>)
tensor([[0.1850, 0.1514, 0.1364, 0.1283, 0.1371, 0.1277, 0.1341],
        [0.1540, 0.1353, 0.1617, 0.1302, 0.1373, 0.1262, 0.1553],
        [0.1868, 0.1495, 0.1380, 0.1332, 0.1314, 0.1385, 0.1227],
        [0.1629, 0.1450, 0.1567, 0.1291, 0.1302, 0.1254, 0.1507],
        [0.1201, 0.1043, 0.1712, 0.1464, 0.1403, 0.1645, 0.1532],
        [0.1987, 0.1613, 0.1152, 0.1394, 0.1369, 0.1281, 0.1203],
        [0.1596, 0.1458, 0.1353, 0.1458, 0.1337, 0.1547, 0.1251],
        [0.1283, 0.1178, 0.1982, 0.1374, 0.1351, 0.1316, 0.1517],
        [0.1248, 0.1106, 0.1754, 0.1647, 0.1526, 0.1315, 0.1403],
        [0.1654, 0.1541, 0.1412, 0.1387, 0.1374, 0.1365, 0.1267],
        [0.1565, 0.1494, 0.1304, 0.1317, 0.1560, 0.1512, 0.1248],
        [0.1094, 0.1079, 0.1791, 0.1313, 0.1567, 0.1445, 0.1711],
        [0.1162, 0.1070, 0.1736, 0.1532, 0.1449, 0.1591, 0.1460],
        [0.1040, 0.1011, 0.1454, 0.1491, 0.1535, 0.1445, 0.2024]],
       device='cuda:0', grad_fn=<SoftmaxBackward0>)
05/26 04:50:45 PM train 000 3.994836e-01 86.458336 100.000000
05/26 04:52:58 PM train 050 3.193018e-01 88.970589 99.734482
05/26 04:55:09 PM train 100 3.237050e-01 88.675743 99.742165
05/26 04:57:17 PM train 150 3.251988e-01 88.658943 99.730957
05/26 04:59:28 PM train 200 3.282256e-01 88.624588 99.720146
05/26 05:01:39 PM train 250 3.225574e-01 88.815575 99.734398
05/26 05:02:04 PM train_corr 0.561854 valid_corr 0.526280
05/26 05:02:04 PM train_acc 88.807999
05/26 05:02:05 PM valid 000 4.655776e-01 81.250000 100.000000
05/26 05:02:17 PM valid 050 5.540397e-01 81.127449 99.121735
05/26 05:02:29 PM valid 100 5.696728e-01 80.889030 99.082100
05/26 05:02:41 PM valid 150 5.631831e-01 81.112030 99.075607
05/26 05:02:54 PM valid 200 5.608318e-01 81.389923 99.098259
05/26 05:03:08 PM valid 250 5.594692e-01 81.457504 99.120186
05/26 05:03:11 PM valid_acc 81.439995
05/26 05:03:11 PM epoch 32 lr 7.261919e-03
05/26 05:03:11 PM epoch 32 lambda_ 1.632653e-01
05/26 05:03:11 PM genotype = Genotype(normal=[('dil_conv_3x3', 1), ('skip_connect', 0), ('dil_conv_5x5', 2), ('sep_conv_3x3', 1), ('dil_conv_5x5', 3), ('dil_conv_5x5', 2), ('dil_conv_3x3', 4), ('sep_conv_3x3', 3)], normal_concat=range(2, 6), reduce=[('max_pool_3x3', 0), ('skip_connect', 1), ('max_pool_3x3', 0), ('skip_connect', 2), ('skip_connect', 2), ('max_pool_3x3', 0), ('dil_conv_5x5', 4), ('skip_connect', 2)], reduce_concat=range(2, 6))
tensor([[0.1651, 0.1160, 0.1769, 0.1248, 0.1685, 0.1263, 0.1225],
        [0.1097, 0.0787, 0.1201, 0.1787, 0.1654, 0.1918, 0.1555],
        [0.1616, 0.1169, 0.1631, 0.1501, 0.1286, 0.1579, 0.1217],
        [0.1199, 0.0870, 0.1282, 0.1799, 0.1739, 0.1588, 0.1522],
        [0.1066, 0.0794, 0.1468, 0.1461, 0.1559, 0.1801, 0.1851],
        [0.1719, 0.1188, 0.1619, 0.1410, 0.1585, 0.1275, 0.1204],
        [0.1140, 0.0837, 0.1191, 0.1727, 0.1751, 0.1603, 0.1750],
        [0.1119, 0.0848, 0.1551, 0.1417, 0.1592, 0.1661, 0.1811],
        [0.1032, 0.0855, 0.1316, 0.1629, 0.1777, 0.1529, 0.1862],
        [0.1662, 0.1185, 0.1703, 0.1440, 0.1189, 0.1407, 0.1413],
        [0.1061, 0.0780, 0.1061, 0.1915, 0.1878, 0.1783, 0.1523],
        [0.0986, 0.0764, 0.1480, 0.1855, 0.1342, 0.1823, 0.1750],
        [0.0889, 0.0758, 0.1086, 0.2086, 0.1599, 0.1938, 0.1643],
        [0.0789, 0.0725, 0.0820, 0.1772, 0.1701, 0.2364, 0.1829]],
       device='cuda:0', grad_fn=<SoftmaxBackward0>)
tensor([[0.1842, 0.1503, 0.1365, 0.1300, 0.1362, 0.1289, 0.1339],
        [0.1555, 0.1367, 0.1617, 0.1279, 0.1384, 0.1258, 0.1541],
        [0.1880, 0.1481, 0.1381, 0.1313, 0.1328, 0.1383, 0.1234],
        [0.1675, 0.1486, 0.1533, 0.1270, 0.1287, 0.1246, 0.1503],
        [0.1206, 0.1038, 0.1723, 0.1445, 0.1395, 0.1665, 0.1529],
        [0.2005, 0.1599, 0.1163, 0.1403, 0.1360, 0.1278, 0.1192],
        [0.1627, 0.1483, 0.1350, 0.1469, 0.1306, 0.1540, 0.1224],
        [0.1294, 0.1179, 0.2018, 0.1373, 0.1329, 0.1304, 0.1504],
        [0.1249, 0.1095, 0.1769, 0.1650, 0.1513, 0.1338, 0.1386],
        [0.1653, 0.1537, 0.1405, 0.1380, 0.1373, 0.1379, 0.1272],
        [0.1576, 0.1501, 0.1295, 0.1304, 0.1573, 0.1520, 0.1231],
        [0.1093, 0.1079, 0.1801, 0.1297, 0.1561, 0.1435, 0.1734],
        [0.1157, 0.1059, 0.1735, 0.1541, 0.1446, 0.1605, 0.1458],
        [0.1043, 0.1010, 0.1462, 0.1498, 0.1514, 0.1427, 0.2047]],
       device='cuda:0', grad_fn=<SoftmaxBackward0>)
05/26 05:03:14 PM train 000 3.287389e-01 87.500000 100.000000
05/26 05:05:25 PM train 050 3.187541e-01 88.194443 99.795753
05/26 05:07:32 PM train 100 3.080512e-01 88.809822 99.814362
05/26 05:09:46 PM train 150 3.074636e-01 89.072845 99.724060
05/26 05:11:57 PM train 200 3.116634e-01 89.059906 99.735695
05/26 05:14:07 PM train 250 3.127224e-01 89.006477 99.746849
05/26 05:14:35 PM train_corr 0.615240 valid_corr 0.550485
05/26 05:14:35 PM train_acc 89.000000
05/26 05:14:36 PM valid 000 5.505821e-01 87.500000 97.916672
05/26 05:14:50 PM valid 050 4.877855e-01 83.905228 99.448532
05/26 05:15:05 PM valid 100 4.953542e-01 83.714935 99.278053
05/26 05:15:19 PM valid 150 4.943048e-01 83.816223 99.227371
05/26 05:15:34 PM valid 200 4.874444e-01 83.908585 99.243370
05/26 05:15:50 PM valid 250 4.881551e-01 83.806442 99.248840
05/26 05:15:53 PM valid_acc 83.823997
05/26 05:15:53 PM epoch 33 lr 6.612739e-03
05/26 05:15:53 PM epoch 33 lambda_ 1.683673e-01
05/26 05:15:53 PM genotype = Genotype(normal=[('dil_conv_3x3', 1), ('sep_conv_5x5', 0), ('dil_conv_5x5', 2), ('sep_conv_3x3', 1), ('dil_conv_5x5', 3), ('dil_conv_5x5', 2), ('dil_conv_3x3', 4), ('sep_conv_3x3', 3)], normal_concat=range(2, 6), reduce=[('max_pool_3x3', 0), ('skip_connect', 1), ('max_pool_3x3', 0), ('skip_connect', 2), ('skip_connect', 2), ('max_pool_3x3', 0), ('dil_conv_5x5', 4), ('skip_connect', 2)], reduce_concat=range(2, 6))
tensor([[0.1580, 0.1105, 0.1693, 0.1297, 0.1759, 0.1296, 0.1270],
        [0.1156, 0.0825, 0.1267, 0.1759, 0.1611, 0.1883, 0.1500],
        [0.1544, 0.1115, 0.1560, 0.1558, 0.1322, 0.1639, 0.1262],
        [0.1258, 0.0907, 0.1344, 0.1775, 0.1676, 0.1547, 0.1492],
        [0.1040, 0.0767, 0.1437, 0.1498, 0.1585, 0.1821, 0.1852],
        [0.1643, 0.1132, 0.1546, 0.1460, 0.1643, 0.1323, 0.1253],
        [0.1195, 0.0871, 0.1245, 0.1702, 0.1706, 0.1564, 0.1717],
        [0.1083, 0.0812, 0.1506, 0.1413, 0.1601, 0.1711, 0.1875],
        [0.1005, 0.0822, 0.1277, 0.1629, 0.1769, 0.1567, 0.1932],
        [0.1598, 0.1135, 0.1638, 0.1502, 0.1221, 0.1445, 0.1460],
        [0.1112, 0.0814, 0.1111, 0.1905, 0.1835, 0.1757, 0.1466],
        [0.0976, 0.0744, 0.1466, 0.1853, 0.1337, 0.1861, 0.1762],
        [0.0883, 0.0741, 0.1070, 0.2117, 0.1590, 0.1925, 0.1675],
        [0.0795, 0.0719, 0.0818, 0.1695, 0.1730, 0.2353, 0.1890]],
       device='cuda:0', grad_fn=<SoftmaxBackward0>)
tensor([[0.1820, 0.1463, 0.1365, 0.1304, 0.1394, 0.1291, 0.1363],
        [0.1565, 0.1365, 0.1625, 0.1261, 0.1379, 0.1257, 0.1547],
        [0.1863, 0.1461, 0.1389, 0.1354, 0.1322, 0.1383, 0.1227],
        [0.1687, 0.1488, 0.1537, 0.1258, 0.1289, 0.1242, 0.1500],
        [0.1206, 0.1020, 0.1725, 0.1439, 0.1388, 0.1672, 0.1550],
        [0.1988, 0.1577, 0.1168, 0.1425, 0.1384, 0.1257, 0.1202],
        [0.1649, 0.1495, 0.1342, 0.1453, 0.1310, 0.1537, 0.1215],
        [0.1297, 0.1164, 0.2017, 0.1348, 0.1342, 0.1321, 0.1511],
        [0.1240, 0.1074, 0.1763, 0.1657, 0.1508, 0.1336, 0.1422],
        [0.1615, 0.1497, 0.1402, 0.1397, 0.1406, 0.1390, 0.1294],
        [0.1591, 0.1506, 0.1282, 0.1310, 0.1563, 0.1516, 0.1232],
        [0.1077, 0.1046, 0.1768, 0.1324, 0.1596, 0.1453, 0.1735],
        [0.1136, 0.1031, 0.1709, 0.1566, 0.1493, 0.1597, 0.1468],
        [0.1020, 0.0979, 0.1438, 0.1518, 0.1528, 0.1454, 0.2062]],
       device='cuda:0', grad_fn=<SoftmaxBackward0>)
05/26 05:15:57 PM train 000 3.741076e-01 85.416672 98.958336
05/26 05:18:06 PM train 050 2.950816e-01 89.665031 99.754906
05/26 05:20:18 PM train 100 2.926802e-01 89.593651 99.804047
05/26 05:22:31 PM train 150 2.907482e-01 89.652321 99.793045
05/26 05:24:34 PM train 200 2.940861e-01 89.541878 99.792702
05/26 05:26:48 PM train 250 2.938149e-01 89.562584 99.780052
05/26 05:27:18 PM train_corr 0.628151 valid_corr 0.562136
05/26 05:27:18 PM train_acc 89.528000
05/26 05:27:18 PM valid 000 6.588217e-01 80.208328 97.916672
05/26 05:27:33 PM valid 050 5.070959e-01 83.292488 98.999184
05/26 05:27:48 PM valid 100 4.938334e-01 83.704620 99.133667
05/26 05:28:03 PM valid 150 4.916519e-01 83.602371 99.137695
05/26 05:28:15 PM valid 200 4.870140e-01 83.525085 99.155266
05/26 05:28:27 PM valid 250 4.891304e-01 83.470291 99.199043
05/26 05:28:30 PM valid_acc 83.447998
05/26 05:28:30 PM epoch 34 lr 5.988904e-03
05/26 05:28:30 PM epoch 34 lambda_ 1.734694e-01
05/26 05:28:30 PM genotype = Genotype(normal=[('sep_conv_5x5', 0), ('dil_conv_3x3', 1), ('dil_conv_5x5', 2), ('dil_conv_3x3', 0), ('dil_conv_5x5', 3), ('dil_conv_5x5', 2), ('dil_conv_3x3', 4), ('sep_conv_3x3', 3)], normal_concat=range(2, 6), reduce=[('max_pool_3x3', 0), ('skip_connect', 1), ('max_pool_3x3', 0), ('skip_connect', 2), ('skip_connect', 2), ('max_pool_3x3', 0), ('dil_conv_5x5', 4), ('dil_conv_5x5', 2)], reduce_concat=range(2, 6))
tensor([[0.1452, 0.1014, 0.1556, 0.1386, 0.1866, 0.1365, 0.1361],
        [0.1268, 0.0906, 0.1394, 0.1696, 0.1527, 0.1792, 0.1416],
        [0.1417, 0.1022, 0.1432, 0.1651, 0.1388, 0.1749, 0.1341],
        [0.1371, 0.0986, 0.1463, 0.1711, 0.1587, 0.1466, 0.1416],
        [0.0995, 0.0728, 0.1379, 0.1571, 0.1626, 0.1841, 0.1861],
        [0.1508, 0.1038, 0.1420, 0.1550, 0.1744, 0.1408, 0.1331],
        [0.1299, 0.0945, 0.1351, 0.1643, 0.1636, 0.1491, 0.1636],
        [0.1026, 0.0763, 0.1430, 0.1414, 0.1634, 0.1783, 0.1949],
        [0.0961, 0.0780, 0.1212, 0.1633, 0.1765, 0.1628, 0.2022],
        [0.1479, 0.1048, 0.1516, 0.1602, 0.1288, 0.1517, 0.1550],
        [0.1210, 0.0886, 0.1208, 0.1845, 0.1755, 0.1701, 0.1395],
        [0.0962, 0.0722, 0.1446, 0.1870, 0.1342, 0.1906, 0.1752],
        [0.0875, 0.0726, 0.1050, 0.2160, 0.1557, 0.1917, 0.1714],
        [0.0804, 0.0721, 0.0823, 0.1613, 0.1767, 0.2312, 0.1958]],
       device='cuda:0', grad_fn=<SoftmaxBackward0>)
tensor([[0.1787, 0.1414, 0.1363, 0.1326, 0.1439, 0.1279, 0.1392],
        [0.1566, 0.1353, 0.1621, 0.1248, 0.1373, 0.1267, 0.1571],
        [0.1843, 0.1431, 0.1399, 0.1387, 0.1314, 0.1399, 0.1227],
        [0.1678, 0.1470, 0.1550, 0.1241, 0.1301, 0.1245, 0.1516],
        [0.1200, 0.0997, 0.1722, 0.1452, 0.1365, 0.1681, 0.1582],
        [0.1971, 0.1554, 0.1163, 0.1436, 0.1420, 0.1242, 0.1214],
        [0.1655, 0.1486, 0.1324, 0.1411, 0.1345, 0.1558, 0.1219],
        [0.1295, 0.1147, 0.2017, 0.1319, 0.1360, 0.1346, 0.1517],
        [0.1231, 0.1061, 0.1777, 0.1645, 0.1492, 0.1331, 0.1462],
        [0.1566, 0.1446, 0.1411, 0.1427, 0.1443, 0.1381, 0.1326],
        [0.1598, 0.1508, 0.1278, 0.1310, 0.1552, 0.1537, 0.1217],
        [0.1052, 0.1006, 0.1728, 0.1351, 0.1655, 0.1467, 0.1740],
        [0.1119, 0.1010, 0.1701, 0.1583, 0.1547, 0.1566, 0.1473],
        [0.0999, 0.0952, 0.1421, 0.1531, 0.1553, 0.1498, 0.2048]],
       device='cuda:0', grad_fn=<SoftmaxBackward0>)
05/26 05:28:33 PM train 000 3.033022e-01 89.583336 100.000000
05/26 05:30:47 PM train 050 2.703487e-01 90.482025 99.897881
05/26 05:32:57 PM train 100 2.733930e-01 90.449677 99.834984
05/26 05:35:06 PM train 150 2.799497e-01 90.231789 99.820641
05/26 05:37:16 PM train 200 2.770053e-01 90.371063 99.828979
05/26 05:39:31 PM train 250 2.830472e-01 90.209999 99.800797
05/26 05:39:57 PM train_corr 0.667583 valid_corr 0.585799
05/26 05:39:57 PM train_acc 90.152000
05/26 05:39:58 PM valid 000 5.571713e-01 79.166672 97.916672
05/26 05:40:09 PM valid 050 4.917890e-01 83.394608 99.060455
05/26 05:40:21 PM valid 100 5.024313e-01 83.116753 99.092415
05/26 05:40:33 PM valid 150 5.019436e-01 83.140175 99.151489
05/26 05:40:44 PM valid 200 4.933429e-01 83.452530 99.181175
05/26 05:40:55 PM valid 250 4.950038e-01 83.374840 99.190742
05/26 05:40:57 PM valid_acc 83.411995
05/26 05:40:58 PM epoch 35 lr 5.392869e-03
05/26 05:40:58 PM epoch 35 lambda_ 1.785714e-01
05/26 05:40:58 PM genotype = Genotype(normal=[('sep_conv_5x5', 0), ('dil_conv_3x3', 1), ('dil_conv_3x3', 2), ('dil_conv_3x3', 0), ('dil_conv_5x5', 3), ('dil_conv_5x5', 2), ('dil_conv_3x3', 4), ('sep_conv_3x3', 3)], normal_concat=range(2, 6), reduce=[('max_pool_3x3', 0), ('skip_connect', 1), ('max_pool_3x3', 0), ('skip_connect', 2), ('skip_connect', 2), ('max_pool_3x3', 0), ('dil_conv_5x5', 4), ('dil_conv_5x5', 2)], reduce_concat=range(2, 6))
tensor([[0.1386, 0.0966, 0.1485, 0.1431, 0.1918, 0.1405, 0.1409],
        [0.1331, 0.0950, 0.1466, 0.1660, 0.1486, 0.1737, 0.1369],
        [0.1354, 0.0975, 0.1368, 0.1702, 0.1423, 0.1802, 0.1376],
        [0.1431, 0.1026, 0.1527, 0.1686, 0.1541, 0.1419, 0.1370],
        [0.0970, 0.0706, 0.1353, 0.1597, 0.1636, 0.1878, 0.1860],
        [0.1444, 0.0991, 0.1357, 0.1593, 0.1790, 0.1448, 0.1376],
        [0.1358, 0.0982, 0.1407, 0.1624, 0.1590, 0.1445, 0.1595],
        [0.1001, 0.0738, 0.1396, 0.1401, 0.1654, 0.1816, 0.1994],
        [0.0938, 0.0755, 0.1180, 0.1628, 0.1780, 0.1658, 0.2060],
        [0.1417, 0.1003, 0.1453, 0.1658, 0.1322, 0.1554, 0.1593],
        [0.1259, 0.0920, 0.1255, 0.1813, 0.1728, 0.1663, 0.1361],
        [0.0944, 0.0703, 0.1425, 0.1887, 0.1333, 0.1942, 0.1766],
        [0.0864, 0.0713, 0.1037, 0.2188, 0.1548, 0.1909, 0.1741],
        [0.0801, 0.0715, 0.0817, 0.1564, 0.1787, 0.2316, 0.2001]],
       device='cuda:0', grad_fn=<SoftmaxBackward0>)
tensor([[0.1803, 0.1407, 0.1358, 0.1322, 0.1446, 0.1266, 0.1399],
        [0.1569, 0.1352, 0.1621, 0.1249, 0.1372, 0.1268, 0.1568],
        [0.1856, 0.1428, 0.1396, 0.1404, 0.1309, 0.1388, 0.1219],
        [0.1680, 0.1474, 0.1551, 0.1224, 0.1304, 0.1242, 0.1526],
        [0.1187, 0.0982, 0.1732, 0.1455, 0.1351, 0.1696, 0.1597],
        [0.1983, 0.1547, 0.1155, 0.1447, 0.1432, 0.1230, 0.1206],
        [0.1658, 0.1484, 0.1312, 0.1392, 0.1366, 0.1574, 0.1213],
        [0.1286, 0.1136, 0.2023, 0.1304, 0.1366, 0.1364, 0.1521],
        [0.1224, 0.1051, 0.1788, 0.1658, 0.1470, 0.1332, 0.1479],
        [0.1552, 0.1426, 0.1410, 0.1441, 0.1457, 0.1372, 0.1343],
        [0.1603, 0.1515, 0.1253, 0.1313, 0.1543, 0.1550, 0.1222],
        [0.1038, 0.0986, 0.1725, 0.1371, 0.1667, 0.1474, 0.1740],
        [0.1104, 0.0996, 0.1702, 0.1585, 0.1582, 0.1543, 0.1489],
        [0.0986, 0.0936, 0.1417, 0.1549, 0.1549, 0.1544, 0.2020]],
       device='cuda:0', grad_fn=<SoftmaxBackward0>)
05/26 05:41:00 PM train 000 3.057480e-01 87.500000 100.000000
05/26 05:43:15 PM train 050 2.417270e-01 91.360298 99.775330
05/26 05:45:27 PM train 100 2.552757e-01 90.944725 99.834984
05/26 05:47:40 PM train 150 2.598870e-01 90.673286 99.834435
05/26 05:49:47 PM train 200 2.616893e-01 90.656097 99.808250
05/26 05:51:57 PM train 250 2.617650e-01 90.678955 99.817398
05/26 05:52:20 PM train_corr 0.658614 valid_corr 0.564457
05/26 05:52:20 PM train_acc 90.664001
05/26 05:52:20 PM valid 000 5.887374e-01 82.291672 100.000000
05/26 05:52:30 PM valid 050 5.463143e-01 82.128265 99.203430
05/26 05:52:41 PM valid 100 5.311811e-01 82.693893 99.195549
05/26 05:52:52 PM valid 150 5.299985e-01 82.802155 99.199776
05/26 05:53:02 PM valid 200 5.244415e-01 82.939468 99.243370
05/26 05:53:13 PM valid 250 5.317225e-01 82.864380 99.215637
05/26 05:53:15 PM valid_acc 82.879997
05/26 05:53:16 PM epoch 36 lr 4.826977e-03
05/26 05:53:16 PM epoch 36 lambda_ 1.836735e-01
05/26 05:53:16 PM genotype = Genotype(normal=[('dil_conv_3x3', 1), ('sep_conv_5x5', 0), ('dil_conv_5x5', 2), ('sep_conv_3x3', 1), ('dil_conv_5x5', 3), ('dil_conv_5x5', 2), ('dil_conv_3x3', 4), ('sep_conv_3x3', 3)], normal_concat=range(2, 6), reduce=[('max_pool_3x3', 0), ('skip_connect', 1), ('max_pool_3x3', 0), ('skip_connect', 2), ('skip_connect', 2), ('max_pool_3x3', 0), ('dil_conv_5x5', 4), ('dil_conv_5x5', 2)], reduce_concat=range(2, 6))
tensor([[0.1510, 0.1051, 0.1622, 0.1343, 0.1826, 0.1334, 0.1315],
        [0.1222, 0.0869, 0.1348, 0.1733, 0.1556, 0.1843, 0.1430],
        [0.1471, 0.1058, 0.1488, 0.1612, 0.1354, 0.1706, 0.1310],
        [0.1329, 0.0948, 0.1419, 0.1748, 0.1629, 0.1495, 0.1433],
        [0.1004, 0.0726, 0.1415, 0.1515, 0.1592, 0.1871, 0.1878],
        [0.1564, 0.1071, 0.1471, 0.1512, 0.1702, 0.1374, 0.1307],
        [0.1258, 0.0904, 0.1301, 0.1691, 0.1649, 0.1526, 0.1672],
        [0.1047, 0.0767, 0.1476, 0.1381, 0.1585, 0.1778, 0.1966],
        [0.0978, 0.0782, 0.1241, 0.1611, 0.1770, 0.1607, 0.2010],
        [0.1535, 0.1085, 0.1577, 0.1569, 0.1253, 0.1467, 0.1514],
        [0.1166, 0.0847, 0.1162, 0.1901, 0.1793, 0.1729, 0.1403],
        [0.0958, 0.0712, 0.1471, 0.1854, 0.1309, 0.1897, 0.1800],
        [0.0871, 0.0716, 0.1064, 0.2113, 0.1591, 0.1927, 0.1718],
        [0.0797, 0.0711, 0.0816, 0.1583, 0.1759, 0.2372, 0.1962]],
       device='cuda:0', grad_fn=<SoftmaxBackward0>)
tensor([[0.1800, 0.1432, 0.1367, 0.1313, 0.1420, 0.1281, 0.1386],
        [0.1571, 0.1366, 0.1632, 0.1243, 0.1366, 0.1263, 0.1559],
        [0.1871, 0.1436, 0.1407, 0.1392, 0.1301, 0.1372, 0.1220],
        [0.1704, 0.1498, 0.1526, 0.1218, 0.1298, 0.1249, 0.1507],
        [0.1177, 0.0987, 0.1749, 0.1441, 0.1371, 0.1707, 0.1567],
        [0.2003, 0.1547, 0.1186, 0.1442, 0.1396, 0.1232, 0.1194],
        [0.1662, 0.1480, 0.1345, 0.1440, 0.1314, 0.1554, 0.1204],
        [0.1283, 0.1141, 0.2059, 0.1321, 0.1356, 0.1339, 0.1501],
        [0.1219, 0.1046, 0.1787, 0.1687, 0.1485, 0.1333, 0.1443],
        [0.1560, 0.1452, 0.1421, 0.1424, 0.1453, 0.1368, 0.1323],
        [0.1575, 0.1495, 0.1264, 0.1305, 0.1575, 0.1567, 0.1219],
        [0.1034, 0.1001, 0.1750, 0.1343, 0.1622, 0.1470, 0.1780],
        [0.1105, 0.1003, 0.1721, 0.1582, 0.1540, 0.1568, 0.1481],
        [0.0982, 0.0946, 0.1429, 0.1555, 0.1503, 0.1505, 0.2079]],
       device='cuda:0', grad_fn=<SoftmaxBackward0>)
05/26 05:53:19 PM train 000 1.389906e-01 93.750000 100.000000
05/26 05:55:27 PM train 050 2.490668e-01 90.951797 99.877449
05/26 05:57:40 PM train 100 2.516771e-01 90.913780 99.845299
05/26 05:59:53 PM train 150 2.478767e-01 91.080299 99.834435
05/26 06:02:01 PM train 200 2.472912e-01 91.070686 99.849709
05/26 06:04:10 PM train 250 2.506464e-01 91.048309 99.850601
05/26 06:04:36 PM train_corr 0.712231 valid_corr 0.644105
05/26 06:04:36 PM train_acc 91.003998
05/26 06:04:37 PM valid 000 5.488195e-01 80.208328 98.958336
05/26 06:04:49 PM valid 050 4.879812e-01 83.537582 99.203430
05/26 06:05:01 PM valid 100 4.933360e-01 83.477722 99.154297
05/26 06:05:13 PM valid 150 4.921710e-01 83.512695 99.227371
05/26 06:05:24 PM valid 200 4.906135e-01 83.639099 99.243370
05/26 06:05:35 PM valid 250 4.913761e-01 83.520088 99.215637
05/26 06:05:37 PM valid_acc 83.547997
05/26 06:05:37 PM epoch 37 lr 4.293451e-03
05/26 06:05:37 PM epoch 37 lambda_ 1.887755e-01
05/26 06:05:37 PM genotype = Genotype(normal=[('sep_conv_5x5', 0), ('dil_conv_3x3', 1), ('dil_conv_3x3', 2), ('dil_conv_3x3', 0), ('dil_conv_5x5', 3), ('dil_conv_5x5', 2), ('dil_conv_3x3', 4), ('sep_conv_3x3', 3)], normal_concat=range(2, 6), reduce=[('max_pool_3x3', 0), ('skip_connect', 1), ('max_pool_3x3', 0), ('skip_connect', 2), ('skip_connect', 2), ('max_pool_3x3', 0), ('dil_conv_5x5', 4), ('dil_conv_5x5', 2)], reduce_concat=range(2, 6))
tensor([[0.1406, 0.0977, 0.1510, 0.1413, 0.1916, 0.1392, 0.1386],
        [0.1322, 0.0936, 0.1460, 0.1661, 0.1491, 0.1768, 0.1362],
        [0.1373, 0.0986, 0.1388, 0.1690, 0.1404, 0.1789, 0.1370],
        [0.1428, 0.1011, 0.1523, 0.1693, 0.1551, 0.1422, 0.1372],
        [0.0969, 0.0696, 0.1374, 0.1564, 0.1623, 0.1903, 0.1872],
        [0.1462, 0.0998, 0.1372, 0.1587, 0.1781, 0.1432, 0.1368],
        [0.1351, 0.0966, 0.1397, 0.1634, 0.1589, 0.1456, 0.1608],
        [0.1005, 0.0729, 0.1421, 0.1369, 0.1613, 0.1823, 0.2040],
        [0.0941, 0.0745, 0.1190, 0.1594, 0.1784, 0.1665, 0.2081],
        [0.1442, 0.1016, 0.1482, 0.1645, 0.1304, 0.1527, 0.1584],
        [0.1248, 0.0903, 0.1243, 0.1850, 0.1728, 0.1683, 0.1345],
        [0.0941, 0.0689, 0.1451, 0.1878, 0.1315, 0.1939, 0.1787],
        [0.0853, 0.0692, 0.1033, 0.2157, 0.1577, 0.1914, 0.1774],
        [0.0800, 0.0709, 0.0815, 0.1510, 0.1789, 0.2345, 0.2031]],
       device='cuda:0', grad_fn=<SoftmaxBackward0>)
tensor([[0.1821, 0.1409, 0.1359, 0.1311, 0.1442, 0.1263, 0.1397],
        [0.1611, 0.1384, 0.1617, 0.1230, 0.1348, 0.1265, 0.1546],
        [0.1879, 0.1422, 0.1399, 0.1432, 0.1287, 0.1375, 0.1206],
        [0.1744, 0.1523, 0.1525, 0.1192, 0.1276, 0.1224, 0.1515],
        [0.1177, 0.0979, 0.1779, 0.1438, 0.1343, 0.1683, 0.1601],
        [0.2010, 0.1547, 0.1160, 0.1433, 0.1429, 0.1216, 0.1205],
        [0.1698, 0.1504, 0.1327, 0.1392, 0.1335, 0.1554, 0.1190],
        [0.1289, 0.1142, 0.2089, 0.1283, 0.1347, 0.1350, 0.1501],
        [0.1219, 0.1043, 0.1813, 0.1689, 0.1457, 0.1314, 0.1464],
        [0.1541, 0.1423, 0.1404, 0.1449, 0.1490, 0.1354, 0.1340],
        [0.1620, 0.1525, 0.1239, 0.1286, 0.1566, 0.1559, 0.1205],
        [0.1016, 0.0975, 0.1743, 0.1377, 0.1643, 0.1464, 0.1782],
        [0.1092, 0.0988, 0.1726, 0.1591, 0.1583, 0.1537, 0.1483],
        [0.0965, 0.0923, 0.1418, 0.1567, 0.1518, 0.1558, 0.2051]],
       device='cuda:0', grad_fn=<SoftmaxBackward0>)
05/26 06:05:40 PM train 000 1.914068e-01 90.625000 100.000000
05/26 06:07:52 PM train 050 2.296813e-01 91.809639 99.897881
05/26 06:10:05 PM train 100 2.310802e-01 92.007019 99.896866
05/26 06:12:17 PM train 150 2.306875e-01 92.004692 99.882729
05/26 06:14:27 PM train 200 2.313028e-01 91.993156 99.891167
05/26 06:16:39 PM train 250 2.301760e-01 91.969627 99.896248
05/26 06:17:04 PM train_corr 0.689987 valid_corr 0.565085
05/26 06:17:04 PM train_acc 91.972000
05/26 06:17:04 PM valid 000 4.097777e-01 86.458336 100.000000
05/26 06:17:16 PM valid 050 5.393448e-01 82.843140 99.080887
05/26 06:17:28 PM valid 100 5.135638e-01 83.250824 99.143982
05/26 06:17:40 PM valid 150 5.004903e-01 83.567879 99.220474
05/26 06:17:52 PM valid 200 5.074192e-01 83.364426 99.217453
05/26 06:18:03 PM valid 250 5.085909e-01 83.470291 99.169991
05/26 06:18:06 PM valid_acc 83.495995
05/26 06:18:06 PM epoch 38 lr 3.794383e-03
05/26 06:18:06 PM epoch 38 lambda_ 1.938776e-01
05/26 06:18:06 PM genotype = Genotype(normal=[('sep_conv_5x5', 0), ('dil_conv_3x3', 1), ('dil_conv_3x3', 2), ('dil_conv_3x3', 0), ('dil_conv_5x5', 3), ('dil_conv_5x5', 2), ('dil_conv_3x3', 4), ('sep_conv_3x3', 3)], normal_concat=range(2, 6), reduce=[('max_pool_3x3', 0), ('max_pool_3x3', 1), ('max_pool_3x3', 0), ('skip_connect', 2), ('skip_connect', 2), ('max_pool_3x3', 0), ('dil_conv_5x5', 4), ('dil_conv_5x5', 2)], reduce_concat=range(2, 6))
tensor([[0.1349, 0.0936, 0.1449, 0.1447, 0.1974, 0.1418, 0.1427],
        [0.1380, 0.0975, 0.1528, 0.1612, 0.1453, 0.1728, 0.1325],
        [0.1315, 0.0945, 0.1331, 0.1737, 0.1433, 0.1838, 0.1400],
        [0.1478, 0.1044, 0.1579, 0.1672, 0.1513, 0.1382, 0.1333],
        [0.0943, 0.0675, 0.1351, 0.1578, 0.1645, 0.1915, 0.1893],
        [0.1404, 0.0958, 0.1318, 0.1631, 0.1824, 0.1463, 0.1402],
        [0.1405, 0.1000, 0.1453, 0.1601, 0.1553, 0.1415, 0.1572],
        [0.0982, 0.0709, 0.1400, 0.1367, 0.1618, 0.1840, 0.2084],
        [0.0924, 0.0727, 0.1171, 0.1573, 0.1778, 0.1687, 0.2139],
        [0.1390, 0.0978, 0.1429, 0.1685, 0.1332, 0.1559, 0.1627],
        [0.1294, 0.0935, 0.1291, 0.1829, 0.1686, 0.1658, 0.1307],
        [0.0927, 0.0678, 0.1458, 0.1885, 0.1305, 0.1964, 0.1784],
        [0.0848, 0.0685, 0.1031, 0.2170, 0.1554, 0.1915, 0.1797],
        [0.0797, 0.0704, 0.0812, 0.1470, 0.1816, 0.2342, 0.2059]],
       device='cuda:0', grad_fn=<SoftmaxBackward0>)
tensor([[0.1851, 0.1408, 0.1355, 0.1311, 0.1446, 0.1237, 0.1392],
        [0.1636, 0.1399, 0.1611, 0.1216, 0.1336, 0.1274, 0.1527],
        [0.1904, 0.1424, 0.1404, 0.1434, 0.1273, 0.1375, 0.1187],
        [0.1760, 0.1540, 0.1535, 0.1178, 0.1242, 0.1222, 0.1522],
        [0.1168, 0.0975, 0.1807, 0.1445, 0.1323, 0.1670, 0.1614],
        [0.2035, 0.1560, 0.1153, 0.1431, 0.1439, 0.1198, 0.1185],
        [0.1706, 0.1506, 0.1319, 0.1382, 0.1357, 0.1551, 0.1180],
        [0.1278, 0.1136, 0.2118, 0.1274, 0.1334, 0.1358, 0.1502],
        [0.1212, 0.1041, 0.1834, 0.1671, 0.1456, 0.1319, 0.1467],
        [0.1545, 0.1422, 0.1383, 0.1448, 0.1508, 0.1344, 0.1350],
        [0.1646, 0.1551, 0.1224, 0.1278, 0.1563, 0.1547, 0.1190],
        [0.1000, 0.0960, 0.1747, 0.1387, 0.1642, 0.1468, 0.1795],
        [0.1084, 0.0981, 0.1736, 0.1582, 0.1606, 0.1515, 0.1497],
        [0.0954, 0.0912, 0.1419, 0.1565, 0.1514, 0.1583, 0.2051]],
       device='cuda:0', grad_fn=<SoftmaxBackward0>)
05/26 06:18:09 PM train 000 1.950225e-01 93.750000 98.958336
05/26 06:20:13 PM train 050 2.440294e-01 91.053925 99.877449
05/26 06:22:31 PM train 100 2.319468e-01 91.429459 99.876244
05/26 06:24:49 PM train 150 2.330171e-01 91.618378 99.875824
05/26 06:27:01 PM train 200 2.306185e-01 91.718491 99.875626
05/26 06:29:12 PM train 250 2.299401e-01 91.816071 99.896248
05/26 06:29:41 PM train_corr 0.729355 valid_corr 0.639672
05/26 06:29:41 PM train_acc 91.851997
05/26 06:29:41 PM valid 000 2.583894e-01 93.750000 100.000000
05/26 06:29:51 PM valid 050 4.435684e-01 85.416664 99.550652
05/26 06:30:02 PM valid 100 4.753056e-01 84.931931 99.360565
05/26 06:30:12 PM valid 150 4.698505e-01 85.016556 99.392937
05/26 06:30:23 PM valid 200 4.678865e-01 85.002075 99.378113
05/26 06:30:34 PM valid 250 4.689785e-01 84.972610 99.369194
05/26 06:30:36 PM valid_acc 84.923996
05/26 06:30:37 PM epoch 39 lr 3.331723e-03
05/26 06:30:37 PM epoch 39 lambda_ 1.989796e-01
05/26 06:30:37 PM genotype = Genotype(normal=[('sep_conv_5x5', 0), ('dil_conv_3x3', 1), ('dil_conv_3x3', 2), ('dil_conv_3x3', 0), ('dil_conv_5x5', 3), ('dil_conv_5x5', 2), ('dil_conv_3x3', 4), ('sep_conv_3x3', 3)], normal_concat=range(2, 6), reduce=[('max_pool_3x3', 0), ('max_pool_3x3', 1), ('max_pool_3x3', 0), ('skip_connect', 2), ('skip_connect', 2), ('max_pool_3x3', 0), ('dil_conv_5x5', 4), ('dil_conv_5x5', 2)], reduce_concat=range(2, 6))
tensor([[0.1335, 0.0925, 0.1435, 0.1453, 0.1994, 0.1423, 0.1434],
        [0.1393, 0.0982, 0.1547, 0.1593, 0.1442, 0.1729, 0.1314],
        [0.1302, 0.0935, 0.1321, 0.1749, 0.1436, 0.1853, 0.1404],
        [0.1492, 0.1051, 0.1597, 0.1660, 0.1502, 0.1374, 0.1325],
        [0.0928, 0.0665, 0.1349, 0.1561, 0.1648, 0.1940, 0.1908],
        [0.1389, 0.0946, 0.1303, 0.1642, 0.1838, 0.1468, 0.1413],
        [0.1416, 0.1005, 0.1466, 0.1585, 0.1554, 0.1412, 0.1562],
        [0.0969, 0.0698, 0.1401, 0.1367, 0.1598, 0.1861, 0.2106],
        [0.0911, 0.0716, 0.1163, 0.1555, 0.1797, 0.1694, 0.2165],
        [0.1377, 0.0968, 0.1418, 0.1692, 0.1345, 0.1562, 0.1638],
        [0.1303, 0.0939, 0.1301, 0.1836, 0.1684, 0.1643, 0.1295],
        [0.0911, 0.0666, 0.1460, 0.1891, 0.1297, 0.1971, 0.1802],
        [0.0834, 0.0673, 0.1020, 0.2185, 0.1573, 0.1916, 0.1799],
        [0.0793, 0.0698, 0.0806, 0.1447, 0.1828, 0.2365, 0.2064]],
       device='cuda:0', grad_fn=<SoftmaxBackward0>)
tensor([[0.1853, 0.1397, 0.1364, 0.1306, 0.1453, 0.1232, 0.1394],
        [0.1652, 0.1407, 0.1610, 0.1207, 0.1330, 0.1273, 0.1522],
        [0.1896, 0.1410, 0.1402, 0.1445, 0.1278, 0.1379, 0.1191],
        [0.1768, 0.1551, 0.1531, 0.1175, 0.1239, 0.1219, 0.1517],
        [0.1147, 0.0961, 0.1816, 0.1444, 0.1335, 0.1666, 0.1633],
        [0.2045, 0.1553, 0.1142, 0.1432, 0.1453, 0.1198, 0.1176],
        [0.1715, 0.1514, 0.1321, 0.1385, 0.1354, 0.1546, 0.1165],
        [0.1262, 0.1129, 0.2151, 0.1272, 0.1330, 0.1352, 0.1504],
        [0.1199, 0.1033, 0.1848, 0.1687, 0.1454, 0.1318, 0.1461],
        [0.1536, 0.1412, 0.1382, 0.1458, 0.1526, 0.1336, 0.1350],
        [0.1656, 0.1570, 0.1219, 0.1274, 0.1559, 0.1537, 0.1186],
        [0.0988, 0.0953, 0.1768, 0.1393, 0.1629, 0.1472, 0.1796],
        [0.1074, 0.0973, 0.1749, 0.1594, 0.1622, 0.1501, 0.1486],
        [0.0941, 0.0904, 0.1421, 0.1571, 0.1517, 0.1588, 0.2057]],
       device='cuda:0', grad_fn=<SoftmaxBackward0>)
05/26 06:30:40 PM train 000 2.867037e-01 90.625000 100.000000
05/26 06:32:57 PM train 050 2.071568e-01 92.708336 99.938728
05/26 06:35:07 PM train 100 2.054531e-01 92.770218 99.917496
05/26 06:37:16 PM train 150 2.060295e-01 92.784218 99.924118
05/26 06:39:28 PM train 200 2.063559e-01 92.744614 99.906715
05/26 06:41:43 PM train 250 2.080855e-01 92.658539 99.908699
05/26 06:42:08 PM train_corr 0.745482 valid_corr 0.638105
05/26 06:42:08 PM train_acc 92.607994
05/26 06:42:08 PM valid 000 3.803700e-01 85.416672 98.958336
05/26 06:42:19 PM valid 050 5.358570e-01 82.965691 99.264709
05/26 06:42:29 PM valid 100 5.398725e-01 82.962051 99.174919
05/26 06:42:41 PM valid 150 5.243447e-01 83.140175 99.303253
05/26 06:42:54 PM valid 200 5.244662e-01 83.094940 99.315918
05/26 06:43:06 PM valid 250 5.282828e-01 82.984734 99.294495
05/26 06:43:08 PM valid_acc 82.979996
05/26 06:43:09 PM epoch 40 lr 2.907274e-03
05/26 06:43:09 PM epoch 40 lambda_ 2.040816e-01
05/26 06:43:09 PM genotype = Genotype(normal=[('sep_conv_5x5', 0), ('dil_conv_3x3', 1), ('dil_conv_3x3', 2), ('dil_conv_3x3', 0), ('dil_conv_5x5', 3), ('dil_conv_5x5', 2), ('dil_conv_3x3', 4), ('sep_conv_3x3', 3)], normal_concat=range(2, 6), reduce=[('max_pool_3x3', 0), ('max_pool_3x3', 1), ('max_pool_3x3', 0), ('skip_connect', 2), ('skip_connect', 2), ('max_pool_3x3', 0), ('dil_conv_5x5', 4), ('dil_conv_5x5', 2)], reduce_concat=range(2, 6))
tensor([[0.1300, 0.0901, 0.1398, 0.1477, 0.2027, 0.1434, 0.1463],
        [0.1427, 0.1004, 0.1588, 0.1567, 0.1419, 0.1705, 0.1291],
        [0.1268, 0.0910, 0.1287, 0.1774, 0.1451, 0.1887, 0.1424],
        [0.1520, 0.1069, 0.1631, 0.1638, 0.1485, 0.1357, 0.1300],
        [0.0906, 0.0648, 0.1333, 0.1558, 0.1661, 0.1971, 0.1923],
        [0.1353, 0.0921, 0.1271, 0.1672, 0.1865, 0.1482, 0.1435],
        [0.1441, 0.1021, 0.1496, 0.1569, 0.1539, 0.1392, 0.1542],
        [0.0948, 0.0683, 0.1386, 0.1363, 0.1601, 0.1892, 0.2129],
        [0.0897, 0.0705, 0.1152, 0.1544, 0.1798, 0.1720, 0.2184],
        [0.1343, 0.0945, 0.1386, 0.1722, 0.1366, 0.1574, 0.1665],
        [0.1325, 0.0955, 0.1327, 0.1822, 0.1665, 0.1630, 0.1276],
        [0.0890, 0.0649, 0.1450, 0.1908, 0.1286, 0.2008, 0.1809],
        [0.0826, 0.0664, 0.1016, 0.2195, 0.1573, 0.1903, 0.1823],
        [0.0788, 0.0692, 0.0803, 0.1414, 0.1825, 0.2390, 0.2088]],
       device='cuda:0', grad_fn=<SoftmaxBackward0>)
tensor([[0.1874, 0.1398, 0.1354, 0.1302, 0.1461, 0.1227, 0.1384],
        [0.1677, 0.1421, 0.1621, 0.1194, 0.1317, 0.1270, 0.1500],
        [0.1922, 0.1422, 0.1397, 0.1450, 0.1265, 0.1364, 0.1180],
        [0.1798, 0.1575, 0.1539, 0.1152, 0.1225, 0.1209, 0.1502],
        [0.1138, 0.0953, 0.1822, 0.1447, 0.1320, 0.1666, 0.1654],
        [0.2060, 0.1559, 0.1135, 0.1432, 0.1463, 0.1187, 0.1164],
        [0.1730, 0.1525, 0.1318, 0.1362, 0.1362, 0.1550, 0.1153],
        [0.1257, 0.1133, 0.2190, 0.1273, 0.1305, 0.1353, 0.1489],
        [0.1190, 0.1031, 0.1867, 0.1693, 0.1450, 0.1299, 0.1470],
        [0.1520, 0.1398, 0.1373, 0.1471, 0.1552, 0.1336, 0.1350],
        [0.1671, 0.1593, 0.1211, 0.1258, 0.1555, 0.1540, 0.1171],
        [0.0976, 0.0945, 0.1775, 0.1413, 0.1631, 0.1464, 0.1797],
        [0.1066, 0.0967, 0.1758, 0.1594, 0.1631, 0.1490, 0.1495],
        [0.0924, 0.0891, 0.1411, 0.1581, 0.1514, 0.1619, 0.2060]],
       device='cuda:0', grad_fn=<SoftmaxBackward0>)
05/26 06:43:12 PM train 000 1.668575e-01 93.750000 100.000000
05/26 06:45:22 PM train 050 1.917653e-01 93.892975 99.918304
05/26 06:47:32 PM train 100 1.951387e-01 93.378716 99.938126
05/26 06:49:41 PM train 150 2.003203e-01 93.287804 99.931015
05/26 06:51:55 PM train 200 1.999706e-01 93.268036 99.932625
05/26 06:54:10 PM train 250 2.041032e-01 93.036194 99.917000
05/26 06:54:35 PM train_corr 0.730801 valid_corr 0.657547
05/26 06:54:35 PM train_acc 93.035995
05/26 06:54:35 PM valid 000 2.527749e-01 90.625000 100.000000
05/26 06:54:47 PM valid 050 4.569783e-01 85.110298 99.346405
05/26 06:54:58 PM valid 100 4.629837e-01 84.962875 99.319313
05/26 06:55:09 PM valid 150 4.689065e-01 84.988960 99.323952
05/26 06:55:19 PM valid 200 4.702287e-01 84.872513 99.310738
05/26 06:55:30 PM valid 250 4.651169e-01 84.831512 99.369194
05/26 06:55:32 PM valid_acc 84.903999
05/26 06:55:32 PM epoch 41 lr 2.522678e-03
05/26 06:55:32 PM epoch 41 lambda_ 2.091837e-01
05/26 06:55:32 PM genotype = Genotype(normal=[('sep_conv_5x5', 0), ('dil_conv_3x3', 1), ('dil_conv_3x3', 2), ('dil_conv_3x3', 0), ('dil_conv_5x5', 3), ('dil_conv_5x5', 2), ('dil_conv_3x3', 4), ('sep_conv_3x3', 3)], normal_concat=range(2, 6), reduce=[('max_pool_3x3', 0), ('max_pool_3x3', 1), ('max_pool_3x3', 0), ('skip_connect', 2), ('skip_connect', 2), ('max_pool_3x3', 0), ('dil_conv_5x5', 4), ('dil_conv_5x5', 2)], reduce_concat=range(2, 6))
tensor([[0.1298, 0.0897, 0.1395, 0.1481, 0.2039, 0.1426, 0.1465],
        [0.1427, 0.1001, 0.1590, 0.1568, 0.1413, 0.1710, 0.1290],
        [0.1264, 0.0907, 0.1284, 0.1778, 0.1450, 0.1891, 0.1425],
        [0.1518, 0.1066, 0.1632, 0.1643, 0.1486, 0.1357, 0.1297],
        [0.0895, 0.0637, 0.1328, 0.1554, 0.1668, 0.1987, 0.1930],
        [0.1351, 0.0918, 0.1268, 0.1679, 0.1870, 0.1478, 0.1437],
        [0.1438, 0.1016, 0.1494, 0.1575, 0.1531, 0.1396, 0.1549],
        [0.0944, 0.0677, 0.1397, 0.1345, 0.1581, 0.1909, 0.2147],
        [0.0899, 0.0702, 0.1158, 0.1534, 0.1803, 0.1727, 0.2178],
        [0.1341, 0.0943, 0.1387, 0.1725, 0.1374, 0.1566, 0.1664],
        [0.1318, 0.0948, 0.1321, 0.1837, 0.1666, 0.1636, 0.1273],
        [0.0879, 0.0640, 0.1454, 0.1927, 0.1280, 0.2013, 0.1807],
        [0.0823, 0.0660, 0.1018, 0.2180, 0.1566, 0.1903, 0.1851],
        [0.0781, 0.0686, 0.0798, 0.1393, 0.1841, 0.2409, 0.2091]],
       device='cuda:0', grad_fn=<SoftmaxBackward0>)
tensor([[0.1878, 0.1392, 0.1361, 0.1304, 0.1452, 0.1229, 0.1384],
        [0.1688, 0.1430, 0.1633, 0.1181, 0.1308, 0.1266, 0.1495],
        [0.1935, 0.1420, 0.1398, 0.1450, 0.1254, 0.1368, 0.1174],
        [0.1803, 0.1580, 0.1548, 0.1138, 0.1225, 0.1207, 0.1499],
        [0.1135, 0.0951, 0.1843, 0.1428, 0.1319, 0.1664, 0.1660],
        [0.2077, 0.1557, 0.1139, 0.1424, 0.1474, 0.1173, 0.1155],
        [0.1747, 0.1540, 0.1321, 0.1352, 0.1358, 0.1535, 0.1146],
        [0.1252, 0.1132, 0.2215, 0.1273, 0.1288, 0.1353, 0.1486],
        [0.1184, 0.1028, 0.1879, 0.1708, 0.1446, 0.1295, 0.1460],
        [0.1529, 0.1402, 0.1363, 0.1462, 0.1563, 0.1331, 0.1349],
        [0.1668, 0.1592, 0.1202, 0.1250, 0.1554, 0.1563, 0.1170],
        [0.0973, 0.0940, 0.1788, 0.1403, 0.1627, 0.1465, 0.1805],
        [0.1065, 0.0964, 0.1774, 0.1586, 0.1635, 0.1491, 0.1484],
        [0.0921, 0.0889, 0.1418, 0.1586, 0.1507, 0.1639, 0.2040]],
       device='cuda:0', grad_fn=<SoftmaxBackward0>)
05/26 06:55:35 PM train 000 1.637708e-01 95.833336 100.000000
05/26 06:57:49 PM train 050 2.012196e-01 93.055557 99.877449
05/26 07:00:00 PM train 100 1.987699e-01 93.182762 99.907181
05/26 07:02:10 PM train 150 1.953906e-01 93.267105 99.896523
05/26 07:04:25 PM train 200 1.937762e-01 93.345772 99.901535
05/26 07:06:35 PM train 250 1.933103e-01 93.355743 99.921150
05/26 07:07:01 PM train_corr 0.781409 valid_corr 0.669651
05/26 07:07:01 PM train_acc 93.360001
05/26 07:07:02 PM valid 000 4.128147e-01 85.416672 98.958336
05/26 07:07:14 PM valid 050 4.462211e-01 85.273697 99.407684
05/26 07:07:26 PM valid 100 4.379964e-01 85.416672 99.339935
05/26 07:07:38 PM valid 150 4.457461e-01 85.333885 99.351547
05/26 07:07:51 PM valid 200 4.404900e-01 85.623962 99.383293
05/26 07:08:03 PM valid 250 4.441079e-01 85.620026 99.377495
05/26 07:08:05 PM valid_acc 85.619995
05/26 07:08:06 PM epoch 42 lr 2.179405e-03
05/26 07:08:06 PM epoch 42 lambda_ 2.142857e-01
05/26 07:08:06 PM genotype = Genotype(normal=[('sep_conv_5x5', 0), ('dil_conv_3x3', 1), ('dil_conv_3x3', 2), ('dil_conv_3x3', 0), ('dil_conv_5x5', 3), ('dil_conv_5x5', 2), ('dil_conv_3x3', 4), ('sep_conv_3x3', 3)], normal_concat=range(2, 6), reduce=[('max_pool_3x3', 0), ('max_pool_3x3', 1), ('max_pool_3x3', 0), ('skip_connect', 2), ('skip_connect', 2), ('max_pool_3x3', 0), ('dil_conv_5x5', 4), ('dil_conv_5x5', 2)], reduce_concat=range(2, 6))
tensor([[0.1325, 0.0916, 0.1426, 0.1461, 0.2027, 0.1399, 0.1446],
        [0.1397, 0.0979, 0.1562, 0.1579, 0.1434, 0.1743, 0.1305],
        [0.1289, 0.0925, 0.1311, 0.1762, 0.1430, 0.1874, 0.1409],
        [0.1487, 0.1043, 0.1604, 0.1664, 0.1511, 0.1378, 0.1313],
        [0.0892, 0.0634, 0.1344, 0.1537, 0.1654, 0.1993, 0.1946],
        [0.1377, 0.0935, 0.1293, 0.1664, 0.1850, 0.1457, 0.1424],
        [0.1409, 0.0994, 0.1469, 0.1591, 0.1552, 0.1414, 0.1572],
        [0.0952, 0.0681, 0.1431, 0.1347, 0.1540, 0.1899, 0.2149],
        [0.0905, 0.0705, 0.1180, 0.1529, 0.1801, 0.1706, 0.2174],
        [0.1366, 0.0961, 0.1416, 0.1706, 0.1358, 0.1544, 0.1649],
        [0.1285, 0.0925, 0.1291, 0.1873, 0.1686, 0.1657, 0.1282],
        [0.0868, 0.0632, 0.1466, 0.1923, 0.1260, 0.2020, 0.1831],
        [0.0813, 0.0653, 0.1021, 0.2159, 0.1580, 0.1907, 0.1869],
        [0.0768, 0.0675, 0.0790, 0.1388, 0.1834, 0.2456, 0.2091]],
       device='cuda:0', grad_fn=<SoftmaxBackward0>)
tensor([[0.1877, 0.1385, 0.1364, 0.1304, 0.1462, 0.1232, 0.1376],
        [0.1687, 0.1429, 0.1631, 0.1167, 0.1309, 0.1277, 0.1500],
        [0.1957, 0.1415, 0.1395, 0.1425, 0.1258, 0.1364, 0.1187],
        [0.1812, 0.1586, 0.1544, 0.1133, 0.1235, 0.1205, 0.1485],
        [0.1125, 0.0940, 0.1846, 0.1429, 0.1321, 0.1678, 0.1661],
        [0.2096, 0.1553, 0.1132, 0.1429, 0.1475, 0.1168, 0.1146],
        [0.1751, 0.1536, 0.1340, 0.1371, 0.1345, 0.1527, 0.1129],
        [0.1237, 0.1120, 0.2228, 0.1287, 0.1294, 0.1348, 0.1487],
        [0.1177, 0.1016, 0.1884, 0.1726, 0.1447, 0.1296, 0.1453],
        [0.1535, 0.1404, 0.1351, 0.1464, 0.1563, 0.1337, 0.1346],
        [0.1662, 0.1587, 0.1204, 0.1242, 0.1567, 0.1575, 0.1163],
        [0.0967, 0.0937, 0.1801, 0.1403, 0.1606, 0.1452, 0.1833],
        [0.1061, 0.0955, 0.1781, 0.1580, 0.1642, 0.1495, 0.1486],
        [0.0920, 0.0887, 0.1431, 0.1591, 0.1499, 0.1631, 0.2042]],
       device='cuda:0', grad_fn=<SoftmaxBackward0>)
05/26 07:08:08 PM train 000 1.649400e-01 91.666672 100.000000
05/26 07:10:22 PM train 050 1.823163e-01 93.729576 99.959152
05/26 07:12:35 PM train 100 1.848297e-01 93.523102 99.948433
05/26 07:14:41 PM train 150 1.883013e-01 93.370583 99.903419
05/26 07:16:53 PM train 200 1.849760e-01 93.532341 99.917084
05/26 07:19:11 PM train 250 1.838950e-01 93.559097 99.900398
05/26 07:19:38 PM train_corr 0.803239 valid_corr 0.672139
05/26 07:19:38 PM train_acc 93.563995
05/26 07:19:38 PM valid 000 4.354666e-01 85.416672 100.000000
05/26 07:19:51 PM valid 050 4.580765e-01 85.191994 99.407684
05/26 07:20:04 PM valid 100 4.642532e-01 85.014442 99.370880
05/26 07:20:16 PM valid 150 4.717129e-01 84.788910 99.379143
05/26 07:20:27 PM valid 200 4.731326e-01 84.758499 99.357376
05/26 07:20:39 PM valid 250 4.754532e-01 84.719460 99.323540
05/26 07:20:41 PM valid_acc 84.636002
05/26 07:20:42 PM epoch 43 lr 1.878743e-03
05/26 07:20:42 PM epoch 43 lambda_ 2.193878e-01
05/26 07:20:42 PM genotype = Genotype(normal=[('sep_conv_5x5', 0), ('dil_conv_3x3', 1), ('dil_conv_3x3', 2), ('dil_conv_3x3', 0), ('dil_conv_5x5', 3), ('dil_conv_5x5', 2), ('dil_conv_3x3', 4), ('sep_conv_3x3', 3)], normal_concat=range(2, 6), reduce=[('max_pool_3x3', 0), ('max_pool_3x3', 1), ('max_pool_3x3', 0), ('skip_connect', 2), ('skip_connect', 2), ('max_pool_3x3', 0), ('dil_conv_5x5', 4), ('dil_conv_5x5', 2)], reduce_concat=range(2, 6))
tensor([[0.1456, 0.1005, 0.1568, 0.1372, 0.1922, 0.1321, 0.1355],
        [0.1272, 0.0891, 0.1423, 0.1664, 0.1517, 0.1856, 0.1377],
        [0.1415, 0.1016, 0.1443, 0.1671, 0.1351, 0.1772, 0.1332],
        [0.1369, 0.0959, 0.1481, 0.1743, 0.1601, 0.1460, 0.1388],
        [0.0923, 0.0656, 0.1421, 0.1468, 0.1585, 0.1984, 0.1963],
        [0.1503, 0.1020, 0.1412, 0.1574, 0.1755, 0.1383, 0.1353],
        [0.1289, 0.0909, 0.1344, 0.1651, 0.1639, 0.1503, 0.1665],
        [0.0995, 0.0709, 0.1524, 0.1359, 0.1455, 0.1832, 0.2126],
        [0.0943, 0.0733, 0.1248, 0.1533, 0.1781, 0.1626, 0.2136],
        [0.1488, 0.1047, 0.1547, 0.1615, 0.1288, 0.1454, 0.1560],
        [0.1176, 0.0845, 0.1182, 0.1965, 0.1764, 0.1733, 0.1335],
        [0.0873, 0.0638, 0.1511, 0.1905, 0.1241, 0.1965, 0.1867],
        [0.0815, 0.0657, 0.1048, 0.2078, 0.1631, 0.1920, 0.1851],
        [0.0765, 0.0676, 0.0797, 0.1415, 0.1786, 0.2526, 0.2034]],
       device='cuda:0', grad_fn=<SoftmaxBackward0>)
tensor([[0.1847, 0.1381, 0.1369, 0.1313, 0.1454, 0.1258, 0.1377],
        [0.1687, 0.1441, 0.1625, 0.1147, 0.1318, 0.1279, 0.1502],
        [0.1963, 0.1403, 0.1389, 0.1398, 0.1272, 0.1364, 0.1212],
        [0.1824, 0.1605, 0.1517, 0.1122, 0.1259, 0.1203, 0.1469],
        [0.1102, 0.0927, 0.1826, 0.1422, 0.1361, 0.1707, 0.1655],
        [0.2087, 0.1518, 0.1161, 0.1455, 0.1446, 0.1193, 0.1141],
        [0.1760, 0.1547, 0.1367, 0.1433, 0.1286, 0.1493, 0.1114],
        [0.1223, 0.1109, 0.2238, 0.1333, 0.1287, 0.1329, 0.1481],
        [0.1159, 0.1004, 0.1869, 0.1751, 0.1484, 0.1315, 0.1417],
        [0.1537, 0.1408, 0.1340, 0.1447, 0.1568, 0.1349, 0.1351],
        [0.1646, 0.1584, 0.1199, 0.1243, 0.1564, 0.1593, 0.1171],
        [0.0970, 0.0950, 0.1812, 0.1372, 0.1603, 0.1433, 0.1860],
        [0.1051, 0.0950, 0.1780, 0.1600, 0.1601, 0.1539, 0.1479],
        [0.0921, 0.0890, 0.1436, 0.1588, 0.1477, 0.1609, 0.2079]],
       device='cuda:0', grad_fn=<SoftmaxBackward0>)
05/26 07:20:44 PM train 000 1.794549e-01 91.666672 100.000000
05/26 07:22:53 PM train 050 1.584568e-01 94.546570 99.959152
05/26 07:25:17 PM train 100 1.663207e-01 94.028465 99.948433
05/26 07:27:30 PM train 150 1.646208e-01 94.122513 99.965508
05/26 07:29:46 PM train 200 1.664079e-01 94.159409 99.932625
05/26 07:31:54 PM train 250 1.669302e-01 94.243858 99.925301
05/26 07:32:20 PM train_corr 0.809865 valid_corr 0.701281
05/26 07:32:20 PM train_acc 94.227997
05/26 07:32:20 PM valid 000 2.933221e-01 89.583336 100.000000
05/26 07:32:32 PM valid 050 5.055748e-01 83.946083 99.346405
05/26 07:32:43 PM valid 100 4.914194e-01 84.808174 99.267746
05/26 07:32:55 PM valid 150 4.874799e-01 85.023453 99.289459
05/26 07:33:07 PM valid 200 4.817854e-01 85.017624 99.274460
05/26 07:33:19 PM valid 250 4.760584e-01 85.059761 99.306938
05/26 07:33:22 PM valid_acc 85.071999
05/26 07:33:22 PM epoch 44 lr 1.621774e-03
05/26 07:33:22 PM epoch 44 lambda_ 2.244898e-01
05/26 07:33:22 PM genotype = Genotype(normal=[('dil_conv_3x3', 1), ('sep_conv_5x5', 0), ('dil_conv_5x5', 2), ('sep_conv_3x3', 1), ('dil_conv_5x5', 2), ('dil_conv_5x5', 3), ('dil_conv_3x3', 4), ('sep_conv_3x3', 1)], normal_concat=range(2, 6), reduce=[('max_pool_3x3', 0), ('max_pool_3x3', 1), ('max_pool_3x3', 0), ('max_pool_3x3', 1), ('skip_connect', 2), ('max_pool_3x3', 0), ('dil_conv_5x5', 4), ('dil_conv_5x5', 2)], reduce_concat=range(2, 6))
tensor([[0.1601, 0.1104, 0.1726, 0.1277, 0.1801, 0.1229, 0.1263],
        [0.1154, 0.0807, 0.1292, 0.1739, 0.1596, 0.1956, 0.1456],
        [0.1551, 0.1115, 0.1586, 0.1569, 0.1267, 0.1663, 0.1250],
        [0.1254, 0.0877, 0.1358, 0.1815, 0.1687, 0.1543, 0.1466],
        [0.0961, 0.0685, 0.1512, 0.1394, 0.1519, 0.1949, 0.1980],
        [0.1638, 0.1111, 0.1541, 0.1482, 0.1651, 0.1303, 0.1274],
        [0.1182, 0.0832, 0.1232, 0.1696, 0.1723, 0.1589, 0.1747],
        [0.1039, 0.0743, 0.1625, 0.1354, 0.1381, 0.1765, 0.2092],
        [0.0988, 0.0771, 0.1336, 0.1528, 0.1761, 0.1542, 0.2073],
        [0.1613, 0.1135, 0.1681, 0.1525, 0.1209, 0.1362, 0.1475],
        [0.1078, 0.0773, 0.1083, 0.2042, 0.1830, 0.1810, 0.1383],
        [0.0876, 0.0640, 0.1555, 0.1891, 0.1212, 0.1922, 0.1904],
        [0.0815, 0.0661, 0.1079, 0.2002, 0.1674, 0.1941, 0.1829],
        [0.0762, 0.0675, 0.0802, 0.1461, 0.1741, 0.2584, 0.1975]],
       device='cuda:0', grad_fn=<SoftmaxBackward0>)
tensor([[0.1832, 0.1381, 0.1386, 0.1314, 0.1442, 0.1286, 0.1359],
        [0.1686, 0.1453, 0.1633, 0.1127, 0.1328, 0.1285, 0.1489],
        [0.1986, 0.1395, 0.1392, 0.1359, 0.1273, 0.1355, 0.1239],
        [0.1846, 0.1628, 0.1495, 0.1114, 0.1267, 0.1198, 0.1454],
        [0.1086, 0.0921, 0.1829, 0.1402, 0.1389, 0.1733, 0.1641],
        [0.2120, 0.1497, 0.1177, 0.1453, 0.1418, 0.1203, 0.1132],
        [0.1783, 0.1558, 0.1384, 0.1501, 0.1231, 0.1448, 0.1094],
        [0.1227, 0.1111, 0.2276, 0.1358, 0.1271, 0.1301, 0.1455],
        [0.1159, 0.1000, 0.1885, 0.1763, 0.1480, 0.1323, 0.1389],
        [0.1561, 0.1429, 0.1326, 0.1409, 0.1569, 0.1347, 0.1359],
        [0.1624, 0.1568, 0.1203, 0.1245, 0.1584, 0.1598, 0.1179],
        [0.0975, 0.0967, 0.1844, 0.1336, 0.1575, 0.1427, 0.1876],
        [0.1044, 0.0945, 0.1790, 0.1617, 0.1549, 0.1585, 0.1470],
        [0.0922, 0.0896, 0.1451, 0.1570, 0.1439, 0.1588, 0.2134]],
       device='cuda:0', grad_fn=<SoftmaxBackward0>)
05/26 07:33:25 PM train 000 1.476961e-01 95.833336 100.000000
05/26 07:35:39 PM train 050 1.644471e-01 94.138077 99.918304
05/26 07:37:50 PM train 100 1.666500e-01 94.080032 99.938126
05/26 07:40:07 PM train 150 1.674512e-01 94.094925 99.944809
05/26 07:42:21 PM train 200 1.671345e-01 94.159409 99.948174
05/26 07:44:30 PM train 250 1.658206e-01 94.202362 99.950203
05/26 07:44:56 PM train_corr 0.778049 valid_corr 0.671341
05/26 07:44:56 PM train_acc 94.135994
05/26 07:44:56 PM valid 000 6.795177e-01 77.083328 98.958336
05/26 07:45:09 PM valid 050 4.589712e-01 85.845589 99.448532
05/26 07:45:21 PM valid 100 4.610838e-01 85.478554 99.339935
05/26 07:45:33 PM valid 150 4.564091e-01 85.623619 99.358444
05/26 07:45:44 PM valid 200 4.620271e-01 85.468491 99.383293
05/26 07:45:55 PM valid 250 4.617270e-01 85.462318 99.373344
05/26 07:45:57 PM valid_acc 85.419998
05/26 07:45:58 PM epoch 45 lr 1.409344e-03
05/26 07:45:58 PM epoch 45 lambda_ 2.295918e-01
05/26 07:45:58 PM genotype = Genotype(normal=[('dil_conv_3x3', 1), ('sep_conv_5x5', 0), ('dil_conv_5x5', 2), ('sep_conv_3x3', 1), ('dil_conv_5x5', 2), ('dil_conv_5x5', 3), ('dil_conv_3x3', 4), ('sep_conv_3x3', 1)], normal_concat=range(2, 6), reduce=[('max_pool_3x3', 0), ('max_pool_3x3', 1), ('max_pool_3x3', 0), ('max_pool_3x3', 1), ('skip_connect', 2), ('max_pool_3x3', 0), ('dil_conv_5x5', 4), ('dil_conv_5x5', 2)], reduce_concat=range(2, 6))
tensor([[0.1566, 0.1079, 0.1690, 0.1298, 0.1840, 0.1247, 0.1281],
        [0.1188, 0.0828, 0.1330, 0.1717, 0.1575, 0.1931, 0.1432],
        [0.1515, 0.1090, 0.1552, 0.1597, 0.1283, 0.1691, 0.1271],
        [0.1289, 0.0897, 0.1395, 0.1800, 0.1659, 0.1519, 0.1441],
        [0.0941, 0.0666, 0.1498, 0.1407, 0.1519, 0.1983, 0.1985],
        [0.1599, 0.1083, 0.1505, 0.1509, 0.1679, 0.1324, 0.1300],
        [0.1217, 0.0852, 0.1267, 0.1676, 0.1702, 0.1563, 0.1723],
        [0.1017, 0.0722, 0.1607, 0.1348, 0.1377, 0.1785, 0.2144],
        [0.0972, 0.0753, 0.1319, 0.1515, 0.1767, 0.1567, 0.2108],
        [0.1577, 0.1109, 0.1647, 0.1555, 0.1227, 0.1380, 0.1504],
        [0.1107, 0.0792, 0.1112, 0.2029, 0.1808, 0.1795, 0.1356],
        [0.0860, 0.0625, 0.1539, 0.1909, 0.1211, 0.1945, 0.1911],
        [0.0805, 0.0649, 0.1069, 0.2022, 0.1676, 0.1920, 0.1859],
        [0.0761, 0.0672, 0.0799, 0.1426, 0.1745, 0.2573, 0.2024]],
       device='cuda:0', grad_fn=<SoftmaxBackward0>)
tensor([[0.1814, 0.1350, 0.1397, 0.1320, 0.1477, 0.1275, 0.1367],
        [0.1695, 0.1452, 0.1616, 0.1121, 0.1325, 0.1296, 0.1495],
        [0.1987, 0.1380, 0.1406, 0.1378, 0.1267, 0.1357, 0.1223],
        [0.1858, 0.1629, 0.1499, 0.1105, 0.1268, 0.1194, 0.1448],
        [0.1081, 0.0917, 0.1849, 0.1414, 0.1363, 0.1729, 0.1646],
        [0.2123, 0.1486, 0.1168, 0.1456, 0.1439, 0.1192, 0.1136],
        [0.1794, 0.1560, 0.1378, 0.1491, 0.1239, 0.1448, 0.1088],
        [0.1214, 0.1103, 0.2295, 0.1349, 0.1274, 0.1315, 0.1451],
        [0.1148, 0.0990, 0.1895, 0.1770, 0.1486, 0.1316, 0.1395],
        [0.1553, 0.1413, 0.1324, 0.1401, 0.1597, 0.1336, 0.1376],
        [0.1636, 0.1572, 0.1197, 0.1227, 0.1588, 0.1614, 0.1167],
        [0.0965, 0.0954, 0.1852, 0.1357, 0.1559, 0.1430, 0.1883],
        [0.1039, 0.0937, 0.1800, 0.1602, 0.1583, 0.1571, 0.1469],
        [0.0916, 0.0887, 0.1456, 0.1573, 0.1440, 0.1607, 0.2120]],
       device='cuda:0', grad_fn=<SoftmaxBackward0>)
05/26 07:46:00 PM train 000 1.314937e-01 95.833336 100.000000
05/26 07:48:11 PM train 050 1.539229e-01 94.566994 99.979576
05/26 07:50:23 PM train 100 1.562205e-01 94.410072 99.948433
05/26 07:52:40 PM train 150 1.588088e-01 94.253586 99.958611
05/26 07:54:51 PM train 200 1.584838e-01 94.263062 99.937813
05/26 07:57:06 PM train 250 1.596794e-01 94.314415 99.933601
05/26 07:57:31 PM train_corr 0.802606 valid_corr 0.691134
05/26 07:57:31 PM train_acc 94.327995
05/26 07:57:31 PM valid 000 3.843417e-01 87.500000 98.958336
05/26 07:57:42 PM valid 050 4.585555e-01 84.824348 99.428108
05/26 07:57:54 PM valid 100 4.555936e-01 85.313538 99.412132
05/26 07:58:04 PM valid 150 4.627413e-01 85.182121 99.351547
05/26 07:58:16 PM valid 200 4.676110e-01 85.017624 99.315918
05/26 07:58:27 PM valid 250 4.694646e-01 84.931114 99.327690
05/26 07:58:29 PM valid_acc 84.923996
05/26 07:58:29 PM epoch 46 lr 1.241998e-03
05/26 07:58:29 PM epoch 46 lambda_ 2.346939e-01
05/26 07:58:29 PM genotype = Genotype(normal=[('dil_conv_3x3', 1), ('sep_conv_5x5', 0), ('dil_conv_3x3', 2), ('sep_conv_3x3', 1), ('dil_conv_5x5', 2), ('dil_conv_5x5', 3), ('dil_conv_3x3', 4), ('sep_conv_3x3', 1)], normal_concat=range(2, 6), reduce=[('max_pool_3x3', 0), ('max_pool_3x3', 1), ('max_pool_3x3', 0), ('max_pool_3x3', 1), ('skip_connect', 2), ('max_pool_3x3', 0), ('dil_conv_5x5', 4), ('dil_conv_5x5', 2)], reduce_concat=range(2, 6))
tensor([[0.1582, 0.1089, 0.1709, 0.1286, 0.1831, 0.1233, 0.1269],
        [0.1178, 0.0819, 0.1321, 0.1720, 0.1583, 0.1943, 0.1436],
        [0.1529, 0.1100, 0.1568, 0.1588, 0.1272, 0.1680, 0.1263],
        [0.1277, 0.0888, 0.1384, 0.1814, 0.1671, 0.1523, 0.1443],
        [0.0934, 0.0662, 0.1509, 0.1383, 0.1519, 0.1998, 0.1996],
        [0.1612, 0.1091, 0.1518, 0.1500, 0.1670, 0.1317, 0.1292],
        [0.1208, 0.0843, 0.1258, 0.1670, 0.1720, 0.1568, 0.1732],
        [0.1013, 0.0717, 0.1624, 0.1341, 0.1356, 0.1788, 0.2160],
        [0.0973, 0.0753, 0.1331, 0.1512, 0.1762, 0.1566, 0.2103],
        [0.1589, 0.1118, 0.1664, 0.1547, 0.1218, 0.1366, 0.1497],
        [0.1098, 0.0784, 0.1103, 0.2040, 0.1824, 0.1800, 0.1349],
        [0.0848, 0.0618, 0.1552, 0.1901, 0.1199, 0.1953, 0.1931],
        [0.0802, 0.0648, 0.1075, 0.2006, 0.1688, 0.1906, 0.1875],
        [0.0756, 0.0668, 0.0795, 0.1408, 0.1740, 0.2605, 0.2029]],
       device='cuda:0', grad_fn=<SoftmaxBackward0>)
tensor([[0.1812, 0.1347, 0.1400, 0.1319, 0.1478, 0.1283, 0.1361],
        [0.1700, 0.1465, 0.1621, 0.1114, 0.1333, 0.1294, 0.1474],
        [0.2002, 0.1382, 0.1404, 0.1375, 0.1265, 0.1341, 0.1232],
        [0.1875, 0.1650, 0.1498, 0.1089, 0.1255, 0.1173, 0.1460],
        [0.1070, 0.0912, 0.1856, 0.1421, 0.1358, 0.1740, 0.1643],
        [0.2142, 0.1491, 0.1162, 0.1462, 0.1437, 0.1184, 0.1123],
        [0.1818, 0.1585, 0.1387, 0.1484, 0.1219, 0.1428, 0.1077],
        [0.1213, 0.1110, 0.2343, 0.1356, 0.1252, 0.1293, 0.1433],
        [0.1146, 0.0995, 0.1923, 0.1775, 0.1473, 0.1308, 0.1381],
        [0.1553, 0.1416, 0.1319, 0.1395, 0.1616, 0.1328, 0.1372],
        [0.1645, 0.1584, 0.1186, 0.1211, 0.1599, 0.1617, 0.1158],
        [0.0958, 0.0952, 0.1867, 0.1362, 0.1540, 0.1422, 0.1899],
        [0.1033, 0.0939, 0.1819, 0.1597, 0.1584, 0.1572, 0.1456],
        [0.0906, 0.0883, 0.1457, 0.1580, 0.1435, 0.1609, 0.2131]],
       device='cuda:0', grad_fn=<SoftmaxBackward0>)
05/26 07:58:32 PM train 000 1.203342e-01 95.833336 100.000000
05/26 08:00:37 PM train 050 1.597295e-01 94.648697 99.938728
05/26 08:02:46 PM train 100 1.550106e-01 94.863861 99.958748
05/26 08:04:58 PM train 150 1.563121e-01 94.695091 99.965508
05/26 08:07:10 PM train 200 1.570552e-01 94.724297 99.974091
05/26 08:09:21 PM train 250 1.571806e-01 94.692070 99.966805
05/26 08:09:46 PM train_corr 0.828888 valid_corr 0.678753
05/26 08:09:46 PM train_acc 94.720001
05/26 08:09:46 PM valid 000 4.986879e-01 84.375000 100.000000
05/26 08:09:57 PM valid 050 4.728931e-01 85.702614 99.183006
05/26 08:10:07 PM valid 100 4.589960e-01 85.880775 99.339935
05/26 08:10:18 PM valid 150 4.606161e-01 85.940948 99.358444
05/26 08:10:28 PM valid 200 4.614367e-01 85.717247 99.336647
05/26 08:10:40 PM valid 250 4.645856e-01 85.669823 99.340141
05/26 08:10:42 PM valid_acc 85.703995
05/26 08:10:43 PM epoch 47 lr 1.119837e-03
05/26 08:10:43 PM epoch 47 lambda_ 2.397959e-01
05/26 08:10:43 PM genotype = Genotype(normal=[('dil_conv_3x3', 1), ('skip_connect', 0), ('dil_conv_5x5', 2), ('sep_conv_3x3', 1), ('dil_conv_5x5', 2), ('dil_conv_5x5', 3), ('dil_conv_3x3', 4), ('sep_conv_3x3', 1)], normal_concat=range(2, 6), reduce=[('max_pool_3x3', 0), ('max_pool_3x3', 1), ('max_pool_3x3', 0), ('max_pool_3x3', 1), ('skip_connect', 2), ('max_pool_3x3', 0), ('dil_conv_5x5', 4), ('dil_conv_5x5', 2)], reduce_concat=range(2, 6))
tensor([[0.1683, 0.1159, 0.1820, 0.1218, 0.1742, 0.1172, 0.1206],
        [0.1098, 0.0764, 0.1233, 0.1765, 0.1638, 0.2016, 0.1487],
        [0.1626, 0.1171, 0.1671, 0.1510, 0.1211, 0.1605, 0.1207],
        [0.1197, 0.0831, 0.1298, 0.1857, 0.1735, 0.1583, 0.1499],
        [0.0956, 0.0680, 0.1573, 0.1321, 0.1493, 0.1977, 0.2000],
        [0.1709, 0.1156, 0.1610, 0.1430, 0.1597, 0.1262, 0.1236],
        [0.1131, 0.0789, 0.1179, 0.1696, 0.1776, 0.1637, 0.1792],
        [0.1041, 0.0740, 0.1698, 0.1321, 0.1310, 0.1764, 0.2126],
        [0.0996, 0.0774, 0.1382, 0.1514, 0.1757, 0.1511, 0.2066],
        [0.1681, 0.1183, 0.1763, 0.1474, 0.1160, 0.1302, 0.1437],
        [0.1027, 0.0733, 0.1033, 0.2086, 0.1872, 0.1862, 0.1386],
        [0.0847, 0.0619, 0.1590, 0.1851, 0.1173, 0.1938, 0.1982],
        [0.0805, 0.0653, 0.1100, 0.1950, 0.1714, 0.1905, 0.1872],
        [0.0754, 0.0667, 0.0798, 0.1432, 0.1695, 0.2664, 0.1989]],
       device='cuda:0', grad_fn=<SoftmaxBackward0>)
tensor([[0.1794, 0.1345, 0.1403, 0.1314, 0.1472, 0.1311, 0.1361],
        [0.1695, 0.1478, 0.1642, 0.1091, 0.1341, 0.1286, 0.1467],
        [0.2013, 0.1379, 0.1397, 0.1353, 0.1274, 0.1331, 0.1252],
        [0.1895, 0.1684, 0.1477, 0.1071, 0.1261, 0.1161, 0.1450],
        [0.1055, 0.0908, 0.1863, 0.1402, 0.1373, 0.1749, 0.1650],
        [0.2142, 0.1467, 0.1177, 0.1472, 0.1427, 0.1191, 0.1123],
        [0.1831, 0.1605, 0.1405, 0.1517, 0.1175, 0.1400, 0.1068],
        [0.1202, 0.1105, 0.2359, 0.1377, 0.1245, 0.1285, 0.1427],
        [0.1137, 0.0987, 0.1919, 0.1800, 0.1477, 0.1317, 0.1363],
        [0.1557, 0.1423, 0.1323, 0.1377, 0.1621, 0.1330, 0.1369],
        [0.1619, 0.1575, 0.1190, 0.1206, 0.1604, 0.1632, 0.1174],
        [0.0955, 0.0961, 0.1879, 0.1350, 0.1530, 0.1408, 0.1917],
        [0.1027, 0.0934, 0.1813, 0.1608, 0.1561, 0.1604, 0.1453],
        [0.0905, 0.0887, 0.1467, 0.1579, 0.1408, 0.1601, 0.2153]],
       device='cuda:0', grad_fn=<SoftmaxBackward0>)
05/26 08:10:45 PM train 000 1.221160e-01 96.875000 100.000000
05/26 08:12:59 PM train 050 1.572805e-01 94.975494 99.959152
05/26 08:15:12 PM train 100 1.563153e-01 94.894806 99.917496
05/26 08:17:23 PM train 150 1.495798e-01 94.984825 99.937912
05/26 08:19:42 PM train 200 1.486066e-01 94.983414 99.937813
05/26 08:22:00 PM train 250 1.494574e-01 94.945221 99.941902
05/26 08:22:29 PM train_corr 0.786781 valid_corr 0.681367
05/26 08:22:29 PM train_acc 94.956001
05/26 08:22:29 PM valid 000 3.651768e-01 86.458336 100.000000
05/26 08:22:45 PM valid 050 4.599430e-01 85.661766 99.325981
05/26 08:23:00 PM valid 100 4.732971e-01 85.251656 99.391502
05/26 08:23:15 PM valid 150 4.682319e-01 85.285599 99.420532
05/26 08:23:29 PM valid 200 4.837527e-01 84.924339 99.388474
05/26 08:23:41 PM valid 250 4.804372e-01 84.968460 99.389946
05/26 08:23:43 PM valid_acc 84.984001
05/26 08:23:44 PM epoch 48 lr 1.042124e-03
05/26 08:23:44 PM epoch 48 lambda_ 2.448980e-01
05/26 08:23:44 PM genotype = Genotype(normal=[('dil_conv_3x3', 1), ('sep_conv_5x5', 0), ('dil_conv_3x3', 2), ('sep_conv_3x3', 1), ('dil_conv_5x5', 2), ('dil_conv_5x5', 3), ('dil_conv_3x3', 4), ('sep_conv_3x3', 1)], normal_concat=range(2, 6), reduce=[('max_pool_3x3', 0), ('max_pool_3x3', 1), ('max_pool_3x3', 0), ('max_pool_3x3', 1), ('skip_connect', 2), ('max_pool_3x3', 0), ('dil_conv_5x5', 4), ('dil_conv_5x5', 2)], reduce_concat=range(2, 6))
tensor([[0.1555, 0.1069, 0.1681, 0.1303, 0.1860, 0.1246, 0.1286],
        [0.1209, 0.0838, 0.1359, 0.1685, 0.1565, 0.1931, 0.1414],
        [0.1499, 0.1079, 0.1542, 0.1608, 0.1283, 0.1706, 0.1283],
        [0.1304, 0.0902, 0.1414, 0.1798, 0.1656, 0.1504, 0.1423],
        [0.0903, 0.0638, 0.1499, 0.1369, 0.1535, 0.2046, 0.2011],
        [0.1577, 0.1066, 0.1486, 0.1519, 0.1696, 0.1340, 0.1317],
        [0.1235, 0.0857, 0.1284, 0.1645, 0.1702, 0.1555, 0.1722],
        [0.0983, 0.0691, 0.1611, 0.1311, 0.1347, 0.1848, 0.2208],
        [0.0939, 0.0724, 0.1298, 0.1496, 0.1786, 0.1592, 0.2164],
        [0.1559, 0.1097, 0.1637, 0.1570, 0.1232, 0.1376, 0.1530],
        [0.1123, 0.0799, 0.1129, 0.2028, 0.1804, 0.1789, 0.1329],
        [0.0826, 0.0601, 0.1562, 0.1875, 0.1182, 0.1985, 0.1968],
        [0.0788, 0.0633, 0.1065, 0.2006, 0.1679, 0.1899, 0.1929],
        [0.0759, 0.0669, 0.0797, 0.1359, 0.1718, 0.2620, 0.2078]],
       device='cuda:0', grad_fn=<SoftmaxBackward0>)
tensor([[0.1800, 0.1313, 0.1412, 0.1318, 0.1492, 0.1289, 0.1375],
        [0.1719, 0.1487, 0.1635, 0.1081, 0.1319, 0.1288, 0.1472],
        [0.2026, 0.1370, 0.1400, 0.1397, 0.1257, 0.1335, 0.1215],
        [0.1912, 0.1692, 0.1503, 0.1057, 0.1232, 0.1151, 0.1454],
        [0.1063, 0.0911, 0.1903, 0.1402, 0.1329, 0.1734, 0.1658],
        [0.2147, 0.1476, 0.1154, 0.1474, 0.1460, 0.1161, 0.1127],
        [0.1818, 0.1600, 0.1404, 0.1462, 0.1214, 0.1420, 0.1082],
        [0.1196, 0.1111, 0.2397, 0.1338, 0.1244, 0.1304, 0.1410],
        [0.1124, 0.0982, 0.1931, 0.1794, 0.1479, 0.1297, 0.1393],
        [0.1532, 0.1390, 0.1339, 0.1401, 0.1636, 0.1322, 0.1380],
        [0.1634, 0.1593, 0.1186, 0.1196, 0.1579, 0.1648, 0.1164],
        [0.0935, 0.0933, 0.1863, 0.1383, 0.1553, 0.1412, 0.1920],
        [0.1015, 0.0924, 0.1815, 0.1616, 0.1619, 0.1545, 0.1465],
        [0.0892, 0.0869, 0.1456, 0.1596, 0.1426, 0.1640, 0.2119]],
       device='cuda:0', grad_fn=<SoftmaxBackward0>)
05/26 08:23:47 PM train 000 8.835401e-02 98.958336 100.000000
05/26 08:25:57 PM train 050 1.387160e-01 94.832520 99.959152
05/26 08:28:06 PM train 100 1.382286e-01 95.018570 99.948433
05/26 08:30:15 PM train 150 1.422572e-01 94.895142 99.958611
05/26 08:32:30 PM train 200 1.438267e-01 94.884949 99.963722
05/26 08:34:46 PM train 250 1.443763e-01 94.912018 99.962654
05/26 08:35:12 PM train_corr 0.815055 valid_corr 0.695230
05/26 08:35:12 PM train_acc 94.903999
05/26 08:35:13 PM valid 000 5.316373e-01 87.500000 98.958336
05/26 08:35:24 PM valid 050 4.551013e-01 85.743462 99.305557
05/26 08:35:36 PM valid 100 4.719959e-01 85.468239 99.360565
05/26 08:35:48 PM valid 150 4.653824e-01 85.623619 99.358444
05/26 08:36:01 PM valid 200 4.643591e-01 85.691338 99.367744
05/26 08:36:13 PM valid 250 4.639345e-01 85.620026 99.398247
05/26 08:36:15 PM valid_acc 85.624001
05/26 08:36:16 PM epoch 49 lr 1.005926e-03
05/26 08:36:16 PM epoch 49 lambda_ 2.500000e-01
05/26 08:36:16 PM genotype = Genotype(normal=[('sep_conv_5x5', 0), ('dil_conv_3x3', 1), ('dil_conv_3x3', 2), ('dil_conv_3x3', 0), ('dil_conv_5x5', 2), ('dil_conv_5x5', 3), ('dil_conv_3x3', 4), ('sep_conv_3x3', 3)], normal_concat=range(2, 6), reduce=[('max_pool_3x3', 0), ('max_pool_3x3', 1), ('max_pool_3x3', 0), ('skip_connect', 2), ('skip_connect', 2), ('max_pool_3x3', 0), ('dil_conv_5x5', 4), ('dil_conv_5x5', 2)], reduce_concat=range(2, 6))
tensor([[0.1433, 0.0985, 0.1550, 0.1386, 0.1965, 0.1309, 0.1373],
        [0.1325, 0.0919, 0.1493, 0.1602, 0.1489, 0.1832, 0.1340],
        [0.1377, 0.0992, 0.1419, 0.1700, 0.1351, 0.1807, 0.1354],
        [0.1413, 0.0978, 0.1537, 0.1724, 0.1571, 0.1425, 0.1352],
        [0.0861, 0.0608, 0.1445, 0.1408, 0.1571, 0.2095, 0.2012],
        [0.1449, 0.0979, 0.1366, 0.1605, 0.1794, 0.1413, 0.1394],
        [0.1342, 0.0932, 0.1398, 0.1590, 0.1622, 0.1475, 0.1642],
        [0.0936, 0.0654, 0.1540, 0.1297, 0.1377, 0.1922, 0.2274],
        [0.0893, 0.0685, 0.1234, 0.1480, 0.1797, 0.1669, 0.2242],
        [0.1440, 0.1013, 0.1514, 0.1662, 0.1302, 0.1447, 0.1622],
        [0.1219, 0.0869, 0.1228, 0.1966, 0.1730, 0.1715, 0.1273],
        [0.0809, 0.0587, 0.1540, 0.1891, 0.1182, 0.2048, 0.1943],
        [0.0775, 0.0620, 0.1042, 0.2063, 0.1640, 0.1872, 0.1988],
        [0.0758, 0.0671, 0.0794, 0.1291, 0.1752, 0.2561, 0.2174]],
       device='cuda:0', grad_fn=<SoftmaxBackward0>)
tensor([[0.1807, 0.1293, 0.1409, 0.1322, 0.1518, 0.1266, 0.1383],
        [0.1750, 0.1502, 0.1613, 0.1069, 0.1303, 0.1289, 0.1476],
        [0.2040, 0.1372, 0.1399, 0.1439, 0.1231, 0.1339, 0.1180],
        [0.1946, 0.1718, 0.1521, 0.1042, 0.1197, 0.1133, 0.1443],
        [0.1067, 0.0922, 0.1957, 0.1392, 0.1286, 0.1720, 0.1656],
        [0.2139, 0.1490, 0.1123, 0.1474, 0.1492, 0.1151, 0.1131],
        [0.1827, 0.1613, 0.1390, 0.1400, 0.1249, 0.1436, 0.1086],
        [0.1185, 0.1122, 0.2445, 0.1304, 0.1227, 0.1317, 0.1401],
        [0.1119, 0.0991, 0.1971, 0.1768, 0.1465, 0.1265, 0.1421],
        [0.1504, 0.1363, 0.1346, 0.1429, 0.1665, 0.1305, 0.1389],
        [0.1671, 0.1639, 0.1178, 0.1169, 0.1555, 0.1645, 0.1142],
        [0.0916, 0.0915, 0.1857, 0.1430, 0.1549, 0.1419, 0.1914],
        [0.1004, 0.0922, 0.1833, 0.1602, 0.1654, 0.1491, 0.1493],
        [0.0877, 0.0859, 0.1454, 0.1610, 0.1448, 0.1688, 0.2064]],
       device='cuda:0', grad_fn=<SoftmaxBackward0>)
05/26 08:36:19 PM train 000 6.353031e-02 100.000000 100.000000
05/26 08:38:31 PM train 050 1.384339e-01 95.241013 99.938728
05/26 08:40:44 PM train 100 1.457157e-01 94.894806 99.938126
05/26 08:42:58 PM train 150 1.445772e-01 94.881348 99.944809
05/26 08:45:12 PM train 200 1.446383e-01 94.941956 99.937813
05/26 08:47:23 PM train 250 1.452165e-01 94.949371 99.941902
05/26 08:47:49 PM train_corr 0.807567 valid_corr 0.667127
05/26 08:47:49 PM train_acc 94.944000
05/26 08:47:50 PM valid 000 5.915780e-01 84.375000 98.958336
05/26 08:48:01 PM valid 050 4.849482e-01 84.742645 99.325981
05/26 08:48:12 PM valid 100 4.764155e-01 85.107262 99.432762
05/26 08:48:23 PM valid 150 4.713464e-01 85.120033 99.399834
05/26 08:48:34 PM valid 200 4.702734e-01 85.235283 99.393654
05/26 08:48:46 PM valid 250 4.656228e-01 85.329521 99.406540
05/26 08:48:48 PM valid_acc 85.411995
05/26 08:48:48 PM genotype = Genotype(normal=[('sep_conv_5x5', 0), ('dil_conv_3x3', 1), ('dil_conv_3x3', 2), ('dil_conv_3x3', 0), ('dil_conv_5x5', 2), ('dil_conv_5x5', 3), ('dil_conv_3x3', 4), ('sep_conv_3x3', 3)], normal_concat=range(2, 6), reduce=[('max_pool_3x3', 0), ('max_pool_3x3', 1), ('max_pool_3x3', 0), ('skip_connect', 2), ('skip_connect', 2), ('max_pool_3x3', 0), ('dil_conv_5x5', 4), ('dil_conv_5x5', 2)], reduce_concat=range(2, 6))
tensor([[0.1341, 0.0922, 0.1452, 0.1451, 0.2038, 0.1349, 0.1446],
        [0.1419, 0.0985, 0.1604, 0.1531, 0.1425, 0.1754, 0.1281],
        [0.1285, 0.0926, 0.1324, 0.1772, 0.1398, 0.1887, 0.1408],
        [0.1503, 0.1041, 0.1639, 0.1651, 0.1503, 0.1366, 0.1297],
        [0.0831, 0.0587, 0.1407, 0.1441, 0.1593, 0.2132, 0.2009],
        [0.1352, 0.0913, 0.1275, 0.1672, 0.1870, 0.1468, 0.1451],
        [0.1430, 0.0994, 0.1492, 0.1542, 0.1553, 0.1408, 0.1580],
        [0.0903, 0.0631, 0.1496, 0.1280, 0.1406, 0.1973, 0.2310],
        [0.0859, 0.0660, 0.1190, 0.1468, 0.1784, 0.1734, 0.2304],
        [0.1347, 0.0949, 0.1419, 0.1733, 0.1357, 0.1502, 0.1693],
        [0.1292, 0.0926, 0.1309, 0.1914, 0.1675, 0.1658, 0.1227],
        [0.0788, 0.0574, 0.1522, 0.1904, 0.1185, 0.2089, 0.1939],
        [0.0756, 0.0608, 0.1022, 0.2112, 0.1612, 0.1843, 0.2047],
        [0.0750, 0.0668, 0.0788, 0.1231, 0.1786, 0.2528, 0.2249]],
       device='cuda:0', grad_fn=<SoftmaxBackward0>)
tensor([[0.1813, 0.1278, 0.1417, 0.1332, 0.1536, 0.1246, 0.1379],
        [0.1778, 0.1528, 0.1591, 0.1064, 0.1281, 0.1277, 0.1481],
        [0.2040, 0.1369, 0.1416, 0.1463, 0.1216, 0.1347, 0.1150],
        [0.1954, 0.1733, 0.1543, 0.1029, 0.1177, 0.1121, 0.1442],
        [0.1067, 0.0924, 0.1997, 0.1393, 0.1260, 0.1710, 0.1650],
        [0.2156, 0.1516, 0.1096, 0.1460, 0.1513, 0.1128, 0.1130],
        [0.1838, 0.1633, 0.1374, 0.1357, 0.1269, 0.1446, 0.1083],
        [0.1179, 0.1133, 0.2500, 0.1264, 0.1207, 0.1331, 0.1387],
        [0.1113, 0.1000, 0.2011, 0.1759, 0.1447, 0.1237, 0.1434],
        [0.1490, 0.1351, 0.1342, 0.1443, 0.1681, 0.1291, 0.1402],
        [0.1707, 0.1690, 0.1169, 0.1139, 0.1535, 0.1636, 0.1124],
        [0.0899, 0.0900, 0.1853, 0.1461, 0.1557, 0.1427, 0.1904],
        [0.0995, 0.0926, 0.1855, 0.1581, 0.1690, 0.1444, 0.1509],
        [0.0867, 0.0854, 0.1456, 0.1618, 0.1462, 0.1721, 0.2024]],
       device='cuda:0', grad_fn=<SoftmaxBackward0>)
