2024-11-19 14:27:18,647 -                train: [    INFO] - Training with a single process on 1 GPUs.
2024-11-19 14:27:18,654 -                train: [    INFO] - genotype = Genotype(normal=[('sep_conv_3x3', 0), ('sep_conv_5x5', 1), ('sep_conv_5x5', 1), ('dil_conv_3x3', 2), ('sep_conv_3x3', 0), ('dil_conv_3x3', 2), ('sep_conv_3x3', 0), ('dil_conv_3x3', 4)], normal_concat=range(2, 6), reduce=[('dil_conv_3x3', 0), ('dil_conv_3x3', 1), ('sep_conv_3x3', 0), ('dil_conv_3x3', 2), ('dil_conv_3x3', 3), ('dil_conv_3x3', 1), ('dil_conv_5x5', 1), ('sep_conv_5x5', 2)], reduce_concat=range(2, 6))
2024-11-19 14:27:18,818 -     timm.data.config: [    INFO] - Data processing configuration for current model + dataset:
2024-11-19 14:27:18,818 -     timm.data.config: [    INFO] - 	input_size: (3, 32, 32)
2024-11-19 14:27:18,818 -     timm.data.config: [    INFO] - 	interpolation: bilinear
2024-11-19 14:27:18,818 -     timm.data.config: [    INFO] - 	mean: (0.49139968, 0.48215827, 0.44653124)
2024-11-19 14:27:18,818 -     timm.data.config: [    INFO] - 	std: (0.24703233, 0.24348505, 0.26158768)
2024-11-19 14:27:18,819 -     timm.data.config: [    INFO] - 	crop_pct: 1.0
2024-11-19 14:27:18,819 -     timm.data.config: [    INFO] - 	crop_mode: center
2024-11-19 14:27:19,130 -                train: [    INFO] - 
-------------------------------
Learnable parameters
Student: 4.10M
Extra: 0.48M
-------------------------------
2024-11-19 14:27:26,069 -                train: [    INFO] - Scheduled epochs: 600
2024-11-19 14:27:27,867 -                train: [    INFO] - Train: 0 [   0/520]  Loss: 3.277 (3.28)  Acc@1:  9.3750 ( 9.3750)  Acc@5: 45.8333 (45.8333)LR: 2.500e-02
2024-11-19 14:28:10,883 -                train: [    INFO] - Train: 0 [ 200/520]  Loss: 2.757 (3.15)  Acc@1: 27.0833 (14.6144)  Acc@5: 82.2917 (61.9196)LR: 2.500e-02
2024-11-19 14:28:52,749 -                train: [    INFO] - Train: 0 [ 400/520]  Loss: 2.353 (2.92)  Acc@1: 36.4583 (21.5607)  Acc@5: 85.4167 (72.1841)LR: 2.500e-02
2024-11-19 14:29:18,362 -                train: [    INFO] - Train: 0 [ 520/520]  Loss: 2.705 (2.82)  Acc@1: 31.2500 (24.4400)  Acc@5: 83.7500 (75.3100)LR: 2.500e-02
2024-11-19 14:29:18,759 -                train: [    INFO] - Valid: 0 [   0/104]  Loss: 1.642 (1.64)  Acc@1: 43.7500 (43.7500)  Acc@5: 87.5000 (87.5000)
2024-11-19 14:29:24,592 -                train: [    INFO] - Valid: 0 [ 104/104]  Loss: 1.636 (1.64)  Acc@1: 25.0000 (40.0200)  Acc@5: 100.0000 (89.3700)
2024-11-19 14:29:25,348 -                train: [    INFO] - valid_acc 40.020001 - best_valid_acc 40.020001
2024-11-19 14:29:25,953 -                train: [    INFO] - Train: 1 [   0/520]  Loss: 2.479 (2.48)  Acc@1: 41.6667 (41.6667)  Acc@5: 87.5000 (87.5000)LR: 2.500e-02
2024-11-19 14:30:12,324 -                train: [    INFO] - Train: 1 [ 200/520]  Loss: 2.135 (2.34)  Acc@1: 42.7083 (38.4432)  Acc@5: 92.7083 (88.5624)LR: 2.500e-02
2024-11-19 14:30:59,210 -                train: [    INFO] - Train: 1 [ 400/520]  Loss: 1.935 (2.27)  Acc@1: 47.9167 (40.4276)  Acc@5: 94.7917 (89.6353)LR: 2.500e-02
2024-11-19 14:31:27,069 -                train: [    INFO] - Train: 1 [ 520/520]  Loss: 2.140 (2.22)  Acc@1: 38.7500 (41.7860)  Acc@5: 91.2500 (90.1120)LR: 2.500e-02
2024-11-19 14:31:27,431 -                train: [    INFO] - Valid: 1 [   0/104]  Loss: 1.475 (1.47)  Acc@1: 44.7917 (44.7917)  Acc@5: 92.7083 (92.7083)
2024-11-19 14:31:33,107 -                train: [    INFO] - Valid: 1 [ 104/104]  Loss: 1.135 (1.51)  Acc@1: 50.0000 (45.9000)  Acc@5: 100.0000 (92.6900)
2024-11-19 14:31:33,678 -                train: [    INFO] - valid_acc 45.900001 - best_valid_acc 45.900001
2024-11-19 14:31:34,183 -                train: [    INFO] - Train: 2 [   0/520]  Loss: 1.846 (1.85)  Acc@1: 53.1250 (53.1250)  Acc@5: 95.8333 (95.8333)LR: 2.500e-02
2024-11-19 14:32:19,826 -                train: [    INFO] - Train: 2 [ 200/520]  Loss: 1.907 (2.00)  Acc@1: 52.0833 (48.4349)  Acc@5: 93.7500 (92.5270)LR: 2.500e-02
2024-11-19 14:33:05,832 -                train: [    INFO] - Train: 2 [ 400/520]  Loss: 1.787 (1.92)  Acc@1: 52.0833 (50.3455)  Acc@5: 92.7083 (93.1292)LR: 2.500e-02
2024-11-19 14:33:32,633 -                train: [    INFO] - Train: 2 [ 520/520]  Loss: 1.476 (1.88)  Acc@1: 63.7500 (51.4500)  Acc@5: 95.0000 (93.4200)LR: 2.500e-02
2024-11-19 14:33:34,434 -                train: [    INFO] - Valid: 2 [   0/104]  Loss: 1.163 (1.16)  Acc@1: 62.5000 (62.5000)  Acc@5: 93.7500 (93.7500)
2024-11-19 14:33:40,199 -                train: [    INFO] - Valid: 2 [ 104/104]  Loss: 1.093 (1.23)  Acc@1: 68.7500 (57.4000)  Acc@5: 93.7500 (94.7500)
2024-11-19 14:33:41,134 -                train: [    INFO] - valid_acc 57.400001 - best_valid_acc 57.400001
2024-11-19 14:33:41,654 -                train: [    INFO] - Train: 3 [   0/520]  Loss: 1.471 (1.47)  Acc@1: 56.2500 (56.2500)  Acc@5: 98.9583 (98.9583)LR: 2.500e-02
2024-11-19 14:34:26,995 -                train: [    INFO] - Train: 3 [ 200/520]  Loss: 1.326 (1.69)  Acc@1: 65.6250 (56.6646)  Acc@5: 94.7917 (94.8072)LR: 2.500e-02
2024-11-19 14:35:11,731 -                train: [    INFO] - Train: 3 [ 400/520]  Loss: 1.539 (1.64)  Acc@1: 60.4167 (57.7307)  Acc@5: 96.8750 (95.1527)LR: 2.500e-02
2024-11-19 14:35:38,245 -                train: [    INFO] - Train: 3 [ 520/520]  Loss: 1.341 (1.62)  Acc@1: 63.7500 (58.3780)  Acc@5: 95.0000 (95.3300)LR: 2.500e-02
2024-11-19 14:35:38,651 -                train: [    INFO] - Valid: 3 [   0/104]  Loss: 0.9449 (0.945)  Acc@1: 65.6250 (65.6250)  Acc@5: 95.8333 (95.8333)
2024-11-19 14:35:44,308 -                train: [    INFO] - Valid: 3 [ 104/104]  Loss: 1.513 (0.993)  Acc@1: 50.0000 (64.7300)  Acc@5: 93.7500 (96.9800)
2024-11-19 14:35:44,969 -                train: [    INFO] - valid_acc 64.730002 - best_valid_acc 64.730002
2024-11-19 14:35:45,493 -                train: [    INFO] - Train: 4 [   0/520]  Loss: 1.740 (1.74)  Acc@1: 56.2500 (56.2500)  Acc@5: 95.8333 (95.8333)LR: 2.500e-02
2024-11-19 14:36:29,106 -                train: [    INFO] - Train: 4 [ 200/520]  Loss: 1.609 (1.51)  Acc@1: 56.2500 (61.5983)  Acc@5: 94.7917 (96.0665)LR: 2.500e-02
2024-11-19 14:37:12,999 -                train: [    INFO] - Train: 4 [ 400/520]  Loss: 1.277 (1.47)  Acc@1: 67.7083 (62.5286)  Acc@5: 95.8333 (96.2671)LR: 2.500e-02
2024-11-19 14:37:40,572 -                train: [    INFO] - Train: 4 [ 520/520]  Loss: 1.405 (1.46)  Acc@1: 56.2500 (62.9660)  Acc@5: 97.5000 (96.3700)LR: 2.500e-02
2024-11-19 14:37:40,922 -                train: [    INFO] - Valid: 4 [   0/104]  Loss: 1.028 (1.03)  Acc@1: 58.3333 (58.3333)  Acc@5: 97.9167 (97.9167)
2024-11-19 14:37:46,593 -                train: [    INFO] - Valid: 4 [ 104/104]  Loss: 1.309 (1.10)  Acc@1: 56.2500 (62.7800)  Acc@5: 93.7500 (95.8700)
2024-11-19 14:37:46,890 -                train: [    INFO] - valid_acc 62.780002 - best_valid_acc 64.730002
2024-11-19 14:37:47,397 -                train: [    INFO] - Train: 5 [   0/520]  Loss: 1.633 (1.63)  Acc@1: 55.2083 (55.2083)  Acc@5: 98.9583 (98.9583)LR: 2.500e-02
2024-11-19 14:38:33,457 -                train: [    INFO] - Train: 5 [ 200/520]  Loss: 1.223 (1.35)  Acc@1: 77.0833 (65.2778)  Acc@5: 96.8750 (96.8802)LR: 2.500e-02
2024-11-19 14:39:20,261 -                train: [    INFO] - Train: 5 [ 400/520]  Loss: 1.415 (1.33)  Acc@1: 65.6250 (65.9107)  Acc@5: 93.7500 (96.8984)LR: 2.500e-02
2024-11-19 14:39:48,209 -                train: [    INFO] - Train: 5 [ 520/520]  Loss: 1.116 (1.32)  Acc@1: 72.5000 (66.3540)  Acc@5: 96.2500 (96.9640)LR: 2.500e-02
2024-11-19 14:39:48,524 -                train: [    INFO] - Valid: 5 [   0/104]  Loss: 0.7910 (0.791)  Acc@1: 68.7500 (68.7500)  Acc@5: 98.9583 (98.9583)
2024-11-19 14:39:54,404 -                train: [    INFO] - Valid: 5 [ 104/104]  Loss: 0.8706 (0.780)  Acc@1: 75.0000 (73.4200)  Acc@5: 100.0000 (98.3000)
2024-11-19 14:39:55,058 -                train: [    INFO] - valid_acc 73.420003 - best_valid_acc 73.420003
2024-11-19 14:39:55,633 -                train: [    INFO] - Train: 6 [   0/520]  Loss: 1.285 (1.28)  Acc@1: 71.8750 (71.8750)  Acc@5: 95.8333 (95.8333)LR: 2.499e-02
2024-11-19 14:40:41,858 -                train: [    INFO] - Train: 6 [ 200/520]  Loss: 1.259 (1.25)  Acc@1: 69.7917 (68.4391)  Acc@5: 98.9583 (97.2067)LR: 2.499e-02
2024-11-19 14:41:26,606 -                train: [    INFO] - Train: 6 [ 400/520]  Loss: 0.8774 (1.24)  Acc@1: 77.0833 (69.1007)  Acc@5: 100.0000 (97.3660)LR: 2.499e-02
2024-11-19 14:41:53,075 -                train: [    INFO] - Train: 6 [ 520/520]  Loss: 1.297 (1.22)  Acc@1: 72.5000 (69.3360)  Acc@5: 97.5000 (97.4280)LR: 2.499e-02
2024-11-19 14:41:53,551 -                train: [    INFO] - Valid: 6 [   0/104]  Loss: 1.129 (1.13)  Acc@1: 56.2500 (56.2500)  Acc@5: 96.8750 (96.8750)
2024-11-19 14:41:59,225 -                train: [    INFO] - Valid: 6 [ 104/104]  Loss: 1.300 (1.17)  Acc@1: 56.2500 (64.4000)  Acc@5: 93.7500 (97.6500)
2024-11-19 14:41:59,251 -                train: [    INFO] - valid_acc 64.400002 - best_valid_acc 73.420003
2024-11-19 14:41:59,657 -                train: [    INFO] - Train: 7 [   0/520]  Loss: 1.044 (1.04)  Acc@1: 70.8333 (70.8333)  Acc@5: 96.8750 (96.8750)LR: 2.499e-02
2024-11-19 14:42:43,761 -                train: [    INFO] - Train: 7 [ 200/520]  Loss: 0.9589 (1.14)  Acc@1: 78.1250 (71.8595)  Acc@5: 97.9167 (97.8182)LR: 2.499e-02
2024-11-19 14:43:27,514 -                train: [    INFO] - Train: 7 [ 400/520]  Loss: 1.111 (1.13)  Acc@1: 71.8750 (71.8282)  Acc@5: 98.9583 (97.8543)LR: 2.499e-02
2024-11-19 14:43:53,717 -                train: [    INFO] - Train: 7 [ 520/520]  Loss: 1.327 (1.12)  Acc@1: 68.7500 (72.0900)  Acc@5: 96.2500 (97.8520)LR: 2.499e-02
2024-11-19 14:43:53,994 -                train: [    INFO] - Valid: 7 [   0/104]  Loss: 0.7269 (0.727)  Acc@1: 72.9167 (72.9167)  Acc@5: 98.9583 (98.9583)
2024-11-19 14:43:59,659 -                train: [    INFO] - Valid: 7 [ 104/104]  Loss: 0.8382 (0.672)  Acc@1: 68.7500 (76.7200)  Acc@5: 100.0000 (98.6300)
2024-11-19 14:44:00,225 -                train: [    INFO] - valid_acc 76.720003 - best_valid_acc 76.720003
2024-11-19 14:44:00,680 -                train: [    INFO] - Train: 8 [   0/520]  Loss: 0.8079 (0.808)  Acc@1: 78.1250 (78.1250)  Acc@5: 98.9583 (98.9583)LR: 2.499e-02
2024-11-19 14:44:44,601 -                train: [    INFO] - Train: 8 [ 200/520]  Loss: 1.164 (1.07)  Acc@1: 68.7500 (73.3675)  Acc@5: 98.9583 (98.1084)LR: 2.499e-02
2024-11-19 14:45:28,346 -                train: [    INFO] - Train: 8 [ 400/520]  Loss: 1.122 (1.07)  Acc@1: 73.9583 (73.3972)  Acc@5: 97.9167 (98.0076)LR: 2.499e-02
2024-11-19 14:45:54,693 -                train: [    INFO] - Train: 8 [ 520/520]  Loss: 0.8373 (1.06)  Acc@1: 76.2500 (73.6900)  Acc@5: 100.0000 (98.0540)LR: 2.499e-02
2024-11-19 14:45:55,009 -                train: [    INFO] - Valid: 8 [   0/104]  Loss: 0.6114 (0.611)  Acc@1: 76.0417 (76.0417)  Acc@5: 96.8750 (96.8750)
2024-11-19 14:46:00,674 -                train: [    INFO] - Valid: 8 [ 104/104]  Loss: 0.7027 (0.652)  Acc@1: 75.0000 (77.9400)  Acc@5: 100.0000 (98.5600)
2024-11-19 14:46:01,139 -                train: [    INFO] - valid_acc 77.940003 - best_valid_acc 77.940003
2024-11-19 14:46:01,749 -                train: [    INFO] - Train: 9 [   0/520]  Loss: 1.122 (1.12)  Acc@1: 76.0417 (76.0417)  Acc@5: 100.0000 (100.0000)LR: 2.499e-02
2024-11-19 14:46:45,316 -                train: [    INFO] - Train: 9 [ 200/520]  Loss: 1.318 (1.02)  Acc@1: 69.7917 (74.7409)  Acc@5: 96.8750 (98.1395)LR: 2.499e-02
2024-11-19 14:47:28,919 -                train: [    INFO] - Train: 9 [ 400/520]  Loss: 1.261 (1.01)  Acc@1: 70.8333 (74.9273)  Acc@5: 96.8750 (98.1479)LR: 2.499e-02
2024-11-19 14:47:55,101 -                train: [    INFO] - Train: 9 [ 520/520]  Loss: 0.7991 (1.01)  Acc@1: 82.5000 (75.1620)  Acc@5: 100.0000 (98.1480)LR: 2.499e-02
2024-11-19 14:47:55,384 -                train: [    INFO] - Valid: 9 [   0/104]  Loss: 0.5212 (0.521)  Acc@1: 82.2917 (82.2917)  Acc@5: 98.9583 (98.9583)
2024-11-19 14:48:01,064 -                train: [    INFO] - Valid: 9 [ 104/104]  Loss: 0.6362 (0.563)  Acc@1: 81.2500 (81.1000)  Acc@5: 100.0000 (98.8800)
2024-11-19 14:48:01,644 -                train: [    INFO] - valid_acc 81.100002 - best_valid_acc 81.100002
2024-11-19 14:48:02,175 -                train: [    INFO] - Train: 10 [   0/520]  Loss: 1.011 (1.01)  Acc@1: 73.9583 (73.9583)  Acc@5: 96.8750 (96.8750)LR: 2.498e-02
2024-11-19 14:48:46,884 -                train: [    INFO] - Train: 10 [ 200/520]  Loss: 1.125 (0.950)  Acc@1: 71.8750 (76.6739)  Acc@5: 95.8333 (98.3054)LR: 2.498e-02
2024-11-19 14:49:31,359 -                train: [    INFO] - Train: 10 [ 400/520]  Loss: 1.054 (0.949)  Acc@1: 73.9583 (76.5352)  Acc@5: 98.9583 (98.3946)LR: 2.498e-02
2024-11-19 14:49:57,972 -                train: [    INFO] - Train: 10 [ 520/520]  Loss: 1.219 (0.944)  Acc@1: 70.0000 (76.7040)  Acc@5: 97.5000 (98.3920)LR: 2.498e-02
2024-11-19 14:49:58,279 -                train: [    INFO] - Valid: 10 [   0/104]  Loss: 0.5324 (0.532)  Acc@1: 81.2500 (81.2500)  Acc@5: 98.9583 (98.9583)
2024-11-19 14:50:04,029 -                train: [    INFO] - Valid: 10 [ 104/104]  Loss: 0.7610 (0.586)  Acc@1: 81.2500 (79.7700)  Acc@5: 100.0000 (98.8600)
2024-11-19 14:50:04,075 -                train: [    INFO] - valid_acc 79.770002 - best_valid_acc 81.100002
2024-11-19 14:50:04,521 -                train: [    INFO] - Train: 11 [   0/520]  Loss: 0.9815 (0.982)  Acc@1: 70.8333 (70.8333)  Acc@5: 98.9583 (98.9583)LR: 2.498e-02
2024-11-19 14:50:48,278 -                train: [    INFO] - Train: 11 [ 200/520]  Loss: 0.9780 (0.922)  Acc@1: 72.9167 (77.0367)  Acc@5: 100.0000 (98.5230)LR: 2.498e-02
2024-11-19 14:51:31,964 -                train: [    INFO] - Train: 11 [ 400/520]  Loss: 0.8601 (0.918)  Acc@1: 75.0000 (77.2574)  Acc@5: 98.9583 (98.4778)LR: 2.498e-02
2024-11-19 14:51:58,115 -                train: [    INFO] - Train: 11 [ 520/520]  Loss: 0.9830 (0.913)  Acc@1: 73.7500 (77.4860)  Acc@5: 100.0000 (98.4700)LR: 2.498e-02
2024-11-19 14:51:58,433 -                train: [    INFO] - Valid: 11 [   0/104]  Loss: 0.5512 (0.551)  Acc@1: 78.1250 (78.1250)  Acc@5: 100.0000 (100.0000)
2024-11-19 14:52:04,216 -                train: [    INFO] - Valid: 11 [ 104/104]  Loss: 0.5572 (0.536)  Acc@1: 81.2500 (81.7800)  Acc@5: 100.0000 (99.0200)
2024-11-19 14:52:05,086 -                train: [    INFO] - valid_acc 81.780002 - best_valid_acc 81.780002
2024-11-19 14:52:05,573 -                train: [    INFO] - Train: 12 [   0/520]  Loss: 0.7275 (0.728)  Acc@1: 85.4167 (85.4167)  Acc@5: 98.9583 (98.9583)LR: 2.498e-02
2024-11-19 14:52:49,282 -                train: [    INFO] - Train: 12 [ 200/520]  Loss: 0.8233 (0.868)  Acc@1: 80.2083 (78.6070)  Acc@5: 100.0000 (98.7148)LR: 2.498e-02
2024-11-19 14:53:33,017 -                train: [    INFO] - Train: 12 [ 400/520]  Loss: 0.6092 (0.868)  Acc@1: 87.5000 (78.6575)  Acc@5: 97.9167 (98.6440)LR: 2.498e-02
2024-11-19 14:53:59,442 -                train: [    INFO] - Train: 12 [ 520/520]  Loss: 1.202 (0.874)  Acc@1: 67.5000 (78.4760)  Acc@5: 100.0000 (98.6560)LR: 2.498e-02
2024-11-19 14:53:59,753 -                train: [    INFO] - Valid: 12 [   0/104]  Loss: 0.6195 (0.619)  Acc@1: 79.1667 (79.1667)  Acc@5: 98.9583 (98.9583)
2024-11-19 14:54:05,464 -                train: [    INFO] - Valid: 12 [ 104/104]  Loss: 1.125 (0.710)  Acc@1: 62.5000 (77.4400)  Acc@5: 93.7500 (98.1300)
2024-11-19 14:54:05,500 -                train: [    INFO] - valid_acc 77.440002 - best_valid_acc 81.780002
2024-11-19 14:54:05,953 -                train: [    INFO] - Train: 13 [   0/520]  Loss: 0.7787 (0.779)  Acc@1: 76.0417 (76.0417)  Acc@5: 97.9167 (97.9167)LR: 2.497e-02
2024-11-19 14:54:49,884 -                train: [    INFO] - Train: 13 [ 200/520]  Loss: 1.078 (0.845)  Acc@1: 72.9167 (79.0630)  Acc@5: 97.9167 (98.6267)LR: 2.497e-02
2024-11-19 14:55:33,870 -                train: [    INFO] - Train: 13 [ 400/520]  Loss: 0.9604 (0.853)  Acc@1: 72.9167 (78.8108)  Acc@5: 98.9583 (98.6544)LR: 2.497e-02
2024-11-19 14:56:00,057 -                train: [    INFO] - Train: 13 [ 520/520]  Loss: 0.9262 (0.858)  Acc@1: 73.7500 (78.7480)  Acc@5: 97.5000 (98.6540)LR: 2.497e-02
2024-11-19 14:56:00,394 -                train: [    INFO] - Valid: 13 [   0/104]  Loss: 0.4865 (0.487)  Acc@1: 84.3750 (84.3750)  Acc@5: 98.9583 (98.9583)
2024-11-19 14:56:06,148 -                train: [    INFO] - Valid: 13 [ 104/104]  Loss: 0.5663 (0.493)  Acc@1: 87.5000 (83.0500)  Acc@5: 100.0000 (99.0000)
2024-11-19 14:56:07,065 -                train: [    INFO] - valid_acc 83.050003 - best_valid_acc 83.050003
2024-11-19 14:56:07,587 -                train: [    INFO] - Train: 14 [   0/520]  Loss: 1.036 (1.04)  Acc@1: 73.9583 (73.9583)  Acc@5: 97.9167 (97.9167)LR: 2.497e-02
2024-11-19 14:56:51,256 -                train: [    INFO] - Train: 14 [ 200/520]  Loss: 0.7692 (0.829)  Acc@1: 80.2083 (79.3895)  Acc@5: 98.9583 (98.7459)LR: 2.497e-02
2024-11-19 14:57:35,147 -                train: [    INFO] - Train: 14 [ 400/520]  Loss: 0.7562 (0.827)  Acc@1: 79.1667 (79.4628)  Acc@5: 96.8750 (98.7921)LR: 2.497e-02
2024-11-19 14:58:01,354 -                train: [    INFO] - Train: 14 [ 520/520]  Loss: 0.8996 (0.828)  Acc@1: 80.0000 (79.5160)  Acc@5: 97.5000 (98.7760)LR: 2.497e-02
2024-11-19 14:58:01,671 -                train: [    INFO] - Valid: 14 [   0/104]  Loss: 0.4446 (0.445)  Acc@1: 85.4167 (85.4167)  Acc@5: 97.9167 (97.9167)
2024-11-19 14:58:07,343 -                train: [    INFO] - Valid: 14 [ 104/104]  Loss: 0.6402 (0.493)  Acc@1: 87.5000 (83.3700)  Acc@5: 100.0000 (99.1900)
2024-11-19 14:58:07,919 -                train: [    INFO] - valid_acc 83.370003 - best_valid_acc 83.370003
2024-11-19 14:58:08,435 -                train: [    INFO] - Train: 15 [   0/520]  Loss: 0.8628 (0.863)  Acc@1: 75.0000 (75.0000)  Acc@5: 98.9583 (98.9583)LR: 2.496e-02
2024-11-19 14:58:52,100 -                train: [    INFO] - Train: 15 [ 200/520]  Loss: 0.6439 (0.809)  Acc@1: 85.4167 (79.9803)  Acc@5: 98.9583 (98.8495)LR: 2.496e-02
2024-11-19 14:59:35,704 -                train: [    INFO] - Train: 15 [ 400/520]  Loss: 0.9569 (0.805)  Acc@1: 77.0833 (80.2291)  Acc@5: 95.8333 (98.8259)LR: 2.496e-02
2024-11-19 15:00:01,966 -                train: [    INFO] - Train: 15 [ 520/520]  Loss: 0.9154 (0.803)  Acc@1: 77.5000 (80.2780)  Acc@5: 98.7500 (98.8320)LR: 2.496e-02
2024-11-19 15:00:02,325 -                train: [    INFO] - Valid: 15 [   0/104]  Loss: 0.8410 (0.841)  Acc@1: 72.9167 (72.9167)  Acc@5: 100.0000 (100.0000)
2024-11-19 15:00:07,992 -                train: [    INFO] - Valid: 15 [ 104/104]  Loss: 1.219 (0.986)  Acc@1: 56.2500 (70.7000)  Acc@5: 100.0000 (97.7200)
2024-11-19 15:00:08,027 -                train: [    INFO] - valid_acc 70.700003 - best_valid_acc 83.370003
2024-11-19 15:00:08,468 -                train: [    INFO] - Train: 16 [   0/520]  Loss: 0.8290 (0.829)  Acc@1: 80.2083 (80.2083)  Acc@5: 98.9583 (98.9583)LR: 2.496e-02
2024-11-19 15:00:52,187 -                train: [    INFO] - Train: 16 [ 200/520]  Loss: 0.7240 (0.779)  Acc@1: 81.2500 (80.8095)  Acc@5: 98.9583 (98.9013)LR: 2.496e-02
2024-11-19 15:01:35,873 -                train: [    INFO] - Train: 16 [ 400/520]  Loss: 0.8003 (0.780)  Acc@1: 82.2917 (80.7045)  Acc@5: 98.9583 (98.8960)LR: 2.496e-02
2024-11-19 15:02:01,893 -                train: [    INFO] - Train: 16 [ 520/520]  Loss: 0.6822 (0.783)  Acc@1: 82.5000 (80.6680)  Acc@5: 98.7500 (98.8760)LR: 2.496e-02
2024-11-19 15:02:02,227 -                train: [    INFO] - Valid: 16 [   0/104]  Loss: 0.5976 (0.598)  Acc@1: 80.2083 (80.2083)  Acc@5: 97.9167 (97.9167)
2024-11-19 15:02:07,936 -                train: [    INFO] - Valid: 16 [ 104/104]  Loss: 0.7153 (0.556)  Acc@1: 81.2500 (81.8000)  Acc@5: 100.0000 (98.6600)
2024-11-19 15:02:07,971 -                train: [    INFO] - valid_acc 81.800003 - best_valid_acc 83.370003
2024-11-19 15:02:08,498 -                train: [    INFO] - Train: 17 [   0/520]  Loss: 1.011 (1.01)  Acc@1: 76.0417 (76.0417)  Acc@5: 97.9167 (97.9167)LR: 2.495e-02
2024-11-19 15:02:52,093 -                train: [    INFO] - Train: 17 [ 200/520]  Loss: 0.8439 (0.770)  Acc@1: 79.1667 (81.1101)  Acc@5: 98.9583 (98.8184)LR: 2.495e-02
2024-11-19 15:03:36,507 -                train: [    INFO] - Train: 17 [ 400/520]  Loss: 0.6915 (0.769)  Acc@1: 81.2500 (81.0448)  Acc@5: 98.9583 (98.8752)LR: 2.495e-02
2024-11-19 15:04:03,131 -                train: [    INFO] - Train: 17 [ 520/520]  Loss: 0.7830 (0.767)  Acc@1: 81.2500 (81.0100)  Acc@5: 100.0000 (98.8860)LR: 2.495e-02
2024-11-19 15:04:03,387 -                train: [    INFO] - Valid: 17 [   0/104]  Loss: 0.5390 (0.539)  Acc@1: 84.3750 (84.3750)  Acc@5: 98.9583 (98.9583)
2024-11-19 15:04:09,087 -                train: [    INFO] - Valid: 17 [ 104/104]  Loss: 0.7314 (0.544)  Acc@1: 62.5000 (81.4500)  Acc@5: 100.0000 (99.3200)
2024-11-19 15:04:09,119 -                train: [    INFO] - valid_acc 81.450003 - best_valid_acc 83.370003
2024-11-19 15:04:09,565 -                train: [    INFO] - Train: 18 [   0/520]  Loss: 0.7693 (0.769)  Acc@1: 78.1250 (78.1250)  Acc@5: 100.0000 (100.0000)LR: 2.494e-02
2024-11-19 15:04:53,445 -                train: [    INFO] - Train: 18 [ 200/520]  Loss: 0.9418 (0.737)  Acc@1: 77.0833 (81.6750)  Acc@5: 95.8333 (99.0102)LR: 2.494e-02
2024-11-19 15:05:37,334 -                train: [    INFO] - Train: 18 [ 400/520]  Loss: 1.294 (0.748)  Acc@1: 69.7917 (81.4111)  Acc@5: 97.9167 (99.0519)LR: 2.494e-02
2024-11-19 15:06:03,649 -                train: [    INFO] - Train: 18 [ 520/520]  Loss: 0.6638 (0.750)  Acc@1: 82.5000 (81.3360)  Acc@5: 98.7500 (98.9960)LR: 2.494e-02
2024-11-19 15:06:03,931 -                train: [    INFO] - Valid: 18 [   0/104]  Loss: 0.5343 (0.534)  Acc@1: 82.2917 (82.2917)  Acc@5: 100.0000 (100.0000)
2024-11-19 15:06:09,592 -                train: [    INFO] - Valid: 18 [ 104/104]  Loss: 0.4371 (0.550)  Acc@1: 87.5000 (82.0500)  Acc@5: 100.0000 (98.9200)
2024-11-19 15:06:09,640 -                train: [    INFO] - valid_acc 82.050002 - best_valid_acc 83.370003
2024-11-19 15:06:10,105 -                train: [    INFO] - Train: 19 [   0/520]  Loss: 0.5560 (0.556)  Acc@1: 88.5417 (88.5417)  Acc@5: 97.9167 (97.9167)LR: 2.494e-02
2024-11-19 15:06:54,301 -                train: [    INFO] - Train: 19 [ 200/520]  Loss: 0.8226 (0.732)  Acc@1: 76.0417 (81.9652)  Acc@5: 97.9167 (99.1034)LR: 2.494e-02
2024-11-19 15:07:38,347 -                train: [    INFO] - Train: 19 [ 400/520]  Loss: 0.7547 (0.737)  Acc@1: 76.0417 (81.8267)  Acc@5: 98.9583 (99.0804)LR: 2.494e-02
2024-11-19 15:08:04,650 -                train: [    INFO] - Train: 19 [ 520/520]  Loss: 0.8036 (0.742)  Acc@1: 81.2500 (81.6920)  Acc@5: 97.5000 (99.0440)LR: 2.494e-02
2024-11-19 15:08:04,956 -                train: [    INFO] - Valid: 19 [   0/104]  Loss: 0.5831 (0.583)  Acc@1: 82.2917 (82.2917)  Acc@5: 100.0000 (100.0000)
2024-11-19 15:08:10,615 -                train: [    INFO] - Valid: 19 [ 104/104]  Loss: 0.3523 (0.488)  Acc@1: 87.5000 (83.5200)  Acc@5: 100.0000 (99.2400)
2024-11-19 15:08:11,152 -                train: [    INFO] - valid_acc 83.520003 - best_valid_acc 83.520003
2024-11-19 15:08:11,625 -                train: [    INFO] - Train: 20 [   0/520]  Loss: 0.6209 (0.621)  Acc@1: 85.4167 (85.4167)  Acc@5: 100.0000 (100.0000)LR: 2.493e-02
2024-11-19 15:08:55,199 -                train: [    INFO] - Train: 20 [ 200/520]  Loss: 0.7456 (0.715)  Acc@1: 80.2083 (82.4938)  Acc@5: 100.0000 (99.1242)LR: 2.493e-02
2024-11-19 15:09:38,775 -                train: [    INFO] - Train: 20 [ 400/520]  Loss: 0.5755 (0.721)  Acc@1: 81.2500 (82.3774)  Acc@5: 98.9583 (99.1012)LR: 2.493e-02
2024-11-19 15:10:05,064 -                train: [    INFO] - Train: 20 [ 520/520]  Loss: 0.7574 (0.725)  Acc@1: 82.5000 (82.1560)  Acc@5: 100.0000 (99.0940)LR: 2.493e-02
2024-11-19 15:10:05,642 -                train: [    INFO] - Valid: 20 [   0/104]  Loss: 0.6743 (0.674)  Acc@1: 78.1250 (78.1250)  Acc@5: 98.9583 (98.9583)
2024-11-19 15:10:11,318 -                train: [    INFO] - Valid: 20 [ 104/104]  Loss: 0.7217 (0.631)  Acc@1: 75.0000 (78.5900)  Acc@5: 93.7500 (99.0200)
2024-11-19 15:10:11,402 -                train: [    INFO] - valid_acc 78.590002 - best_valid_acc 83.520003
2024-11-19 15:10:11,905 -                train: [    INFO] - Train: 21 [   0/520]  Loss: 0.8647 (0.865)  Acc@1: 80.2083 (80.2083)  Acc@5: 98.9583 (98.9583)LR: 2.492e-02
2024-11-19 15:10:55,829 -                train: [    INFO] - Train: 21 [ 200/520]  Loss: 0.9629 (0.708)  Acc@1: 76.0417 (82.6855)  Acc@5: 98.9583 (99.1242)LR: 2.492e-02
2024-11-19 15:11:40,903 -                train: [    INFO] - Train: 21 [ 400/520]  Loss: 0.6849 (0.716)  Acc@1: 81.2500 (82.4293)  Acc@5: 100.0000 (99.1194)LR: 2.492e-02
2024-11-19 15:12:07,574 -                train: [    INFO] - Train: 21 [ 520/520]  Loss: 0.5866 (0.717)  Acc@1: 83.7500 (82.3580)  Acc@5: 97.5000 (99.0800)LR: 2.492e-02
2024-11-19 15:12:07,883 -                train: [    INFO] - Valid: 21 [   0/104]  Loss: 0.5446 (0.545)  Acc@1: 79.1667 (79.1667)  Acc@5: 98.9583 (98.9583)
2024-11-19 15:12:13,567 -                train: [    INFO] - Valid: 21 [ 104/104]  Loss: 0.6689 (0.595)  Acc@1: 81.2500 (81.1000)  Acc@5: 100.0000 (98.1600)
2024-11-19 15:12:13,611 -                train: [    INFO] - valid_acc 81.100002 - best_valid_acc 83.520003
2024-11-19 15:12:14,079 -                train: [    INFO] - Train: 22 [   0/520]  Loss: 0.7770 (0.777)  Acc@1: 79.1667 (79.1667)  Acc@5: 98.9583 (98.9583)LR: 2.492e-02
2024-11-19 15:12:57,793 -                train: [    INFO] - Train: 22 [ 200/520]  Loss: 0.4997 (0.703)  Acc@1: 87.5000 (82.7166)  Acc@5: 100.0000 (99.0672)LR: 2.492e-02
2024-11-19 15:13:41,441 -                train: [    INFO] - Train: 22 [ 400/520]  Loss: 0.7865 (0.697)  Acc@1: 86.4583 (82.9151)  Acc@5: 98.9583 (99.0804)LR: 2.492e-02
2024-11-19 15:14:07,649 -                train: [    INFO] - Train: 22 [ 520/520]  Loss: 0.7642 (0.700)  Acc@1: 80.0000 (82.9160)  Acc@5: 98.7500 (99.0740)LR: 2.492e-02
2024-11-19 15:14:07,907 -                train: [    INFO] - Valid: 22 [   0/104]  Loss: 0.6092 (0.609)  Acc@1: 81.2500 (81.2500)  Acc@5: 97.9167 (97.9167)
2024-11-19 15:14:13,609 -                train: [    INFO] - Valid: 22 [ 104/104]  Loss: 0.9641 (0.526)  Acc@1: 75.0000 (82.6100)  Acc@5: 100.0000 (99.3400)
2024-11-19 15:14:13,648 -                train: [    INFO] - valid_acc 82.610003 - best_valid_acc 83.520003
2024-11-19 15:14:14,163 -                train: [    INFO] - Train: 23 [   0/520]  Loss: 0.6499 (0.650)  Acc@1: 85.4167 (85.4167)  Acc@5: 98.9583 (98.9583)LR: 2.491e-02
2024-11-19 15:14:57,973 -                train: [    INFO] - Train: 23 [ 200/520]  Loss: 0.8988 (0.704)  Acc@1: 77.0833 (82.5456)  Acc@5: 97.9167 (99.0568)LR: 2.491e-02
2024-11-19 15:15:41,594 -                train: [    INFO] - Train: 23 [ 400/520]  Loss: 0.8706 (0.702)  Acc@1: 78.1250 (82.5177)  Acc@5: 97.9167 (99.1324)LR: 2.491e-02
2024-11-19 15:16:07,582 -                train: [    INFO] - Train: 23 [ 520/520]  Loss: 0.7316 (0.704)  Acc@1: 81.2500 (82.4640)  Acc@5: 98.7500 (99.1200)LR: 2.491e-02
2024-11-19 15:16:07,845 -                train: [    INFO] - Valid: 23 [   0/104]  Loss: 0.3927 (0.393)  Acc@1: 89.5833 (89.5833)  Acc@5: 100.0000 (100.0000)
2024-11-19 15:16:13,533 -                train: [    INFO] - Valid: 23 [ 104/104]  Loss: 0.5745 (0.444)  Acc@1: 87.5000 (85.1700)  Acc@5: 100.0000 (99.3400)
2024-11-19 15:16:14,069 -                train: [    INFO] - valid_acc 85.170003 - best_valid_acc 85.170003
2024-11-19 15:16:14,579 -                train: [    INFO] - Train: 24 [   0/520]  Loss: 0.5424 (0.542)  Acc@1: 83.3333 (83.3333)  Acc@5: 98.9583 (98.9583)LR: 2.490e-02
2024-11-19 15:16:59,353 -                train: [    INFO] - Train: 24 [ 200/520]  Loss: 0.6758 (0.684)  Acc@1: 79.1667 (83.1571)  Acc@5: 98.9583 (99.1345)LR: 2.490e-02
2024-11-19 15:17:44,058 -                train: [    INFO] - Train: 24 [ 400/520]  Loss: 0.6714 (0.683)  Acc@1: 83.3333 (83.0268)  Acc@5: 98.9583 (99.1687)LR: 2.490e-02
2024-11-19 15:18:10,428 -                train: [    INFO] - Train: 24 [ 520/520]  Loss: 0.6713 (0.688)  Acc@1: 83.7500 (83.0400)  Acc@5: 100.0000 (99.1320)LR: 2.490e-02
2024-11-19 15:18:10,734 -                train: [    INFO] - Valid: 24 [   0/104]  Loss: 0.4365 (0.436)  Acc@1: 86.4583 (86.4583)  Acc@5: 98.9583 (98.9583)
2024-11-19 15:18:16,419 -                train: [    INFO] - Valid: 24 [ 104/104]  Loss: 0.5292 (0.438)  Acc@1: 87.5000 (85.3000)  Acc@5: 100.0000 (99.3800)
2024-11-19 15:18:17,003 -                train: [    INFO] - valid_acc 85.300003 - best_valid_acc 85.300003
2024-11-19 15:18:17,652 -                train: [    INFO] - Train: 25 [   0/520]  Loss: 0.7590 (0.759)  Acc@1: 84.3750 (84.3750)  Acc@5: 98.9583 (98.9583)LR: 2.489e-02
2024-11-19 15:19:02,811 -                train: [    INFO] - Train: 25 [ 200/520]  Loss: 0.5574 (0.695)  Acc@1: 86.4583 (82.9187)  Acc@5: 98.9583 (99.1449)LR: 2.489e-02
2024-11-19 15:19:48,378 -                train: [    INFO] - Train: 25 [ 400/520]  Loss: 0.9690 (0.682)  Acc@1: 82.2917 (83.3593)  Acc@5: 97.9167 (99.1532)LR: 2.489e-02
2024-11-19 15:20:15,680 -                train: [    INFO] - Train: 25 [ 520/520]  Loss: 0.7577 (0.686)  Acc@1: 78.7500 (83.2040)  Acc@5: 98.7500 (99.1320)LR: 2.489e-02
2024-11-19 15:20:15,963 -                train: [    INFO] - Valid: 25 [   0/104]  Loss: 0.4343 (0.434)  Acc@1: 83.3333 (83.3333)  Acc@5: 98.9583 (98.9583)
2024-11-19 15:20:21,641 -                train: [    INFO] - Valid: 25 [ 104/104]  Loss: 0.7989 (0.422)  Acc@1: 81.2500 (85.9100)  Acc@5: 100.0000 (99.4300)
2024-11-19 15:20:22,127 -                train: [    INFO] - valid_acc 85.910002 - best_valid_acc 85.910002
2024-11-19 15:20:22,629 -                train: [    INFO] - Train: 26 [   0/520]  Loss: 0.7157 (0.716)  Acc@1: 82.2917 (82.2917)  Acc@5: 97.9167 (97.9167)LR: 2.488e-02
2024-11-19 15:21:06,503 -                train: [    INFO] - Train: 26 [ 200/520]  Loss: 0.6248 (0.678)  Acc@1: 87.5000 (83.3644)  Acc@5: 100.0000 (99.1967)LR: 2.488e-02
2024-11-19 15:21:49,997 -                train: [    INFO] - Train: 26 [ 400/520]  Loss: 0.8212 (0.683)  Acc@1: 79.1667 (83.2944)  Acc@5: 98.9583 (99.1636)LR: 2.488e-02
2024-11-19 15:22:16,048 -                train: [    INFO] - Train: 26 [ 520/520]  Loss: 0.6134 (0.682)  Acc@1: 86.2500 (83.3000)  Acc@5: 100.0000 (99.1680)LR: 2.488e-02
2024-11-19 15:22:16,352 -                train: [    INFO] - Valid: 26 [   0/104]  Loss: 0.3723 (0.372)  Acc@1: 87.5000 (87.5000)  Acc@5: 100.0000 (100.0000)
2024-11-19 15:22:22,011 -                train: [    INFO] - Valid: 26 [ 104/104]  Loss: 0.4379 (0.410)  Acc@1: 87.5000 (86.3200)  Acc@5: 100.0000 (99.2700)
2024-11-19 15:22:22,753 -                train: [    INFO] - valid_acc 86.320002 - best_valid_acc 86.320002
2024-11-19 15:22:23,309 -                train: [    INFO] - Train: 27 [   0/520]  Loss: 0.8487 (0.849)  Acc@1: 75.0000 (75.0000)  Acc@5: 100.0000 (100.0000)LR: 2.488e-02
2024-11-19 15:23:08,965 -                train: [    INFO] - Train: 27 [ 200/520]  Loss: 0.7695 (0.655)  Acc@1: 83.3333 (84.1470)  Acc@5: 97.9167 (99.2071)LR: 2.488e-02
2024-11-19 15:23:54,233 -                train: [    INFO] - Train: 27 [ 400/520]  Loss: 0.7192 (0.665)  Acc@1: 85.4167 (83.8113)  Acc@5: 98.9583 (99.1869)LR: 2.488e-02
2024-11-19 15:24:20,998 -                train: [    INFO] - Train: 27 [ 520/520]  Loss: 0.7579 (0.675)  Acc@1: 86.2500 (83.4640)  Acc@5: 96.2500 (99.1680)LR: 2.488e-02
2024-11-19 15:24:21,304 -                train: [    INFO] - Valid: 27 [   0/104]  Loss: 0.3789 (0.379)  Acc@1: 87.5000 (87.5000)  Acc@5: 100.0000 (100.0000)
2024-11-19 15:24:26,973 -                train: [    INFO] - Valid: 27 [ 104/104]  Loss: 0.7621 (0.436)  Acc@1: 62.5000 (85.9400)  Acc@5: 100.0000 (99.2800)
2024-11-19 15:24:27,000 -                train: [    INFO] - valid_acc 85.940003 - best_valid_acc 86.320002
2024-11-19 15:24:27,397 -                train: [    INFO] - Train: 28 [   0/520]  Loss: 0.6958 (0.696)  Acc@1: 87.5000 (87.5000)  Acc@5: 97.9167 (97.9167)LR: 2.487e-02
2024-11-19 15:25:11,767 -                train: [    INFO] - Train: 28 [ 200/520]  Loss: 1.027 (0.650)  Acc@1: 73.9583 (84.1366)  Acc@5: 96.8750 (99.1708)LR: 2.487e-02
2024-11-19 15:25:55,886 -                train: [    INFO] - Train: 28 [ 400/520]  Loss: 0.6019 (0.658)  Acc@1: 84.3750 (83.8866)  Acc@5: 98.9583 (99.2233)LR: 2.487e-02
2024-11-19 15:26:22,551 -                train: [    INFO] - Train: 28 [ 520/520]  Loss: 0.5007 (0.659)  Acc@1: 91.2500 (83.8300)  Acc@5: 100.0000 (99.2280)LR: 2.487e-02
2024-11-19 15:26:22,932 -                train: [    INFO] - Valid: 28 [   0/104]  Loss: 0.3709 (0.371)  Acc@1: 89.5833 (89.5833)  Acc@5: 100.0000 (100.0000)
2024-11-19 15:26:28,615 -                train: [    INFO] - Valid: 28 [ 104/104]  Loss: 0.1352 (0.374)  Acc@1: 100.0000 (87.8200)  Acc@5: 100.0000 (99.5500)
2024-11-19 15:26:29,103 -                train: [    INFO] - valid_acc 87.820002 - best_valid_acc 87.820002
2024-11-19 15:26:29,643 -                train: [    INFO] - Train: 29 [   0/520]  Loss: 0.3744 (0.374)  Acc@1: 90.6250 (90.6250)  Acc@5: 100.0000 (100.0000)LR: 2.486e-02
2024-11-19 15:27:13,693 -                train: [    INFO] - Train: 29 [ 200/520]  Loss: 0.8636 (0.642)  Acc@1: 78.1250 (83.9915)  Acc@5: 100.0000 (99.2175)LR: 2.486e-02
2024-11-19 15:27:57,316 -                train: [    INFO] - Train: 29 [ 400/520]  Loss: 0.4457 (0.649)  Acc@1: 90.6250 (83.8633)  Acc@5: 100.0000 (99.2181)LR: 2.486e-02
2024-11-19 15:28:23,905 -                train: [    INFO] - Train: 29 [ 520/520]  Loss: 0.7423 (0.659)  Acc@1: 77.5000 (83.6440)  Acc@5: 98.7500 (99.1920)LR: 2.486e-02
2024-11-19 15:28:24,218 -                train: [    INFO] - Valid: 29 [   0/104]  Loss: 0.4193 (0.419)  Acc@1: 87.5000 (87.5000)  Acc@5: 98.9583 (98.9583)
2024-11-19 15:28:29,935 -                train: [    INFO] - Valid: 29 [ 104/104]  Loss: 0.4474 (0.403)  Acc@1: 87.5000 (86.6100)  Acc@5: 100.0000 (99.3500)
2024-11-19 15:28:29,968 -                train: [    INFO] - valid_acc 86.610003 - best_valid_acc 87.820002
2024-11-19 15:28:30,413 -                train: [    INFO] - Train: 30 [   0/520]  Loss: 0.4446 (0.445)  Acc@1: 91.6667 (91.6667)  Acc@5: 100.0000 (100.0000)LR: 2.485e-02
2024-11-19 15:29:14,397 -                train: [    INFO] - Train: 30 [ 200/520]  Loss: 0.6748 (0.650)  Acc@1: 82.2917 (84.2973)  Acc@5: 98.9583 (99.2071)LR: 2.485e-02
2024-11-19 15:29:58,282 -                train: [    INFO] - Train: 30 [ 400/520]  Loss: 0.6545 (0.656)  Acc@1: 83.3333 (84.0269)  Acc@5: 100.0000 (99.1506)LR: 2.485e-02
2024-11-19 15:30:24,739 -                train: [    INFO] - Train: 30 [ 520/520]  Loss: 0.4766 (0.658)  Acc@1: 86.2500 (83.9660)  Acc@5: 100.0000 (99.1760)LR: 2.485e-02
2024-11-19 15:30:25,013 -                train: [    INFO] - Valid: 30 [   0/104]  Loss: 0.4466 (0.447)  Acc@1: 85.4167 (85.4167)  Acc@5: 100.0000 (100.0000)
2024-11-19 15:30:30,701 -                train: [    INFO] - Valid: 30 [ 104/104]  Loss: 0.5678 (0.408)  Acc@1: 81.2500 (86.3600)  Acc@5: 100.0000 (99.3700)
2024-11-19 15:30:30,739 -                train: [    INFO] - valid_acc 86.360002 - best_valid_acc 87.820002
2024-11-19 15:30:31,262 -                train: [    INFO] - Train: 31 [   0/520]  Loss: 0.6416 (0.642)  Acc@1: 86.4583 (86.4583)  Acc@5: 98.9583 (98.9583)LR: 2.484e-02
2024-11-19 15:31:14,818 -                train: [    INFO] - Train: 31 [ 200/520]  Loss: 0.6194 (0.636)  Acc@1: 81.2500 (84.5305)  Acc@5: 100.0000 (99.2382)LR: 2.484e-02
2024-11-19 15:31:58,353 -                train: [    INFO] - Train: 31 [ 400/520]  Loss: 0.5815 (0.646)  Acc@1: 85.4167 (84.3828)  Acc@5: 100.0000 (99.2155)LR: 2.484e-02
2024-11-19 15:32:24,720 -                train: [    INFO] - Train: 31 [ 520/520]  Loss: 0.4672 (0.650)  Acc@1: 90.0000 (84.2020)  Acc@5: 100.0000 (99.1940)LR: 2.484e-02
2024-11-19 15:32:25,025 -                train: [    INFO] - Valid: 31 [   0/104]  Loss: 0.3096 (0.310)  Acc@1: 89.5833 (89.5833)  Acc@5: 100.0000 (100.0000)
2024-11-19 15:32:30,684 -                train: [    INFO] - Valid: 31 [ 104/104]  Loss: 0.4404 (0.355)  Acc@1: 87.5000 (88.4300)  Acc@5: 100.0000 (99.5600)
2024-11-19 15:32:31,174 -                train: [    INFO] - valid_acc 88.430002 - best_valid_acc 88.430002
2024-11-19 15:32:31,735 -                train: [    INFO] - Train: 32 [   0/520]  Loss: 0.7050 (0.705)  Acc@1: 84.3750 (84.3750)  Acc@5: 97.9167 (97.9167)LR: 2.482e-02
2024-11-19 15:33:15,572 -                train: [    INFO] - Train: 32 [ 200/520]  Loss: 0.5641 (0.643)  Acc@1: 85.4167 (84.2765)  Acc@5: 100.0000 (99.2226)LR: 2.482e-02
2024-11-19 15:33:59,700 -                train: [    INFO] - Train: 32 [ 400/520]  Loss: 0.6126 (0.644)  Acc@1: 84.3750 (84.2529)  Acc@5: 98.9583 (99.1869)LR: 2.482e-02
2024-11-19 15:34:26,394 -                train: [    INFO] - Train: 32 [ 520/520]  Loss: 0.5741 (0.643)  Acc@1: 86.2500 (84.2540)  Acc@5: 100.0000 (99.1900)LR: 2.482e-02
2024-11-19 15:34:26,695 -                train: [    INFO] - Valid: 32 [   0/104]  Loss: 0.3506 (0.351)  Acc@1: 88.5417 (88.5417)  Acc@5: 98.9583 (98.9583)
2024-11-19 15:34:32,381 -                train: [    INFO] - Valid: 32 [ 104/104]  Loss: 0.6879 (0.421)  Acc@1: 87.5000 (85.8800)  Acc@5: 100.0000 (99.4300)
2024-11-19 15:34:32,417 -                train: [    INFO] - valid_acc 85.880003 - best_valid_acc 88.430002
2024-11-19 15:34:32,878 -                train: [    INFO] - Train: 33 [   0/520]  Loss: 0.5565 (0.556)  Acc@1: 84.3750 (84.3750)  Acc@5: 98.9583 (98.9583)LR: 2.481e-02
2024-11-19 15:35:16,714 -                train: [    INFO] - Train: 33 [ 200/520]  Loss: 0.4804 (0.642)  Acc@1: 87.5000 (84.0744)  Acc@5: 100.0000 (99.2900)LR: 2.481e-02
2024-11-19 15:36:00,685 -                train: [    INFO] - Train: 33 [ 400/520]  Loss: 0.6274 (0.644)  Acc@1: 82.2917 (84.1386)  Acc@5: 100.0000 (99.2597)LR: 2.481e-02
2024-11-19 15:36:26,751 -                train: [    INFO] - Train: 33 [ 520/520]  Loss: 0.4715 (0.649)  Acc@1: 85.0000 (84.0680)  Acc@5: 100.0000 (99.2320)LR: 2.481e-02
2024-11-19 15:36:27,044 -                train: [    INFO] - Valid: 33 [   0/104]  Loss: 0.2835 (0.283)  Acc@1: 88.5417 (88.5417)  Acc@5: 100.0000 (100.0000)
2024-11-19 15:36:32,705 -                train: [    INFO] - Valid: 33 [ 104/104]  Loss: 0.9412 (0.406)  Acc@1: 68.7500 (86.5500)  Acc@5: 100.0000 (99.5500)
2024-11-19 15:36:32,751 -                train: [    INFO] - valid_acc 86.550003 - best_valid_acc 88.430002
2024-11-19 15:36:33,255 -                train: [    INFO] - Train: 34 [   0/520]  Loss: 0.5420 (0.542)  Acc@1: 86.4583 (86.4583)  Acc@5: 100.0000 (100.0000)LR: 2.480e-02
2024-11-19 15:37:16,956 -                train: [    INFO] - Train: 34 [ 200/520]  Loss: 0.7613 (0.632)  Acc@1: 81.2500 (84.9295)  Acc@5: 98.9583 (99.3263)LR: 2.480e-02
2024-11-19 15:38:00,548 -                train: [    INFO] - Train: 34 [ 400/520]  Loss: 0.5894 (0.636)  Acc@1: 85.4167 (84.6036)  Acc@5: 100.0000 (99.2778)LR: 2.480e-02
2024-11-19 15:38:26,664 -                train: [    INFO] - Train: 34 [ 520/520]  Loss: 0.7152 (0.638)  Acc@1: 77.5000 (84.4800)  Acc@5: 100.0000 (99.2440)LR: 2.480e-02
2024-11-19 15:38:26,910 -                train: [    INFO] - Valid: 34 [   0/104]  Loss: 0.4267 (0.427)  Acc@1: 84.3750 (84.3750)  Acc@5: 98.9583 (98.9583)
2024-11-19 15:38:32,580 -                train: [    INFO] - Valid: 34 [ 104/104]  Loss: 0.9152 (0.521)  Acc@1: 68.7500 (83.6900)  Acc@5: 93.7500 (99.0700)
2024-11-19 15:38:32,623 -                train: [    INFO] - valid_acc 83.690002 - best_valid_acc 88.430002
2024-11-19 15:38:33,139 -                train: [    INFO] - Train: 35 [   0/520]  Loss: 0.7463 (0.746)  Acc@1: 80.2083 (80.2083)  Acc@5: 98.9583 (98.9583)LR: 2.479e-02
2024-11-19 15:39:16,521 -                train: [    INFO] - Train: 35 [ 200/520]  Loss: 0.5824 (0.609)  Acc@1: 86.4583 (85.0539)  Acc@5: 98.9583 (99.3729)LR: 2.479e-02
2024-11-19 15:40:00,097 -                train: [    INFO] - Train: 35 [ 400/520]  Loss: 0.5169 (0.622)  Acc@1: 88.5417 (84.6348)  Acc@5: 98.9583 (99.3766)LR: 2.479e-02
2024-11-19 15:40:26,430 -                train: [    INFO] - Train: 35 [ 520/520]  Loss: 0.5698 (0.629)  Acc@1: 82.5000 (84.5180)  Acc@5: 100.0000 (99.3280)LR: 2.479e-02
2024-11-19 15:40:26,762 -                train: [    INFO] - Valid: 35 [   0/104]  Loss: 0.2855 (0.286)  Acc@1: 90.6250 (90.6250)  Acc@5: 100.0000 (100.0000)
2024-11-19 15:40:32,445 -                train: [    INFO] - Valid: 35 [ 104/104]  Loss: 0.6030 (0.376)  Acc@1: 68.7500 (87.5500)  Acc@5: 100.0000 (99.4400)
2024-11-19 15:40:32,484 -                train: [    INFO] - valid_acc 87.550003 - best_valid_acc 88.430002
2024-11-19 15:40:32,934 -                train: [    INFO] - Train: 36 [   0/520]  Loss: 0.4227 (0.423)  Acc@1: 89.5833 (89.5833)  Acc@5: 100.0000 (100.0000)LR: 2.478e-02
2024-11-19 15:41:17,036 -                train: [    INFO] - Train: 36 [ 200/520]  Loss: 0.7515 (0.627)  Acc@1: 83.3333 (84.9451)  Acc@5: 100.0000 (99.1812)LR: 2.478e-02
2024-11-19 15:42:00,532 -                train: [    INFO] - Train: 36 [ 400/520]  Loss: 0.5720 (0.628)  Acc@1: 85.4167 (84.8790)  Acc@5: 98.9583 (99.1246)LR: 2.478e-02
2024-11-19 15:42:26,878 -                train: [    INFO] - Train: 36 [ 520/520]  Loss: 0.7255 (0.627)  Acc@1: 82.5000 (84.8900)  Acc@5: 100.0000 (99.1320)LR: 2.478e-02
2024-11-19 15:42:27,226 -                train: [    INFO] - Valid: 36 [   0/104]  Loss: 0.5508 (0.551)  Acc@1: 83.3333 (83.3333)  Acc@5: 98.9583 (98.9583)
2024-11-19 15:42:32,937 -                train: [    INFO] - Valid: 36 [ 104/104]  Loss: 0.7620 (0.656)  Acc@1: 68.7500 (80.3300)  Acc@5: 100.0000 (98.7100)
2024-11-19 15:42:32,983 -                train: [    INFO] - valid_acc 80.330002 - best_valid_acc 88.430002
2024-11-19 15:42:33,441 -                train: [    INFO] - Train: 37 [   0/520]  Loss: 0.5046 (0.505)  Acc@1: 90.6250 (90.6250)  Acc@5: 98.9583 (98.9583)LR: 2.477e-02
2024-11-19 15:43:17,064 -                train: [    INFO] - Train: 37 [ 200/520]  Loss: 0.6107 (0.620)  Acc@1: 82.2917 (84.7689)  Acc@5: 98.9583 (99.2175)LR: 2.477e-02
2024-11-19 15:44:00,648 -                train: [    INFO] - Train: 37 [ 400/520]  Loss: 0.6445 (0.629)  Acc@1: 83.3333 (84.6685)  Acc@5: 100.0000 (99.2207)LR: 2.477e-02
2024-11-19 15:44:26,783 -                train: [    INFO] - Train: 37 [ 520/520]  Loss: 0.7976 (0.632)  Acc@1: 78.7500 (84.6860)  Acc@5: 100.0000 (99.2020)LR: 2.477e-02
2024-11-19 15:44:27,077 -                train: [    INFO] - Valid: 37 [   0/104]  Loss: 0.3809 (0.381)  Acc@1: 88.5417 (88.5417)  Acc@5: 100.0000 (100.0000)
2024-11-19 15:44:32,743 -                train: [    INFO] - Valid: 37 [ 104/104]  Loss: 0.3886 (0.431)  Acc@1: 87.5000 (85.9900)  Acc@5: 100.0000 (99.4300)
2024-11-19 15:44:32,814 -                train: [    INFO] - valid_acc 85.990002 - best_valid_acc 88.430002
2024-11-19 15:44:33,365 -                train: [    INFO] - Train: 38 [   0/520]  Loss: 0.3950 (0.395)  Acc@1: 90.6250 (90.6250)  Acc@5: 100.0000 (100.0000)LR: 2.475e-02
2024-11-19 15:45:16,955 -                train: [    INFO] - Train: 38 [ 200/520]  Loss: 0.7062 (0.612)  Acc@1: 82.2917 (85.1213)  Acc@5: 100.0000 (99.2796)LR: 2.475e-02
2024-11-19 15:46:01,045 -                train: [    INFO] - Train: 38 [ 400/520]  Loss: 0.8486 (0.618)  Acc@1: 79.1667 (84.9699)  Acc@5: 98.9583 (99.2701)LR: 2.475e-02
2024-11-19 15:46:27,102 -                train: [    INFO] - Train: 38 [ 520/520]  Loss: 0.9931 (0.621)  Acc@1: 78.7500 (84.8380)  Acc@5: 97.5000 (99.2700)LR: 2.475e-02
2024-11-19 15:46:27,402 -                train: [    INFO] - Valid: 38 [   0/104]  Loss: 0.2574 (0.257)  Acc@1: 90.6250 (90.6250)  Acc@5: 100.0000 (100.0000)
2024-11-19 15:46:33,062 -                train: [    INFO] - Valid: 38 [ 104/104]  Loss: 0.7601 (0.417)  Acc@1: 81.2500 (86.1300)  Acc@5: 100.0000 (99.4400)
2024-11-19 15:46:33,094 -                train: [    INFO] - valid_acc 86.130003 - best_valid_acc 88.430002
2024-11-19 15:46:33,563 -                train: [    INFO] - Train: 39 [   0/520]  Loss: 0.6350 (0.635)  Acc@1: 80.2083 (80.2083)  Acc@5: 100.0000 (100.0000)LR: 2.474e-02
2024-11-19 15:47:17,270 -                train: [    INFO] - Train: 39 [ 200/520]  Loss: 0.6341 (0.622)  Acc@1: 83.3333 (84.5564)  Acc@5: 97.9167 (99.2848)LR: 2.474e-02
2024-11-19 15:48:00,806 -                train: [    INFO] - Train: 39 [ 400/520]  Loss: 0.5261 (0.624)  Acc@1: 88.5417 (84.5854)  Acc@5: 98.9583 (99.3246)LR: 2.474e-02
2024-11-19 15:48:26,903 -                train: [    INFO] - Train: 39 [ 520/520]  Loss: 0.4242 (0.626)  Acc@1: 91.2500 (84.5200)  Acc@5: 100.0000 (99.3540)LR: 2.474e-02
2024-11-19 15:48:27,197 -                train: [    INFO] - Valid: 39 [   0/104]  Loss: 0.4659 (0.466)  Acc@1: 83.3333 (83.3333)  Acc@5: 100.0000 (100.0000)
2024-11-19 15:48:32,893 -                train: [    INFO] - Valid: 39 [ 104/104]  Loss: 0.6237 (0.457)  Acc@1: 81.2500 (84.3900)  Acc@5: 100.0000 (99.4400)
2024-11-19 15:48:32,948 -                train: [    INFO] - valid_acc 84.390003 - best_valid_acc 88.430002
2024-11-19 15:48:33,411 -                train: [    INFO] - Train: 40 [   0/520]  Loss: 0.7022 (0.702)  Acc@1: 77.0833 (77.0833)  Acc@5: 100.0000 (100.0000)LR: 2.473e-02
2024-11-19 15:49:17,632 -                train: [    INFO] - Train: 40 [ 200/520]  Loss: 0.7809 (0.621)  Acc@1: 81.2500 (84.6134)  Acc@5: 98.9583 (99.2693)LR: 2.473e-02
2024-11-19 15:50:02,469 -                train: [    INFO] - Train: 40 [ 400/520]  Loss: 0.3408 (0.618)  Acc@1: 93.7500 (84.8218)  Acc@5: 98.9583 (99.2882)LR: 2.473e-02
2024-11-19 15:50:29,152 -                train: [    INFO] - Train: 40 [ 520/520]  Loss: 0.6036 (0.622)  Acc@1: 83.7500 (84.7540)  Acc@5: 98.7500 (99.2980)LR: 2.473e-02
2024-11-19 15:50:29,418 -                train: [    INFO] - Valid: 40 [   0/104]  Loss: 0.2927 (0.293)  Acc@1: 87.5000 (87.5000)  Acc@5: 98.9583 (98.9583)
2024-11-19 15:50:35,223 -                train: [    INFO] - Valid: 40 [ 104/104]  Loss: 0.9471 (0.407)  Acc@1: 68.7500 (86.5200)  Acc@5: 100.0000 (99.2900)
2024-11-19 15:50:35,342 -                train: [    INFO] - valid_acc 86.520003 - best_valid_acc 88.430002
2024-11-19 15:50:35,764 -                train: [    INFO] - Train: 41 [   0/520]  Loss: 0.5837 (0.584)  Acc@1: 88.5417 (88.5417)  Acc@5: 100.0000 (100.0000)LR: 2.471e-02
2024-11-19 15:51:20,016 -                train: [    INFO] - Train: 41 [ 200/520]  Loss: 0.7917 (0.624)  Acc@1: 81.2500 (84.6808)  Acc@5: 96.8750 (99.2019)LR: 2.471e-02
2024-11-19 15:52:03,649 -                train: [    INFO] - Train: 41 [ 400/520]  Loss: 0.6728 (0.616)  Acc@1: 85.4167 (84.8348)  Acc@5: 96.8750 (99.2649)LR: 2.471e-02
2024-11-19 15:52:29,867 -                train: [    INFO] - Train: 41 [ 520/520]  Loss: 0.3581 (0.624)  Acc@1: 92.5000 (84.6980)  Acc@5: 100.0000 (99.2580)LR: 2.471e-02
2024-11-19 15:52:30,154 -                train: [    INFO] - Valid: 41 [   0/104]  Loss: 0.4891 (0.489)  Acc@1: 84.3750 (84.3750)  Acc@5: 98.9583 (98.9583)
2024-11-19 15:52:35,862 -                train: [    INFO] - Valid: 41 [ 104/104]  Loss: 1.094 (0.443)  Acc@1: 75.0000 (85.3000)  Acc@5: 93.7500 (99.1800)
2024-11-19 15:52:35,902 -                train: [    INFO] - valid_acc 85.300003 - best_valid_acc 88.430002
2024-11-19 15:52:36,326 -                train: [    INFO] - Train: 42 [   0/520]  Loss: 0.5159 (0.516)  Acc@1: 85.4167 (85.4167)  Acc@5: 100.0000 (100.0000)LR: 2.470e-02
2024-11-19 15:53:21,615 -                train: [    INFO] - Train: 42 [ 200/520]  Loss: 0.5230 (0.607)  Acc@1: 87.5000 (84.8673)  Acc@5: 98.9583 (99.3263)LR: 2.470e-02
2024-11-19 15:54:06,172 -                train: [    INFO] - Train: 42 [ 400/520]  Loss: 0.7324 (0.612)  Acc@1: 82.2917 (84.9231)  Acc@5: 100.0000 (99.2701)LR: 2.470e-02
2024-11-19 15:54:32,490 -                train: [    INFO] - Train: 42 [ 520/520]  Loss: 0.6576 (0.611)  Acc@1: 80.0000 (84.9260)  Acc@5: 100.0000 (99.2760)LR: 2.470e-02
2024-11-19 15:54:32,761 -                train: [    INFO] - Valid: 42 [   0/104]  Loss: 0.3405 (0.341)  Acc@1: 85.4167 (85.4167)  Acc@5: 100.0000 (100.0000)
2024-11-19 15:54:38,422 -                train: [    INFO] - Valid: 42 [ 104/104]  Loss: 0.6594 (0.457)  Acc@1: 81.2500 (84.0400)  Acc@5: 100.0000 (99.4700)
2024-11-19 15:54:38,457 -                train: [    INFO] - valid_acc 84.040003 - best_valid_acc 88.430002
2024-11-19 15:54:38,857 -                train: [    INFO] - Train: 43 [   0/520]  Loss: 0.4445 (0.444)  Acc@1: 88.5417 (88.5417)  Acc@5: 100.0000 (100.0000)LR: 2.468e-02
2024-11-19 15:55:22,549 -                train: [    INFO] - Train: 43 [ 200/520]  Loss: 0.4657 (0.605)  Acc@1: 89.5833 (85.0798)  Acc@5: 98.9583 (99.3004)LR: 2.468e-02
2024-11-19 15:56:06,181 -                train: [    INFO] - Train: 43 [ 400/520]  Loss: 0.6285 (0.608)  Acc@1: 85.4167 (85.1595)  Acc@5: 100.0000 (99.3142)LR: 2.468e-02
2024-11-19 15:56:32,160 -                train: [    INFO] - Train: 43 [ 520/520]  Loss: 0.6094 (0.610)  Acc@1: 85.0000 (85.1600)  Acc@5: 98.7500 (99.2620)LR: 2.468e-02
2024-11-19 15:56:32,980 -                train: [    INFO] - Valid: 43 [   0/104]  Loss: 0.4898 (0.490)  Acc@1: 84.3750 (84.3750)  Acc@5: 97.9167 (97.9167)
2024-11-19 15:56:38,640 -                train: [    INFO] - Valid: 43 [ 104/104]  Loss: 1.012 (0.522)  Acc@1: 81.2500 (83.2700)  Acc@5: 100.0000 (98.9300)
2024-11-19 15:56:38,713 -                train: [    INFO] - valid_acc 83.270003 - best_valid_acc 88.430002
2024-11-19 15:56:39,192 -                train: [    INFO] - Train: 44 [   0/520]  Loss: 0.5050 (0.505)  Acc@1: 85.4167 (85.4167)  Acc@5: 100.0000 (100.0000)LR: 2.467e-02
2024-11-19 15:57:24,342 -                train: [    INFO] - Train: 44 [ 200/520]  Loss: 0.6608 (0.599)  Acc@1: 86.4583 (85.3908)  Acc@5: 98.9583 (99.1864)LR: 2.467e-02
2024-11-19 15:58:08,902 -                train: [    INFO] - Train: 44 [ 400/520]  Loss: 0.7527 (0.600)  Acc@1: 83.3333 (85.3283)  Acc@5: 98.9583 (99.2753)LR: 2.467e-02
2024-11-19 15:58:35,892 -                train: [    INFO] - Train: 44 [ 520/520]  Loss: 0.7601 (0.606)  Acc@1: 76.2500 (85.1660)  Acc@5: 98.7500 (99.2580)LR: 2.467e-02
2024-11-19 15:58:36,325 -                train: [    INFO] - Valid: 44 [   0/104]  Loss: 0.4434 (0.443)  Acc@1: 86.4583 (86.4583)  Acc@5: 98.9583 (98.9583)
2024-11-19 15:58:42,047 -                train: [    INFO] - Valid: 44 [ 104/104]  Loss: 0.9713 (0.506)  Acc@1: 68.7500 (84.1400)  Acc@5: 100.0000 (99.1700)
2024-11-19 15:58:42,091 -                train: [    INFO] - valid_acc 84.140002 - best_valid_acc 88.430002
2024-11-19 15:58:42,595 -                train: [    INFO] - Train: 45 [   0/520]  Loss: 0.4208 (0.421)  Acc@1: 88.5417 (88.5417)  Acc@5: 98.9583 (98.9583)LR: 2.465e-02
2024-11-19 15:59:27,230 -                train: [    INFO] - Train: 45 [ 200/520]  Loss: 0.5817 (0.581)  Acc@1: 84.3750 (85.8313)  Acc@5: 100.0000 (99.3315)LR: 2.465e-02
2024-11-19 16:00:11,395 -                train: [    INFO] - Train: 45 [ 400/520]  Loss: 0.4604 (0.604)  Acc@1: 86.4583 (85.2504)  Acc@5: 100.0000 (99.2908)LR: 2.465e-02
2024-11-19 16:00:37,539 -                train: [    INFO] - Train: 45 [ 520/520]  Loss: 0.6026 (0.610)  Acc@1: 85.0000 (85.0840)  Acc@5: 97.5000 (99.2920)LR: 2.465e-02
2024-11-19 16:00:37,819 -                train: [    INFO] - Valid: 45 [   0/104]  Loss: 0.3488 (0.349)  Acc@1: 88.5417 (88.5417)  Acc@5: 97.9167 (97.9167)
2024-11-19 16:00:43,494 -                train: [    INFO] - Valid: 45 [ 104/104]  Loss: 0.7582 (0.421)  Acc@1: 75.0000 (86.4800)  Acc@5: 100.0000 (99.0300)
2024-11-19 16:00:43,535 -                train: [    INFO] - valid_acc 86.480002 - best_valid_acc 88.430002
2024-11-19 16:00:44,103 -                train: [    INFO] - Train: 46 [   0/520]  Loss: 0.5853 (0.585)  Acc@1: 88.5417 (88.5417)  Acc@5: 100.0000 (100.0000)LR: 2.464e-02
2024-11-19 16:01:27,743 -                train: [    INFO] - Train: 46 [ 200/520]  Loss: 0.7871 (0.588)  Acc@1: 81.2500 (85.6032)  Acc@5: 97.9167 (99.3470)LR: 2.464e-02
2024-11-19 16:02:11,460 -                train: [    INFO] - Train: 46 [ 400/520]  Loss: 0.3850 (0.604)  Acc@1: 88.5417 (85.1439)  Acc@5: 100.0000 (99.3012)LR: 2.464e-02
2024-11-19 16:02:38,472 -                train: [    INFO] - Train: 46 [ 520/520]  Loss: 0.7119 (0.606)  Acc@1: 83.7500 (85.1300)  Acc@5: 100.0000 (99.2620)LR: 2.464e-02
2024-11-19 16:02:38,738 -                train: [    INFO] - Valid: 46 [   0/104]  Loss: 0.6703 (0.670)  Acc@1: 82.2917 (82.2917)  Acc@5: 97.9167 (97.9167)
2024-11-19 16:02:44,502 -                train: [    INFO] - Valid: 46 [ 104/104]  Loss: 0.4988 (0.499)  Acc@1: 81.2500 (84.4100)  Acc@5: 100.0000 (99.4700)
2024-11-19 16:02:44,549 -                train: [    INFO] - valid_acc 84.410003 - best_valid_acc 88.430002
2024-11-19 16:02:44,955 -                train: [    INFO] - Train: 47 [   0/520]  Loss: 0.4909 (0.491)  Acc@1: 87.5000 (87.5000)  Acc@5: 100.0000 (100.0000)LR: 2.462e-02
2024-11-19 16:03:28,660 -                train: [    INFO] - Train: 47 [ 200/520]  Loss: 0.5698 (0.591)  Acc@1: 83.3333 (85.4063)  Acc@5: 100.0000 (99.3574)LR: 2.462e-02
2024-11-19 16:04:12,377 -                train: [    INFO] - Train: 47 [ 400/520]  Loss: 0.3791 (0.596)  Acc@1: 91.6667 (85.3569)  Acc@5: 100.0000 (99.3584)LR: 2.462e-02
2024-11-19 16:04:38,659 -                train: [    INFO] - Train: 47 [ 520/520]  Loss: 0.6791 (0.601)  Acc@1: 86.2500 (85.2620)  Acc@5: 97.5000 (99.3260)LR: 2.462e-02
2024-11-19 16:04:38,965 -                train: [    INFO] - Valid: 47 [   0/104]  Loss: 0.5894 (0.589)  Acc@1: 81.2500 (81.2500)  Acc@5: 97.9167 (97.9167)
2024-11-19 16:04:44,626 -                train: [    INFO] - Valid: 47 [ 104/104]  Loss: 0.1549 (0.372)  Acc@1: 93.7500 (87.6400)  Acc@5: 100.0000 (99.4800)
2024-11-19 16:04:44,664 -                train: [    INFO] - valid_acc 87.640003 - best_valid_acc 88.430002
2024-11-19 16:04:45,148 -                train: [    INFO] - Train: 48 [   0/520]  Loss: 0.6599 (0.660)  Acc@1: 84.3750 (84.3750)  Acc@5: 100.0000 (100.0000)LR: 2.461e-02
2024-11-19 16:05:29,470 -                train: [    INFO] - Train: 48 [ 200/520]  Loss: 0.6214 (0.599)  Acc@1: 83.3333 (85.1938)  Acc@5: 100.0000 (99.3470)LR: 2.461e-02
2024-11-19 16:06:14,745 -                train: [    INFO] - Train: 48 [ 400/520]  Loss: 0.6149 (0.602)  Acc@1: 88.5417 (85.2972)  Acc@5: 100.0000 (99.3220)LR: 2.461e-02
2024-11-19 16:06:41,346 -                train: [    INFO] - Train: 48 [ 520/520]  Loss: 0.5785 (0.605)  Acc@1: 86.2500 (85.2260)  Acc@5: 97.5000 (99.2740)LR: 2.461e-02
2024-11-19 16:06:41,653 -                train: [    INFO] - Valid: 48 [   0/104]  Loss: 0.6418 (0.642)  Acc@1: 82.2917 (82.2917)  Acc@5: 100.0000 (100.0000)
2024-11-19 16:06:47,326 -                train: [    INFO] - Valid: 48 [ 104/104]  Loss: 0.3639 (0.470)  Acc@1: 81.2500 (84.2600)  Acc@5: 100.0000 (99.4900)
2024-11-19 16:06:47,359 -                train: [    INFO] - valid_acc 84.260003 - best_valid_acc 88.430002
2024-11-19 16:06:47,795 -                train: [    INFO] - Train: 49 [   0/520]  Loss: 0.6796 (0.680)  Acc@1: 83.3333 (83.3333)  Acc@5: 100.0000 (100.0000)LR: 2.459e-02
2024-11-19 16:07:33,220 -                train: [    INFO] - Train: 49 [ 200/520]  Loss: 0.6193 (0.597)  Acc@1: 81.2500 (85.3389)  Acc@5: 100.0000 (99.2537)LR: 2.459e-02
2024-11-19 16:08:18,257 -                train: [    INFO] - Train: 49 [ 400/520]  Loss: 0.4114 (0.592)  Acc@1: 92.7083 (85.4868)  Acc@5: 98.9583 (99.2675)LR: 2.459e-02
2024-11-19 16:08:44,830 -                train: [    INFO] - Train: 49 [ 520/520]  Loss: 0.4012 (0.595)  Acc@1: 91.2500 (85.4680)  Acc@5: 100.0000 (99.2620)LR: 2.459e-02
2024-11-19 16:08:45,166 -                train: [    INFO] - Valid: 49 [   0/104]  Loss: 0.5830 (0.583)  Acc@1: 77.0833 (77.0833)  Acc@5: 100.0000 (100.0000)
2024-11-19 16:08:51,038 -                train: [    INFO] - Valid: 49 [ 104/104]  Loss: 0.6960 (0.416)  Acc@1: 81.2500 (86.4000)  Acc@5: 100.0000 (99.4400)
2024-11-19 16:08:51,079 -                train: [    INFO] - valid_acc 86.400003 - best_valid_acc 88.430002
2024-11-19 16:08:51,619 -                train: [    INFO] - Train: 50 [   0/520]  Loss: 0.8554 (0.855)  Acc@1: 78.1250 (78.1250)  Acc@5: 98.9583 (98.9583)LR: 2.457e-02
2024-11-19 16:09:35,702 -                train: [    INFO] - Train: 50 [ 200/520]  Loss: 0.6631 (0.590)  Acc@1: 81.2500 (85.4167)  Acc@5: 100.0000 (99.3937)LR: 2.457e-02
2024-11-19 16:10:19,211 -                train: [    INFO] - Train: 50 [ 400/520]  Loss: 0.4090 (0.599)  Acc@1: 87.5000 (85.2478)  Acc@5: 100.0000 (99.3350)LR: 2.457e-02
2024-11-19 16:10:45,182 -                train: [    INFO] - Train: 50 [ 520/520]  Loss: 0.6163 (0.600)  Acc@1: 85.0000 (85.1880)  Acc@5: 97.5000 (99.3320)LR: 2.457e-02
2024-11-19 16:10:45,480 -                train: [    INFO] - Valid: 50 [   0/104]  Loss: 0.3672 (0.367)  Acc@1: 83.3333 (83.3333)  Acc@5: 100.0000 (100.0000)
2024-11-19 16:10:51,140 -                train: [    INFO] - Valid: 50 [ 104/104]  Loss: 0.5578 (0.393)  Acc@1: 75.0000 (87.1200)  Acc@5: 100.0000 (99.5500)
2024-11-19 16:10:51,181 -                train: [    INFO] - valid_acc 87.120002 - best_valid_acc 88.430002
2024-11-19 16:10:51,712 -                train: [    INFO] - Train: 51 [   0/520]  Loss: 0.5606 (0.561)  Acc@1: 85.4167 (85.4167)  Acc@5: 100.0000 (100.0000)LR: 2.456e-02
2024-11-19 16:11:35,103 -                train: [    INFO] - Train: 51 [ 200/520]  Loss: 0.5683 (0.582)  Acc@1: 88.5417 (85.6447)  Acc@5: 100.0000 (99.4299)LR: 2.456e-02
2024-11-19 16:12:18,653 -                train: [    INFO] - Train: 51 [ 400/520]  Loss: 0.4977 (0.599)  Acc@1: 91.6667 (85.4764)  Acc@5: 97.9167 (99.2986)LR: 2.456e-02
2024-11-19 16:12:44,681 -                train: [    INFO] - Train: 51 [ 520/520]  Loss: 0.4494 (0.601)  Acc@1: 90.0000 (85.3100)  Acc@5: 100.0000 (99.3040)LR: 2.456e-02
2024-11-19 16:12:44,972 -                train: [    INFO] - Valid: 51 [   0/104]  Loss: 0.5724 (0.572)  Acc@1: 82.2917 (82.2917)  Acc@5: 97.9167 (97.9167)
2024-11-19 16:12:50,636 -                train: [    INFO] - Valid: 51 [ 104/104]  Loss: 0.4480 (0.425)  Acc@1: 87.5000 (85.9500)  Acc@5: 100.0000 (99.3300)
2024-11-19 16:12:50,677 -                train: [    INFO] - valid_acc 85.950002 - best_valid_acc 88.430002
2024-11-19 16:12:51,199 -                train: [    INFO] - Train: 52 [   0/520]  Loss: 0.6518 (0.652)  Acc@1: 87.5000 (87.5000)  Acc@5: 98.9583 (98.9583)LR: 2.454e-02
2024-11-19 16:13:35,062 -                train: [    INFO] - Train: 52 [ 200/520]  Loss: 0.5076 (0.599)  Acc@1: 88.5417 (85.4737)  Acc@5: 100.0000 (99.2537)LR: 2.454e-02
2024-11-19 16:14:18,694 -                train: [    INFO] - Train: 52 [ 400/520]  Loss: 0.4209 (0.592)  Acc@1: 90.6250 (85.5699)  Acc@5: 98.9583 (99.2856)LR: 2.454e-02
2024-11-19 16:14:44,753 -                train: [    INFO] - Train: 52 [ 520/520]  Loss: 0.6982 (0.595)  Acc@1: 81.2500 (85.5080)  Acc@5: 100.0000 (99.2880)LR: 2.454e-02
2024-11-19 16:14:45,103 -                train: [    INFO] - Valid: 52 [   0/104]  Loss: 0.3240 (0.324)  Acc@1: 85.4167 (85.4167)  Acc@5: 98.9583 (98.9583)
2024-11-19 16:14:50,774 -                train: [    INFO] - Valid: 52 [ 104/104]  Loss: 0.5939 (0.372)  Acc@1: 62.5000 (87.3300)  Acc@5: 100.0000 (99.5600)
2024-11-19 16:14:50,807 -                train: [    INFO] - valid_acc 87.330003 - best_valid_acc 88.430002
2024-11-19 16:14:51,278 -                train: [    INFO] - Train: 53 [   0/520]  Loss: 0.5135 (0.513)  Acc@1: 89.5833 (89.5833)  Acc@5: 97.9167 (97.9167)LR: 2.452e-02
2024-11-19 16:15:35,145 -                train: [    INFO] - Train: 53 [ 200/520]  Loss: 0.5616 (0.589)  Acc@1: 88.5417 (85.7224)  Acc@5: 100.0000 (99.3211)LR: 2.452e-02
2024-11-19 16:16:19,001 -                train: [    INFO] - Train: 53 [ 400/520]  Loss: 0.7245 (0.589)  Acc@1: 82.2917 (85.7024)  Acc@5: 98.9583 (99.3324)LR: 2.452e-02
2024-11-19 16:16:45,053 -                train: [    INFO] - Train: 53 [ 520/520]  Loss: 0.3770 (0.591)  Acc@1: 90.0000 (85.6360)  Acc@5: 100.0000 (99.3400)LR: 2.452e-02
2024-11-19 16:16:45,326 -                train: [    INFO] - Valid: 53 [   0/104]  Loss: 0.5117 (0.512)  Acc@1: 83.3333 (83.3333)  Acc@5: 97.9167 (97.9167)
2024-11-19 16:16:50,985 -                train: [    INFO] - Valid: 53 [ 104/104]  Loss: 0.5630 (0.372)  Acc@1: 81.2500 (87.6800)  Acc@5: 100.0000 (99.4700)
2024-11-19 16:16:51,029 -                train: [    INFO] - valid_acc 87.680002 - best_valid_acc 88.430002
2024-11-19 16:16:51,460 -                train: [    INFO] - Train: 54 [   0/520]  Loss: 0.5274 (0.527)  Acc@1: 89.5833 (89.5833)  Acc@5: 98.9583 (98.9583)LR: 2.450e-02
2024-11-19 16:17:35,111 -                train: [    INFO] - Train: 54 [ 200/520]  Loss: 0.6453 (0.583)  Acc@1: 83.3333 (85.7691)  Acc@5: 100.0000 (99.3988)LR: 2.450e-02
2024-11-19 16:18:18,702 -                train: [    INFO] - Train: 54 [ 400/520]  Loss: 0.6527 (0.591)  Acc@1: 86.4583 (85.6427)  Acc@5: 100.0000 (99.3636)LR: 2.450e-02
2024-11-19 16:18:44,992 -                train: [    INFO] - Train: 54 [ 520/520]  Loss: 0.5845 (0.597)  Acc@1: 85.0000 (85.4520)  Acc@5: 97.5000 (99.3480)LR: 2.450e-02
2024-11-19 16:18:45,389 -                train: [    INFO] - Valid: 54 [   0/104]  Loss: 0.4213 (0.421)  Acc@1: 85.4167 (85.4167)  Acc@5: 98.9583 (98.9583)
2024-11-19 16:18:51,097 -                train: [    INFO] - Valid: 54 [ 104/104]  Loss: 0.3250 (0.417)  Acc@1: 81.2500 (86.5400)  Acc@5: 100.0000 (99.1900)
2024-11-19 16:18:51,208 -                train: [    INFO] - valid_acc 86.540003 - best_valid_acc 88.430002
2024-11-19 16:18:51,734 -                train: [    INFO] - Train: 55 [   0/520]  Loss: 0.5845 (0.584)  Acc@1: 84.3750 (84.3750)  Acc@5: 98.9583 (98.9583)LR: 2.449e-02
2024-11-19 16:19:35,868 -                train: [    INFO] - Train: 55 [ 200/520]  Loss: 0.5567 (0.579)  Acc@1: 83.3333 (85.6706)  Acc@5: 98.9583 (99.4248)LR: 2.449e-02
2024-11-19 16:20:20,085 -                train: [    INFO] - Train: 55 [ 400/520]  Loss: 0.5550 (0.585)  Acc@1: 86.4583 (85.6089)  Acc@5: 96.8750 (99.3532)LR: 2.449e-02
2024-11-19 16:20:46,481 -                train: [    INFO] - Train: 55 [ 520/520]  Loss: 0.5616 (0.586)  Acc@1: 87.5000 (85.6880)  Acc@5: 98.7500 (99.3440)LR: 2.449e-02
2024-11-19 16:20:46,801 -                train: [    INFO] - Valid: 55 [   0/104]  Loss: 0.4206 (0.421)  Acc@1: 89.5833 (89.5833)  Acc@5: 98.9583 (98.9583)
2024-11-19 16:20:52,460 -                train: [    INFO] - Valid: 55 [ 104/104]  Loss: 0.6656 (0.416)  Acc@1: 87.5000 (86.1300)  Acc@5: 100.0000 (99.5800)
2024-11-19 16:20:52,510 -                train: [    INFO] - valid_acc 86.130002 - best_valid_acc 88.430002
2024-11-19 16:20:53,004 -                train: [    INFO] - Train: 56 [   0/520]  Loss: 0.7016 (0.702)  Acc@1: 82.2917 (82.2917)  Acc@5: 97.9167 (97.9167)LR: 2.447e-02
2024-11-19 16:21:36,974 -                train: [    INFO] - Train: 56 [ 200/520]  Loss: 0.6332 (0.575)  Acc@1: 82.2917 (85.8002)  Acc@5: 100.0000 (99.2641)LR: 2.447e-02
2024-11-19 16:22:20,417 -                train: [    INFO] - Train: 56 [ 400/520]  Loss: 0.7365 (0.581)  Acc@1: 83.3333 (85.6764)  Acc@5: 100.0000 (99.3428)LR: 2.447e-02
2024-11-19 16:22:46,465 -                train: [    INFO] - Train: 56 [ 520/520]  Loss: 0.7019 (0.583)  Acc@1: 88.7500 (85.7320)  Acc@5: 96.2500 (99.3120)LR: 2.447e-02
2024-11-19 16:22:46,761 -                train: [    INFO] - Valid: 56 [   0/104]  Loss: 0.3216 (0.322)  Acc@1: 89.5833 (89.5833)  Acc@5: 98.9583 (98.9583)
2024-11-19 16:22:52,435 -                train: [    INFO] - Valid: 56 [ 104/104]  Loss: 0.3805 (0.347)  Acc@1: 87.5000 (88.3900)  Acc@5: 100.0000 (99.5900)
2024-11-19 16:22:52,476 -                train: [    INFO] - valid_acc 88.390003 - best_valid_acc 88.430002
2024-11-19 16:22:52,942 -                train: [    INFO] - Train: 57 [   0/520]  Loss: 0.5226 (0.523)  Acc@1: 86.4583 (86.4583)  Acc@5: 100.0000 (100.0000)LR: 2.445e-02
2024-11-19 16:23:38,471 -                train: [    INFO] - Train: 57 [ 200/520]  Loss: 0.8560 (0.570)  Acc@1: 80.2083 (86.5309)  Acc@5: 97.9167 (99.3937)LR: 2.445e-02
2024-11-19 16:24:23,711 -                train: [    INFO] - Train: 57 [ 400/520]  Loss: 0.7188 (0.576)  Acc@1: 82.2917 (86.1648)  Acc@5: 98.9583 (99.3584)LR: 2.445e-02
2024-11-19 16:24:50,517 -                train: [    INFO] - Train: 57 [ 520/520]  Loss: 0.8743 (0.582)  Acc@1: 82.5000 (86.0180)  Acc@5: 97.5000 (99.3700)LR: 2.445e-02
2024-11-19 16:24:50,815 -                train: [    INFO] - Valid: 57 [   0/104]  Loss: 0.4225 (0.423)  Acc@1: 84.3750 (84.3750)  Acc@5: 96.8750 (96.8750)
2024-11-19 16:24:56,535 -                train: [    INFO] - Valid: 57 [ 104/104]  Loss: 0.4252 (0.421)  Acc@1: 81.2500 (85.9900)  Acc@5: 100.0000 (99.3700)
2024-11-19 16:24:56,584 -                train: [    INFO] - valid_acc 85.990002 - best_valid_acc 88.430002
2024-11-19 16:24:57,043 -                train: [    INFO] - Train: 58 [   0/520]  Loss: 0.3911 (0.391)  Acc@1: 92.7083 (92.7083)  Acc@5: 100.0000 (100.0000)LR: 2.443e-02
2024-11-19 16:25:40,761 -                train: [    INFO] - Train: 58 [ 200/520]  Loss: 0.6456 (0.575)  Acc@1: 84.3750 (85.9505)  Acc@5: 97.9167 (99.3315)LR: 2.443e-02
2024-11-19 16:26:24,268 -                train: [    INFO] - Train: 58 [ 400/520]  Loss: 0.8612 (0.583)  Acc@1: 80.2083 (85.7284)  Acc@5: 97.9167 (99.2986)LR: 2.443e-02
2024-11-19 16:26:50,351 -                train: [    INFO] - Train: 58 [ 520/520]  Loss: 0.5315 (0.588)  Acc@1: 88.7500 (85.6540)  Acc@5: 98.7500 (99.2940)LR: 2.443e-02
2024-11-19 16:26:50,664 -                train: [    INFO] - Valid: 58 [   0/104]  Loss: 0.4405 (0.441)  Acc@1: 86.4583 (86.4583)  Acc@5: 100.0000 (100.0000)
2024-11-19 16:26:56,373 -                train: [    INFO] - Valid: 58 [ 104/104]  Loss: 0.1411 (0.444)  Acc@1: 100.0000 (85.8000)  Acc@5: 100.0000 (99.5000)
2024-11-19 16:26:56,409 -                train: [    INFO] - valid_acc 85.800003 - best_valid_acc 88.430002
2024-11-19 16:26:56,921 -                train: [    INFO] - Train: 59 [   0/520]  Loss: 0.5508 (0.551)  Acc@1: 90.6250 (90.6250)  Acc@5: 97.9167 (97.9167)LR: 2.441e-02
2024-11-19 16:27:40,644 -                train: [    INFO] - Train: 59 [ 200/520]  Loss: 0.5184 (0.564)  Acc@1: 85.4167 (86.2459)  Acc@5: 100.0000 (99.3988)LR: 2.441e-02
2024-11-19 16:28:24,874 -                train: [    INFO] - Train: 59 [ 400/520]  Loss: 0.6244 (0.579)  Acc@1: 82.2917 (85.9336)  Acc@5: 98.9583 (99.3454)LR: 2.441e-02
2024-11-19 16:28:50,965 -                train: [    INFO] - Train: 59 [ 520/520]  Loss: 0.4885 (0.579)  Acc@1: 85.0000 (86.0080)  Acc@5: 100.0000 (99.3340)LR: 2.441e-02
2024-11-19 16:28:51,246 -                train: [    INFO] - Valid: 59 [   0/104]  Loss: 0.4970 (0.497)  Acc@1: 84.3750 (84.3750)  Acc@5: 98.9583 (98.9583)
2024-11-19 16:28:56,914 -                train: [    INFO] - Valid: 59 [ 104/104]  Loss: 0.4684 (0.459)  Acc@1: 81.2500 (85.7300)  Acc@5: 100.0000 (99.1700)
2024-11-19 16:28:56,942 -                train: [    INFO] - valid_acc 85.730003 - best_valid_acc 88.430002
2024-11-19 16:28:57,343 -                train: [    INFO] - Train: 60 [   0/520]  Loss: 0.4227 (0.423)  Acc@1: 92.7083 (92.7083)  Acc@5: 100.0000 (100.0000)LR: 2.439e-02
2024-11-19 16:29:41,243 -                train: [    INFO] - Train: 60 [ 200/520]  Loss: 0.7017 (0.572)  Acc@1: 81.2500 (86.2821)  Acc@5: 97.9167 (99.2848)LR: 2.439e-02
2024-11-19 16:30:25,041 -                train: [    INFO] - Train: 60 [ 400/520]  Loss: 0.5329 (0.584)  Acc@1: 86.4583 (85.8089)  Acc@5: 100.0000 (99.2778)LR: 2.439e-02
2024-11-19 16:30:51,014 -                train: [    INFO] - Train: 60 [ 520/520]  Loss: 0.5812 (0.582)  Acc@1: 85.0000 (85.8520)  Acc@5: 97.5000 (99.2900)LR: 2.439e-02
2024-11-19 16:30:51,380 -                train: [    INFO] - Valid: 60 [   0/104]  Loss: 0.3975 (0.398)  Acc@1: 87.5000 (87.5000)  Acc@5: 100.0000 (100.0000)
2024-11-19 16:30:57,081 -                train: [    INFO] - Valid: 60 [ 104/104]  Loss: 0.5795 (0.355)  Acc@1: 75.0000 (88.5500)  Acc@5: 100.0000 (99.6600)
2024-11-19 16:30:57,580 -                train: [    INFO] - valid_acc 88.550003 - best_valid_acc 88.550003
2024-11-19 16:30:58,045 -                train: [    INFO] - Train: 61 [   0/520]  Loss: 0.6975 (0.698)  Acc@1: 84.3750 (84.3750)  Acc@5: 100.0000 (100.0000)LR: 2.437e-02
2024-11-19 16:31:42,677 -                train: [    INFO] - Train: 61 [ 200/520]  Loss: 0.4162 (0.584)  Acc@1: 91.6667 (85.8364)  Acc@5: 100.0000 (99.2796)LR: 2.437e-02
2024-11-19 16:32:27,468 -                train: [    INFO] - Train: 61 [ 400/520]  Loss: 0.7068 (0.577)  Acc@1: 79.1667 (85.9336)  Acc@5: 98.9583 (99.3246)LR: 2.437e-02
2024-11-19 16:32:54,187 -                train: [    INFO] - Train: 61 [ 520/520]  Loss: 0.6649 (0.579)  Acc@1: 86.2500 (85.9240)  Acc@5: 98.7500 (99.3200)LR: 2.437e-02
2024-11-19 16:32:54,578 -                train: [    INFO] - Valid: 61 [   0/104]  Loss: 0.4742 (0.474)  Acc@1: 85.4167 (85.4167)  Acc@5: 98.9583 (98.9583)
2024-11-19 16:33:00,237 -                train: [    INFO] - Valid: 61 [ 104/104]  Loss: 0.7692 (0.368)  Acc@1: 81.2500 (87.8000)  Acc@5: 100.0000 (99.4800)
2024-11-19 16:33:00,275 -                train: [    INFO] - valid_acc 87.800003 - best_valid_acc 88.550003
2024-11-19 16:33:00,803 -                train: [    INFO] - Train: 62 [   0/520]  Loss: 0.5987 (0.599)  Acc@1: 84.3750 (84.3750)  Acc@5: 98.9583 (98.9583)LR: 2.435e-02
2024-11-19 16:33:46,580 -                train: [    INFO] - Train: 62 [ 200/520]  Loss: 0.6816 (0.564)  Acc@1: 83.3333 (86.4221)  Acc@5: 98.9583 (99.3522)LR: 2.435e-02
2024-11-19 16:34:33,080 -                train: [    INFO] - Train: 62 [ 400/520]  Loss: 0.5146 (0.570)  Acc@1: 85.4167 (86.0739)  Acc@5: 100.0000 (99.3220)LR: 2.435e-02
2024-11-19 16:34:59,537 -                train: [    INFO] - Train: 62 [ 520/520]  Loss: 0.8388 (0.572)  Acc@1: 81.2500 (86.0280)  Acc@5: 100.0000 (99.3240)LR: 2.435e-02
2024-11-19 16:34:59,847 -                train: [    INFO] - Valid: 62 [   0/104]  Loss: 0.3725 (0.372)  Acc@1: 87.5000 (87.5000)  Acc@5: 100.0000 (100.0000)
2024-11-19 16:35:05,589 -                train: [    INFO] - Valid: 62 [ 104/104]  Loss: 0.7360 (0.403)  Acc@1: 75.0000 (86.4500)  Acc@5: 100.0000 (99.3800)
2024-11-19 16:35:05,624 -                train: [    INFO] - valid_acc 86.450003 - best_valid_acc 88.550003
2024-11-19 16:35:06,075 -                train: [    INFO] - Train: 63 [   0/520]  Loss: 0.4592 (0.459)  Acc@1: 86.4583 (86.4583)  Acc@5: 100.0000 (100.0000)LR: 2.433e-02
2024-11-19 16:35:52,017 -                train: [    INFO] - Train: 63 [ 200/520]  Loss: 0.7764 (0.554)  Acc@1: 78.1250 (86.2718)  Acc@5: 98.9583 (99.3937)LR: 2.433e-02
2024-11-19 16:36:37,316 -                train: [    INFO] - Train: 63 [ 400/520]  Loss: 0.7709 (0.574)  Acc@1: 81.2500 (85.8245)  Acc@5: 97.9167 (99.3480)LR: 2.433e-02
2024-11-19 16:37:03,887 -                train: [    INFO] - Train: 63 [ 520/520]  Loss: 0.4080 (0.575)  Acc@1: 91.2500 (85.8720)  Acc@5: 100.0000 (99.3500)LR: 2.433e-02
2024-11-19 16:37:04,185 -                train: [    INFO] - Valid: 63 [   0/104]  Loss: 0.4131 (0.413)  Acc@1: 88.5417 (88.5417)  Acc@5: 97.9167 (97.9167)
2024-11-19 16:37:09,916 -                train: [    INFO] - Valid: 63 [ 104/104]  Loss: 0.7664 (0.360)  Acc@1: 81.2500 (88.1100)  Acc@5: 100.0000 (99.5900)
2024-11-19 16:37:09,948 -                train: [    INFO] - valid_acc 88.110003 - best_valid_acc 88.550003
2024-11-19 16:37:10,437 -                train: [    INFO] - Train: 64 [   0/520]  Loss: 0.6015 (0.601)  Acc@1: 82.2917 (82.2917)  Acc@5: 100.0000 (100.0000)LR: 2.430e-02
2024-11-19 16:37:55,729 -                train: [    INFO] - Train: 64 [ 200/520]  Loss: 0.5587 (0.565)  Acc@1: 86.4583 (86.1370)  Acc@5: 100.0000 (99.3159)LR: 2.430e-02
2024-11-19 16:38:40,090 -                train: [    INFO] - Train: 64 [ 400/520]  Loss: 0.6019 (0.571)  Acc@1: 83.3333 (86.1388)  Acc@5: 98.9583 (99.2934)LR: 2.430e-02
2024-11-19 16:39:07,138 -                train: [    INFO] - Train: 64 [ 520/520]  Loss: 0.5161 (0.572)  Acc@1: 87.5000 (86.1480)  Acc@5: 98.7500 (99.3020)LR: 2.430e-02
2024-11-19 16:39:07,383 -                train: [    INFO] - Valid: 64 [   0/104]  Loss: 0.3335 (0.334)  Acc@1: 86.4583 (86.4583)  Acc@5: 98.9583 (98.9583)
2024-11-19 16:39:13,068 -                train: [    INFO] - Valid: 64 [ 104/104]  Loss: 0.2346 (0.372)  Acc@1: 93.7500 (87.8900)  Acc@5: 100.0000 (99.5400)
2024-11-19 16:39:13,149 -                train: [    INFO] - valid_acc 87.890003 - best_valid_acc 88.550003
2024-11-19 16:39:13,589 -                train: [    INFO] - Train: 65 [   0/520]  Loss: 0.6288 (0.629)  Acc@1: 86.4583 (86.4583)  Acc@5: 100.0000 (100.0000)LR: 2.428e-02
2024-11-19 16:39:57,518 -                train: [    INFO] - Train: 65 [ 200/520]  Loss: 0.8179 (0.561)  Acc@1: 80.2083 (86.4739)  Acc@5: 97.9167 (99.3574)LR: 2.428e-02
2024-11-19 16:40:41,299 -                train: [    INFO] - Train: 65 [ 400/520]  Loss: 0.5103 (0.571)  Acc@1: 89.5833 (86.1492)  Acc@5: 98.9583 (99.3090)LR: 2.428e-02
2024-11-19 16:41:07,649 -                train: [    INFO] - Train: 65 [ 520/520]  Loss: 0.6002 (0.569)  Acc@1: 86.2500 (86.2560)  Acc@5: 100.0000 (99.3380)LR: 2.428e-02
2024-11-19 16:41:07,957 -                train: [    INFO] - Valid: 65 [   0/104]  Loss: 0.2842 (0.284)  Acc@1: 89.5833 (89.5833)  Acc@5: 100.0000 (100.0000)
2024-11-19 16:41:13,667 -                train: [    INFO] - Valid: 65 [ 104/104]  Loss: 0.5524 (0.389)  Acc@1: 93.7500 (87.6000)  Acc@5: 100.0000 (99.4600)
2024-11-19 16:41:13,727 -                train: [    INFO] - valid_acc 87.600002 - best_valid_acc 88.550003
2024-11-19 16:41:14,194 -                train: [    INFO] - Train: 66 [   0/520]  Loss: 0.5865 (0.587)  Acc@1: 85.4167 (85.4167)  Acc@5: 100.0000 (100.0000)LR: 2.426e-02
2024-11-19 16:41:59,356 -                train: [    INFO] - Train: 66 [ 200/520]  Loss: 0.5213 (0.543)  Acc@1: 85.4167 (86.7537)  Acc@5: 100.0000 (99.4144)LR: 2.426e-02
2024-11-19 16:42:43,389 -                train: [    INFO] - Train: 66 [ 400/520]  Loss: 0.7138 (0.561)  Acc@1: 82.2917 (86.3544)  Acc@5: 98.9583 (99.3870)LR: 2.426e-02
2024-11-19 16:43:09,560 -                train: [    INFO] - Train: 66 [ 520/520]  Loss: 0.7090 (0.568)  Acc@1: 82.5000 (86.1560)  Acc@5: 98.7500 (99.3660)LR: 2.426e-02
2024-11-19 16:43:09,821 -                train: [    INFO] - Valid: 66 [   0/104]  Loss: 0.3854 (0.385)  Acc@1: 89.5833 (89.5833)  Acc@5: 97.9167 (97.9167)
2024-11-19 16:43:15,523 -                train: [    INFO] - Valid: 66 [ 104/104]  Loss: 0.5429 (0.339)  Acc@1: 87.5000 (88.8400)  Acc@5: 100.0000 (99.7100)
2024-11-19 16:43:16,020 -                train: [    INFO] - valid_acc 88.840002 - best_valid_acc 88.840002
2024-11-19 16:43:16,511 -                train: [    INFO] - Train: 67 [   0/520]  Loss: 0.5891 (0.589)  Acc@1: 85.4167 (85.4167)  Acc@5: 98.9583 (98.9583)LR: 2.424e-02
2024-11-19 16:44:01,378 -                train: [    INFO] - Train: 67 [ 200/520]  Loss: 0.4590 (0.550)  Acc@1: 88.5417 (86.5775)  Acc@5: 100.0000 (99.3885)LR: 2.424e-02
2024-11-19 16:44:45,148 -                train: [    INFO] - Train: 67 [ 400/520]  Loss: 0.5215 (0.562)  Acc@1: 87.5000 (86.3778)  Acc@5: 100.0000 (99.3220)LR: 2.424e-02
2024-11-19 16:45:11,406 -                train: [    INFO] - Train: 67 [ 520/520]  Loss: 0.5954 (0.564)  Acc@1: 87.5000 (86.2180)  Acc@5: 98.7500 (99.3260)LR: 2.424e-02
2024-11-19 16:45:11,688 -                train: [    INFO] - Valid: 67 [   0/104]  Loss: 0.3607 (0.361)  Acc@1: 88.5417 (88.5417)  Acc@5: 98.9583 (98.9583)
2024-11-19 16:45:17,377 -                train: [    INFO] - Valid: 67 [ 104/104]  Loss: 0.1646 (0.331)  Acc@1: 93.7500 (89.1700)  Acc@5: 100.0000 (99.6800)
2024-11-19 16:45:17,833 -                train: [    INFO] - valid_acc 89.170003 - best_valid_acc 89.170003
2024-11-19 16:45:18,312 -                train: [    INFO] - Train: 68 [   0/520]  Loss: 0.4333 (0.433)  Acc@1: 87.5000 (87.5000)  Acc@5: 100.0000 (100.0000)LR: 2.422e-02
2024-11-19 16:46:02,980 -                train: [    INFO] - Train: 68 [ 200/520]  Loss: 0.5021 (0.559)  Acc@1: 91.6667 (86.2666)  Acc@5: 97.9167 (99.3056)LR: 2.422e-02
2024-11-19 16:46:47,443 -                train: [    INFO] - Train: 68 [ 400/520]  Loss: 0.3935 (0.561)  Acc@1: 88.5417 (86.3908)  Acc@5: 100.0000 (99.3558)LR: 2.422e-02
2024-11-19 16:47:13,873 -                train: [    INFO] - Train: 68 [ 520/520]  Loss: 0.6659 (0.562)  Acc@1: 83.7500 (86.3220)  Acc@5: 98.7500 (99.3640)LR: 2.422e-02
2024-11-19 16:47:14,120 -                train: [    INFO] - Valid: 68 [   0/104]  Loss: 0.3343 (0.334)  Acc@1: 89.5833 (89.5833)  Acc@5: 98.9583 (98.9583)
2024-11-19 16:47:19,783 -                train: [    INFO] - Valid: 68 [ 104/104]  Loss: 0.4884 (0.339)  Acc@1: 81.2500 (88.7700)  Acc@5: 100.0000 (99.4800)
2024-11-19 16:47:19,815 -                train: [    INFO] - valid_acc 88.770003 - best_valid_acc 89.170003
2024-11-19 16:47:20,293 -                train: [    INFO] - Train: 69 [   0/520]  Loss: 0.5692 (0.569)  Acc@1: 88.5417 (88.5417)  Acc@5: 97.9167 (97.9167)LR: 2.419e-02
2024-11-19 16:48:04,164 -                train: [    INFO] - Train: 69 [ 200/520]  Loss: 0.4585 (0.537)  Acc@1: 89.5833 (87.1321)  Acc@5: 100.0000 (99.4351)LR: 2.419e-02
2024-11-19 16:48:47,821 -                train: [    INFO] - Train: 69 [ 400/520]  Loss: 0.5763 (0.550)  Acc@1: 84.3750 (86.5986)  Acc@5: 100.0000 (99.4025)LR: 2.419e-02
2024-11-19 16:49:14,306 -                train: [    INFO] - Train: 69 [ 520/520]  Loss: 0.5505 (0.561)  Acc@1: 90.0000 (86.3520)  Acc@5: 98.7500 (99.3740)LR: 2.419e-02
2024-11-19 16:49:14,608 -                train: [    INFO] - Valid: 69 [   0/104]  Loss: 0.5714 (0.571)  Acc@1: 81.2500 (81.2500)  Acc@5: 100.0000 (100.0000)
2024-11-19 16:49:20,299 -                train: [    INFO] - Valid: 69 [ 104/104]  Loss: 0.9813 (0.562)  Acc@1: 68.7500 (82.7700)  Acc@5: 100.0000 (99.0700)
2024-11-19 16:49:20,334 -                train: [    INFO] - valid_acc 82.770003 - best_valid_acc 89.170003
2024-11-19 16:49:20,823 -                train: [    INFO] - Train: 70 [   0/520]  Loss: 0.6574 (0.657)  Acc@1: 84.3750 (84.3750)  Acc@5: 100.0000 (100.0000)LR: 2.417e-02
2024-11-19 16:50:04,426 -                train: [    INFO] - Train: 70 [ 200/520]  Loss: 0.4607 (0.557)  Acc@1: 88.5417 (86.5775)  Acc@5: 97.9167 (99.3263)LR: 2.417e-02
2024-11-19 16:50:47,942 -                train: [    INFO] - Train: 70 [ 400/520]  Loss: 0.2569 (0.562)  Acc@1: 95.8333 (86.3103)  Acc@5: 100.0000 (99.3740)LR: 2.417e-02
2024-11-19 16:51:14,235 -                train: [    INFO] - Train: 70 [ 520/520]  Loss: 0.3876 (0.560)  Acc@1: 90.0000 (86.3120)  Acc@5: 100.0000 (99.3800)LR: 2.417e-02
2024-11-19 16:51:14,596 -                train: [    INFO] - Valid: 70 [   0/104]  Loss: 0.4236 (0.424)  Acc@1: 85.4167 (85.4167)  Acc@5: 98.9583 (98.9583)
2024-11-19 16:51:20,259 -                train: [    INFO] - Valid: 70 [ 104/104]  Loss: 0.5663 (0.358)  Acc@1: 75.0000 (88.2500)  Acc@5: 100.0000 (99.5900)
2024-11-19 16:51:25,857 -                train: [    INFO] - valid_acc 88.250003 - best_valid_acc 89.170003
2024-11-19 16:51:26,351 -                train: [    INFO] - Train: 71 [   0/520]  Loss: 0.6149 (0.615)  Acc@1: 83.3333 (83.3333)  Acc@5: 100.0000 (100.0000)LR: 2.415e-02
2024-11-19 16:52:10,640 -                train: [    INFO] - Train: 71 [ 200/520]  Loss: 0.3564 (0.545)  Acc@1: 90.6250 (86.7434)  Acc@5: 100.0000 (99.4558)LR: 2.415e-02
2024-11-19 16:52:54,577 -                train: [    INFO] - Train: 71 [ 400/520]  Loss: 0.5963 (0.551)  Acc@1: 83.3333 (86.6168)  Acc@5: 100.0000 (99.4441)LR: 2.415e-02
2024-11-19 16:53:20,796 -                train: [    INFO] - Train: 71 [ 520/520]  Loss: 0.5860 (0.558)  Acc@1: 87.5000 (86.4340)  Acc@5: 98.7500 (99.3820)LR: 2.415e-02
2024-11-19 16:53:27,516 -                train: [    INFO] - Valid: 71 [   0/104]  Loss: 0.2870 (0.287)  Acc@1: 89.5833 (89.5833)  Acc@5: 100.0000 (100.0000)
2024-11-19 16:53:33,221 -                train: [    INFO] - Valid: 71 [ 104/104]  Loss: 0.2777 (0.315)  Acc@1: 87.5000 (89.3100)  Acc@5: 100.0000 (99.6500)
2024-11-19 16:53:37,777 -                train: [    INFO] - valid_acc 89.310003 - best_valid_acc 89.310003
2024-11-19 16:53:38,195 -                train: [    INFO] - Train: 72 [   0/520]  Loss: 0.4614 (0.461)  Acc@1: 86.4583 (86.4583)  Acc@5: 100.0000 (100.0000)LR: 2.412e-02
2024-11-19 16:54:22,143 -                train: [    INFO] - Train: 72 [ 200/520]  Loss: 0.9373 (0.541)  Acc@1: 81.2500 (86.7693)  Acc@5: 98.9583 (99.5595)LR: 2.412e-02
2024-11-19 16:55:06,085 -                train: [    INFO] - Train: 72 [ 400/520]  Loss: 0.5717 (0.553)  Acc@1: 89.5833 (86.4947)  Acc@5: 97.9167 (99.4831)LR: 2.412e-02
2024-11-19 16:55:32,277 -                train: [    INFO] - Train: 72 [ 520/520]  Loss: 0.2938 (0.553)  Acc@1: 93.7500 (86.4180)  Acc@5: 100.0000 (99.4580)LR: 2.412e-02
2024-11-19 16:55:32,599 -                train: [    INFO] - Valid: 72 [   0/104]  Loss: 0.6065 (0.607)  Acc@1: 81.2500 (81.2500)  Acc@5: 100.0000 (100.0000)
2024-11-19 16:55:38,289 -                train: [    INFO] - Valid: 72 [ 104/104]  Loss: 0.5438 (0.463)  Acc@1: 81.2500 (85.0200)  Acc@5: 100.0000 (99.5300)
2024-11-19 16:55:38,357 -                train: [    INFO] - valid_acc 85.020003 - best_valid_acc 89.310003
2024-11-19 16:55:38,820 -                train: [    INFO] - Train: 73 [   0/520]  Loss: 0.6177 (0.618)  Acc@1: 85.4167 (85.4167)  Acc@5: 100.0000 (100.0000)LR: 2.410e-02
2024-11-19 16:56:22,395 -                train: [    INFO] - Train: 73 [ 200/520]  Loss: 0.6872 (0.553)  Acc@1: 80.2083 (86.6501)  Acc@5: 98.9583 (99.4558)LR: 2.410e-02
2024-11-19 16:57:06,170 -                train: [    INFO] - Train: 73 [ 400/520]  Loss: 0.6167 (0.558)  Acc@1: 87.5000 (86.5025)  Acc@5: 98.9583 (99.4337)LR: 2.410e-02
2024-11-19 16:57:32,344 -                train: [    INFO] - Train: 73 [ 520/520]  Loss: 0.5979 (0.560)  Acc@1: 85.0000 (86.4780)  Acc@5: 100.0000 (99.3940)LR: 2.410e-02
2024-11-19 16:57:32,639 -                train: [    INFO] - Valid: 73 [   0/104]  Loss: 0.3112 (0.311)  Acc@1: 87.5000 (87.5000)  Acc@5: 100.0000 (100.0000)
2024-11-19 16:57:38,329 -                train: [    INFO] - Valid: 73 [ 104/104]  Loss: 0.5067 (0.441)  Acc@1: 81.2500 (86.1300)  Acc@5: 100.0000 (99.6300)
2024-11-19 16:57:38,375 -                train: [    INFO] - valid_acc 86.130002 - best_valid_acc 89.310003
2024-11-19 16:57:38,844 -                train: [    INFO] - Train: 74 [   0/520]  Loss: 0.3633 (0.363)  Acc@1: 91.6667 (91.6667)  Acc@5: 98.9583 (98.9583)LR: 2.407e-02
2024-11-19 16:58:22,648 -                train: [    INFO] - Train: 74 [ 200/520]  Loss: 0.6440 (0.550)  Acc@1: 83.3333 (86.6760)  Acc@5: 98.9583 (99.3937)LR: 2.407e-02
2024-11-19 16:59:06,331 -                train: [    INFO] - Train: 74 [ 400/520]  Loss: 0.7050 (0.554)  Acc@1: 82.2917 (86.4479)  Acc@5: 97.9167 (99.3947)LR: 2.407e-02
2024-11-19 16:59:32,408 -                train: [    INFO] - Train: 74 [ 520/520]  Loss: 0.5464 (0.550)  Acc@1: 78.7500 (86.5440)  Acc@5: 100.0000 (99.4240)LR: 2.407e-02
2024-11-19 16:59:32,778 -                train: [    INFO] - Valid: 74 [   0/104]  Loss: 0.4339 (0.434)  Acc@1: 86.4583 (86.4583)  Acc@5: 98.9583 (98.9583)
2024-11-19 16:59:38,445 -                train: [    INFO] - Valid: 74 [ 104/104]  Loss: 0.6791 (0.342)  Acc@1: 75.0000 (88.8800)  Acc@5: 100.0000 (99.6900)
2024-11-19 16:59:38,492 -                train: [    INFO] - valid_acc 88.880003 - best_valid_acc 89.310003
2024-11-19 16:59:38,960 -                train: [    INFO] - Train: 75 [   0/520]  Loss: 0.4506 (0.451)  Acc@1: 86.4583 (86.4583)  Acc@5: 100.0000 (100.0000)LR: 2.405e-02
2024-11-19 17:00:22,660 -                train: [    INFO] - Train: 75 [ 200/520]  Loss: 0.6942 (0.550)  Acc@1: 80.2083 (86.7745)  Acc@5: 100.0000 (99.3833)LR: 2.405e-02
2024-11-19 17:01:06,482 -                train: [    INFO] - Train: 75 [ 400/520]  Loss: 0.4080 (0.550)  Acc@1: 93.7500 (86.6947)  Acc@5: 98.9583 (99.3921)LR: 2.405e-02
2024-11-19 17:01:32,651 -                train: [    INFO] - Train: 75 [ 520/520]  Loss: 0.4713 (0.555)  Acc@1: 91.2500 (86.5520)  Acc@5: 100.0000 (99.3880)LR: 2.405e-02
2024-11-19 17:01:33,097 -                train: [    INFO] - Valid: 75 [   0/104]  Loss: 0.3627 (0.363)  Acc@1: 89.5833 (89.5833)  Acc@5: 100.0000 (100.0000)
2024-11-19 17:01:38,783 -                train: [    INFO] - Valid: 75 [ 104/104]  Loss: 0.5556 (0.367)  Acc@1: 87.5000 (88.2100)  Acc@5: 100.0000 (99.5100)
2024-11-19 17:01:38,813 -                train: [    INFO] - valid_acc 88.210003 - best_valid_acc 89.310003
2024-11-19 17:01:39,247 -                train: [    INFO] - Train: 76 [   0/520]  Loss: 0.4460 (0.446)  Acc@1: 89.5833 (89.5833)  Acc@5: 100.0000 (100.0000)LR: 2.402e-02
2024-11-19 17:02:23,099 -                train: [    INFO] - Train: 76 [ 200/520]  Loss: 0.5925 (0.555)  Acc@1: 83.3333 (86.4842)  Acc@5: 98.9583 (99.4610)LR: 2.402e-02
2024-11-19 17:03:07,031 -                train: [    INFO] - Train: 76 [ 400/520]  Loss: 0.6838 (0.558)  Acc@1: 85.4167 (86.5285)  Acc@5: 98.9583 (99.4077)LR: 2.402e-02
2024-11-19 17:03:34,181 -                train: [    INFO] - Train: 76 [ 520/520]  Loss: 0.6142 (0.558)  Acc@1: 86.2500 (86.4440)  Acc@5: 100.0000 (99.4300)LR: 2.402e-02
2024-11-19 17:03:35,193 -                train: [    INFO] - Valid: 76 [   0/104]  Loss: 0.3346 (0.335)  Acc@1: 90.6250 (90.6250)  Acc@5: 98.9583 (98.9583)
2024-11-19 17:03:40,923 -                train: [    INFO] - Valid: 76 [ 104/104]  Loss: 0.4562 (0.347)  Acc@1: 87.5000 (88.2800)  Acc@5: 100.0000 (99.5000)
2024-11-19 17:03:41,083 -                train: [    INFO] - valid_acc 88.280002 - best_valid_acc 89.310003
2024-11-19 17:03:41,565 -                train: [    INFO] - Train: 77 [   0/520]  Loss: 0.4148 (0.415)  Acc@1: 90.6250 (90.6250)  Acc@5: 98.9583 (98.9583)LR: 2.400e-02
2024-11-19 17:04:27,450 -                train: [    INFO] - Train: 77 [ 200/520]  Loss: 0.6367 (0.541)  Acc@1: 83.3333 (86.6760)  Acc@5: 97.9167 (99.4144)LR: 2.400e-02
2024-11-19 17:05:11,524 -                train: [    INFO] - Train: 77 [ 400/520]  Loss: 0.7403 (0.551)  Acc@1: 84.3750 (86.4635)  Acc@5: 98.9583 (99.4363)LR: 2.400e-02
2024-11-19 17:05:38,088 -                train: [    INFO] - Train: 77 [ 520/520]  Loss: 0.7920 (0.551)  Acc@1: 76.2500 (86.4440)  Acc@5: 98.7500 (99.4160)LR: 2.400e-02
2024-11-19 17:05:38,487 -                train: [    INFO] - Valid: 77 [   0/104]  Loss: 0.3142 (0.314)  Acc@1: 88.5417 (88.5417)  Acc@5: 98.9583 (98.9583)
2024-11-19 17:05:44,180 -                train: [    INFO] - Valid: 77 [ 104/104]  Loss: 0.3325 (0.308)  Acc@1: 81.2500 (89.9000)  Acc@5: 100.0000 (99.6000)
2024-11-19 17:05:45,118 -                train: [    INFO] - valid_acc 89.900003 - best_valid_acc 89.900003
2024-11-19 17:05:45,628 -                train: [    INFO] - Train: 78 [   0/520]  Loss: 0.5752 (0.575)  Acc@1: 84.3750 (84.3750)  Acc@5: 100.0000 (100.0000)LR: 2.397e-02
2024-11-19 17:06:30,772 -                train: [    INFO] - Train: 78 [ 200/520]  Loss: 0.4136 (0.521)  Acc@1: 90.6250 (87.0750)  Acc@5: 98.9583 (99.3937)LR: 2.397e-02
2024-11-19 17:07:14,993 -                train: [    INFO] - Train: 78 [ 400/520]  Loss: 0.6083 (0.540)  Acc@1: 86.4583 (86.7882)  Acc@5: 98.9583 (99.3454)LR: 2.397e-02
2024-11-19 17:07:41,607 -                train: [    INFO] - Train: 78 [ 520/520]  Loss: 0.5123 (0.549)  Acc@1: 87.5000 (86.6100)  Acc@5: 98.7500 (99.3360)LR: 2.397e-02
2024-11-19 17:07:41,979 -                train: [    INFO] - Valid: 78 [   0/104]  Loss: 0.2168 (0.217)  Acc@1: 93.7500 (93.7500)  Acc@5: 100.0000 (100.0000)
2024-11-19 17:07:47,653 -                train: [    INFO] - Valid: 78 [ 104/104]  Loss: 0.3010 (0.332)  Acc@1: 81.2500 (88.8700)  Acc@5: 100.0000 (99.5200)
2024-11-19 17:07:47,684 -                train: [    INFO] - valid_acc 88.870002 - best_valid_acc 89.900003
2024-11-19 17:07:48,184 -                train: [    INFO] - Train: 79 [   0/520]  Loss: 0.5840 (0.584)  Acc@1: 85.4167 (85.4167)  Acc@5: 98.9583 (98.9583)LR: 2.395e-02
2024-11-19 17:08:32,208 -                train: [    INFO] - Train: 79 [ 200/520]  Loss: 0.6498 (0.542)  Acc@1: 83.3333 (87.0077)  Acc@5: 98.9583 (99.3833)LR: 2.395e-02
2024-11-19 17:09:16,743 -                train: [    INFO] - Train: 79 [ 400/520]  Loss: 0.6299 (0.547)  Acc@1: 81.2500 (86.8220)  Acc@5: 100.0000 (99.3947)LR: 2.395e-02
2024-11-19 17:09:43,989 -                train: [    INFO] - Train: 79 [ 520/520]  Loss: 0.6325 (0.547)  Acc@1: 82.5000 (86.7560)  Acc@5: 98.7500 (99.3900)LR: 2.395e-02
2024-11-19 17:09:44,257 -                train: [    INFO] - Valid: 79 [   0/104]  Loss: 0.5115 (0.511)  Acc@1: 82.2917 (82.2917)  Acc@5: 98.9583 (98.9583)
2024-11-19 17:09:49,952 -                train: [    INFO] - Valid: 79 [ 104/104]  Loss: 0.2141 (0.416)  Acc@1: 81.2500 (86.5600)  Acc@5: 100.0000 (99.3600)
2024-11-19 17:09:49,979 -                train: [    INFO] - valid_acc 86.560002 - best_valid_acc 89.900003
2024-11-19 17:09:50,415 -                train: [    INFO] - Train: 80 [   0/520]  Loss: 0.7195 (0.720)  Acc@1: 82.2917 (82.2917)  Acc@5: 98.9583 (98.9583)LR: 2.392e-02
2024-11-19 17:10:34,672 -                train: [    INFO] - Train: 80 [ 200/520]  Loss: 0.6518 (0.538)  Acc@1: 83.3333 (87.0025)  Acc@5: 100.0000 (99.4714)LR: 2.392e-02
2024-11-19 17:11:19,462 -                train: [    INFO] - Train: 80 [ 400/520]  Loss: 0.5991 (0.549)  Acc@1: 86.4583 (86.6168)  Acc@5: 100.0000 (99.4467)LR: 2.392e-02
2024-11-19 17:11:45,774 -                train: [    INFO] - Train: 80 [ 520/520]  Loss: 0.5334 (0.547)  Acc@1: 82.5000 (86.6460)  Acc@5: 100.0000 (99.4560)LR: 2.392e-02
2024-11-19 17:11:46,069 -                train: [    INFO] - Valid: 80 [   0/104]  Loss: 0.2944 (0.294)  Acc@1: 89.5833 (89.5833)  Acc@5: 100.0000 (100.0000)
2024-11-19 17:11:51,764 -                train: [    INFO] - Valid: 80 [ 104/104]  Loss: 0.4056 (0.311)  Acc@1: 81.2500 (89.8600)  Acc@5: 100.0000 (99.6800)
2024-11-19 17:11:51,819 -                train: [    INFO] - valid_acc 89.860003 - best_valid_acc 89.900003
2024-11-19 17:11:52,304 -                train: [    INFO] - Train: 81 [   0/520]  Loss: 0.4759 (0.476)  Acc@1: 88.5417 (88.5417)  Acc@5: 100.0000 (100.0000)LR: 2.389e-02
2024-11-19 17:12:36,686 -                train: [    INFO] - Train: 81 [ 200/520]  Loss: 0.4978 (0.525)  Acc@1: 85.4167 (87.3393)  Acc@5: 100.0000 (99.4299)LR: 2.389e-02
2024-11-19 17:13:20,429 -                train: [    INFO] - Train: 81 [ 400/520]  Loss: 0.4902 (0.544)  Acc@1: 85.4167 (86.6220)  Acc@5: 100.0000 (99.4259)LR: 2.389e-02
2024-11-19 17:13:47,081 -                train: [    INFO] - Train: 81 [ 520/520]  Loss: 0.5155 (0.544)  Acc@1: 90.0000 (86.7840)  Acc@5: 98.7500 (99.4420)LR: 2.389e-02
2024-11-19 17:13:47,347 -                train: [    INFO] - Valid: 81 [   0/104]  Loss: 0.3587 (0.359)  Acc@1: 89.5833 (89.5833)  Acc@5: 100.0000 (100.0000)
2024-11-19 17:13:53,062 -                train: [    INFO] - Valid: 81 [ 104/104]  Loss: 0.6364 (0.276)  Acc@1: 81.2500 (90.7600)  Acc@5: 100.0000 (99.6200)
2024-11-19 17:13:53,697 -                train: [    INFO] - valid_acc 90.760003 - best_valid_acc 90.760003
2024-11-19 17:13:54,144 -                train: [    INFO] - Train: 82 [   0/520]  Loss: 0.6897 (0.690)  Acc@1: 82.2917 (82.2917)  Acc@5: 100.0000 (100.0000)LR: 2.387e-02
2024-11-19 17:14:38,061 -                train: [    INFO] - Train: 82 [ 200/520]  Loss: 0.6293 (0.514)  Acc@1: 86.4583 (87.2461)  Acc@5: 98.9583 (99.4610)LR: 2.387e-02
2024-11-19 17:15:21,686 -                train: [    INFO] - Train: 82 [ 400/520]  Loss: 0.7206 (0.535)  Acc@1: 79.1667 (86.9467)  Acc@5: 100.0000 (99.3636)LR: 2.387e-02
2024-11-19 17:15:47,774 -                train: [    INFO] - Train: 82 [ 520/520]  Loss: 0.6706 (0.539)  Acc@1: 83.7500 (86.8080)  Acc@5: 100.0000 (99.3860)LR: 2.387e-02
2024-11-19 17:15:48,066 -                train: [    INFO] - Valid: 82 [   0/104]  Loss: 0.2897 (0.290)  Acc@1: 89.5833 (89.5833)  Acc@5: 98.9583 (98.9583)
2024-11-19 17:15:53,744 -                train: [    INFO] - Valid: 82 [ 104/104]  Loss: 0.7103 (0.341)  Acc@1: 81.2500 (88.9300)  Acc@5: 100.0000 (99.5300)
2024-11-19 17:15:54,398 -                train: [    INFO] - valid_acc 88.930003 - best_valid_acc 90.760003
2024-11-19 17:15:54,976 -                train: [    INFO] - Train: 83 [   0/520]  Loss: 0.3337 (0.334)  Acc@1: 93.7500 (93.7500)  Acc@5: 100.0000 (100.0000)LR: 2.384e-02
2024-11-19 17:16:38,715 -                train: [    INFO] - Train: 83 [ 200/520]  Loss: 0.6170 (0.542)  Acc@1: 85.4167 (86.5775)  Acc@5: 100.0000 (99.3833)LR: 2.384e-02
2024-11-19 17:17:22,619 -                train: [    INFO] - Train: 83 [ 400/520]  Loss: 0.4613 (0.546)  Acc@1: 88.5417 (86.5207)  Acc@5: 100.0000 (99.3662)LR: 2.384e-02
2024-11-19 17:17:48,801 -                train: [    INFO] - Train: 83 [ 520/520]  Loss: 0.4502 (0.545)  Acc@1: 87.5000 (86.5480)  Acc@5: 98.7500 (99.3540)LR: 2.384e-02
2024-11-19 17:17:49,146 -                train: [    INFO] - Valid: 83 [   0/104]  Loss: 0.4139 (0.414)  Acc@1: 85.4167 (85.4167)  Acc@5: 98.9583 (98.9583)
2024-11-19 17:17:54,903 -                train: [    INFO] - Valid: 83 [ 104/104]  Loss: 0.3823 (0.312)  Acc@1: 81.2500 (89.9100)  Acc@5: 100.0000 (99.6100)
2024-11-19 17:17:54,944 -                train: [    INFO] - valid_acc 89.910003 - best_valid_acc 90.760003
2024-11-19 17:17:55,398 -                train: [    INFO] - Train: 84 [   0/520]  Loss: 0.6155 (0.616)  Acc@1: 85.4167 (85.4167)  Acc@5: 98.9583 (98.9583)LR: 2.381e-02
2024-11-19 17:18:39,425 -                train: [    INFO] - Train: 84 [ 200/520]  Loss: 0.5891 (0.528)  Acc@1: 86.4583 (87.1372)  Acc@5: 100.0000 (99.5077)LR: 2.381e-02
2024-11-19 17:19:23,057 -                train: [    INFO] - Train: 84 [ 400/520]  Loss: 0.4888 (0.542)  Acc@1: 89.5833 (86.6999)  Acc@5: 100.0000 (99.4311)LR: 2.381e-02
2024-11-19 17:19:49,412 -                train: [    INFO] - Train: 84 [ 520/520]  Loss: 0.6675 (0.537)  Acc@1: 82.5000 (86.8240)  Acc@5: 100.0000 (99.4580)LR: 2.381e-02
2024-11-19 17:19:49,688 -                train: [    INFO] - Valid: 84 [   0/104]  Loss: 0.3596 (0.360)  Acc@1: 88.5417 (88.5417)  Acc@5: 100.0000 (100.0000)
2024-11-19 17:19:55,354 -                train: [    INFO] - Valid: 84 [ 104/104]  Loss: 0.2441 (0.390)  Acc@1: 93.7500 (88.2200)  Acc@5: 100.0000 (99.4700)
2024-11-19 17:19:55,389 -                train: [    INFO] - valid_acc 88.220003 - best_valid_acc 90.760003
2024-11-19 17:19:55,917 -                train: [    INFO] - Train: 85 [   0/520]  Loss: 0.4405 (0.440)  Acc@1: 88.5417 (88.5417)  Acc@5: 100.0000 (100.0000)LR: 2.378e-02
2024-11-19 17:20:39,980 -                train: [    INFO] - Train: 85 [ 200/520]  Loss: 0.6406 (0.538)  Acc@1: 82.2917 (86.8833)  Acc@5: 100.0000 (99.5129)LR: 2.378e-02
2024-11-19 17:21:23,738 -                train: [    INFO] - Train: 85 [ 400/520]  Loss: 0.4867 (0.541)  Acc@1: 87.5000 (86.8376)  Acc@5: 100.0000 (99.4727)LR: 2.378e-02
2024-11-19 17:21:50,006 -                train: [    INFO] - Train: 85 [ 520/520]  Loss: 0.4126 (0.542)  Acc@1: 91.2500 (86.8340)  Acc@5: 100.0000 (99.4500)LR: 2.378e-02
2024-11-19 17:21:50,254 -                train: [    INFO] - Valid: 85 [   0/104]  Loss: 0.1953 (0.195)  Acc@1: 92.7083 (92.7083)  Acc@5: 100.0000 (100.0000)
2024-11-19 17:21:55,973 -                train: [    INFO] - Valid: 85 [ 104/104]  Loss: 0.5495 (0.281)  Acc@1: 81.2500 (90.5300)  Acc@5: 100.0000 (99.6600)
2024-11-19 17:21:56,021 -                train: [    INFO] - valid_acc 90.530003 - best_valid_acc 90.760003
2024-11-19 17:21:56,444 -                train: [    INFO] - Train: 86 [   0/520]  Loss: 0.6033 (0.603)  Acc@1: 86.4583 (86.4583)  Acc@5: 100.0000 (100.0000)LR: 2.375e-02
2024-11-19 17:22:40,029 -                train: [    INFO] - Train: 86 [ 200/520]  Loss: 0.4496 (0.527)  Acc@1: 88.5417 (87.1476)  Acc@5: 98.9583 (99.5439)LR: 2.375e-02
2024-11-19 17:23:24,856 -                train: [    INFO] - Train: 86 [ 400/520]  Loss: 0.6814 (0.532)  Acc@1: 82.2917 (87.0844)  Acc@5: 100.0000 (99.4493)LR: 2.375e-02
2024-11-19 17:23:51,457 -                train: [    INFO] - Train: 86 [ 520/520]  Loss: 0.6091 (0.529)  Acc@1: 88.7500 (87.1600)  Acc@5: 98.7500 (99.4420)LR: 2.375e-02
2024-11-19 17:23:51,702 -                train: [    INFO] - Valid: 86 [   0/104]  Loss: 0.3189 (0.319)  Acc@1: 87.5000 (87.5000)  Acc@5: 100.0000 (100.0000)
2024-11-19 17:23:57,371 -                train: [    INFO] - Valid: 86 [ 104/104]  Loss: 0.2826 (0.300)  Acc@1: 87.5000 (90.0300)  Acc@5: 100.0000 (99.6900)
2024-11-19 17:23:57,399 -                train: [    INFO] - valid_acc 90.030003 - best_valid_acc 90.760003
2024-11-19 17:23:57,913 -                train: [    INFO] - Train: 87 [   0/520]  Loss: 0.6809 (0.681)  Acc@1: 84.3750 (84.3750)  Acc@5: 97.9167 (97.9167)LR: 2.373e-02
2024-11-19 17:24:41,644 -                train: [    INFO] - Train: 87 [ 200/520]  Loss: 0.3655 (0.529)  Acc@1: 92.7083 (87.1113)  Acc@5: 100.0000 (99.5077)LR: 2.373e-02
2024-11-19 17:25:25,485 -                train: [    INFO] - Train: 87 [ 400/520]  Loss: 0.7770 (0.539)  Acc@1: 84.3750 (86.8921)  Acc@5: 100.0000 (99.4623)LR: 2.373e-02
2024-11-19 17:25:51,662 -                train: [    INFO] - Train: 87 [ 520/520]  Loss: 0.6751 (0.543)  Acc@1: 78.7500 (86.8300)  Acc@5: 100.0000 (99.4060)LR: 2.373e-02
2024-11-19 17:25:51,968 -                train: [    INFO] - Valid: 87 [   0/104]  Loss: 0.4459 (0.446)  Acc@1: 81.2500 (81.2500)  Acc@5: 100.0000 (100.0000)
2024-11-19 17:25:57,682 -                train: [    INFO] - Valid: 87 [ 104/104]  Loss: 0.2952 (0.375)  Acc@1: 87.5000 (88.1800)  Acc@5: 100.0000 (99.7500)
2024-11-19 17:25:57,716 -                train: [    INFO] - valid_acc 88.180003 - best_valid_acc 90.760003
2024-11-19 17:25:58,188 -                train: [    INFO] - Train: 88 [   0/520]  Loss: 0.8822 (0.882)  Acc@1: 79.1667 (79.1667)  Acc@5: 95.8333 (95.8333)LR: 2.370e-02
2024-11-19 17:26:41,831 -                train: [    INFO] - Train: 88 [ 200/520]  Loss: 0.3576 (0.521)  Acc@1: 90.6250 (87.4689)  Acc@5: 100.0000 (99.4196)LR: 2.370e-02
2024-11-19 17:27:25,691 -                train: [    INFO] - Train: 88 [ 400/520]  Loss: 0.7882 (0.528)  Acc@1: 81.2500 (87.1675)  Acc@5: 100.0000 (99.4389)LR: 2.370e-02
2024-11-19 17:27:51,918 -                train: [    INFO] - Train: 88 [ 520/520]  Loss: 0.6332 (0.532)  Acc@1: 86.2500 (87.0700)  Acc@5: 97.5000 (99.4400)LR: 2.370e-02
2024-11-19 17:27:52,224 -                train: [    INFO] - Valid: 88 [   0/104]  Loss: 0.3235 (0.323)  Acc@1: 87.5000 (87.5000)  Acc@5: 100.0000 (100.0000)
2024-11-19 17:27:57,893 -                train: [    INFO] - Valid: 88 [ 104/104]  Loss: 0.8088 (0.306)  Acc@1: 75.0000 (89.6400)  Acc@5: 100.0000 (99.6300)
2024-11-19 17:27:57,926 -                train: [    INFO] - valid_acc 89.640002 - best_valid_acc 90.760003
2024-11-19 17:27:58,414 -                train: [    INFO] - Train: 89 [   0/520]  Loss: 0.3384 (0.338)  Acc@1: 94.7917 (94.7917)  Acc@5: 100.0000 (100.0000)LR: 2.367e-02
2024-11-19 17:28:42,217 -                train: [    INFO] - Train: 89 [ 200/520]  Loss: 0.6352 (0.512)  Acc@1: 83.3333 (87.6814)  Acc@5: 100.0000 (99.4818)LR: 2.367e-02
2024-11-19 17:29:26,295 -                train: [    INFO] - Train: 89 [ 400/520]  Loss: 0.5332 (0.512)  Acc@1: 88.5417 (87.6195)  Acc@5: 98.9583 (99.4077)LR: 2.367e-02
2024-11-19 17:29:52,524 -                train: [    INFO] - Train: 89 [ 520/520]  Loss: 0.7493 (0.521)  Acc@1: 80.0000 (87.3840)  Acc@5: 100.0000 (99.4120)LR: 2.367e-02
2024-11-19 17:29:52,865 -                train: [    INFO] - Valid: 89 [   0/104]  Loss: 0.4267 (0.427)  Acc@1: 84.3750 (84.3750)  Acc@5: 100.0000 (100.0000)
2024-11-19 17:29:58,548 -                train: [    INFO] - Valid: 89 [ 104/104]  Loss: 0.7042 (0.311)  Acc@1: 87.5000 (89.7300)  Acc@5: 93.7500 (99.7100)
2024-11-19 17:29:58,580 -                train: [    INFO] - valid_acc 89.730003 - best_valid_acc 90.760003
2024-11-19 17:29:58,991 -                train: [    INFO] - Train: 90 [   0/520]  Loss: 0.5377 (0.538)  Acc@1: 83.3333 (83.3333)  Acc@5: 98.9583 (98.9583)LR: 2.364e-02
2024-11-19 17:30:43,031 -                train: [    INFO] - Train: 90 [ 200/520]  Loss: 0.6215 (0.534)  Acc@1: 85.4167 (87.0284)  Acc@5: 98.9583 (99.4351)LR: 2.364e-02
2024-11-19 17:31:26,769 -                train: [    INFO] - Train: 90 [ 400/520]  Loss: 0.4651 (0.540)  Acc@1: 88.5417 (86.9883)  Acc@5: 98.9583 (99.3973)LR: 2.364e-02
2024-11-19 17:31:52,939 -                train: [    INFO] - Train: 90 [ 520/520]  Loss: 0.8057 (0.540)  Acc@1: 77.5000 (86.9500)  Acc@5: 98.7500 (99.4100)LR: 2.364e-02
2024-11-19 17:31:53,260 -                train: [    INFO] - Valid: 90 [   0/104]  Loss: 0.4783 (0.478)  Acc@1: 84.3750 (84.3750)  Acc@5: 96.8750 (96.8750)
2024-11-19 17:31:58,936 -                train: [    INFO] - Valid: 90 [ 104/104]  Loss: 0.5892 (0.402)  Acc@1: 81.2500 (87.2000)  Acc@5: 100.0000 (99.5400)
2024-11-19 17:31:58,971 -                train: [    INFO] - valid_acc 87.200003 - best_valid_acc 90.760003
2024-11-19 17:31:59,398 -                train: [    INFO] - Train: 91 [   0/520]  Loss: 0.6096 (0.610)  Acc@1: 86.4583 (86.4583)  Acc@5: 100.0000 (100.0000)LR: 2.361e-02
2024-11-19 17:32:43,374 -                train: [    INFO] - Train: 91 [ 200/520]  Loss: 0.5807 (0.519)  Acc@1: 84.3750 (87.5415)  Acc@5: 100.0000 (99.3937)LR: 2.361e-02
2024-11-19 17:33:27,052 -                train: [    INFO] - Train: 91 [ 400/520]  Loss: 0.5727 (0.520)  Acc@1: 82.2917 (87.4117)  Acc@5: 98.9583 (99.4337)LR: 2.361e-02
2024-11-19 17:33:53,278 -                train: [    INFO] - Train: 91 [ 520/520]  Loss: 0.7308 (0.522)  Acc@1: 82.5000 (87.3560)  Acc@5: 98.7500 (99.4340)LR: 2.361e-02
2024-11-19 17:33:53,594 -                train: [    INFO] - Valid: 91 [   0/104]  Loss: 0.3638 (0.364)  Acc@1: 85.4167 (85.4167)  Acc@5: 100.0000 (100.0000)
2024-11-19 17:33:59,258 -                train: [    INFO] - Valid: 91 [ 104/104]  Loss: 0.1600 (0.347)  Acc@1: 93.7500 (88.7300)  Acc@5: 100.0000 (99.6900)
2024-11-19 17:33:59,303 -                train: [    INFO] - valid_acc 88.730002 - best_valid_acc 90.760003
2024-11-19 17:33:59,743 -                train: [    INFO] - Train: 92 [   0/520]  Loss: 0.6404 (0.640)  Acc@1: 84.3750 (84.3750)  Acc@5: 98.9583 (98.9583)LR: 2.358e-02
2024-11-19 17:34:43,574 -                train: [    INFO] - Train: 92 [ 200/520]  Loss: 0.3609 (0.513)  Acc@1: 93.7500 (87.5881)  Acc@5: 100.0000 (99.4818)LR: 2.358e-02
2024-11-19 17:35:27,223 -                train: [    INFO] - Train: 92 [ 400/520]  Loss: 0.4062 (0.528)  Acc@1: 91.6667 (87.1753)  Acc@5: 98.9583 (99.4129)LR: 2.358e-02
2024-11-19 17:35:53,429 -                train: [    INFO] - Train: 92 [ 520/520]  Loss: 0.4883 (0.530)  Acc@1: 83.7500 (87.0720)  Acc@5: 98.7500 (99.4160)LR: 2.358e-02
2024-11-19 17:35:53,760 -                train: [    INFO] - Valid: 92 [   0/104]  Loss: 0.3564 (0.356)  Acc@1: 85.4167 (85.4167)  Acc@5: 100.0000 (100.0000)
2024-11-19 17:35:59,449 -                train: [    INFO] - Valid: 92 [ 104/104]  Loss: 0.7266 (0.386)  Acc@1: 75.0000 (88.0900)  Acc@5: 100.0000 (99.6700)
2024-11-19 17:35:59,494 -                train: [    INFO] - valid_acc 88.090003 - best_valid_acc 90.760003
2024-11-19 17:35:59,936 -                train: [    INFO] - Train: 93 [   0/520]  Loss: 0.4241 (0.424)  Acc@1: 89.5833 (89.5833)  Acc@5: 98.9583 (98.9583)LR: 2.355e-02
2024-11-19 17:36:43,564 -                train: [    INFO] - Train: 93 [ 200/520]  Loss: 0.6286 (0.508)  Acc@1: 85.4167 (87.5985)  Acc@5: 98.9583 (99.4818)LR: 2.355e-02
2024-11-19 17:37:27,250 -                train: [    INFO] - Train: 93 [ 400/520]  Loss: 0.4464 (0.520)  Acc@1: 88.5417 (87.3961)  Acc@5: 100.0000 (99.4181)LR: 2.355e-02
2024-11-19 17:37:53,365 -                train: [    INFO] - Train: 93 [ 520/520]  Loss: 0.8008 (0.527)  Acc@1: 82.5000 (87.1340)  Acc@5: 100.0000 (99.4280)LR: 2.355e-02
2024-11-19 17:37:53,632 -                train: [    INFO] - Valid: 93 [   0/104]  Loss: 0.3216 (0.322)  Acc@1: 90.6250 (90.6250)  Acc@5: 97.9167 (97.9167)
2024-11-19 17:37:59,326 -                train: [    INFO] - Valid: 93 [ 104/104]  Loss: 0.3712 (0.309)  Acc@1: 87.5000 (89.8500)  Acc@5: 100.0000 (99.6400)
2024-11-19 17:37:59,357 -                train: [    INFO] - valid_acc 89.850002 - best_valid_acc 90.760003
2024-11-19 17:37:59,876 -                train: [    INFO] - Train: 94 [   0/520]  Loss: 0.4946 (0.495)  Acc@1: 88.5417 (88.5417)  Acc@5: 100.0000 (100.0000)LR: 2.352e-02
2024-11-19 17:38:43,796 -                train: [    INFO] - Train: 94 [ 200/520]  Loss: 0.6913 (0.521)  Acc@1: 84.3750 (87.2098)  Acc@5: 98.9583 (99.5232)LR: 2.352e-02
2024-11-19 17:39:27,647 -                train: [    INFO] - Train: 94 [ 400/520]  Loss: 0.5007 (0.526)  Acc@1: 84.3750 (87.1311)  Acc@5: 98.9583 (99.4857)LR: 2.352e-02
2024-11-19 17:39:53,887 -                train: [    INFO] - Train: 94 [ 520/520]  Loss: 0.6557 (0.528)  Acc@1: 86.2500 (87.0860)  Acc@5: 100.0000 (99.4640)LR: 2.352e-02
2024-11-19 17:39:54,148 -                train: [    INFO] - Valid: 94 [   0/104]  Loss: 0.5921 (0.592)  Acc@1: 81.2500 (81.2500)  Acc@5: 100.0000 (100.0000)
2024-11-19 17:39:59,819 -                train: [    INFO] - Valid: 94 [ 104/104]  Loss: 0.5310 (0.442)  Acc@1: 81.2500 (85.7900)  Acc@5: 100.0000 (99.4800)
2024-11-19 17:39:59,855 -                train: [    INFO] - valid_acc 85.790002 - best_valid_acc 90.760003
2024-11-19 17:40:00,294 -                train: [    INFO] - Train: 95 [   0/520]  Loss: 0.5012 (0.501)  Acc@1: 88.5417 (88.5417)  Acc@5: 100.0000 (100.0000)LR: 2.349e-02
2024-11-19 17:40:44,006 -                train: [    INFO] - Train: 95 [ 200/520]  Loss: 0.7687 (0.520)  Acc@1: 80.2083 (87.0802)  Acc@5: 97.9167 (99.4403)LR: 2.349e-02
2024-11-19 17:41:27,668 -                train: [    INFO] - Train: 95 [ 400/520]  Loss: 0.3898 (0.521)  Acc@1: 88.5417 (87.1987)  Acc@5: 100.0000 (99.4389)LR: 2.349e-02
2024-11-19 17:41:53,776 -                train: [    INFO] - Train: 95 [ 520/520]  Loss: 0.5984 (0.520)  Acc@1: 88.7500 (87.3000)  Acc@5: 98.7500 (99.4300)LR: 2.349e-02
2024-11-19 17:41:54,189 -                train: [    INFO] - Valid: 95 [   0/104]  Loss: 0.2409 (0.241)  Acc@1: 93.7500 (93.7500)  Acc@5: 100.0000 (100.0000)
2024-11-19 17:41:59,899 -                train: [    INFO] - Valid: 95 [ 104/104]  Loss: 0.4249 (0.346)  Acc@1: 87.5000 (89.2100)  Acc@5: 100.0000 (99.5100)
2024-11-19 17:41:59,936 -                train: [    INFO] - valid_acc 89.210002 - best_valid_acc 90.760003
2024-11-19 17:42:00,431 -                train: [    INFO] - Train: 96 [   0/520]  Loss: 0.4984 (0.498)  Acc@1: 88.5417 (88.5417)  Acc@5: 100.0000 (100.0000)LR: 2.345e-02
2024-11-19 17:42:44,455 -                train: [    INFO] - Train: 96 [ 200/520]  Loss: 0.5130 (0.521)  Acc@1: 85.4167 (87.5622)  Acc@5: 100.0000 (99.3988)LR: 2.345e-02
2024-11-19 17:43:28,264 -                train: [    INFO] - Train: 96 [ 400/520]  Loss: 0.3901 (0.528)  Acc@1: 90.6250 (87.2376)  Acc@5: 100.0000 (99.4129)LR: 2.345e-02
2024-11-19 17:43:54,457 -                train: [    INFO] - Train: 96 [ 520/520]  Loss: 0.6302 (0.529)  Acc@1: 82.5000 (87.1700)  Acc@5: 96.2500 (99.4220)LR: 2.345e-02
2024-11-19 17:43:54,746 -                train: [    INFO] - Valid: 96 [   0/104]  Loss: 0.2456 (0.246)  Acc@1: 94.7917 (94.7917)  Acc@5: 98.9583 (98.9583)
2024-11-19 17:44:00,461 -                train: [    INFO] - Valid: 96 [ 104/104]  Loss: 0.2344 (0.318)  Acc@1: 93.7500 (89.9200)  Acc@5: 100.0000 (99.6600)
2024-11-19 17:44:00,496 -                train: [    INFO] - valid_acc 89.920003 - best_valid_acc 90.760003
2024-11-19 17:44:01,013 -                train: [    INFO] - Train: 97 [   0/520]  Loss: 0.6227 (0.623)  Acc@1: 84.3750 (84.3750)  Acc@5: 96.8750 (96.8750)LR: 2.342e-02
2024-11-19 17:44:44,821 -                train: [    INFO] - Train: 97 [ 200/520]  Loss: 0.4098 (0.536)  Acc@1: 88.5417 (87.1735)  Acc@5: 100.0000 (99.3470)LR: 2.342e-02
2024-11-19 17:45:28,570 -                train: [    INFO] - Train: 97 [ 400/520]  Loss: 0.3370 (0.532)  Acc@1: 89.5833 (87.2169)  Acc@5: 100.0000 (99.3766)LR: 2.342e-02
2024-11-19 17:45:55,268 -                train: [    INFO] - Train: 97 [ 520/520]  Loss: 0.4383 (0.536)  Acc@1: 87.5000 (87.1200)  Acc@5: 100.0000 (99.3760)LR: 2.342e-02
2024-11-19 17:45:55,552 -                train: [    INFO] - Valid: 97 [   0/104]  Loss: 0.3000 (0.300)  Acc@1: 91.6667 (91.6667)  Acc@5: 100.0000 (100.0000)
2024-11-19 17:46:01,287 -                train: [    INFO] - Valid: 97 [ 104/104]  Loss: 0.4863 (0.328)  Acc@1: 87.5000 (89.5100)  Acc@5: 100.0000 (99.5900)
2024-11-19 17:46:01,327 -                train: [    INFO] - valid_acc 89.510002 - best_valid_acc 90.760003
2024-11-19 17:46:01,904 -                train: [    INFO] - Train: 98 [   0/520]  Loss: 0.4689 (0.469)  Acc@1: 88.5417 (88.5417)  Acc@5: 100.0000 (100.0000)LR: 2.339e-02
2024-11-19 17:46:45,627 -                train: [    INFO] - Train: 98 [ 200/520]  Loss: 0.5045 (0.512)  Acc@1: 87.5000 (87.7073)  Acc@5: 100.0000 (99.4973)LR: 2.339e-02
2024-11-19 17:47:29,283 -                train: [    INFO] - Train: 98 [ 400/520]  Loss: 0.5149 (0.521)  Acc@1: 88.5417 (87.4039)  Acc@5: 100.0000 (99.4935)LR: 2.339e-02
2024-11-19 17:47:55,591 -                train: [    INFO] - Train: 98 [ 520/520]  Loss: 0.4638 (0.519)  Acc@1: 88.7500 (87.4120)  Acc@5: 100.0000 (99.4940)LR: 2.339e-02
2024-11-19 17:47:55,840 -                train: [    INFO] - Valid: 98 [   0/104]  Loss: 0.3840 (0.384)  Acc@1: 88.5417 (88.5417)  Acc@5: 100.0000 (100.0000)
2024-11-19 17:48:01,518 -                train: [    INFO] - Valid: 98 [ 104/104]  Loss: 0.1751 (0.293)  Acc@1: 87.5000 (90.4100)  Acc@5: 100.0000 (99.6400)
2024-11-19 17:48:01,567 -                train: [    INFO] - valid_acc 90.410003 - best_valid_acc 90.760003
2024-11-19 17:48:02,102 -                train: [    INFO] - Train: 99 [   0/520]  Loss: 0.5114 (0.511)  Acc@1: 90.6250 (90.6250)  Acc@5: 100.0000 (100.0000)LR: 2.336e-02
2024-11-19 17:48:45,636 -                train: [    INFO] - Train: 99 [ 200/520]  Loss: 0.4311 (0.492)  Acc@1: 90.6250 (87.9509)  Acc@5: 100.0000 (99.5647)LR: 2.336e-02
2024-11-19 17:49:29,378 -                train: [    INFO] - Train: 99 [ 400/520]  Loss: 0.3655 (0.512)  Acc@1: 91.6667 (87.4662)  Acc@5: 100.0000 (99.4597)LR: 2.336e-02
2024-11-19 17:49:55,584 -                train: [    INFO] - Train: 99 [ 520/520]  Loss: 0.5000 (0.519)  Acc@1: 87.5000 (87.2860)  Acc@5: 98.7500 (99.4680)LR: 2.336e-02
2024-11-19 17:49:55,889 -                train: [    INFO] - Valid: 99 [   0/104]  Loss: 0.2906 (0.291)  Acc@1: 87.5000 (87.5000)  Acc@5: 100.0000 (100.0000)
2024-11-19 17:50:01,557 -                train: [    INFO] - Valid: 99 [ 104/104]  Loss: 0.3064 (0.411)  Acc@1: 81.2500 (86.7400)  Acc@5: 100.0000 (99.3600)
2024-11-19 17:50:01,594 -                train: [    INFO] - valid_acc 86.740003 - best_valid_acc 90.760003
2024-11-19 17:50:02,020 -                train: [    INFO] - Train: 100 [   0/520]  Loss: 0.4763 (0.476)  Acc@1: 90.6250 (90.6250)  Acc@5: 100.0000 (100.0000)LR: 2.333e-02
2024-11-19 17:50:46,253 -                train: [    INFO] - Train: 100 [ 200/520]  Loss: 0.4006 (0.511)  Acc@1: 92.7083 (87.7747)  Acc@5: 100.0000 (99.5336)LR: 2.333e-02
2024-11-19 17:51:29,787 -                train: [    INFO] - Train: 100 [ 400/520]  Loss: 0.3539 (0.517)  Acc@1: 94.7917 (87.5753)  Acc@5: 100.0000 (99.4935)LR: 2.333e-02
2024-11-19 17:51:55,808 -                train: [    INFO] - Train: 100 [ 520/520]  Loss: 0.3910 (0.520)  Acc@1: 92.5000 (87.4660)  Acc@5: 100.0000 (99.4860)LR: 2.333e-02
2024-11-19 17:51:56,102 -                train: [    INFO] - Valid: 100 [   0/104]  Loss: 0.2845 (0.285)  Acc@1: 89.5833 (89.5833)  Acc@5: 100.0000 (100.0000)
2024-11-19 17:52:01,768 -                train: [    INFO] - Valid: 100 [ 104/104]  Loss: 0.1408 (0.296)  Acc@1: 93.7500 (90.0200)  Acc@5: 100.0000 (99.6600)
2024-11-19 17:52:01,849 -                train: [    INFO] - valid_acc 90.020002 - best_valid_acc 90.760003
2024-11-19 17:52:02,407 -                train: [    INFO] - Train: 101 [   0/520]  Loss: 0.5720 (0.572)  Acc@1: 84.3750 (84.3750)  Acc@5: 98.9583 (98.9583)LR: 2.329e-02
2024-11-19 17:52:46,057 -                train: [    INFO] - Train: 101 [ 200/520]  Loss: 0.4664 (0.508)  Acc@1: 87.5000 (87.6969)  Acc@5: 100.0000 (99.4869)LR: 2.329e-02
2024-11-19 17:53:29,902 -                train: [    INFO] - Train: 101 [ 400/520]  Loss: 0.7424 (0.520)  Acc@1: 78.1250 (87.3831)  Acc@5: 100.0000 (99.4805)LR: 2.329e-02
2024-11-19 17:53:56,234 -                train: [    INFO] - Train: 101 [ 520/520]  Loss: 0.4393 (0.516)  Acc@1: 88.7500 (87.4420)  Acc@5: 100.0000 (99.4900)LR: 2.329e-02
2024-11-19 17:53:59,469 -                train: [    INFO] - Valid: 101 [   0/104]  Loss: 0.3240 (0.324)  Acc@1: 88.5417 (88.5417)  Acc@5: 97.9167 (97.9167)
2024-11-19 17:54:05,141 -                train: [    INFO] - Valid: 101 [ 104/104]  Loss: 0.1868 (0.340)  Acc@1: 93.7500 (89.2800)  Acc@5: 100.0000 (99.5600)
2024-11-19 17:54:05,182 -                train: [    INFO] - valid_acc 89.280002 - best_valid_acc 90.760003
2024-11-19 17:54:05,688 -                train: [    INFO] - Train: 102 [   0/520]  Loss: 0.3170 (0.317)  Acc@1: 89.5833 (89.5833)  Acc@5: 100.0000 (100.0000)LR: 2.326e-02
2024-11-19 17:54:49,321 -                train: [    INFO] - Train: 102 [ 200/520]  Loss: 0.6650 (0.536)  Acc@1: 82.2917 (86.9507)  Acc@5: 98.9583 (99.2589)LR: 2.326e-02
2024-11-19 17:55:33,165 -                train: [    INFO] - Train: 102 [ 400/520]  Loss: 0.4696 (0.529)  Acc@1: 87.5000 (87.0974)  Acc@5: 100.0000 (99.3584)LR: 2.326e-02
2024-11-19 17:55:59,772 -                train: [    INFO] - Train: 102 [ 520/520]  Loss: 0.5513 (0.528)  Acc@1: 82.5000 (87.1260)  Acc@5: 98.7500 (99.3560)LR: 2.326e-02
2024-11-19 17:56:00,055 -                train: [    INFO] - Valid: 102 [   0/104]  Loss: 0.3735 (0.373)  Acc@1: 87.5000 (87.5000)  Acc@5: 98.9583 (98.9583)
2024-11-19 17:56:05,814 -                train: [    INFO] - Valid: 102 [ 104/104]  Loss: 0.03253 (0.334)  Acc@1: 100.0000 (89.2500)  Acc@5: 100.0000 (99.6200)
2024-11-19 17:56:05,857 -                train: [    INFO] - valid_acc 89.250003 - best_valid_acc 90.760003
2024-11-19 17:56:06,304 -                train: [    INFO] - Train: 103 [   0/520]  Loss: 0.6587 (0.659)  Acc@1: 82.2917 (82.2917)  Acc@5: 98.9583 (98.9583)LR: 2.323e-02
2024-11-19 17:56:50,615 -                train: [    INFO] - Train: 103 [ 200/520]  Loss: 0.4406 (0.508)  Acc@1: 90.6250 (87.6710)  Acc@5: 98.9583 (99.5284)LR: 2.323e-02
2024-11-19 17:57:34,705 -                train: [    INFO] - Train: 103 [ 400/520]  Loss: 0.5137 (0.514)  Acc@1: 87.5000 (87.6377)  Acc@5: 98.9583 (99.4623)LR: 2.323e-02
2024-11-19 17:58:01,134 -                train: [    INFO] - Train: 103 [ 520/520]  Loss: 0.5708 (0.517)  Acc@1: 90.0000 (87.4960)  Acc@5: 98.7500 (99.4640)LR: 2.323e-02
2024-11-19 17:58:01,465 -                train: [    INFO] - Valid: 103 [   0/104]  Loss: 0.3038 (0.304)  Acc@1: 88.5417 (88.5417)  Acc@5: 100.0000 (100.0000)
2024-11-19 17:58:07,137 -                train: [    INFO] - Valid: 103 [ 104/104]  Loss: 0.5469 (0.277)  Acc@1: 87.5000 (91.0700)  Acc@5: 100.0000 (99.7300)
2024-11-19 17:58:07,650 -                train: [    INFO] - valid_acc 91.070002 - best_valid_acc 91.070002
2024-11-19 17:58:08,250 -                train: [    INFO] - Train: 104 [   0/520]  Loss: 0.4603 (0.460)  Acc@1: 90.6250 (90.6250)  Acc@5: 98.9583 (98.9583)LR: 2.319e-02
2024-11-19 17:58:53,258 -                train: [    INFO] - Train: 104 [ 200/520]  Loss: 0.6639 (0.507)  Acc@1: 82.2917 (87.6969)  Acc@5: 100.0000 (99.4403)LR: 2.319e-02
2024-11-19 17:59:38,913 -                train: [    INFO] - Train: 104 [ 400/520]  Loss: 0.3998 (0.511)  Acc@1: 89.5833 (87.5312)  Acc@5: 100.0000 (99.4493)LR: 2.319e-02
2024-11-19 18:00:06,199 -                train: [    INFO] - Train: 104 [ 520/520]  Loss: 0.3452 (0.515)  Acc@1: 93.7500 (87.5060)  Acc@5: 98.7500 (99.4720)LR: 2.319e-02
2024-11-19 18:00:06,522 -                train: [    INFO] - Valid: 104 [   0/104]  Loss: 0.3231 (0.323)  Acc@1: 86.4583 (86.4583)  Acc@5: 100.0000 (100.0000)
2024-11-19 18:00:12,199 -                train: [    INFO] - Valid: 104 [ 104/104]  Loss: 0.3528 (0.291)  Acc@1: 93.7500 (90.2400)  Acc@5: 100.0000 (99.6800)
2024-11-19 18:00:12,244 -                train: [    INFO] - valid_acc 90.240002 - best_valid_acc 91.070002
2024-11-19 18:00:12,710 -                train: [    INFO] - Train: 105 [   0/520]  Loss: 0.3850 (0.385)  Acc@1: 91.6667 (91.6667)  Acc@5: 100.0000 (100.0000)LR: 2.316e-02
2024-11-19 18:00:56,878 -                train: [    INFO] - Train: 105 [ 200/520]  Loss: 0.5779 (0.503)  Acc@1: 88.5417 (87.9768)  Acc@5: 100.0000 (99.5388)LR: 2.316e-02
2024-11-19 18:01:40,761 -                train: [    INFO] - Train: 105 [ 400/520]  Loss: 0.6563 (0.507)  Acc@1: 82.2917 (87.8377)  Acc@5: 97.9167 (99.4883)LR: 2.316e-02
2024-11-19 18:02:07,133 -                train: [    INFO] - Train: 105 [ 520/520]  Loss: 0.5831 (0.514)  Acc@1: 81.2500 (87.6380)  Acc@5: 100.0000 (99.4860)LR: 2.316e-02
2024-11-19 18:02:07,442 -                train: [    INFO] - Valid: 105 [   0/104]  Loss: 0.3421 (0.342)  Acc@1: 85.4167 (85.4167)  Acc@5: 100.0000 (100.0000)
2024-11-19 18:02:13,148 -                train: [    INFO] - Valid: 105 [ 104/104]  Loss: 0.4398 (0.288)  Acc@1: 87.5000 (90.2500)  Acc@5: 100.0000 (99.7900)
2024-11-19 18:02:13,197 -                train: [    INFO] - valid_acc 90.250003 - best_valid_acc 91.070002
2024-11-19 18:02:13,686 -                train: [    INFO] - Train: 106 [   0/520]  Loss: 0.4953 (0.495)  Acc@1: 86.4583 (86.4583)  Acc@5: 100.0000 (100.0000)LR: 2.312e-02
2024-11-19 18:02:58,686 -                train: [    INFO] - Train: 106 [ 200/520]  Loss: 0.7010 (0.509)  Acc@1: 80.2083 (87.7021)  Acc@5: 98.9583 (99.5750)LR: 2.312e-02
2024-11-19 18:03:43,066 -                train: [    INFO] - Train: 106 [ 400/520]  Loss: 0.7533 (0.512)  Acc@1: 81.2500 (87.5935)  Acc@5: 100.0000 (99.5194)LR: 2.312e-02
2024-11-19 18:04:09,343 -                train: [    INFO] - Train: 106 [ 520/520]  Loss: 0.6140 (0.511)  Acc@1: 85.0000 (87.6500)  Acc@5: 98.7500 (99.4900)LR: 2.312e-02
2024-11-19 18:04:09,632 -                train: [    INFO] - Valid: 106 [   0/104]  Loss: 0.6061 (0.606)  Acc@1: 84.3750 (84.3750)  Acc@5: 98.9583 (98.9583)
2024-11-19 18:04:15,327 -                train: [    INFO] - Valid: 106 [ 104/104]  Loss: 0.3517 (0.398)  Acc@1: 81.2500 (88.0300)  Acc@5: 100.0000 (99.4000)
2024-11-19 18:04:15,391 -                train: [    INFO] - valid_acc 88.030003 - best_valid_acc 91.070002
2024-11-19 18:04:15,873 -                train: [    INFO] - Train: 107 [   0/520]  Loss: 0.7522 (0.752)  Acc@1: 80.2083 (80.2083)  Acc@5: 100.0000 (100.0000)LR: 2.309e-02
2024-11-19 18:04:59,692 -                train: [    INFO] - Train: 107 [ 200/520]  Loss: 0.3855 (0.511)  Acc@1: 92.7083 (87.6814)  Acc@5: 100.0000 (99.4869)LR: 2.309e-02
2024-11-19 18:05:43,311 -                train: [    INFO] - Train: 107 [ 400/520]  Loss: 0.4795 (0.521)  Acc@1: 91.6667 (87.3493)  Acc@5: 100.0000 (99.4363)LR: 2.309e-02
2024-11-19 18:06:09,603 -                train: [    INFO] - Train: 107 [ 520/520]  Loss: 0.4288 (0.522)  Acc@1: 90.0000 (87.3200)  Acc@5: 100.0000 (99.4260)LR: 2.309e-02
2024-11-19 18:06:09,871 -                train: [    INFO] - Valid: 107 [   0/104]  Loss: 0.3278 (0.328)  Acc@1: 91.6667 (91.6667)  Acc@5: 100.0000 (100.0000)
2024-11-19 18:06:15,566 -                train: [    INFO] - Valid: 107 [ 104/104]  Loss: 0.4328 (0.307)  Acc@1: 81.2500 (89.9100)  Acc@5: 100.0000 (99.6600)
2024-11-19 18:06:15,615 -                train: [    INFO] - valid_acc 89.910002 - best_valid_acc 91.070002
2024-11-19 18:06:16,122 -                train: [    INFO] - Train: 108 [   0/520]  Loss: 0.7531 (0.753)  Acc@1: 79.1667 (79.1667)  Acc@5: 98.9583 (98.9583)LR: 2.305e-02
2024-11-19 18:07:00,289 -                train: [    INFO] - Train: 108 [ 200/520]  Loss: 0.5988 (0.491)  Acc@1: 85.4167 (88.2152)  Acc@5: 97.9167 (99.4248)LR: 2.305e-02
2024-11-19 18:07:43,799 -                train: [    INFO] - Train: 108 [ 400/520]  Loss: 0.5239 (0.504)  Acc@1: 88.5417 (87.8715)  Acc@5: 98.9583 (99.4753)LR: 2.305e-02
2024-11-19 18:08:10,085 -                train: [    INFO] - Train: 108 [ 520/520]  Loss: 0.4032 (0.510)  Acc@1: 90.0000 (87.6920)  Acc@5: 100.0000 (99.4720)LR: 2.305e-02
2024-11-19 18:08:10,394 -                train: [    INFO] - Valid: 108 [   0/104]  Loss: 0.4146 (0.415)  Acc@1: 83.3333 (83.3333)  Acc@5: 100.0000 (100.0000)
2024-11-19 18:08:16,078 -                train: [    INFO] - Valid: 108 [ 104/104]  Loss: 0.6497 (0.348)  Acc@1: 75.0000 (88.7800)  Acc@5: 100.0000 (99.5600)
2024-11-19 18:08:16,110 -                train: [    INFO] - valid_acc 88.780002 - best_valid_acc 91.070002
2024-11-19 18:08:16,551 -                train: [    INFO] - Train: 109 [   0/520]  Loss: 0.5361 (0.536)  Acc@1: 84.3750 (84.3750)  Acc@5: 100.0000 (100.0000)LR: 2.302e-02
2024-11-19 18:09:00,192 -                train: [    INFO] - Train: 109 [ 200/520]  Loss: 0.4897 (0.508)  Acc@1: 89.5833 (87.6503)  Acc@5: 100.0000 (99.4973)LR: 2.302e-02
2024-11-19 18:09:44,327 -                train: [    INFO] - Train: 109 [ 400/520]  Loss: 0.6134 (0.513)  Acc@1: 85.4167 (87.5753)  Acc@5: 100.0000 (99.4909)LR: 2.302e-02
2024-11-19 18:10:10,448 -                train: [    INFO] - Train: 109 [ 520/520]  Loss: 0.5175 (0.515)  Acc@1: 85.0000 (87.4680)  Acc@5: 100.0000 (99.4860)LR: 2.302e-02
2024-11-19 18:10:10,726 -                train: [    INFO] - Valid: 109 [   0/104]  Loss: 0.2432 (0.243)  Acc@1: 89.5833 (89.5833)  Acc@5: 100.0000 (100.0000)
2024-11-19 18:10:16,386 -                train: [    INFO] - Valid: 109 [ 104/104]  Loss: 0.3194 (0.280)  Acc@1: 87.5000 (90.7400)  Acc@5: 100.0000 (99.7000)
2024-11-19 18:10:16,417 -                train: [    INFO] - valid_acc 90.740002 - best_valid_acc 91.070002
2024-11-19 18:10:16,859 -                train: [    INFO] - Train: 110 [   0/520]  Loss: 0.2579 (0.258)  Acc@1: 94.7917 (94.7917)  Acc@5: 100.0000 (100.0000)LR: 2.298e-02
2024-11-19 18:11:00,497 -                train: [    INFO] - Train: 110 [ 200/520]  Loss: 0.4823 (0.491)  Acc@1: 88.5417 (87.8783)  Acc@5: 98.9583 (99.5388)LR: 2.298e-02
2024-11-19 18:11:44,337 -                train: [    INFO] - Train: 110 [ 400/520]  Loss: 0.3442 (0.499)  Acc@1: 93.7500 (87.7468)  Acc@5: 100.0000 (99.5116)LR: 2.298e-02
2024-11-19 18:12:10,398 -                train: [    INFO] - Train: 110 [ 520/520]  Loss: 0.4565 (0.508)  Acc@1: 90.0000 (87.5340)  Acc@5: 100.0000 (99.4940)LR: 2.298e-02
2024-11-19 18:12:10,667 -                train: [    INFO] - Valid: 110 [   0/104]  Loss: 0.4043 (0.404)  Acc@1: 86.4583 (86.4583)  Acc@5: 98.9583 (98.9583)
2024-11-19 18:12:16,338 -                train: [    INFO] - Valid: 110 [ 104/104]  Loss: 0.2280 (0.330)  Acc@1: 87.5000 (89.1900)  Acc@5: 100.0000 (99.5200)
2024-11-19 18:12:16,370 -                train: [    INFO] - valid_acc 89.190002 - best_valid_acc 91.070002
2024-11-19 18:12:16,779 -                train: [    INFO] - Train: 111 [   0/520]  Loss: 0.3940 (0.394)  Acc@1: 92.7083 (92.7083)  Acc@5: 100.0000 (100.0000)LR: 2.295e-02
2024-11-19 18:13:00,541 -                train: [    INFO] - Train: 111 [ 200/520]  Loss: 0.4874 (0.504)  Acc@1: 90.6250 (87.9353)  Acc@5: 100.0000 (99.4455)LR: 2.295e-02
2024-11-19 18:13:44,405 -                train: [    INFO] - Train: 111 [ 400/520]  Loss: 0.4094 (0.508)  Acc@1: 91.6667 (87.7026)  Acc@5: 100.0000 (99.4519)LR: 2.295e-02
2024-11-19 18:14:10,596 -                train: [    INFO] - Train: 111 [ 520/520]  Loss: 0.4141 (0.505)  Acc@1: 90.0000 (87.7580)  Acc@5: 98.7500 (99.4600)LR: 2.295e-02
2024-11-19 18:14:10,876 -                train: [    INFO] - Valid: 111 [   0/104]  Loss: 0.3234 (0.323)  Acc@1: 90.6250 (90.6250)  Acc@5: 97.9167 (97.9167)
2024-11-19 18:14:16,568 -                train: [    INFO] - Valid: 111 [ 104/104]  Loss: 0.2793 (0.318)  Acc@1: 87.5000 (89.6900)  Acc@5: 100.0000 (99.6000)
2024-11-19 18:14:16,618 -                train: [    INFO] - valid_acc 89.690003 - best_valid_acc 91.070002
2024-11-19 18:14:17,047 -                train: [    INFO] - Train: 112 [   0/520]  Loss: 0.3884 (0.388)  Acc@1: 90.6250 (90.6250)  Acc@5: 98.9583 (98.9583)LR: 2.291e-02
2024-11-19 18:15:00,734 -                train: [    INFO] - Train: 112 [ 200/520]  Loss: 0.4708 (0.500)  Acc@1: 89.5833 (87.8680)  Acc@5: 100.0000 (99.5439)LR: 2.291e-02
2024-11-19 18:15:44,371 -                train: [    INFO] - Train: 112 [ 400/520]  Loss: 0.4838 (0.509)  Acc@1: 90.6250 (87.6429)  Acc@5: 100.0000 (99.5012)LR: 2.291e-02
2024-11-19 18:16:10,621 -                train: [    INFO] - Train: 112 [ 520/520]  Loss: 0.6346 (0.511)  Acc@1: 90.0000 (87.5820)  Acc@5: 98.7500 (99.4920)LR: 2.291e-02
2024-11-19 18:16:10,927 -                train: [    INFO] - Valid: 112 [   0/104]  Loss: 0.2426 (0.243)  Acc@1: 89.5833 (89.5833)  Acc@5: 98.9583 (98.9583)
2024-11-19 18:16:16,593 -                train: [    INFO] - Valid: 112 [ 104/104]  Loss: 0.5372 (0.325)  Acc@1: 75.0000 (89.6300)  Acc@5: 100.0000 (99.4600)
2024-11-19 18:16:16,626 -                train: [    INFO] - valid_acc 89.630002 - best_valid_acc 91.070002
2024-11-19 18:16:17,017 -                train: [    INFO] - Train: 113 [   0/520]  Loss: 0.3652 (0.365)  Acc@1: 90.6250 (90.6250)  Acc@5: 100.0000 (100.0000)LR: 2.288e-02
2024-11-19 18:17:00,605 -                train: [    INFO] - Train: 113 [ 200/520]  Loss: 0.6524 (0.489)  Acc@1: 86.4583 (88.0286)  Acc@5: 97.9167 (99.4610)LR: 2.288e-02
2024-11-19 18:17:44,502 -                train: [    INFO] - Train: 113 [ 400/520]  Loss: 0.6264 (0.505)  Acc@1: 87.5000 (87.7650)  Acc@5: 98.9583 (99.4649)LR: 2.288e-02
2024-11-19 18:18:10,733 -                train: [    INFO] - Train: 113 [ 520/520]  Loss: 0.5248 (0.508)  Acc@1: 87.5000 (87.6960)  Acc@5: 100.0000 (99.4620)LR: 2.288e-02
2024-11-19 18:18:11,026 -                train: [    INFO] - Valid: 113 [   0/104]  Loss: 0.2791 (0.279)  Acc@1: 89.5833 (89.5833)  Acc@5: 98.9583 (98.9583)
2024-11-19 18:18:16,708 -                train: [    INFO] - Valid: 113 [ 104/104]  Loss: 0.2329 (0.286)  Acc@1: 87.5000 (90.6900)  Acc@5: 100.0000 (99.6200)
2024-11-19 18:18:16,772 -                train: [    INFO] - valid_acc 90.690003 - best_valid_acc 91.070002
2024-11-19 18:18:17,164 -                train: [    INFO] - Train: 114 [   0/520]  Loss: 0.3615 (0.361)  Acc@1: 89.5833 (89.5833)  Acc@5: 100.0000 (100.0000)LR: 2.284e-02
2024-11-19 18:19:00,726 -                train: [    INFO] - Train: 114 [ 200/520]  Loss: 0.3530 (0.501)  Acc@1: 91.6667 (87.6918)  Acc@5: 100.0000 (99.4714)LR: 2.284e-02
2024-11-19 18:19:44,592 -                train: [    INFO] - Train: 114 [ 400/520]  Loss: 0.4129 (0.504)  Acc@1: 87.5000 (87.6637)  Acc@5: 100.0000 (99.4727)LR: 2.284e-02
2024-11-19 18:20:10,783 -                train: [    INFO] - Train: 114 [ 520/520]  Loss: 0.6500 (0.508)  Acc@1: 83.7500 (87.5840)  Acc@5: 98.7500 (99.4760)LR: 2.284e-02
2024-11-19 18:20:11,026 -                train: [    INFO] - Valid: 114 [   0/104]  Loss: 0.2564 (0.256)  Acc@1: 90.6250 (90.6250)  Acc@5: 100.0000 (100.0000)
2024-11-19 18:20:16,689 -                train: [    INFO] - Valid: 114 [ 104/104]  Loss: 0.2455 (0.343)  Acc@1: 93.7500 (89.2400)  Acc@5: 100.0000 (99.3600)
2024-11-19 18:20:16,723 -                train: [    INFO] - valid_acc 89.240003 - best_valid_acc 91.070002
2024-11-19 18:20:17,166 -                train: [    INFO] - Train: 115 [   0/520]  Loss: 0.3720 (0.372)  Acc@1: 93.7500 (93.7500)  Acc@5: 100.0000 (100.0000)LR: 2.280e-02
2024-11-19 18:21:01,941 -                train: [    INFO] - Train: 115 [ 200/520]  Loss: 0.4799 (0.506)  Acc@1: 90.6250 (87.7436)  Acc@5: 100.0000 (99.3937)LR: 2.280e-02
2024-11-19 18:21:46,606 -                train: [    INFO] - Train: 115 [ 400/520]  Loss: 0.4905 (0.508)  Acc@1: 86.4583 (87.6403)  Acc@5: 98.9583 (99.4363)LR: 2.280e-02
2024-11-19 18:22:13,065 -                train: [    INFO] - Train: 115 [ 520/520]  Loss: 0.4391 (0.506)  Acc@1: 88.7500 (87.7080)  Acc@5: 98.7500 (99.4460)LR: 2.280e-02
2024-11-19 18:22:13,328 -                train: [    INFO] - Valid: 115 [   0/104]  Loss: 0.4153 (0.415)  Acc@1: 90.6250 (90.6250)  Acc@5: 98.9583 (98.9583)
2024-11-19 18:22:19,000 -                train: [    INFO] - Valid: 115 [ 104/104]  Loss: 0.3060 (0.341)  Acc@1: 87.5000 (89.0400)  Acc@5: 100.0000 (99.6700)
2024-11-19 18:22:19,031 -                train: [    INFO] - valid_acc 89.040003 - best_valid_acc 91.070002
2024-11-19 18:22:19,417 -                train: [    INFO] - Train: 116 [   0/520]  Loss: 0.5359 (0.536)  Acc@1: 87.5000 (87.5000)  Acc@5: 97.9167 (97.9167)LR: 2.276e-02
2024-11-19 18:23:03,024 -                train: [    INFO] - Train: 116 [ 200/520]  Loss: 0.4881 (0.499)  Acc@1: 87.5000 (87.7073)  Acc@5: 100.0000 (99.5025)LR: 2.276e-02
2024-11-19 18:23:46,657 -                train: [    INFO] - Train: 116 [ 400/520]  Loss: 0.3257 (0.515)  Acc@1: 94.7917 (87.3234)  Acc@5: 98.9583 (99.4701)LR: 2.276e-02
2024-11-19 18:24:12,811 -                train: [    INFO] - Train: 116 [ 520/520]  Loss: 0.5759 (0.513)  Acc@1: 86.2500 (87.4220)  Acc@5: 100.0000 (99.4840)LR: 2.276e-02
2024-11-19 18:24:13,086 -                train: [    INFO] - Valid: 116 [   0/104]  Loss: 0.2951 (0.295)  Acc@1: 88.5417 (88.5417)  Acc@5: 100.0000 (100.0000)
2024-11-19 18:24:18,793 -                train: [    INFO] - Valid: 116 [ 104/104]  Loss: 0.3624 (0.319)  Acc@1: 93.7500 (89.2700)  Acc@5: 100.0000 (99.6100)
2024-11-19 18:24:18,844 -                train: [    INFO] - valid_acc 89.270003 - best_valid_acc 91.070002
2024-11-19 18:24:19,317 -                train: [    INFO] - Train: 117 [   0/520]  Loss: 0.5633 (0.563)  Acc@1: 87.5000 (87.5000)  Acc@5: 97.9167 (97.9167)LR: 2.273e-02
2024-11-19 18:25:03,291 -                train: [    INFO] - Train: 117 [ 200/520]  Loss: 0.4521 (0.484)  Acc@1: 88.5417 (88.0027)  Acc@5: 100.0000 (99.5388)LR: 2.273e-02
2024-11-19 18:25:46,766 -                train: [    INFO] - Train: 117 [ 400/520]  Loss: 0.5707 (0.492)  Acc@1: 83.3333 (87.8948)  Acc@5: 100.0000 (99.5168)LR: 2.273e-02
2024-11-19 18:26:12,860 -                train: [    INFO] - Train: 117 [ 520/520]  Loss: 0.6301 (0.493)  Acc@1: 87.5000 (87.9440)  Acc@5: 98.7500 (99.5000)LR: 2.273e-02
2024-11-19 18:26:13,142 -                train: [    INFO] - Valid: 117 [   0/104]  Loss: 0.3164 (0.316)  Acc@1: 88.5417 (88.5417)  Acc@5: 100.0000 (100.0000)
2024-11-19 18:26:18,812 -                train: [    INFO] - Valid: 117 [ 104/104]  Loss: 0.5633 (0.334)  Acc@1: 87.5000 (89.3100)  Acc@5: 93.7500 (99.7300)
2024-11-19 18:26:18,876 -                train: [    INFO] - valid_acc 89.310003 - best_valid_acc 91.070002
2024-11-19 18:26:19,340 -                train: [    INFO] - Train: 118 [   0/520]  Loss: 0.4171 (0.417)  Acc@1: 90.6250 (90.6250)  Acc@5: 100.0000 (100.0000)LR: 2.269e-02
2024-11-19 18:27:03,496 -                train: [    INFO] - Train: 118 [ 200/520]  Loss: 0.4274 (0.489)  Acc@1: 89.5833 (87.8731)  Acc@5: 100.0000 (99.5232)LR: 2.269e-02
2024-11-19 18:27:47,281 -                train: [    INFO] - Train: 118 [ 400/520]  Loss: 0.6301 (0.495)  Acc@1: 86.4583 (87.8065)  Acc@5: 100.0000 (99.5480)LR: 2.269e-02
2024-11-19 18:28:13,514 -                train: [    INFO] - Train: 118 [ 520/520]  Loss: 0.2671 (0.499)  Acc@1: 92.5000 (87.7520)  Acc@5: 100.0000 (99.5000)LR: 2.269e-02
2024-11-19 18:28:13,867 -                train: [    INFO] - Valid: 118 [   0/104]  Loss: 0.4925 (0.492)  Acc@1: 86.4583 (86.4583)  Acc@5: 100.0000 (100.0000)
2024-11-19 18:28:19,529 -                train: [    INFO] - Valid: 118 [ 104/104]  Loss: 0.2205 (0.311)  Acc@1: 93.7500 (89.7500)  Acc@5: 100.0000 (99.7300)
2024-11-19 18:28:19,560 -                train: [    INFO] - valid_acc 89.750003 - best_valid_acc 91.070002
2024-11-19 18:28:19,999 -                train: [    INFO] - Train: 119 [   0/520]  Loss: 0.3762 (0.376)  Acc@1: 89.5833 (89.5833)  Acc@5: 100.0000 (100.0000)LR: 2.265e-02
2024-11-19 18:29:03,730 -                train: [    INFO] - Train: 119 [ 200/520]  Loss: 0.3021 (0.488)  Acc@1: 91.6667 (88.1530)  Acc@5: 100.0000 (99.5854)LR: 2.265e-02
2024-11-19 18:29:47,401 -                train: [    INFO] - Train: 119 [ 400/520]  Loss: 0.3777 (0.503)  Acc@1: 88.5417 (87.8689)  Acc@5: 100.0000 (99.5324)LR: 2.265e-02
2024-11-19 18:30:13,370 -                train: [    INFO] - Train: 119 [ 520/520]  Loss: 0.5821 (0.504)  Acc@1: 86.2500 (87.8020)  Acc@5: 100.0000 (99.5100)LR: 2.265e-02
2024-11-19 18:30:13,670 -                train: [    INFO] - Valid: 119 [   0/104]  Loss: 0.5528 (0.553)  Acc@1: 84.3750 (84.3750)  Acc@5: 98.9583 (98.9583)
2024-11-19 18:30:19,333 -                train: [    INFO] - Valid: 119 [ 104/104]  Loss: 0.6144 (0.344)  Acc@1: 81.2500 (88.7300)  Acc@5: 100.0000 (99.6700)
2024-11-19 18:30:19,380 -                train: [    INFO] - valid_acc 88.730003 - best_valid_acc 91.070002
2024-11-19 18:30:19,823 -                train: [    INFO] - Train: 120 [   0/520]  Loss: 0.5660 (0.566)  Acc@1: 87.5000 (87.5000)  Acc@5: 100.0000 (100.0000)LR: 2.261e-02
2024-11-19 18:31:03,553 -                train: [    INFO] - Train: 120 [ 200/520]  Loss: 0.6065 (0.509)  Acc@1: 88.5417 (87.6969)  Acc@5: 100.0000 (99.4921)LR: 2.261e-02
2024-11-19 18:31:47,031 -                train: [    INFO] - Train: 120 [ 400/520]  Loss: 0.4779 (0.503)  Acc@1: 87.5000 (87.7494)  Acc@5: 100.0000 (99.4857)LR: 2.261e-02
2024-11-19 18:32:13,269 -                train: [    INFO] - Train: 120 [ 520/520]  Loss: 0.3952 (0.506)  Acc@1: 91.2500 (87.7060)  Acc@5: 100.0000 (99.4840)LR: 2.261e-02
2024-11-19 18:32:13,576 -                train: [    INFO] - Valid: 120 [   0/104]  Loss: 0.2799 (0.280)  Acc@1: 88.5417 (88.5417)  Acc@5: 100.0000 (100.0000)
2024-11-19 18:32:19,240 -                train: [    INFO] - Valid: 120 [ 104/104]  Loss: 0.1339 (0.334)  Acc@1: 93.7500 (89.3200)  Acc@5: 100.0000 (99.5600)
2024-11-19 18:32:19,272 -                train: [    INFO] - valid_acc 89.320003 - best_valid_acc 91.070002
2024-11-19 18:32:19,757 -                train: [    INFO] - Train: 121 [   0/520]  Loss: 0.5714 (0.571)  Acc@1: 85.4167 (85.4167)  Acc@5: 100.0000 (100.0000)LR: 2.257e-02
2024-11-19 18:33:03,436 -                train: [    INFO] - Train: 121 [ 200/520]  Loss: 0.4747 (0.501)  Acc@1: 83.3333 (87.6296)  Acc@5: 100.0000 (99.5699)LR: 2.257e-02
2024-11-19 18:33:47,174 -                train: [    INFO] - Train: 121 [ 400/520]  Loss: 0.4693 (0.503)  Acc@1: 87.5000 (87.7234)  Acc@5: 97.9167 (99.5298)LR: 2.257e-02
2024-11-19 18:34:13,446 -                train: [    INFO] - Train: 121 [ 520/520]  Loss: 0.3674 (0.503)  Acc@1: 90.0000 (87.7360)  Acc@5: 100.0000 (99.5020)LR: 2.257e-02
2024-11-19 18:34:13,792 -                train: [    INFO] - Valid: 121 [   0/104]  Loss: 0.4212 (0.421)  Acc@1: 87.5000 (87.5000)  Acc@5: 100.0000 (100.0000)
2024-11-19 18:34:19,456 -                train: [    INFO] - Valid: 121 [ 104/104]  Loss: 0.2317 (0.318)  Acc@1: 87.5000 (89.7900)  Acc@5: 100.0000 (99.7500)
2024-11-19 18:34:19,489 -                train: [    INFO] - valid_acc 89.790003 - best_valid_acc 91.070002
2024-11-19 18:34:19,911 -                train: [    INFO] - Train: 122 [   0/520]  Loss: 0.8744 (0.874)  Acc@1: 81.2500 (81.2500)  Acc@5: 96.8750 (96.8750)LR: 2.254e-02
2024-11-19 18:35:03,766 -                train: [    INFO] - Train: 122 [ 200/520]  Loss: 0.4676 (0.481)  Acc@1: 86.4583 (88.0234)  Acc@5: 100.0000 (99.6217)LR: 2.254e-02
2024-11-19 18:35:47,676 -                train: [    INFO] - Train: 122 [ 400/520]  Loss: 0.5446 (0.495)  Acc@1: 86.4583 (87.7754)  Acc@5: 100.0000 (99.5142)LR: 2.254e-02
2024-11-19 18:36:13,797 -                train: [    INFO] - Train: 122 [ 520/520]  Loss: 0.4852 (0.502)  Acc@1: 87.5000 (87.6880)  Acc@5: 100.0000 (99.4900)LR: 2.254e-02
2024-11-19 18:36:14,163 -                train: [    INFO] - Valid: 122 [   0/104]  Loss: 0.2814 (0.281)  Acc@1: 91.6667 (91.6667)  Acc@5: 100.0000 (100.0000)
2024-11-19 18:36:19,830 -                train: [    INFO] - Valid: 122 [ 104/104]  Loss: 0.4906 (0.319)  Acc@1: 93.7500 (90.0000)  Acc@5: 100.0000 (99.5800)
2024-11-19 18:36:19,863 -                train: [    INFO] - valid_acc 90.000002 - best_valid_acc 91.070002
2024-11-19 18:36:20,282 -                train: [    INFO] - Train: 123 [   0/520]  Loss: 0.3878 (0.388)  Acc@1: 87.5000 (87.5000)  Acc@5: 100.0000 (100.0000)LR: 2.250e-02
2024-11-19 18:37:03,750 -                train: [    INFO] - Train: 123 [ 200/520]  Loss: 0.5784 (0.494)  Acc@1: 87.5000 (88.0493)  Acc@5: 98.9583 (99.2900)LR: 2.250e-02
2024-11-19 18:37:47,760 -                train: [    INFO] - Train: 123 [ 400/520]  Loss: 0.5018 (0.497)  Acc@1: 85.4167 (87.8715)  Acc@5: 100.0000 (99.4051)LR: 2.250e-02
2024-11-19 18:38:14,433 -                train: [    INFO] - Train: 123 [ 520/520]  Loss: 0.5433 (0.499)  Acc@1: 83.7500 (87.8080)  Acc@5: 100.0000 (99.4320)LR: 2.250e-02
2024-11-19 18:38:14,757 -                train: [    INFO] - Valid: 123 [   0/104]  Loss: 0.2992 (0.299)  Acc@1: 91.6667 (91.6667)  Acc@5: 100.0000 (100.0000)
2024-11-19 18:38:20,548 -                train: [    INFO] - Valid: 123 [ 104/104]  Loss: 0.3169 (0.381)  Acc@1: 87.5000 (88.0800)  Acc@5: 100.0000 (99.6300)
2024-11-19 18:38:20,587 -                train: [    INFO] - valid_acc 88.080003 - best_valid_acc 91.070002
2024-11-19 18:38:21,031 -                train: [    INFO] - Train: 124 [   0/520]  Loss: 0.6181 (0.618)  Acc@1: 82.2917 (82.2917)  Acc@5: 100.0000 (100.0000)LR: 2.246e-02
2024-11-19 18:39:05,400 -                train: [    INFO] - Train: 124 [ 200/520]  Loss: 0.4998 (0.504)  Acc@1: 85.4167 (87.6710)  Acc@5: 100.0000 (99.4403)LR: 2.246e-02
2024-11-19 18:39:49,465 -                train: [    INFO] - Train: 124 [ 400/520]  Loss: 0.4320 (0.504)  Acc@1: 90.6250 (87.7130)  Acc@5: 100.0000 (99.4935)LR: 2.246e-02
2024-11-19 18:40:16,108 -                train: [    INFO] - Train: 124 [ 520/520]  Loss: 0.4577 (0.502)  Acc@1: 90.0000 (87.8200)  Acc@5: 100.0000 (99.4580)LR: 2.246e-02
2024-11-19 18:40:16,381 -                train: [    INFO] - Valid: 124 [   0/104]  Loss: 0.2946 (0.295)  Acc@1: 88.5417 (88.5417)  Acc@5: 100.0000 (100.0000)
2024-11-19 18:40:22,071 -                train: [    INFO] - Valid: 124 [ 104/104]  Loss: 0.1369 (0.300)  Acc@1: 93.7500 (90.5100)  Acc@5: 100.0000 (99.7900)
2024-11-19 18:40:22,106 -                train: [    INFO] - valid_acc 90.510002 - best_valid_acc 91.070002
2024-11-19 18:40:22,632 -                train: [    INFO] - Train: 125 [   0/520]  Loss: 0.3466 (0.347)  Acc@1: 91.6667 (91.6667)  Acc@5: 100.0000 (100.0000)LR: 2.242e-02
2024-11-19 18:41:06,575 -                train: [    INFO] - Train: 125 [ 200/520]  Loss: 0.4671 (0.494)  Acc@1: 88.5417 (87.8369)  Acc@5: 100.0000 (99.4921)LR: 2.242e-02
2024-11-19 18:41:50,241 -                train: [    INFO] - Train: 125 [ 400/520]  Loss: 0.2370 (0.499)  Acc@1: 94.7917 (87.8715)  Acc@5: 100.0000 (99.4415)LR: 2.242e-02
2024-11-19 18:42:16,396 -                train: [    INFO] - Train: 125 [ 520/520]  Loss: 0.6431 (0.505)  Acc@1: 80.0000 (87.7420)  Acc@5: 100.0000 (99.4280)LR: 2.242e-02
2024-11-19 18:42:16,669 -                train: [    INFO] - Valid: 125 [   0/104]  Loss: 0.3126 (0.313)  Acc@1: 85.4167 (85.4167)  Acc@5: 100.0000 (100.0000)
2024-11-19 18:42:22,357 -                train: [    INFO] - Valid: 125 [ 104/104]  Loss: 0.3989 (0.302)  Acc@1: 81.2500 (89.8900)  Acc@5: 100.0000 (99.6800)
2024-11-19 18:42:22,409 -                train: [    INFO] - valid_acc 89.890003 - best_valid_acc 91.070002
2024-11-19 18:42:22,841 -                train: [    INFO] - Train: 126 [   0/520]  Loss: 0.3822 (0.382)  Acc@1: 90.6250 (90.6250)  Acc@5: 100.0000 (100.0000)LR: 2.238e-02
2024-11-19 18:43:06,421 -                train: [    INFO] - Train: 126 [ 200/520]  Loss: 0.6094 (0.503)  Acc@1: 86.4583 (88.0131)  Acc@5: 98.9583 (99.4507)LR: 2.238e-02
2024-11-19 18:43:49,874 -                train: [    INFO] - Train: 126 [ 400/520]  Loss: 0.4093 (0.497)  Acc@1: 89.5833 (88.0221)  Acc@5: 100.0000 (99.4857)LR: 2.238e-02
2024-11-19 18:44:16,051 -                train: [    INFO] - Train: 126 [ 520/520]  Loss: 0.7544 (0.499)  Acc@1: 83.7500 (87.9400)  Acc@5: 100.0000 (99.4860)LR: 2.238e-02
2024-11-19 18:44:16,342 -                train: [    INFO] - Valid: 126 [   0/104]  Loss: 0.2388 (0.239)  Acc@1: 88.5417 (88.5417)  Acc@5: 100.0000 (100.0000)
2024-11-19 18:44:22,014 -                train: [    INFO] - Valid: 126 [ 104/104]  Loss: 0.4189 (0.311)  Acc@1: 87.5000 (90.2100)  Acc@5: 100.0000 (99.7100)
2024-11-19 18:44:22,048 -                train: [    INFO] - valid_acc 90.210002 - best_valid_acc 91.070002
2024-11-19 18:44:22,621 -                train: [    INFO] - Train: 127 [   0/520]  Loss: 0.4410 (0.441)  Acc@1: 89.5833 (89.5833)  Acc@5: 100.0000 (100.0000)LR: 2.234e-02
2024-11-19 18:45:08,372 -                train: [    INFO] - Train: 127 [ 200/520]  Loss: 0.6235 (0.483)  Acc@1: 82.2917 (88.3136)  Acc@5: 98.9583 (99.4766)LR: 2.234e-02
2024-11-19 18:45:53,560 -                train: [    INFO] - Train: 127 [ 400/520]  Loss: 0.6114 (0.488)  Acc@1: 84.3750 (88.2429)  Acc@5: 100.0000 (99.5376)LR: 2.234e-02
2024-11-19 18:46:19,843 -                train: [    INFO] - Train: 127 [ 520/520]  Loss: 0.5264 (0.489)  Acc@1: 86.2500 (88.1760)  Acc@5: 100.0000 (99.5380)LR: 2.234e-02
2024-11-19 18:46:20,110 -                train: [    INFO] - Valid: 127 [   0/104]  Loss: 0.2690 (0.269)  Acc@1: 91.6667 (91.6667)  Acc@5: 100.0000 (100.0000)
2024-11-19 18:46:25,777 -                train: [    INFO] - Valid: 127 [ 104/104]  Loss: 0.6722 (0.251)  Acc@1: 87.5000 (91.7400)  Acc@5: 100.0000 (99.8000)
2024-11-19 18:46:26,224 -                train: [    INFO] - valid_acc 91.740003 - best_valid_acc 91.740003
2024-11-19 18:46:26,681 -                train: [    INFO] - Train: 128 [   0/520]  Loss: 0.6103 (0.610)  Acc@1: 85.4167 (85.4167)  Acc@5: 100.0000 (100.0000)LR: 2.230e-02
2024-11-19 18:47:10,568 -                train: [    INFO] - Train: 128 [ 200/520]  Loss: 0.6922 (0.483)  Acc@1: 83.3333 (88.2670)  Acc@5: 96.8750 (99.4351)LR: 2.230e-02
2024-11-19 18:47:54,161 -                train: [    INFO] - Train: 128 [ 400/520]  Loss: 0.3372 (0.497)  Acc@1: 94.7917 (87.9338)  Acc@5: 100.0000 (99.4493)LR: 2.230e-02
2024-11-19 18:48:20,829 -                train: [    INFO] - Train: 128 [ 520/520]  Loss: 0.5130 (0.497)  Acc@1: 88.7500 (87.8900)  Acc@5: 98.7500 (99.4740)LR: 2.230e-02
2024-11-19 18:48:21,139 -                train: [    INFO] - Valid: 128 [   0/104]  Loss: 0.2511 (0.251)  Acc@1: 91.6667 (91.6667)  Acc@5: 100.0000 (100.0000)
2024-11-19 18:48:26,807 -                train: [    INFO] - Valid: 128 [ 104/104]  Loss: 0.09240 (0.309)  Acc@1: 93.7500 (90.0400)  Acc@5: 100.0000 (99.6400)
2024-11-19 18:48:27,484 -                train: [    INFO] - valid_acc 90.040002 - best_valid_acc 91.740003
2024-11-19 18:48:27,922 -                train: [    INFO] - Train: 129 [   0/520]  Loss: 0.5393 (0.539)  Acc@1: 83.3333 (83.3333)  Acc@5: 100.0000 (100.0000)LR: 2.226e-02
2024-11-19 18:49:12,657 -                train: [    INFO] - Train: 129 [ 200/520]  Loss: 0.4601 (0.488)  Acc@1: 89.5833 (88.1012)  Acc@5: 100.0000 (99.5491)LR: 2.226e-02
2024-11-19 18:49:56,381 -                train: [    INFO] - Train: 129 [ 400/520]  Loss: 0.5960 (0.495)  Acc@1: 82.2917 (87.8741)  Acc@5: 100.0000 (99.4727)LR: 2.226e-02
2024-11-19 18:50:22,490 -                train: [    INFO] - Train: 129 [ 520/520]  Loss: 0.6734 (0.496)  Acc@1: 85.0000 (88.0180)  Acc@5: 98.7500 (99.4620)LR: 2.226e-02
2024-11-19 18:50:22,781 -                train: [    INFO] - Valid: 129 [   0/104]  Loss: 0.3926 (0.393)  Acc@1: 85.4167 (85.4167)  Acc@5: 100.0000 (100.0000)
2024-11-19 18:50:28,480 -                train: [    INFO] - Valid: 129 [ 104/104]  Loss: 0.5217 (0.303)  Acc@1: 87.5000 (90.5700)  Acc@5: 100.0000 (99.6200)
2024-11-19 18:50:28,511 -                train: [    INFO] - valid_acc 90.570003 - best_valid_acc 91.740003
2024-11-19 18:50:28,916 -                train: [    INFO] - Train: 130 [   0/520]  Loss: 0.4276 (0.428)  Acc@1: 90.6250 (90.6250)  Acc@5: 100.0000 (100.0000)LR: 2.221e-02
2024-11-19 18:51:12,566 -                train: [    INFO] - Train: 130 [ 200/520]  Loss: 0.6032 (0.480)  Acc@1: 83.3333 (88.2981)  Acc@5: 100.0000 (99.5491)LR: 2.221e-02
2024-11-19 18:51:56,078 -                train: [    INFO] - Train: 130 [ 400/520]  Loss: 0.3917 (0.487)  Acc@1: 91.6667 (88.2248)  Acc@5: 100.0000 (99.5636)LR: 2.221e-02
2024-11-19 18:52:22,262 -                train: [    INFO] - Train: 130 [ 520/520]  Loss: 0.4590 (0.487)  Acc@1: 92.5000 (88.1560)  Acc@5: 100.0000 (99.5340)LR: 2.221e-02
2024-11-19 18:52:22,648 -                train: [    INFO] - Valid: 130 [   0/104]  Loss: 0.3476 (0.348)  Acc@1: 87.5000 (87.5000)  Acc@5: 98.9583 (98.9583)
2024-11-19 18:52:28,312 -                train: [    INFO] - Valid: 130 [ 104/104]  Loss: 0.4944 (0.295)  Acc@1: 87.5000 (90.3000)  Acc@5: 100.0000 (99.5100)
2024-11-19 18:52:28,356 -                train: [    INFO] - valid_acc 90.300003 - best_valid_acc 91.740003
2024-11-19 18:52:28,830 -                train: [    INFO] - Train: 131 [   0/520]  Loss: 0.3936 (0.394)  Acc@1: 87.5000 (87.5000)  Acc@5: 100.0000 (100.0000)LR: 2.217e-02
2024-11-19 18:53:12,699 -                train: [    INFO] - Train: 131 [ 200/520]  Loss: 0.4663 (0.491)  Acc@1: 89.5833 (88.1219)  Acc@5: 100.0000 (99.4973)LR: 2.217e-02
2024-11-19 18:53:56,113 -                train: [    INFO] - Train: 131 [ 400/520]  Loss: 0.3764 (0.494)  Acc@1: 90.6250 (87.9598)  Acc@5: 100.0000 (99.5038)LR: 2.217e-02
2024-11-19 18:54:22,187 -                train: [    INFO] - Train: 131 [ 520/520]  Loss: 0.4259 (0.498)  Acc@1: 91.2500 (87.8880)  Acc@5: 100.0000 (99.4880)LR: 2.217e-02
2024-11-19 18:54:22,526 -                train: [    INFO] - Valid: 131 [   0/104]  Loss: 0.2650 (0.265)  Acc@1: 88.5417 (88.5417)  Acc@5: 100.0000 (100.0000)
2024-11-19 18:54:28,191 -                train: [    INFO] - Valid: 131 [ 104/104]  Loss: 0.4072 (0.251)  Acc@1: 93.7500 (91.7000)  Acc@5: 100.0000 (99.7800)
2024-11-19 18:54:28,235 -                train: [    INFO] - valid_acc 91.700002 - best_valid_acc 91.740003
2024-11-19 18:54:28,688 -                train: [    INFO] - Train: 132 [   0/520]  Loss: 0.6233 (0.623)  Acc@1: 84.3750 (84.3750)  Acc@5: 98.9583 (98.9583)LR: 2.213e-02
2024-11-19 18:55:12,299 -                train: [    INFO] - Train: 132 [ 200/520]  Loss: 0.4421 (0.491)  Acc@1: 89.5833 (88.3396)  Acc@5: 100.0000 (99.4973)LR: 2.213e-02
2024-11-19 18:55:56,227 -                train: [    INFO] - Train: 132 [ 400/520]  Loss: 0.3877 (0.484)  Acc@1: 87.5000 (88.3598)  Acc@5: 98.9583 (99.5220)LR: 2.213e-02
2024-11-19 18:56:22,668 -                train: [    INFO] - Train: 132 [ 520/520]  Loss: 0.6111 (0.487)  Acc@1: 87.5000 (88.2540)  Acc@5: 98.7500 (99.5340)LR: 2.213e-02
2024-11-19 18:56:23,021 -                train: [    INFO] - Valid: 132 [   0/104]  Loss: 0.1873 (0.187)  Acc@1: 91.6667 (91.6667)  Acc@5: 100.0000 (100.0000)
2024-11-19 18:56:28,695 -                train: [    INFO] - Valid: 132 [ 104/104]  Loss: 0.6191 (0.295)  Acc@1: 81.2500 (90.4200)  Acc@5: 100.0000 (99.6300)
2024-11-19 18:56:28,727 -                train: [    INFO] - valid_acc 90.420002 - best_valid_acc 91.740003
2024-11-19 18:56:29,198 -                train: [    INFO] - Train: 133 [   0/520]  Loss: 0.4652 (0.465)  Acc@1: 87.5000 (87.5000)  Acc@5: 100.0000 (100.0000)LR: 2.209e-02
2024-11-19 18:57:12,985 -                train: [    INFO] - Train: 133 [ 200/520]  Loss: 0.3236 (0.495)  Acc@1: 90.6250 (88.0234)  Acc@5: 100.0000 (99.5388)LR: 2.209e-02
2024-11-19 18:57:56,974 -                train: [    INFO] - Train: 133 [ 400/520]  Loss: 0.4523 (0.493)  Acc@1: 88.5417 (88.2455)  Acc@5: 100.0000 (99.5012)LR: 2.209e-02
2024-11-19 18:58:23,348 -                train: [    INFO] - Train: 133 [ 520/520]  Loss: 0.4517 (0.494)  Acc@1: 87.5000 (88.2240)  Acc@5: 100.0000 (99.5100)LR: 2.209e-02
2024-11-19 18:58:23,707 -                train: [    INFO] - Valid: 133 [   0/104]  Loss: 0.2037 (0.204)  Acc@1: 94.7917 (94.7917)  Acc@5: 100.0000 (100.0000)
2024-11-19 18:58:29,397 -                train: [    INFO] - Valid: 133 [ 104/104]  Loss: 0.3064 (0.295)  Acc@1: 93.7500 (90.3000)  Acc@5: 100.0000 (99.6800)
2024-11-19 18:58:29,433 -                train: [    INFO] - valid_acc 90.300002 - best_valid_acc 91.740003
2024-11-19 18:58:29,912 -                train: [    INFO] - Train: 134 [   0/520]  Loss: 0.4531 (0.453)  Acc@1: 89.5833 (89.5833)  Acc@5: 97.9167 (97.9167)LR: 2.205e-02
2024-11-19 18:59:14,226 -                train: [    INFO] - Train: 134 [ 200/520]  Loss: 0.6615 (0.482)  Acc@1: 80.2083 (88.2411)  Acc@5: 98.9583 (99.4558)LR: 2.205e-02
2024-11-19 18:59:57,852 -                train: [    INFO] - Train: 134 [ 400/520]  Loss: 0.4760 (0.488)  Acc@1: 89.5833 (88.0741)  Acc@5: 97.9167 (99.4779)LR: 2.205e-02
2024-11-19 19:00:24,122 -                train: [    INFO] - Train: 134 [ 520/520]  Loss: 0.4526 (0.491)  Acc@1: 90.0000 (88.0260)  Acc@5: 100.0000 (99.4820)LR: 2.205e-02
2024-11-19 19:00:24,378 -                train: [    INFO] - Valid: 134 [   0/104]  Loss: 0.2743 (0.274)  Acc@1: 91.6667 (91.6667)  Acc@5: 100.0000 (100.0000)
2024-11-19 19:00:30,090 -                train: [    INFO] - Valid: 134 [ 104/104]  Loss: 0.7360 (0.268)  Acc@1: 81.2500 (91.3600)  Acc@5: 100.0000 (99.6700)
2024-11-19 19:00:30,139 -                train: [    INFO] - valid_acc 91.360003 - best_valid_acc 91.740003
2024-11-19 19:00:30,625 -                train: [    INFO] - Train: 135 [   0/520]  Loss: 0.6290 (0.629)  Acc@1: 83.3333 (83.3333)  Acc@5: 98.9583 (98.9583)LR: 2.201e-02
2024-11-19 19:01:14,239 -                train: [    INFO] - Train: 135 [ 200/520]  Loss: 0.4842 (0.480)  Acc@1: 87.5000 (88.3655)  Acc@5: 100.0000 (99.5388)LR: 2.201e-02
2024-11-19 19:01:58,030 -                train: [    INFO] - Train: 135 [ 400/520]  Loss: 0.5052 (0.484)  Acc@1: 86.4583 (88.3131)  Acc@5: 98.9583 (99.4987)LR: 2.201e-02
2024-11-19 19:02:24,498 -                train: [    INFO] - Train: 135 [ 520/520]  Loss: 0.3385 (0.489)  Acc@1: 91.2500 (88.1680)  Acc@5: 100.0000 (99.4980)LR: 2.201e-02
2024-11-19 19:02:24,745 -                train: [    INFO] - Valid: 135 [   0/104]  Loss: 0.3889 (0.389)  Acc@1: 86.4583 (86.4583)  Acc@5: 100.0000 (100.0000)
2024-11-19 19:02:30,405 -                train: [    INFO] - Valid: 135 [ 104/104]  Loss: 0.3307 (0.283)  Acc@1: 93.7500 (90.6600)  Acc@5: 100.0000 (99.7100)
2024-11-19 19:02:30,437 -                train: [    INFO] - valid_acc 90.660003 - best_valid_acc 91.740003
2024-11-19 19:02:30,833 -                train: [    INFO] - Train: 136 [   0/520]  Loss: 0.4483 (0.448)  Acc@1: 90.6250 (90.6250)  Acc@5: 100.0000 (100.0000)LR: 2.196e-02
2024-11-19 19:03:14,459 -                train: [    INFO] - Train: 136 [ 200/520]  Loss: 0.3533 (0.469)  Acc@1: 90.6250 (88.6660)  Acc@5: 100.0000 (99.4766)LR: 2.196e-02
2024-11-19 19:03:58,349 -                train: [    INFO] - Train: 136 [ 400/520]  Loss: 0.3261 (0.483)  Acc@1: 92.7083 (88.1832)  Acc@5: 100.0000 (99.5116)LR: 2.196e-02
2024-11-19 19:04:24,597 -                train: [    INFO] - Train: 136 [ 520/520]  Loss: 0.4854 (0.486)  Acc@1: 86.2500 (88.1580)  Acc@5: 100.0000 (99.5220)LR: 2.196e-02
2024-11-19 19:04:24,929 -                train: [    INFO] - Valid: 136 [   0/104]  Loss: 0.2212 (0.221)  Acc@1: 90.6250 (90.6250)  Acc@5: 100.0000 (100.0000)
2024-11-19 19:04:30,607 -                train: [    INFO] - Valid: 136 [ 104/104]  Loss: 0.4387 (0.306)  Acc@1: 87.5000 (90.0000)  Acc@5: 100.0000 (99.6700)
2024-11-19 19:04:30,640 -                train: [    INFO] - valid_acc 90.000003 - best_valid_acc 91.740003
2024-11-19 19:04:31,157 -                train: [    INFO] - Train: 137 [   0/520]  Loss: 0.2990 (0.299)  Acc@1: 92.7083 (92.7083)  Acc@5: 100.0000 (100.0000)LR: 2.192e-02
2024-11-19 19:05:15,944 -                train: [    INFO] - Train: 137 [ 200/520]  Loss: 0.3303 (0.477)  Acc@1: 96.8750 (88.5106)  Acc@5: 100.0000 (99.4973)LR: 2.192e-02
2024-11-19 19:06:01,395 -                train: [    INFO] - Train: 137 [ 400/520]  Loss: 0.5972 (0.481)  Acc@1: 89.5833 (88.3624)  Acc@5: 97.9167 (99.5272)LR: 2.192e-02
2024-11-19 19:06:27,662 -                train: [    INFO] - Train: 137 [ 520/520]  Loss: 0.5843 (0.485)  Acc@1: 81.2500 (88.2640)  Acc@5: 100.0000 (99.4980)LR: 2.192e-02
2024-11-19 19:06:27,923 -                train: [    INFO] - Valid: 137 [   0/104]  Loss: 0.3049 (0.305)  Acc@1: 89.5833 (89.5833)  Acc@5: 100.0000 (100.0000)
2024-11-19 19:06:33,613 -                train: [    INFO] - Valid: 137 [ 104/104]  Loss: 0.5171 (0.369)  Acc@1: 75.0000 (88.0300)  Acc@5: 100.0000 (99.4900)
2024-11-19 19:06:33,668 -                train: [    INFO] - valid_acc 88.030003 - best_valid_acc 91.740003
2024-11-19 19:06:34,122 -                train: [    INFO] - Train: 138 [   0/520]  Loss: 0.3677 (0.368)  Acc@1: 91.6667 (91.6667)  Acc@5: 100.0000 (100.0000)LR: 2.188e-02
2024-11-19 19:07:18,517 -                train: [    INFO] - Train: 138 [ 200/520]  Loss: 0.3163 (0.482)  Acc@1: 89.5833 (88.3499)  Acc@5: 100.0000 (99.5129)LR: 2.188e-02
2024-11-19 19:08:02,513 -                train: [    INFO] - Train: 138 [ 400/520]  Loss: 0.3374 (0.485)  Acc@1: 89.5833 (88.3131)  Acc@5: 100.0000 (99.4857)LR: 2.188e-02
2024-11-19 19:08:28,781 -                train: [    INFO] - Train: 138 [ 520/520]  Loss: 0.3477 (0.488)  Acc@1: 95.0000 (88.2220)  Acc@5: 100.0000 (99.4660)LR: 2.188e-02
2024-11-19 19:08:29,075 -                train: [    INFO] - Valid: 138 [   0/104]  Loss: 0.4273 (0.427)  Acc@1: 88.5417 (88.5417)  Acc@5: 100.0000 (100.0000)
2024-11-19 19:08:34,749 -                train: [    INFO] - Valid: 138 [ 104/104]  Loss: 0.1623 (0.350)  Acc@1: 93.7500 (88.4800)  Acc@5: 100.0000 (99.5600)
2024-11-19 19:08:34,802 -                train: [    INFO] - valid_acc 88.480003 - best_valid_acc 91.740003
2024-11-19 19:08:35,291 -                train: [    INFO] - Train: 139 [   0/520]  Loss: 0.3642 (0.364)  Acc@1: 91.6667 (91.6667)  Acc@5: 100.0000 (100.0000)LR: 2.183e-02
2024-11-19 19:09:19,161 -                train: [    INFO] - Train: 139 [ 200/520]  Loss: 0.5728 (0.488)  Acc@1: 83.3333 (88.2929)  Acc@5: 100.0000 (99.4869)LR: 2.183e-02
2024-11-19 19:10:02,895 -                train: [    INFO] - Train: 139 [ 400/520]  Loss: 0.7691 (0.488)  Acc@1: 80.2083 (88.2325)  Acc@5: 98.9583 (99.5012)LR: 2.183e-02
2024-11-19 19:10:28,907 -                train: [    INFO] - Train: 139 [ 520/520]  Loss: 0.3720 (0.487)  Acc@1: 91.2500 (88.2640)  Acc@5: 100.0000 (99.5120)LR: 2.183e-02
2024-11-19 19:10:29,156 -                train: [    INFO] - Valid: 139 [   0/104]  Loss: 0.4093 (0.409)  Acc@1: 86.4583 (86.4583)  Acc@5: 98.9583 (98.9583)
2024-11-19 19:10:34,888 -                train: [    INFO] - Valid: 139 [ 104/104]  Loss: 0.3128 (0.304)  Acc@1: 87.5000 (90.5000)  Acc@5: 100.0000 (99.6700)
2024-11-19 19:10:34,914 -                train: [    INFO] - valid_acc 90.500003 - best_valid_acc 91.740003
2024-11-19 19:10:35,366 -                train: [    INFO] - Train: 140 [   0/520]  Loss: 0.4484 (0.448)  Acc@1: 90.6250 (90.6250)  Acc@5: 100.0000 (100.0000)LR: 2.179e-02
2024-11-19 19:11:18,892 -                train: [    INFO] - Train: 140 [ 200/520]  Loss: 0.3729 (0.472)  Acc@1: 90.6250 (88.4847)  Acc@5: 100.0000 (99.4403)LR: 2.179e-02
2024-11-19 19:12:02,475 -                train: [    INFO] - Train: 140 [ 400/520]  Loss: 0.3629 (0.484)  Acc@1: 88.5417 (88.1131)  Acc@5: 100.0000 (99.5090)LR: 2.179e-02
2024-11-19 19:12:28,633 -                train: [    INFO] - Train: 140 [ 520/520]  Loss: 0.3847 (0.487)  Acc@1: 90.0000 (88.0440)  Acc@5: 100.0000 (99.5260)LR: 2.179e-02
2024-11-19 19:12:28,911 -                train: [    INFO] - Valid: 140 [   0/104]  Loss: 0.4742 (0.474)  Acc@1: 85.4167 (85.4167)  Acc@5: 100.0000 (100.0000)
2024-11-19 19:12:34,586 -                train: [    INFO] - Valid: 140 [ 104/104]  Loss: 0.1258 (0.341)  Acc@1: 93.7500 (89.2600)  Acc@5: 100.0000 (99.6900)
2024-11-19 19:12:34,619 -                train: [    INFO] - valid_acc 89.260003 - best_valid_acc 91.740003
2024-11-19 19:12:35,096 -                train: [    INFO] - Train: 141 [   0/520]  Loss: 0.7095 (0.709)  Acc@1: 83.3333 (83.3333)  Acc@5: 98.9583 (98.9583)LR: 2.175e-02
2024-11-19 19:13:18,965 -                train: [    INFO] - Train: 141 [ 200/520]  Loss: 0.4567 (0.471)  Acc@1: 86.4583 (88.6609)  Acc@5: 100.0000 (99.5284)LR: 2.175e-02
2024-11-19 19:14:02,719 -                train: [    INFO] - Train: 141 [ 400/520]  Loss: 0.6189 (0.485)  Acc@1: 81.2500 (88.2741)  Acc@5: 100.0000 (99.5402)LR: 2.175e-02
2024-11-19 19:14:28,824 -                train: [    INFO] - Train: 141 [ 520/520]  Loss: 0.5724 (0.486)  Acc@1: 85.0000 (88.2460)  Acc@5: 100.0000 (99.5360)LR: 2.175e-02
2024-11-19 19:14:29,069 -                train: [    INFO] - Valid: 141 [   0/104]  Loss: 0.2251 (0.225)  Acc@1: 91.6667 (91.6667)  Acc@5: 100.0000 (100.0000)
2024-11-19 19:14:34,860 -                train: [    INFO] - Valid: 141 [ 104/104]  Loss: 0.3441 (0.290)  Acc@1: 93.7500 (90.6900)  Acc@5: 100.0000 (99.6200)
2024-11-19 19:14:34,893 -                train: [    INFO] - valid_acc 90.690003 - best_valid_acc 91.740003
2024-11-19 19:14:35,406 -                train: [    INFO] - Train: 142 [   0/520]  Loss: 0.3140 (0.314)  Acc@1: 90.6250 (90.6250)  Acc@5: 100.0000 (100.0000)LR: 2.170e-02
2024-11-19 19:15:19,935 -                train: [    INFO] - Train: 142 [ 200/520]  Loss: 0.2902 (0.472)  Acc@1: 89.5833 (88.3240)  Acc@5: 100.0000 (99.5388)LR: 2.170e-02
2024-11-19 19:16:04,305 -                train: [    INFO] - Train: 142 [ 400/520]  Loss: 0.6214 (0.479)  Acc@1: 86.4583 (88.2689)  Acc@5: 100.0000 (99.5506)LR: 2.170e-02
2024-11-19 19:16:31,020 -                train: [    INFO] - Train: 142 [ 520/520]  Loss: 0.5464 (0.483)  Acc@1: 87.5000 (88.1560)  Acc@5: 100.0000 (99.5260)LR: 2.170e-02
2024-11-19 19:16:31,325 -                train: [    INFO] - Valid: 142 [   0/104]  Loss: 0.2136 (0.214)  Acc@1: 93.7500 (93.7500)  Acc@5: 100.0000 (100.0000)
2024-11-19 19:16:37,028 -                train: [    INFO] - Valid: 142 [ 104/104]  Loss: 0.01978 (0.249)  Acc@1: 100.0000 (92.2300)  Acc@5: 100.0000 (99.8100)
2024-11-19 19:16:37,555 -                train: [    INFO] - valid_acc 92.230002 - best_valid_acc 92.230002
2024-11-19 19:16:38,046 -                train: [    INFO] - Train: 143 [   0/520]  Loss: 0.4212 (0.421)  Acc@1: 87.5000 (87.5000)  Acc@5: 98.9583 (98.9583)LR: 2.166e-02
2024-11-19 19:17:22,529 -                train: [    INFO] - Train: 143 [ 200/520]  Loss: 0.5721 (0.475)  Acc@1: 88.5417 (88.4121)  Acc@5: 100.0000 (99.5491)LR: 2.166e-02
2024-11-19 19:18:06,431 -                train: [    INFO] - Train: 143 [ 400/520]  Loss: 0.5625 (0.486)  Acc@1: 88.5417 (88.2663)  Acc@5: 100.0000 (99.5168)LR: 2.166e-02
2024-11-19 19:18:33,142 -                train: [    INFO] - Train: 143 [ 520/520]  Loss: 0.6919 (0.485)  Acc@1: 82.5000 (88.2180)  Acc@5: 98.7500 (99.5220)LR: 2.166e-02
2024-11-19 19:18:33,429 -                train: [    INFO] - Valid: 143 [   0/104]  Loss: 0.3201 (0.320)  Acc@1: 89.5833 (89.5833)  Acc@5: 97.9167 (97.9167)
2024-11-19 19:18:39,145 -                train: [    INFO] - Valid: 143 [ 104/104]  Loss: 0.09118 (0.268)  Acc@1: 93.7500 (91.2900)  Acc@5: 100.0000 (99.7400)
2024-11-19 19:18:39,217 -                train: [    INFO] - valid_acc 91.290002 - best_valid_acc 92.230002
2024-11-19 19:18:39,704 -                train: [    INFO] - Train: 144 [   0/520]  Loss: 0.5660 (0.566)  Acc@1: 88.5417 (88.5417)  Acc@5: 100.0000 (100.0000)LR: 2.161e-02
2024-11-19 19:19:24,314 -                train: [    INFO] - Train: 144 [ 200/520]  Loss: 0.4919 (0.480)  Acc@1: 86.4583 (88.3706)  Acc@5: 98.9583 (99.5854)LR: 2.161e-02
2024-11-19 19:20:08,606 -                train: [    INFO] - Train: 144 [ 400/520]  Loss: 0.5557 (0.484)  Acc@1: 83.3333 (88.0403)  Acc@5: 100.0000 (99.5714)LR: 2.161e-02
2024-11-19 19:20:35,037 -                train: [    INFO] - Train: 144 [ 520/520]  Loss: 0.5665 (0.486)  Acc@1: 88.7500 (88.0680)  Acc@5: 98.7500 (99.5580)LR: 2.161e-02
2024-11-19 19:20:35,315 -                train: [    INFO] - Valid: 144 [   0/104]  Loss: 0.2586 (0.259)  Acc@1: 90.6250 (90.6250)  Acc@5: 100.0000 (100.0000)
2024-11-19 19:20:40,997 -                train: [    INFO] - Valid: 144 [ 104/104]  Loss: 0.1711 (0.278)  Acc@1: 93.7500 (91.1700)  Acc@5: 100.0000 (99.7200)
2024-11-19 19:20:41,042 -                train: [    INFO] - valid_acc 91.170003 - best_valid_acc 92.230002
2024-11-19 19:20:41,487 -                train: [    INFO] - Train: 145 [   0/520]  Loss: 0.4429 (0.443)  Acc@1: 90.6250 (90.6250)  Acc@5: 98.9583 (98.9583)LR: 2.157e-02
2024-11-19 19:21:27,004 -                train: [    INFO] - Train: 145 [ 200/520]  Loss: 0.4361 (0.469)  Acc@1: 92.7083 (88.6868)  Acc@5: 98.9583 (99.4610)LR: 2.157e-02
2024-11-19 19:22:13,532 -                train: [    INFO] - Train: 145 [ 400/520]  Loss: 0.3499 (0.478)  Acc@1: 91.6667 (88.5027)  Acc@5: 100.0000 (99.5376)LR: 2.157e-02
2024-11-19 19:22:40,390 -                train: [    INFO] - Train: 145 [ 520/520]  Loss: 0.5721 (0.475)  Acc@1: 90.0000 (88.5480)  Acc@5: 98.7500 (99.5480)LR: 2.157e-02
2024-11-19 19:22:40,713 -                train: [    INFO] - Valid: 145 [   0/104]  Loss: 0.3056 (0.306)  Acc@1: 88.5417 (88.5417)  Acc@5: 100.0000 (100.0000)
2024-11-19 19:22:46,512 -                train: [    INFO] - Valid: 145 [ 104/104]  Loss: 0.01625 (0.242)  Acc@1: 100.0000 (92.0800)  Acc@5: 100.0000 (99.7800)
2024-11-19 19:22:46,545 -                train: [    INFO] - valid_acc 92.080003 - best_valid_acc 92.230002
2024-11-19 19:22:46,999 -                train: [    INFO] - Train: 146 [   0/520]  Loss: 0.4610 (0.461)  Acc@1: 90.6250 (90.6250)  Acc@5: 98.9583 (98.9583)LR: 2.152e-02
2024-11-19 19:23:32,139 -                train: [    INFO] - Train: 146 [ 200/520]  Loss: 0.4258 (0.472)  Acc@1: 87.5000 (88.5313)  Acc@5: 100.0000 (99.4973)LR: 2.152e-02
2024-11-19 19:24:16,810 -                train: [    INFO] - Train: 146 [ 400/520]  Loss: 0.6351 (0.478)  Acc@1: 86.4583 (88.3858)  Acc@5: 96.8750 (99.4779)LR: 2.152e-02
2024-11-19 19:24:43,720 -                train: [    INFO] - Train: 146 [ 520/520]  Loss: 0.7520 (0.482)  Acc@1: 85.0000 (88.3340)  Acc@5: 98.7500 (99.4800)LR: 2.152e-02
2024-11-19 19:24:44,066 -                train: [    INFO] - Valid: 146 [   0/104]  Loss: 0.3914 (0.391)  Acc@1: 86.4583 (86.4583)  Acc@5: 100.0000 (100.0000)
2024-11-19 19:24:49,776 -                train: [    INFO] - Valid: 146 [ 104/104]  Loss: 0.3108 (0.312)  Acc@1: 93.7500 (89.8100)  Acc@5: 100.0000 (99.6000)
2024-11-19 19:24:49,808 -                train: [    INFO] - valid_acc 89.810002 - best_valid_acc 92.230002
2024-11-19 19:24:50,218 -                train: [    INFO] - Train: 147 [   0/520]  Loss: 0.4513 (0.451)  Acc@1: 89.5833 (89.5833)  Acc@5: 98.9583 (98.9583)LR: 2.148e-02
2024-11-19 19:25:34,279 -                train: [    INFO] - Train: 147 [ 200/520]  Loss: 0.4523 (0.463)  Acc@1: 88.5417 (88.8163)  Acc@5: 98.9583 (99.6010)LR: 2.148e-02
2024-11-19 19:26:18,045 -                train: [    INFO] - Train: 147 [ 400/520]  Loss: 0.5158 (0.472)  Acc@1: 88.5417 (88.6170)  Acc@5: 98.9583 (99.5818)LR: 2.148e-02
2024-11-19 19:26:44,268 -                train: [    INFO] - Train: 147 [ 520/520]  Loss: 0.7101 (0.479)  Acc@1: 85.0000 (88.4800)  Acc@5: 98.7500 (99.5720)LR: 2.148e-02
2024-11-19 19:26:44,584 -                train: [    INFO] - Valid: 147 [   0/104]  Loss: 0.4133 (0.413)  Acc@1: 90.6250 (90.6250)  Acc@5: 98.9583 (98.9583)
2024-11-19 19:26:50,273 -                train: [    INFO] - Valid: 147 [ 104/104]  Loss: 0.3516 (0.363)  Acc@1: 93.7500 (88.5600)  Acc@5: 100.0000 (99.6500)
2024-11-19 19:26:50,305 -                train: [    INFO] - valid_acc 88.560003 - best_valid_acc 92.230002
2024-11-19 19:26:50,740 -                train: [    INFO] - Train: 148 [   0/520]  Loss: 0.4643 (0.464)  Acc@1: 89.5833 (89.5833)  Acc@5: 97.9167 (97.9167)LR: 2.143e-02
2024-11-19 19:27:34,585 -                train: [    INFO] - Train: 148 [ 200/520]  Loss: 0.4342 (0.471)  Acc@1: 89.5833 (88.5935)  Acc@5: 100.0000 (99.4869)LR: 2.143e-02
2024-11-19 19:28:18,369 -                train: [    INFO] - Train: 148 [ 400/520]  Loss: 0.6102 (0.475)  Acc@1: 90.6250 (88.4611)  Acc@5: 100.0000 (99.5038)LR: 2.143e-02
2024-11-19 19:28:44,333 -                train: [    INFO] - Train: 148 [ 520/520]  Loss: 0.3925 (0.482)  Acc@1: 88.7500 (88.2700)  Acc@5: 98.7500 (99.4860)LR: 2.143e-02
2024-11-19 19:28:44,645 -                train: [    INFO] - Valid: 148 [   0/104]  Loss: 0.3964 (0.396)  Acc@1: 89.5833 (89.5833)  Acc@5: 100.0000 (100.0000)
2024-11-19 19:28:50,322 -                train: [    INFO] - Valid: 148 [ 104/104]  Loss: 0.2946 (0.285)  Acc@1: 75.0000 (90.3500)  Acc@5: 100.0000 (99.7000)
2024-11-19 19:28:50,355 -                train: [    INFO] - valid_acc 90.350003 - best_valid_acc 92.230002
2024-11-19 19:28:50,836 -                train: [    INFO] - Train: 149 [   0/520]  Loss: 0.6211 (0.621)  Acc@1: 84.3750 (84.3750)  Acc@5: 96.8750 (96.8750)LR: 2.138e-02
2024-11-19 19:29:34,634 -                train: [    INFO] - Train: 149 [ 200/520]  Loss: 0.9553 (0.469)  Acc@1: 76.0417 (88.7852)  Acc@5: 98.9583 (99.5958)LR: 2.138e-02
2024-11-19 19:30:18,400 -                train: [    INFO] - Train: 149 [ 400/520]  Loss: 0.3193 (0.479)  Acc@1: 93.7500 (88.4637)  Acc@5: 98.9583 (99.5350)LR: 2.138e-02
2024-11-19 19:30:44,506 -                train: [    INFO] - Train: 149 [ 520/520]  Loss: 0.4818 (0.481)  Acc@1: 90.0000 (88.4480)  Acc@5: 100.0000 (99.5280)LR: 2.138e-02
2024-11-19 19:30:44,764 -                train: [    INFO] - Valid: 149 [   0/104]  Loss: 0.2840 (0.284)  Acc@1: 89.5833 (89.5833)  Acc@5: 100.0000 (100.0000)
2024-11-19 19:30:50,432 -                train: [    INFO] - Valid: 149 [ 104/104]  Loss: 0.1906 (0.325)  Acc@1: 87.5000 (89.8100)  Acc@5: 100.0000 (99.6400)
2024-11-19 19:30:50,508 -                train: [    INFO] - valid_acc 89.810002 - best_valid_acc 92.230002
2024-11-19 19:30:50,974 -                train: [    INFO] - Train: 150 [   0/520]  Loss: 0.4142 (0.414)  Acc@1: 89.5833 (89.5833)  Acc@5: 100.0000 (100.0000)LR: 2.134e-02
2024-11-19 19:31:34,583 -                train: [    INFO] - Train: 150 [ 200/520]  Loss: 0.2985 (0.477)  Acc@1: 93.7500 (88.7852)  Acc@5: 100.0000 (99.5647)LR: 2.134e-02
2024-11-19 19:32:18,432 -                train: [    INFO] - Train: 150 [ 400/520]  Loss: 0.4512 (0.480)  Acc@1: 88.5417 (88.5105)  Acc@5: 100.0000 (99.5376)LR: 2.134e-02
2024-11-19 19:32:45,238 -                train: [    INFO] - Train: 150 [ 520/520]  Loss: 0.3537 (0.485)  Acc@1: 92.5000 (88.3500)  Acc@5: 100.0000 (99.5520)LR: 2.134e-02
2024-11-19 19:32:45,524 -                train: [    INFO] - Valid: 150 [   0/104]  Loss: 0.2899 (0.290)  Acc@1: 91.6667 (91.6667)  Acc@5: 100.0000 (100.0000)
2024-11-19 19:32:51,221 -                train: [    INFO] - Valid: 150 [ 104/104]  Loss: 0.1045 (0.302)  Acc@1: 93.7500 (89.8800)  Acc@5: 100.0000 (99.7300)
2024-11-19 19:32:51,258 -                train: [    INFO] - valid_acc 89.880003 - best_valid_acc 92.230002
2024-11-19 19:32:51,775 -                train: [    INFO] - Train: 151 [   0/520]  Loss: 0.2623 (0.262)  Acc@1: 95.8333 (95.8333)  Acc@5: 100.0000 (100.0000)LR: 2.129e-02
2024-11-19 19:33:35,620 -                train: [    INFO] - Train: 151 [ 200/520]  Loss: 0.4071 (0.462)  Acc@1: 89.5833 (88.7541)  Acc@5: 100.0000 (99.5958)LR: 2.129e-02
2024-11-19 19:34:19,439 -                train: [    INFO] - Train: 151 [ 400/520]  Loss: 0.5154 (0.475)  Acc@1: 90.6250 (88.4196)  Acc@5: 100.0000 (99.5376)LR: 2.129e-02
2024-11-19 19:34:45,535 -                train: [    INFO] - Train: 151 [ 520/520]  Loss: 0.2456 (0.482)  Acc@1: 95.0000 (88.3060)  Acc@5: 100.0000 (99.5260)LR: 2.129e-02
2024-11-19 19:34:45,805 -                train: [    INFO] - Valid: 151 [   0/104]  Loss: 0.3552 (0.355)  Acc@1: 88.5417 (88.5417)  Acc@5: 98.9583 (98.9583)
2024-11-19 19:34:51,499 -                train: [    INFO] - Valid: 151 [ 104/104]  Loss: 0.2608 (0.316)  Acc@1: 93.7500 (89.6600)  Acc@5: 100.0000 (99.5800)
2024-11-19 19:34:51,533 -                train: [    INFO] - valid_acc 89.660003 - best_valid_acc 92.230002
2024-11-19 19:34:52,006 -                train: [    INFO] - Train: 152 [   0/520]  Loss: 0.3435 (0.344)  Acc@1: 92.7083 (92.7083)  Acc@5: 98.9583 (98.9583)LR: 2.125e-02
2024-11-19 19:35:36,086 -                train: [    INFO] - Train: 152 [ 200/520]  Loss: 0.6836 (0.459)  Acc@1: 85.4167 (89.0340)  Acc@5: 97.9167 (99.4973)LR: 2.125e-02
2024-11-19 19:36:19,926 -                train: [    INFO] - Train: 152 [ 400/520]  Loss: 0.7259 (0.471)  Acc@1: 80.2083 (88.7183)  Acc@5: 100.0000 (99.5116)LR: 2.125e-02
2024-11-19 19:36:46,096 -                train: [    INFO] - Train: 152 [ 520/520]  Loss: 0.6097 (0.477)  Acc@1: 85.0000 (88.5300)  Acc@5: 100.0000 (99.5120)LR: 2.125e-02
2024-11-19 19:36:46,451 -                train: [    INFO] - Valid: 152 [   0/104]  Loss: 0.4013 (0.401)  Acc@1: 86.4583 (86.4583)  Acc@5: 97.9167 (97.9167)
2024-11-19 19:36:52,118 -                train: [    INFO] - Valid: 152 [ 104/104]  Loss: 0.09994 (0.302)  Acc@1: 100.0000 (90.3200)  Acc@5: 100.0000 (99.6200)
2024-11-19 19:36:52,155 -                train: [    INFO] - valid_acc 90.320002 - best_valid_acc 92.230002
2024-11-19 19:36:52,689 -                train: [    INFO] - Train: 153 [   0/520]  Loss: 0.5074 (0.507)  Acc@1: 86.4583 (86.4583)  Acc@5: 100.0000 (100.0000)LR: 2.120e-02
2024-11-19 19:37:36,555 -                train: [    INFO] - Train: 153 [ 200/520]  Loss: 0.4623 (0.462)  Acc@1: 91.6667 (88.7593)  Acc@5: 98.9583 (99.5491)LR: 2.120e-02
2024-11-19 19:38:20,071 -                train: [    INFO] - Train: 153 [ 400/520]  Loss: 0.4538 (0.471)  Acc@1: 90.6250 (88.5858)  Acc@5: 100.0000 (99.5402)LR: 2.120e-02
2024-11-19 19:38:46,459 -                train: [    INFO] - Train: 153 [ 520/520]  Loss: 0.5047 (0.480)  Acc@1: 90.0000 (88.4280)  Acc@5: 100.0000 (99.5080)LR: 2.120e-02
2024-11-19 19:38:46,709 -                train: [    INFO] - Valid: 153 [   0/104]  Loss: 0.3444 (0.344)  Acc@1: 88.5417 (88.5417)  Acc@5: 98.9583 (98.9583)
2024-11-19 19:38:52,493 -                train: [    INFO] - Valid: 153 [ 104/104]  Loss: 0.4618 (0.242)  Acc@1: 93.7500 (92.0700)  Acc@5: 100.0000 (99.8200)
2024-11-19 19:38:52,529 -                train: [    INFO] - valid_acc 92.070003 - best_valid_acc 92.230002
2024-11-19 19:38:52,983 -                train: [    INFO] - Train: 154 [   0/520]  Loss: 0.6227 (0.623)  Acc@1: 87.5000 (87.5000)  Acc@5: 96.8750 (96.8750)LR: 2.115e-02
2024-11-19 19:39:36,763 -                train: [    INFO] - Train: 154 [ 200/520]  Loss: 0.4505 (0.476)  Acc@1: 89.5833 (88.5417)  Acc@5: 98.9583 (99.5180)LR: 2.115e-02
2024-11-19 19:40:20,725 -                train: [    INFO] - Train: 154 [ 400/520]  Loss: 0.5232 (0.475)  Acc@1: 84.3750 (88.5183)  Acc@5: 100.0000 (99.5428)LR: 2.115e-02
2024-11-19 19:40:46,986 -                train: [    INFO] - Train: 154 [ 520/520]  Loss: 0.3736 (0.478)  Acc@1: 90.0000 (88.4120)  Acc@5: 100.0000 (99.5400)LR: 2.115e-02
2024-11-19 19:40:47,267 -                train: [    INFO] - Valid: 154 [   0/104]  Loss: 0.4480 (0.448)  Acc@1: 86.4583 (86.4583)  Acc@5: 97.9167 (97.9167)
2024-11-19 19:40:52,934 -                train: [    INFO] - Valid: 154 [ 104/104]  Loss: 0.2376 (0.243)  Acc@1: 93.7500 (92.0100)  Acc@5: 100.0000 (99.7100)
2024-11-19 19:40:53,007 -                train: [    INFO] - valid_acc 92.010003 - best_valid_acc 92.230002
2024-11-19 19:40:53,478 -                train: [    INFO] - Train: 155 [   0/520]  Loss: 0.3904 (0.390)  Acc@1: 88.5417 (88.5417)  Acc@5: 100.0000 (100.0000)LR: 2.110e-02
2024-11-19 19:41:37,098 -                train: [    INFO] - Train: 155 [ 200/520]  Loss: 0.5770 (0.461)  Acc@1: 85.4167 (88.8112)  Acc@5: 100.0000 (99.4403)LR: 2.110e-02
2024-11-19 19:42:20,789 -                train: [    INFO] - Train: 155 [ 400/520]  Loss: 0.4565 (0.472)  Acc@1: 90.6250 (88.5053)  Acc@5: 98.9583 (99.5168)LR: 2.110e-02
2024-11-19 19:42:46,849 -                train: [    INFO] - Train: 155 [ 520/520]  Loss: 0.7777 (0.473)  Acc@1: 78.7500 (88.5260)  Acc@5: 98.7500 (99.5120)LR: 2.110e-02
2024-11-19 19:42:47,142 -                train: [    INFO] - Valid: 155 [   0/104]  Loss: 0.3625 (0.362)  Acc@1: 88.5417 (88.5417)  Acc@5: 98.9583 (98.9583)
2024-11-19 19:42:52,827 -                train: [    INFO] - Valid: 155 [ 104/104]  Loss: 0.2227 (0.283)  Acc@1: 81.2500 (90.9800)  Acc@5: 100.0000 (99.7300)
2024-11-19 19:42:52,875 -                train: [    INFO] - valid_acc 90.980002 - best_valid_acc 92.230002
2024-11-19 19:42:53,401 -                train: [    INFO] - Train: 156 [   0/520]  Loss: 0.5962 (0.596)  Acc@1: 89.5833 (89.5833)  Acc@5: 98.9583 (98.9583)LR: 2.106e-02
2024-11-19 19:43:37,356 -                train: [    INFO] - Train: 156 [ 200/520]  Loss: 0.3761 (0.459)  Acc@1: 92.7083 (89.1584)  Acc@5: 100.0000 (99.5699)LR: 2.106e-02
2024-11-19 19:44:20,967 -                train: [    INFO] - Train: 156 [ 400/520]  Loss: 0.4481 (0.470)  Acc@1: 88.5417 (88.6326)  Acc@5: 100.0000 (99.5584)LR: 2.106e-02
2024-11-19 19:44:46,986 -                train: [    INFO] - Train: 156 [ 520/520]  Loss: 0.4510 (0.476)  Acc@1: 88.7500 (88.5700)  Acc@5: 98.7500 (99.5360)LR: 2.106e-02
2024-11-19 19:44:47,233 -                train: [    INFO] - Valid: 156 [   0/104]  Loss: 0.2291 (0.229)  Acc@1: 92.7083 (92.7083)  Acc@5: 100.0000 (100.0000)
2024-11-19 19:44:52,909 -                train: [    INFO] - Valid: 156 [ 104/104]  Loss: 0.3962 (0.219)  Acc@1: 93.7500 (92.8800)  Acc@5: 100.0000 (99.8100)
2024-11-19 19:44:53,372 -                train: [    INFO] - valid_acc 92.880003 - best_valid_acc 92.880003
2024-11-19 19:44:53,808 -                train: [    INFO] - Train: 157 [   0/520]  Loss: 0.3278 (0.328)  Acc@1: 92.7083 (92.7083)  Acc@5: 100.0000 (100.0000)LR: 2.101e-02
2024-11-19 19:45:37,363 -                train: [    INFO] - Train: 157 [ 200/520]  Loss: 0.4794 (0.456)  Acc@1: 88.5417 (88.8941)  Acc@5: 100.0000 (99.5232)LR: 2.101e-02
2024-11-19 19:46:20,957 -                train: [    INFO] - Train: 157 [ 400/520]  Loss: 0.5004 (0.473)  Acc@1: 87.5000 (88.5209)  Acc@5: 100.0000 (99.5610)LR: 2.101e-02
2024-11-19 19:46:47,395 -                train: [    INFO] - Train: 157 [ 520/520]  Loss: 0.3853 (0.476)  Acc@1: 91.2500 (88.5260)  Acc@5: 100.0000 (99.5560)LR: 2.101e-02
2024-11-19 19:46:47,652 -                train: [    INFO] - Valid: 157 [   0/104]  Loss: 0.4474 (0.447)  Acc@1: 86.4583 (86.4583)  Acc@5: 97.9167 (97.9167)
2024-11-19 19:46:53,319 -                train: [    INFO] - Valid: 157 [ 104/104]  Loss: 0.2846 (0.329)  Acc@1: 87.5000 (89.5200)  Acc@5: 100.0000 (99.6400)
2024-11-19 19:46:53,347 -                train: [    INFO] - valid_acc 89.520003 - best_valid_acc 92.880003
2024-11-19 19:46:53,772 -                train: [    INFO] - Train: 158 [   0/520]  Loss: 0.6201 (0.620)  Acc@1: 84.3750 (84.3750)  Acc@5: 100.0000 (100.0000)LR: 2.096e-02
2024-11-19 19:47:37,927 -                train: [    INFO] - Train: 158 [ 200/520]  Loss: 0.4430 (0.483)  Acc@1: 86.4583 (88.2929)  Acc@5: 100.0000 (99.5284)LR: 2.096e-02
2024-11-19 19:48:21,626 -                train: [    INFO] - Train: 158 [ 400/520]  Loss: 0.5101 (0.477)  Acc@1: 89.5833 (88.4014)  Acc@5: 98.9583 (99.5402)LR: 2.096e-02
2024-11-19 19:48:47,632 -                train: [    INFO] - Train: 158 [ 520/520]  Loss: 0.6621 (0.475)  Acc@1: 81.2500 (88.4280)  Acc@5: 100.0000 (99.5520)LR: 2.096e-02
2024-11-19 19:48:47,952 -                train: [    INFO] - Valid: 158 [   0/104]  Loss: 0.3935 (0.394)  Acc@1: 87.5000 (87.5000)  Acc@5: 98.9583 (98.9583)
2024-11-19 19:48:53,665 -                train: [    INFO] - Valid: 158 [ 104/104]  Loss: 0.4662 (0.324)  Acc@1: 93.7500 (89.8000)  Acc@5: 100.0000 (99.7100)
2024-11-19 19:48:53,743 -                train: [    INFO] - valid_acc 89.800002 - best_valid_acc 92.880003
2024-11-19 19:48:54,195 -                train: [    INFO] - Train: 159 [   0/520]  Loss: 0.4714 (0.471)  Acc@1: 89.5833 (89.5833)  Acc@5: 100.0000 (100.0000)LR: 2.091e-02
2024-11-19 19:49:38,155 -                train: [    INFO] - Train: 159 [ 200/520]  Loss: 0.5419 (0.474)  Acc@1: 85.4167 (88.5158)  Acc@5: 97.9167 (99.5439)LR: 2.091e-02
2024-11-19 19:50:21,975 -                train: [    INFO] - Train: 159 [ 400/520]  Loss: 0.4482 (0.476)  Acc@1: 88.5417 (88.3936)  Acc@5: 100.0000 (99.5610)LR: 2.091e-02
2024-11-19 19:50:48,074 -                train: [    INFO] - Train: 159 [ 520/520]  Loss: 0.5471 (0.473)  Acc@1: 88.7500 (88.4780)  Acc@5: 100.0000 (99.5640)LR: 2.091e-02
2024-11-19 19:50:48,344 -                train: [    INFO] - Valid: 159 [   0/104]  Loss: 0.3766 (0.377)  Acc@1: 88.5417 (88.5417)  Acc@5: 97.9167 (97.9167)
2024-11-19 19:50:54,026 -                train: [    INFO] - Valid: 159 [ 104/104]  Loss: 0.4375 (0.313)  Acc@1: 87.5000 (90.0400)  Acc@5: 100.0000 (99.6700)
2024-11-19 19:50:54,067 -                train: [    INFO] - valid_acc 90.040002 - best_valid_acc 92.880003
2024-11-19 19:50:54,471 -                train: [    INFO] - Train: 160 [   0/520]  Loss: 0.5482 (0.548)  Acc@1: 85.4167 (85.4167)  Acc@5: 100.0000 (100.0000)LR: 2.086e-02
2024-11-19 19:51:38,447 -                train: [    INFO] - Train: 160 [ 200/520]  Loss: 0.5424 (0.460)  Acc@1: 85.4167 (88.7749)  Acc@5: 100.0000 (99.5180)LR: 2.086e-02
2024-11-19 19:52:22,253 -                train: [    INFO] - Train: 160 [ 400/520]  Loss: 0.3842 (0.472)  Acc@1: 91.6667 (88.6326)  Acc@5: 100.0000 (99.4961)LR: 2.086e-02
2024-11-19 19:52:48,441 -                train: [    INFO] - Train: 160 [ 520/520]  Loss: 0.7783 (0.477)  Acc@1: 78.7500 (88.4940)  Acc@5: 100.0000 (99.5180)LR: 2.086e-02
2024-11-19 19:52:48,731 -                train: [    INFO] - Valid: 160 [   0/104]  Loss: 0.2521 (0.252)  Acc@1: 88.5417 (88.5417)  Acc@5: 100.0000 (100.0000)
2024-11-19 19:52:54,427 -                train: [    INFO] - Valid: 160 [ 104/104]  Loss: 0.1586 (0.271)  Acc@1: 93.7500 (91.4900)  Acc@5: 100.0000 (99.7500)
2024-11-19 19:52:54,467 -                train: [    INFO] - valid_acc 91.490002 - best_valid_acc 92.880003
2024-11-19 19:52:54,919 -                train: [    INFO] - Train: 161 [   0/520]  Loss: 0.4868 (0.487)  Acc@1: 86.4583 (86.4583)  Acc@5: 100.0000 (100.0000)LR: 2.082e-02
2024-11-19 19:53:38,543 -                train: [    INFO] - Train: 161 [ 200/520]  Loss: 0.3396 (0.467)  Acc@1: 89.5833 (88.6557)  Acc@5: 100.0000 (99.5543)LR: 2.082e-02
2024-11-19 19:54:22,562 -                train: [    INFO] - Train: 161 [ 400/520]  Loss: 0.4160 (0.477)  Acc@1: 87.5000 (88.4274)  Acc@5: 100.0000 (99.5324)LR: 2.082e-02
2024-11-19 19:54:48,753 -                train: [    INFO] - Train: 161 [ 520/520]  Loss: 0.3345 (0.477)  Acc@1: 88.7500 (88.3840)  Acc@5: 100.0000 (99.5180)LR: 2.082e-02
2024-11-19 19:54:48,997 -                train: [    INFO] - Valid: 161 [   0/104]  Loss: 0.2916 (0.292)  Acc@1: 90.6250 (90.6250)  Acc@5: 100.0000 (100.0000)
2024-11-19 19:54:54,733 -                train: [    INFO] - Valid: 161 [ 104/104]  Loss: 0.3456 (0.241)  Acc@1: 93.7500 (91.8500)  Acc@5: 100.0000 (99.8100)
2024-11-19 19:54:54,780 -                train: [    INFO] - valid_acc 91.850003 - best_valid_acc 92.880003
2024-11-19 19:54:55,193 -                train: [    INFO] - Train: 162 [   0/520]  Loss: 0.3486 (0.349)  Acc@1: 92.7083 (92.7083)  Acc@5: 98.9583 (98.9583)LR: 2.077e-02
2024-11-19 19:55:39,403 -                train: [    INFO] - Train: 162 [ 200/520]  Loss: 0.3668 (0.473)  Acc@1: 89.5833 (88.3447)  Acc@5: 100.0000 (99.5129)LR: 2.077e-02
2024-11-19 19:56:23,258 -                train: [    INFO] - Train: 162 [ 400/520]  Loss: 0.4948 (0.472)  Acc@1: 90.6250 (88.3962)  Acc@5: 97.9167 (99.5428)LR: 2.077e-02
2024-11-19 19:56:49,767 -                train: [    INFO] - Train: 162 [ 520/520]  Loss: 0.5321 (0.474)  Acc@1: 87.5000 (88.4080)  Acc@5: 98.7500 (99.5380)LR: 2.077e-02
2024-11-19 19:56:50,054 -                train: [    INFO] - Valid: 162 [   0/104]  Loss: 0.2541 (0.254)  Acc@1: 88.5417 (88.5417)  Acc@5: 98.9583 (98.9583)
2024-11-19 19:56:55,790 -                train: [    INFO] - Valid: 162 [ 104/104]  Loss: 0.1871 (0.246)  Acc@1: 93.7500 (91.7400)  Acc@5: 100.0000 (99.6600)
2024-11-19 19:56:55,842 -                train: [    INFO] - valid_acc 91.740002 - best_valid_acc 92.880003
2024-11-19 19:56:56,357 -                train: [    INFO] - Train: 163 [   0/520]  Loss: 0.3100 (0.310)  Acc@1: 93.7500 (93.7500)  Acc@5: 100.0000 (100.0000)LR: 2.072e-02
2024-11-19 19:57:41,623 -                train: [    INFO] - Train: 163 [ 200/520]  Loss: 0.3855 (0.469)  Acc@1: 90.6250 (88.6971)  Acc@5: 100.0000 (99.6217)LR: 2.072e-02
2024-11-19 19:58:27,716 -                train: [    INFO] - Train: 163 [ 400/520]  Loss: 0.4828 (0.476)  Acc@1: 90.6250 (88.5832)  Acc@5: 100.0000 (99.5532)LR: 2.072e-02
2024-11-19 19:58:54,520 -                train: [    INFO] - Train: 163 [ 520/520]  Loss: 0.7911 (0.469)  Acc@1: 81.2500 (88.7180)  Acc@5: 97.5000 (99.5520)LR: 2.072e-02
2024-11-19 19:58:54,880 -                train: [    INFO] - Valid: 163 [   0/104]  Loss: 0.2767 (0.277)  Acc@1: 86.4583 (86.4583)  Acc@5: 100.0000 (100.0000)
2024-11-19 19:59:00,630 -                train: [    INFO] - Valid: 163 [ 104/104]  Loss: 0.1747 (0.249)  Acc@1: 93.7500 (91.9000)  Acc@5: 100.0000 (99.7500)
2024-11-19 19:59:00,670 -                train: [    INFO] - valid_acc 91.900003 - best_valid_acc 92.880003
2024-11-19 19:59:01,145 -                train: [    INFO] - Train: 164 [   0/520]  Loss: 0.4859 (0.486)  Acc@1: 87.5000 (87.5000)  Acc@5: 100.0000 (100.0000)LR: 2.067e-02
2024-11-19 19:59:45,072 -                train: [    INFO] - Train: 164 [ 200/520]  Loss: 0.5615 (0.452)  Acc@1: 87.5000 (89.1428)  Acc@5: 100.0000 (99.5699)LR: 2.067e-02
2024-11-19 20:00:28,872 -                train: [    INFO] - Train: 164 [ 400/520]  Loss: 0.5094 (0.458)  Acc@1: 85.4167 (88.8794)  Acc@5: 98.9583 (99.5506)LR: 2.067e-02
2024-11-19 20:00:55,112 -                train: [    INFO] - Train: 164 [ 520/520]  Loss: 0.2891 (0.464)  Acc@1: 92.5000 (88.7300)  Acc@5: 100.0000 (99.5300)LR: 2.067e-02
2024-11-19 20:00:55,387 -                train: [    INFO] - Valid: 164 [   0/104]  Loss: 0.1747 (0.175)  Acc@1: 94.7917 (94.7917)  Acc@5: 98.9583 (98.9583)
2024-11-19 20:01:01,053 -                train: [    INFO] - Valid: 164 [ 104/104]  Loss: 0.1252 (0.292)  Acc@1: 93.7500 (91.1300)  Acc@5: 100.0000 (99.5300)
2024-11-19 20:01:01,087 -                train: [    INFO] - valid_acc 91.130003 - best_valid_acc 92.880003
2024-11-19 20:01:01,558 -                train: [    INFO] - Train: 165 [   0/520]  Loss: 0.3734 (0.373)  Acc@1: 93.7500 (93.7500)  Acc@5: 98.9583 (98.9583)LR: 2.062e-02
2024-11-19 20:01:45,237 -                train: [    INFO] - Train: 165 [ 200/520]  Loss: 0.4153 (0.459)  Acc@1: 88.5417 (88.8682)  Acc@5: 100.0000 (99.5284)LR: 2.062e-02
2024-11-19 20:02:29,063 -                train: [    INFO] - Train: 165 [ 400/520]  Loss: 0.3345 (0.470)  Acc@1: 90.6250 (88.5131)  Acc@5: 100.0000 (99.5376)LR: 2.062e-02
2024-11-19 20:02:55,040 -                train: [    INFO] - Train: 165 [ 520/520]  Loss: 0.4898 (0.474)  Acc@1: 88.7500 (88.4500)  Acc@5: 100.0000 (99.5200)LR: 2.062e-02
2024-11-19 20:02:55,313 -                train: [    INFO] - Valid: 165 [   0/104]  Loss: 0.2285 (0.228)  Acc@1: 94.7917 (94.7917)  Acc@5: 100.0000 (100.0000)
2024-11-19 20:03:00,982 -                train: [    INFO] - Valid: 165 [ 104/104]  Loss: 0.3531 (0.245)  Acc@1: 93.7500 (92.0300)  Acc@5: 100.0000 (99.7200)
2024-11-19 20:03:01,048 -                train: [    INFO] - valid_acc 92.030003 - best_valid_acc 92.880003
2024-11-19 20:03:01,512 -                train: [    INFO] - Train: 166 [   0/520]  Loss: 0.4661 (0.466)  Acc@1: 85.4167 (85.4167)  Acc@5: 100.0000 (100.0000)LR: 2.057e-02
2024-11-19 20:03:45,475 -                train: [    INFO] - Train: 166 [ 200/520]  Loss: 0.4787 (0.461)  Acc@1: 86.4583 (88.8993)  Acc@5: 100.0000 (99.6113)LR: 2.057e-02
2024-11-19 20:04:29,393 -                train: [    INFO] - Train: 166 [ 400/520]  Loss: 0.7045 (0.466)  Acc@1: 82.2917 (88.8794)  Acc@5: 100.0000 (99.5558)LR: 2.057e-02
2024-11-19 20:04:55,798 -                train: [    INFO] - Train: 166 [ 520/520]  Loss: 0.5058 (0.469)  Acc@1: 85.0000 (88.7760)  Acc@5: 100.0000 (99.5460)LR: 2.057e-02
2024-11-19 20:04:56,059 -                train: [    INFO] - Valid: 166 [   0/104]  Loss: 0.3652 (0.365)  Acc@1: 86.4583 (86.4583)  Acc@5: 100.0000 (100.0000)
2024-11-19 20:05:01,805 -                train: [    INFO] - Valid: 166 [ 104/104]  Loss: 0.06233 (0.283)  Acc@1: 100.0000 (90.5700)  Acc@5: 100.0000 (99.7000)
2024-11-19 20:05:01,847 -                train: [    INFO] - valid_acc 90.570002 - best_valid_acc 92.880003
2024-11-19 20:05:02,339 -                train: [    INFO] - Train: 167 [   0/520]  Loss: 0.5569 (0.557)  Acc@1: 87.5000 (87.5000)  Acc@5: 96.8750 (96.8750)LR: 2.052e-02
2024-11-19 20:05:46,096 -                train: [    INFO] - Train: 167 [ 200/520]  Loss: 0.4651 (0.458)  Acc@1: 91.6667 (88.9304)  Acc@5: 97.9167 (99.4714)LR: 2.052e-02
2024-11-19 20:06:29,632 -                train: [    INFO] - Train: 167 [ 400/520]  Loss: 0.3005 (0.471)  Acc@1: 93.7500 (88.5547)  Acc@5: 100.0000 (99.4987)LR: 2.052e-02
2024-11-19 20:06:55,872 -                train: [    INFO] - Train: 167 [ 520/520]  Loss: 0.4430 (0.472)  Acc@1: 91.2500 (88.4900)  Acc@5: 98.7500 (99.5080)LR: 2.052e-02
2024-11-19 20:06:56,153 -                train: [    INFO] - Valid: 167 [   0/104]  Loss: 0.2409 (0.241)  Acc@1: 91.6667 (91.6667)  Acc@5: 100.0000 (100.0000)
2024-11-19 20:07:01,818 -                train: [    INFO] - Valid: 167 [ 104/104]  Loss: 0.02968 (0.278)  Acc@1: 100.0000 (90.7900)  Acc@5: 100.0000 (99.7900)
2024-11-19 20:07:01,866 -                train: [    INFO] - valid_acc 90.790003 - best_valid_acc 92.880003
2024-11-19 20:07:02,346 -                train: [    INFO] - Train: 168 [   0/520]  Loss: 0.4571 (0.457)  Acc@1: 88.5417 (88.5417)  Acc@5: 100.0000 (100.0000)LR: 2.047e-02
2024-11-19 20:07:45,926 -                train: [    INFO] - Train: 168 [ 200/520]  Loss: 0.5929 (0.448)  Acc@1: 85.4167 (89.0495)  Acc@5: 98.9583 (99.6372)LR: 2.047e-02
2024-11-19 20:08:29,651 -                train: [    INFO] - Train: 168 [ 400/520]  Loss: 0.6628 (0.460)  Acc@1: 84.3750 (88.8014)  Acc@5: 97.9167 (99.5922)LR: 2.047e-02
2024-11-19 20:08:55,749 -                train: [    INFO] - Train: 168 [ 520/520]  Loss: 0.3791 (0.465)  Acc@1: 90.0000 (88.6720)  Acc@5: 100.0000 (99.5700)LR: 2.047e-02
2024-11-19 20:08:56,019 -                train: [    INFO] - Valid: 168 [   0/104]  Loss: 0.1634 (0.163)  Acc@1: 93.7500 (93.7500)  Acc@5: 100.0000 (100.0000)
2024-11-19 20:09:01,804 -                train: [    INFO] - Valid: 168 [ 104/104]  Loss: 0.3261 (0.232)  Acc@1: 93.7500 (92.0400)  Acc@5: 100.0000 (99.8000)
2024-11-19 20:09:01,838 -                train: [    INFO] - valid_acc 92.040003 - best_valid_acc 92.880003
2024-11-19 20:09:02,235 -                train: [    INFO] - Train: 169 [   0/520]  Loss: 0.3823 (0.382)  Acc@1: 90.6250 (90.6250)  Acc@5: 100.0000 (100.0000)LR: 2.042e-02
2024-11-19 20:09:46,095 -                train: [    INFO] - Train: 169 [ 200/520]  Loss: 0.3440 (0.458)  Acc@1: 90.6250 (88.7801)  Acc@5: 100.0000 (99.5854)LR: 2.042e-02
2024-11-19 20:10:29,711 -                train: [    INFO] - Train: 169 [ 400/520]  Loss: 0.6919 (0.464)  Acc@1: 78.1250 (88.6716)  Acc@5: 98.9583 (99.5454)LR: 2.042e-02
2024-11-19 20:10:55,751 -                train: [    INFO] - Train: 169 [ 520/520]  Loss: 0.5341 (0.465)  Acc@1: 86.2500 (88.6840)  Acc@5: 98.7500 (99.5540)LR: 2.042e-02
2024-11-19 20:10:56,058 -                train: [    INFO] - Valid: 169 [   0/104]  Loss: 0.3036 (0.304)  Acc@1: 86.4583 (86.4583)  Acc@5: 100.0000 (100.0000)
2024-11-19 20:11:01,734 -                train: [    INFO] - Valid: 169 [ 104/104]  Loss: 0.3899 (0.244)  Acc@1: 93.7500 (91.8300)  Acc@5: 100.0000 (99.8200)
2024-11-19 20:11:01,769 -                train: [    INFO] - valid_acc 91.830003 - best_valid_acc 92.880003
2024-11-19 20:11:02,305 -                train: [    INFO] - Train: 170 [   0/520]  Loss: 0.4273 (0.427)  Acc@1: 89.5833 (89.5833)  Acc@5: 100.0000 (100.0000)LR: 2.037e-02
2024-11-19 20:11:45,939 -                train: [    INFO] - Train: 170 [ 200/520]  Loss: 0.3278 (0.451)  Acc@1: 94.7917 (89.4020)  Acc@5: 100.0000 (99.5595)LR: 2.037e-02
2024-11-19 20:12:29,523 -                train: [    INFO] - Train: 170 [ 400/520]  Loss: 0.5739 (0.454)  Acc@1: 86.4583 (89.1158)  Acc@5: 100.0000 (99.5714)LR: 2.037e-02
2024-11-19 20:12:55,683 -                train: [    INFO] - Train: 170 [ 520/520]  Loss: 0.3802 (0.458)  Acc@1: 88.7500 (88.9880)  Acc@5: 100.0000 (99.5740)LR: 2.037e-02
2024-11-19 20:12:55,938 -                train: [    INFO] - Valid: 170 [   0/104]  Loss: 0.2755 (0.276)  Acc@1: 91.6667 (91.6667)  Acc@5: 100.0000 (100.0000)
2024-11-19 20:13:01,600 -                train: [    INFO] - Valid: 170 [ 104/104]  Loss: 0.08922 (0.248)  Acc@1: 100.0000 (92.1600)  Acc@5: 100.0000 (99.7900)
2024-11-19 20:13:01,636 -                train: [    INFO] - valid_acc 92.160003 - best_valid_acc 92.880003
2024-11-19 20:13:02,126 -                train: [    INFO] - Train: 171 [   0/520]  Loss: 0.4718 (0.472)  Acc@1: 87.5000 (87.5000)  Acc@5: 100.0000 (100.0000)LR: 2.032e-02
2024-11-19 20:13:45,704 -                train: [    INFO] - Train: 171 [ 200/520]  Loss: 0.6668 (0.465)  Acc@1: 86.4583 (88.9874)  Acc@5: 97.9167 (99.5129)LR: 2.032e-02
2024-11-19 20:14:29,149 -                train: [    INFO] - Train: 171 [ 400/520]  Loss: 0.4035 (0.470)  Acc@1: 90.6250 (88.7677)  Acc@5: 100.0000 (99.5350)LR: 2.032e-02
2024-11-19 20:14:55,215 -                train: [    INFO] - Train: 171 [ 520/520]  Loss: 0.4337 (0.468)  Acc@1: 92.5000 (88.7800)  Acc@5: 98.7500 (99.5460)LR: 2.032e-02
2024-11-19 20:14:55,475 -                train: [    INFO] - Valid: 171 [   0/104]  Loss: 0.4575 (0.457)  Acc@1: 89.5833 (89.5833)  Acc@5: 98.9583 (98.9583)
2024-11-19 20:15:01,172 -                train: [    INFO] - Valid: 171 [ 104/104]  Loss: 0.4230 (0.337)  Acc@1: 87.5000 (89.4700)  Acc@5: 100.0000 (99.5900)
2024-11-19 20:15:01,208 -                train: [    INFO] - valid_acc 89.470003 - best_valid_acc 92.880003
2024-11-19 20:15:01,772 -                train: [    INFO] - Train: 172 [   0/520]  Loss: 0.3941 (0.394)  Acc@1: 91.6667 (91.6667)  Acc@5: 98.9583 (98.9583)LR: 2.026e-02
2024-11-19 20:15:45,262 -                train: [    INFO] - Train: 172 [ 200/520]  Loss: 0.4354 (0.461)  Acc@1: 88.5417 (88.9355)  Acc@5: 98.9583 (99.5647)LR: 2.026e-02
2024-11-19 20:16:28,854 -                train: [    INFO] - Train: 172 [ 400/520]  Loss: 0.5555 (0.462)  Acc@1: 86.4583 (88.7365)  Acc@5: 100.0000 (99.5558)LR: 2.026e-02
2024-11-19 20:16:55,047 -                train: [    INFO] - Train: 172 [ 520/520]  Loss: 0.6656 (0.469)  Acc@1: 83.7500 (88.5840)  Acc@5: 98.7500 (99.5240)LR: 2.026e-02
2024-11-19 20:16:55,361 -                train: [    INFO] - Valid: 172 [   0/104]  Loss: 0.2410 (0.241)  Acc@1: 92.7083 (92.7083)  Acc@5: 98.9583 (98.9583)
2024-11-19 20:17:01,033 -                train: [    INFO] - Valid: 172 [ 104/104]  Loss: 0.3448 (0.281)  Acc@1: 87.5000 (91.1300)  Acc@5: 100.0000 (99.6700)
2024-11-19 20:17:01,083 -                train: [    INFO] - valid_acc 91.130003 - best_valid_acc 92.880003
2024-11-19 20:17:01,603 -                train: [    INFO] - Train: 173 [   0/520]  Loss: 0.3775 (0.377)  Acc@1: 92.7083 (92.7083)  Acc@5: 100.0000 (100.0000)LR: 2.021e-02
2024-11-19 20:17:45,259 -                train: [    INFO] - Train: 173 [ 200/520]  Loss: 0.4006 (0.451)  Acc@1: 90.6250 (89.1895)  Acc@5: 100.0000 (99.5491)LR: 2.021e-02
2024-11-19 20:18:29,039 -                train: [    INFO] - Train: 173 [ 400/520]  Loss: 0.3862 (0.455)  Acc@1: 88.5417 (89.0326)  Acc@5: 100.0000 (99.5350)LR: 2.021e-02
2024-11-19 20:18:55,235 -                train: [    INFO] - Train: 173 [ 520/520]  Loss: 0.3481 (0.457)  Acc@1: 91.2500 (88.9960)  Acc@5: 100.0000 (99.5420)LR: 2.021e-02
2024-11-19 20:18:55,526 -                train: [    INFO] - Valid: 173 [   0/104]  Loss: 0.3508 (0.351)  Acc@1: 90.6250 (90.6250)  Acc@5: 100.0000 (100.0000)
2024-11-19 20:19:01,197 -                train: [    INFO] - Valid: 173 [ 104/104]  Loss: 0.3114 (0.237)  Acc@1: 93.7500 (92.3400)  Acc@5: 100.0000 (99.7000)
2024-11-19 20:19:01,247 -                train: [    INFO] - valid_acc 92.340002 - best_valid_acc 92.880003
2024-11-19 20:19:01,735 -                train: [    INFO] - Train: 174 [   0/520]  Loss: 0.5422 (0.542)  Acc@1: 88.5417 (88.5417)  Acc@5: 97.9167 (97.9167)LR: 2.016e-02
2024-11-19 20:19:45,313 -                train: [    INFO] - Train: 174 [ 200/520]  Loss: 0.5277 (0.463)  Acc@1: 87.5000 (88.8526)  Acc@5: 100.0000 (99.5180)LR: 2.016e-02
2024-11-19 20:20:28,976 -                train: [    INFO] - Train: 174 [ 400/520]  Loss: 0.6007 (0.467)  Acc@1: 86.4583 (88.6949)  Acc@5: 98.9583 (99.5220)LR: 2.016e-02
2024-11-19 20:20:55,164 -                train: [    INFO] - Train: 174 [ 520/520]  Loss: 0.3528 (0.467)  Acc@1: 91.2500 (88.6180)  Acc@5: 100.0000 (99.5280)LR: 2.016e-02
2024-11-19 20:20:55,467 -                train: [    INFO] - Valid: 174 [   0/104]  Loss: 0.3751 (0.375)  Acc@1: 90.6250 (90.6250)  Acc@5: 100.0000 (100.0000)
2024-11-19 20:21:01,136 -                train: [    INFO] - Valid: 174 [ 104/104]  Loss: 0.2019 (0.259)  Acc@1: 87.5000 (91.5200)  Acc@5: 100.0000 (99.7800)
2024-11-19 20:21:01,183 -                train: [    INFO] - valid_acc 91.520003 - best_valid_acc 92.880003
2024-11-19 20:21:01,592 -                train: [    INFO] - Train: 175 [   0/520]  Loss: 0.3131 (0.313)  Acc@1: 90.6250 (90.6250)  Acc@5: 100.0000 (100.0000)LR: 2.011e-02
2024-11-19 20:21:45,130 -                train: [    INFO] - Train: 175 [ 200/520]  Loss: 0.4071 (0.455)  Acc@1: 89.5833 (88.9925)  Acc@5: 100.0000 (99.6217)LR: 2.011e-02
2024-11-19 20:22:28,980 -                train: [    INFO] - Train: 175 [ 400/520]  Loss: 0.4093 (0.462)  Acc@1: 91.6667 (88.8456)  Acc@5: 98.9583 (99.5428)LR: 2.011e-02
2024-11-19 20:22:54,984 -                train: [    INFO] - Train: 175 [ 520/520]  Loss: 0.6545 (0.465)  Acc@1: 81.2500 (88.7660)  Acc@5: 97.5000 (99.5640)LR: 2.011e-02
2024-11-19 20:22:55,321 -                train: [    INFO] - Valid: 175 [   0/104]  Loss: 0.2671 (0.267)  Acc@1: 89.5833 (89.5833)  Acc@5: 100.0000 (100.0000)
2024-11-19 20:23:00,989 -                train: [    INFO] - Valid: 175 [ 104/104]  Loss: 0.1886 (0.261)  Acc@1: 93.7500 (91.0600)  Acc@5: 100.0000 (99.8100)
2024-11-19 20:23:01,039 -                train: [    INFO] - valid_acc 91.060003 - best_valid_acc 92.880003
2024-11-19 20:23:01,633 -                train: [    INFO] - Train: 176 [   0/520]  Loss: 0.2399 (0.240)  Acc@1: 95.8333 (95.8333)  Acc@5: 100.0000 (100.0000)LR: 2.006e-02
2024-11-19 20:23:45,043 -                train: [    INFO] - Train: 176 [ 200/520]  Loss: 0.3232 (0.464)  Acc@1: 90.6250 (88.8993)  Acc@5: 100.0000 (99.5802)LR: 2.006e-02
2024-11-19 20:24:28,853 -                train: [    INFO] - Train: 176 [ 400/520]  Loss: 0.5246 (0.471)  Acc@1: 83.3333 (88.5521)  Acc@5: 100.0000 (99.5870)LR: 2.006e-02
2024-11-19 20:24:55,190 -                train: [    INFO] - Train: 176 [ 520/520]  Loss: 0.3360 (0.466)  Acc@1: 91.2500 (88.6340)  Acc@5: 100.0000 (99.5800)LR: 2.006e-02
2024-11-19 20:24:55,553 -                train: [    INFO] - Valid: 176 [   0/104]  Loss: 0.2432 (0.243)  Acc@1: 88.5417 (88.5417)  Acc@5: 98.9583 (98.9583)
2024-11-19 20:25:01,225 -                train: [    INFO] - Valid: 176 [ 104/104]  Loss: 0.1908 (0.258)  Acc@1: 87.5000 (91.5500)  Acc@5: 100.0000 (99.7900)
2024-11-19 20:25:01,268 -                train: [    INFO] - valid_acc 91.550003 - best_valid_acc 92.880003
2024-11-19 20:25:01,704 -                train: [    INFO] - Train: 177 [   0/520]  Loss: 0.7025 (0.703)  Acc@1: 86.4583 (86.4583)  Acc@5: 96.8750 (96.8750)LR: 2.001e-02
2024-11-19 20:25:45,492 -                train: [    INFO] - Train: 177 [ 200/520]  Loss: 0.5320 (0.443)  Acc@1: 87.5000 (89.3346)  Acc@5: 100.0000 (99.6165)LR: 2.001e-02
2024-11-19 20:26:29,173 -                train: [    INFO] - Train: 177 [ 400/520]  Loss: 0.5136 (0.448)  Acc@1: 85.4167 (89.1963)  Acc@5: 98.9583 (99.5532)LR: 2.001e-02
2024-11-19 20:26:55,337 -                train: [    INFO] - Train: 177 [ 520/520]  Loss: 0.4733 (0.451)  Acc@1: 87.5000 (89.1020)  Acc@5: 98.7500 (99.5400)LR: 2.001e-02
2024-11-19 20:26:55,619 -                train: [    INFO] - Valid: 177 [   0/104]  Loss: 0.1476 (0.148)  Acc@1: 94.7917 (94.7917)  Acc@5: 100.0000 (100.0000)
2024-11-19 20:27:01,362 -                train: [    INFO] - Valid: 177 [ 104/104]  Loss: 0.1242 (0.227)  Acc@1: 93.7500 (92.8800)  Acc@5: 100.0000 (99.7900)
2024-11-19 20:27:01,407 -                train: [    INFO] - valid_acc 92.880002 - best_valid_acc 92.880003
2024-11-19 20:27:02,044 -                train: [    INFO] - Train: 178 [   0/520]  Loss: 0.5801 (0.580)  Acc@1: 85.4167 (85.4167)  Acc@5: 100.0000 (100.0000)LR: 1.995e-02
2024-11-19 20:27:47,026 -                train: [    INFO] - Train: 178 [ 200/520]  Loss: 0.5465 (0.449)  Acc@1: 86.4583 (89.0806)  Acc@5: 100.0000 (99.6217)LR: 1.995e-02
2024-11-19 20:28:31,003 -                train: [    INFO] - Train: 178 [ 400/520]  Loss: 0.6445 (0.445)  Acc@1: 83.3333 (89.4015)  Acc@5: 100.0000 (99.6285)LR: 1.995e-02
2024-11-19 20:28:57,369 -                train: [    INFO] - Train: 178 [ 520/520]  Loss: 0.4238 (0.454)  Acc@1: 88.7500 (89.1980)  Acc@5: 100.0000 (99.5840)LR: 1.995e-02
2024-11-19 20:28:57,678 -                train: [    INFO] - Valid: 178 [   0/104]  Loss: 0.3419 (0.342)  Acc@1: 93.7500 (93.7500)  Acc@5: 100.0000 (100.0000)
2024-11-19 20:29:03,347 -                train: [    INFO] - Valid: 178 [ 104/104]  Loss: 0.3679 (0.248)  Acc@1: 87.5000 (91.8800)  Acc@5: 100.0000 (99.6600)
2024-11-19 20:29:03,392 -                train: [    INFO] - valid_acc 91.880002 - best_valid_acc 92.880003
2024-11-19 20:29:03,860 -                train: [    INFO] - Train: 179 [   0/520]  Loss: 0.4475 (0.447)  Acc@1: 88.5417 (88.5417)  Acc@5: 100.0000 (100.0000)LR: 1.990e-02
2024-11-19 20:29:48,124 -                train: [    INFO] - Train: 179 [ 200/520]  Loss: 0.2422 (0.454)  Acc@1: 95.8333 (88.9925)  Acc@5: 100.0000 (99.5802)LR: 1.990e-02
2024-11-19 20:30:32,730 -                train: [    INFO] - Train: 179 [ 400/520]  Loss: 0.2883 (0.457)  Acc@1: 93.7500 (88.9625)  Acc@5: 100.0000 (99.5558)LR: 1.990e-02
2024-11-19 20:30:59,418 -                train: [    INFO] - Train: 179 [ 520/520]  Loss: 0.2898 (0.460)  Acc@1: 92.5000 (88.8880)  Acc@5: 100.0000 (99.5580)LR: 1.990e-02
2024-11-19 20:30:59,762 -                train: [    INFO] - Valid: 179 [   0/104]  Loss: 0.3773 (0.377)  Acc@1: 89.5833 (89.5833)  Acc@5: 97.9167 (97.9167)
2024-11-19 20:31:05,456 -                train: [    INFO] - Valid: 179 [ 104/104]  Loss: 0.4073 (0.241)  Acc@1: 93.7500 (92.3300)  Acc@5: 100.0000 (99.8000)
2024-11-19 20:31:05,500 -                train: [    INFO] - valid_acc 92.330003 - best_valid_acc 92.880003
2024-11-19 20:31:06,049 -                train: [    INFO] - Train: 180 [   0/520]  Loss: 0.3308 (0.331)  Acc@1: 91.6667 (91.6667)  Acc@5: 100.0000 (100.0000)LR: 1.985e-02
2024-11-19 20:31:49,792 -                train: [    INFO] - Train: 180 [ 200/520]  Loss: 0.4934 (0.449)  Acc@1: 88.5417 (88.8837)  Acc@5: 100.0000 (99.5699)LR: 1.985e-02
2024-11-19 20:32:33,416 -                train: [    INFO] - Train: 180 [ 400/520]  Loss: 0.4688 (0.466)  Acc@1: 89.5833 (88.7001)  Acc@5: 100.0000 (99.5090)LR: 1.985e-02
2024-11-19 20:32:59,476 -                train: [    INFO] - Train: 180 [ 520/520]  Loss: 0.3342 (0.463)  Acc@1: 93.7500 (88.8200)  Acc@5: 98.7500 (99.5100)LR: 1.985e-02
2024-11-19 20:32:59,744 -                train: [    INFO] - Valid: 180 [   0/104]  Loss: 0.3400 (0.340)  Acc@1: 87.5000 (87.5000)  Acc@5: 100.0000 (100.0000)
2024-11-19 20:33:05,498 -                train: [    INFO] - Valid: 180 [ 104/104]  Loss: 0.3485 (0.268)  Acc@1: 93.7500 (91.3800)  Acc@5: 100.0000 (99.5600)
2024-11-19 20:33:05,532 -                train: [    INFO] - valid_acc 91.380002 - best_valid_acc 92.880003
2024-11-19 20:33:05,958 -                train: [    INFO] - Train: 181 [   0/520]  Loss: 0.6875 (0.688)  Acc@1: 81.2500 (81.2500)  Acc@5: 100.0000 (100.0000)LR: 1.979e-02
2024-11-19 20:33:49,329 -                train: [    INFO] - Train: 181 [ 200/520]  Loss: 0.4172 (0.444)  Acc@1: 89.5833 (89.2776)  Acc@5: 98.9583 (99.6580)LR: 1.979e-02
2024-11-19 20:34:33,940 -                train: [    INFO] - Train: 181 [ 400/520]  Loss: 0.4489 (0.458)  Acc@1: 91.6667 (88.8612)  Acc@5: 100.0000 (99.5844)LR: 1.979e-02
2024-11-19 20:35:00,337 -                train: [    INFO] - Train: 181 [ 520/520]  Loss: 0.3685 (0.465)  Acc@1: 91.2500 (88.7400)  Acc@5: 98.7500 (99.5460)LR: 1.979e-02
2024-11-19 20:35:00,679 -                train: [    INFO] - Valid: 181 [   0/104]  Loss: 0.2440 (0.244)  Acc@1: 91.6667 (91.6667)  Acc@5: 100.0000 (100.0000)
2024-11-19 20:35:06,389 -                train: [    INFO] - Valid: 181 [ 104/104]  Loss: 0.03247 (0.219)  Acc@1: 100.0000 (92.7400)  Acc@5: 100.0000 (99.7900)
2024-11-19 20:35:06,437 -                train: [    INFO] - valid_acc 92.740002 - best_valid_acc 92.880003
2024-11-19 20:35:06,869 -                train: [    INFO] - Train: 182 [   0/520]  Loss: 0.4334 (0.433)  Acc@1: 88.5417 (88.5417)  Acc@5: 100.0000 (100.0000)LR: 1.974e-02
2024-11-19 20:35:51,635 -                train: [    INFO] - Train: 182 [ 200/520]  Loss: 0.3798 (0.446)  Acc@1: 92.7083 (89.3139)  Acc@5: 100.0000 (99.6476)LR: 1.974e-02
2024-11-19 20:36:36,104 -                train: [    INFO] - Train: 182 [ 400/520]  Loss: 0.4840 (0.453)  Acc@1: 88.5417 (89.1469)  Acc@5: 100.0000 (99.6233)LR: 1.974e-02
2024-11-19 20:37:02,627 -                train: [    INFO] - Train: 182 [ 520/520]  Loss: 0.5812 (0.457)  Acc@1: 88.7500 (89.0520)  Acc@5: 98.7500 (99.6100)LR: 1.974e-02
2024-11-19 20:37:02,945 -                train: [    INFO] - Valid: 182 [   0/104]  Loss: 0.2610 (0.261)  Acc@1: 90.6250 (90.6250)  Acc@5: 100.0000 (100.0000)
2024-11-19 20:37:08,659 -                train: [    INFO] - Valid: 182 [ 104/104]  Loss: 0.2724 (0.299)  Acc@1: 93.7500 (89.9900)  Acc@5: 100.0000 (99.7800)
2024-11-19 20:37:08,698 -                train: [    INFO] - valid_acc 89.990002 - best_valid_acc 92.880003
2024-11-19 20:37:09,160 -                train: [    INFO] - Train: 183 [   0/520]  Loss: 0.4782 (0.478)  Acc@1: 86.4583 (86.4583)  Acc@5: 100.0000 (100.0000)LR: 1.969e-02
2024-11-19 20:37:52,840 -                train: [    INFO] - Train: 183 [ 200/520]  Loss: 0.3180 (0.451)  Acc@1: 94.7917 (89.0910)  Acc@5: 100.0000 (99.6580)LR: 1.969e-02
2024-11-19 20:38:36,441 -                train: [    INFO] - Train: 183 [ 400/520]  Loss: 0.6104 (0.451)  Acc@1: 87.5000 (89.1729)  Acc@5: 97.9167 (99.5948)LR: 1.969e-02
2024-11-19 20:39:02,524 -                train: [    INFO] - Train: 183 [ 520/520]  Loss: 0.5165 (0.455)  Acc@1: 85.0000 (89.0420)  Acc@5: 100.0000 (99.5960)LR: 1.969e-02
2024-11-19 20:39:02,851 -                train: [    INFO] - Valid: 183 [   0/104]  Loss: 0.5036 (0.504)  Acc@1: 85.4167 (85.4167)  Acc@5: 98.9583 (98.9583)
2024-11-19 20:39:08,518 -                train: [    INFO] - Valid: 183 [ 104/104]  Loss: 0.4311 (0.267)  Acc@1: 93.7500 (91.3400)  Acc@5: 100.0000 (99.8400)
2024-11-19 20:39:08,547 -                train: [    INFO] - valid_acc 91.340003 - best_valid_acc 92.880003
2024-11-19 20:39:08,980 -                train: [    INFO] - Train: 184 [   0/520]  Loss: 0.4271 (0.427)  Acc@1: 88.5417 (88.5417)  Acc@5: 98.9583 (98.9583)LR: 1.963e-02
2024-11-19 20:39:52,509 -                train: [    INFO] - Train: 184 [ 200/520]  Loss: 0.4070 (0.453)  Acc@1: 92.7083 (88.8682)  Acc@5: 100.0000 (99.5491)LR: 1.963e-02
2024-11-19 20:40:35,987 -                train: [    INFO] - Train: 184 [ 400/520]  Loss: 0.5058 (0.456)  Acc@1: 89.5833 (88.8872)  Acc@5: 98.9583 (99.5558)LR: 1.963e-02
2024-11-19 20:41:02,087 -                train: [    INFO] - Train: 184 [ 520/520]  Loss: 0.5241 (0.457)  Acc@1: 86.2500 (88.8700)  Acc@5: 100.0000 (99.5400)LR: 1.963e-02
2024-11-19 20:41:02,361 -                train: [    INFO] - Valid: 184 [   0/104]  Loss: 0.3422 (0.342)  Acc@1: 88.5417 (88.5417)  Acc@5: 98.9583 (98.9583)
2024-11-19 20:41:08,029 -                train: [    INFO] - Valid: 184 [ 104/104]  Loss: 0.3949 (0.254)  Acc@1: 87.5000 (91.9300)  Acc@5: 100.0000 (99.8500)
2024-11-19 20:41:08,062 -                train: [    INFO] - valid_acc 91.930002 - best_valid_acc 92.880003
2024-11-19 20:41:08,556 -                train: [    INFO] - Train: 185 [   0/520]  Loss: 0.4898 (0.490)  Acc@1: 87.5000 (87.5000)  Acc@5: 98.9583 (98.9583)LR: 1.958e-02
2024-11-19 20:41:52,171 -                train: [    INFO] - Train: 185 [ 200/520]  Loss: 0.5678 (0.451)  Acc@1: 84.3750 (88.9770)  Acc@5: 100.0000 (99.6165)LR: 1.958e-02
2024-11-19 20:42:35,762 -                train: [    INFO] - Train: 185 [ 400/520]  Loss: 0.3096 (0.453)  Acc@1: 92.7083 (89.0326)  Acc@5: 100.0000 (99.5922)LR: 1.958e-02
2024-11-19 20:43:02,032 -                train: [    INFO] - Train: 185 [ 520/520]  Loss: 0.4321 (0.454)  Acc@1: 87.5000 (89.0440)  Acc@5: 100.0000 (99.5780)LR: 1.958e-02
2024-11-19 20:43:02,360 -                train: [    INFO] - Valid: 185 [   0/104]  Loss: 0.3963 (0.396)  Acc@1: 88.5417 (88.5417)  Acc@5: 98.9583 (98.9583)
2024-11-19 20:43:08,084 -                train: [    INFO] - Valid: 185 [ 104/104]  Loss: 0.4894 (0.289)  Acc@1: 87.5000 (90.6900)  Acc@5: 100.0000 (99.7900)
2024-11-19 20:43:08,129 -                train: [    INFO] - valid_acc 90.690002 - best_valid_acc 92.880003
2024-11-19 20:43:08,559 -                train: [    INFO] - Train: 186 [   0/520]  Loss: 0.3251 (0.325)  Acc@1: 91.6667 (91.6667)  Acc@5: 100.0000 (100.0000)LR: 1.953e-02
2024-11-19 20:43:52,346 -                train: [    INFO] - Train: 186 [ 200/520]  Loss: 0.4215 (0.464)  Acc@1: 88.5417 (88.8889)  Acc@5: 100.0000 (99.5336)LR: 1.953e-02
2024-11-19 20:44:36,007 -                train: [    INFO] - Train: 186 [ 400/520]  Loss: 0.4580 (0.459)  Acc@1: 89.5833 (89.0015)  Acc@5: 100.0000 (99.5480)LR: 1.953e-02
2024-11-19 20:45:02,009 -                train: [    INFO] - Train: 186 [ 520/520]  Loss: 0.5700 (0.464)  Acc@1: 85.0000 (88.8320)  Acc@5: 100.0000 (99.5280)LR: 1.953e-02
2024-11-19 20:45:02,297 -                train: [    INFO] - Valid: 186 [   0/104]  Loss: 0.1931 (0.193)  Acc@1: 91.6667 (91.6667)  Acc@5: 100.0000 (100.0000)
2024-11-19 20:45:07,999 -                train: [    INFO] - Valid: 186 [ 104/104]  Loss: 0.1508 (0.246)  Acc@1: 93.7500 (91.8100)  Acc@5: 100.0000 (99.8200)
2024-11-19 20:45:08,029 -                train: [    INFO] - valid_acc 91.810003 - best_valid_acc 92.880003
2024-11-19 20:45:08,491 -                train: [    INFO] - Train: 187 [   0/520]  Loss: 0.5561 (0.556)  Acc@1: 87.5000 (87.5000)  Acc@5: 100.0000 (100.0000)LR: 1.947e-02
2024-11-19 20:45:52,522 -                train: [    INFO] - Train: 187 [ 200/520]  Loss: 0.6241 (0.442)  Acc@1: 86.4583 (89.2828)  Acc@5: 100.0000 (99.5906)LR: 1.947e-02
2024-11-19 20:46:36,099 -                train: [    INFO] - Train: 187 [ 400/520]  Loss: 0.4822 (0.453)  Acc@1: 88.5417 (88.9547)  Acc@5: 100.0000 (99.5766)LR: 1.947e-02
2024-11-19 20:47:02,276 -                train: [    INFO] - Train: 187 [ 520/520]  Loss: 0.6657 (0.456)  Acc@1: 85.0000 (88.8600)  Acc@5: 98.7500 (99.5720)LR: 1.947e-02
2024-11-19 20:47:02,514 -                train: [    INFO] - Valid: 187 [   0/104]  Loss: 0.2377 (0.238)  Acc@1: 90.6250 (90.6250)  Acc@5: 100.0000 (100.0000)
2024-11-19 20:47:08,191 -                train: [    INFO] - Valid: 187 [ 104/104]  Loss: 0.5648 (0.244)  Acc@1: 93.7500 (91.7700)  Acc@5: 100.0000 (99.8400)
2024-11-19 20:47:08,226 -                train: [    INFO] - valid_acc 91.770002 - best_valid_acc 92.880003
2024-11-19 20:47:08,692 -                train: [    INFO] - Train: 188 [   0/520]  Loss: 0.4562 (0.456)  Acc@1: 86.4583 (86.4583)  Acc@5: 100.0000 (100.0000)LR: 1.942e-02
2024-11-19 20:47:52,237 -                train: [    INFO] - Train: 188 [ 200/520]  Loss: 0.2877 (0.441)  Acc@1: 91.6667 (89.2309)  Acc@5: 98.9583 (99.6217)LR: 1.942e-02
2024-11-19 20:48:36,022 -                train: [    INFO] - Train: 188 [ 400/520]  Loss: 0.5485 (0.451)  Acc@1: 86.4583 (89.1443)  Acc@5: 98.9583 (99.5974)LR: 1.942e-02
2024-11-19 20:49:02,103 -                train: [    INFO] - Train: 188 [ 520/520]  Loss: 0.4201 (0.456)  Acc@1: 88.7500 (88.9840)  Acc@5: 100.0000 (99.5840)LR: 1.942e-02
2024-11-19 20:49:02,410 -                train: [    INFO] - Valid: 188 [   0/104]  Loss: 0.1948 (0.195)  Acc@1: 93.7500 (93.7500)  Acc@5: 100.0000 (100.0000)
2024-11-19 20:49:08,080 -                train: [    INFO] - Valid: 188 [ 104/104]  Loss: 0.1356 (0.244)  Acc@1: 93.7500 (92.3000)  Acc@5: 100.0000 (99.7600)
2024-11-19 20:49:08,114 -                train: [    INFO] - valid_acc 92.300002 - best_valid_acc 92.880003
2024-11-19 20:49:08,598 -                train: [    INFO] - Train: 189 [   0/520]  Loss: 0.3405 (0.340)  Acc@1: 91.6667 (91.6667)  Acc@5: 100.0000 (100.0000)LR: 1.936e-02
2024-11-19 20:49:52,279 -                train: [    INFO] - Train: 189 [ 200/520]  Loss: 0.3247 (0.447)  Acc@1: 89.5833 (89.1636)  Acc@5: 100.0000 (99.6061)LR: 1.936e-02
2024-11-19 20:50:36,461 -                train: [    INFO] - Train: 189 [ 400/520]  Loss: 0.4624 (0.453)  Acc@1: 88.5417 (88.9417)  Acc@5: 100.0000 (99.5844)LR: 1.936e-02
2024-11-19 20:51:02,976 -                train: [    INFO] - Train: 189 [ 520/520]  Loss: 0.3386 (0.454)  Acc@1: 91.2500 (88.9900)  Acc@5: 100.0000 (99.5740)LR: 1.936e-02
2024-11-19 20:51:03,306 -                train: [    INFO] - Valid: 189 [   0/104]  Loss: 0.2036 (0.204)  Acc@1: 93.7500 (93.7500)  Acc@5: 100.0000 (100.0000)
2024-11-19 20:51:08,988 -                train: [    INFO] - Valid: 189 [ 104/104]  Loss: 0.2420 (0.237)  Acc@1: 93.7500 (92.1700)  Acc@5: 100.0000 (99.8100)
2024-11-19 20:51:09,021 -                train: [    INFO] - valid_acc 92.170003 - best_valid_acc 92.880003
2024-11-19 20:51:09,516 -                train: [    INFO] - Train: 190 [   0/520]  Loss: 0.4944 (0.494)  Acc@1: 88.5417 (88.5417)  Acc@5: 98.9583 (98.9583)LR: 1.931e-02
2024-11-19 20:51:53,152 -                train: [    INFO] - Train: 190 [ 200/520]  Loss: 0.4692 (0.446)  Acc@1: 86.4583 (89.1221)  Acc@5: 98.9583 (99.5647)LR: 1.931e-02
2024-11-19 20:52:36,675 -                train: [    INFO] - Train: 190 [ 400/520]  Loss: 0.6516 (0.454)  Acc@1: 83.3333 (89.0326)  Acc@5: 100.0000 (99.5376)LR: 1.931e-02
2024-11-19 20:53:02,705 -                train: [    INFO] - Train: 190 [ 520/520]  Loss: 0.3593 (0.455)  Acc@1: 88.7500 (89.0060)  Acc@5: 100.0000 (99.5620)LR: 1.931e-02
2024-11-19 20:53:03,050 -                train: [    INFO] - Valid: 190 [   0/104]  Loss: 0.3203 (0.320)  Acc@1: 91.6667 (91.6667)  Acc@5: 98.9583 (98.9583)
2024-11-19 20:53:08,721 -                train: [    INFO] - Valid: 190 [ 104/104]  Loss: 0.1239 (0.231)  Acc@1: 100.0000 (92.4900)  Acc@5: 100.0000 (99.8500)
2024-11-19 20:53:08,754 -                train: [    INFO] - valid_acc 92.490003 - best_valid_acc 92.880003
2024-11-19 20:53:09,216 -                train: [    INFO] - Train: 191 [   0/520]  Loss: 0.4198 (0.420)  Acc@1: 89.5833 (89.5833)  Acc@5: 100.0000 (100.0000)LR: 1.925e-02
2024-11-19 20:53:54,374 -                train: [    INFO] - Train: 191 [ 200/520]  Loss: 0.1877 (0.440)  Acc@1: 96.8750 (89.1687)  Acc@5: 100.0000 (99.5802)LR: 1.925e-02
2024-11-19 20:54:39,648 -                train: [    INFO] - Train: 191 [ 400/520]  Loss: 0.4053 (0.446)  Acc@1: 92.7083 (89.1859)  Acc@5: 100.0000 (99.5454)LR: 1.925e-02
2024-11-19 20:55:06,234 -                train: [    INFO] - Train: 191 [ 520/520]  Loss: 0.5100 (0.453)  Acc@1: 83.7500 (89.0380)  Acc@5: 100.0000 (99.5440)LR: 1.925e-02
2024-11-19 20:55:06,634 -                train: [    INFO] - Valid: 191 [   0/104]  Loss: 0.3163 (0.316)  Acc@1: 89.5833 (89.5833)  Acc@5: 98.9583 (98.9583)
2024-11-19 20:55:12,340 -                train: [    INFO] - Valid: 191 [ 104/104]  Loss: 0.5564 (0.268)  Acc@1: 75.0000 (91.3300)  Acc@5: 100.0000 (99.6900)
2024-11-19 20:55:12,416 -                train: [    INFO] - valid_acc 91.330003 - best_valid_acc 92.880003
2024-11-19 20:55:12,916 -                train: [    INFO] - Train: 192 [   0/520]  Loss: 0.5606 (0.561)  Acc@1: 84.3750 (84.3750)  Acc@5: 100.0000 (100.0000)LR: 1.920e-02
2024-11-19 20:55:58,831 -                train: [    INFO] - Train: 192 [ 200/520]  Loss: 0.4298 (0.454)  Acc@1: 89.5833 (88.9822)  Acc@5: 100.0000 (99.6061)LR: 1.920e-02
2024-11-19 20:56:43,228 -                train: [    INFO] - Train: 192 [ 400/520]  Loss: 0.4278 (0.454)  Acc@1: 88.5417 (88.9911)  Acc@5: 100.0000 (99.6000)LR: 1.920e-02
2024-11-19 20:57:10,056 -                train: [    INFO] - Train: 192 [ 520/520]  Loss: 0.5662 (0.452)  Acc@1: 87.5000 (89.1180)  Acc@5: 98.7500 (99.6060)LR: 1.920e-02
2024-11-19 20:57:10,320 -                train: [    INFO] - Valid: 192 [   0/104]  Loss: 0.2320 (0.232)  Acc@1: 91.6667 (91.6667)  Acc@5: 100.0000 (100.0000)
2024-11-19 20:57:15,991 -                train: [    INFO] - Valid: 192 [ 104/104]  Loss: 0.6100 (0.264)  Acc@1: 75.0000 (91.6200)  Acc@5: 100.0000 (99.7900)
2024-11-19 20:57:16,051 -                train: [    INFO] - valid_acc 91.620003 - best_valid_acc 92.880003
2024-11-19 20:57:16,508 -                train: [    INFO] - Train: 193 [   0/520]  Loss: 0.3405 (0.341)  Acc@1: 93.7500 (93.7500)  Acc@5: 97.9167 (97.9167)LR: 1.914e-02
2024-11-19 20:58:00,261 -                train: [    INFO] - Train: 193 [ 200/520]  Loss: 0.3985 (0.446)  Acc@1: 90.6250 (89.2879)  Acc@5: 98.9583 (99.5958)LR: 1.914e-02
2024-11-19 20:58:43,991 -                train: [    INFO] - Train: 193 [ 400/520]  Loss: 0.6378 (0.444)  Acc@1: 86.4583 (89.3625)  Acc@5: 98.9583 (99.5740)LR: 1.914e-02
2024-11-19 20:59:10,048 -                train: [    INFO] - Train: 193 [ 520/520]  Loss: 0.3014 (0.447)  Acc@1: 91.2500 (89.2020)  Acc@5: 100.0000 (99.5700)LR: 1.914e-02
2024-11-19 20:59:10,362 -                train: [    INFO] - Valid: 193 [   0/104]  Loss: 0.2084 (0.208)  Acc@1: 94.7917 (94.7917)  Acc@5: 100.0000 (100.0000)
2024-11-19 20:59:16,058 -                train: [    INFO] - Valid: 193 [ 104/104]  Loss: 0.2272 (0.241)  Acc@1: 93.7500 (92.0200)  Acc@5: 100.0000 (99.8100)
2024-11-19 20:59:16,091 -                train: [    INFO] - valid_acc 92.020002 - best_valid_acc 92.880003
2024-11-19 20:59:16,578 -                train: [    INFO] - Train: 194 [   0/520]  Loss: 0.4342 (0.434)  Acc@1: 87.5000 (87.5000)  Acc@5: 100.0000 (100.0000)LR: 1.909e-02
2024-11-19 21:00:01,506 -                train: [    INFO] - Train: 194 [ 200/520]  Loss: 0.4309 (0.430)  Acc@1: 90.6250 (89.5833)  Acc@5: 100.0000 (99.6269)LR: 1.909e-02
2024-11-19 21:00:46,023 -                train: [    INFO] - Train: 194 [ 400/520]  Loss: 0.7477 (0.453)  Acc@1: 87.5000 (88.9859)  Acc@5: 97.9167 (99.5766)LR: 1.909e-02
2024-11-19 21:01:13,142 -                train: [    INFO] - Train: 194 [ 520/520]  Loss: 0.3549 (0.450)  Acc@1: 91.2500 (89.0740)  Acc@5: 100.0000 (99.5740)LR: 1.909e-02
2024-11-19 21:01:13,527 -                train: [    INFO] - Valid: 194 [   0/104]  Loss: 0.2401 (0.240)  Acc@1: 93.7500 (93.7500)  Acc@5: 100.0000 (100.0000)
2024-11-19 21:01:19,199 -                train: [    INFO] - Valid: 194 [ 104/104]  Loss: 0.2226 (0.219)  Acc@1: 87.5000 (93.0100)  Acc@5: 100.0000 (99.7300)
2024-11-19 21:01:19,705 -                train: [    INFO] - valid_acc 93.010003 - best_valid_acc 93.010003
2024-11-19 21:01:20,187 -                train: [    INFO] - Train: 195 [   0/520]  Loss: 0.2894 (0.289)  Acc@1: 92.7083 (92.7083)  Acc@5: 100.0000 (100.0000)LR: 1.903e-02
2024-11-19 21:02:06,106 -                train: [    INFO] - Train: 195 [ 200/520]  Loss: 0.8029 (0.444)  Acc@1: 78.1250 (89.2879)  Acc@5: 98.9583 (99.5284)LR: 1.903e-02
2024-11-19 21:02:51,700 -                train: [    INFO] - Train: 195 [ 400/520]  Loss: 0.5871 (0.450)  Acc@1: 87.5000 (89.1729)  Acc@5: 98.9583 (99.5740)LR: 1.903e-02
2024-11-19 21:03:18,378 -                train: [    INFO] - Train: 195 [ 520/520]  Loss: 0.4737 (0.449)  Acc@1: 87.5000 (89.1600)  Acc@5: 98.7500 (99.5660)LR: 1.903e-02
2024-11-19 21:03:18,706 -                train: [    INFO] - Valid: 195 [   0/104]  Loss: 0.2748 (0.275)  Acc@1: 89.5833 (89.5833)  Acc@5: 100.0000 (100.0000)
2024-11-19 21:03:24,531 -                train: [    INFO] - Valid: 195 [ 104/104]  Loss: 0.3138 (0.229)  Acc@1: 93.7500 (92.4000)  Acc@5: 100.0000 (99.6800)
2024-11-19 21:03:24,573 -                train: [    INFO] - valid_acc 92.400002 - best_valid_acc 93.010003
2024-11-19 21:03:25,031 -                train: [    INFO] - Train: 196 [   0/520]  Loss: 0.3424 (0.342)  Acc@1: 92.7083 (92.7083)  Acc@5: 100.0000 (100.0000)LR: 1.898e-02
2024-11-19 21:04:10,223 -                train: [    INFO] - Train: 196 [ 200/520]  Loss: 0.4772 (0.437)  Acc@1: 88.5417 (89.5885)  Acc@5: 100.0000 (99.5802)LR: 1.898e-02
2024-11-19 21:04:54,405 -                train: [    INFO] - Train: 196 [ 400/520]  Loss: 0.3501 (0.440)  Acc@1: 92.7083 (89.4560)  Acc@5: 100.0000 (99.5792)LR: 1.898e-02
2024-11-19 21:05:20,526 -                train: [    INFO] - Train: 196 [ 520/520]  Loss: 0.4290 (0.447)  Acc@1: 88.7500 (89.3140)  Acc@5: 100.0000 (99.5680)LR: 1.898e-02
2024-11-19 21:05:20,834 -                train: [    INFO] - Valid: 196 [   0/104]  Loss: 0.2581 (0.258)  Acc@1: 87.5000 (87.5000)  Acc@5: 100.0000 (100.0000)
2024-11-19 21:05:26,506 -                train: [    INFO] - Valid: 196 [ 104/104]  Loss: 0.1167 (0.250)  Acc@1: 100.0000 (91.9800)  Acc@5: 100.0000 (99.7900)
2024-11-19 21:05:26,538 -                train: [    INFO] - valid_acc 91.980003 - best_valid_acc 93.010003
2024-11-19 21:05:26,978 -                train: [    INFO] - Train: 197 [   0/520]  Loss: 0.4324 (0.432)  Acc@1: 90.6250 (90.6250)  Acc@5: 98.9583 (98.9583)LR: 1.892e-02
2024-11-19 21:06:10,705 -                train: [    INFO] - Train: 197 [ 200/520]  Loss: 0.4458 (0.440)  Acc@1: 89.5833 (89.5160)  Acc@5: 100.0000 (99.6839)LR: 1.892e-02
2024-11-19 21:06:55,135 -                train: [    INFO] - Train: 197 [ 400/520]  Loss: 0.4865 (0.449)  Acc@1: 88.5417 (89.2560)  Acc@5: 100.0000 (99.6181)LR: 1.892e-02
2024-11-19 21:07:21,404 -                train: [    INFO] - Train: 197 [ 520/520]  Loss: 0.5309 (0.447)  Acc@1: 88.7500 (89.3200)  Acc@5: 98.7500 (99.6140)LR: 1.892e-02
2024-11-19 21:07:21,699 -                train: [    INFO] - Valid: 197 [   0/104]  Loss: 0.1897 (0.190)  Acc@1: 93.7500 (93.7500)  Acc@5: 100.0000 (100.0000)
2024-11-19 21:07:27,400 -                train: [    INFO] - Valid: 197 [ 104/104]  Loss: 0.3669 (0.229)  Acc@1: 93.7500 (92.6800)  Acc@5: 100.0000 (99.7900)
2024-11-19 21:07:28,741 -                train: [    INFO] - valid_acc 92.680003 - best_valid_acc 93.010003
2024-11-19 21:07:29,142 -                train: [    INFO] - Train: 198 [   0/520]  Loss: 0.5934 (0.593)  Acc@1: 84.3750 (84.3750)  Acc@5: 100.0000 (100.0000)LR: 1.886e-02
2024-11-19 21:08:12,760 -                train: [    INFO] - Train: 198 [ 200/520]  Loss: 0.3514 (0.432)  Acc@1: 90.6250 (89.4797)  Acc@5: 100.0000 (99.6269)LR: 1.886e-02
2024-11-19 21:08:56,615 -                train: [    INFO] - Train: 198 [ 400/520]  Loss: 0.3736 (0.435)  Acc@1: 89.5833 (89.3859)  Acc@5: 100.0000 (99.6155)LR: 1.886e-02
2024-11-19 21:09:22,786 -                train: [    INFO] - Train: 198 [ 520/520]  Loss: 0.4068 (0.446)  Acc@1: 91.2500 (89.1740)  Acc@5: 100.0000 (99.5800)LR: 1.886e-02
2024-11-19 21:09:23,092 -                train: [    INFO] - Valid: 198 [   0/104]  Loss: 0.2531 (0.253)  Acc@1: 92.7083 (92.7083)  Acc@5: 98.9583 (98.9583)
2024-11-19 21:09:28,770 -                train: [    INFO] - Valid: 198 [ 104/104]  Loss: 0.2910 (0.246)  Acc@1: 93.7500 (92.1500)  Acc@5: 100.0000 (99.7300)
2024-11-19 21:09:28,853 -                train: [    INFO] - valid_acc 92.150003 - best_valid_acc 93.010003
2024-11-19 21:09:29,443 -                train: [    INFO] - Train: 199 [   0/520]  Loss: 0.3512 (0.351)  Acc@1: 91.6667 (91.6667)  Acc@5: 100.0000 (100.0000)LR: 1.881e-02
2024-11-19 21:10:15,338 -                train: [    INFO] - Train: 199 [ 200/520]  Loss: 0.6141 (0.441)  Acc@1: 83.3333 (89.4486)  Acc@5: 100.0000 (99.5647)LR: 1.881e-02
2024-11-19 21:11:00,028 -                train: [    INFO] - Train: 199 [ 400/520]  Loss: 0.4021 (0.441)  Acc@1: 85.4167 (89.4327)  Acc@5: 100.0000 (99.5584)LR: 1.881e-02
2024-11-19 21:11:27,224 -                train: [    INFO] - Train: 199 [ 520/520]  Loss: 0.4733 (0.445)  Acc@1: 90.0000 (89.3080)  Acc@5: 100.0000 (99.5460)LR: 1.881e-02
2024-11-19 21:11:27,506 -                train: [    INFO] - Valid: 199 [   0/104]  Loss: 0.2173 (0.217)  Acc@1: 91.6667 (91.6667)  Acc@5: 100.0000 (100.0000)
2024-11-19 21:11:33,190 -                train: [    INFO] - Valid: 199 [ 104/104]  Loss: 0.2216 (0.224)  Acc@1: 93.7500 (92.6100)  Acc@5: 100.0000 (99.8500)
2024-11-19 21:11:33,224 -                train: [    INFO] - valid_acc 92.610002 - best_valid_acc 93.010003
2024-11-19 21:11:33,669 -                train: [    INFO] - Train: 200 [   0/520]  Loss: 0.6429 (0.643)  Acc@1: 87.5000 (87.5000)  Acc@5: 97.9167 (97.9167)LR: 1.875e-02
2024-11-19 21:12:17,394 -                train: [    INFO] - Train: 200 [ 200/520]  Loss: 0.5161 (0.451)  Acc@1: 89.5833 (89.3657)  Acc@5: 98.9583 (99.4921)LR: 1.875e-02
2024-11-19 21:13:01,089 -                train: [    INFO] - Train: 200 [ 400/520]  Loss: 0.4452 (0.455)  Acc@1: 88.5417 (89.0820)  Acc@5: 98.9583 (99.5766)LR: 1.875e-02
2024-11-19 21:13:27,243 -                train: [    INFO] - Train: 200 [ 520/520]  Loss: 0.5241 (0.453)  Acc@1: 88.7500 (89.1520)  Acc@5: 98.7500 (99.5780)LR: 1.875e-02
2024-11-19 21:13:27,518 -                train: [    INFO] - Valid: 200 [   0/104]  Loss: 0.2268 (0.227)  Acc@1: 90.6250 (90.6250)  Acc@5: 100.0000 (100.0000)
2024-11-19 21:13:33,185 -                train: [    INFO] - Valid: 200 [ 104/104]  Loss: 0.5904 (0.265)  Acc@1: 87.5000 (91.5500)  Acc@5: 100.0000 (99.7800)
2024-11-19 21:13:33,236 -                train: [    INFO] - valid_acc 91.550002 - best_valid_acc 93.010003
2024-11-19 21:13:33,703 -                train: [    INFO] - Train: 201 [   0/520]  Loss: 0.6672 (0.667)  Acc@1: 81.2500 (81.2500)  Acc@5: 100.0000 (100.0000)LR: 1.869e-02
2024-11-19 21:14:17,324 -                train: [    INFO] - Train: 201 [ 200/520]  Loss: 0.4719 (0.447)  Acc@1: 89.5833 (89.1273)  Acc@5: 98.9583 (99.6061)LR: 1.869e-02
2024-11-19 21:15:00,983 -                train: [    INFO] - Train: 201 [ 400/520]  Loss: 0.3439 (0.450)  Acc@1: 91.6667 (88.9911)  Acc@5: 100.0000 (99.5922)LR: 1.869e-02
2024-11-19 21:15:27,165 -                train: [    INFO] - Train: 201 [ 520/520]  Loss: 0.3958 (0.452)  Acc@1: 88.7500 (88.9540)  Acc@5: 100.0000 (99.5940)LR: 1.869e-02
2024-11-19 21:15:27,466 -                train: [    INFO] - Valid: 201 [   0/104]  Loss: 0.3154 (0.315)  Acc@1: 88.5417 (88.5417)  Acc@5: 100.0000 (100.0000)
2024-11-19 21:15:33,157 -                train: [    INFO] - Valid: 201 [ 104/104]  Loss: 0.07278 (0.231)  Acc@1: 100.0000 (92.1500)  Acc@5: 100.0000 (99.9000)
2024-11-19 21:15:33,198 -                train: [    INFO] - valid_acc 92.150003 - best_valid_acc 93.010003
2024-11-19 21:15:33,705 -                train: [    INFO] - Train: 202 [   0/520]  Loss: 0.3538 (0.354)  Acc@1: 91.6667 (91.6667)  Acc@5: 100.0000 (100.0000)LR: 1.864e-02
2024-11-19 21:16:17,752 -                train: [    INFO] - Train: 202 [ 200/520]  Loss: 0.6827 (0.452)  Acc@1: 82.2917 (89.1273)  Acc@5: 100.0000 (99.5439)LR: 1.864e-02
2024-11-19 21:17:01,434 -                train: [    INFO] - Train: 202 [ 400/520]  Loss: 0.3965 (0.448)  Acc@1: 88.5417 (89.2612)  Acc@5: 98.9583 (99.5662)LR: 1.864e-02
2024-11-19 21:17:27,679 -                train: [    INFO] - Train: 202 [ 520/520]  Loss: 0.4355 (0.451)  Acc@1: 91.2500 (89.1480)  Acc@5: 100.0000 (99.5460)LR: 1.864e-02
2024-11-19 21:17:27,979 -                train: [    INFO] - Valid: 202 [   0/104]  Loss: 0.1690 (0.169)  Acc@1: 94.7917 (94.7917)  Acc@5: 100.0000 (100.0000)
2024-11-19 21:17:33,683 -                train: [    INFO] - Valid: 202 [ 104/104]  Loss: 0.1161 (0.244)  Acc@1: 93.7500 (92.0900)  Acc@5: 100.0000 (99.7800)
2024-11-19 21:17:33,736 -                train: [    INFO] - valid_acc 92.090003 - best_valid_acc 93.010003
2024-11-19 21:17:34,263 -                train: [    INFO] - Train: 203 [   0/520]  Loss: 0.3079 (0.308)  Acc@1: 90.6250 (90.6250)  Acc@5: 100.0000 (100.0000)LR: 1.858e-02
2024-11-19 21:18:17,772 -                train: [    INFO] - Train: 203 [ 200/520]  Loss: 0.5773 (0.440)  Acc@1: 85.4167 (89.2828)  Acc@5: 100.0000 (99.6269)LR: 1.858e-02
2024-11-19 21:19:01,391 -                train: [    INFO] - Train: 203 [ 400/520]  Loss: 0.6617 (0.449)  Acc@1: 82.2917 (89.0976)  Acc@5: 100.0000 (99.5662)LR: 1.858e-02
2024-11-19 21:19:27,528 -                train: [    INFO] - Train: 203 [ 520/520]  Loss: 0.4361 (0.447)  Acc@1: 87.5000 (89.1200)  Acc@5: 100.0000 (99.5840)LR: 1.858e-02
2024-11-19 21:19:27,819 -                train: [    INFO] - Valid: 203 [   0/104]  Loss: 0.2141 (0.214)  Acc@1: 94.7917 (94.7917)  Acc@5: 100.0000 (100.0000)
2024-11-19 21:19:33,523 -                train: [    INFO] - Valid: 203 [ 104/104]  Loss: 0.4298 (0.229)  Acc@1: 87.5000 (92.6300)  Acc@5: 100.0000 (99.8200)
2024-11-19 21:19:33,567 -                train: [    INFO] - valid_acc 92.630002 - best_valid_acc 93.010003
2024-11-19 21:19:34,025 -                train: [    INFO] - Train: 204 [   0/520]  Loss: 0.5581 (0.558)  Acc@1: 86.4583 (86.4583)  Acc@5: 98.9583 (98.9583)LR: 1.852e-02
2024-11-19 21:20:17,679 -                train: [    INFO] - Train: 204 [ 200/520]  Loss: 0.4045 (0.444)  Acc@1: 91.6667 (89.1947)  Acc@5: 100.0000 (99.6217)LR: 1.852e-02
2024-11-19 21:21:01,450 -                train: [    INFO] - Train: 204 [ 400/520]  Loss: 0.3885 (0.445)  Acc@1: 92.7083 (89.2275)  Acc@5: 100.0000 (99.6078)LR: 1.852e-02
2024-11-19 21:21:27,482 -                train: [    INFO] - Train: 204 [ 520/520]  Loss: 0.6228 (0.447)  Acc@1: 88.7500 (89.2140)  Acc@5: 97.5000 (99.6060)LR: 1.852e-02
2024-11-19 21:21:28,209 -                train: [    INFO] - Valid: 204 [   0/104]  Loss: 0.1768 (0.177)  Acc@1: 94.7917 (94.7917)  Acc@5: 100.0000 (100.0000)
2024-11-19 21:21:33,882 -                train: [    INFO] - Valid: 204 [ 104/104]  Loss: 0.4066 (0.245)  Acc@1: 93.7500 (91.9600)  Acc@5: 100.0000 (99.8300)
2024-11-19 21:21:33,924 -                train: [    INFO] - valid_acc 91.960003 - best_valid_acc 93.010003
2024-11-19 21:21:34,457 -                train: [    INFO] - Train: 205 [   0/520]  Loss: 0.6709 (0.671)  Acc@1: 83.3333 (83.3333)  Acc@5: 100.0000 (100.0000)LR: 1.846e-02
2024-11-19 21:22:18,167 -                train: [    INFO] - Train: 205 [ 200/520]  Loss: 0.3545 (0.430)  Acc@1: 89.5833 (89.5056)  Acc@5: 100.0000 (99.6113)LR: 1.846e-02
2024-11-19 21:23:02,236 -                train: [    INFO] - Train: 205 [ 400/520]  Loss: 0.4115 (0.444)  Acc@1: 91.6667 (89.1365)  Acc@5: 98.9583 (99.5922)LR: 1.846e-02
2024-11-19 21:23:28,391 -                train: [    INFO] - Train: 205 [ 520/520]  Loss: 0.3354 (0.445)  Acc@1: 93.7500 (89.1760)  Acc@5: 100.0000 (99.5880)LR: 1.846e-02
2024-11-19 21:23:28,685 -                train: [    INFO] - Valid: 205 [   0/104]  Loss: 0.2370 (0.237)  Acc@1: 92.7083 (92.7083)  Acc@5: 100.0000 (100.0000)
2024-11-19 21:23:34,364 -                train: [    INFO] - Valid: 205 [ 104/104]  Loss: 0.1052 (0.217)  Acc@1: 100.0000 (92.7900)  Acc@5: 100.0000 (99.8600)
2024-11-19 21:23:34,396 -                train: [    INFO] - valid_acc 92.790003 - best_valid_acc 93.010003
2024-11-19 21:23:34,840 -                train: [    INFO] - Train: 206 [   0/520]  Loss: 0.2948 (0.295)  Acc@1: 92.7083 (92.7083)  Acc@5: 100.0000 (100.0000)LR: 1.841e-02
2024-11-19 21:24:18,739 -                train: [    INFO] - Train: 206 [ 200/520]  Loss: 0.4432 (0.430)  Acc@1: 89.5833 (89.4952)  Acc@5: 100.0000 (99.6165)LR: 1.841e-02
2024-11-19 21:25:02,320 -                train: [    INFO] - Train: 206 [ 400/520]  Loss: 0.4938 (0.446)  Acc@1: 89.5833 (89.1599)  Acc@5: 98.9583 (99.5584)LR: 1.841e-02
2024-11-19 21:25:28,355 -                train: [    INFO] - Train: 206 [ 520/520]  Loss: 0.3430 (0.448)  Acc@1: 93.7500 (89.1160)  Acc@5: 100.0000 (99.5460)LR: 1.841e-02
2024-11-19 21:25:28,672 -                train: [    INFO] - Valid: 206 [   0/104]  Loss: 0.3127 (0.313)  Acc@1: 90.6250 (90.6250)  Acc@5: 100.0000 (100.0000)
2024-11-19 21:25:34,402 -                train: [    INFO] - Valid: 206 [ 104/104]  Loss: 0.4165 (0.243)  Acc@1: 87.5000 (91.8200)  Acc@5: 100.0000 (99.7600)
2024-11-19 21:25:34,451 -                train: [    INFO] - valid_acc 91.820002 - best_valid_acc 93.010003
2024-11-19 21:25:34,934 -                train: [    INFO] - Train: 207 [   0/520]  Loss: 0.3055 (0.305)  Acc@1: 93.7500 (93.7500)  Acc@5: 98.9583 (98.9583)LR: 1.835e-02
2024-11-19 21:26:19,725 -                train: [    INFO] - Train: 207 [ 200/520]  Loss: 0.4971 (0.436)  Acc@1: 86.4583 (89.4382)  Acc@5: 100.0000 (99.5802)LR: 1.835e-02
2024-11-19 21:27:03,362 -                train: [    INFO] - Train: 207 [ 400/520]  Loss: 0.6276 (0.445)  Acc@1: 84.3750 (89.2560)  Acc@5: 97.9167 (99.5220)LR: 1.835e-02
2024-11-19 21:27:29,615 -                train: [    INFO] - Train: 207 [ 520/520]  Loss: 0.8153 (0.447)  Acc@1: 81.2500 (89.2460)  Acc@5: 97.5000 (99.5320)LR: 1.835e-02
2024-11-19 21:27:29,897 -                train: [    INFO] - Valid: 207 [   0/104]  Loss: 0.2489 (0.249)  Acc@1: 92.7083 (92.7083)  Acc@5: 100.0000 (100.0000)
2024-11-19 21:27:35,565 -                train: [    INFO] - Valid: 207 [ 104/104]  Loss: 0.4297 (0.246)  Acc@1: 87.5000 (92.1700)  Acc@5: 100.0000 (99.7400)
2024-11-19 21:27:35,597 -                train: [    INFO] - valid_acc 92.170002 - best_valid_acc 93.010003
2024-11-19 21:27:36,061 -                train: [    INFO] - Train: 208 [   0/520]  Loss: 0.5457 (0.546)  Acc@1: 86.4583 (86.4583)  Acc@5: 100.0000 (100.0000)LR: 1.829e-02
2024-11-19 21:28:20,633 -                train: [    INFO] - Train: 208 [ 200/520]  Loss: 0.3155 (0.433)  Acc@1: 92.7083 (89.5211)  Acc@5: 100.0000 (99.6580)LR: 1.829e-02
2024-11-19 21:29:04,972 -                train: [    INFO] - Train: 208 [ 400/520]  Loss: 0.4044 (0.435)  Acc@1: 92.7083 (89.4509)  Acc@5: 100.0000 (99.6597)LR: 1.829e-02
2024-11-19 21:29:31,489 -                train: [    INFO] - Train: 208 [ 520/520]  Loss: 0.3541 (0.439)  Acc@1: 91.2500 (89.3620)  Acc@5: 98.7500 (99.6300)LR: 1.829e-02
2024-11-19 21:29:31,809 -                train: [    INFO] - Valid: 208 [   0/104]  Loss: 0.2465 (0.247)  Acc@1: 92.7083 (92.7083)  Acc@5: 100.0000 (100.0000)
2024-11-19 21:29:37,478 -                train: [    INFO] - Valid: 208 [ 104/104]  Loss: 0.2317 (0.224)  Acc@1: 93.7500 (92.7000)  Acc@5: 100.0000 (99.8200)
2024-11-19 21:29:37,516 -                train: [    INFO] - valid_acc 92.700002 - best_valid_acc 93.010003
2024-11-19 21:29:37,980 -                train: [    INFO] - Train: 209 [   0/520]  Loss: 0.4534 (0.453)  Acc@1: 90.6250 (90.6250)  Acc@5: 98.9583 (98.9583)LR: 1.823e-02
2024-11-19 21:30:21,693 -                train: [    INFO] - Train: 209 [ 200/520]  Loss: 0.4561 (0.445)  Acc@1: 88.5417 (89.4434)  Acc@5: 100.0000 (99.5647)LR: 1.823e-02
2024-11-19 21:31:05,393 -                train: [    INFO] - Train: 209 [ 400/520]  Loss: 0.3647 (0.441)  Acc@1: 91.6667 (89.5028)  Acc@5: 98.9583 (99.5688)LR: 1.823e-02
2024-11-19 21:31:31,484 -                train: [    INFO] - Train: 209 [ 520/520]  Loss: 0.5525 (0.442)  Acc@1: 90.0000 (89.4860)  Acc@5: 98.7500 (99.5480)LR: 1.823e-02
2024-11-19 21:31:31,755 -                train: [    INFO] - Valid: 209 [   0/104]  Loss: 0.3401 (0.340)  Acc@1: 91.6667 (91.6667)  Acc@5: 100.0000 (100.0000)
2024-11-19 21:31:37,439 -                train: [    INFO] - Valid: 209 [ 104/104]  Loss: 0.08734 (0.238)  Acc@1: 93.7500 (92.4300)  Acc@5: 100.0000 (99.7900)
2024-11-19 21:31:37,616 -                train: [    INFO] - valid_acc 92.430003 - best_valid_acc 93.010003
2024-11-19 21:31:38,039 -                train: [    INFO] - Train: 210 [   0/520]  Loss: 0.4498 (0.450)  Acc@1: 88.5417 (88.5417)  Acc@5: 98.9583 (98.9583)LR: 1.817e-02
2024-11-19 21:32:21,449 -                train: [    INFO] - Train: 210 [ 200/520]  Loss: 0.6036 (0.443)  Acc@1: 87.5000 (89.2465)  Acc@5: 100.0000 (99.5906)LR: 1.817e-02
2024-11-19 21:33:05,001 -                train: [    INFO] - Train: 210 [ 400/520]  Loss: 0.2984 (0.446)  Acc@1: 90.6250 (89.1365)  Acc@5: 100.0000 (99.5948)LR: 1.817e-02
2024-11-19 21:33:31,120 -                train: [    INFO] - Train: 210 [ 520/520]  Loss: 0.2524 (0.445)  Acc@1: 95.0000 (89.1880)  Acc@5: 100.0000 (99.5800)LR: 1.817e-02
2024-11-19 21:33:31,427 -                train: [    INFO] - Valid: 210 [   0/104]  Loss: 0.3392 (0.339)  Acc@1: 89.5833 (89.5833)  Acc@5: 98.9583 (98.9583)
2024-11-19 21:33:37,100 -                train: [    INFO] - Valid: 210 [ 104/104]  Loss: 0.2472 (0.284)  Acc@1: 93.7500 (90.9300)  Acc@5: 100.0000 (99.7900)
2024-11-19 21:33:37,149 -                train: [    INFO] - valid_acc 90.930003 - best_valid_acc 93.010003
2024-11-19 21:33:37,577 -                train: [    INFO] - Train: 211 [   0/520]  Loss: 0.4282 (0.428)  Acc@1: 89.5833 (89.5833)  Acc@5: 100.0000 (100.0000)LR: 1.812e-02
2024-11-19 21:34:21,209 -                train: [    INFO] - Train: 211 [ 200/520]  Loss: 0.6151 (0.439)  Acc@1: 86.4583 (89.2879)  Acc@5: 98.9583 (99.6113)LR: 1.812e-02
2024-11-19 21:35:04,969 -                train: [    INFO] - Train: 211 [ 400/520]  Loss: 0.2737 (0.437)  Acc@1: 93.7500 (89.3807)  Acc@5: 98.9583 (99.6052)LR: 1.812e-02
2024-11-19 21:35:30,962 -                train: [    INFO] - Train: 211 [ 520/520]  Loss: 0.6154 (0.437)  Acc@1: 83.7500 (89.3940)  Acc@5: 98.7500 (99.6160)LR: 1.812e-02
2024-11-19 21:35:31,272 -                train: [    INFO] - Valid: 211 [   0/104]  Loss: 0.3534 (0.353)  Acc@1: 88.5417 (88.5417)  Acc@5: 100.0000 (100.0000)
2024-11-19 21:35:37,006 -                train: [    INFO] - Valid: 211 [ 104/104]  Loss: 0.2686 (0.241)  Acc@1: 93.7500 (92.0900)  Acc@5: 100.0000 (99.8100)
2024-11-19 21:35:37,047 -                train: [    INFO] - valid_acc 92.090003 - best_valid_acc 93.010003
2024-11-19 21:35:37,572 -                train: [    INFO] - Train: 212 [   0/520]  Loss: 0.4202 (0.420)  Acc@1: 90.6250 (90.6250)  Acc@5: 100.0000 (100.0000)LR: 1.806e-02
2024-11-19 21:36:21,248 -                train: [    INFO] - Train: 212 [ 200/520]  Loss: 0.4412 (0.432)  Acc@1: 89.5833 (89.4486)  Acc@5: 100.0000 (99.6372)LR: 1.806e-02
2024-11-19 21:37:04,927 -                train: [    INFO] - Train: 212 [ 400/520]  Loss: 0.4548 (0.431)  Acc@1: 88.5417 (89.6353)  Acc@5: 98.9583 (99.6311)LR: 1.806e-02
2024-11-19 21:37:30,996 -                train: [    INFO] - Train: 212 [ 520/520]  Loss: 0.2653 (0.436)  Acc@1: 95.0000 (89.4840)  Acc@5: 100.0000 (99.6260)LR: 1.806e-02
2024-11-19 21:37:31,349 -                train: [    INFO] - Valid: 212 [   0/104]  Loss: 0.2226 (0.223)  Acc@1: 92.7083 (92.7083)  Acc@5: 100.0000 (100.0000)
2024-11-19 21:37:37,046 -                train: [    INFO] - Valid: 212 [ 104/104]  Loss: 0.2165 (0.228)  Acc@1: 93.7500 (92.8200)  Acc@5: 100.0000 (99.8300)
2024-11-19 21:37:37,080 -                train: [    INFO] - valid_acc 92.820003 - best_valid_acc 93.010003
2024-11-19 21:37:37,546 -                train: [    INFO] - Train: 213 [   0/520]  Loss: 0.3899 (0.390)  Acc@1: 91.6667 (91.6667)  Acc@5: 100.0000 (100.0000)LR: 1.800e-02
2024-11-19 21:38:21,122 -                train: [    INFO] - Train: 213 [ 200/520]  Loss: 0.3925 (0.435)  Acc@1: 90.6250 (89.4279)  Acc@5: 100.0000 (99.5906)LR: 1.800e-02
2024-11-19 21:39:04,651 -                train: [    INFO] - Train: 213 [ 400/520]  Loss: 0.4072 (0.438)  Acc@1: 89.5833 (89.3755)  Acc@5: 100.0000 (99.5922)LR: 1.800e-02
2024-11-19 21:39:30,908 -                train: [    INFO] - Train: 213 [ 520/520]  Loss: 0.5080 (0.438)  Acc@1: 88.7500 (89.4020)  Acc@5: 100.0000 (99.5960)LR: 1.800e-02
2024-11-19 21:39:31,179 -                train: [    INFO] - Valid: 213 [   0/104]  Loss: 0.3115 (0.311)  Acc@1: 90.6250 (90.6250)  Acc@5: 100.0000 (100.0000)
2024-11-19 21:39:36,843 -                train: [    INFO] - Valid: 213 [ 104/104]  Loss: 0.3799 (0.218)  Acc@1: 93.7500 (92.9100)  Acc@5: 100.0000 (99.7400)
2024-11-19 21:39:37,055 -                train: [    INFO] - valid_acc 92.910002 - best_valid_acc 93.010003
2024-11-19 21:39:37,477 -                train: [    INFO] - Train: 214 [   0/520]  Loss: 0.3079 (0.308)  Acc@1: 89.5833 (89.5833)  Acc@5: 100.0000 (100.0000)LR: 1.794e-02
2024-11-19 21:40:22,653 -                train: [    INFO] - Train: 214 [ 200/520]  Loss: 0.4103 (0.436)  Acc@1: 88.5417 (89.5315)  Acc@5: 100.0000 (99.5802)LR: 1.794e-02
2024-11-19 21:41:07,712 -                train: [    INFO] - Train: 214 [ 400/520]  Loss: 0.5666 (0.438)  Acc@1: 85.4167 (89.4664)  Acc@5: 100.0000 (99.5558)LR: 1.794e-02
2024-11-19 21:41:34,182 -                train: [    INFO] - Train: 214 [ 520/520]  Loss: 0.2496 (0.436)  Acc@1: 95.0000 (89.4560)  Acc@5: 100.0000 (99.5740)LR: 1.794e-02
2024-11-19 21:41:34,529 -                train: [    INFO] - Valid: 214 [   0/104]  Loss: 0.4042 (0.404)  Acc@1: 87.5000 (87.5000)  Acc@5: 100.0000 (100.0000)
2024-11-19 21:41:40,252 -                train: [    INFO] - Valid: 214 [ 104/104]  Loss: 0.1123 (0.293)  Acc@1: 93.7500 (90.5200)  Acc@5: 100.0000 (99.8200)
2024-11-19 21:41:40,285 -                train: [    INFO] - valid_acc 90.520002 - best_valid_acc 93.010003
2024-11-19 21:41:40,776 -                train: [    INFO] - Train: 215 [   0/520]  Loss: 0.3835 (0.383)  Acc@1: 92.7083 (92.7083)  Acc@5: 100.0000 (100.0000)LR: 1.788e-02
2024-11-19 21:42:24,545 -                train: [    INFO] - Train: 215 [ 200/520]  Loss: 0.5378 (0.425)  Acc@1: 92.7083 (89.7699)  Acc@5: 100.0000 (99.5906)LR: 1.788e-02
2024-11-19 21:43:08,282 -                train: [    INFO] - Train: 215 [ 400/520]  Loss: 0.5120 (0.429)  Acc@1: 88.5417 (89.6457)  Acc@5: 98.9583 (99.6181)LR: 1.788e-02
2024-11-19 21:43:34,600 -                train: [    INFO] - Train: 215 [ 520/520]  Loss: 0.3520 (0.436)  Acc@1: 93.7500 (89.4800)  Acc@5: 100.0000 (99.6060)LR: 1.788e-02
2024-11-19 21:43:34,900 -                train: [    INFO] - Valid: 215 [   0/104]  Loss: 0.3712 (0.371)  Acc@1: 88.5417 (88.5417)  Acc@5: 100.0000 (100.0000)
2024-11-19 21:43:40,577 -                train: [    INFO] - Valid: 215 [ 104/104]  Loss: 0.3013 (0.230)  Acc@1: 87.5000 (92.4100)  Acc@5: 100.0000 (99.7600)
2024-11-19 21:43:40,619 -                train: [    INFO] - valid_acc 92.410003 - best_valid_acc 93.010003
2024-11-19 21:43:41,095 -                train: [    INFO] - Train: 216 [   0/520]  Loss: 0.4231 (0.423)  Acc@1: 88.5417 (88.5417)  Acc@5: 100.0000 (100.0000)LR: 1.782e-02
2024-11-19 21:44:25,216 -                train: [    INFO] - Train: 216 [ 200/520]  Loss: 0.3634 (0.449)  Acc@1: 93.7500 (89.2931)  Acc@5: 98.9583 (99.5232)LR: 1.782e-02
2024-11-19 21:45:09,020 -                train: [    INFO] - Train: 216 [ 400/520]  Loss: 0.2903 (0.444)  Acc@1: 93.7500 (89.3599)  Acc@5: 100.0000 (99.5818)LR: 1.782e-02
2024-11-19 21:45:35,171 -                train: [    INFO] - Train: 216 [ 520/520]  Loss: 0.3133 (0.447)  Acc@1: 93.7500 (89.2980)  Acc@5: 100.0000 (99.5660)LR: 1.782e-02
2024-11-19 21:45:35,520 -                train: [    INFO] - Valid: 216 [   0/104]  Loss: 0.5372 (0.537)  Acc@1: 85.4167 (85.4167)  Acc@5: 100.0000 (100.0000)
2024-11-19 21:45:41,190 -                train: [    INFO] - Valid: 216 [ 104/104]  Loss: 0.2425 (0.341)  Acc@1: 87.5000 (89.0900)  Acc@5: 100.0000 (99.6700)
2024-11-19 21:45:41,222 -                train: [    INFO] - valid_acc 89.090003 - best_valid_acc 93.010003
2024-11-19 21:45:41,736 -                train: [    INFO] - Train: 217 [   0/520]  Loss: 0.6346 (0.635)  Acc@1: 85.4167 (85.4167)  Acc@5: 98.9583 (98.9583)LR: 1.776e-02
2024-11-19 21:46:25,377 -                train: [    INFO] - Train: 217 [ 200/520]  Loss: 0.4992 (0.432)  Acc@1: 86.4583 (89.6973)  Acc@5: 100.0000 (99.6165)LR: 1.776e-02
2024-11-19 21:47:09,036 -                train: [    INFO] - Train: 217 [ 400/520]  Loss: 0.2633 (0.443)  Acc@1: 95.8333 (89.4093)  Acc@5: 98.9583 (99.6052)LR: 1.776e-02
2024-11-19 21:47:35,325 -                train: [    INFO] - Train: 217 [ 520/520]  Loss: 0.3887 (0.442)  Acc@1: 93.7500 (89.4200)  Acc@5: 98.7500 (99.6000)LR: 1.776e-02
2024-11-19 21:47:35,601 -                train: [    INFO] - Valid: 217 [   0/104]  Loss: 0.2442 (0.244)  Acc@1: 90.6250 (90.6250)  Acc@5: 100.0000 (100.0000)
2024-11-19 21:47:41,293 -                train: [    INFO] - Valid: 217 [ 104/104]  Loss: 0.1308 (0.238)  Acc@1: 93.7500 (92.5200)  Acc@5: 100.0000 (99.8100)
2024-11-19 21:47:41,367 -                train: [    INFO] - valid_acc 92.520003 - best_valid_acc 93.010003
2024-11-19 21:47:41,857 -                train: [    INFO] - Train: 218 [   0/520]  Loss: 0.2090 (0.209)  Acc@1: 96.8750 (96.8750)  Acc@5: 100.0000 (100.0000)LR: 1.770e-02
2024-11-19 21:48:25,316 -                train: [    INFO] - Train: 218 [ 200/520]  Loss: 0.3768 (0.437)  Acc@1: 91.6667 (89.5367)  Acc@5: 100.0000 (99.6061)LR: 1.770e-02
2024-11-19 21:49:08,930 -                train: [    INFO] - Train: 218 [ 400/520]  Loss: 0.2703 (0.434)  Acc@1: 94.7917 (89.6353)  Acc@5: 98.9583 (99.5818)LR: 1.770e-02
2024-11-19 21:49:35,136 -                train: [    INFO] - Train: 218 [ 520/520]  Loss: 0.4946 (0.436)  Acc@1: 83.7500 (89.5820)  Acc@5: 100.0000 (99.5820)LR: 1.770e-02
2024-11-19 21:49:35,441 -                train: [    INFO] - Valid: 218 [   0/104]  Loss: 0.3513 (0.351)  Acc@1: 89.5833 (89.5833)  Acc@5: 100.0000 (100.0000)
2024-11-19 21:49:41,136 -                train: [    INFO] - Valid: 218 [ 104/104]  Loss: 0.2266 (0.221)  Acc@1: 93.7500 (92.7500)  Acc@5: 100.0000 (99.7900)
2024-11-19 21:49:41,173 -                train: [    INFO] - valid_acc 92.750002 - best_valid_acc 93.010003
2024-11-19 21:49:41,611 -                train: [    INFO] - Train: 219 [   0/520]  Loss: 0.3003 (0.300)  Acc@1: 93.7500 (93.7500)  Acc@5: 100.0000 (100.0000)LR: 1.764e-02
2024-11-19 21:50:25,211 -                train: [    INFO] - Train: 219 [ 200/520]  Loss: 0.4148 (0.415)  Acc@1: 93.7500 (89.9409)  Acc@5: 98.9583 (99.6217)LR: 1.764e-02
2024-11-19 21:51:09,012 -                train: [    INFO] - Train: 219 [ 400/520]  Loss: 0.5329 (0.429)  Acc@1: 88.5417 (89.5496)  Acc@5: 100.0000 (99.6078)LR: 1.764e-02
2024-11-19 21:51:35,187 -                train: [    INFO] - Train: 219 [ 520/520]  Loss: 0.4677 (0.430)  Acc@1: 90.0000 (89.6000)  Acc@5: 100.0000 (99.5960)LR: 1.764e-02
2024-11-19 21:51:35,560 -                train: [    INFO] - Valid: 219 [   0/104]  Loss: 0.3840 (0.384)  Acc@1: 86.4583 (86.4583)  Acc@5: 100.0000 (100.0000)
2024-11-19 21:51:41,231 -                train: [    INFO] - Valid: 219 [ 104/104]  Loss: 0.08429 (0.257)  Acc@1: 93.7500 (91.5900)  Acc@5: 100.0000 (99.7500)
2024-11-19 21:51:41,266 -                train: [    INFO] - valid_acc 91.590002 - best_valid_acc 93.010003
2024-11-19 21:51:41,737 -                train: [    INFO] - Train: 220 [   0/520]  Loss: 0.4555 (0.455)  Acc@1: 88.5417 (88.5417)  Acc@5: 100.0000 (100.0000)LR: 1.758e-02
2024-11-19 21:52:25,433 -                train: [    INFO] - Train: 220 [ 200/520]  Loss: 0.3506 (0.426)  Acc@1: 91.6667 (89.9254)  Acc@5: 100.0000 (99.6010)LR: 1.758e-02
2024-11-19 21:53:08,952 -                train: [    INFO] - Train: 220 [ 400/520]  Loss: 0.5751 (0.435)  Acc@1: 86.4583 (89.5262)  Acc@5: 97.9167 (99.6078)LR: 1.758e-02
2024-11-19 21:53:35,127 -                train: [    INFO] - Train: 220 [ 520/520]  Loss: 0.7537 (0.438)  Acc@1: 80.0000 (89.4020)  Acc@5: 100.0000 (99.6020)LR: 1.758e-02
2024-11-19 21:53:35,403 -                train: [    INFO] - Valid: 220 [   0/104]  Loss: 0.2932 (0.293)  Acc@1: 89.5833 (89.5833)  Acc@5: 100.0000 (100.0000)
2024-11-19 21:53:41,104 -                train: [    INFO] - Valid: 220 [ 104/104]  Loss: 0.4173 (0.222)  Acc@1: 93.7500 (92.4200)  Acc@5: 100.0000 (99.8600)
2024-11-19 21:53:41,134 -                train: [    INFO] - valid_acc 92.420003 - best_valid_acc 93.010003
2024-11-19 21:53:41,571 -                train: [    INFO] - Train: 221 [   0/520]  Loss: 0.3411 (0.341)  Acc@1: 88.5417 (88.5417)  Acc@5: 100.0000 (100.0000)LR: 1.752e-02
2024-11-19 21:54:25,402 -                train: [    INFO] - Train: 221 [ 200/520]  Loss: 0.2240 (0.415)  Acc@1: 94.7917 (89.8839)  Acc@5: 100.0000 (99.6528)LR: 1.752e-02
2024-11-19 21:55:09,373 -                train: [    INFO] - Train: 221 [ 400/520]  Loss: 0.4183 (0.432)  Acc@1: 89.5833 (89.4612)  Acc@5: 100.0000 (99.6129)LR: 1.752e-02
2024-11-19 21:55:35,398 -                train: [    INFO] - Train: 221 [ 520/520]  Loss: 0.4987 (0.436)  Acc@1: 87.5000 (89.4200)  Acc@5: 100.0000 (99.5920)LR: 1.752e-02
2024-11-19 21:55:35,648 -                train: [    INFO] - Valid: 221 [   0/104]  Loss: 0.1868 (0.187)  Acc@1: 95.8333 (95.8333)  Acc@5: 100.0000 (100.0000)
2024-11-19 21:55:41,324 -                train: [    INFO] - Valid: 221 [ 104/104]  Loss: 0.1159 (0.217)  Acc@1: 87.5000 (92.7000)  Acc@5: 100.0000 (99.8100)
2024-11-19 21:55:41,367 -                train: [    INFO] - valid_acc 92.700002 - best_valid_acc 93.010003
2024-11-19 21:55:41,840 -                train: [    INFO] - Train: 222 [   0/520]  Loss: 0.5172 (0.517)  Acc@1: 87.5000 (87.5000)  Acc@5: 100.0000 (100.0000)LR: 1.746e-02
2024-11-19 21:56:25,485 -                train: [    INFO] - Train: 222 [ 200/520]  Loss: 0.5724 (0.429)  Acc@1: 86.4583 (89.7284)  Acc@5: 100.0000 (99.5750)LR: 1.746e-02
2024-11-19 21:57:09,328 -                train: [    INFO] - Train: 222 [ 400/520]  Loss: 0.6151 (0.434)  Acc@1: 84.3750 (89.6223)  Acc@5: 98.9583 (99.5688)LR: 1.746e-02
2024-11-19 21:57:35,617 -                train: [    INFO] - Train: 222 [ 520/520]  Loss: 0.3622 (0.435)  Acc@1: 92.5000 (89.5840)  Acc@5: 100.0000 (99.5680)LR: 1.746e-02
2024-11-19 21:57:35,947 -                train: [    INFO] - Valid: 222 [   0/104]  Loss: 0.2239 (0.224)  Acc@1: 90.6250 (90.6250)  Acc@5: 100.0000 (100.0000)
2024-11-19 21:57:41,663 -                train: [    INFO] - Valid: 222 [ 104/104]  Loss: 0.2034 (0.263)  Acc@1: 93.7500 (91.3500)  Acc@5: 100.0000 (99.7500)
2024-11-19 21:57:41,715 -                train: [    INFO] - valid_acc 91.350002 - best_valid_acc 93.010003
2024-11-19 21:57:42,202 -                train: [    INFO] - Train: 223 [   0/520]  Loss: 0.2640 (0.264)  Acc@1: 93.7500 (93.7500)  Acc@5: 100.0000 (100.0000)LR: 1.740e-02
2024-11-19 21:58:27,270 -                train: [    INFO] - Train: 223 [ 200/520]  Loss: 0.4687 (0.430)  Acc@1: 89.5833 (89.6455)  Acc@5: 100.0000 (99.6269)LR: 1.740e-02
2024-11-19 21:59:12,583 -                train: [    INFO] - Train: 223 [ 400/520]  Loss: 0.4673 (0.431)  Acc@1: 88.5417 (89.5963)  Acc@5: 100.0000 (99.6285)LR: 1.740e-02
2024-11-19 21:59:39,340 -                train: [    INFO] - Train: 223 [ 520/520]  Loss: 0.6038 (0.434)  Acc@1: 87.5000 (89.4460)  Acc@5: 97.5000 (99.6140)LR: 1.740e-02
2024-11-19 21:59:39,647 -                train: [    INFO] - Valid: 223 [   0/104]  Loss: 0.2304 (0.230)  Acc@1: 92.7083 (92.7083)  Acc@5: 100.0000 (100.0000)
2024-11-19 21:59:45,427 -                train: [    INFO] - Valid: 223 [ 104/104]  Loss: 0.2290 (0.214)  Acc@1: 93.7500 (92.9800)  Acc@5: 100.0000 (99.8200)
2024-11-19 21:59:45,464 -                train: [    INFO] - valid_acc 92.980003 - best_valid_acc 93.010003
2024-11-19 21:59:45,980 -                train: [    INFO] - Train: 224 [   0/520]  Loss: 0.4342 (0.434)  Acc@1: 89.5833 (89.5833)  Acc@5: 98.9583 (98.9583)LR: 1.734e-02
2024-11-19 22:00:29,978 -                train: [    INFO] - Train: 224 [ 200/520]  Loss: 0.5092 (0.428)  Acc@1: 86.4583 (89.7595)  Acc@5: 98.9583 (99.6165)LR: 1.734e-02
2024-11-19 22:01:15,072 -                train: [    INFO] - Train: 224 [ 400/520]  Loss: 0.5593 (0.427)  Acc@1: 88.5417 (89.7340)  Acc@5: 100.0000 (99.6285)LR: 1.734e-02
2024-11-19 22:01:41,583 -                train: [    INFO] - Train: 224 [ 520/520]  Loss: 0.3211 (0.429)  Acc@1: 92.5000 (89.6940)  Acc@5: 100.0000 (99.6360)LR: 1.734e-02
2024-11-19 22:01:42,532 -                train: [    INFO] - Valid: 224 [   0/104]  Loss: 0.1765 (0.177)  Acc@1: 94.7917 (94.7917)  Acc@5: 100.0000 (100.0000)
2024-11-19 22:01:48,195 -                train: [    INFO] - Valid: 224 [ 104/104]  Loss: 0.1401 (0.232)  Acc@1: 87.5000 (92.0600)  Acc@5: 100.0000 (99.7700)
2024-11-19 22:01:48,468 -                train: [    INFO] - valid_acc 92.060003 - best_valid_acc 93.010003
2024-11-19 22:01:56,817 -                train: [    INFO] - Train: 225 [   0/520]  Loss: 0.3313 (0.331)  Acc@1: 92.7083 (92.7083)  Acc@5: 100.0000 (100.0000)LR: 1.728e-02
2024-11-19 22:02:44,973 -                train: [    INFO] - Train: 225 [ 200/520]  Loss: 0.2879 (0.431)  Acc@1: 94.7917 (89.5626)  Acc@5: 100.0000 (99.6217)LR: 1.728e-02
2024-11-19 22:03:31,551 -                train: [    INFO] - Train: 225 [ 400/520]  Loss: 0.5637 (0.439)  Acc@1: 85.4167 (89.3677)  Acc@5: 98.9583 (99.5922)LR: 1.728e-02
2024-11-19 22:03:58,289 -                train: [    INFO] - Train: 225 [ 520/520]  Loss: 0.5160 (0.438)  Acc@1: 88.7500 (89.4840)  Acc@5: 100.0000 (99.5900)LR: 1.728e-02
2024-11-19 22:04:03,320 -                train: [    INFO] - Valid: 225 [   0/104]  Loss: 0.3076 (0.308)  Acc@1: 86.4583 (86.4583)  Acc@5: 98.9583 (98.9583)
2024-11-19 22:04:09,094 -                train: [    INFO] - Valid: 225 [ 104/104]  Loss: 0.3211 (0.242)  Acc@1: 81.2500 (92.0100)  Acc@5: 100.0000 (99.6700)
2024-11-19 22:04:09,458 -                train: [    INFO] - valid_acc 92.010002 - best_valid_acc 93.010003
2024-11-19 22:04:09,887 -                train: [    INFO] - Train: 226 [   0/520]  Loss: 0.5331 (0.533)  Acc@1: 87.5000 (87.5000)  Acc@5: 98.9583 (98.9583)LR: 1.722e-02
2024-11-19 22:04:53,718 -                train: [    INFO] - Train: 226 [ 200/520]  Loss: 0.4149 (0.419)  Acc@1: 90.6250 (89.8528)  Acc@5: 100.0000 (99.6735)LR: 1.722e-02
2024-11-19 22:05:37,686 -                train: [    INFO] - Train: 226 [ 400/520]  Loss: 0.4293 (0.424)  Acc@1: 90.6250 (89.7652)  Acc@5: 100.0000 (99.6259)LR: 1.722e-02
2024-11-19 22:06:04,513 -                train: [    INFO] - Train: 226 [ 520/520]  Loss: 0.3776 (0.422)  Acc@1: 90.0000 (89.7640)  Acc@5: 100.0000 (99.6140)LR: 1.722e-02
2024-11-19 22:06:04,791 -                train: [    INFO] - Valid: 226 [   0/104]  Loss: 0.2610 (0.261)  Acc@1: 89.5833 (89.5833)  Acc@5: 100.0000 (100.0000)
2024-11-19 22:06:10,502 -                train: [    INFO] - Valid: 226 [ 104/104]  Loss: 0.2482 (0.209)  Acc@1: 87.5000 (93.3000)  Acc@5: 100.0000 (99.8000)
2024-11-19 22:06:15,300 -                train: [    INFO] - valid_acc 93.300002 - best_valid_acc 93.300002
2024-11-19 22:06:15,803 -                train: [    INFO] - Train: 227 [   0/520]  Loss: 0.3823 (0.382)  Acc@1: 91.6667 (91.6667)  Acc@5: 97.9167 (97.9167)LR: 1.716e-02
2024-11-19 22:06:59,887 -                train: [    INFO] - Train: 227 [ 200/520]  Loss: 0.4896 (0.427)  Acc@1: 86.4583 (89.5730)  Acc@5: 100.0000 (99.6217)LR: 1.716e-02
2024-11-19 22:07:44,025 -                train: [    INFO] - Train: 227 [ 400/520]  Loss: 0.4669 (0.432)  Acc@1: 87.5000 (89.3781)  Acc@5: 100.0000 (99.6104)LR: 1.716e-02
2024-11-19 22:08:10,193 -                train: [    INFO] - Train: 227 [ 520/520]  Loss: 0.7213 (0.432)  Acc@1: 88.7500 (89.3720)  Acc@5: 100.0000 (99.6340)LR: 1.716e-02
2024-11-19 22:08:11,448 -                train: [    INFO] - Valid: 227 [   0/104]  Loss: 0.2414 (0.241)  Acc@1: 91.6667 (91.6667)  Acc@5: 100.0000 (100.0000)
2024-11-19 22:08:17,197 -                train: [    INFO] - Valid: 227 [ 104/104]  Loss: 0.3597 (0.238)  Acc@1: 87.5000 (92.1300)  Acc@5: 100.0000 (99.7800)
2024-11-19 22:08:17,622 -                train: [    INFO] - valid_acc 92.130002 - best_valid_acc 93.300002
2024-11-19 22:08:18,120 -                train: [    INFO] - Train: 228 [   0/520]  Loss: 0.6334 (0.633)  Acc@1: 84.3750 (84.3750)  Acc@5: 100.0000 (100.0000)LR: 1.710e-02
2024-11-19 22:09:02,064 -                train: [    INFO] - Train: 228 [ 200/520]  Loss: 0.3190 (0.423)  Acc@1: 92.7083 (89.6922)  Acc@5: 100.0000 (99.6994)LR: 1.710e-02
2024-11-19 22:09:45,619 -                train: [    INFO] - Train: 228 [ 400/520]  Loss: 0.5341 (0.426)  Acc@1: 86.4583 (89.5911)  Acc@5: 100.0000 (99.6337)LR: 1.710e-02
2024-11-19 22:10:11,889 -                train: [    INFO] - Train: 228 [ 520/520]  Loss: 0.3447 (0.429)  Acc@1: 92.5000 (89.5020)  Acc@5: 100.0000 (99.6320)LR: 1.710e-02
2024-11-19 22:10:12,226 -                train: [    INFO] - Valid: 228 [   0/104]  Loss: 0.2907 (0.291)  Acc@1: 89.5833 (89.5833)  Acc@5: 100.0000 (100.0000)
2024-11-19 22:10:17,939 -                train: [    INFO] - Valid: 228 [ 104/104]  Loss: 0.1614 (0.263)  Acc@1: 93.7500 (91.0500)  Acc@5: 100.0000 (99.7600)
2024-11-19 22:10:17,988 -                train: [    INFO] - valid_acc 91.050002 - best_valid_acc 93.300002
2024-11-19 22:10:18,459 -                train: [    INFO] - Train: 229 [   0/520]  Loss: 0.6445 (0.644)  Acc@1: 82.2917 (82.2917)  Acc@5: 100.0000 (100.0000)LR: 1.704e-02
2024-11-19 22:11:04,398 -                train: [    INFO] - Train: 229 [ 200/520]  Loss: 0.2305 (0.425)  Acc@1: 93.7500 (89.6766)  Acc@5: 100.0000 (99.6372)LR: 1.704e-02
2024-11-19 22:11:49,366 -                train: [    INFO] - Train: 229 [ 400/520]  Loss: 0.4594 (0.432)  Acc@1: 87.5000 (89.5366)  Acc@5: 100.0000 (99.6000)LR: 1.704e-02
2024-11-19 22:12:15,610 -                train: [    INFO] - Train: 229 [ 520/520]  Loss: 0.4395 (0.431)  Acc@1: 92.5000 (89.5920)  Acc@5: 100.0000 (99.5920)LR: 1.704e-02
2024-11-19 22:12:16,028 -                train: [    INFO] - Valid: 229 [   0/104]  Loss: 0.1806 (0.181)  Acc@1: 94.7917 (94.7917)  Acc@5: 100.0000 (100.0000)
2024-11-19 22:12:21,690 -                train: [    INFO] - Valid: 229 [ 104/104]  Loss: 0.4116 (0.227)  Acc@1: 93.7500 (92.2500)  Acc@5: 100.0000 (99.8000)
2024-11-19 22:12:21,913 -                train: [    INFO] - valid_acc 92.250002 - best_valid_acc 93.300002
2024-11-19 22:12:22,389 -                train: [    INFO] - Train: 230 [   0/520]  Loss: 0.3180 (0.318)  Acc@1: 93.7500 (93.7500)  Acc@5: 98.9583 (98.9583)LR: 1.698e-02
2024-11-19 22:13:06,280 -                train: [    INFO] - Train: 230 [ 200/520]  Loss: 0.3354 (0.436)  Acc@1: 92.7083 (89.3916)  Acc@5: 98.9583 (99.5491)LR: 1.698e-02
2024-11-19 22:13:49,968 -                train: [    INFO] - Train: 230 [ 400/520]  Loss: 0.3954 (0.433)  Acc@1: 89.5833 (89.4872)  Acc@5: 98.9583 (99.5792)LR: 1.698e-02
2024-11-19 22:14:16,252 -                train: [    INFO] - Train: 230 [ 520/520]  Loss: 0.5176 (0.433)  Acc@1: 87.5000 (89.5100)  Acc@5: 98.7500 (99.5740)LR: 1.698e-02
2024-11-19 22:14:16,731 -                train: [    INFO] - Valid: 230 [   0/104]  Loss: 0.2548 (0.255)  Acc@1: 93.7500 (93.7500)  Acc@5: 100.0000 (100.0000)
2024-11-19 22:14:22,441 -                train: [    INFO] - Valid: 230 [ 104/104]  Loss: 0.07943 (0.206)  Acc@1: 100.0000 (93.4500)  Acc@5: 100.0000 (99.8700)
2024-11-19 22:14:23,567 -                train: [    INFO] - valid_acc 93.450003 - best_valid_acc 93.450003
2024-11-19 22:14:24,054 -                train: [    INFO] - Train: 231 [   0/520]  Loss: 0.4483 (0.448)  Acc@1: 89.5833 (89.5833)  Acc@5: 100.0000 (100.0000)LR: 1.692e-02
2024-11-19 22:15:08,132 -                train: [    INFO] - Train: 231 [ 200/520]  Loss: 0.3642 (0.422)  Acc@1: 91.6667 (90.0757)  Acc@5: 100.0000 (99.5543)LR: 1.692e-02
2024-11-19 22:15:51,827 -                train: [    INFO] - Train: 231 [ 400/520]  Loss: 0.2926 (0.419)  Acc@1: 91.6667 (90.0743)  Acc@5: 100.0000 (99.6000)LR: 1.692e-02
2024-11-19 22:16:18,111 -                train: [    INFO] - Train: 231 [ 520/520]  Loss: 0.5131 (0.421)  Acc@1: 88.7500 (89.9520)  Acc@5: 100.0000 (99.6140)LR: 1.692e-02
2024-11-19 22:16:19,748 -                train: [    INFO] - Valid: 231 [   0/104]  Loss: 0.1831 (0.183)  Acc@1: 92.7083 (92.7083)  Acc@5: 100.0000 (100.0000)
2024-11-19 22:16:25,443 -                train: [    INFO] - Valid: 231 [ 104/104]  Loss: 0.08858 (0.204)  Acc@1: 100.0000 (93.0800)  Acc@5: 100.0000 (99.8000)
2024-11-19 22:16:25,574 -                train: [    INFO] - valid_acc 93.080003 - best_valid_acc 93.450003
2024-11-19 22:16:26,001 -                train: [    INFO] - Train: 232 [   0/520]  Loss: 0.3967 (0.397)  Acc@1: 85.4167 (85.4167)  Acc@5: 100.0000 (100.0000)LR: 1.686e-02
2024-11-19 22:17:11,600 -                train: [    INFO] - Train: 232 [ 200/520]  Loss: 0.3878 (0.409)  Acc@1: 91.6667 (90.4540)  Acc@5: 98.9583 (99.5699)LR: 1.686e-02
2024-11-19 22:17:56,466 -                train: [    INFO] - Train: 232 [ 400/520]  Loss: 0.1906 (0.424)  Acc@1: 95.8333 (89.9574)  Acc@5: 100.0000 (99.6078)LR: 1.686e-02
2024-11-19 22:18:23,043 -                train: [    INFO] - Train: 232 [ 520/520]  Loss: 0.5955 (0.427)  Acc@1: 83.7500 (89.8120)  Acc@5: 98.7500 (99.6000)LR: 1.686e-02
2024-11-19 22:18:23,363 -                train: [    INFO] - Valid: 232 [   0/104]  Loss: 0.2471 (0.247)  Acc@1: 92.7083 (92.7083)  Acc@5: 100.0000 (100.0000)
2024-11-19 22:18:29,066 -                train: [    INFO] - Valid: 232 [ 104/104]  Loss: 0.08857 (0.252)  Acc@1: 100.0000 (92.1000)  Acc@5: 100.0000 (99.7800)
2024-11-19 22:18:29,128 -                train: [    INFO] - valid_acc 92.100002 - best_valid_acc 93.450003
2024-11-19 22:18:29,652 -                train: [    INFO] - Train: 233 [   0/520]  Loss: 0.5280 (0.528)  Acc@1: 87.5000 (87.5000)  Acc@5: 100.0000 (100.0000)LR: 1.680e-02
2024-11-19 22:19:13,924 -                train: [    INFO] - Train: 233 [ 200/520]  Loss: 0.5123 (0.418)  Acc@1: 87.5000 (90.0498)  Acc@5: 100.0000 (99.5336)LR: 1.680e-02
2024-11-19 22:19:57,821 -                train: [    INFO] - Train: 233 [ 400/520]  Loss: 0.4720 (0.426)  Acc@1: 89.5833 (89.7963)  Acc@5: 100.0000 (99.5558)LR: 1.680e-02
2024-11-19 22:20:23,926 -                train: [    INFO] - Train: 233 [ 520/520]  Loss: 0.4043 (0.425)  Acc@1: 93.7500 (89.7740)  Acc@5: 100.0000 (99.5700)LR: 1.680e-02
2024-11-19 22:20:24,257 -                train: [    INFO] - Valid: 233 [   0/104]  Loss: 0.2072 (0.207)  Acc@1: 92.7083 (92.7083)  Acc@5: 100.0000 (100.0000)
2024-11-19 22:20:29,957 -                train: [    INFO] - Valid: 233 [ 104/104]  Loss: 0.3854 (0.220)  Acc@1: 87.5000 (92.8000)  Acc@5: 100.0000 (99.8500)
2024-11-19 22:20:31,539 -                train: [    INFO] - valid_acc 92.800003 - best_valid_acc 93.450003
2024-11-19 22:20:31,977 -                train: [    INFO] - Train: 234 [   0/520]  Loss: 0.4045 (0.405)  Acc@1: 94.7917 (94.7917)  Acc@5: 96.8750 (96.8750)LR: 1.673e-02
2024-11-19 22:21:17,317 -                train: [    INFO] - Train: 234 [ 200/520]  Loss: 0.3396 (0.398)  Acc@1: 93.7500 (90.4695)  Acc@5: 100.0000 (99.6528)LR: 1.673e-02
2024-11-19 22:22:01,549 -                train: [    INFO] - Train: 234 [ 400/520]  Loss: 0.5813 (0.417)  Acc@1: 85.4167 (89.9444)  Acc@5: 100.0000 (99.6701)LR: 1.673e-02
2024-11-19 22:22:28,396 -                train: [    INFO] - Train: 234 [ 520/520]  Loss: 0.3434 (0.420)  Acc@1: 93.7500 (89.8360)  Acc@5: 100.0000 (99.6700)LR: 1.673e-02
2024-11-19 22:22:28,707 -                train: [    INFO] - Valid: 234 [   0/104]  Loss: 0.1909 (0.191)  Acc@1: 91.6667 (91.6667)  Acc@5: 100.0000 (100.0000)
2024-11-19 22:22:34,387 -                train: [    INFO] - Valid: 234 [ 104/104]  Loss: 0.3989 (0.219)  Acc@1: 93.7500 (92.8100)  Acc@5: 100.0000 (99.8100)
2024-11-19 22:22:34,430 -                train: [    INFO] - valid_acc 92.810003 - best_valid_acc 93.450003
2024-11-19 22:22:34,991 -                train: [    INFO] - Train: 235 [   0/520]  Loss: 0.5907 (0.591)  Acc@1: 85.4167 (85.4167)  Acc@5: 100.0000 (100.0000)LR: 1.667e-02
2024-11-19 22:23:18,561 -                train: [    INFO] - Train: 235 [ 200/520]  Loss: 0.6852 (0.418)  Acc@1: 83.3333 (89.8217)  Acc@5: 97.9167 (99.6580)LR: 1.667e-02
2024-11-19 22:24:02,576 -                train: [    INFO] - Train: 235 [ 400/520]  Loss: 0.4103 (0.423)  Acc@1: 90.6250 (89.8041)  Acc@5: 100.0000 (99.6727)LR: 1.667e-02
2024-11-19 22:24:28,968 -                train: [    INFO] - Train: 235 [ 520/520]  Loss: 0.3540 (0.421)  Acc@1: 88.7500 (89.8720)  Acc@5: 100.0000 (99.6540)LR: 1.667e-02
2024-11-19 22:24:29,386 -                train: [    INFO] - Valid: 235 [   0/104]  Loss: 0.1975 (0.198)  Acc@1: 94.7917 (94.7917)  Acc@5: 98.9583 (98.9583)
2024-11-19 22:24:35,053 -                train: [    INFO] - Valid: 235 [ 104/104]  Loss: 0.3412 (0.251)  Acc@1: 93.7500 (92.1400)  Acc@5: 100.0000 (99.7600)
2024-11-19 22:24:35,092 -                train: [    INFO] - valid_acc 92.140003 - best_valid_acc 93.450003
2024-11-19 22:24:35,544 -                train: [    INFO] - Train: 236 [   0/520]  Loss: 0.5650 (0.565)  Acc@1: 87.5000 (87.5000)  Acc@5: 100.0000 (100.0000)LR: 1.661e-02
2024-11-19 22:25:19,254 -                train: [    INFO] - Train: 236 [ 200/520]  Loss: 0.7405 (0.420)  Acc@1: 80.2083 (89.7751)  Acc@5: 100.0000 (99.6580)LR: 1.661e-02
2024-11-19 22:26:03,055 -                train: [    INFO] - Train: 236 [ 400/520]  Loss: 0.6702 (0.422)  Acc@1: 86.4583 (89.6898)  Acc@5: 98.9583 (99.6285)LR: 1.661e-02
2024-11-19 22:26:29,179 -                train: [    INFO] - Train: 236 [ 520/520]  Loss: 0.4104 (0.423)  Acc@1: 88.7500 (89.7660)  Acc@5: 98.7500 (99.6360)LR: 1.661e-02
2024-11-19 22:26:29,587 -                train: [    INFO] - Valid: 236 [   0/104]  Loss: 0.2744 (0.274)  Acc@1: 91.6667 (91.6667)  Acc@5: 100.0000 (100.0000)
2024-11-19 22:26:35,281 -                train: [    INFO] - Valid: 236 [ 104/104]  Loss: 0.1247 (0.235)  Acc@1: 93.7500 (92.5300)  Acc@5: 100.0000 (99.8200)
2024-11-19 22:26:35,381 -                train: [    INFO] - valid_acc 92.530002 - best_valid_acc 93.450003
2024-11-19 22:26:35,890 -                train: [    INFO] - Train: 237 [   0/520]  Loss: 0.3508 (0.351)  Acc@1: 90.6250 (90.6250)  Acc@5: 100.0000 (100.0000)LR: 1.655e-02
2024-11-19 22:27:19,758 -                train: [    INFO] - Train: 237 [ 200/520]  Loss: 0.5771 (0.431)  Acc@1: 86.4583 (89.6300)  Acc@5: 100.0000 (99.5595)LR: 1.655e-02
2024-11-19 22:28:03,747 -                train: [    INFO] - Train: 237 [ 400/520]  Loss: 0.4883 (0.428)  Acc@1: 86.4583 (89.6898)  Acc@5: 100.0000 (99.5870)LR: 1.655e-02
2024-11-19 22:28:29,874 -                train: [    INFO] - Train: 237 [ 520/520]  Loss: 0.4309 (0.425)  Acc@1: 93.7500 (89.7160)  Acc@5: 100.0000 (99.6040)LR: 1.655e-02
2024-11-19 22:28:30,254 -                train: [    INFO] - Valid: 237 [   0/104]  Loss: 0.2325 (0.233)  Acc@1: 94.7917 (94.7917)  Acc@5: 98.9583 (98.9583)
2024-11-19 22:28:35,985 -                train: [    INFO] - Valid: 237 [ 104/104]  Loss: 0.3673 (0.217)  Acc@1: 87.5000 (92.8400)  Acc@5: 100.0000 (99.8200)
2024-11-19 22:28:36,037 -                train: [    INFO] - valid_acc 92.840002 - best_valid_acc 93.450003
2024-11-19 22:28:36,697 -                train: [    INFO] - Train: 238 [   0/520]  Loss: 0.5011 (0.501)  Acc@1: 87.5000 (87.5000)  Acc@5: 100.0000 (100.0000)LR: 1.649e-02
2024-11-19 22:29:20,386 -                train: [    INFO] - Train: 238 [ 200/520]  Loss: 0.3385 (0.419)  Acc@1: 90.6250 (89.8321)  Acc@5: 100.0000 (99.6631)LR: 1.649e-02
2024-11-19 22:30:04,121 -                train: [    INFO] - Train: 238 [ 400/520]  Loss: 0.5789 (0.420)  Acc@1: 87.5000 (89.6950)  Acc@5: 98.9583 (99.6467)LR: 1.649e-02
2024-11-19 22:30:30,330 -                train: [    INFO] - Train: 238 [ 520/520]  Loss: 0.4192 (0.423)  Acc@1: 91.2500 (89.6920)  Acc@5: 100.0000 (99.6220)LR: 1.649e-02
2024-11-19 22:30:30,785 -                train: [    INFO] - Valid: 238 [   0/104]  Loss: 0.2746 (0.275)  Acc@1: 90.6250 (90.6250)  Acc@5: 100.0000 (100.0000)
2024-11-19 22:30:36,457 -                train: [    INFO] - Valid: 238 [ 104/104]  Loss: 0.1031 (0.214)  Acc@1: 93.7500 (92.9000)  Acc@5: 100.0000 (99.8200)
2024-11-19 22:30:36,542 -                train: [    INFO] - valid_acc 92.900002 - best_valid_acc 93.450003
2024-11-19 22:30:36,964 -                train: [    INFO] - Train: 239 [   0/520]  Loss: 0.2038 (0.204)  Acc@1: 92.7083 (92.7083)  Acc@5: 100.0000 (100.0000)LR: 1.642e-02
2024-11-19 22:31:20,988 -                train: [    INFO] - Train: 239 [ 200/520]  Loss: 0.4554 (0.410)  Acc@1: 86.4583 (90.1741)  Acc@5: 100.0000 (99.6528)LR: 1.642e-02
2024-11-19 22:32:04,765 -                train: [    INFO] - Train: 239 [ 400/520]  Loss: 0.4146 (0.414)  Acc@1: 89.5833 (90.1107)  Acc@5: 100.0000 (99.6363)LR: 1.642e-02
2024-11-19 22:32:31,097 -                train: [    INFO] - Train: 239 [ 520/520]  Loss: 0.3762 (0.413)  Acc@1: 90.0000 (90.1180)  Acc@5: 98.7500 (99.6280)LR: 1.642e-02
2024-11-19 22:32:31,468 -                train: [    INFO] - Valid: 239 [   0/104]  Loss: 0.2862 (0.286)  Acc@1: 89.5833 (89.5833)  Acc@5: 100.0000 (100.0000)
2024-11-19 22:32:37,210 -                train: [    INFO] - Valid: 239 [ 104/104]  Loss: 0.4572 (0.206)  Acc@1: 93.7500 (93.1200)  Acc@5: 100.0000 (99.8600)
2024-11-19 22:32:37,331 -                train: [    INFO] - valid_acc 93.120003 - best_valid_acc 93.450003
2024-11-19 22:32:37,850 -                train: [    INFO] - Train: 240 [   0/520]  Loss: 0.4570 (0.457)  Acc@1: 88.5417 (88.5417)  Acc@5: 100.0000 (100.0000)LR: 1.636e-02
2024-11-19 22:33:21,516 -                train: [    INFO] - Train: 240 [ 200/520]  Loss: 0.4933 (0.407)  Acc@1: 89.5833 (89.9617)  Acc@5: 100.0000 (99.7305)LR: 1.636e-02
2024-11-19 22:34:05,348 -                train: [    INFO] - Train: 240 [ 400/520]  Loss: 0.3503 (0.413)  Acc@1: 90.6250 (89.9158)  Acc@5: 100.0000 (99.6545)LR: 1.636e-02
2024-11-19 22:34:31,413 -                train: [    INFO] - Train: 240 [ 520/520]  Loss: 0.3273 (0.419)  Acc@1: 93.7500 (89.8100)  Acc@5: 100.0000 (99.6380)LR: 1.636e-02
2024-11-19 22:34:31,761 -                train: [    INFO] - Valid: 240 [   0/104]  Loss: 0.3712 (0.371)  Acc@1: 88.5417 (88.5417)  Acc@5: 98.9583 (98.9583)
2024-11-19 22:34:37,424 -                train: [    INFO] - Valid: 240 [ 104/104]  Loss: 0.05513 (0.227)  Acc@1: 100.0000 (92.5600)  Acc@5: 100.0000 (99.8400)
2024-11-19 22:34:37,467 -                train: [    INFO] - valid_acc 92.560003 - best_valid_acc 93.450003
2024-11-19 22:34:37,880 -                train: [    INFO] - Train: 241 [   0/520]  Loss: 0.6730 (0.673)  Acc@1: 86.4583 (86.4583)  Acc@5: 98.9583 (98.9583)LR: 1.630e-02
2024-11-19 22:35:22,314 -                train: [    INFO] - Train: 241 [ 200/520]  Loss: 0.4073 (0.400)  Acc@1: 88.5417 (90.4281)  Acc@5: 100.0000 (99.6269)LR: 1.630e-02
2024-11-19 22:36:07,111 -                train: [    INFO] - Train: 241 [ 400/520]  Loss: 0.5374 (0.411)  Acc@1: 90.6250 (90.1990)  Acc@5: 100.0000 (99.5896)LR: 1.630e-02
2024-11-19 22:36:33,464 -                train: [    INFO] - Train: 241 [ 520/520]  Loss: 0.4964 (0.418)  Acc@1: 86.2500 (90.0020)  Acc@5: 98.7500 (99.6120)LR: 1.630e-02
2024-11-19 22:36:33,779 -                train: [    INFO] - Valid: 241 [   0/104]  Loss: 0.1813 (0.181)  Acc@1: 93.7500 (93.7500)  Acc@5: 100.0000 (100.0000)
2024-11-19 22:36:39,481 -                train: [    INFO] - Valid: 241 [ 104/104]  Loss: 0.3001 (0.201)  Acc@1: 93.7500 (93.4600)  Acc@5: 100.0000 (99.8500)
2024-11-19 22:36:40,196 -                train: [    INFO] - valid_acc 93.460003 - best_valid_acc 93.460003
2024-11-19 22:36:40,664 -                train: [    INFO] - Train: 242 [   0/520]  Loss: 0.4536 (0.454)  Acc@1: 87.5000 (87.5000)  Acc@5: 100.0000 (100.0000)LR: 1.624e-02
2024-11-19 22:37:24,274 -                train: [    INFO] - Train: 242 [ 200/520]  Loss: 0.2696 (0.416)  Acc@1: 90.6250 (90.2260)  Acc@5: 100.0000 (99.6528)LR: 1.624e-02
2024-11-19 22:38:07,917 -                train: [    INFO] - Train: 242 [ 400/520]  Loss: 0.3894 (0.420)  Acc@1: 89.5833 (89.9756)  Acc@5: 100.0000 (99.6623)LR: 1.624e-02
2024-11-19 22:38:34,299 -                train: [    INFO] - Train: 242 [ 520/520]  Loss: 0.6567 (0.420)  Acc@1: 82.5000 (89.8960)  Acc@5: 97.5000 (99.6300)LR: 1.624e-02
2024-11-19 22:38:34,597 -                train: [    INFO] - Valid: 242 [   0/104]  Loss: 0.2153 (0.215)  Acc@1: 94.7917 (94.7917)  Acc@5: 100.0000 (100.0000)
2024-11-19 22:38:40,339 -                train: [    INFO] - Valid: 242 [ 104/104]  Loss: 0.2044 (0.195)  Acc@1: 93.7500 (93.4000)  Acc@5: 100.0000 (99.8100)
2024-11-19 22:38:40,391 -                train: [    INFO] - valid_acc 93.400002 - best_valid_acc 93.460003
2024-11-19 22:38:40,968 -                train: [    INFO] - Train: 243 [   0/520]  Loss: 0.3533 (0.353)  Acc@1: 91.6667 (91.6667)  Acc@5: 98.9583 (98.9583)LR: 1.618e-02
2024-11-19 22:39:26,556 -                train: [    INFO] - Train: 243 [ 200/520]  Loss: 0.5582 (0.405)  Acc@1: 88.5417 (90.3607)  Acc@5: 98.9583 (99.5854)LR: 1.618e-02
2024-11-19 22:40:12,635 -                train: [    INFO] - Train: 243 [ 400/520]  Loss: 0.5194 (0.412)  Acc@1: 89.5833 (90.1237)  Acc@5: 100.0000 (99.6078)LR: 1.618e-02
2024-11-19 22:40:40,363 -                train: [    INFO] - Train: 243 [ 520/520]  Loss: 0.2374 (0.415)  Acc@1: 93.7500 (90.0680)  Acc@5: 100.0000 (99.6180)LR: 1.618e-02
2024-11-19 22:40:40,662 -                train: [    INFO] - Valid: 243 [   0/104]  Loss: 0.2311 (0.231)  Acc@1: 92.7083 (92.7083)  Acc@5: 100.0000 (100.0000)
2024-11-19 22:40:46,590 -                train: [    INFO] - Valid: 243 [ 104/104]  Loss: 0.4732 (0.240)  Acc@1: 81.2500 (92.0400)  Acc@5: 100.0000 (99.6900)
2024-11-19 22:40:46,645 -                train: [    INFO] - valid_acc 92.040002 - best_valid_acc 93.460003
2024-11-19 22:40:47,151 -                train: [    INFO] - Train: 244 [   0/520]  Loss: 0.4630 (0.463)  Acc@1: 88.5417 (88.5417)  Acc@5: 100.0000 (100.0000)LR: 1.611e-02
2024-11-19 22:41:31,492 -                train: [    INFO] - Train: 244 [ 200/520]  Loss: 0.5397 (0.419)  Acc@1: 87.5000 (89.7751)  Acc@5: 100.0000 (99.6476)LR: 1.611e-02
2024-11-19 22:42:15,336 -                train: [    INFO] - Train: 244 [ 400/520]  Loss: 0.5178 (0.425)  Acc@1: 88.5417 (89.7132)  Acc@5: 100.0000 (99.6052)LR: 1.611e-02
2024-11-19 22:42:41,574 -                train: [    INFO] - Train: 244 [ 520/520]  Loss: 0.5650 (0.428)  Acc@1: 86.2500 (89.6800)  Acc@5: 100.0000 (99.5900)LR: 1.611e-02
2024-11-19 22:42:41,935 -                train: [    INFO] - Valid: 244 [   0/104]  Loss: 0.2358 (0.236)  Acc@1: 90.6250 (90.6250)  Acc@5: 100.0000 (100.0000)
2024-11-19 22:42:47,599 -                train: [    INFO] - Valid: 244 [ 104/104]  Loss: 0.1801 (0.214)  Acc@1: 93.7500 (93.2100)  Acc@5: 100.0000 (99.8300)
2024-11-19 22:42:47,657 -                train: [    INFO] - valid_acc 93.210002 - best_valid_acc 93.460003
2024-11-19 22:42:48,084 -                train: [    INFO] - Train: 245 [   0/520]  Loss: 0.4407 (0.441)  Acc@1: 89.5833 (89.5833)  Acc@5: 100.0000 (100.0000)LR: 1.605e-02
2024-11-19 22:43:31,752 -                train: [    INFO] - Train: 245 [ 200/520]  Loss: 0.2440 (0.406)  Acc@1: 94.7917 (90.3141)  Acc@5: 100.0000 (99.6839)LR: 1.605e-02
2024-11-19 22:44:15,349 -                train: [    INFO] - Train: 245 [ 400/520]  Loss: 0.4762 (0.415)  Acc@1: 86.4583 (90.0249)  Acc@5: 100.0000 (99.6753)LR: 1.605e-02
2024-11-19 22:44:41,417 -                train: [    INFO] - Train: 245 [ 520/520]  Loss: 0.3878 (0.421)  Acc@1: 88.7500 (89.9000)  Acc@5: 100.0000 (99.6720)LR: 1.605e-02
2024-11-19 22:44:41,709 -                train: [    INFO] - Valid: 245 [   0/104]  Loss: 0.3161 (0.316)  Acc@1: 92.7083 (92.7083)  Acc@5: 100.0000 (100.0000)
2024-11-19 22:44:47,400 -                train: [    INFO] - Valid: 245 [ 104/104]  Loss: 0.1438 (0.224)  Acc@1: 93.7500 (92.7300)  Acc@5: 100.0000 (99.7900)
2024-11-19 22:44:47,456 -                train: [    INFO] - valid_acc 92.730003 - best_valid_acc 93.460003
2024-11-19 22:44:47,903 -                train: [    INFO] - Train: 246 [   0/520]  Loss: 0.4840 (0.484)  Acc@1: 90.6250 (90.6250)  Acc@5: 97.9167 (97.9167)LR: 1.599e-02
2024-11-19 22:45:32,454 -                train: [    INFO] - Train: 246 [ 200/520]  Loss: 0.4773 (0.411)  Acc@1: 87.5000 (90.0187)  Acc@5: 98.9583 (99.6269)LR: 1.599e-02
2024-11-19 22:46:16,274 -                train: [    INFO] - Train: 246 [ 400/520]  Loss: 0.4266 (0.415)  Acc@1: 90.6250 (89.9444)  Acc@5: 98.9583 (99.5974)LR: 1.599e-02
2024-11-19 22:46:42,330 -                train: [    INFO] - Train: 246 [ 520/520]  Loss: 0.4740 (0.414)  Acc@1: 90.0000 (90.0340)  Acc@5: 98.7500 (99.5980)LR: 1.599e-02
2024-11-19 22:46:42,593 -                train: [    INFO] - Valid: 246 [   0/104]  Loss: 0.2362 (0.236)  Acc@1: 93.7500 (93.7500)  Acc@5: 100.0000 (100.0000)
2024-11-19 22:46:48,310 -                train: [    INFO] - Valid: 246 [ 104/104]  Loss: 0.2533 (0.221)  Acc@1: 93.7500 (92.9700)  Acc@5: 100.0000 (99.7900)
2024-11-19 22:46:48,343 -                train: [    INFO] - valid_acc 92.970002 - best_valid_acc 93.460003
2024-11-19 22:46:48,849 -                train: [    INFO] - Train: 247 [   0/520]  Loss: 0.5990 (0.599)  Acc@1: 85.4167 (85.4167)  Acc@5: 100.0000 (100.0000)LR: 1.592e-02
2024-11-19 22:47:32,565 -                train: [    INFO] - Train: 247 [ 200/520]  Loss: 0.5492 (0.409)  Acc@1: 83.3333 (89.9772)  Acc@5: 98.9583 (99.6735)LR: 1.592e-02
2024-11-19 22:48:16,373 -                train: [    INFO] - Train: 247 [ 400/520]  Loss: 0.3231 (0.411)  Acc@1: 94.7917 (90.0613)  Acc@5: 98.9583 (99.6701)LR: 1.592e-02
2024-11-19 22:48:42,843 -                train: [    INFO] - Train: 247 [ 520/520]  Loss: 0.3699 (0.417)  Acc@1: 93.7500 (89.8940)  Acc@5: 100.0000 (99.6640)LR: 1.592e-02
2024-11-19 22:48:43,180 -                train: [    INFO] - Valid: 247 [   0/104]  Loss: 0.1571 (0.157)  Acc@1: 94.7917 (94.7917)  Acc@5: 100.0000 (100.0000)
2024-11-19 22:48:48,909 -                train: [    INFO] - Valid: 247 [ 104/104]  Loss: 0.4151 (0.221)  Acc@1: 87.5000 (92.8200)  Acc@5: 100.0000 (99.7800)
2024-11-19 22:48:48,956 -                train: [    INFO] - valid_acc 92.820002 - best_valid_acc 93.460003
2024-11-19 22:48:49,493 -                train: [    INFO] - Train: 248 [   0/520]  Loss: 0.4670 (0.467)  Acc@1: 91.6667 (91.6667)  Acc@5: 96.8750 (96.8750)LR: 1.586e-02
2024-11-19 22:49:33,167 -                train: [    INFO] - Train: 248 [ 200/520]  Loss: 0.5151 (0.416)  Acc@1: 90.6250 (90.0912)  Acc@5: 97.9167 (99.6580)LR: 1.586e-02
2024-11-19 22:50:17,059 -                train: [    INFO] - Train: 248 [ 400/520]  Loss: 0.3988 (0.415)  Acc@1: 93.7500 (90.0120)  Acc@5: 100.0000 (99.6493)LR: 1.586e-02
2024-11-19 22:50:43,057 -                train: [    INFO] - Train: 248 [ 520/520]  Loss: 0.4915 (0.419)  Acc@1: 88.7500 (89.9220)  Acc@5: 100.0000 (99.6500)LR: 1.586e-02
2024-11-19 22:50:43,329 -                train: [    INFO] - Valid: 248 [   0/104]  Loss: 0.3346 (0.335)  Acc@1: 88.5417 (88.5417)  Acc@5: 100.0000 (100.0000)
2024-11-19 22:50:49,013 -                train: [    INFO] - Valid: 248 [ 104/104]  Loss: 0.3243 (0.255)  Acc@1: 87.5000 (91.5300)  Acc@5: 100.0000 (99.7400)
2024-11-19 22:50:49,045 -                train: [    INFO] - valid_acc 91.530003 - best_valid_acc 93.460003
2024-11-19 22:50:49,444 -                train: [    INFO] - Train: 249 [   0/520]  Loss: 0.3834 (0.383)  Acc@1: 91.6667 (91.6667)  Acc@5: 100.0000 (100.0000)LR: 1.580e-02
2024-11-19 22:51:32,902 -                train: [    INFO] - Train: 249 [ 200/520]  Loss: 0.4346 (0.411)  Acc@1: 87.5000 (90.1171)  Acc@5: 100.0000 (99.7046)LR: 1.580e-02
2024-11-19 22:52:16,451 -                train: [    INFO] - Train: 249 [ 400/520]  Loss: 0.4645 (0.413)  Acc@1: 93.7500 (90.0613)  Acc@5: 100.0000 (99.6727)LR: 1.580e-02
2024-11-19 22:52:42,693 -                train: [    INFO] - Train: 249 [ 520/520]  Loss: 0.3966 (0.418)  Acc@1: 88.7500 (89.9720)  Acc@5: 100.0000 (99.6460)LR: 1.580e-02
2024-11-19 22:52:43,015 -                train: [    INFO] - Valid: 249 [   0/104]  Loss: 0.2277 (0.228)  Acc@1: 94.7917 (94.7917)  Acc@5: 98.9583 (98.9583)
2024-11-19 22:52:48,682 -                train: [    INFO] - Valid: 249 [ 104/104]  Loss: 0.3275 (0.207)  Acc@1: 93.7500 (93.1900)  Acc@5: 100.0000 (99.8600)
2024-11-19 22:52:48,718 -                train: [    INFO] - valid_acc 93.190003 - best_valid_acc 93.460003
2024-11-19 22:52:49,178 -                train: [    INFO] - Train: 250 [   0/520]  Loss: 0.3403 (0.340)  Acc@1: 93.7500 (93.7500)  Acc@5: 98.9583 (98.9583)LR: 1.574e-02
2024-11-19 22:53:33,044 -                train: [    INFO] - Train: 250 [ 200/520]  Loss: 0.3389 (0.407)  Acc@1: 92.7083 (90.1741)  Acc@5: 98.9583 (99.6683)LR: 1.574e-02
2024-11-19 22:54:16,697 -                train: [    INFO] - Train: 250 [ 400/520]  Loss: 0.5643 (0.412)  Acc@1: 82.2917 (90.1418)  Acc@5: 97.9167 (99.6493)LR: 1.574e-02
2024-11-19 22:54:42,866 -                train: [    INFO] - Train: 250 [ 520/520]  Loss: 0.6970 (0.415)  Acc@1: 80.0000 (90.1160)  Acc@5: 98.7500 (99.6300)LR: 1.574e-02
2024-11-19 22:54:43,096 -                train: [    INFO] - Valid: 250 [   0/104]  Loss: 0.2970 (0.297)  Acc@1: 91.6667 (91.6667)  Acc@5: 98.9583 (98.9583)
2024-11-19 22:54:48,775 -                train: [    INFO] - Valid: 250 [ 104/104]  Loss: 0.02699 (0.216)  Acc@1: 100.0000 (93.0700)  Acc@5: 100.0000 (99.7500)
2024-11-19 22:54:48,861 -                train: [    INFO] - valid_acc 93.070002 - best_valid_acc 93.460003
2024-11-19 22:54:49,298 -                train: [    INFO] - Train: 251 [   0/520]  Loss: 0.3433 (0.343)  Acc@1: 91.6667 (91.6667)  Acc@5: 100.0000 (100.0000)LR: 1.567e-02
2024-11-19 22:55:32,795 -                train: [    INFO] - Train: 251 [ 200/520]  Loss: 0.2731 (0.408)  Acc@1: 92.7083 (90.2519)  Acc@5: 100.0000 (99.6320)LR: 1.567e-02
2024-11-19 22:56:16,550 -                train: [    INFO] - Train: 251 [ 400/520]  Loss: 0.2965 (0.415)  Acc@1: 95.8333 (89.9912)  Acc@5: 98.9583 (99.5922)LR: 1.567e-02
2024-11-19 22:56:42,680 -                train: [    INFO] - Train: 251 [ 520/520]  Loss: 0.3638 (0.417)  Acc@1: 96.2500 (89.9680)  Acc@5: 100.0000 (99.6040)LR: 1.567e-02
2024-11-19 22:56:42,943 -                train: [    INFO] - Valid: 251 [   0/104]  Loss: 0.1636 (0.164)  Acc@1: 92.7083 (92.7083)  Acc@5: 100.0000 (100.0000)
2024-11-19 22:56:48,619 -                train: [    INFO] - Valid: 251 [ 104/104]  Loss: 0.1292 (0.219)  Acc@1: 93.7500 (92.8000)  Acc@5: 100.0000 (99.7700)
2024-11-19 22:56:48,652 -                train: [    INFO] - valid_acc 92.800003 - best_valid_acc 93.460003
2024-11-19 22:56:49,164 -                train: [    INFO] - Train: 252 [   0/520]  Loss: 0.7957 (0.796)  Acc@1: 83.3333 (83.3333)  Acc@5: 98.9583 (98.9583)LR: 1.561e-02
2024-11-19 22:57:32,670 -                train: [    INFO] - Train: 252 [ 200/520]  Loss: 0.3846 (0.415)  Acc@1: 91.6667 (89.9565)  Acc@5: 100.0000 (99.6631)LR: 1.561e-02
2024-11-19 22:58:16,596 -                train: [    INFO] - Train: 252 [ 400/520]  Loss: 0.4189 (0.416)  Acc@1: 92.7083 (90.0457)  Acc@5: 100.0000 (99.6337)LR: 1.561e-02
2024-11-19 22:58:42,719 -                train: [    INFO] - Train: 252 [ 520/520]  Loss: 0.3717 (0.418)  Acc@1: 90.0000 (89.9760)  Acc@5: 100.0000 (99.5960)LR: 1.561e-02
2024-11-19 22:58:42,982 -                train: [    INFO] - Valid: 252 [   0/104]  Loss: 0.2658 (0.266)  Acc@1: 91.6667 (91.6667)  Acc@5: 100.0000 (100.0000)
2024-11-19 22:58:48,654 -                train: [    INFO] - Valid: 252 [ 104/104]  Loss: 0.1007 (0.262)  Acc@1: 100.0000 (91.6800)  Acc@5: 100.0000 (99.7700)
2024-11-19 22:58:48,686 -                train: [    INFO] - valid_acc 91.680003 - best_valid_acc 93.460003
2024-11-19 22:58:49,110 -                train: [    INFO] - Train: 253 [   0/520]  Loss: 0.4188 (0.419)  Acc@1: 90.6250 (90.6250)  Acc@5: 100.0000 (100.0000)LR: 1.555e-02
2024-11-19 22:59:34,729 -                train: [    INFO] - Train: 253 [ 200/520]  Loss: 0.5693 (0.400)  Acc@1: 82.2917 (90.2208)  Acc@5: 100.0000 (99.6839)LR: 1.555e-02
2024-11-19 23:00:19,259 -                train: [    INFO] - Train: 253 [ 400/520]  Loss: 0.4165 (0.404)  Acc@1: 90.6250 (90.1678)  Acc@5: 100.0000 (99.6467)LR: 1.555e-02
2024-11-19 23:00:45,453 -                train: [    INFO] - Train: 253 [ 520/520]  Loss: 0.5281 (0.408)  Acc@1: 85.0000 (90.0700)  Acc@5: 100.0000 (99.6440)LR: 1.555e-02
2024-11-19 23:00:45,728 -                train: [    INFO] - Valid: 253 [   0/104]  Loss: 0.3270 (0.327)  Acc@1: 91.6667 (91.6667)  Acc@5: 98.9583 (98.9583)
2024-11-19 23:00:51,441 -                train: [    INFO] - Valid: 253 [ 104/104]  Loss: 0.09420 (0.212)  Acc@1: 93.7500 (93.0800)  Acc@5: 100.0000 (99.8100)
2024-11-19 23:00:51,475 -                train: [    INFO] - valid_acc 93.080002 - best_valid_acc 93.460003
2024-11-19 23:00:52,017 -                train: [    INFO] - Train: 254 [   0/520]  Loss: 0.6041 (0.604)  Acc@1: 88.5417 (88.5417)  Acc@5: 98.9583 (98.9583)LR: 1.548e-02
2024-11-19 23:01:35,716 -                train: [    INFO] - Train: 254 [ 200/520]  Loss: 0.4387 (0.394)  Acc@1: 89.5833 (90.4333)  Acc@5: 98.9583 (99.6320)LR: 1.548e-02
2024-11-19 23:02:19,218 -                train: [    INFO] - Train: 254 [ 400/520]  Loss: 0.5773 (0.404)  Acc@1: 87.5000 (90.2795)  Acc@5: 98.9583 (99.6181)LR: 1.548e-02
2024-11-19 23:02:45,279 -                train: [    INFO] - Train: 254 [ 520/520]  Loss: 0.6147 (0.405)  Acc@1: 86.2500 (90.1780)  Acc@5: 100.0000 (99.6220)LR: 1.548e-02
2024-11-19 23:02:45,566 -                train: [    INFO] - Valid: 254 [   0/104]  Loss: 0.1747 (0.175)  Acc@1: 93.7500 (93.7500)  Acc@5: 100.0000 (100.0000)
2024-11-19 23:02:51,272 -                train: [    INFO] - Valid: 254 [ 104/104]  Loss: 0.1822 (0.249)  Acc@1: 93.7500 (91.8000)  Acc@5: 100.0000 (99.7900)
2024-11-19 23:02:51,319 -                train: [    INFO] - valid_acc 91.800002 - best_valid_acc 93.460003
2024-11-19 23:02:51,808 -                train: [    INFO] - Train: 255 [   0/520]  Loss: 0.4828 (0.483)  Acc@1: 88.5417 (88.5417)  Acc@5: 100.0000 (100.0000)LR: 1.542e-02
2024-11-19 23:03:35,323 -                train: [    INFO] - Train: 255 [ 200/520]  Loss: 0.3958 (0.416)  Acc@1: 91.6667 (89.9876)  Acc@5: 98.9583 (99.6320)LR: 1.542e-02
2024-11-19 23:04:18,863 -                train: [    INFO] - Train: 255 [ 400/520]  Loss: 0.3243 (0.416)  Acc@1: 93.7500 (89.8743)  Acc@5: 100.0000 (99.6207)LR: 1.542e-02
2024-11-19 23:04:45,092 -                train: [    INFO] - Train: 255 [ 520/520]  Loss: 0.3225 (0.420)  Acc@1: 90.0000 (89.8380)  Acc@5: 100.0000 (99.5980)LR: 1.542e-02
2024-11-19 23:04:45,376 -                train: [    INFO] - Valid: 255 [   0/104]  Loss: 0.2642 (0.264)  Acc@1: 90.6250 (90.6250)  Acc@5: 100.0000 (100.0000)
2024-11-19 23:04:51,110 -                train: [    INFO] - Valid: 255 [ 104/104]  Loss: 0.2416 (0.218)  Acc@1: 93.7500 (92.8600)  Acc@5: 100.0000 (99.8400)
2024-11-19 23:04:51,147 -                train: [    INFO] - valid_acc 92.860002 - best_valid_acc 93.460003
2024-11-19 23:04:51,651 -                train: [    INFO] - Train: 256 [   0/520]  Loss: 0.3926 (0.393)  Acc@1: 88.5417 (88.5417)  Acc@5: 100.0000 (100.0000)LR: 1.535e-02
2024-11-19 23:05:35,311 -                train: [    INFO] - Train: 256 [ 200/520]  Loss: 0.2189 (0.398)  Acc@1: 93.7500 (90.2830)  Acc@5: 100.0000 (99.7305)LR: 1.535e-02
2024-11-19 23:06:18,900 -                train: [    INFO] - Train: 256 [ 400/520]  Loss: 0.3876 (0.403)  Acc@1: 91.6667 (90.1886)  Acc@5: 100.0000 (99.7091)LR: 1.535e-02
2024-11-19 23:06:45,133 -                train: [    INFO] - Train: 256 [ 520/520]  Loss: 0.5799 (0.404)  Acc@1: 86.2500 (90.2060)  Acc@5: 97.5000 (99.6760)LR: 1.535e-02
2024-11-19 23:06:45,444 -                train: [    INFO] - Valid: 256 [   0/104]  Loss: 0.1929 (0.193)  Acc@1: 93.7500 (93.7500)  Acc@5: 100.0000 (100.0000)
2024-11-19 23:06:51,146 -                train: [    INFO] - Valid: 256 [ 104/104]  Loss: 0.09951 (0.215)  Acc@1: 100.0000 (92.7900)  Acc@5: 100.0000 (99.8300)
2024-11-19 23:06:51,183 -                train: [    INFO] - valid_acc 92.790003 - best_valid_acc 93.460003
2024-11-19 23:06:51,658 -                train: [    INFO] - Train: 257 [   0/520]  Loss: 0.4951 (0.495)  Acc@1: 88.5417 (88.5417)  Acc@5: 100.0000 (100.0000)LR: 1.529e-02
2024-11-19 23:07:35,377 -                train: [    INFO] - Train: 257 [ 200/520]  Loss: 0.3747 (0.418)  Acc@1: 92.7083 (89.6092)  Acc@5: 100.0000 (99.6424)LR: 1.529e-02
2024-11-19 23:08:19,009 -                train: [    INFO] - Train: 257 [ 400/520]  Loss: 0.6265 (0.422)  Acc@1: 88.5417 (89.7158)  Acc@5: 98.9583 (99.6441)LR: 1.529e-02
2024-11-19 23:08:45,113 -                train: [    INFO] - Train: 257 [ 520/520]  Loss: 0.3483 (0.419)  Acc@1: 92.5000 (89.8540)  Acc@5: 100.0000 (99.6400)LR: 1.529e-02
2024-11-19 23:08:45,418 -                train: [    INFO] - Valid: 257 [   0/104]  Loss: 0.2942 (0.294)  Acc@1: 91.6667 (91.6667)  Acc@5: 100.0000 (100.0000)
2024-11-19 23:08:51,134 -                train: [    INFO] - Valid: 257 [ 104/104]  Loss: 0.2459 (0.210)  Acc@1: 87.5000 (93.1700)  Acc@5: 100.0000 (99.8600)
2024-11-19 23:08:51,192 -                train: [    INFO] - valid_acc 93.170003 - best_valid_acc 93.460003
2024-11-19 23:08:51,662 -                train: [    INFO] - Train: 258 [   0/520]  Loss: 0.5432 (0.543)  Acc@1: 82.2917 (82.2917)  Acc@5: 100.0000 (100.0000)LR: 1.523e-02
2024-11-19 23:09:35,412 -                train: [    INFO] - Train: 258 [ 200/520]  Loss: 0.6671 (0.397)  Acc@1: 84.3750 (90.4229)  Acc@5: 97.9167 (99.6787)LR: 1.523e-02
2024-11-19 23:10:18,844 -                train: [    INFO] - Train: 258 [ 400/520]  Loss: 0.3654 (0.405)  Acc@1: 89.5833 (90.2717)  Acc@5: 100.0000 (99.6311)LR: 1.523e-02
2024-11-19 23:10:44,907 -                train: [    INFO] - Train: 258 [ 520/520]  Loss: 0.4589 (0.408)  Acc@1: 87.5000 (90.1780)  Acc@5: 100.0000 (99.6440)LR: 1.523e-02
2024-11-19 23:10:45,173 -                train: [    INFO] - Valid: 258 [   0/104]  Loss: 0.1527 (0.153)  Acc@1: 94.7917 (94.7917)  Acc@5: 100.0000 (100.0000)
2024-11-19 23:10:50,879 -                train: [    INFO] - Valid: 258 [ 104/104]  Loss: 0.2797 (0.223)  Acc@1: 81.2500 (92.8700)  Acc@5: 100.0000 (99.8400)
2024-11-19 23:10:50,956 -                train: [    INFO] - valid_acc 92.870002 - best_valid_acc 93.460003
2024-11-19 23:10:51,405 -                train: [    INFO] - Train: 259 [   0/520]  Loss: 0.2954 (0.295)  Acc@1: 91.6667 (91.6667)  Acc@5: 100.0000 (100.0000)LR: 1.516e-02
2024-11-19 23:11:34,995 -                train: [    INFO] - Train: 259 [ 200/520]  Loss: 0.3443 (0.401)  Acc@1: 90.6250 (90.5058)  Acc@5: 98.9583 (99.5750)LR: 1.516e-02
2024-11-19 23:12:18,682 -                train: [    INFO] - Train: 259 [ 400/520]  Loss: 0.2673 (0.409)  Acc@1: 95.8333 (90.2016)  Acc@5: 98.9583 (99.5896)LR: 1.516e-02
2024-11-19 23:12:44,725 -                train: [    INFO] - Train: 259 [ 520/520]  Loss: 0.5775 (0.410)  Acc@1: 88.7500 (90.1220)  Acc@5: 100.0000 (99.6140)LR: 1.516e-02
2024-11-19 23:12:45,012 -                train: [    INFO] - Valid: 259 [   0/104]  Loss: 0.3101 (0.310)  Acc@1: 90.6250 (90.6250)  Acc@5: 100.0000 (100.0000)
2024-11-19 23:12:50,683 -                train: [    INFO] - Valid: 259 [ 104/104]  Loss: 0.2976 (0.203)  Acc@1: 93.7500 (93.2800)  Acc@5: 100.0000 (99.8400)
2024-11-19 23:12:50,720 -                train: [    INFO] - valid_acc 93.280003 - best_valid_acc 93.460003
2024-11-19 23:12:51,195 -                train: [    INFO] - Train: 260 [   0/520]  Loss: 0.4424 (0.442)  Acc@1: 91.6667 (91.6667)  Acc@5: 98.9583 (98.9583)LR: 1.510e-02
2024-11-19 23:13:34,699 -                train: [    INFO] - Train: 260 [ 200/520]  Loss: 0.3598 (0.391)  Acc@1: 88.5417 (90.6354)  Acc@5: 100.0000 (99.6787)LR: 1.510e-02
2024-11-19 23:14:18,641 -                train: [    INFO] - Train: 260 [ 400/520]  Loss: 0.3421 (0.402)  Acc@1: 89.5833 (90.3782)  Acc@5: 100.0000 (99.6753)LR: 1.510e-02
2024-11-19 23:14:44,885 -                train: [    INFO] - Train: 260 [ 520/520]  Loss: 0.3837 (0.407)  Acc@1: 91.2500 (90.2260)  Acc@5: 100.0000 (99.6520)LR: 1.510e-02
2024-11-19 23:14:45,253 -                train: [    INFO] - Valid: 260 [   0/104]  Loss: 0.1360 (0.136)  Acc@1: 94.7917 (94.7917)  Acc@5: 100.0000 (100.0000)
2024-11-19 23:14:50,922 -                train: [    INFO] - Valid: 260 [ 104/104]  Loss: 0.02205 (0.208)  Acc@1: 100.0000 (93.1700)  Acc@5: 100.0000 (99.8600)
2024-11-19 23:14:50,956 -                train: [    INFO] - valid_acc 93.170003 - best_valid_acc 93.460003
2024-11-19 23:14:51,630 -                train: [    INFO] - Train: 261 [   0/520]  Loss: 0.3548 (0.355)  Acc@1: 91.6667 (91.6667)  Acc@5: 100.0000 (100.0000)LR: 1.503e-02
2024-11-19 23:15:35,117 -                train: [    INFO] - Train: 261 [ 200/520]  Loss: 0.2470 (0.409)  Acc@1: 92.7083 (90.1586)  Acc@5: 100.0000 (99.6320)LR: 1.503e-02
2024-11-19 23:16:18,768 -                train: [    INFO] - Train: 261 [ 400/520]  Loss: 0.3003 (0.404)  Acc@1: 94.7917 (90.2379)  Acc@5: 100.0000 (99.6649)LR: 1.503e-02
2024-11-19 23:16:45,096 -                train: [    INFO] - Train: 261 [ 520/520]  Loss: 0.4017 (0.406)  Acc@1: 90.0000 (90.2160)  Acc@5: 100.0000 (99.6700)LR: 1.503e-02
2024-11-19 23:16:45,399 -                train: [    INFO] - Valid: 261 [   0/104]  Loss: 0.2024 (0.202)  Acc@1: 95.8333 (95.8333)  Acc@5: 100.0000 (100.0000)
2024-11-19 23:16:51,077 -                train: [    INFO] - Valid: 261 [ 104/104]  Loss: 0.06972 (0.198)  Acc@1: 100.0000 (93.7200)  Acc@5: 100.0000 (99.8400)
2024-11-19 23:16:51,661 -                train: [    INFO] - valid_acc 93.720003 - best_valid_acc 93.720003
2024-11-19 23:16:52,189 -                train: [    INFO] - Train: 262 [   0/520]  Loss: 0.2095 (0.209)  Acc@1: 94.7917 (94.7917)  Acc@5: 100.0000 (100.0000)LR: 1.497e-02
2024-11-19 23:17:36,085 -                train: [    INFO] - Train: 262 [ 200/520]  Loss: 0.4827 (0.398)  Acc@1: 89.5833 (90.3762)  Acc@5: 100.0000 (99.6372)LR: 1.497e-02
2024-11-19 23:18:19,606 -                train: [    INFO] - Train: 262 [ 400/520]  Loss: 0.4293 (0.401)  Acc@1: 89.5833 (90.3522)  Acc@5: 98.9583 (99.6233)LR: 1.497e-02
2024-11-19 23:18:45,680 -                train: [    INFO] - Train: 262 [ 520/520]  Loss: 0.3981 (0.402)  Acc@1: 90.0000 (90.3840)  Acc@5: 100.0000 (99.6140)LR: 1.497e-02
2024-11-19 23:18:45,982 -                train: [    INFO] - Valid: 262 [   0/104]  Loss: 0.1649 (0.165)  Acc@1: 93.7500 (93.7500)  Acc@5: 100.0000 (100.0000)
2024-11-19 23:18:51,655 -                train: [    INFO] - Valid: 262 [ 104/104]  Loss: 0.3301 (0.186)  Acc@1: 87.5000 (94.1400)  Acc@5: 100.0000 (99.8500)
2024-11-19 23:18:52,179 -                train: [    INFO] - valid_acc 94.140002 - best_valid_acc 94.140002
2024-11-19 23:18:52,621 -                train: [    INFO] - Train: 263 [   0/520]  Loss: 0.4771 (0.477)  Acc@1: 90.6250 (90.6250)  Acc@5: 100.0000 (100.0000)LR: 1.491e-02
2024-11-19 23:19:36,909 -                train: [    INFO] - Train: 263 [ 200/520]  Loss: 0.3823 (0.385)  Acc@1: 93.7500 (90.7079)  Acc@5: 98.9583 (99.7305)LR: 1.491e-02
2024-11-19 23:20:20,573 -                train: [    INFO] - Train: 263 [ 400/520]  Loss: 0.4284 (0.395)  Acc@1: 89.5833 (90.5393)  Acc@5: 100.0000 (99.7065)LR: 1.491e-02
2024-11-19 23:20:46,778 -                train: [    INFO] - Train: 263 [ 520/520]  Loss: 0.2986 (0.396)  Acc@1: 92.5000 (90.5120)  Acc@5: 100.0000 (99.7000)LR: 1.491e-02
2024-11-19 23:20:47,046 -                train: [    INFO] - Valid: 263 [   0/104]  Loss: 0.3357 (0.336)  Acc@1: 88.5417 (88.5417)  Acc@5: 100.0000 (100.0000)
2024-11-19 23:20:52,710 -                train: [    INFO] - Valid: 263 [ 104/104]  Loss: 0.01173 (0.231)  Acc@1: 100.0000 (92.5100)  Acc@5: 100.0000 (99.8600)
2024-11-19 23:20:52,741 -                train: [    INFO] - valid_acc 92.510003 - best_valid_acc 94.140002
2024-11-19 23:20:53,179 -                train: [    INFO] - Train: 264 [   0/520]  Loss: 0.4536 (0.454)  Acc@1: 87.5000 (87.5000)  Acc@5: 100.0000 (100.0000)LR: 1.484e-02
2024-11-19 23:21:36,962 -                train: [    INFO] - Train: 264 [ 200/520]  Loss: 0.6009 (0.406)  Acc@1: 85.4167 (90.4333)  Acc@5: 97.9167 (99.6683)LR: 1.484e-02
2024-11-19 23:22:20,641 -                train: [    INFO] - Train: 264 [ 400/520]  Loss: 0.2983 (0.413)  Acc@1: 93.7500 (90.1418)  Acc@5: 100.0000 (99.6285)LR: 1.484e-02
2024-11-19 23:22:46,855 -                train: [    INFO] - Train: 264 [ 520/520]  Loss: 0.4056 (0.413)  Acc@1: 90.0000 (90.0980)  Acc@5: 100.0000 (99.6360)LR: 1.484e-02
2024-11-19 23:22:47,271 -                train: [    INFO] - Valid: 264 [   0/104]  Loss: 0.1760 (0.176)  Acc@1: 93.7500 (93.7500)  Acc@5: 100.0000 (100.0000)
2024-11-19 23:22:52,948 -                train: [    INFO] - Valid: 264 [ 104/104]  Loss: 0.3676 (0.233)  Acc@1: 81.2500 (92.3300)  Acc@5: 100.0000 (99.8100)
2024-11-19 23:22:52,998 -                train: [    INFO] - valid_acc 92.330003 - best_valid_acc 94.140002
2024-11-19 23:22:53,531 -                train: [    INFO] - Train: 265 [   0/520]  Loss: 0.3748 (0.375)  Acc@1: 91.6667 (91.6667)  Acc@5: 100.0000 (100.0000)LR: 1.478e-02
2024-11-19 23:23:39,022 -                train: [    INFO] - Train: 265 [ 200/520]  Loss: 0.3463 (0.404)  Acc@1: 92.7083 (90.3762)  Acc@5: 98.9583 (99.6269)LR: 1.478e-02
2024-11-19 23:24:24,574 -                train: [    INFO] - Train: 265 [ 400/520]  Loss: 0.3500 (0.405)  Acc@1: 92.7083 (90.3393)  Acc@5: 98.9583 (99.6545)LR: 1.478e-02
2024-11-19 23:24:51,681 -                train: [    INFO] - Train: 265 [ 520/520]  Loss: 0.4442 (0.404)  Acc@1: 90.0000 (90.3880)  Acc@5: 100.0000 (99.6600)LR: 1.478e-02
2024-11-19 23:24:52,062 -                train: [    INFO] - Valid: 265 [   0/104]  Loss: 0.2416 (0.242)  Acc@1: 92.7083 (92.7083)  Acc@5: 100.0000 (100.0000)
2024-11-19 23:24:57,806 -                train: [    INFO] - Valid: 265 [ 104/104]  Loss: 0.5789 (0.228)  Acc@1: 87.5000 (92.8300)  Acc@5: 100.0000 (99.8200)
2024-11-19 23:24:57,962 -                train: [    INFO] - valid_acc 92.830003 - best_valid_acc 94.140002
2024-11-19 23:24:58,436 -                train: [    INFO] - Train: 266 [   0/520]  Loss: 0.3723 (0.372)  Acc@1: 91.6667 (91.6667)  Acc@5: 100.0000 (100.0000)LR: 1.471e-02
2024-11-19 23:25:42,201 -                train: [    INFO] - Train: 266 [ 200/520]  Loss: 0.4710 (0.395)  Acc@1: 90.6250 (90.6509)  Acc@5: 98.9583 (99.7201)LR: 1.471e-02
2024-11-19 23:26:25,894 -                train: [    INFO] - Train: 266 [ 400/520]  Loss: 0.4774 (0.401)  Acc@1: 90.6250 (90.3964)  Acc@5: 98.9583 (99.7091)LR: 1.471e-02
2024-11-19 23:26:52,055 -                train: [    INFO] - Train: 266 [ 520/520]  Loss: 0.3064 (0.408)  Acc@1: 95.0000 (90.2220)  Acc@5: 98.7500 (99.7000)LR: 1.471e-02
2024-11-19 23:26:52,324 -                train: [    INFO] - Valid: 266 [   0/104]  Loss: 0.1820 (0.182)  Acc@1: 93.7500 (93.7500)  Acc@5: 100.0000 (100.0000)
2024-11-19 23:26:57,994 -                train: [    INFO] - Valid: 266 [ 104/104]  Loss: 0.1114 (0.182)  Acc@1: 93.7500 (93.9100)  Acc@5: 100.0000 (99.9100)
2024-11-19 23:26:58,020 -                train: [    INFO] - valid_acc 93.910002 - best_valid_acc 94.140002
2024-11-19 23:26:58,437 -                train: [    INFO] - Train: 267 [   0/520]  Loss: 0.3545 (0.354)  Acc@1: 90.6250 (90.6250)  Acc@5: 100.0000 (100.0000)LR: 1.465e-02
2024-11-19 23:27:41,896 -                train: [    INFO] - Train: 267 [ 200/520]  Loss: 0.4769 (0.400)  Acc@1: 90.6250 (90.4643)  Acc@5: 97.9167 (99.6113)LR: 1.465e-02
2024-11-19 23:28:25,558 -                train: [    INFO] - Train: 267 [ 400/520]  Loss: 0.4333 (0.398)  Acc@1: 87.5000 (90.5601)  Acc@5: 98.9583 (99.6337)LR: 1.465e-02
2024-11-19 23:28:51,714 -                train: [    INFO] - Train: 267 [ 520/520]  Loss: 0.4134 (0.401)  Acc@1: 88.7500 (90.4920)  Acc@5: 100.0000 (99.6180)LR: 1.465e-02
2024-11-19 23:28:52,001 -                train: [    INFO] - Valid: 267 [   0/104]  Loss: 0.2299 (0.230)  Acc@1: 92.7083 (92.7083)  Acc@5: 100.0000 (100.0000)
2024-11-19 23:28:57,670 -                train: [    INFO] - Valid: 267 [ 104/104]  Loss: 0.3889 (0.237)  Acc@1: 93.7500 (92.6500)  Acc@5: 100.0000 (99.8100)
2024-11-19 23:28:57,703 -                train: [    INFO] - valid_acc 92.650002 - best_valid_acc 94.140002
2024-11-19 23:28:58,159 -                train: [    INFO] - Train: 268 [   0/520]  Loss: 0.3161 (0.316)  Acc@1: 89.5833 (89.5833)  Acc@5: 100.0000 (100.0000)LR: 1.458e-02
2024-11-19 23:29:42,413 -                train: [    INFO] - Train: 268 [ 200/520]  Loss: 0.5706 (0.391)  Acc@1: 83.3333 (90.6613)  Acc@5: 100.0000 (99.6631)LR: 1.458e-02
2024-11-19 23:30:26,313 -                train: [    INFO] - Train: 268 [ 400/520]  Loss: 0.2856 (0.396)  Acc@1: 93.7500 (90.3756)  Acc@5: 100.0000 (99.6389)LR: 1.458e-02
2024-11-19 23:30:52,352 -                train: [    INFO] - Train: 268 [ 520/520]  Loss: 0.5514 (0.400)  Acc@1: 87.5000 (90.3000)  Acc@5: 97.5000 (99.6400)LR: 1.458e-02
2024-11-19 23:30:52,608 -                train: [    INFO] - Valid: 268 [   0/104]  Loss: 0.2678 (0.268)  Acc@1: 92.7083 (92.7083)  Acc@5: 100.0000 (100.0000)
2024-11-19 23:30:58,279 -                train: [    INFO] - Valid: 268 [ 104/104]  Loss: 0.3052 (0.185)  Acc@1: 93.7500 (93.8000)  Acc@5: 100.0000 (99.8800)
2024-11-19 23:30:58,311 -                train: [    INFO] - valid_acc 93.800002 - best_valid_acc 94.140002
2024-11-19 23:30:58,788 -                train: [    INFO] - Train: 269 [   0/520]  Loss: 0.3365 (0.336)  Acc@1: 90.6250 (90.6250)  Acc@5: 100.0000 (100.0000)LR: 1.452e-02
2024-11-19 23:31:42,365 -                train: [    INFO] - Train: 269 [ 200/520]  Loss: 0.3497 (0.379)  Acc@1: 92.7083 (90.9463)  Acc@5: 98.9583 (99.7150)LR: 1.452e-02
2024-11-19 23:32:26,137 -                train: [    INFO] - Train: 269 [ 400/520]  Loss: 0.4904 (0.394)  Acc@1: 84.3750 (90.5705)  Acc@5: 100.0000 (99.6909)LR: 1.452e-02
2024-11-19 23:32:52,254 -                train: [    INFO] - Train: 269 [ 520/520]  Loss: 0.5419 (0.401)  Acc@1: 90.0000 (90.4060)  Acc@5: 98.7500 (99.6640)LR: 1.452e-02
2024-11-19 23:32:52,604 -                train: [    INFO] - Valid: 269 [   0/104]  Loss: 0.2296 (0.230)  Acc@1: 92.7083 (92.7083)  Acc@5: 98.9583 (98.9583)
2024-11-19 23:32:58,274 -                train: [    INFO] - Valid: 269 [ 104/104]  Loss: 0.1220 (0.209)  Acc@1: 93.7500 (93.1500)  Acc@5: 100.0000 (99.7600)
2024-11-19 23:32:58,311 -                train: [    INFO] - valid_acc 93.150002 - best_valid_acc 94.140002
2024-11-19 23:32:58,763 -                train: [    INFO] - Train: 270 [   0/520]  Loss: 0.3098 (0.310)  Acc@1: 91.6667 (91.6667)  Acc@5: 100.0000 (100.0000)LR: 1.446e-02
2024-11-19 23:33:42,541 -                train: [    INFO] - Train: 270 [ 200/520]  Loss: 0.3961 (0.379)  Acc@1: 88.5417 (90.8530)  Acc@5: 100.0000 (99.6942)LR: 1.446e-02
2024-11-19 23:34:26,019 -                train: [    INFO] - Train: 270 [ 400/520]  Loss: 0.2165 (0.395)  Acc@1: 96.8750 (90.5653)  Acc@5: 100.0000 (99.6311)LR: 1.446e-02
2024-11-19 23:34:52,350 -                train: [    INFO] - Train: 270 [ 520/520]  Loss: 0.4335 (0.398)  Acc@1: 88.7500 (90.4680)  Acc@5: 100.0000 (99.6380)LR: 1.446e-02
2024-11-19 23:34:52,632 -                train: [    INFO] - Valid: 270 [   0/104]  Loss: 0.1455 (0.145)  Acc@1: 93.7500 (93.7500)  Acc@5: 100.0000 (100.0000)
2024-11-19 23:34:58,302 -                train: [    INFO] - Valid: 270 [ 104/104]  Loss: 0.3372 (0.213)  Acc@1: 93.7500 (93.1300)  Acc@5: 100.0000 (99.8900)
2024-11-19 23:34:58,352 -                train: [    INFO] - valid_acc 93.130002 - best_valid_acc 94.140002
2024-11-19 23:34:58,890 -                train: [    INFO] - Train: 271 [   0/520]  Loss: 0.3104 (0.310)  Acc@1: 95.8333 (95.8333)  Acc@5: 100.0000 (100.0000)LR: 1.439e-02
2024-11-19 23:35:42,485 -                train: [    INFO] - Train: 271 [ 200/520]  Loss: 0.2145 (0.395)  Acc@1: 96.8750 (90.3970)  Acc@5: 100.0000 (99.6942)LR: 1.439e-02
2024-11-19 23:36:26,169 -                train: [    INFO] - Train: 271 [ 400/520]  Loss: 0.3294 (0.400)  Acc@1: 90.6250 (90.3912)  Acc@5: 100.0000 (99.7117)LR: 1.439e-02
2024-11-19 23:36:52,204 -                train: [    INFO] - Train: 271 [ 520/520]  Loss: 0.3401 (0.402)  Acc@1: 91.2500 (90.4300)  Acc@5: 100.0000 (99.7060)LR: 1.439e-02
2024-11-19 23:36:52,474 -                train: [    INFO] - Valid: 271 [   0/104]  Loss: 0.1349 (0.135)  Acc@1: 93.7500 (93.7500)  Acc@5: 100.0000 (100.0000)
2024-11-19 23:36:58,169 -                train: [    INFO] - Valid: 271 [ 104/104]  Loss: 0.3316 (0.226)  Acc@1: 87.5000 (92.9600)  Acc@5: 100.0000 (99.7700)
2024-11-19 23:36:58,202 -                train: [    INFO] - valid_acc 92.960002 - best_valid_acc 94.140002
2024-11-19 23:36:58,621 -                train: [    INFO] - Train: 272 [   0/520]  Loss: 0.4122 (0.412)  Acc@1: 88.5417 (88.5417)  Acc@5: 100.0000 (100.0000)LR: 1.433e-02
2024-11-19 23:37:42,379 -                train: [    INFO] - Train: 272 [ 200/520]  Loss: 0.2759 (0.395)  Acc@1: 93.7500 (90.5473)  Acc@5: 100.0000 (99.6476)LR: 1.433e-02
2024-11-19 23:38:26,244 -                train: [    INFO] - Train: 272 [ 400/520]  Loss: 0.3587 (0.391)  Acc@1: 92.7083 (90.6120)  Acc@5: 100.0000 (99.6519)LR: 1.433e-02
2024-11-19 23:38:52,302 -                train: [    INFO] - Train: 272 [ 520/520]  Loss: 0.2311 (0.394)  Acc@1: 91.2500 (90.6020)  Acc@5: 100.0000 (99.6620)LR: 1.433e-02
2024-11-19 23:38:52,592 -                train: [    INFO] - Valid: 272 [   0/104]  Loss: 0.1985 (0.198)  Acc@1: 92.7083 (92.7083)  Acc@5: 100.0000 (100.0000)
2024-11-19 23:38:58,286 -                train: [    INFO] - Valid: 272 [ 104/104]  Loss: 0.2912 (0.222)  Acc@1: 93.7500 (93.1600)  Acc@5: 100.0000 (99.8300)
2024-11-19 23:38:58,320 -                train: [    INFO] - valid_acc 93.160002 - best_valid_acc 94.140002
2024-11-19 23:38:58,726 -                train: [    INFO] - Train: 273 [   0/520]  Loss: 0.5458 (0.546)  Acc@1: 86.4583 (86.4583)  Acc@5: 100.0000 (100.0000)LR: 1.426e-02
2024-11-19 23:39:42,534 -                train: [    INFO] - Train: 273 [ 200/520]  Loss: 0.3156 (0.379)  Acc@1: 93.7500 (90.8686)  Acc@5: 100.0000 (99.6528)LR: 1.426e-02
2024-11-19 23:40:26,135 -                train: [    INFO] - Train: 273 [ 400/520]  Loss: 0.3263 (0.388)  Acc@1: 91.6667 (90.7107)  Acc@5: 100.0000 (99.6363)LR: 1.426e-02
2024-11-19 23:40:52,299 -                train: [    INFO] - Train: 273 [ 520/520]  Loss: 0.2130 (0.392)  Acc@1: 95.0000 (90.5820)  Acc@5: 100.0000 (99.6360)LR: 1.426e-02
2024-11-19 23:40:52,638 -                train: [    INFO] - Valid: 273 [   0/104]  Loss: 0.2519 (0.252)  Acc@1: 90.6250 (90.6250)  Acc@5: 100.0000 (100.0000)
2024-11-19 23:40:58,339 -                train: [    INFO] - Valid: 273 [ 104/104]  Loss: 0.05338 (0.198)  Acc@1: 100.0000 (93.3900)  Acc@5: 100.0000 (99.8900)
2024-11-19 23:40:58,388 -                train: [    INFO] - valid_acc 93.390003 - best_valid_acc 94.140002
2024-11-19 23:40:58,898 -                train: [    INFO] - Train: 274 [   0/520]  Loss: 0.3600 (0.360)  Acc@1: 92.7083 (92.7083)  Acc@5: 100.0000 (100.0000)LR: 1.420e-02
2024-11-19 23:41:42,910 -                train: [    INFO] - Train: 274 [ 200/520]  Loss: 0.3783 (0.413)  Acc@1: 91.6667 (90.0653)  Acc@5: 97.9167 (99.6580)LR: 1.420e-02
2024-11-19 23:42:26,429 -                train: [    INFO] - Train: 274 [ 400/520]  Loss: 0.4204 (0.398)  Acc@1: 90.6250 (90.5419)  Acc@5: 100.0000 (99.6545)LR: 1.420e-02
2024-11-19 23:42:52,565 -                train: [    INFO] - Train: 274 [ 520/520]  Loss: 0.1877 (0.400)  Acc@1: 96.2500 (90.4960)  Acc@5: 100.0000 (99.6420)LR: 1.420e-02
2024-11-19 23:42:52,845 -                train: [    INFO] - Valid: 274 [   0/104]  Loss: 0.1518 (0.152)  Acc@1: 93.7500 (93.7500)  Acc@5: 100.0000 (100.0000)
2024-11-19 23:42:58,542 -                train: [    INFO] - Valid: 274 [ 104/104]  Loss: 0.1058 (0.213)  Acc@1: 93.7500 (93.2600)  Acc@5: 100.0000 (99.7600)
2024-11-19 23:42:58,576 -                train: [    INFO] - valid_acc 93.260003 - best_valid_acc 94.140002
2024-11-19 23:42:59,018 -                train: [    INFO] - Train: 275 [   0/520]  Loss: 0.4889 (0.489)  Acc@1: 89.5833 (89.5833)  Acc@5: 100.0000 (100.0000)LR: 1.413e-02
2024-11-19 23:43:43,320 -                train: [    INFO] - Train: 275 [ 200/520]  Loss: 0.3879 (0.382)  Acc@1: 92.7083 (90.5991)  Acc@5: 97.9167 (99.6631)LR: 1.413e-02
2024-11-19 23:44:27,289 -                train: [    INFO] - Train: 275 [ 400/520]  Loss: 0.3451 (0.395)  Acc@1: 91.6667 (90.3808)  Acc@5: 100.0000 (99.6909)LR: 1.413e-02
2024-11-19 23:44:53,392 -                train: [    INFO] - Train: 275 [ 520/520]  Loss: 0.4772 (0.397)  Acc@1: 90.0000 (90.3740)  Acc@5: 98.7500 (99.6780)LR: 1.413e-02
2024-11-19 23:44:53,743 -                train: [    INFO] - Valid: 275 [   0/104]  Loss: 0.2854 (0.285)  Acc@1: 93.7500 (93.7500)  Acc@5: 98.9583 (98.9583)
2024-11-19 23:44:59,415 -                train: [    INFO] - Valid: 275 [ 104/104]  Loss: 0.2383 (0.242)  Acc@1: 93.7500 (92.3500)  Acc@5: 100.0000 (99.7800)
2024-11-19 23:44:59,464 -                train: [    INFO] - valid_acc 92.350003 - best_valid_acc 94.140002
2024-11-19 23:44:59,965 -                train: [    INFO] - Train: 276 [   0/520]  Loss: 0.6173 (0.617)  Acc@1: 83.3333 (83.3333)  Acc@5: 98.9583 (98.9583)LR: 1.407e-02
2024-11-19 23:45:43,878 -                train: [    INFO] - Train: 276 [ 200/520]  Loss: 0.4124 (0.392)  Acc@1: 89.5833 (90.7079)  Acc@5: 100.0000 (99.7098)LR: 1.407e-02
2024-11-19 23:46:27,431 -                train: [    INFO] - Train: 276 [ 400/520]  Loss: 0.4453 (0.397)  Acc@1: 89.5833 (90.4639)  Acc@5: 100.0000 (99.7091)LR: 1.407e-02
2024-11-19 23:46:53,509 -                train: [    INFO] - Train: 276 [ 520/520]  Loss: 0.4494 (0.397)  Acc@1: 90.0000 (90.5140)  Acc@5: 100.0000 (99.6660)LR: 1.407e-02
2024-11-19 23:46:53,809 -                train: [    INFO] - Valid: 276 [   0/104]  Loss: 0.3171 (0.317)  Acc@1: 89.5833 (89.5833)  Acc@5: 98.9583 (98.9583)
2024-11-19 23:46:59,478 -                train: [    INFO] - Valid: 276 [ 104/104]  Loss: 0.4170 (0.221)  Acc@1: 93.7500 (93.0700)  Acc@5: 100.0000 (99.7700)
2024-11-19 23:46:59,545 -                train: [    INFO] - valid_acc 93.070003 - best_valid_acc 94.140002
2024-11-19 23:46:59,982 -                train: [    INFO] - Train: 277 [   0/520]  Loss: 0.5732 (0.573)  Acc@1: 84.3750 (84.3750)  Acc@5: 98.9583 (98.9583)LR: 1.400e-02
2024-11-19 23:47:44,512 -                train: [    INFO] - Train: 277 [ 200/520]  Loss: 0.3823 (0.383)  Acc@1: 88.5417 (90.6198)  Acc@5: 100.0000 (99.7201)LR: 1.400e-02
2024-11-19 23:48:28,946 -                train: [    INFO] - Train: 277 [ 400/520]  Loss: 0.3674 (0.394)  Acc@1: 91.6667 (90.3860)  Acc@5: 98.9583 (99.6337)LR: 1.400e-02
2024-11-19 23:48:55,331 -                train: [    INFO] - Train: 277 [ 520/520]  Loss: 0.1844 (0.393)  Acc@1: 97.5000 (90.4260)  Acc@5: 100.0000 (99.6480)LR: 1.400e-02
2024-11-19 23:48:55,638 -                train: [    INFO] - Valid: 277 [   0/104]  Loss: 0.3757 (0.376)  Acc@1: 88.5417 (88.5417)  Acc@5: 98.9583 (98.9583)
2024-11-19 23:49:01,338 -                train: [    INFO] - Valid: 277 [ 104/104]  Loss: 0.2642 (0.231)  Acc@1: 87.5000 (92.6400)  Acc@5: 100.0000 (99.8400)
2024-11-19 23:49:01,383 -                train: [    INFO] - valid_acc 92.640002 - best_valid_acc 94.140002
2024-11-19 23:49:01,819 -                train: [    INFO] - Train: 278 [   0/520]  Loss: 0.4547 (0.455)  Acc@1: 90.6250 (90.6250)  Acc@5: 98.9583 (98.9583)LR: 1.394e-02
2024-11-19 23:49:45,453 -                train: [    INFO] - Train: 278 [ 200/520]  Loss: 0.5114 (0.394)  Acc@1: 88.5417 (90.3348)  Acc@5: 100.0000 (99.7046)LR: 1.394e-02
2024-11-19 23:50:28,976 -                train: [    INFO] - Train: 278 [ 400/520]  Loss: 0.4181 (0.404)  Acc@1: 88.5417 (90.1055)  Acc@5: 100.0000 (99.6961)LR: 1.394e-02
2024-11-19 23:50:55,171 -                train: [    INFO] - Train: 278 [ 520/520]  Loss: 0.4860 (0.399)  Acc@1: 88.7500 (90.2900)  Acc@5: 100.0000 (99.6880)LR: 1.394e-02
2024-11-19 23:50:55,463 -                train: [    INFO] - Valid: 278 [   0/104]  Loss: 0.2146 (0.215)  Acc@1: 93.7500 (93.7500)  Acc@5: 98.9583 (98.9583)
2024-11-19 23:51:01,132 -                train: [    INFO] - Valid: 278 [ 104/104]  Loss: 0.4663 (0.215)  Acc@1: 87.5000 (93.3600)  Acc@5: 100.0000 (99.8300)
2024-11-19 23:51:01,171 -                train: [    INFO] - valid_acc 93.360002 - best_valid_acc 94.140002
2024-11-19 23:51:01,665 -                train: [    INFO] - Train: 279 [   0/520]  Loss: 0.3392 (0.339)  Acc@1: 92.7083 (92.7083)  Acc@5: 100.0000 (100.0000)LR: 1.387e-02
2024-11-19 23:51:45,316 -                train: [    INFO] - Train: 279 [ 200/520]  Loss: 0.2945 (0.382)  Acc@1: 93.7500 (90.5939)  Acc@5: 98.9583 (99.7098)LR: 1.387e-02
2024-11-19 23:52:28,943 -                train: [    INFO] - Train: 279 [ 400/520]  Loss: 0.2291 (0.388)  Acc@1: 95.8333 (90.5756)  Acc@5: 100.0000 (99.6935)LR: 1.387e-02
2024-11-19 23:52:55,167 -                train: [    INFO] - Train: 279 [ 520/520]  Loss: 0.4713 (0.391)  Acc@1: 83.7500 (90.5400)  Acc@5: 100.0000 (99.6760)LR: 1.387e-02
2024-11-19 23:52:55,455 -                train: [    INFO] - Valid: 279 [   0/104]  Loss: 0.1684 (0.168)  Acc@1: 92.7083 (92.7083)  Acc@5: 100.0000 (100.0000)
2024-11-19 23:53:01,125 -                train: [    INFO] - Valid: 279 [ 104/104]  Loss: 0.2071 (0.204)  Acc@1: 87.5000 (93.4600)  Acc@5: 100.0000 (99.8200)
2024-11-19 23:53:01,164 -                train: [    INFO] - valid_acc 93.460003 - best_valid_acc 94.140002
2024-11-19 23:53:01,574 -                train: [    INFO] - Train: 280 [   0/520]  Loss: 0.3898 (0.390)  Acc@1: 88.5417 (88.5417)  Acc@5: 100.0000 (100.0000)LR: 1.381e-02
2024-11-19 23:53:45,200 -                train: [    INFO] - Train: 280 [ 200/520]  Loss: 0.2368 (0.387)  Acc@1: 96.8750 (90.6405)  Acc@5: 100.0000 (99.7046)LR: 1.381e-02
2024-11-19 23:54:28,697 -                train: [    INFO] - Train: 280 [ 400/520]  Loss: 0.5712 (0.395)  Acc@1: 87.5000 (90.5081)  Acc@5: 100.0000 (99.7065)LR: 1.381e-02
2024-11-19 23:54:55,032 -                train: [    INFO] - Train: 280 [ 520/520]  Loss: 0.4105 (0.393)  Acc@1: 90.0000 (90.5300)  Acc@5: 100.0000 (99.6920)LR: 1.381e-02
2024-11-19 23:54:55,302 -                train: [    INFO] - Valid: 280 [   0/104]  Loss: 0.2235 (0.224)  Acc@1: 93.7500 (93.7500)  Acc@5: 100.0000 (100.0000)
2024-11-19 23:55:00,965 -                train: [    INFO] - Valid: 280 [ 104/104]  Loss: 0.04553 (0.199)  Acc@1: 100.0000 (93.5400)  Acc@5: 100.0000 (99.8200)
2024-11-19 23:55:01,000 -                train: [    INFO] - valid_acc 93.540003 - best_valid_acc 94.140002
2024-11-19 23:55:01,532 -                train: [    INFO] - Train: 281 [   0/520]  Loss: 0.3990 (0.399)  Acc@1: 88.5417 (88.5417)  Acc@5: 98.9583 (98.9583)LR: 1.374e-02
2024-11-19 23:55:45,543 -                train: [    INFO] - Train: 281 [ 200/520]  Loss: 0.2105 (0.401)  Acc@1: 96.8750 (90.3814)  Acc@5: 100.0000 (99.7564)LR: 1.374e-02
2024-11-19 23:56:29,513 -                train: [    INFO] - Train: 281 [ 400/520]  Loss: 0.4391 (0.384)  Acc@1: 91.6667 (90.7601)  Acc@5: 100.0000 (99.7169)LR: 1.374e-02
2024-11-19 23:56:55,669 -                train: [    INFO] - Train: 281 [ 520/520]  Loss: 0.3126 (0.389)  Acc@1: 93.7500 (90.6760)  Acc@5: 100.0000 (99.7020)LR: 1.374e-02
2024-11-19 23:56:55,950 -                train: [    INFO] - Valid: 281 [   0/104]  Loss: 0.3387 (0.339)  Acc@1: 88.5417 (88.5417)  Acc@5: 98.9583 (98.9583)
2024-11-19 23:57:01,620 -                train: [    INFO] - Valid: 281 [ 104/104]  Loss: 0.1175 (0.221)  Acc@1: 93.7500 (92.7600)  Acc@5: 100.0000 (99.7700)
2024-11-19 23:57:01,659 -                train: [    INFO] - valid_acc 92.760002 - best_valid_acc 94.140002
2024-11-19 23:57:02,169 -                train: [    INFO] - Train: 282 [   0/520]  Loss: 0.3647 (0.365)  Acc@1: 91.6667 (91.6667)  Acc@5: 100.0000 (100.0000)LR: 1.368e-02
2024-11-19 23:57:45,716 -                train: [    INFO] - Train: 282 [ 200/520]  Loss: 0.3243 (0.386)  Acc@1: 89.5833 (90.5939)  Acc@5: 100.0000 (99.6787)LR: 1.368e-02
2024-11-19 23:58:29,300 -                train: [    INFO] - Train: 282 [ 400/520]  Loss: 0.3329 (0.394)  Acc@1: 91.6667 (90.5159)  Acc@5: 100.0000 (99.6363)LR: 1.368e-02
2024-11-19 23:58:55,292 -                train: [    INFO] - Train: 282 [ 520/520]  Loss: 0.3099 (0.395)  Acc@1: 96.2500 (90.4120)  Acc@5: 100.0000 (99.6240)LR: 1.368e-02
2024-11-19 23:58:55,612 -                train: [    INFO] - Valid: 282 [   0/104]  Loss: 0.1800 (0.180)  Acc@1: 92.7083 (92.7083)  Acc@5: 100.0000 (100.0000)
2024-11-19 23:59:01,292 -                train: [    INFO] - Valid: 282 [ 104/104]  Loss: 0.09337 (0.201)  Acc@1: 100.0000 (93.5200)  Acc@5: 100.0000 (99.8000)
2024-11-19 23:59:01,328 -                train: [    INFO] - valid_acc 93.520002 - best_valid_acc 94.140002
2024-11-19 23:59:01,810 -                train: [    INFO] - Train: 283 [   0/520]  Loss: 0.3486 (0.349)  Acc@1: 89.5833 (89.5833)  Acc@5: 100.0000 (100.0000)LR: 1.361e-02
2024-11-19 23:59:45,676 -                train: [    INFO] - Train: 283 [ 200/520]  Loss: 0.3217 (0.380)  Acc@1: 92.7083 (90.7183)  Acc@5: 100.0000 (99.6994)LR: 1.361e-02
2024-11-20 00:00:29,340 -                train: [    INFO] - Train: 283 [ 400/520]  Loss: 0.2659 (0.389)  Acc@1: 92.7083 (90.5990)  Acc@5: 100.0000 (99.7091)LR: 1.361e-02
2024-11-20 00:00:55,330 -                train: [    INFO] - Train: 283 [ 520/520]  Loss: 0.6665 (0.394)  Acc@1: 83.7500 (90.4580)  Acc@5: 97.5000 (99.6900)LR: 1.361e-02
2024-11-20 00:00:55,610 -                train: [    INFO] - Valid: 283 [   0/104]  Loss: 0.2520 (0.252)  Acc@1: 95.8333 (95.8333)  Acc@5: 100.0000 (100.0000)
2024-11-20 00:01:01,312 -                train: [    INFO] - Valid: 283 [ 104/104]  Loss: 0.1469 (0.185)  Acc@1: 93.7500 (93.9000)  Acc@5: 100.0000 (99.8600)
2024-11-20 00:01:01,358 -                train: [    INFO] - valid_acc 93.900002 - best_valid_acc 94.140002
2024-11-20 00:01:01,801 -                train: [    INFO] - Train: 284 [   0/520]  Loss: 0.3864 (0.386)  Acc@1: 93.7500 (93.7500)  Acc@5: 98.9583 (98.9583)LR: 1.355e-02
2024-11-20 00:01:45,419 -                train: [    INFO] - Train: 284 [ 200/520]  Loss: 0.4126 (0.377)  Acc@1: 91.6667 (91.1070)  Acc@5: 100.0000 (99.6683)LR: 1.355e-02
2024-11-20 00:02:28,982 -                train: [    INFO] - Train: 284 [ 400/520]  Loss: 0.6238 (0.378)  Acc@1: 86.4583 (91.0432)  Acc@5: 100.0000 (99.6935)LR: 1.355e-02
2024-11-20 00:02:55,323 -                train: [    INFO] - Train: 284 [ 520/520]  Loss: 0.5369 (0.382)  Acc@1: 85.0000 (90.9240)  Acc@5: 100.0000 (99.6700)LR: 1.355e-02
2024-11-20 00:02:55,654 -                train: [    INFO] - Valid: 284 [   0/104]  Loss: 0.2163 (0.216)  Acc@1: 92.7083 (92.7083)  Acc@5: 100.0000 (100.0000)
2024-11-20 00:03:01,331 -                train: [    INFO] - Valid: 284 [ 104/104]  Loss: 0.2676 (0.187)  Acc@1: 93.7500 (93.8500)  Acc@5: 100.0000 (99.8600)
2024-11-20 00:03:01,379 -                train: [    INFO] - valid_acc 93.850003 - best_valid_acc 94.140002
2024-11-20 00:03:01,833 -                train: [    INFO] - Train: 285 [   0/520]  Loss: 0.3044 (0.304)  Acc@1: 90.6250 (90.6250)  Acc@5: 100.0000 (100.0000)LR: 1.348e-02
2024-11-20 00:03:45,533 -                train: [    INFO] - Train: 285 [ 200/520]  Loss: 0.2749 (0.370)  Acc@1: 92.7083 (91.1743)  Acc@5: 98.9583 (99.6994)LR: 1.348e-02
2024-11-20 00:04:29,312 -                train: [    INFO] - Train: 285 [ 400/520]  Loss: 0.1976 (0.380)  Acc@1: 95.8333 (90.9705)  Acc@5: 100.0000 (99.6961)LR: 1.348e-02
2024-11-20 00:04:55,547 -                train: [    INFO] - Train: 285 [ 520/520]  Loss: 0.3852 (0.381)  Acc@1: 88.7500 (90.9360)  Acc@5: 100.0000 (99.7040)LR: 1.348e-02
2024-11-20 00:04:55,858 -                train: [    INFO] - Valid: 285 [   0/104]  Loss: 0.1709 (0.171)  Acc@1: 94.7917 (94.7917)  Acc@5: 100.0000 (100.0000)
2024-11-20 00:05:01,539 -                train: [    INFO] - Valid: 285 [ 104/104]  Loss: 0.1387 (0.200)  Acc@1: 93.7500 (93.3900)  Acc@5: 100.0000 (99.8500)
2024-11-20 00:05:01,584 -                train: [    INFO] - valid_acc 93.390003 - best_valid_acc 94.140002
2024-11-20 00:05:02,008 -                train: [    INFO] - Train: 286 [   0/520]  Loss: 0.4822 (0.482)  Acc@1: 87.5000 (87.5000)  Acc@5: 100.0000 (100.0000)LR: 1.342e-02
2024-11-20 00:05:45,550 -                train: [    INFO] - Train: 286 [ 200/520]  Loss: 0.3769 (0.371)  Acc@1: 93.7500 (91.2003)  Acc@5: 97.9167 (99.7253)LR: 1.342e-02
2024-11-20 00:06:29,098 -                train: [    INFO] - Train: 286 [ 400/520]  Loss: 0.2674 (0.379)  Acc@1: 91.6667 (90.9341)  Acc@5: 100.0000 (99.6831)LR: 1.342e-02
2024-11-20 00:06:55,213 -                train: [    INFO] - Train: 286 [ 520/520]  Loss: 0.3568 (0.383)  Acc@1: 92.5000 (90.8640)  Acc@5: 100.0000 (99.6960)LR: 1.342e-02
2024-11-20 00:06:55,505 -                train: [    INFO] - Valid: 286 [   0/104]  Loss: 0.2095 (0.210)  Acc@1: 93.7500 (93.7500)  Acc@5: 100.0000 (100.0000)
2024-11-20 00:07:01,248 -                train: [    INFO] - Valid: 286 [ 104/104]  Loss: 0.4078 (0.176)  Acc@1: 87.5000 (94.3600)  Acc@5: 100.0000 (99.8200)
2024-11-20 00:07:01,849 -                train: [    INFO] - valid_acc 94.360003 - best_valid_acc 94.360003
2024-11-20 00:07:02,426 -                train: [    INFO] - Train: 287 [   0/520]  Loss: 0.3255 (0.326)  Acc@1: 91.6667 (91.6667)  Acc@5: 98.9583 (98.9583)LR: 1.335e-02
2024-11-20 00:07:45,963 -                train: [    INFO] - Train: 287 [ 200/520]  Loss: 0.3462 (0.379)  Acc@1: 91.6667 (90.7442)  Acc@5: 98.9583 (99.7150)LR: 1.335e-02
2024-11-20 00:08:29,515 -                train: [    INFO] - Train: 287 [ 400/520]  Loss: 0.3278 (0.386)  Acc@1: 92.7083 (90.6796)  Acc@5: 100.0000 (99.6597)LR: 1.335e-02
2024-11-20 00:08:55,995 -                train: [    INFO] - Train: 287 [ 520/520]  Loss: 0.3746 (0.386)  Acc@1: 91.2500 (90.7000)  Acc@5: 100.0000 (99.6560)LR: 1.335e-02
2024-11-20 00:08:56,312 -                train: [    INFO] - Valid: 287 [   0/104]  Loss: 0.2579 (0.258)  Acc@1: 90.6250 (90.6250)  Acc@5: 100.0000 (100.0000)
2024-11-20 00:09:02,008 -                train: [    INFO] - Valid: 287 [ 104/104]  Loss: 0.1416 (0.197)  Acc@1: 93.7500 (93.6500)  Acc@5: 100.0000 (99.8100)
2024-11-20 00:09:02,069 -                train: [    INFO] - valid_acc 93.650003 - best_valid_acc 94.360003
2024-11-20 00:09:02,511 -                train: [    INFO] - Train: 288 [   0/520]  Loss: 0.4053 (0.405)  Acc@1: 87.5000 (87.5000)  Acc@5: 100.0000 (100.0000)LR: 1.328e-02
2024-11-20 00:09:46,177 -                train: [    INFO] - Train: 288 [ 200/520]  Loss: 0.3586 (0.373)  Acc@1: 89.5833 (90.9411)  Acc@5: 100.0000 (99.7150)LR: 1.328e-02
2024-11-20 00:10:29,565 -                train: [    INFO] - Train: 288 [ 400/520]  Loss: 0.5720 (0.383)  Acc@1: 86.4583 (90.7783)  Acc@5: 98.9583 (99.6753)LR: 1.328e-02
2024-11-20 00:10:55,742 -                train: [    INFO] - Train: 288 [ 520/520]  Loss: 0.3977 (0.383)  Acc@1: 91.2500 (90.8020)  Acc@5: 98.7500 (99.6720)LR: 1.328e-02
2024-11-20 00:10:56,064 -                train: [    INFO] - Valid: 288 [   0/104]  Loss: 0.3156 (0.316)  Acc@1: 91.6667 (91.6667)  Acc@5: 98.9583 (98.9583)
2024-11-20 00:11:01,757 -                train: [    INFO] - Valid: 288 [ 104/104]  Loss: 0.008787 (0.209)  Acc@1: 100.0000 (93.3700)  Acc@5: 100.0000 (99.8400)
2024-11-20 00:11:01,798 -                train: [    INFO] - valid_acc 93.370002 - best_valid_acc 94.360003
2024-11-20 00:11:02,296 -                train: [    INFO] - Train: 289 [   0/520]  Loss: 0.2997 (0.300)  Acc@1: 91.6667 (91.6667)  Acc@5: 100.0000 (100.0000)LR: 1.322e-02
2024-11-20 00:11:47,585 -                train: [    INFO] - Train: 289 [ 200/520]  Loss: 0.2181 (0.369)  Acc@1: 94.7917 (91.0862)  Acc@5: 100.0000 (99.6839)LR: 1.322e-02
2024-11-20 00:12:31,761 -                train: [    INFO] - Train: 289 [ 400/520]  Loss: 0.5319 (0.375)  Acc@1: 90.6250 (90.9601)  Acc@5: 100.0000 (99.7065)LR: 1.322e-02
2024-11-20 00:12:58,263 -                train: [    INFO] - Train: 289 [ 520/520]  Loss: 0.4044 (0.379)  Acc@1: 91.2500 (90.8520)  Acc@5: 100.0000 (99.6900)LR: 1.322e-02
2024-11-20 00:12:58,584 -                train: [    INFO] - Valid: 289 [   0/104]  Loss: 0.2606 (0.261)  Acc@1: 91.6667 (91.6667)  Acc@5: 100.0000 (100.0000)
2024-11-20 00:13:04,287 -                train: [    INFO] - Valid: 289 [ 104/104]  Loss: 0.1006 (0.210)  Acc@1: 93.7500 (93.3100)  Acc@5: 100.0000 (99.8400)
2024-11-20 00:13:04,328 -                train: [    INFO] - valid_acc 93.310003 - best_valid_acc 94.360003
2024-11-20 00:13:04,854 -                train: [    INFO] - Train: 290 [   0/520]  Loss: 0.2100 (0.210)  Acc@1: 97.9167 (97.9167)  Acc@5: 100.0000 (100.0000)LR: 1.315e-02
2024-11-20 00:13:49,381 -                train: [    INFO] - Train: 290 [ 200/520]  Loss: 0.3062 (0.379)  Acc@1: 90.6250 (91.0396)  Acc@5: 100.0000 (99.6942)LR: 1.315e-02
2024-11-20 00:14:32,778 -                train: [    INFO] - Train: 290 [ 400/520]  Loss: 0.4417 (0.383)  Acc@1: 86.4583 (90.9731)  Acc@5: 100.0000 (99.6701)LR: 1.315e-02
2024-11-20 00:14:58,967 -                train: [    INFO] - Train: 290 [ 520/520]  Loss: 0.3474 (0.388)  Acc@1: 92.5000 (90.8620)  Acc@5: 100.0000 (99.6580)LR: 1.315e-02
2024-11-20 00:14:59,248 -                train: [    INFO] - Valid: 290 [   0/104]  Loss: 0.1975 (0.198)  Acc@1: 93.7500 (93.7500)  Acc@5: 100.0000 (100.0000)
2024-11-20 00:15:04,921 -                train: [    INFO] - Valid: 290 [ 104/104]  Loss: 0.4344 (0.188)  Acc@1: 93.7500 (93.8300)  Acc@5: 100.0000 (99.8700)
2024-11-20 00:15:04,954 -                train: [    INFO] - valid_acc 93.830003 - best_valid_acc 94.360003
2024-11-20 00:15:05,437 -                train: [    INFO] - Train: 291 [   0/520]  Loss: 0.2522 (0.252)  Acc@1: 94.7917 (94.7917)  Acc@5: 100.0000 (100.0000)LR: 1.309e-02
2024-11-20 00:15:49,269 -                train: [    INFO] - Train: 291 [ 200/520]  Loss: 0.2868 (0.377)  Acc@1: 93.7500 (90.9515)  Acc@5: 100.0000 (99.6787)LR: 1.309e-02
2024-11-20 00:16:32,839 -                train: [    INFO] - Train: 291 [ 400/520]  Loss: 0.3268 (0.386)  Acc@1: 93.7500 (90.8068)  Acc@5: 100.0000 (99.6233)LR: 1.309e-02
2024-11-20 00:16:58,899 -                train: [    INFO] - Train: 291 [ 520/520]  Loss: 0.6226 (0.387)  Acc@1: 87.5000 (90.7260)  Acc@5: 100.0000 (99.6340)LR: 1.309e-02
2024-11-20 00:16:59,216 -                train: [    INFO] - Valid: 291 [   0/104]  Loss: 0.1408 (0.141)  Acc@1: 92.7083 (92.7083)  Acc@5: 100.0000 (100.0000)
2024-11-20 00:17:04,903 -                train: [    INFO] - Valid: 291 [ 104/104]  Loss: 0.1753 (0.188)  Acc@1: 93.7500 (94.0200)  Acc@5: 100.0000 (99.8700)
2024-11-20 00:17:04,933 -                train: [    INFO] - valid_acc 94.020002 - best_valid_acc 94.360003
2024-11-20 00:17:05,400 -                train: [    INFO] - Train: 292 [   0/520]  Loss: 0.2902 (0.290)  Acc@1: 94.7917 (94.7917)  Acc@5: 98.9583 (98.9583)LR: 1.302e-02
2024-11-20 00:17:51,267 -                train: [    INFO] - Train: 292 [ 200/520]  Loss: 0.5421 (0.382)  Acc@1: 87.5000 (90.8945)  Acc@5: 100.0000 (99.7046)LR: 1.302e-02
2024-11-20 00:18:35,509 -                train: [    INFO] - Train: 292 [ 400/520]  Loss: 0.4963 (0.382)  Acc@1: 88.5417 (90.8744)  Acc@5: 100.0000 (99.6883)LR: 1.302e-02
2024-11-20 00:19:01,693 -                train: [    INFO] - Train: 292 [ 520/520]  Loss: 0.2391 (0.383)  Acc@1: 95.0000 (90.7960)  Acc@5: 98.7500 (99.7020)LR: 1.302e-02
2024-11-20 00:19:01,997 -                train: [    INFO] - Valid: 292 [   0/104]  Loss: 0.3154 (0.315)  Acc@1: 91.6667 (91.6667)  Acc@5: 100.0000 (100.0000)
2024-11-20 00:19:07,686 -                train: [    INFO] - Valid: 292 [ 104/104]  Loss: 0.06904 (0.200)  Acc@1: 100.0000 (93.5300)  Acc@5: 100.0000 (99.8300)
2024-11-20 00:19:07,730 -                train: [    INFO] - valid_acc 93.530003 - best_valid_acc 94.360003
2024-11-20 00:19:08,275 -                train: [    INFO] - Train: 293 [   0/520]  Loss: 0.3210 (0.321)  Acc@1: 92.7083 (92.7083)  Acc@5: 100.0000 (100.0000)LR: 1.296e-02
2024-11-20 00:19:51,938 -                train: [    INFO] - Train: 293 [ 200/520]  Loss: 0.1879 (0.377)  Acc@1: 95.8333 (90.9774)  Acc@5: 100.0000 (99.6787)LR: 1.296e-02
2024-11-20 00:20:35,533 -                train: [    INFO] - Train: 293 [ 400/520]  Loss: 0.3253 (0.373)  Acc@1: 91.6667 (91.0510)  Acc@5: 100.0000 (99.7091)LR: 1.296e-02
2024-11-20 00:21:01,618 -                train: [    INFO] - Train: 293 [ 520/520]  Loss: 0.3203 (0.374)  Acc@1: 97.5000 (91.1300)  Acc@5: 100.0000 (99.7100)LR: 1.296e-02
2024-11-20 00:21:01,967 -                train: [    INFO] - Valid: 293 [   0/104]  Loss: 0.1488 (0.149)  Acc@1: 94.7917 (94.7917)  Acc@5: 100.0000 (100.0000)
2024-11-20 00:21:07,634 -                train: [    INFO] - Valid: 293 [ 104/104]  Loss: 0.04196 (0.195)  Acc@1: 100.0000 (93.7300)  Acc@5: 100.0000 (99.8900)
2024-11-20 00:21:07,661 -                train: [    INFO] - valid_acc 93.730003 - best_valid_acc 94.360003
2024-11-20 00:21:08,080 -                train: [    INFO] - Train: 294 [   0/520]  Loss: 0.2611 (0.261)  Acc@1: 91.6667 (91.6667)  Acc@5: 100.0000 (100.0000)LR: 1.289e-02
2024-11-20 00:21:51,594 -                train: [    INFO] - Train: 294 [ 200/520]  Loss: 0.3454 (0.380)  Acc@1: 92.7083 (90.9152)  Acc@5: 100.0000 (99.7098)LR: 1.289e-02
2024-11-20 00:22:35,199 -                train: [    INFO] - Train: 294 [ 400/520]  Loss: 0.4488 (0.386)  Acc@1: 92.7083 (90.7159)  Acc@5: 98.9583 (99.6961)LR: 1.289e-02
2024-11-20 00:23:01,294 -                train: [    INFO] - Train: 294 [ 520/520]  Loss: 0.3535 (0.385)  Acc@1: 90.0000 (90.7040)  Acc@5: 98.7500 (99.7020)LR: 1.289e-02
2024-11-20 00:23:01,561 -                train: [    INFO] - Valid: 294 [   0/104]  Loss: 0.2537 (0.254)  Acc@1: 92.7083 (92.7083)  Acc@5: 98.9583 (98.9583)
2024-11-20 00:23:07,231 -                train: [    INFO] - Valid: 294 [ 104/104]  Loss: 0.2302 (0.201)  Acc@1: 93.7500 (93.3600)  Acc@5: 100.0000 (99.8300)
2024-11-20 00:23:07,263 -                train: [    INFO] - valid_acc 93.360003 - best_valid_acc 94.360003
2024-11-20 00:23:07,703 -                train: [    INFO] - Train: 295 [   0/520]  Loss: 0.3540 (0.354)  Acc@1: 92.7083 (92.7083)  Acc@5: 98.9583 (98.9583)LR: 1.283e-02
2024-11-20 00:23:51,087 -                train: [    INFO] - Train: 295 [ 200/520]  Loss: 0.4167 (0.367)  Acc@1: 90.6250 (91.2054)  Acc@5: 98.9583 (99.7461)LR: 1.283e-02
2024-11-20 00:24:35,187 -                train: [    INFO] - Train: 295 [ 400/520]  Loss: 0.2980 (0.379)  Acc@1: 92.7083 (91.0121)  Acc@5: 100.0000 (99.6805)LR: 1.283e-02
2024-11-20 00:25:01,253 -                train: [    INFO] - Train: 295 [ 520/520]  Loss: 0.5471 (0.385)  Acc@1: 83.7500 (90.8540)  Acc@5: 98.7500 (99.6720)LR: 1.283e-02
2024-11-20 00:25:01,561 -                train: [    INFO] - Valid: 295 [   0/104]  Loss: 0.1933 (0.193)  Acc@1: 93.7500 (93.7500)  Acc@5: 100.0000 (100.0000)
2024-11-20 00:25:07,229 -                train: [    INFO] - Valid: 295 [ 104/104]  Loss: 0.1885 (0.235)  Acc@1: 93.7500 (92.6500)  Acc@5: 100.0000 (99.7200)
2024-11-20 00:25:07,266 -                train: [    INFO] - valid_acc 92.650003 - best_valid_acc 94.360003
2024-11-20 00:25:07,855 -                train: [    INFO] - Train: 296 [   0/520]  Loss: 0.2885 (0.288)  Acc@1: 92.7083 (92.7083)  Acc@5: 98.9583 (98.9583)LR: 1.276e-02
2024-11-20 00:25:51,470 -                train: [    INFO] - Train: 296 [ 200/520]  Loss: 0.6290 (0.391)  Acc@1: 84.3750 (90.4695)  Acc@5: 98.9583 (99.6165)LR: 1.276e-02
2024-11-20 00:26:35,079 -                train: [    INFO] - Train: 296 [ 400/520]  Loss: 0.3113 (0.385)  Acc@1: 89.5833 (90.6899)  Acc@5: 100.0000 (99.6389)LR: 1.276e-02
2024-11-20 00:27:01,549 -                train: [    INFO] - Train: 296 [ 520/520]  Loss: 0.1800 (0.387)  Acc@1: 93.7500 (90.7060)  Acc@5: 100.0000 (99.6580)LR: 1.276e-02
2024-11-20 00:27:01,839 -                train: [    INFO] - Valid: 296 [   0/104]  Loss: 0.1585 (0.159)  Acc@1: 93.7500 (93.7500)  Acc@5: 100.0000 (100.0000)
2024-11-20 00:27:07,533 -                train: [    INFO] - Valid: 296 [ 104/104]  Loss: 0.3048 (0.194)  Acc@1: 87.5000 (93.7400)  Acc@5: 100.0000 (99.8300)
2024-11-20 00:27:07,569 -                train: [    INFO] - valid_acc 93.740002 - best_valid_acc 94.360003
2024-11-20 00:27:07,987 -                train: [    INFO] - Train: 297 [   0/520]  Loss: 0.3654 (0.365)  Acc@1: 90.6250 (90.6250)  Acc@5: 100.0000 (100.0000)LR: 1.270e-02
2024-11-20 00:27:52,230 -                train: [    INFO] - Train: 297 [ 200/520]  Loss: 0.5413 (0.376)  Acc@1: 86.4583 (90.9256)  Acc@5: 100.0000 (99.6891)LR: 1.270e-02
2024-11-20 00:28:36,238 -                train: [    INFO] - Train: 297 [ 400/520]  Loss: 0.3298 (0.381)  Acc@1: 92.7083 (90.7601)  Acc@5: 100.0000 (99.6831)LR: 1.270e-02
2024-11-20 00:29:02,498 -                train: [    INFO] - Train: 297 [ 520/520]  Loss: 0.2929 (0.385)  Acc@1: 92.5000 (90.6420)  Acc@5: 100.0000 (99.6940)LR: 1.270e-02
2024-11-20 00:29:02,989 -                train: [    INFO] - Valid: 297 [   0/104]  Loss: 0.2306 (0.231)  Acc@1: 92.7083 (92.7083)  Acc@5: 100.0000 (100.0000)
2024-11-20 00:29:08,656 -                train: [    INFO] - Valid: 297 [ 104/104]  Loss: 0.1336 (0.224)  Acc@1: 93.7500 (92.7700)  Acc@5: 100.0000 (99.7700)
2024-11-20 00:29:08,700 -                train: [    INFO] - valid_acc 92.770002 - best_valid_acc 94.360003
2024-11-20 00:29:09,141 -                train: [    INFO] - Train: 298 [   0/520]  Loss: 0.4637 (0.464)  Acc@1: 89.5833 (89.5833)  Acc@5: 100.0000 (100.0000)LR: 1.263e-02
2024-11-20 00:29:53,547 -                train: [    INFO] - Train: 298 [ 200/520]  Loss: 0.3545 (0.373)  Acc@1: 93.7500 (90.8841)  Acc@5: 100.0000 (99.6372)LR: 1.263e-02
2024-11-20 00:30:37,982 -                train: [    INFO] - Train: 298 [ 400/520]  Loss: 0.3629 (0.381)  Acc@1: 87.5000 (90.7653)  Acc@5: 100.0000 (99.6337)LR: 1.263e-02
2024-11-20 00:31:04,547 -                train: [    INFO] - Train: 298 [ 520/520]  Loss: 0.4334 (0.380)  Acc@1: 88.7500 (90.7880)  Acc@5: 100.0000 (99.6220)LR: 1.263e-02
2024-11-20 00:31:04,849 -                train: [    INFO] - Valid: 298 [   0/104]  Loss: 0.2692 (0.269)  Acc@1: 90.6250 (90.6250)  Acc@5: 100.0000 (100.0000)
2024-11-20 00:31:10,539 -                train: [    INFO] - Valid: 298 [ 104/104]  Loss: 0.03364 (0.194)  Acc@1: 100.0000 (93.5500)  Acc@5: 100.0000 (99.8300)
2024-11-20 00:31:10,601 -                train: [    INFO] - valid_acc 93.550003 - best_valid_acc 94.360003
2024-11-20 00:31:11,087 -                train: [    INFO] - Train: 299 [   0/520]  Loss: 0.3089 (0.309)  Acc@1: 92.7083 (92.7083)  Acc@5: 100.0000 (100.0000)LR: 1.257e-02
2024-11-20 00:31:54,774 -                train: [    INFO] - Train: 299 [ 200/520]  Loss: 0.1908 (0.387)  Acc@1: 96.8750 (90.6457)  Acc@5: 100.0000 (99.6580)LR: 1.257e-02
2024-11-20 00:32:38,274 -                train: [    INFO] - Train: 299 [ 400/520]  Loss: 0.3228 (0.379)  Acc@1: 93.7500 (90.8640)  Acc@5: 98.9583 (99.6701)LR: 1.257e-02
2024-11-20 00:33:04,513 -                train: [    INFO] - Train: 299 [ 520/520]  Loss: 0.2127 (0.379)  Acc@1: 95.0000 (90.9220)  Acc@5: 100.0000 (99.6740)LR: 1.257e-02
2024-11-20 00:33:04,806 -                train: [    INFO] - Valid: 299 [   0/104]  Loss: 0.2517 (0.252)  Acc@1: 91.6667 (91.6667)  Acc@5: 100.0000 (100.0000)
2024-11-20 00:33:10,474 -                train: [    INFO] - Valid: 299 [ 104/104]  Loss: 0.1385 (0.194)  Acc@1: 93.7500 (93.7700)  Acc@5: 100.0000 (99.8400)
2024-11-20 00:33:10,508 -                train: [    INFO] - valid_acc 93.770002 - best_valid_acc 94.360003
2024-11-20 00:33:10,984 -                train: [    INFO] - Train: 300 [   0/520]  Loss: 0.2176 (0.218)  Acc@1: 92.7083 (92.7083)  Acc@5: 100.0000 (100.0000)LR: 1.250e-02
2024-11-20 00:33:54,528 -                train: [    INFO] - Train: 300 [ 200/520]  Loss: 0.3373 (0.363)  Acc@1: 87.5000 (91.2313)  Acc@5: 100.0000 (99.6839)LR: 1.250e-02
2024-11-20 00:34:38,158 -                train: [    INFO] - Train: 300 [ 400/520]  Loss: 0.2848 (0.372)  Acc@1: 90.6250 (91.0095)  Acc@5: 100.0000 (99.6883)LR: 1.250e-02
2024-11-20 00:35:04,272 -                train: [    INFO] - Train: 300 [ 520/520]  Loss: 0.6717 (0.378)  Acc@1: 85.0000 (90.9020)  Acc@5: 97.5000 (99.6820)LR: 1.250e-02
2024-11-20 00:35:04,601 -                train: [    INFO] - Valid: 300 [   0/104]  Loss: 0.2437 (0.244)  Acc@1: 93.7500 (93.7500)  Acc@5: 100.0000 (100.0000)
2024-11-20 00:35:10,272 -                train: [    INFO] - Valid: 300 [ 104/104]  Loss: 0.1738 (0.203)  Acc@1: 93.7500 (93.5000)  Acc@5: 100.0000 (99.8000)
2024-11-20 00:35:10,311 -                train: [    INFO] - valid_acc 93.500003 - best_valid_acc 94.360003
2024-11-20 00:35:10,846 -                train: [    INFO] - Train: 301 [   0/520]  Loss: 0.5387 (0.539)  Acc@1: 86.4583 (86.4583)  Acc@5: 98.9583 (98.9583)LR: 1.243e-02
2024-11-20 00:35:56,441 -                train: [    INFO] - Train: 301 [ 200/520]  Loss: 0.4288 (0.364)  Acc@1: 87.5000 (91.0759)  Acc@5: 98.9583 (99.7046)LR: 1.243e-02
2024-11-20 00:36:42,643 -                train: [    INFO] - Train: 301 [ 400/520]  Loss: 0.4608 (0.374)  Acc@1: 91.6667 (90.9887)  Acc@5: 100.0000 (99.6467)LR: 1.243e-02
2024-11-20 00:37:09,836 -                train: [    INFO] - Train: 301 [ 520/520]  Loss: 0.5049 (0.373)  Acc@1: 88.7500 (91.0760)  Acc@5: 100.0000 (99.6500)LR: 1.243e-02
2024-11-20 00:37:10,228 -                train: [    INFO] - Valid: 301 [   0/104]  Loss: 0.1728 (0.173)  Acc@1: 92.7083 (92.7083)  Acc@5: 100.0000 (100.0000)
2024-11-20 00:37:15,902 -                train: [    INFO] - Valid: 301 [ 104/104]  Loss: 0.01905 (0.192)  Acc@1: 100.0000 (93.8700)  Acc@5: 100.0000 (99.8400)
2024-11-20 00:37:15,948 -                train: [    INFO] - valid_acc 93.870002 - best_valid_acc 94.360003
2024-11-20 00:37:16,472 -                train: [    INFO] - Train: 302 [   0/520]  Loss: 0.3763 (0.376)  Acc@1: 89.5833 (89.5833)  Acc@5: 100.0000 (100.0000)LR: 1.237e-02
2024-11-20 00:38:01,352 -                train: [    INFO] - Train: 302 [ 200/520]  Loss: 0.4872 (0.378)  Acc@1: 92.7083 (90.6976)  Acc@5: 98.9583 (99.7150)LR: 1.237e-02
2024-11-20 00:38:45,092 -                train: [    INFO] - Train: 302 [ 400/520]  Loss: 0.4177 (0.370)  Acc@1: 89.5833 (91.0276)  Acc@5: 100.0000 (99.7324)LR: 1.237e-02
2024-11-20 00:39:11,391 -                train: [    INFO] - Train: 302 [ 520/520]  Loss: 0.3000 (0.372)  Acc@1: 95.0000 (90.9940)  Acc@5: 100.0000 (99.7220)LR: 1.237e-02
2024-11-20 00:39:11,734 -                train: [    INFO] - Valid: 302 [   0/104]  Loss: 0.2434 (0.243)  Acc@1: 92.7083 (92.7083)  Acc@5: 100.0000 (100.0000)
2024-11-20 00:39:17,403 -                train: [    INFO] - Valid: 302 [ 104/104]  Loss: 0.5842 (0.186)  Acc@1: 93.7500 (93.9700)  Acc@5: 100.0000 (99.8700)
2024-11-20 00:39:17,449 -                train: [    INFO] - valid_acc 93.970002 - best_valid_acc 94.360003
2024-11-20 00:39:17,875 -                train: [    INFO] - Train: 303 [   0/520]  Loss: 0.3562 (0.356)  Acc@1: 91.6667 (91.6667)  Acc@5: 100.0000 (100.0000)LR: 1.230e-02
2024-11-20 00:40:01,464 -                train: [    INFO] - Train: 303 [ 200/520]  Loss: 0.4848 (0.359)  Acc@1: 86.4583 (91.4801)  Acc@5: 100.0000 (99.6891)LR: 1.230e-02
2024-11-20 00:40:44,973 -                train: [    INFO] - Train: 303 [ 400/520]  Loss: 0.6351 (0.363)  Acc@1: 90.6250 (91.3679)  Acc@5: 100.0000 (99.6493)LR: 1.230e-02
2024-11-20 00:41:11,080 -                train: [    INFO] - Train: 303 [ 520/520]  Loss: 0.2019 (0.368)  Acc@1: 93.7500 (91.2540)  Acc@5: 100.0000 (99.6540)LR: 1.230e-02
2024-11-20 00:41:11,330 -                train: [    INFO] - Valid: 303 [   0/104]  Loss: 0.2275 (0.228)  Acc@1: 89.5833 (89.5833)  Acc@5: 100.0000 (100.0000)
2024-11-20 00:41:17,000 -                train: [    INFO] - Valid: 303 [ 104/104]  Loss: 0.06466 (0.208)  Acc@1: 93.7500 (93.1700)  Acc@5: 100.0000 (99.8900)
2024-11-20 00:41:17,033 -                train: [    INFO] - valid_acc 93.170003 - best_valid_acc 94.360003
2024-11-20 00:41:17,523 -                train: [    INFO] - Train: 304 [   0/520]  Loss: 0.2570 (0.257)  Acc@1: 93.7500 (93.7500)  Acc@5: 100.0000 (100.0000)LR: 1.224e-02
2024-11-20 00:42:01,229 -                train: [    INFO] - Train: 304 [ 200/520]  Loss: 0.2637 (0.360)  Acc@1: 95.8333 (91.0914)  Acc@5: 100.0000 (99.7720)LR: 1.224e-02
2024-11-20 00:42:44,627 -                train: [    INFO] - Train: 304 [ 400/520]  Loss: 0.3974 (0.363)  Acc@1: 91.6667 (91.0640)  Acc@5: 100.0000 (99.7013)LR: 1.224e-02
2024-11-20 00:43:10,755 -                train: [    INFO] - Train: 304 [ 520/520]  Loss: 0.4052 (0.369)  Acc@1: 91.2500 (90.9280)  Acc@5: 98.7500 (99.6880)LR: 1.224e-02
2024-11-20 00:43:11,062 -                train: [    INFO] - Valid: 304 [   0/104]  Loss: 0.1251 (0.125)  Acc@1: 97.9167 (97.9167)  Acc@5: 100.0000 (100.0000)
2024-11-20 00:43:16,743 -                train: [    INFO] - Valid: 304 [ 104/104]  Loss: 0.04451 (0.190)  Acc@1: 100.0000 (93.7800)  Acc@5: 100.0000 (99.9000)
2024-11-20 00:43:16,773 -                train: [    INFO] - valid_acc 93.780003 - best_valid_acc 94.360003
2024-11-20 00:43:17,230 -                train: [    INFO] - Train: 305 [   0/520]  Loss: 0.3118 (0.312)  Acc@1: 90.6250 (90.6250)  Acc@5: 100.0000 (100.0000)LR: 1.217e-02
2024-11-20 00:44:00,959 -                train: [    INFO] - Train: 305 [ 200/520]  Loss: 0.3324 (0.351)  Acc@1: 90.6250 (91.3765)  Acc@5: 100.0000 (99.7357)LR: 1.217e-02
2024-11-20 00:44:44,714 -                train: [    INFO] - Train: 305 [ 400/520]  Loss: 0.2931 (0.367)  Acc@1: 90.6250 (91.1290)  Acc@5: 100.0000 (99.7143)LR: 1.217e-02
2024-11-20 00:45:10,717 -                train: [    INFO] - Train: 305 [ 520/520]  Loss: 0.4400 (0.367)  Acc@1: 90.0000 (91.1300)  Acc@5: 100.0000 (99.7220)LR: 1.217e-02
2024-11-20 00:45:10,998 -                train: [    INFO] - Valid: 305 [   0/104]  Loss: 0.2370 (0.237)  Acc@1: 91.6667 (91.6667)  Acc@5: 98.9583 (98.9583)
2024-11-20 00:45:16,682 -                train: [    INFO] - Valid: 305 [ 104/104]  Loss: 0.04544 (0.201)  Acc@1: 100.0000 (93.5600)  Acc@5: 100.0000 (99.8800)
2024-11-20 00:45:16,715 -                train: [    INFO] - valid_acc 93.560003 - best_valid_acc 94.360003
2024-11-20 00:45:17,148 -                train: [    INFO] - Train: 306 [   0/520]  Loss: 0.3852 (0.385)  Acc@1: 89.5833 (89.5833)  Acc@5: 98.9583 (98.9583)LR: 1.211e-02
2024-11-20 00:46:00,654 -                train: [    INFO] - Train: 306 [ 200/520]  Loss: 0.4965 (0.358)  Acc@1: 89.5833 (91.5371)  Acc@5: 98.9583 (99.7201)LR: 1.211e-02
2024-11-20 00:46:44,640 -                train: [    INFO] - Train: 306 [ 400/520]  Loss: 0.2811 (0.363)  Acc@1: 93.7500 (91.2614)  Acc@5: 98.9583 (99.6883)LR: 1.211e-02
2024-11-20 00:47:11,122 -                train: [    INFO] - Train: 306 [ 520/520]  Loss: 0.4043 (0.368)  Acc@1: 91.2500 (91.2040)  Acc@5: 100.0000 (99.6940)LR: 1.211e-02
2024-11-20 00:47:11,446 -                train: [    INFO] - Valid: 306 [   0/104]  Loss: 0.1648 (0.165)  Acc@1: 92.7083 (92.7083)  Acc@5: 100.0000 (100.0000)
2024-11-20 00:47:17,115 -                train: [    INFO] - Valid: 306 [ 104/104]  Loss: 0.4766 (0.191)  Acc@1: 87.5000 (93.8000)  Acc@5: 100.0000 (99.8700)
2024-11-20 00:47:17,154 -                train: [    INFO] - valid_acc 93.800003 - best_valid_acc 94.360003
2024-11-20 00:47:17,582 -                train: [    INFO] - Train: 307 [   0/520]  Loss: 0.3343 (0.334)  Acc@1: 90.6250 (90.6250)  Acc@5: 100.0000 (100.0000)LR: 1.204e-02
2024-11-20 00:48:01,205 -                train: [    INFO] - Train: 307 [ 200/520]  Loss: 0.4440 (0.365)  Acc@1: 91.6667 (91.2935)  Acc@5: 97.9167 (99.6372)LR: 1.204e-02
2024-11-20 00:48:44,745 -                train: [    INFO] - Train: 307 [ 400/520]  Loss: 0.4298 (0.371)  Acc@1: 91.6667 (91.1212)  Acc@5: 98.9583 (99.6805)LR: 1.204e-02
2024-11-20 00:49:10,845 -                train: [    INFO] - Train: 307 [ 520/520]  Loss: 0.3693 (0.365)  Acc@1: 91.2500 (91.2280)  Acc@5: 100.0000 (99.7020)LR: 1.204e-02
2024-11-20 00:49:11,146 -                train: [    INFO] - Valid: 307 [   0/104]  Loss: 0.1678 (0.168)  Acc@1: 97.9167 (97.9167)  Acc@5: 98.9583 (98.9583)
2024-11-20 00:49:16,830 -                train: [    INFO] - Valid: 307 [ 104/104]  Loss: 0.3797 (0.179)  Acc@1: 93.7500 (94.1100)  Acc@5: 100.0000 (99.8900)
2024-11-20 00:49:16,865 -                train: [    INFO] - valid_acc 94.110002 - best_valid_acc 94.360003
2024-11-20 00:49:17,328 -                train: [    INFO] - Train: 308 [   0/520]  Loss: 0.2997 (0.300)  Acc@1: 92.7083 (92.7083)  Acc@5: 100.0000 (100.0000)LR: 1.198e-02
2024-11-20 00:50:00,976 -                train: [    INFO] - Train: 308 [ 200/520]  Loss: 0.3238 (0.352)  Acc@1: 91.6667 (91.8532)  Acc@5: 100.0000 (99.6839)LR: 1.198e-02
2024-11-20 00:50:44,509 -                train: [    INFO] - Train: 308 [ 400/520]  Loss: 0.3284 (0.362)  Acc@1: 95.8333 (91.4433)  Acc@5: 98.9583 (99.6545)LR: 1.198e-02
2024-11-20 00:51:10,480 -                train: [    INFO] - Train: 308 [ 520/520]  Loss: 0.2400 (0.367)  Acc@1: 95.0000 (91.2820)  Acc@5: 100.0000 (99.6760)LR: 1.198e-02
2024-11-20 00:51:10,760 -                train: [    INFO] - Valid: 308 [   0/104]  Loss: 0.1905 (0.190)  Acc@1: 92.7083 (92.7083)  Acc@5: 100.0000 (100.0000)
2024-11-20 00:51:16,537 -                train: [    INFO] - Valid: 308 [ 104/104]  Loss: 0.06213 (0.190)  Acc@1: 100.0000 (93.7900)  Acc@5: 100.0000 (99.8900)
2024-11-20 00:51:16,575 -                train: [    INFO] - valid_acc 93.790003 - best_valid_acc 94.360003
2024-11-20 00:51:17,045 -                train: [    INFO] - Train: 309 [   0/520]  Loss: 0.3893 (0.389)  Acc@1: 91.6667 (91.6667)  Acc@5: 98.9583 (98.9583)LR: 1.191e-02
2024-11-20 00:52:00,748 -                train: [    INFO] - Train: 309 [ 200/520]  Loss: 0.2171 (0.365)  Acc@1: 93.7500 (91.2158)  Acc@5: 100.0000 (99.7564)LR: 1.191e-02
2024-11-20 00:52:44,308 -                train: [    INFO] - Train: 309 [ 400/520]  Loss: 0.4637 (0.369)  Acc@1: 88.5417 (91.0874)  Acc@5: 100.0000 (99.6857)LR: 1.191e-02
2024-11-20 00:53:10,577 -                train: [    INFO] - Train: 309 [ 520/520]  Loss: 0.4142 (0.369)  Acc@1: 92.5000 (91.0900)  Acc@5: 100.0000 (99.6820)LR: 1.191e-02
2024-11-20 00:53:10,872 -                train: [    INFO] - Valid: 309 [   0/104]  Loss: 0.2993 (0.299)  Acc@1: 91.6667 (91.6667)  Acc@5: 100.0000 (100.0000)
2024-11-20 00:53:16,541 -                train: [    INFO] - Valid: 309 [ 104/104]  Loss: 0.2940 (0.242)  Acc@1: 87.5000 (92.3900)  Acc@5: 100.0000 (99.8100)
2024-11-20 00:53:16,578 -                train: [    INFO] - valid_acc 92.390003 - best_valid_acc 94.360003
2024-11-20 00:53:17,053 -                train: [    INFO] - Train: 310 [   0/520]  Loss: 0.4565 (0.457)  Acc@1: 88.5417 (88.5417)  Acc@5: 100.0000 (100.0000)LR: 1.185e-02
2024-11-20 00:54:00,488 -                train: [    INFO] - Train: 310 [ 200/520]  Loss: 0.4751 (0.358)  Acc@1: 88.5417 (91.4283)  Acc@5: 100.0000 (99.7409)LR: 1.185e-02
2024-11-20 00:54:44,201 -                train: [    INFO] - Train: 310 [ 400/520]  Loss: 0.2858 (0.364)  Acc@1: 91.6667 (91.2718)  Acc@5: 100.0000 (99.7065)LR: 1.185e-02
2024-11-20 00:55:10,374 -                train: [    INFO] - Train: 310 [ 520/520]  Loss: 0.3339 (0.366)  Acc@1: 92.5000 (91.2120)  Acc@5: 98.7500 (99.7100)LR: 1.185e-02
2024-11-20 00:55:10,669 -                train: [    INFO] - Valid: 310 [   0/104]  Loss: 0.1903 (0.190)  Acc@1: 91.6667 (91.6667)  Acc@5: 100.0000 (100.0000)
2024-11-20 00:55:16,359 -                train: [    INFO] - Valid: 310 [ 104/104]  Loss: 0.01548 (0.187)  Acc@1: 100.0000 (93.8700)  Acc@5: 100.0000 (99.8500)
2024-11-20 00:55:16,398 -                train: [    INFO] - valid_acc 93.870003 - best_valid_acc 94.360003
2024-11-20 00:55:16,828 -                train: [    INFO] - Train: 311 [   0/520]  Loss: 0.2681 (0.268)  Acc@1: 92.7083 (92.7083)  Acc@5: 100.0000 (100.0000)LR: 1.178e-02
2024-11-20 00:56:00,935 -                train: [    INFO] - Train: 311 [ 200/520]  Loss: 0.2104 (0.370)  Acc@1: 94.7917 (91.2469)  Acc@5: 100.0000 (99.6735)LR: 1.178e-02
2024-11-20 00:56:46,378 -                train: [    INFO] - Train: 311 [ 400/520]  Loss: 0.3437 (0.369)  Acc@1: 91.6667 (91.0874)  Acc@5: 100.0000 (99.6883)LR: 1.178e-02
2024-11-20 00:57:13,011 -                train: [    INFO] - Train: 311 [ 520/520]  Loss: 0.4615 (0.370)  Acc@1: 87.5000 (91.0560)  Acc@5: 100.0000 (99.7000)LR: 1.178e-02
2024-11-20 00:57:13,300 -                train: [    INFO] - Valid: 311 [   0/104]  Loss: 0.2450 (0.245)  Acc@1: 92.7083 (92.7083)  Acc@5: 100.0000 (100.0000)
2024-11-20 00:57:18,981 -                train: [    INFO] - Valid: 311 [ 104/104]  Loss: 0.1083 (0.175)  Acc@1: 93.7500 (94.5000)  Acc@5: 100.0000 (99.9000)
2024-11-20 00:57:19,463 -                train: [    INFO] - valid_acc 94.500003 - best_valid_acc 94.500003
2024-11-20 00:57:19,996 -                train: [    INFO] - Train: 312 [   0/520]  Loss: 0.2977 (0.298)  Acc@1: 91.6667 (91.6667)  Acc@5: 100.0000 (100.0000)LR: 1.172e-02
2024-11-20 00:58:04,054 -                train: [    INFO] - Train: 312 [ 200/520]  Loss: 0.4025 (0.362)  Acc@1: 87.5000 (91.1381)  Acc@5: 98.9583 (99.7668)LR: 1.172e-02
2024-11-20 00:58:47,581 -                train: [    INFO] - Train: 312 [ 400/520]  Loss: 0.5407 (0.363)  Acc@1: 88.5417 (91.1783)  Acc@5: 100.0000 (99.7169)LR: 1.172e-02
2024-11-20 00:59:13,565 -                train: [    INFO] - Train: 312 [ 520/520]  Loss: 0.2073 (0.361)  Acc@1: 93.7500 (91.2720)  Acc@5: 100.0000 (99.7200)LR: 1.172e-02
2024-11-20 00:59:13,891 -                train: [    INFO] - Valid: 312 [   0/104]  Loss: 0.2141 (0.214)  Acc@1: 91.6667 (91.6667)  Acc@5: 100.0000 (100.0000)
2024-11-20 00:59:19,637 -                train: [    INFO] - Valid: 312 [ 104/104]  Loss: 0.07590 (0.195)  Acc@1: 100.0000 (93.6900)  Acc@5: 100.0000 (99.8300)
2024-11-20 00:59:19,669 -                train: [    INFO] - valid_acc 93.690002 - best_valid_acc 94.500003
2024-11-20 00:59:20,114 -                train: [    INFO] - Train: 313 [   0/520]  Loss: 0.2678 (0.268)  Acc@1: 92.7083 (92.7083)  Acc@5: 100.0000 (100.0000)LR: 1.165e-02
2024-11-20 01:00:03,921 -                train: [    INFO] - Train: 313 [ 200/520]  Loss: 0.3865 (0.364)  Acc@1: 89.5833 (91.4075)  Acc@5: 98.9583 (99.6528)LR: 1.165e-02
2024-11-20 01:00:47,475 -                train: [    INFO] - Train: 313 [ 400/520]  Loss: 0.3419 (0.365)  Acc@1: 91.6667 (91.3108)  Acc@5: 98.9583 (99.6727)LR: 1.165e-02
2024-11-20 01:01:13,625 -                train: [    INFO] - Train: 313 [ 520/520]  Loss: 0.4234 (0.363)  Acc@1: 91.2500 (91.3120)  Acc@5: 100.0000 (99.6900)LR: 1.165e-02
2024-11-20 01:01:13,939 -                train: [    INFO] - Valid: 313 [   0/104]  Loss: 0.2009 (0.201)  Acc@1: 95.8333 (95.8333)  Acc@5: 100.0000 (100.0000)
2024-11-20 01:01:19,651 -                train: [    INFO] - Valid: 313 [ 104/104]  Loss: 0.4236 (0.190)  Acc@1: 93.7500 (94.0100)  Acc@5: 100.0000 (99.8300)
2024-11-20 01:01:19,699 -                train: [    INFO] - valid_acc 94.010003 - best_valid_acc 94.500003
2024-11-20 01:01:20,209 -                train: [    INFO] - Train: 314 [   0/520]  Loss: 0.3666 (0.367)  Acc@1: 92.7083 (92.7083)  Acc@5: 98.9583 (98.9583)LR: 1.158e-02
2024-11-20 01:02:03,778 -                train: [    INFO] - Train: 314 [ 200/520]  Loss: 0.3796 (0.356)  Acc@1: 88.5417 (91.3350)  Acc@5: 100.0000 (99.7668)LR: 1.158e-02
2024-11-20 01:02:47,194 -                train: [    INFO] - Train: 314 [ 400/520]  Loss: 0.4290 (0.364)  Acc@1: 89.5833 (91.1731)  Acc@5: 100.0000 (99.7454)LR: 1.158e-02
2024-11-20 01:03:13,248 -                train: [    INFO] - Train: 314 [ 520/520]  Loss: 0.4718 (0.361)  Acc@1: 87.5000 (91.1780)  Acc@5: 100.0000 (99.7520)LR: 1.158e-02
2024-11-20 01:03:13,506 -                train: [    INFO] - Valid: 314 [   0/104]  Loss: 0.2219 (0.222)  Acc@1: 90.6250 (90.6250)  Acc@5: 100.0000 (100.0000)
2024-11-20 01:03:19,174 -                train: [    INFO] - Valid: 314 [ 104/104]  Loss: 0.4353 (0.199)  Acc@1: 93.7500 (93.7700)  Acc@5: 100.0000 (99.8400)
2024-11-20 01:03:19,207 -                train: [    INFO] - valid_acc 93.770002 - best_valid_acc 94.500003
2024-11-20 01:03:19,651 -                train: [    INFO] - Train: 315 [   0/520]  Loss: 0.3888 (0.389)  Acc@1: 91.6667 (91.6667)  Acc@5: 100.0000 (100.0000)LR: 1.152e-02
2024-11-20 01:04:03,534 -                train: [    INFO] - Train: 315 [ 200/520]  Loss: 0.2294 (0.348)  Acc@1: 93.7500 (91.5682)  Acc@5: 100.0000 (99.7616)LR: 1.152e-02
2024-11-20 01:04:47,186 -                train: [    INFO] - Train: 315 [ 400/520]  Loss: 0.5026 (0.361)  Acc@1: 89.5833 (91.3705)  Acc@5: 100.0000 (99.7117)LR: 1.152e-02
2024-11-20 01:05:13,339 -                train: [    INFO] - Train: 315 [ 520/520]  Loss: 0.3578 (0.363)  Acc@1: 91.2500 (91.2420)  Acc@5: 100.0000 (99.6960)LR: 1.152e-02
2024-11-20 01:05:13,720 -                train: [    INFO] - Valid: 315 [   0/104]  Loss: 0.3006 (0.301)  Acc@1: 91.6667 (91.6667)  Acc@5: 100.0000 (100.0000)
2024-11-20 01:05:19,411 -                train: [    INFO] - Valid: 315 [ 104/104]  Loss: 0.2417 (0.211)  Acc@1: 93.7500 (93.3400)  Acc@5: 100.0000 (99.9000)
2024-11-20 01:05:19,462 -                train: [    INFO] - valid_acc 93.340003 - best_valid_acc 94.500003
2024-11-20 01:05:20,008 -                train: [    INFO] - Train: 316 [   0/520]  Loss: 0.4004 (0.400)  Acc@1: 87.5000 (87.5000)  Acc@5: 100.0000 (100.0000)LR: 1.145e-02
2024-11-20 01:06:03,517 -                train: [    INFO] - Train: 316 [ 200/520]  Loss: 0.3598 (0.371)  Acc@1: 90.6250 (90.8789)  Acc@5: 100.0000 (99.6787)LR: 1.145e-02
2024-11-20 01:06:47,221 -                train: [    INFO] - Train: 316 [ 400/520]  Loss: 0.3719 (0.367)  Acc@1: 92.7083 (91.0978)  Acc@5: 100.0000 (99.6571)LR: 1.145e-02
2024-11-20 01:07:13,360 -                train: [    INFO] - Train: 316 [ 520/520]  Loss: 0.1635 (0.368)  Acc@1: 95.0000 (91.1200)  Acc@5: 100.0000 (99.6460)LR: 1.145e-02
2024-11-20 01:07:13,644 -                train: [    INFO] - Valid: 316 [   0/104]  Loss: 0.1781 (0.178)  Acc@1: 93.7500 (93.7500)  Acc@5: 100.0000 (100.0000)
2024-11-20 01:07:19,356 -                train: [    INFO] - Valid: 316 [ 104/104]  Loss: 0.03942 (0.216)  Acc@1: 100.0000 (93.0100)  Acc@5: 100.0000 (99.7400)
2024-11-20 01:07:19,394 -                train: [    INFO] - valid_acc 93.010003 - best_valid_acc 94.500003
2024-11-20 01:07:19,828 -                train: [    INFO] - Train: 317 [   0/520]  Loss: 0.4225 (0.422)  Acc@1: 89.5833 (89.5833)  Acc@5: 100.0000 (100.0000)LR: 1.139e-02
2024-11-20 01:08:03,581 -                train: [    INFO] - Train: 317 [ 200/520]  Loss: 0.4153 (0.346)  Acc@1: 90.6250 (91.8377)  Acc@5: 98.9583 (99.7201)LR: 1.139e-02
2024-11-20 01:08:47,026 -                train: [    INFO] - Train: 317 [ 400/520]  Loss: 0.4042 (0.355)  Acc@1: 89.5833 (91.4666)  Acc@5: 98.9583 (99.7039)LR: 1.139e-02
2024-11-20 01:09:13,033 -                train: [    INFO] - Train: 317 [ 520/520]  Loss: 0.3383 (0.362)  Acc@1: 93.7500 (91.2700)  Acc@5: 100.0000 (99.6760)LR: 1.139e-02
2024-11-20 01:09:13,282 -                train: [    INFO] - Valid: 317 [   0/104]  Loss: 0.1378 (0.138)  Acc@1: 93.7500 (93.7500)  Acc@5: 100.0000 (100.0000)
2024-11-20 01:09:18,957 -                train: [    INFO] - Valid: 317 [ 104/104]  Loss: 0.3996 (0.192)  Acc@1: 93.7500 (93.8900)  Acc@5: 100.0000 (99.8900)
2024-11-20 01:09:18,984 -                train: [    INFO] - valid_acc 93.890003 - best_valid_acc 94.500003
2024-11-20 01:09:19,397 -                train: [    INFO] - Train: 318 [   0/520]  Loss: 0.4598 (0.460)  Acc@1: 89.5833 (89.5833)  Acc@5: 98.9583 (98.9583)LR: 1.132e-02
2024-11-20 01:10:03,311 -                train: [    INFO] - Train: 318 [ 200/520]  Loss: 0.2631 (0.361)  Acc@1: 93.7500 (91.3143)  Acc@5: 100.0000 (99.7046)LR: 1.132e-02
2024-11-20 01:10:47,012 -                train: [    INFO] - Train: 318 [ 400/520]  Loss: 0.3891 (0.363)  Acc@1: 92.7083 (91.2822)  Acc@5: 98.9583 (99.7143)LR: 1.132e-02
2024-11-20 01:11:13,094 -                train: [    INFO] - Train: 318 [ 520/520]  Loss: 0.3284 (0.364)  Acc@1: 92.5000 (91.2500)  Acc@5: 100.0000 (99.7260)LR: 1.132e-02
2024-11-20 01:11:13,428 -                train: [    INFO] - Valid: 318 [   0/104]  Loss: 0.1704 (0.170)  Acc@1: 95.8333 (95.8333)  Acc@5: 100.0000 (100.0000)
2024-11-20 01:11:19,103 -                train: [    INFO] - Valid: 318 [ 104/104]  Loss: 0.08175 (0.171)  Acc@1: 93.7500 (94.1800)  Acc@5: 100.0000 (99.9000)
2024-11-20 01:11:19,134 -                train: [    INFO] - valid_acc 94.180003 - best_valid_acc 94.500003
2024-11-20 01:11:19,573 -                train: [    INFO] - Train: 319 [   0/520]  Loss: 0.3006 (0.301)  Acc@1: 91.6667 (91.6667)  Acc@5: 100.0000 (100.0000)LR: 1.126e-02
2024-11-20 01:12:03,178 -                train: [    INFO] - Train: 319 [ 200/520]  Loss: 0.3019 (0.351)  Acc@1: 91.6667 (91.5164)  Acc@5: 100.0000 (99.7201)LR: 1.126e-02
2024-11-20 01:12:46,764 -                train: [    INFO] - Train: 319 [ 400/520]  Loss: 0.2653 (0.363)  Acc@1: 91.6667 (91.2225)  Acc@5: 100.0000 (99.7220)LR: 1.126e-02
2024-11-20 01:13:12,924 -                train: [    INFO] - Train: 319 [ 520/520]  Loss: 0.3255 (0.362)  Acc@1: 93.7500 (91.2240)  Acc@5: 100.0000 (99.7480)LR: 1.126e-02
2024-11-20 01:13:13,204 -                train: [    INFO] - Valid: 319 [   0/104]  Loss: 0.2174 (0.217)  Acc@1: 93.7500 (93.7500)  Acc@5: 100.0000 (100.0000)
2024-11-20 01:13:18,903 -                train: [    INFO] - Valid: 319 [ 104/104]  Loss: 0.1361 (0.189)  Acc@1: 93.7500 (94.1400)  Acc@5: 100.0000 (99.7800)
2024-11-20 01:13:18,937 -                train: [    INFO] - valid_acc 94.140003 - best_valid_acc 94.500003
2024-11-20 01:13:19,364 -                train: [    INFO] - Train: 320 [   0/520]  Loss: 0.4679 (0.468)  Acc@1: 87.5000 (87.5000)  Acc@5: 100.0000 (100.0000)LR: 1.119e-02
2024-11-20 01:14:04,758 -                train: [    INFO] - Train: 320 [ 200/520]  Loss: 0.2903 (0.358)  Acc@1: 94.7917 (91.6097)  Acc@5: 100.0000 (99.7150)LR: 1.119e-02
2024-11-20 01:14:49,861 -                train: [    INFO] - Train: 320 [ 400/520]  Loss: 0.2255 (0.359)  Acc@1: 94.7917 (91.4952)  Acc@5: 100.0000 (99.7065)LR: 1.119e-02
2024-11-20 01:15:17,536 -                train: [    INFO] - Train: 320 [ 520/520]  Loss: 0.3846 (0.360)  Acc@1: 88.7500 (91.4520)  Acc@5: 100.0000 (99.7220)LR: 1.119e-02
2024-11-20 01:15:17,804 -                train: [    INFO] - Valid: 320 [   0/104]  Loss: 0.3080 (0.308)  Acc@1: 87.5000 (87.5000)  Acc@5: 100.0000 (100.0000)
2024-11-20 01:15:23,524 -                train: [    INFO] - Valid: 320 [ 104/104]  Loss: 0.1358 (0.195)  Acc@1: 93.7500 (93.8900)  Acc@5: 100.0000 (99.8200)
2024-11-20 01:15:23,560 -                train: [    INFO] - valid_acc 93.890003 - best_valid_acc 94.500003
2024-11-20 01:15:24,040 -                train: [    INFO] - Train: 321 [   0/520]  Loss: 0.1590 (0.159)  Acc@1: 96.8750 (96.8750)  Acc@5: 100.0000 (100.0000)LR: 1.113e-02
2024-11-20 01:16:10,295 -                train: [    INFO] - Train: 321 [ 200/520]  Loss: 0.3803 (0.348)  Acc@1: 89.5833 (91.7910)  Acc@5: 98.9583 (99.7201)LR: 1.113e-02
2024-11-20 01:16:55,999 -                train: [    INFO] - Train: 321 [ 400/520]  Loss: 0.4954 (0.354)  Acc@1: 89.5833 (91.5524)  Acc@5: 98.9583 (99.7013)LR: 1.113e-02
2024-11-20 01:17:22,904 -                train: [    INFO] - Train: 321 [ 520/520]  Loss: 0.3355 (0.362)  Acc@1: 87.5000 (91.3940)  Acc@5: 100.0000 (99.6840)LR: 1.113e-02
2024-11-20 01:17:23,208 -                train: [    INFO] - Valid: 321 [   0/104]  Loss: 0.2043 (0.204)  Acc@1: 92.7083 (92.7083)  Acc@5: 100.0000 (100.0000)
2024-11-20 01:17:28,887 -                train: [    INFO] - Valid: 321 [ 104/104]  Loss: 0.1136 (0.172)  Acc@1: 93.7500 (94.3400)  Acc@5: 100.0000 (99.9100)
2024-11-20 01:17:28,932 -                train: [    INFO] - valid_acc 94.340003 - best_valid_acc 94.500003
2024-11-20 01:17:29,517 -                train: [    INFO] - Train: 322 [   0/520]  Loss: 0.1660 (0.166)  Acc@1: 96.8750 (96.8750)  Acc@5: 100.0000 (100.0000)LR: 1.106e-02
2024-11-20 01:18:13,503 -                train: [    INFO] - Train: 322 [ 200/520]  Loss: 0.2643 (0.349)  Acc@1: 91.6667 (91.5682)  Acc@5: 100.0000 (99.7668)LR: 1.106e-02
2024-11-20 01:18:57,045 -                train: [    INFO] - Train: 322 [ 400/520]  Loss: 0.5187 (0.353)  Acc@1: 88.5417 (91.5420)  Acc@5: 100.0000 (99.7428)LR: 1.106e-02
2024-11-20 01:19:23,129 -                train: [    INFO] - Train: 322 [ 520/520]  Loss: 0.2285 (0.352)  Acc@1: 95.0000 (91.4660)  Acc@5: 100.0000 (99.7340)LR: 1.106e-02
2024-11-20 01:19:23,566 -                train: [    INFO] - Valid: 322 [   0/104]  Loss: 0.1840 (0.184)  Acc@1: 93.7500 (93.7500)  Acc@5: 100.0000 (100.0000)
2024-11-20 01:19:29,339 -                train: [    INFO] - Valid: 322 [ 104/104]  Loss: 0.01885 (0.195)  Acc@1: 100.0000 (93.9600)  Acc@5: 100.0000 (99.7900)
2024-11-20 01:19:29,376 -                train: [    INFO] - valid_acc 93.960003 - best_valid_acc 94.500003
2024-11-20 01:19:29,815 -                train: [    INFO] - Train: 323 [   0/520]  Loss: 0.2297 (0.230)  Acc@1: 95.8333 (95.8333)  Acc@5: 100.0000 (100.0000)LR: 1.100e-02
2024-11-20 01:20:14,230 -                train: [    INFO] - Train: 323 [ 200/520]  Loss: 0.5412 (0.347)  Acc@1: 85.4167 (91.6252)  Acc@5: 100.0000 (99.7772)LR: 1.100e-02
2024-11-20 01:20:57,962 -                train: [    INFO] - Train: 323 [ 400/520]  Loss: 0.4149 (0.354)  Acc@1: 91.6667 (91.5446)  Acc@5: 97.9167 (99.7454)LR: 1.100e-02
2024-11-20 01:21:24,145 -                train: [    INFO] - Train: 323 [ 520/520]  Loss: 0.2937 (0.359)  Acc@1: 93.7500 (91.4520)  Acc@5: 100.0000 (99.7360)LR: 1.100e-02
2024-11-20 01:21:24,442 -                train: [    INFO] - Valid: 323 [   0/104]  Loss: 0.2466 (0.247)  Acc@1: 93.7500 (93.7500)  Acc@5: 100.0000 (100.0000)
2024-11-20 01:21:30,174 -                train: [    INFO] - Valid: 323 [ 104/104]  Loss: 0.3006 (0.191)  Acc@1: 87.5000 (93.8400)  Acc@5: 100.0000 (99.8200)
2024-11-20 01:21:30,206 -                train: [    INFO] - valid_acc 93.840002 - best_valid_acc 94.500003
2024-11-20 01:21:30,669 -                train: [    INFO] - Train: 324 [   0/520]  Loss: 0.4370 (0.437)  Acc@1: 93.7500 (93.7500)  Acc@5: 100.0000 (100.0000)LR: 1.093e-02
2024-11-20 01:22:14,262 -                train: [    INFO] - Train: 324 [ 200/520]  Loss: 0.3520 (0.353)  Acc@1: 91.6667 (91.5060)  Acc@5: 100.0000 (99.7875)LR: 1.093e-02
2024-11-20 01:22:57,952 -                train: [    INFO] - Train: 324 [ 400/520]  Loss: 0.2579 (0.356)  Acc@1: 92.7083 (91.5290)  Acc@5: 100.0000 (99.7376)LR: 1.093e-02
2024-11-20 01:23:23,937 -                train: [    INFO] - Train: 324 [ 520/520]  Loss: 0.3576 (0.357)  Acc@1: 87.5000 (91.5640)  Acc@5: 100.0000 (99.7460)LR: 1.093e-02
2024-11-20 01:23:24,207 -                train: [    INFO] - Valid: 324 [   0/104]  Loss: 0.1704 (0.170)  Acc@1: 92.7083 (92.7083)  Acc@5: 100.0000 (100.0000)
2024-11-20 01:23:29,877 -                train: [    INFO] - Valid: 324 [ 104/104]  Loss: 0.4126 (0.167)  Acc@1: 87.5000 (94.4900)  Acc@5: 100.0000 (99.8900)
2024-11-20 01:23:29,952 -                train: [    INFO] - valid_acc 94.490002 - best_valid_acc 94.500003
2024-11-20 01:23:30,469 -                train: [    INFO] - Train: 325 [   0/520]  Loss: 0.2151 (0.215)  Acc@1: 93.7500 (93.7500)  Acc@5: 100.0000 (100.0000)LR: 1.087e-02
2024-11-20 01:24:14,360 -                train: [    INFO] - Train: 325 [ 200/520]  Loss: 0.3406 (0.344)  Acc@1: 91.6667 (91.8118)  Acc@5: 100.0000 (99.7564)LR: 1.087e-02
2024-11-20 01:24:58,095 -                train: [    INFO] - Train: 325 [ 400/520]  Loss: 0.3391 (0.346)  Acc@1: 92.7083 (91.8303)  Acc@5: 98.9583 (99.7324)LR: 1.087e-02
2024-11-20 01:25:24,294 -                train: [    INFO] - Train: 325 [ 520/520]  Loss: 0.5335 (0.353)  Acc@1: 88.7500 (91.6580)  Acc@5: 100.0000 (99.7140)LR: 1.087e-02
2024-11-20 01:25:24,605 -                train: [    INFO] - Valid: 325 [   0/104]  Loss: 0.2422 (0.242)  Acc@1: 92.7083 (92.7083)  Acc@5: 100.0000 (100.0000)
2024-11-20 01:25:30,304 -                train: [    INFO] - Valid: 325 [ 104/104]  Loss: 0.2067 (0.207)  Acc@1: 93.7500 (93.3600)  Acc@5: 100.0000 (99.8100)
2024-11-20 01:25:30,348 -                train: [    INFO] - valid_acc 93.360003 - best_valid_acc 94.500003
2024-11-20 01:25:30,782 -                train: [    INFO] - Train: 326 [   0/520]  Loss: 0.1039 (0.104)  Acc@1: 98.9583 (98.9583)  Acc@5: 100.0000 (100.0000)LR: 1.080e-02
2024-11-20 01:26:14,258 -                train: [    INFO] - Train: 326 [ 200/520]  Loss: 0.3917 (0.338)  Acc@1: 90.6250 (92.1175)  Acc@5: 100.0000 (99.7409)LR: 1.080e-02
2024-11-20 01:26:57,851 -                train: [    INFO] - Train: 326 [ 400/520]  Loss: 0.4210 (0.345)  Acc@1: 92.7083 (91.8797)  Acc@5: 98.9583 (99.7454)LR: 1.080e-02
2024-11-20 01:27:24,197 -                train: [    INFO] - Train: 326 [ 520/520]  Loss: 0.2753 (0.349)  Acc@1: 92.5000 (91.7440)  Acc@5: 100.0000 (99.7500)LR: 1.080e-02
2024-11-20 01:27:24,492 -                train: [    INFO] - Valid: 326 [   0/104]  Loss: 0.1982 (0.198)  Acc@1: 89.5833 (89.5833)  Acc@5: 100.0000 (100.0000)
2024-11-20 01:27:30,210 -                train: [    INFO] - Valid: 326 [ 104/104]  Loss: 0.2641 (0.204)  Acc@1: 93.7500 (93.5900)  Acc@5: 100.0000 (99.8600)
2024-11-20 01:27:30,255 -                train: [    INFO] - valid_acc 93.590003 - best_valid_acc 94.500003
2024-11-20 01:27:30,699 -                train: [    INFO] - Train: 327 [   0/520]  Loss: 0.4372 (0.437)  Acc@1: 88.5417 (88.5417)  Acc@5: 100.0000 (100.0000)LR: 1.074e-02
2024-11-20 01:28:14,489 -                train: [    INFO] - Train: 327 [ 200/520]  Loss: 0.2773 (0.345)  Acc@1: 90.6250 (91.6978)  Acc@5: 100.0000 (99.7927)LR: 1.074e-02
2024-11-20 01:28:58,262 -                train: [    INFO] - Train: 327 [ 400/520]  Loss: 0.2654 (0.346)  Acc@1: 93.7500 (91.7056)  Acc@5: 100.0000 (99.7896)LR: 1.074e-02
2024-11-20 01:29:24,273 -                train: [    INFO] - Train: 327 [ 520/520]  Loss: 0.3423 (0.351)  Acc@1: 92.5000 (91.5620)  Acc@5: 100.0000 (99.7920)LR: 1.074e-02
2024-11-20 01:29:24,595 -                train: [    INFO] - Valid: 327 [   0/104]  Loss: 0.2775 (0.277)  Acc@1: 92.7083 (92.7083)  Acc@5: 100.0000 (100.0000)
2024-11-20 01:29:30,274 -                train: [    INFO] - Valid: 327 [ 104/104]  Loss: 0.05345 (0.184)  Acc@1: 93.7500 (94.1700)  Acc@5: 100.0000 (99.8700)
2024-11-20 01:29:30,311 -                train: [    INFO] - valid_acc 94.170003 - best_valid_acc 94.500003
2024-11-20 01:29:30,744 -                train: [    INFO] - Train: 328 [   0/520]  Loss: 0.4694 (0.469)  Acc@1: 88.5417 (88.5417)  Acc@5: 98.9583 (98.9583)LR: 1.067e-02
2024-11-20 01:30:14,343 -                train: [    INFO] - Train: 328 [ 200/520]  Loss: 0.2474 (0.351)  Acc@1: 90.6250 (91.5682)  Acc@5: 100.0000 (99.7616)LR: 1.067e-02
2024-11-20 01:30:57,920 -                train: [    INFO] - Train: 328 [ 400/520]  Loss: 0.3529 (0.350)  Acc@1: 90.6250 (91.6459)  Acc@5: 100.0000 (99.7454)LR: 1.067e-02
2024-11-20 01:31:24,185 -                train: [    INFO] - Train: 328 [ 520/520]  Loss: 0.4521 (0.353)  Acc@1: 88.7500 (91.5920)  Acc@5: 100.0000 (99.7380)LR: 1.067e-02
2024-11-20 01:31:24,445 -                train: [    INFO] - Valid: 328 [   0/104]  Loss: 0.1961 (0.196)  Acc@1: 93.7500 (93.7500)  Acc@5: 100.0000 (100.0000)
2024-11-20 01:31:30,167 -                train: [    INFO] - Valid: 328 [ 104/104]  Loss: 0.01164 (0.171)  Acc@1: 100.0000 (94.6600)  Acc@5: 100.0000 (99.8400)
2024-11-20 01:31:30,757 -                train: [    INFO] - valid_acc 94.660003 - best_valid_acc 94.660003
2024-11-20 01:31:31,213 -                train: [    INFO] - Train: 329 [   0/520]  Loss: 0.3111 (0.311)  Acc@1: 91.6667 (91.6667)  Acc@5: 100.0000 (100.0000)LR: 1.061e-02
2024-11-20 01:32:16,863 -                train: [    INFO] - Train: 329 [ 200/520]  Loss: 0.3476 (0.342)  Acc@1: 91.6667 (91.8429)  Acc@5: 100.0000 (99.7150)LR: 1.061e-02
2024-11-20 01:33:03,200 -                train: [    INFO] - Train: 329 [ 400/520]  Loss: 0.4687 (0.349)  Acc@1: 88.5417 (91.7004)  Acc@5: 100.0000 (99.7220)LR: 1.061e-02
2024-11-20 01:33:30,589 -                train: [    INFO] - Train: 329 [ 520/520]  Loss: 0.3883 (0.349)  Acc@1: 92.5000 (91.6060)  Acc@5: 98.7500 (99.7080)LR: 1.061e-02
2024-11-20 01:33:30,846 -                train: [    INFO] - Valid: 329 [   0/104]  Loss: 0.4175 (0.418)  Acc@1: 87.5000 (87.5000)  Acc@5: 100.0000 (100.0000)
2024-11-20 01:33:36,544 -                train: [    INFO] - Valid: 329 [ 104/104]  Loss: 0.2390 (0.231)  Acc@1: 93.7500 (92.9000)  Acc@5: 100.0000 (99.8300)
2024-11-20 01:33:36,574 -                train: [    INFO] - valid_acc 92.900002 - best_valid_acc 94.660003
2024-11-20 01:33:37,114 -                train: [    INFO] - Train: 330 [   0/520]  Loss: 0.3156 (0.316)  Acc@1: 90.6250 (90.6250)  Acc@5: 100.0000 (100.0000)LR: 1.054e-02
2024-11-20 01:34:20,977 -                train: [    INFO] - Train: 330 [ 200/520]  Loss: 0.3013 (0.334)  Acc@1: 92.7083 (92.0657)  Acc@5: 100.0000 (99.7616)LR: 1.054e-02
2024-11-20 01:35:04,873 -                train: [    INFO] - Train: 330 [ 400/520]  Loss: 0.3451 (0.341)  Acc@1: 90.6250 (91.9758)  Acc@5: 98.9583 (99.7584)LR: 1.054e-02
2024-11-20 01:35:31,044 -                train: [    INFO] - Train: 330 [ 520/520]  Loss: 0.3490 (0.344)  Acc@1: 91.2500 (91.8500)  Acc@5: 100.0000 (99.7600)LR: 1.054e-02
2024-11-20 01:35:31,350 -                train: [    INFO] - Valid: 330 [   0/104]  Loss: 0.2959 (0.296)  Acc@1: 91.6667 (91.6667)  Acc@5: 100.0000 (100.0000)
2024-11-20 01:35:37,021 -                train: [    INFO] - Valid: 330 [ 104/104]  Loss: 0.1760 (0.205)  Acc@1: 93.7500 (93.6800)  Acc@5: 100.0000 (99.8900)
2024-11-20 01:35:37,056 -                train: [    INFO] - valid_acc 93.680003 - best_valid_acc 94.660003
2024-11-20 01:35:37,563 -                train: [    INFO] - Train: 331 [   0/520]  Loss: 0.5465 (0.546)  Acc@1: 88.5417 (88.5417)  Acc@5: 98.9583 (98.9583)LR: 1.048e-02
2024-11-20 01:36:21,573 -                train: [    INFO] - Train: 331 [ 200/520]  Loss: 0.3455 (0.337)  Acc@1: 90.6250 (91.9258)  Acc@5: 100.0000 (99.7927)LR: 1.048e-02
2024-11-20 01:37:05,393 -                train: [    INFO] - Train: 331 [ 400/520]  Loss: 0.2498 (0.346)  Acc@1: 92.7083 (91.6771)  Acc@5: 100.0000 (99.7428)LR: 1.048e-02
2024-11-20 01:37:31,510 -                train: [    INFO] - Train: 331 [ 520/520]  Loss: 0.2567 (0.345)  Acc@1: 93.7500 (91.6880)  Acc@5: 100.0000 (99.7480)LR: 1.048e-02
2024-11-20 01:37:31,810 -                train: [    INFO] - Valid: 331 [   0/104]  Loss: 0.2281 (0.228)  Acc@1: 93.7500 (93.7500)  Acc@5: 100.0000 (100.0000)
2024-11-20 01:37:37,495 -                train: [    INFO] - Valid: 331 [ 104/104]  Loss: 0.2684 (0.188)  Acc@1: 93.7500 (94.0300)  Acc@5: 100.0000 (99.8500)
2024-11-20 01:37:37,533 -                train: [    INFO] - valid_acc 94.030003 - best_valid_acc 94.660003
2024-11-20 01:37:38,018 -                train: [    INFO] - Train: 332 [   0/520]  Loss: 0.4055 (0.405)  Acc@1: 91.6667 (91.6667)  Acc@5: 97.9167 (97.9167)LR: 1.042e-02
2024-11-20 01:38:23,124 -                train: [    INFO] - Train: 332 [ 200/520]  Loss: 0.2745 (0.339)  Acc@1: 92.7083 (91.7755)  Acc@5: 100.0000 (99.7823)LR: 1.042e-02
2024-11-20 01:39:07,988 -                train: [    INFO] - Train: 332 [ 400/520]  Loss: 0.3182 (0.344)  Acc@1: 91.6667 (91.5939)  Acc@5: 100.0000 (99.7558)LR: 1.042e-02
2024-11-20 01:39:34,572 -                train: [    INFO] - Train: 332 [ 520/520]  Loss: 0.5462 (0.353)  Acc@1: 88.7500 (91.5040)  Acc@5: 97.5000 (99.7380)LR: 1.042e-02
2024-11-20 01:39:34,860 -                train: [    INFO] - Valid: 332 [   0/104]  Loss: 0.2332 (0.233)  Acc@1: 91.6667 (91.6667)  Acc@5: 100.0000 (100.0000)
2024-11-20 01:39:40,531 -                train: [    INFO] - Valid: 332 [ 104/104]  Loss: 0.1078 (0.179)  Acc@1: 93.7500 (94.2500)  Acc@5: 100.0000 (99.8300)
2024-11-20 01:39:40,569 -                train: [    INFO] - valid_acc 94.250002 - best_valid_acc 94.660003
2024-11-20 01:39:41,004 -                train: [    INFO] - Train: 333 [   0/520]  Loss: 0.1346 (0.135)  Acc@1: 95.8333 (95.8333)  Acc@5: 100.0000 (100.0000)LR: 1.035e-02
2024-11-20 01:40:24,893 -                train: [    INFO] - Train: 333 [ 200/520]  Loss: 0.3330 (0.337)  Acc@1: 91.6667 (91.9362)  Acc@5: 100.0000 (99.7357)LR: 1.035e-02
2024-11-20 01:41:08,497 -                train: [    INFO] - Train: 333 [ 400/520]  Loss: 0.4271 (0.347)  Acc@1: 90.6250 (91.6667)  Acc@5: 98.9583 (99.7324)LR: 1.035e-02
2024-11-20 01:41:34,739 -                train: [    INFO] - Train: 333 [ 520/520]  Loss: 0.3227 (0.347)  Acc@1: 91.2500 (91.6820)  Acc@5: 98.7500 (99.7100)LR: 1.035e-02
2024-11-20 01:41:35,090 -                train: [    INFO] - Valid: 333 [   0/104]  Loss: 0.1290 (0.129)  Acc@1: 95.8333 (95.8333)  Acc@5: 100.0000 (100.0000)
2024-11-20 01:41:40,759 -                train: [    INFO] - Valid: 333 [ 104/104]  Loss: 0.4409 (0.197)  Acc@1: 87.5000 (94.0100)  Acc@5: 100.0000 (99.8300)
2024-11-20 01:41:40,798 -                train: [    INFO] - valid_acc 94.010003 - best_valid_acc 94.660003
2024-11-20 01:41:41,357 -                train: [    INFO] - Train: 334 [   0/520]  Loss: 0.1975 (0.198)  Acc@1: 96.8750 (96.8750)  Acc@5: 100.0000 (100.0000)LR: 1.029e-02
2024-11-20 01:42:25,436 -                train: [    INFO] - Train: 334 [ 200/520]  Loss: 0.2212 (0.349)  Acc@1: 93.7500 (91.5682)  Acc@5: 100.0000 (99.7201)LR: 1.029e-02
2024-11-20 01:43:09,189 -                train: [    INFO] - Train: 334 [ 400/520]  Loss: 0.2506 (0.346)  Acc@1: 94.7917 (91.7628)  Acc@5: 100.0000 (99.7195)LR: 1.029e-02
2024-11-20 01:43:35,285 -                train: [    INFO] - Train: 334 [ 520/520]  Loss: 0.2460 (0.350)  Acc@1: 93.7500 (91.6560)  Acc@5: 100.0000 (99.7160)LR: 1.029e-02
2024-11-20 01:43:35,567 -                train: [    INFO] - Valid: 334 [   0/104]  Loss: 0.2185 (0.218)  Acc@1: 89.5833 (89.5833)  Acc@5: 100.0000 (100.0000)
2024-11-20 01:43:41,236 -                train: [    INFO] - Valid: 334 [ 104/104]  Loss: 0.1566 (0.183)  Acc@1: 93.7500 (94.1900)  Acc@5: 100.0000 (99.9200)
2024-11-20 01:43:41,269 -                train: [    INFO] - valid_acc 94.190002 - best_valid_acc 94.660003
2024-11-20 01:43:41,832 -                train: [    INFO] - Train: 335 [   0/520]  Loss: 0.3636 (0.364)  Acc@1: 94.7917 (94.7917)  Acc@5: 100.0000 (100.0000)LR: 1.022e-02
2024-11-20 01:44:25,299 -                train: [    INFO] - Train: 335 [ 200/520]  Loss: 0.4935 (0.336)  Acc@1: 89.5833 (91.9206)  Acc@5: 98.9583 (99.7512)LR: 1.022e-02
2024-11-20 01:45:09,141 -                train: [    INFO] - Train: 335 [ 400/520]  Loss: 0.4255 (0.340)  Acc@1: 88.5417 (91.8979)  Acc@5: 100.0000 (99.7324)LR: 1.022e-02
2024-11-20 01:45:35,423 -                train: [    INFO] - Train: 335 [ 520/520]  Loss: 0.1951 (0.339)  Acc@1: 93.7500 (91.9060)  Acc@5: 100.0000 (99.7460)LR: 1.022e-02
2024-11-20 01:45:35,727 -                train: [    INFO] - Valid: 335 [   0/104]  Loss: 0.1547 (0.155)  Acc@1: 95.8333 (95.8333)  Acc@5: 100.0000 (100.0000)
2024-11-20 01:45:41,435 -                train: [    INFO] - Valid: 335 [ 104/104]  Loss: 0.2371 (0.174)  Acc@1: 93.7500 (94.2200)  Acc@5: 100.0000 (99.8800)
2024-11-20 01:45:41,489 -                train: [    INFO] - valid_acc 94.220002 - best_valid_acc 94.660003
2024-11-20 01:45:41,987 -                train: [    INFO] - Train: 336 [   0/520]  Loss: 0.4058 (0.406)  Acc@1: 85.4167 (85.4167)  Acc@5: 100.0000 (100.0000)LR: 1.016e-02
2024-11-20 01:46:25,547 -                train: [    INFO] - Train: 336 [ 200/520]  Loss: 0.3938 (0.332)  Acc@1: 90.6250 (92.0450)  Acc@5: 100.0000 (99.7772)LR: 1.016e-02
2024-11-20 01:47:09,117 -                train: [    INFO] - Train: 336 [ 400/520]  Loss: 0.3758 (0.337)  Acc@1: 92.7083 (91.7810)  Acc@5: 100.0000 (99.7584)LR: 1.016e-02
2024-11-20 01:47:35,215 -                train: [    INFO] - Train: 336 [ 520/520]  Loss: 0.4578 (0.343)  Acc@1: 88.7500 (91.6980)  Acc@5: 100.0000 (99.7300)LR: 1.016e-02
2024-11-20 01:47:35,475 -                train: [    INFO] - Valid: 336 [   0/104]  Loss: 0.1822 (0.182)  Acc@1: 92.7083 (92.7083)  Acc@5: 100.0000 (100.0000)
2024-11-20 01:47:41,150 -                train: [    INFO] - Valid: 336 [ 104/104]  Loss: 0.01246 (0.172)  Acc@1: 100.0000 (94.5700)  Acc@5: 100.0000 (99.8900)
2024-11-20 01:47:41,198 -                train: [    INFO] - valid_acc 94.570003 - best_valid_acc 94.660003
2024-11-20 01:47:41,681 -                train: [    INFO] - Train: 337 [   0/520]  Loss: 0.4903 (0.490)  Acc@1: 89.5833 (89.5833)  Acc@5: 98.9583 (98.9583)LR: 1.009e-02
2024-11-20 01:48:25,394 -                train: [    INFO] - Train: 337 [ 200/520]  Loss: 0.4526 (0.335)  Acc@1: 88.5417 (91.9932)  Acc@5: 100.0000 (99.7461)LR: 1.009e-02
2024-11-20 01:49:09,001 -                train: [    INFO] - Train: 337 [ 400/520]  Loss: 0.3501 (0.335)  Acc@1: 90.6250 (91.9342)  Acc@5: 100.0000 (99.7350)LR: 1.009e-02
2024-11-20 01:49:35,017 -                train: [    INFO] - Train: 337 [ 520/520]  Loss: 0.4313 (0.338)  Acc@1: 92.5000 (91.8380)  Acc@5: 100.0000 (99.7300)LR: 1.009e-02
2024-11-20 01:49:35,279 -                train: [    INFO] - Valid: 337 [   0/104]  Loss: 0.3048 (0.305)  Acc@1: 89.5833 (89.5833)  Acc@5: 100.0000 (100.0000)
2024-11-20 01:49:40,950 -                train: [    INFO] - Valid: 337 [ 104/104]  Loss: 0.1006 (0.190)  Acc@1: 93.7500 (93.9600)  Acc@5: 100.0000 (99.8500)
2024-11-20 01:49:40,992 -                train: [    INFO] - valid_acc 93.960003 - best_valid_acc 94.660003
2024-11-20 01:49:41,564 -                train: [    INFO] - Train: 338 [   0/520]  Loss: 0.4510 (0.451)  Acc@1: 92.7083 (92.7083)  Acc@5: 98.9583 (98.9583)LR: 1.003e-02
2024-11-20 01:50:27,129 -                train: [    INFO] - Train: 338 [ 200/520]  Loss: 0.3778 (0.332)  Acc@1: 90.6250 (92.1124)  Acc@5: 100.0000 (99.7150)LR: 1.003e-02
2024-11-20 01:51:11,610 -                train: [    INFO] - Train: 338 [ 400/520]  Loss: 0.3810 (0.337)  Acc@1: 89.5833 (91.9368)  Acc@5: 100.0000 (99.7143)LR: 1.003e-02
2024-11-20 01:51:37,857 -                train: [    INFO] - Train: 338 [ 520/520]  Loss: 0.3145 (0.339)  Acc@1: 90.0000 (91.8500)  Acc@5: 100.0000 (99.7100)LR: 1.003e-02
2024-11-20 01:51:38,117 -                train: [    INFO] - Valid: 338 [   0/104]  Loss: 0.2232 (0.223)  Acc@1: 90.6250 (90.6250)  Acc@5: 100.0000 (100.0000)
2024-11-20 01:51:43,795 -                train: [    INFO] - Valid: 338 [ 104/104]  Loss: 0.2010 (0.168)  Acc@1: 93.7500 (94.6400)  Acc@5: 100.0000 (99.8200)
2024-11-20 01:51:43,833 -                train: [    INFO] - valid_acc 94.640003 - best_valid_acc 94.660003
2024-11-20 01:51:44,285 -                train: [    INFO] - Train: 339 [   0/520]  Loss: 0.3420 (0.342)  Acc@1: 88.5417 (88.5417)  Acc@5: 100.0000 (100.0000)LR: 9.965e-03
2024-11-20 01:52:27,973 -                train: [    INFO] - Train: 339 [ 200/520]  Loss: 0.2956 (0.331)  Acc@1: 94.7917 (92.1953)  Acc@5: 100.0000 (99.7875)LR: 9.965e-03
2024-11-20 01:53:11,494 -                train: [    INFO] - Train: 339 [ 400/520]  Loss: 0.4354 (0.338)  Acc@1: 89.5833 (92.0044)  Acc@5: 100.0000 (99.7740)LR: 9.965e-03
2024-11-20 01:53:37,636 -                train: [    INFO] - Train: 339 [ 520/520]  Loss: 0.4663 (0.340)  Acc@1: 91.2500 (91.9440)  Acc@5: 98.7500 (99.7660)LR: 9.965e-03
2024-11-20 01:53:37,958 -                train: [    INFO] - Valid: 339 [   0/104]  Loss: 0.1915 (0.191)  Acc@1: 92.7083 (92.7083)  Acc@5: 100.0000 (100.0000)
2024-11-20 01:53:43,670 -                train: [    INFO] - Valid: 339 [ 104/104]  Loss: 0.3349 (0.177)  Acc@1: 93.7500 (94.1600)  Acc@5: 100.0000 (99.9000)
2024-11-20 01:53:43,704 -                train: [    INFO] - valid_acc 94.160003 - best_valid_acc 94.660003
2024-11-20 01:53:44,224 -                train: [    INFO] - Train: 340 [   0/520]  Loss: 0.2482 (0.248)  Acc@1: 94.7917 (94.7917)  Acc@5: 100.0000 (100.0000)LR: 9.901e-03
2024-11-20 01:54:27,919 -                train: [    INFO] - Train: 340 [ 200/520]  Loss: 0.2400 (0.338)  Acc@1: 95.8333 (91.9310)  Acc@5: 100.0000 (99.7927)LR: 9.901e-03
2024-11-20 01:55:11,556 -                train: [    INFO] - Train: 340 [ 400/520]  Loss: 0.5542 (0.342)  Acc@1: 87.5000 (91.8667)  Acc@5: 100.0000 (99.7506)LR: 9.901e-03
2024-11-20 01:55:37,506 -                train: [    INFO] - Train: 340 [ 520/520]  Loss: 0.5875 (0.344)  Acc@1: 86.2500 (91.8360)  Acc@5: 100.0000 (99.7420)LR: 9.901e-03
2024-11-20 01:55:37,850 -                train: [    INFO] - Valid: 340 [   0/104]  Loss: 0.2239 (0.224)  Acc@1: 92.7083 (92.7083)  Acc@5: 98.9583 (98.9583)
2024-11-20 01:55:43,520 -                train: [    INFO] - Valid: 340 [ 104/104]  Loss: 0.1329 (0.166)  Acc@1: 93.7500 (94.6500)  Acc@5: 100.0000 (99.8800)
2024-11-20 01:55:43,558 -                train: [    INFO] - valid_acc 94.650003 - best_valid_acc 94.660003
2024-11-20 01:55:44,014 -                train: [    INFO] - Train: 341 [   0/520]  Loss: 0.2792 (0.279)  Acc@1: 91.6667 (91.6667)  Acc@5: 100.0000 (100.0000)LR: 9.837e-03
2024-11-20 01:56:27,670 -                train: [    INFO] - Train: 341 [ 200/520]  Loss: 0.2410 (0.321)  Acc@1: 93.7500 (92.3145)  Acc@5: 100.0000 (99.8186)LR: 9.837e-03
2024-11-20 01:57:11,128 -                train: [    INFO] - Train: 341 [ 400/520]  Loss: 0.2042 (0.334)  Acc@1: 94.7917 (91.9836)  Acc@5: 100.0000 (99.7948)LR: 9.837e-03
2024-11-20 01:57:37,299 -                train: [    INFO] - Train: 341 [ 520/520]  Loss: 0.5925 (0.337)  Acc@1: 87.5000 (91.9140)  Acc@5: 97.5000 (99.7520)LR: 9.837e-03
2024-11-20 01:57:37,573 -                train: [    INFO] - Valid: 341 [   0/104]  Loss: 0.2439 (0.244)  Acc@1: 91.6667 (91.6667)  Acc@5: 100.0000 (100.0000)
2024-11-20 01:57:43,250 -                train: [    INFO] - Valid: 341 [ 104/104]  Loss: 0.05601 (0.176)  Acc@1: 93.7500 (94.5300)  Acc@5: 100.0000 (99.8800)
2024-11-20 01:57:43,289 -                train: [    INFO] - valid_acc 94.530003 - best_valid_acc 94.660003
2024-11-20 01:57:43,721 -                train: [    INFO] - Train: 342 [   0/520]  Loss: 0.2576 (0.258)  Acc@1: 93.7500 (93.7500)  Acc@5: 98.9583 (98.9583)LR: 9.773e-03
2024-11-20 01:58:28,146 -                train: [    INFO] - Train: 342 [ 200/520]  Loss: 0.2185 (0.337)  Acc@1: 96.8750 (91.9154)  Acc@5: 100.0000 (99.8031)LR: 9.773e-03
2024-11-20 01:59:12,502 -                train: [    INFO] - Train: 342 [ 400/520]  Loss: 0.2161 (0.340)  Acc@1: 96.8750 (91.9212)  Acc@5: 100.0000 (99.8052)LR: 9.773e-03
2024-11-20 01:59:38,883 -                train: [    INFO] - Train: 342 [ 520/520]  Loss: 0.3339 (0.341)  Acc@1: 95.0000 (91.8860)  Acc@5: 100.0000 (99.7840)LR: 9.773e-03
2024-11-20 01:59:39,160 -                train: [    INFO] - Valid: 342 [   0/104]  Loss: 0.2601 (0.260)  Acc@1: 92.7083 (92.7083)  Acc@5: 100.0000 (100.0000)
2024-11-20 01:59:44,843 -                train: [    INFO] - Valid: 342 [ 104/104]  Loss: 0.02630 (0.185)  Acc@1: 100.0000 (94.0400)  Acc@5: 100.0000 (99.8700)
2024-11-20 01:59:44,881 -                train: [    INFO] - valid_acc 94.040002 - best_valid_acc 94.660003
2024-11-20 01:59:45,396 -                train: [    INFO] - Train: 343 [   0/520]  Loss: 0.2341 (0.234)  Acc@1: 94.7917 (94.7917)  Acc@5: 100.0000 (100.0000)LR: 9.709e-03
2024-11-20 02:00:29,141 -                train: [    INFO] - Train: 343 [ 200/520]  Loss: 0.4408 (0.334)  Acc@1: 90.6250 (92.1124)  Acc@5: 98.9583 (99.7512)LR: 9.709e-03
2024-11-20 02:01:12,564 -                train: [    INFO] - Train: 343 [ 400/520]  Loss: 0.2135 (0.337)  Acc@1: 95.8333 (91.9888)  Acc@5: 100.0000 (99.7454)LR: 9.709e-03
2024-11-20 02:01:38,672 -                train: [    INFO] - Train: 343 [ 520/520]  Loss: 0.4913 (0.339)  Acc@1: 90.0000 (91.9080)  Acc@5: 100.0000 (99.7400)LR: 9.709e-03
2024-11-20 02:01:38,946 -                train: [    INFO] - Valid: 343 [   0/104]  Loss: 0.1404 (0.140)  Acc@1: 94.7917 (94.7917)  Acc@5: 100.0000 (100.0000)
2024-11-20 02:01:44,615 -                train: [    INFO] - Valid: 343 [ 104/104]  Loss: 0.1953 (0.175)  Acc@1: 87.5000 (94.2900)  Acc@5: 100.0000 (99.9300)
2024-11-20 02:01:44,641 -                train: [    INFO] - valid_acc 94.290003 - best_valid_acc 94.660003
2024-11-20 02:01:45,065 -                train: [    INFO] - Train: 344 [   0/520]  Loss: 0.2770 (0.277)  Acc@1: 94.7917 (94.7917)  Acc@5: 98.9583 (98.9583)LR: 9.646e-03
2024-11-20 02:02:28,679 -                train: [    INFO] - Train: 344 [ 200/520]  Loss: 0.2598 (0.330)  Acc@1: 92.7083 (92.1124)  Acc@5: 98.9583 (99.7772)LR: 9.646e-03
2024-11-20 02:03:12,513 -                train: [    INFO] - Train: 344 [ 400/520]  Loss: 0.4859 (0.332)  Acc@1: 86.4583 (92.1213)  Acc@5: 100.0000 (99.7584)LR: 9.646e-03
2024-11-20 02:03:38,545 -                train: [    INFO] - Train: 344 [ 520/520]  Loss: 0.4666 (0.331)  Acc@1: 87.5000 (92.0760)  Acc@5: 100.0000 (99.7660)LR: 9.646e-03
2024-11-20 02:03:38,817 -                train: [    INFO] - Valid: 344 [   0/104]  Loss: 0.2414 (0.241)  Acc@1: 92.7083 (92.7083)  Acc@5: 100.0000 (100.0000)
2024-11-20 02:03:44,485 -                train: [    INFO] - Valid: 344 [ 104/104]  Loss: 0.3505 (0.161)  Acc@1: 93.7500 (94.8400)  Acc@5: 100.0000 (99.8600)
2024-11-20 02:03:44,951 -                train: [    INFO] - valid_acc 94.840002 - best_valid_acc 94.840002
2024-11-20 02:03:45,426 -                train: [    INFO] - Train: 345 [   0/520]  Loss: 0.2823 (0.282)  Acc@1: 94.7917 (94.7917)  Acc@5: 100.0000 (100.0000)LR: 9.582e-03
2024-11-20 02:04:29,252 -                train: [    INFO] - Train: 345 [ 200/520]  Loss: 0.2178 (0.320)  Acc@1: 93.7500 (92.2575)  Acc@5: 100.0000 (99.7305)LR: 9.582e-03
2024-11-20 02:05:12,745 -                train: [    INFO] - Train: 345 [ 400/520]  Loss: 0.1968 (0.332)  Acc@1: 94.7917 (92.0589)  Acc@5: 100.0000 (99.7428)LR: 9.582e-03
2024-11-20 02:05:38,794 -                train: [    INFO] - Train: 345 [ 520/520]  Loss: 0.3079 (0.333)  Acc@1: 91.2500 (92.0000)  Acc@5: 98.7500 (99.7380)LR: 9.582e-03
2024-11-20 02:05:39,090 -                train: [    INFO] - Valid: 345 [   0/104]  Loss: 0.1925 (0.192)  Acc@1: 92.7083 (92.7083)  Acc@5: 100.0000 (100.0000)
2024-11-20 02:05:44,766 -                train: [    INFO] - Valid: 345 [ 104/104]  Loss: 0.05559 (0.159)  Acc@1: 93.7500 (94.8700)  Acc@5: 100.0000 (99.8700)
2024-11-20 02:05:45,301 -                train: [    INFO] - valid_acc 94.870002 - best_valid_acc 94.870002
2024-11-20 02:05:45,746 -                train: [    INFO] - Train: 346 [   0/520]  Loss: 0.2436 (0.244)  Acc@1: 95.8333 (95.8333)  Acc@5: 100.0000 (100.0000)LR: 9.518e-03
2024-11-20 02:06:29,528 -                train: [    INFO] - Train: 346 [ 200/520]  Loss: 0.2945 (0.328)  Acc@1: 92.7083 (92.2056)  Acc@5: 100.0000 (99.8031)LR: 9.518e-03
2024-11-20 02:07:13,173 -                train: [    INFO] - Train: 346 [ 400/520]  Loss: 0.2330 (0.336)  Acc@1: 95.8333 (92.0070)  Acc@5: 100.0000 (99.8052)LR: 9.518e-03
2024-11-20 02:07:39,343 -                train: [    INFO] - Train: 346 [ 520/520]  Loss: 0.4089 (0.334)  Acc@1: 90.0000 (92.0560)  Acc@5: 100.0000 (99.7920)LR: 9.518e-03
2024-11-20 02:07:39,623 -                train: [    INFO] - Valid: 346 [   0/104]  Loss: 0.1300 (0.130)  Acc@1: 94.7917 (94.7917)  Acc@5: 100.0000 (100.0000)
2024-11-20 02:07:45,347 -                train: [    INFO] - Valid: 346 [ 104/104]  Loss: 0.4494 (0.153)  Acc@1: 93.7500 (94.9700)  Acc@5: 100.0000 (99.9200)
2024-11-20 02:07:46,063 -                train: [    INFO] - valid_acc 94.970003 - best_valid_acc 94.970003
2024-11-20 02:07:46,615 -                train: [    INFO] - Train: 347 [   0/520]  Loss: 0.2763 (0.276)  Acc@1: 93.7500 (93.7500)  Acc@5: 100.0000 (100.0000)LR: 9.455e-03
2024-11-20 02:08:31,006 -                train: [    INFO] - Train: 347 [ 200/520]  Loss: 0.2819 (0.328)  Acc@1: 94.7917 (92.2419)  Acc@5: 98.9583 (99.7616)LR: 9.455e-03
2024-11-20 02:09:14,769 -                train: [    INFO] - Train: 347 [ 400/520]  Loss: 0.2130 (0.330)  Acc@1: 94.7917 (92.1888)  Acc@5: 100.0000 (99.7506)LR: 9.455e-03
2024-11-20 02:09:40,910 -                train: [    INFO] - Train: 347 [ 520/520]  Loss: 0.2245 (0.330)  Acc@1: 93.7500 (92.1300)  Acc@5: 100.0000 (99.7460)LR: 9.455e-03
2024-11-20 02:09:41,193 -                train: [    INFO] - Valid: 347 [   0/104]  Loss: 0.2157 (0.216)  Acc@1: 93.7500 (93.7500)  Acc@5: 100.0000 (100.0000)
2024-11-20 02:09:46,937 -                train: [    INFO] - Valid: 347 [ 104/104]  Loss: 0.3356 (0.181)  Acc@1: 93.7500 (94.3500)  Acc@5: 100.0000 (99.8800)
2024-11-20 02:09:46,975 -                train: [    INFO] - valid_acc 94.350002 - best_valid_acc 94.970003
2024-11-20 02:09:47,460 -                train: [    INFO] - Train: 348 [   0/520]  Loss: 0.2791 (0.279)  Acc@1: 93.7500 (93.7500)  Acc@5: 100.0000 (100.0000)LR: 9.391e-03
2024-11-20 02:10:32,277 -                train: [    INFO] - Train: 348 [ 200/520]  Loss: 0.3700 (0.324)  Acc@1: 89.5833 (92.2678)  Acc@5: 100.0000 (99.7461)LR: 9.391e-03
2024-11-20 02:11:15,847 -                train: [    INFO] - Train: 348 [ 400/520]  Loss: 0.3337 (0.335)  Acc@1: 92.7083 (91.9550)  Acc@5: 100.0000 (99.7350)LR: 9.391e-03
2024-11-20 02:11:41,965 -                train: [    INFO] - Train: 348 [ 520/520]  Loss: 0.4065 (0.331)  Acc@1: 95.0000 (92.0820)  Acc@5: 100.0000 (99.7460)LR: 9.391e-03
2024-11-20 02:11:42,273 -                train: [    INFO] - Valid: 348 [   0/104]  Loss: 0.1139 (0.114)  Acc@1: 95.8333 (95.8333)  Acc@5: 100.0000 (100.0000)
2024-11-20 02:11:48,023 -                train: [    INFO] - Valid: 348 [ 104/104]  Loss: 0.06680 (0.158)  Acc@1: 93.7500 (95.0700)  Acc@5: 100.0000 (99.8600)
2024-11-20 02:11:48,479 -                train: [    INFO] - valid_acc 95.070002 - best_valid_acc 95.070002
2024-11-20 02:11:48,924 -                train: [    INFO] - Train: 349 [   0/520]  Loss: 0.2572 (0.257)  Acc@1: 92.7083 (92.7083)  Acc@5: 100.0000 (100.0000)LR: 9.328e-03
2024-11-20 02:12:33,946 -                train: [    INFO] - Train: 349 [ 200/520]  Loss: 0.1006 (0.314)  Acc@1: 97.9167 (92.6721)  Acc@5: 100.0000 (99.8342)LR: 9.328e-03
2024-11-20 02:13:19,790 -                train: [    INFO] - Train: 349 [ 400/520]  Loss: 0.2691 (0.322)  Acc@1: 94.7917 (92.4564)  Acc@5: 100.0000 (99.7636)LR: 9.328e-03
2024-11-20 02:13:46,433 -                train: [    INFO] - Train: 349 [ 520/520]  Loss: 0.2341 (0.326)  Acc@1: 95.0000 (92.3400)  Acc@5: 100.0000 (99.7360)LR: 9.328e-03
2024-11-20 02:13:46,727 -                train: [    INFO] - Valid: 349 [   0/104]  Loss: 0.2406 (0.241)  Acc@1: 89.5833 (89.5833)  Acc@5: 100.0000 (100.0000)
2024-11-20 02:13:52,434 -                train: [    INFO] - Valid: 349 [ 104/104]  Loss: 0.4956 (0.174)  Acc@1: 93.7500 (94.4200)  Acc@5: 100.0000 (99.9000)
2024-11-20 02:13:52,469 -                train: [    INFO] - valid_acc 94.420002 - best_valid_acc 95.070002
2024-11-20 02:13:52,909 -                train: [    INFO] - Train: 350 [   0/520]  Loss: 0.2657 (0.266)  Acc@1: 93.7500 (93.7500)  Acc@5: 100.0000 (100.0000)LR: 9.265e-03
2024-11-20 02:14:37,088 -                train: [    INFO] - Train: 350 [ 200/520]  Loss: 0.2600 (0.320)  Acc@1: 92.7083 (92.3922)  Acc@5: 100.0000 (99.8186)LR: 9.265e-03
2024-11-20 02:15:20,769 -                train: [    INFO] - Train: 350 [ 400/520]  Loss: 0.4573 (0.326)  Acc@1: 91.6667 (92.2018)  Acc@5: 98.9583 (99.7870)LR: 9.265e-03
2024-11-20 02:15:46,909 -                train: [    INFO] - Train: 350 [ 520/520]  Loss: 0.3250 (0.325)  Acc@1: 91.2500 (92.2180)  Acc@5: 100.0000 (99.7820)LR: 9.265e-03
2024-11-20 02:15:47,267 -                train: [    INFO] - Valid: 350 [   0/104]  Loss: 0.2209 (0.221)  Acc@1: 90.6250 (90.6250)  Acc@5: 100.0000 (100.0000)
2024-11-20 02:15:52,990 -                train: [    INFO] - Valid: 350 [ 104/104]  Loss: 0.3554 (0.157)  Acc@1: 87.5000 (95.0100)  Acc@5: 100.0000 (99.9100)
2024-11-20 02:15:53,024 -                train: [    INFO] - valid_acc 95.010002 - best_valid_acc 95.070002
2024-11-20 02:15:53,592 -                train: [    INFO] - Train: 351 [   0/520]  Loss: 0.2467 (0.247)  Acc@1: 94.7917 (94.7917)  Acc@5: 100.0000 (100.0000)LR: 9.202e-03
2024-11-20 02:16:37,352 -                train: [    INFO] - Train: 351 [ 200/520]  Loss: 0.2265 (0.328)  Acc@1: 94.7917 (92.1590)  Acc@5: 100.0000 (99.8342)LR: 9.202e-03
2024-11-20 02:17:20,814 -                train: [    INFO] - Train: 351 [ 400/520]  Loss: 0.4456 (0.323)  Acc@1: 91.6667 (92.3291)  Acc@5: 100.0000 (99.8026)LR: 9.202e-03
2024-11-20 02:17:47,091 -                train: [    INFO] - Train: 351 [ 520/520]  Loss: 0.3639 (0.326)  Acc@1: 95.0000 (92.2720)  Acc@5: 98.7500 (99.7820)LR: 9.202e-03
2024-11-20 02:17:47,470 -                train: [    INFO] - Valid: 351 [   0/104]  Loss: 0.3728 (0.373)  Acc@1: 89.5833 (89.5833)  Acc@5: 100.0000 (100.0000)
2024-11-20 02:17:53,188 -                train: [    INFO] - Valid: 351 [ 104/104]  Loss: 0.05678 (0.208)  Acc@1: 100.0000 (93.9200)  Acc@5: 100.0000 (99.8400)
2024-11-20 02:17:53,224 -                train: [    INFO] - valid_acc 93.920002 - best_valid_acc 95.070002
2024-11-20 02:17:53,713 -                train: [    INFO] - Train: 352 [   0/520]  Loss: 0.4572 (0.457)  Acc@1: 92.7083 (92.7083)  Acc@5: 98.9583 (98.9583)LR: 9.139e-03
2024-11-20 02:18:37,357 -                train: [    INFO] - Train: 352 [ 200/520]  Loss: 0.4076 (0.298)  Acc@1: 88.5417 (92.8638)  Acc@5: 98.9583 (99.8393)LR: 9.139e-03
2024-11-20 02:19:21,304 -                train: [    INFO] - Train: 352 [ 400/520]  Loss: 0.1912 (0.312)  Acc@1: 94.7917 (92.5031)  Acc@5: 100.0000 (99.8052)LR: 9.139e-03
2024-11-20 02:19:47,494 -                train: [    INFO] - Train: 352 [ 520/520]  Loss: 0.4364 (0.318)  Acc@1: 85.0000 (92.4160)  Acc@5: 98.7500 (99.7780)LR: 9.139e-03
2024-11-20 02:19:47,844 -                train: [    INFO] - Valid: 352 [   0/104]  Loss: 0.1823 (0.182)  Acc@1: 92.7083 (92.7083)  Acc@5: 100.0000 (100.0000)
2024-11-20 02:19:53,512 -                train: [    INFO] - Valid: 352 [ 104/104]  Loss: 0.05888 (0.164)  Acc@1: 100.0000 (94.6800)  Acc@5: 100.0000 (99.9200)
2024-11-20 02:19:53,547 -                train: [    INFO] - valid_acc 94.680002 - best_valid_acc 95.070002
2024-11-20 02:19:54,023 -                train: [    INFO] - Train: 353 [   0/520]  Loss: 0.4053 (0.405)  Acc@1: 91.6667 (91.6667)  Acc@5: 100.0000 (100.0000)LR: 9.076e-03
2024-11-20 02:20:37,687 -                train: [    INFO] - Train: 353 [ 200/520]  Loss: 0.5230 (0.314)  Acc@1: 85.4167 (92.5529)  Acc@5: 100.0000 (99.8290)LR: 9.076e-03
2024-11-20 02:21:21,170 -                train: [    INFO] - Train: 353 [ 400/520]  Loss: 0.2369 (0.318)  Acc@1: 93.7500 (92.3836)  Acc@5: 100.0000 (99.8078)LR: 9.076e-03
2024-11-20 02:21:47,218 -                train: [    INFO] - Train: 353 [ 520/520]  Loss: 0.4038 (0.322)  Acc@1: 90.0000 (92.3420)  Acc@5: 100.0000 (99.7940)LR: 9.076e-03
2024-11-20 02:21:47,504 -                train: [    INFO] - Valid: 353 [   0/104]  Loss: 0.2736 (0.274)  Acc@1: 92.7083 (92.7083)  Acc@5: 100.0000 (100.0000)
2024-11-20 02:21:53,198 -                train: [    INFO] - Valid: 353 [ 104/104]  Loss: 0.2931 (0.163)  Acc@1: 93.7500 (94.8400)  Acc@5: 100.0000 (99.8500)
2024-11-20 02:21:53,237 -                train: [    INFO] - valid_acc 94.840003 - best_valid_acc 95.070002
2024-11-20 02:21:53,755 -                train: [    INFO] - Train: 354 [   0/520]  Loss: 0.2825 (0.283)  Acc@1: 93.7500 (93.7500)  Acc@5: 100.0000 (100.0000)LR: 9.013e-03
2024-11-20 02:22:37,347 -                train: [    INFO] - Train: 354 [ 200/520]  Loss: 0.2903 (0.309)  Acc@1: 92.7083 (92.6876)  Acc@5: 100.0000 (99.8083)LR: 9.013e-03
2024-11-20 02:23:21,249 -                train: [    INFO] - Train: 354 [ 400/520]  Loss: 0.1903 (0.320)  Acc@1: 95.8333 (92.3421)  Acc@5: 100.0000 (99.7636)LR: 9.013e-03
2024-11-20 02:23:47,627 -                train: [    INFO] - Train: 354 [ 520/520]  Loss: 0.2193 (0.325)  Acc@1: 91.2500 (92.2920)  Acc@5: 100.0000 (99.7500)LR: 9.013e-03
2024-11-20 02:23:48,029 -                train: [    INFO] - Valid: 354 [   0/104]  Loss: 0.2894 (0.289)  Acc@1: 91.6667 (91.6667)  Acc@5: 100.0000 (100.0000)
2024-11-20 02:23:53,759 -                train: [    INFO] - Valid: 354 [ 104/104]  Loss: 0.03818 (0.179)  Acc@1: 100.0000 (94.0900)  Acc@5: 100.0000 (99.9100)
2024-11-20 02:23:53,794 -                train: [    INFO] - valid_acc 94.090003 - best_valid_acc 95.070002
2024-11-20 02:23:54,282 -                train: [    INFO] - Train: 355 [   0/520]  Loss: 0.5996 (0.600)  Acc@1: 86.4583 (86.4583)  Acc@5: 98.9583 (98.9583)LR: 8.950e-03
2024-11-20 02:24:38,882 -                train: [    INFO] - Train: 355 [ 200/520]  Loss: 0.3448 (0.319)  Acc@1: 91.6667 (92.3767)  Acc@5: 98.9583 (99.7720)LR: 8.950e-03
2024-11-20 02:25:23,083 -                train: [    INFO] - Train: 355 [ 400/520]  Loss: 0.4267 (0.330)  Acc@1: 88.5417 (92.1992)  Acc@5: 100.0000 (99.7662)LR: 8.950e-03
2024-11-20 02:25:49,242 -                train: [    INFO] - Train: 355 [ 520/520]  Loss: 0.3544 (0.331)  Acc@1: 91.2500 (92.1460)  Acc@5: 100.0000 (99.7800)LR: 8.950e-03
2024-11-20 02:25:49,511 -                train: [    INFO] - Valid: 355 [   0/104]  Loss: 0.2417 (0.242)  Acc@1: 90.6250 (90.6250)  Acc@5: 100.0000 (100.0000)
2024-11-20 02:25:55,221 -                train: [    INFO] - Valid: 355 [ 104/104]  Loss: 0.3104 (0.189)  Acc@1: 93.7500 (93.9500)  Acc@5: 100.0000 (99.8000)
2024-11-20 02:25:55,259 -                train: [    INFO] - valid_acc 93.950002 - best_valid_acc 95.070002
2024-11-20 02:25:55,778 -                train: [    INFO] - Train: 356 [   0/520]  Loss: 0.3863 (0.386)  Acc@1: 88.5417 (88.5417)  Acc@5: 100.0000 (100.0000)LR: 8.887e-03
2024-11-20 02:26:39,812 -                train: [    INFO] - Train: 356 [ 200/520]  Loss: 0.2570 (0.324)  Acc@1: 92.7083 (92.3197)  Acc@5: 100.0000 (99.8031)LR: 8.887e-03
2024-11-20 02:27:23,621 -                train: [    INFO] - Train: 356 [ 400/520]  Loss: 0.2010 (0.322)  Acc@1: 94.7917 (92.3654)  Acc@5: 100.0000 (99.7818)LR: 8.887e-03
2024-11-20 02:27:49,650 -                train: [    INFO] - Train: 356 [ 520/520]  Loss: 0.2904 (0.325)  Acc@1: 92.5000 (92.2740)  Acc@5: 98.7500 (99.7500)LR: 8.887e-03
2024-11-20 02:27:49,945 -                train: [    INFO] - Valid: 356 [   0/104]  Loss: 0.1641 (0.164)  Acc@1: 93.7500 (93.7500)  Acc@5: 100.0000 (100.0000)
2024-11-20 02:27:55,613 -                train: [    INFO] - Valid: 356 [ 104/104]  Loss: 0.2935 (0.165)  Acc@1: 93.7500 (94.7200)  Acc@5: 100.0000 (99.9300)
2024-11-20 02:27:55,651 -                train: [    INFO] - valid_acc 94.720002 - best_valid_acc 95.070002
2024-11-20 02:27:56,060 -                train: [    INFO] - Train: 357 [   0/520]  Loss: 0.3469 (0.347)  Acc@1: 92.7083 (92.7083)  Acc@5: 98.9583 (98.9583)LR: 8.824e-03
2024-11-20 02:28:39,793 -                train: [    INFO] - Train: 357 [ 200/520]  Loss: 0.3219 (0.306)  Acc@1: 90.6250 (92.8327)  Acc@5: 100.0000 (99.8238)LR: 8.824e-03
2024-11-20 02:29:23,172 -                train: [    INFO] - Train: 357 [ 400/520]  Loss: 0.3647 (0.318)  Acc@1: 89.5833 (92.4330)  Acc@5: 100.0000 (99.7766)LR: 8.824e-03
2024-11-20 02:29:49,387 -                train: [    INFO] - Train: 357 [ 520/520]  Loss: 0.2304 (0.321)  Acc@1: 95.0000 (92.4340)  Acc@5: 100.0000 (99.7580)LR: 8.824e-03
2024-11-20 02:29:49,649 -                train: [    INFO] - Valid: 357 [   0/104]  Loss: 0.1960 (0.196)  Acc@1: 92.7083 (92.7083)  Acc@5: 100.0000 (100.0000)
2024-11-20 02:29:55,318 -                train: [    INFO] - Valid: 357 [ 104/104]  Loss: 0.1701 (0.156)  Acc@1: 93.7500 (94.8700)  Acc@5: 100.0000 (99.8800)
2024-11-20 02:29:55,363 -                train: [    INFO] - valid_acc 94.870002 - best_valid_acc 95.070002
2024-11-20 02:29:55,847 -                train: [    INFO] - Train: 358 [   0/520]  Loss: 0.3619 (0.362)  Acc@1: 89.5833 (89.5833)  Acc@5: 100.0000 (100.0000)LR: 8.762e-03
2024-11-20 02:30:39,768 -                train: [    INFO] - Train: 358 [ 200/520]  Loss: 0.2109 (0.319)  Acc@1: 95.8333 (92.5270)  Acc@5: 100.0000 (99.7875)LR: 8.762e-03
2024-11-20 02:31:23,187 -                train: [    INFO] - Train: 358 [ 400/520]  Loss: 0.2996 (0.314)  Acc@1: 91.6667 (92.6720)  Acc@5: 100.0000 (99.7740)LR: 8.762e-03
2024-11-20 02:31:49,310 -                train: [    INFO] - Train: 358 [ 520/520]  Loss: 0.3813 (0.316)  Acc@1: 93.7500 (92.6900)  Acc@5: 100.0000 (99.7760)LR: 8.762e-03
2024-11-20 02:31:50,461 -                train: [    INFO] - Valid: 358 [   0/104]  Loss: 0.2115 (0.212)  Acc@1: 92.7083 (92.7083)  Acc@5: 100.0000 (100.0000)
2024-11-20 02:31:56,150 -                train: [    INFO] - Valid: 358 [ 104/104]  Loss: 0.03599 (0.159)  Acc@1: 100.0000 (94.9100)  Acc@5: 100.0000 (99.8900)
2024-11-20 02:31:56,182 -                train: [    INFO] - valid_acc 94.910002 - best_valid_acc 95.070002
2024-11-20 02:31:56,596 -                train: [    INFO] - Train: 359 [   0/520]  Loss: 0.3830 (0.383)  Acc@1: 90.6250 (90.6250)  Acc@5: 98.9583 (98.9583)LR: 8.700e-03
2024-11-20 02:32:40,129 -                train: [    INFO] - Train: 359 [ 200/520]  Loss: 0.3769 (0.305)  Acc@1: 89.5833 (92.8431)  Acc@5: 100.0000 (99.7927)LR: 8.700e-03
2024-11-20 02:33:23,843 -                train: [    INFO] - Train: 359 [ 400/520]  Loss: 0.6048 (0.317)  Acc@1: 83.3333 (92.5213)  Acc@5: 100.0000 (99.7870)LR: 8.700e-03
2024-11-20 02:33:50,270 -                train: [    INFO] - Train: 359 [ 520/520]  Loss: 0.1362 (0.316)  Acc@1: 98.7500 (92.4600)  Acc@5: 100.0000 (99.7900)LR: 8.700e-03
2024-11-20 02:33:50,584 -                train: [    INFO] - Valid: 359 [   0/104]  Loss: 0.1807 (0.181)  Acc@1: 91.6667 (91.6667)  Acc@5: 100.0000 (100.0000)
2024-11-20 02:33:56,255 -                train: [    INFO] - Valid: 359 [ 104/104]  Loss: 0.1304 (0.165)  Acc@1: 93.7500 (94.6000)  Acc@5: 100.0000 (99.8800)
2024-11-20 02:33:56,479 -                train: [    INFO] - valid_acc 94.600002 - best_valid_acc 95.070002
2024-11-20 02:33:57,064 -                train: [    INFO] - Train: 360 [   0/520]  Loss: 0.2877 (0.288)  Acc@1: 92.7083 (92.7083)  Acc@5: 100.0000 (100.0000)LR: 8.637e-03
2024-11-20 02:34:40,648 -                train: [    INFO] - Train: 360 [ 200/520]  Loss: 0.2757 (0.308)  Acc@1: 93.7500 (92.5891)  Acc@5: 100.0000 (99.7979)LR: 8.637e-03
2024-11-20 02:35:24,344 -                train: [    INFO] - Train: 360 [ 400/520]  Loss: 0.1974 (0.318)  Acc@1: 96.8750 (92.4122)  Acc@5: 100.0000 (99.7584)LR: 8.637e-03
2024-11-20 02:35:50,486 -                train: [    INFO] - Train: 360 [ 520/520]  Loss: 0.4248 (0.319)  Acc@1: 88.7500 (92.4040)  Acc@5: 100.0000 (99.7580)LR: 8.637e-03
2024-11-20 02:35:50,795 -                train: [    INFO] - Valid: 360 [   0/104]  Loss: 0.1620 (0.162)  Acc@1: 94.7917 (94.7917)  Acc@5: 100.0000 (100.0000)
2024-11-20 02:35:56,490 -                train: [    INFO] - Valid: 360 [ 104/104]  Loss: 0.05559 (0.161)  Acc@1: 93.7500 (94.9000)  Acc@5: 100.0000 (99.9100)
2024-11-20 02:35:56,540 -                train: [    INFO] - valid_acc 94.900002 - best_valid_acc 95.070002
2024-11-20 02:35:57,062 -                train: [    INFO] - Train: 361 [   0/520]  Loss: 0.3040 (0.304)  Acc@1: 91.6667 (91.6667)  Acc@5: 100.0000 (100.0000)LR: 8.575e-03
2024-11-20 02:36:40,620 -                train: [    INFO] - Train: 361 [ 200/520]  Loss: 0.2114 (0.317)  Acc@1: 96.8750 (92.3663)  Acc@5: 100.0000 (99.7616)LR: 8.575e-03
2024-11-20 02:37:24,376 -                train: [    INFO] - Train: 361 [ 400/520]  Loss: 0.2777 (0.317)  Acc@1: 92.7083 (92.3706)  Acc@5: 100.0000 (99.7402)LR: 8.575e-03
2024-11-20 02:37:50,563 -                train: [    INFO] - Train: 361 [ 520/520]  Loss: 0.3348 (0.318)  Acc@1: 92.5000 (92.3120)  Acc@5: 100.0000 (99.7540)LR: 8.575e-03
2024-11-20 02:37:50,897 -                train: [    INFO] - Valid: 361 [   0/104]  Loss: 0.2669 (0.267)  Acc@1: 91.6667 (91.6667)  Acc@5: 98.9583 (98.9583)
2024-11-20 02:37:56,569 -                train: [    INFO] - Valid: 361 [ 104/104]  Loss: 0.01540 (0.165)  Acc@1: 100.0000 (94.7200)  Acc@5: 100.0000 (99.8300)
2024-11-20 02:37:56,636 -                train: [    INFO] - valid_acc 94.720002 - best_valid_acc 95.070002
2024-11-20 02:37:57,135 -                train: [    INFO] - Train: 362 [   0/520]  Loss: 0.1922 (0.192)  Acc@1: 97.9167 (97.9167)  Acc@5: 100.0000 (100.0000)LR: 8.513e-03
2024-11-20 02:38:41,162 -                train: [    INFO] - Train: 362 [ 200/520]  Loss: 0.2951 (0.309)  Acc@1: 91.6667 (92.6202)  Acc@5: 100.0000 (99.7720)LR: 8.513e-03
2024-11-20 02:39:24,720 -                train: [    INFO] - Train: 362 [ 400/520]  Loss: 0.3182 (0.309)  Acc@1: 93.7500 (92.5239)  Acc@5: 100.0000 (99.7922)LR: 8.513e-03
2024-11-20 02:39:50,844 -                train: [    INFO] - Train: 362 [ 520/520]  Loss: 0.3208 (0.316)  Acc@1: 92.5000 (92.3860)  Acc@5: 100.0000 (99.7760)LR: 8.513e-03
2024-11-20 02:39:51,307 -                train: [    INFO] - Valid: 362 [   0/104]  Loss: 0.2073 (0.207)  Acc@1: 91.6667 (91.6667)  Acc@5: 100.0000 (100.0000)
2024-11-20 02:39:56,986 -                train: [    INFO] - Valid: 362 [ 104/104]  Loss: 0.01032 (0.152)  Acc@1: 100.0000 (95.0500)  Acc@5: 100.0000 (99.9300)
2024-11-20 02:39:57,019 -                train: [    INFO] - valid_acc 95.050003 - best_valid_acc 95.070002
2024-11-20 02:39:57,441 -                train: [    INFO] - Train: 363 [   0/520]  Loss: 0.1930 (0.193)  Acc@1: 95.8333 (95.8333)  Acc@5: 100.0000 (100.0000)LR: 8.451e-03
2024-11-20 02:40:41,116 -                train: [    INFO] - Train: 363 [ 200/520]  Loss: 0.2147 (0.303)  Acc@1: 94.7917 (92.7498)  Acc@5: 100.0000 (99.8342)LR: 8.451e-03
2024-11-20 02:41:24,536 -                train: [    INFO] - Train: 363 [ 400/520]  Loss: 0.3342 (0.309)  Acc@1: 92.7083 (92.6408)  Acc@5: 100.0000 (99.8078)LR: 8.451e-03
2024-11-20 02:41:50,691 -                train: [    INFO] - Train: 363 [ 520/520]  Loss: 0.2346 (0.308)  Acc@1: 96.2500 (92.6880)  Acc@5: 100.0000 (99.8020)LR: 8.451e-03
2024-11-20 02:41:50,991 -                train: [    INFO] - Valid: 363 [   0/104]  Loss: 0.2986 (0.299)  Acc@1: 92.7083 (92.7083)  Acc@5: 100.0000 (100.0000)
2024-11-20 02:41:56,676 -                train: [    INFO] - Valid: 363 [ 104/104]  Loss: 0.1408 (0.197)  Acc@1: 93.7500 (93.7200)  Acc@5: 100.0000 (99.8800)
2024-11-20 02:41:56,708 -                train: [    INFO] - valid_acc 93.720002 - best_valid_acc 95.070002
2024-11-20 02:41:57,225 -                train: [    INFO] - Train: 364 [   0/520]  Loss: 0.3175 (0.317)  Acc@1: 90.6250 (90.6250)  Acc@5: 98.9583 (98.9583)LR: 8.389e-03
2024-11-20 02:42:40,843 -                train: [    INFO] - Train: 364 [ 200/520]  Loss: 0.3725 (0.301)  Acc@1: 91.6667 (92.8897)  Acc@5: 98.9583 (99.7927)LR: 8.389e-03
2024-11-20 02:43:24,807 -                train: [    INFO] - Train: 364 [ 400/520]  Loss: 0.3206 (0.311)  Acc@1: 94.7917 (92.7499)  Acc@5: 98.9583 (99.7610)LR: 8.389e-03
2024-11-20 02:43:50,977 -                train: [    INFO] - Train: 364 [ 520/520]  Loss: 0.3553 (0.315)  Acc@1: 90.0000 (92.6020)  Acc@5: 98.7500 (99.7720)LR: 8.389e-03
2024-11-20 02:43:51,273 -                train: [    INFO] - Valid: 364 [   0/104]  Loss: 0.1326 (0.133)  Acc@1: 94.7917 (94.7917)  Acc@5: 100.0000 (100.0000)
2024-11-20 02:43:56,943 -                train: [    INFO] - Valid: 364 [ 104/104]  Loss: 0.3984 (0.155)  Acc@1: 93.7500 (94.8600)  Acc@5: 100.0000 (99.9000)
2024-11-20 02:43:56,977 -                train: [    INFO] - valid_acc 94.860002 - best_valid_acc 95.070002
2024-11-20 02:43:57,459 -                train: [    INFO] - Train: 365 [   0/520]  Loss: 0.2685 (0.269)  Acc@1: 95.8333 (95.8333)  Acc@5: 100.0000 (100.0000)LR: 8.327e-03
2024-11-20 02:44:41,194 -                train: [    INFO] - Train: 365 [ 200/520]  Loss: 0.5041 (0.293)  Acc@1: 88.5417 (93.0607)  Acc@5: 98.9583 (99.8238)LR: 8.327e-03
2024-11-20 02:45:24,841 -                train: [    INFO] - Train: 365 [ 400/520]  Loss: 0.2397 (0.307)  Acc@1: 96.8750 (92.7213)  Acc@5: 100.0000 (99.8078)LR: 8.327e-03
2024-11-20 02:45:50,939 -                train: [    INFO] - Train: 365 [ 520/520]  Loss: 0.2848 (0.309)  Acc@1: 95.0000 (92.6640)  Acc@5: 100.0000 (99.8060)LR: 8.327e-03
2024-11-20 02:45:51,258 -                train: [    INFO] - Valid: 365 [   0/104]  Loss: 0.1994 (0.199)  Acc@1: 94.7917 (94.7917)  Acc@5: 100.0000 (100.0000)
2024-11-20 02:45:56,930 -                train: [    INFO] - Valid: 365 [ 104/104]  Loss: 0.3386 (0.154)  Acc@1: 93.7500 (95.0300)  Acc@5: 100.0000 (99.9400)
2024-11-20 02:45:56,962 -                train: [    INFO] - valid_acc 95.030003 - best_valid_acc 95.070002
2024-11-20 02:45:57,364 -                train: [    INFO] - Train: 366 [   0/520]  Loss: 0.3109 (0.311)  Acc@1: 91.6667 (91.6667)  Acc@5: 98.9583 (98.9583)LR: 8.266e-03
2024-11-20 02:46:41,154 -                train: [    INFO] - Train: 366 [ 200/520]  Loss: 0.1853 (0.305)  Acc@1: 96.8750 (92.6980)  Acc@5: 100.0000 (99.7305)LR: 8.266e-03
2024-11-20 02:47:24,878 -                train: [    INFO] - Train: 366 [ 400/520]  Loss: 0.2608 (0.311)  Acc@1: 92.7083 (92.5551)  Acc@5: 100.0000 (99.7428)LR: 8.266e-03
2024-11-20 02:47:50,918 -                train: [    INFO] - Train: 366 [ 520/520]  Loss: 0.2431 (0.312)  Acc@1: 91.2500 (92.5420)  Acc@5: 100.0000 (99.7620)LR: 8.266e-03
2024-11-20 02:47:51,883 -                train: [    INFO] - Valid: 366 [   0/104]  Loss: 0.07327 (0.0733)  Acc@1: 97.9167 (97.9167)  Acc@5: 100.0000 (100.0000)
2024-11-20 02:47:57,556 -                train: [    INFO] - Valid: 366 [ 104/104]  Loss: 0.2894 (0.152)  Acc@1: 93.7500 (95.3900)  Acc@5: 100.0000 (99.9200)
2024-11-20 02:47:58,042 -                train: [    INFO] - valid_acc 95.390002 - best_valid_acc 95.390002
2024-11-20 02:47:58,489 -                train: [    INFO] - Train: 367 [   0/520]  Loss: 0.2855 (0.286)  Acc@1: 95.8333 (95.8333)  Acc@5: 100.0000 (100.0000)LR: 8.204e-03
2024-11-20 02:48:42,110 -                train: [    INFO] - Train: 367 [ 200/520]  Loss: 0.2176 (0.299)  Acc@1: 94.7917 (93.0400)  Acc@5: 100.0000 (99.8290)LR: 8.204e-03
2024-11-20 02:49:26,015 -                train: [    INFO] - Train: 367 [ 400/520]  Loss: 0.1857 (0.300)  Acc@1: 95.8333 (92.9837)  Acc@5: 100.0000 (99.8078)LR: 8.204e-03
2024-11-20 02:49:52,124 -                train: [    INFO] - Train: 367 [ 520/520]  Loss: 0.3584 (0.302)  Acc@1: 92.5000 (92.9520)  Acc@5: 98.7500 (99.8100)LR: 8.204e-03
2024-11-20 02:49:52,527 -                train: [    INFO] - Valid: 367 [   0/104]  Loss: 0.2422 (0.242)  Acc@1: 92.7083 (92.7083)  Acc@5: 100.0000 (100.0000)
2024-11-20 02:49:58,199 -                train: [    INFO] - Valid: 367 [ 104/104]  Loss: 0.01939 (0.170)  Acc@1: 100.0000 (94.5700)  Acc@5: 100.0000 (99.9400)
2024-11-20 02:49:58,240 -                train: [    INFO] - valid_acc 94.570003 - best_valid_acc 95.390002
2024-11-20 02:49:58,721 -                train: [    INFO] - Train: 368 [   0/520]  Loss: 0.2328 (0.233)  Acc@1: 94.7917 (94.7917)  Acc@5: 100.0000 (100.0000)LR: 8.143e-03
2024-11-20 02:50:42,260 -                train: [    INFO] - Train: 368 [ 200/520]  Loss: 0.2613 (0.301)  Acc@1: 92.7083 (92.7032)  Acc@5: 100.0000 (99.7772)LR: 8.143e-03
2024-11-20 02:51:26,029 -                train: [    INFO] - Train: 368 [ 400/520]  Loss: 0.3136 (0.306)  Acc@1: 93.7500 (92.7499)  Acc@5: 100.0000 (99.7428)LR: 8.143e-03
2024-11-20 02:51:52,302 -                train: [    INFO] - Train: 368 [ 520/520]  Loss: 0.2980 (0.305)  Acc@1: 91.2500 (92.7940)  Acc@5: 100.0000 (99.7580)LR: 8.143e-03
2024-11-20 02:51:52,591 -                train: [    INFO] - Valid: 368 [   0/104]  Loss: 0.2297 (0.230)  Acc@1: 92.7083 (92.7083)  Acc@5: 100.0000 (100.0000)
2024-11-20 02:51:58,262 -                train: [    INFO] - Valid: 368 [ 104/104]  Loss: 0.4697 (0.180)  Acc@1: 93.7500 (94.4500)  Acc@5: 100.0000 (99.9400)
2024-11-20 02:51:58,312 -                train: [    INFO] - valid_acc 94.450002 - best_valid_acc 95.390002
2024-11-20 02:51:58,805 -                train: [    INFO] - Train: 369 [   0/520]  Loss: 0.3317 (0.332)  Acc@1: 93.7500 (93.7500)  Acc@5: 100.0000 (100.0000)LR: 8.082e-03
2024-11-20 02:52:42,517 -                train: [    INFO] - Train: 369 [ 200/520]  Loss: 0.2568 (0.300)  Acc@1: 91.6667 (92.8690)  Acc@5: 100.0000 (99.8031)LR: 8.082e-03
2024-11-20 02:53:26,026 -                train: [    INFO] - Train: 369 [ 400/520]  Loss: 0.2088 (0.307)  Acc@1: 95.8333 (92.6772)  Acc@5: 100.0000 (99.7948)LR: 8.082e-03
2024-11-20 02:53:52,574 -                train: [    INFO] - Train: 369 [ 520/520]  Loss: 0.2438 (0.311)  Acc@1: 92.5000 (92.5560)  Acc@5: 100.0000 (99.7800)LR: 8.082e-03
2024-11-20 02:53:52,875 -                train: [    INFO] - Valid: 369 [   0/104]  Loss: 0.1521 (0.152)  Acc@1: 94.7917 (94.7917)  Acc@5: 100.0000 (100.0000)
2024-11-20 02:53:58,556 -                train: [    INFO] - Valid: 369 [ 104/104]  Loss: 0.2461 (0.146)  Acc@1: 93.7500 (95.4400)  Acc@5: 100.0000 (99.8700)
2024-11-20 02:53:59,116 -                train: [    INFO] - valid_acc 95.440003 - best_valid_acc 95.440003
2024-11-20 02:53:59,608 -                train: [    INFO] - Train: 370 [   0/520]  Loss: 0.3473 (0.347)  Acc@1: 90.6250 (90.6250)  Acc@5: 100.0000 (100.0000)LR: 8.020e-03
2024-11-20 02:54:43,349 -                train: [    INFO] - Train: 370 [ 200/520]  Loss: 0.2042 (0.309)  Acc@1: 95.8333 (92.5840)  Acc@5: 100.0000 (99.7720)LR: 8.020e-03
2024-11-20 02:55:26,769 -                train: [    INFO] - Train: 370 [ 400/520]  Loss: 0.4700 (0.307)  Acc@1: 85.4167 (92.5759)  Acc@5: 100.0000 (99.7792)LR: 8.020e-03
2024-11-20 02:55:52,864 -                train: [    INFO] - Train: 370 [ 520/520]  Loss: 0.2894 (0.308)  Acc@1: 91.2500 (92.6100)  Acc@5: 100.0000 (99.7780)LR: 8.020e-03
2024-11-20 02:55:53,174 -                train: [    INFO] - Valid: 370 [   0/104]  Loss: 0.1560 (0.156)  Acc@1: 94.7917 (94.7917)  Acc@5: 100.0000 (100.0000)
2024-11-20 02:55:58,879 -                train: [    INFO] - Valid: 370 [ 104/104]  Loss: 0.2101 (0.150)  Acc@1: 93.7500 (94.8800)  Acc@5: 100.0000 (99.9100)
2024-11-20 02:55:58,919 -                train: [    INFO] - valid_acc 94.880003 - best_valid_acc 95.440003
2024-11-20 02:55:59,369 -                train: [    INFO] - Train: 371 [   0/520]  Loss: 0.3306 (0.331)  Acc@1: 94.7917 (94.7917)  Acc@5: 100.0000 (100.0000)LR: 7.959e-03
2024-11-20 02:56:43,250 -                train: [    INFO] - Train: 371 [ 200/520]  Loss: 0.2021 (0.294)  Acc@1: 95.8333 (93.0089)  Acc@5: 100.0000 (99.8653)LR: 7.959e-03
2024-11-20 02:57:27,058 -                train: [    INFO] - Train: 371 [ 400/520]  Loss: 0.3833 (0.305)  Acc@1: 89.5833 (92.7551)  Acc@5: 100.0000 (99.8467)LR: 7.959e-03
2024-11-20 02:57:53,044 -                train: [    INFO] - Train: 371 [ 520/520]  Loss: 0.4431 (0.306)  Acc@1: 87.5000 (92.7380)  Acc@5: 100.0000 (99.8380)LR: 7.959e-03
2024-11-20 02:57:53,368 -                train: [    INFO] - Valid: 371 [   0/104]  Loss: 0.1363 (0.136)  Acc@1: 94.7917 (94.7917)  Acc@5: 100.0000 (100.0000)
2024-11-20 02:57:59,057 -                train: [    INFO] - Valid: 371 [ 104/104]  Loss: 0.1615 (0.162)  Acc@1: 93.7500 (94.8800)  Acc@5: 100.0000 (99.8700)
2024-11-20 02:57:59,093 -                train: [    INFO] - valid_acc 94.880003 - best_valid_acc 95.440003
2024-11-20 02:57:59,560 -                train: [    INFO] - Train: 372 [   0/520]  Loss: 0.3614 (0.361)  Acc@1: 89.5833 (89.5833)  Acc@5: 100.0000 (100.0000)LR: 7.898e-03
2024-11-20 02:58:43,054 -                train: [    INFO] - Train: 372 [ 200/520]  Loss: 0.3412 (0.289)  Acc@1: 92.7083 (93.2939)  Acc@5: 100.0000 (99.7461)LR: 7.898e-03
2024-11-20 02:59:26,589 -                train: [    INFO] - Train: 372 [ 400/520]  Loss: 0.1696 (0.302)  Acc@1: 96.8750 (92.9110)  Acc@5: 100.0000 (99.7584)LR: 7.898e-03
2024-11-20 02:59:52,729 -                train: [    INFO] - Train: 372 [ 520/520]  Loss: 0.2288 (0.303)  Acc@1: 96.2500 (92.8380)  Acc@5: 100.0000 (99.7740)LR: 7.898e-03
2024-11-20 02:59:53,057 -                train: [    INFO] - Valid: 372 [   0/104]  Loss: 0.05933 (0.0593)  Acc@1: 97.9167 (97.9167)  Acc@5: 100.0000 (100.0000)
2024-11-20 02:59:58,744 -                train: [    INFO] - Valid: 372 [ 104/104]  Loss: 0.01040 (0.157)  Acc@1: 100.0000 (94.9900)  Acc@5: 100.0000 (99.8900)
2024-11-20 02:59:58,816 -                train: [    INFO] - valid_acc 94.990002 - best_valid_acc 95.440003
2024-11-20 02:59:59,274 -                train: [    INFO] - Train: 373 [   0/520]  Loss: 0.3190 (0.319)  Acc@1: 93.7500 (93.7500)  Acc@5: 98.9583 (98.9583)LR: 7.838e-03
2024-11-20 03:00:42,812 -                train: [    INFO] - Train: 373 [ 200/520]  Loss: 0.2486 (0.287)  Acc@1: 94.7917 (93.2110)  Acc@5: 98.9583 (99.7823)LR: 7.838e-03
2024-11-20 03:01:26,337 -                train: [    INFO] - Train: 373 [ 400/520]  Loss: 0.4145 (0.300)  Acc@1: 90.6250 (92.8538)  Acc@5: 100.0000 (99.8078)LR: 7.838e-03
2024-11-20 03:01:52,589 -                train: [    INFO] - Train: 373 [ 520/520]  Loss: 0.3044 (0.303)  Acc@1: 91.2500 (92.7620)  Acc@5: 100.0000 (99.7840)LR: 7.838e-03
2024-11-20 03:01:52,883 -                train: [    INFO] - Valid: 373 [   0/104]  Loss: 0.2829 (0.283)  Acc@1: 90.6250 (90.6250)  Acc@5: 98.9583 (98.9583)
2024-11-20 03:01:58,569 -                train: [    INFO] - Valid: 373 [ 104/104]  Loss: 0.03310 (0.162)  Acc@1: 100.0000 (94.9300)  Acc@5: 100.0000 (99.8900)
2024-11-20 03:01:58,609 -                train: [    INFO] - valid_acc 94.930003 - best_valid_acc 95.440003
2024-11-20 03:01:59,098 -                train: [    INFO] - Train: 374 [   0/520]  Loss: 0.2232 (0.223)  Acc@1: 94.7917 (94.7917)  Acc@5: 100.0000 (100.0000)LR: 7.777e-03
2024-11-20 03:02:42,703 -                train: [    INFO] - Train: 374 [ 200/520]  Loss: 0.2794 (0.296)  Acc@1: 93.7500 (93.0037)  Acc@5: 98.9583 (99.7564)LR: 7.777e-03
2024-11-20 03:03:26,520 -                train: [    INFO] - Train: 374 [ 400/520]  Loss: 0.2498 (0.300)  Acc@1: 93.7500 (92.9629)  Acc@5: 100.0000 (99.7610)LR: 7.777e-03
2024-11-20 03:03:52,548 -                train: [    INFO] - Train: 374 [ 520/520]  Loss: 0.5697 (0.306)  Acc@1: 83.7500 (92.8160)  Acc@5: 100.0000 (99.7660)LR: 7.777e-03
2024-11-20 03:03:52,834 -                train: [    INFO] - Valid: 374 [   0/104]  Loss: 0.1652 (0.165)  Acc@1: 90.6250 (90.6250)  Acc@5: 100.0000 (100.0000)
2024-11-20 03:03:58,509 -                train: [    INFO] - Valid: 374 [ 104/104]  Loss: 0.3556 (0.208)  Acc@1: 93.7500 (93.4000)  Acc@5: 100.0000 (99.8800)
2024-11-20 03:03:58,562 -                train: [    INFO] - valid_acc 93.400003 - best_valid_acc 95.440003
2024-11-20 03:03:59,036 -                train: [    INFO] - Train: 375 [   0/520]  Loss: 0.1582 (0.158)  Acc@1: 94.7917 (94.7917)  Acc@5: 100.0000 (100.0000)LR: 7.716e-03
2024-11-20 03:04:43,362 -                train: [    INFO] - Train: 375 [ 200/520]  Loss: 0.2103 (0.298)  Acc@1: 95.8333 (93.0504)  Acc@5: 100.0000 (99.8031)LR: 7.716e-03
2024-11-20 03:05:27,076 -                train: [    INFO] - Train: 375 [ 400/520]  Loss: 0.1885 (0.298)  Acc@1: 96.8750 (93.0227)  Acc@5: 100.0000 (99.8000)LR: 7.716e-03
2024-11-20 03:05:53,292 -                train: [    INFO] - Train: 375 [ 520/520]  Loss: 0.2778 (0.300)  Acc@1: 96.2500 (92.8980)  Acc@5: 100.0000 (99.8040)LR: 7.716e-03
2024-11-20 03:05:53,579 -                train: [    INFO] - Valid: 375 [   0/104]  Loss: 0.1107 (0.111)  Acc@1: 94.7917 (94.7917)  Acc@5: 100.0000 (100.0000)
2024-11-20 03:05:59,250 -                train: [    INFO] - Valid: 375 [ 104/104]  Loss: 0.1857 (0.150)  Acc@1: 93.7500 (95.1200)  Acc@5: 100.0000 (99.9000)
2024-11-20 03:05:59,282 -                train: [    INFO] - valid_acc 95.120002 - best_valid_acc 95.440003
2024-11-20 03:05:59,697 -                train: [    INFO] - Train: 376 [   0/520]  Loss: 0.2606 (0.261)  Acc@1: 94.7917 (94.7917)  Acc@5: 98.9583 (98.9583)LR: 7.656e-03
2024-11-20 03:06:43,247 -                train: [    INFO] - Train: 376 [ 200/520]  Loss: 0.2932 (0.293)  Acc@1: 92.7083 (93.1074)  Acc@5: 100.0000 (99.7823)LR: 7.656e-03
2024-11-20 03:07:26,921 -                train: [    INFO] - Train: 376 [ 400/520]  Loss: 0.2462 (0.297)  Acc@1: 91.6667 (92.9759)  Acc@5: 100.0000 (99.7740)LR: 7.656e-03
2024-11-20 03:07:53,984 -                train: [    INFO] - Train: 376 [ 520/520]  Loss: 0.1216 (0.301)  Acc@1: 95.0000 (92.8700)  Acc@5: 100.0000 (99.7840)LR: 7.656e-03
2024-11-20 03:07:55,063 -                train: [    INFO] - Valid: 376 [   0/104]  Loss: 0.1367 (0.137)  Acc@1: 93.7500 (93.7500)  Acc@5: 100.0000 (100.0000)
2024-11-20 03:08:00,742 -                train: [    INFO] - Valid: 376 [ 104/104]  Loss: 0.09948 (0.149)  Acc@1: 93.7500 (95.2100)  Acc@5: 100.0000 (99.8800)
2024-11-20 03:08:00,788 -                train: [    INFO] - valid_acc 95.210003 - best_valid_acc 95.440003
2024-11-20 03:08:01,305 -                train: [    INFO] - Train: 377 [   0/520]  Loss: 0.3066 (0.307)  Acc@1: 90.6250 (90.6250)  Acc@5: 100.0000 (100.0000)LR: 7.596e-03
2024-11-20 03:08:45,010 -                train: [    INFO] - Train: 377 [ 200/520]  Loss: 0.3952 (0.305)  Acc@1: 89.5833 (92.6151)  Acc@5: 100.0000 (99.7979)LR: 7.596e-03
2024-11-20 03:09:28,824 -                train: [    INFO] - Train: 377 [ 400/520]  Loss: 0.1697 (0.304)  Acc@1: 98.9583 (92.7499)  Acc@5: 100.0000 (99.7714)LR: 7.596e-03
2024-11-20 03:09:54,912 -                train: [    INFO] - Train: 377 [ 520/520]  Loss: 0.2973 (0.302)  Acc@1: 91.2500 (92.7940)  Acc@5: 100.0000 (99.7860)LR: 7.596e-03
2024-11-20 03:09:55,163 -                train: [    INFO] - Valid: 377 [   0/104]  Loss: 0.1248 (0.125)  Acc@1: 95.8333 (95.8333)  Acc@5: 100.0000 (100.0000)
2024-11-20 03:10:00,833 -                train: [    INFO] - Valid: 377 [ 104/104]  Loss: 0.3009 (0.149)  Acc@1: 93.7500 (95.3600)  Acc@5: 100.0000 (99.8700)
2024-11-20 03:10:00,864 -                train: [    INFO] - valid_acc 95.360003 - best_valid_acc 95.440003
2024-11-20 03:10:01,272 -                train: [    INFO] - Train: 378 [   0/520]  Loss: 0.2450 (0.245)  Acc@1: 93.7500 (93.7500)  Acc@5: 98.9583 (98.9583)LR: 7.536e-03
2024-11-20 03:10:45,122 -                train: [    INFO] - Train: 378 [ 200/520]  Loss: 0.3376 (0.283)  Acc@1: 90.6250 (93.1851)  Acc@5: 100.0000 (99.8186)LR: 7.536e-03
2024-11-20 03:11:29,289 -                train: [    INFO] - Train: 378 [ 400/520]  Loss: 0.3110 (0.290)  Acc@1: 91.6667 (93.0460)  Acc@5: 100.0000 (99.8104)LR: 7.536e-03
2024-11-20 03:11:56,665 -                train: [    INFO] - Train: 378 [ 520/520]  Loss: 0.4025 (0.293)  Acc@1: 91.2500 (92.9940)  Acc@5: 100.0000 (99.8100)LR: 7.536e-03
2024-11-20 03:11:56,918 -                train: [    INFO] - Valid: 378 [   0/104]  Loss: 0.1577 (0.158)  Acc@1: 93.7500 (93.7500)  Acc@5: 100.0000 (100.0000)
2024-11-20 03:12:02,604 -                train: [    INFO] - Valid: 378 [ 104/104]  Loss: 0.2098 (0.148)  Acc@1: 93.7500 (95.1500)  Acc@5: 100.0000 (99.9000)
2024-11-20 03:12:02,654 -                train: [    INFO] - valid_acc 95.150003 - best_valid_acc 95.440003
2024-11-20 03:12:03,116 -                train: [    INFO] - Train: 379 [   0/520]  Loss: 0.2138 (0.214)  Acc@1: 94.7917 (94.7917)  Acc@5: 100.0000 (100.0000)LR: 7.476e-03
2024-11-20 03:12:46,648 -                train: [    INFO] - Train: 379 [ 200/520]  Loss: 0.2759 (0.292)  Acc@1: 93.7500 (93.0504)  Acc@5: 100.0000 (99.8186)LR: 7.476e-03
2024-11-20 03:13:30,252 -                train: [    INFO] - Train: 379 [ 400/520]  Loss: 0.2602 (0.295)  Acc@1: 94.7917 (93.0590)  Acc@5: 100.0000 (99.8000)LR: 7.476e-03
2024-11-20 03:13:56,445 -                train: [    INFO] - Train: 379 [ 520/520]  Loss: 0.2854 (0.296)  Acc@1: 93.7500 (93.0140)  Acc@5: 100.0000 (99.7980)LR: 7.476e-03
2024-11-20 03:13:56,694 -                train: [    INFO] - Valid: 379 [   0/104]  Loss: 0.1179 (0.118)  Acc@1: 96.8750 (96.8750)  Acc@5: 100.0000 (100.0000)
2024-11-20 03:14:02,366 -                train: [    INFO] - Valid: 379 [ 104/104]  Loss: 0.07855 (0.145)  Acc@1: 93.7500 (95.2500)  Acc@5: 100.0000 (99.9000)
2024-11-20 03:14:02,399 -                train: [    INFO] - valid_acc 95.250003 - best_valid_acc 95.440003
2024-11-20 03:14:02,852 -                train: [    INFO] - Train: 380 [   0/520]  Loss: 0.4305 (0.430)  Acc@1: 86.4583 (86.4583)  Acc@5: 98.9583 (98.9583)LR: 7.416e-03
2024-11-20 03:14:46,509 -                train: [    INFO] - Train: 380 [ 200/520]  Loss: 0.2135 (0.289)  Acc@1: 96.8750 (93.0400)  Acc@5: 100.0000 (99.7772)LR: 7.416e-03
2024-11-20 03:15:30,149 -                train: [    INFO] - Train: 380 [ 400/520]  Loss: 0.4917 (0.297)  Acc@1: 90.6250 (92.8642)  Acc@5: 97.9167 (99.7714)LR: 7.416e-03
2024-11-20 03:15:56,461 -                train: [    INFO] - Train: 380 [ 520/520]  Loss: 0.4075 (0.296)  Acc@1: 92.5000 (92.9520)  Acc@5: 100.0000 (99.7560)LR: 7.416e-03
2024-11-20 03:15:56,760 -                train: [    INFO] - Valid: 380 [   0/104]  Loss: 0.1669 (0.167)  Acc@1: 94.7917 (94.7917)  Acc@5: 100.0000 (100.0000)
2024-11-20 03:16:02,445 -                train: [    INFO] - Valid: 380 [ 104/104]  Loss: 0.4067 (0.150)  Acc@1: 93.7500 (95.2100)  Acc@5: 100.0000 (99.9200)
2024-11-20 03:16:02,484 -                train: [    INFO] - valid_acc 95.210003 - best_valid_acc 95.440003
2024-11-20 03:16:02,948 -                train: [    INFO] - Train: 381 [   0/520]  Loss: 0.2829 (0.283)  Acc@1: 92.7083 (92.7083)  Acc@5: 100.0000 (100.0000)LR: 7.356e-03
2024-11-20 03:16:46,530 -                train: [    INFO] - Train: 381 [ 200/520]  Loss: 0.3568 (0.294)  Acc@1: 90.6250 (92.9519)  Acc@5: 100.0000 (99.7772)LR: 7.356e-03
2024-11-20 03:17:30,271 -                train: [    INFO] - Train: 381 [ 400/520]  Loss: 0.2989 (0.284)  Acc@1: 91.6667 (93.2876)  Acc@5: 100.0000 (99.8182)LR: 7.356e-03
2024-11-20 03:17:56,319 -                train: [    INFO] - Train: 381 [ 520/520]  Loss: 0.2940 (0.292)  Acc@1: 91.2500 (93.0820)  Acc@5: 98.7500 (99.8160)LR: 7.356e-03
2024-11-20 03:17:56,573 -                train: [    INFO] - Valid: 381 [   0/104]  Loss: 0.1304 (0.130)  Acc@1: 93.7500 (93.7500)  Acc@5: 100.0000 (100.0000)
2024-11-20 03:18:02,268 -                train: [    INFO] - Valid: 381 [ 104/104]  Loss: 0.4253 (0.164)  Acc@1: 93.7500 (94.9100)  Acc@5: 100.0000 (99.9000)
2024-11-20 03:18:02,324 -                train: [    INFO] - valid_acc 94.910003 - best_valid_acc 95.440003
2024-11-20 03:18:02,779 -                train: [    INFO] - Train: 382 [   0/520]  Loss: 0.3831 (0.383)  Acc@1: 90.6250 (90.6250)  Acc@5: 98.9583 (98.9583)LR: 7.296e-03
2024-11-20 03:18:47,241 -                train: [    INFO] - Train: 382 [ 200/520]  Loss: 0.3280 (0.291)  Acc@1: 92.7083 (92.9986)  Acc@5: 100.0000 (99.8238)LR: 7.296e-03
2024-11-20 03:19:31,436 -                train: [    INFO] - Train: 382 [ 400/520]  Loss: 0.1868 (0.292)  Acc@1: 93.7500 (93.0590)  Acc@5: 100.0000 (99.8208)LR: 7.296e-03
2024-11-20 03:19:58,242 -                train: [    INFO] - Train: 382 [ 520/520]  Loss: 0.3236 (0.296)  Acc@1: 92.5000 (93.0120)  Acc@5: 100.0000 (99.7960)LR: 7.296e-03
2024-11-20 03:19:58,511 -                train: [    INFO] - Valid: 382 [   0/104]  Loss: 0.1048 (0.105)  Acc@1: 95.8333 (95.8333)  Acc@5: 100.0000 (100.0000)
2024-11-20 03:20:04,179 -                train: [    INFO] - Valid: 382 [ 104/104]  Loss: 0.03692 (0.160)  Acc@1: 100.0000 (94.9400)  Acc@5: 100.0000 (99.9200)
2024-11-20 03:20:04,420 -                train: [    INFO] - valid_acc 94.940002 - best_valid_acc 95.440003
2024-11-20 03:20:04,843 -                train: [    INFO] - Train: 383 [   0/520]  Loss: 0.1669 (0.167)  Acc@1: 95.8333 (95.8333)  Acc@5: 100.0000 (100.0000)LR: 7.237e-03
2024-11-20 03:20:48,652 -                train: [    INFO] - Train: 383 [ 200/520]  Loss: 0.1811 (0.297)  Acc@1: 95.8333 (93.0400)  Acc@5: 100.0000 (99.7564)LR: 7.237e-03
2024-11-20 03:21:32,256 -                train: [    INFO] - Train: 383 [ 400/520]  Loss: 0.3104 (0.295)  Acc@1: 91.6667 (93.0382)  Acc@5: 100.0000 (99.7948)LR: 7.237e-03
2024-11-20 03:21:58,374 -                train: [    INFO] - Train: 383 [ 520/520]  Loss: 0.2519 (0.296)  Acc@1: 95.0000 (93.0020)  Acc@5: 100.0000 (99.7940)LR: 7.237e-03
2024-11-20 03:21:58,630 -                train: [    INFO] - Valid: 383 [   0/104]  Loss: 0.1673 (0.167)  Acc@1: 96.8750 (96.8750)  Acc@5: 100.0000 (100.0000)
2024-11-20 03:22:04,296 -                train: [    INFO] - Valid: 383 [ 104/104]  Loss: 0.07050 (0.157)  Acc@1: 93.7500 (95.1500)  Acc@5: 100.0000 (99.9200)
2024-11-20 03:22:04,392 -                train: [    INFO] - valid_acc 95.150002 - best_valid_acc 95.440003
2024-11-20 03:22:04,836 -                train: [    INFO] - Train: 384 [   0/520]  Loss: 0.2251 (0.225)  Acc@1: 93.7500 (93.7500)  Acc@5: 100.0000 (100.0000)LR: 7.178e-03
2024-11-20 03:22:48,727 -                train: [    INFO] - Train: 384 [ 200/520]  Loss: 0.1988 (0.290)  Acc@1: 94.7917 (93.2784)  Acc@5: 100.0000 (99.7512)LR: 7.178e-03
2024-11-20 03:23:32,613 -                train: [    INFO] - Train: 384 [ 400/520]  Loss: 0.2649 (0.291)  Acc@1: 94.7917 (93.1967)  Acc@5: 100.0000 (99.7792)LR: 7.178e-03
2024-11-20 03:23:58,895 -                train: [    INFO] - Train: 384 [ 520/520]  Loss: 0.2285 (0.292)  Acc@1: 95.0000 (93.1380)  Acc@5: 100.0000 (99.7980)LR: 7.178e-03
2024-11-20 03:23:59,186 -                train: [    INFO] - Valid: 384 [   0/104]  Loss: 0.1162 (0.116)  Acc@1: 95.8333 (95.8333)  Acc@5: 100.0000 (100.0000)
2024-11-20 03:24:04,858 -                train: [    INFO] - Valid: 384 [ 104/104]  Loss: 0.2827 (0.164)  Acc@1: 93.7500 (94.7300)  Acc@5: 100.0000 (99.9000)
2024-11-20 03:24:04,920 -                train: [    INFO] - valid_acc 94.730003 - best_valid_acc 95.440003
2024-11-20 03:24:05,368 -                train: [    INFO] - Train: 385 [   0/520]  Loss: 0.1572 (0.157)  Acc@1: 96.8750 (96.8750)  Acc@5: 100.0000 (100.0000)LR: 7.119e-03
2024-11-20 03:24:50,066 -                train: [    INFO] - Train: 385 [ 200/520]  Loss: 0.2657 (0.287)  Acc@1: 89.5833 (93.0141)  Acc@5: 100.0000 (99.8238)LR: 7.119e-03
2024-11-20 03:25:33,751 -                train: [    INFO] - Train: 385 [ 400/520]  Loss: 0.2670 (0.292)  Acc@1: 93.7500 (92.9733)  Acc@5: 100.0000 (99.7948)LR: 7.119e-03
2024-11-20 03:25:59,933 -                train: [    INFO] - Train: 385 [ 520/520]  Loss: 0.3911 (0.293)  Acc@1: 92.5000 (92.9400)  Acc@5: 100.0000 (99.8160)LR: 7.119e-03
2024-11-20 03:26:00,194 -                train: [    INFO] - Valid: 385 [   0/104]  Loss: 0.06829 (0.0683)  Acc@1: 97.9167 (97.9167)  Acc@5: 100.0000 (100.0000)
2024-11-20 03:26:05,883 -                train: [    INFO] - Valid: 385 [ 104/104]  Loss: 0.009376 (0.151)  Acc@1: 100.0000 (95.6900)  Acc@5: 100.0000 (99.9100)
2024-11-20 03:26:06,350 -                train: [    INFO] - valid_acc 95.690003 - best_valid_acc 95.690003
2024-11-20 03:26:06,813 -                train: [    INFO] - Train: 386 [   0/520]  Loss: 0.2944 (0.294)  Acc@1: 93.7500 (93.7500)  Acc@5: 100.0000 (100.0000)LR: 7.060e-03
2024-11-20 03:26:50,935 -                train: [    INFO] - Train: 386 [ 200/520]  Loss: 0.1513 (0.282)  Acc@1: 96.8750 (93.2732)  Acc@5: 100.0000 (99.7979)LR: 7.060e-03
2024-11-20 03:27:35,684 -                train: [    INFO] - Train: 386 [ 400/520]  Loss: 0.2384 (0.288)  Acc@1: 93.7500 (93.1629)  Acc@5: 98.9583 (99.7792)LR: 7.060e-03
2024-11-20 03:28:02,430 -                train: [    INFO] - Train: 386 [ 520/520]  Loss: 0.2679 (0.289)  Acc@1: 92.5000 (93.1000)  Acc@5: 100.0000 (99.7800)LR: 7.060e-03
2024-11-20 03:28:02,706 -                train: [    INFO] - Valid: 386 [   0/104]  Loss: 0.1671 (0.167)  Acc@1: 94.7917 (94.7917)  Acc@5: 100.0000 (100.0000)
2024-11-20 03:28:08,382 -                train: [    INFO] - Valid: 386 [ 104/104]  Loss: 0.3291 (0.139)  Acc@1: 93.7500 (95.5300)  Acc@5: 100.0000 (99.9500)
2024-11-20 03:28:08,412 -                train: [    INFO] - valid_acc 95.530003 - best_valid_acc 95.690003
2024-11-20 03:28:08,857 -                train: [    INFO] - Train: 387 [   0/520]  Loss: 0.3296 (0.330)  Acc@1: 87.5000 (87.5000)  Acc@5: 100.0000 (100.0000)LR: 7.001e-03
2024-11-20 03:28:52,726 -                train: [    INFO] - Train: 387 [ 200/520]  Loss: 0.2572 (0.283)  Acc@1: 93.7500 (93.2629)  Acc@5: 100.0000 (99.8290)LR: 7.001e-03
2024-11-20 03:29:36,959 -                train: [    INFO] - Train: 387 [ 400/520]  Loss: 0.2969 (0.289)  Acc@1: 93.7500 (93.0798)  Acc@5: 98.9583 (99.7948)LR: 7.001e-03
2024-11-20 03:30:03,231 -                train: [    INFO] - Train: 387 [ 520/520]  Loss: 0.2492 (0.292)  Acc@1: 93.7500 (93.0340)  Acc@5: 100.0000 (99.7920)LR: 7.001e-03
2024-11-20 03:30:03,486 -                train: [    INFO] - Valid: 387 [   0/104]  Loss: 0.1124 (0.112)  Acc@1: 95.8333 (95.8333)  Acc@5: 100.0000 (100.0000)
2024-11-20 03:30:09,166 -                train: [    INFO] - Valid: 387 [ 104/104]  Loss: 0.06251 (0.155)  Acc@1: 93.7500 (95.3000)  Acc@5: 100.0000 (99.8600)
2024-11-20 03:30:09,198 -                train: [    INFO] - valid_acc 95.300003 - best_valid_acc 95.690003
2024-11-20 03:30:09,669 -                train: [    INFO] - Train: 388 [   0/520]  Loss: 0.2111 (0.211)  Acc@1: 92.7083 (92.7083)  Acc@5: 100.0000 (100.0000)LR: 6.942e-03
2024-11-20 03:30:54,209 -                train: [    INFO] - Train: 388 [ 200/520]  Loss: 0.2109 (0.279)  Acc@1: 93.7500 (93.3250)  Acc@5: 100.0000 (99.8445)LR: 6.942e-03
2024-11-20 03:31:38,256 -                train: [    INFO] - Train: 388 [ 400/520]  Loss: 0.4707 (0.284)  Acc@1: 88.5417 (93.2357)  Acc@5: 100.0000 (99.8026)LR: 6.942e-03
2024-11-20 03:32:04,514 -                train: [    INFO] - Train: 388 [ 520/520]  Loss: 0.3327 (0.284)  Acc@1: 92.5000 (93.2540)  Acc@5: 100.0000 (99.8040)LR: 6.942e-03
2024-11-20 03:32:04,777 -                train: [    INFO] - Valid: 388 [   0/104]  Loss: 0.1013 (0.101)  Acc@1: 96.8750 (96.8750)  Acc@5: 100.0000 (100.0000)
2024-11-20 03:32:10,460 -                train: [    INFO] - Valid: 388 [ 104/104]  Loss: 0.02474 (0.142)  Acc@1: 100.0000 (95.3500)  Acc@5: 100.0000 (99.9300)
2024-11-20 03:32:10,503 -                train: [    INFO] - valid_acc 95.350002 - best_valid_acc 95.690003
2024-11-20 03:32:10,983 -                train: [    INFO] - Train: 389 [   0/520]  Loss: 0.1717 (0.172)  Acc@1: 94.7917 (94.7917)  Acc@5: 100.0000 (100.0000)LR: 6.884e-03
2024-11-20 03:32:54,891 -                train: [    INFO] - Train: 389 [ 200/520]  Loss: 0.2746 (0.285)  Acc@1: 92.7083 (93.1903)  Acc@5: 100.0000 (99.8083)LR: 6.884e-03
2024-11-20 03:33:38,742 -                train: [    INFO] - Train: 389 [ 400/520]  Loss: 0.4048 (0.285)  Acc@1: 87.5000 (93.2720)  Acc@5: 98.9583 (99.8026)LR: 6.884e-03
2024-11-20 03:34:04,910 -                train: [    INFO] - Train: 389 [ 520/520]  Loss: 0.2743 (0.286)  Acc@1: 93.7500 (93.2060)  Acc@5: 100.0000 (99.8060)LR: 6.884e-03
2024-11-20 03:34:05,176 -                train: [    INFO] - Valid: 389 [   0/104]  Loss: 0.1085 (0.108)  Acc@1: 93.7500 (93.7500)  Acc@5: 100.0000 (100.0000)
2024-11-20 03:34:10,862 -                train: [    INFO] - Valid: 389 [ 104/104]  Loss: 0.1248 (0.161)  Acc@1: 93.7500 (94.8100)  Acc@5: 100.0000 (99.9100)
2024-11-20 03:34:10,893 -                train: [    INFO] - valid_acc 94.810002 - best_valid_acc 95.690003
2024-11-20 03:34:11,338 -                train: [    INFO] - Train: 390 [   0/520]  Loss: 0.2486 (0.249)  Acc@1: 94.7917 (94.7917)  Acc@5: 100.0000 (100.0000)LR: 6.825e-03
2024-11-20 03:34:55,356 -                train: [    INFO] - Train: 390 [ 200/520]  Loss: 0.2511 (0.288)  Acc@1: 94.7917 (93.2369)  Acc@5: 100.0000 (99.8186)LR: 6.825e-03
2024-11-20 03:35:39,410 -                train: [    INFO] - Train: 390 [ 400/520]  Loss: 0.3866 (0.282)  Acc@1: 89.5833 (93.4123)  Acc@5: 100.0000 (99.7922)LR: 6.825e-03
2024-11-20 03:36:05,637 -                train: [    INFO] - Train: 390 [ 520/520]  Loss: 0.2456 (0.282)  Acc@1: 93.7500 (93.3880)  Acc@5: 100.0000 (99.7960)LR: 6.825e-03
2024-11-20 03:36:05,937 -                train: [    INFO] - Valid: 390 [   0/104]  Loss: 0.09644 (0.0964)  Acc@1: 95.8333 (95.8333)  Acc@5: 100.0000 (100.0000)
2024-11-20 03:36:11,616 -                train: [    INFO] - Valid: 390 [ 104/104]  Loss: 0.3598 (0.143)  Acc@1: 93.7500 (95.4600)  Acc@5: 100.0000 (99.9200)
2024-11-20 03:36:11,666 -                train: [    INFO] - valid_acc 95.460002 - best_valid_acc 95.690003
2024-11-20 03:36:12,115 -                train: [    INFO] - Train: 391 [   0/520]  Loss: 0.2536 (0.254)  Acc@1: 94.7917 (94.7917)  Acc@5: 98.9583 (98.9583)LR: 6.767e-03
2024-11-20 03:36:56,417 -                train: [    INFO] - Train: 391 [ 200/520]  Loss: 0.4736 (0.283)  Acc@1: 88.5417 (93.3821)  Acc@5: 100.0000 (99.7927)LR: 6.767e-03
2024-11-20 03:37:40,899 -                train: [    INFO] - Train: 391 [ 400/520]  Loss: 0.2264 (0.283)  Acc@1: 96.8750 (93.3681)  Acc@5: 100.0000 (99.8026)LR: 6.767e-03
2024-11-20 03:38:07,364 -                train: [    INFO] - Train: 391 [ 520/520]  Loss: 0.1960 (0.283)  Acc@1: 93.7500 (93.3900)  Acc@5: 100.0000 (99.8000)LR: 6.767e-03
2024-11-20 03:38:07,652 -                train: [    INFO] - Valid: 391 [   0/104]  Loss: 0.2047 (0.205)  Acc@1: 93.7500 (93.7500)  Acc@5: 100.0000 (100.0000)
2024-11-20 03:38:13,357 -                train: [    INFO] - Valid: 391 [ 104/104]  Loss: 0.01692 (0.151)  Acc@1: 100.0000 (95.0900)  Acc@5: 100.0000 (99.8900)
2024-11-20 03:38:13,395 -                train: [    INFO] - valid_acc 95.090002 - best_valid_acc 95.690003
2024-11-20 03:38:13,867 -                train: [    INFO] - Train: 392 [   0/520]  Loss: 0.3348 (0.335)  Acc@1: 90.6250 (90.6250)  Acc@5: 100.0000 (100.0000)LR: 6.709e-03
2024-11-20 03:38:57,516 -                train: [    INFO] - Train: 392 [ 200/520]  Loss: 0.2501 (0.271)  Acc@1: 92.7083 (93.6412)  Acc@5: 100.0000 (99.8186)LR: 6.709e-03
2024-11-20 03:39:41,342 -                train: [    INFO] - Train: 392 [ 400/520]  Loss: 0.1692 (0.273)  Acc@1: 96.8750 (93.5370)  Acc@5: 100.0000 (99.8182)LR: 6.709e-03
2024-11-20 03:40:07,632 -                train: [    INFO] - Train: 392 [ 520/520]  Loss: 0.2006 (0.277)  Acc@1: 95.0000 (93.4560)  Acc@5: 100.0000 (99.8080)LR: 6.709e-03
2024-11-20 03:40:07,905 -                train: [    INFO] - Valid: 392 [   0/104]  Loss: 0.1877 (0.188)  Acc@1: 93.7500 (93.7500)  Acc@5: 100.0000 (100.0000)
2024-11-20 03:40:13,605 -                train: [    INFO] - Valid: 392 [ 104/104]  Loss: 0.09858 (0.157)  Acc@1: 93.7500 (95.1000)  Acc@5: 100.0000 (99.9100)
2024-11-20 03:40:13,648 -                train: [    INFO] - valid_acc 95.100002 - best_valid_acc 95.690003
2024-11-20 03:40:14,077 -                train: [    INFO] - Train: 393 [   0/520]  Loss: 0.2762 (0.276)  Acc@1: 94.7917 (94.7917)  Acc@5: 100.0000 (100.0000)LR: 6.651e-03
2024-11-20 03:40:57,881 -                train: [    INFO] - Train: 393 [ 200/520]  Loss: 0.2912 (0.287)  Acc@1: 93.7500 (93.2110)  Acc@5: 100.0000 (99.8031)LR: 6.651e-03
2024-11-20 03:41:41,713 -                train: [    INFO] - Train: 393 [ 400/520]  Loss: 0.3177 (0.287)  Acc@1: 91.6667 (93.1629)  Acc@5: 100.0000 (99.8234)LR: 6.651e-03
2024-11-20 03:42:07,872 -                train: [    INFO] - Train: 393 [ 520/520]  Loss: 0.1701 (0.287)  Acc@1: 96.2500 (93.1780)  Acc@5: 100.0000 (99.8120)LR: 6.651e-03
2024-11-20 03:42:08,152 -                train: [    INFO] - Valid: 393 [   0/104]  Loss: 0.1513 (0.151)  Acc@1: 94.7917 (94.7917)  Acc@5: 100.0000 (100.0000)
2024-11-20 03:42:13,823 -                train: [    INFO] - Valid: 393 [ 104/104]  Loss: 0.3195 (0.144)  Acc@1: 93.7500 (95.5700)  Acc@5: 100.0000 (99.9300)
2024-11-20 03:42:13,851 -                train: [    INFO] - valid_acc 95.570003 - best_valid_acc 95.690003
2024-11-20 03:42:14,278 -                train: [    INFO] - Train: 394 [   0/520]  Loss: 0.2400 (0.240)  Acc@1: 94.7917 (94.7917)  Acc@5: 100.0000 (100.0000)LR: 6.593e-03
2024-11-20 03:42:57,939 -                train: [    INFO] - Train: 394 [ 200/520]  Loss: 0.4934 (0.271)  Acc@1: 88.5417 (93.5323)  Acc@5: 98.9583 (99.8653)LR: 6.593e-03
2024-11-20 03:43:41,659 -                train: [    INFO] - Train: 394 [ 400/520]  Loss: 0.3468 (0.277)  Acc@1: 92.7083 (93.4279)  Acc@5: 100.0000 (99.8182)LR: 6.593e-03
2024-11-20 03:44:07,758 -                train: [    INFO] - Train: 394 [ 520/520]  Loss: 0.2688 (0.280)  Acc@1: 96.2500 (93.3360)  Acc@5: 100.0000 (99.8320)LR: 6.593e-03
2024-11-20 03:44:08,022 -                train: [    INFO] - Valid: 394 [   0/104]  Loss: 0.09261 (0.0926)  Acc@1: 95.8333 (95.8333)  Acc@5: 100.0000 (100.0000)
2024-11-20 03:44:13,689 -                train: [    INFO] - Valid: 394 [ 104/104]  Loss: 0.3026 (0.144)  Acc@1: 93.7500 (95.4400)  Acc@5: 100.0000 (99.9100)
2024-11-20 03:44:13,773 -                train: [    INFO] - valid_acc 95.440003 - best_valid_acc 95.690003
2024-11-20 03:44:14,333 -                train: [    INFO] - Train: 395 [   0/520]  Loss: 0.3629 (0.363)  Acc@1: 90.6250 (90.6250)  Acc@5: 100.0000 (100.0000)LR: 6.536e-03
2024-11-20 03:44:58,738 -                train: [    INFO] - Train: 395 [ 200/520]  Loss: 0.4704 (0.276)  Acc@1: 89.5833 (93.5479)  Acc@5: 98.9583 (99.7927)LR: 6.536e-03
2024-11-20 03:45:42,610 -                train: [    INFO] - Train: 395 [ 400/520]  Loss: 0.1700 (0.278)  Acc@1: 95.8333 (93.5188)  Acc@5: 100.0000 (99.8130)LR: 6.536e-03
2024-11-20 03:46:08,842 -                train: [    INFO] - Train: 395 [ 520/520]  Loss: 0.4986 (0.279)  Acc@1: 83.7500 (93.4500)  Acc@5: 98.7500 (99.8200)LR: 6.536e-03
2024-11-20 03:46:09,138 -                train: [    INFO] - Valid: 395 [   0/104]  Loss: 0.1764 (0.176)  Acc@1: 94.7917 (94.7917)  Acc@5: 100.0000 (100.0000)
2024-11-20 03:46:14,837 -                train: [    INFO] - Valid: 395 [ 104/104]  Loss: 0.4034 (0.154)  Acc@1: 93.7500 (94.9200)  Acc@5: 100.0000 (99.9000)
2024-11-20 03:46:14,868 -                train: [    INFO] - valid_acc 94.920003 - best_valid_acc 95.690003
2024-11-20 03:46:15,317 -                train: [    INFO] - Train: 396 [   0/520]  Loss: 0.3267 (0.327)  Acc@1: 89.5833 (89.5833)  Acc@5: 100.0000 (100.0000)LR: 6.478e-03
2024-11-20 03:46:59,024 -                train: [    INFO] - Train: 396 [ 200/520]  Loss: 0.3259 (0.272)  Acc@1: 89.5833 (93.5531)  Acc@5: 100.0000 (99.8083)LR: 6.478e-03
2024-11-20 03:47:42,794 -                train: [    INFO] - Train: 396 [ 400/520]  Loss: 0.3035 (0.274)  Acc@1: 90.6250 (93.4149)  Acc@5: 100.0000 (99.8078)LR: 6.478e-03
2024-11-20 03:48:09,148 -                train: [    INFO] - Train: 396 [ 520/520]  Loss: 0.4549 (0.277)  Acc@1: 88.7500 (93.3460)  Acc@5: 100.0000 (99.8200)LR: 6.478e-03
2024-11-20 03:48:09,467 -                train: [    INFO] - Valid: 396 [   0/104]  Loss: 0.2669 (0.267)  Acc@1: 91.6667 (91.6667)  Acc@5: 100.0000 (100.0000)
2024-11-20 03:48:15,151 -                train: [    INFO] - Valid: 396 [ 104/104]  Loss: 0.02356 (0.168)  Acc@1: 100.0000 (94.6100)  Acc@5: 100.0000 (99.9400)
2024-11-20 03:48:15,185 -                train: [    INFO] - valid_acc 94.610003 - best_valid_acc 95.690003
2024-11-20 03:48:15,619 -                train: [    INFO] - Train: 397 [   0/520]  Loss: 0.2920 (0.292)  Acc@1: 91.6667 (91.6667)  Acc@5: 100.0000 (100.0000)LR: 6.421e-03
2024-11-20 03:48:59,323 -                train: [    INFO] - Train: 397 [ 200/520]  Loss: 0.1358 (0.261)  Acc@1: 96.8750 (93.8381)  Acc@5: 100.0000 (99.8342)LR: 6.421e-03
2024-11-20 03:49:43,328 -                train: [    INFO] - Train: 397 [ 400/520]  Loss: 0.2356 (0.266)  Acc@1: 93.7500 (93.6565)  Acc@5: 100.0000 (99.8415)LR: 6.421e-03
2024-11-20 03:50:09,476 -                train: [    INFO] - Train: 397 [ 520/520]  Loss: 0.4009 (0.271)  Acc@1: 91.2500 (93.5820)  Acc@5: 100.0000 (99.8240)LR: 6.421e-03
2024-11-20 03:50:09,759 -                train: [    INFO] - Valid: 397 [   0/104]  Loss: 0.1090 (0.109)  Acc@1: 94.7917 (94.7917)  Acc@5: 100.0000 (100.0000)
2024-11-20 03:50:15,438 -                train: [    INFO] - Valid: 397 [ 104/104]  Loss: 0.09328 (0.143)  Acc@1: 93.7500 (95.6800)  Acc@5: 100.0000 (99.9000)
2024-11-20 03:50:15,486 -                train: [    INFO] - valid_acc 95.680003 - best_valid_acc 95.690003
2024-11-20 03:50:15,908 -                train: [    INFO] - Train: 398 [   0/520]  Loss: 0.2660 (0.266)  Acc@1: 94.7917 (94.7917)  Acc@5: 100.0000 (100.0000)LR: 6.364e-03
2024-11-20 03:51:00,544 -                train: [    INFO] - Train: 398 [ 200/520]  Loss: 0.1575 (0.266)  Acc@1: 97.9167 (93.7707)  Acc@5: 98.9583 (99.8238)LR: 6.364e-03
2024-11-20 03:51:44,576 -                train: [    INFO] - Train: 398 [ 400/520]  Loss: 0.4058 (0.274)  Acc@1: 89.5833 (93.5889)  Acc@5: 100.0000 (99.8208)LR: 6.364e-03
2024-11-20 03:52:10,955 -                train: [    INFO] - Train: 398 [ 520/520]  Loss: 0.3440 (0.273)  Acc@1: 93.7500 (93.5660)  Acc@5: 98.7500 (99.8220)LR: 6.364e-03
2024-11-20 03:52:11,259 -                train: [    INFO] - Valid: 398 [   0/104]  Loss: 0.1678 (0.168)  Acc@1: 92.7083 (92.7083)  Acc@5: 100.0000 (100.0000)
2024-11-20 03:52:16,939 -                train: [    INFO] - Valid: 398 [ 104/104]  Loss: 0.1015 (0.162)  Acc@1: 93.7500 (94.9400)  Acc@5: 100.0000 (99.8500)
2024-11-20 03:52:16,973 -                train: [    INFO] - valid_acc 94.940002 - best_valid_acc 95.690003
2024-11-20 03:52:17,493 -                train: [    INFO] - Train: 399 [   0/520]  Loss: 0.1061 (0.106)  Acc@1: 97.9167 (97.9167)  Acc@5: 100.0000 (100.0000)LR: 6.307e-03
2024-11-20 03:53:01,694 -                train: [    INFO] - Train: 399 [ 200/520]  Loss: 0.2251 (0.268)  Acc@1: 91.6667 (93.6878)  Acc@5: 100.0000 (99.8653)LR: 6.307e-03
2024-11-20 03:53:45,613 -                train: [    INFO] - Train: 399 [ 400/520]  Loss: 0.3119 (0.276)  Acc@1: 93.7500 (93.4798)  Acc@5: 100.0000 (99.8415)LR: 6.307e-03
2024-11-20 03:54:11,818 -                train: [    INFO] - Train: 399 [ 520/520]  Loss: 0.3411 (0.279)  Acc@1: 91.2500 (93.4220)  Acc@5: 100.0000 (99.8300)LR: 6.307e-03
2024-11-20 03:54:12,077 -                train: [    INFO] - Valid: 399 [   0/104]  Loss: 0.1837 (0.184)  Acc@1: 94.7917 (94.7917)  Acc@5: 100.0000 (100.0000)
2024-11-20 03:54:17,750 -                train: [    INFO] - Valid: 399 [ 104/104]  Loss: 0.002856 (0.153)  Acc@1: 100.0000 (95.2300)  Acc@5: 100.0000 (99.8900)
2024-11-20 03:54:19,050 -                train: [    INFO] - valid_acc 95.230002 - best_valid_acc 95.690003
2024-11-20 03:54:19,472 -                train: [    INFO] - Train: 400 [   0/520]  Loss: 0.2056 (0.206)  Acc@1: 95.8333 (95.8333)  Acc@5: 100.0000 (100.0000)LR: 6.250e-03
2024-11-20 03:55:03,888 -                train: [    INFO] - Train: 400 [ 200/520]  Loss: 0.3411 (0.269)  Acc@1: 93.7500 (93.7241)  Acc@5: 98.9583 (99.8134)LR: 6.250e-03
2024-11-20 03:55:48,332 -                train: [    INFO] - Train: 400 [ 400/520]  Loss: 0.3105 (0.271)  Acc@1: 89.5833 (93.5915)  Acc@5: 100.0000 (99.8182)LR: 6.250e-03
2024-11-20 03:56:14,713 -                train: [    INFO] - Train: 400 [ 520/520]  Loss: 0.2408 (0.274)  Acc@1: 95.0000 (93.5860)  Acc@5: 100.0000 (99.8040)LR: 6.250e-03
2024-11-20 03:56:14,984 -                train: [    INFO] - Valid: 400 [   0/104]  Loss: 0.09592 (0.0959)  Acc@1: 94.7917 (94.7917)  Acc@5: 100.0000 (100.0000)
2024-11-20 03:56:20,662 -                train: [    INFO] - Valid: 400 [ 104/104]  Loss: 0.1396 (0.149)  Acc@1: 93.7500 (95.3700)  Acc@5: 100.0000 (99.8900)
2024-11-20 03:56:20,694 -                train: [    INFO] - valid_acc 95.370002 - best_valid_acc 95.690003
2024-11-20 03:56:21,178 -                train: [    INFO] - Train: 401 [   0/520]  Loss: 0.2521 (0.252)  Acc@1: 91.6667 (91.6667)  Acc@5: 100.0000 (100.0000)LR: 6.193e-03
2024-11-20 03:57:05,459 -                train: [    INFO] - Train: 401 [ 200/520]  Loss: 0.2421 (0.263)  Acc@1: 94.7917 (93.8226)  Acc@5: 100.0000 (99.8342)LR: 6.193e-03
2024-11-20 03:57:49,736 -                train: [    INFO] - Train: 401 [ 400/520]  Loss: 0.3753 (0.263)  Acc@1: 92.7083 (93.7552)  Acc@5: 100.0000 (99.8389)LR: 6.193e-03
2024-11-20 03:58:16,222 -                train: [    INFO] - Train: 401 [ 520/520]  Loss: 0.3047 (0.263)  Acc@1: 92.5000 (93.7960)  Acc@5: 100.0000 (99.8520)LR: 6.193e-03
2024-11-20 03:58:16,497 -                train: [    INFO] - Valid: 401 [   0/104]  Loss: 0.1701 (0.170)  Acc@1: 96.8750 (96.8750)  Acc@5: 100.0000 (100.0000)
2024-11-20 03:58:22,181 -                train: [    INFO] - Valid: 401 [ 104/104]  Loss: 0.05294 (0.137)  Acc@1: 93.7500 (95.6800)  Acc@5: 100.0000 (99.9500)
2024-11-20 03:58:22,210 -                train: [    INFO] - valid_acc 95.680003 - best_valid_acc 95.690003
2024-11-20 03:58:22,699 -                train: [    INFO] - Train: 402 [   0/520]  Loss: 0.2467 (0.247)  Acc@1: 93.7500 (93.7500)  Acc@5: 100.0000 (100.0000)LR: 6.137e-03
2024-11-20 03:59:06,368 -                train: [    INFO] - Train: 402 [ 200/520]  Loss: 0.2388 (0.259)  Acc@1: 94.7917 (93.9003)  Acc@5: 100.0000 (99.8238)LR: 6.137e-03
2024-11-20 03:59:49,973 -                train: [    INFO] - Train: 402 [ 400/520]  Loss: 0.3228 (0.262)  Acc@1: 91.6667 (93.6955)  Acc@5: 100.0000 (99.8286)LR: 6.137e-03
2024-11-20 04:00:16,298 -                train: [    INFO] - Train: 402 [ 520/520]  Loss: 0.4440 (0.267)  Acc@1: 87.5000 (93.6860)  Acc@5: 100.0000 (99.8200)LR: 6.137e-03
2024-11-20 04:00:16,600 -                train: [    INFO] - Valid: 402 [   0/104]  Loss: 0.1210 (0.121)  Acc@1: 97.9167 (97.9167)  Acc@5: 100.0000 (100.0000)
2024-11-20 04:00:22,277 -                train: [    INFO] - Valid: 402 [ 104/104]  Loss: 0.1827 (0.152)  Acc@1: 93.7500 (95.2400)  Acc@5: 100.0000 (99.9000)
2024-11-20 04:00:22,310 -                train: [    INFO] - valid_acc 95.240003 - best_valid_acc 95.690003
2024-11-20 04:00:22,736 -                train: [    INFO] - Train: 403 [   0/520]  Loss: 0.4472 (0.447)  Acc@1: 91.6667 (91.6667)  Acc@5: 98.9583 (98.9583)LR: 6.081e-03
2024-11-20 04:01:07,183 -                train: [    INFO] - Train: 403 [ 200/520]  Loss: 0.2328 (0.267)  Acc@1: 93.7500 (93.7396)  Acc@5: 100.0000 (99.8290)LR: 6.081e-03
2024-11-20 04:01:51,754 -                train: [    INFO] - Train: 403 [ 400/520]  Loss: 0.3296 (0.267)  Acc@1: 90.6250 (93.7994)  Acc@5: 100.0000 (99.8312)LR: 6.081e-03
2024-11-20 04:02:18,067 -                train: [    INFO] - Train: 403 [ 520/520]  Loss: 0.3508 (0.271)  Acc@1: 92.5000 (93.6940)  Acc@5: 100.0000 (99.8160)LR: 6.081e-03
2024-11-20 04:02:18,349 -                train: [    INFO] - Valid: 403 [   0/104]  Loss: 0.07715 (0.0771)  Acc@1: 95.8333 (95.8333)  Acc@5: 100.0000 (100.0000)
2024-11-20 04:02:24,028 -                train: [    INFO] - Valid: 403 [ 104/104]  Loss: 0.1998 (0.138)  Acc@1: 87.5000 (95.5900)  Acc@5: 100.0000 (99.9300)
2024-11-20 04:02:24,469 -                train: [    INFO] - valid_acc 95.590003 - best_valid_acc 95.690003
2024-11-20 04:02:24,979 -                train: [    INFO] - Train: 404 [   0/520]  Loss: 0.1662 (0.166)  Acc@1: 96.8750 (96.8750)  Acc@5: 100.0000 (100.0000)LR: 6.025e-03
2024-11-20 04:03:08,682 -                train: [    INFO] - Train: 404 [ 200/520]  Loss: 0.1638 (0.256)  Acc@1: 95.8333 (93.8640)  Acc@5: 100.0000 (99.8290)LR: 6.025e-03
2024-11-20 04:03:52,200 -                train: [    INFO] - Train: 404 [ 400/520]  Loss: 0.3567 (0.263)  Acc@1: 90.6250 (93.7630)  Acc@5: 100.0000 (99.8130)LR: 6.025e-03
2024-11-20 04:04:18,394 -                train: [    INFO] - Train: 404 [ 520/520]  Loss: 0.1947 (0.266)  Acc@1: 92.5000 (93.7260)  Acc@5: 100.0000 (99.8140)LR: 6.025e-03
2024-11-20 04:04:18,664 -                train: [    INFO] - Valid: 404 [   0/104]  Loss: 0.07960 (0.0796)  Acc@1: 97.9167 (97.9167)  Acc@5: 100.0000 (100.0000)
2024-11-20 04:04:24,336 -                train: [    INFO] - Valid: 404 [ 104/104]  Loss: 0.02215 (0.132)  Acc@1: 100.0000 (95.8000)  Acc@5: 100.0000 (99.9300)
2024-11-20 04:04:24,784 -                train: [    INFO] - valid_acc 95.800003 - best_valid_acc 95.800003
2024-11-20 04:04:25,244 -                train: [    INFO] - Train: 405 [   0/520]  Loss: 0.3038 (0.304)  Acc@1: 92.7083 (92.7083)  Acc@5: 100.0000 (100.0000)LR: 5.969e-03
2024-11-20 04:05:08,837 -                train: [    INFO] - Train: 405 [ 200/520]  Loss: 0.2116 (0.252)  Acc@1: 94.7917 (93.8796)  Acc@5: 100.0000 (99.8238)LR: 5.969e-03
2024-11-20 04:05:52,442 -                train: [    INFO] - Train: 405 [ 400/520]  Loss: 0.2973 (0.265)  Acc@1: 93.7500 (93.7188)  Acc@5: 100.0000 (99.8104)LR: 5.969e-03
2024-11-20 04:06:18,628 -                train: [    INFO] - Train: 405 [ 520/520]  Loss: 0.3115 (0.266)  Acc@1: 92.5000 (93.6800)  Acc@5: 100.0000 (99.8240)LR: 5.969e-03
2024-11-20 04:06:18,909 -                train: [    INFO] - Valid: 405 [   0/104]  Loss: 0.1157 (0.116)  Acc@1: 94.7917 (94.7917)  Acc@5: 100.0000 (100.0000)
2024-11-20 04:06:24,602 -                train: [    INFO] - Valid: 405 [ 104/104]  Loss: 0.05034 (0.135)  Acc@1: 100.0000 (95.7400)  Acc@5: 100.0000 (99.8900)
2024-11-20 04:06:24,634 -                train: [    INFO] - valid_acc 95.740002 - best_valid_acc 95.800003
2024-11-20 04:06:25,058 -                train: [    INFO] - Train: 406 [   0/520]  Loss: 0.4275 (0.428)  Acc@1: 88.5417 (88.5417)  Acc@5: 100.0000 (100.0000)LR: 5.913e-03
2024-11-20 04:07:08,884 -                train: [    INFO] - Train: 406 [ 200/520]  Loss: 0.1813 (0.253)  Acc@1: 96.8750 (93.9677)  Acc@5: 100.0000 (99.8497)LR: 5.913e-03
2024-11-20 04:07:52,838 -                train: [    INFO] - Train: 406 [ 400/520]  Loss: 0.1653 (0.263)  Acc@1: 97.9167 (93.7968)  Acc@5: 100.0000 (99.8337)LR: 5.913e-03
2024-11-20 04:08:18,902 -                train: [    INFO] - Train: 406 [ 520/520]  Loss: 0.2570 (0.265)  Acc@1: 93.7500 (93.7620)  Acc@5: 100.0000 (99.8380)LR: 5.913e-03
2024-11-20 04:08:19,200 -                train: [    INFO] - Valid: 406 [   0/104]  Loss: 0.1956 (0.196)  Acc@1: 96.8750 (96.8750)  Acc@5: 100.0000 (100.0000)
2024-11-20 04:08:24,887 -                train: [    INFO] - Valid: 406 [ 104/104]  Loss: 0.1140 (0.154)  Acc@1: 93.7500 (95.3100)  Acc@5: 100.0000 (99.8900)
2024-11-20 04:08:26,041 -                train: [    INFO] - valid_acc 95.310003 - best_valid_acc 95.800003
2024-11-20 04:08:26,515 -                train: [    INFO] - Train: 407 [   0/520]  Loss: 0.1497 (0.150)  Acc@1: 96.8750 (96.8750)  Acc@5: 100.0000 (100.0000)LR: 5.858e-03
2024-11-20 04:09:11,075 -                train: [    INFO] - Train: 407 [ 200/520]  Loss: 0.2437 (0.254)  Acc@1: 94.7917 (94.1542)  Acc@5: 100.0000 (99.8083)LR: 5.858e-03
2024-11-20 04:09:54,968 -                train: [    INFO] - Train: 407 [ 400/520]  Loss: 0.2341 (0.264)  Acc@1: 93.7500 (93.8513)  Acc@5: 100.0000 (99.8052)LR: 5.858e-03
2024-11-20 04:10:21,407 -                train: [    INFO] - Train: 407 [ 520/520]  Loss: 0.2616 (0.264)  Acc@1: 92.5000 (93.8160)  Acc@5: 100.0000 (99.8120)LR: 5.858e-03
2024-11-20 04:10:23,366 -                train: [    INFO] - Valid: 407 [   0/104]  Loss: 0.1203 (0.120)  Acc@1: 94.7917 (94.7917)  Acc@5: 100.0000 (100.0000)
2024-11-20 04:10:29,047 -                train: [    INFO] - Valid: 407 [ 104/104]  Loss: 0.005678 (0.148)  Acc@1: 100.0000 (95.3900)  Acc@5: 100.0000 (99.9500)
2024-11-20 04:10:30,113 -                train: [    INFO] - valid_acc 95.390002 - best_valid_acc 95.800003
2024-11-20 04:10:30,562 -                train: [    INFO] - Train: 408 [   0/520]  Loss: 0.1606 (0.161)  Acc@1: 96.8750 (96.8750)  Acc@5: 100.0000 (100.0000)LR: 5.802e-03
2024-11-20 04:11:14,786 -                train: [    INFO] - Train: 408 [ 200/520]  Loss: 0.1508 (0.262)  Acc@1: 96.8750 (93.9418)  Acc@5: 100.0000 (99.8342)LR: 5.802e-03
2024-11-20 04:11:58,428 -                train: [    INFO] - Train: 408 [ 400/520]  Loss: 0.1146 (0.260)  Acc@1: 97.9167 (93.9448)  Acc@5: 100.0000 (99.8389)LR: 5.802e-03
2024-11-20 04:12:24,667 -                train: [    INFO] - Train: 408 [ 520/520]  Loss: 0.2473 (0.261)  Acc@1: 92.5000 (93.9140)  Acc@5: 100.0000 (99.8340)LR: 5.802e-03
2024-11-20 04:12:27,365 -                train: [    INFO] - Valid: 408 [   0/104]  Loss: 0.1496 (0.150)  Acc@1: 93.7500 (93.7500)  Acc@5: 100.0000 (100.0000)
2024-11-20 04:12:33,048 -                train: [    INFO] - Valid: 408 [ 104/104]  Loss: 0.06781 (0.154)  Acc@1: 93.7500 (95.5300)  Acc@5: 100.0000 (99.9100)
2024-11-20 04:12:33,143 -                train: [    INFO] - valid_acc 95.530003 - best_valid_acc 95.800003
2024-11-20 04:12:33,634 -                train: [    INFO] - Train: 409 [   0/520]  Loss: 0.3215 (0.322)  Acc@1: 94.7917 (94.7917)  Acc@5: 98.9583 (98.9583)LR: 5.747e-03
2024-11-20 04:13:17,857 -                train: [    INFO] - Train: 409 [ 200/520]  Loss: 0.1969 (0.268)  Acc@1: 95.8333 (93.8070)  Acc@5: 100.0000 (99.7512)LR: 5.747e-03
2024-11-20 04:14:01,693 -                train: [    INFO] - Train: 409 [ 400/520]  Loss: 0.1687 (0.264)  Acc@1: 95.8333 (93.7838)  Acc@5: 100.0000 (99.8026)LR: 5.747e-03
2024-11-20 04:14:28,079 -                train: [    INFO] - Train: 409 [ 520/520]  Loss: 0.2321 (0.264)  Acc@1: 95.0000 (93.8060)  Acc@5: 100.0000 (99.8020)LR: 5.747e-03
2024-11-20 04:14:28,381 -                train: [    INFO] - Valid: 409 [   0/104]  Loss: 0.1227 (0.123)  Acc@1: 95.8333 (95.8333)  Acc@5: 100.0000 (100.0000)
2024-11-20 04:14:34,060 -                train: [    INFO] - Valid: 409 [ 104/104]  Loss: 0.05110 (0.140)  Acc@1: 100.0000 (95.4800)  Acc@5: 100.0000 (99.8800)
2024-11-20 04:14:34,184 -                train: [    INFO] - valid_acc 95.480003 - best_valid_acc 95.800003
2024-11-20 04:14:34,603 -                train: [    INFO] - Train: 410 [   0/520]  Loss: 0.2377 (0.238)  Acc@1: 93.7500 (93.7500)  Acc@5: 100.0000 (100.0000)LR: 5.692e-03
2024-11-20 04:15:18,138 -                train: [    INFO] - Train: 410 [ 200/520]  Loss: 0.2561 (0.262)  Acc@1: 93.7500 (93.9625)  Acc@5: 98.9583 (99.8186)LR: 5.692e-03
2024-11-20 04:16:01,942 -                train: [    INFO] - Train: 410 [ 400/520]  Loss: 0.2793 (0.261)  Acc@1: 94.7917 (93.9214)  Acc@5: 100.0000 (99.8026)LR: 5.692e-03
2024-11-20 04:16:28,113 -                train: [    INFO] - Train: 410 [ 520/520]  Loss: 0.4477 (0.261)  Acc@1: 88.7500 (93.9120)  Acc@5: 100.0000 (99.8100)LR: 5.692e-03
2024-11-20 04:16:30,758 -                train: [    INFO] - Valid: 410 [   0/104]  Loss: 0.1491 (0.149)  Acc@1: 94.7917 (94.7917)  Acc@5: 100.0000 (100.0000)
2024-11-20 04:16:36,433 -                train: [    INFO] - Valid: 410 [ 104/104]  Loss: 0.01684 (0.135)  Acc@1: 100.0000 (95.8200)  Acc@5: 100.0000 (99.9500)
2024-11-20 04:16:38,315 -                train: [    INFO] - valid_acc 95.820003 - best_valid_acc 95.820003
2024-11-20 04:16:38,752 -                train: [    INFO] - Train: 411 [   0/520]  Loss: 0.1901 (0.190)  Acc@1: 94.7917 (94.7917)  Acc@5: 100.0000 (100.0000)LR: 5.637e-03
2024-11-20 04:17:22,391 -                train: [    INFO] - Train: 411 [ 200/520]  Loss: 0.2515 (0.261)  Acc@1: 93.7500 (93.8277)  Acc@5: 100.0000 (99.8756)LR: 5.637e-03
2024-11-20 04:18:07,837 -                train: [    INFO] - Train: 411 [ 400/520]  Loss: 0.5487 (0.266)  Acc@1: 88.5417 (93.7994)  Acc@5: 98.9583 (99.8441)LR: 5.637e-03
2024-11-20 04:18:33,990 -                train: [    INFO] - Train: 411 [ 520/520]  Loss: 0.4120 (0.266)  Acc@1: 93.7500 (93.7920)  Acc@5: 100.0000 (99.8360)LR: 5.637e-03
2024-11-20 04:18:34,286 -                train: [    INFO] - Valid: 411 [   0/104]  Loss: 0.1035 (0.104)  Acc@1: 94.7917 (94.7917)  Acc@5: 100.0000 (100.0000)
2024-11-20 04:18:39,969 -                train: [    INFO] - Valid: 411 [ 104/104]  Loss: 0.3300 (0.144)  Acc@1: 93.7500 (95.4600)  Acc@5: 100.0000 (99.9000)
2024-11-20 04:18:41,573 -                train: [    INFO] - valid_acc 95.460003 - best_valid_acc 95.820003
2024-11-20 04:18:42,087 -                train: [    INFO] - Train: 412 [   0/520]  Loss: 0.2246 (0.225)  Acc@1: 93.7500 (93.7500)  Acc@5: 100.0000 (100.0000)LR: 5.583e-03
2024-11-20 04:19:26,638 -                train: [    INFO] - Train: 412 [ 200/520]  Loss: 0.3059 (0.242)  Acc@1: 92.7083 (94.1594)  Acc@5: 100.0000 (99.8601)LR: 5.583e-03
2024-11-20 04:20:10,417 -                train: [    INFO] - Train: 412 [ 400/520]  Loss: 0.3305 (0.247)  Acc@1: 91.6667 (94.1033)  Acc@5: 100.0000 (99.8545)LR: 5.583e-03
2024-11-20 04:20:36,708 -                train: [    INFO] - Train: 412 [ 520/520]  Loss: 0.06873 (0.252)  Acc@1: 98.7500 (93.9560)  Acc@5: 100.0000 (99.8480)LR: 5.583e-03
2024-11-20 04:20:36,990 -                train: [    INFO] - Valid: 412 [   0/104]  Loss: 0.09198 (0.0920)  Acc@1: 95.8333 (95.8333)  Acc@5: 100.0000 (100.0000)
2024-11-20 04:20:42,681 -                train: [    INFO] - Valid: 412 [ 104/104]  Loss: 0.1420 (0.148)  Acc@1: 87.5000 (95.3300)  Acc@5: 100.0000 (99.9200)
2024-11-20 04:20:42,715 -                train: [    INFO] - valid_acc 95.330002 - best_valid_acc 95.820003
2024-11-20 04:20:43,187 -                train: [    INFO] - Train: 413 [   0/520]  Loss: 0.2722 (0.272)  Acc@1: 92.7083 (92.7083)  Acc@5: 100.0000 (100.0000)LR: 5.528e-03
2024-11-20 04:21:27,347 -                train: [    INFO] - Train: 413 [ 200/520]  Loss: 0.4063 (0.243)  Acc@1: 88.5417 (94.2372)  Acc@5: 98.9583 (99.9119)LR: 5.528e-03
2024-11-20 04:22:10,913 -                train: [    INFO] - Train: 413 [ 400/520]  Loss: 0.2630 (0.252)  Acc@1: 95.8333 (94.0513)  Acc@5: 100.0000 (99.8909)LR: 5.528e-03
2024-11-20 04:22:37,032 -                train: [    INFO] - Train: 413 [ 520/520]  Loss: 0.2985 (0.255)  Acc@1: 90.0000 (93.9460)  Acc@5: 100.0000 (99.8920)LR: 5.528e-03
2024-11-20 04:22:37,404 -                train: [    INFO] - Valid: 413 [   0/104]  Loss: 0.08904 (0.0890)  Acc@1: 95.8333 (95.8333)  Acc@5: 100.0000 (100.0000)
2024-11-20 04:22:43,099 -                train: [    INFO] - Valid: 413 [ 104/104]  Loss: 0.1201 (0.136)  Acc@1: 93.7500 (95.7500)  Acc@5: 100.0000 (99.9100)
2024-11-20 04:22:43,134 -                train: [    INFO] - valid_acc 95.750003 - best_valid_acc 95.820003
2024-11-20 04:22:43,635 -                train: [    INFO] - Train: 414 [   0/520]  Loss: 0.2962 (0.296)  Acc@1: 94.7917 (94.7917)  Acc@5: 100.0000 (100.0000)LR: 5.474e-03
2024-11-20 04:23:27,769 -                train: [    INFO] - Train: 414 [ 200/520]  Loss: 0.1384 (0.249)  Acc@1: 96.8750 (94.1439)  Acc@5: 100.0000 (99.8083)LR: 5.474e-03
2024-11-20 04:24:11,377 -                train: [    INFO] - Train: 414 [ 400/520]  Loss: 0.2560 (0.257)  Acc@1: 92.7083 (93.9760)  Acc@5: 100.0000 (99.8130)LR: 5.474e-03
2024-11-20 04:24:37,604 -                train: [    INFO] - Train: 414 [ 520/520]  Loss: 0.3452 (0.256)  Acc@1: 95.0000 (93.9840)  Acc@5: 100.0000 (99.8120)LR: 5.474e-03
2024-11-20 04:24:43,324 -                train: [    INFO] - Valid: 414 [   0/104]  Loss: 0.1153 (0.115)  Acc@1: 95.8333 (95.8333)  Acc@5: 100.0000 (100.0000)
2024-11-20 04:24:49,817 -                train: [    INFO] - Valid: 414 [ 104/104]  Loss: 0.09004 (0.138)  Acc@1: 93.7500 (95.8000)  Acc@5: 100.0000 (99.9300)
2024-11-20 04:24:51,084 -                train: [    INFO] - valid_acc 95.800002 - best_valid_acc 95.820003
2024-11-20 04:24:51,561 -                train: [    INFO] - Train: 415 [   0/520]  Loss: 0.1604 (0.160)  Acc@1: 94.7917 (94.7917)  Acc@5: 100.0000 (100.0000)LR: 5.420e-03
2024-11-20 04:25:35,242 -                train: [    INFO] - Train: 415 [ 200/520]  Loss: 0.2446 (0.256)  Acc@1: 94.7917 (94.0143)  Acc@5: 100.0000 (99.8653)LR: 5.420e-03
2024-11-20 04:26:19,311 -                train: [    INFO] - Train: 415 [ 400/520]  Loss: 0.2005 (0.252)  Acc@1: 95.8333 (94.0435)  Acc@5: 100.0000 (99.8727)LR: 5.420e-03
2024-11-20 04:26:45,598 -                train: [    INFO] - Train: 415 [ 520/520]  Loss: 0.3593 (0.251)  Acc@1: 91.2500 (94.0720)  Acc@5: 100.0000 (99.8660)LR: 5.420e-03
2024-11-20 04:26:45,848 -                train: [    INFO] - Valid: 415 [   0/104]  Loss: 0.07210 (0.0721)  Acc@1: 96.8750 (96.8750)  Acc@5: 100.0000 (100.0000)
2024-11-20 04:26:51,520 -                train: [    INFO] - Valid: 415 [ 104/104]  Loss: 0.04043 (0.148)  Acc@1: 100.0000 (95.4500)  Acc@5: 100.0000 (99.9000)
2024-11-20 04:26:51,552 -                train: [    INFO] - valid_acc 95.450002 - best_valid_acc 95.820003
2024-11-20 04:26:51,984 -                train: [    INFO] - Train: 416 [   0/520]  Loss: 0.1537 (0.154)  Acc@1: 95.8333 (95.8333)  Acc@5: 100.0000 (100.0000)LR: 5.366e-03
2024-11-20 04:27:35,738 -                train: [    INFO] - Train: 416 [ 200/520]  Loss: 0.1981 (0.244)  Acc@1: 95.8333 (94.2631)  Acc@5: 98.9583 (99.8653)LR: 5.366e-03
2024-11-20 04:28:19,647 -                train: [    INFO] - Train: 416 [ 400/520]  Loss: 0.1452 (0.246)  Acc@1: 97.9167 (94.2903)  Acc@5: 100.0000 (99.8623)LR: 5.366e-03
2024-11-20 04:28:46,285 -                train: [    INFO] - Train: 416 [ 520/520]  Loss: 0.2300 (0.249)  Acc@1: 92.5000 (94.2080)  Acc@5: 100.0000 (99.8760)LR: 5.366e-03
2024-11-20 04:28:46,541 -                train: [    INFO] - Valid: 416 [   0/104]  Loss: 0.08928 (0.0893)  Acc@1: 96.8750 (96.8750)  Acc@5: 100.0000 (100.0000)
2024-11-20 04:28:52,217 -                train: [    INFO] - Valid: 416 [ 104/104]  Loss: 0.01867 (0.128)  Acc@1: 100.0000 (95.8500)  Acc@5: 100.0000 (99.9300)
2024-11-20 04:28:52,899 -                train: [    INFO] - valid_acc 95.850003 - best_valid_acc 95.850003
2024-11-20 04:28:53,361 -                train: [    INFO] - Train: 417 [   0/520]  Loss: 0.1633 (0.163)  Acc@1: 93.7500 (93.7500)  Acc@5: 100.0000 (100.0000)LR: 5.312e-03
2024-11-20 04:29:37,300 -                train: [    INFO] - Train: 417 [ 200/520]  Loss: 0.4260 (0.254)  Acc@1: 89.5833 (93.8796)  Acc@5: 100.0000 (99.8653)LR: 5.312e-03
2024-11-20 04:30:20,924 -                train: [    INFO] - Train: 417 [ 400/520]  Loss: 0.2635 (0.251)  Acc@1: 92.7083 (94.1163)  Acc@5: 100.0000 (99.8675)LR: 5.312e-03
2024-11-20 04:30:47,308 -                train: [    INFO] - Train: 417 [ 520/520]  Loss: 0.1804 (0.249)  Acc@1: 96.2500 (94.1660)  Acc@5: 100.0000 (99.8640)LR: 5.312e-03
2024-11-20 04:30:47,560 -                train: [    INFO] - Valid: 417 [   0/104]  Loss: 0.1053 (0.105)  Acc@1: 95.8333 (95.8333)  Acc@5: 100.0000 (100.0000)
2024-11-20 04:30:53,226 -                train: [    INFO] - Valid: 417 [ 104/104]  Loss: 0.05445 (0.139)  Acc@1: 93.7500 (95.7200)  Acc@5: 100.0000 (99.9300)
2024-11-20 04:30:53,266 -                train: [    INFO] - valid_acc 95.720002 - best_valid_acc 95.850003
2024-11-20 04:30:53,690 -                train: [    INFO] - Train: 418 [   0/520]  Loss: 0.1286 (0.129)  Acc@1: 96.8750 (96.8750)  Acc@5: 100.0000 (100.0000)LR: 5.259e-03
2024-11-20 04:31:37,438 -                train: [    INFO] - Train: 418 [ 200/520]  Loss: 0.1674 (0.237)  Acc@1: 94.7917 (94.3097)  Acc@5: 100.0000 (99.8653)LR: 5.259e-03
2024-11-20 04:32:21,029 -                train: [    INFO] - Train: 418 [ 400/520]  Loss: 0.2027 (0.244)  Acc@1: 96.8750 (94.2020)  Acc@5: 98.9583 (99.8441)LR: 5.259e-03
2024-11-20 04:32:47,194 -                train: [    INFO] - Train: 418 [ 520/520]  Loss: 0.1288 (0.245)  Acc@1: 97.5000 (94.2120)  Acc@5: 100.0000 (99.8400)LR: 5.259e-03
2024-11-20 04:32:47,497 -                train: [    INFO] - Valid: 418 [   0/104]  Loss: 0.09790 (0.0979)  Acc@1: 93.7500 (93.7500)  Acc@5: 100.0000 (100.0000)
2024-11-20 04:32:53,161 -                train: [    INFO] - Valid: 418 [ 104/104]  Loss: 0.05988 (0.138)  Acc@1: 93.7500 (95.7700)  Acc@5: 100.0000 (99.8900)
2024-11-20 04:32:53,206 -                train: [    INFO] - valid_acc 95.770002 - best_valid_acc 95.850003
2024-11-20 04:32:53,651 -                train: [    INFO] - Train: 419 [   0/520]  Loss: 0.2179 (0.218)  Acc@1: 95.8333 (95.8333)  Acc@5: 100.0000 (100.0000)LR: 5.206e-03
2024-11-20 04:33:37,624 -                train: [    INFO] - Train: 419 [ 200/520]  Loss: 0.1678 (0.251)  Acc@1: 94.7917 (94.1646)  Acc@5: 100.0000 (99.8704)LR: 5.206e-03
2024-11-20 04:34:21,480 -                train: [    INFO] - Train: 419 [ 400/520]  Loss: 0.3473 (0.247)  Acc@1: 89.5833 (94.1760)  Acc@5: 100.0000 (99.8675)LR: 5.206e-03
2024-11-20 04:34:47,494 -                train: [    INFO] - Train: 419 [ 520/520]  Loss: 0.2395 (0.249)  Acc@1: 97.5000 (94.1560)  Acc@5: 100.0000 (99.8560)LR: 5.206e-03
2024-11-20 04:34:47,788 -                train: [    INFO] - Valid: 419 [   0/104]  Loss: 0.05841 (0.0584)  Acc@1: 97.9167 (97.9167)  Acc@5: 100.0000 (100.0000)
2024-11-20 04:34:53,451 -                train: [    INFO] - Valid: 419 [ 104/104]  Loss: 0.3912 (0.133)  Acc@1: 93.7500 (95.8700)  Acc@5: 100.0000 (99.8900)
2024-11-20 04:34:54,075 -                train: [    INFO] - valid_acc 95.870003 - best_valid_acc 95.870003
2024-11-20 04:34:54,548 -                train: [    INFO] - Train: 420 [   0/520]  Loss: 0.2985 (0.298)  Acc@1: 92.7083 (92.7083)  Acc@5: 100.0000 (100.0000)LR: 5.153e-03
2024-11-20 04:35:38,287 -                train: [    INFO] - Train: 420 [ 200/520]  Loss: 0.1347 (0.238)  Acc@1: 98.9583 (94.5896)  Acc@5: 100.0000 (99.8290)LR: 5.153e-03
2024-11-20 04:36:21,729 -                train: [    INFO] - Train: 420 [ 400/520]  Loss: 0.2758 (0.241)  Acc@1: 92.7083 (94.4670)  Acc@5: 98.9583 (99.8260)LR: 5.153e-03
2024-11-20 04:36:47,841 -                train: [    INFO] - Train: 420 [ 520/520]  Loss: 0.2612 (0.243)  Acc@1: 95.0000 (94.3280)  Acc@5: 98.7500 (99.8480)LR: 5.153e-03
2024-11-20 04:36:48,168 -                train: [    INFO] - Valid: 420 [   0/104]  Loss: 0.1167 (0.117)  Acc@1: 96.8750 (96.8750)  Acc@5: 100.0000 (100.0000)
2024-11-20 04:36:53,873 -                train: [    INFO] - Valid: 420 [ 104/104]  Loss: 0.06597 (0.140)  Acc@1: 93.7500 (95.6200)  Acc@5: 100.0000 (99.9700)
2024-11-20 04:36:53,903 -                train: [    INFO] - valid_acc 95.620003 - best_valid_acc 95.870003
2024-11-20 04:36:54,323 -                train: [    INFO] - Train: 421 [   0/520]  Loss: 0.3179 (0.318)  Acc@1: 94.7917 (94.7917)  Acc@5: 100.0000 (100.0000)LR: 5.100e-03
2024-11-20 04:37:38,258 -                train: [    INFO] - Train: 421 [ 200/520]  Loss: 0.2084 (0.242)  Acc@1: 94.7917 (94.3823)  Acc@5: 100.0000 (99.8083)LR: 5.100e-03
2024-11-20 04:38:22,202 -                train: [    INFO] - Train: 421 [ 400/520]  Loss: 0.4431 (0.247)  Acc@1: 89.5833 (94.3293)  Acc@5: 100.0000 (99.8363)LR: 5.100e-03
2024-11-20 04:38:48,950 -                train: [    INFO] - Train: 421 [ 520/520]  Loss: 0.3690 (0.252)  Acc@1: 91.2500 (94.1540)  Acc@5: 100.0000 (99.8340)LR: 5.100e-03
2024-11-20 04:38:50,201 -                train: [    INFO] - Valid: 421 [   0/104]  Loss: 0.1030 (0.103)  Acc@1: 94.7917 (94.7917)  Acc@5: 100.0000 (100.0000)
2024-11-20 04:38:55,907 -                train: [    INFO] - Valid: 421 [ 104/104]  Loss: 0.05373 (0.135)  Acc@1: 93.7500 (95.8500)  Acc@5: 100.0000 (99.8700)
2024-11-20 04:38:56,328 -                train: [    INFO] - valid_acc 95.850002 - best_valid_acc 95.870003
2024-11-20 04:38:56,753 -                train: [    INFO] - Train: 422 [   0/520]  Loss: 0.2260 (0.226)  Acc@1: 94.7917 (94.7917)  Acc@5: 98.9583 (98.9583)LR: 5.047e-03
2024-11-20 04:39:40,650 -                train: [    INFO] - Train: 422 [ 200/520]  Loss: 0.2585 (0.244)  Acc@1: 89.5833 (94.1594)  Acc@5: 100.0000 (99.8342)LR: 5.047e-03
2024-11-20 04:40:24,767 -                train: [    INFO] - Train: 422 [ 400/520]  Loss: 0.2171 (0.241)  Acc@1: 95.8333 (94.2358)  Acc@5: 98.9583 (99.8260)LR: 5.047e-03
2024-11-20 04:40:50,970 -                train: [    INFO] - Train: 422 [ 520/520]  Loss: 0.2775 (0.242)  Acc@1: 93.7500 (94.2500)  Acc@5: 100.0000 (99.8240)LR: 5.047e-03
2024-11-20 04:40:51,317 -                train: [    INFO] - Valid: 422 [   0/104]  Loss: 0.1593 (0.159)  Acc@1: 94.7917 (94.7917)  Acc@5: 100.0000 (100.0000)
2024-11-20 04:40:57,050 -                train: [    INFO] - Valid: 422 [ 104/104]  Loss: 0.2130 (0.136)  Acc@1: 93.7500 (95.7500)  Acc@5: 100.0000 (99.8900)
2024-11-20 04:40:57,717 -                train: [    INFO] - valid_acc 95.750003 - best_valid_acc 95.870003
2024-11-20 04:40:58,121 -                train: [    INFO] - Train: 423 [   0/520]  Loss: 0.2041 (0.204)  Acc@1: 95.8333 (95.8333)  Acc@5: 100.0000 (100.0000)LR: 4.995e-03
2024-11-20 04:41:42,177 -                train: [    INFO] - Train: 423 [ 200/520]  Loss: 0.3122 (0.237)  Acc@1: 93.7500 (94.2579)  Acc@5: 98.9583 (99.8601)LR: 4.995e-03
2024-11-20 04:42:26,620 -                train: [    INFO] - Train: 423 [ 400/520]  Loss: 0.1987 (0.238)  Acc@1: 96.8750 (94.4124)  Acc@5: 100.0000 (99.8727)LR: 4.995e-03
2024-11-20 04:42:53,310 -                train: [    INFO] - Train: 423 [ 520/520]  Loss: 0.3108 (0.237)  Acc@1: 93.7500 (94.4380)  Acc@5: 100.0000 (99.8720)LR: 4.995e-03
2024-11-20 04:42:53,654 -                train: [    INFO] - Valid: 423 [   0/104]  Loss: 0.1467 (0.147)  Acc@1: 94.7917 (94.7917)  Acc@5: 100.0000 (100.0000)
2024-11-20 04:42:59,344 -                train: [    INFO] - Valid: 423 [ 104/104]  Loss: 0.1378 (0.135)  Acc@1: 93.7500 (95.8700)  Acc@5: 100.0000 (99.9100)
2024-11-20 04:42:59,375 -                train: [    INFO] - valid_acc 95.870003 - best_valid_acc 95.870003
2024-11-20 04:42:59,898 -                train: [    INFO] - Train: 424 [   0/520]  Loss: 0.2703 (0.270)  Acc@1: 93.7500 (93.7500)  Acc@5: 100.0000 (100.0000)LR: 4.943e-03
2024-11-20 04:43:43,750 -                train: [    INFO] - Train: 424 [ 200/520]  Loss: 0.2822 (0.232)  Acc@1: 92.7083 (94.4652)  Acc@5: 100.0000 (99.9015)LR: 4.943e-03
2024-11-20 04:44:27,329 -                train: [    INFO] - Train: 424 [ 400/520]  Loss: 0.2893 (0.238)  Acc@1: 94.7917 (94.3864)  Acc@5: 98.9583 (99.8701)LR: 4.943e-03
2024-11-20 04:44:53,612 -                train: [    INFO] - Train: 424 [ 520/520]  Loss: 0.1502 (0.238)  Acc@1: 95.0000 (94.4260)  Acc@5: 100.0000 (99.8680)LR: 4.943e-03
2024-11-20 04:44:53,877 -                train: [    INFO] - Valid: 424 [   0/104]  Loss: 0.1090 (0.109)  Acc@1: 94.7917 (94.7917)  Acc@5: 100.0000 (100.0000)
2024-11-20 04:44:59,545 -                train: [    INFO] - Valid: 424 [ 104/104]  Loss: 0.05345 (0.135)  Acc@1: 93.7500 (95.8100)  Acc@5: 100.0000 (99.8800)
2024-11-20 04:44:59,599 -                train: [    INFO] - valid_acc 95.810003 - best_valid_acc 95.870003
2024-11-20 04:45:00,007 -                train: [    INFO] - Train: 425 [   0/520]  Loss: 0.2613 (0.261)  Acc@1: 95.8333 (95.8333)  Acc@5: 100.0000 (100.0000)LR: 4.890e-03
2024-11-20 04:45:43,746 -                train: [    INFO] - Train: 425 [ 200/520]  Loss: 0.1171 (0.239)  Acc@1: 96.8750 (94.4444)  Acc@5: 100.0000 (99.8134)LR: 4.890e-03
2024-11-20 04:46:27,500 -                train: [    INFO] - Train: 425 [ 400/520]  Loss: 0.2049 (0.232)  Acc@1: 96.8750 (94.5527)  Acc@5: 100.0000 (99.8389)LR: 4.890e-03
2024-11-20 04:46:53,686 -                train: [    INFO] - Train: 425 [ 520/520]  Loss: 0.1973 (0.237)  Acc@1: 95.0000 (94.4300)  Acc@5: 100.0000 (99.8460)LR: 4.890e-03
2024-11-20 04:46:53,942 -                train: [    INFO] - Valid: 425 [   0/104]  Loss: 0.09092 (0.0909)  Acc@1: 95.8333 (95.8333)  Acc@5: 100.0000 (100.0000)
2024-11-20 04:46:59,612 -                train: [    INFO] - Valid: 425 [ 104/104]  Loss: 0.1326 (0.140)  Acc@1: 93.7500 (95.6900)  Acc@5: 100.0000 (99.8900)
2024-11-20 04:46:59,653 -                train: [    INFO] - valid_acc 95.690002 - best_valid_acc 95.870003
2024-11-20 04:47:00,065 -                train: [    INFO] - Train: 426 [   0/520]  Loss: 0.4298 (0.430)  Acc@1: 87.5000 (87.5000)  Acc@5: 98.9583 (98.9583)LR: 4.839e-03
2024-11-20 04:47:43,828 -                train: [    INFO] - Train: 426 [ 200/520]  Loss: 0.3742 (0.242)  Acc@1: 92.7083 (94.3823)  Acc@5: 98.9583 (99.8497)LR: 4.839e-03
2024-11-20 04:48:27,689 -                train: [    INFO] - Train: 426 [ 400/520]  Loss: 0.3018 (0.247)  Acc@1: 94.7917 (94.3241)  Acc@5: 98.9583 (99.8337)LR: 4.839e-03
2024-11-20 04:48:53,832 -                train: [    INFO] - Train: 426 [ 520/520]  Loss: 0.1582 (0.245)  Acc@1: 96.2500 (94.3640)  Acc@5: 100.0000 (99.8440)LR: 4.839e-03
2024-11-20 04:48:54,096 -                train: [    INFO] - Valid: 426 [   0/104]  Loss: 0.1559 (0.156)  Acc@1: 95.8333 (95.8333)  Acc@5: 100.0000 (100.0000)
2024-11-20 04:48:59,765 -                train: [    INFO] - Valid: 426 [ 104/104]  Loss: 0.005141 (0.136)  Acc@1: 100.0000 (95.8900)  Acc@5: 100.0000 (99.8800)
2024-11-20 04:49:00,308 -                train: [    INFO] - valid_acc 95.890002 - best_valid_acc 95.890002
2024-11-20 04:49:00,765 -                train: [    INFO] - Train: 427 [   0/520]  Loss: 0.1525 (0.152)  Acc@1: 96.8750 (96.8750)  Acc@5: 100.0000 (100.0000)LR: 4.787e-03
2024-11-20 04:49:44,746 -                train: [    INFO] - Train: 427 [ 200/520]  Loss: 0.3001 (0.242)  Acc@1: 93.7500 (94.3978)  Acc@5: 100.0000 (99.8653)LR: 4.787e-03
2024-11-20 04:50:28,464 -                train: [    INFO] - Train: 427 [ 400/520]  Loss: 0.2845 (0.240)  Acc@1: 91.6667 (94.4670)  Acc@5: 100.0000 (99.8649)LR: 4.787e-03
2024-11-20 04:50:54,603 -                train: [    INFO] - Train: 427 [ 520/520]  Loss: 0.2226 (0.240)  Acc@1: 95.0000 (94.4540)  Acc@5: 100.0000 (99.8560)LR: 4.787e-03
2024-11-20 04:50:54,857 -                train: [    INFO] - Valid: 427 [   0/104]  Loss: 0.2063 (0.206)  Acc@1: 91.6667 (91.6667)  Acc@5: 100.0000 (100.0000)
2024-11-20 04:51:00,528 -                train: [    INFO] - Valid: 427 [ 104/104]  Loss: 0.002666 (0.139)  Acc@1: 100.0000 (95.7800)  Acc@5: 100.0000 (99.9300)
2024-11-20 04:51:00,559 -                train: [    INFO] - valid_acc 95.780003 - best_valid_acc 95.890002
2024-11-20 04:51:00,992 -                train: [    INFO] - Train: 428 [   0/520]  Loss: 0.1996 (0.200)  Acc@1: 95.8333 (95.8333)  Acc@5: 100.0000 (100.0000)LR: 4.736e-03
2024-11-20 04:51:45,147 -                train: [    INFO] - Train: 428 [ 200/520]  Loss: 0.2703 (0.234)  Acc@1: 95.8333 (94.6569)  Acc@5: 98.9583 (99.8134)LR: 4.736e-03
2024-11-20 04:52:29,337 -                train: [    INFO] - Train: 428 [ 400/520]  Loss: 0.2480 (0.233)  Acc@1: 94.7917 (94.5994)  Acc@5: 100.0000 (99.8623)LR: 4.736e-03
2024-11-20 04:52:55,609 -                train: [    INFO] - Train: 428 [ 520/520]  Loss: 0.2398 (0.235)  Acc@1: 96.2500 (94.5860)  Acc@5: 100.0000 (99.8520)LR: 4.736e-03
2024-11-20 04:52:55,878 -                train: [    INFO] - Valid: 428 [   0/104]  Loss: 0.2245 (0.225)  Acc@1: 92.7083 (92.7083)  Acc@5: 100.0000 (100.0000)
2024-11-20 04:53:01,565 -                train: [    INFO] - Valid: 428 [ 104/104]  Loss: 0.02564 (0.145)  Acc@1: 100.0000 (95.5700)  Acc@5: 100.0000 (99.9100)
2024-11-20 04:53:01,599 -                train: [    INFO] - valid_acc 95.570003 - best_valid_acc 95.890002
2024-11-20 04:53:02,066 -                train: [    INFO] - Train: 429 [   0/520]  Loss: 0.3296 (0.330)  Acc@1: 91.6667 (91.6667)  Acc@5: 98.9583 (98.9583)LR: 4.684e-03
2024-11-20 04:53:45,807 -                train: [    INFO] - Train: 429 [ 200/520]  Loss: 0.1729 (0.239)  Acc@1: 96.8750 (94.6828)  Acc@5: 100.0000 (99.8342)LR: 4.684e-03
2024-11-20 04:54:29,590 -                train: [    INFO] - Train: 429 [ 400/520]  Loss: 0.3250 (0.241)  Acc@1: 94.7917 (94.5579)  Acc@5: 100.0000 (99.8441)LR: 4.684e-03
2024-11-20 04:54:55,702 -                train: [    INFO] - Train: 429 [ 520/520]  Loss: 0.1607 (0.240)  Acc@1: 96.2500 (94.5460)  Acc@5: 100.0000 (99.8440)LR: 4.684e-03
2024-11-20 04:54:55,987 -                train: [    INFO] - Valid: 429 [   0/104]  Loss: 0.1024 (0.102)  Acc@1: 95.8333 (95.8333)  Acc@5: 100.0000 (100.0000)
2024-11-20 04:55:01,671 -                train: [    INFO] - Valid: 429 [ 104/104]  Loss: 0.1386 (0.145)  Acc@1: 93.7500 (95.6800)  Acc@5: 100.0000 (99.9400)
2024-11-20 04:55:01,701 -                train: [    INFO] - valid_acc 95.680003 - best_valid_acc 95.890002
2024-11-20 04:55:02,127 -                train: [    INFO] - Train: 430 [   0/520]  Loss: 0.2798 (0.280)  Acc@1: 91.6667 (91.6667)  Acc@5: 100.0000 (100.0000)LR: 4.633e-03
2024-11-20 04:55:46,400 -                train: [    INFO] - Train: 430 [ 200/520]  Loss: 0.2766 (0.234)  Acc@1: 94.7917 (94.4911)  Acc@5: 100.0000 (99.8964)LR: 4.633e-03
2024-11-20 04:56:30,247 -                train: [    INFO] - Train: 430 [ 400/520]  Loss: 0.1963 (0.234)  Acc@1: 95.8333 (94.5293)  Acc@5: 100.0000 (99.8857)LR: 4.633e-03
2024-11-20 04:56:56,441 -                train: [    INFO] - Train: 430 [ 520/520]  Loss: 0.3586 (0.233)  Acc@1: 91.2500 (94.5480)  Acc@5: 100.0000 (99.8840)LR: 4.633e-03
2024-11-20 04:56:56,723 -                train: [    INFO] - Valid: 430 [   0/104]  Loss: 0.1062 (0.106)  Acc@1: 94.7917 (94.7917)  Acc@5: 100.0000 (100.0000)
2024-11-20 04:57:02,398 -                train: [    INFO] - Valid: 430 [ 104/104]  Loss: 0.06804 (0.142)  Acc@1: 93.7500 (95.6200)  Acc@5: 100.0000 (99.9300)
2024-11-20 04:57:02,437 -                train: [    INFO] - valid_acc 95.620003 - best_valid_acc 95.890002
2024-11-20 04:57:02,845 -                train: [    INFO] - Train: 431 [   0/520]  Loss: 0.3868 (0.387)  Acc@1: 88.5417 (88.5417)  Acc@5: 100.0000 (100.0000)LR: 4.583e-03
2024-11-20 04:57:46,364 -                train: [    INFO] - Train: 431 [ 200/520]  Loss: 0.2915 (0.235)  Acc@1: 94.7917 (94.5533)  Acc@5: 100.0000 (99.8808)LR: 4.583e-03
2024-11-20 04:58:29,898 -                train: [    INFO] - Train: 431 [ 400/520]  Loss: 0.2963 (0.232)  Acc@1: 95.8333 (94.6670)  Acc@5: 100.0000 (99.8987)LR: 4.583e-03
2024-11-20 04:58:56,058 -                train: [    INFO] - Train: 431 [ 520/520]  Loss: 0.1754 (0.233)  Acc@1: 96.2500 (94.6380)  Acc@5: 100.0000 (99.8840)LR: 4.583e-03
2024-11-20 04:58:56,307 -                train: [    INFO] - Valid: 431 [   0/104]  Loss: 0.1388 (0.139)  Acc@1: 93.7500 (93.7500)  Acc@5: 100.0000 (100.0000)
2024-11-20 04:59:01,978 -                train: [    INFO] - Valid: 431 [ 104/104]  Loss: 0.01387 (0.131)  Acc@1: 100.0000 (95.9700)  Acc@5: 100.0000 (99.9200)
2024-11-20 04:59:02,442 -                train: [    INFO] - valid_acc 95.970002 - best_valid_acc 95.970002
2024-11-20 04:59:02,915 -                train: [    INFO] - Train: 432 [   0/520]  Loss: 0.2230 (0.223)  Acc@1: 93.7500 (93.7500)  Acc@5: 100.0000 (100.0000)LR: 4.532e-03
2024-11-20 04:59:47,184 -                train: [    INFO] - Train: 432 [ 200/520]  Loss: 0.3045 (0.229)  Acc@1: 90.6250 (94.5636)  Acc@5: 100.0000 (99.8342)LR: 4.532e-03
2024-11-20 05:00:30,936 -                train: [    INFO] - Train: 432 [ 400/520]  Loss: 0.1969 (0.225)  Acc@1: 94.7917 (94.7319)  Acc@5: 100.0000 (99.8493)LR: 4.532e-03
2024-11-20 05:00:57,403 -                train: [    INFO] - Train: 432 [ 520/520]  Loss: 0.1636 (0.227)  Acc@1: 92.5000 (94.6980)  Acc@5: 100.0000 (99.8580)LR: 4.532e-03
2024-11-20 05:00:57,663 -                train: [    INFO] - Valid: 432 [   0/104]  Loss: 0.1173 (0.117)  Acc@1: 96.8750 (96.8750)  Acc@5: 100.0000 (100.0000)
2024-11-20 05:01:03,349 -                train: [    INFO] - Valid: 432 [ 104/104]  Loss: 0.01281 (0.132)  Acc@1: 100.0000 (95.9500)  Acc@5: 100.0000 (99.9700)
2024-11-20 05:01:03,387 -                train: [    INFO] - valid_acc 95.950003 - best_valid_acc 95.970002
2024-11-20 05:01:03,816 -                train: [    INFO] - Train: 433 [   0/520]  Loss: 0.1579 (0.158)  Acc@1: 97.9167 (97.9167)  Acc@5: 100.0000 (100.0000)LR: 4.482e-03
2024-11-20 05:01:47,477 -                train: [    INFO] - Train: 433 [ 200/520]  Loss: 0.1527 (0.218)  Acc@1: 96.8750 (94.9679)  Acc@5: 100.0000 (99.8497)LR: 4.482e-03
2024-11-20 05:02:31,100 -                train: [    INFO] - Train: 433 [ 400/520]  Loss: 0.2343 (0.225)  Acc@1: 93.7500 (94.7813)  Acc@5: 100.0000 (99.8467)LR: 4.482e-03
2024-11-20 05:02:57,215 -                train: [    INFO] - Train: 433 [ 520/520]  Loss: 0.2890 (0.228)  Acc@1: 92.5000 (94.6420)  Acc@5: 100.0000 (99.8540)LR: 4.482e-03
2024-11-20 05:02:57,553 -                train: [    INFO] - Valid: 433 [   0/104]  Loss: 0.1001 (0.100)  Acc@1: 95.8333 (95.8333)  Acc@5: 100.0000 (100.0000)
2024-11-20 05:03:03,236 -                train: [    INFO] - Valid: 433 [ 104/104]  Loss: 0.004886 (0.136)  Acc@1: 100.0000 (95.9100)  Acc@5: 100.0000 (99.9300)
2024-11-20 05:03:03,264 -                train: [    INFO] - valid_acc 95.910002 - best_valid_acc 95.970002
2024-11-20 05:03:03,688 -                train: [    INFO] - Train: 434 [   0/520]  Loss: 0.2211 (0.221)  Acc@1: 93.7500 (93.7500)  Acc@5: 100.0000 (100.0000)LR: 4.432e-03
2024-11-20 05:03:47,126 -                train: [    INFO] - Train: 434 [ 200/520]  Loss: 0.1878 (0.224)  Acc@1: 94.7917 (94.8176)  Acc@5: 100.0000 (99.9223)LR: 4.432e-03
2024-11-20 05:04:30,628 -                train: [    INFO] - Train: 434 [ 400/520]  Loss: 0.2666 (0.225)  Acc@1: 95.8333 (94.7735)  Acc@5: 100.0000 (99.8909)LR: 4.432e-03
2024-11-20 05:04:56,716 -                train: [    INFO] - Train: 434 [ 520/520]  Loss: 0.1340 (0.227)  Acc@1: 96.2500 (94.7140)  Acc@5: 100.0000 (99.8920)LR: 4.432e-03
2024-11-20 05:04:56,983 -                train: [    INFO] - Valid: 434 [   0/104]  Loss: 0.08437 (0.0844)  Acc@1: 97.9167 (97.9167)  Acc@5: 100.0000 (100.0000)
2024-11-20 05:05:02,673 -                train: [    INFO] - Valid: 434 [ 104/104]  Loss: 0.08131 (0.131)  Acc@1: 93.7500 (95.9600)  Acc@5: 100.0000 (99.9600)
2024-11-20 05:05:02,704 -                train: [    INFO] - valid_acc 95.960003 - best_valid_acc 95.970002
2024-11-20 05:05:03,144 -                train: [    INFO] - Train: 435 [   0/520]  Loss: 0.2408 (0.241)  Acc@1: 95.8333 (95.8333)  Acc@5: 100.0000 (100.0000)LR: 4.382e-03
2024-11-20 05:05:46,974 -                train: [    INFO] - Train: 435 [ 200/520]  Loss: 0.1397 (0.221)  Acc@1: 96.8750 (94.8590)  Acc@5: 100.0000 (99.8704)LR: 4.382e-03
2024-11-20 05:06:30,769 -                train: [    INFO] - Train: 435 [ 400/520]  Loss: 0.2880 (0.220)  Acc@1: 91.6667 (94.8696)  Acc@5: 100.0000 (99.8831)LR: 4.382e-03
2024-11-20 05:06:56,888 -                train: [    INFO] - Train: 435 [ 520/520]  Loss: 0.07258 (0.224)  Acc@1: 98.7500 (94.7220)  Acc@5: 100.0000 (99.8800)LR: 4.382e-03
2024-11-20 05:06:57,211 -                train: [    INFO] - Valid: 435 [   0/104]  Loss: 0.1189 (0.119)  Acc@1: 96.8750 (96.8750)  Acc@5: 100.0000 (100.0000)
2024-11-20 05:07:02,883 -                train: [    INFO] - Valid: 435 [ 104/104]  Loss: 0.2525 (0.132)  Acc@1: 93.7500 (96.0000)  Acc@5: 100.0000 (99.9400)
2024-11-20 05:07:03,396 -                train: [    INFO] - valid_acc 96.000003 - best_valid_acc 96.000003
2024-11-20 05:07:03,939 -                train: [    INFO] - Train: 436 [   0/520]  Loss: 0.2280 (0.228)  Acc@1: 92.7083 (92.7083)  Acc@5: 100.0000 (100.0000)LR: 4.332e-03
2024-11-20 05:07:47,666 -                train: [    INFO] - Train: 436 [ 200/520]  Loss: 0.1226 (0.218)  Acc@1: 97.9167 (95.0871)  Acc@5: 100.0000 (99.8756)LR: 4.332e-03
2024-11-20 05:08:31,457 -                train: [    INFO] - Train: 436 [ 400/520]  Loss: 0.2700 (0.221)  Acc@1: 95.8333 (94.8852)  Acc@5: 100.0000 (99.8623)LR: 4.332e-03
2024-11-20 05:08:57,564 -                train: [    INFO] - Train: 436 [ 520/520]  Loss: 0.3233 (0.220)  Acc@1: 90.0000 (94.9100)  Acc@5: 98.7500 (99.8640)LR: 4.332e-03
2024-11-20 05:08:57,854 -                train: [    INFO] - Valid: 436 [   0/104]  Loss: 0.1192 (0.119)  Acc@1: 96.8750 (96.8750)  Acc@5: 100.0000 (100.0000)
2024-11-20 05:09:03,524 -                train: [    INFO] - Valid: 436 [ 104/104]  Loss: 0.06737 (0.131)  Acc@1: 93.7500 (95.9300)  Acc@5: 100.0000 (99.9300)
2024-11-20 05:09:03,550 -                train: [    INFO] - valid_acc 95.930002 - best_valid_acc 96.000003
2024-11-20 05:09:03,954 -                train: [    INFO] - Train: 437 [   0/520]  Loss: 0.2379 (0.238)  Acc@1: 95.8333 (95.8333)  Acc@5: 100.0000 (100.0000)LR: 4.283e-03
2024-11-20 05:09:47,633 -                train: [    INFO] - Train: 437 [ 200/520]  Loss: 0.2782 (0.214)  Acc@1: 94.7917 (94.9057)  Acc@5: 100.0000 (99.9482)LR: 4.283e-03
2024-11-20 05:10:31,156 -                train: [    INFO] - Train: 437 [ 400/520]  Loss: 0.1627 (0.224)  Acc@1: 96.8750 (94.7189)  Acc@5: 100.0000 (99.9065)LR: 4.283e-03
2024-11-20 05:10:57,253 -                train: [    INFO] - Train: 437 [ 520/520]  Loss: 0.2520 (0.225)  Acc@1: 95.0000 (94.7180)  Acc@5: 100.0000 (99.9000)LR: 4.283e-03
2024-11-20 05:10:57,500 -                train: [    INFO] - Valid: 437 [   0/104]  Loss: 0.09776 (0.0978)  Acc@1: 97.9167 (97.9167)  Acc@5: 100.0000 (100.0000)
2024-11-20 05:11:03,209 -                train: [    INFO] - Valid: 437 [ 104/104]  Loss: 0.002121 (0.131)  Acc@1: 100.0000 (96.2000)  Acc@5: 100.0000 (99.9200)
2024-11-20 05:11:03,663 -                train: [    INFO] - valid_acc 96.200002 - best_valid_acc 96.200002
2024-11-20 05:11:04,155 -                train: [    INFO] - Train: 438 [   0/520]  Loss: 0.2433 (0.243)  Acc@1: 93.7500 (93.7500)  Acc@5: 100.0000 (100.0000)LR: 4.234e-03
2024-11-20 05:11:47,908 -                train: [    INFO] - Train: 438 [ 200/520]  Loss: 0.2406 (0.226)  Acc@1: 93.7500 (94.7606)  Acc@5: 100.0000 (99.8808)LR: 4.234e-03
2024-11-20 05:12:31,474 -                train: [    INFO] - Train: 438 [ 400/520]  Loss: 0.3212 (0.222)  Acc@1: 90.6250 (94.7943)  Acc@5: 100.0000 (99.8831)LR: 4.234e-03
2024-11-20 05:12:57,479 -                train: [    INFO] - Train: 438 [ 520/520]  Loss: 0.1876 (0.220)  Acc@1: 95.0000 (94.8560)  Acc@5: 100.0000 (99.8780)LR: 4.234e-03
2024-11-20 05:12:57,736 -                train: [    INFO] - Valid: 438 [   0/104]  Loss: 0.09127 (0.0913)  Acc@1: 96.8750 (96.8750)  Acc@5: 100.0000 (100.0000)
2024-11-20 05:13:03,406 -                train: [    INFO] - Valid: 438 [ 104/104]  Loss: 0.07563 (0.136)  Acc@1: 93.7500 (95.9600)  Acc@5: 100.0000 (99.9100)
2024-11-20 05:13:03,459 -                train: [    INFO] - valid_acc 95.960002 - best_valid_acc 96.200002
2024-11-20 05:13:03,933 -                train: [    INFO] - Train: 439 [   0/520]  Loss: 0.2515 (0.252)  Acc@1: 94.7917 (94.7917)  Acc@5: 100.0000 (100.0000)LR: 4.185e-03
2024-11-20 05:13:48,101 -                train: [    INFO] - Train: 439 [ 200/520]  Loss: 0.1908 (0.224)  Acc@1: 94.7917 (94.9264)  Acc@5: 100.0000 (99.8912)LR: 4.185e-03
2024-11-20 05:14:31,835 -                train: [    INFO] - Train: 439 [ 400/520]  Loss: 0.3247 (0.223)  Acc@1: 92.7083 (94.8514)  Acc@5: 98.9583 (99.8753)LR: 4.185e-03
2024-11-20 05:14:58,053 -                train: [    INFO] - Train: 439 [ 520/520]  Loss: 0.2414 (0.222)  Acc@1: 92.5000 (94.8680)  Acc@5: 100.0000 (99.8760)LR: 4.185e-03
2024-11-20 05:14:59,126 -                train: [    INFO] - Valid: 439 [   0/104]  Loss: 0.07308 (0.0731)  Acc@1: 97.9167 (97.9167)  Acc@5: 100.0000 (100.0000)
2024-11-20 05:15:04,801 -                train: [    INFO] - Valid: 439 [ 104/104]  Loss: 0.02462 (0.137)  Acc@1: 100.0000 (95.9500)  Acc@5: 100.0000 (99.8900)
2024-11-20 05:15:04,826 -                train: [    INFO] - valid_acc 95.950002 - best_valid_acc 96.200002
2024-11-20 05:15:05,250 -                train: [    INFO] - Train: 440 [   0/520]  Loss: 0.1709 (0.171)  Acc@1: 96.8750 (96.8750)  Acc@5: 100.0000 (100.0000)LR: 4.136e-03
2024-11-20 05:15:48,847 -                train: [    INFO] - Train: 440 [ 200/520]  Loss: 0.1712 (0.217)  Acc@1: 96.8750 (95.0301)  Acc@5: 100.0000 (99.8342)LR: 4.136e-03
2024-11-20 05:16:32,578 -                train: [    INFO] - Train: 440 [ 400/520]  Loss: 0.1741 (0.219)  Acc@1: 96.8750 (94.9423)  Acc@5: 100.0000 (99.8467)LR: 4.136e-03
2024-11-20 05:16:58,554 -                train: [    INFO] - Train: 440 [ 520/520]  Loss: 0.1924 (0.222)  Acc@1: 93.7500 (94.8780)  Acc@5: 100.0000 (99.8480)LR: 4.136e-03
2024-11-20 05:16:58,811 -                train: [    INFO] - Valid: 440 [   0/104]  Loss: 0.1037 (0.104)  Acc@1: 95.8333 (95.8333)  Acc@5: 100.0000 (100.0000)
2024-11-20 05:17:04,479 -                train: [    INFO] - Valid: 440 [ 104/104]  Loss: 0.01440 (0.123)  Acc@1: 100.0000 (96.2600)  Acc@5: 100.0000 (99.9200)
2024-11-20 05:17:05,048 -                train: [    INFO] - valid_acc 96.260002 - best_valid_acc 96.260002
2024-11-20 05:17:05,458 -                train: [    INFO] - Train: 441 [   0/520]  Loss: 0.1823 (0.182)  Acc@1: 93.7500 (93.7500)  Acc@5: 100.0000 (100.0000)LR: 4.087e-03
2024-11-20 05:17:49,091 -                train: [    INFO] - Train: 441 [ 200/520]  Loss: 0.1709 (0.222)  Acc@1: 95.8333 (94.9212)  Acc@5: 100.0000 (99.9067)LR: 4.087e-03
2024-11-20 05:18:32,694 -                train: [    INFO] - Train: 441 [ 400/520]  Loss: 0.1977 (0.218)  Acc@1: 96.8750 (94.9683)  Acc@5: 100.0000 (99.9091)LR: 4.087e-03
2024-11-20 05:18:58,867 -                train: [    INFO] - Train: 441 [ 520/520]  Loss: 0.2832 (0.218)  Acc@1: 91.2500 (94.9700)  Acc@5: 100.0000 (99.8840)LR: 4.087e-03
2024-11-20 05:18:59,111 -                train: [    INFO] - Valid: 441 [   0/104]  Loss: 0.09444 (0.0944)  Acc@1: 96.8750 (96.8750)  Acc@5: 100.0000 (100.0000)
2024-11-20 05:19:04,789 -                train: [    INFO] - Valid: 441 [ 104/104]  Loss: 0.004533 (0.127)  Acc@1: 100.0000 (96.2400)  Acc@5: 100.0000 (99.9300)
2024-11-20 05:19:04,816 -                train: [    INFO] - valid_acc 96.240002 - best_valid_acc 96.260002
2024-11-20 05:19:05,231 -                train: [    INFO] - Train: 442 [   0/520]  Loss: 0.2641 (0.264)  Acc@1: 92.7083 (92.7083)  Acc@5: 100.0000 (100.0000)LR: 4.039e-03
2024-11-20 05:19:48,759 -                train: [    INFO] - Train: 442 [ 200/520]  Loss: 0.2934 (0.204)  Acc@1: 93.7500 (95.2166)  Acc@5: 100.0000 (99.9119)LR: 4.039e-03
2024-11-20 05:20:32,361 -                train: [    INFO] - Train: 442 [ 400/520]  Loss: 0.1525 (0.210)  Acc@1: 97.9167 (95.1268)  Acc@5: 100.0000 (99.8987)LR: 4.039e-03
2024-11-20 05:20:58,478 -                train: [    INFO] - Train: 442 [ 520/520]  Loss: 0.1557 (0.211)  Acc@1: 96.2500 (95.0900)  Acc@5: 100.0000 (99.8900)LR: 4.039e-03
2024-11-20 05:20:58,719 -                train: [    INFO] - Valid: 442 [   0/104]  Loss: 0.1039 (0.104)  Acc@1: 95.8333 (95.8333)  Acc@5: 100.0000 (100.0000)
2024-11-20 05:21:04,406 -                train: [    INFO] - Valid: 442 [ 104/104]  Loss: 0.06157 (0.128)  Acc@1: 93.7500 (96.3200)  Acc@5: 100.0000 (99.9300)
2024-11-20 05:21:05,209 -                train: [    INFO] - valid_acc 96.320003 - best_valid_acc 96.320003
2024-11-20 05:21:05,639 -                train: [    INFO] - Train: 443 [   0/520]  Loss: 0.1875 (0.187)  Acc@1: 94.7917 (94.7917)  Acc@5: 100.0000 (100.0000)LR: 3.991e-03
2024-11-20 05:21:49,313 -                train: [    INFO] - Train: 443 [ 200/520]  Loss: 0.2017 (0.214)  Acc@1: 95.8333 (94.9005)  Acc@5: 100.0000 (99.8756)LR: 3.991e-03
2024-11-20 05:22:33,060 -                train: [    INFO] - Train: 443 [ 400/520]  Loss: 0.1869 (0.216)  Acc@1: 94.7917 (94.8696)  Acc@5: 100.0000 (99.8909)LR: 3.991e-03
2024-11-20 05:22:59,081 -                train: [    INFO] - Train: 443 [ 520/520]  Loss: 0.3266 (0.216)  Acc@1: 93.7500 (94.8320)  Acc@5: 98.7500 (99.9080)LR: 3.991e-03
2024-11-20 05:22:59,325 -                train: [    INFO] - Valid: 443 [   0/104]  Loss: 0.1460 (0.146)  Acc@1: 95.8333 (95.8333)  Acc@5: 100.0000 (100.0000)
2024-11-20 05:23:05,023 -                train: [    INFO] - Valid: 443 [ 104/104]  Loss: 0.01218 (0.134)  Acc@1: 100.0000 (96.0300)  Acc@5: 100.0000 (99.9200)
2024-11-20 05:23:05,070 -                train: [    INFO] - valid_acc 96.030003 - best_valid_acc 96.320003
2024-11-20 05:23:05,528 -                train: [    INFO] - Train: 444 [   0/520]  Loss: 0.2104 (0.210)  Acc@1: 93.7500 (93.7500)  Acc@5: 100.0000 (100.0000)LR: 3.943e-03
2024-11-20 05:23:49,114 -                train: [    INFO] - Train: 444 [ 200/520]  Loss: 0.2934 (0.211)  Acc@1: 92.7083 (94.9834)  Acc@5: 98.9583 (99.8912)LR: 3.943e-03
2024-11-20 05:24:32,538 -                train: [    INFO] - Train: 444 [ 400/520]  Loss: 0.1274 (0.214)  Acc@1: 97.9167 (94.9449)  Acc@5: 100.0000 (99.8987)LR: 3.943e-03
2024-11-20 05:24:58,593 -                train: [    INFO] - Train: 444 [ 520/520]  Loss: 0.2842 (0.213)  Acc@1: 93.7500 (94.9940)  Acc@5: 100.0000 (99.8980)LR: 3.943e-03
2024-11-20 05:24:58,841 -                train: [    INFO] - Valid: 444 [   0/104]  Loss: 0.07430 (0.0743)  Acc@1: 96.8750 (96.8750)  Acc@5: 100.0000 (100.0000)
2024-11-20 05:25:04,540 -                train: [    INFO] - Valid: 444 [ 104/104]  Loss: 0.03711 (0.121)  Acc@1: 100.0000 (96.4300)  Acc@5: 100.0000 (99.9400)
2024-11-20 05:25:04,985 -                train: [    INFO] - valid_acc 96.430003 - best_valid_acc 96.430003
2024-11-20 05:25:05,471 -                train: [    INFO] - Train: 445 [   0/520]  Loss: 0.1739 (0.174)  Acc@1: 97.9167 (97.9167)  Acc@5: 100.0000 (100.0000)LR: 3.896e-03
2024-11-20 05:25:49,071 -                train: [    INFO] - Train: 445 [ 200/520]  Loss: 0.3044 (0.208)  Acc@1: 91.6667 (95.0922)  Acc@5: 98.9583 (99.9015)LR: 3.896e-03
2024-11-20 05:26:32,692 -                train: [    INFO] - Train: 445 [ 400/520]  Loss: 0.1811 (0.212)  Acc@1: 93.7500 (95.0800)  Acc@5: 100.0000 (99.8883)LR: 3.896e-03
2024-11-20 05:26:58,844 -                train: [    INFO] - Train: 445 [ 520/520]  Loss: 0.3751 (0.212)  Acc@1: 90.0000 (95.0220)  Acc@5: 100.0000 (99.8940)LR: 3.896e-03
2024-11-20 05:26:59,090 -                train: [    INFO] - Valid: 445 [   0/104]  Loss: 0.09883 (0.0988)  Acc@1: 95.8333 (95.8333)  Acc@5: 100.0000 (100.0000)
2024-11-20 05:27:04,776 -                train: [    INFO] - Valid: 445 [ 104/104]  Loss: 0.002910 (0.133)  Acc@1: 100.0000 (95.7800)  Acc@5: 100.0000 (99.9100)
2024-11-20 05:27:04,803 -                train: [    INFO] - valid_acc 95.780003 - best_valid_acc 96.430003
2024-11-20 05:27:05,233 -                train: [    INFO] - Train: 446 [   0/520]  Loss: 0.1415 (0.141)  Acc@1: 95.8333 (95.8333)  Acc@5: 100.0000 (100.0000)LR: 3.848e-03
2024-11-20 05:27:49,241 -                train: [    INFO] - Train: 446 [ 200/520]  Loss: 0.2388 (0.204)  Acc@1: 95.8333 (95.2633)  Acc@5: 100.0000 (99.9119)LR: 3.848e-03
2024-11-20 05:28:33,140 -                train: [    INFO] - Train: 446 [ 400/520]  Loss: 0.1458 (0.203)  Acc@1: 97.9167 (95.2177)  Acc@5: 100.0000 (99.9169)LR: 3.848e-03
2024-11-20 05:28:59,221 -                train: [    INFO] - Train: 446 [ 520/520]  Loss: 0.1970 (0.204)  Acc@1: 95.0000 (95.2300)  Acc@5: 100.0000 (99.9120)LR: 3.848e-03
2024-11-20 05:28:59,564 -                train: [    INFO] - Valid: 446 [   0/104]  Loss: 0.06516 (0.0652)  Acc@1: 96.8750 (96.8750)  Acc@5: 100.0000 (100.0000)
2024-11-20 05:29:05,249 -                train: [    INFO] - Valid: 446 [ 104/104]  Loss: 0.1438 (0.126)  Acc@1: 93.7500 (96.1100)  Acc@5: 100.0000 (99.9400)
2024-11-20 05:29:05,286 -                train: [    INFO] - valid_acc 96.110002 - best_valid_acc 96.430003
2024-11-20 05:29:05,726 -                train: [    INFO] - Train: 447 [   0/520]  Loss: 0.2272 (0.227)  Acc@1: 95.8333 (95.8333)  Acc@5: 100.0000 (100.0000)LR: 3.801e-03
2024-11-20 05:29:49,605 -                train: [    INFO] - Train: 447 [ 200/520]  Loss: 0.5497 (0.204)  Acc@1: 88.5417 (95.2529)  Acc@5: 100.0000 (99.8860)LR: 3.801e-03
2024-11-20 05:30:33,331 -                train: [    INFO] - Train: 447 [ 400/520]  Loss: 0.3114 (0.211)  Acc@1: 92.7083 (95.0644)  Acc@5: 100.0000 (99.8909)LR: 3.801e-03
2024-11-20 05:30:59,663 -                train: [    INFO] - Train: 447 [ 520/520]  Loss: 0.2074 (0.212)  Acc@1: 97.5000 (95.0640)  Acc@5: 100.0000 (99.8840)LR: 3.801e-03
2024-11-20 05:30:59,934 -                train: [    INFO] - Valid: 447 [   0/104]  Loss: 0.1626 (0.163)  Acc@1: 92.7083 (92.7083)  Acc@5: 100.0000 (100.0000)
2024-11-20 05:31:05,620 -                train: [    INFO] - Valid: 447 [ 104/104]  Loss: 0.03277 (0.118)  Acc@1: 100.0000 (96.5200)  Acc@5: 100.0000 (99.9400)
2024-11-20 05:31:06,129 -                train: [    INFO] - valid_acc 96.520003 - best_valid_acc 96.520003
2024-11-20 05:31:06,655 -                train: [    INFO] - Train: 448 [   0/520]  Loss: 0.1456 (0.146)  Acc@1: 96.8750 (96.8750)  Acc@5: 98.9583 (98.9583)LR: 3.754e-03
2024-11-20 05:31:50,900 -                train: [    INFO] - Train: 448 [ 200/520]  Loss: 0.1920 (0.205)  Acc@1: 95.8333 (95.2892)  Acc@5: 100.0000 (99.9015)LR: 3.754e-03
2024-11-20 05:32:34,780 -                train: [    INFO] - Train: 448 [ 400/520]  Loss: 0.1766 (0.209)  Acc@1: 97.9167 (95.1501)  Acc@5: 100.0000 (99.8857)LR: 3.754e-03
2024-11-20 05:33:01,120 -                train: [    INFO] - Train: 448 [ 520/520]  Loss: 0.1039 (0.209)  Acc@1: 97.5000 (95.1540)  Acc@5: 100.0000 (99.8840)LR: 3.754e-03
2024-11-20 05:33:01,382 -                train: [    INFO] - Valid: 448 [   0/104]  Loss: 0.1246 (0.125)  Acc@1: 95.8333 (95.8333)  Acc@5: 100.0000 (100.0000)
2024-11-20 05:33:07,061 -                train: [    INFO] - Valid: 448 [ 104/104]  Loss: 0.001166 (0.123)  Acc@1: 100.0000 (96.4500)  Acc@5: 100.0000 (99.9100)
2024-11-20 05:33:07,094 -                train: [    INFO] - valid_acc 96.450003 - best_valid_acc 96.520003
2024-11-20 05:33:07,554 -                train: [    INFO] - Train: 449 [   0/520]  Loss: 0.1535 (0.153)  Acc@1: 93.7500 (93.7500)  Acc@5: 100.0000 (100.0000)LR: 3.708e-03
2024-11-20 05:33:51,227 -                train: [    INFO] - Train: 449 [ 200/520]  Loss: 0.06291 (0.197)  Acc@1: 97.9167 (95.3410)  Acc@5: 100.0000 (99.9171)LR: 3.708e-03
2024-11-20 05:34:34,905 -                train: [    INFO] - Train: 449 [ 400/520]  Loss: 0.1310 (0.204)  Acc@1: 95.8333 (95.2307)  Acc@5: 100.0000 (99.9091)LR: 3.708e-03
2024-11-20 05:35:01,028 -                train: [    INFO] - Train: 449 [ 520/520]  Loss: 0.1616 (0.206)  Acc@1: 97.5000 (95.1880)  Acc@5: 100.0000 (99.9100)LR: 3.708e-03
2024-11-20 05:35:01,310 -                train: [    INFO] - Valid: 449 [   0/104]  Loss: 0.2015 (0.202)  Acc@1: 95.8333 (95.8333)  Acc@5: 100.0000 (100.0000)
2024-11-20 05:35:06,980 -                train: [    INFO] - Valid: 449 [ 104/104]  Loss: 0.007678 (0.122)  Acc@1: 100.0000 (96.4600)  Acc@5: 100.0000 (99.9100)
2024-11-20 05:35:07,032 -                train: [    INFO] - valid_acc 96.460003 - best_valid_acc 96.520003
2024-11-20 05:35:07,469 -                train: [    INFO] - Train: 450 [   0/520]  Loss: 0.2916 (0.292)  Acc@1: 94.7917 (94.7917)  Acc@5: 98.9583 (98.9583)LR: 3.661e-03
2024-11-20 05:35:51,188 -                train: [    INFO] - Train: 450 [ 200/520]  Loss: 0.1492 (0.199)  Acc@1: 96.8750 (95.2944)  Acc@5: 100.0000 (99.9067)LR: 3.661e-03
2024-11-20 05:36:34,594 -                train: [    INFO] - Train: 450 [ 400/520]  Loss: 0.1657 (0.200)  Acc@1: 96.8750 (95.2826)  Acc@5: 100.0000 (99.8727)LR: 3.661e-03
2024-11-20 05:37:00,777 -                train: [    INFO] - Train: 450 [ 520/520]  Loss: 0.09632 (0.204)  Acc@1: 97.5000 (95.2740)  Acc@5: 100.0000 (99.8800)LR: 3.661e-03
2024-11-20 05:37:01,078 -                train: [    INFO] - Valid: 450 [   0/104]  Loss: 0.1469 (0.147)  Acc@1: 94.7917 (94.7917)  Acc@5: 100.0000 (100.0000)
2024-11-20 05:37:06,790 -                train: [    INFO] - Valid: 450 [ 104/104]  Loss: 0.1696 (0.138)  Acc@1: 93.7500 (95.8700)  Acc@5: 100.0000 (99.9200)
2024-11-20 05:37:06,824 -                train: [    INFO] - valid_acc 95.870003 - best_valid_acc 96.520003
2024-11-20 05:37:07,238 -                train: [    INFO] - Train: 451 [   0/520]  Loss: 0.08981 (0.0898)  Acc@1: 97.9167 (97.9167)  Acc@5: 100.0000 (100.0000)LR: 3.615e-03
2024-11-20 05:37:50,854 -                train: [    INFO] - Train: 451 [ 200/520]  Loss: 0.2563 (0.205)  Acc@1: 93.7500 (95.3255)  Acc@5: 100.0000 (99.8808)LR: 3.615e-03
2024-11-20 05:38:34,472 -                train: [    INFO] - Train: 451 [ 400/520]  Loss: 0.2920 (0.205)  Acc@1: 94.7917 (95.2489)  Acc@5: 100.0000 (99.8831)LR: 3.615e-03
2024-11-20 05:39:00,763 -                train: [    INFO] - Train: 451 [ 520/520]  Loss: 0.2757 (0.206)  Acc@1: 96.2500 (95.2140)  Acc@5: 100.0000 (99.8860)LR: 3.615e-03
2024-11-20 05:39:01,018 -                train: [    INFO] - Valid: 451 [   0/104]  Loss: 0.1181 (0.118)  Acc@1: 96.8750 (96.8750)  Acc@5: 100.0000 (100.0000)
2024-11-20 05:39:06,706 -                train: [    INFO] - Valid: 451 [ 104/104]  Loss: 0.001805 (0.125)  Acc@1: 100.0000 (96.2800)  Acc@5: 100.0000 (99.9400)
2024-11-20 05:39:06,740 -                train: [    INFO] - valid_acc 96.280002 - best_valid_acc 96.520003
2024-11-20 05:39:07,197 -                train: [    INFO] - Train: 452 [   0/520]  Loss: 0.06914 (0.0691)  Acc@1: 100.0000 (100.0000)  Acc@5: 100.0000 (100.0000)LR: 3.569e-03
2024-11-20 05:39:51,560 -                train: [    INFO] - Train: 452 [ 200/520]  Loss: 0.1349 (0.197)  Acc@1: 98.9583 (95.5172)  Acc@5: 100.0000 (99.9119)LR: 3.569e-03
2024-11-20 05:40:35,758 -                train: [    INFO] - Train: 452 [ 400/520]  Loss: 0.2446 (0.200)  Acc@1: 93.7500 (95.3839)  Acc@5: 100.0000 (99.9143)LR: 3.569e-03
2024-11-20 05:41:01,790 -                train: [    INFO] - Train: 452 [ 520/520]  Loss: 0.2625 (0.202)  Acc@1: 95.0000 (95.3080)  Acc@5: 100.0000 (99.9200)LR: 3.569e-03
2024-11-20 05:41:02,113 -                train: [    INFO] - Valid: 452 [   0/104]  Loss: 0.07386 (0.0739)  Acc@1: 96.8750 (96.8750)  Acc@5: 100.0000 (100.0000)
2024-11-20 05:41:07,811 -                train: [    INFO] - Valid: 452 [ 104/104]  Loss: 0.005636 (0.126)  Acc@1: 100.0000 (96.3600)  Acc@5: 100.0000 (99.9300)
2024-11-20 05:41:07,837 -                train: [    INFO] - valid_acc 96.360003 - best_valid_acc 96.520003
2024-11-20 05:41:08,314 -                train: [    INFO] - Train: 453 [   0/520]  Loss: 0.2830 (0.283)  Acc@1: 91.6667 (91.6667)  Acc@5: 100.0000 (100.0000)LR: 3.523e-03
2024-11-20 05:41:51,829 -                train: [    INFO] - Train: 453 [ 200/520]  Loss: 0.07958 (0.190)  Acc@1: 98.9583 (95.5276)  Acc@5: 100.0000 (99.9430)LR: 3.523e-03
2024-11-20 05:42:35,492 -                train: [    INFO] - Train: 453 [ 400/520]  Loss: 0.1620 (0.196)  Acc@1: 94.7917 (95.3710)  Acc@5: 100.0000 (99.9091)LR: 3.523e-03
2024-11-20 05:43:01,563 -                train: [    INFO] - Train: 453 [ 520/520]  Loss: 0.1677 (0.198)  Acc@1: 96.2500 (95.3380)  Acc@5: 100.0000 (99.9020)LR: 3.523e-03
2024-11-20 05:43:01,875 -                train: [    INFO] - Valid: 453 [   0/104]  Loss: 0.1086 (0.109)  Acc@1: 95.8333 (95.8333)  Acc@5: 100.0000 (100.0000)
2024-11-20 05:43:07,544 -                train: [    INFO] - Valid: 453 [ 104/104]  Loss: 0.09695 (0.124)  Acc@1: 93.7500 (96.2200)  Acc@5: 100.0000 (99.9100)
2024-11-20 05:43:07,596 -                train: [    INFO] - valid_acc 96.220003 - best_valid_acc 96.520003
2024-11-20 05:43:08,012 -                train: [    INFO] - Train: 454 [   0/520]  Loss: 0.2363 (0.236)  Acc@1: 94.7917 (94.7917)  Acc@5: 100.0000 (100.0000)LR: 3.478e-03
2024-11-20 05:43:51,510 -                train: [    INFO] - Train: 454 [ 200/520]  Loss: 0.09340 (0.193)  Acc@1: 96.8750 (95.4447)  Acc@5: 100.0000 (99.9378)LR: 3.478e-03
2024-11-20 05:44:35,155 -                train: [    INFO] - Train: 454 [ 400/520]  Loss: 0.09943 (0.200)  Acc@1: 97.9167 (95.2956)  Acc@5: 100.0000 (99.8961)LR: 3.478e-03
2024-11-20 05:45:01,315 -                train: [    INFO] - Train: 454 [ 520/520]  Loss: 0.1780 (0.203)  Acc@1: 97.5000 (95.2680)  Acc@5: 100.0000 (99.8900)LR: 3.478e-03
2024-11-20 05:45:01,595 -                train: [    INFO] - Valid: 454 [   0/104]  Loss: 0.1271 (0.127)  Acc@1: 93.7500 (93.7500)  Acc@5: 100.0000 (100.0000)
2024-11-20 05:45:07,324 -                train: [    INFO] - Valid: 454 [ 104/104]  Loss: 0.3255 (0.137)  Acc@1: 93.7500 (96.0600)  Acc@5: 100.0000 (99.9400)
2024-11-20 05:45:07,366 -                train: [    INFO] - valid_acc 96.060002 - best_valid_acc 96.520003
2024-11-20 05:45:07,772 -                train: [    INFO] - Train: 455 [   0/520]  Loss: 0.1571 (0.157)  Acc@1: 95.8333 (95.8333)  Acc@5: 100.0000 (100.0000)LR: 3.433e-03
2024-11-20 05:45:52,029 -                train: [    INFO] - Train: 455 [ 200/520]  Loss: 0.2700 (0.202)  Acc@1: 92.7083 (95.2788)  Acc@5: 100.0000 (99.9015)LR: 3.433e-03
2024-11-20 05:46:36,547 -                train: [    INFO] - Train: 455 [ 400/520]  Loss: 0.2138 (0.200)  Acc@1: 96.8750 (95.3735)  Acc@5: 100.0000 (99.9091)LR: 3.433e-03
2024-11-20 05:47:02,793 -                train: [    INFO] - Train: 455 [ 520/520]  Loss: 0.2449 (0.203)  Acc@1: 95.0000 (95.3220)  Acc@5: 98.7500 (99.8920)LR: 3.433e-03
2024-11-20 05:47:03,251 -                train: [    INFO] - Valid: 455 [   0/104]  Loss: 0.1728 (0.173)  Acc@1: 94.7917 (94.7917)  Acc@5: 100.0000 (100.0000)
2024-11-20 05:47:08,935 -                train: [    INFO] - Valid: 455 [ 104/104]  Loss: 0.04626 (0.140)  Acc@1: 100.0000 (95.8300)  Acc@5: 100.0000 (99.8900)
2024-11-20 05:47:08,982 -                train: [    INFO] - valid_acc 95.830002 - best_valid_acc 96.520003
2024-11-20 05:47:09,416 -                train: [    INFO] - Train: 456 [   0/520]  Loss: 0.1591 (0.159)  Acc@1: 95.8333 (95.8333)  Acc@5: 100.0000 (100.0000)LR: 3.388e-03
2024-11-20 05:47:53,025 -                train: [    INFO] - Train: 456 [ 200/520]  Loss: 0.1507 (0.194)  Acc@1: 95.8333 (95.5483)  Acc@5: 100.0000 (99.8860)LR: 3.388e-03
2024-11-20 05:48:36,414 -                train: [    INFO] - Train: 456 [ 400/520]  Loss: 0.2547 (0.195)  Acc@1: 95.8333 (95.5788)  Acc@5: 100.0000 (99.8987)LR: 3.388e-03
2024-11-20 05:49:02,636 -                train: [    INFO] - Train: 456 [ 520/520]  Loss: 0.2694 (0.197)  Acc@1: 93.7500 (95.5060)  Acc@5: 100.0000 (99.8860)LR: 3.388e-03
2024-11-20 05:49:02,909 -                train: [    INFO] - Valid: 456 [   0/104]  Loss: 0.09318 (0.0932)  Acc@1: 96.8750 (96.8750)  Acc@5: 100.0000 (100.0000)
2024-11-20 05:49:08,578 -                train: [    INFO] - Valid: 456 [ 104/104]  Loss: 0.002253 (0.130)  Acc@1: 100.0000 (96.3500)  Acc@5: 100.0000 (99.9500)
2024-11-20 05:49:08,621 -                train: [    INFO] - valid_acc 96.350003 - best_valid_acc 96.520003
2024-11-20 05:49:09,033 -                train: [    INFO] - Train: 457 [   0/520]  Loss: 0.2419 (0.242)  Acc@1: 92.7083 (92.7083)  Acc@5: 100.0000 (100.0000)LR: 3.343e-03
2024-11-20 05:49:52,831 -                train: [    INFO] - Train: 457 [ 200/520]  Loss: 0.1729 (0.196)  Acc@1: 94.7917 (95.4032)  Acc@5: 98.9583 (99.8601)LR: 3.343e-03
2024-11-20 05:50:36,374 -                train: [    INFO] - Train: 457 [ 400/520]  Loss: 0.3450 (0.193)  Acc@1: 92.7083 (95.5710)  Acc@5: 100.0000 (99.8805)LR: 3.343e-03
2024-11-20 05:51:02,471 -                train: [    INFO] - Train: 457 [ 520/520]  Loss: 0.2073 (0.197)  Acc@1: 95.0000 (95.4120)  Acc@5: 100.0000 (99.8860)LR: 3.343e-03
2024-11-20 05:51:02,771 -                train: [    INFO] - Valid: 457 [   0/104]  Loss: 0.09957 (0.0996)  Acc@1: 95.8333 (95.8333)  Acc@5: 100.0000 (100.0000)
2024-11-20 05:51:08,517 -                train: [    INFO] - Valid: 457 [ 104/104]  Loss: 0.002083 (0.124)  Acc@1: 100.0000 (96.3600)  Acc@5: 100.0000 (99.9200)
2024-11-20 05:51:08,549 -                train: [    INFO] - valid_acc 96.360003 - best_valid_acc 96.520003
2024-11-20 05:51:08,974 -                train: [    INFO] - Train: 458 [   0/520]  Loss: 0.3015 (0.301)  Acc@1: 92.7083 (92.7083)  Acc@5: 100.0000 (100.0000)LR: 3.299e-03
2024-11-20 05:51:52,670 -                train: [    INFO] - Train: 458 [ 200/520]  Loss: 0.2056 (0.189)  Acc@1: 94.7917 (95.5898)  Acc@5: 100.0000 (99.8964)LR: 3.299e-03
2024-11-20 05:52:36,198 -                train: [    INFO] - Train: 458 [ 400/520]  Loss: 0.09537 (0.192)  Acc@1: 97.9167 (95.4749)  Acc@5: 100.0000 (99.8883)LR: 3.299e-03
2024-11-20 05:53:02,285 -                train: [    INFO] - Train: 458 [ 520/520]  Loss: 0.1106 (0.191)  Acc@1: 96.2500 (95.4860)  Acc@5: 100.0000 (99.9000)LR: 3.299e-03
2024-11-20 05:53:02,525 -                train: [    INFO] - Valid: 458 [   0/104]  Loss: 0.1055 (0.105)  Acc@1: 94.7917 (94.7917)  Acc@5: 100.0000 (100.0000)
2024-11-20 05:53:08,180 -                train: [    INFO] - Valid: 458 [ 104/104]  Loss: 0.03598 (0.132)  Acc@1: 100.0000 (96.0200)  Acc@5: 100.0000 (99.8700)
2024-11-20 05:53:08,214 -                train: [    INFO] - valid_acc 96.020002 - best_valid_acc 96.520003
2024-11-20 05:53:08,606 -                train: [    INFO] - Train: 459 [   0/520]  Loss: 0.3056 (0.306)  Acc@1: 92.7083 (92.7083)  Acc@5: 98.9583 (98.9583)LR: 3.255e-03
2024-11-20 05:53:52,135 -                train: [    INFO] - Train: 459 [ 200/520]  Loss: 0.09026 (0.186)  Acc@1: 97.9167 (95.7401)  Acc@5: 100.0000 (99.8704)LR: 3.255e-03
2024-11-20 05:54:35,592 -                train: [    INFO] - Train: 459 [ 400/520]  Loss: 0.1409 (0.189)  Acc@1: 96.8750 (95.6593)  Acc@5: 98.9583 (99.8727)LR: 3.255e-03
2024-11-20 05:55:01,596 -                train: [    INFO] - Train: 459 [ 520/520]  Loss: 0.2240 (0.191)  Acc@1: 95.0000 (95.6120)  Acc@5: 100.0000 (99.8700)LR: 3.255e-03
2024-11-20 05:55:01,854 -                train: [    INFO] - Valid: 459 [   0/104]  Loss: 0.08098 (0.0810)  Acc@1: 95.8333 (95.8333)  Acc@5: 100.0000 (100.0000)
2024-11-20 05:55:07,512 -                train: [    INFO] - Valid: 459 [ 104/104]  Loss: 0.002491 (0.117)  Acc@1: 100.0000 (96.5900)  Acc@5: 100.0000 (99.9400)
2024-11-20 05:55:08,222 -                train: [    INFO] - valid_acc 96.590003 - best_valid_acc 96.590003
2024-11-20 05:55:08,633 -                train: [    INFO] - Train: 460 [   0/520]  Loss: 0.2482 (0.248)  Acc@1: 95.8333 (95.8333)  Acc@5: 100.0000 (100.0000)LR: 3.211e-03
2024-11-20 05:55:52,257 -                train: [    INFO] - Train: 460 [ 200/520]  Loss: 0.05834 (0.187)  Acc@1: 98.9583 (95.6986)  Acc@5: 100.0000 (99.8756)LR: 3.211e-03
2024-11-20 05:56:35,932 -                train: [    INFO] - Train: 460 [ 400/520]  Loss: 0.1214 (0.190)  Acc@1: 95.8333 (95.5969)  Acc@5: 100.0000 (99.8883)LR: 3.211e-03
2024-11-20 05:57:02,062 -                train: [    INFO] - Train: 460 [ 520/520]  Loss: 0.1458 (0.192)  Acc@1: 96.2500 (95.5420)  Acc@5: 100.0000 (99.8900)LR: 3.211e-03
2024-11-20 05:57:02,305 -                train: [    INFO] - Valid: 460 [   0/104]  Loss: 0.08569 (0.0857)  Acc@1: 95.8333 (95.8333)  Acc@5: 100.0000 (100.0000)
2024-11-20 05:57:07,968 -                train: [    INFO] - Valid: 460 [ 104/104]  Loss: 0.01792 (0.133)  Acc@1: 100.0000 (96.2700)  Acc@5: 100.0000 (99.9300)
2024-11-20 05:57:07,999 -                train: [    INFO] - valid_acc 96.270003 - best_valid_acc 96.590003
2024-11-20 05:57:08,434 -                train: [    INFO] - Train: 461 [   0/520]  Loss: 0.2533 (0.253)  Acc@1: 94.7917 (94.7917)  Acc@5: 100.0000 (100.0000)LR: 3.167e-03
2024-11-20 05:57:52,663 -                train: [    INFO] - Train: 461 [ 200/520]  Loss: 0.2444 (0.193)  Acc@1: 93.7500 (95.5639)  Acc@5: 100.0000 (99.8964)LR: 3.167e-03
2024-11-20 05:58:36,386 -                train: [    INFO] - Train: 461 [ 400/520]  Loss: 0.1422 (0.190)  Acc@1: 96.8750 (95.7086)  Acc@5: 100.0000 (99.9065)LR: 3.167e-03
2024-11-20 05:59:02,440 -                train: [    INFO] - Train: 461 [ 520/520]  Loss: 0.1203 (0.193)  Acc@1: 96.2500 (95.6240)  Acc@5: 100.0000 (99.8980)LR: 3.167e-03
2024-11-20 05:59:02,709 -                train: [    INFO] - Valid: 461 [   0/104]  Loss: 0.07965 (0.0797)  Acc@1: 96.8750 (96.8750)  Acc@5: 100.0000 (100.0000)
2024-11-20 05:59:08,365 -                train: [    INFO] - Valid: 461 [ 104/104]  Loss: 0.006262 (0.130)  Acc@1: 100.0000 (96.1700)  Acc@5: 100.0000 (99.9100)
2024-11-20 05:59:08,404 -                train: [    INFO] - valid_acc 96.170003 - best_valid_acc 96.590003
2024-11-20 05:59:08,796 -                train: [    INFO] - Train: 462 [   0/520]  Loss: 0.1647 (0.165)  Acc@1: 94.7917 (94.7917)  Acc@5: 100.0000 (100.0000)LR: 3.124e-03
2024-11-20 05:59:52,359 -                train: [    INFO] - Train: 462 [ 200/520]  Loss: 0.2340 (0.187)  Acc@1: 96.8750 (95.7141)  Acc@5: 100.0000 (99.8756)LR: 3.124e-03
2024-11-20 06:00:35,979 -                train: [    INFO] - Train: 462 [ 400/520]  Loss: 0.1180 (0.187)  Acc@1: 97.9167 (95.7060)  Acc@5: 98.9583 (99.8831)LR: 3.124e-03
2024-11-20 06:01:01,990 -                train: [    INFO] - Train: 462 [ 520/520]  Loss: 0.2786 (0.185)  Acc@1: 96.2500 (95.7740)  Acc@5: 98.7500 (99.8960)LR: 3.124e-03
2024-11-20 06:01:02,245 -                train: [    INFO] - Valid: 462 [   0/104]  Loss: 0.05588 (0.0559)  Acc@1: 97.9167 (97.9167)  Acc@5: 100.0000 (100.0000)
2024-11-20 06:01:07,913 -                train: [    INFO] - Valid: 462 [ 104/104]  Loss: 0.01845 (0.121)  Acc@1: 100.0000 (96.3200)  Acc@5: 100.0000 (99.9500)
2024-11-20 06:01:07,951 -                train: [    INFO] - valid_acc 96.320003 - best_valid_acc 96.590003
2024-11-20 06:01:08,345 -                train: [    INFO] - Train: 463 [   0/520]  Loss: 0.1169 (0.117)  Acc@1: 96.8750 (96.8750)  Acc@5: 100.0000 (100.0000)LR: 3.080e-03
2024-11-20 06:01:53,150 -                train: [    INFO] - Train: 463 [ 200/520]  Loss: 0.1263 (0.178)  Acc@1: 96.8750 (95.9370)  Acc@5: 100.0000 (99.8860)LR: 3.080e-03
2024-11-20 06:02:36,915 -                train: [    INFO] - Train: 463 [ 400/520]  Loss: 0.1106 (0.181)  Acc@1: 96.8750 (95.7606)  Acc@5: 100.0000 (99.8935)LR: 3.080e-03
2024-11-20 06:03:03,117 -                train: [    INFO] - Train: 463 [ 520/520]  Loss: 0.09751 (0.185)  Acc@1: 97.5000 (95.7100)  Acc@5: 100.0000 (99.8980)LR: 3.080e-03
2024-11-20 06:03:03,377 -                train: [    INFO] - Valid: 463 [   0/104]  Loss: 0.04540 (0.0454)  Acc@1: 98.9583 (98.9583)  Acc@5: 100.0000 (100.0000)
2024-11-20 06:03:09,036 -                train: [    INFO] - Valid: 463 [ 104/104]  Loss: 0.1219 (0.120)  Acc@1: 93.7500 (96.4400)  Acc@5: 100.0000 (99.9300)
2024-11-20 06:03:09,069 -                train: [    INFO] - valid_acc 96.440002 - best_valid_acc 96.590003
2024-11-20 06:03:09,476 -                train: [    INFO] - Train: 464 [   0/520]  Loss: 0.2090 (0.209)  Acc@1: 97.9167 (97.9167)  Acc@5: 98.9583 (98.9583)LR: 3.038e-03
2024-11-20 06:03:53,093 -                train: [    INFO] - Train: 464 [ 200/520]  Loss: 0.1832 (0.190)  Acc@1: 96.8750 (95.5587)  Acc@5: 100.0000 (99.8756)LR: 3.038e-03
2024-11-20 06:04:36,675 -                train: [    INFO] - Train: 464 [ 400/520]  Loss: 0.1555 (0.191)  Acc@1: 94.7917 (95.6203)  Acc@5: 98.9583 (99.8909)LR: 3.038e-03
2024-11-20 06:05:02,657 -                train: [    INFO] - Train: 464 [ 520/520]  Loss: 0.2999 (0.191)  Acc@1: 97.5000 (95.6740)  Acc@5: 100.0000 (99.8960)LR: 3.038e-03
2024-11-20 06:05:02,924 -                train: [    INFO] - Valid: 464 [   0/104]  Loss: 0.08536 (0.0854)  Acc@1: 97.9167 (97.9167)  Acc@5: 100.0000 (100.0000)
2024-11-20 06:05:08,580 -                train: [    INFO] - Valid: 464 [ 104/104]  Loss: 0.05421 (0.117)  Acc@1: 93.7500 (96.4300)  Acc@5: 100.0000 (99.9000)
2024-11-20 06:05:08,617 -                train: [    INFO] - valid_acc 96.430003 - best_valid_acc 96.590003
2024-11-20 06:05:09,018 -                train: [    INFO] - Train: 465 [   0/520]  Loss: 0.09979 (0.0998)  Acc@1: 96.8750 (96.8750)  Acc@5: 100.0000 (100.0000)LR: 2.995e-03
2024-11-20 06:05:52,561 -                train: [    INFO] - Train: 465 [ 200/520]  Loss: 0.2839 (0.176)  Acc@1: 93.7500 (96.0614)  Acc@5: 100.0000 (99.9067)LR: 2.995e-03
2024-11-20 06:06:36,118 -                train: [    INFO] - Train: 465 [ 400/520]  Loss: 0.2756 (0.180)  Acc@1: 93.7500 (95.9762)  Acc@5: 100.0000 (99.8961)LR: 2.995e-03
2024-11-20 06:07:02,162 -                train: [    INFO] - Train: 465 [ 520/520]  Loss: 0.1805 (0.185)  Acc@1: 96.2500 (95.8440)  Acc@5: 100.0000 (99.8920)LR: 2.995e-03
2024-11-20 06:07:02,434 -                train: [    INFO] - Valid: 465 [   0/104]  Loss: 0.1479 (0.148)  Acc@1: 94.7917 (94.7917)  Acc@5: 100.0000 (100.0000)
2024-11-20 06:07:08,092 -                train: [    INFO] - Valid: 465 [ 104/104]  Loss: 0.01854 (0.121)  Acc@1: 100.0000 (96.3100)  Acc@5: 100.0000 (99.9500)
2024-11-20 06:07:08,131 -                train: [    INFO] - valid_acc 96.310002 - best_valid_acc 96.590003
2024-11-20 06:07:08,560 -                train: [    INFO] - Train: 466 [   0/520]  Loss: 0.1279 (0.128)  Acc@1: 97.9167 (97.9167)  Acc@5: 100.0000 (100.0000)LR: 2.953e-03
2024-11-20 06:07:52,105 -                train: [    INFO] - Train: 466 [ 200/520]  Loss: 0.1327 (0.181)  Acc@1: 93.7500 (95.7971)  Acc@5: 100.0000 (99.9067)LR: 2.953e-03
2024-11-20 06:08:35,652 -                train: [    INFO] - Train: 466 [ 400/520]  Loss: 0.09110 (0.186)  Acc@1: 97.9167 (95.7242)  Acc@5: 100.0000 (99.9013)LR: 2.953e-03
2024-11-20 06:09:01,647 -                train: [    INFO] - Train: 466 [ 520/520]  Loss: 0.09956 (0.185)  Acc@1: 96.2500 (95.7380)  Acc@5: 100.0000 (99.9040)LR: 2.953e-03
2024-11-20 06:09:01,895 -                train: [    INFO] - Valid: 466 [   0/104]  Loss: 0.09427 (0.0943)  Acc@1: 95.8333 (95.8333)  Acc@5: 100.0000 (100.0000)
2024-11-20 06:09:07,553 -                train: [    INFO] - Valid: 466 [ 104/104]  Loss: 0.02516 (0.128)  Acc@1: 100.0000 (96.1900)  Acc@5: 100.0000 (99.9400)
2024-11-20 06:09:07,585 -                train: [    INFO] - valid_acc 96.190003 - best_valid_acc 96.590003
2024-11-20 06:09:07,978 -                train: [    INFO] - Train: 467 [   0/520]  Loss: 0.2916 (0.292)  Acc@1: 94.7917 (94.7917)  Acc@5: 98.9583 (98.9583)LR: 2.910e-03
2024-11-20 06:09:51,511 -                train: [    INFO] - Train: 467 [ 200/520]  Loss: 0.2464 (0.187)  Acc@1: 92.7083 (95.6157)  Acc@5: 100.0000 (99.9171)LR: 2.910e-03
2024-11-20 06:10:35,034 -                train: [    INFO] - Train: 467 [ 400/520]  Loss: 0.2054 (0.184)  Acc@1: 94.7917 (95.7346)  Acc@5: 100.0000 (99.9117)LR: 2.910e-03
2024-11-20 06:11:01,104 -                train: [    INFO] - Train: 467 [ 520/520]  Loss: 0.1373 (0.183)  Acc@1: 95.0000 (95.7840)  Acc@5: 100.0000 (99.9120)LR: 2.910e-03
2024-11-20 06:11:01,350 -                train: [    INFO] - Valid: 467 [   0/104]  Loss: 0.09585 (0.0958)  Acc@1: 93.7500 (93.7500)  Acc@5: 100.0000 (100.0000)
2024-11-20 06:11:07,012 -                train: [    INFO] - Valid: 467 [ 104/104]  Loss: 0.1202 (0.115)  Acc@1: 93.7500 (96.6000)  Acc@5: 100.0000 (99.9400)
2024-11-20 06:11:07,519 -                train: [    INFO] - valid_acc 96.600003 - best_valid_acc 96.600003
2024-11-20 06:11:07,964 -                train: [    INFO] - Train: 468 [   0/520]  Loss: 0.1737 (0.174)  Acc@1: 94.7917 (94.7917)  Acc@5: 100.0000 (100.0000)LR: 2.869e-03
2024-11-20 06:11:51,436 -                train: [    INFO] - Train: 468 [ 200/520]  Loss: 0.2320 (0.172)  Acc@1: 93.7500 (96.0665)  Acc@5: 100.0000 (99.9534)LR: 2.869e-03
2024-11-20 06:12:34,947 -                train: [    INFO] - Train: 468 [ 400/520]  Loss: 0.1710 (0.178)  Acc@1: 93.7500 (95.9294)  Acc@5: 100.0000 (99.9480)LR: 2.869e-03
2024-11-20 06:13:00,923 -                train: [    INFO] - Train: 468 [ 520/520]  Loss: 0.1937 (0.178)  Acc@1: 96.2500 (95.8780)  Acc@5: 100.0000 (99.9400)LR: 2.869e-03
2024-11-20 06:13:01,191 -                train: [    INFO] - Valid: 468 [   0/104]  Loss: 0.1101 (0.110)  Acc@1: 93.7500 (93.7500)  Acc@5: 100.0000 (100.0000)
2024-11-20 06:13:06,856 -                train: [    INFO] - Valid: 468 [ 104/104]  Loss: 0.004149 (0.122)  Acc@1: 100.0000 (96.3600)  Acc@5: 100.0000 (99.9100)
2024-11-20 06:13:06,891 -                train: [    INFO] - valid_acc 96.360002 - best_valid_acc 96.600003
2024-11-20 06:13:07,348 -                train: [    INFO] - Train: 469 [   0/520]  Loss: 0.1741 (0.174)  Acc@1: 94.7917 (94.7917)  Acc@5: 100.0000 (100.0000)LR: 2.827e-03
2024-11-20 06:13:51,131 -                train: [    INFO] - Train: 469 [ 200/520]  Loss: 0.1330 (0.178)  Acc@1: 94.7917 (96.0251)  Acc@5: 100.0000 (99.9223)LR: 2.827e-03
2024-11-20 06:14:34,547 -                train: [    INFO] - Train: 469 [ 400/520]  Loss: 0.09543 (0.176)  Acc@1: 96.8750 (95.9918)  Acc@5: 100.0000 (99.9273)LR: 2.827e-03
2024-11-20 06:15:00,575 -                train: [    INFO] - Train: 469 [ 520/520]  Loss: 0.3863 (0.178)  Acc@1: 91.2500 (95.9740)  Acc@5: 100.0000 (99.9220)LR: 2.827e-03
2024-11-20 06:15:00,915 -                train: [    INFO] - Valid: 469 [   0/104]  Loss: 0.08735 (0.0873)  Acc@1: 95.8333 (95.8333)  Acc@5: 100.0000 (100.0000)
2024-11-20 06:15:06,600 -                train: [    INFO] - Valid: 469 [ 104/104]  Loss: 0.03510 (0.121)  Acc@1: 100.0000 (96.2500)  Acc@5: 100.0000 (99.9200)
2024-11-20 06:15:06,654 -                train: [    INFO] - valid_acc 96.250003 - best_valid_acc 96.600003
2024-11-20 06:15:07,082 -                train: [    INFO] - Train: 470 [   0/520]  Loss: 0.1407 (0.141)  Acc@1: 96.8750 (96.8750)  Acc@5: 100.0000 (100.0000)LR: 2.786e-03
2024-11-20 06:15:50,682 -                train: [    INFO] - Train: 470 [ 200/520]  Loss: 0.04676 (0.169)  Acc@1: 98.9583 (96.1806)  Acc@5: 100.0000 (99.9326)LR: 2.786e-03
2024-11-20 06:16:34,218 -                train: [    INFO] - Train: 470 [ 400/520]  Loss: 0.1367 (0.172)  Acc@1: 96.8750 (96.0801)  Acc@5: 100.0000 (99.9403)LR: 2.786e-03
2024-11-20 06:17:00,402 -                train: [    INFO] - Train: 470 [ 520/520]  Loss: 0.1242 (0.173)  Acc@1: 96.2500 (96.0320)  Acc@5: 100.0000 (99.9440)LR: 2.786e-03
2024-11-20 06:17:00,765 -                train: [    INFO] - Valid: 470 [   0/104]  Loss: 0.04294 (0.0429)  Acc@1: 97.9167 (97.9167)  Acc@5: 100.0000 (100.0000)
2024-11-20 06:17:06,426 -                train: [    INFO] - Valid: 470 [ 104/104]  Loss: 0.009190 (0.118)  Acc@1: 100.0000 (96.5600)  Acc@5: 100.0000 (99.9100)
2024-11-20 06:17:06,463 -                train: [    INFO] - valid_acc 96.560003 - best_valid_acc 96.600003
2024-11-20 06:17:06,865 -                train: [    INFO] - Train: 471 [   0/520]  Loss: 0.3158 (0.316)  Acc@1: 94.7917 (94.7917)  Acc@5: 100.0000 (100.0000)LR: 2.745e-03
2024-11-20 06:17:50,368 -                train: [    INFO] - Train: 471 [ 200/520]  Loss: 0.1312 (0.179)  Acc@1: 97.9167 (95.9525)  Acc@5: 100.0000 (99.8860)LR: 2.745e-03
2024-11-20 06:18:33,955 -                train: [    INFO] - Train: 471 [ 400/520]  Loss: 0.4490 (0.174)  Acc@1: 90.6250 (95.9996)  Acc@5: 100.0000 (99.9117)LR: 2.745e-03
2024-11-20 06:19:00,136 -                train: [    INFO] - Train: 471 [ 520/520]  Loss: 0.2173 (0.176)  Acc@1: 95.0000 (95.9520)  Acc@5: 100.0000 (99.9020)LR: 2.745e-03
2024-11-20 06:19:02,095 -                train: [    INFO] - Valid: 471 [   0/104]  Loss: 0.06219 (0.0622)  Acc@1: 96.8750 (96.8750)  Acc@5: 100.0000 (100.0000)
2024-11-20 06:19:07,776 -                train: [    INFO] - Valid: 471 [ 104/104]  Loss: 0.01082 (0.119)  Acc@1: 100.0000 (96.5500)  Acc@5: 100.0000 (99.8900)
2024-11-20 06:19:07,822 -                train: [    INFO] - valid_acc 96.550003 - best_valid_acc 96.600003
2024-11-20 06:19:08,227 -                train: [    INFO] - Train: 472 [   0/520]  Loss: 0.2520 (0.252)  Acc@1: 93.7500 (93.7500)  Acc@5: 100.0000 (100.0000)LR: 2.704e-03
2024-11-20 06:19:51,745 -                train: [    INFO] - Train: 472 [ 200/520]  Loss: 0.2168 (0.176)  Acc@1: 96.8750 (96.0303)  Acc@5: 100.0000 (99.8964)LR: 2.704e-03
2024-11-20 06:20:35,548 -                train: [    INFO] - Train: 472 [ 400/520]  Loss: 0.07377 (0.180)  Acc@1: 98.9583 (95.8671)  Acc@5: 100.0000 (99.8883)LR: 2.704e-03
2024-11-20 06:21:01,524 -                train: [    INFO] - Train: 472 [ 520/520]  Loss: 0.2223 (0.181)  Acc@1: 93.7500 (95.8280)  Acc@5: 100.0000 (99.8880)LR: 2.704e-03
2024-11-20 06:21:01,871 -                train: [    INFO] - Valid: 472 [   0/104]  Loss: 0.1540 (0.154)  Acc@1: 93.7500 (93.7500)  Acc@5: 100.0000 (100.0000)
2024-11-20 06:21:07,546 -                train: [    INFO] - Valid: 472 [ 104/104]  Loss: 0.002986 (0.119)  Acc@1: 100.0000 (96.6200)  Acc@5: 100.0000 (99.9000)
2024-11-20 06:21:09,552 -                train: [    INFO] - valid_acc 96.620003 - best_valid_acc 96.620003
2024-11-20 06:21:10,126 -                train: [    INFO] - Train: 473 [   0/520]  Loss: 0.07872 (0.0787)  Acc@1: 100.0000 (100.0000)  Acc@5: 100.0000 (100.0000)LR: 2.663e-03
2024-11-20 06:21:54,744 -                train: [    INFO] - Train: 473 [ 200/520]  Loss: 0.1160 (0.168)  Acc@1: 95.8333 (96.1132)  Acc@5: 100.0000 (99.8860)LR: 2.663e-03
2024-11-20 06:22:39,033 -                train: [    INFO] - Train: 473 [ 400/520]  Loss: 0.3385 (0.169)  Acc@1: 91.6667 (96.2204)  Acc@5: 100.0000 (99.9143)LR: 2.663e-03
2024-11-20 06:23:05,203 -                train: [    INFO] - Train: 473 [ 520/520]  Loss: 0.2477 (0.174)  Acc@1: 93.7500 (96.1180)  Acc@5: 98.7500 (99.9000)LR: 2.663e-03
2024-11-20 06:23:05,463 -                train: [    INFO] - Valid: 473 [   0/104]  Loss: 0.09644 (0.0964)  Acc@1: 95.8333 (95.8333)  Acc@5: 100.0000 (100.0000)
2024-11-20 06:23:11,138 -                train: [    INFO] - Valid: 473 [ 104/104]  Loss: 0.08940 (0.121)  Acc@1: 93.7500 (96.3800)  Acc@5: 100.0000 (99.9200)
2024-11-20 06:23:11,190 -                train: [    INFO] - valid_acc 96.380002 - best_valid_acc 96.620003
2024-11-20 06:23:11,654 -                train: [    INFO] - Train: 474 [   0/520]  Loss: 0.1077 (0.108)  Acc@1: 98.9583 (98.9583)  Acc@5: 100.0000 (100.0000)LR: 2.623e-03
2024-11-20 06:23:55,485 -                train: [    INFO] - Train: 474 [ 200/520]  Loss: 0.1339 (0.169)  Acc@1: 96.8750 (96.1391)  Acc@5: 100.0000 (99.9119)LR: 2.623e-03
2024-11-20 06:24:39,095 -                train: [    INFO] - Train: 474 [ 400/520]  Loss: 0.2563 (0.173)  Acc@1: 93.7500 (96.1087)  Acc@5: 100.0000 (99.8909)LR: 2.623e-03
2024-11-20 06:25:05,423 -                train: [    INFO] - Train: 474 [ 520/520]  Loss: 0.1327 (0.174)  Acc@1: 97.5000 (96.0640)  Acc@5: 100.0000 (99.8960)LR: 2.623e-03
2024-11-20 06:25:05,698 -                train: [    INFO] - Valid: 474 [   0/104]  Loss: 0.1250 (0.125)  Acc@1: 95.8333 (95.8333)  Acc@5: 100.0000 (100.0000)
2024-11-20 06:25:11,426 -                train: [    INFO] - Valid: 474 [ 104/104]  Loss: 0.01330 (0.116)  Acc@1: 100.0000 (96.6000)  Acc@5: 100.0000 (99.9200)
2024-11-20 06:25:11,460 -                train: [    INFO] - valid_acc 96.600003 - best_valid_acc 96.620003
2024-11-20 06:25:11,927 -                train: [    INFO] - Train: 475 [   0/520]  Loss: 0.1145 (0.115)  Acc@1: 97.9167 (97.9167)  Acc@5: 100.0000 (100.0000)LR: 2.583e-03
2024-11-20 06:25:55,700 -                train: [    INFO] - Train: 475 [ 200/520]  Loss: 0.1252 (0.172)  Acc@1: 97.9167 (95.9422)  Acc@5: 100.0000 (99.9430)LR: 2.583e-03
2024-11-20 06:26:39,271 -                train: [    INFO] - Train: 475 [ 400/520]  Loss: 0.1306 (0.171)  Acc@1: 95.8333 (95.9866)  Acc@5: 100.0000 (99.9351)LR: 2.583e-03
2024-11-20 06:27:05,437 -                train: [    INFO] - Train: 475 [ 520/520]  Loss: 0.3144 (0.174)  Acc@1: 93.7500 (95.9420)  Acc@5: 98.7500 (99.9300)LR: 2.583e-03
2024-11-20 06:27:05,681 -                train: [    INFO] - Valid: 475 [   0/104]  Loss: 0.1386 (0.139)  Acc@1: 93.7500 (93.7500)  Acc@5: 100.0000 (100.0000)
2024-11-20 06:27:11,348 -                train: [    INFO] - Valid: 475 [ 104/104]  Loss: 0.01245 (0.121)  Acc@1: 100.0000 (96.5400)  Acc@5: 100.0000 (99.9200)
2024-11-20 06:27:11,381 -                train: [    INFO] - valid_acc 96.540002 - best_valid_acc 96.620003
2024-11-20 06:27:11,787 -                train: [    INFO] - Train: 476 [   0/520]  Loss: 0.1109 (0.111)  Acc@1: 96.8750 (96.8750)  Acc@5: 100.0000 (100.0000)LR: 2.543e-03
2024-11-20 06:27:55,452 -                train: [    INFO] - Train: 476 [ 200/520]  Loss: 0.1402 (0.160)  Acc@1: 96.8750 (96.1961)  Acc@5: 100.0000 (99.9274)LR: 2.543e-03
2024-11-20 06:28:38,877 -                train: [    INFO] - Train: 476 [ 400/520]  Loss: 0.2899 (0.165)  Acc@1: 91.6667 (96.0671)  Acc@5: 98.9583 (99.9299)LR: 2.543e-03
2024-11-20 06:29:05,283 -                train: [    INFO] - Train: 476 [ 520/520]  Loss: 0.2673 (0.166)  Acc@1: 90.0000 (96.0960)  Acc@5: 100.0000 (99.9280)LR: 2.543e-03
2024-11-20 06:29:05,532 -                train: [    INFO] - Valid: 476 [   0/104]  Loss: 0.2085 (0.209)  Acc@1: 94.7917 (94.7917)  Acc@5: 100.0000 (100.0000)
2024-11-20 06:29:11,190 -                train: [    INFO] - Valid: 476 [ 104/104]  Loss: 0.01188 (0.122)  Acc@1: 100.0000 (96.5400)  Acc@5: 100.0000 (99.9400)
2024-11-20 06:29:11,222 -                train: [    INFO] - valid_acc 96.540003 - best_valid_acc 96.620003
2024-11-20 06:29:11,646 -                train: [    INFO] - Train: 477 [   0/520]  Loss: 0.1710 (0.171)  Acc@1: 94.7917 (94.7917)  Acc@5: 98.9583 (98.9583)LR: 2.504e-03
2024-11-20 06:29:55,181 -                train: [    INFO] - Train: 477 [ 200/520]  Loss: 0.2116 (0.170)  Acc@1: 94.7917 (96.1857)  Acc@5: 100.0000 (99.9274)LR: 2.504e-03
2024-11-20 06:30:38,884 -                train: [    INFO] - Train: 477 [ 400/520]  Loss: 0.2124 (0.169)  Acc@1: 94.7917 (96.2516)  Acc@5: 100.0000 (99.9377)LR: 2.504e-03
2024-11-20 06:31:04,927 -                train: [    INFO] - Train: 477 [ 520/520]  Loss: 0.1761 (0.171)  Acc@1: 95.0000 (96.1880)  Acc@5: 100.0000 (99.9420)LR: 2.504e-03
2024-11-20 06:31:05,197 -                train: [    INFO] - Valid: 477 [   0/104]  Loss: 0.1630 (0.163)  Acc@1: 95.8333 (95.8333)  Acc@5: 100.0000 (100.0000)
2024-11-20 06:31:10,880 -                train: [    INFO] - Valid: 477 [ 104/104]  Loss: 0.001877 (0.123)  Acc@1: 100.0000 (96.5800)  Acc@5: 100.0000 (99.9500)
2024-11-20 06:31:10,911 -                train: [    INFO] - valid_acc 96.580003 - best_valid_acc 96.620003
2024-11-20 06:31:11,347 -                train: [    INFO] - Train: 478 [   0/520]  Loss: 0.2383 (0.238)  Acc@1: 93.7500 (93.7500)  Acc@5: 100.0000 (100.0000)LR: 2.465e-03
2024-11-20 06:31:55,084 -                train: [    INFO] - Train: 478 [ 200/520]  Loss: 0.1518 (0.162)  Acc@1: 94.7917 (96.3360)  Acc@5: 100.0000 (99.9067)LR: 2.465e-03
2024-11-20 06:32:38,870 -                train: [    INFO] - Train: 478 [ 400/520]  Loss: 0.1553 (0.164)  Acc@1: 95.8333 (96.2931)  Acc@5: 100.0000 (99.9299)LR: 2.465e-03
2024-11-20 06:33:04,819 -                train: [    INFO] - Train: 478 [ 520/520]  Loss: 0.1569 (0.165)  Acc@1: 93.7500 (96.2520)  Acc@5: 100.0000 (99.9280)LR: 2.465e-03
2024-11-20 06:33:05,062 -                train: [    INFO] - Valid: 478 [   0/104]  Loss: 0.08002 (0.0800)  Acc@1: 96.8750 (96.8750)  Acc@5: 100.0000 (100.0000)
2024-11-20 06:33:10,739 -                train: [    INFO] - Valid: 478 [ 104/104]  Loss: 0.01624 (0.116)  Acc@1: 100.0000 (96.6000)  Acc@5: 100.0000 (99.9600)
2024-11-20 06:33:10,768 -                train: [    INFO] - valid_acc 96.600002 - best_valid_acc 96.620003
2024-11-20 06:33:11,189 -                train: [    INFO] - Train: 479 [   0/520]  Loss: 0.1899 (0.190)  Acc@1: 93.7500 (93.7500)  Acc@5: 100.0000 (100.0000)LR: 2.426e-03
2024-11-20 06:33:54,705 -                train: [    INFO] - Train: 479 [ 200/520]  Loss: 0.08836 (0.161)  Acc@1: 98.9583 (96.3464)  Acc@5: 100.0000 (99.9223)LR: 2.426e-03
2024-11-20 06:34:38,271 -                train: [    INFO] - Train: 479 [ 400/520]  Loss: 0.2276 (0.160)  Acc@1: 95.8333 (96.3607)  Acc@5: 100.0000 (99.9299)LR: 2.426e-03
2024-11-20 06:35:04,323 -                train: [    INFO] - Train: 479 [ 520/520]  Loss: 0.1253 (0.163)  Acc@1: 96.2500 (96.2780)  Acc@5: 100.0000 (99.9340)LR: 2.426e-03
2024-11-20 06:35:04,605 -                train: [    INFO] - Valid: 479 [   0/104]  Loss: 0.1512 (0.151)  Acc@1: 95.8333 (95.8333)  Acc@5: 100.0000 (100.0000)
2024-11-20 06:35:10,264 -                train: [    INFO] - Valid: 479 [ 104/104]  Loss: 0.05309 (0.115)  Acc@1: 93.7500 (96.7900)  Acc@5: 100.0000 (99.9500)
2024-11-20 06:35:10,783 -                train: [    INFO] - valid_acc 96.790003 - best_valid_acc 96.790003
2024-11-20 06:35:11,367 -                train: [    INFO] - Train: 480 [   0/520]  Loss: 0.1549 (0.155)  Acc@1: 96.8750 (96.8750)  Acc@5: 100.0000 (100.0000)LR: 2.387e-03
2024-11-20 06:35:54,959 -                train: [    INFO] - Train: 480 [ 200/520]  Loss: 0.2051 (0.161)  Acc@1: 94.7917 (96.2998)  Acc@5: 100.0000 (99.8860)LR: 2.387e-03
2024-11-20 06:36:38,428 -                train: [    INFO] - Train: 480 [ 400/520]  Loss: 0.1906 (0.165)  Acc@1: 93.7500 (96.1554)  Acc@5: 98.9583 (99.9039)LR: 2.387e-03
2024-11-20 06:37:04,474 -                train: [    INFO] - Train: 480 [ 520/520]  Loss: 0.1679 (0.167)  Acc@1: 96.2500 (96.1120)  Acc@5: 100.0000 (99.9100)LR: 2.387e-03
2024-11-20 06:37:04,697 -                train: [    INFO] - Valid: 480 [   0/104]  Loss: 0.03510 (0.0351)  Acc@1: 98.9583 (98.9583)  Acc@5: 100.0000 (100.0000)
2024-11-20 06:37:10,357 -                train: [    INFO] - Valid: 480 [ 104/104]  Loss: 0.06619 (0.115)  Acc@1: 93.7500 (96.7800)  Acc@5: 100.0000 (99.9200)
2024-11-20 06:37:10,396 -                train: [    INFO] - valid_acc 96.780003 - best_valid_acc 96.790003
2024-11-20 06:37:10,861 -                train: [    INFO] - Train: 481 [   0/520]  Loss: 0.4027 (0.403)  Acc@1: 89.5833 (89.5833)  Acc@5: 98.9583 (98.9583)LR: 2.349e-03
2024-11-20 06:37:54,496 -                train: [    INFO] - Train: 481 [ 200/520]  Loss: 0.1226 (0.157)  Acc@1: 95.8333 (96.5019)  Acc@5: 100.0000 (99.8912)LR: 2.349e-03
2024-11-20 06:38:38,101 -                train: [    INFO] - Train: 481 [ 400/520]  Loss: 0.06507 (0.162)  Acc@1: 98.9583 (96.3243)  Acc@5: 100.0000 (99.9195)LR: 2.349e-03
2024-11-20 06:39:04,349 -                train: [    INFO] - Train: 481 [ 520/520]  Loss: 0.2741 (0.163)  Acc@1: 93.7500 (96.2680)  Acc@5: 97.5000 (99.9040)LR: 2.349e-03
2024-11-20 06:39:04,643 -                train: [    INFO] - Valid: 481 [   0/104]  Loss: 0.1114 (0.111)  Acc@1: 95.8333 (95.8333)  Acc@5: 100.0000 (100.0000)
2024-11-20 06:39:10,308 -                train: [    INFO] - Valid: 481 [ 104/104]  Loss: 0.1701 (0.114)  Acc@1: 93.7500 (96.6500)  Acc@5: 100.0000 (99.9500)
2024-11-20 06:39:10,351 -                train: [    INFO] - valid_acc 96.650003 - best_valid_acc 96.790003
2024-11-20 06:39:10,780 -                train: [    INFO] - Train: 482 [   0/520]  Loss: 0.1888 (0.189)  Acc@1: 93.7500 (93.7500)  Acc@5: 100.0000 (100.0000)LR: 2.311e-03
2024-11-20 06:39:54,449 -                train: [    INFO] - Train: 482 [ 200/520]  Loss: 0.1935 (0.159)  Acc@1: 94.7917 (96.3930)  Acc@5: 100.0000 (99.9171)LR: 2.311e-03
2024-11-20 06:40:38,351 -                train: [    INFO] - Train: 482 [ 400/520]  Loss: 0.1173 (0.160)  Acc@1: 98.9583 (96.3944)  Acc@5: 100.0000 (99.9377)LR: 2.311e-03
2024-11-20 06:41:04,494 -                train: [    INFO] - Train: 482 [ 520/520]  Loss: 0.05368 (0.163)  Acc@1: 98.7500 (96.3160)  Acc@5: 100.0000 (99.9380)LR: 2.311e-03
2024-11-20 06:41:04,744 -                train: [    INFO] - Valid: 482 [   0/104]  Loss: 0.07092 (0.0709)  Acc@1: 96.8750 (96.8750)  Acc@5: 100.0000 (100.0000)
2024-11-20 06:41:10,428 -                train: [    INFO] - Valid: 482 [ 104/104]  Loss: 0.3412 (0.117)  Acc@1: 93.7500 (96.7200)  Acc@5: 100.0000 (99.9300)
2024-11-20 06:41:10,466 -                train: [    INFO] - valid_acc 96.720003 - best_valid_acc 96.790003
2024-11-20 06:41:10,960 -                train: [    INFO] - Train: 483 [   0/520]  Loss: 0.2346 (0.235)  Acc@1: 95.8333 (95.8333)  Acc@5: 100.0000 (100.0000)LR: 2.273e-03
2024-11-20 06:41:55,106 -                train: [    INFO] - Train: 483 [ 200/520]  Loss: 0.08388 (0.158)  Acc@1: 96.8750 (96.4034)  Acc@5: 98.9583 (99.9482)LR: 2.273e-03
2024-11-20 06:42:39,081 -                train: [    INFO] - Train: 483 [ 400/520]  Loss: 0.09258 (0.160)  Acc@1: 97.9167 (96.3944)  Acc@5: 100.0000 (99.9195)LR: 2.273e-03
2024-11-20 06:43:05,261 -                train: [    INFO] - Train: 483 [ 520/520]  Loss: 0.1797 (0.160)  Acc@1: 92.5000 (96.4200)  Acc@5: 100.0000 (99.9160)LR: 2.273e-03
2024-11-20 06:43:05,496 -                train: [    INFO] - Valid: 483 [   0/104]  Loss: 0.09643 (0.0964)  Acc@1: 95.8333 (95.8333)  Acc@5: 100.0000 (100.0000)
2024-11-20 06:43:11,155 -                train: [    INFO] - Valid: 483 [ 104/104]  Loss: 0.03110 (0.115)  Acc@1: 100.0000 (96.7500)  Acc@5: 100.0000 (99.9500)
2024-11-20 06:43:11,184 -                train: [    INFO] - valid_acc 96.750002 - best_valid_acc 96.790003
2024-11-20 06:43:11,667 -                train: [    INFO] - Train: 484 [   0/520]  Loss: 0.1074 (0.107)  Acc@1: 97.9167 (97.9167)  Acc@5: 100.0000 (100.0000)LR: 2.236e-03
2024-11-20 06:43:56,178 -                train: [    INFO] - Train: 484 [ 200/520]  Loss: 0.08344 (0.152)  Acc@1: 100.0000 (96.5744)  Acc@5: 100.0000 (99.9585)LR: 2.236e-03
2024-11-20 06:44:40,207 -                train: [    INFO] - Train: 484 [ 400/520]  Loss: 0.1840 (0.152)  Acc@1: 95.8333 (96.6204)  Acc@5: 100.0000 (99.9506)LR: 2.236e-03
2024-11-20 06:45:06,289 -                train: [    INFO] - Train: 484 [ 520/520]  Loss: 0.1451 (0.155)  Acc@1: 97.5000 (96.5460)  Acc@5: 100.0000 (99.9500)LR: 2.236e-03
2024-11-20 06:45:06,589 -                train: [    INFO] - Valid: 484 [   0/104]  Loss: 0.05088 (0.0509)  Acc@1: 98.9583 (98.9583)  Acc@5: 100.0000 (100.0000)
2024-11-20 06:45:12,300 -                train: [    INFO] - Valid: 484 [ 104/104]  Loss: 0.1499 (0.113)  Acc@1: 93.7500 (96.6100)  Acc@5: 100.0000 (99.9300)
2024-11-20 06:45:13,223 -                train: [    INFO] - valid_acc 96.610003 - best_valid_acc 96.790003
2024-11-20 06:45:13,721 -                train: [    INFO] - Train: 485 [   0/520]  Loss: 0.1377 (0.138)  Acc@1: 96.8750 (96.8750)  Acc@5: 100.0000 (100.0000)LR: 2.198e-03
2024-11-20 06:45:57,561 -                train: [    INFO] - Train: 485 [ 200/520]  Loss: 0.2447 (0.156)  Acc@1: 93.7500 (96.5485)  Acc@5: 100.0000 (99.9119)LR: 2.198e-03
2024-11-20 06:46:41,262 -                train: [    INFO] - Train: 485 [ 400/520]  Loss: 0.06982 (0.161)  Acc@1: 97.9167 (96.3970)  Acc@5: 100.0000 (99.8961)LR: 2.198e-03
2024-11-20 06:47:07,420 -                train: [    INFO] - Train: 485 [ 520/520]  Loss: 0.1056 (0.160)  Acc@1: 97.5000 (96.4160)  Acc@5: 100.0000 (99.9120)LR: 2.198e-03
2024-11-20 06:47:07,683 -                train: [    INFO] - Valid: 485 [   0/104]  Loss: 0.1331 (0.133)  Acc@1: 96.8750 (96.8750)  Acc@5: 100.0000 (100.0000)
2024-11-20 06:47:13,345 -                train: [    INFO] - Valid: 485 [ 104/104]  Loss: 0.01923 (0.118)  Acc@1: 100.0000 (96.5900)  Acc@5: 100.0000 (99.9500)
2024-11-20 06:47:13,392 -                train: [    INFO] - valid_acc 96.590003 - best_valid_acc 96.790003
2024-11-20 06:47:13,905 -                train: [    INFO] - Train: 486 [   0/520]  Loss: 0.1604 (0.160)  Acc@1: 95.8333 (95.8333)  Acc@5: 100.0000 (100.0000)LR: 2.161e-03
2024-11-20 06:47:58,637 -                train: [    INFO] - Train: 486 [ 200/520]  Loss: 0.1840 (0.148)  Acc@1: 96.8750 (96.6262)  Acc@5: 100.0000 (99.9274)LR: 2.161e-03
2024-11-20 06:48:42,613 -                train: [    INFO] - Train: 486 [ 400/520]  Loss: 0.1339 (0.148)  Acc@1: 96.8750 (96.5737)  Acc@5: 100.0000 (99.9480)LR: 2.161e-03
2024-11-20 06:49:08,734 -                train: [    INFO] - Train: 486 [ 520/520]  Loss: 0.2203 (0.151)  Acc@1: 95.0000 (96.5280)  Acc@5: 100.0000 (99.9360)LR: 2.161e-03
2024-11-20 06:49:09,054 -                train: [    INFO] - Valid: 486 [   0/104]  Loss: 0.1529 (0.153)  Acc@1: 95.8333 (95.8333)  Acc@5: 100.0000 (100.0000)
2024-11-20 06:49:14,716 -                train: [    INFO] - Valid: 486 [ 104/104]  Loss: 0.03339 (0.114)  Acc@1: 100.0000 (96.7700)  Acc@5: 100.0000 (99.9600)
2024-11-20 06:49:14,749 -                train: [    INFO] - valid_acc 96.770003 - best_valid_acc 96.790003
2024-11-20 06:49:15,204 -                train: [    INFO] - Train: 487 [   0/520]  Loss: 0.05694 (0.0569)  Acc@1: 98.9583 (98.9583)  Acc@5: 100.0000 (100.0000)LR: 2.125e-03
2024-11-20 06:49:58,748 -                train: [    INFO] - Train: 487 [ 200/520]  Loss: 0.1397 (0.156)  Acc@1: 95.8333 (96.5641)  Acc@5: 100.0000 (99.9015)LR: 2.125e-03
2024-11-20 06:50:42,567 -                train: [    INFO] - Train: 487 [ 400/520]  Loss: 0.1299 (0.157)  Acc@1: 97.9167 (96.4568)  Acc@5: 100.0000 (99.9091)LR: 2.125e-03
2024-11-20 06:51:08,763 -                train: [    INFO] - Train: 487 [ 520/520]  Loss: 0.2929 (0.159)  Acc@1: 92.5000 (96.4140)  Acc@5: 100.0000 (99.9060)LR: 2.125e-03
2024-11-20 06:51:09,004 -                train: [    INFO] - Valid: 487 [   0/104]  Loss: 0.09113 (0.0911)  Acc@1: 95.8333 (95.8333)  Acc@5: 100.0000 (100.0000)
2024-11-20 06:51:14,703 -                train: [    INFO] - Valid: 487 [ 104/104]  Loss: 0.01999 (0.116)  Acc@1: 100.0000 (96.7400)  Acc@5: 100.0000 (99.9100)
2024-11-20 06:51:14,735 -                train: [    INFO] - valid_acc 96.740002 - best_valid_acc 96.790003
2024-11-20 06:51:15,167 -                train: [    INFO] - Train: 488 [   0/520]  Loss: 0.08900 (0.0890)  Acc@1: 98.9583 (98.9583)  Acc@5: 100.0000 (100.0000)LR: 2.088e-03
2024-11-20 06:51:58,851 -                train: [    INFO] - Train: 488 [ 200/520]  Loss: 0.1483 (0.148)  Acc@1: 95.8333 (96.7558)  Acc@5: 100.0000 (99.9274)LR: 2.088e-03
2024-11-20 06:52:42,518 -                train: [    INFO] - Train: 488 [ 400/520]  Loss: 0.1054 (0.153)  Acc@1: 97.9167 (96.5945)  Acc@5: 100.0000 (99.9299)LR: 2.088e-03
2024-11-20 06:53:08,666 -                train: [    INFO] - Train: 488 [ 520/520]  Loss: 0.3957 (0.154)  Acc@1: 93.7500 (96.5980)  Acc@5: 98.7500 (99.9300)LR: 2.088e-03
2024-11-20 06:53:08,925 -                train: [    INFO] - Valid: 488 [   0/104]  Loss: 0.1501 (0.150)  Acc@1: 94.7917 (94.7917)  Acc@5: 100.0000 (100.0000)
2024-11-20 06:53:14,611 -                train: [    INFO] - Valid: 488 [ 104/104]  Loss: 0.003267 (0.125)  Acc@1: 100.0000 (96.5300)  Acc@5: 100.0000 (99.9500)
2024-11-20 06:53:14,647 -                train: [    INFO] - valid_acc 96.530002 - best_valid_acc 96.790003
2024-11-20 06:53:15,068 -                train: [    INFO] - Train: 489 [   0/520]  Loss: 0.1537 (0.154)  Acc@1: 96.8750 (96.8750)  Acc@5: 100.0000 (100.0000)LR: 2.052e-03
2024-11-20 06:53:58,878 -                train: [    INFO] - Train: 489 [ 200/520]  Loss: 0.08150 (0.158)  Acc@1: 97.9167 (96.4138)  Acc@5: 100.0000 (99.9119)LR: 2.052e-03
2024-11-20 06:54:42,625 -                train: [    INFO] - Train: 489 [ 400/520]  Loss: 0.1619 (0.156)  Acc@1: 97.9167 (96.4256)  Acc@5: 100.0000 (99.9221)LR: 2.052e-03
2024-11-20 06:55:08,904 -                train: [    INFO] - Train: 489 [ 520/520]  Loss: 0.1523 (0.155)  Acc@1: 96.2500 (96.4660)  Acc@5: 100.0000 (99.9300)LR: 2.052e-03
2024-11-20 06:55:09,170 -                train: [    INFO] - Valid: 489 [   0/104]  Loss: 0.03704 (0.0370)  Acc@1: 98.9583 (98.9583)  Acc@5: 100.0000 (100.0000)
2024-11-20 06:55:14,841 -                train: [    INFO] - Valid: 489 [ 104/104]  Loss: 0.01899 (0.109)  Acc@1: 100.0000 (96.8500)  Acc@5: 100.0000 (99.9400)
2024-11-20 06:55:15,319 -                train: [    INFO] - valid_acc 96.850003 - best_valid_acc 96.850003
2024-11-20 06:55:15,760 -                train: [    INFO] - Train: 490 [   0/520]  Loss: 0.1104 (0.110)  Acc@1: 96.8750 (96.8750)  Acc@5: 100.0000 (100.0000)LR: 2.017e-03
2024-11-20 06:55:59,282 -                train: [    INFO] - Train: 490 [ 200/520]  Loss: 0.1023 (0.153)  Acc@1: 98.9583 (96.5952)  Acc@5: 100.0000 (99.9119)LR: 2.017e-03
2024-11-20 06:56:43,088 -                train: [    INFO] - Train: 490 [ 400/520]  Loss: 0.2083 (0.151)  Acc@1: 95.8333 (96.5945)  Acc@5: 100.0000 (99.9247)LR: 2.017e-03
2024-11-20 06:57:09,117 -                train: [    INFO] - Train: 490 [ 520/520]  Loss: 0.09607 (0.152)  Acc@1: 98.7500 (96.6260)  Acc@5: 100.0000 (99.9240)LR: 2.017e-03
2024-11-20 06:57:09,371 -                train: [    INFO] - Valid: 490 [   0/104]  Loss: 0.1189 (0.119)  Acc@1: 94.7917 (94.7917)  Acc@5: 100.0000 (100.0000)
2024-11-20 06:57:15,034 -                train: [    INFO] - Valid: 490 [ 104/104]  Loss: 0.02951 (0.117)  Acc@1: 100.0000 (96.7100)  Acc@5: 100.0000 (99.9300)
2024-11-20 06:57:15,110 -                train: [    INFO] - valid_acc 96.710003 - best_valid_acc 96.850003
2024-11-20 06:57:15,609 -                train: [    INFO] - Train: 491 [   0/520]  Loss: 0.2443 (0.244)  Acc@1: 93.7500 (93.7500)  Acc@5: 100.0000 (100.0000)LR: 1.981e-03
2024-11-20 06:57:59,201 -                train: [    INFO] - Train: 491 [ 200/520]  Loss: 0.3480 (0.158)  Acc@1: 92.7083 (96.4863)  Acc@5: 100.0000 (99.9171)LR: 1.981e-03
2024-11-20 06:58:42,849 -                train: [    INFO] - Train: 491 [ 400/520]  Loss: 0.2305 (0.155)  Acc@1: 92.7083 (96.4802)  Acc@5: 100.0000 (99.9065)LR: 1.981e-03
2024-11-20 06:59:09,073 -                train: [    INFO] - Train: 491 [ 520/520]  Loss: 0.1719 (0.154)  Acc@1: 93.7500 (96.5120)  Acc@5: 100.0000 (99.9120)LR: 1.981e-03
2024-11-20 06:59:09,396 -                train: [    INFO] - Valid: 491 [   0/104]  Loss: 0.09734 (0.0973)  Acc@1: 97.9167 (97.9167)  Acc@5: 100.0000 (100.0000)
2024-11-20 06:59:15,075 -                train: [    INFO] - Valid: 491 [ 104/104]  Loss: 0.01045 (0.120)  Acc@1: 100.0000 (96.7100)  Acc@5: 100.0000 (99.9500)
2024-11-20 06:59:15,158 -                train: [    INFO] - valid_acc 96.710002 - best_valid_acc 96.850003
2024-11-20 06:59:15,571 -                train: [    INFO] - Train: 492 [   0/520]  Loss: 0.09586 (0.0959)  Acc@1: 96.8750 (96.8750)  Acc@5: 100.0000 (100.0000)LR: 1.946e-03
2024-11-20 06:59:59,016 -                train: [    INFO] - Train: 492 [ 200/520]  Loss: 0.1481 (0.143)  Acc@1: 95.8333 (96.7921)  Acc@5: 100.0000 (99.9274)LR: 1.946e-03
2024-11-20 07:00:42,529 -                train: [    INFO] - Train: 492 [ 400/520]  Loss: 0.2029 (0.148)  Acc@1: 94.7917 (96.6724)  Acc@5: 100.0000 (99.9143)LR: 1.946e-03
2024-11-20 07:01:08,700 -                train: [    INFO] - Train: 492 [ 520/520]  Loss: 0.2275 (0.147)  Acc@1: 93.7500 (96.6540)  Acc@5: 100.0000 (99.9200)LR: 1.946e-03
2024-11-20 07:01:08,942 -                train: [    INFO] - Valid: 492 [   0/104]  Loss: 0.1155 (0.115)  Acc@1: 97.9167 (97.9167)  Acc@5: 100.0000 (100.0000)
2024-11-20 07:01:14,621 -                train: [    INFO] - Valid: 492 [ 104/104]  Loss: 0.1125 (0.119)  Acc@1: 93.7500 (96.7100)  Acc@5: 100.0000 (99.9500)
2024-11-20 07:01:14,650 -                train: [    INFO] - valid_acc 96.710003 - best_valid_acc 96.850003
2024-11-20 07:01:15,110 -                train: [    INFO] - Train: 493 [   0/520]  Loss: 0.1337 (0.134)  Acc@1: 95.8333 (95.8333)  Acc@5: 100.0000 (100.0000)LR: 1.911e-03
2024-11-20 07:01:58,739 -                train: [    INFO] - Train: 493 [ 200/520]  Loss: 0.1178 (0.147)  Acc@1: 96.8750 (96.5692)  Acc@5: 100.0000 (99.9067)LR: 1.911e-03
2024-11-20 07:02:42,222 -                train: [    INFO] - Train: 493 [ 400/520]  Loss: 0.07183 (0.149)  Acc@1: 97.9167 (96.5996)  Acc@5: 100.0000 (99.9377)LR: 1.911e-03
2024-11-20 07:03:08,317 -                train: [    INFO] - Train: 493 [ 520/520]  Loss: 0.08879 (0.150)  Acc@1: 97.5000 (96.6040)  Acc@5: 100.0000 (99.9200)LR: 1.911e-03
2024-11-20 07:03:08,589 -                train: [    INFO] - Valid: 493 [   0/104]  Loss: 0.09465 (0.0946)  Acc@1: 97.9167 (97.9167)  Acc@5: 100.0000 (100.0000)
2024-11-20 07:03:14,272 -                train: [    INFO] - Valid: 493 [ 104/104]  Loss: 0.02794 (0.113)  Acc@1: 100.0000 (96.6000)  Acc@5: 100.0000 (99.9100)
2024-11-20 07:03:14,314 -                train: [    INFO] - valid_acc 96.600003 - best_valid_acc 96.850003
2024-11-20 07:03:14,777 -                train: [    INFO] - Train: 494 [   0/520]  Loss: 0.1293 (0.129)  Acc@1: 97.9167 (97.9167)  Acc@5: 100.0000 (100.0000)LR: 1.876e-03
2024-11-20 07:03:58,257 -                train: [    INFO] - Train: 494 [ 200/520]  Loss: 0.1855 (0.146)  Acc@1: 96.8750 (96.7662)  Acc@5: 98.9583 (99.9637)LR: 1.876e-03
2024-11-20 07:04:41,950 -                train: [    INFO] - Train: 494 [ 400/520]  Loss: 0.07064 (0.147)  Acc@1: 98.9583 (96.7399)  Acc@5: 100.0000 (99.9273)LR: 1.876e-03
2024-11-20 07:05:07,907 -                train: [    INFO] - Train: 494 [ 520/520]  Loss: 0.2604 (0.145)  Acc@1: 95.0000 (96.8020)  Acc@5: 100.0000 (99.9200)LR: 1.876e-03
2024-11-20 07:05:08,259 -                train: [    INFO] - Valid: 494 [   0/104]  Loss: 0.1140 (0.114)  Acc@1: 97.9167 (97.9167)  Acc@5: 100.0000 (100.0000)
2024-11-20 07:05:13,916 -                train: [    INFO] - Valid: 494 [ 104/104]  Loss: 0.01741 (0.114)  Acc@1: 100.0000 (96.8800)  Acc@5: 100.0000 (99.9400)
2024-11-20 07:05:14,521 -                train: [    INFO] - valid_acc 96.880002 - best_valid_acc 96.880002
2024-11-20 07:05:14,941 -                train: [    INFO] - Train: 495 [   0/520]  Loss: 0.05801 (0.0580)  Acc@1: 100.0000 (100.0000)  Acc@5: 100.0000 (100.0000)LR: 1.842e-03
2024-11-20 07:05:58,430 -                train: [    INFO] - Train: 495 [ 200/520]  Loss: 0.09973 (0.141)  Acc@1: 97.9167 (96.7921)  Acc@5: 100.0000 (99.9015)LR: 1.842e-03
2024-11-20 07:06:41,983 -                train: [    INFO] - Train: 495 [ 400/520]  Loss: 0.1405 (0.143)  Acc@1: 96.8750 (96.7737)  Acc@5: 100.0000 (99.9299)LR: 1.842e-03
2024-11-20 07:07:08,136 -                train: [    INFO] - Train: 495 [ 520/520]  Loss: 0.08944 (0.143)  Acc@1: 98.7500 (96.7940)  Acc@5: 100.0000 (99.9360)LR: 1.842e-03
2024-11-20 07:07:08,410 -                train: [    INFO] - Valid: 495 [   0/104]  Loss: 0.1317 (0.132)  Acc@1: 95.8333 (95.8333)  Acc@5: 100.0000 (100.0000)
2024-11-20 07:07:14,073 -                train: [    INFO] - Valid: 495 [ 104/104]  Loss: 0.007789 (0.115)  Acc@1: 100.0000 (96.6900)  Acc@5: 100.0000 (99.9300)
2024-11-20 07:07:14,134 -                train: [    INFO] - valid_acc 96.690002 - best_valid_acc 96.880002
2024-11-20 07:07:14,600 -                train: [    INFO] - Train: 496 [   0/520]  Loss: 0.08954 (0.0895)  Acc@1: 96.8750 (96.8750)  Acc@5: 100.0000 (100.0000)LR: 1.808e-03
2024-11-20 07:07:58,107 -                train: [    INFO] - Train: 496 [ 200/520]  Loss: 0.06573 (0.143)  Acc@1: 100.0000 (96.7040)  Acc@5: 100.0000 (99.9119)LR: 1.808e-03
2024-11-20 07:08:41,706 -                train: [    INFO] - Train: 496 [ 400/520]  Loss: 0.05830 (0.148)  Acc@1: 98.9583 (96.5815)  Acc@5: 100.0000 (99.9195)LR: 1.808e-03
2024-11-20 07:09:07,800 -                train: [    INFO] - Train: 496 [ 520/520]  Loss: 0.04239 (0.148)  Acc@1: 100.0000 (96.5880)  Acc@5: 100.0000 (99.9200)LR: 1.808e-03
2024-11-20 07:09:08,051 -                train: [    INFO] - Valid: 496 [   0/104]  Loss: 0.09775 (0.0978)  Acc@1: 95.8333 (95.8333)  Acc@5: 100.0000 (100.0000)
2024-11-20 07:09:13,707 -                train: [    INFO] - Valid: 496 [ 104/104]  Loss: 0.002279 (0.118)  Acc@1: 100.0000 (96.7800)  Acc@5: 100.0000 (99.9400)
2024-11-20 07:09:13,732 -                train: [    INFO] - valid_acc 96.780003 - best_valid_acc 96.880002
2024-11-20 07:09:14,119 -                train: [    INFO] - Train: 497 [   0/520]  Loss: 0.2162 (0.216)  Acc@1: 93.7500 (93.7500)  Acc@5: 100.0000 (100.0000)LR: 1.774e-03
2024-11-20 07:09:57,583 -                train: [    INFO] - Train: 497 [ 200/520]  Loss: 0.1776 (0.136)  Acc@1: 96.8750 (96.8335)  Acc@5: 100.0000 (99.9326)LR: 1.774e-03
2024-11-20 07:10:41,213 -                train: [    INFO] - Train: 497 [ 400/520]  Loss: 0.1373 (0.143)  Acc@1: 96.8750 (96.7997)  Acc@5: 100.0000 (99.9299)LR: 1.774e-03
2024-11-20 07:11:07,194 -                train: [    INFO] - Train: 497 [ 520/520]  Loss: 0.1365 (0.143)  Acc@1: 96.2500 (96.7680)  Acc@5: 100.0000 (99.9300)LR: 1.774e-03
2024-11-20 07:11:07,476 -                train: [    INFO] - Valid: 497 [   0/104]  Loss: 0.1237 (0.124)  Acc@1: 95.8333 (95.8333)  Acc@5: 100.0000 (100.0000)
2024-11-20 07:11:13,146 -                train: [    INFO] - Valid: 497 [ 104/104]  Loss: 0.01049 (0.117)  Acc@1: 100.0000 (96.7400)  Acc@5: 100.0000 (99.9400)
2024-11-20 07:11:13,191 -                train: [    INFO] - valid_acc 96.740002 - best_valid_acc 96.880002
2024-11-20 07:11:13,631 -                train: [    INFO] - Train: 498 [   0/520]  Loss: 0.1506 (0.151)  Acc@1: 95.8333 (95.8333)  Acc@5: 100.0000 (100.0000)LR: 1.741e-03
2024-11-20 07:11:57,426 -                train: [    INFO] - Train: 498 [ 200/520]  Loss: 0.08290 (0.142)  Acc@1: 98.9583 (96.7040)  Acc@5: 100.0000 (99.9430)LR: 1.741e-03
2024-11-20 07:12:41,130 -                train: [    INFO] - Train: 498 [ 400/520]  Loss: 0.1263 (0.144)  Acc@1: 96.8750 (96.6932)  Acc@5: 100.0000 (99.9351)LR: 1.741e-03
2024-11-20 07:13:07,131 -                train: [    INFO] - Train: 498 [ 520/520]  Loss: 0.2056 (0.142)  Acc@1: 95.0000 (96.7660)  Acc@5: 100.0000 (99.9360)LR: 1.741e-03
2024-11-20 07:13:07,433 -                train: [    INFO] - Valid: 498 [   0/104]  Loss: 0.06585 (0.0658)  Acc@1: 96.8750 (96.8750)  Acc@5: 100.0000 (100.0000)
2024-11-20 07:13:13,117 -                train: [    INFO] - Valid: 498 [ 104/104]  Loss: 0.007653 (0.112)  Acc@1: 100.0000 (96.7800)  Acc@5: 100.0000 (99.9300)
2024-11-20 07:13:13,149 -                train: [    INFO] - valid_acc 96.780003 - best_valid_acc 96.880002
2024-11-20 07:13:13,625 -                train: [    INFO] - Train: 499 [   0/520]  Loss: 0.2095 (0.210)  Acc@1: 94.7917 (94.7917)  Acc@5: 100.0000 (100.0000)LR: 1.708e-03
2024-11-20 07:13:57,252 -                train: [    INFO] - Train: 499 [ 200/520]  Loss: 0.08988 (0.136)  Acc@1: 97.9167 (96.9165)  Acc@5: 100.0000 (99.9326)LR: 1.708e-03
2024-11-20 07:14:40,733 -                train: [    INFO] - Train: 499 [ 400/520]  Loss: 0.1643 (0.140)  Acc@1: 98.9583 (96.8334)  Acc@5: 100.0000 (99.9299)LR: 1.708e-03
2024-11-20 07:15:07,106 -                train: [    INFO] - Train: 499 [ 520/520]  Loss: 0.1109 (0.142)  Acc@1: 96.2500 (96.7540)  Acc@5: 100.0000 (99.9220)LR: 1.708e-03
2024-11-20 07:15:07,345 -                train: [    INFO] - Valid: 499 [   0/104]  Loss: 0.08918 (0.0892)  Acc@1: 95.8333 (95.8333)  Acc@5: 100.0000 (100.0000)
2024-11-20 07:15:13,019 -                train: [    INFO] - Valid: 499 [ 104/104]  Loss: 0.03934 (0.109)  Acc@1: 100.0000 (96.7600)  Acc@5: 100.0000 (99.9300)
2024-11-20 07:15:13,050 -                train: [    INFO] - valid_acc 96.760003 - best_valid_acc 96.880002
2024-11-20 07:15:13,524 -                train: [    INFO] - Train: 500 [   0/520]  Loss: 0.2715 (0.271)  Acc@1: 95.8333 (95.8333)  Acc@5: 100.0000 (100.0000)LR: 1.675e-03
2024-11-20 07:15:57,235 -                train: [    INFO] - Train: 500 [ 200/520]  Loss: 0.06080 (0.141)  Acc@1: 98.9583 (96.8802)  Acc@5: 100.0000 (99.9534)LR: 1.675e-03
2024-11-20 07:16:40,622 -                train: [    INFO] - Train: 500 [ 400/520]  Loss: 0.2609 (0.141)  Acc@1: 94.7917 (96.8906)  Acc@5: 100.0000 (99.9377)LR: 1.675e-03
2024-11-20 07:17:06,697 -                train: [    INFO] - Train: 500 [ 520/520]  Loss: 0.09543 (0.141)  Acc@1: 98.7500 (96.8900)  Acc@5: 100.0000 (99.9280)LR: 1.675e-03
2024-11-20 07:17:06,929 -                train: [    INFO] - Valid: 500 [   0/104]  Loss: 0.07479 (0.0748)  Acc@1: 97.9167 (97.9167)  Acc@5: 100.0000 (100.0000)
2024-11-20 07:17:12,589 -                train: [    INFO] - Valid: 500 [ 104/104]  Loss: 0.001037 (0.108)  Acc@1: 100.0000 (96.8900)  Acc@5: 100.0000 (99.9300)
2024-11-20 07:17:13,096 -                train: [    INFO] - valid_acc 96.890003 - best_valid_acc 96.890003
2024-11-20 07:17:13,515 -                train: [    INFO] - Train: 501 [   0/520]  Loss: 0.06843 (0.0684)  Acc@1: 98.9583 (98.9583)  Acc@5: 100.0000 (100.0000)LR: 1.642e-03
2024-11-20 07:17:57,787 -                train: [    INFO] - Train: 501 [ 200/520]  Loss: 0.1594 (0.137)  Acc@1: 97.9167 (96.7351)  Acc@5: 98.9583 (99.9378)LR: 1.642e-03
2024-11-20 07:18:41,732 -                train: [    INFO] - Train: 501 [ 400/520]  Loss: 0.2082 (0.135)  Acc@1: 93.7500 (96.8490)  Acc@5: 100.0000 (99.9480)LR: 1.642e-03
2024-11-20 07:19:08,134 -                train: [    INFO] - Train: 501 [ 520/520]  Loss: 0.05271 (0.137)  Acc@1: 98.7500 (96.8440)  Acc@5: 100.0000 (99.9440)LR: 1.642e-03
2024-11-20 07:19:08,400 -                train: [    INFO] - Valid: 501 [   0/104]  Loss: 0.07031 (0.0703)  Acc@1: 97.9167 (97.9167)  Acc@5: 100.0000 (100.0000)
2024-11-20 07:19:14,072 -                train: [    INFO] - Valid: 501 [ 104/104]  Loss: 0.0006286 (0.112)  Acc@1: 100.0000 (96.9400)  Acc@5: 100.0000 (99.9200)
2024-11-20 07:19:14,618 -                train: [    INFO] - valid_acc 96.940003 - best_valid_acc 96.940003
2024-11-20 07:19:15,055 -                train: [    INFO] - Train: 502 [   0/520]  Loss: 0.08249 (0.0825)  Acc@1: 97.9167 (97.9167)  Acc@5: 100.0000 (100.0000)LR: 1.610e-03
2024-11-20 07:19:59,141 -                train: [    INFO] - Train: 502 [ 200/520]  Loss: 0.09274 (0.133)  Acc@1: 97.9167 (96.8957)  Acc@5: 100.0000 (99.9585)LR: 1.610e-03
2024-11-20 07:20:42,934 -                train: [    INFO] - Train: 502 [ 400/520]  Loss: 0.1758 (0.135)  Acc@1: 94.7917 (96.9010)  Acc@5: 100.0000 (99.9610)LR: 1.610e-03
2024-11-20 07:21:08,990 -                train: [    INFO] - Train: 502 [ 520/520]  Loss: 0.06530 (0.135)  Acc@1: 100.0000 (96.8720)  Acc@5: 100.0000 (99.9620)LR: 1.610e-03
2024-11-20 07:21:09,717 -                train: [    INFO] - Valid: 502 [   0/104]  Loss: 0.07931 (0.0793)  Acc@1: 97.9167 (97.9167)  Acc@5: 100.0000 (100.0000)
2024-11-20 07:21:15,379 -                train: [    INFO] - Valid: 502 [ 104/104]  Loss: 0.07286 (0.114)  Acc@1: 93.7500 (96.8300)  Acc@5: 100.0000 (99.9200)
2024-11-20 07:21:15,425 -                train: [    INFO] - valid_acc 96.830003 - best_valid_acc 96.940003
2024-11-20 07:21:15,864 -                train: [    INFO] - Train: 503 [   0/520]  Loss: 0.2282 (0.228)  Acc@1: 95.8333 (95.8333)  Acc@5: 100.0000 (100.0000)LR: 1.578e-03
2024-11-20 07:21:59,584 -                train: [    INFO] - Train: 503 [ 200/520]  Loss: 0.06455 (0.140)  Acc@1: 98.9583 (96.8335)  Acc@5: 100.0000 (99.9430)LR: 1.578e-03
2024-11-20 07:22:43,491 -                train: [    INFO] - Train: 503 [ 400/520]  Loss: 0.1134 (0.138)  Acc@1: 96.8750 (96.8698)  Acc@5: 100.0000 (99.9558)LR: 1.578e-03
2024-11-20 07:23:09,530 -                train: [    INFO] - Train: 503 [ 520/520]  Loss: 0.1067 (0.137)  Acc@1: 98.7500 (96.9320)  Acc@5: 100.0000 (99.9460)LR: 1.578e-03
2024-11-20 07:23:09,812 -                train: [    INFO] - Valid: 503 [   0/104]  Loss: 0.08456 (0.0846)  Acc@1: 96.8750 (96.8750)  Acc@5: 100.0000 (100.0000)
2024-11-20 07:23:15,471 -                train: [    INFO] - Valid: 503 [ 104/104]  Loss: 0.02935 (0.115)  Acc@1: 100.0000 (96.9000)  Acc@5: 100.0000 (99.9300)
2024-11-20 07:23:15,502 -                train: [    INFO] - valid_acc 96.900003 - best_valid_acc 96.940003
2024-11-20 07:23:15,927 -                train: [    INFO] - Train: 504 [   0/520]  Loss: 0.07143 (0.0714)  Acc@1: 98.9583 (98.9583)  Acc@5: 100.0000 (100.0000)LR: 1.546e-03
2024-11-20 07:24:00,043 -                train: [    INFO] - Train: 504 [ 200/520]  Loss: 0.1886 (0.135)  Acc@1: 97.9167 (96.9735)  Acc@5: 100.0000 (99.9534)LR: 1.546e-03
2024-11-20 07:24:43,610 -                train: [    INFO] - Train: 504 [ 400/520]  Loss: 0.08842 (0.132)  Acc@1: 96.8750 (97.0724)  Acc@5: 100.0000 (99.9454)LR: 1.546e-03
2024-11-20 07:25:09,660 -                train: [    INFO] - Train: 504 [ 520/520]  Loss: 0.07388 (0.134)  Acc@1: 100.0000 (96.9920)  Acc@5: 100.0000 (99.9320)LR: 1.546e-03
2024-11-20 07:25:10,275 -                train: [    INFO] - Valid: 504 [   0/104]  Loss: 0.1333 (0.133)  Acc@1: 95.8333 (95.8333)  Acc@5: 100.0000 (100.0000)
2024-11-20 07:25:15,976 -                train: [    INFO] - Valid: 504 [ 104/104]  Loss: 0.03663 (0.115)  Acc@1: 100.0000 (97.0200)  Acc@5: 100.0000 (99.9300)
2024-11-20 07:25:18,500 -                train: [    INFO] - valid_acc 97.020003 - best_valid_acc 97.020003
2024-11-20 07:25:18,963 -                train: [    INFO] - Train: 505 [   0/520]  Loss: 0.05462 (0.0546)  Acc@1: 100.0000 (100.0000)  Acc@5: 100.0000 (100.0000)LR: 1.515e-03
2024-11-20 07:26:03,074 -                train: [    INFO] - Train: 505 [ 200/520]  Loss: 0.2070 (0.133)  Acc@1: 94.7917 (97.0201)  Acc@5: 100.0000 (99.9378)LR: 1.515e-03
2024-11-20 07:26:49,445 -                train: [    INFO] - Train: 505 [ 400/520]  Loss: 0.1363 (0.131)  Acc@1: 97.9167 (97.0542)  Acc@5: 100.0000 (99.9480)LR: 1.515e-03
2024-11-20 07:27:19,104 -                train: [    INFO] - Train: 505 [ 520/520]  Loss: 0.07223 (0.132)  Acc@1: 98.7500 (97.0200)  Acc@5: 100.0000 (99.9420)LR: 1.515e-03
2024-11-20 07:27:22,137 -                train: [    INFO] - Valid: 505 [   0/104]  Loss: 0.06567 (0.0657)  Acc@1: 97.9167 (97.9167)  Acc@5: 100.0000 (100.0000)
2024-11-20 07:27:27,917 -                train: [    INFO] - Valid: 505 [ 104/104]  Loss: 0.06888 (0.113)  Acc@1: 93.7500 (96.7700)  Acc@5: 100.0000 (99.9500)
2024-11-20 07:27:31,121 -                train: [    INFO] - valid_acc 96.770003 - best_valid_acc 97.020003
2024-11-20 07:27:32,085 -                train: [    INFO] - Train: 506 [   0/520]  Loss: 0.1015 (0.101)  Acc@1: 97.9167 (97.9167)  Acc@5: 100.0000 (100.0000)LR: 1.484e-03
2024-11-20 07:28:17,742 -                train: [    INFO] - Train: 506 [ 200/520]  Loss: 0.05412 (0.126)  Acc@1: 98.9583 (97.1497)  Acc@5: 100.0000 (99.9482)LR: 1.484e-03
2024-11-20 07:29:01,453 -                train: [    INFO] - Train: 506 [ 400/520]  Loss: 0.1056 (0.128)  Acc@1: 97.9167 (97.1036)  Acc@5: 100.0000 (99.9325)LR: 1.484e-03
2024-11-20 07:30:18,150 -                train: [    INFO] - Train: 506 [ 520/520]  Loss: 0.1207 (0.130)  Acc@1: 97.5000 (97.0500)  Acc@5: 100.0000 (99.9360)LR: 1.484e-03
2024-11-20 07:30:19,235 -                train: [    INFO] - Valid: 506 [   0/104]  Loss: 0.09598 (0.0960)  Acc@1: 97.9167 (97.9167)  Acc@5: 100.0000 (100.0000)
2024-11-20 07:30:24,885 -                train: [    INFO] - Valid: 506 [ 104/104]  Loss: 0.07905 (0.115)  Acc@1: 93.7500 (96.8700)  Acc@5: 100.0000 (99.9300)
2024-11-20 07:30:25,306 -                train: [    INFO] - valid_acc 96.870002 - best_valid_acc 97.020003
2024-11-20 07:30:25,865 -                train: [    INFO] - Train: 507 [   0/520]  Loss: 0.1885 (0.189)  Acc@1: 95.8333 (95.8333)  Acc@5: 100.0000 (100.0000)LR: 1.453e-03
2024-11-20 07:31:09,511 -                train: [    INFO] - Train: 507 [ 200/520]  Loss: 0.08398 (0.128)  Acc@1: 97.9167 (97.1289)  Acc@5: 100.0000 (99.9430)LR: 1.453e-03
2024-11-20 07:31:52,818 -                train: [    INFO] - Train: 507 [ 400/520]  Loss: 0.1560 (0.129)  Acc@1: 97.9167 (97.0802)  Acc@5: 100.0000 (99.9351)LR: 1.453e-03
2024-11-20 07:32:19,122 -                train: [    INFO] - Train: 507 [ 520/520]  Loss: 0.1508 (0.129)  Acc@1: 95.0000 (97.0840)  Acc@5: 100.0000 (99.9420)LR: 1.453e-03
2024-11-20 07:32:20,187 -                train: [    INFO] - Valid: 507 [   0/104]  Loss: 0.1364 (0.136)  Acc@1: 94.7917 (94.7917)  Acc@5: 100.0000 (100.0000)
2024-11-20 07:32:25,834 -                train: [    INFO] - Valid: 507 [ 104/104]  Loss: 0.1388 (0.121)  Acc@1: 93.7500 (96.7300)  Acc@5: 100.0000 (99.9500)
2024-11-20 07:32:26,128 -                train: [    INFO] - valid_acc 96.730003 - best_valid_acc 97.020003
2024-11-20 07:32:26,609 -                train: [    INFO] - Train: 508 [   0/520]  Loss: 0.05018 (0.0502)  Acc@1: 97.9167 (97.9167)  Acc@5: 100.0000 (100.0000)LR: 1.422e-03
2024-11-20 07:33:11,778 -                train: [    INFO] - Train: 508 [ 200/520]  Loss: 0.1274 (0.129)  Acc@1: 95.8333 (97.2326)  Acc@5: 100.0000 (99.9585)LR: 1.422e-03
2024-11-20 07:33:57,685 -                train: [    INFO] - Train: 508 [ 400/520]  Loss: 0.05608 (0.131)  Acc@1: 98.9583 (97.1166)  Acc@5: 100.0000 (99.9480)LR: 1.422e-03
2024-11-20 07:34:24,507 -                train: [    INFO] - Train: 508 [ 520/520]  Loss: 0.1888 (0.130)  Acc@1: 97.5000 (97.1320)  Acc@5: 100.0000 (99.9500)LR: 1.422e-03
2024-11-20 07:34:26,522 -                train: [    INFO] - Valid: 508 [   0/104]  Loss: 0.08509 (0.0851)  Acc@1: 97.9167 (97.9167)  Acc@5: 100.0000 (100.0000)
2024-11-20 07:34:32,398 -                train: [    INFO] - Valid: 508 [ 104/104]  Loss: 0.2176 (0.116)  Acc@1: 93.7500 (96.9300)  Acc@5: 100.0000 (99.9500)
2024-11-20 07:34:32,996 -                train: [    INFO] - valid_acc 96.930002 - best_valid_acc 97.020003
2024-11-20 07:34:33,482 -                train: [    INFO] - Train: 509 [   0/520]  Loss: 0.3123 (0.312)  Acc@1: 91.6667 (91.6667)  Acc@5: 100.0000 (100.0000)LR: 1.392e-03
2024-11-20 07:35:17,125 -                train: [    INFO] - Train: 509 [ 200/520]  Loss: 0.06404 (0.130)  Acc@1: 97.9167 (97.0927)  Acc@5: 100.0000 (99.9534)LR: 1.392e-03
2024-11-20 07:36:02,209 -                train: [    INFO] - Train: 509 [ 400/520]  Loss: 0.1348 (0.127)  Acc@1: 95.8333 (97.1867)  Acc@5: 100.0000 (99.9377)LR: 1.392e-03
2024-11-20 07:36:28,830 -                train: [    INFO] - Train: 509 [ 520/520]  Loss: 0.1550 (0.126)  Acc@1: 96.2500 (97.2080)  Acc@5: 100.0000 (99.9360)LR: 1.392e-03
2024-11-20 07:36:30,750 -                train: [    INFO] - Valid: 509 [   0/104]  Loss: 0.1242 (0.124)  Acc@1: 95.8333 (95.8333)  Acc@5: 100.0000 (100.0000)
2024-11-20 07:36:36,406 -                train: [    INFO] - Valid: 509 [ 104/104]  Loss: 0.006433 (0.109)  Acc@1: 100.0000 (96.9400)  Acc@5: 100.0000 (99.9700)
2024-11-20 07:36:36,875 -                train: [    INFO] - valid_acc 96.940003 - best_valid_acc 97.020003
2024-11-20 07:36:37,386 -                train: [    INFO] - Train: 510 [   0/520]  Loss: 0.1265 (0.127)  Acc@1: 96.8750 (96.8750)  Acc@5: 100.0000 (100.0000)LR: 1.362e-03
2024-11-20 07:37:22,404 -                train: [    INFO] - Train: 510 [ 200/520]  Loss: 0.2020 (0.127)  Acc@1: 94.7917 (97.2326)  Acc@5: 100.0000 (99.9274)LR: 1.362e-03
2024-11-20 07:38:06,141 -                train: [    INFO] - Train: 510 [ 400/520]  Loss: 0.1416 (0.129)  Acc@1: 97.9167 (97.1088)  Acc@5: 100.0000 (99.9299)LR: 1.362e-03
2024-11-20 07:38:32,414 -                train: [    INFO] - Train: 510 [ 520/520]  Loss: 0.1438 (0.127)  Acc@1: 97.5000 (97.1700)  Acc@5: 100.0000 (99.9380)LR: 1.362e-03
2024-11-20 07:38:32,679 -                train: [    INFO] - Valid: 510 [   0/104]  Loss: 0.09936 (0.0994)  Acc@1: 97.9167 (97.9167)  Acc@5: 100.0000 (100.0000)
2024-11-20 07:38:38,361 -                train: [    INFO] - Valid: 510 [ 104/104]  Loss: 0.006496 (0.110)  Acc@1: 100.0000 (96.9200)  Acc@5: 100.0000 (99.9500)
2024-11-20 07:38:38,387 -                train: [    INFO] - valid_acc 96.920002 - best_valid_acc 97.020003
2024-11-20 07:38:38,790 -                train: [    INFO] - Train: 511 [   0/520]  Loss: 0.1358 (0.136)  Acc@1: 95.8333 (95.8333)  Acc@5: 100.0000 (100.0000)LR: 1.333e-03
2024-11-20 07:39:22,480 -                train: [    INFO] - Train: 511 [ 200/520]  Loss: 0.1997 (0.125)  Acc@1: 97.9167 (97.1859)  Acc@5: 100.0000 (99.9534)LR: 1.333e-03
2024-11-20 07:40:05,977 -                train: [    INFO] - Train: 511 [ 400/520]  Loss: 0.1431 (0.127)  Acc@1: 96.8750 (97.1815)  Acc@5: 100.0000 (99.9584)LR: 1.333e-03
2024-11-20 07:40:32,043 -                train: [    INFO] - Train: 511 [ 520/520]  Loss: 0.1020 (0.127)  Acc@1: 97.5000 (97.1580)  Acc@5: 100.0000 (99.9500)LR: 1.333e-03
2024-11-20 07:40:32,326 -                train: [    INFO] - Valid: 511 [   0/104]  Loss: 0.1379 (0.138)  Acc@1: 97.9167 (97.9167)  Acc@5: 100.0000 (100.0000)
2024-11-20 07:40:37,988 -                train: [    INFO] - Valid: 511 [ 104/104]  Loss: 0.002235 (0.112)  Acc@1: 100.0000 (96.7500)  Acc@5: 100.0000 (99.9700)
2024-11-20 07:40:38,038 -                train: [    INFO] - valid_acc 96.750003 - best_valid_acc 97.020003
2024-11-20 07:40:38,481 -                train: [    INFO] - Train: 512 [   0/520]  Loss: 0.07606 (0.0761)  Acc@1: 98.9583 (98.9583)  Acc@5: 100.0000 (100.0000)LR: 1.304e-03
2024-11-20 07:41:21,901 -                train: [    INFO] - Train: 512 [ 200/520]  Loss: 0.2640 (0.128)  Acc@1: 93.7500 (97.3155)  Acc@5: 100.0000 (99.9171)LR: 1.304e-03
2024-11-20 07:42:05,468 -                train: [    INFO] - Train: 512 [ 400/520]  Loss: 0.06072 (0.126)  Acc@1: 97.9167 (97.2361)  Acc@5: 100.0000 (99.9273)LR: 1.304e-03
2024-11-20 07:42:31,574 -                train: [    INFO] - Train: 512 [ 520/520]  Loss: 0.1061 (0.125)  Acc@1: 98.7500 (97.2600)  Acc@5: 100.0000 (99.9300)LR: 1.304e-03
2024-11-20 07:42:31,964 -                train: [    INFO] - Valid: 512 [   0/104]  Loss: 0.07754 (0.0775)  Acc@1: 97.9167 (97.9167)  Acc@5: 100.0000 (100.0000)
2024-11-20 07:42:37,670 -                train: [    INFO] - Valid: 512 [ 104/104]  Loss: 0.05261 (0.110)  Acc@1: 93.7500 (96.8600)  Acc@5: 100.0000 (99.9500)
2024-11-20 07:42:37,756 -                train: [    INFO] - valid_acc 96.860002 - best_valid_acc 97.020003
2024-11-20 07:42:38,211 -                train: [    INFO] - Train: 513 [   0/520]  Loss: 0.1160 (0.116)  Acc@1: 97.9167 (97.9167)  Acc@5: 100.0000 (100.0000)LR: 1.275e-03
2024-11-20 07:43:21,758 -                train: [    INFO] - Train: 513 [ 200/520]  Loss: 0.1378 (0.120)  Acc@1: 96.8750 (97.3466)  Acc@5: 100.0000 (99.9585)LR: 1.275e-03
2024-11-20 07:44:05,351 -                train: [    INFO] - Train: 513 [ 400/520]  Loss: 0.1071 (0.123)  Acc@1: 97.9167 (97.2309)  Acc@5: 100.0000 (99.9506)LR: 1.275e-03
2024-11-20 07:44:31,446 -                train: [    INFO] - Train: 513 [ 520/520]  Loss: 0.04540 (0.124)  Acc@1: 100.0000 (97.2380)  Acc@5: 100.0000 (99.9580)LR: 1.275e-03
2024-11-20 07:44:32,006 -                train: [    INFO] - Valid: 513 [   0/104]  Loss: 0.06093 (0.0609)  Acc@1: 98.9583 (98.9583)  Acc@5: 100.0000 (100.0000)
2024-11-20 07:44:37,676 -                train: [    INFO] - Valid: 513 [ 104/104]  Loss: 0.01060 (0.112)  Acc@1: 100.0000 (96.9600)  Acc@5: 100.0000 (99.9300)
2024-11-20 07:44:37,721 -                train: [    INFO] - valid_acc 96.960003 - best_valid_acc 97.020003
2024-11-20 07:44:38,139 -                train: [    INFO] - Train: 514 [   0/520]  Loss: 0.05617 (0.0562)  Acc@1: 98.9583 (98.9583)  Acc@5: 100.0000 (100.0000)LR: 1.246e-03
2024-11-20 07:45:21,736 -                train: [    INFO] - Train: 514 [ 200/520]  Loss: 0.1089 (0.124)  Acc@1: 97.9167 (97.2430)  Acc@5: 100.0000 (99.9534)LR: 1.246e-03
2024-11-20 07:46:05,228 -                train: [    INFO] - Train: 514 [ 400/520]  Loss: 0.2325 (0.122)  Acc@1: 96.8750 (97.3166)  Acc@5: 100.0000 (99.9662)LR: 1.246e-03
2024-11-20 07:46:31,228 -                train: [    INFO] - Train: 514 [ 520/520]  Loss: 0.1785 (0.126)  Acc@1: 95.0000 (97.2500)  Acc@5: 100.0000 (99.9560)LR: 1.246e-03
2024-11-20 07:46:31,579 -                train: [    INFO] - Valid: 514 [   0/104]  Loss: 0.04539 (0.0454)  Acc@1: 97.9167 (97.9167)  Acc@5: 100.0000 (100.0000)
2024-11-20 07:46:37,239 -                train: [    INFO] - Valid: 514 [ 104/104]  Loss: 0.2629 (0.108)  Acc@1: 93.7500 (96.8100)  Acc@5: 100.0000 (99.9400)
2024-11-20 07:46:37,287 -                train: [    INFO] - valid_acc 96.810002 - best_valid_acc 97.020003
2024-11-20 07:46:37,698 -                train: [    INFO] - Train: 515 [   0/520]  Loss: 0.1137 (0.114)  Acc@1: 96.8750 (96.8750)  Acc@5: 100.0000 (100.0000)LR: 1.218e-03
2024-11-20 07:47:21,241 -                train: [    INFO] - Train: 515 [ 200/520]  Loss: 0.08838 (0.118)  Acc@1: 96.8750 (97.5539)  Acc@5: 100.0000 (99.9637)LR: 1.218e-03
2024-11-20 07:48:04,836 -                train: [    INFO] - Train: 515 [ 400/520]  Loss: 0.03686 (0.117)  Acc@1: 98.9583 (97.3945)  Acc@5: 100.0000 (99.9714)LR: 1.218e-03
2024-11-20 07:48:30,883 -                train: [    INFO] - Train: 515 [ 520/520]  Loss: 0.2042 (0.117)  Acc@1: 96.2500 (97.4000)  Acc@5: 100.0000 (99.9720)LR: 1.218e-03
2024-11-20 07:48:31,216 -                train: [    INFO] - Valid: 515 [   0/104]  Loss: 0.08692 (0.0869)  Acc@1: 97.9167 (97.9167)  Acc@5: 100.0000 (100.0000)
2024-11-20 07:48:36,894 -                train: [    INFO] - Valid: 515 [ 104/104]  Loss: 0.2652 (0.109)  Acc@1: 93.7500 (96.9500)  Acc@5: 100.0000 (99.9400)
2024-11-20 07:48:38,050 -                train: [    INFO] - valid_acc 96.950003 - best_valid_acc 97.020003
2024-11-20 07:48:38,494 -                train: [    INFO] - Train: 516 [   0/520]  Loss: 0.08043 (0.0804)  Acc@1: 96.8750 (96.8750)  Acc@5: 100.0000 (100.0000)LR: 1.190e-03
2024-11-20 07:49:22,085 -                train: [    INFO] - Train: 516 [ 200/520]  Loss: 0.2453 (0.125)  Acc@1: 96.8750 (97.2170)  Acc@5: 98.9583 (99.9482)LR: 1.190e-03
2024-11-20 07:50:05,854 -                train: [    INFO] - Train: 516 [ 400/520]  Loss: 0.1656 (0.123)  Acc@1: 96.8750 (97.2673)  Acc@5: 100.0000 (99.9480)LR: 1.190e-03
2024-11-20 07:50:31,861 -                train: [    INFO] - Train: 516 [ 520/520]  Loss: 0.08882 (0.120)  Acc@1: 98.7500 (97.2900)  Acc@5: 100.0000 (99.9520)LR: 1.190e-03
2024-11-20 07:50:32,195 -                train: [    INFO] - Valid: 516 [   0/104]  Loss: 0.09366 (0.0937)  Acc@1: 96.8750 (96.8750)  Acc@5: 100.0000 (100.0000)
2024-11-20 07:50:37,857 -                train: [    INFO] - Valid: 516 [ 104/104]  Loss: 0.1768 (0.112)  Acc@1: 93.7500 (96.9800)  Acc@5: 100.0000 (99.9300)
2024-11-20 07:50:37,891 -                train: [    INFO] - valid_acc 96.980002 - best_valid_acc 97.020003
2024-11-20 07:50:38,321 -                train: [    INFO] - Train: 517 [   0/520]  Loss: 0.1576 (0.158)  Acc@1: 96.8750 (96.8750)  Acc@5: 100.0000 (100.0000)LR: 1.162e-03
2024-11-20 07:51:22,204 -                train: [    INFO] - Train: 517 [ 200/520]  Loss: 0.1065 (0.118)  Acc@1: 98.9583 (97.3622)  Acc@5: 100.0000 (99.9378)LR: 1.162e-03
2024-11-20 07:52:05,744 -                train: [    INFO] - Train: 517 [ 400/520]  Loss: 0.06907 (0.120)  Acc@1: 96.8750 (97.3504)  Acc@5: 100.0000 (99.9480)LR: 1.162e-03
2024-11-20 07:52:31,800 -                train: [    INFO] - Train: 517 [ 520/520]  Loss: 0.07941 (0.120)  Acc@1: 98.7500 (97.3640)  Acc@5: 100.0000 (99.9500)LR: 1.162e-03
2024-11-20 07:52:32,087 -                train: [    INFO] - Valid: 517 [   0/104]  Loss: 0.07809 (0.0781)  Acc@1: 97.9167 (97.9167)  Acc@5: 100.0000 (100.0000)
2024-11-20 07:52:37,747 -                train: [    INFO] - Valid: 517 [ 104/104]  Loss: 0.02693 (0.106)  Acc@1: 100.0000 (97.1000)  Acc@5: 100.0000 (99.9300)
2024-11-20 07:52:39,230 -                train: [    INFO] - valid_acc 97.100002 - best_valid_acc 97.100002
2024-11-20 07:52:39,652 -                train: [    INFO] - Train: 518 [   0/520]  Loss: 0.1876 (0.188)  Acc@1: 96.8750 (96.8750)  Acc@5: 100.0000 (100.0000)LR: 1.135e-03
2024-11-20 07:53:23,395 -                train: [    INFO] - Train: 518 [ 200/520]  Loss: 0.1583 (0.112)  Acc@1: 95.8333 (97.5954)  Acc@5: 100.0000 (99.9637)LR: 1.135e-03
2024-11-20 07:54:07,077 -                train: [    INFO] - Train: 518 [ 400/520]  Loss: 0.1384 (0.114)  Acc@1: 95.8333 (97.4907)  Acc@5: 100.0000 (99.9532)LR: 1.135e-03
2024-11-20 07:54:33,157 -                train: [    INFO] - Train: 518 [ 520/520]  Loss: 0.1479 (0.117)  Acc@1: 96.2500 (97.4000)  Acc@5: 100.0000 (99.9540)LR: 1.135e-03
2024-11-20 07:54:33,493 -                train: [    INFO] - Valid: 518 [   0/104]  Loss: 0.08151 (0.0815)  Acc@1: 96.8750 (96.8750)  Acc@5: 100.0000 (100.0000)
2024-11-20 07:54:39,175 -                train: [    INFO] - Valid: 518 [ 104/104]  Loss: 0.1781 (0.111)  Acc@1: 93.7500 (96.9300)  Acc@5: 100.0000 (99.9400)
2024-11-20 07:54:39,227 -                train: [    INFO] - valid_acc 96.930003 - best_valid_acc 97.100002
2024-11-20 07:54:39,681 -                train: [    INFO] - Train: 519 [   0/520]  Loss: 0.1640 (0.164)  Acc@1: 95.8333 (95.8333)  Acc@5: 100.0000 (100.0000)LR: 1.107e-03
2024-11-20 07:55:23,809 -                train: [    INFO] - Train: 519 [ 200/520]  Loss: 0.08801 (0.112)  Acc@1: 98.9583 (97.5902)  Acc@5: 100.0000 (99.9534)LR: 1.107e-03
2024-11-20 07:56:08,034 -                train: [    INFO] - Train: 519 [ 400/520]  Loss: 0.2159 (0.118)  Acc@1: 92.7083 (97.4569)  Acc@5: 100.0000 (99.9351)LR: 1.107e-03
2024-11-20 07:56:34,316 -                train: [    INFO] - Train: 519 [ 520/520]  Loss: 0.08458 (0.118)  Acc@1: 96.2500 (97.4140)  Acc@5: 100.0000 (99.9340)LR: 1.107e-03
2024-11-20 07:56:34,643 -                train: [    INFO] - Valid: 519 [   0/104]  Loss: 0.1206 (0.121)  Acc@1: 95.8333 (95.8333)  Acc@5: 100.0000 (100.0000)
2024-11-20 07:56:40,303 -                train: [    INFO] - Valid: 519 [ 104/104]  Loss: 0.02271 (0.115)  Acc@1: 100.0000 (96.9300)  Acc@5: 100.0000 (99.9300)
2024-11-20 07:56:40,342 -                train: [    INFO] - valid_acc 96.930003 - best_valid_acc 97.100002
2024-11-20 07:56:40,878 -                train: [    INFO] - Train: 520 [   0/520]  Loss: 0.1414 (0.141)  Acc@1: 94.7917 (94.7917)  Acc@5: 98.9583 (98.9583)LR: 1.081e-03
2024-11-20 07:57:24,632 -                train: [    INFO] - Train: 520 [ 200/520]  Loss: 0.1301 (0.119)  Acc@1: 97.9167 (97.3466)  Acc@5: 100.0000 (99.9326)LR: 1.081e-03
2024-11-20 07:58:08,693 -                train: [    INFO] - Train: 520 [ 400/520]  Loss: 0.1723 (0.116)  Acc@1: 95.8333 (97.3945)  Acc@5: 100.0000 (99.9429)LR: 1.081e-03
2024-11-20 07:58:34,993 -                train: [    INFO] - Train: 520 [ 520/520]  Loss: 0.1501 (0.116)  Acc@1: 95.0000 (97.3900)  Acc@5: 100.0000 (99.9480)LR: 1.081e-03
2024-11-20 07:58:35,286 -                train: [    INFO] - Valid: 520 [   0/104]  Loss: 0.1239 (0.124)  Acc@1: 94.7917 (94.7917)  Acc@5: 100.0000 (100.0000)
2024-11-20 07:58:40,949 -                train: [    INFO] - Valid: 520 [ 104/104]  Loss: 0.01672 (0.111)  Acc@1: 100.0000 (96.9800)  Acc@5: 100.0000 (99.9700)
2024-11-20 07:58:41,388 -                train: [    INFO] - valid_acc 96.980002 - best_valid_acc 97.100002
2024-11-20 07:58:41,844 -                train: [    INFO] - Train: 521 [   0/520]  Loss: 0.08567 (0.0857)  Acc@1: 97.9167 (97.9167)  Acc@5: 100.0000 (100.0000)LR: 1.054e-03
2024-11-20 07:59:25,931 -                train: [    INFO] - Train: 521 [ 200/520]  Loss: 0.09923 (0.116)  Acc@1: 97.9167 (97.5435)  Acc@5: 100.0000 (99.9637)LR: 1.054e-03
2024-11-20 08:00:09,524 -                train: [    INFO] - Train: 521 [ 400/520]  Loss: 0.08957 (0.116)  Acc@1: 98.9583 (97.5192)  Acc@5: 100.0000 (99.9454)LR: 1.054e-03
2024-11-20 08:00:36,156 -                train: [    INFO] - Train: 521 [ 520/520]  Loss: 0.02815 (0.116)  Acc@1: 100.0000 (97.4560)  Acc@5: 100.0000 (99.9440)LR: 1.054e-03
2024-11-20 08:00:36,521 -                train: [    INFO] - Valid: 521 [   0/104]  Loss: 0.1251 (0.125)  Acc@1: 96.8750 (96.8750)  Acc@5: 100.0000 (100.0000)
2024-11-20 08:00:42,233 -                train: [    INFO] - Valid: 521 [ 104/104]  Loss: 0.02156 (0.113)  Acc@1: 100.0000 (97.0200)  Acc@5: 100.0000 (99.9400)
2024-11-20 08:00:42,264 -                train: [    INFO] - valid_acc 97.020002 - best_valid_acc 97.100002
2024-11-20 08:00:42,671 -                train: [    INFO] - Train: 522 [   0/520]  Loss: 0.2531 (0.253)  Acc@1: 91.6667 (91.6667)  Acc@5: 100.0000 (100.0000)LR: 1.028e-03
2024-11-20 08:01:26,424 -                train: [    INFO] - Train: 522 [ 200/520]  Loss: 0.03630 (0.108)  Acc@1: 98.9583 (97.6420)  Acc@5: 100.0000 (99.9585)LR: 1.028e-03
2024-11-20 08:02:09,963 -                train: [    INFO] - Train: 522 [ 400/520]  Loss: 0.2488 (0.115)  Acc@1: 94.7917 (97.4907)  Acc@5: 100.0000 (99.9480)LR: 1.028e-03
2024-11-20 08:02:36,069 -                train: [    INFO] - Train: 522 [ 520/520]  Loss: 0.1317 (0.114)  Acc@1: 98.7500 (97.4960)  Acc@5: 100.0000 (99.9520)LR: 1.028e-03
2024-11-20 08:02:36,379 -                train: [    INFO] - Valid: 522 [   0/104]  Loss: 0.04944 (0.0494)  Acc@1: 97.9167 (97.9167)  Acc@5: 100.0000 (100.0000)
2024-11-20 08:02:42,043 -                train: [    INFO] - Valid: 522 [ 104/104]  Loss: 0.05753 (0.116)  Acc@1: 93.7500 (96.9200)  Acc@5: 100.0000 (99.9100)
2024-11-20 08:02:43,103 -                train: [    INFO] - valid_acc 96.920003 - best_valid_acc 97.100002
2024-11-20 08:02:43,622 -                train: [    INFO] - Train: 523 [   0/520]  Loss: 0.1173 (0.117)  Acc@1: 96.8750 (96.8750)  Acc@5: 100.0000 (100.0000)LR: 1.002e-03
2024-11-20 08:03:27,152 -                train: [    INFO] - Train: 523 [ 200/520]  Loss: 0.06280 (0.117)  Acc@1: 98.9583 (97.3311)  Acc@5: 100.0000 (99.9378)LR: 1.002e-03
2024-11-20 08:04:10,716 -                train: [    INFO] - Train: 523 [ 400/520]  Loss: 0.09908 (0.116)  Acc@1: 95.8333 (97.4153)  Acc@5: 100.0000 (99.9351)LR: 1.002e-03
2024-11-20 08:04:36,767 -                train: [    INFO] - Train: 523 [ 520/520]  Loss: 0.01533 (0.115)  Acc@1: 100.0000 (97.4440)  Acc@5: 100.0000 (99.9360)LR: 1.002e-03
2024-11-20 08:04:37,046 -                train: [    INFO] - Valid: 523 [   0/104]  Loss: 0.09024 (0.0902)  Acc@1: 97.9167 (97.9167)  Acc@5: 100.0000 (100.0000)
2024-11-20 08:04:42,703 -                train: [    INFO] - Valid: 523 [ 104/104]  Loss: 0.04374 (0.112)  Acc@1: 93.7500 (97.0200)  Acc@5: 100.0000 (99.9400)
2024-11-20 08:04:42,750 -                train: [    INFO] - valid_acc 97.020002 - best_valid_acc 97.100002
2024-11-20 08:04:43,205 -                train: [    INFO] - Train: 524 [   0/520]  Loss: 0.09338 (0.0934)  Acc@1: 96.8750 (96.8750)  Acc@5: 100.0000 (100.0000)LR: 9.767e-04
2024-11-20 08:05:27,002 -                train: [    INFO] - Train: 524 [ 200/520]  Loss: 0.07907 (0.109)  Acc@1: 98.9583 (97.6368)  Acc@5: 100.0000 (99.9637)LR: 9.767e-04
2024-11-20 08:06:10,605 -                train: [    INFO] - Train: 524 [ 400/520]  Loss: 0.1670 (0.113)  Acc@1: 96.8750 (97.5114)  Acc@5: 100.0000 (99.9636)LR: 9.767e-04
2024-11-20 08:06:36,854 -                train: [    INFO] - Train: 524 [ 520/520]  Loss: 0.04543 (0.113)  Acc@1: 100.0000 (97.5300)  Acc@5: 100.0000 (99.9560)LR: 9.767e-04
2024-11-20 08:06:37,145 -                train: [    INFO] - Valid: 524 [   0/104]  Loss: 0.06723 (0.0672)  Acc@1: 96.8750 (96.8750)  Acc@5: 100.0000 (100.0000)
2024-11-20 08:06:42,816 -                train: [    INFO] - Valid: 524 [ 104/104]  Loss: 0.02070 (0.108)  Acc@1: 100.0000 (97.0600)  Acc@5: 100.0000 (99.9700)
2024-11-20 08:06:42,843 -                train: [    INFO] - valid_acc 97.060002 - best_valid_acc 97.100002
2024-11-20 08:06:43,307 -                train: [    INFO] - Train: 525 [   0/520]  Loss: 0.1172 (0.117)  Acc@1: 96.8750 (96.8750)  Acc@5: 100.0000 (100.0000)LR: 9.515e-04
2024-11-20 08:07:26,944 -                train: [    INFO] - Train: 525 [ 200/520]  Loss: 0.03010 (0.117)  Acc@1: 100.0000 (97.3984)  Acc@5: 100.0000 (99.9637)LR: 9.515e-04
2024-11-20 08:08:10,742 -                train: [    INFO] - Train: 525 [ 400/520]  Loss: 0.09629 (0.117)  Acc@1: 97.9167 (97.3841)  Acc@5: 100.0000 (99.9506)LR: 9.515e-04
2024-11-20 08:08:36,825 -                train: [    INFO] - Train: 525 [ 520/520]  Loss: 0.06092 (0.115)  Acc@1: 98.7500 (97.4540)  Acc@5: 100.0000 (99.9480)LR: 9.515e-04
2024-11-20 08:08:37,096 -                train: [    INFO] - Valid: 525 [   0/104]  Loss: 0.06499 (0.0650)  Acc@1: 97.9167 (97.9167)  Acc@5: 100.0000 (100.0000)
2024-11-20 08:08:42,775 -                train: [    INFO] - Valid: 525 [ 104/104]  Loss: 0.1189 (0.109)  Acc@1: 93.7500 (97.0500)  Acc@5: 100.0000 (99.9400)
2024-11-20 08:08:42,803 -                train: [    INFO] - valid_acc 97.050002 - best_valid_acc 97.100002
2024-11-20 08:08:43,267 -                train: [    INFO] - Train: 526 [   0/520]  Loss: 0.1317 (0.132)  Acc@1: 98.9583 (98.9583)  Acc@5: 100.0000 (100.0000)LR: 9.266e-04
2024-11-20 08:09:26,799 -                train: [    INFO] - Train: 526 [ 200/520]  Loss: 0.2293 (0.108)  Acc@1: 95.8333 (97.6783)  Acc@5: 100.0000 (99.9845)LR: 9.266e-04
2024-11-20 08:10:10,665 -                train: [    INFO] - Train: 526 [ 400/520]  Loss: 0.1225 (0.111)  Acc@1: 95.8333 (97.6283)  Acc@5: 100.0000 (99.9688)LR: 9.266e-04
2024-11-20 08:10:36,918 -                train: [    INFO] - Train: 526 [ 520/520]  Loss: 0.01299 (0.111)  Acc@1: 100.0000 (97.6300)  Acc@5: 100.0000 (99.9640)LR: 9.266e-04
2024-11-20 08:10:37,345 -                train: [    INFO] - Valid: 526 [   0/104]  Loss: 0.04611 (0.0461)  Acc@1: 97.9167 (97.9167)  Acc@5: 100.0000 (100.0000)
2024-11-20 08:10:43,008 -                train: [    INFO] - Valid: 526 [ 104/104]  Loss: 0.02915 (0.107)  Acc@1: 100.0000 (97.1300)  Acc@5: 100.0000 (99.9500)
2024-11-20 08:10:43,542 -                train: [    INFO] - valid_acc 97.130002 - best_valid_acc 97.130002
2024-11-20 08:10:43,966 -                train: [    INFO] - Train: 527 [   0/520]  Loss: 0.1169 (0.117)  Acc@1: 96.8750 (96.8750)  Acc@5: 100.0000 (100.0000)LR: 9.020e-04
2024-11-20 08:11:27,475 -                train: [    INFO] - Train: 527 [ 200/520]  Loss: 0.1614 (0.105)  Acc@1: 95.8333 (97.7767)  Acc@5: 98.9583 (99.9585)LR: 9.020e-04
2024-11-20 08:12:11,043 -                train: [    INFO] - Train: 527 [ 400/520]  Loss: 0.2371 (0.110)  Acc@1: 90.6250 (97.6647)  Acc@5: 100.0000 (99.9506)LR: 9.020e-04
2024-11-20 08:12:37,181 -                train: [    INFO] - Train: 527 [ 520/520]  Loss: 0.1691 (0.109)  Acc@1: 97.5000 (97.6320)  Acc@5: 100.0000 (99.9500)LR: 9.020e-04
2024-11-20 08:12:37,449 -                train: [    INFO] - Valid: 527 [   0/104]  Loss: 0.03676 (0.0368)  Acc@1: 97.9167 (97.9167)  Acc@5: 100.0000 (100.0000)
2024-11-20 08:12:43,106 -                train: [    INFO] - Valid: 527 [ 104/104]  Loss: 0.2545 (0.109)  Acc@1: 93.7500 (97.1300)  Acc@5: 100.0000 (99.9200)
2024-11-20 08:12:43,636 -                train: [    INFO] - valid_acc 97.130002 - best_valid_acc 97.130002
2024-11-20 08:12:44,043 -                train: [    INFO] - Train: 528 [   0/520]  Loss: 0.1230 (0.123)  Acc@1: 96.8750 (96.8750)  Acc@5: 100.0000 (100.0000)LR: 8.778e-04
2024-11-20 08:13:27,813 -                train: [    INFO] - Train: 528 [ 200/520]  Loss: 0.1901 (0.108)  Acc@1: 96.8750 (97.6316)  Acc@5: 100.0000 (99.9585)LR: 8.778e-04
2024-11-20 08:14:11,618 -                train: [    INFO] - Train: 528 [ 400/520]  Loss: 0.1089 (0.110)  Acc@1: 97.9167 (97.5634)  Acc@5: 100.0000 (99.9636)LR: 8.778e-04
2024-11-20 08:14:37,644 -                train: [    INFO] - Train: 528 [ 520/520]  Loss: 0.2123 (0.108)  Acc@1: 95.0000 (97.6320)  Acc@5: 100.0000 (99.9600)LR: 8.778e-04
2024-11-20 08:14:37,894 -                train: [    INFO] - Valid: 528 [   0/104]  Loss: 0.03055 (0.0306)  Acc@1: 97.9167 (97.9167)  Acc@5: 100.0000 (100.0000)
2024-11-20 08:14:43,648 -                train: [    INFO] - Valid: 528 [ 104/104]  Loss: 0.1412 (0.109)  Acc@1: 93.7500 (97.1100)  Acc@5: 100.0000 (99.9400)
2024-11-20 08:14:43,695 -                train: [    INFO] - valid_acc 97.110003 - best_valid_acc 97.130002
2024-11-20 08:14:44,159 -                train: [    INFO] - Train: 529 [   0/520]  Loss: 0.1729 (0.173)  Acc@1: 96.8750 (96.8750)  Acc@5: 100.0000 (100.0000)LR: 8.539e-04
2024-11-20 08:15:27,613 -                train: [    INFO] - Train: 529 [ 200/520]  Loss: 0.1076 (0.107)  Acc@1: 97.9167 (97.5798)  Acc@5: 100.0000 (99.9585)LR: 8.539e-04
2024-11-20 08:16:11,001 -                train: [    INFO] - Train: 529 [ 400/520]  Loss: 0.1659 (0.106)  Acc@1: 93.7500 (97.6595)  Acc@5: 100.0000 (99.9454)LR: 8.539e-04
2024-11-20 08:16:37,073 -                train: [    INFO] - Train: 529 [ 520/520]  Loss: 0.09056 (0.108)  Acc@1: 98.7500 (97.6400)  Acc@5: 100.0000 (99.9460)LR: 8.539e-04
2024-11-20 08:16:37,327 -                train: [    INFO] - Valid: 529 [   0/104]  Loss: 0.1113 (0.111)  Acc@1: 97.9167 (97.9167)  Acc@5: 100.0000 (100.0000)
2024-11-20 08:16:42,988 -                train: [    INFO] - Valid: 529 [ 104/104]  Loss: 0.04145 (0.108)  Acc@1: 100.0000 (97.1500)  Acc@5: 100.0000 (99.9500)
2024-11-20 08:16:43,543 -                train: [    INFO] - valid_acc 97.150002 - best_valid_acc 97.150002
2024-11-20 08:16:43,958 -                train: [    INFO] - Train: 530 [   0/520]  Loss: 0.1218 (0.122)  Acc@1: 95.8333 (95.8333)  Acc@5: 100.0000 (100.0000)LR: 8.302e-04
2024-11-20 08:17:27,457 -                train: [    INFO] - Train: 530 [ 200/520]  Loss: 0.09881 (0.109)  Acc@1: 97.9167 (97.6265)  Acc@5: 100.0000 (99.9482)LR: 8.302e-04
2024-11-20 08:18:10,999 -                train: [    INFO] - Train: 530 [ 400/520]  Loss: 0.05489 (0.104)  Acc@1: 98.9583 (97.7608)  Acc@5: 100.0000 (99.9584)LR: 8.302e-04
2024-11-20 08:18:36,999 -                train: [    INFO] - Train: 530 [ 520/520]  Loss: 0.1080 (0.105)  Acc@1: 97.5000 (97.7440)  Acc@5: 100.0000 (99.9580)LR: 8.302e-04
2024-11-20 08:18:37,302 -                train: [    INFO] - Valid: 530 [   0/104]  Loss: 0.05143 (0.0514)  Acc@1: 97.9167 (97.9167)  Acc@5: 100.0000 (100.0000)
2024-11-20 08:18:42,963 -                train: [    INFO] - Valid: 530 [ 104/104]  Loss: 0.03447 (0.109)  Acc@1: 100.0000 (97.1800)  Acc@5: 100.0000 (99.9600)
2024-11-20 08:18:43,477 -                train: [    INFO] - valid_acc 97.180002 - best_valid_acc 97.180002
2024-11-20 08:18:43,915 -                train: [    INFO] - Train: 531 [   0/520]  Loss: 0.1802 (0.180)  Acc@1: 96.8750 (96.8750)  Acc@5: 100.0000 (100.0000)LR: 8.069e-04
2024-11-20 08:19:27,975 -                train: [    INFO] - Train: 531 [ 200/520]  Loss: 0.1121 (0.108)  Acc@1: 97.9167 (97.6161)  Acc@5: 100.0000 (99.9689)LR: 8.069e-04
2024-11-20 08:20:12,060 -                train: [    INFO] - Train: 531 [ 400/520]  Loss: 0.1184 (0.110)  Acc@1: 97.9167 (97.5816)  Acc@5: 100.0000 (99.9506)LR: 8.069e-04
2024-11-20 08:20:38,237 -                train: [    INFO] - Train: 531 [ 520/520]  Loss: 0.08318 (0.109)  Acc@1: 98.7500 (97.6380)  Acc@5: 100.0000 (99.9460)LR: 8.069e-04
2024-11-20 08:20:38,585 -                train: [    INFO] - Valid: 531 [   0/104]  Loss: 0.04927 (0.0493)  Acc@1: 96.8750 (96.8750)  Acc@5: 100.0000 (100.0000)
2024-11-20 08:20:44,247 -                train: [    INFO] - Valid: 531 [ 104/104]  Loss: 0.09519 (0.110)  Acc@1: 93.7500 (97.0400)  Acc@5: 100.0000 (99.9500)
2024-11-20 08:20:44,280 -                train: [    INFO] - valid_acc 97.040002 - best_valid_acc 97.180002
2024-11-20 08:20:44,734 -                train: [    INFO] - Train: 532 [   0/520]  Loss: 0.2824 (0.282)  Acc@1: 93.7500 (93.7500)  Acc@5: 100.0000 (100.0000)LR: 7.840e-04
2024-11-20 08:21:28,113 -                train: [    INFO] - Train: 532 [ 200/520]  Loss: 0.07794 (0.111)  Acc@1: 96.8750 (97.6524)  Acc@5: 100.0000 (99.9793)LR: 7.840e-04
2024-11-20 08:22:11,532 -                train: [    INFO] - Train: 532 [ 400/520]  Loss: 0.2882 (0.112)  Acc@1: 92.7083 (97.5686)  Acc@5: 100.0000 (99.9532)LR: 7.840e-04
2024-11-20 08:22:37,610 -                train: [    INFO] - Train: 532 [ 520/520]  Loss: 0.1145 (0.107)  Acc@1: 97.5000 (97.6780)  Acc@5: 100.0000 (99.9500)LR: 7.840e-04
2024-11-20 08:22:37,925 -                train: [    INFO] - Valid: 532 [   0/104]  Loss: 0.09628 (0.0963)  Acc@1: 97.9167 (97.9167)  Acc@5: 100.0000 (100.0000)
2024-11-20 08:22:43,591 -                train: [    INFO] - Valid: 532 [ 104/104]  Loss: 0.06141 (0.113)  Acc@1: 93.7500 (97.0600)  Acc@5: 100.0000 (99.9700)
2024-11-20 08:22:43,636 -                train: [    INFO] - valid_acc 97.060003 - best_valid_acc 97.180002
2024-11-20 08:22:44,160 -                train: [    INFO] - Train: 533 [   0/520]  Loss: 0.1269 (0.127)  Acc@1: 94.7917 (94.7917)  Acc@5: 100.0000 (100.0000)LR: 7.613e-04
2024-11-20 08:23:28,356 -                train: [    INFO] - Train: 533 [ 200/520]  Loss: 0.1262 (0.105)  Acc@1: 96.8750 (97.8182)  Acc@5: 100.0000 (99.9689)LR: 7.613e-04
2024-11-20 08:24:11,921 -                train: [    INFO] - Train: 533 [ 400/520]  Loss: 0.2346 (0.105)  Acc@1: 96.8750 (97.7296)  Acc@5: 100.0000 (99.9610)LR: 7.613e-04
2024-11-20 08:24:38,051 -                train: [    INFO] - Train: 533 [ 520/520]  Loss: 0.1790 (0.107)  Acc@1: 97.5000 (97.7160)  Acc@5: 100.0000 (99.9580)LR: 7.613e-04
2024-11-20 08:24:38,345 -                train: [    INFO] - Valid: 533 [   0/104]  Loss: 0.07638 (0.0764)  Acc@1: 98.9583 (98.9583)  Acc@5: 100.0000 (100.0000)
2024-11-20 08:24:44,010 -                train: [    INFO] - Valid: 533 [ 104/104]  Loss: 0.09000 (0.108)  Acc@1: 93.7500 (97.0500)  Acc@5: 100.0000 (99.9500)
2024-11-20 08:24:44,403 -                train: [    INFO] - valid_acc 97.050002 - best_valid_acc 97.180002
2024-11-20 08:24:44,923 -                train: [    INFO] - Train: 534 [   0/520]  Loss: 0.1884 (0.188)  Acc@1: 93.7500 (93.7500)  Acc@5: 100.0000 (100.0000)LR: 7.390e-04
2024-11-20 08:25:28,370 -                train: [    INFO] - Train: 534 [ 200/520]  Loss: 0.04073 (0.109)  Acc@1: 98.9583 (97.6213)  Acc@5: 100.0000 (99.9689)LR: 7.390e-04
2024-11-20 08:26:12,035 -                train: [    INFO] - Train: 534 [ 400/520]  Loss: 0.1280 (0.108)  Acc@1: 96.8750 (97.5790)  Acc@5: 100.0000 (99.9688)LR: 7.390e-04
2024-11-20 08:26:37,962 -                train: [    INFO] - Train: 534 [ 520/520]  Loss: 0.1232 (0.107)  Acc@1: 97.5000 (97.5960)  Acc@5: 100.0000 (99.9740)LR: 7.390e-04
2024-11-20 08:26:38,200 -                train: [    INFO] - Valid: 534 [   0/104]  Loss: 0.06532 (0.0653)  Acc@1: 96.8750 (96.8750)  Acc@5: 100.0000 (100.0000)
2024-11-20 08:26:43,868 -                train: [    INFO] - Valid: 534 [ 104/104]  Loss: 0.1015 (0.107)  Acc@1: 93.7500 (97.1600)  Acc@5: 100.0000 (99.9500)
2024-11-20 08:26:43,907 -                train: [    INFO] - valid_acc 97.160003 - best_valid_acc 97.180002
2024-11-20 08:26:44,313 -                train: [    INFO] - Train: 535 [   0/520]  Loss: 0.1119 (0.112)  Acc@1: 96.8750 (96.8750)  Acc@5: 100.0000 (100.0000)LR: 7.170e-04
2024-11-20 08:27:27,901 -                train: [    INFO] - Train: 535 [ 200/520]  Loss: 0.1674 (0.103)  Acc@1: 96.8750 (97.7094)  Acc@5: 100.0000 (99.9378)LR: 7.170e-04
2024-11-20 08:28:11,364 -                train: [    INFO] - Train: 535 [ 400/520]  Loss: 0.1746 (0.0994)  Acc@1: 97.9167 (97.8673)  Acc@5: 100.0000 (99.9558)LR: 7.170e-04
2024-11-20 08:28:37,380 -                train: [    INFO] - Train: 535 [ 520/520]  Loss: 0.1350 (0.102)  Acc@1: 98.7500 (97.8220)  Acc@5: 100.0000 (99.9520)LR: 7.170e-04
2024-11-20 08:28:37,648 -                train: [    INFO] - Valid: 535 [   0/104]  Loss: 0.04463 (0.0446)  Acc@1: 98.9583 (98.9583)  Acc@5: 100.0000 (100.0000)
2024-11-20 08:28:43,315 -                train: [    INFO] - Valid: 535 [ 104/104]  Loss: 0.02917 (0.112)  Acc@1: 100.0000 (97.1000)  Acc@5: 100.0000 (99.9700)
2024-11-20 08:28:43,346 -                train: [    INFO] - valid_acc 97.100002 - best_valid_acc 97.180002
2024-11-20 08:28:43,772 -                train: [    INFO] - Train: 536 [   0/520]  Loss: 0.1374 (0.137)  Acc@1: 94.7917 (94.7917)  Acc@5: 100.0000 (100.0000)LR: 6.953e-04
2024-11-20 08:29:27,444 -                train: [    INFO] - Train: 536 [ 200/520]  Loss: 0.1059 (0.105)  Acc@1: 97.9167 (97.7094)  Acc@5: 100.0000 (99.9534)LR: 6.953e-04
2024-11-20 08:30:10,997 -                train: [    INFO] - Train: 536 [ 400/520]  Loss: 0.04928 (0.105)  Acc@1: 98.9583 (97.7244)  Acc@5: 100.0000 (99.9532)LR: 6.953e-04
2024-11-20 08:30:37,050 -                train: [    INFO] - Train: 536 [ 520/520]  Loss: 0.1784 (0.105)  Acc@1: 97.5000 (97.7160)  Acc@5: 100.0000 (99.9480)LR: 6.953e-04
2024-11-20 08:30:37,309 -                train: [    INFO] - Valid: 536 [   0/104]  Loss: 0.03086 (0.0309)  Acc@1: 97.9167 (97.9167)  Acc@5: 100.0000 (100.0000)
2024-11-20 08:30:42,968 -                train: [    INFO] - Valid: 536 [ 104/104]  Loss: 0.03528 (0.107)  Acc@1: 100.0000 (97.1700)  Acc@5: 100.0000 (99.9700)
2024-11-20 08:30:43,017 -                train: [    INFO] - valid_acc 97.170002 - best_valid_acc 97.180002
2024-11-20 08:30:43,420 -                train: [    INFO] - Train: 537 [   0/520]  Loss: 0.02735 (0.0274)  Acc@1: 100.0000 (100.0000)  Acc@5: 100.0000 (100.0000)LR: 6.739e-04
2024-11-20 08:31:27,052 -                train: [    INFO] - Train: 537 [ 200/520]  Loss: 0.1715 (0.0989)  Acc@1: 93.7500 (97.8700)  Acc@5: 100.0000 (99.9741)LR: 6.739e-04
2024-11-20 08:32:10,836 -                train: [    INFO] - Train: 537 [ 400/520]  Loss: 0.1317 (0.101)  Acc@1: 97.9167 (97.7530)  Acc@5: 100.0000 (99.9740)LR: 6.739e-04
2024-11-20 08:32:36,831 -                train: [    INFO] - Train: 537 [ 520/520]  Loss: 0.09992 (0.101)  Acc@1: 97.5000 (97.7800)  Acc@5: 100.0000 (99.9680)LR: 6.739e-04
2024-11-20 08:32:37,084 -                train: [    INFO] - Valid: 537 [   0/104]  Loss: 0.06061 (0.0606)  Acc@1: 97.9167 (97.9167)  Acc@5: 100.0000 (100.0000)
2024-11-20 08:32:42,743 -                train: [    INFO] - Valid: 537 [ 104/104]  Loss: 0.09040 (0.109)  Acc@1: 93.7500 (97.0600)  Acc@5: 100.0000 (99.9800)
2024-11-20 08:32:42,770 -                train: [    INFO] - valid_acc 97.060002 - best_valid_acc 97.180002
2024-11-20 08:32:43,168 -                train: [    INFO] - Train: 538 [   0/520]  Loss: 0.1045 (0.104)  Acc@1: 97.9167 (97.9167)  Acc@5: 100.0000 (100.0000)LR: 6.529e-04
2024-11-20 08:33:26,749 -                train: [    INFO] - Train: 538 [ 200/520]  Loss: 0.06229 (0.104)  Acc@1: 97.9167 (97.7871)  Acc@5: 100.0000 (99.9430)LR: 6.529e-04
2024-11-20 08:34:10,475 -                train: [    INFO] - Train: 538 [ 400/520]  Loss: 0.1059 (0.104)  Acc@1: 96.8750 (97.7868)  Acc@5: 100.0000 (99.9532)LR: 6.529e-04
2024-11-20 08:34:36,605 -                train: [    INFO] - Train: 538 [ 520/520]  Loss: 0.2831 (0.104)  Acc@1: 95.0000 (97.7920)  Acc@5: 100.0000 (99.9560)LR: 6.529e-04
2024-11-20 08:34:36,867 -                train: [    INFO] - Valid: 538 [   0/104]  Loss: 0.08837 (0.0884)  Acc@1: 96.8750 (96.8750)  Acc@5: 100.0000 (100.0000)
2024-11-20 08:34:42,531 -                train: [    INFO] - Valid: 538 [ 104/104]  Loss: 0.1155 (0.108)  Acc@1: 93.7500 (97.0700)  Acc@5: 100.0000 (99.9600)
2024-11-20 08:34:43,186 -                train: [    INFO] - valid_acc 97.070002 - best_valid_acc 97.180002
2024-11-20 08:34:43,763 -                train: [    INFO] - Train: 539 [   0/520]  Loss: 0.07857 (0.0786)  Acc@1: 98.9583 (98.9583)  Acc@5: 100.0000 (100.0000)LR: 6.322e-04
2024-11-20 08:35:27,245 -                train: [    INFO] - Train: 539 [ 200/520]  Loss: 0.07452 (0.0989)  Acc@1: 98.9583 (98.0151)  Acc@5: 100.0000 (99.9689)LR: 6.322e-04
2024-11-20 08:36:10,934 -                train: [    INFO] - Train: 539 [ 400/520]  Loss: 0.04250 (0.101)  Acc@1: 98.9583 (97.9245)  Acc@5: 100.0000 (99.9610)LR: 6.322e-04
2024-11-20 08:36:36,969 -                train: [    INFO] - Train: 539 [ 520/520]  Loss: 0.1297 (0.104)  Acc@1: 96.2500 (97.8340)  Acc@5: 100.0000 (99.9620)LR: 6.322e-04
2024-11-20 08:36:37,203 -                train: [    INFO] - Valid: 539 [   0/104]  Loss: 0.05217 (0.0522)  Acc@1: 97.9167 (97.9167)  Acc@5: 100.0000 (100.0000)
2024-11-20 08:36:42,895 -                train: [    INFO] - Valid: 539 [ 104/104]  Loss: 0.2146 (0.109)  Acc@1: 93.7500 (97.2100)  Acc@5: 100.0000 (99.9500)
2024-11-20 08:36:43,387 -                train: [    INFO] - valid_acc 97.210002 - best_valid_acc 97.210002
2024-11-20 08:36:43,805 -                train: [    INFO] - Train: 540 [   0/520]  Loss: 0.09956 (0.0996)  Acc@1: 97.9167 (97.9167)  Acc@5: 100.0000 (100.0000)LR: 6.118e-04
2024-11-20 08:37:27,620 -                train: [    INFO] - Train: 540 [ 200/520]  Loss: 0.1040 (0.104)  Acc@1: 97.9167 (97.6057)  Acc@5: 100.0000 (99.9793)LR: 6.118e-04
2024-11-20 08:38:11,089 -                train: [    INFO] - Train: 540 [ 400/520]  Loss: 0.04915 (0.103)  Acc@1: 100.0000 (97.6985)  Acc@5: 100.0000 (99.9740)LR: 6.118e-04
2024-11-20 08:38:37,096 -                train: [    INFO] - Train: 540 [ 520/520]  Loss: 0.1043 (0.102)  Acc@1: 98.7500 (97.7260)  Acc@5: 100.0000 (99.9780)LR: 6.118e-04
2024-11-20 08:38:37,891 -                train: [    INFO] - Valid: 540 [   0/104]  Loss: 0.03049 (0.0305)  Acc@1: 97.9167 (97.9167)  Acc@5: 100.0000 (100.0000)
2024-11-20 08:38:43,618 -                train: [    INFO] - Valid: 540 [ 104/104]  Loss: 0.07260 (0.108)  Acc@1: 93.7500 (97.1300)  Acc@5: 100.0000 (99.9500)
2024-11-20 08:38:43,667 -                train: [    INFO] - valid_acc 97.130002 - best_valid_acc 97.210002
2024-11-20 08:38:44,079 -                train: [    INFO] - Train: 541 [   0/520]  Loss: 0.04621 (0.0462)  Acc@1: 98.9583 (98.9583)  Acc@5: 100.0000 (100.0000)LR: 5.917e-04
2024-11-20 08:39:27,633 -                train: [    INFO] - Train: 541 [ 200/520]  Loss: 0.08619 (0.103)  Acc@1: 98.9583 (97.7819)  Acc@5: 100.0000 (99.9534)LR: 5.917e-04
2024-11-20 08:40:11,131 -                train: [    INFO] - Train: 541 [ 400/520]  Loss: 0.09973 (0.0977)  Acc@1: 97.9167 (97.8725)  Acc@5: 100.0000 (99.9584)LR: 5.917e-04
2024-11-20 08:40:37,355 -                train: [    INFO] - Train: 541 [ 520/520]  Loss: 0.2855 (0.0990)  Acc@1: 93.7500 (97.8680)  Acc@5: 100.0000 (99.9620)LR: 5.917e-04
2024-11-20 08:40:37,612 -                train: [    INFO] - Valid: 541 [   0/104]  Loss: 0.03679 (0.0368)  Acc@1: 97.9167 (97.9167)  Acc@5: 100.0000 (100.0000)
2024-11-20 08:40:43,285 -                train: [    INFO] - Valid: 541 [ 104/104]  Loss: 0.1721 (0.111)  Acc@1: 93.7500 (97.0400)  Acc@5: 100.0000 (99.9500)
2024-11-20 08:40:43,313 -                train: [    INFO] - valid_acc 97.040002 - best_valid_acc 97.210002
2024-11-20 08:40:43,706 -                train: [    INFO] - Train: 542 [   0/520]  Loss: 0.2112 (0.211)  Acc@1: 95.8333 (95.8333)  Acc@5: 100.0000 (100.0000)LR: 5.720e-04
2024-11-20 08:41:27,171 -                train: [    INFO] - Train: 542 [ 200/520]  Loss: 0.1368 (0.106)  Acc@1: 97.9167 (97.6420)  Acc@5: 100.0000 (99.9896)LR: 5.720e-04
2024-11-20 08:42:10,641 -                train: [    INFO] - Train: 542 [ 400/520]  Loss: 0.05155 (0.101)  Acc@1: 97.9167 (97.7660)  Acc@5: 100.0000 (99.9818)LR: 5.720e-04
2024-11-20 08:42:36,908 -                train: [    INFO] - Train: 542 [ 520/520]  Loss: 0.1461 (0.102)  Acc@1: 97.5000 (97.7840)  Acc@5: 98.7500 (99.9640)LR: 5.720e-04
2024-11-20 08:42:37,172 -                train: [    INFO] - Valid: 542 [   0/104]  Loss: 0.03535 (0.0354)  Acc@1: 98.9583 (98.9583)  Acc@5: 100.0000 (100.0000)
2024-11-20 08:42:42,832 -                train: [    INFO] - Valid: 542 [ 104/104]  Loss: 0.2393 (0.109)  Acc@1: 93.7500 (97.1700)  Acc@5: 100.0000 (99.9700)
2024-11-20 08:42:42,888 -                train: [    INFO] - valid_acc 97.170002 - best_valid_acc 97.210002
2024-11-20 08:42:43,311 -                train: [    INFO] - Train: 543 [   0/520]  Loss: 0.09712 (0.0971)  Acc@1: 97.9167 (97.9167)  Acc@5: 100.0000 (100.0000)LR: 5.526e-04
2024-11-20 08:43:26,886 -                train: [    INFO] - Train: 543 [ 200/520]  Loss: 0.1721 (0.0996)  Acc@1: 94.7917 (97.8338)  Acc@5: 100.0000 (99.9741)LR: 5.526e-04
2024-11-20 08:44:10,284 -                train: [    INFO] - Train: 543 [ 400/520]  Loss: 0.06545 (0.0998)  Acc@1: 98.9583 (97.8621)  Acc@5: 100.0000 (99.9610)LR: 5.526e-04
2024-11-20 08:44:36,534 -                train: [    INFO] - Train: 543 [ 520/520]  Loss: 0.03846 (0.102)  Acc@1: 100.0000 (97.8240)  Acc@5: 100.0000 (99.9580)LR: 5.526e-04
2024-11-20 08:44:36,912 -                train: [    INFO] - Valid: 543 [   0/104]  Loss: 0.03922 (0.0392)  Acc@1: 97.9167 (97.9167)  Acc@5: 100.0000 (100.0000)
2024-11-20 08:44:42,575 -                train: [    INFO] - Valid: 543 [ 104/104]  Loss: 0.1479 (0.108)  Acc@1: 93.7500 (97.1500)  Acc@5: 100.0000 (99.9700)
2024-11-20 08:44:42,605 -                train: [    INFO] - valid_acc 97.150002 - best_valid_acc 97.210002
2024-11-20 08:44:43,067 -                train: [    INFO] - Train: 544 [   0/520]  Loss: 0.1493 (0.149)  Acc@1: 96.8750 (96.8750)  Acc@5: 100.0000 (100.0000)LR: 5.335e-04
2024-11-20 08:45:26,430 -                train: [    INFO] - Train: 544 [ 200/520]  Loss: 0.05518 (0.104)  Acc@1: 98.9583 (97.7249)  Acc@5: 100.0000 (99.9430)LR: 5.335e-04
2024-11-20 08:46:10,094 -                train: [    INFO] - Train: 544 [ 400/520]  Loss: 0.1082 (0.101)  Acc@1: 96.8750 (97.8673)  Acc@5: 100.0000 (99.9480)LR: 5.335e-04
2024-11-20 08:46:36,233 -                train: [    INFO] - Train: 544 [ 520/520]  Loss: 0.09847 (0.102)  Acc@1: 97.5000 (97.8320)  Acc@5: 100.0000 (99.9480)LR: 5.335e-04
2024-11-20 08:46:36,479 -                train: [    INFO] - Valid: 544 [   0/104]  Loss: 0.03602 (0.0360)  Acc@1: 97.9167 (97.9167)  Acc@5: 100.0000 (100.0000)
2024-11-20 08:46:42,156 -                train: [    INFO] - Valid: 544 [ 104/104]  Loss: 0.06863 (0.109)  Acc@1: 93.7500 (97.1200)  Acc@5: 100.0000 (99.9700)
2024-11-20 08:46:42,190 -                train: [    INFO] - valid_acc 97.120002 - best_valid_acc 97.210002
2024-11-20 08:46:42,659 -                train: [    INFO] - Train: 545 [   0/520]  Loss: 0.08071 (0.0807)  Acc@1: 98.9583 (98.9583)  Acc@5: 100.0000 (100.0000)LR: 5.148e-04
2024-11-20 08:47:27,191 -                train: [    INFO] - Train: 545 [ 200/520]  Loss: 0.1319 (0.101)  Acc@1: 95.8333 (97.8234)  Acc@5: 100.0000 (99.9378)LR: 5.148e-04
2024-11-20 08:48:11,003 -                train: [    INFO] - Train: 545 [ 400/520]  Loss: 0.03510 (0.0994)  Acc@1: 98.9583 (97.8335)  Acc@5: 100.0000 (99.9532)LR: 5.148e-04
2024-11-20 08:48:37,096 -                train: [    INFO] - Train: 545 [ 520/520]  Loss: 0.1548 (0.100)  Acc@1: 97.5000 (97.8340)  Acc@5: 98.7500 (99.9420)LR: 5.148e-04
2024-11-20 08:48:38,366 -                train: [    INFO] - Valid: 545 [   0/104]  Loss: 0.02291 (0.0229)  Acc@1: 98.9583 (98.9583)  Acc@5: 100.0000 (100.0000)
2024-11-20 08:48:44,041 -                train: [    INFO] - Valid: 545 [ 104/104]  Loss: 0.06363 (0.105)  Acc@1: 93.7500 (97.2700)  Acc@5: 100.0000 (99.9700)
2024-11-20 08:48:44,708 -                train: [    INFO] - valid_acc 97.270003 - best_valid_acc 97.270003
2024-11-20 08:48:45,140 -                train: [    INFO] - Train: 546 [   0/520]  Loss: 0.1218 (0.122)  Acc@1: 97.9167 (97.9167)  Acc@5: 100.0000 (100.0000)LR: 4.963e-04
2024-11-20 08:49:28,800 -                train: [    INFO] - Train: 546 [ 200/520]  Loss: 0.05596 (0.0973)  Acc@1: 98.9583 (97.9789)  Acc@5: 100.0000 (99.9637)LR: 4.963e-04
2024-11-20 08:50:12,290 -                train: [    INFO] - Train: 546 [ 400/520]  Loss: 0.1429 (0.0979)  Acc@1: 95.8333 (97.9219)  Acc@5: 100.0000 (99.9766)LR: 4.963e-04
2024-11-20 08:50:38,386 -                train: [    INFO] - Train: 546 [ 520/520]  Loss: 0.05562 (0.0978)  Acc@1: 98.7500 (97.9040)  Acc@5: 100.0000 (99.9780)LR: 4.963e-04
2024-11-20 08:50:38,723 -                train: [    INFO] - Valid: 546 [   0/104]  Loss: 0.03950 (0.0395)  Acc@1: 98.9583 (98.9583)  Acc@5: 100.0000 (100.0000)
2024-11-20 08:50:44,392 -                train: [    INFO] - Valid: 546 [ 104/104]  Loss: 0.06872 (0.106)  Acc@1: 93.7500 (97.2700)  Acc@5: 100.0000 (99.9600)
2024-11-20 08:50:44,433 -                train: [    INFO] - valid_acc 97.270002 - best_valid_acc 97.270003
2024-11-20 08:50:44,846 -                train: [    INFO] - Train: 547 [   0/520]  Loss: 0.08614 (0.0861)  Acc@1: 97.9167 (97.9167)  Acc@5: 100.0000 (100.0000)LR: 4.782e-04
2024-11-20 08:51:28,565 -                train: [    INFO] - Train: 547 [ 200/520]  Loss: 0.05781 (0.100)  Acc@1: 98.9583 (97.8441)  Acc@5: 100.0000 (99.9430)LR: 4.782e-04
2024-11-20 08:52:12,132 -                train: [    INFO] - Train: 547 [ 400/520]  Loss: 0.07022 (0.0992)  Acc@1: 97.9167 (97.8673)  Acc@5: 100.0000 (99.9558)LR: 4.782e-04
2024-11-20 08:52:38,169 -                train: [    INFO] - Train: 547 [ 520/520]  Loss: 0.03641 (0.0981)  Acc@1: 100.0000 (97.8680)  Acc@5: 100.0000 (99.9580)LR: 4.782e-04
2024-11-20 08:52:38,394 -                train: [    INFO] - Valid: 547 [   0/104]  Loss: 0.03944 (0.0394)  Acc@1: 98.9583 (98.9583)  Acc@5: 100.0000 (100.0000)
2024-11-20 08:52:44,060 -                train: [    INFO] - Valid: 547 [ 104/104]  Loss: 0.2810 (0.109)  Acc@1: 93.7500 (97.1900)  Acc@5: 100.0000 (99.9400)
2024-11-20 08:52:44,096 -                train: [    INFO] - valid_acc 97.190002 - best_valid_acc 97.270003
2024-11-20 08:52:44,519 -                train: [    INFO] - Train: 548 [   0/520]  Loss: 0.09742 (0.0974)  Acc@1: 97.9167 (97.9167)  Acc@5: 100.0000 (100.0000)LR: 4.605e-04
2024-11-20 08:53:27,939 -                train: [    INFO] - Train: 548 [ 200/520]  Loss: 0.06117 (0.0899)  Acc@1: 97.9167 (97.9840)  Acc@5: 100.0000 (99.9637)LR: 4.605e-04
2024-11-20 08:54:11,381 -                train: [    INFO] - Train: 548 [ 400/520]  Loss: 0.03886 (0.0960)  Acc@1: 98.9583 (97.9375)  Acc@5: 100.0000 (99.9584)LR: 4.605e-04
2024-11-20 08:54:37,456 -                train: [    INFO] - Train: 548 [ 520/520]  Loss: 0.06946 (0.0949)  Acc@1: 98.7500 (97.9960)  Acc@5: 100.0000 (99.9620)LR: 4.605e-04
2024-11-20 08:54:37,705 -                train: [    INFO] - Valid: 548 [   0/104]  Loss: 0.04317 (0.0432)  Acc@1: 97.9167 (97.9167)  Acc@5: 100.0000 (100.0000)
2024-11-20 08:54:43,363 -                train: [    INFO] - Valid: 548 [ 104/104]  Loss: 0.1044 (0.109)  Acc@1: 93.7500 (97.1200)  Acc@5: 100.0000 (99.9600)
2024-11-20 08:54:43,404 -                train: [    INFO] - valid_acc 97.120003 - best_valid_acc 97.270003
2024-11-20 08:54:43,798 -                train: [    INFO] - Train: 549 [   0/520]  Loss: 0.08480 (0.0848)  Acc@1: 97.9167 (97.9167)  Acc@5: 100.0000 (100.0000)LR: 4.430e-04
2024-11-20 08:55:27,420 -                train: [    INFO] - Train: 549 [ 200/520]  Loss: 0.2042 (0.0975)  Acc@1: 95.8333 (97.8700)  Acc@5: 100.0000 (99.9430)LR: 4.430e-04
2024-11-20 08:56:10,959 -                train: [    INFO] - Train: 549 [ 400/520]  Loss: 0.05353 (0.0977)  Acc@1: 98.9583 (97.8933)  Acc@5: 100.0000 (99.9506)LR: 4.430e-04
2024-11-20 08:56:36,990 -                train: [    INFO] - Train: 549 [ 520/520]  Loss: 0.02576 (0.0970)  Acc@1: 100.0000 (97.8920)  Acc@5: 100.0000 (99.9560)LR: 4.430e-04
2024-11-20 08:56:37,236 -                train: [    INFO] - Valid: 549 [   0/104]  Loss: 0.05302 (0.0530)  Acc@1: 97.9167 (97.9167)  Acc@5: 100.0000 (100.0000)
2024-11-20 08:56:42,904 -                train: [    INFO] - Valid: 549 [ 104/104]  Loss: 0.01861 (0.110)  Acc@1: 100.0000 (97.1500)  Acc@5: 100.0000 (99.9600)
2024-11-20 08:56:42,946 -                train: [    INFO] - valid_acc 97.150003 - best_valid_acc 97.270003
2024-11-20 08:56:43,385 -                train: [    INFO] - Train: 550 [   0/520]  Loss: 0.02146 (0.0215)  Acc@1: 98.9583 (98.9583)  Acc@5: 100.0000 (100.0000)LR: 4.259e-04
2024-11-20 08:57:26,868 -                train: [    INFO] - Train: 550 [ 200/520]  Loss: 0.06463 (0.0998)  Acc@1: 98.9583 (97.8338)  Acc@5: 100.0000 (99.9637)LR: 4.259e-04
2024-11-20 08:58:10,349 -                train: [    INFO] - Train: 550 [ 400/520]  Loss: 0.02108 (0.0964)  Acc@1: 100.0000 (97.9063)  Acc@5: 100.0000 (99.9688)LR: 4.259e-04
2024-11-20 08:58:36,302 -                train: [    INFO] - Train: 550 [ 520/520]  Loss: 0.03708 (0.0974)  Acc@1: 100.0000 (97.8860)  Acc@5: 100.0000 (99.9680)LR: 4.259e-04
2024-11-20 08:58:36,545 -                train: [    INFO] - Valid: 550 [   0/104]  Loss: 0.04969 (0.0497)  Acc@1: 97.9167 (97.9167)  Acc@5: 100.0000 (100.0000)
2024-11-20 08:58:42,202 -                train: [    INFO] - Valid: 550 [ 104/104]  Loss: 0.06706 (0.108)  Acc@1: 93.7500 (97.0900)  Acc@5: 100.0000 (99.9900)
2024-11-20 08:58:42,228 -                train: [    INFO] - valid_acc 97.090002 - best_valid_acc 97.270003
2024-11-20 08:58:42,646 -                train: [    INFO] - Train: 551 [   0/520]  Loss: 0.05876 (0.0588)  Acc@1: 97.9167 (97.9167)  Acc@5: 100.0000 (100.0000)LR: 4.092e-04
2024-11-20 08:59:27,073 -                train: [    INFO] - Train: 551 [ 200/520]  Loss: 0.04122 (0.0936)  Acc@1: 100.0000 (98.0877)  Acc@5: 100.0000 (99.9534)LR: 4.092e-04
2024-11-20 09:00:11,110 -                train: [    INFO] - Train: 551 [ 400/520]  Loss: 0.1309 (0.0945)  Acc@1: 97.9167 (98.0024)  Acc@5: 100.0000 (99.9584)LR: 4.092e-04
2024-11-20 09:00:37,160 -                train: [    INFO] - Train: 551 [ 520/520]  Loss: 0.1563 (0.0947)  Acc@1: 96.2500 (97.9820)  Acc@5: 100.0000 (99.9560)LR: 4.092e-04
2024-11-20 09:00:37,467 -                train: [    INFO] - Valid: 551 [   0/104]  Loss: 0.05374 (0.0537)  Acc@1: 97.9167 (97.9167)  Acc@5: 100.0000 (100.0000)
2024-11-20 09:00:43,129 -                train: [    INFO] - Valid: 551 [ 104/104]  Loss: 0.07532 (0.109)  Acc@1: 93.7500 (97.2300)  Acc@5: 100.0000 (99.9900)
2024-11-20 09:00:43,155 -                train: [    INFO] - valid_acc 97.230002 - best_valid_acc 97.270003
2024-11-20 09:00:43,554 -                train: [    INFO] - Train: 552 [   0/520]  Loss: 0.08891 (0.0889)  Acc@1: 96.8750 (96.8750)  Acc@5: 100.0000 (100.0000)LR: 3.927e-04
2024-11-20 09:01:27,023 -                train: [    INFO] - Train: 552 [ 200/520]  Loss: 0.03097 (0.0978)  Acc@1: 100.0000 (97.8493)  Acc@5: 100.0000 (99.9689)LR: 3.927e-04
2024-11-20 09:02:10,652 -                train: [    INFO] - Train: 552 [ 400/520]  Loss: 0.07791 (0.0936)  Acc@1: 97.9167 (97.9712)  Acc@5: 100.0000 (99.9662)LR: 3.927e-04
2024-11-20 09:02:36,684 -                train: [    INFO] - Train: 552 [ 520/520]  Loss: 0.1163 (0.0929)  Acc@1: 96.2500 (98.0000)  Acc@5: 100.0000 (99.9620)LR: 3.927e-04
2024-11-20 09:02:36,969 -                train: [    INFO] - Valid: 552 [   0/104]  Loss: 0.03636 (0.0364)  Acc@1: 97.9167 (97.9167)  Acc@5: 100.0000 (100.0000)
2024-11-20 09:02:42,704 -                train: [    INFO] - Valid: 552 [ 104/104]  Loss: 0.1148 (0.110)  Acc@1: 93.7500 (97.1600)  Acc@5: 100.0000 (99.9800)
2024-11-20 09:02:42,731 -                train: [    INFO] - valid_acc 97.160002 - best_valid_acc 97.270003
2024-11-20 09:02:43,191 -                train: [    INFO] - Train: 553 [   0/520]  Loss: 0.1663 (0.166)  Acc@1: 95.8333 (95.8333)  Acc@5: 100.0000 (100.0000)LR: 3.766e-04
2024-11-20 09:03:26,800 -                train: [    INFO] - Train: 553 [ 200/520]  Loss: 0.03589 (0.0931)  Acc@1: 100.0000 (97.9944)  Acc@5: 100.0000 (99.9378)LR: 3.766e-04
2024-11-20 09:04:10,553 -                train: [    INFO] - Train: 553 [ 400/520]  Loss: 0.1620 (0.0938)  Acc@1: 94.7917 (97.9712)  Acc@5: 100.0000 (99.9584)LR: 3.766e-04
2024-11-20 09:04:36,630 -                train: [    INFO] - Train: 553 [ 520/520]  Loss: 0.07677 (0.0946)  Acc@1: 96.2500 (97.9460)  Acc@5: 100.0000 (99.9680)LR: 3.766e-04
2024-11-20 09:04:36,891 -                train: [    INFO] - Valid: 553 [   0/104]  Loss: 0.04705 (0.0471)  Acc@1: 98.9583 (98.9583)  Acc@5: 100.0000 (100.0000)
2024-11-20 09:04:42,552 -                train: [    INFO] - Valid: 553 [ 104/104]  Loss: 0.1368 (0.109)  Acc@1: 93.7500 (97.2100)  Acc@5: 100.0000 (99.9700)
2024-11-20 09:04:42,623 -                train: [    INFO] - valid_acc 97.210002 - best_valid_acc 97.270003
2024-11-20 09:04:43,026 -                train: [    INFO] - Train: 554 [   0/520]  Loss: 0.1740 (0.174)  Acc@1: 96.8750 (96.8750)  Acc@5: 100.0000 (100.0000)LR: 3.608e-04
2024-11-20 09:05:26,861 -                train: [    INFO] - Train: 554 [ 200/520]  Loss: 0.1228 (0.0961)  Acc@1: 97.9167 (98.0100)  Acc@5: 100.0000 (99.9585)LR: 3.608e-04
2024-11-20 09:06:10,508 -                train: [    INFO] - Train: 554 [ 400/520]  Loss: 0.1431 (0.0989)  Acc@1: 96.8750 (97.9452)  Acc@5: 100.0000 (99.9532)LR: 3.608e-04
2024-11-20 09:06:36,598 -                train: [    INFO] - Train: 554 [ 520/520]  Loss: 0.06418 (0.0978)  Acc@1: 97.5000 (97.9360)  Acc@5: 100.0000 (99.9500)LR: 3.608e-04
2024-11-20 09:06:36,859 -                train: [    INFO] - Valid: 554 [   0/104]  Loss: 0.04631 (0.0463)  Acc@1: 97.9167 (97.9167)  Acc@5: 100.0000 (100.0000)
2024-11-20 09:06:42,541 -                train: [    INFO] - Valid: 554 [ 104/104]  Loss: 0.04911 (0.110)  Acc@1: 93.7500 (97.2000)  Acc@5: 100.0000 (99.9600)
2024-11-20 09:06:42,575 -                train: [    INFO] - valid_acc 97.200002 - best_valid_acc 97.270003
2024-11-20 09:06:42,982 -                train: [    INFO] - Train: 555 [   0/520]  Loss: 0.07111 (0.0711)  Acc@1: 98.9583 (98.9583)  Acc@5: 100.0000 (100.0000)LR: 3.454e-04
2024-11-20 09:07:26,759 -                train: [    INFO] - Train: 555 [ 200/520]  Loss: 0.04558 (0.0961)  Acc@1: 98.9583 (97.9685)  Acc@5: 100.0000 (99.9793)LR: 3.454e-04
2024-11-20 09:08:10,376 -                train: [    INFO] - Train: 555 [ 400/520]  Loss: 0.02869 (0.0917)  Acc@1: 100.0000 (98.0647)  Acc@5: 100.0000 (99.9714)LR: 3.454e-04
2024-11-20 09:08:36,485 -                train: [    INFO] - Train: 555 [ 520/520]  Loss: 0.1127 (0.0917)  Acc@1: 96.2500 (98.0720)  Acc@5: 100.0000 (99.9680)LR: 3.454e-04
2024-11-20 09:08:36,778 -                train: [    INFO] - Valid: 555 [   0/104]  Loss: 0.03318 (0.0332)  Acc@1: 97.9167 (97.9167)  Acc@5: 100.0000 (100.0000)
2024-11-20 09:08:42,436 -                train: [    INFO] - Valid: 555 [ 104/104]  Loss: 0.04575 (0.106)  Acc@1: 93.7500 (97.2500)  Acc@5: 100.0000 (99.9500)
2024-11-20 09:08:42,483 -                train: [    INFO] - valid_acc 97.250003 - best_valid_acc 97.270003
2024-11-20 09:08:42,899 -                train: [    INFO] - Train: 556 [   0/520]  Loss: 0.1279 (0.128)  Acc@1: 96.8750 (96.8750)  Acc@5: 100.0000 (100.0000)LR: 3.303e-04
2024-11-20 09:09:26,544 -                train: [    INFO] - Train: 556 [ 200/520]  Loss: 0.08108 (0.0905)  Acc@1: 98.9583 (98.0773)  Acc@5: 100.0000 (99.9793)LR: 3.303e-04
2024-11-20 09:10:09,990 -                train: [    INFO] - Train: 556 [ 400/520]  Loss: 0.04674 (0.0902)  Acc@1: 100.0000 (98.1349)  Acc@5: 100.0000 (99.9688)LR: 3.303e-04
2024-11-20 09:10:36,162 -                train: [    INFO] - Train: 556 [ 520/520]  Loss: 0.06987 (0.0902)  Acc@1: 98.7500 (98.1280)  Acc@5: 100.0000 (99.9660)LR: 3.303e-04
2024-11-20 09:10:36,485 -                train: [    INFO] - Valid: 556 [   0/104]  Loss: 0.02737 (0.0274)  Acc@1: 97.9167 (97.9167)  Acc@5: 100.0000 (100.0000)
2024-11-20 09:10:42,153 -                train: [    INFO] - Valid: 556 [ 104/104]  Loss: 0.06275 (0.108)  Acc@1: 93.7500 (97.1400)  Acc@5: 100.0000 (99.9600)
2024-11-20 09:10:42,203 -                train: [    INFO] - valid_acc 97.140002 - best_valid_acc 97.270003
2024-11-20 09:10:42,623 -                train: [    INFO] - Train: 557 [   0/520]  Loss: 0.09743 (0.0974)  Acc@1: 97.9167 (97.9167)  Acc@5: 100.0000 (100.0000)LR: 3.155e-04
2024-11-20 09:11:26,255 -                train: [    INFO] - Train: 557 [ 200/520]  Loss: 0.06036 (0.0974)  Acc@1: 98.9583 (97.8182)  Acc@5: 100.0000 (99.9430)LR: 3.155e-04
2024-11-20 09:12:09,640 -                train: [    INFO] - Train: 557 [ 400/520]  Loss: 0.1561 (0.0960)  Acc@1: 97.9167 (97.9037)  Acc@5: 100.0000 (99.9584)LR: 3.155e-04
2024-11-20 09:12:35,713 -                train: [    INFO] - Train: 557 [ 520/520]  Loss: 0.1505 (0.0976)  Acc@1: 96.2500 (97.9120)  Acc@5: 100.0000 (99.9560)LR: 3.155e-04
2024-11-20 09:12:35,949 -                train: [    INFO] - Valid: 557 [   0/104]  Loss: 0.03995 (0.0399)  Acc@1: 97.9167 (97.9167)  Acc@5: 100.0000 (100.0000)
2024-11-20 09:12:41,604 -                train: [    INFO] - Valid: 557 [ 104/104]  Loss: 0.09275 (0.105)  Acc@1: 93.7500 (97.2500)  Acc@5: 100.0000 (99.9700)
2024-11-20 09:12:41,634 -                train: [    INFO] - valid_acc 97.250002 - best_valid_acc 97.270003
2024-11-20 09:12:42,030 -                train: [    INFO] - Train: 558 [   0/520]  Loss: 0.09664 (0.0966)  Acc@1: 96.8750 (96.8750)  Acc@5: 100.0000 (100.0000)LR: 3.010e-04
2024-11-20 09:13:25,517 -                train: [    INFO] - Train: 558 [ 200/520]  Loss: 0.03356 (0.0879)  Acc@1: 100.0000 (98.1551)  Acc@5: 100.0000 (99.9689)LR: 3.010e-04
2024-11-20 09:14:08,957 -                train: [    INFO] - Train: 558 [ 400/520]  Loss: 0.1042 (0.0867)  Acc@1: 97.9167 (98.2050)  Acc@5: 100.0000 (99.9662)LR: 3.010e-04
2024-11-20 09:14:35,171 -                train: [    INFO] - Train: 558 [ 520/520]  Loss: 0.06108 (0.0877)  Acc@1: 100.0000 (98.1620)  Acc@5: 100.0000 (99.9660)LR: 3.010e-04
2024-11-20 09:14:35,464 -                train: [    INFO] - Valid: 558 [   0/104]  Loss: 0.04195 (0.0420)  Acc@1: 97.9167 (97.9167)  Acc@5: 100.0000 (100.0000)
2024-11-20 09:14:41,147 -                train: [    INFO] - Valid: 558 [ 104/104]  Loss: 0.1159 (0.107)  Acc@1: 93.7500 (97.2700)  Acc@5: 100.0000 (99.9600)
2024-11-20 09:14:41,181 -                train: [    INFO] - valid_acc 97.270002 - best_valid_acc 97.270003
2024-11-20 09:14:41,665 -                train: [    INFO] - Train: 559 [   0/520]  Loss: 0.08118 (0.0812)  Acc@1: 96.8750 (96.8750)  Acc@5: 100.0000 (100.0000)LR: 2.869e-04
2024-11-20 09:15:25,450 -                train: [    INFO] - Train: 559 [ 200/520]  Loss: 0.06503 (0.0895)  Acc@1: 97.9167 (98.1499)  Acc@5: 100.0000 (99.9637)LR: 2.869e-04
2024-11-20 09:16:08,982 -                train: [    INFO] - Train: 559 [ 400/520]  Loss: 0.05854 (0.0948)  Acc@1: 97.9167 (97.9634)  Acc@5: 100.0000 (99.9610)LR: 2.869e-04
2024-11-20 09:16:35,126 -                train: [    INFO] - Train: 559 [ 520/520]  Loss: 0.05363 (0.0946)  Acc@1: 98.7500 (97.9420)  Acc@5: 100.0000 (99.9600)LR: 2.869e-04
2024-11-20 09:16:35,418 -                train: [    INFO] - Valid: 559 [   0/104]  Loss: 0.02721 (0.0272)  Acc@1: 97.9167 (97.9167)  Acc@5: 100.0000 (100.0000)
2024-11-20 09:16:41,120 -                train: [    INFO] - Valid: 559 [ 104/104]  Loss: 0.1174 (0.104)  Acc@1: 93.7500 (97.3600)  Acc@5: 100.0000 (99.9700)
2024-11-20 09:16:41,649 -                train: [    INFO] - valid_acc 97.360002 - best_valid_acc 97.360002
2024-11-20 09:16:42,081 -                train: [    INFO] - Train: 560 [   0/520]  Loss: 0.04948 (0.0495)  Acc@1: 97.9167 (97.9167)  Acc@5: 100.0000 (100.0000)LR: 2.732e-04
2024-11-20 09:17:26,467 -                train: [    INFO] - Train: 560 [ 200/520]  Loss: 0.01727 (0.0906)  Acc@1: 100.0000 (98.0048)  Acc@5: 100.0000 (99.9585)LR: 2.732e-04
2024-11-20 09:18:10,138 -                train: [    INFO] - Train: 560 [ 400/520]  Loss: 0.1244 (0.0913)  Acc@1: 96.8750 (98.0466)  Acc@5: 100.0000 (99.9636)LR: 2.732e-04
2024-11-20 09:18:36,285 -                train: [    INFO] - Train: 560 [ 520/520]  Loss: 0.1397 (0.0909)  Acc@1: 97.5000 (98.0300)  Acc@5: 100.0000 (99.9620)LR: 2.732e-04
2024-11-20 09:18:36,603 -                train: [    INFO] - Valid: 560 [   0/104]  Loss: 0.04308 (0.0431)  Acc@1: 98.9583 (98.9583)  Acc@5: 100.0000 (100.0000)
2024-11-20 09:18:42,267 -                train: [    INFO] - Valid: 560 [ 104/104]  Loss: 0.2110 (0.107)  Acc@1: 93.7500 (97.3600)  Acc@5: 100.0000 (99.9500)
2024-11-20 09:18:42,304 -                train: [    INFO] - valid_acc 97.360002 - best_valid_acc 97.360002
2024-11-20 09:18:42,759 -                train: [    INFO] - Train: 561 [   0/520]  Loss: 0.1487 (0.149)  Acc@1: 97.9167 (97.9167)  Acc@5: 100.0000 (100.0000)LR: 2.597e-04
2024-11-20 09:19:26,440 -                train: [    INFO] - Train: 561 [ 200/520]  Loss: 0.09373 (0.0911)  Acc@1: 98.9583 (98.1758)  Acc@5: 100.0000 (99.9534)LR: 2.597e-04
2024-11-20 09:20:10,102 -                train: [    INFO] - Train: 561 [ 400/520]  Loss: 0.1900 (0.0912)  Acc@1: 95.8333 (98.0725)  Acc@5: 100.0000 (99.9480)LR: 2.597e-04
2024-11-20 09:20:36,193 -                train: [    INFO] - Train: 561 [ 520/520]  Loss: 0.04029 (0.0908)  Acc@1: 100.0000 (98.0880)  Acc@5: 100.0000 (99.9580)LR: 2.597e-04
2024-11-20 09:20:36,448 -                train: [    INFO] - Valid: 561 [   0/104]  Loss: 0.03382 (0.0338)  Acc@1: 98.9583 (98.9583)  Acc@5: 100.0000 (100.0000)
2024-11-20 09:20:42,108 -                train: [    INFO] - Valid: 561 [ 104/104]  Loss: 0.09211 (0.105)  Acc@1: 93.7500 (97.2600)  Acc@5: 100.0000 (99.9500)
2024-11-20 09:20:42,156 -                train: [    INFO] - valid_acc 97.260002 - best_valid_acc 97.360002
2024-11-20 09:20:42,638 -                train: [    INFO] - Train: 562 [   0/520]  Loss: 0.1150 (0.115)  Acc@1: 97.9167 (97.9167)  Acc@5: 100.0000 (100.0000)LR: 2.466e-04
2024-11-20 09:21:26,165 -                train: [    INFO] - Train: 562 [ 200/520]  Loss: 0.1057 (0.0935)  Acc@1: 96.8750 (98.0877)  Acc@5: 100.0000 (99.9430)LR: 2.466e-04
2024-11-20 09:22:09,845 -                train: [    INFO] - Train: 562 [ 400/520]  Loss: 0.05422 (0.0966)  Acc@1: 98.9583 (98.0206)  Acc@5: 100.0000 (99.9429)LR: 2.466e-04
2024-11-20 09:22:35,899 -                train: [    INFO] - Train: 562 [ 520/520]  Loss: 0.06669 (0.0957)  Acc@1: 97.5000 (98.0320)  Acc@5: 100.0000 (99.9500)LR: 2.466e-04
2024-11-20 09:22:36,146 -                train: [    INFO] - Valid: 562 [   0/104]  Loss: 0.03212 (0.0321)  Acc@1: 97.9167 (97.9167)  Acc@5: 100.0000 (100.0000)
2024-11-20 09:22:41,803 -                train: [    INFO] - Valid: 562 [ 104/104]  Loss: 0.1392 (0.105)  Acc@1: 93.7500 (97.2500)  Acc@5: 100.0000 (99.9400)
2024-11-20 09:22:41,846 -                train: [    INFO] - valid_acc 97.250003 - best_valid_acc 97.360002
2024-11-20 09:22:42,234 -                train: [    INFO] - Train: 563 [   0/520]  Loss: 0.1096 (0.110)  Acc@1: 96.8750 (96.8750)  Acc@5: 100.0000 (100.0000)LR: 2.338e-04
2024-11-20 09:23:25,868 -                train: [    INFO] - Train: 563 [ 200/520]  Loss: 0.05209 (0.0914)  Acc@1: 98.9583 (98.0670)  Acc@5: 100.0000 (99.9534)LR: 2.338e-04
2024-11-20 09:24:09,652 -                train: [    INFO] - Train: 563 [ 400/520]  Loss: 0.1975 (0.0918)  Acc@1: 94.7917 (98.0284)  Acc@5: 98.9583 (99.9532)LR: 2.338e-04
2024-11-20 09:24:35,660 -                train: [    INFO] - Train: 563 [ 520/520]  Loss: 0.07575 (0.0901)  Acc@1: 98.7500 (98.0780)  Acc@5: 100.0000 (99.9560)LR: 2.338e-04
2024-11-20 09:24:35,959 -                train: [    INFO] - Valid: 563 [   0/104]  Loss: 0.04185 (0.0419)  Acc@1: 98.9583 (98.9583)  Acc@5: 100.0000 (100.0000)
2024-11-20 09:24:41,676 -                train: [    INFO] - Valid: 563 [ 104/104]  Loss: 0.1417 (0.107)  Acc@1: 93.7500 (97.3300)  Acc@5: 100.0000 (99.9600)
2024-11-20 09:24:41,703 -                train: [    INFO] - valid_acc 97.330002 - best_valid_acc 97.360002
2024-11-20 09:24:42,106 -                train: [    INFO] - Train: 564 [   0/520]  Loss: 0.06704 (0.0670)  Acc@1: 98.9583 (98.9583)  Acc@5: 100.0000 (100.0000)LR: 2.214e-04
2024-11-20 09:25:25,605 -                train: [    INFO] - Train: 564 [ 200/520]  Loss: 0.1697 (0.0857)  Acc@1: 95.8333 (98.2794)  Acc@5: 100.0000 (99.9534)LR: 2.214e-04
2024-11-20 09:26:09,128 -                train: [    INFO] - Train: 564 [ 400/520]  Loss: 0.05470 (0.0905)  Acc@1: 98.9583 (98.1505)  Acc@5: 100.0000 (99.9636)LR: 2.214e-04
2024-11-20 09:26:35,582 -                train: [    INFO] - Train: 564 [ 520/520]  Loss: 0.02741 (0.0914)  Acc@1: 100.0000 (98.1260)  Acc@5: 100.0000 (99.9600)LR: 2.214e-04
2024-11-20 09:26:35,898 -                train: [    INFO] - Valid: 564 [   0/104]  Loss: 0.04035 (0.0403)  Acc@1: 97.9167 (97.9167)  Acc@5: 100.0000 (100.0000)
2024-11-20 09:26:41,558 -                train: [    INFO] - Valid: 564 [ 104/104]  Loss: 0.1165 (0.107)  Acc@1: 93.7500 (97.2500)  Acc@5: 100.0000 (99.9600)
2024-11-20 09:26:41,602 -                train: [    INFO] - valid_acc 97.250002 - best_valid_acc 97.360002
2024-11-20 09:26:42,005 -                train: [    INFO] - Train: 565 [   0/520]  Loss: 0.1079 (0.108)  Acc@1: 98.9583 (98.9583)  Acc@5: 100.0000 (100.0000)LR: 2.093e-04
2024-11-20 09:27:25,555 -                train: [    INFO] - Train: 565 [ 200/520]  Loss: 0.04484 (0.0866)  Acc@1: 100.0000 (98.1240)  Acc@5: 100.0000 (99.9637)LR: 2.093e-04
2024-11-20 09:28:09,201 -                train: [    INFO] - Train: 565 [ 400/520]  Loss: 0.07180 (0.0885)  Acc@1: 98.9583 (98.1557)  Acc@5: 100.0000 (99.9584)LR: 2.093e-04
2024-11-20 09:28:35,293 -                train: [    INFO] - Train: 565 [ 520/520]  Loss: 0.04333 (0.0879)  Acc@1: 98.7500 (98.1760)  Acc@5: 100.0000 (99.9660)LR: 2.093e-04
2024-11-20 09:28:35,736 -                train: [    INFO] - Valid: 565 [   0/104]  Loss: 0.03923 (0.0392)  Acc@1: 97.9167 (97.9167)  Acc@5: 100.0000 (100.0000)
2024-11-20 09:28:41,423 -                train: [    INFO] - Valid: 565 [ 104/104]  Loss: 0.2008 (0.107)  Acc@1: 93.7500 (97.2600)  Acc@5: 100.0000 (99.9600)
2024-11-20 09:28:41,470 -                train: [    INFO] - valid_acc 97.260003 - best_valid_acc 97.360002
2024-11-20 09:28:41,861 -                train: [    INFO] - Train: 566 [   0/520]  Loss: 0.1771 (0.177)  Acc@1: 94.7917 (94.7917)  Acc@5: 100.0000 (100.0000)LR: 1.976e-04
2024-11-20 09:29:26,055 -                train: [    INFO] - Train: 566 [ 200/520]  Loss: 0.09017 (0.0820)  Acc@1: 96.8750 (98.3831)  Acc@5: 100.0000 (99.9637)LR: 1.976e-04
2024-11-20 09:30:09,586 -                train: [    INFO] - Train: 566 [ 400/520]  Loss: 0.09085 (0.0887)  Acc@1: 96.8750 (98.1712)  Acc@5: 100.0000 (99.9662)LR: 1.976e-04
2024-11-20 09:30:35,562 -                train: [    INFO] - Train: 566 [ 520/520]  Loss: 0.1896 (0.0897)  Acc@1: 95.0000 (98.1420)  Acc@5: 100.0000 (99.9600)LR: 1.976e-04
2024-11-20 09:30:35,828 -                train: [    INFO] - Valid: 566 [   0/104]  Loss: 0.04517 (0.0452)  Acc@1: 97.9167 (97.9167)  Acc@5: 100.0000 (100.0000)
2024-11-20 09:30:41,490 -                train: [    INFO] - Valid: 566 [ 104/104]  Loss: 0.1802 (0.106)  Acc@1: 93.7500 (97.3100)  Acc@5: 100.0000 (99.9400)
2024-11-20 09:30:41,517 -                train: [    INFO] - valid_acc 97.310003 - best_valid_acc 97.360002
2024-11-20 09:30:41,962 -                train: [    INFO] - Train: 567 [   0/520]  Loss: 0.08544 (0.0854)  Acc@1: 96.8750 (96.8750)  Acc@5: 100.0000 (100.0000)LR: 1.861e-04
2024-11-20 09:31:25,523 -                train: [    INFO] - Train: 567 [ 200/520]  Loss: 0.1203 (0.0916)  Acc@1: 97.9167 (98.0203)  Acc@5: 100.0000 (99.9378)LR: 1.861e-04
2024-11-20 09:32:09,113 -                train: [    INFO] - Train: 567 [ 400/520]  Loss: 0.04416 (0.0894)  Acc@1: 100.0000 (98.1245)  Acc@5: 100.0000 (99.9532)LR: 1.861e-04
2024-11-20 09:32:35,148 -                train: [    INFO] - Train: 567 [ 520/520]  Loss: 0.1570 (0.0889)  Acc@1: 96.2500 (98.1400)  Acc@5: 100.0000 (99.9580)LR: 1.861e-04
2024-11-20 09:32:35,435 -                train: [    INFO] - Valid: 567 [   0/104]  Loss: 0.04429 (0.0443)  Acc@1: 97.9167 (97.9167)  Acc@5: 100.0000 (100.0000)
2024-11-20 09:32:41,091 -                train: [    INFO] - Valid: 567 [ 104/104]  Loss: 0.1755 (0.108)  Acc@1: 93.7500 (97.2600)  Acc@5: 100.0000 (99.9500)
2024-11-20 09:32:41,151 -                train: [    INFO] - valid_acc 97.260002 - best_valid_acc 97.360002
2024-11-20 09:32:41,556 -                train: [    INFO] - Train: 568 [   0/520]  Loss: 0.04815 (0.0482)  Acc@1: 96.8750 (96.8750)  Acc@5: 100.0000 (100.0000)LR: 1.750e-04
2024-11-20 09:33:25,181 -                train: [    INFO] - Train: 568 [ 200/520]  Loss: 0.1331 (0.0920)  Acc@1: 96.8750 (98.0929)  Acc@5: 100.0000 (99.9378)LR: 1.750e-04
2024-11-20 09:34:08,606 -                train: [    INFO] - Train: 568 [ 400/520]  Loss: 0.1042 (0.0909)  Acc@1: 98.9583 (98.0985)  Acc@5: 100.0000 (99.9506)LR: 1.750e-04
2024-11-20 09:34:34,697 -                train: [    INFO] - Train: 568 [ 520/520]  Loss: 0.1560 (0.0918)  Acc@1: 96.2500 (98.0620)  Acc@5: 100.0000 (99.9400)LR: 1.750e-04
2024-11-20 09:34:34,963 -                train: [    INFO] - Valid: 568 [   0/104]  Loss: 0.04998 (0.0500)  Acc@1: 97.9167 (97.9167)  Acc@5: 100.0000 (100.0000)
2024-11-20 09:34:40,623 -                train: [    INFO] - Valid: 568 [ 104/104]  Loss: 0.1949 (0.106)  Acc@1: 93.7500 (97.3400)  Acc@5: 100.0000 (99.9700)
2024-11-20 09:34:40,681 -                train: [    INFO] - valid_acc 97.340003 - best_valid_acc 97.360002
2024-11-20 09:34:41,107 -                train: [    INFO] - Train: 569 [   0/520]  Loss: 0.1062 (0.106)  Acc@1: 96.8750 (96.8750)  Acc@5: 100.0000 (100.0000)LR: 1.643e-04
2024-11-20 09:35:24,862 -                train: [    INFO] - Train: 569 [ 200/520]  Loss: 0.1714 (0.0852)  Acc@1: 96.8750 (98.2535)  Acc@5: 100.0000 (99.9845)LR: 1.643e-04
2024-11-20 09:36:08,562 -                train: [    INFO] - Train: 569 [ 400/520]  Loss: 0.02090 (0.0891)  Acc@1: 100.0000 (98.1609)  Acc@5: 100.0000 (99.9766)LR: 1.643e-04
2024-11-20 09:36:34,715 -                train: [    INFO] - Train: 569 [ 520/520]  Loss: 0.09639 (0.0899)  Acc@1: 98.7500 (98.1360)  Acc@5: 100.0000 (99.9640)LR: 1.643e-04
2024-11-20 09:36:34,953 -                train: [    INFO] - Valid: 569 [   0/104]  Loss: 0.04484 (0.0448)  Acc@1: 97.9167 (97.9167)  Acc@5: 100.0000 (100.0000)
2024-11-20 09:36:40,611 -                train: [    INFO] - Valid: 569 [ 104/104]  Loss: 0.1464 (0.106)  Acc@1: 93.7500 (97.2700)  Acc@5: 100.0000 (99.9600)
2024-11-20 09:36:40,643 -                train: [    INFO] - valid_acc 97.270002 - best_valid_acc 97.360002
2024-11-20 09:36:41,084 -                train: [    INFO] - Train: 570 [   0/520]  Loss: 0.06532 (0.0653)  Acc@1: 98.9583 (98.9583)  Acc@5: 100.0000 (100.0000)LR: 1.539e-04
2024-11-20 09:37:26,074 -                train: [    INFO] - Train: 570 [ 200/520]  Loss: 0.1732 (0.0908)  Acc@1: 94.7917 (98.0410)  Acc@5: 100.0000 (99.9585)LR: 1.539e-04
2024-11-20 09:38:09,720 -                train: [    INFO] - Train: 570 [ 400/520]  Loss: 0.04445 (0.0904)  Acc@1: 97.9167 (98.0933)  Acc@5: 100.0000 (99.9454)LR: 1.539e-04
2024-11-20 09:38:35,980 -                train: [    INFO] - Train: 570 [ 520/520]  Loss: 0.1109 (0.0891)  Acc@1: 97.5000 (98.1000)  Acc@5: 100.0000 (99.9480)LR: 1.539e-04
2024-11-20 09:38:36,276 -                train: [    INFO] - Valid: 570 [   0/104]  Loss: 0.05602 (0.0560)  Acc@1: 97.9167 (97.9167)  Acc@5: 100.0000 (100.0000)
2024-11-20 09:38:41,934 -                train: [    INFO] - Valid: 570 [ 104/104]  Loss: 0.2353 (0.106)  Acc@1: 93.7500 (97.3300)  Acc@5: 100.0000 (99.9500)
2024-11-20 09:38:41,961 -                train: [    INFO] - valid_acc 97.330002 - best_valid_acc 97.360002
2024-11-20 09:38:42,378 -                train: [    INFO] - Train: 571 [   0/520]  Loss: 0.02754 (0.0275)  Acc@1: 100.0000 (100.0000)  Acc@5: 100.0000 (100.0000)LR: 1.438e-04
2024-11-20 09:39:26,295 -                train: [    INFO] - Train: 571 [ 200/520]  Loss: 0.03790 (0.0940)  Acc@1: 98.9583 (97.9270)  Acc@5: 100.0000 (99.9482)LR: 1.438e-04
2024-11-20 09:40:10,002 -                train: [    INFO] - Train: 571 [ 400/520]  Loss: 0.1318 (0.0927)  Acc@1: 96.8750 (98.0102)  Acc@5: 100.0000 (99.9480)LR: 1.438e-04
2024-11-20 09:40:36,129 -                train: [    INFO] - Train: 571 [ 520/520]  Loss: 0.09342 (0.0939)  Acc@1: 98.7500 (97.9800)  Acc@5: 100.0000 (99.9520)LR: 1.438e-04
2024-11-20 09:40:36,387 -                train: [    INFO] - Valid: 571 [   0/104]  Loss: 0.03996 (0.0400)  Acc@1: 97.9167 (97.9167)  Acc@5: 100.0000 (100.0000)
2024-11-20 09:40:42,074 -                train: [    INFO] - Valid: 571 [ 104/104]  Loss: 0.2170 (0.107)  Acc@1: 93.7500 (97.2300)  Acc@5: 100.0000 (99.9400)
2024-11-20 09:40:42,106 -                train: [    INFO] - valid_acc 97.230003 - best_valid_acc 97.360002
2024-11-20 09:40:42,552 -                train: [    INFO] - Train: 572 [   0/520]  Loss: 0.1622 (0.162)  Acc@1: 94.7917 (94.7917)  Acc@5: 100.0000 (100.0000)LR: 1.341e-04
2024-11-20 09:41:26,300 -                train: [    INFO] - Train: 572 [ 200/520]  Loss: 0.04782 (0.0898)  Acc@1: 98.9583 (98.0462)  Acc@5: 100.0000 (99.9534)LR: 1.341e-04
2024-11-20 09:42:09,958 -                train: [    INFO] - Train: 572 [ 400/520]  Loss: 0.07281 (0.0878)  Acc@1: 98.9583 (98.1427)  Acc@5: 98.9583 (99.9506)LR: 1.341e-04
2024-11-20 09:42:36,068 -                train: [    INFO] - Train: 572 [ 520/520]  Loss: 0.1667 (0.0892)  Acc@1: 97.5000 (98.1120)  Acc@5: 100.0000 (99.9520)LR: 1.341e-04
2024-11-20 09:42:36,425 -                train: [    INFO] - Valid: 572 [   0/104]  Loss: 0.03582 (0.0358)  Acc@1: 97.9167 (97.9167)  Acc@5: 100.0000 (100.0000)
2024-11-20 09:42:42,161 -                train: [    INFO] - Valid: 572 [ 104/104]  Loss: 0.1148 (0.107)  Acc@1: 93.7500 (97.3500)  Acc@5: 100.0000 (99.9600)
2024-11-20 09:42:42,189 -                train: [    INFO] - valid_acc 97.350002 - best_valid_acc 97.360002
2024-11-20 09:42:42,614 -                train: [    INFO] - Train: 573 [   0/520]  Loss: 0.04849 (0.0485)  Acc@1: 98.9583 (98.9583)  Acc@5: 100.0000 (100.0000)LR: 1.247e-04
2024-11-20 09:43:26,380 -                train: [    INFO] - Train: 573 [ 200/520]  Loss: 0.1073 (0.0866)  Acc@1: 96.8750 (98.0670)  Acc@5: 100.0000 (99.9585)LR: 1.247e-04
2024-11-20 09:44:09,927 -                train: [    INFO] - Train: 573 [ 400/520]  Loss: 0.09327 (0.0890)  Acc@1: 97.9167 (98.0128)  Acc@5: 100.0000 (99.9584)LR: 1.247e-04
2024-11-20 09:44:36,010 -                train: [    INFO] - Train: 573 [ 520/520]  Loss: 0.04475 (0.0899)  Acc@1: 98.7500 (98.0140)  Acc@5: 100.0000 (99.9600)LR: 1.247e-04
2024-11-20 09:44:36,417 -                train: [    INFO] - Valid: 573 [   0/104]  Loss: 0.04305 (0.0431)  Acc@1: 97.9167 (97.9167)  Acc@5: 100.0000 (100.0000)
2024-11-20 09:44:42,119 -                train: [    INFO] - Valid: 573 [ 104/104]  Loss: 0.1498 (0.105)  Acc@1: 93.7500 (97.3300)  Acc@5: 100.0000 (99.9400)
2024-11-20 09:44:42,151 -                train: [    INFO] - valid_acc 97.330002 - best_valid_acc 97.360002
2024-11-20 09:44:42,547 -                train: [    INFO] - Train: 574 [   0/520]  Loss: 0.1004 (0.100)  Acc@1: 98.9583 (98.9583)  Acc@5: 100.0000 (100.0000)LR: 1.157e-04
2024-11-20 09:45:26,010 -                train: [    INFO] - Train: 574 [ 200/520]  Loss: 0.1088 (0.0912)  Acc@1: 97.9167 (98.0514)  Acc@5: 100.0000 (99.9585)LR: 1.157e-04
2024-11-20 09:46:09,377 -                train: [    INFO] - Train: 574 [ 400/520]  Loss: 0.04450 (0.0874)  Acc@1: 98.9583 (98.1634)  Acc@5: 100.0000 (99.9610)LR: 1.157e-04
2024-11-20 09:46:35,356 -                train: [    INFO] - Train: 574 [ 520/520]  Loss: 0.04433 (0.0884)  Acc@1: 100.0000 (98.1260)  Acc@5: 100.0000 (99.9600)LR: 1.157e-04
2024-11-20 09:46:35,602 -                train: [    INFO] - Valid: 574 [   0/104]  Loss: 0.04149 (0.0415)  Acc@1: 97.9167 (97.9167)  Acc@5: 100.0000 (100.0000)
2024-11-20 09:46:41,263 -                train: [    INFO] - Valid: 574 [ 104/104]  Loss: 0.1059 (0.107)  Acc@1: 93.7500 (97.3000)  Acc@5: 100.0000 (99.9600)
2024-11-20 09:46:41,416 -                train: [    INFO] - valid_acc 97.300002 - best_valid_acc 97.360002
2024-11-20 09:46:41,847 -                train: [    INFO] - Train: 575 [   0/520]  Loss: 0.06709 (0.0671)  Acc@1: 97.9167 (97.9167)  Acc@5: 100.0000 (100.0000)LR: 1.069e-04
2024-11-20 09:47:25,257 -                train: [    INFO] - Train: 575 [ 200/520]  Loss: 0.09737 (0.0846)  Acc@1: 98.9583 (98.2587)  Acc@5: 100.0000 (99.9585)LR: 1.069e-04
2024-11-20 09:48:08,752 -                train: [    INFO] - Train: 575 [ 400/520]  Loss: 0.06678 (0.0888)  Acc@1: 97.9167 (98.1401)  Acc@5: 100.0000 (99.9584)LR: 1.069e-04
2024-11-20 09:48:34,805 -                train: [    INFO] - Train: 575 [ 520/520]  Loss: 0.04285 (0.0890)  Acc@1: 100.0000 (98.1260)  Acc@5: 100.0000 (99.9620)LR: 1.069e-04
2024-11-20 09:48:35,063 -                train: [    INFO] - Valid: 575 [   0/104]  Loss: 0.03683 (0.0368)  Acc@1: 97.9167 (97.9167)  Acc@5: 100.0000 (100.0000)
2024-11-20 09:48:40,743 -                train: [    INFO] - Valid: 575 [ 104/104]  Loss: 0.1360 (0.107)  Acc@1: 93.7500 (97.3300)  Acc@5: 100.0000 (99.9600)
2024-11-20 09:48:40,777 -                train: [    INFO] - valid_acc 97.330002 - best_valid_acc 97.360002
2024-11-20 09:48:41,253 -                train: [    INFO] - Train: 576 [   0/520]  Loss: 0.1147 (0.115)  Acc@1: 97.9167 (97.9167)  Acc@5: 100.0000 (100.0000)LR: 9.857e-05
2024-11-20 09:49:24,703 -                train: [    INFO] - Train: 576 [ 200/520]  Loss: 0.1151 (0.0885)  Acc@1: 96.8750 (98.1913)  Acc@5: 100.0000 (99.9534)LR: 9.857e-05
2024-11-20 09:50:08,440 -                train: [    INFO] - Train: 576 [ 400/520]  Loss: 0.1665 (0.0897)  Acc@1: 96.8750 (98.1427)  Acc@5: 100.0000 (99.9636)LR: 9.857e-05
2024-11-20 09:50:34,452 -                train: [    INFO] - Train: 576 [ 520/520]  Loss: 0.07093 (0.0889)  Acc@1: 98.7500 (98.1400)  Acc@5: 100.0000 (99.9680)LR: 9.857e-05
2024-11-20 09:50:34,687 -                train: [    INFO] - Valid: 576 [   0/104]  Loss: 0.04760 (0.0476)  Acc@1: 97.9167 (97.9167)  Acc@5: 100.0000 (100.0000)
2024-11-20 09:50:40,377 -                train: [    INFO] - Valid: 576 [ 104/104]  Loss: 0.1326 (0.106)  Acc@1: 93.7500 (97.3600)  Acc@5: 100.0000 (99.9500)
2024-11-20 09:50:40,412 -                train: [    INFO] - valid_acc 97.360002 - best_valid_acc 97.360002
2024-11-20 09:50:40,865 -                train: [    INFO] - Train: 577 [   0/520]  Loss: 0.1357 (0.136)  Acc@1: 97.9167 (97.9167)  Acc@5: 100.0000 (100.0000)LR: 9.053e-05
2024-11-20 09:51:24,535 -                train: [    INFO] - Train: 577 [ 200/520]  Loss: 0.1103 (0.0892)  Acc@1: 96.8750 (98.1499)  Acc@5: 100.0000 (99.9534)LR: 9.053e-05
2024-11-20 09:52:08,270 -                train: [    INFO] - Train: 577 [ 400/520]  Loss: 0.02452 (0.0897)  Acc@1: 98.9583 (98.1115)  Acc@5: 100.0000 (99.9610)LR: 9.053e-05
2024-11-20 09:52:34,459 -                train: [    INFO] - Train: 577 [ 520/520]  Loss: 0.1262 (0.0886)  Acc@1: 97.5000 (98.1600)  Acc@5: 100.0000 (99.9620)LR: 9.053e-05
2024-11-20 09:52:34,720 -                train: [    INFO] - Valid: 577 [   0/104]  Loss: 0.04436 (0.0444)  Acc@1: 97.9167 (97.9167)  Acc@5: 100.0000 (100.0000)
2024-11-20 09:52:40,413 -                train: [    INFO] - Valid: 577 [ 104/104]  Loss: 0.09138 (0.106)  Acc@1: 93.7500 (97.2600)  Acc@5: 100.0000 (99.9600)
2024-11-20 09:52:40,446 -                train: [    INFO] - valid_acc 97.260002 - best_valid_acc 97.360002
2024-11-20 09:52:40,865 -                train: [    INFO] - Train: 578 [   0/520]  Loss: 0.07649 (0.0765)  Acc@1: 96.8750 (96.8750)  Acc@5: 100.0000 (100.0000)LR: 8.284e-05
2024-11-20 09:53:25,330 -                train: [    INFO] - Train: 578 [ 200/520]  Loss: 0.1093 (0.0840)  Acc@1: 98.9583 (98.2483)  Acc@5: 98.9583 (99.9741)LR: 8.284e-05
2024-11-20 09:54:08,986 -                train: [    INFO] - Train: 578 [ 400/520]  Loss: 0.04640 (0.0878)  Acc@1: 97.9167 (98.1816)  Acc@5: 100.0000 (99.9636)LR: 8.284e-05
2024-11-20 09:54:35,072 -                train: [    INFO] - Train: 578 [ 520/520]  Loss: 0.1324 (0.0875)  Acc@1: 96.2500 (98.1900)  Acc@5: 100.0000 (99.9680)LR: 8.284e-05
2024-11-20 09:54:35,350 -                train: [    INFO] - Valid: 578 [   0/104]  Loss: 0.03824 (0.0382)  Acc@1: 97.9167 (97.9167)  Acc@5: 100.0000 (100.0000)
2024-11-20 09:54:41,010 -                train: [    INFO] - Valid: 578 [ 104/104]  Loss: 0.07615 (0.106)  Acc@1: 93.7500 (97.3100)  Acc@5: 100.0000 (99.9500)
2024-11-20 09:54:41,093 -                train: [    INFO] - valid_acc 97.310002 - best_valid_acc 97.360002
2024-11-20 09:54:41,550 -                train: [    INFO] - Train: 579 [   0/520]  Loss: 0.06786 (0.0679)  Acc@1: 97.9167 (97.9167)  Acc@5: 100.0000 (100.0000)LR: 7.549e-05
2024-11-20 09:55:25,283 -                train: [    INFO] - Train: 579 [ 200/520]  Loss: 0.09605 (0.0939)  Acc@1: 97.9167 (98.1032)  Acc@5: 100.0000 (99.9482)LR: 7.549e-05
2024-11-20 09:56:08,820 -                train: [    INFO] - Train: 579 [ 400/520]  Loss: 0.1418 (0.0915)  Acc@1: 97.9167 (98.1557)  Acc@5: 100.0000 (99.9558)LR: 7.549e-05
2024-11-20 09:56:34,925 -                train: [    INFO] - Train: 579 [ 520/520]  Loss: 0.06055 (0.0887)  Acc@1: 98.7500 (98.2280)  Acc@5: 100.0000 (99.9580)LR: 7.549e-05
2024-11-20 09:56:35,234 -                train: [    INFO] - Valid: 579 [   0/104]  Loss: 0.04870 (0.0487)  Acc@1: 97.9167 (97.9167)  Acc@5: 100.0000 (100.0000)
2024-11-20 09:56:40,909 -                train: [    INFO] - Valid: 579 [ 104/104]  Loss: 0.1148 (0.106)  Acc@1: 93.7500 (97.3000)  Acc@5: 100.0000 (99.9500)
2024-11-20 09:56:40,956 -                train: [    INFO] - valid_acc 97.300002 - best_valid_acc 97.360002
2024-11-20 09:56:41,391 -                train: [    INFO] - Train: 580 [   0/520]  Loss: 0.05013 (0.0501)  Acc@1: 97.9167 (97.9167)  Acc@5: 100.0000 (100.0000)LR: 6.848e-05
2024-11-20 09:57:24,989 -                train: [    INFO] - Train: 580 [ 200/520]  Loss: 0.07851 (0.0917)  Acc@1: 96.8750 (98.0359)  Acc@5: 100.0000 (99.9430)LR: 6.848e-05
2024-11-20 09:58:09,001 -                train: [    INFO] - Train: 580 [ 400/520]  Loss: 0.1404 (0.0885)  Acc@1: 97.9167 (98.0933)  Acc@5: 100.0000 (99.9429)LR: 6.848e-05
2024-11-20 09:58:35,117 -                train: [    INFO] - Train: 580 [ 520/520]  Loss: 0.05691 (0.0880)  Acc@1: 98.7500 (98.1480)  Acc@5: 100.0000 (99.9460)LR: 6.848e-05
2024-11-20 09:58:35,382 -                train: [    INFO] - Valid: 580 [   0/104]  Loss: 0.04091 (0.0409)  Acc@1: 97.9167 (97.9167)  Acc@5: 100.0000 (100.0000)
2024-11-20 09:58:41,052 -                train: [    INFO] - Valid: 580 [ 104/104]  Loss: 0.09735 (0.107)  Acc@1: 93.7500 (97.2900)  Acc@5: 100.0000 (99.9600)
2024-11-20 09:58:41,102 -                train: [    INFO] - valid_acc 97.290002 - best_valid_acc 97.360002
2024-11-20 09:58:41,564 -                train: [    INFO] - Train: 581 [   0/520]  Loss: 0.1283 (0.128)  Acc@1: 97.9167 (97.9167)  Acc@5: 100.0000 (100.0000)LR: 6.181e-05
2024-11-20 09:59:25,405 -                train: [    INFO] - Train: 581 [ 200/520]  Loss: 0.09085 (0.0879)  Acc@1: 97.9167 (98.2276)  Acc@5: 100.0000 (99.9585)LR: 6.181e-05
2024-11-20 10:00:09,000 -                train: [    INFO] - Train: 581 [ 400/520]  Loss: 0.06727 (0.0870)  Acc@1: 98.9583 (98.1920)  Acc@5: 100.0000 (99.9636)LR: 6.181e-05
2024-11-20 10:00:35,137 -                train: [    INFO] - Train: 581 [ 520/520]  Loss: 0.03812 (0.0873)  Acc@1: 100.0000 (98.1900)  Acc@5: 100.0000 (99.9600)LR: 6.181e-05
2024-11-20 10:00:35,404 -                train: [    INFO] - Valid: 581 [   0/104]  Loss: 0.03996 (0.0400)  Acc@1: 97.9167 (97.9167)  Acc@5: 100.0000 (100.0000)
2024-11-20 10:00:41,082 -                train: [    INFO] - Valid: 581 [ 104/104]  Loss: 0.1026 (0.106)  Acc@1: 93.7500 (97.3000)  Acc@5: 100.0000 (99.9600)
2024-11-20 10:00:41,131 -                train: [    INFO] - valid_acc 97.300002 - best_valid_acc 97.360002
2024-11-20 10:00:41,555 -                train: [    INFO] - Train: 582 [   0/520]  Loss: 0.09989 (0.0999)  Acc@1: 97.9167 (97.9167)  Acc@5: 100.0000 (100.0000)LR: 5.548e-05
2024-11-20 10:01:25,926 -                train: [    INFO] - Train: 582 [ 200/520]  Loss: 0.04007 (0.0871)  Acc@1: 98.9583 (98.1913)  Acc@5: 100.0000 (99.9534)LR: 5.548e-05
2024-11-20 10:02:09,433 -                train: [    INFO] - Train: 582 [ 400/520]  Loss: 0.02794 (0.0875)  Acc@1: 100.0000 (98.1712)  Acc@5: 100.0000 (99.9506)LR: 5.548e-05
2024-11-20 10:02:35,558 -                train: [    INFO] - Train: 582 [ 520/520]  Loss: 0.08163 (0.0887)  Acc@1: 100.0000 (98.1400)  Acc@5: 100.0000 (99.9500)LR: 5.548e-05
2024-11-20 10:02:35,860 -                train: [    INFO] - Valid: 582 [   0/104]  Loss: 0.04470 (0.0447)  Acc@1: 97.9167 (97.9167)  Acc@5: 100.0000 (100.0000)
2024-11-20 10:02:41,543 -                train: [    INFO] - Valid: 582 [ 104/104]  Loss: 0.1217 (0.104)  Acc@1: 93.7500 (97.2700)  Acc@5: 100.0000 (99.9500)
2024-11-20 10:02:41,576 -                train: [    INFO] - valid_acc 97.270002 - best_valid_acc 97.360002
2024-11-20 10:02:41,998 -                train: [    INFO] - Train: 583 [   0/520]  Loss: 0.05160 (0.0516)  Acc@1: 98.9583 (98.9583)  Acc@5: 100.0000 (100.0000)LR: 4.949e-05
2024-11-20 10:03:26,228 -                train: [    INFO] - Train: 583 [ 200/520]  Loss: 0.06883 (0.0945)  Acc@1: 95.8333 (98.0566)  Acc@5: 100.0000 (99.9585)LR: 4.949e-05
2024-11-20 10:04:10,194 -                train: [    INFO] - Train: 583 [ 400/520]  Loss: 0.2624 (0.0921)  Acc@1: 96.8750 (98.0829)  Acc@5: 98.9583 (99.9584)LR: 4.949e-05
2024-11-20 10:04:36,162 -                train: [    INFO] - Train: 583 [ 520/520]  Loss: 0.2822 (0.0902)  Acc@1: 95.0000 (98.1520)  Acc@5: 98.7500 (99.9560)LR: 4.949e-05
2024-11-20 10:04:36,426 -                train: [    INFO] - Valid: 583 [   0/104]  Loss: 0.03263 (0.0326)  Acc@1: 97.9167 (97.9167)  Acc@5: 100.0000 (100.0000)
2024-11-20 10:04:42,087 -                train: [    INFO] - Valid: 583 [ 104/104]  Loss: 0.1369 (0.107)  Acc@1: 93.7500 (97.3600)  Acc@5: 100.0000 (99.9500)
2024-11-20 10:04:42,116 -                train: [    INFO] - valid_acc 97.360002 - best_valid_acc 97.360002
2024-11-20 10:04:42,554 -                train: [    INFO] - Train: 584 [   0/520]  Loss: 0.07487 (0.0749)  Acc@1: 98.9583 (98.9583)  Acc@5: 100.0000 (100.0000)LR: 4.384e-05
2024-11-20 10:05:26,174 -                train: [    INFO] - Train: 584 [ 200/520]  Loss: 0.03062 (0.0851)  Acc@1: 100.0000 (98.1551)  Acc@5: 100.0000 (99.9637)LR: 4.384e-05
2024-11-20 10:06:09,844 -                train: [    INFO] - Train: 584 [ 400/520]  Loss: 0.08629 (0.0894)  Acc@1: 97.9167 (98.0855)  Acc@5: 100.0000 (99.9403)LR: 4.384e-05
2024-11-20 10:06:36,028 -                train: [    INFO] - Train: 584 [ 520/520]  Loss: 0.1068 (0.0904)  Acc@1: 96.2500 (98.0880)  Acc@5: 100.0000 (99.9440)LR: 4.384e-05
2024-11-20 10:06:36,300 -                train: [    INFO] - Valid: 584 [   0/104]  Loss: 0.03321 (0.0332)  Acc@1: 97.9167 (97.9167)  Acc@5: 100.0000 (100.0000)
2024-11-20 10:06:41,963 -                train: [    INFO] - Valid: 584 [ 104/104]  Loss: 0.1449 (0.105)  Acc@1: 93.7500 (97.3300)  Acc@5: 100.0000 (99.9500)
2024-11-20 10:06:41,995 -                train: [    INFO] - valid_acc 97.330002 - best_valid_acc 97.360002
2024-11-20 10:06:42,421 -                train: [    INFO] - Train: 585 [   0/520]  Loss: 0.06296 (0.0630)  Acc@1: 97.9167 (97.9167)  Acc@5: 100.0000 (100.0000)LR: 3.853e-05
2024-11-20 10:07:26,394 -                train: [    INFO] - Train: 585 [ 200/520]  Loss: 0.03765 (0.0881)  Acc@1: 100.0000 (98.2639)  Acc@5: 100.0000 (99.9430)LR: 3.853e-05
2024-11-20 10:08:10,101 -                train: [    INFO] - Train: 585 [ 400/520]  Loss: 0.06005 (0.0859)  Acc@1: 98.9583 (98.2466)  Acc@5: 100.0000 (99.9584)LR: 3.853e-05
2024-11-20 10:08:36,091 -                train: [    INFO] - Train: 585 [ 520/520]  Loss: 0.08773 (0.0876)  Acc@1: 98.7500 (98.1780)  Acc@5: 100.0000 (99.9620)LR: 3.853e-05
2024-11-20 10:08:36,422 -                train: [    INFO] - Valid: 585 [   0/104]  Loss: 0.05100 (0.0510)  Acc@1: 97.9167 (97.9167)  Acc@5: 100.0000 (100.0000)
2024-11-20 10:08:42,125 -                train: [    INFO] - Valid: 585 [ 104/104]  Loss: 0.1325 (0.106)  Acc@1: 93.7500 (97.2400)  Acc@5: 100.0000 (99.9700)
2024-11-20 10:08:42,161 -                train: [    INFO] - valid_acc 97.240002 - best_valid_acc 97.360002
2024-11-20 10:08:42,680 -                train: [    INFO] - Train: 586 [   0/520]  Loss: 0.1241 (0.124)  Acc@1: 96.8750 (96.8750)  Acc@5: 100.0000 (100.0000)LR: 3.357e-05
2024-11-20 10:09:26,268 -                train: [    INFO] - Train: 586 [ 200/520]  Loss: 0.08165 (0.0856)  Acc@1: 96.8750 (98.2224)  Acc@5: 100.0000 (99.9793)LR: 3.357e-05
2024-11-20 10:10:09,763 -                train: [    INFO] - Train: 586 [ 400/520]  Loss: 0.07576 (0.0879)  Acc@1: 97.9167 (98.2024)  Acc@5: 100.0000 (99.9714)LR: 3.357e-05
2024-11-20 10:10:35,924 -                train: [    INFO] - Train: 586 [ 520/520]  Loss: 0.05367 (0.0871)  Acc@1: 100.0000 (98.2120)  Acc@5: 100.0000 (99.9720)LR: 3.357e-05
2024-11-20 10:10:36,265 -                train: [    INFO] - Valid: 586 [   0/104]  Loss: 0.05357 (0.0536)  Acc@1: 97.9167 (97.9167)  Acc@5: 100.0000 (100.0000)
2024-11-20 10:10:41,927 -                train: [    INFO] - Valid: 586 [ 104/104]  Loss: 0.1248 (0.107)  Acc@1: 93.7500 (97.2800)  Acc@5: 100.0000 (99.9600)
2024-11-20 10:10:41,989 -                train: [    INFO] - valid_acc 97.280002 - best_valid_acc 97.360002
2024-11-20 10:10:42,402 -                train: [    INFO] - Train: 587 [   0/520]  Loss: 0.05474 (0.0547)  Acc@1: 98.9583 (98.9583)  Acc@5: 100.0000 (100.0000)LR: 2.895e-05
2024-11-20 10:11:27,204 -                train: [    INFO] - Train: 587 [ 200/520]  Loss: 0.06557 (0.0861)  Acc@1: 97.9167 (98.2587)  Acc@5: 100.0000 (99.9534)LR: 2.895e-05
2024-11-20 10:12:12,075 -                train: [    INFO] - Train: 587 [ 400/520]  Loss: 0.1569 (0.0866)  Acc@1: 96.8750 (98.2284)  Acc@5: 100.0000 (99.9636)LR: 2.895e-05
2024-11-20 10:12:38,427 -                train: [    INFO] - Train: 587 [ 520/520]  Loss: 0.2189 (0.0862)  Acc@1: 96.2500 (98.2560)  Acc@5: 100.0000 (99.9660)LR: 2.895e-05
2024-11-20 10:12:38,713 -                train: [    INFO] - Valid: 587 [   0/104]  Loss: 0.04415 (0.0442)  Acc@1: 97.9167 (97.9167)  Acc@5: 100.0000 (100.0000)
2024-11-20 10:12:44,391 -                train: [    INFO] - Valid: 587 [ 104/104]  Loss: 0.1242 (0.106)  Acc@1: 93.7500 (97.2700)  Acc@5: 100.0000 (99.9600)
2024-11-20 10:12:44,433 -                train: [    INFO] - valid_acc 97.270002 - best_valid_acc 97.360002
2024-11-20 10:12:44,925 -                train: [    INFO] - Train: 588 [   0/520]  Loss: 0.07771 (0.0777)  Acc@1: 96.8750 (96.8750)  Acc@5: 100.0000 (100.0000)LR: 2.467e-05
2024-11-20 10:13:28,823 -                train: [    INFO] - Train: 588 [ 200/520]  Loss: 0.05599 (0.0946)  Acc@1: 100.0000 (98.0566)  Acc@5: 100.0000 (99.9741)LR: 2.467e-05
2024-11-20 10:14:12,264 -                train: [    INFO] - Train: 588 [ 400/520]  Loss: 0.05900 (0.0913)  Acc@1: 98.9583 (98.1193)  Acc@5: 100.0000 (99.9688)LR: 2.467e-05
2024-11-20 10:14:38,446 -                train: [    INFO] - Train: 588 [ 520/520]  Loss: 0.1334 (0.0906)  Acc@1: 96.2500 (98.1340)  Acc@5: 100.0000 (99.9700)LR: 2.467e-05
2024-11-20 10:14:38,708 -                train: [    INFO] - Valid: 588 [   0/104]  Loss: 0.03371 (0.0337)  Acc@1: 97.9167 (97.9167)  Acc@5: 100.0000 (100.0000)
2024-11-20 10:14:44,374 -                train: [    INFO] - Valid: 588 [ 104/104]  Loss: 0.1377 (0.106)  Acc@1: 93.7500 (97.3300)  Acc@5: 100.0000 (99.9600)
2024-11-20 10:14:44,409 -                train: [    INFO] - valid_acc 97.330002 - best_valid_acc 97.360002
2024-11-20 10:14:44,835 -                train: [    INFO] - Train: 589 [   0/520]  Loss: 0.09075 (0.0908)  Acc@1: 97.9167 (97.9167)  Acc@5: 100.0000 (100.0000)LR: 2.073e-05
2024-11-20 10:15:28,565 -                train: [    INFO] - Train: 589 [ 200/520]  Loss: 0.05793 (0.0897)  Acc@1: 98.9583 (98.1291)  Acc@5: 100.0000 (99.9845)LR: 2.073e-05
2024-11-20 10:16:12,192 -                train: [    INFO] - Train: 589 [ 400/520]  Loss: 0.06408 (0.0900)  Acc@1: 97.9167 (98.0907)  Acc@5: 100.0000 (99.9714)LR: 2.073e-05
2024-11-20 10:16:38,299 -                train: [    INFO] - Train: 589 [ 520/520]  Loss: 0.06299 (0.0902)  Acc@1: 98.7500 (98.0680)  Acc@5: 100.0000 (99.9660)LR: 2.073e-05
2024-11-20 10:16:38,530 -                train: [    INFO] - Valid: 589 [   0/104]  Loss: 0.04358 (0.0436)  Acc@1: 97.9167 (97.9167)  Acc@5: 100.0000 (100.0000)
2024-11-20 10:16:44,190 -                train: [    INFO] - Valid: 589 [ 104/104]  Loss: 0.1591 (0.107)  Acc@1: 93.7500 (97.2800)  Acc@5: 100.0000 (99.9400)
2024-11-20 10:16:44,237 -                train: [    INFO] - valid_acc 97.280002 - best_valid_acc 97.360002
2024-11-20 10:16:44,637 -                train: [    INFO] - Train: 590 [   0/520]  Loss: 0.07856 (0.0786)  Acc@1: 98.9583 (98.9583)  Acc@5: 100.0000 (100.0000)LR: 1.713e-05
2024-11-20 10:17:28,182 -                train: [    INFO] - Train: 590 [ 200/520]  Loss: 0.05924 (0.0840)  Acc@1: 98.9583 (98.2743)  Acc@5: 100.0000 (99.9689)LR: 1.713e-05
2024-11-20 10:18:11,895 -                train: [    INFO] - Train: 590 [ 400/520]  Loss: 0.2957 (0.0867)  Acc@1: 93.7500 (98.1790)  Acc@5: 98.9583 (99.9558)LR: 1.713e-05
2024-11-20 10:18:38,060 -                train: [    INFO] - Train: 590 [ 520/520]  Loss: 0.01382 (0.0860)  Acc@1: 100.0000 (98.2200)  Acc@5: 100.0000 (99.9580)LR: 1.713e-05
2024-11-20 10:18:38,299 -                train: [    INFO] - Valid: 590 [   0/104]  Loss: 0.03208 (0.0321)  Acc@1: 97.9167 (97.9167)  Acc@5: 100.0000 (100.0000)
2024-11-20 10:18:43,961 -                train: [    INFO] - Valid: 590 [ 104/104]  Loss: 0.1356 (0.107)  Acc@1: 93.7500 (97.2900)  Acc@5: 100.0000 (99.9500)
2024-11-20 10:18:44,927 -                train: [    INFO] - valid_acc 97.290002 - best_valid_acc 97.360002
2024-11-20 10:18:45,419 -                train: [    INFO] - Train: 591 [   0/520]  Loss: 0.05037 (0.0504)  Acc@1: 98.9583 (98.9583)  Acc@5: 100.0000 (100.0000)LR: 1.388e-05
2024-11-20 10:19:29,966 -                train: [    INFO] - Train: 591 [ 200/520]  Loss: 0.04247 (0.0923)  Acc@1: 100.0000 (98.0566)  Acc@5: 100.0000 (99.9326)LR: 1.388e-05
2024-11-20 10:20:13,539 -                train: [    INFO] - Train: 591 [ 400/520]  Loss: 0.09154 (0.0884)  Acc@1: 96.8750 (98.1479)  Acc@5: 100.0000 (99.9429)LR: 1.388e-05
2024-11-20 10:20:39,726 -                train: [    INFO] - Train: 591 [ 520/520]  Loss: 0.08430 (0.0916)  Acc@1: 98.7500 (98.0740)  Acc@5: 100.0000 (99.9440)LR: 1.388e-05
2024-11-20 10:20:40,971 -                train: [    INFO] - Valid: 591 [   0/104]  Loss: 0.04534 (0.0453)  Acc@1: 97.9167 (97.9167)  Acc@5: 100.0000 (100.0000)
2024-11-20 10:20:46,631 -                train: [    INFO] - Valid: 591 [ 104/104]  Loss: 0.1344 (0.106)  Acc@1: 93.7500 (97.3200)  Acc@5: 100.0000 (99.9600)
2024-11-20 10:20:46,670 -                train: [    INFO] - valid_acc 97.320002 - best_valid_acc 97.360002
2024-11-20 10:20:47,071 -                train: [    INFO] - Train: 592 [   0/520]  Loss: 0.03452 (0.0345)  Acc@1: 100.0000 (100.0000)  Acc@5: 100.0000 (100.0000)LR: 1.096e-05
2024-11-20 10:21:30,744 -                train: [    INFO] - Train: 592 [ 200/520]  Loss: 0.1101 (0.0905)  Acc@1: 98.9583 (98.1602)  Acc@5: 100.0000 (99.9585)LR: 1.096e-05
2024-11-20 10:22:14,637 -                train: [    INFO] - Train: 592 [ 400/520]  Loss: 0.07663 (0.0889)  Acc@1: 97.9167 (98.1686)  Acc@5: 100.0000 (99.9610)LR: 1.096e-05
2024-11-20 10:22:40,707 -                train: [    INFO] - Train: 592 [ 520/520]  Loss: 0.05252 (0.0889)  Acc@1: 98.7500 (98.1700)  Acc@5: 100.0000 (99.9580)LR: 1.096e-05
2024-11-20 10:22:42,554 -                train: [    INFO] - Valid: 592 [   0/104]  Loss: 0.03428 (0.0343)  Acc@1: 97.9167 (97.9167)  Acc@5: 100.0000 (100.0000)
2024-11-20 10:22:48,293 -                train: [    INFO] - Valid: 592 [ 104/104]  Loss: 0.1585 (0.106)  Acc@1: 93.7500 (97.3100)  Acc@5: 100.0000 (99.9600)
2024-11-20 10:22:49,044 -                train: [    INFO] - valid_acc 97.310002 - best_valid_acc 97.360002
2024-11-20 10:22:49,618 -                train: [    INFO] - Train: 593 [   0/520]  Loss: 0.1366 (0.137)  Acc@1: 97.9167 (97.9167)  Acc@5: 100.0000 (100.0000)LR: 8.395e-06
2024-11-20 10:23:33,854 -                train: [    INFO] - Train: 593 [ 200/520]  Loss: 0.05508 (0.0875)  Acc@1: 98.9583 (98.2017)  Acc@5: 100.0000 (99.9585)LR: 8.395e-06
2024-11-20 10:24:17,485 -                train: [    INFO] - Train: 593 [ 400/520]  Loss: 0.1285 (0.0844)  Acc@1: 96.8750 (98.2180)  Acc@5: 100.0000 (99.9610)LR: 8.395e-06
2024-11-20 10:24:43,559 -                train: [    INFO] - Train: 593 [ 520/520]  Loss: 0.05206 (0.0855)  Acc@1: 98.7500 (98.1920)  Acc@5: 100.0000 (99.9580)LR: 8.395e-06
2024-11-20 10:24:45,528 -                train: [    INFO] - Valid: 593 [   0/104]  Loss: 0.03994 (0.0399)  Acc@1: 97.9167 (97.9167)  Acc@5: 100.0000 (100.0000)
2024-11-20 10:24:51,364 -                train: [    INFO] - Valid: 593 [ 104/104]  Loss: 0.1359 (0.106)  Acc@1: 93.7500 (97.2600)  Acc@5: 100.0000 (99.9500)
2024-11-20 10:24:52,026 -                train: [    INFO] - valid_acc 97.260002 - best_valid_acc 97.360002
2024-11-20 10:24:52,585 -                train: [    INFO] - Train: 594 [   0/520]  Loss: 0.1025 (0.103)  Acc@1: 96.8750 (96.8750)  Acc@5: 100.0000 (100.0000)LR: 6.168e-06
2024-11-20 10:25:36,812 -                train: [    INFO] - Train: 594 [ 200/520]  Loss: 0.1270 (0.0935)  Acc@1: 97.9167 (98.0462)  Acc@5: 100.0000 (99.9326)LR: 6.168e-06
2024-11-20 10:26:21,426 -                train: [    INFO] - Train: 594 [ 400/520]  Loss: 0.04033 (0.0896)  Acc@1: 100.0000 (98.1479)  Acc@5: 100.0000 (99.9532)LR: 6.168e-06
2024-11-20 10:26:48,409 -                train: [    INFO] - Train: 594 [ 520/520]  Loss: 0.04182 (0.0891)  Acc@1: 98.7500 (98.1600)  Acc@5: 100.0000 (99.9500)LR: 6.168e-06
2024-11-20 10:26:50,463 -                train: [    INFO] - Valid: 594 [   0/104]  Loss: 0.03778 (0.0378)  Acc@1: 97.9167 (97.9167)  Acc@5: 100.0000 (100.0000)
2024-11-20 10:26:56,190 -                train: [    INFO] - Valid: 594 [ 104/104]  Loss: 0.1358 (0.106)  Acc@1: 93.7500 (97.2800)  Acc@5: 100.0000 (99.9500)
2024-11-20 10:26:56,867 -                train: [    INFO] - valid_acc 97.280002 - best_valid_acc 97.360002
2024-11-20 10:26:57,379 -                train: [    INFO] - Train: 595 [   0/520]  Loss: 0.1421 (0.142)  Acc@1: 97.9167 (97.9167)  Acc@5: 100.0000 (100.0000)LR: 4.283e-06
2024-11-20 10:27:40,532 -                train: [    INFO] - Train: 595 [ 200/520]  Loss: 0.06259 (0.0885)  Acc@1: 98.9583 (98.1654)  Acc@5: 98.9583 (99.9326)LR: 4.283e-06
2024-11-20 10:28:24,809 -                train: [    INFO] - Train: 595 [ 400/520]  Loss: 0.1081 (0.0855)  Acc@1: 97.9167 (98.2258)  Acc@5: 100.0000 (99.9610)LR: 4.283e-06
2024-11-20 10:28:51,204 -                train: [    INFO] - Train: 595 [ 520/520]  Loss: 0.1123 (0.0870)  Acc@1: 98.7500 (98.2180)  Acc@5: 100.0000 (99.9600)LR: 4.283e-06
2024-11-20 10:28:54,658 -                train: [    INFO] - Valid: 595 [   0/104]  Loss: 0.03662 (0.0366)  Acc@1: 97.9167 (97.9167)  Acc@5: 100.0000 (100.0000)
2024-11-20 10:29:04,735 -                train: [    INFO] - Valid: 595 [ 104/104]  Loss: 0.1324 (0.106)  Acc@1: 93.7500 (97.2800)  Acc@5: 100.0000 (99.9500)
2024-11-20 10:29:06,994 -                train: [    INFO] - valid_acc 97.280002 - best_valid_acc 97.360002
2024-11-20 10:29:07,514 -                train: [    INFO] - Train: 596 [   0/520]  Loss: 0.1010 (0.101)  Acc@1: 98.9583 (98.9583)  Acc@5: 100.0000 (100.0000)LR: 2.741e-06
2024-11-20 10:29:52,549 -                train: [    INFO] - Train: 596 [ 200/520]  Loss: 0.08534 (0.0916)  Acc@1: 98.9583 (98.0877)  Acc@5: 100.0000 (99.9430)LR: 2.741e-06
2024-11-20 10:30:37,522 -                train: [    INFO] - Train: 596 [ 400/520]  Loss: 0.09707 (0.0902)  Acc@1: 95.8333 (98.0959)  Acc@5: 100.0000 (99.9506)LR: 2.741e-06
2024-11-20 10:31:05,862 -                train: [    INFO] - Train: 596 [ 520/520]  Loss: 0.1134 (0.0891)  Acc@1: 98.7500 (98.1240)  Acc@5: 100.0000 (99.9520)LR: 2.741e-06
2024-11-20 10:31:08,795 -                train: [    INFO] - Valid: 596 [   0/104]  Loss: 0.03608 (0.0361)  Acc@1: 97.9167 (97.9167)  Acc@5: 100.0000 (100.0000)
2024-11-20 10:31:14,487 -                train: [    INFO] - Valid: 596 [ 104/104]  Loss: 0.1189 (0.107)  Acc@1: 93.7500 (97.2900)  Acc@5: 100.0000 (99.9700)
2024-11-20 10:31:16,789 -                train: [    INFO] - valid_acc 97.290002 - best_valid_acc 97.360002
2024-11-20 10:31:17,289 -                train: [    INFO] - Train: 597 [   0/520]  Loss: 0.03534 (0.0353)  Acc@1: 100.0000 (100.0000)  Acc@5: 100.0000 (100.0000)LR: 1.542e-06
2024-11-20 10:32:01,485 -                train: [    INFO] - Train: 597 [ 200/520]  Loss: 0.1026 (0.0935)  Acc@1: 96.8750 (98.0773)  Acc@5: 100.0000 (99.9741)LR: 1.542e-06
2024-11-20 10:33:34,758 -                train: [    INFO] - Train: 597 [ 400/520]  Loss: 0.05732 (0.0903)  Acc@1: 100.0000 (98.1634)  Acc@5: 100.0000 (99.9532)LR: 1.542e-06
2024-11-20 10:34:01,492 -                train: [    INFO] - Train: 597 [ 520/520]  Loss: 0.2133 (0.0895)  Acc@1: 95.0000 (98.1940)  Acc@5: 100.0000 (99.9540)LR: 1.542e-06
2024-11-20 10:34:03,463 -                train: [    INFO] - Valid: 597 [   0/104]  Loss: 0.04784 (0.0478)  Acc@1: 97.9167 (97.9167)  Acc@5: 100.0000 (100.0000)
2024-11-20 10:34:09,116 -                train: [    INFO] - Valid: 597 [ 104/104]  Loss: 0.1472 (0.106)  Acc@1: 93.7500 (97.2600)  Acc@5: 100.0000 (99.9400)
2024-11-20 10:34:09,659 -                train: [    INFO] - valid_acc 97.260002 - best_valid_acc 97.360002
2024-11-20 10:34:10,194 -                train: [    INFO] - Train: 598 [   0/520]  Loss: 0.06578 (0.0658)  Acc@1: 97.9167 (97.9167)  Acc@5: 100.0000 (100.0000)LR: 6.854e-07
2024-11-20 10:34:54,121 -                train: [    INFO] - Train: 598 [ 200/520]  Loss: 0.09612 (0.0923)  Acc@1: 96.8750 (98.1136)  Acc@5: 98.9583 (99.9637)LR: 6.854e-07
2024-11-20 10:35:38,362 -                train: [    INFO] - Train: 598 [ 400/520]  Loss: 0.06754 (0.0972)  Acc@1: 97.9167 (97.9894)  Acc@5: 100.0000 (99.9351)LR: 6.854e-07
2024-11-20 10:36:04,913 -                train: [    INFO] - Train: 598 [ 520/520]  Loss: 0.05035 (0.0946)  Acc@1: 100.0000 (98.0380)  Acc@5: 100.0000 (99.9400)LR: 6.854e-07
2024-11-20 10:36:07,964 -                train: [    INFO] - Valid: 598 [   0/104]  Loss: 0.03693 (0.0369)  Acc@1: 97.9167 (97.9167)  Acc@5: 100.0000 (100.0000)
2024-11-20 10:36:13,868 -                train: [    INFO] - Valid: 598 [ 104/104]  Loss: 0.1354 (0.107)  Acc@1: 93.7500 (97.3000)  Acc@5: 100.0000 (99.9500)
2024-11-20 10:36:17,214 -                train: [    INFO] - valid_acc 97.300002 - best_valid_acc 97.360002
2024-11-20 10:36:17,768 -                train: [    INFO] - Train: 599 [   0/520]  Loss: 0.07794 (0.0779)  Acc@1: 97.9167 (97.9167)  Acc@5: 100.0000 (100.0000)LR: 1.713e-07
2024-11-20 10:37:01,443 -                train: [    INFO] - Train: 599 [ 200/520]  Loss: 0.1105 (0.0901)  Acc@1: 97.9167 (98.0255)  Acc@5: 100.0000 (99.9378)LR: 1.713e-07
2024-11-20 10:37:44,885 -                train: [    INFO] - Train: 599 [ 400/520]  Loss: 0.1213 (0.0909)  Acc@1: 94.7917 (98.0466)  Acc@5: 100.0000 (99.9558)LR: 1.713e-07
2024-11-20 10:38:11,129 -                train: [    INFO] - Train: 599 [ 520/520]  Loss: 0.2073 (0.0915)  Acc@1: 96.2500 (98.0540)  Acc@5: 100.0000 (99.9560)LR: 1.713e-07
2024-11-20 10:38:11,513 -                train: [    INFO] - Valid: 599 [   0/104]  Loss: 0.03600 (0.0360)  Acc@1: 97.9167 (97.9167)  Acc@5: 100.0000 (100.0000)
2024-11-20 10:38:17,195 -                train: [    INFO] - Valid: 599 [ 104/104]  Loss: 0.1607 (0.105)  Acc@1: 93.7500 (97.2800)  Acc@5: 100.0000 (99.9600)
2024-11-20 10:38:17,865 -                train: [    INFO] - valid_acc 97.280002 - best_valid_acc 97.360002
