2024-11-17 13:23:46,846 -                train: [    INFO] - Training with a single process on 1 GPUs.
2024-11-17 13:23:46,846 -                train: [    INFO] - genotype = Genotype(normal=[('sep_conv_3x3', 0), ('sep_conv_3x3', 1), ('sep_conv_3x3', 0), ('sep_conv_3x3', 2), ('sep_conv_3x3', 3), ('sep_conv_3x3', 2), ('sep_conv_3x3', 4), ('sep_conv_3x3', 3)], normal_concat=range(2, 6), reduce=[('sep_conv_3x3', 1), ('sep_conv_3x3', 0), ('sep_conv_3x3', 0), ('sep_conv_3x3', 2), ('sep_conv_3x3', 1), ('sep_conv_3x3', 2), ('sep_conv_3x3', 2), ('sep_conv_3x3', 4)], reduce_concat=range(2, 6))
2024-11-17 13:23:46,899 -     timm.data.config: [    INFO] - Data processing configuration for current model + dataset:
2024-11-17 13:23:46,899 -     timm.data.config: [    INFO] - 	input_size: (3, 32, 32)
2024-11-17 13:23:46,899 -     timm.data.config: [    INFO] - 	interpolation: bilinear
2024-11-17 13:23:46,899 -     timm.data.config: [    INFO] - 	mean: (0.507, 0.4865, 0.4409)
2024-11-17 13:23:46,899 -     timm.data.config: [    INFO] - 	std: (0.2673, 0.2564, 0.2761)
2024-11-17 13:23:46,900 -     timm.data.config: [    INFO] - 	crop_pct: 1.0
2024-11-17 13:23:46,900 -     timm.data.config: [    INFO] - 	crop_mode: center
2024-11-17 13:23:53,069 -                train: [    INFO] - 
-------------------------------
Learnable parameters
Student: 0.43M
Extra: 0.50M
-------------------------------
2024-11-17 13:23:55,096 -                train: [    INFO] - Scheduled epochs: 600
2024-11-17 13:24:03,009 -                train: [    INFO] - Train: 0 [   0/520]  Loss: 6.488 (6.49)  Acc@1:  1.0417 ( 1.0417)  Acc@5:  5.2083 ( 5.2083)LR: 2.500e-02
2024-11-17 13:24:18,213 -                train: [    INFO] - Train: 0 [ 200/520]  Loss: 5.613 (6.19)  Acc@1:  6.2500 ( 3.2805)  Acc@5: 31.2500 (13.5728)LR: 2.500e-02
2024-11-17 13:24:33,583 -                train: [    INFO] - Train: 0 [ 400/520]  Loss: 5.304 (5.91)  Acc@1:  6.2500 ( 5.2915)  Acc@5: 28.1250 (19.8047)LR: 2.500e-02
2024-11-17 13:24:48,450 -                train: [    INFO] - Train: 0 [ 520/520]  Loss: 5.245 (5.77)  Acc@1: 15.0000 ( 6.5060)  Acc@5: 37.5000 (22.9140)LR: 2.500e-02
2024-11-17 13:24:48,883 -                train: [    INFO] - Valid: 0 [   0/104]  Loss: 4.030 (4.03)  Acc@1:  8.3333 ( 8.3333)  Acc@5: 28.1250 (28.1250)
2024-11-17 13:24:52,296 -                train: [    INFO] - Valid: 0 [ 104/104]  Loss: 3.694 (3.87)  Acc@1: 18.7500 (11.0900)  Acc@5: 37.5000 (34.6000)
2024-11-17 13:24:52,396 -                train: [    INFO] - valid_acc 11.090000 - best_valid_acc 11.090000
2024-11-17 13:24:52,916 -                train: [    INFO] - Train: 1 [   0/520]  Loss: 5.454 (5.45)  Acc@1:  8.3333 ( 8.3333)  Acc@5: 32.2917 (32.2917)LR: 2.500e-02
2024-11-17 13:25:09,711 -                train: [    INFO] - Train: 1 [ 200/520]  Loss: 4.873 (5.10)  Acc@1: 18.7500 (13.0079)  Acc@5: 37.5000 (37.3393)LR: 2.500e-02
2024-11-17 13:25:26,304 -                train: [    INFO] - Train: 1 [ 400/520]  Loss: 4.960 (5.00)  Acc@1: 16.6667 (14.1365)  Acc@5: 42.7083 (39.5755)LR: 2.500e-02
2024-11-17 13:25:36,309 -                train: [    INFO] - Train: 1 [ 520/520]  Loss: 4.773 (4.93)  Acc@1: 21.2500 (15.0340)  Acc@5: 48.7500 (40.8800)LR: 2.500e-02
2024-11-17 13:25:36,675 -                train: [    INFO] - Valid: 1 [   0/104]  Loss: 3.419 (3.42)  Acc@1: 16.6667 (16.6667)  Acc@5: 45.8333 (45.8333)
2024-11-17 13:25:38,417 -                train: [    INFO] - Valid: 1 [ 104/104]  Loss: 3.100 (3.40)  Acc@1: 31.2500 (19.0300)  Acc@5: 62.5000 (45.7100)
2024-11-17 13:25:38,520 -                train: [    INFO] - valid_acc 19.030001 - best_valid_acc 19.030001
2024-11-17 13:25:38,930 -                train: [    INFO] - Train: 2 [   0/520]  Loss: 4.759 (4.76)  Acc@1: 13.5417 (13.5417)  Acc@5: 47.9167 (47.9167)LR: 2.500e-02
2024-11-17 13:25:55,583 -                train: [    INFO] - Train: 2 [ 200/520]  Loss: 4.352 (4.54)  Acc@1: 17.7083 (20.2114)  Acc@5: 53.1250 (49.0568)LR: 2.500e-02
2024-11-17 13:26:12,134 -                train: [    INFO] - Train: 2 [ 400/520]  Loss: 4.303 (4.47)  Acc@1: 18.7500 (20.8671)  Acc@5: 45.8333 (50.2260)LR: 2.500e-02
2024-11-17 13:26:22,198 -                train: [    INFO] - Train: 2 [ 520/520]  Loss: 4.731 (4.43)  Acc@1: 18.7500 (21.4660)  Acc@5: 48.7500 (51.0980)LR: 2.500e-02
2024-11-17 13:26:22,557 -                train: [    INFO] - Valid: 2 [   0/104]  Loss: 3.124 (3.12)  Acc@1: 20.8333 (20.8333)  Acc@5: 54.1667 (54.1667)
2024-11-17 13:26:24,296 -                train: [    INFO] - Valid: 2 [ 104/104]  Loss: 2.692 (3.10)  Acc@1: 31.2500 (24.2900)  Acc@5: 68.7500 (55.2800)
2024-11-17 13:26:24,402 -                train: [    INFO] - valid_acc 24.290001 - best_valid_acc 24.290001
2024-11-17 13:26:24,800 -                train: [    INFO] - Train: 3 [   0/520]  Loss: 4.375 (4.37)  Acc@1: 25.0000 (25.0000)  Acc@5: 51.0417 (51.0417)LR: 2.500e-02
2024-11-17 13:26:41,622 -                train: [    INFO] - Train: 3 [ 200/520]  Loss: 4.026 (4.11)  Acc@1: 26.0417 (25.8188)  Acc@5: 60.4167 (56.7268)LR: 2.500e-02
2024-11-17 13:26:58,419 -                train: [    INFO] - Train: 3 [ 400/520]  Loss: 3.985 (4.05)  Acc@1: 31.2500 (26.6106)  Acc@5: 54.1667 (57.7904)LR: 2.500e-02
2024-11-17 13:27:08,494 -                train: [    INFO] - Train: 3 [ 520/520]  Loss: 3.665 (4.02)  Acc@1: 35.0000 (26.9860)  Acc@5: 63.7500 (58.2700)LR: 2.500e-02
2024-11-17 13:27:08,876 -                train: [    INFO] - Valid: 3 [   0/104]  Loss: 2.808 (2.81)  Acc@1: 27.0833 (27.0833)  Acc@5: 64.5833 (64.5833)
2024-11-17 13:27:10,611 -                train: [    INFO] - Valid: 3 [ 104/104]  Loss: 2.757 (2.77)  Acc@1: 37.5000 (30.0700)  Acc@5: 50.0000 (62.4000)
2024-11-17 13:27:10,717 -                train: [    INFO] - valid_acc 30.070001 - best_valid_acc 30.070001
2024-11-17 13:27:11,147 -                train: [    INFO] - Train: 4 [   0/520]  Loss: 3.613 (3.61)  Acc@1: 40.6250 (40.6250)  Acc@5: 64.5833 (64.5833)LR: 2.500e-02
2024-11-17 13:27:27,891 -                train: [    INFO] - Train: 4 [ 200/520]  Loss: 3.537 (3.75)  Acc@1: 37.5000 (31.0634)  Acc@5: 68.7500 (62.9664)LR: 2.500e-02
2024-11-17 13:27:44,647 -                train: [    INFO] - Train: 4 [ 400/520]  Loss: 3.623 (3.71)  Acc@1: 36.4583 (31.5305)  Acc@5: 60.4167 (63.7625)LR: 2.500e-02
2024-11-17 13:27:54,354 -                train: [    INFO] - Train: 4 [ 520/520]  Loss: 3.661 (3.68)  Acc@1: 32.5000 (32.0780)  Acc@5: 68.7500 (64.2120)LR: 2.500e-02
2024-11-17 13:27:54,749 -                train: [    INFO] - Valid: 4 [   0/104]  Loss: 2.858 (2.86)  Acc@1: 34.3750 (34.3750)  Acc@5: 64.5833 (64.5833)
2024-11-17 13:27:56,449 -                train: [    INFO] - Valid: 4 [ 104/104]  Loss: 2.343 (2.58)  Acc@1: 31.2500 (34.2100)  Acc@5: 75.0000 (67.6500)
2024-11-17 13:27:56,555 -                train: [    INFO] - valid_acc 34.210001 - best_valid_acc 34.210001
2024-11-17 13:27:56,999 -                train: [    INFO] - Train: 5 [   0/520]  Loss: 3.520 (3.52)  Acc@1: 29.1667 (29.1667)  Acc@5: 66.6667 (66.6667)LR: 2.500e-02
2024-11-17 13:28:13,516 -                train: [    INFO] - Train: 5 [ 200/520]  Loss: 3.338 (3.48)  Acc@1: 37.5000 (35.1109)  Acc@5: 76.0417 (67.2212)LR: 2.500e-02
2024-11-17 13:28:29,980 -                train: [    INFO] - Train: 5 [ 400/520]  Loss: 3.432 (3.46)  Acc@1: 35.4167 (35.2478)  Acc@5: 69.7917 (67.6616)LR: 2.500e-02
2024-11-17 13:28:39,946 -                train: [    INFO] - Train: 5 [ 520/520]  Loss: 3.447 (3.44)  Acc@1: 35.0000 (35.7840)  Acc@5: 70.0000 (67.9920)LR: 2.500e-02
2024-11-17 13:28:40,436 -                train: [    INFO] - Valid: 5 [   0/104]  Loss: 2.725 (2.72)  Acc@1: 32.2917 (32.2917)  Acc@5: 67.7083 (67.7083)
2024-11-17 13:28:42,177 -                train: [    INFO] - Valid: 5 [ 104/104]  Loss: 1.999 (2.50)  Acc@1: 37.5000 (36.4900)  Acc@5: 75.0000 (67.9900)
2024-11-17 13:28:42,280 -                train: [    INFO] - valid_acc 36.490001 - best_valid_acc 36.490001
2024-11-17 13:28:42,738 -                train: [    INFO] - Train: 6 [   0/520]  Loss: 3.507 (3.51)  Acc@1: 37.5000 (37.5000)  Acc@5: 67.7083 (67.7083)LR: 2.499e-02
2024-11-17 13:28:59,755 -                train: [    INFO] - Train: 6 [ 200/520]  Loss: 3.533 (3.26)  Acc@1: 31.2500 (38.2774)  Acc@5: 68.7500 (70.8748)LR: 2.499e-02
2024-11-17 13:29:16,339 -                train: [    INFO] - Train: 6 [ 400/520]  Loss: 3.204 (3.25)  Acc@1: 37.5000 (38.3105)  Acc@5: 73.9583 (70.9450)LR: 2.499e-02
2024-11-17 13:29:26,407 -                train: [    INFO] - Train: 6 [ 520/520]  Loss: 3.612 (3.25)  Acc@1: 27.5000 (38.5560)  Acc@5: 65.0000 (70.9740)LR: 2.499e-02
2024-11-17 13:29:26,814 -                train: [    INFO] - Valid: 6 [   0/104]  Loss: 2.300 (2.30)  Acc@1: 39.5833 (39.5833)  Acc@5: 73.9583 (73.9583)
2024-11-17 13:29:28,546 -                train: [    INFO] - Valid: 6 [ 104/104]  Loss: 1.777 (2.21)  Acc@1: 50.0000 (41.9000)  Acc@5: 75.0000 (73.5700)
2024-11-17 13:29:28,653 -                train: [    INFO] - valid_acc 41.900001 - best_valid_acc 41.900001
2024-11-17 13:29:29,108 -                train: [    INFO] - Train: 7 [   0/520]  Loss: 3.349 (3.35)  Acc@1: 42.7083 (42.7083)  Acc@5: 72.9167 (72.9167)LR: 2.499e-02
2024-11-17 13:29:45,874 -                train: [    INFO] - Train: 7 [ 200/520]  Loss: 3.025 (3.11)  Acc@1: 45.8333 (41.0500)  Acc@5: 73.9583 (72.9322)LR: 2.499e-02
2024-11-17 13:30:02,547 -                train: [    INFO] - Train: 7 [ 400/520]  Loss: 3.371 (3.10)  Acc@1: 34.3750 (41.3368)  Acc@5: 76.0417 (73.2232)LR: 2.499e-02
2024-11-17 13:30:12,686 -                train: [    INFO] - Train: 7 [ 520/520]  Loss: 3.132 (3.10)  Acc@1: 40.0000 (41.1920)  Acc@5: 75.0000 (73.2400)LR: 2.499e-02
2024-11-17 13:30:13,095 -                train: [    INFO] - Valid: 7 [   0/104]  Loss: 2.477 (2.48)  Acc@1: 40.6250 (40.6250)  Acc@5: 71.8750 (71.8750)
2024-11-17 13:30:14,904 -                train: [    INFO] - Valid: 7 [ 104/104]  Loss: 1.864 (2.27)  Acc@1: 56.2500 (41.6600)  Acc@5: 81.2500 (73.0200)
2024-11-17 13:30:14,958 -                train: [    INFO] - valid_acc 41.660001 - best_valid_acc 41.900001
2024-11-17 13:30:15,388 -                train: [    INFO] - Train: 8 [   0/520]  Loss: 2.987 (2.99)  Acc@1: 47.9167 (47.9167)  Acc@5: 71.8750 (71.8750)LR: 2.499e-02
2024-11-17 13:30:32,194 -                train: [    INFO] - Train: 8 [ 200/520]  Loss: 3.040 (2.97)  Acc@1: 41.6667 (42.9053)  Acc@5: 72.9167 (75.3369)LR: 2.499e-02
2024-11-17 13:30:48,767 -                train: [    INFO] - Train: 8 [ 400/520]  Loss: 2.903 (2.97)  Acc@1: 45.8333 (42.8928)  Acc@5: 75.0000 (75.3507)LR: 2.499e-02
2024-11-17 13:30:58,363 -                train: [    INFO] - Train: 8 [ 520/520]  Loss: 3.075 (2.97)  Acc@1: 41.2500 (42.7460)  Acc@5: 75.0000 (75.2140)LR: 2.499e-02
2024-11-17 13:30:58,803 -                train: [    INFO] - Valid: 8 [   0/104]  Loss: 2.027 (2.03)  Acc@1: 42.7083 (42.7083)  Acc@5: 82.2917 (82.2917)
2024-11-17 13:31:00,533 -                train: [    INFO] - Valid: 8 [ 104/104]  Loss: 1.596 (2.21)  Acc@1: 56.2500 (42.5500)  Acc@5: 81.2500 (74.8100)
2024-11-17 13:31:00,639 -                train: [    INFO] - valid_acc 42.550001 - best_valid_acc 42.550001
2024-11-17 13:31:01,085 -                train: [    INFO] - Train: 9 [   0/520]  Loss: 2.596 (2.60)  Acc@1: 45.8333 (45.8333)  Acc@5: 81.2500 (81.2500)LR: 2.499e-02
2024-11-17 13:31:17,692 -                train: [    INFO] - Train: 9 [ 200/520]  Loss: 2.846 (2.87)  Acc@1: 46.8750 (44.5481)  Acc@5: 77.0833 (76.7517)LR: 2.499e-02
2024-11-17 13:31:34,447 -                train: [    INFO] - Train: 9 [ 400/520]  Loss: 2.823 (2.87)  Acc@1: 43.7500 (44.3916)  Acc@5: 78.1250 (76.6599)LR: 2.499e-02
2024-11-17 13:31:44,555 -                train: [    INFO] - Train: 9 [ 520/520]  Loss: 2.719 (2.87)  Acc@1: 40.0000 (44.3080)  Acc@5: 78.7500 (76.6140)LR: 2.499e-02
2024-11-17 13:31:44,941 -                train: [    INFO] - Valid: 9 [   0/104]  Loss: 2.270 (2.27)  Acc@1: 40.6250 (40.6250)  Acc@5: 79.1667 (79.1667)
2024-11-17 13:31:46,743 -                train: [    INFO] - Valid: 9 [ 104/104]  Loss: 2.738 (2.28)  Acc@1: 37.5000 (41.5900)  Acc@5: 62.5000 (72.7100)
2024-11-17 13:31:46,795 -                train: [    INFO] - valid_acc 41.590001 - best_valid_acc 42.550001
2024-11-17 13:31:47,242 -                train: [    INFO] - Train: 10 [   0/520]  Loss: 2.508 (2.51)  Acc@1: 53.1250 (53.1250)  Acc@5: 79.1667 (79.1667)LR: 2.498e-02
2024-11-17 13:32:04,166 -                train: [    INFO] - Train: 10 [ 200/520]  Loss: 2.398 (2.79)  Acc@1: 56.2500 (46.1961)  Acc@5: 82.2917 (77.7778)LR: 2.498e-02
2024-11-17 13:32:20,823 -                train: [    INFO] - Train: 10 [ 400/520]  Loss: 2.781 (2.78)  Acc@1: 50.0000 (46.2360)  Acc@5: 78.1250 (77.7328)LR: 2.498e-02
2024-11-17 13:32:30,869 -                train: [    INFO] - Train: 10 [ 520/520]  Loss: 3.244 (2.78)  Acc@1: 36.2500 (46.1860)  Acc@5: 68.7500 (77.8440)LR: 2.498e-02
2024-11-17 13:32:31,247 -                train: [    INFO] - Valid: 10 [   0/104]  Loss: 2.033 (2.03)  Acc@1: 47.9167 (47.9167)  Acc@5: 75.0000 (75.0000)
2024-11-17 13:32:32,990 -                train: [    INFO] - Valid: 10 [ 104/104]  Loss: 1.672 (1.79)  Acc@1: 68.7500 (51.1100)  Acc@5: 75.0000 (81.2700)
2024-11-17 13:32:33,092 -                train: [    INFO] - valid_acc 51.110001 - best_valid_acc 51.110001
2024-11-17 13:32:33,501 -                train: [    INFO] - Train: 11 [   0/520]  Loss: 2.785 (2.78)  Acc@1: 46.8750 (46.8750)  Acc@5: 71.8750 (71.8750)LR: 2.498e-02
2024-11-17 13:32:50,065 -                train: [    INFO] - Train: 11 [ 200/520]  Loss: 2.878 (2.71)  Acc@1: 42.7083 (46.3568)  Acc@5: 76.0417 (78.4049)LR: 2.498e-02
2024-11-17 13:33:06,578 -                train: [    INFO] - Train: 11 [ 400/520]  Loss: 2.975 (2.69)  Acc@1: 43.7500 (47.0750)  Acc@5: 73.9583 (78.7043)LR: 2.498e-02
2024-11-17 13:33:16,530 -                train: [    INFO] - Train: 11 [ 520/520]  Loss: 2.992 (2.70)  Acc@1: 46.2500 (47.0340)  Acc@5: 71.2500 (78.6580)LR: 2.498e-02
2024-11-17 13:33:16,909 -                train: [    INFO] - Valid: 11 [   0/104]  Loss: 2.014 (2.01)  Acc@1: 53.1250 (53.1250)  Acc@5: 78.1250 (78.1250)
2024-11-17 13:33:18,705 -                train: [    INFO] - Valid: 11 [ 104/104]  Loss: 1.394 (1.88)  Acc@1: 56.2500 (49.0500)  Acc@5: 87.5000 (79.7500)
2024-11-17 13:33:18,752 -                train: [    INFO] - valid_acc 49.050001 - best_valid_acc 51.110001
2024-11-17 13:33:19,166 -                train: [    INFO] - Train: 12 [   0/520]  Loss: 2.851 (2.85)  Acc@1: 43.7500 (43.7500)  Acc@5: 79.1667 (79.1667)LR: 2.498e-02
2024-11-17 13:33:35,873 -                train: [    INFO] - Train: 12 [ 200/520]  Loss: 2.700 (2.66)  Acc@1: 43.7500 (48.3157)  Acc@5: 80.2083 (79.2289)LR: 2.498e-02
2024-11-17 13:33:52,407 -                train: [    INFO] - Train: 12 [ 400/520]  Loss: 2.617 (2.65)  Acc@1: 34.3750 (48.5167)  Acc@5: 83.3333 (79.2290)LR: 2.498e-02
2024-11-17 13:34:02,234 -                train: [    INFO] - Train: 12 [ 520/520]  Loss: 2.740 (2.63)  Acc@1: 45.0000 (48.7280)  Acc@5: 76.2500 (79.4120)LR: 2.498e-02
2024-11-17 13:34:02,656 -                train: [    INFO] - Valid: 12 [   0/104]  Loss: 2.254 (2.25)  Acc@1: 51.0417 (51.0417)  Acc@5: 75.0000 (75.0000)
2024-11-17 13:34:04,381 -                train: [    INFO] - Valid: 12 [ 104/104]  Loss: 1.823 (1.99)  Acc@1: 56.2500 (48.1200)  Acc@5: 68.7500 (79.0100)
2024-11-17 13:34:04,434 -                train: [    INFO] - valid_acc 48.120001 - best_valid_acc 51.110001
2024-11-17 13:34:04,858 -                train: [    INFO] - Train: 13 [   0/520]  Loss: 2.486 (2.49)  Acc@1: 52.0833 (52.0833)  Acc@5: 82.2917 (82.2917)LR: 2.497e-02
2024-11-17 13:34:21,449 -                train: [    INFO] - Train: 13 [ 200/520]  Loss: 2.198 (2.57)  Acc@1: 55.2083 (49.9378)  Acc@5: 85.4167 (80.2913)LR: 2.497e-02
2024-11-17 13:34:37,961 -                train: [    INFO] - Train: 13 [ 400/520]  Loss: 2.308 (2.57)  Acc@1: 57.2917 (49.9377)  Acc@5: 88.5417 (80.3928)LR: 2.497e-02
2024-11-17 13:34:48,019 -                train: [    INFO] - Train: 13 [ 520/520]  Loss: 2.879 (2.58)  Acc@1: 47.5000 (49.7880)  Acc@5: 73.7500 (80.1880)LR: 2.497e-02
2024-11-17 13:34:48,431 -                train: [    INFO] - Valid: 13 [   0/104]  Loss: 1.933 (1.93)  Acc@1: 47.9167 (47.9167)  Acc@5: 81.2500 (81.2500)
2024-11-17 13:34:50,198 -                train: [    INFO] - Valid: 13 [ 104/104]  Loss: 1.404 (1.92)  Acc@1: 56.2500 (49.3700)  Acc@5: 87.5000 (80.0300)
2024-11-17 13:34:50,254 -                train: [    INFO] - valid_acc 49.370001 - best_valid_acc 51.110001
2024-11-17 13:34:50,716 -                train: [    INFO] - Train: 14 [   0/520]  Loss: 2.460 (2.46)  Acc@1: 52.0833 (52.0833)  Acc@5: 80.2083 (80.2083)LR: 2.497e-02
2024-11-17 13:35:07,677 -                train: [    INFO] - Train: 14 [ 200/520]  Loss: 2.551 (2.50)  Acc@1: 44.7917 (50.7825)  Acc@5: 79.1667 (81.1930)LR: 2.497e-02
2024-11-17 13:35:24,148 -                train: [    INFO] - Train: 14 [ 400/520]  Loss: 2.689 (2.52)  Acc@1: 54.1667 (50.4884)  Acc@5: 76.0417 (80.9954)LR: 2.497e-02
2024-11-17 13:35:34,143 -                train: [    INFO] - Train: 14 [ 520/520]  Loss: 2.919 (2.53)  Acc@1: 46.2500 (50.4120)  Acc@5: 78.7500 (80.8540)LR: 2.497e-02
2024-11-17 13:35:34,571 -                train: [    INFO] - Valid: 14 [   0/104]  Loss: 1.754 (1.75)  Acc@1: 51.0417 (51.0417)  Acc@5: 81.2500 (81.2500)
2024-11-17 13:35:36,313 -                train: [    INFO] - Valid: 14 [ 104/104]  Loss: 1.819 (1.77)  Acc@1: 62.5000 (52.1100)  Acc@5: 75.0000 (81.6300)
2024-11-17 13:35:36,426 -                train: [    INFO] - valid_acc 52.110001 - best_valid_acc 52.110001
2024-11-17 13:35:36,891 -                train: [    INFO] - Train: 15 [   0/520]  Loss: 2.452 (2.45)  Acc@1: 52.0833 (52.0833)  Acc@5: 80.2083 (80.2083)LR: 2.496e-02
2024-11-17 13:35:53,537 -                train: [    INFO] - Train: 15 [ 200/520]  Loss: 2.667 (2.46)  Acc@1: 46.8750 (51.3630)  Acc@5: 79.1667 (81.9341)LR: 2.496e-02
2024-11-17 13:36:10,037 -                train: [    INFO] - Train: 15 [ 400/520]  Loss: 2.412 (2.48)  Acc@1: 52.0833 (51.1326)  Acc@5: 77.0833 (81.3799)LR: 2.496e-02
2024-11-17 13:36:20,105 -                train: [    INFO] - Train: 15 [ 520/520]  Loss: 2.467 (2.48)  Acc@1: 51.2500 (51.0120)  Acc@5: 85.0000 (81.4600)LR: 2.496e-02
2024-11-17 13:36:20,472 -                train: [    INFO] - Valid: 15 [   0/104]  Loss: 1.764 (1.76)  Acc@1: 57.2917 (57.2917)  Acc@5: 83.3333 (83.3333)
2024-11-17 13:36:22,274 -                train: [    INFO] - Valid: 15 [ 104/104]  Loss: 1.672 (1.88)  Acc@1: 75.0000 (50.3100)  Acc@5: 81.2500 (80.7400)
2024-11-17 13:36:22,323 -                train: [    INFO] - valid_acc 50.310001 - best_valid_acc 52.110001
2024-11-17 13:36:22,694 -                train: [    INFO] - Train: 16 [   0/520]  Loss: 2.322 (2.32)  Acc@1: 59.3750 (59.3750)  Acc@5: 84.3750 (84.3750)LR: 2.496e-02
2024-11-17 13:36:39,308 -                train: [    INFO] - Train: 16 [ 200/520]  Loss: 2.660 (2.42)  Acc@1: 46.8750 (52.0367)  Acc@5: 81.2500 (82.1103)LR: 2.496e-02
2024-11-17 13:36:55,697 -                train: [    INFO] - Train: 16 [ 400/520]  Loss: 2.306 (2.43)  Acc@1: 57.2917 (51.8210)  Acc@5: 81.2500 (81.8734)LR: 2.496e-02
2024-11-17 13:37:05,546 -                train: [    INFO] - Train: 16 [ 520/520]  Loss: 2.396 (2.43)  Acc@1: 55.0000 (51.8640)  Acc@5: 82.5000 (81.8560)LR: 2.496e-02
2024-11-17 13:37:05,954 -                train: [    INFO] - Valid: 16 [   0/104]  Loss: 1.849 (1.85)  Acc@1: 50.0000 (50.0000)  Acc@5: 80.2083 (80.2083)
2024-11-17 13:37:07,732 -                train: [    INFO] - Valid: 16 [ 104/104]  Loss: 1.075 (1.72)  Acc@1: 62.5000 (53.3600)  Acc@5: 93.7500 (82.4100)
2024-11-17 13:37:07,840 -                train: [    INFO] - valid_acc 53.360001 - best_valid_acc 53.360001
2024-11-17 13:37:08,285 -                train: [    INFO] - Train: 17 [   0/520]  Loss: 2.300 (2.30)  Acc@1: 55.2083 (55.2083)  Acc@5: 82.2917 (82.2917)LR: 2.495e-02
2024-11-17 13:37:24,637 -                train: [    INFO] - Train: 17 [ 200/520]  Loss: 2.551 (2.38)  Acc@1: 47.9167 (52.8762)  Acc@5: 85.4167 (82.6596)LR: 2.495e-02
2024-11-17 13:37:41,347 -                train: [    INFO] - Train: 17 [ 400/520]  Loss: 2.170 (2.39)  Acc@1: 56.2500 (52.7847)  Acc@5: 86.4583 (82.6424)LR: 2.495e-02
2024-11-17 13:37:51,365 -                train: [    INFO] - Train: 17 [ 520/520]  Loss: 2.195 (2.40)  Acc@1: 55.0000 (52.6080)  Acc@5: 81.2500 (82.5360)LR: 2.495e-02
2024-11-17 13:37:51,740 -                train: [    INFO] - Valid: 17 [   0/104]  Loss: 1.811 (1.81)  Acc@1: 53.1250 (53.1250)  Acc@5: 80.2083 (80.2083)
2024-11-17 13:37:53,474 -                train: [    INFO] - Valid: 17 [ 104/104]  Loss: 1.648 (1.65)  Acc@1: 62.5000 (54.1600)  Acc@5: 81.2500 (84.1700)
2024-11-17 13:37:53,578 -                train: [    INFO] - valid_acc 54.160001 - best_valid_acc 54.160001
2024-11-17 13:37:54,025 -                train: [    INFO] - Train: 18 [   0/520]  Loss: 1.852 (1.85)  Acc@1: 60.4167 (60.4167)  Acc@5: 92.7083 (92.7083)LR: 2.494e-02
2024-11-17 13:38:10,696 -                train: [    INFO] - Train: 18 [ 200/520]  Loss: 2.185 (2.35)  Acc@1: 56.2500 (53.1509)  Acc@5: 85.4167 (83.1986)LR: 2.494e-02
2024-11-17 13:38:27,442 -                train: [    INFO] - Train: 18 [ 400/520]  Loss: 2.166 (2.36)  Acc@1: 59.3750 (53.2419)  Acc@5: 86.4583 (82.9411)LR: 2.494e-02
2024-11-17 13:38:37,597 -                train: [    INFO] - Train: 18 [ 520/520]  Loss: 2.796 (2.37)  Acc@1: 42.5000 (53.0460)  Acc@5: 81.2500 (82.7800)LR: 2.494e-02
2024-11-17 13:38:37,955 -                train: [    INFO] - Valid: 18 [   0/104]  Loss: 1.582 (1.58)  Acc@1: 55.2083 (55.2083)  Acc@5: 84.3750 (84.3750)
2024-11-17 13:38:39,709 -                train: [    INFO] - Valid: 18 [ 104/104]  Loss: 1.389 (1.57)  Acc@1: 56.2500 (56.3200)  Acc@5: 81.2500 (84.8000)
2024-11-17 13:38:39,820 -                train: [    INFO] - valid_acc 56.320001 - best_valid_acc 56.320001
2024-11-17 13:38:40,323 -                train: [    INFO] - Train: 19 [   0/520]  Loss: 2.181 (2.18)  Acc@1: 55.2083 (55.2083)  Acc@5: 87.5000 (87.5000)LR: 2.494e-02
2024-11-17 13:38:56,906 -                train: [    INFO] - Train: 19 [ 200/520]  Loss: 2.262 (2.34)  Acc@1: 53.1250 (53.7676)  Acc@5: 83.3333 (83.2038)LR: 2.494e-02
2024-11-17 13:39:13,612 -                train: [    INFO] - Train: 19 [ 400/520]  Loss: 2.220 (2.33)  Acc@1: 52.0833 (53.7329)  Acc@5: 88.5417 (83.3567)LR: 2.494e-02
2024-11-17 13:39:23,771 -                train: [    INFO] - Train: 19 [ 520/520]  Loss: 2.398 (2.33)  Acc@1: 55.0000 (53.6960)  Acc@5: 83.7500 (83.3400)LR: 2.494e-02
2024-11-17 13:39:24,171 -                train: [    INFO] - Valid: 19 [   0/104]  Loss: 1.582 (1.58)  Acc@1: 59.3750 (59.3750)  Acc@5: 80.2083 (80.2083)
2024-11-17 13:39:25,951 -                train: [    INFO] - Valid: 19 [ 104/104]  Loss: 1.656 (1.66)  Acc@1: 56.2500 (54.8200)  Acc@5: 81.2500 (83.9100)
2024-11-17 13:39:26,002 -                train: [    INFO] - valid_acc 54.820001 - best_valid_acc 56.320001
2024-11-17 13:39:26,414 -                train: [    INFO] - Train: 20 [   0/520]  Loss: 1.968 (1.97)  Acc@1: 61.4583 (61.4583)  Acc@5: 88.5417 (88.5417)LR: 2.493e-02
2024-11-17 13:39:43,292 -                train: [    INFO] - Train: 20 [ 200/520]  Loss: 2.512 (2.27)  Acc@1: 58.3333 (54.6124)  Acc@5: 84.3750 (84.0278)LR: 2.493e-02
2024-11-17 13:39:59,779 -                train: [    INFO] - Train: 20 [ 400/520]  Loss: 2.106 (2.29)  Acc@1: 62.5000 (54.2966)  Acc@5: 86.4583 (83.6451)LR: 2.493e-02
2024-11-17 13:40:09,546 -                train: [    INFO] - Train: 20 [ 520/520]  Loss: 2.513 (2.30)  Acc@1: 56.2500 (54.0920)  Acc@5: 80.0000 (83.5920)LR: 2.493e-02
2024-11-17 13:40:09,967 -                train: [    INFO] - Valid: 20 [   0/104]  Loss: 1.933 (1.93)  Acc@1: 57.2917 (57.2917)  Acc@5: 76.0417 (76.0417)
2024-11-17 13:40:11,684 -                train: [    INFO] - Valid: 20 [ 104/104]  Loss: 1.166 (1.67)  Acc@1: 75.0000 (54.7200)  Acc@5: 87.5000 (83.0800)
2024-11-17 13:40:11,739 -                train: [    INFO] - valid_acc 54.720001 - best_valid_acc 56.320001
2024-11-17 13:40:12,124 -                train: [    INFO] - Train: 21 [   0/520]  Loss: 2.316 (2.32)  Acc@1: 52.0833 (52.0833)  Acc@5: 86.4583 (86.4583)LR: 2.492e-02
2024-11-17 13:40:28,833 -                train: [    INFO] - Train: 21 [ 200/520]  Loss: 2.738 (2.26)  Acc@1: 40.6250 (54.9959)  Acc@5: 80.2083 (83.9293)LR: 2.492e-02
2024-11-17 13:40:45,452 -                train: [    INFO] - Train: 21 [ 400/520]  Loss: 2.064 (2.28)  Acc@1: 55.2083 (54.7200)  Acc@5: 89.5833 (83.7464)LR: 2.492e-02
2024-11-17 13:40:55,462 -                train: [    INFO] - Train: 21 [ 520/520]  Loss: 2.298 (2.29)  Acc@1: 55.0000 (54.5160)  Acc@5: 76.2500 (83.6780)LR: 2.492e-02
2024-11-17 13:40:55,853 -                train: [    INFO] - Valid: 21 [   0/104]  Loss: 1.539 (1.54)  Acc@1: 60.4167 (60.4167)  Acc@5: 85.4167 (85.4167)
2024-11-17 13:40:57,579 -                train: [    INFO] - Valid: 21 [ 104/104]  Loss: 1.376 (1.54)  Acc@1: 68.7500 (57.0600)  Acc@5: 87.5000 (85.6200)
2024-11-17 13:40:57,686 -                train: [    INFO] - valid_acc 57.060001 - best_valid_acc 57.060001
2024-11-17 13:40:58,146 -                train: [    INFO] - Train: 22 [   0/520]  Loss: 2.202 (2.20)  Acc@1: 56.2500 (56.2500)  Acc@5: 85.4167 (85.4167)LR: 2.492e-02
2024-11-17 13:41:14,815 -                train: [    INFO] - Train: 22 [ 200/520]  Loss: 2.125 (2.22)  Acc@1: 59.3750 (55.5193)  Acc@5: 84.3750 (84.6289)LR: 2.492e-02
2024-11-17 13:41:31,197 -                train: [    INFO] - Train: 22 [ 400/520]  Loss: 1.979 (2.23)  Acc@1: 59.3750 (55.3876)  Acc@5: 86.4583 (84.5932)LR: 2.492e-02
2024-11-17 13:41:41,152 -                train: [    INFO] - Train: 22 [ 520/520]  Loss: 2.765 (2.24)  Acc@1: 40.0000 (55.0820)  Acc@5: 78.7500 (84.3620)LR: 2.492e-02
2024-11-17 13:41:41,567 -                train: [    INFO] - Valid: 22 [   0/104]  Loss: 1.732 (1.73)  Acc@1: 58.3333 (58.3333)  Acc@5: 84.3750 (84.3750)
2024-11-17 13:41:43,299 -                train: [    INFO] - Valid: 22 [ 104/104]  Loss: 1.711 (1.69)  Acc@1: 56.2500 (54.5800)  Acc@5: 75.0000 (83.0000)
2024-11-17 13:41:43,352 -                train: [    INFO] - valid_acc 54.580001 - best_valid_acc 57.060001
2024-11-17 13:41:43,754 -                train: [    INFO] - Train: 23 [   0/520]  Loss: 2.034 (2.03)  Acc@1: 61.4583 (61.4583)  Acc@5: 88.5417 (88.5417)LR: 2.491e-02
2024-11-17 13:42:00,698 -                train: [    INFO] - Train: 23 [ 200/520]  Loss: 2.058 (2.24)  Acc@1: 48.9583 (54.9648)  Acc@5: 86.4583 (84.2973)LR: 2.491e-02
2024-11-17 13:42:17,279 -                train: [    INFO] - Train: 23 [ 400/520]  Loss: 2.240 (2.23)  Acc@1: 58.3333 (55.2603)  Acc@5: 81.2500 (84.3698)LR: 2.491e-02
2024-11-17 13:42:27,232 -                train: [    INFO] - Train: 23 [ 520/520]  Loss: 2.369 (2.23)  Acc@1: 53.7500 (55.1980)  Acc@5: 83.7500 (84.3540)LR: 2.491e-02
2024-11-17 13:42:27,590 -                train: [    INFO] - Valid: 23 [   0/104]  Loss: 1.953 (1.95)  Acc@1: 50.0000 (50.0000)  Acc@5: 79.1667 (79.1667)
2024-11-17 13:42:29,345 -                train: [    INFO] - Valid: 23 [ 104/104]  Loss: 1.594 (1.57)  Acc@1: 62.5000 (56.2600)  Acc@5: 87.5000 (85.2500)
2024-11-17 13:42:29,396 -                train: [    INFO] - valid_acc 56.260001 - best_valid_acc 57.060001
2024-11-17 13:42:29,850 -                train: [    INFO] - Train: 24 [   0/520]  Loss: 1.971 (1.97)  Acc@1: 56.2500 (56.2500)  Acc@5: 85.4167 (85.4167)LR: 2.490e-02
2024-11-17 13:42:46,564 -                train: [    INFO] - Train: 24 [ 200/520]  Loss: 2.408 (2.17)  Acc@1: 52.0833 (56.4366)  Acc@5: 80.2083 (84.9140)LR: 2.490e-02
2024-11-17 13:43:02,943 -                train: [    INFO] - Train: 24 [ 400/520]  Loss: 2.124 (2.19)  Acc@1: 63.5417 (55.9617)  Acc@5: 85.4167 (84.8192)LR: 2.490e-02
2024-11-17 13:43:12,764 -                train: [    INFO] - Train: 24 [ 520/520]  Loss: 2.189 (2.21)  Acc@1: 51.2500 (55.7520)  Acc@5: 83.7500 (84.6520)LR: 2.490e-02
2024-11-17 13:43:13,178 -                train: [    INFO] - Valid: 24 [   0/104]  Loss: 1.424 (1.42)  Acc@1: 61.4583 (61.4583)  Acc@5: 89.5833 (89.5833)
2024-11-17 13:43:14,933 -                train: [    INFO] - Valid: 24 [ 104/104]  Loss: 1.636 (1.59)  Acc@1: 56.2500 (57.1100)  Acc@5: 75.0000 (85.1100)
2024-11-17 13:43:15,035 -                train: [    INFO] - valid_acc 57.110001 - best_valid_acc 57.110001
2024-11-17 13:43:15,522 -                train: [    INFO] - Train: 25 [   0/520]  Loss: 2.247 (2.25)  Acc@1: 61.4583 (61.4583)  Acc@5: 81.2500 (81.2500)LR: 2.489e-02
2024-11-17 13:43:31,886 -                train: [    INFO] - Train: 25 [ 200/520]  Loss: 1.764 (2.15)  Acc@1: 58.3333 (56.6283)  Acc@5: 91.6667 (85.4996)LR: 2.489e-02
2024-11-17 13:43:48,208 -                train: [    INFO] - Train: 25 [ 400/520]  Loss: 2.340 (2.18)  Acc@1: 53.1250 (56.2344)  Acc@5: 80.2083 (85.0062)LR: 2.489e-02
2024-11-17 13:43:58,176 -                train: [    INFO] - Train: 25 [ 520/520]  Loss: 2.462 (2.19)  Acc@1: 57.5000 (56.2880)  Acc@5: 81.2500 (85.0500)LR: 2.489e-02
2024-11-17 13:43:58,579 -                train: [    INFO] - Valid: 25 [   0/104]  Loss: 1.516 (1.52)  Acc@1: 55.2083 (55.2083)  Acc@5: 83.3333 (83.3333)
2024-11-17 13:44:00,320 -                train: [    INFO] - Valid: 25 [ 104/104]  Loss: 1.235 (1.65)  Acc@1: 56.2500 (55.0500)  Acc@5: 87.5000 (84.8400)
2024-11-17 13:44:00,371 -                train: [    INFO] - valid_acc 55.050002 - best_valid_acc 57.110001
2024-11-17 13:44:00,806 -                train: [    INFO] - Train: 26 [   0/520]  Loss: 2.068 (2.07)  Acc@1: 50.0000 (50.0000)  Acc@5: 87.5000 (87.5000)LR: 2.488e-02
2024-11-17 13:44:17,635 -                train: [    INFO] - Train: 26 [ 200/520]  Loss: 2.304 (2.14)  Acc@1: 51.0417 (57.1621)  Acc@5: 87.5000 (86.0075)LR: 2.488e-02
2024-11-17 13:44:34,206 -                train: [    INFO] - Train: 26 [ 400/520]  Loss: 1.857 (2.17)  Acc@1: 61.4583 (56.5799)  Acc@5: 89.5833 (85.3309)LR: 2.488e-02
2024-11-17 13:44:44,312 -                train: [    INFO] - Train: 26 [ 520/520]  Loss: 2.635 (2.17)  Acc@1: 43.7500 (56.6600)  Acc@5: 85.0000 (85.2780)LR: 2.488e-02
2024-11-17 13:44:44,716 -                train: [    INFO] - Valid: 26 [   0/104]  Loss: 1.754 (1.75)  Acc@1: 53.1250 (53.1250)  Acc@5: 81.2500 (81.2500)
2024-11-17 13:44:46,447 -                train: [    INFO] - Valid: 26 [ 104/104]  Loss: 1.281 (1.69)  Acc@1: 75.0000 (55.4400)  Acc@5: 81.2500 (83.8300)
2024-11-17 13:44:46,500 -                train: [    INFO] - valid_acc 55.440001 - best_valid_acc 57.110001
2024-11-17 13:44:46,922 -                train: [    INFO] - Train: 27 [   0/520]  Loss: 2.125 (2.13)  Acc@1: 54.1667 (54.1667)  Acc@5: 84.3750 (84.3750)LR: 2.488e-02
2024-11-17 13:45:03,648 -                train: [    INFO] - Train: 27 [ 200/520]  Loss: 2.288 (2.12)  Acc@1: 48.9583 (57.2398)  Acc@5: 82.2917 (85.5151)LR: 2.488e-02
2024-11-17 13:45:20,367 -                train: [    INFO] - Train: 27 [ 400/520]  Loss: 2.053 (2.15)  Acc@1: 57.2917 (56.7825)  Acc@5: 88.5417 (85.3699)LR: 2.488e-02
2024-11-17 13:45:30,487 -                train: [    INFO] - Train: 27 [ 520/520]  Loss: 2.206 (2.16)  Acc@1: 58.7500 (56.5520)  Acc@5: 83.7500 (85.2320)LR: 2.488e-02
2024-11-17 13:45:30,848 -                train: [    INFO] - Valid: 27 [   0/104]  Loss: 1.539 (1.54)  Acc@1: 60.4167 (60.4167)  Acc@5: 86.4583 (86.4583)
2024-11-17 13:45:32,677 -                train: [    INFO] - Valid: 27 [ 104/104]  Loss: 1.052 (1.50)  Acc@1: 68.7500 (57.6000)  Acc@5: 87.5000 (86.2400)
2024-11-17 13:45:32,773 -                train: [    INFO] - valid_acc 57.600001 - best_valid_acc 57.600001
2024-11-17 13:45:33,179 -                train: [    INFO] - Train: 28 [   0/520]  Loss: 2.106 (2.11)  Acc@1: 55.2083 (55.2083)  Acc@5: 86.4583 (86.4583)LR: 2.487e-02
2024-11-17 13:45:49,843 -                train: [    INFO] - Train: 28 [ 200/520]  Loss: 2.180 (2.11)  Acc@1: 55.2083 (57.1984)  Acc@5: 85.4167 (86.0282)LR: 2.487e-02
2024-11-17 13:46:06,353 -                train: [    INFO] - Train: 28 [ 400/520]  Loss: 1.895 (2.14)  Acc@1: 60.4167 (56.6708)  Acc@5: 86.4583 (85.5881)LR: 2.487e-02
2024-11-17 13:46:16,238 -                train: [    INFO] - Train: 28 [ 520/520]  Loss: 2.225 (2.14)  Acc@1: 51.2500 (56.6360)  Acc@5: 83.7500 (85.5300)LR: 2.487e-02
2024-11-17 13:46:16,713 -                train: [    INFO] - Valid: 28 [   0/104]  Loss: 1.985 (1.99)  Acc@1: 45.8333 (45.8333)  Acc@5: 79.1667 (79.1667)
2024-11-17 13:46:18,482 -                train: [    INFO] - Valid: 28 [ 104/104]  Loss: 2.128 (1.79)  Acc@1: 50.0000 (52.6900)  Acc@5: 81.2500 (82.4400)
2024-11-17 13:46:18,535 -                train: [    INFO] - valid_acc 52.690001 - best_valid_acc 57.600001
2024-11-17 13:46:18,913 -                train: [    INFO] - Train: 29 [   0/520]  Loss: 1.964 (1.96)  Acc@1: 56.2500 (56.2500)  Acc@5: 84.3750 (84.3750)LR: 2.486e-02
2024-11-17 13:46:35,517 -                train: [    INFO] - Train: 29 [ 200/520]  Loss: 2.038 (2.09)  Acc@1: 56.2500 (58.0431)  Acc@5: 84.3750 (86.0748)LR: 2.486e-02
2024-11-17 13:46:52,130 -                train: [    INFO] - Train: 29 [ 400/520]  Loss: 2.203 (2.09)  Acc@1: 53.1250 (57.8787)  Acc@5: 83.3333 (86.0219)LR: 2.486e-02
2024-11-17 13:47:02,184 -                train: [    INFO] - Train: 29 [ 520/520]  Loss: 2.248 (2.12)  Acc@1: 53.7500 (57.3580)  Acc@5: 82.5000 (85.6660)LR: 2.486e-02
2024-11-17 13:47:02,557 -                train: [    INFO] - Valid: 29 [   0/104]  Loss: 1.573 (1.57)  Acc@1: 57.2917 (57.2917)  Acc@5: 87.5000 (87.5000)
2024-11-17 13:47:04,362 -                train: [    INFO] - Valid: 29 [ 104/104]  Loss: 1.679 (1.59)  Acc@1: 62.5000 (57.1300)  Acc@5: 81.2500 (85.3900)
2024-11-17 13:47:04,411 -                train: [    INFO] - valid_acc 57.130001 - best_valid_acc 57.600001
2024-11-17 13:47:04,786 -                train: [    INFO] - Train: 30 [   0/520]  Loss: 2.247 (2.25)  Acc@1: 55.2083 (55.2083)  Acc@5: 85.4167 (85.4167)LR: 2.485e-02
2024-11-17 13:47:21,591 -                train: [    INFO] - Train: 30 [ 200/520]  Loss: 2.249 (2.08)  Acc@1: 51.0417 (58.2815)  Acc@5: 85.4167 (86.3029)LR: 2.485e-02
2024-11-17 13:47:38,240 -                train: [    INFO] - Train: 30 [ 400/520]  Loss: 1.722 (2.11)  Acc@1: 67.7083 (57.6398)  Acc@5: 92.7083 (86.0453)LR: 2.485e-02
2024-11-17 13:47:48,307 -                train: [    INFO] - Train: 30 [ 520/520]  Loss: 2.093 (2.12)  Acc@1: 57.5000 (57.4760)  Acc@5: 86.2500 (85.8540)LR: 2.485e-02
2024-11-17 13:47:48,717 -                train: [    INFO] - Valid: 30 [   0/104]  Loss: 1.444 (1.44)  Acc@1: 67.7083 (67.7083)  Acc@5: 82.2917 (82.2917)
2024-11-17 13:47:50,451 -                train: [    INFO] - Valid: 30 [ 104/104]  Loss: 1.523 (1.50)  Acc@1: 50.0000 (58.5700)  Acc@5: 81.2500 (86.7000)
2024-11-17 13:47:50,557 -                train: [    INFO] - valid_acc 58.570001 - best_valid_acc 58.570001
2024-11-17 13:47:51,017 -                train: [    INFO] - Train: 31 [   0/520]  Loss: 1.848 (1.85)  Acc@1: 59.3750 (59.3750)  Acc@5: 90.6250 (90.6250)LR: 2.484e-02
2024-11-17 13:48:07,652 -                train: [    INFO] - Train: 31 [ 200/520]  Loss: 2.048 (2.06)  Acc@1: 56.2500 (58.1209)  Acc@5: 85.4167 (86.6967)LR: 2.484e-02
2024-11-17 13:48:24,147 -                train: [    INFO] - Train: 31 [ 400/520]  Loss: 2.358 (2.09)  Acc@1: 54.1667 (57.7281)  Acc@5: 82.2917 (86.0661)LR: 2.484e-02
2024-11-17 13:48:34,049 -                train: [    INFO] - Train: 31 [ 520/520]  Loss: 1.739 (2.10)  Acc@1: 62.5000 (57.7280)  Acc@5: 91.2500 (85.9260)LR: 2.484e-02
2024-11-17 13:48:34,498 -                train: [    INFO] - Valid: 31 [   0/104]  Loss: 1.683 (1.68)  Acc@1: 56.2500 (56.2500)  Acc@5: 85.4167 (85.4167)
2024-11-17 13:48:36,241 -                train: [    INFO] - Valid: 31 [ 104/104]  Loss: 1.348 (1.57)  Acc@1: 62.5000 (57.7200)  Acc@5: 81.2500 (85.4200)
2024-11-17 13:48:36,295 -                train: [    INFO] - valid_acc 57.720001 - best_valid_acc 58.570001
2024-11-17 13:48:36,795 -                train: [    INFO] - Train: 32 [   0/520]  Loss: 2.160 (2.16)  Acc@1: 56.2500 (56.2500)  Acc@5: 87.5000 (87.5000)LR: 2.482e-02
2024-11-17 13:48:53,716 -                train: [    INFO] - Train: 32 [ 200/520]  Loss: 2.266 (2.06)  Acc@1: 53.1250 (58.4888)  Acc@5: 89.5833 (86.6242)LR: 2.482e-02
2024-11-17 13:49:10,164 -                train: [    INFO] - Train: 32 [ 400/520]  Loss: 2.642 (2.09)  Acc@1: 48.9583 (58.1671)  Acc@5: 77.0833 (86.1077)LR: 2.482e-02
2024-11-17 13:49:19,888 -                train: [    INFO] - Train: 32 [ 520/520]  Loss: 2.045 (2.09)  Acc@1: 62.5000 (58.0220)  Acc@5: 92.5000 (86.0080)LR: 2.482e-02
2024-11-17 13:49:20,314 -                train: [    INFO] - Valid: 32 [   0/104]  Loss: 1.696 (1.70)  Acc@1: 59.3750 (59.3750)  Acc@5: 83.3333 (83.3333)
2024-11-17 13:49:22,048 -                train: [    INFO] - Valid: 32 [ 104/104]  Loss: 1.882 (1.58)  Acc@1: 56.2500 (57.4700)  Acc@5: 75.0000 (85.2300)
2024-11-17 13:49:22,104 -                train: [    INFO] - valid_acc 57.470001 - best_valid_acc 58.570001
2024-11-17 13:49:22,553 -                train: [    INFO] - Train: 33 [   0/520]  Loss: 1.983 (1.98)  Acc@1: 57.2917 (57.2917)  Acc@5: 89.5833 (89.5833)LR: 2.481e-02
2024-11-17 13:49:39,083 -                train: [    INFO] - Train: 33 [ 200/520]  Loss: 2.071 (2.09)  Acc@1: 52.0833 (57.8306)  Acc@5: 88.5417 (86.3236)LR: 2.481e-02
2024-11-17 13:49:55,491 -                train: [    INFO] - Train: 33 [ 400/520]  Loss: 2.312 (2.07)  Acc@1: 47.9167 (58.2476)  Acc@5: 88.5417 (86.5389)LR: 2.481e-02
2024-11-17 13:50:05,580 -                train: [    INFO] - Train: 33 [ 520/520]  Loss: 2.600 (2.08)  Acc@1: 46.2500 (58.0220)  Acc@5: 81.2500 (86.3160)LR: 2.481e-02
2024-11-17 13:50:05,982 -                train: [    INFO] - Valid: 33 [   0/104]  Loss: 1.575 (1.57)  Acc@1: 58.3333 (58.3333)  Acc@5: 82.2917 (82.2917)
2024-11-17 13:50:07,809 -                train: [    INFO] - Valid: 33 [ 104/104]  Loss: 1.634 (1.60)  Acc@1: 56.2500 (56.3900)  Acc@5: 81.2500 (84.7300)
2024-11-17 13:50:07,866 -                train: [    INFO] - valid_acc 56.390001 - best_valid_acc 58.570001
2024-11-17 13:50:08,319 -                train: [    INFO] - Train: 34 [   0/520]  Loss: 2.269 (2.27)  Acc@1: 58.3333 (58.3333)  Acc@5: 82.2917 (82.2917)LR: 2.480e-02
2024-11-17 13:50:25,216 -                train: [    INFO] - Train: 34 [ 200/520]  Loss: 1.883 (2.05)  Acc@1: 63.5417 (58.6650)  Acc@5: 86.4583 (86.5827)LR: 2.480e-02
2024-11-17 13:50:41,829 -                train: [    INFO] - Train: 34 [ 400/520]  Loss: 2.209 (2.05)  Acc@1: 54.1667 (58.5593)  Acc@5: 85.4167 (86.4921)LR: 2.480e-02
2024-11-17 13:50:51,865 -                train: [    INFO] - Train: 34 [ 520/520]  Loss: 1.952 (2.05)  Acc@1: 61.2500 (58.5500)  Acc@5: 87.5000 (86.4620)LR: 2.480e-02
2024-11-17 13:50:52,252 -                train: [    INFO] - Valid: 34 [   0/104]  Loss: 1.510 (1.51)  Acc@1: 62.5000 (62.5000)  Acc@5: 81.2500 (81.2500)
2024-11-17 13:50:54,087 -                train: [    INFO] - Valid: 34 [ 104/104]  Loss: 1.687 (1.56)  Acc@1: 62.5000 (57.9300)  Acc@5: 87.5000 (86.1800)
2024-11-17 13:50:54,136 -                train: [    INFO] - valid_acc 57.930001 - best_valid_acc 58.570001
2024-11-17 13:50:54,551 -                train: [    INFO] - Train: 35 [   0/520]  Loss: 2.165 (2.16)  Acc@1: 54.1667 (54.1667)  Acc@5: 85.4167 (85.4167)LR: 2.479e-02
2024-11-17 13:51:11,374 -                train: [    INFO] - Train: 35 [ 200/520]  Loss: 1.787 (2.04)  Acc@1: 67.7083 (58.8360)  Acc@5: 87.5000 (86.6345)LR: 2.479e-02
2024-11-17 13:51:28,055 -                train: [    INFO] - Train: 35 [ 400/520]  Loss: 2.165 (2.05)  Acc@1: 54.1667 (58.5282)  Acc@5: 85.4167 (86.5389)LR: 2.479e-02
2024-11-17 13:51:38,136 -                train: [    INFO] - Train: 35 [ 520/520]  Loss: 1.817 (2.06)  Acc@1: 62.5000 (58.3040)  Acc@5: 90.0000 (86.4860)LR: 2.479e-02
2024-11-17 13:51:38,537 -                train: [    INFO] - Valid: 35 [   0/104]  Loss: 1.767 (1.77)  Acc@1: 58.3333 (58.3333)  Acc@5: 84.3750 (84.3750)
2024-11-17 13:51:40,315 -                train: [    INFO] - Valid: 35 [ 104/104]  Loss: 1.370 (1.72)  Acc@1: 62.5000 (54.9300)  Acc@5: 87.5000 (84.0900)
2024-11-17 13:51:40,369 -                train: [    INFO] - valid_acc 54.930001 - best_valid_acc 58.570001
2024-11-17 13:51:40,821 -                train: [    INFO] - Train: 36 [   0/520]  Loss: 2.209 (2.21)  Acc@1: 59.3750 (59.3750)  Acc@5: 88.5417 (88.5417)LR: 2.478e-02
2024-11-17 13:51:57,507 -                train: [    INFO] - Train: 36 [ 200/520]  Loss: 2.318 (2.04)  Acc@1: 54.1667 (58.7324)  Acc@5: 83.3333 (86.8781)LR: 2.478e-02
2024-11-17 13:52:13,738 -                train: [    INFO] - Train: 36 [ 400/520]  Loss: 1.738 (2.04)  Acc@1: 63.5417 (58.8996)  Acc@5: 91.6667 (86.7155)LR: 2.478e-02
2024-11-17 13:52:23,347 -                train: [    INFO] - Train: 36 [ 520/520]  Loss: 1.785 (2.04)  Acc@1: 62.5000 (58.9100)  Acc@5: 86.2500 (86.6540)LR: 2.478e-02
2024-11-17 13:52:23,712 -                train: [    INFO] - Valid: 36 [   0/104]  Loss: 1.654 (1.65)  Acc@1: 60.4167 (60.4167)  Acc@5: 86.4583 (86.4583)
2024-11-17 13:52:25,500 -                train: [    INFO] - Valid: 36 [ 104/104]  Loss: 1.591 (1.66)  Acc@1: 50.0000 (56.6800)  Acc@5: 81.2500 (84.7100)
2024-11-17 13:52:25,550 -                train: [    INFO] - valid_acc 56.680001 - best_valid_acc 58.570001
2024-11-17 13:52:25,944 -                train: [    INFO] - Train: 37 [   0/520]  Loss: 1.907 (1.91)  Acc@1: 61.4583 (61.4583)  Acc@5: 86.4583 (86.4583)LR: 2.477e-02
2024-11-17 13:52:42,641 -                train: [    INFO] - Train: 37 [ 200/520]  Loss: 1.844 (2.02)  Acc@1: 61.4583 (58.9811)  Acc@5: 90.6250 (86.9196)LR: 2.477e-02
2024-11-17 13:52:59,539 -                train: [    INFO] - Train: 37 [ 400/520]  Loss: 2.314 (2.03)  Acc@1: 53.1250 (58.8347)  Acc@5: 86.4583 (86.8246)LR: 2.477e-02
2024-11-17 13:53:09,664 -                train: [    INFO] - Train: 37 [ 520/520]  Loss: 1.789 (2.04)  Acc@1: 65.0000 (58.9940)  Acc@5: 90.0000 (86.6480)LR: 2.477e-02
2024-11-17 13:53:10,053 -                train: [    INFO] - Valid: 37 [   0/104]  Loss: 1.554 (1.55)  Acc@1: 63.5417 (63.5417)  Acc@5: 86.4583 (86.4583)
2024-11-17 13:53:11,794 -                train: [    INFO] - Valid: 37 [ 104/104]  Loss: 1.638 (1.46)  Acc@1: 62.5000 (59.7500)  Acc@5: 81.2500 (87.1800)
2024-11-17 13:53:11,898 -                train: [    INFO] - valid_acc 59.750002 - best_valid_acc 59.750002
2024-11-17 13:53:12,341 -                train: [    INFO] - Train: 38 [   0/520]  Loss: 1.886 (1.89)  Acc@1: 59.3750 (59.3750)  Acc@5: 88.5417 (88.5417)LR: 2.475e-02
2024-11-17 13:53:28,841 -                train: [    INFO] - Train: 38 [ 200/520]  Loss: 1.928 (1.99)  Acc@1: 55.2083 (59.5719)  Acc@5: 88.5417 (87.1891)LR: 2.475e-02
2024-11-17 13:53:45,661 -                train: [    INFO] - Train: 38 [ 400/520]  Loss: 1.917 (2.00)  Acc@1: 60.4167 (59.1802)  Acc@5: 90.6250 (86.9987)LR: 2.475e-02
2024-11-17 13:53:55,726 -                train: [    INFO] - Train: 38 [ 520/520]  Loss: 1.964 (2.01)  Acc@1: 56.2500 (59.1260)  Acc@5: 90.0000 (86.9560)LR: 2.475e-02
2024-11-17 13:53:56,144 -                train: [    INFO] - Valid: 38 [   0/104]  Loss: 1.634 (1.63)  Acc@1: 60.4167 (60.4167)  Acc@5: 79.1667 (79.1667)
2024-11-17 13:53:57,893 -                train: [    INFO] - Valid: 38 [ 104/104]  Loss: 1.298 (1.59)  Acc@1: 62.5000 (57.1100)  Acc@5: 87.5000 (85.9400)
2024-11-17 13:53:57,944 -                train: [    INFO] - valid_acc 57.110001 - best_valid_acc 59.750002
2024-11-17 13:53:58,375 -                train: [    INFO] - Train: 39 [   0/520]  Loss: 1.715 (1.71)  Acc@1: 61.4583 (61.4583)  Acc@5: 89.5833 (89.5833)LR: 2.474e-02
2024-11-17 13:54:15,131 -                train: [    INFO] - Train: 39 [ 200/520]  Loss: 2.065 (1.98)  Acc@1: 62.5000 (59.8518)  Acc@5: 82.2917 (87.2305)LR: 2.474e-02
2024-11-17 13:54:31,758 -                train: [    INFO] - Train: 39 [ 400/520]  Loss: 2.324 (2.01)  Acc@1: 56.2500 (59.3698)  Acc@5: 86.4583 (86.9441)LR: 2.474e-02
2024-11-17 13:54:41,903 -                train: [    INFO] - Train: 39 [ 520/520]  Loss: 2.111 (2.01)  Acc@1: 60.0000 (59.3380)  Acc@5: 87.5000 (87.1140)LR: 2.474e-02
2024-11-17 13:54:42,311 -                train: [    INFO] - Valid: 39 [   0/104]  Loss: 1.330 (1.33)  Acc@1: 63.5417 (63.5417)  Acc@5: 84.3750 (84.3750)
2024-11-17 13:54:44,131 -                train: [    INFO] - Valid: 39 [ 104/104]  Loss: 1.356 (1.42)  Acc@1: 62.5000 (60.2900)  Acc@5: 87.5000 (87.3600)
2024-11-17 13:54:44,250 -                train: [    INFO] - valid_acc 60.290001 - best_valid_acc 60.290001
2024-11-17 13:54:44,731 -                train: [    INFO] - Train: 40 [   0/520]  Loss: 1.724 (1.72)  Acc@1: 67.7083 (67.7083)  Acc@5: 90.6250 (90.6250)LR: 2.473e-02
2024-11-17 13:55:01,499 -                train: [    INFO] - Train: 40 [ 200/520]  Loss: 2.009 (1.99)  Acc@1: 58.3333 (59.8570)  Acc@5: 89.5833 (87.0802)LR: 2.473e-02
2024-11-17 13:55:17,870 -                train: [    INFO] - Train: 40 [ 400/520]  Loss: 1.741 (2.00)  Acc@1: 61.4583 (59.7179)  Acc@5: 90.6250 (87.0350)LR: 2.473e-02
2024-11-17 13:55:27,675 -                train: [    INFO] - Train: 40 [ 520/520]  Loss: 2.054 (2.00)  Acc@1: 61.2500 (59.6700)  Acc@5: 87.5000 (87.0040)LR: 2.473e-02
2024-11-17 13:55:28,064 -                train: [    INFO] - Valid: 40 [   0/104]  Loss: 1.538 (1.54)  Acc@1: 57.2917 (57.2917)  Acc@5: 87.5000 (87.5000)
2024-11-17 13:55:29,704 -                train: [    INFO] - Valid: 40 [ 104/104]  Loss: 1.585 (1.49)  Acc@1: 68.7500 (58.7100)  Acc@5: 87.5000 (87.5000)
2024-11-17 13:55:29,758 -                train: [    INFO] - valid_acc 58.710001 - best_valid_acc 60.290001
2024-11-17 13:55:30,173 -                train: [    INFO] - Train: 41 [   0/520]  Loss: 1.599 (1.60)  Acc@1: 65.6250 (65.6250)  Acc@5: 88.5417 (88.5417)LR: 2.471e-02
2024-11-17 13:55:47,026 -                train: [    INFO] - Train: 41 [ 200/520]  Loss: 2.044 (1.98)  Acc@1: 58.3333 (59.4268)  Acc@5: 83.3333 (87.5674)LR: 2.471e-02
2024-11-17 13:56:03,674 -                train: [    INFO] - Train: 41 [ 400/520]  Loss: 1.716 (2.00)  Acc@1: 63.5417 (59.2373)  Acc@5: 94.7917 (87.2610)LR: 2.471e-02
2024-11-17 13:56:13,697 -                train: [    INFO] - Train: 41 [ 520/520]  Loss: 2.292 (2.00)  Acc@1: 51.2500 (59.2700)  Acc@5: 85.0000 (87.2200)LR: 2.471e-02
2024-11-17 13:56:14,119 -                train: [    INFO] - Valid: 41 [   0/104]  Loss: 1.377 (1.38)  Acc@1: 66.6667 (66.6667)  Acc@5: 86.4583 (86.4583)
2024-11-17 13:56:15,879 -                train: [    INFO] - Valid: 41 [ 104/104]  Loss: 1.692 (1.39)  Acc@1: 62.5000 (61.0700)  Acc@5: 81.2500 (88.0900)
2024-11-17 13:56:15,992 -                train: [    INFO] - valid_acc 61.070002 - best_valid_acc 61.070002
2024-11-17 13:56:16,441 -                train: [    INFO] - Train: 42 [   0/520]  Loss: 1.646 (1.65)  Acc@1: 64.5833 (64.5833)  Acc@5: 94.7917 (94.7917)LR: 2.470e-02
2024-11-17 13:56:33,056 -                train: [    INFO] - Train: 42 [ 200/520]  Loss: 2.057 (1.93)  Acc@1: 60.4167 (60.3130)  Acc@5: 88.5417 (88.0493)LR: 2.470e-02
2024-11-17 13:56:49,742 -                train: [    INFO] - Train: 42 [ 400/520]  Loss: 2.079 (1.97)  Acc@1: 54.1667 (59.7802)  Acc@5: 88.5417 (87.4403)LR: 2.470e-02
2024-11-17 13:56:59,809 -                train: [    INFO] - Train: 42 [ 520/520]  Loss: 2.644 (1.99)  Acc@1: 50.0000 (59.6120)  Acc@5: 80.0000 (87.2320)LR: 2.470e-02
2024-11-17 13:57:00,216 -                train: [    INFO] - Valid: 42 [   0/104]  Loss: 1.639 (1.64)  Acc@1: 62.5000 (62.5000)  Acc@5: 85.4167 (85.4167)
2024-11-17 13:57:01,945 -                train: [    INFO] - Valid: 42 [ 104/104]  Loss: 1.640 (1.62)  Acc@1: 75.0000 (57.2100)  Acc@5: 81.2500 (85.6900)
2024-11-17 13:57:01,997 -                train: [    INFO] - valid_acc 57.210001 - best_valid_acc 61.070002
2024-11-17 13:57:02,490 -                train: [    INFO] - Train: 43 [   0/520]  Loss: 1.681 (1.68)  Acc@1: 68.7500 (68.7500)  Acc@5: 92.7083 (92.7083)LR: 2.468e-02
2024-11-17 13:57:19,169 -                train: [    INFO] - Train: 43 [ 200/520]  Loss: 2.114 (1.93)  Acc@1: 54.1667 (60.8157)  Acc@5: 87.5000 (87.7021)LR: 2.468e-02
2024-11-17 13:57:35,823 -                train: [    INFO] - Train: 43 [ 400/520]  Loss: 1.666 (1.95)  Acc@1: 65.6250 (60.4037)  Acc@5: 90.6250 (87.6065)LR: 2.468e-02
2024-11-17 13:57:46,309 -                train: [    INFO] - Train: 43 [ 520/520]  Loss: 1.933 (1.97)  Acc@1: 60.0000 (60.0900)  Acc@5: 91.2500 (87.4240)LR: 2.468e-02
2024-11-17 13:57:46,685 -                train: [    INFO] - Valid: 43 [   0/104]  Loss: 1.538 (1.54)  Acc@1: 62.5000 (62.5000)  Acc@5: 82.2917 (82.2917)
2024-11-17 13:57:48,425 -                train: [    INFO] - Valid: 43 [ 104/104]  Loss: 1.631 (1.47)  Acc@1: 50.0000 (59.5400)  Acc@5: 75.0000 (86.7800)
2024-11-17 13:57:48,475 -                train: [    INFO] - valid_acc 59.540001 - best_valid_acc 61.070002
2024-11-17 13:57:48,882 -                train: [    INFO] - Train: 44 [   0/520]  Loss: 1.963 (1.96)  Acc@1: 63.5417 (63.5417)  Acc@5: 86.4583 (86.4583)LR: 2.467e-02
2024-11-17 13:58:05,575 -                train: [    INFO] - Train: 44 [ 200/520]  Loss: 1.971 (1.95)  Acc@1: 54.1667 (60.2146)  Acc@5: 90.6250 (87.5726)LR: 2.467e-02
2024-11-17 13:58:21,771 -                train: [    INFO] - Train: 44 [ 400/520]  Loss: 1.934 (1.97)  Acc@1: 61.4583 (60.0452)  Acc@5: 88.5417 (87.2870)LR: 2.467e-02
2024-11-17 13:58:31,618 -                train: [    INFO] - Train: 44 [ 520/520]  Loss: 2.014 (1.97)  Acc@1: 56.2500 (59.9340)  Acc@5: 90.0000 (87.3660)LR: 2.467e-02
2024-11-17 13:58:32,034 -                train: [    INFO] - Valid: 44 [   0/104]  Loss: 1.434 (1.43)  Acc@1: 60.4167 (60.4167)  Acc@5: 87.5000 (87.5000)
2024-11-17 13:58:33,650 -                train: [    INFO] - Valid: 44 [ 104/104]  Loss: 1.743 (1.46)  Acc@1: 62.5000 (60.6700)  Acc@5: 81.2500 (86.8300)
2024-11-17 13:58:33,705 -                train: [    INFO] - valid_acc 60.670001 - best_valid_acc 61.070002
2024-11-17 13:58:34,113 -                train: [    INFO] - Train: 45 [   0/520]  Loss: 1.746 (1.75)  Acc@1: 63.5417 (63.5417)  Acc@5: 87.5000 (87.5000)LR: 2.465e-02
2024-11-17 13:58:50,873 -                train: [    INFO] - Train: 45 [ 200/520]  Loss: 1.747 (1.92)  Acc@1: 64.5833 (60.8261)  Acc@5: 94.7917 (87.6658)LR: 2.465e-02
2024-11-17 13:59:07,461 -                train: [    INFO] - Train: 45 [ 400/520]  Loss: 1.762 (1.95)  Acc@1: 61.4583 (60.3309)  Acc@5: 87.5000 (87.5026)LR: 2.465e-02
2024-11-17 13:59:17,405 -                train: [    INFO] - Train: 45 [ 520/520]  Loss: 2.186 (1.96)  Acc@1: 57.5000 (60.2200)  Acc@5: 81.2500 (87.4620)LR: 2.465e-02
2024-11-17 13:59:17,791 -                train: [    INFO] - Valid: 45 [   0/104]  Loss: 1.515 (1.51)  Acc@1: 63.5417 (63.5417)  Acc@5: 87.5000 (87.5000)
2024-11-17 13:59:19,621 -                train: [    INFO] - Valid: 45 [ 104/104]  Loss: 1.232 (1.45)  Acc@1: 75.0000 (60.1500)  Acc@5: 87.5000 (87.1400)
2024-11-17 13:59:19,673 -                train: [    INFO] - valid_acc 60.150001 - best_valid_acc 61.070002
2024-11-17 13:59:20,085 -                train: [    INFO] - Train: 46 [   0/520]  Loss: 1.660 (1.66)  Acc@1: 64.5833 (64.5833)  Acc@5: 93.7500 (93.7500)LR: 2.464e-02
2024-11-17 13:59:36,726 -                train: [    INFO] - Train: 46 [ 200/520]  Loss: 1.811 (1.95)  Acc@1: 62.5000 (60.3545)  Acc@5: 88.5417 (87.3964)LR: 2.464e-02
2024-11-17 13:59:53,487 -                train: [    INFO] - Train: 46 [ 400/520]  Loss: 1.975 (1.96)  Acc@1: 60.4167 (60.1413)  Acc@5: 84.3750 (87.5104)LR: 2.464e-02
2024-11-17 14:00:03,497 -                train: [    INFO] - Train: 46 [ 520/520]  Loss: 2.527 (1.96)  Acc@1: 55.0000 (60.2600)  Acc@5: 80.0000 (87.5780)LR: 2.464e-02
2024-11-17 14:00:03,903 -                train: [    INFO] - Valid: 46 [   0/104]  Loss: 1.489 (1.49)  Acc@1: 63.5417 (63.5417)  Acc@5: 86.4583 (86.4583)
2024-11-17 14:00:05,705 -                train: [    INFO] - Valid: 46 [ 104/104]  Loss: 1.381 (1.45)  Acc@1: 68.7500 (61.4100)  Acc@5: 87.5000 (87.6100)
2024-11-17 14:00:05,807 -                train: [    INFO] - valid_acc 61.410002 - best_valid_acc 61.410002
2024-11-17 14:00:06,249 -                train: [    INFO] - Train: 47 [   0/520]  Loss: 1.936 (1.94)  Acc@1: 58.3333 (58.3333)  Acc@5: 88.5417 (88.5417)LR: 2.462e-02
2024-11-17 14:00:22,914 -                train: [    INFO] - Train: 47 [ 200/520]  Loss: 1.694 (1.90)  Acc@1: 69.7917 (61.4065)  Acc@5: 90.6250 (88.3914)LR: 2.462e-02
2024-11-17 14:00:39,636 -                train: [    INFO] - Train: 47 [ 400/520]  Loss: 1.473 (1.93)  Acc@1: 71.8750 (60.8453)  Acc@5: 91.6667 (87.8767)LR: 2.462e-02
2024-11-17 14:00:49,759 -                train: [    INFO] - Train: 47 [ 520/520]  Loss: 1.825 (1.94)  Acc@1: 58.7500 (60.6280)  Acc@5: 88.7500 (87.8240)LR: 2.462e-02
2024-11-17 14:00:50,158 -                train: [    INFO] - Valid: 47 [   0/104]  Loss: 1.637 (1.64)  Acc@1: 52.0833 (52.0833)  Acc@5: 84.3750 (84.3750)
2024-11-17 14:00:51,939 -                train: [    INFO] - Valid: 47 [ 104/104]  Loss: 1.950 (1.55)  Acc@1: 56.2500 (58.5300)  Acc@5: 81.2500 (86.2900)
2024-11-17 14:00:51,991 -                train: [    INFO] - valid_acc 58.530002 - best_valid_acc 61.410002
2024-11-17 14:00:52,399 -                train: [    INFO] - Train: 48 [   0/520]  Loss: 1.581 (1.58)  Acc@1: 67.7083 (67.7083)  Acc@5: 92.7083 (92.7083)LR: 2.461e-02
2024-11-17 14:01:08,913 -                train: [    INFO] - Train: 48 [ 200/520]  Loss: 2.087 (1.90)  Acc@1: 60.4167 (61.5931)  Acc@5: 85.4167 (88.2100)LR: 2.461e-02
2024-11-17 14:01:25,299 -                train: [    INFO] - Train: 48 [ 400/520]  Loss: 2.181 (1.93)  Acc@1: 56.2500 (60.8817)  Acc@5: 87.5000 (87.8351)LR: 2.461e-02
2024-11-17 14:01:35,233 -                train: [    INFO] - Train: 48 [ 520/520]  Loss: 1.649 (1.94)  Acc@1: 68.7500 (60.6820)  Acc@5: 91.2500 (87.7160)LR: 2.461e-02
2024-11-17 14:01:35,704 -                train: [    INFO] - Valid: 48 [   0/104]  Loss: 1.689 (1.69)  Acc@1: 56.2500 (56.2500)  Acc@5: 85.4167 (85.4167)
2024-11-17 14:01:37,413 -                train: [    INFO] - Valid: 48 [ 104/104]  Loss: 1.790 (1.73)  Acc@1: 56.2500 (55.6600)  Acc@5: 81.2500 (83.9800)
2024-11-17 14:01:37,466 -                train: [    INFO] - valid_acc 55.660001 - best_valid_acc 61.410002
2024-11-17 14:01:37,905 -                train: [    INFO] - Train: 49 [   0/520]  Loss: 1.725 (1.73)  Acc@1: 65.6250 (65.6250)  Acc@5: 90.6250 (90.6250)LR: 2.459e-02
2024-11-17 14:01:54,485 -                train: [    INFO] - Train: 49 [ 200/520]  Loss: 2.359 (1.89)  Acc@1: 58.3333 (61.5413)  Acc@5: 86.4583 (88.3499)LR: 2.459e-02
2024-11-17 14:02:11,153 -                train: [    INFO] - Train: 49 [ 400/520]  Loss: 1.945 (1.93)  Acc@1: 60.4167 (60.9180)  Acc@5: 87.5000 (88.1079)LR: 2.459e-02
2024-11-17 14:02:21,291 -                train: [    INFO] - Train: 49 [ 520/520]  Loss: 1.747 (1.93)  Acc@1: 66.2500 (60.8020)  Acc@5: 91.2500 (87.9820)LR: 2.459e-02
2024-11-17 14:02:21,668 -                train: [    INFO] - Valid: 49 [   0/104]  Loss: 1.530 (1.53)  Acc@1: 67.7083 (67.7083)  Acc@5: 86.4583 (86.4583)
2024-11-17 14:02:23,409 -                train: [    INFO] - Valid: 49 [ 104/104]  Loss: 1.222 (1.71)  Acc@1: 75.0000 (55.9900)  Acc@5: 81.2500 (84.2000)
2024-11-17 14:02:23,460 -                train: [    INFO] - valid_acc 55.990001 - best_valid_acc 61.410002
2024-11-17 14:02:23,873 -                train: [    INFO] - Train: 50 [   0/520]  Loss: 1.966 (1.97)  Acc@1: 60.4167 (60.4167)  Acc@5: 85.4167 (85.4167)LR: 2.457e-02
2024-11-17 14:02:40,450 -                train: [    INFO] - Train: 50 [ 200/520]  Loss: 2.044 (1.88)  Acc@1: 55.2083 (61.8937)  Acc@5: 86.4583 (88.1737)LR: 2.457e-02
2024-11-17 14:02:57,216 -                train: [    INFO] - Train: 50 [ 400/520]  Loss: 1.969 (1.91)  Acc@1: 62.5000 (61.1518)  Acc@5: 89.5833 (87.9676)LR: 2.457e-02
2024-11-17 14:03:07,297 -                train: [    INFO] - Train: 50 [ 520/520]  Loss: 1.970 (1.92)  Acc@1: 60.0000 (61.0060)  Acc@5: 90.0000 (87.9460)LR: 2.457e-02
2024-11-17 14:03:07,711 -                train: [    INFO] - Valid: 50 [   0/104]  Loss: 1.572 (1.57)  Acc@1: 60.4167 (60.4167)  Acc@5: 84.3750 (84.3750)
2024-11-17 14:03:09,458 -                train: [    INFO] - Valid: 50 [ 104/104]  Loss: 1.209 (1.53)  Acc@1: 75.0000 (58.5900)  Acc@5: 81.2500 (86.2600)
2024-11-17 14:03:09,510 -                train: [    INFO] - valid_acc 58.590001 - best_valid_acc 61.410002
2024-11-17 14:03:09,941 -                train: [    INFO] - Train: 51 [   0/520]  Loss: 1.834 (1.83)  Acc@1: 58.3333 (58.3333)  Acc@5: 90.6250 (90.6250)LR: 2.456e-02
2024-11-17 14:03:26,676 -                train: [    INFO] - Train: 51 [ 200/520]  Loss: 1.808 (1.89)  Acc@1: 66.6667 (61.3806)  Acc@5: 87.5000 (88.3033)LR: 2.456e-02
2024-11-17 14:03:43,414 -                train: [    INFO] - Train: 51 [ 400/520]  Loss: 1.876 (1.92)  Acc@1: 61.4583 (60.9700)  Acc@5: 90.6250 (87.9858)LR: 2.456e-02
2024-11-17 14:03:53,455 -                train: [    INFO] - Train: 51 [ 520/520]  Loss: 1.863 (1.92)  Acc@1: 58.7500 (60.9080)  Acc@5: 91.2500 (87.9280)LR: 2.456e-02
2024-11-17 14:03:53,855 -                train: [    INFO] - Valid: 51 [   0/104]  Loss: 1.440 (1.44)  Acc@1: 63.5417 (63.5417)  Acc@5: 87.5000 (87.5000)
2024-11-17 14:03:55,600 -                train: [    INFO] - Valid: 51 [ 104/104]  Loss: 1.202 (1.44)  Acc@1: 75.0000 (60.6800)  Acc@5: 81.2500 (87.0500)
2024-11-17 14:03:55,654 -                train: [    INFO] - valid_acc 60.680001 - best_valid_acc 61.410002
2024-11-17 14:03:56,084 -                train: [    INFO] - Train: 52 [   0/520]  Loss: 1.942 (1.94)  Acc@1: 60.4167 (60.4167)  Acc@5: 91.6667 (91.6667)LR: 2.454e-02
2024-11-17 14:04:12,793 -                train: [    INFO] - Train: 52 [ 200/520]  Loss: 1.715 (1.88)  Acc@1: 62.5000 (61.4946)  Acc@5: 94.7917 (88.1582)LR: 2.454e-02
2024-11-17 14:04:29,312 -                train: [    INFO] - Train: 52 [ 400/520]  Loss: 1.567 (1.91)  Acc@1: 69.7917 (60.9076)  Acc@5: 90.6250 (87.9598)LR: 2.454e-02
2024-11-17 14:04:39,296 -                train: [    INFO] - Train: 52 [ 520/520]  Loss: 1.622 (1.92)  Acc@1: 65.0000 (60.9580)  Acc@5: 92.5000 (87.9180)LR: 2.454e-02
2024-11-17 14:04:39,688 -                train: [    INFO] - Valid: 52 [   0/104]  Loss: 1.430 (1.43)  Acc@1: 59.3750 (59.3750)  Acc@5: 84.3750 (84.3750)
2024-11-17 14:04:41,565 -                train: [    INFO] - Valid: 52 [ 104/104]  Loss: 1.784 (1.47)  Acc@1: 56.2500 (59.2100)  Acc@5: 81.2500 (87.2700)
2024-11-17 14:04:41,617 -                train: [    INFO] - valid_acc 59.210002 - best_valid_acc 61.410002
2024-11-17 14:04:42,056 -                train: [    INFO] - Train: 53 [   0/520]  Loss: 1.481 (1.48)  Acc@1: 71.8750 (71.8750)  Acc@5: 90.6250 (90.6250)LR: 2.452e-02
2024-11-17 14:04:58,434 -                train: [    INFO] - Train: 53 [ 200/520]  Loss: 1.772 (1.88)  Acc@1: 59.3750 (61.5516)  Acc@5: 90.6250 (88.4536)LR: 2.452e-02
2024-11-17 14:05:15,178 -                train: [    INFO] - Train: 53 [ 400/520]  Loss: 1.920 (1.90)  Acc@1: 60.4167 (61.2090)  Acc@5: 85.4167 (88.1234)LR: 2.452e-02
2024-11-17 14:05:25,226 -                train: [    INFO] - Train: 53 [ 520/520]  Loss: 1.843 (1.91)  Acc@1: 65.0000 (61.0460)  Acc@5: 88.7500 (87.9200)LR: 2.452e-02
2024-11-17 14:05:25,622 -                train: [    INFO] - Valid: 53 [   0/104]  Loss: 1.385 (1.38)  Acc@1: 61.4583 (61.4583)  Acc@5: 86.4583 (86.4583)
2024-11-17 14:05:27,357 -                train: [    INFO] - Valid: 53 [ 104/104]  Loss: 1.403 (1.36)  Acc@1: 62.5000 (62.5500)  Acc@5: 81.2500 (88.5000)
2024-11-17 14:05:27,461 -                train: [    INFO] - valid_acc 62.550002 - best_valid_acc 62.550002
2024-11-17 14:05:27,892 -                train: [    INFO] - Train: 54 [   0/520]  Loss: 1.748 (1.75)  Acc@1: 60.4167 (60.4167)  Acc@5: 91.6667 (91.6667)LR: 2.450e-02
2024-11-17 14:05:44,496 -                train: [    INFO] - Train: 54 [ 200/520]  Loss: 2.070 (1.88)  Acc@1: 57.2917 (61.9144)  Acc@5: 86.4583 (88.1789)LR: 2.450e-02
2024-11-17 14:06:01,345 -                train: [    INFO] - Train: 54 [ 400/520]  Loss: 1.951 (1.90)  Acc@1: 63.5417 (61.7103)  Acc@5: 88.5417 (88.0481)LR: 2.450e-02
2024-11-17 14:06:11,398 -                train: [    INFO] - Train: 54 [ 520/520]  Loss: 1.914 (1.90)  Acc@1: 55.0000 (61.4560)  Acc@5: 91.2500 (87.9960)LR: 2.450e-02
2024-11-17 14:06:11,804 -                train: [    INFO] - Valid: 54 [   0/104]  Loss: 1.519 (1.52)  Acc@1: 60.4167 (60.4167)  Acc@5: 86.4583 (86.4583)
2024-11-17 14:06:13,571 -                train: [    INFO] - Valid: 54 [ 104/104]  Loss: 1.209 (1.42)  Acc@1: 68.7500 (61.2100)  Acc@5: 75.0000 (87.1800)
2024-11-17 14:06:13,627 -                train: [    INFO] - valid_acc 61.210002 - best_valid_acc 62.550002
2024-11-17 14:06:14,074 -                train: [    INFO] - Train: 55 [   0/520]  Loss: 1.670 (1.67)  Acc@1: 62.5000 (62.5000)  Acc@5: 93.7500 (93.7500)LR: 2.449e-02
2024-11-17 14:06:30,899 -                train: [    INFO] - Train: 55 [ 200/520]  Loss: 2.139 (1.86)  Acc@1: 61.4583 (62.1631)  Acc@5: 85.4167 (88.6039)LR: 2.449e-02
2024-11-17 14:06:47,438 -                train: [    INFO] - Train: 55 [ 400/520]  Loss: 1.963 (1.87)  Acc@1: 57.2917 (62.0142)  Acc@5: 90.6250 (88.4559)LR: 2.449e-02
2024-11-17 14:06:57,346 -                train: [    INFO] - Train: 55 [ 520/520]  Loss: 1.995 (1.89)  Acc@1: 61.2500 (61.7500)  Acc@5: 86.2500 (88.3140)LR: 2.449e-02
2024-11-17 14:06:57,734 -                train: [    INFO] - Valid: 55 [   0/104]  Loss: 1.618 (1.62)  Acc@1: 62.5000 (62.5000)  Acc@5: 85.4167 (85.4167)
2024-11-17 14:06:59,476 -                train: [    INFO] - Valid: 55 [ 104/104]  Loss: 1.645 (1.57)  Acc@1: 62.5000 (57.9100)  Acc@5: 75.0000 (86.0700)
2024-11-17 14:06:59,530 -                train: [    INFO] - valid_acc 57.910001 - best_valid_acc 62.550002
2024-11-17 14:06:59,949 -                train: [    INFO] - Train: 56 [   0/520]  Loss: 2.015 (2.02)  Acc@1: 61.4583 (61.4583)  Acc@5: 92.7083 (92.7083)LR: 2.447e-02
2024-11-17 14:07:16,681 -                train: [    INFO] - Train: 56 [ 200/520]  Loss: 1.805 (1.87)  Acc@1: 62.5000 (61.5931)  Acc@5: 91.6667 (88.8112)LR: 2.447e-02
2024-11-17 14:07:33,098 -                train: [    INFO] - Train: 56 [ 400/520]  Loss: 2.088 (1.88)  Acc@1: 58.3333 (61.2531)  Acc@5: 85.4167 (88.5235)LR: 2.447e-02
2024-11-17 14:07:42,817 -                train: [    INFO] - Train: 56 [ 520/520]  Loss: 1.604 (1.89)  Acc@1: 65.0000 (61.2340)  Acc@5: 92.5000 (88.4720)LR: 2.447e-02
2024-11-17 14:07:43,255 -                train: [    INFO] - Valid: 56 [   0/104]  Loss: 1.529 (1.53)  Acc@1: 57.2917 (57.2917)  Acc@5: 86.4583 (86.4583)
2024-11-17 14:07:44,991 -                train: [    INFO] - Valid: 56 [ 104/104]  Loss: 1.504 (1.52)  Acc@1: 75.0000 (59.2700)  Acc@5: 81.2500 (86.7500)
2024-11-17 14:07:45,044 -                train: [    INFO] - valid_acc 59.270002 - best_valid_acc 62.550002
2024-11-17 14:07:45,527 -                train: [    INFO] - Train: 57 [   0/520]  Loss: 1.855 (1.86)  Acc@1: 66.6667 (66.6667)  Acc@5: 83.3333 (83.3333)LR: 2.445e-02
2024-11-17 14:08:02,127 -                train: [    INFO] - Train: 57 [ 200/520]  Loss: 1.658 (1.86)  Acc@1: 67.7083 (62.1269)  Acc@5: 90.6250 (88.5106)LR: 2.445e-02
2024-11-17 14:08:19,041 -                train: [    INFO] - Train: 57 [ 400/520]  Loss: 1.942 (1.87)  Acc@1: 53.1250 (62.0142)  Acc@5: 85.4167 (88.5365)LR: 2.445e-02
2024-11-17 14:08:29,016 -                train: [    INFO] - Train: 57 [ 520/520]  Loss: 1.961 (1.89)  Acc@1: 58.7500 (61.6880)  Acc@5: 86.2500 (88.3200)LR: 2.445e-02
2024-11-17 14:08:29,431 -                train: [    INFO] - Valid: 57 [   0/104]  Loss: 1.538 (1.54)  Acc@1: 62.5000 (62.5000)  Acc@5: 85.4167 (85.4167)
2024-11-17 14:08:31,146 -                train: [    INFO] - Valid: 57 [ 104/104]  Loss: 1.448 (1.52)  Acc@1: 68.7500 (59.3800)  Acc@5: 81.2500 (86.9600)
2024-11-17 14:08:31,197 -                train: [    INFO] - valid_acc 59.380001 - best_valid_acc 62.550002
2024-11-17 14:08:31,603 -                train: [    INFO] - Train: 58 [   0/520]  Loss: 1.838 (1.84)  Acc@1: 60.4167 (60.4167)  Acc@5: 85.4167 (85.4167)LR: 2.443e-02
2024-11-17 14:08:48,171 -                train: [    INFO] - Train: 58 [ 200/520]  Loss: 1.634 (1.86)  Acc@1: 63.5417 (61.8263)  Acc@5: 86.4583 (88.5417)LR: 2.443e-02
2024-11-17 14:09:05,120 -                train: [    INFO] - Train: 58 [ 400/520]  Loss: 1.878 (1.88)  Acc@1: 62.5000 (61.5155)  Acc@5: 86.4583 (88.3416)LR: 2.443e-02
2024-11-17 14:09:15,594 -                train: [    INFO] - Train: 58 [ 520/520]  Loss: 2.204 (1.89)  Acc@1: 53.7500 (61.4200)  Acc@5: 87.5000 (88.3560)LR: 2.443e-02
2024-11-17 14:09:15,958 -                train: [    INFO] - Valid: 58 [   0/104]  Loss: 1.589 (1.59)  Acc@1: 59.3750 (59.3750)  Acc@5: 85.4167 (85.4167)
2024-11-17 14:09:17,724 -                train: [    INFO] - Valid: 58 [ 104/104]  Loss: 1.783 (1.43)  Acc@1: 62.5000 (60.9300)  Acc@5: 75.0000 (87.4500)
2024-11-17 14:09:17,774 -                train: [    INFO] - valid_acc 60.930001 - best_valid_acc 62.550002
2024-11-17 14:09:18,181 -                train: [    INFO] - Train: 59 [   0/520]  Loss: 1.776 (1.78)  Acc@1: 66.6667 (66.6667)  Acc@5: 86.4583 (86.4583)LR: 2.441e-02
2024-11-17 14:09:34,825 -                train: [    INFO] - Train: 59 [ 200/520]  Loss: 1.678 (1.86)  Acc@1: 63.5417 (61.7486)  Acc@5: 92.7083 (88.5520)LR: 2.441e-02
2024-11-17 14:09:51,534 -                train: [    INFO] - Train: 59 [ 400/520]  Loss: 1.671 (1.88)  Acc@1: 69.7917 (61.4453)  Acc@5: 87.5000 (88.3962)LR: 2.441e-02
2024-11-17 14:10:01,650 -                train: [    INFO] - Train: 59 [ 520/520]  Loss: 2.243 (1.88)  Acc@1: 57.5000 (61.4160)  Acc@5: 86.2500 (88.3520)LR: 2.441e-02
2024-11-17 14:10:02,052 -                train: [    INFO] - Valid: 59 [   0/104]  Loss: 1.723 (1.72)  Acc@1: 58.3333 (58.3333)  Acc@5: 82.2917 (82.2917)
2024-11-17 14:10:03,781 -                train: [    INFO] - Valid: 59 [ 104/104]  Loss: 1.032 (1.60)  Acc@1: 62.5000 (57.7600)  Acc@5: 87.5000 (85.9900)
2024-11-17 14:10:03,834 -                train: [    INFO] - valid_acc 57.760001 - best_valid_acc 62.550002
2024-11-17 14:10:04,249 -                train: [    INFO] - Train: 60 [   0/520]  Loss: 1.656 (1.66)  Acc@1: 60.4167 (60.4167)  Acc@5: 90.6250 (90.6250)LR: 2.439e-02
2024-11-17 14:10:20,944 -                train: [    INFO] - Train: 60 [ 200/520]  Loss: 1.844 (1.86)  Acc@1: 58.3333 (61.9507)  Acc@5: 87.5000 (88.3033)LR: 2.439e-02
2024-11-17 14:10:37,343 -                train: [    INFO] - Train: 60 [ 400/520]  Loss: 2.197 (1.86)  Acc@1: 51.0417 (62.0064)  Acc@5: 88.5417 (88.5105)LR: 2.439e-02
2024-11-17 14:10:47,138 -                train: [    INFO] - Train: 60 [ 520/520]  Loss: 2.339 (1.87)  Acc@1: 58.7500 (61.9760)  Acc@5: 78.7500 (88.3940)LR: 2.439e-02
2024-11-17 14:10:47,560 -                train: [    INFO] - Valid: 60 [   0/104]  Loss: 1.345 (1.34)  Acc@1: 64.5833 (64.5833)  Acc@5: 89.5833 (89.5833)
2024-11-17 14:10:49,327 -                train: [    INFO] - Valid: 60 [ 104/104]  Loss: 1.333 (1.38)  Acc@1: 56.2500 (61.3900)  Acc@5: 87.5000 (88.3500)
2024-11-17 14:10:49,378 -                train: [    INFO] - valid_acc 61.390001 - best_valid_acc 62.550002
2024-11-17 14:10:49,782 -                train: [    INFO] - Train: 61 [   0/520]  Loss: 1.776 (1.78)  Acc@1: 59.3750 (59.3750)  Acc@5: 87.5000 (87.5000)LR: 2.437e-02
2024-11-17 14:11:06,367 -                train: [    INFO] - Train: 61 [ 200/520]  Loss: 1.915 (1.83)  Acc@1: 58.3333 (62.2875)  Acc@5: 92.7083 (88.8422)LR: 2.437e-02
2024-11-17 14:11:23,019 -                train: [    INFO] - Train: 61 [ 400/520]  Loss: 1.599 (1.86)  Acc@1: 67.7083 (61.7051)  Acc@5: 93.7500 (88.5261)LR: 2.437e-02
2024-11-17 14:11:32,966 -                train: [    INFO] - Train: 61 [ 520/520]  Loss: 2.091 (1.86)  Acc@1: 58.7500 (61.8220)  Acc@5: 88.7500 (88.5920)LR: 2.437e-02
2024-11-17 14:11:33,377 -                train: [    INFO] - Valid: 61 [   0/104]  Loss: 1.372 (1.37)  Acc@1: 65.6250 (65.6250)  Acc@5: 88.5417 (88.5417)
2024-11-17 14:11:35,178 -                train: [    INFO] - Valid: 61 [ 104/104]  Loss: 1.309 (1.39)  Acc@1: 75.0000 (62.1100)  Acc@5: 93.7500 (88.2200)
2024-11-17 14:11:35,226 -                train: [    INFO] - valid_acc 62.110002 - best_valid_acc 62.550002
2024-11-17 14:11:35,631 -                train: [    INFO] - Train: 62 [   0/520]  Loss: 1.590 (1.59)  Acc@1: 63.5417 (63.5417)  Acc@5: 94.7917 (94.7917)LR: 2.435e-02
2024-11-17 14:11:52,351 -                train: [    INFO] - Train: 62 [ 200/520]  Loss: 1.695 (1.85)  Acc@1: 67.7083 (62.1994)  Acc@5: 92.7083 (88.5520)LR: 2.435e-02
2024-11-17 14:12:09,017 -                train: [    INFO] - Train: 62 [ 400/520]  Loss: 2.188 (1.85)  Acc@1: 55.2083 (62.1337)  Acc@5: 88.5417 (88.5365)LR: 2.435e-02
2024-11-17 14:12:19,231 -                train: [    INFO] - Train: 62 [ 520/520]  Loss: 1.822 (1.87)  Acc@1: 60.0000 (61.8200)  Acc@5: 93.7500 (88.3240)LR: 2.435e-02
2024-11-17 14:12:19,642 -                train: [    INFO] - Valid: 62 [   0/104]  Loss: 1.403 (1.40)  Acc@1: 65.6250 (65.6250)  Acc@5: 88.5417 (88.5417)
2024-11-17 14:12:21,376 -                train: [    INFO] - Valid: 62 [ 104/104]  Loss: 1.263 (1.41)  Acc@1: 62.5000 (60.8900)  Acc@5: 87.5000 (88.3000)
2024-11-17 14:12:21,426 -                train: [    INFO] - valid_acc 60.890002 - best_valid_acc 62.550002
2024-11-17 14:12:21,863 -                train: [    INFO] - Train: 63 [   0/520]  Loss: 1.627 (1.63)  Acc@1: 61.4583 (61.4583)  Acc@5: 94.7917 (94.7917)LR: 2.433e-02
2024-11-17 14:12:38,487 -                train: [    INFO] - Train: 63 [ 200/520]  Loss: 1.648 (1.83)  Acc@1: 66.6667 (62.2616)  Acc@5: 89.5833 (88.8215)LR: 2.433e-02
2024-11-17 14:12:55,432 -                train: [    INFO] - Train: 63 [ 400/520]  Loss: 1.871 (1.86)  Acc@1: 61.4583 (62.1805)  Acc@5: 87.5000 (88.4793)LR: 2.433e-02
2024-11-17 14:13:05,464 -                train: [    INFO] - Train: 63 [ 520/520]  Loss: 1.808 (1.87)  Acc@1: 58.7500 (62.0700)  Acc@5: 88.7500 (88.3460)LR: 2.433e-02
2024-11-17 14:13:05,846 -                train: [    INFO] - Valid: 63 [   0/104]  Loss: 1.490 (1.49)  Acc@1: 60.4167 (60.4167)  Acc@5: 83.3333 (83.3333)
2024-11-17 14:13:07,596 -                train: [    INFO] - Valid: 63 [ 104/104]  Loss: 1.539 (1.48)  Acc@1: 56.2500 (59.8800)  Acc@5: 81.2500 (87.3500)
2024-11-17 14:13:07,649 -                train: [    INFO] - valid_acc 59.880002 - best_valid_acc 62.550002
2024-11-17 14:13:08,057 -                train: [    INFO] - Train: 64 [   0/520]  Loss: 1.688 (1.69)  Acc@1: 61.4583 (61.4583)  Acc@5: 92.7083 (92.7083)LR: 2.430e-02
2024-11-17 14:13:24,669 -                train: [    INFO] - Train: 64 [ 200/520]  Loss: 1.560 (1.81)  Acc@1: 66.6667 (62.9871)  Acc@5: 96.8750 (89.2983)LR: 2.430e-02
2024-11-17 14:13:41,044 -                train: [    INFO] - Train: 64 [ 400/520]  Loss: 2.224 (1.85)  Acc@1: 56.2500 (62.2324)  Acc@5: 80.2083 (88.6144)LR: 2.430e-02
2024-11-17 14:13:50,922 -                train: [    INFO] - Train: 64 [ 520/520]  Loss: 2.098 (1.85)  Acc@1: 52.5000 (62.1620)  Acc@5: 90.0000 (88.5200)LR: 2.430e-02
2024-11-17 14:13:51,332 -                train: [    INFO] - Valid: 64 [   0/104]  Loss: 1.419 (1.42)  Acc@1: 64.5833 (64.5833)  Acc@5: 84.3750 (84.3750)
2024-11-17 14:13:53,066 -                train: [    INFO] - Valid: 64 [ 104/104]  Loss: 1.245 (1.47)  Acc@1: 75.0000 (60.9500)  Acc@5: 87.5000 (87.2000)
2024-11-17 14:13:53,119 -                train: [    INFO] - valid_acc 60.950001 - best_valid_acc 62.550002
2024-11-17 14:13:53,536 -                train: [    INFO] - Train: 65 [   0/520]  Loss: 1.736 (1.74)  Acc@1: 59.3750 (59.3750)  Acc@5: 88.5417 (88.5417)LR: 2.428e-02
2024-11-17 14:14:10,101 -                train: [    INFO] - Train: 65 [ 200/520]  Loss: 1.899 (1.80)  Acc@1: 58.3333 (62.9871)  Acc@5: 88.5417 (89.2361)LR: 2.428e-02
2024-11-17 14:14:26,794 -                train: [    INFO] - Train: 65 [ 400/520]  Loss: 1.647 (1.83)  Acc@1: 65.6250 (62.6091)  Acc@5: 92.7083 (88.8664)LR: 2.428e-02
2024-11-17 14:14:36,790 -                train: [    INFO] - Train: 65 [ 520/520]  Loss: 1.955 (1.85)  Acc@1: 58.7500 (62.2100)  Acc@5: 82.5000 (88.7420)LR: 2.428e-02
2024-11-17 14:14:37,201 -                train: [    INFO] - Valid: 65 [   0/104]  Loss: 1.340 (1.34)  Acc@1: 66.6667 (66.6667)  Acc@5: 85.4167 (85.4167)
2024-11-17 14:14:38,952 -                train: [    INFO] - Valid: 65 [ 104/104]  Loss: 1.403 (1.38)  Acc@1: 62.5000 (62.5000)  Acc@5: 81.2500 (88.4700)
2024-11-17 14:14:39,004 -                train: [    INFO] - valid_acc 62.500002 - best_valid_acc 62.550002
2024-11-17 14:14:39,447 -                train: [    INFO] - Train: 66 [   0/520]  Loss: 1.836 (1.84)  Acc@1: 61.4583 (61.4583)  Acc@5: 89.5833 (89.5833)LR: 2.426e-02
2024-11-17 14:14:56,059 -                train: [    INFO] - Train: 66 [ 200/520]  Loss: 1.968 (1.82)  Acc@1: 57.2917 (62.5985)  Acc@5: 87.5000 (89.0133)LR: 2.426e-02
2024-11-17 14:15:12,978 -                train: [    INFO] - Train: 66 [ 400/520]  Loss: 1.794 (1.84)  Acc@1: 65.6250 (62.1753)  Acc@5: 89.5833 (88.9131)LR: 2.426e-02
2024-11-17 14:15:22,984 -                train: [    INFO] - Train: 66 [ 520/520]  Loss: 1.661 (1.86)  Acc@1: 68.7500 (61.9920)  Acc@5: 91.2500 (88.7180)LR: 2.426e-02
2024-11-17 14:15:23,358 -                train: [    INFO] - Valid: 66 [   0/104]  Loss: 1.329 (1.33)  Acc@1: 61.4583 (61.4583)  Acc@5: 87.5000 (87.5000)
2024-11-17 14:15:25,087 -                train: [    INFO] - Valid: 66 [ 104/104]  Loss: 1.562 (1.41)  Acc@1: 62.5000 (60.6800)  Acc@5: 81.2500 (87.9600)
2024-11-17 14:15:25,139 -                train: [    INFO] - valid_acc 60.680001 - best_valid_acc 62.550002
2024-11-17 14:15:25,546 -                train: [    INFO] - Train: 67 [   0/520]  Loss: 1.233 (1.23)  Acc@1: 76.0417 (76.0417)  Acc@5: 93.7500 (93.7500)LR: 2.424e-02
2024-11-17 14:15:42,155 -                train: [    INFO] - Train: 67 [ 200/520]  Loss: 1.913 (1.81)  Acc@1: 56.2500 (63.1996)  Acc@5: 88.5417 (89.1273)LR: 2.424e-02
2024-11-17 14:15:58,839 -                train: [    INFO] - Train: 67 [ 400/520]  Loss: 2.136 (1.84)  Acc@1: 52.0833 (62.5753)  Acc@5: 84.3750 (88.7261)LR: 2.424e-02
2024-11-17 14:16:08,757 -                train: [    INFO] - Train: 67 [ 520/520]  Loss: 1.447 (1.86)  Acc@1: 71.2500 (62.3920)  Acc@5: 92.5000 (88.5300)LR: 2.424e-02
2024-11-17 14:16:09,173 -                train: [    INFO] - Valid: 67 [   0/104]  Loss: 1.468 (1.47)  Acc@1: 64.5833 (64.5833)  Acc@5: 84.3750 (84.3750)
2024-11-17 14:16:10,942 -                train: [    INFO] - Valid: 67 [ 104/104]  Loss: 1.115 (1.36)  Acc@1: 62.5000 (62.3700)  Acc@5: 87.5000 (88.8800)
2024-11-17 14:16:10,993 -                train: [    INFO] - valid_acc 62.370002 - best_valid_acc 62.550002
2024-11-17 14:16:11,429 -                train: [    INFO] - Train: 68 [   0/520]  Loss: 1.521 (1.52)  Acc@1: 65.6250 (65.6250)  Acc@5: 93.7500 (93.7500)LR: 2.422e-02
2024-11-17 14:16:27,894 -                train: [    INFO] - Train: 68 [ 200/520]  Loss: 1.894 (1.79)  Acc@1: 65.6250 (63.4795)  Acc@5: 86.4583 (89.2309)LR: 2.422e-02
2024-11-17 14:16:44,468 -                train: [    INFO] - Train: 68 [ 400/520]  Loss: 1.903 (1.83)  Acc@1: 64.5833 (62.8117)  Acc@5: 84.3750 (88.8872)LR: 2.422e-02
2024-11-17 14:16:54,301 -                train: [    INFO] - Train: 68 [ 520/520]  Loss: 1.819 (1.85)  Acc@1: 63.7500 (62.3000)  Acc@5: 92.5000 (88.6560)LR: 2.422e-02
2024-11-17 14:16:54,702 -                train: [    INFO] - Valid: 68 [   0/104]  Loss: 1.347 (1.35)  Acc@1: 62.5000 (62.5000)  Acc@5: 87.5000 (87.5000)
2024-11-17 14:16:56,432 -                train: [    INFO] - Valid: 68 [ 104/104]  Loss: 1.432 (1.39)  Acc@1: 68.7500 (61.1900)  Acc@5: 87.5000 (88.3500)
2024-11-17 14:16:56,484 -                train: [    INFO] - valid_acc 61.190002 - best_valid_acc 62.550002
2024-11-17 14:16:56,917 -                train: [    INFO] - Train: 69 [   0/520]  Loss: 1.447 (1.45)  Acc@1: 72.9167 (72.9167)  Acc@5: 92.7083 (92.7083)LR: 2.419e-02
2024-11-17 14:17:13,645 -                train: [    INFO] - Train: 69 [ 200/520]  Loss: 1.587 (1.78)  Acc@1: 70.8333 (63.4173)  Acc@5: 89.5833 (89.5160)LR: 2.419e-02
2024-11-17 14:17:30,448 -                train: [    INFO] - Train: 69 [ 400/520]  Loss: 2.138 (1.83)  Acc@1: 54.1667 (62.3857)  Acc@5: 88.5417 (89.0560)LR: 2.419e-02
2024-11-17 14:17:40,383 -                train: [    INFO] - Train: 69 [ 520/520]  Loss: 2.118 (1.83)  Acc@1: 56.2500 (62.4400)  Acc@5: 86.2500 (88.9180)LR: 2.419e-02
2024-11-17 14:17:40,760 -                train: [    INFO] - Valid: 69 [   0/104]  Loss: 1.234 (1.23)  Acc@1: 67.7083 (67.7083)  Acc@5: 88.5417 (88.5417)
2024-11-17 14:17:42,570 -                train: [    INFO] - Valid: 69 [ 104/104]  Loss: 1.173 (1.37)  Acc@1: 68.7500 (62.7000)  Acc@5: 87.5000 (88.1700)
2024-11-17 14:17:42,685 -                train: [    INFO] - valid_acc 62.700001 - best_valid_acc 62.700001
2024-11-17 14:17:43,204 -                train: [    INFO] - Train: 70 [   0/520]  Loss: 1.911 (1.91)  Acc@1: 60.4167 (60.4167)  Acc@5: 87.5000 (87.5000)LR: 2.417e-02
2024-11-17 14:17:59,628 -                train: [    INFO] - Train: 70 [ 200/520]  Loss: 2.000 (1.79)  Acc@1: 62.5000 (62.8939)  Acc@5: 83.3333 (89.1117)LR: 2.417e-02
2024-11-17 14:18:16,381 -                train: [    INFO] - Train: 70 [ 400/520]  Loss: 1.462 (1.83)  Acc@1: 68.7500 (62.3182)  Acc@5: 94.7917 (88.8378)LR: 2.417e-02
2024-11-17 14:18:26,467 -                train: [    INFO] - Train: 70 [ 520/520]  Loss: 1.709 (1.84)  Acc@1: 67.5000 (62.1400)  Acc@5: 91.2500 (88.7400)LR: 2.417e-02
2024-11-17 14:18:26,962 -                train: [    INFO] - Valid: 70 [   0/104]  Loss: 1.447 (1.45)  Acc@1: 59.3750 (59.3750)  Acc@5: 87.5000 (87.5000)
2024-11-17 14:18:28,789 -                train: [    INFO] - Valid: 70 [ 104/104]  Loss: 1.062 (1.44)  Acc@1: 62.5000 (60.6000)  Acc@5: 87.5000 (88.0600)
2024-11-17 14:18:28,844 -                train: [    INFO] - valid_acc 60.600002 - best_valid_acc 62.700001
2024-11-17 14:18:29,254 -                train: [    INFO] - Train: 71 [   0/520]  Loss: 1.667 (1.67)  Acc@1: 64.5833 (64.5833)  Acc@5: 94.7917 (94.7917)LR: 2.415e-02
2024-11-17 14:18:46,044 -                train: [    INFO] - Train: 71 [ 200/520]  Loss: 1.835 (1.80)  Acc@1: 66.6667 (62.8420)  Acc@5: 89.5833 (89.1169)LR: 2.415e-02
2024-11-17 14:19:02,903 -                train: [    INFO] - Train: 71 [ 400/520]  Loss: 1.963 (1.83)  Acc@1: 57.2917 (62.2169)  Acc@5: 87.5000 (88.8716)LR: 2.415e-02
2024-11-17 14:19:12,932 -                train: [    INFO] - Train: 71 [ 520/520]  Loss: 1.756 (1.83)  Acc@1: 65.0000 (62.2540)  Acc@5: 92.5000 (88.8900)LR: 2.415e-02
2024-11-17 14:19:13,341 -                train: [    INFO] - Valid: 71 [   0/104]  Loss: 1.237 (1.24)  Acc@1: 66.6667 (66.6667)  Acc@5: 87.5000 (87.5000)
2024-11-17 14:19:15,091 -                train: [    INFO] - Valid: 71 [ 104/104]  Loss: 1.401 (1.27)  Acc@1: 56.2500 (64.1700)  Acc@5: 81.2500 (89.6800)
2024-11-17 14:19:15,214 -                train: [    INFO] - valid_acc 64.170002 - best_valid_acc 64.170002
2024-11-17 14:19:15,768 -                train: [    INFO] - Train: 72 [   0/520]  Loss: 1.492 (1.49)  Acc@1: 68.7500 (68.7500)  Acc@5: 92.7083 (92.7083)LR: 2.412e-02
2024-11-17 14:19:32,357 -                train: [    INFO] - Train: 72 [ 200/520]  Loss: 1.855 (1.79)  Acc@1: 57.2917 (63.4277)  Acc@5: 93.7500 (89.2154)LR: 2.412e-02
2024-11-17 14:19:49,098 -                train: [    INFO] - Train: 72 [ 400/520]  Loss: 1.831 (1.81)  Acc@1: 64.5833 (62.9182)  Acc@5: 87.5000 (89.1054)LR: 2.412e-02
2024-11-17 14:19:59,098 -                train: [    INFO] - Train: 72 [ 520/520]  Loss: 1.611 (1.83)  Acc@1: 70.0000 (62.6600)  Acc@5: 93.7500 (88.9200)LR: 2.412e-02
2024-11-17 14:19:59,515 -                train: [    INFO] - Valid: 72 [   0/104]  Loss: 1.228 (1.23)  Acc@1: 65.6250 (65.6250)  Acc@5: 87.5000 (87.5000)
2024-11-17 14:20:01,325 -                train: [    INFO] - Valid: 72 [ 104/104]  Loss: 1.201 (1.39)  Acc@1: 68.7500 (61.7600)  Acc@5: 87.5000 (88.0300)
2024-11-17 14:20:01,374 -                train: [    INFO] - valid_acc 61.760002 - best_valid_acc 64.170002
2024-11-17 14:20:01,761 -                train: [    INFO] - Train: 73 [   0/520]  Loss: 1.743 (1.74)  Acc@1: 71.8750 (71.8750)  Acc@5: 87.5000 (87.5000)LR: 2.410e-02
2024-11-17 14:20:18,200 -                train: [    INFO] - Train: 73 [ 200/520]  Loss: 1.883 (1.80)  Acc@1: 61.4583 (62.7850)  Acc@5: 86.4583 (89.0547)LR: 2.410e-02
2024-11-17 14:20:34,760 -                train: [    INFO] - Train: 73 [ 400/520]  Loss: 1.718 (1.81)  Acc@1: 68.7500 (62.7676)  Acc@5: 91.6667 (88.9391)LR: 2.410e-02
2024-11-17 14:20:44,796 -                train: [    INFO] - Train: 73 [ 520/520]  Loss: 1.942 (1.82)  Acc@1: 62.5000 (62.5940)  Acc@5: 83.7500 (88.8220)LR: 2.410e-02
2024-11-17 14:20:45,191 -                train: [    INFO] - Valid: 73 [   0/104]  Loss: 1.201 (1.20)  Acc@1: 70.8333 (70.8333)  Acc@5: 87.5000 (87.5000)
2024-11-17 14:20:46,922 -                train: [    INFO] - Valid: 73 [ 104/104]  Loss: 1.650 (1.28)  Acc@1: 68.7500 (63.5500)  Acc@5: 87.5000 (89.8500)
2024-11-17 14:20:46,972 -                train: [    INFO] - valid_acc 63.550002 - best_valid_acc 64.170002
2024-11-17 14:20:47,410 -                train: [    INFO] - Train: 74 [   0/520]  Loss: 1.563 (1.56)  Acc@1: 70.8333 (70.8333)  Acc@5: 92.7083 (92.7083)LR: 2.407e-02
2024-11-17 14:21:03,820 -                train: [    INFO] - Train: 74 [ 200/520]  Loss: 1.763 (1.78)  Acc@1: 55.2083 (63.3914)  Acc@5: 91.6667 (89.5471)LR: 2.407e-02
2024-11-17 14:21:20,325 -                train: [    INFO] - Train: 74 [ 400/520]  Loss: 1.599 (1.80)  Acc@1: 61.4583 (63.0871)  Acc@5: 93.7500 (89.3002)LR: 2.407e-02
2024-11-17 14:21:30,227 -                train: [    INFO] - Train: 74 [ 520/520]  Loss: 1.962 (1.82)  Acc@1: 60.0000 (62.7920)  Acc@5: 87.5000 (89.1500)LR: 2.407e-02
2024-11-17 14:21:30,580 -                train: [    INFO] - Valid: 74 [   0/104]  Loss: 1.453 (1.45)  Acc@1: 62.5000 (62.5000)  Acc@5: 84.3750 (84.3750)
2024-11-17 14:21:32,392 -                train: [    INFO] - Valid: 74 [ 104/104]  Loss: 1.523 (1.38)  Acc@1: 56.2500 (61.8300)  Acc@5: 87.5000 (88.3900)
2024-11-17 14:21:32,441 -                train: [    INFO] - valid_acc 61.830002 - best_valid_acc 64.170002
2024-11-17 14:21:32,829 -                train: [    INFO] - Train: 75 [   0/520]  Loss: 1.701 (1.70)  Acc@1: 67.7083 (67.7083)  Acc@5: 87.5000 (87.5000)LR: 2.405e-02
2024-11-17 14:21:49,265 -                train: [    INFO] - Train: 75 [ 200/520]  Loss: 1.963 (1.76)  Acc@1: 62.5000 (63.8837)  Acc@5: 87.5000 (89.6041)LR: 2.405e-02
2024-11-17 14:22:05,812 -                train: [    INFO] - Train: 75 [ 400/520]  Loss: 1.714 (1.81)  Acc@1: 64.5833 (62.7909)  Acc@5: 89.5833 (89.1080)LR: 2.405e-02
2024-11-17 14:22:15,752 -                train: [    INFO] - Train: 75 [ 520/520]  Loss: 1.970 (1.82)  Acc@1: 61.2500 (62.7420)  Acc@5: 85.0000 (88.9880)LR: 2.405e-02
2024-11-17 14:22:16,160 -                train: [    INFO] - Valid: 75 [   0/104]  Loss: 1.370 (1.37)  Acc@1: 62.5000 (62.5000)  Acc@5: 87.5000 (87.5000)
2024-11-17 14:22:17,910 -                train: [    INFO] - Valid: 75 [ 104/104]  Loss: 1.401 (1.36)  Acc@1: 68.7500 (62.6600)  Acc@5: 87.5000 (88.4100)
2024-11-17 14:22:17,964 -                train: [    INFO] - valid_acc 62.660001 - best_valid_acc 64.170002
2024-11-17 14:22:18,382 -                train: [    INFO] - Train: 76 [   0/520]  Loss: 1.549 (1.55)  Acc@1: 69.7917 (69.7917)  Acc@5: 88.5417 (88.5417)LR: 2.402e-02
2024-11-17 14:22:34,524 -                train: [    INFO] - Train: 76 [ 200/520]  Loss: 1.999 (1.76)  Acc@1: 57.2917 (64.2672)  Acc@5: 86.4583 (89.5108)LR: 2.402e-02
2024-11-17 14:22:50,996 -                train: [    INFO] - Train: 76 [ 400/520]  Loss: 1.987 (1.79)  Acc@1: 60.4167 (63.4274)  Acc@5: 82.2917 (89.2249)LR: 2.402e-02
2024-11-17 14:23:00,885 -                train: [    INFO] - Train: 76 [ 520/520]  Loss: 1.859 (1.81)  Acc@1: 62.5000 (62.9720)  Acc@5: 88.7500 (89.0080)LR: 2.402e-02
2024-11-17 14:23:01,320 -                train: [    INFO] - Valid: 76 [   0/104]  Loss: 1.498 (1.50)  Acc@1: 63.5417 (63.5417)  Acc@5: 86.4583 (86.4583)
2024-11-17 14:23:03,116 -                train: [    INFO] - Valid: 76 [ 104/104]  Loss: 1.525 (1.29)  Acc@1: 62.5000 (64.0200)  Acc@5: 75.0000 (89.3600)
2024-11-17 14:23:03,169 -                train: [    INFO] - valid_acc 64.020002 - best_valid_acc 64.170002
2024-11-17 14:23:03,625 -                train: [    INFO] - Train: 77 [   0/520]  Loss: 1.338 (1.34)  Acc@1: 70.8333 (70.8333)  Acc@5: 93.7500 (93.7500)LR: 2.400e-02
2024-11-17 14:23:20,268 -                train: [    INFO] - Train: 77 [ 200/520]  Loss: 1.379 (1.78)  Acc@1: 70.8333 (63.5624)  Acc@5: 97.9167 (89.2257)LR: 2.400e-02
2024-11-17 14:23:37,118 -                train: [    INFO] - Train: 77 [ 400/520]  Loss: 2.029 (1.79)  Acc@1: 55.2083 (63.4196)  Acc@5: 90.6250 (89.1703)LR: 2.400e-02
2024-11-17 14:23:47,353 -                train: [    INFO] - Train: 77 [ 520/520]  Loss: 2.405 (1.81)  Acc@1: 47.5000 (63.1020)  Acc@5: 85.0000 (88.9740)LR: 2.400e-02
2024-11-17 14:23:47,746 -                train: [    INFO] - Valid: 77 [   0/104]  Loss: 1.534 (1.53)  Acc@1: 60.4167 (60.4167)  Acc@5: 84.3750 (84.3750)
2024-11-17 14:23:49,484 -                train: [    INFO] - Valid: 77 [ 104/104]  Loss: 1.680 (1.31)  Acc@1: 68.7500 (63.1500)  Acc@5: 81.2500 (89.2000)
2024-11-17 14:23:49,535 -                train: [    INFO] - valid_acc 63.150002 - best_valid_acc 64.170002
2024-11-17 14:23:49,943 -                train: [    INFO] - Train: 78 [   0/520]  Loss: 1.761 (1.76)  Acc@1: 61.4583 (61.4583)  Acc@5: 87.5000 (87.5000)LR: 2.397e-02
2024-11-17 14:24:06,790 -                train: [    INFO] - Train: 78 [ 200/520]  Loss: 1.489 (1.75)  Acc@1: 68.7500 (64.1480)  Acc@5: 94.7917 (89.9876)LR: 2.397e-02
2024-11-17 14:24:23,714 -                train: [    INFO] - Train: 78 [ 400/520]  Loss: 1.502 (1.79)  Acc@1: 64.5833 (63.1286)  Acc@5: 89.5833 (89.1651)LR: 2.397e-02
2024-11-17 14:24:33,811 -                train: [    INFO] - Train: 78 [ 520/520]  Loss: 2.072 (1.81)  Acc@1: 60.0000 (62.9720)  Acc@5: 86.2500 (89.0420)LR: 2.397e-02
2024-11-17 14:24:34,214 -                train: [    INFO] - Valid: 78 [   0/104]  Loss: 1.664 (1.66)  Acc@1: 59.3750 (59.3750)  Acc@5: 84.3750 (84.3750)
2024-11-17 14:24:36,027 -                train: [    INFO] - Valid: 78 [ 104/104]  Loss: 1.629 (1.53)  Acc@1: 62.5000 (59.5600)  Acc@5: 87.5000 (87.0100)
2024-11-17 14:24:36,078 -                train: [    INFO] - valid_acc 59.560001 - best_valid_acc 64.170002
2024-11-17 14:24:36,546 -                train: [    INFO] - Train: 79 [   0/520]  Loss: 1.896 (1.90)  Acc@1: 61.4583 (61.4583)  Acc@5: 91.6667 (91.6667)LR: 2.395e-02
2024-11-17 14:24:53,109 -                train: [    INFO] - Train: 79 [ 200/520]  Loss: 1.656 (1.78)  Acc@1: 71.8750 (63.7023)  Acc@5: 86.4583 (89.3242)LR: 2.395e-02
2024-11-17 14:25:09,993 -                train: [    INFO] - Train: 79 [ 400/520]  Loss: 1.618 (1.80)  Acc@1: 67.7083 (63.4092)  Acc@5: 90.6250 (89.1521)LR: 2.395e-02
2024-11-17 14:25:20,006 -                train: [    INFO] - Train: 79 [ 520/520]  Loss: 1.796 (1.81)  Acc@1: 63.7500 (63.0840)  Acc@5: 88.7500 (88.9140)LR: 2.395e-02
2024-11-17 14:25:20,424 -                train: [    INFO] - Valid: 79 [   0/104]  Loss: 1.601 (1.60)  Acc@1: 60.4167 (60.4167)  Acc@5: 85.4167 (85.4167)
2024-11-17 14:25:22,220 -                train: [    INFO] - Valid: 79 [ 104/104]  Loss: 2.155 (1.45)  Acc@1: 62.5000 (59.9300)  Acc@5: 75.0000 (88.2000)
2024-11-17 14:25:22,269 -                train: [    INFO] - valid_acc 59.930002 - best_valid_acc 64.170002
2024-11-17 14:25:22,677 -                train: [    INFO] - Train: 80 [   0/520]  Loss: 1.512 (1.51)  Acc@1: 71.8750 (71.8750)  Acc@5: 90.6250 (90.6250)LR: 2.392e-02
2024-11-17 14:25:38,865 -                train: [    INFO] - Train: 80 [ 200/520]  Loss: 1.628 (1.75)  Acc@1: 63.5417 (64.2154)  Acc@5: 89.5833 (89.6870)LR: 2.392e-02
2024-11-17 14:25:55,478 -                train: [    INFO] - Train: 80 [ 400/520]  Loss: 1.703 (1.80)  Acc@1: 61.4583 (63.3858)  Acc@5: 92.7083 (89.3184)LR: 2.392e-02
2024-11-17 14:26:05,335 -                train: [    INFO] - Train: 80 [ 520/520]  Loss: 1.775 (1.80)  Acc@1: 62.5000 (63.2900)  Acc@5: 88.7500 (89.1940)LR: 2.392e-02
2024-11-17 14:26:05,789 -                train: [    INFO] - Valid: 80 [   0/104]  Loss: 1.490 (1.49)  Acc@1: 60.4167 (60.4167)  Acc@5: 84.3750 (84.3750)
2024-11-17 14:26:07,613 -                train: [    INFO] - Valid: 80 [ 104/104]  Loss: 1.574 (1.40)  Acc@1: 68.7500 (61.4000)  Acc@5: 87.5000 (88.8900)
2024-11-17 14:26:07,665 -                train: [    INFO] - valid_acc 61.400001 - best_valid_acc 64.170002
2024-11-17 14:26:08,105 -                train: [    INFO] - Train: 81 [   0/520]  Loss: 1.967 (1.97)  Acc@1: 58.3333 (58.3333)  Acc@5: 87.5000 (87.5000)LR: 2.389e-02
2024-11-17 14:26:24,716 -                train: [    INFO] - Train: 81 [ 200/520]  Loss: 2.156 (1.79)  Acc@1: 57.2917 (63.6609)  Acc@5: 85.4167 (89.1791)LR: 2.389e-02
2024-11-17 14:26:41,633 -                train: [    INFO] - Train: 81 [ 400/520]  Loss: 1.895 (1.80)  Acc@1: 63.5417 (63.3468)  Acc@5: 90.6250 (89.1028)LR: 2.389e-02
2024-11-17 14:26:51,810 -                train: [    INFO] - Train: 81 [ 520/520]  Loss: 2.229 (1.81)  Acc@1: 53.7500 (63.1580)  Acc@5: 85.0000 (89.0440)LR: 2.389e-02
2024-11-17 14:26:52,204 -                train: [    INFO] - Valid: 81 [   0/104]  Loss: 1.593 (1.59)  Acc@1: 56.2500 (56.2500)  Acc@5: 86.4583 (86.4583)
2024-11-17 14:26:54,021 -                train: [    INFO] - Valid: 81 [ 104/104]  Loss: 1.035 (1.37)  Acc@1: 68.7500 (62.4400)  Acc@5: 87.5000 (88.5300)
2024-11-17 14:26:54,072 -                train: [    INFO] - valid_acc 62.440002 - best_valid_acc 64.170002
2024-11-17 14:26:54,483 -                train: [    INFO] - Train: 82 [   0/520]  Loss: 1.670 (1.67)  Acc@1: 65.6250 (65.6250)  Acc@5: 93.7500 (93.7500)LR: 2.387e-02
2024-11-17 14:27:11,420 -                train: [    INFO] - Train: 82 [ 200/520]  Loss: 1.686 (1.76)  Acc@1: 75.0000 (63.4950)  Acc@5: 91.6667 (89.5782)LR: 2.387e-02
2024-11-17 14:27:27,892 -                train: [    INFO] - Train: 82 [ 400/520]  Loss: 1.993 (1.79)  Acc@1: 63.5417 (63.1234)  Acc@5: 84.3750 (89.3703)LR: 2.387e-02
2024-11-17 14:27:37,825 -                train: [    INFO] - Train: 82 [ 520/520]  Loss: 1.404 (1.80)  Acc@1: 72.5000 (62.8540)  Acc@5: 91.2500 (89.2280)LR: 2.387e-02
2024-11-17 14:27:38,209 -                train: [    INFO] - Valid: 82 [   0/104]  Loss: 1.240 (1.24)  Acc@1: 61.4583 (61.4583)  Acc@5: 90.6250 (90.6250)
2024-11-17 14:27:40,053 -                train: [    INFO] - Valid: 82 [ 104/104]  Loss: 1.371 (1.38)  Acc@1: 68.7500 (62.4500)  Acc@5: 81.2500 (88.2400)
2024-11-17 14:27:40,113 -                train: [    INFO] - valid_acc 62.450002 - best_valid_acc 64.170002
2024-11-17 14:27:40,549 -                train: [    INFO] - Train: 83 [   0/520]  Loss: 1.941 (1.94)  Acc@1: 59.3750 (59.3750)  Acc@5: 87.5000 (87.5000)LR: 2.384e-02
2024-11-17 14:27:56,906 -                train: [    INFO] - Train: 83 [ 200/520]  Loss: 1.920 (1.76)  Acc@1: 62.5000 (64.0340)  Acc@5: 84.3750 (89.5522)LR: 2.384e-02
2024-11-17 14:28:14,012 -                train: [    INFO] - Train: 83 [ 400/520]  Loss: 1.802 (1.78)  Acc@1: 53.1250 (63.5469)  Acc@5: 93.7500 (89.3469)LR: 2.384e-02
2024-11-17 14:28:24,117 -                train: [    INFO] - Train: 83 [ 520/520]  Loss: 1.943 (1.80)  Acc@1: 62.5000 (63.1920)  Acc@5: 83.7500 (89.2280)LR: 2.384e-02
2024-11-17 14:28:24,531 -                train: [    INFO] - Valid: 83 [   0/104]  Loss: 1.367 (1.37)  Acc@1: 70.8333 (70.8333)  Acc@5: 87.5000 (87.5000)
2024-11-17 14:28:26,330 -                train: [    INFO] - Valid: 83 [ 104/104]  Loss: 1.278 (1.30)  Acc@1: 75.0000 (64.1600)  Acc@5: 81.2500 (89.1000)
2024-11-17 14:28:26,384 -                train: [    INFO] - valid_acc 64.160002 - best_valid_acc 64.170002
2024-11-17 14:28:26,815 -                train: [    INFO] - Train: 84 [   0/520]  Loss: 1.728 (1.73)  Acc@1: 65.6250 (65.6250)  Acc@5: 89.5833 (89.5833)LR: 2.381e-02
2024-11-17 14:28:43,119 -                train: [    INFO] - Train: 84 [ 200/520]  Loss: 1.553 (1.74)  Acc@1: 63.5417 (64.1480)  Acc@5: 92.7083 (89.6818)LR: 2.381e-02
2024-11-17 14:28:59,692 -                train: [    INFO] - Train: 84 [ 400/520]  Loss: 1.916 (1.79)  Acc@1: 63.5417 (63.3468)  Acc@5: 90.6250 (89.2456)LR: 2.381e-02
2024-11-17 14:29:09,756 -                train: [    INFO] - Train: 84 [ 520/520]  Loss: 1.424 (1.80)  Acc@1: 72.5000 (63.2380)  Acc@5: 95.0000 (89.1660)LR: 2.381e-02
2024-11-17 14:29:10,124 -                train: [    INFO] - Valid: 84 [   0/104]  Loss: 1.250 (1.25)  Acc@1: 65.6250 (65.6250)  Acc@5: 88.5417 (88.5417)
2024-11-17 14:29:11,879 -                train: [    INFO] - Valid: 84 [ 104/104]  Loss: 1.175 (1.34)  Acc@1: 81.2500 (62.8500)  Acc@5: 81.2500 (89.3400)
2024-11-17 14:29:11,933 -                train: [    INFO] - valid_acc 62.850002 - best_valid_acc 64.170002
2024-11-17 14:29:12,371 -                train: [    INFO] - Train: 85 [   0/520]  Loss: 1.676 (1.68)  Acc@1: 65.6250 (65.6250)  Acc@5: 92.7083 (92.7083)LR: 2.378e-02
2024-11-17 14:29:28,877 -                train: [    INFO] - Train: 85 [ 200/520]  Loss: 1.887 (1.76)  Acc@1: 63.5417 (64.1117)  Acc@5: 85.4167 (89.5211)LR: 2.378e-02
2024-11-17 14:29:45,316 -                train: [    INFO] - Train: 85 [ 400/520]  Loss: 2.068 (1.80)  Acc@1: 61.4583 (63.3183)  Acc@5: 86.4583 (89.0690)LR: 2.378e-02
2024-11-17 14:29:55,141 -                train: [    INFO] - Train: 85 [ 520/520]  Loss: 1.642 (1.79)  Acc@1: 66.2500 (63.3160)  Acc@5: 91.2500 (89.1500)LR: 2.378e-02
2024-11-17 14:29:55,596 -                train: [    INFO] - Valid: 85 [   0/104]  Loss: 1.391 (1.39)  Acc@1: 63.5417 (63.5417)  Acc@5: 83.3333 (83.3333)
2024-11-17 14:29:57,326 -                train: [    INFO] - Valid: 85 [ 104/104]  Loss: 1.491 (1.34)  Acc@1: 75.0000 (63.1100)  Acc@5: 81.2500 (88.7600)
2024-11-17 14:29:57,376 -                train: [    INFO] - valid_acc 63.110002 - best_valid_acc 64.170002
2024-11-17 14:29:57,777 -                train: [    INFO] - Train: 86 [   0/520]  Loss: 1.546 (1.55)  Acc@1: 65.6250 (65.6250)  Acc@5: 91.6667 (91.6667)LR: 2.375e-02
2024-11-17 14:30:14,329 -                train: [    INFO] - Train: 86 [ 200/520]  Loss: 1.804 (1.75)  Acc@1: 65.6250 (64.0185)  Acc@5: 88.5417 (89.7855)LR: 2.375e-02
2024-11-17 14:30:30,958 -                train: [    INFO] - Train: 86 [ 400/520]  Loss: 1.786 (1.76)  Acc@1: 63.5417 (63.7027)  Acc@5: 89.5833 (89.6275)LR: 2.375e-02
2024-11-17 14:30:41,025 -                train: [    INFO] - Train: 86 [ 520/520]  Loss: 1.747 (1.78)  Acc@1: 60.0000 (63.5040)  Acc@5: 93.7500 (89.4560)LR: 2.375e-02
2024-11-17 14:30:41,443 -                train: [    INFO] - Valid: 86 [   0/104]  Loss: 1.184 (1.18)  Acc@1: 67.7083 (67.7083)  Acc@5: 88.5417 (88.5417)
2024-11-17 14:30:43,173 -                train: [    INFO] - Valid: 86 [ 104/104]  Loss: 1.214 (1.29)  Acc@1: 81.2500 (63.3000)  Acc@5: 81.2500 (89.6400)
2024-11-17 14:30:43,227 -                train: [    INFO] - valid_acc 63.300002 - best_valid_acc 64.170002
2024-11-17 14:30:43,625 -                train: [    INFO] - Train: 87 [   0/520]  Loss: 2.022 (2.02)  Acc@1: 60.4167 (60.4167)  Acc@5: 85.4167 (85.4167)LR: 2.373e-02
2024-11-17 14:31:00,536 -                train: [    INFO] - Train: 87 [ 200/520]  Loss: 1.657 (1.75)  Acc@1: 65.6250 (64.1273)  Acc@5: 88.5417 (89.6455)LR: 2.373e-02
2024-11-17 14:31:17,533 -                train: [    INFO] - Train: 87 [ 400/520]  Loss: 1.758 (1.78)  Acc@1: 63.5417 (63.3988)  Acc@5: 87.5000 (89.3443)LR: 2.373e-02
2024-11-17 14:31:27,473 -                train: [    INFO] - Train: 87 [ 520/520]  Loss: 1.552 (1.79)  Acc@1: 67.5000 (63.1820)  Acc@5: 93.7500 (89.2500)LR: 2.373e-02
2024-11-17 14:31:27,891 -                train: [    INFO] - Valid: 87 [   0/104]  Loss: 1.435 (1.43)  Acc@1: 62.5000 (62.5000)  Acc@5: 84.3750 (84.3750)
2024-11-17 14:31:29,623 -                train: [    INFO] - Valid: 87 [ 104/104]  Loss: 1.146 (1.31)  Acc@1: 50.0000 (62.7500)  Acc@5: 93.7500 (88.9700)
2024-11-17 14:31:29,673 -                train: [    INFO] - valid_acc 62.750002 - best_valid_acc 64.170002
2024-11-17 14:31:30,070 -                train: [    INFO] - Train: 88 [   0/520]  Loss: 1.640 (1.64)  Acc@1: 64.5833 (64.5833)  Acc@5: 88.5417 (88.5417)LR: 2.370e-02
2024-11-17 14:31:46,079 -                train: [    INFO] - Train: 88 [ 200/520]  Loss: 1.744 (1.73)  Acc@1: 61.4583 (64.1066)  Acc@5: 90.6250 (89.6611)LR: 2.370e-02
2024-11-17 14:32:02,386 -                train: [    INFO] - Train: 88 [ 400/520]  Loss: 2.012 (1.77)  Acc@1: 62.5000 (63.5676)  Acc@5: 86.4583 (89.3495)LR: 2.370e-02
2024-11-17 14:32:12,438 -                train: [    INFO] - Train: 88 [ 520/520]  Loss: 1.532 (1.78)  Acc@1: 75.0000 (63.3820)  Acc@5: 92.5000 (89.2380)LR: 2.370e-02
2024-11-17 14:32:12,814 -                train: [    INFO] - Valid: 88 [   0/104]  Loss: 1.301 (1.30)  Acc@1: 64.5833 (64.5833)  Acc@5: 89.5833 (89.5833)
2024-11-17 14:32:14,539 -                train: [    INFO] - Valid: 88 [ 104/104]  Loss: 1.181 (1.33)  Acc@1: 68.7500 (63.1900)  Acc@5: 93.7500 (89.0500)
2024-11-17 14:32:14,589 -                train: [    INFO] - valid_acc 63.190002 - best_valid_acc 64.170002
2024-11-17 14:32:14,982 -                train: [    INFO] - Train: 89 [   0/520]  Loss: 1.643 (1.64)  Acc@1: 68.7500 (68.7500)  Acc@5: 89.5833 (89.5833)LR: 2.367e-02
2024-11-17 14:32:31,393 -                train: [    INFO] - Train: 89 [ 200/520]  Loss: 1.692 (1.74)  Acc@1: 68.7500 (64.2206)  Acc@5: 90.6250 (89.9668)LR: 2.367e-02
2024-11-17 14:32:47,997 -                train: [    INFO] - Train: 89 [ 400/520]  Loss: 1.742 (1.77)  Acc@1: 57.2917 (63.6741)  Acc@5: 88.5417 (89.6561)LR: 2.367e-02
2024-11-17 14:32:58,010 -                train: [    INFO] - Train: 89 [ 520/520]  Loss: 1.808 (1.77)  Acc@1: 66.2500 (63.7880)  Acc@5: 83.7500 (89.5260)LR: 2.367e-02
2024-11-17 14:32:58,408 -                train: [    INFO] - Valid: 89 [   0/104]  Loss: 1.297 (1.30)  Acc@1: 67.7083 (67.7083)  Acc@5: 91.6667 (91.6667)
2024-11-17 14:33:00,238 -                train: [    INFO] - Valid: 89 [ 104/104]  Loss: 1.468 (1.40)  Acc@1: 62.5000 (62.6600)  Acc@5: 87.5000 (88.3900)
2024-11-17 14:33:00,290 -                train: [    INFO] - valid_acc 62.660002 - best_valid_acc 64.170002
2024-11-17 14:33:00,714 -                train: [    INFO] - Train: 90 [   0/520]  Loss: 2.120 (2.12)  Acc@1: 54.1667 (54.1667)  Acc@5: 87.5000 (87.5000)LR: 2.364e-02
2024-11-17 14:33:17,307 -                train: [    INFO] - Train: 90 [ 200/520]  Loss: 2.365 (1.77)  Acc@1: 54.1667 (63.5676)  Acc@5: 81.2500 (89.4486)LR: 2.364e-02
2024-11-17 14:33:33,902 -                train: [    INFO] - Train: 90 [ 400/520]  Loss: 1.608 (1.78)  Acc@1: 65.6250 (63.4014)  Acc@5: 93.7500 (89.4015)LR: 2.364e-02
2024-11-17 14:33:43,918 -                train: [    INFO] - Train: 90 [ 520/520]  Loss: 1.731 (1.78)  Acc@1: 65.0000 (63.3780)  Acc@5: 91.2500 (89.3040)LR: 2.364e-02
2024-11-17 14:33:44,326 -                train: [    INFO] - Valid: 90 [   0/104]  Loss: 1.289 (1.29)  Acc@1: 66.6667 (66.6667)  Acc@5: 90.6250 (90.6250)
2024-11-17 14:33:46,094 -                train: [    INFO] - Valid: 90 [ 104/104]  Loss: 1.284 (1.37)  Acc@1: 62.5000 (62.3600)  Acc@5: 93.7500 (88.8200)
2024-11-17 14:33:46,144 -                train: [    INFO] - valid_acc 62.360002 - best_valid_acc 64.170002
2024-11-17 14:33:46,583 -                train: [    INFO] - Train: 91 [   0/520]  Loss: 1.755 (1.75)  Acc@1: 60.4167 (60.4167)  Acc@5: 90.6250 (90.6250)LR: 2.361e-02
2024-11-17 14:34:03,212 -                train: [    INFO] - Train: 91 [ 200/520]  Loss: 1.182 (1.74)  Acc@1: 72.9167 (64.1947)  Acc@5: 93.7500 (89.7803)LR: 2.361e-02
2024-11-17 14:34:19,989 -                train: [    INFO] - Train: 91 [ 400/520]  Loss: 2.068 (1.76)  Acc@1: 59.3750 (63.9001)  Acc@5: 87.5000 (89.6379)LR: 2.361e-02
2024-11-17 14:34:30,087 -                train: [    INFO] - Train: 91 [ 520/520]  Loss: 1.980 (1.76)  Acc@1: 58.7500 (63.7480)  Acc@5: 88.7500 (89.5680)LR: 2.361e-02
2024-11-17 14:34:30,552 -                train: [    INFO] - Valid: 91 [   0/104]  Loss: 1.165 (1.17)  Acc@1: 67.7083 (67.7083)  Acc@5: 92.7083 (92.7083)
2024-11-17 14:34:32,306 -                train: [    INFO] - Valid: 91 [ 104/104]  Loss: 1.641 (1.22)  Acc@1: 50.0000 (65.4600)  Acc@5: 87.5000 (90.3200)
2024-11-17 14:34:32,413 -                train: [    INFO] - valid_acc 65.460002 - best_valid_acc 65.460002
2024-11-17 14:34:32,901 -                train: [    INFO] - Train: 92 [   0/520]  Loss: 1.810 (1.81)  Acc@1: 61.4583 (61.4583)  Acc@5: 88.5417 (88.5417)LR: 2.358e-02
2024-11-17 14:34:49,127 -                train: [    INFO] - Train: 92 [ 200/520]  Loss: 1.842 (1.77)  Acc@1: 66.6667 (63.2307)  Acc@5: 84.3750 (89.3398)LR: 2.358e-02
2024-11-17 14:35:05,717 -                train: [    INFO] - Train: 92 [ 400/520]  Loss: 1.622 (1.78)  Acc@1: 61.4583 (63.3287)  Acc@5: 94.7917 (89.3080)LR: 2.358e-02
2024-11-17 14:35:15,653 -                train: [    INFO] - Train: 92 [ 520/520]  Loss: 1.697 (1.78)  Acc@1: 67.5000 (63.2600)  Acc@5: 91.2500 (89.3940)LR: 2.358e-02
2024-11-17 14:35:16,050 -                train: [    INFO] - Valid: 92 [   0/104]  Loss: 1.315 (1.31)  Acc@1: 62.5000 (62.5000)  Acc@5: 87.5000 (87.5000)
2024-11-17 14:35:17,785 -                train: [    INFO] - Valid: 92 [ 104/104]  Loss: 1.524 (1.43)  Acc@1: 56.2500 (61.3000)  Acc@5: 81.2500 (88.1700)
2024-11-17 14:35:17,839 -                train: [    INFO] - valid_acc 61.300001 - best_valid_acc 65.460002
2024-11-17 14:35:18,252 -                train: [    INFO] - Train: 93 [   0/520]  Loss: 1.938 (1.94)  Acc@1: 60.4167 (60.4167)  Acc@5: 90.6250 (90.6250)LR: 2.355e-02
2024-11-17 14:35:34,942 -                train: [    INFO] - Train: 93 [ 200/520]  Loss: 1.825 (1.73)  Acc@1: 67.7083 (64.4693)  Acc@5: 89.5833 (89.6663)LR: 2.355e-02
2024-11-17 14:35:51,525 -                train: [    INFO] - Train: 93 [ 400/520]  Loss: 1.767 (1.76)  Acc@1: 60.4167 (63.7651)  Acc@5: 91.6667 (89.5781)LR: 2.355e-02
2024-11-17 14:36:01,480 -                train: [    INFO] - Train: 93 [ 520/520]  Loss: 1.653 (1.77)  Acc@1: 68.7500 (63.5900)  Acc@5: 90.0000 (89.3160)LR: 2.355e-02
2024-11-17 14:36:01,903 -                train: [    INFO] - Valid: 93 [   0/104]  Loss: 1.189 (1.19)  Acc@1: 69.7917 (69.7917)  Acc@5: 90.6250 (90.6250)
2024-11-17 14:36:03,671 -                train: [    INFO] - Valid: 93 [ 104/104]  Loss: 1.178 (1.23)  Acc@1: 68.7500 (65.3400)  Acc@5: 87.5000 (90.3600)
2024-11-17 14:36:03,720 -                train: [    INFO] - valid_acc 65.340002 - best_valid_acc 65.460002
2024-11-17 14:36:04,183 -                train: [    INFO] - Train: 94 [   0/520]  Loss: 1.634 (1.63)  Acc@1: 68.7500 (68.7500)  Acc@5: 91.6667 (91.6667)LR: 2.352e-02
2024-11-17 14:36:20,652 -                train: [    INFO] - Train: 94 [ 200/520]  Loss: 1.727 (1.73)  Acc@1: 69.7917 (64.3916)  Acc@5: 85.4167 (90.1223)LR: 2.352e-02
2024-11-17 14:36:37,170 -                train: [    INFO] - Train: 94 [ 400/520]  Loss: 2.139 (1.77)  Acc@1: 60.4167 (63.7729)  Acc@5: 80.2083 (89.6015)LR: 2.352e-02
2024-11-17 14:36:47,339 -                train: [    INFO] - Train: 94 [ 520/520]  Loss: 1.988 (1.77)  Acc@1: 58.7500 (63.7920)  Acc@5: 92.5000 (89.5640)LR: 2.352e-02
2024-11-17 14:36:47,703 -                train: [    INFO] - Valid: 94 [   0/104]  Loss: 1.234 (1.23)  Acc@1: 68.7500 (68.7500)  Acc@5: 88.5417 (88.5417)
2024-11-17 14:36:49,433 -                train: [    INFO] - Valid: 94 [ 104/104]  Loss: 0.8767 (1.25)  Acc@1: 75.0000 (64.8500)  Acc@5: 100.0000 (89.9000)
2024-11-17 14:36:49,482 -                train: [    INFO] - valid_acc 64.850002 - best_valid_acc 65.460002
2024-11-17 14:36:49,904 -                train: [    INFO] - Train: 95 [   0/520]  Loss: 1.707 (1.71)  Acc@1: 64.5833 (64.5833)  Acc@5: 91.6667 (91.6667)LR: 2.349e-02
2024-11-17 14:37:06,423 -                train: [    INFO] - Train: 95 [ 200/520]  Loss: 1.416 (1.74)  Acc@1: 70.8333 (64.2983)  Acc@5: 91.6667 (89.5937)LR: 2.349e-02
2024-11-17 14:37:23,152 -                train: [    INFO] - Train: 95 [ 400/520]  Loss: 1.586 (1.76)  Acc@1: 68.7500 (64.0638)  Acc@5: 91.6667 (89.5522)LR: 2.349e-02
2024-11-17 14:37:33,178 -                train: [    INFO] - Train: 95 [ 520/520]  Loss: 1.795 (1.77)  Acc@1: 61.2500 (63.6900)  Acc@5: 91.2500 (89.4160)LR: 2.349e-02
2024-11-17 14:37:33,607 -                train: [    INFO] - Valid: 95 [   0/104]  Loss: 1.336 (1.34)  Acc@1: 66.6667 (66.6667)  Acc@5: 87.5000 (87.5000)
2024-11-17 14:37:35,404 -                train: [    INFO] - Valid: 95 [ 104/104]  Loss: 1.161 (1.36)  Acc@1: 75.0000 (62.7200)  Acc@5: 81.2500 (88.6900)
2024-11-17 14:37:35,454 -                train: [    INFO] - valid_acc 62.720002 - best_valid_acc 65.460002
2024-11-17 14:37:35,907 -                train: [    INFO] - Train: 96 [   0/520]  Loss: 1.551 (1.55)  Acc@1: 61.4583 (61.4583)  Acc@5: 95.8333 (95.8333)LR: 2.345e-02
2024-11-17 14:37:52,308 -                train: [    INFO] - Train: 96 [ 200/520]  Loss: 1.608 (1.72)  Acc@1: 72.9167 (64.6092)  Acc@5: 90.6250 (90.1119)LR: 2.345e-02
2024-11-17 14:38:08,710 -                train: [    INFO] - Train: 96 [ 400/520]  Loss: 1.650 (1.75)  Acc@1: 68.7500 (63.9547)  Acc@5: 90.6250 (89.5392)LR: 2.345e-02
2024-11-17 14:38:18,466 -                train: [    INFO] - Train: 96 [ 520/520]  Loss: 1.802 (1.77)  Acc@1: 63.7500 (63.6800)  Acc@5: 90.0000 (89.3940)LR: 2.345e-02
2024-11-17 14:38:18,844 -                train: [    INFO] - Valid: 96 [   0/104]  Loss: 1.303 (1.30)  Acc@1: 62.5000 (62.5000)  Acc@5: 88.5417 (88.5417)
2024-11-17 14:38:20,608 -                train: [    INFO] - Valid: 96 [ 104/104]  Loss: 1.451 (1.31)  Acc@1: 68.7500 (64.3200)  Acc@5: 87.5000 (89.5600)
2024-11-17 14:38:20,660 -                train: [    INFO] - valid_acc 64.320002 - best_valid_acc 65.460002
2024-11-17 14:38:21,062 -                train: [    INFO] - Train: 97 [   0/520]  Loss: 1.768 (1.77)  Acc@1: 68.7500 (68.7500)  Acc@5: 87.5000 (87.5000)LR: 2.342e-02
2024-11-17 14:38:37,556 -                train: [    INFO] - Train: 97 [ 200/520]  Loss: 2.092 (1.71)  Acc@1: 55.2083 (64.8736)  Acc@5: 89.5833 (90.0549)LR: 2.342e-02
2024-11-17 14:38:54,256 -                train: [    INFO] - Train: 97 [ 400/520]  Loss: 1.838 (1.75)  Acc@1: 66.6667 (63.9417)  Acc@5: 90.6250 (89.7392)LR: 2.342e-02
2024-11-17 14:39:04,304 -                train: [    INFO] - Train: 97 [ 520/520]  Loss: 1.646 (1.75)  Acc@1: 68.7500 (63.9160)  Acc@5: 92.5000 (89.7020)LR: 2.342e-02
2024-11-17 14:39:04,699 -                train: [    INFO] - Valid: 97 [   0/104]  Loss: 1.314 (1.31)  Acc@1: 69.7917 (69.7917)  Acc@5: 89.5833 (89.5833)
2024-11-17 14:39:06,508 -                train: [    INFO] - Valid: 97 [ 104/104]  Loss: 1.057 (1.31)  Acc@1: 75.0000 (63.7400)  Acc@5: 93.7500 (89.8200)
2024-11-17 14:39:06,558 -                train: [    INFO] - valid_acc 63.740002 - best_valid_acc 65.460002
2024-11-17 14:39:06,982 -                train: [    INFO] - Train: 98 [   0/520]  Loss: 1.665 (1.67)  Acc@1: 68.7500 (68.7500)  Acc@5: 87.5000 (87.5000)LR: 2.339e-02
2024-11-17 14:39:23,682 -                train: [    INFO] - Train: 98 [ 200/520]  Loss: 1.523 (1.74)  Acc@1: 62.5000 (64.1221)  Acc@5: 93.7500 (89.8269)LR: 2.339e-02
2024-11-17 14:39:40,912 -                train: [    INFO] - Train: 98 [ 400/520]  Loss: 1.674 (1.75)  Acc@1: 63.5417 (63.8560)  Acc@5: 90.6250 (89.8379)LR: 2.339e-02
2024-11-17 14:39:50,992 -                train: [    INFO] - Train: 98 [ 520/520]  Loss: 2.248 (1.76)  Acc@1: 55.0000 (63.6200)  Acc@5: 85.0000 (89.7380)LR: 2.339e-02
2024-11-17 14:39:51,421 -                train: [    INFO] - Valid: 98 [   0/104]  Loss: 1.124 (1.12)  Acc@1: 67.7083 (67.7083)  Acc@5: 90.6250 (90.6250)
2024-11-17 14:39:53,155 -                train: [    INFO] - Valid: 98 [ 104/104]  Loss: 1.442 (1.29)  Acc@1: 62.5000 (64.3200)  Acc@5: 81.2500 (89.3500)
2024-11-17 14:39:53,209 -                train: [    INFO] - valid_acc 64.320002 - best_valid_acc 65.460002
2024-11-17 14:39:53,632 -                train: [    INFO] - Train: 99 [   0/520]  Loss: 1.511 (1.51)  Acc@1: 64.5833 (64.5833)  Acc@5: 91.6667 (91.6667)LR: 2.336e-02
2024-11-17 14:40:10,283 -                train: [    INFO] - Train: 99 [ 200/520]  Loss: 1.940 (1.71)  Acc@1: 59.3750 (64.2620)  Acc@5: 88.5417 (90.1327)LR: 2.336e-02
2024-11-17 14:40:27,051 -                train: [    INFO] - Train: 99 [ 400/520]  Loss: 1.617 (1.73)  Acc@1: 63.5417 (64.1209)  Acc@5: 91.6667 (89.9860)LR: 2.336e-02
2024-11-17 14:40:37,359 -                train: [    INFO] - Train: 99 [ 520/520]  Loss: 1.749 (1.75)  Acc@1: 61.2500 (63.8700)  Acc@5: 90.0000 (89.8600)LR: 2.336e-02
2024-11-17 14:40:37,711 -                train: [    INFO] - Valid: 99 [   0/104]  Loss: 1.261 (1.26)  Acc@1: 60.4167 (60.4167)  Acc@5: 89.5833 (89.5833)
2024-11-17 14:40:39,459 -                train: [    INFO] - Valid: 99 [ 104/104]  Loss: 1.576 (1.32)  Acc@1: 62.5000 (63.6400)  Acc@5: 81.2500 (88.9200)
2024-11-17 14:40:39,508 -                train: [    INFO] - valid_acc 63.640001 - best_valid_acc 65.460002
2024-11-17 14:40:39,905 -                train: [    INFO] - Train: 100 [   0/520]  Loss: 1.555 (1.56)  Acc@1: 71.8750 (71.8750)  Acc@5: 89.5833 (89.5833)LR: 2.333e-02
2024-11-17 14:40:56,301 -                train: [    INFO] - Train: 100 [ 200/520]  Loss: 1.553 (1.73)  Acc@1: 65.6250 (64.0806)  Acc@5: 92.7083 (90.0083)LR: 2.333e-02
2024-11-17 14:41:12,864 -                train: [    INFO] - Train: 100 [ 400/520]  Loss: 2.101 (1.75)  Acc@1: 63.5417 (63.8846)  Acc@5: 85.4167 (89.8041)LR: 2.333e-02
2024-11-17 14:41:22,497 -                train: [    INFO] - Train: 100 [ 520/520]  Loss: 1.976 (1.76)  Acc@1: 61.2500 (63.7580)  Acc@5: 82.5000 (89.5540)LR: 2.333e-02
2024-11-17 14:41:22,868 -                train: [    INFO] - Valid: 100 [   0/104]  Loss: 1.214 (1.21)  Acc@1: 65.6250 (65.6250)  Acc@5: 91.6667 (91.6667)
2024-11-17 14:41:24,613 -                train: [    INFO] - Valid: 100 [ 104/104]  Loss: 1.035 (1.30)  Acc@1: 68.7500 (63.4600)  Acc@5: 87.5000 (89.5100)
2024-11-17 14:41:24,667 -                train: [    INFO] - valid_acc 63.460002 - best_valid_acc 65.460002
2024-11-17 14:41:25,078 -                train: [    INFO] - Train: 101 [   0/520]  Loss: 1.426 (1.43)  Acc@1: 69.7917 (69.7917)  Acc@5: 92.7083 (92.7083)LR: 2.329e-02
2024-11-17 14:41:41,635 -                train: [    INFO] - Train: 101 [ 200/520]  Loss: 1.839 (1.71)  Acc@1: 59.3750 (64.8165)  Acc@5: 88.5417 (89.9617)LR: 2.329e-02
2024-11-17 14:41:58,541 -                train: [    INFO] - Train: 101 [ 400/520]  Loss: 1.915 (1.75)  Acc@1: 63.5417 (64.2742)  Acc@5: 87.5000 (89.4353)LR: 2.329e-02
2024-11-17 14:42:08,499 -                train: [    INFO] - Train: 101 [ 520/520]  Loss: 1.767 (1.76)  Acc@1: 63.7500 (64.2040)  Acc@5: 91.2500 (89.4320)LR: 2.329e-02
2024-11-17 14:42:08,885 -                train: [    INFO] - Valid: 101 [   0/104]  Loss: 1.363 (1.36)  Acc@1: 61.4583 (61.4583)  Acc@5: 88.5417 (88.5417)
2024-11-17 14:42:10,692 -                train: [    INFO] - Valid: 101 [ 104/104]  Loss: 1.304 (1.33)  Acc@1: 75.0000 (63.3500)  Acc@5: 81.2500 (89.3800)
2024-11-17 14:42:10,742 -                train: [    INFO] - valid_acc 63.350002 - best_valid_acc 65.460002
2024-11-17 14:42:11,151 -                train: [    INFO] - Train: 102 [   0/520]  Loss: 1.713 (1.71)  Acc@1: 63.5417 (63.5417)  Acc@5: 89.5833 (89.5833)LR: 2.326e-02
2024-11-17 14:42:27,567 -                train: [    INFO] - Train: 102 [ 200/520]  Loss: 2.134 (1.71)  Acc@1: 57.2917 (64.9409)  Acc@5: 85.4167 (90.1430)LR: 2.326e-02
2024-11-17 14:42:44,510 -                train: [    INFO] - Train: 102 [ 400/520]  Loss: 1.779 (1.75)  Acc@1: 63.5417 (63.8872)  Acc@5: 91.6667 (89.6769)LR: 2.326e-02
2024-11-17 14:42:54,584 -                train: [    INFO] - Train: 102 [ 520/520]  Loss: 1.543 (1.76)  Acc@1: 72.5000 (63.7720)  Acc@5: 92.5000 (89.6300)LR: 2.326e-02
2024-11-17 14:42:54,951 -                train: [    INFO] - Valid: 102 [   0/104]  Loss: 1.257 (1.26)  Acc@1: 62.5000 (62.5000)  Acc@5: 89.5833 (89.5833)
2024-11-17 14:42:56,682 -                train: [    INFO] - Valid: 102 [ 104/104]  Loss: 1.480 (1.35)  Acc@1: 62.5000 (63.2700)  Acc@5: 81.2500 (89.0900)
2024-11-17 14:42:56,735 -                train: [    INFO] - valid_acc 63.270002 - best_valid_acc 65.460002
2024-11-17 14:42:57,139 -                train: [    INFO] - Train: 103 [   0/520]  Loss: 1.388 (1.39)  Acc@1: 68.7500 (68.7500)  Acc@5: 92.7083 (92.7083)LR: 2.323e-02
2024-11-17 14:43:13,619 -                train: [    INFO] - Train: 103 [ 200/520]  Loss: 1.933 (1.74)  Acc@1: 68.7500 (64.2257)  Acc@5: 89.5833 (89.9617)LR: 2.323e-02
2024-11-17 14:43:30,370 -                train: [    INFO] - Train: 103 [ 400/520]  Loss: 1.513 (1.74)  Acc@1: 71.8750 (64.1833)  Acc@5: 90.6250 (89.7652)LR: 2.323e-02
2024-11-17 14:43:40,633 -                train: [    INFO] - Train: 103 [ 520/520]  Loss: 1.509 (1.76)  Acc@1: 66.2500 (63.8540)  Acc@5: 96.2500 (89.5720)LR: 2.323e-02
2024-11-17 14:43:41,031 -                train: [    INFO] - Valid: 103 [   0/104]  Loss: 1.421 (1.42)  Acc@1: 63.5417 (63.5417)  Acc@5: 87.5000 (87.5000)
2024-11-17 14:43:42,759 -                train: [    INFO] - Valid: 103 [ 104/104]  Loss: 1.328 (1.34)  Acc@1: 62.5000 (63.1200)  Acc@5: 81.2500 (88.8300)
2024-11-17 14:43:42,811 -                train: [    INFO] - valid_acc 63.120002 - best_valid_acc 65.460002
2024-11-17 14:43:43,237 -                train: [    INFO] - Train: 104 [   0/520]  Loss: 1.664 (1.66)  Acc@1: 68.7500 (68.7500)  Acc@5: 90.6250 (90.6250)LR: 2.319e-02
2024-11-17 14:43:59,623 -                train: [    INFO] - Train: 104 [ 200/520]  Loss: 1.690 (1.72)  Acc@1: 64.5833 (64.8425)  Acc@5: 89.5833 (90.0238)LR: 2.319e-02
2024-11-17 14:44:16,209 -                train: [    INFO] - Train: 104 [ 400/520]  Loss: 1.589 (1.76)  Acc@1: 67.7083 (64.1963)  Acc@5: 91.6667 (89.5937)LR: 2.319e-02
2024-11-17 14:44:25,873 -                train: [    INFO] - Train: 104 [ 520/520]  Loss: 1.960 (1.76)  Acc@1: 63.7500 (64.1720)  Acc@5: 83.7500 (89.5520)LR: 2.319e-02
2024-11-17 14:44:26,256 -                train: [    INFO] - Valid: 104 [   0/104]  Loss: 1.336 (1.34)  Acc@1: 60.4167 (60.4167)  Acc@5: 90.6250 (90.6250)
2024-11-17 14:44:28,033 -                train: [    INFO] - Valid: 104 [ 104/104]  Loss: 1.110 (1.28)  Acc@1: 75.0000 (64.5900)  Acc@5: 93.7500 (89.3900)
2024-11-17 14:44:28,084 -                train: [    INFO] - valid_acc 64.590002 - best_valid_acc 65.460002
2024-11-17 14:44:28,510 -                train: [    INFO] - Train: 105 [   0/520]  Loss: 1.869 (1.87)  Acc@1: 60.4167 (60.4167)  Acc@5: 88.5417 (88.5417)LR: 2.316e-02
2024-11-17 14:44:45,277 -                train: [    INFO] - Train: 105 [ 200/520]  Loss: 1.811 (1.73)  Acc@1: 62.5000 (64.5885)  Acc@5: 88.5417 (90.1119)LR: 2.316e-02
2024-11-17 14:45:02,008 -                train: [    INFO] - Train: 105 [ 400/520]  Loss: 1.456 (1.75)  Acc@1: 66.6667 (64.3288)  Acc@5: 93.7500 (89.8145)LR: 2.316e-02
2024-11-17 14:45:12,183 -                train: [    INFO] - Train: 105 [ 520/520]  Loss: 1.495 (1.76)  Acc@1: 67.5000 (64.1580)  Acc@5: 91.2500 (89.6880)LR: 2.316e-02
2024-11-17 14:45:12,600 -                train: [    INFO] - Valid: 105 [   0/104]  Loss: 1.239 (1.24)  Acc@1: 69.7917 (69.7917)  Acc@5: 90.6250 (90.6250)
2024-11-17 14:45:14,399 -                train: [    INFO] - Valid: 105 [ 104/104]  Loss: 1.276 (1.30)  Acc@1: 62.5000 (64.1400)  Acc@5: 81.2500 (89.4200)
2024-11-17 14:45:14,447 -                train: [    INFO] - valid_acc 64.140002 - best_valid_acc 65.460002
2024-11-17 14:45:14,850 -                train: [    INFO] - Train: 106 [   0/520]  Loss: 1.965 (1.96)  Acc@1: 59.3750 (59.3750)  Acc@5: 88.5417 (88.5417)LR: 2.312e-02
2024-11-17 14:45:31,331 -                train: [    INFO] - Train: 106 [ 200/520]  Loss: 1.910 (1.73)  Acc@1: 58.3333 (64.2620)  Acc@5: 89.5833 (90.0135)LR: 2.312e-02
2024-11-17 14:45:48,268 -                train: [    INFO] - Train: 106 [ 400/520]  Loss: 2.271 (1.72)  Acc@1: 48.9583 (64.4794)  Acc@5: 83.3333 (89.9574)LR: 2.312e-02
2024-11-17 14:45:58,525 -                train: [    INFO] - Train: 106 [ 520/520]  Loss: 1.502 (1.73)  Acc@1: 67.5000 (64.2420)  Acc@5: 93.7500 (89.8700)LR: 2.312e-02
2024-11-17 14:45:59,008 -                train: [    INFO] - Valid: 106 [   0/104]  Loss: 1.259 (1.26)  Acc@1: 69.7917 (69.7917)  Acc@5: 85.4167 (85.4167)
2024-11-17 14:46:00,772 -                train: [    INFO] - Valid: 106 [ 104/104]  Loss: 1.390 (1.35)  Acc@1: 68.7500 (62.9500)  Acc@5: 81.2500 (88.8200)
2024-11-17 14:46:00,823 -                train: [    INFO] - valid_acc 62.950002 - best_valid_acc 65.460002
2024-11-17 14:46:01,254 -                train: [    INFO] - Train: 107 [   0/520]  Loss: 1.589 (1.59)  Acc@1: 67.7083 (67.7083)  Acc@5: 93.7500 (93.7500)LR: 2.309e-02
2024-11-17 14:46:17,869 -                train: [    INFO] - Train: 107 [ 200/520]  Loss: 1.675 (1.72)  Acc@1: 64.5833 (64.0651)  Acc@5: 88.5417 (90.0342)LR: 2.309e-02
2024-11-17 14:46:34,833 -                train: [    INFO] - Train: 107 [ 400/520]  Loss: 1.798 (1.74)  Acc@1: 60.4167 (63.8014)  Acc@5: 86.4583 (89.6769)LR: 2.309e-02
2024-11-17 14:46:44,878 -                train: [    INFO] - Train: 107 [ 520/520]  Loss: 2.205 (1.76)  Acc@1: 52.5000 (63.6000)  Acc@5: 86.2500 (89.5600)LR: 2.309e-02
2024-11-17 14:46:45,339 -                train: [    INFO] - Valid: 107 [   0/104]  Loss: 1.196 (1.20)  Acc@1: 67.7083 (67.7083)  Acc@5: 88.5417 (88.5417)
2024-11-17 14:46:47,091 -                train: [    INFO] - Valid: 107 [ 104/104]  Loss: 1.208 (1.40)  Acc@1: 68.7500 (62.3900)  Acc@5: 87.5000 (88.6200)
2024-11-17 14:46:47,145 -                train: [    INFO] - valid_acc 62.390002 - best_valid_acc 65.460002
2024-11-17 14:46:47,560 -                train: [    INFO] - Train: 108 [   0/520]  Loss: 1.672 (1.67)  Acc@1: 68.7500 (68.7500)  Acc@5: 89.5833 (89.5833)LR: 2.305e-02
2024-11-17 14:47:04,128 -                train: [    INFO] - Train: 108 [ 200/520]  Loss: 1.759 (1.74)  Acc@1: 68.7500 (64.0444)  Acc@5: 87.5000 (89.8062)LR: 2.305e-02
2024-11-17 14:47:20,786 -                train: [    INFO] - Train: 108 [ 400/520]  Loss: 1.744 (1.75)  Acc@1: 64.5833 (63.9521)  Acc@5: 92.7083 (89.6535)LR: 2.305e-02
2024-11-17 14:47:30,639 -                train: [    INFO] - Train: 108 [ 520/520]  Loss: 1.790 (1.76)  Acc@1: 63.7500 (63.8000)  Acc@5: 90.0000 (89.5980)LR: 2.305e-02
2024-11-17 14:47:31,038 -                train: [    INFO] - Valid: 108 [   0/104]  Loss: 1.519 (1.52)  Acc@1: 60.4167 (60.4167)  Acc@5: 86.4583 (86.4583)
2024-11-17 14:47:32,803 -                train: [    INFO] - Valid: 108 [ 104/104]  Loss: 1.720 (1.39)  Acc@1: 50.0000 (62.5900)  Acc@5: 68.7500 (88.7300)
2024-11-17 14:47:32,860 -                train: [    INFO] - valid_acc 62.590002 - best_valid_acc 65.460002
2024-11-17 14:47:33,284 -                train: [    INFO] - Train: 109 [   0/520]  Loss: 1.701 (1.70)  Acc@1: 67.7083 (67.7083)  Acc@5: 91.6667 (91.6667)LR: 2.302e-02
2024-11-17 14:47:49,920 -                train: [    INFO] - Train: 109 [ 200/520]  Loss: 1.756 (1.72)  Acc@1: 65.6250 (64.7803)  Acc@5: 89.5833 (90.1430)LR: 2.302e-02
2024-11-17 14:48:07,195 -                train: [    INFO] - Train: 109 [ 400/520]  Loss: 1.430 (1.75)  Acc@1: 72.9167 (64.2430)  Acc@5: 95.8333 (89.6145)LR: 2.302e-02
2024-11-17 14:48:17,531 -                train: [    INFO] - Train: 109 [ 520/520]  Loss: 1.769 (1.75)  Acc@1: 62.5000 (64.2640)  Acc@5: 91.2500 (89.6160)LR: 2.302e-02
2024-11-17 14:48:17,924 -                train: [    INFO] - Valid: 109 [   0/104]  Loss: 1.152 (1.15)  Acc@1: 67.7083 (67.7083)  Acc@5: 91.6667 (91.6667)
2024-11-17 14:48:19,681 -                train: [    INFO] - Valid: 109 [ 104/104]  Loss: 1.264 (1.27)  Acc@1: 68.7500 (64.8300)  Acc@5: 87.5000 (90.1800)
2024-11-17 14:48:19,732 -                train: [    INFO] - valid_acc 64.830002 - best_valid_acc 65.460002
2024-11-17 14:48:20,127 -                train: [    INFO] - Train: 110 [   0/520]  Loss: 1.473 (1.47)  Acc@1: 69.7917 (69.7917)  Acc@5: 90.6250 (90.6250)LR: 2.298e-02
2024-11-17 14:48:36,507 -                train: [    INFO] - Train: 110 [ 200/520]  Loss: 1.890 (1.72)  Acc@1: 63.5417 (64.5885)  Acc@5: 85.4167 (90.0290)LR: 2.298e-02
2024-11-17 14:48:53,094 -                train: [    INFO] - Train: 110 [ 400/520]  Loss: 1.872 (1.72)  Acc@1: 60.4167 (64.5548)  Acc@5: 88.5417 (89.9626)LR: 2.298e-02
2024-11-17 14:49:03,097 -                train: [    INFO] - Train: 110 [ 520/520]  Loss: 1.895 (1.74)  Acc@1: 62.5000 (64.1600)  Acc@5: 86.2500 (89.6960)LR: 2.298e-02
2024-11-17 14:49:03,468 -                train: [    INFO] - Valid: 110 [   0/104]  Loss: 1.388 (1.39)  Acc@1: 64.5833 (64.5833)  Acc@5: 89.5833 (89.5833)
2024-11-17 14:49:05,211 -                train: [    INFO] - Valid: 110 [ 104/104]  Loss: 1.224 (1.30)  Acc@1: 81.2500 (64.1800)  Acc@5: 81.2500 (89.4900)
2024-11-17 14:49:05,263 -                train: [    INFO] - valid_acc 64.180002 - best_valid_acc 65.460002
2024-11-17 14:49:05,734 -                train: [    INFO] - Train: 111 [   0/520]  Loss: 1.810 (1.81)  Acc@1: 62.5000 (62.5000)  Acc@5: 91.6667 (91.6667)LR: 2.295e-02
2024-11-17 14:49:22,307 -                train: [    INFO] - Train: 111 [ 200/520]  Loss: 1.846 (1.70)  Acc@1: 63.5417 (64.4330)  Acc@5: 88.5417 (90.3866)LR: 2.295e-02
2024-11-17 14:49:39,023 -                train: [    INFO] - Train: 111 [ 400/520]  Loss: 1.403 (1.74)  Acc@1: 68.7500 (64.0170)  Acc@5: 92.7083 (89.8795)LR: 2.295e-02
2024-11-17 14:49:48,875 -                train: [    INFO] - Train: 111 [ 520/520]  Loss: 1.711 (1.75)  Acc@1: 67.5000 (64.0840)  Acc@5: 88.7500 (89.7900)LR: 2.295e-02
2024-11-17 14:49:49,267 -                train: [    INFO] - Valid: 111 [   0/104]  Loss: 1.157 (1.16)  Acc@1: 64.5833 (64.5833)  Acc@5: 92.7083 (92.7083)
2024-11-17 14:49:51,003 -                train: [    INFO] - Valid: 111 [ 104/104]  Loss: 1.364 (1.18)  Acc@1: 81.2500 (66.2400)  Acc@5: 81.2500 (91.0000)
2024-11-17 14:49:51,109 -                train: [    INFO] - valid_acc 66.240002 - best_valid_acc 66.240002
2024-11-17 14:49:51,573 -                train: [    INFO] - Train: 112 [   0/520]  Loss: 1.606 (1.61)  Acc@1: 66.6667 (66.6667)  Acc@5: 94.7917 (94.7917)LR: 2.291e-02
2024-11-17 14:50:08,205 -                train: [    INFO] - Train: 112 [ 200/520]  Loss: 1.872 (1.70)  Acc@1: 65.6250 (64.9979)  Acc@5: 86.4583 (90.3141)LR: 2.291e-02
2024-11-17 14:50:24,902 -                train: [    INFO] - Train: 112 [ 400/520]  Loss: 1.714 (1.73)  Acc@1: 61.4583 (64.2664)  Acc@5: 88.5417 (89.9886)LR: 2.291e-02
2024-11-17 14:50:34,758 -                train: [    INFO] - Train: 112 [ 520/520]  Loss: 1.620 (1.75)  Acc@1: 67.5000 (64.1540)  Acc@5: 93.7500 (89.8000)LR: 2.291e-02
2024-11-17 14:50:35,149 -                train: [    INFO] - Valid: 112 [   0/104]  Loss: 1.296 (1.30)  Acc@1: 70.8333 (70.8333)  Acc@5: 89.5833 (89.5833)
2024-11-17 14:50:36,866 -                train: [    INFO] - Valid: 112 [ 104/104]  Loss: 1.231 (1.32)  Acc@1: 75.0000 (64.0000)  Acc@5: 81.2500 (89.3600)
2024-11-17 14:50:36,917 -                train: [    INFO] - valid_acc 64.000002 - best_valid_acc 66.240002
2024-11-17 14:50:37,328 -                train: [    INFO] - Train: 113 [   0/520]  Loss: 1.473 (1.47)  Acc@1: 63.5417 (63.5417)  Acc@5: 92.7083 (92.7083)LR: 2.288e-02
2024-11-17 14:50:53,832 -                train: [    INFO] - Train: 113 [ 200/520]  Loss: 1.388 (1.72)  Acc@1: 72.9167 (64.6766)  Acc@5: 93.7500 (90.2208)LR: 2.288e-02
2024-11-17 14:51:10,473 -                train: [    INFO] - Train: 113 [ 400/520]  Loss: 1.487 (1.73)  Acc@1: 68.7500 (64.4794)  Acc@5: 92.7083 (90.0016)LR: 2.288e-02
2024-11-17 14:51:20,382 -                train: [    INFO] - Train: 113 [ 520/520]  Loss: 1.893 (1.74)  Acc@1: 62.5000 (64.2640)  Acc@5: 82.5000 (89.7780)LR: 2.288e-02
2024-11-17 14:51:20,796 -                train: [    INFO] - Valid: 113 [   0/104]  Loss: 1.274 (1.27)  Acc@1: 62.5000 (62.5000)  Acc@5: 90.6250 (90.6250)
2024-11-17 14:51:22,610 -                train: [    INFO] - Valid: 113 [ 104/104]  Loss: 1.378 (1.29)  Acc@1: 68.7500 (63.7700)  Acc@5: 93.7500 (89.3800)
2024-11-17 14:51:22,660 -                train: [    INFO] - valid_acc 63.770002 - best_valid_acc 66.240002
2024-11-17 14:51:23,094 -                train: [    INFO] - Train: 114 [   0/520]  Loss: 1.755 (1.76)  Acc@1: 61.4583 (61.4583)  Acc@5: 90.6250 (90.6250)LR: 2.284e-02
2024-11-17 14:51:39,501 -                train: [    INFO] - Train: 114 [ 200/520]  Loss: 1.709 (1.70)  Acc@1: 65.6250 (64.9565)  Acc@5: 90.6250 (90.0135)LR: 2.284e-02
2024-11-17 14:51:56,046 -                train: [    INFO] - Train: 114 [ 400/520]  Loss: 1.757 (1.72)  Acc@1: 64.5833 (64.4535)  Acc@5: 87.5000 (89.8535)LR: 2.284e-02
2024-11-17 14:52:06,107 -                train: [    INFO] - Train: 114 [ 520/520]  Loss: 1.535 (1.73)  Acc@1: 72.5000 (64.3660)  Acc@5: 91.2500 (89.8020)LR: 2.284e-02
2024-11-17 14:52:06,490 -                train: [    INFO] - Valid: 114 [   0/104]  Loss: 1.192 (1.19)  Acc@1: 63.5417 (63.5417)  Acc@5: 91.6667 (91.6667)
2024-11-17 14:52:08,229 -                train: [    INFO] - Valid: 114 [ 104/104]  Loss: 1.266 (1.22)  Acc@1: 75.0000 (65.7300)  Acc@5: 87.5000 (90.1400)
2024-11-17 14:52:08,278 -                train: [    INFO] - valid_acc 65.730002 - best_valid_acc 66.240002
2024-11-17 14:52:08,698 -                train: [    INFO] - Train: 115 [   0/520]  Loss: 1.559 (1.56)  Acc@1: 75.0000 (75.0000)  Acc@5: 87.5000 (87.5000)LR: 2.280e-02
2024-11-17 14:52:25,588 -                train: [    INFO] - Train: 115 [ 200/520]  Loss: 1.750 (1.70)  Acc@1: 62.5000 (64.7803)  Acc@5: 92.7083 (90.3400)LR: 2.280e-02
2024-11-17 14:52:42,300 -                train: [    INFO] - Train: 115 [ 400/520]  Loss: 1.754 (1.74)  Acc@1: 70.8333 (63.9989)  Acc@5: 89.5833 (89.8587)LR: 2.280e-02
2024-11-17 14:52:52,115 -                train: [    INFO] - Train: 115 [ 520/520]  Loss: 1.694 (1.74)  Acc@1: 61.2500 (64.0300)  Acc@5: 91.2500 (89.7920)LR: 2.280e-02
2024-11-17 14:52:52,503 -                train: [    INFO] - Valid: 115 [   0/104]  Loss: 1.163 (1.16)  Acc@1: 66.6667 (66.6667)  Acc@5: 91.6667 (91.6667)
2024-11-17 14:52:54,267 -                train: [    INFO] - Valid: 115 [ 104/104]  Loss: 1.394 (1.33)  Acc@1: 62.5000 (64.2200)  Acc@5: 93.7500 (89.1600)
2024-11-17 14:52:54,320 -                train: [    INFO] - valid_acc 64.220002 - best_valid_acc 66.240002
2024-11-17 14:52:54,723 -                train: [    INFO] - Train: 116 [   0/520]  Loss: 1.462 (1.46)  Acc@1: 71.8750 (71.8750)  Acc@5: 93.7500 (93.7500)LR: 2.276e-02
2024-11-17 14:53:11,450 -                train: [    INFO] - Train: 116 [ 200/520]  Loss: 2.078 (1.72)  Acc@1: 61.4583 (64.4693)  Acc@5: 86.4583 (89.7544)LR: 2.276e-02
2024-11-17 14:53:28,160 -                train: [    INFO] - Train: 116 [ 400/520]  Loss: 1.853 (1.73)  Acc@1: 58.3333 (64.2690)  Acc@5: 90.6250 (89.6509)LR: 2.276e-02
2024-11-17 14:53:38,099 -                train: [    INFO] - Train: 116 [ 520/520]  Loss: 1.821 (1.74)  Acc@1: 63.7500 (64.1060)  Acc@5: 93.7500 (89.5740)LR: 2.276e-02
2024-11-17 14:53:38,507 -                train: [    INFO] - Valid: 116 [   0/104]  Loss: 1.256 (1.26)  Acc@1: 69.7917 (69.7917)  Acc@5: 90.6250 (90.6250)
2024-11-17 14:53:40,251 -                train: [    INFO] - Valid: 116 [ 104/104]  Loss: 1.586 (1.33)  Acc@1: 56.2500 (63.4200)  Acc@5: 87.5000 (89.4700)
2024-11-17 14:53:40,304 -                train: [    INFO] - valid_acc 63.420002 - best_valid_acc 66.240002
2024-11-17 14:53:40,720 -                train: [    INFO] - Train: 117 [   0/520]  Loss: 1.395 (1.39)  Acc@1: 73.9583 (73.9583)  Acc@5: 91.6667 (91.6667)LR: 2.273e-02
2024-11-17 14:53:57,318 -                train: [    INFO] - Train: 117 [ 200/520]  Loss: 1.919 (1.71)  Acc@1: 62.5000 (64.9565)  Acc@5: 86.4583 (90.0549)LR: 2.273e-02
2024-11-17 14:54:14,207 -                train: [    INFO] - Train: 117 [ 400/520]  Loss: 2.144 (1.74)  Acc@1: 63.5417 (64.2612)  Acc@5: 85.4167 (89.7834)LR: 2.273e-02
2024-11-17 14:54:24,293 -                train: [    INFO] - Train: 117 [ 520/520]  Loss: 2.016 (1.74)  Acc@1: 58.7500 (64.2300)  Acc@5: 87.5000 (89.7080)LR: 2.273e-02
2024-11-17 14:54:24,725 -                train: [    INFO] - Valid: 117 [   0/104]  Loss: 1.463 (1.46)  Acc@1: 62.5000 (62.5000)  Acc@5: 89.5833 (89.5833)
2024-11-17 14:54:26,489 -                train: [    INFO] - Valid: 117 [ 104/104]  Loss: 2.015 (1.34)  Acc@1: 62.5000 (63.9700)  Acc@5: 75.0000 (88.8200)
2024-11-17 14:54:26,542 -                train: [    INFO] - valid_acc 63.970002 - best_valid_acc 66.240002
2024-11-17 14:54:26,968 -                train: [    INFO] - Train: 118 [   0/520]  Loss: 1.815 (1.82)  Acc@1: 61.4583 (61.4583)  Acc@5: 87.5000 (87.5000)LR: 2.269e-02
2024-11-17 14:54:43,404 -                train: [    INFO] - Train: 118 [ 200/520]  Loss: 1.760 (1.68)  Acc@1: 62.5000 (65.4695)  Acc@5: 89.5833 (90.3037)LR: 2.269e-02
2024-11-17 14:55:00,172 -                train: [    INFO] - Train: 118 [ 400/520]  Loss: 2.148 (1.71)  Acc@1: 63.5417 (64.6950)  Acc@5: 84.3750 (90.1003)LR: 2.269e-02
2024-11-17 14:55:10,357 -                train: [    INFO] - Train: 118 [ 520/520]  Loss: 1.887 (1.73)  Acc@1: 63.7500 (64.4200)  Acc@5: 87.5000 (89.9160)LR: 2.269e-02
2024-11-17 14:55:10,769 -                train: [    INFO] - Valid: 118 [   0/104]  Loss: 1.283 (1.28)  Acc@1: 61.4583 (61.4583)  Acc@5: 90.6250 (90.6250)
2024-11-17 14:55:12,549 -                train: [    INFO] - Valid: 118 [ 104/104]  Loss: 1.116 (1.28)  Acc@1: 62.5000 (64.1300)  Acc@5: 87.5000 (89.9400)
2024-11-17 14:55:12,594 -                train: [    INFO] - valid_acc 64.130002 - best_valid_acc 66.240002
2024-11-17 14:55:12,991 -                train: [    INFO] - Train: 119 [   0/520]  Loss: 1.979 (1.98)  Acc@1: 62.5000 (62.5000)  Acc@5: 86.4583 (86.4583)LR: 2.265e-02
2024-11-17 14:55:29,427 -                train: [    INFO] - Train: 119 [ 200/520]  Loss: 2.055 (1.73)  Acc@1: 59.3750 (64.6507)  Acc@5: 87.5000 (89.6714)LR: 2.265e-02
2024-11-17 14:55:46,208 -                train: [    INFO] - Train: 119 [ 400/520]  Loss: 1.812 (1.73)  Acc@1: 63.5417 (64.4846)  Acc@5: 88.5417 (89.7002)LR: 2.265e-02
2024-11-17 14:55:56,128 -                train: [    INFO] - Train: 119 [ 520/520]  Loss: 1.335 (1.73)  Acc@1: 71.2500 (64.4140)  Acc@5: 92.5000 (89.7200)LR: 2.265e-02
2024-11-17 14:55:56,547 -                train: [    INFO] - Valid: 119 [   0/104]  Loss: 1.238 (1.24)  Acc@1: 65.6250 (65.6250)  Acc@5: 90.6250 (90.6250)
2024-11-17 14:55:58,343 -                train: [    INFO] - Valid: 119 [ 104/104]  Loss: 1.065 (1.30)  Acc@1: 68.7500 (64.1600)  Acc@5: 81.2500 (89.2000)
2024-11-17 14:55:58,394 -                train: [    INFO] - valid_acc 64.160002 - best_valid_acc 66.240002
2024-11-17 14:55:58,807 -                train: [    INFO] - Train: 120 [   0/520]  Loss: 1.440 (1.44)  Acc@1: 67.7083 (67.7083)  Acc@5: 92.7083 (92.7083)LR: 2.261e-02
2024-11-17 14:56:15,526 -                train: [    INFO] - Train: 120 [ 200/520]  Loss: 1.906 (1.71)  Acc@1: 59.3750 (64.4641)  Acc@5: 88.5417 (90.5524)LR: 2.261e-02
2024-11-17 14:56:32,084 -                train: [    INFO] - Train: 120 [ 400/520]  Loss: 1.496 (1.73)  Acc@1: 71.8750 (64.0768)  Acc@5: 91.6667 (90.1133)LR: 2.261e-02
2024-11-17 14:56:42,200 -                train: [    INFO] - Train: 120 [ 520/520]  Loss: 1.727 (1.74)  Acc@1: 67.5000 (64.0420)  Acc@5: 90.0000 (90.0120)LR: 2.261e-02
2024-11-17 14:56:42,600 -                train: [    INFO] - Valid: 120 [   0/104]  Loss: 1.152 (1.15)  Acc@1: 69.7917 (69.7917)  Acc@5: 93.7500 (93.7500)
2024-11-17 14:56:44,362 -                train: [    INFO] - Valid: 120 [ 104/104]  Loss: 0.9212 (1.22)  Acc@1: 81.2500 (66.0800)  Acc@5: 87.5000 (91.2200)
2024-11-17 14:56:44,417 -                train: [    INFO] - valid_acc 66.080002 - best_valid_acc 66.240002
2024-11-17 14:56:44,824 -                train: [    INFO] - Train: 121 [   0/520]  Loss: 1.117 (1.12)  Acc@1: 76.0417 (76.0417)  Acc@5: 94.7917 (94.7917)LR: 2.257e-02
2024-11-17 14:57:01,347 -                train: [    INFO] - Train: 121 [ 200/520]  Loss: 1.778 (1.69)  Acc@1: 65.6250 (65.2519)  Acc@5: 88.5417 (90.2260)LR: 2.257e-02
2024-11-17 14:57:18,056 -                train: [    INFO] - Train: 121 [ 400/520]  Loss: 1.884 (1.72)  Acc@1: 64.5833 (64.7262)  Acc@5: 86.4583 (89.9756)LR: 2.257e-02
2024-11-17 14:57:27,948 -                train: [    INFO] - Train: 121 [ 520/520]  Loss: 1.563 (1.73)  Acc@1: 67.5000 (64.5520)  Acc@5: 93.7500 (89.8260)LR: 2.257e-02
2024-11-17 14:57:28,331 -                train: [    INFO] - Valid: 121 [   0/104]  Loss: 1.240 (1.24)  Acc@1: 60.4167 (60.4167)  Acc@5: 90.6250 (90.6250)
2024-11-17 14:57:30,192 -                train: [    INFO] - Valid: 121 [ 104/104]  Loss: 1.048 (1.22)  Acc@1: 68.7500 (65.7300)  Acc@5: 87.5000 (90.4000)
2024-11-17 14:57:30,245 -                train: [    INFO] - valid_acc 65.730002 - best_valid_acc 66.240002
2024-11-17 14:57:30,691 -                train: [    INFO] - Train: 122 [   0/520]  Loss: 1.928 (1.93)  Acc@1: 58.3333 (58.3333)  Acc@5: 87.5000 (87.5000)LR: 2.254e-02
2024-11-17 14:57:47,092 -                train: [    INFO] - Train: 122 [ 200/520]  Loss: 1.670 (1.67)  Acc@1: 62.5000 (65.5265)  Acc@5: 89.5833 (90.3970)LR: 2.254e-02
2024-11-17 14:58:03,763 -                train: [    INFO] - Train: 122 [ 400/520]  Loss: 1.738 (1.73)  Acc@1: 63.5417 (64.5496)  Acc@5: 91.6667 (89.9054)LR: 2.254e-02
2024-11-17 14:58:13,803 -                train: [    INFO] - Train: 122 [ 520/520]  Loss: 2.173 (1.74)  Acc@1: 55.0000 (64.4180)  Acc@5: 86.2500 (89.8240)LR: 2.254e-02
2024-11-17 14:58:14,194 -                train: [    INFO] - Valid: 122 [   0/104]  Loss: 1.230 (1.23)  Acc@1: 72.9167 (72.9167)  Acc@5: 86.4583 (86.4583)
2024-11-17 14:58:15,940 -                train: [    INFO] - Valid: 122 [ 104/104]  Loss: 1.471 (1.24)  Acc@1: 68.7500 (65.7100)  Acc@5: 81.2500 (90.3400)
2024-11-17 14:58:15,990 -                train: [    INFO] - valid_acc 65.710002 - best_valid_acc 66.240002
2024-11-17 14:58:16,400 -                train: [    INFO] - Train: 123 [   0/520]  Loss: 1.685 (1.68)  Acc@1: 65.6250 (65.6250)  Acc@5: 90.6250 (90.6250)LR: 2.250e-02
2024-11-17 14:58:33,486 -                train: [    INFO] - Train: 123 [ 200/520]  Loss: 2.029 (1.71)  Acc@1: 61.4583 (64.7284)  Acc@5: 84.3750 (89.8839)LR: 2.250e-02
2024-11-17 14:58:50,408 -                train: [    INFO] - Train: 123 [ 400/520]  Loss: 1.577 (1.73)  Acc@1: 68.7500 (64.5054)  Acc@5: 90.6250 (89.6794)LR: 2.250e-02
2024-11-17 14:59:00,246 -                train: [    INFO] - Train: 123 [ 520/520]  Loss: 1.374 (1.74)  Acc@1: 72.5000 (64.3560)  Acc@5: 95.0000 (89.6820)LR: 2.250e-02
2024-11-17 14:59:00,630 -                train: [    INFO] - Valid: 123 [   0/104]  Loss: 1.015 (1.01)  Acc@1: 68.7500 (68.7500)  Acc@5: 92.7083 (92.7083)
2024-11-17 14:59:02,370 -                train: [    INFO] - Valid: 123 [ 104/104]  Loss: 1.277 (1.26)  Acc@1: 68.7500 (65.2800)  Acc@5: 87.5000 (89.5800)
2024-11-17 14:59:02,423 -                train: [    INFO] - valid_acc 65.280002 - best_valid_acc 66.240002
2024-11-17 14:59:02,901 -                train: [    INFO] - Train: 124 [   0/520]  Loss: 1.442 (1.44)  Acc@1: 65.6250 (65.6250)  Acc@5: 94.7917 (94.7917)LR: 2.246e-02
2024-11-17 14:59:19,578 -                train: [    INFO] - Train: 124 [ 200/520]  Loss: 1.686 (1.67)  Acc@1: 65.6250 (65.4229)  Acc@5: 91.6667 (90.4384)LR: 2.246e-02
2024-11-17 14:59:36,142 -                train: [    INFO] - Train: 124 [ 400/520]  Loss: 1.698 (1.71)  Acc@1: 62.5000 (64.8119)  Acc@5: 89.5833 (90.1185)LR: 2.246e-02
2024-11-17 14:59:46,173 -                train: [    INFO] - Train: 124 [ 520/520]  Loss: 1.857 (1.72)  Acc@1: 56.2500 (64.6420)  Acc@5: 86.2500 (90.0340)LR: 2.246e-02
2024-11-17 14:59:46,554 -                train: [    INFO] - Valid: 124 [   0/104]  Loss: 1.147 (1.15)  Acc@1: 65.6250 (65.6250)  Acc@5: 89.5833 (89.5833)
2024-11-17 14:59:48,287 -                train: [    INFO] - Valid: 124 [ 104/104]  Loss: 1.311 (1.26)  Acc@1: 62.5000 (64.6200)  Acc@5: 75.0000 (89.9600)
2024-11-17 14:59:48,341 -                train: [    INFO] - valid_acc 64.620002 - best_valid_acc 66.240002
2024-11-17 14:59:48,740 -                train: [    INFO] - Train: 125 [   0/520]  Loss: 1.676 (1.68)  Acc@1: 62.5000 (62.5000)  Acc@5: 92.7083 (92.7083)LR: 2.242e-02
2024-11-17 15:00:05,167 -                train: [    INFO] - Train: 125 [ 200/520]  Loss: 1.707 (1.71)  Acc@1: 64.5833 (64.8632)  Acc@5: 90.6250 (90.1741)LR: 2.242e-02
2024-11-17 15:00:21,906 -                train: [    INFO] - Train: 125 [ 400/520]  Loss: 1.861 (1.71)  Acc@1: 63.5417 (64.7002)  Acc@5: 86.4583 (90.0925)LR: 2.242e-02
2024-11-17 15:00:31,861 -                train: [    INFO] - Train: 125 [ 520/520]  Loss: 1.678 (1.73)  Acc@1: 72.5000 (64.4120)  Acc@5: 86.2500 (89.9460)LR: 2.242e-02
2024-11-17 15:00:32,227 -                train: [    INFO] - Valid: 125 [   0/104]  Loss: 1.295 (1.30)  Acc@1: 67.7083 (67.7083)  Acc@5: 88.5417 (88.5417)
2024-11-17 15:00:33,971 -                train: [    INFO] - Valid: 125 [ 104/104]  Loss: 1.114 (1.25)  Acc@1: 62.5000 (65.1500)  Acc@5: 93.7500 (90.1800)
2024-11-17 15:00:34,021 -                train: [    INFO] - valid_acc 65.150002 - best_valid_acc 66.240002
2024-11-17 15:00:34,439 -                train: [    INFO] - Train: 126 [   0/520]  Loss: 1.594 (1.59)  Acc@1: 69.7917 (69.7917)  Acc@5: 90.6250 (90.6250)LR: 2.238e-02
2024-11-17 15:00:51,047 -                train: [    INFO] - Train: 126 [ 200/520]  Loss: 1.629 (1.67)  Acc@1: 64.5833 (65.2363)  Acc@5: 91.6667 (90.4384)LR: 2.238e-02
2024-11-17 15:01:07,543 -                train: [    INFO] - Train: 126 [ 400/520]  Loss: 1.848 (1.71)  Acc@1: 61.4583 (64.6872)  Acc@5: 83.3333 (90.0899)LR: 2.238e-02
2024-11-17 15:01:17,616 -                train: [    INFO] - Train: 126 [ 520/520]  Loss: 1.897 (1.72)  Acc@1: 66.2500 (64.4200)  Acc@5: 87.5000 (89.9460)LR: 2.238e-02
2024-11-17 15:01:18,025 -                train: [    INFO] - Valid: 126 [   0/104]  Loss: 1.229 (1.23)  Acc@1: 67.7083 (67.7083)  Acc@5: 90.6250 (90.6250)
2024-11-17 15:01:19,759 -                train: [    INFO] - Valid: 126 [ 104/104]  Loss: 1.538 (1.22)  Acc@1: 62.5000 (65.7600)  Acc@5: 87.5000 (90.7100)
2024-11-17 15:01:19,810 -                train: [    INFO] - valid_acc 65.760002 - best_valid_acc 66.240002
2024-11-17 15:01:20,244 -                train: [    INFO] - Train: 127 [   0/520]  Loss: 2.091 (2.09)  Acc@1: 54.1667 (54.1667)  Acc@5: 86.4583 (86.4583)LR: 2.234e-02
2024-11-17 15:01:36,654 -                train: [    INFO] - Train: 127 [ 200/520]  Loss: 1.817 (1.71)  Acc@1: 63.5417 (64.7388)  Acc@5: 88.5417 (90.1275)LR: 2.234e-02
2024-11-17 15:01:53,261 -                train: [    INFO] - Train: 127 [ 400/520]  Loss: 1.974 (1.71)  Acc@1: 65.6250 (64.4560)  Acc@5: 83.3333 (89.8613)LR: 2.234e-02
2024-11-17 15:02:02,957 -                train: [    INFO] - Train: 127 [ 520/520]  Loss: 1.725 (1.73)  Acc@1: 62.5000 (64.2420)  Acc@5: 92.5000 (89.8120)LR: 2.234e-02
2024-11-17 15:02:03,326 -                train: [    INFO] - Valid: 127 [   0/104]  Loss: 1.233 (1.23)  Acc@1: 67.7083 (67.7083)  Acc@5: 89.5833 (89.5833)
2024-11-17 15:02:04,907 -                train: [    INFO] - Valid: 127 [ 104/104]  Loss: 1.148 (1.27)  Acc@1: 56.2500 (64.3100)  Acc@5: 93.7500 (89.3900)
2024-11-17 15:02:04,956 -                train: [    INFO] - valid_acc 64.310002 - best_valid_acc 66.240002
2024-11-17 15:02:05,414 -                train: [    INFO] - Train: 128 [   0/520]  Loss: 1.779 (1.78)  Acc@1: 68.7500 (68.7500)  Acc@5: 89.5833 (89.5833)LR: 2.230e-02
2024-11-17 15:02:22,240 -                train: [    INFO] - Train: 128 [ 200/520]  Loss: 1.556 (1.71)  Acc@1: 64.5833 (64.4745)  Acc@5: 91.6667 (90.2726)LR: 2.230e-02
2024-11-17 15:02:38,920 -                train: [    INFO] - Train: 128 [ 400/520]  Loss: 1.660 (1.73)  Acc@1: 61.4583 (64.1781)  Acc@5: 88.5417 (89.9730)LR: 2.230e-02
2024-11-17 15:02:49,060 -                train: [    INFO] - Train: 128 [ 520/520]  Loss: 1.798 (1.73)  Acc@1: 57.5000 (64.1500)  Acc@5: 83.7500 (89.8380)LR: 2.230e-02
2024-11-17 15:02:49,469 -                train: [    INFO] - Valid: 128 [   0/104]  Loss: 1.233 (1.23)  Acc@1: 65.6250 (65.6250)  Acc@5: 92.7083 (92.7083)
2024-11-17 15:02:51,235 -                train: [    INFO] - Valid: 128 [ 104/104]  Loss: 1.288 (1.30)  Acc@1: 62.5000 (64.8600)  Acc@5: 87.5000 (89.3700)
2024-11-17 15:02:51,286 -                train: [    INFO] - valid_acc 64.860002 - best_valid_acc 66.240002
2024-11-17 15:02:51,726 -                train: [    INFO] - Train: 129 [   0/520]  Loss: 1.766 (1.77)  Acc@1: 66.6667 (66.6667)  Acc@5: 92.7083 (92.7083)LR: 2.226e-02
2024-11-17 15:03:08,292 -                train: [    INFO] - Train: 129 [ 200/520]  Loss: 1.282 (1.67)  Acc@1: 81.2500 (65.3762)  Acc@5: 94.7917 (90.7235)LR: 2.226e-02
2024-11-17 15:03:25,082 -                train: [    INFO] - Train: 129 [ 400/520]  Loss: 1.728 (1.71)  Acc@1: 68.7500 (64.7756)  Acc@5: 92.7083 (90.1055)LR: 2.226e-02
2024-11-17 15:03:35,305 -                train: [    INFO] - Train: 129 [ 520/520]  Loss: 1.841 (1.72)  Acc@1: 61.2500 (64.5240)  Acc@5: 88.7500 (89.9780)LR: 2.226e-02
2024-11-17 15:03:35,693 -                train: [    INFO] - Valid: 129 [   0/104]  Loss: 1.073 (1.07)  Acc@1: 69.7917 (69.7917)  Acc@5: 92.7083 (92.7083)
2024-11-17 15:03:37,426 -                train: [    INFO] - Valid: 129 [ 104/104]  Loss: 1.343 (1.26)  Acc@1: 68.7500 (65.3300)  Acc@5: 81.2500 (90.1700)
2024-11-17 15:03:37,478 -                train: [    INFO] - valid_acc 65.330002 - best_valid_acc 66.240002
2024-11-17 15:03:37,891 -                train: [    INFO] - Train: 130 [   0/520]  Loss: 1.693 (1.69)  Acc@1: 64.5833 (64.5833)  Acc@5: 90.6250 (90.6250)LR: 2.221e-02
2024-11-17 15:03:54,526 -                train: [    INFO] - Train: 130 [ 200/520]  Loss: 1.818 (1.69)  Acc@1: 65.6250 (65.1897)  Acc@5: 89.5833 (90.1482)LR: 2.221e-02
2024-11-17 15:04:11,289 -                train: [    INFO] - Train: 130 [ 400/520]  Loss: 1.916 (1.70)  Acc@1: 62.5000 (64.9860)  Acc@5: 89.5833 (90.1730)LR: 2.221e-02
2024-11-17 15:04:21,332 -                train: [    INFO] - Train: 130 [ 520/520]  Loss: 1.768 (1.72)  Acc@1: 67.5000 (64.5820)  Acc@5: 86.2500 (90.0100)LR: 2.221e-02
2024-11-17 15:04:21,705 -                train: [    INFO] - Valid: 130 [   0/104]  Loss: 1.357 (1.36)  Acc@1: 66.6667 (66.6667)  Acc@5: 89.5833 (89.5833)
2024-11-17 15:04:23,453 -                train: [    INFO] - Valid: 130 [ 104/104]  Loss: 0.8710 (1.26)  Acc@1: 62.5000 (64.5000)  Acc@5: 87.5000 (90.4700)
2024-11-17 15:04:23,506 -                train: [    INFO] - valid_acc 64.500002 - best_valid_acc 66.240002
2024-11-17 15:04:23,932 -                train: [    INFO] - Train: 131 [   0/520]  Loss: 1.744 (1.74)  Acc@1: 64.5833 (64.5833)  Acc@5: 91.6667 (91.6667)LR: 2.217e-02
2024-11-17 15:04:40,649 -                train: [    INFO] - Train: 131 [ 200/520]  Loss: 1.669 (1.70)  Acc@1: 63.5417 (65.1482)  Acc@5: 88.5417 (90.3866)LR: 2.217e-02
2024-11-17 15:04:57,466 -                train: [    INFO] - Train: 131 [ 400/520]  Loss: 2.231 (1.70)  Acc@1: 53.1250 (64.8171)  Acc@5: 85.4167 (90.1964)LR: 2.217e-02
2024-11-17 15:05:07,261 -                train: [    INFO] - Train: 131 [ 520/520]  Loss: 2.028 (1.71)  Acc@1: 56.2500 (64.6900)  Acc@5: 85.0000 (90.0920)LR: 2.217e-02
2024-11-17 15:05:07,723 -                train: [    INFO] - Valid: 131 [   0/104]  Loss: 1.470 (1.47)  Acc@1: 59.3750 (59.3750)  Acc@5: 89.5833 (89.5833)
2024-11-17 15:05:09,526 -                train: [    INFO] - Valid: 131 [ 104/104]  Loss: 1.318 (1.30)  Acc@1: 68.7500 (63.8400)  Acc@5: 87.5000 (89.6300)
2024-11-17 15:05:09,577 -                train: [    INFO] - valid_acc 63.840002 - best_valid_acc 66.240002
2024-11-17 15:05:09,979 -                train: [    INFO] - Train: 132 [   0/520]  Loss: 1.793 (1.79)  Acc@1: 57.2917 (57.2917)  Acc@5: 91.6667 (91.6667)LR: 2.213e-02
2024-11-17 15:05:26,458 -                train: [    INFO] - Train: 132 [ 200/520]  Loss: 1.514 (1.71)  Acc@1: 66.6667 (64.6973)  Acc@5: 93.7500 (89.8165)LR: 2.213e-02
2024-11-17 15:05:42,876 -                train: [    INFO] - Train: 132 [ 400/520]  Loss: 1.678 (1.72)  Acc@1: 66.6667 (64.4560)  Acc@5: 90.6250 (89.8093)LR: 2.213e-02
2024-11-17 15:05:52,851 -                train: [    INFO] - Train: 132 [ 520/520]  Loss: 1.832 (1.73)  Acc@1: 62.5000 (64.2620)  Acc@5: 92.5000 (89.7480)LR: 2.213e-02
2024-11-17 15:05:53,292 -                train: [    INFO] - Valid: 132 [   0/104]  Loss: 1.381 (1.38)  Acc@1: 65.6250 (65.6250)  Acc@5: 87.5000 (87.5000)
2024-11-17 15:05:55,083 -                train: [    INFO] - Valid: 132 [ 104/104]  Loss: 0.8386 (1.27)  Acc@1: 87.5000 (64.9200)  Acc@5: 93.7500 (89.5900)
2024-11-17 15:05:55,151 -                train: [    INFO] - valid_acc 64.920002 - best_valid_acc 66.240002
2024-11-17 15:05:55,651 -                train: [    INFO] - Train: 133 [   0/520]  Loss: 1.769 (1.77)  Acc@1: 68.7500 (68.7500)  Acc@5: 86.4583 (86.4583)LR: 2.209e-02
2024-11-17 15:06:12,199 -                train: [    INFO] - Train: 133 [ 200/520]  Loss: 1.611 (1.68)  Acc@1: 67.7083 (65.6198)  Acc@5: 89.5833 (90.1534)LR: 2.209e-02
2024-11-17 15:06:28,913 -                train: [    INFO] - Train: 133 [ 400/520]  Loss: 1.986 (1.71)  Acc@1: 57.2917 (64.8067)  Acc@5: 83.3333 (89.9886)LR: 2.209e-02
2024-11-17 15:06:39,105 -                train: [    INFO] - Train: 133 [ 520/520]  Loss: 2.092 (1.72)  Acc@1: 61.2500 (64.6780)  Acc@5: 85.0000 (89.8840)LR: 2.209e-02
2024-11-17 15:06:39,511 -                train: [    INFO] - Valid: 133 [   0/104]  Loss: 1.245 (1.24)  Acc@1: 60.4167 (60.4167)  Acc@5: 90.6250 (90.6250)
2024-11-17 15:06:41,273 -                train: [    INFO] - Valid: 133 [ 104/104]  Loss: 1.160 (1.25)  Acc@1: 75.0000 (65.1500)  Acc@5: 87.5000 (90.0400)
2024-11-17 15:06:41,326 -                train: [    INFO] - valid_acc 65.150002 - best_valid_acc 66.240002
2024-11-17 15:06:41,745 -                train: [    INFO] - Train: 134 [   0/520]  Loss: 1.582 (1.58)  Acc@1: 68.7500 (68.7500)  Acc@5: 92.7083 (92.7083)LR: 2.205e-02
2024-11-17 15:06:58,169 -                train: [    INFO] - Train: 134 [ 200/520]  Loss: 1.882 (1.69)  Acc@1: 65.6250 (65.3037)  Acc@5: 83.3333 (90.1586)LR: 2.205e-02
2024-11-17 15:07:14,709 -                train: [    INFO] - Train: 134 [ 400/520]  Loss: 2.078 (1.71)  Acc@1: 59.3750 (64.9496)  Acc@5: 86.4583 (90.0353)LR: 2.205e-02
2024-11-17 15:07:24,572 -                train: [    INFO] - Train: 134 [ 520/520]  Loss: 1.726 (1.71)  Acc@1: 61.2500 (64.7620)  Acc@5: 92.5000 (89.9500)LR: 2.205e-02
2024-11-17 15:07:24,952 -                train: [    INFO] - Valid: 134 [   0/104]  Loss: 1.207 (1.21)  Acc@1: 69.7917 (69.7917)  Acc@5: 93.7500 (93.7500)
2024-11-17 15:07:26,737 -                train: [    INFO] - Valid: 134 [ 104/104]  Loss: 1.080 (1.20)  Acc@1: 68.7500 (66.5800)  Acc@5: 93.7500 (91.0500)
2024-11-17 15:07:26,853 -                train: [    INFO] - valid_acc 66.580002 - best_valid_acc 66.580002
2024-11-17 15:07:27,388 -                train: [    INFO] - Train: 135 [   0/520]  Loss: 1.539 (1.54)  Acc@1: 69.7917 (69.7917)  Acc@5: 92.7083 (92.7083)LR: 2.201e-02
2024-11-17 15:07:44,189 -                train: [    INFO] - Train: 135 [ 200/520]  Loss: 1.360 (1.66)  Acc@1: 70.8333 (65.6872)  Acc@5: 90.6250 (90.7131)LR: 2.201e-02
2024-11-17 15:08:00,736 -                train: [    INFO] - Train: 135 [ 400/520]  Loss: 1.611 (1.70)  Acc@1: 62.5000 (65.0249)  Acc@5: 92.7083 (90.1886)LR: 2.201e-02
2024-11-17 15:08:10,638 -                train: [    INFO] - Train: 135 [ 520/520]  Loss: 1.749 (1.71)  Acc@1: 67.5000 (64.9820)  Acc@5: 88.7500 (90.0460)LR: 2.201e-02
2024-11-17 15:08:11,056 -                train: [    INFO] - Valid: 135 [   0/104]  Loss: 1.175 (1.17)  Acc@1: 67.7083 (67.7083)  Acc@5: 90.6250 (90.6250)
2024-11-17 15:08:12,857 -                train: [    INFO] - Valid: 135 [ 104/104]  Loss: 0.9449 (1.19)  Acc@1: 68.7500 (66.4900)  Acc@5: 87.5000 (90.7800)
2024-11-17 15:08:12,914 -                train: [    INFO] - valid_acc 66.490002 - best_valid_acc 66.580002
2024-11-17 15:08:13,419 -                train: [    INFO] - Train: 136 [   0/520]  Loss: 1.390 (1.39)  Acc@1: 73.9583 (73.9583)  Acc@5: 92.7083 (92.7083)LR: 2.196e-02
2024-11-17 15:08:30,015 -                train: [    INFO] - Train: 136 [ 200/520]  Loss: 2.212 (1.69)  Acc@1: 54.1667 (64.7595)  Acc@5: 82.2917 (90.1949)LR: 2.196e-02
2024-11-17 15:08:46,417 -                train: [    INFO] - Train: 136 [ 400/520]  Loss: 2.265 (1.70)  Acc@1: 55.2083 (64.8223)  Acc@5: 82.2917 (90.0405)LR: 2.196e-02
2024-11-17 15:08:56,349 -                train: [    INFO] - Train: 136 [ 520/520]  Loss: 1.629 (1.71)  Acc@1: 61.2500 (64.7560)  Acc@5: 92.5000 (89.8680)LR: 2.196e-02
2024-11-17 15:08:56,773 -                train: [    INFO] - Valid: 136 [   0/104]  Loss: 1.213 (1.21)  Acc@1: 65.6250 (65.6250)  Acc@5: 86.4583 (86.4583)
2024-11-17 15:08:58,518 -                train: [    INFO] - Valid: 136 [ 104/104]  Loss: 0.9172 (1.24)  Acc@1: 62.5000 (65.4200)  Acc@5: 93.7500 (90.5900)
2024-11-17 15:08:58,568 -                train: [    INFO] - valid_acc 65.420002 - best_valid_acc 66.580002
2024-11-17 15:08:59,009 -                train: [    INFO] - Train: 137 [   0/520]  Loss: 1.786 (1.79)  Acc@1: 62.5000 (62.5000)  Acc@5: 91.6667 (91.6667)LR: 2.192e-02
2024-11-17 15:09:16,035 -                train: [    INFO] - Train: 137 [ 200/520]  Loss: 1.541 (1.65)  Acc@1: 66.6667 (65.6457)  Acc@5: 93.7500 (90.5939)LR: 2.192e-02
2024-11-17 15:09:32,885 -                train: [    INFO] - Train: 137 [ 400/520]  Loss: 1.767 (1.70)  Acc@1: 62.5000 (65.0223)  Acc@5: 90.6250 (90.2224)LR: 2.192e-02
2024-11-17 15:09:42,981 -                train: [    INFO] - Train: 137 [ 520/520]  Loss: 1.895 (1.71)  Acc@1: 60.0000 (64.7460)  Acc@5: 85.0000 (90.1600)LR: 2.192e-02
2024-11-17 15:09:43,405 -                train: [    INFO] - Valid: 137 [   0/104]  Loss: 1.164 (1.16)  Acc@1: 66.6667 (66.6667)  Acc@5: 93.7500 (93.7500)
2024-11-17 15:09:45,140 -                train: [    INFO] - Valid: 137 [ 104/104]  Loss: 1.585 (1.33)  Acc@1: 68.7500 (64.1900)  Acc@5: 81.2500 (89.6400)
2024-11-17 15:09:45,194 -                train: [    INFO] - valid_acc 64.190002 - best_valid_acc 66.580002
2024-11-17 15:09:45,658 -                train: [    INFO] - Train: 138 [   0/520]  Loss: 1.459 (1.46)  Acc@1: 70.8333 (70.8333)  Acc@5: 91.6667 (91.6667)LR: 2.188e-02
2024-11-17 15:10:02,437 -                train: [    INFO] - Train: 138 [ 200/520]  Loss: 1.822 (1.67)  Acc@1: 61.4583 (65.0498)  Acc@5: 87.5000 (90.2778)LR: 2.188e-02
2024-11-17 15:10:19,027 -                train: [    INFO] - Train: 138 [ 400/520]  Loss: 2.080 (1.71)  Acc@1: 60.4167 (64.7210)  Acc@5: 85.4167 (90.0223)LR: 2.188e-02
2024-11-17 15:10:28,942 -                train: [    INFO] - Train: 138 [ 520/520]  Loss: 1.724 (1.72)  Acc@1: 61.2500 (64.6000)  Acc@5: 90.0000 (89.9960)LR: 2.188e-02
2024-11-17 15:10:29,353 -                train: [    INFO] - Valid: 138 [   0/104]  Loss: 1.385 (1.39)  Acc@1: 61.4583 (61.4583)  Acc@5: 90.6250 (90.6250)
2024-11-17 15:10:31,102 -                train: [    INFO] - Valid: 138 [ 104/104]  Loss: 1.064 (1.27)  Acc@1: 62.5000 (64.7400)  Acc@5: 93.7500 (90.2300)
2024-11-17 15:10:31,153 -                train: [    INFO] - valid_acc 64.740002 - best_valid_acc 66.580002
2024-11-17 15:10:31,620 -                train: [    INFO] - Train: 139 [   0/520]  Loss: 1.699 (1.70)  Acc@1: 64.5833 (64.5833)  Acc@5: 89.5833 (89.5833)LR: 2.183e-02
2024-11-17 15:10:48,480 -                train: [    INFO] - Train: 139 [ 200/520]  Loss: 1.324 (1.68)  Acc@1: 75.0000 (64.8736)  Acc@5: 95.8333 (90.7390)LR: 2.183e-02
2024-11-17 15:11:05,149 -                train: [    INFO] - Train: 139 [ 400/520]  Loss: 1.922 (1.70)  Acc@1: 61.4583 (64.6223)  Acc@5: 88.5417 (90.2821)LR: 2.183e-02
2024-11-17 15:11:15,002 -                train: [    INFO] - Train: 139 [ 520/520]  Loss: 1.527 (1.72)  Acc@1: 70.0000 (64.3560)  Acc@5: 88.7500 (90.1700)LR: 2.183e-02
2024-11-17 15:11:15,455 -                train: [    INFO] - Valid: 139 [   0/104]  Loss: 1.344 (1.34)  Acc@1: 61.4583 (61.4583)  Acc@5: 87.5000 (87.5000)
2024-11-17 15:11:17,247 -                train: [    INFO] - Valid: 139 [ 104/104]  Loss: 1.074 (1.33)  Acc@1: 81.2500 (64.0000)  Acc@5: 87.5000 (89.2000)
2024-11-17 15:11:17,296 -                train: [    INFO] - valid_acc 64.000002 - best_valid_acc 66.580002
2024-11-17 15:11:17,730 -                train: [    INFO] - Train: 140 [   0/520]  Loss: 1.464 (1.46)  Acc@1: 73.9583 (73.9583)  Acc@5: 94.7917 (94.7917)LR: 2.179e-02
2024-11-17 15:11:34,250 -                train: [    INFO] - Train: 140 [ 200/520]  Loss: 2.136 (1.68)  Acc@1: 53.1250 (65.4903)  Acc@5: 86.4583 (90.4903)LR: 2.179e-02
2024-11-17 15:11:50,611 -                train: [    INFO] - Train: 140 [ 400/520]  Loss: 2.019 (1.69)  Acc@1: 56.2500 (65.1055)  Acc@5: 85.4167 (90.1808)LR: 2.179e-02
2024-11-17 15:12:00,669 -                train: [    INFO] - Train: 140 [ 520/520]  Loss: 1.576 (1.70)  Acc@1: 63.7500 (64.8960)  Acc@5: 95.0000 (90.0140)LR: 2.179e-02
2024-11-17 15:12:01,103 -                train: [    INFO] - Valid: 140 [   0/104]  Loss: 1.295 (1.30)  Acc@1: 64.5833 (64.5833)  Acc@5: 87.5000 (87.5000)
2024-11-17 15:12:02,838 -                train: [    INFO] - Valid: 140 [ 104/104]  Loss: 1.276 (1.36)  Acc@1: 62.5000 (62.2300)  Acc@5: 81.2500 (89.2300)
2024-11-17 15:12:02,891 -                train: [    INFO] - valid_acc 62.230002 - best_valid_acc 66.580002
2024-11-17 15:12:03,377 -                train: [    INFO] - Train: 141 [   0/520]  Loss: 1.532 (1.53)  Acc@1: 67.7083 (67.7083)  Acc@5: 94.7917 (94.7917)LR: 2.175e-02
2024-11-17 15:12:20,216 -                train: [    INFO] - Train: 141 [ 200/520]  Loss: 1.496 (1.69)  Acc@1: 70.8333 (64.9409)  Acc@5: 92.7083 (90.2260)LR: 2.175e-02
2024-11-17 15:12:36,820 -                train: [    INFO] - Train: 141 [ 400/520]  Loss: 1.433 (1.70)  Acc@1: 70.8333 (64.7366)  Acc@5: 93.7500 (90.1912)LR: 2.175e-02
2024-11-17 15:12:46,853 -                train: [    INFO] - Train: 141 [ 520/520]  Loss: 1.766 (1.71)  Acc@1: 57.5000 (64.6120)  Acc@5: 88.7500 (89.9740)LR: 2.175e-02
2024-11-17 15:12:47,271 -                train: [    INFO] - Valid: 141 [   0/104]  Loss: 1.280 (1.28)  Acc@1: 67.7083 (67.7083)  Acc@5: 90.6250 (90.6250)
2024-11-17 15:12:49,014 -                train: [    INFO] - Valid: 141 [ 104/104]  Loss: 1.809 (1.33)  Acc@1: 62.5000 (64.2000)  Acc@5: 81.2500 (89.0900)
2024-11-17 15:12:49,065 -                train: [    INFO] - valid_acc 64.200002 - best_valid_acc 66.580002
2024-11-17 15:12:49,471 -                train: [    INFO] - Train: 142 [   0/520]  Loss: 1.603 (1.60)  Acc@1: 61.4583 (61.4583)  Acc@5: 90.6250 (90.6250)LR: 2.170e-02
2024-11-17 15:13:06,092 -                train: [    INFO] - Train: 142 [ 200/520]  Loss: 1.738 (1.65)  Acc@1: 64.5833 (66.2262)  Acc@5: 86.4583 (90.6095)LR: 2.170e-02
2024-11-17 15:13:22,987 -                train: [    INFO] - Train: 142 [ 400/520]  Loss: 1.573 (1.70)  Acc@1: 62.5000 (65.0717)  Acc@5: 90.6250 (90.1133)LR: 2.170e-02
2024-11-17 15:13:33,047 -                train: [    INFO] - Train: 142 [ 520/520]  Loss: 1.984 (1.71)  Acc@1: 57.5000 (64.8240)  Acc@5: 90.0000 (89.9540)LR: 2.170e-02
2024-11-17 15:13:33,495 -                train: [    INFO] - Valid: 142 [   0/104]  Loss: 1.212 (1.21)  Acc@1: 69.7917 (69.7917)  Acc@5: 93.7500 (93.7500)
2024-11-17 15:13:35,233 -                train: [    INFO] - Valid: 142 [ 104/104]  Loss: 1.203 (1.22)  Acc@1: 75.0000 (65.6000)  Acc@5: 81.2500 (90.2300)
2024-11-17 15:13:35,286 -                train: [    INFO] - valid_acc 65.600002 - best_valid_acc 66.580002
2024-11-17 15:13:35,734 -                train: [    INFO] - Train: 143 [   0/520]  Loss: 1.658 (1.66)  Acc@1: 63.5417 (63.5417)  Acc@5: 91.6667 (91.6667)LR: 2.166e-02
2024-11-17 15:13:52,328 -                train: [    INFO] - Train: 143 [ 200/520]  Loss: 1.754 (1.67)  Acc@1: 67.7083 (65.3348)  Acc@5: 88.5417 (90.6924)LR: 2.166e-02
2024-11-17 15:14:09,303 -                train: [    INFO] - Train: 143 [ 400/520]  Loss: 1.869 (1.70)  Acc@1: 56.2500 (64.5236)  Acc@5: 92.7083 (90.2587)LR: 2.166e-02
2024-11-17 15:14:19,221 -                train: [    INFO] - Train: 143 [ 520/520]  Loss: 1.875 (1.71)  Acc@1: 63.7500 (64.5180)  Acc@5: 90.0000 (90.1400)LR: 2.166e-02
2024-11-17 15:14:19,634 -                train: [    INFO] - Valid: 143 [   0/104]  Loss: 1.161 (1.16)  Acc@1: 66.6667 (66.6667)  Acc@5: 89.5833 (89.5833)
2024-11-17 15:14:21,410 -                train: [    INFO] - Valid: 143 [ 104/104]  Loss: 1.216 (1.27)  Acc@1: 68.7500 (65.3000)  Acc@5: 87.5000 (89.9100)
2024-11-17 15:14:21,461 -                train: [    INFO] - valid_acc 65.300002 - best_valid_acc 66.580002
2024-11-17 15:14:21,895 -                train: [    INFO] - Train: 144 [   0/520]  Loss: 1.621 (1.62)  Acc@1: 67.7083 (67.7083)  Acc@5: 93.7500 (93.7500)LR: 2.161e-02
2024-11-17 15:14:38,322 -                train: [    INFO] - Train: 144 [ 200/520]  Loss: 1.837 (1.68)  Acc@1: 64.5833 (65.2260)  Acc@5: 86.4583 (90.1379)LR: 2.161e-02
2024-11-17 15:14:54,668 -                train: [    INFO] - Train: 144 [ 400/520]  Loss: 1.665 (1.69)  Acc@1: 67.7083 (65.1938)  Acc@5: 92.7083 (90.1652)LR: 2.161e-02
2024-11-17 15:15:04,879 -                train: [    INFO] - Train: 144 [ 520/520]  Loss: 1.759 (1.70)  Acc@1: 62.5000 (65.0520)  Acc@5: 92.5000 (90.1160)LR: 2.161e-02
2024-11-17 15:15:05,300 -                train: [    INFO] - Valid: 144 [   0/104]  Loss: 1.190 (1.19)  Acc@1: 68.7500 (68.7500)  Acc@5: 90.6250 (90.6250)
2024-11-17 15:15:07,029 -                train: [    INFO] - Valid: 144 [ 104/104]  Loss: 1.556 (1.37)  Acc@1: 62.5000 (63.7000)  Acc@5: 81.2500 (89.3200)
2024-11-17 15:15:07,084 -                train: [    INFO] - valid_acc 63.700001 - best_valid_acc 66.580002
2024-11-17 15:15:07,518 -                train: [    INFO] - Train: 145 [   0/520]  Loss: 1.372 (1.37)  Acc@1: 68.7500 (68.7500)  Acc@5: 91.6667 (91.6667)LR: 2.157e-02
2024-11-17 15:15:24,310 -                train: [    INFO] - Train: 145 [ 200/520]  Loss: 2.071 (1.67)  Acc@1: 57.2917 (65.1845)  Acc@5: 85.4167 (90.2571)LR: 2.157e-02
2024-11-17 15:15:41,013 -                train: [    INFO] - Train: 145 [ 400/520]  Loss: 1.491 (1.70)  Acc@1: 64.5833 (64.8795)  Acc@5: 95.8333 (89.9314)LR: 2.157e-02
2024-11-17 15:15:50,920 -                train: [    INFO] - Train: 145 [ 520/520]  Loss: 1.881 (1.70)  Acc@1: 52.5000 (64.8500)  Acc@5: 91.2500 (89.9940)LR: 2.157e-02
2024-11-17 15:15:51,379 -                train: [    INFO] - Valid: 145 [   0/104]  Loss: 1.253 (1.25)  Acc@1: 65.6250 (65.6250)  Acc@5: 87.5000 (87.5000)
2024-11-17 15:15:53,177 -                train: [    INFO] - Valid: 145 [ 104/104]  Loss: 1.065 (1.27)  Acc@1: 75.0000 (64.7800)  Acc@5: 93.7500 (89.7900)
2024-11-17 15:15:53,227 -                train: [    INFO] - valid_acc 64.780001 - best_valid_acc 66.580002
2024-11-17 15:15:53,670 -                train: [    INFO] - Train: 146 [   0/520]  Loss: 1.514 (1.51)  Acc@1: 67.7083 (67.7083)  Acc@5: 92.7083 (92.7083)LR: 2.152e-02
2024-11-17 15:16:10,199 -                train: [    INFO] - Train: 146 [ 200/520]  Loss: 2.190 (1.65)  Acc@1: 58.3333 (65.7390)  Acc@5: 79.1667 (90.6768)LR: 2.152e-02
2024-11-17 15:16:26,955 -                train: [    INFO] - Train: 146 [ 400/520]  Loss: 1.701 (1.68)  Acc@1: 67.7083 (65.1340)  Acc@5: 89.5833 (90.5029)LR: 2.152e-02
2024-11-17 15:16:37,010 -                train: [    INFO] - Train: 146 [ 520/520]  Loss: 1.376 (1.70)  Acc@1: 70.0000 (65.0360)  Acc@5: 95.0000 (90.2720)LR: 2.152e-02
2024-11-17 15:16:37,424 -                train: [    INFO] - Valid: 146 [   0/104]  Loss: 1.250 (1.25)  Acc@1: 69.7917 (69.7917)  Acc@5: 88.5417 (88.5417)
2024-11-17 15:16:39,232 -                train: [    INFO] - Valid: 146 [ 104/104]  Loss: 0.7405 (1.23)  Acc@1: 68.7500 (66.2800)  Acc@5: 100.0000 (90.6500)
2024-11-17 15:16:39,282 -                train: [    INFO] - valid_acc 66.280002 - best_valid_acc 66.580002
2024-11-17 15:16:39,712 -                train: [    INFO] - Train: 147 [   0/520]  Loss: 1.678 (1.68)  Acc@1: 64.5833 (64.5833)  Acc@5: 90.6250 (90.6250)LR: 2.148e-02
2024-11-17 15:16:56,118 -                train: [    INFO] - Train: 147 [ 200/520]  Loss: 1.315 (1.66)  Acc@1: 69.7917 (65.3711)  Acc@5: 94.7917 (90.5576)LR: 2.148e-02
2024-11-17 15:17:12,678 -                train: [    INFO] - Train: 147 [ 400/520]  Loss: 2.119 (1.69)  Acc@1: 51.0417 (65.2328)  Acc@5: 90.6250 (90.1600)LR: 2.148e-02
2024-11-17 15:17:22,437 -                train: [    INFO] - Train: 147 [ 520/520]  Loss: 1.565 (1.71)  Acc@1: 67.5000 (64.8700)  Acc@5: 93.7500 (90.0360)LR: 2.148e-02
2024-11-17 15:17:22,864 -                train: [    INFO] - Valid: 147 [   0/104]  Loss: 0.9727 (0.973)  Acc@1: 66.6667 (66.6667)  Acc@5: 92.7083 (92.7083)
2024-11-17 15:17:24,675 -                train: [    INFO] - Valid: 147 [ 104/104]  Loss: 1.235 (1.20)  Acc@1: 75.0000 (66.7000)  Acc@5: 87.5000 (90.5300)
2024-11-17 15:17:24,783 -                train: [    INFO] - valid_acc 66.700002 - best_valid_acc 66.700002
2024-11-17 15:17:25,326 -                train: [    INFO] - Train: 148 [   0/520]  Loss: 1.426 (1.43)  Acc@1: 66.6667 (66.6667)  Acc@5: 91.6667 (91.6667)LR: 2.143e-02
2024-11-17 15:17:41,721 -                train: [    INFO] - Train: 148 [ 200/520]  Loss: 1.583 (1.66)  Acc@1: 63.5417 (65.4436)  Acc@5: 90.6250 (90.7131)LR: 2.143e-02
2024-11-17 15:17:58,158 -                train: [    INFO] - Train: 148 [ 400/520]  Loss: 1.536 (1.68)  Acc@1: 65.6250 (65.2405)  Acc@5: 92.7083 (90.3237)LR: 2.143e-02
2024-11-17 15:18:08,433 -                train: [    INFO] - Train: 148 [ 520/520]  Loss: 1.573 (1.69)  Acc@1: 70.0000 (65.0160)  Acc@5: 90.0000 (90.1800)LR: 2.143e-02
2024-11-17 15:18:08,865 -                train: [    INFO] - Valid: 148 [   0/104]  Loss: 0.9997 (1.00)  Acc@1: 72.9167 (72.9167)  Acc@5: 92.7083 (92.7083)
2024-11-17 15:18:10,597 -                train: [    INFO] - Valid: 148 [ 104/104]  Loss: 1.321 (1.17)  Acc@1: 75.0000 (67.4600)  Acc@5: 87.5000 (91.1100)
2024-11-17 15:18:10,700 -                train: [    INFO] - valid_acc 67.460002 - best_valid_acc 67.460002
2024-11-17 15:18:11,196 -                train: [    INFO] - Train: 149 [   0/520]  Loss: 1.373 (1.37)  Acc@1: 69.7917 (69.7917)  Acc@5: 96.8750 (96.8750)LR: 2.138e-02
2024-11-17 15:18:27,929 -                train: [    INFO] - Train: 149 [ 200/520]  Loss: 1.647 (1.66)  Acc@1: 63.5417 (65.5784)  Acc@5: 93.7500 (90.6665)LR: 2.138e-02
2024-11-17 15:18:44,844 -                train: [    INFO] - Train: 149 [ 400/520]  Loss: 1.778 (1.68)  Acc@1: 63.5417 (65.2354)  Acc@5: 90.6250 (90.3341)LR: 2.138e-02
2024-11-17 15:18:54,927 -                train: [    INFO] - Train: 149 [ 520/520]  Loss: 1.513 (1.70)  Acc@1: 72.5000 (64.9880)  Acc@5: 92.5000 (90.2440)LR: 2.138e-02
2024-11-17 15:18:55,408 -                train: [    INFO] - Valid: 149 [   0/104]  Loss: 1.165 (1.17)  Acc@1: 67.7083 (67.7083)  Acc@5: 90.6250 (90.6250)
2024-11-17 15:18:57,214 -                train: [    INFO] - Valid: 149 [ 104/104]  Loss: 1.652 (1.20)  Acc@1: 68.7500 (66.6800)  Acc@5: 81.2500 (90.9100)
2024-11-17 15:18:57,264 -                train: [    INFO] - valid_acc 66.680002 - best_valid_acc 67.460002
2024-11-17 15:18:57,748 -                train: [    INFO] - Train: 150 [   0/520]  Loss: 1.573 (1.57)  Acc@1: 60.4167 (60.4167)  Acc@5: 95.8333 (95.8333)LR: 2.134e-02
2024-11-17 15:19:14,738 -                train: [    INFO] - Train: 150 [ 200/520]  Loss: 1.884 (1.68)  Acc@1: 63.5417 (65.2000)  Acc@5: 86.4583 (90.1793)LR: 2.134e-02
2024-11-17 15:19:31,549 -                train: [    INFO] - Train: 150 [ 400/520]  Loss: 1.396 (1.69)  Acc@1: 69.7917 (65.3003)  Acc@5: 92.7083 (90.0977)LR: 2.134e-02
2024-11-17 15:19:41,611 -                train: [    INFO] - Train: 150 [ 520/520]  Loss: 1.717 (1.71)  Acc@1: 60.0000 (64.9640)  Acc@5: 92.5000 (89.9160)LR: 2.134e-02
2024-11-17 15:19:42,082 -                train: [    INFO] - Valid: 150 [   0/104]  Loss: 1.064 (1.06)  Acc@1: 73.9583 (73.9583)  Acc@5: 91.6667 (91.6667)
2024-11-17 15:19:43,855 -                train: [    INFO] - Valid: 150 [ 104/104]  Loss: 1.046 (1.29)  Acc@1: 75.0000 (64.8100)  Acc@5: 81.2500 (90.1500)
2024-11-17 15:19:43,908 -                train: [    INFO] - valid_acc 64.810002 - best_valid_acc 67.460002
2024-11-17 15:19:44,319 -                train: [    INFO] - Train: 151 [   0/520]  Loss: 1.895 (1.90)  Acc@1: 63.5417 (63.5417)  Acc@5: 88.5417 (88.5417)LR: 2.129e-02
2024-11-17 15:20:00,968 -                train: [    INFO] - Train: 151 [ 200/520]  Loss: 1.480 (1.67)  Acc@1: 70.8333 (65.4229)  Acc@5: 90.6250 (90.6198)LR: 2.129e-02
2024-11-17 15:20:17,659 -                train: [    INFO] - Train: 151 [ 400/520]  Loss: 1.968 (1.69)  Acc@1: 61.4583 (65.0249)  Acc@5: 88.5417 (90.3315)LR: 2.129e-02
2024-11-17 15:20:27,745 -                train: [    INFO] - Train: 151 [ 520/520]  Loss: 1.966 (1.69)  Acc@1: 63.7500 (65.0540)  Acc@5: 85.0000 (90.3400)LR: 2.129e-02
2024-11-17 15:20:28,162 -                train: [    INFO] - Valid: 151 [   0/104]  Loss: 1.155 (1.16)  Acc@1: 65.6250 (65.6250)  Acc@5: 92.7083 (92.7083)
2024-11-17 15:20:29,909 -                train: [    INFO] - Valid: 151 [ 104/104]  Loss: 1.297 (1.29)  Acc@1: 68.7500 (64.7500)  Acc@5: 87.5000 (89.7800)
2024-11-17 15:20:29,963 -                train: [    INFO] - valid_acc 64.750002 - best_valid_acc 67.460002
2024-11-17 15:20:30,443 -                train: [    INFO] - Train: 152 [   0/520]  Loss: 1.852 (1.85)  Acc@1: 65.6250 (65.6250)  Acc@5: 89.5833 (89.5833)LR: 2.125e-02
2024-11-17 15:20:47,350 -                train: [    INFO] - Train: 152 [ 200/520]  Loss: 2.002 (1.68)  Acc@1: 61.4583 (65.0238)  Acc@5: 84.3750 (90.5317)LR: 2.125e-02
2024-11-17 15:21:04,051 -                train: [    INFO] - Train: 152 [ 400/520]  Loss: 1.409 (1.70)  Acc@1: 71.8750 (64.8483)  Acc@5: 91.6667 (90.1860)LR: 2.125e-02
2024-11-17 15:21:14,122 -                train: [    INFO] - Train: 152 [ 520/520]  Loss: 1.654 (1.70)  Acc@1: 71.2500 (64.7900)  Acc@5: 90.0000 (90.1060)LR: 2.125e-02
2024-11-17 15:21:14,497 -                train: [    INFO] - Valid: 152 [   0/104]  Loss: 1.286 (1.29)  Acc@1: 68.7500 (68.7500)  Acc@5: 90.6250 (90.6250)
2024-11-17 15:21:16,224 -                train: [    INFO] - Valid: 152 [ 104/104]  Loss: 0.9560 (1.24)  Acc@1: 75.0000 (65.6000)  Acc@5: 93.7500 (90.0300)
2024-11-17 15:21:16,274 -                train: [    INFO] - valid_acc 65.600002 - best_valid_acc 67.460002
2024-11-17 15:21:16,655 -                train: [    INFO] - Train: 153 [   0/520]  Loss: 1.425 (1.42)  Acc@1: 70.8333 (70.8333)  Acc@5: 94.7917 (94.7917)LR: 2.120e-02
2024-11-17 15:21:33,162 -                train: [    INFO] - Train: 153 [ 200/520]  Loss: 1.682 (1.69)  Acc@1: 66.6667 (64.7699)  Acc@5: 91.6667 (90.2363)LR: 2.120e-02
2024-11-17 15:21:49,897 -                train: [    INFO] - Train: 153 [ 400/520]  Loss: 1.668 (1.71)  Acc@1: 64.5833 (64.3989)  Acc@5: 91.6667 (89.9678)LR: 2.120e-02
2024-11-17 15:22:00,006 -                train: [    INFO] - Train: 153 [ 520/520]  Loss: 1.461 (1.72)  Acc@1: 71.2500 (64.3280)  Acc@5: 90.0000 (89.9280)LR: 2.120e-02
2024-11-17 15:22:00,441 -                train: [    INFO] - Valid: 153 [   0/104]  Loss: 0.9153 (0.915)  Acc@1: 69.7917 (69.7917)  Acc@5: 95.8333 (95.8333)
2024-11-17 15:22:02,174 -                train: [    INFO] - Valid: 153 [ 104/104]  Loss: 1.043 (1.20)  Acc@1: 68.7500 (66.0800)  Acc@5: 81.2500 (90.8400)
2024-11-17 15:22:02,225 -                train: [    INFO] - valid_acc 66.080002 - best_valid_acc 67.460002
2024-11-17 15:22:02,610 -                train: [    INFO] - Train: 154 [   0/520]  Loss: 1.798 (1.80)  Acc@1: 62.5000 (62.5000)  Acc@5: 89.5833 (89.5833)LR: 2.115e-02
2024-11-17 15:22:19,458 -                train: [    INFO] - Train: 154 [ 200/520]  Loss: 1.884 (1.69)  Acc@1: 61.4583 (65.0083)  Acc@5: 88.5417 (90.2363)LR: 2.115e-02
2024-11-17 15:22:36,263 -                train: [    INFO] - Train: 154 [ 400/520]  Loss: 1.932 (1.70)  Acc@1: 54.1667 (64.9574)  Acc@5: 86.4583 (90.1055)LR: 2.115e-02
2024-11-17 15:22:46,270 -                train: [    INFO] - Train: 154 [ 520/520]  Loss: 1.608 (1.71)  Acc@1: 65.0000 (64.7520)  Acc@5: 93.7500 (90.0720)LR: 2.115e-02
2024-11-17 15:22:46,694 -                train: [    INFO] - Valid: 154 [   0/104]  Loss: 1.158 (1.16)  Acc@1: 67.7083 (67.7083)  Acc@5: 89.5833 (89.5833)
2024-11-17 15:22:48,455 -                train: [    INFO] - Valid: 154 [ 104/104]  Loss: 1.385 (1.19)  Acc@1: 68.7500 (66.7700)  Acc@5: 87.5000 (90.6800)
2024-11-17 15:22:48,509 -                train: [    INFO] - valid_acc 66.770002 - best_valid_acc 67.460002
2024-11-17 15:22:48,920 -                train: [    INFO] - Train: 155 [   0/520]  Loss: 1.586 (1.59)  Acc@1: 62.5000 (62.5000)  Acc@5: 93.7500 (93.7500)LR: 2.110e-02
2024-11-17 15:23:05,471 -                train: [    INFO] - Train: 155 [ 200/520]  Loss: 1.788 (1.67)  Acc@1: 63.5417 (65.7131)  Acc@5: 90.6250 (90.6095)LR: 2.110e-02
2024-11-17 15:23:22,047 -                train: [    INFO] - Train: 155 [ 400/520]  Loss: 1.993 (1.69)  Acc@1: 57.2917 (65.2146)  Acc@5: 89.5833 (90.3185)LR: 2.110e-02
2024-11-17 15:23:32,124 -                train: [    INFO] - Train: 155 [ 520/520]  Loss: 1.820 (1.70)  Acc@1: 61.2500 (65.0360)  Acc@5: 91.2500 (90.2440)LR: 2.110e-02
2024-11-17 15:23:32,533 -                train: [    INFO] - Valid: 155 [   0/104]  Loss: 1.046 (1.05)  Acc@1: 70.8333 (70.8333)  Acc@5: 94.7917 (94.7917)
2024-11-17 15:23:34,349 -                train: [    INFO] - Valid: 155 [ 104/104]  Loss: 1.743 (1.20)  Acc@1: 56.2500 (66.4400)  Acc@5: 81.2500 (90.7500)
2024-11-17 15:23:34,399 -                train: [    INFO] - valid_acc 66.440002 - best_valid_acc 67.460002
2024-11-17 15:23:34,803 -                train: [    INFO] - Train: 156 [   0/520]  Loss: 1.862 (1.86)  Acc@1: 61.4583 (61.4583)  Acc@5: 85.4167 (85.4167)LR: 2.106e-02
2024-11-17 15:23:51,344 -                train: [    INFO] - Train: 156 [ 200/520]  Loss: 1.653 (1.65)  Acc@1: 62.5000 (65.7908)  Acc@5: 91.6667 (90.6198)LR: 2.106e-02
2024-11-17 15:24:07,837 -                train: [    INFO] - Train: 156 [ 400/520]  Loss: 1.656 (1.67)  Acc@1: 65.6250 (65.1185)  Acc@5: 88.5417 (90.5549)LR: 2.106e-02
2024-11-17 15:24:17,842 -                train: [    INFO] - Train: 156 [ 520/520]  Loss: 1.770 (1.68)  Acc@1: 58.7500 (64.8960)  Acc@5: 92.5000 (90.4020)LR: 2.106e-02
2024-11-17 15:24:18,248 -                train: [    INFO] - Valid: 156 [   0/104]  Loss: 1.066 (1.07)  Acc@1: 67.7083 (67.7083)  Acc@5: 90.6250 (90.6250)
2024-11-17 15:24:19,985 -                train: [    INFO] - Valid: 156 [ 104/104]  Loss: 1.078 (1.26)  Acc@1: 75.0000 (65.4400)  Acc@5: 93.7500 (90.1400)
2024-11-17 15:24:20,036 -                train: [    INFO] - valid_acc 65.440002 - best_valid_acc 67.460002
2024-11-17 15:24:20,471 -                train: [    INFO] - Train: 157 [   0/520]  Loss: 1.323 (1.32)  Acc@1: 69.7917 (69.7917)  Acc@5: 93.7500 (93.7500)LR: 2.101e-02
2024-11-17 15:24:37,288 -                train: [    INFO] - Train: 157 [ 200/520]  Loss: 1.626 (1.70)  Acc@1: 69.7917 (64.8995)  Acc@5: 87.5000 (90.3141)LR: 2.101e-02
2024-11-17 15:24:54,048 -                train: [    INFO] - Train: 157 [ 400/520]  Loss: 1.773 (1.69)  Acc@1: 63.5417 (65.0795)  Acc@5: 89.5833 (90.2483)LR: 2.101e-02
2024-11-17 15:25:04,181 -                train: [    INFO] - Train: 157 [ 520/520]  Loss: 1.673 (1.69)  Acc@1: 71.2500 (65.2260)  Acc@5: 91.2500 (90.2300)LR: 2.101e-02
2024-11-17 15:25:04,572 -                train: [    INFO] - Valid: 157 [   0/104]  Loss: 1.289 (1.29)  Acc@1: 62.5000 (62.5000)  Acc@5: 89.5833 (89.5833)
2024-11-17 15:25:06,310 -                train: [    INFO] - Valid: 157 [ 104/104]  Loss: 1.069 (1.26)  Acc@1: 68.7500 (65.7700)  Acc@5: 93.7500 (90.6800)
2024-11-17 15:25:06,360 -                train: [    INFO] - valid_acc 65.770002 - best_valid_acc 67.460002
2024-11-17 15:25:06,761 -                train: [    INFO] - Train: 158 [   0/520]  Loss: 1.272 (1.27)  Acc@1: 72.9167 (72.9167)  Acc@5: 94.7917 (94.7917)LR: 2.096e-02
2024-11-17 15:25:23,466 -                train: [    INFO] - Train: 158 [ 200/520]  Loss: 1.906 (1.66)  Acc@1: 61.4583 (66.0551)  Acc@5: 88.5417 (90.2881)LR: 2.096e-02
2024-11-17 15:25:40,424 -                train: [    INFO] - Train: 158 [ 400/520]  Loss: 1.623 (1.69)  Acc@1: 66.6667 (65.5601)  Acc@5: 91.6667 (90.1886)LR: 2.096e-02
2024-11-17 15:25:50,317 -                train: [    INFO] - Train: 158 [ 520/520]  Loss: 2.116 (1.69)  Acc@1: 56.2500 (65.4540)  Acc@5: 87.5000 (90.1740)LR: 2.096e-02
2024-11-17 15:25:50,760 -                train: [    INFO] - Valid: 158 [   0/104]  Loss: 1.225 (1.22)  Acc@1: 67.7083 (67.7083)  Acc@5: 88.5417 (88.5417)
2024-11-17 15:25:52,530 -                train: [    INFO] - Valid: 158 [ 104/104]  Loss: 1.170 (1.22)  Acc@1: 68.7500 (66.2600)  Acc@5: 93.7500 (90.6000)
2024-11-17 15:25:52,584 -                train: [    INFO] - valid_acc 66.260002 - best_valid_acc 67.460002
2024-11-17 15:25:52,997 -                train: [    INFO] - Train: 159 [   0/520]  Loss: 1.603 (1.60)  Acc@1: 72.9167 (72.9167)  Acc@5: 93.7500 (93.7500)LR: 2.091e-02
2024-11-17 15:26:09,593 -                train: [    INFO] - Train: 159 [ 200/520]  Loss: 2.107 (1.65)  Acc@1: 56.2500 (65.5524)  Acc@5: 86.4583 (90.6457)LR: 2.091e-02
2024-11-17 15:26:26,062 -                train: [    INFO] - Train: 159 [ 400/520]  Loss: 1.513 (1.68)  Acc@1: 69.7917 (65.2509)  Acc@5: 89.5833 (90.2769)LR: 2.091e-02
2024-11-17 15:26:36,283 -                train: [    INFO] - Train: 159 [ 520/520]  Loss: 1.726 (1.69)  Acc@1: 62.5000 (65.3240)  Acc@5: 93.7500 (90.2000)LR: 2.091e-02
2024-11-17 15:26:36,695 -                train: [    INFO] - Valid: 159 [   0/104]  Loss: 1.107 (1.11)  Acc@1: 67.7083 (67.7083)  Acc@5: 90.6250 (90.6250)
2024-11-17 15:26:38,432 -                train: [    INFO] - Valid: 159 [ 104/104]  Loss: 0.9516 (1.13)  Acc@1: 68.7500 (68.1700)  Acc@5: 93.7500 (91.5800)
2024-11-17 15:26:38,536 -                train: [    INFO] - valid_acc 68.170002 - best_valid_acc 68.170002
2024-11-17 15:26:39,057 -                train: [    INFO] - Train: 160 [   0/520]  Loss: 1.536 (1.54)  Acc@1: 68.7500 (68.7500)  Acc@5: 90.6250 (90.6250)LR: 2.086e-02
2024-11-17 15:26:55,534 -                train: [    INFO] - Train: 160 [ 200/520]  Loss: 1.787 (1.66)  Acc@1: 64.5833 (65.6302)  Acc@5: 89.5833 (90.6250)LR: 2.086e-02
2024-11-17 15:27:12,292 -                train: [    INFO] - Train: 160 [ 400/520]  Loss: 1.494 (1.68)  Acc@1: 66.6667 (65.6016)  Acc@5: 90.6250 (90.3237)LR: 2.086e-02
2024-11-17 15:27:22,315 -                train: [    INFO] - Train: 160 [ 520/520]  Loss: 1.548 (1.69)  Acc@1: 67.5000 (65.1780)  Acc@5: 95.0000 (90.2100)LR: 2.086e-02
2024-11-17 15:27:22,740 -                train: [    INFO] - Valid: 160 [   0/104]  Loss: 1.067 (1.07)  Acc@1: 71.8750 (71.8750)  Acc@5: 93.7500 (93.7500)
2024-11-17 15:27:24,478 -                train: [    INFO] - Valid: 160 [ 104/104]  Loss: 1.005 (1.25)  Acc@1: 68.7500 (65.5500)  Acc@5: 87.5000 (90.2100)
2024-11-17 15:27:24,527 -                train: [    INFO] - valid_acc 65.550002 - best_valid_acc 68.170002
2024-11-17 15:27:24,997 -                train: [    INFO] - Train: 161 [   0/520]  Loss: 1.583 (1.58)  Acc@1: 70.8333 (70.8333)  Acc@5: 87.5000 (87.5000)LR: 2.082e-02
2024-11-17 15:27:42,075 -                train: [    INFO] - Train: 161 [ 200/520]  Loss: 2.181 (1.67)  Acc@1: 57.2917 (65.4695)  Acc@5: 89.5833 (90.3296)LR: 2.082e-02
2024-11-17 15:27:59,302 -                train: [    INFO] - Train: 161 [ 400/520]  Loss: 1.564 (1.68)  Acc@1: 65.6250 (65.2769)  Acc@5: 90.6250 (90.2431)LR: 2.082e-02
2024-11-17 15:28:09,324 -                train: [    INFO] - Train: 161 [ 520/520]  Loss: 1.625 (1.69)  Acc@1: 63.7500 (65.0800)  Acc@5: 95.0000 (90.1260)LR: 2.082e-02
2024-11-17 15:28:09,757 -                train: [    INFO] - Valid: 161 [   0/104]  Loss: 1.169 (1.17)  Acc@1: 67.7083 (67.7083)  Acc@5: 90.6250 (90.6250)
2024-11-17 15:28:11,407 -                train: [    INFO] - Valid: 161 [ 104/104]  Loss: 1.370 (1.25)  Acc@1: 68.7500 (65.7800)  Acc@5: 87.5000 (89.8900)
2024-11-17 15:28:11,461 -                train: [    INFO] - valid_acc 65.780002 - best_valid_acc 68.170002
2024-11-17 15:28:11,960 -                train: [    INFO] - Train: 162 [   0/520]  Loss: 1.294 (1.29)  Acc@1: 75.0000 (75.0000)  Acc@5: 92.7083 (92.7083)LR: 2.077e-02
2024-11-17 15:28:28,793 -                train: [    INFO] - Train: 162 [ 200/520]  Loss: 1.524 (1.66)  Acc@1: 73.9583 (65.7805)  Acc@5: 89.5833 (90.4643)LR: 2.077e-02
2024-11-17 15:28:45,562 -                train: [    INFO] - Train: 162 [ 400/520]  Loss: 1.860 (1.68)  Acc@1: 61.4583 (65.1990)  Acc@5: 87.5000 (90.3496)LR: 2.077e-02
2024-11-17 15:28:55,598 -                train: [    INFO] - Train: 162 [ 520/520]  Loss: 1.716 (1.69)  Acc@1: 65.0000 (64.9020)  Acc@5: 87.5000 (90.2760)LR: 2.077e-02
2024-11-17 15:28:55,998 -                train: [    INFO] - Valid: 162 [   0/104]  Loss: 1.093 (1.09)  Acc@1: 71.8750 (71.8750)  Acc@5: 94.7917 (94.7917)
2024-11-17 15:28:57,642 -                train: [    INFO] - Valid: 162 [ 104/104]  Loss: 1.298 (1.21)  Acc@1: 68.7500 (66.1900)  Acc@5: 81.2500 (90.5900)
2024-11-17 15:28:57,696 -                train: [    INFO] - valid_acc 66.190002 - best_valid_acc 68.170002
2024-11-17 15:28:58,213 -                train: [    INFO] - Train: 163 [   0/520]  Loss: 1.701 (1.70)  Acc@1: 62.5000 (62.5000)  Acc@5: 90.6250 (90.6250)LR: 2.072e-02
2024-11-17 15:29:14,931 -                train: [    INFO] - Train: 163 [ 200/520]  Loss: 2.052 (1.67)  Acc@1: 58.3333 (65.2104)  Acc@5: 86.4583 (90.4747)LR: 2.072e-02
2024-11-17 15:29:31,472 -                train: [    INFO] - Train: 163 [ 400/520]  Loss: 1.473 (1.68)  Acc@1: 65.6250 (65.1990)  Acc@5: 93.7500 (90.3289)LR: 2.072e-02
2024-11-17 15:29:41,650 -                train: [    INFO] - Train: 163 [ 520/520]  Loss: 1.657 (1.70)  Acc@1: 66.2500 (65.0120)  Acc@5: 92.5000 (90.1660)LR: 2.072e-02
2024-11-17 15:29:42,044 -                train: [    INFO] - Valid: 163 [   0/104]  Loss: 1.335 (1.33)  Acc@1: 63.5417 (63.5417)  Acc@5: 89.5833 (89.5833)
2024-11-17 15:29:43,766 -                train: [    INFO] - Valid: 163 [ 104/104]  Loss: 0.8101 (1.21)  Acc@1: 62.5000 (66.7200)  Acc@5: 93.7500 (90.8000)
2024-11-17 15:29:43,821 -                train: [    INFO] - valid_acc 66.720002 - best_valid_acc 68.170002
2024-11-17 15:29:44,354 -                train: [    INFO] - Train: 164 [   0/520]  Loss: 1.523 (1.52)  Acc@1: 66.6667 (66.6667)  Acc@5: 92.7083 (92.7083)LR: 2.067e-02
2024-11-17 15:30:00,762 -                train: [    INFO] - Train: 164 [ 200/520]  Loss: 1.851 (1.66)  Acc@1: 56.2500 (65.5006)  Acc@5: 88.5417 (90.3607)LR: 2.067e-02
2024-11-17 15:30:17,334 -                train: [    INFO] - Train: 164 [ 400/520]  Loss: 1.550 (1.68)  Acc@1: 68.7500 (65.3081)  Acc@5: 88.5417 (90.1418)LR: 2.067e-02
2024-11-17 15:30:27,395 -                train: [    INFO] - Train: 164 [ 520/520]  Loss: 1.309 (1.68)  Acc@1: 73.7500 (65.2580)  Acc@5: 96.2500 (90.1320)LR: 2.067e-02
2024-11-17 15:30:27,784 -                train: [    INFO] - Valid: 164 [   0/104]  Loss: 1.142 (1.14)  Acc@1: 66.6667 (66.6667)  Acc@5: 90.6250 (90.6250)
2024-11-17 15:30:29,468 -                train: [    INFO] - Valid: 164 [ 104/104]  Loss: 1.103 (1.26)  Acc@1: 68.7500 (64.3700)  Acc@5: 87.5000 (90.5800)
2024-11-17 15:30:29,520 -                train: [    INFO] - valid_acc 64.370002 - best_valid_acc 68.170002
2024-11-17 15:30:29,923 -                train: [    INFO] - Train: 165 [   0/520]  Loss: 1.508 (1.51)  Acc@1: 69.7917 (69.7917)  Acc@5: 92.7083 (92.7083)LR: 2.062e-02
2024-11-17 15:30:46,796 -                train: [    INFO] - Train: 165 [ 200/520]  Loss: 1.433 (1.64)  Acc@1: 68.7500 (66.1692)  Acc@5: 93.7500 (90.7338)LR: 2.062e-02
2024-11-17 15:31:03,736 -                train: [    INFO] - Train: 165 [ 400/520]  Loss: 1.728 (1.67)  Acc@1: 61.4583 (65.6250)  Acc@5: 91.6667 (90.3912)LR: 2.062e-02
2024-11-17 15:31:13,803 -                train: [    INFO] - Train: 165 [ 520/520]  Loss: 1.515 (1.68)  Acc@1: 70.0000 (65.4760)  Acc@5: 91.2500 (90.2440)LR: 2.062e-02
2024-11-17 15:31:14,238 -                train: [    INFO] - Valid: 165 [   0/104]  Loss: 1.144 (1.14)  Acc@1: 72.9167 (72.9167)  Acc@5: 91.6667 (91.6667)
2024-11-17 15:31:16,000 -                train: [    INFO] - Valid: 165 [ 104/104]  Loss: 1.183 (1.24)  Acc@1: 75.0000 (65.9000)  Acc@5: 87.5000 (90.0500)
2024-11-17 15:31:16,055 -                train: [    INFO] - valid_acc 65.900002 - best_valid_acc 68.170002
2024-11-17 15:31:16,553 -                train: [    INFO] - Train: 166 [   0/520]  Loss: 1.707 (1.71)  Acc@1: 61.4583 (61.4583)  Acc@5: 88.5417 (88.5417)LR: 2.057e-02
2024-11-17 15:31:33,088 -                train: [    INFO] - Train: 166 [ 200/520]  Loss: 1.784 (1.66)  Acc@1: 57.2917 (65.6976)  Acc@5: 88.5417 (90.4747)LR: 2.057e-02
2024-11-17 15:31:50,165 -                train: [    INFO] - Train: 166 [ 400/520]  Loss: 1.594 (1.68)  Acc@1: 71.8750 (65.4328)  Acc@5: 87.5000 (90.2042)LR: 2.057e-02
2024-11-17 15:32:00,172 -                train: [    INFO] - Train: 166 [ 520/520]  Loss: 2.103 (1.69)  Acc@1: 57.5000 (65.3400)  Acc@5: 87.5000 (90.2580)LR: 2.057e-02
2024-11-17 15:32:00,700 -                train: [    INFO] - Valid: 166 [   0/104]  Loss: 1.259 (1.26)  Acc@1: 66.6667 (66.6667)  Acc@5: 89.5833 (89.5833)
2024-11-17 15:32:02,421 -                train: [    INFO] - Valid: 166 [ 104/104]  Loss: 1.124 (1.27)  Acc@1: 81.2500 (65.4700)  Acc@5: 87.5000 (90.2800)
2024-11-17 15:32:02,476 -                train: [    INFO] - valid_acc 65.470002 - best_valid_acc 68.170002
2024-11-17 15:32:02,948 -                train: [    INFO] - Train: 167 [   0/520]  Loss: 1.490 (1.49)  Acc@1: 66.6667 (66.6667)  Acc@5: 93.7500 (93.7500)LR: 2.052e-02
2024-11-17 15:32:19,413 -                train: [    INFO] - Train: 167 [ 200/520]  Loss: 1.775 (1.64)  Acc@1: 63.5417 (65.9049)  Acc@5: 88.5417 (90.8945)LR: 2.052e-02
2024-11-17 15:32:36,041 -                train: [    INFO] - Train: 167 [ 400/520]  Loss: 1.520 (1.67)  Acc@1: 65.6250 (65.3003)  Acc@5: 93.7500 (90.4588)LR: 2.052e-02
2024-11-17 15:32:46,155 -                train: [    INFO] - Train: 167 [ 520/520]  Loss: 1.760 (1.69)  Acc@1: 66.2500 (64.8760)  Acc@5: 90.0000 (90.2400)LR: 2.052e-02
2024-11-17 15:32:46,555 -                train: [    INFO] - Valid: 167 [   0/104]  Loss: 1.222 (1.22)  Acc@1: 65.6250 (65.6250)  Acc@5: 91.6667 (91.6667)
2024-11-17 15:32:48,369 -                train: [    INFO] - Valid: 167 [ 104/104]  Loss: 1.239 (1.18)  Acc@1: 75.0000 (66.5000)  Acc@5: 87.5000 (90.9900)
2024-11-17 15:32:48,422 -                train: [    INFO] - valid_acc 66.500002 - best_valid_acc 68.170002
2024-11-17 15:32:48,888 -                train: [    INFO] - Train: 168 [   0/520]  Loss: 1.678 (1.68)  Acc@1: 68.7500 (68.7500)  Acc@5: 89.5833 (89.5833)LR: 2.047e-02
2024-11-17 15:33:05,688 -                train: [    INFO] - Train: 168 [ 200/520]  Loss: 1.764 (1.66)  Acc@1: 63.5417 (65.8997)  Acc@5: 93.7500 (90.4695)LR: 2.047e-02
2024-11-17 15:33:22,298 -                train: [    INFO] - Train: 168 [ 400/520]  Loss: 2.209 (1.68)  Acc@1: 56.2500 (65.2717)  Acc@5: 84.3750 (90.2276)LR: 2.047e-02
2024-11-17 15:33:32,352 -                train: [    INFO] - Train: 168 [ 520/520]  Loss: 1.592 (1.69)  Acc@1: 66.2500 (65.1420)  Acc@5: 93.7500 (90.2280)LR: 2.047e-02
2024-11-17 15:33:32,822 -                train: [    INFO] - Valid: 168 [   0/104]  Loss: 1.208 (1.21)  Acc@1: 65.6250 (65.6250)  Acc@5: 89.5833 (89.5833)
2024-11-17 15:33:34,593 -                train: [    INFO] - Valid: 168 [ 104/104]  Loss: 1.701 (1.33)  Acc@1: 68.7500 (64.2100)  Acc@5: 87.5000 (88.9500)
2024-11-17 15:33:34,648 -                train: [    INFO] - valid_acc 64.210002 - best_valid_acc 68.170002
2024-11-17 15:33:35,071 -                train: [    INFO] - Train: 169 [   0/520]  Loss: 1.777 (1.78)  Acc@1: 59.3750 (59.3750)  Acc@5: 90.6250 (90.6250)LR: 2.042e-02
2024-11-17 15:33:51,961 -                train: [    INFO] - Train: 169 [ 200/520]  Loss: 1.690 (1.66)  Acc@1: 67.7083 (65.5784)  Acc@5: 90.6250 (90.5006)LR: 2.042e-02
2024-11-17 15:34:08,957 -                train: [    INFO] - Train: 169 [ 400/520]  Loss: 1.531 (1.67)  Acc@1: 65.6250 (65.5393)  Acc@5: 94.7917 (90.4328)LR: 2.042e-02
2024-11-17 15:34:19,270 -                train: [    INFO] - Train: 169 [ 520/520]  Loss: 1.814 (1.68)  Acc@1: 66.2500 (65.4120)  Acc@5: 91.2500 (90.3540)LR: 2.042e-02
2024-11-17 15:34:19,673 -                train: [    INFO] - Valid: 169 [   0/104]  Loss: 1.053 (1.05)  Acc@1: 69.7917 (69.7917)  Acc@5: 93.7500 (93.7500)
2024-11-17 15:34:21,380 -                train: [    INFO] - Valid: 169 [ 104/104]  Loss: 1.294 (1.22)  Acc@1: 68.7500 (66.5200)  Acc@5: 87.5000 (90.7400)
2024-11-17 15:34:21,434 -                train: [    INFO] - valid_acc 66.520002 - best_valid_acc 68.170002
2024-11-17 15:34:21,852 -                train: [    INFO] - Train: 170 [   0/520]  Loss: 1.326 (1.33)  Acc@1: 77.0833 (77.0833)  Acc@5: 91.6667 (91.6667)LR: 2.037e-02
2024-11-17 15:34:38,663 -                train: [    INFO] - Train: 170 [ 200/520]  Loss: 1.646 (1.64)  Acc@1: 63.5417 (66.2469)  Acc@5: 89.5833 (90.5006)LR: 2.037e-02
2024-11-17 15:34:55,505 -                train: [    INFO] - Train: 170 [ 400/520]  Loss: 1.620 (1.67)  Acc@1: 61.4583 (65.7575)  Acc@5: 90.6250 (90.3782)LR: 2.037e-02
2024-11-17 15:35:05,505 -                train: [    INFO] - Train: 170 [ 520/520]  Loss: 1.977 (1.69)  Acc@1: 58.7500 (65.2460)  Acc@5: 88.7500 (90.2340)LR: 2.037e-02
2024-11-17 15:35:05,891 -                train: [    INFO] - Valid: 170 [   0/104]  Loss: 1.118 (1.12)  Acc@1: 67.7083 (67.7083)  Acc@5: 91.6667 (91.6667)
2024-11-17 15:35:07,524 -                train: [    INFO] - Valid: 170 [ 104/104]  Loss: 1.261 (1.16)  Acc@1: 62.5000 (67.1200)  Acc@5: 93.7500 (91.3500)
2024-11-17 15:35:07,574 -                train: [    INFO] - valid_acc 67.120002 - best_valid_acc 68.170002
2024-11-17 15:35:07,965 -                train: [    INFO] - Train: 171 [   0/520]  Loss: 1.461 (1.46)  Acc@1: 71.8750 (71.8750)  Acc@5: 91.6667 (91.6667)LR: 2.032e-02
2024-11-17 15:35:24,347 -                train: [    INFO] - Train: 171 [ 200/520]  Loss: 1.600 (1.63)  Acc@1: 67.7083 (65.9152)  Acc@5: 88.5417 (90.7494)LR: 2.032e-02
2024-11-17 15:35:41,074 -                train: [    INFO] - Train: 171 [ 400/520]  Loss: 1.821 (1.67)  Acc@1: 58.3333 (65.2146)  Acc@5: 88.5417 (90.4224)LR: 2.032e-02
2024-11-17 15:35:51,028 -                train: [    INFO] - Train: 171 [ 520/520]  Loss: 1.677 (1.69)  Acc@1: 66.2500 (64.9720)  Acc@5: 90.0000 (90.2200)LR: 2.032e-02
2024-11-17 15:35:51,445 -                train: [    INFO] - Valid: 171 [   0/104]  Loss: 1.264 (1.26)  Acc@1: 66.6667 (66.6667)  Acc@5: 86.4583 (86.4583)
2024-11-17 15:35:53,161 -                train: [    INFO] - Valid: 171 [ 104/104]  Loss: 2.000 (1.32)  Acc@1: 56.2500 (64.6900)  Acc@5: 81.2500 (90.0900)
2024-11-17 15:35:53,213 -                train: [    INFO] - valid_acc 64.690002 - best_valid_acc 68.170002
2024-11-17 15:35:53,654 -                train: [    INFO] - Train: 172 [   0/520]  Loss: 1.490 (1.49)  Acc@1: 71.8750 (71.8750)  Acc@5: 90.6250 (90.6250)LR: 2.026e-02
2024-11-17 15:36:10,258 -                train: [    INFO] - Train: 172 [ 200/520]  Loss: 1.952 (1.67)  Acc@1: 63.5417 (65.7908)  Acc@5: 86.4583 (90.3192)LR: 2.026e-02
2024-11-17 15:36:27,533 -                train: [    INFO] - Train: 172 [ 400/520]  Loss: 1.736 (1.67)  Acc@1: 62.5000 (65.8328)  Acc@5: 89.5833 (90.4328)LR: 2.026e-02
2024-11-17 15:36:37,538 -                train: [    INFO] - Train: 172 [ 520/520]  Loss: 1.576 (1.68)  Acc@1: 67.5000 (65.5480)  Acc@5: 92.5000 (90.3680)LR: 2.026e-02
2024-11-17 15:36:37,963 -                train: [    INFO] - Valid: 172 [   0/104]  Loss: 0.9987 (0.999)  Acc@1: 72.9167 (72.9167)  Acc@5: 90.6250 (90.6250)
2024-11-17 15:36:39,709 -                train: [    INFO] - Valid: 172 [ 104/104]  Loss: 1.603 (1.18)  Acc@1: 56.2500 (67.2400)  Acc@5: 87.5000 (90.8800)
2024-11-17 15:36:39,760 -                train: [    INFO] - valid_acc 67.240002 - best_valid_acc 68.170002
2024-11-17 15:36:40,196 -                train: [    INFO] - Train: 173 [   0/520]  Loss: 1.570 (1.57)  Acc@1: 67.7083 (67.7083)  Acc@5: 91.6667 (91.6667)LR: 2.021e-02
2024-11-17 15:36:57,087 -                train: [    INFO] - Train: 173 [ 200/520]  Loss: 1.742 (1.65)  Acc@1: 61.4583 (65.8582)  Acc@5: 90.6250 (90.6302)LR: 2.021e-02
2024-11-17 15:37:14,065 -                train: [    INFO] - Train: 173 [ 400/520]  Loss: 1.736 (1.66)  Acc@1: 66.6667 (65.7445)  Acc@5: 90.6250 (90.5627)LR: 2.021e-02
2024-11-17 15:37:23,885 -                train: [    INFO] - Train: 173 [ 520/520]  Loss: 1.819 (1.68)  Acc@1: 63.7500 (65.4400)  Acc@5: 88.7500 (90.4580)LR: 2.021e-02
2024-11-17 15:37:24,259 -                train: [    INFO] - Valid: 173 [   0/104]  Loss: 1.133 (1.13)  Acc@1: 68.7500 (68.7500)  Acc@5: 89.5833 (89.5833)
2024-11-17 15:37:25,991 -                train: [    INFO] - Valid: 173 [ 104/104]  Loss: 0.8521 (1.28)  Acc@1: 81.2500 (64.7400)  Acc@5: 93.7500 (90.1700)
2024-11-17 15:37:26,039 -                train: [    INFO] - valid_acc 64.740002 - best_valid_acc 68.170002
2024-11-17 15:37:26,453 -                train: [    INFO] - Train: 174 [   0/520]  Loss: 1.439 (1.44)  Acc@1: 73.9583 (73.9583)  Acc@5: 93.7500 (93.7500)LR: 2.016e-02
2024-11-17 15:37:43,031 -                train: [    INFO] - Train: 174 [ 200/520]  Loss: 1.721 (1.64)  Acc@1: 63.5417 (65.9049)  Acc@5: 89.5833 (90.7753)LR: 2.016e-02
2024-11-17 15:37:59,775 -                train: [    INFO] - Train: 174 [ 400/520]  Loss: 1.482 (1.68)  Acc@1: 65.6250 (65.3029)  Acc@5: 92.7083 (90.4432)LR: 2.016e-02
2024-11-17 15:38:09,896 -                train: [    INFO] - Train: 174 [ 520/520]  Loss: 1.725 (1.69)  Acc@1: 63.7500 (65.0880)  Acc@5: 87.5000 (90.3260)LR: 2.016e-02
2024-11-17 15:38:10,414 -                train: [    INFO] - Valid: 174 [   0/104]  Loss: 1.162 (1.16)  Acc@1: 65.6250 (65.6250)  Acc@5: 92.7083 (92.7083)
2024-11-17 15:38:12,144 -                train: [    INFO] - Valid: 174 [ 104/104]  Loss: 1.013 (1.15)  Acc@1: 68.7500 (67.6500)  Acc@5: 93.7500 (91.5900)
2024-11-17 15:38:12,198 -                train: [    INFO] - valid_acc 67.650002 - best_valid_acc 68.170002
2024-11-17 15:38:12,681 -                train: [    INFO] - Train: 175 [   0/520]  Loss: 1.339 (1.34)  Acc@1: 72.9167 (72.9167)  Acc@5: 92.7083 (92.7083)LR: 2.011e-02
2024-11-17 15:38:29,200 -                train: [    INFO] - Train: 175 [ 200/520]  Loss: 1.692 (1.64)  Acc@1: 62.5000 (66.0033)  Acc@5: 90.6250 (90.8478)LR: 2.011e-02
2024-11-17 15:38:45,937 -                train: [    INFO] - Train: 175 [ 400/520]  Loss: 1.277 (1.69)  Acc@1: 77.0833 (65.1626)  Acc@5: 92.7083 (90.1834)LR: 2.011e-02
2024-11-17 15:38:56,057 -                train: [    INFO] - Train: 175 [ 520/520]  Loss: 1.307 (1.69)  Acc@1: 73.7500 (65.1540)  Acc@5: 93.7500 (90.0860)LR: 2.011e-02
2024-11-17 15:38:56,429 -                train: [    INFO] - Valid: 175 [   0/104]  Loss: 1.144 (1.14)  Acc@1: 63.5417 (63.5417)  Acc@5: 89.5833 (89.5833)
2024-11-17 15:38:58,174 -                train: [    INFO] - Valid: 175 [ 104/104]  Loss: 1.266 (1.31)  Acc@1: 68.7500 (64.4700)  Acc@5: 93.7500 (90.3900)
2024-11-17 15:38:58,227 -                train: [    INFO] - valid_acc 64.470002 - best_valid_acc 68.170002
2024-11-17 15:38:58,612 -                train: [    INFO] - Train: 176 [   0/520]  Loss: 1.435 (1.44)  Acc@1: 63.5417 (63.5417)  Acc@5: 94.7917 (94.7917)LR: 2.006e-02
2024-11-17 15:39:15,094 -                train: [    INFO] - Train: 176 [ 200/520]  Loss: 1.492 (1.65)  Acc@1: 61.4583 (65.7390)  Acc@5: 92.7083 (90.5680)LR: 2.006e-02
2024-11-17 15:39:31,656 -                train: [    INFO] - Train: 176 [ 400/520]  Loss: 1.825 (1.68)  Acc@1: 62.5000 (65.3678)  Acc@5: 90.6250 (90.2613)LR: 2.006e-02
2024-11-17 15:39:41,432 -                train: [    INFO] - Train: 176 [ 520/520]  Loss: 1.645 (1.68)  Acc@1: 65.0000 (65.4200)  Acc@5: 90.0000 (90.2740)LR: 2.006e-02
2024-11-17 15:39:41,831 -                train: [    INFO] - Valid: 176 [   0/104]  Loss: 1.105 (1.10)  Acc@1: 66.6667 (66.6667)  Acc@5: 88.5417 (88.5417)
2024-11-17 15:39:43,621 -                train: [    INFO] - Valid: 176 [ 104/104]  Loss: 0.9189 (1.15)  Acc@1: 75.0000 (68.2200)  Acc@5: 87.5000 (91.2800)
2024-11-17 15:39:43,725 -                train: [    INFO] - valid_acc 68.220002 - best_valid_acc 68.220002
2024-11-17 15:39:44,160 -                train: [    INFO] - Train: 177 [   0/520]  Loss: 1.595 (1.60)  Acc@1: 68.7500 (68.7500)  Acc@5: 91.6667 (91.6667)LR: 2.001e-02
2024-11-17 15:40:00,955 -                train: [    INFO] - Train: 177 [ 200/520]  Loss: 1.522 (1.66)  Acc@1: 70.8333 (65.7805)  Acc@5: 90.6250 (90.6405)LR: 2.001e-02
2024-11-17 15:40:17,739 -                train: [    INFO] - Train: 177 [ 400/520]  Loss: 1.588 (1.69)  Acc@1: 62.5000 (65.5133)  Acc@5: 91.6667 (90.3548)LR: 2.001e-02
2024-11-17 15:40:27,715 -                train: [    INFO] - Train: 177 [ 520/520]  Loss: 1.984 (1.69)  Acc@1: 56.2500 (65.3600)  Acc@5: 82.5000 (90.3120)LR: 2.001e-02
2024-11-17 15:40:28,125 -                train: [    INFO] - Valid: 177 [   0/104]  Loss: 1.020 (1.02)  Acc@1: 66.6667 (66.6667)  Acc@5: 91.6667 (91.6667)
2024-11-17 15:40:29,890 -                train: [    INFO] - Valid: 177 [ 104/104]  Loss: 1.024 (1.13)  Acc@1: 75.0000 (68.6800)  Acc@5: 93.7500 (91.1400)
2024-11-17 15:40:29,998 -                train: [    INFO] - valid_acc 68.680002 - best_valid_acc 68.680002
2024-11-17 15:40:30,445 -                train: [    INFO] - Train: 178 [   0/520]  Loss: 1.924 (1.92)  Acc@1: 63.5417 (63.5417)  Acc@5: 89.5833 (89.5833)LR: 1.995e-02
2024-11-17 15:40:47,206 -                train: [    INFO] - Train: 178 [ 200/520]  Loss: 1.847 (1.67)  Acc@1: 59.3750 (65.5887)  Acc@5: 89.5833 (90.5058)LR: 1.995e-02
2024-11-17 15:41:04,004 -                train: [    INFO] - Train: 178 [ 400/520]  Loss: 1.416 (1.68)  Acc@1: 69.7917 (65.4198)  Acc@5: 94.7917 (90.4847)LR: 1.995e-02
2024-11-17 15:41:14,114 -                train: [    INFO] - Train: 178 [ 520/520]  Loss: 1.767 (1.68)  Acc@1: 60.0000 (65.2980)  Acc@5: 90.0000 (90.4960)LR: 1.995e-02
2024-11-17 15:41:14,501 -                train: [    INFO] - Valid: 178 [   0/104]  Loss: 1.256 (1.26)  Acc@1: 70.8333 (70.8333)  Acc@5: 89.5833 (89.5833)
2024-11-17 15:41:16,306 -                train: [    INFO] - Valid: 178 [ 104/104]  Loss: 1.706 (1.23)  Acc@1: 68.7500 (65.4600)  Acc@5: 87.5000 (90.6600)
2024-11-17 15:41:16,363 -                train: [    INFO] - valid_acc 65.460002 - best_valid_acc 68.680002
2024-11-17 15:41:16,910 -                train: [    INFO] - Train: 179 [   0/520]  Loss: 2.179 (2.18)  Acc@1: 56.2500 (56.2500)  Acc@5: 83.3333 (83.3333)LR: 1.990e-02
2024-11-17 15:41:33,955 -                train: [    INFO] - Train: 179 [ 200/520]  Loss: 1.726 (1.65)  Acc@1: 63.5417 (66.0759)  Acc@5: 89.5833 (90.4229)LR: 1.990e-02
2024-11-17 15:41:50,893 -                train: [    INFO] - Train: 179 [ 400/520]  Loss: 1.606 (1.67)  Acc@1: 70.8333 (65.5341)  Acc@5: 87.5000 (90.1288)LR: 1.990e-02
2024-11-17 15:42:00,847 -                train: [    INFO] - Train: 179 [ 520/520]  Loss: 2.195 (1.69)  Acc@1: 51.2500 (65.3120)  Acc@5: 86.2500 (90.0980)LR: 1.990e-02
2024-11-17 15:42:01,339 -                train: [    INFO] - Valid: 179 [   0/104]  Loss: 1.310 (1.31)  Acc@1: 67.7083 (67.7083)  Acc@5: 88.5417 (88.5417)
2024-11-17 15:42:03,127 -                train: [    INFO] - Valid: 179 [ 104/104]  Loss: 1.322 (1.23)  Acc@1: 68.7500 (65.8600)  Acc@5: 87.5000 (90.4000)
2024-11-17 15:42:03,176 -                train: [    INFO] - valid_acc 65.860002 - best_valid_acc 68.680002
2024-11-17 15:42:03,720 -                train: [    INFO] - Train: 180 [   0/520]  Loss: 1.765 (1.77)  Acc@1: 64.5833 (64.5833)  Acc@5: 86.4583 (86.4583)LR: 1.985e-02
2024-11-17 15:42:20,049 -                train: [    INFO] - Train: 180 [ 200/520]  Loss: 2.021 (1.62)  Acc@1: 53.1250 (66.5682)  Acc@5: 90.6250 (90.8478)LR: 1.985e-02
2024-11-17 15:42:36,706 -                train: [    INFO] - Train: 180 [ 400/520]  Loss: 1.847 (1.67)  Acc@1: 58.3333 (65.5730)  Acc@5: 89.5833 (90.4484)LR: 1.985e-02
2024-11-17 15:42:46,696 -                train: [    INFO] - Train: 180 [ 520/520]  Loss: 1.592 (1.68)  Acc@1: 66.2500 (65.1940)  Acc@5: 90.0000 (90.2560)LR: 1.985e-02
2024-11-17 15:42:47,228 -                train: [    INFO] - Valid: 180 [   0/104]  Loss: 1.417 (1.42)  Acc@1: 62.5000 (62.5000)  Acc@5: 89.5833 (89.5833)
2024-11-17 15:42:48,989 -                train: [    INFO] - Valid: 180 [ 104/104]  Loss: 1.047 (1.32)  Acc@1: 75.0000 (64.0100)  Acc@5: 93.7500 (89.9100)
2024-11-17 15:42:49,043 -                train: [    INFO] - valid_acc 64.010002 - best_valid_acc 68.680002
2024-11-17 15:42:49,564 -                train: [    INFO] - Train: 181 [   0/520]  Loss: 1.626 (1.63)  Acc@1: 67.7083 (67.7083)  Acc@5: 92.7083 (92.7083)LR: 1.979e-02
2024-11-17 15:43:06,460 -                train: [    INFO] - Train: 181 [ 200/520]  Loss: 1.421 (1.64)  Acc@1: 76.0417 (66.0914)  Acc@5: 90.6250 (90.8012)LR: 1.979e-02
2024-11-17 15:43:23,698 -                train: [    INFO] - Train: 181 [ 400/520]  Loss: 1.904 (1.66)  Acc@1: 55.2083 (65.6640)  Acc@5: 87.5000 (90.6198)LR: 1.979e-02
2024-11-17 15:43:33,784 -                train: [    INFO] - Train: 181 [ 520/520]  Loss: 1.960 (1.68)  Acc@1: 60.0000 (65.1560)  Acc@5: 87.5000 (90.4220)LR: 1.979e-02
2024-11-17 15:43:34,301 -                train: [    INFO] - Valid: 181 [   0/104]  Loss: 1.041 (1.04)  Acc@1: 67.7083 (67.7083)  Acc@5: 94.7917 (94.7917)
2024-11-17 15:43:36,034 -                train: [    INFO] - Valid: 181 [ 104/104]  Loss: 1.001 (1.14)  Acc@1: 81.2500 (68.1600)  Acc@5: 87.5000 (91.4800)
2024-11-17 15:43:36,087 -                train: [    INFO] - valid_acc 68.160002 - best_valid_acc 68.680002
2024-11-17 15:43:36,631 -                train: [    INFO] - Train: 182 [   0/520]  Loss: 1.403 (1.40)  Acc@1: 72.9167 (72.9167)  Acc@5: 92.7083 (92.7083)LR: 1.974e-02
2024-11-17 15:43:53,681 -                train: [    INFO] - Train: 182 [ 200/520]  Loss: 1.511 (1.67)  Acc@1: 68.7500 (65.0238)  Acc@5: 91.6667 (90.4333)LR: 1.974e-02
2024-11-17 15:44:11,039 -                train: [    INFO] - Train: 182 [ 400/520]  Loss: 2.018 (1.69)  Acc@1: 55.2083 (64.9366)  Acc@5: 92.7083 (90.2120)LR: 1.974e-02
2024-11-17 15:44:21,565 -                train: [    INFO] - Train: 182 [ 520/520]  Loss: 1.243 (1.69)  Acc@1: 71.2500 (65.0440)  Acc@5: 96.2500 (90.2860)LR: 1.974e-02
2024-11-17 15:44:22,124 -                train: [    INFO] - Valid: 182 [   0/104]  Loss: 1.089 (1.09)  Acc@1: 70.8333 (70.8333)  Acc@5: 91.6667 (91.6667)
2024-11-17 15:44:24,058 -                train: [    INFO] - Valid: 182 [ 104/104]  Loss: 1.027 (1.23)  Acc@1: 81.2500 (65.5600)  Acc@5: 93.7500 (90.8000)
2024-11-17 15:44:24,117 -                train: [    INFO] - valid_acc 65.560002 - best_valid_acc 68.680002
2024-11-17 15:44:24,718 -                train: [    INFO] - Train: 183 [   0/520]  Loss: 1.868 (1.87)  Acc@1: 61.4583 (61.4583)  Acc@5: 86.4583 (86.4583)LR: 1.969e-02
2024-11-17 15:44:42,723 -                train: [    INFO] - Train: 183 [ 200/520]  Loss: 1.442 (1.65)  Acc@1: 73.9583 (65.8219)  Acc@5: 93.7500 (90.5991)LR: 1.969e-02
2024-11-17 15:45:00,243 -                train: [    INFO] - Train: 183 [ 400/520]  Loss: 1.982 (1.66)  Acc@1: 55.2083 (65.7419)  Acc@5: 88.5417 (90.4302)LR: 1.969e-02
2024-11-17 15:45:10,108 -                train: [    INFO] - Train: 183 [ 520/520]  Loss: 1.944 (1.68)  Acc@1: 62.5000 (65.4140)  Acc@5: 88.7500 (90.2200)LR: 1.969e-02
2024-11-17 15:45:10,676 -                train: [    INFO] - Valid: 183 [   0/104]  Loss: 1.140 (1.14)  Acc@1: 65.6250 (65.6250)  Acc@5: 91.6667 (91.6667)
2024-11-17 15:45:12,411 -                train: [    INFO] - Valid: 183 [ 104/104]  Loss: 0.9433 (1.18)  Acc@1: 75.0000 (67.4700)  Acc@5: 93.7500 (91.0300)
2024-11-17 15:45:12,474 -                train: [    INFO] - valid_acc 67.470002 - best_valid_acc 68.680002
2024-11-17 15:45:12,992 -                train: [    INFO] - Train: 184 [   0/520]  Loss: 1.909 (1.91)  Acc@1: 65.6250 (65.6250)  Acc@5: 86.4583 (86.4583)LR: 1.963e-02
2024-11-17 15:45:29,979 -                train: [    INFO] - Train: 184 [ 200/520]  Loss: 1.498 (1.62)  Acc@1: 62.5000 (66.7340)  Acc@5: 93.7500 (90.7857)LR: 1.963e-02
2024-11-17 15:45:47,384 -                train: [    INFO] - Train: 184 [ 400/520]  Loss: 1.717 (1.66)  Acc@1: 66.6667 (65.7887)  Acc@5: 88.5417 (90.4198)LR: 1.963e-02
2024-11-17 15:45:57,526 -                train: [    INFO] - Train: 184 [ 520/520]  Loss: 1.893 (1.67)  Acc@1: 62.5000 (65.4700)  Acc@5: 91.2500 (90.4560)LR: 1.963e-02
2024-11-17 15:45:58,084 -                train: [    INFO] - Valid: 184 [   0/104]  Loss: 1.116 (1.12)  Acc@1: 70.8333 (70.8333)  Acc@5: 90.6250 (90.6250)
2024-11-17 15:45:59,838 -                train: [    INFO] - Valid: 184 [ 104/104]  Loss: 1.271 (1.22)  Acc@1: 75.0000 (66.0200)  Acc@5: 93.7500 (90.4900)
2024-11-17 15:45:59,905 -                train: [    INFO] - valid_acc 66.020002 - best_valid_acc 68.680002
2024-11-17 15:46:00,510 -                train: [    INFO] - Train: 185 [   0/520]  Loss: 1.707 (1.71)  Acc@1: 62.5000 (62.5000)  Acc@5: 87.5000 (87.5000)LR: 1.958e-02
2024-11-17 15:46:17,708 -                train: [    INFO] - Train: 185 [ 200/520]  Loss: 1.895 (1.66)  Acc@1: 62.5000 (65.7649)  Acc@5: 86.4583 (90.6509)LR: 1.958e-02
2024-11-17 15:46:34,487 -                train: [    INFO] - Train: 185 [ 400/520]  Loss: 1.769 (1.67)  Acc@1: 63.5417 (65.4847)  Acc@5: 89.5833 (90.2717)LR: 1.958e-02
2024-11-17 15:46:44,338 -                train: [    INFO] - Train: 185 [ 520/520]  Loss: 1.811 (1.68)  Acc@1: 62.5000 (65.2500)  Acc@5: 96.2500 (90.3200)LR: 1.958e-02
2024-11-17 15:46:44,755 -                train: [    INFO] - Valid: 185 [   0/104]  Loss: 1.381 (1.38)  Acc@1: 67.7083 (67.7083)  Acc@5: 87.5000 (87.5000)
2024-11-17 15:46:46,515 -                train: [    INFO] - Valid: 185 [ 104/104]  Loss: 0.9377 (1.22)  Acc@1: 81.2500 (65.9700)  Acc@5: 87.5000 (90.5800)
2024-11-17 15:46:46,577 -                train: [    INFO] - valid_acc 65.970002 - best_valid_acc 68.680002
2024-11-17 15:46:47,071 -                train: [    INFO] - Train: 186 [   0/520]  Loss: 1.603 (1.60)  Acc@1: 64.5833 (64.5833)  Acc@5: 93.7500 (93.7500)LR: 1.953e-02
2024-11-17 15:47:03,844 -                train: [    INFO] - Train: 186 [ 200/520]  Loss: 1.531 (1.62)  Acc@1: 67.7083 (66.7548)  Acc@5: 92.7083 (90.9308)LR: 1.953e-02
2024-11-17 15:47:20,697 -                train: [    INFO] - Train: 186 [ 400/520]  Loss: 1.875 (1.66)  Acc@1: 62.5000 (65.6328)  Acc@5: 89.5833 (90.6458)LR: 1.953e-02
2024-11-17 15:47:30,696 -                train: [    INFO] - Train: 186 [ 520/520]  Loss: 1.613 (1.67)  Acc@1: 62.5000 (65.5360)  Acc@5: 92.5000 (90.6200)LR: 1.953e-02
2024-11-17 15:47:31,209 -                train: [    INFO] - Valid: 186 [   0/104]  Loss: 1.330 (1.33)  Acc@1: 62.5000 (62.5000)  Acc@5: 90.6250 (90.6250)
2024-11-17 15:47:32,980 -                train: [    INFO] - Valid: 186 [ 104/104]  Loss: 0.7394 (1.23)  Acc@1: 75.0000 (65.6100)  Acc@5: 100.0000 (90.9000)
2024-11-17 15:47:33,048 -                train: [    INFO] - valid_acc 65.610002 - best_valid_acc 68.680002
2024-11-17 15:47:33,632 -                train: [    INFO] - Train: 187 [   0/520]  Loss: 1.989 (1.99)  Acc@1: 54.1667 (54.1667)  Acc@5: 89.5833 (89.5833)LR: 1.947e-02
2024-11-17 15:47:50,610 -                train: [    INFO] - Train: 187 [ 200/520]  Loss: 1.684 (1.67)  Acc@1: 64.5833 (65.0705)  Acc@5: 91.6667 (90.7079)LR: 1.947e-02
2024-11-17 15:48:07,397 -                train: [    INFO] - Train: 187 [ 400/520]  Loss: 1.383 (1.67)  Acc@1: 68.7500 (65.2925)  Acc@5: 92.7083 (90.3626)LR: 1.947e-02
2024-11-17 15:48:17,267 -                train: [    INFO] - Train: 187 [ 520/520]  Loss: 1.658 (1.68)  Acc@1: 65.0000 (65.2000)  Acc@5: 90.0000 (90.3020)LR: 1.947e-02
2024-11-17 15:48:17,887 -                train: [    INFO] - Valid: 187 [   0/104]  Loss: 1.210 (1.21)  Acc@1: 65.6250 (65.6250)  Acc@5: 89.5833 (89.5833)
2024-11-17 15:48:19,622 -                train: [    INFO] - Valid: 187 [ 104/104]  Loss: 1.475 (1.24)  Acc@1: 62.5000 (65.8400)  Acc@5: 87.5000 (90.4800)
2024-11-17 15:48:19,682 -                train: [    INFO] - valid_acc 65.840002 - best_valid_acc 68.680002
2024-11-17 15:48:20,136 -                train: [    INFO] - Train: 188 [   0/520]  Loss: 1.607 (1.61)  Acc@1: 63.5417 (63.5417)  Acc@5: 87.5000 (87.5000)LR: 1.942e-02
2024-11-17 15:48:37,171 -                train: [    INFO] - Train: 188 [ 200/520]  Loss: 1.386 (1.64)  Acc@1: 71.8750 (66.0448)  Acc@5: 95.8333 (90.7183)LR: 1.942e-02
2024-11-17 15:48:54,082 -                train: [    INFO] - Train: 188 [ 400/520]  Loss: 1.693 (1.66)  Acc@1: 65.6250 (65.8770)  Acc@5: 90.6250 (90.4328)LR: 1.942e-02
2024-11-17 15:49:04,135 -                train: [    INFO] - Train: 188 [ 520/520]  Loss: 2.053 (1.66)  Acc@1: 61.2500 (65.6000)  Acc@5: 86.2500 (90.3820)LR: 1.942e-02
2024-11-17 15:49:04,649 -                train: [    INFO] - Valid: 188 [   0/104]  Loss: 1.045 (1.05)  Acc@1: 68.7500 (68.7500)  Acc@5: 92.7083 (92.7083)
2024-11-17 15:49:06,400 -                train: [    INFO] - Valid: 188 [ 104/104]  Loss: 1.574 (1.14)  Acc@1: 68.7500 (68.0100)  Acc@5: 81.2500 (91.3400)
2024-11-17 15:49:06,465 -                train: [    INFO] - valid_acc 68.010002 - best_valid_acc 68.680002
2024-11-17 15:49:07,008 -                train: [    INFO] - Train: 189 [   0/520]  Loss: 1.674 (1.67)  Acc@1: 64.5833 (64.5833)  Acc@5: 93.7500 (93.7500)LR: 1.936e-02
2024-11-17 15:49:23,937 -                train: [    INFO] - Train: 189 [ 200/520]  Loss: 1.803 (1.64)  Acc@1: 56.2500 (66.3454)  Acc@5: 93.7500 (90.7183)LR: 1.936e-02
2024-11-17 15:49:40,582 -                train: [    INFO] - Train: 189 [ 400/520]  Loss: 1.615 (1.66)  Acc@1: 69.7917 (65.7887)  Acc@5: 91.6667 (90.4458)LR: 1.936e-02
2024-11-17 15:49:50,777 -                train: [    INFO] - Train: 189 [ 520/520]  Loss: 1.821 (1.67)  Acc@1: 63.7500 (65.6820)  Acc@5: 87.5000 (90.4860)LR: 1.936e-02
2024-11-17 15:49:51,264 -                train: [    INFO] - Valid: 189 [   0/104]  Loss: 1.163 (1.16)  Acc@1: 65.6250 (65.6250)  Acc@5: 93.7500 (93.7500)
2024-11-17 15:49:53,192 -                train: [    INFO] - Valid: 189 [ 104/104]  Loss: 1.068 (1.27)  Acc@1: 68.7500 (66.1100)  Acc@5: 93.7500 (90.2500)
2024-11-17 15:49:53,257 -                train: [    INFO] - valid_acc 66.110002 - best_valid_acc 68.680002
2024-11-17 15:49:53,865 -                train: [    INFO] - Train: 190 [   0/520]  Loss: 1.489 (1.49)  Acc@1: 66.6667 (66.6667)  Acc@5: 93.7500 (93.7500)LR: 1.931e-02
2024-11-17 15:50:10,923 -                train: [    INFO] - Train: 190 [ 200/520]  Loss: 1.386 (1.66)  Acc@1: 72.9167 (65.5732)  Acc@5: 96.8750 (90.6768)LR: 1.931e-02
2024-11-17 15:50:27,129 -                train: [    INFO] - Train: 190 [ 400/520]  Loss: 1.341 (1.67)  Acc@1: 78.1250 (65.6640)  Acc@5: 90.6250 (90.5107)LR: 1.931e-02
2024-11-17 15:50:37,092 -                train: [    INFO] - Train: 190 [ 520/520]  Loss: 1.907 (1.67)  Acc@1: 55.0000 (65.6460)  Acc@5: 90.0000 (90.4240)LR: 1.931e-02
2024-11-17 15:50:37,630 -                train: [    INFO] - Valid: 190 [   0/104]  Loss: 1.160 (1.16)  Acc@1: 68.7500 (68.7500)  Acc@5: 89.5833 (89.5833)
2024-11-17 15:50:39,427 -                train: [    INFO] - Valid: 190 [ 104/104]  Loss: 1.281 (1.20)  Acc@1: 62.5000 (66.1200)  Acc@5: 93.7500 (91.0700)
2024-11-17 15:50:39,487 -                train: [    INFO] - valid_acc 66.120002 - best_valid_acc 68.680002
2024-11-17 15:50:39,902 -                train: [    INFO] - Train: 191 [   0/520]  Loss: 1.874 (1.87)  Acc@1: 61.4583 (61.4583)  Acc@5: 85.4167 (85.4167)LR: 1.925e-02
2024-11-17 15:50:56,927 -                train: [    INFO] - Train: 191 [ 200/520]  Loss: 1.665 (1.64)  Acc@1: 58.3333 (66.2054)  Acc@5: 93.7500 (90.8064)LR: 1.925e-02
2024-11-17 15:51:13,653 -                train: [    INFO] - Train: 191 [ 400/520]  Loss: 1.865 (1.66)  Acc@1: 63.5417 (65.7445)  Acc@5: 88.5417 (90.4821)LR: 1.925e-02
2024-11-17 15:51:23,534 -                train: [    INFO] - Train: 191 [ 520/520]  Loss: 2.011 (1.67)  Acc@1: 56.2500 (65.6520)  Acc@5: 82.5000 (90.3420)LR: 1.925e-02
2024-11-17 15:51:24,117 -                train: [    INFO] - Valid: 191 [   0/104]  Loss: 0.9330 (0.933)  Acc@1: 75.0000 (75.0000)  Acc@5: 94.7917 (94.7917)
2024-11-17 15:51:25,927 -                train: [    INFO] - Valid: 191 [ 104/104]  Loss: 1.316 (1.18)  Acc@1: 62.5000 (66.9600)  Acc@5: 87.5000 (91.1000)
2024-11-17 15:51:25,992 -                train: [    INFO] - valid_acc 66.960002 - best_valid_acc 68.680002
2024-11-17 15:51:26,576 -                train: [    INFO] - Train: 192 [   0/520]  Loss: 1.819 (1.82)  Acc@1: 63.5417 (63.5417)  Acc@5: 87.5000 (87.5000)LR: 1.920e-02
2024-11-17 15:51:43,465 -                train: [    INFO] - Train: 192 [ 200/520]  Loss: 1.780 (1.66)  Acc@1: 61.4583 (65.4954)  Acc@5: 91.6667 (90.3607)LR: 1.920e-02
2024-11-17 15:52:00,362 -                train: [    INFO] - Train: 192 [ 400/520]  Loss: 1.639 (1.67)  Acc@1: 63.5417 (65.2847)  Acc@5: 89.5833 (90.3574)LR: 1.920e-02
2024-11-17 15:52:10,497 -                train: [    INFO] - Train: 192 [ 520/520]  Loss: 1.458 (1.67)  Acc@1: 70.0000 (65.3520)  Acc@5: 92.5000 (90.2440)LR: 1.920e-02
2024-11-17 15:52:10,937 -                train: [    INFO] - Valid: 192 [   0/104]  Loss: 0.9938 (0.994)  Acc@1: 71.8750 (71.8750)  Acc@5: 95.8333 (95.8333)
2024-11-17 15:52:12,728 -                train: [    INFO] - Valid: 192 [ 104/104]  Loss: 1.499 (1.10)  Acc@1: 68.7500 (69.2500)  Acc@5: 87.5000 (92.2600)
2024-11-17 15:52:12,844 -                train: [    INFO] - valid_acc 69.250002 - best_valid_acc 69.250002
2024-11-17 15:52:13,346 -                train: [    INFO] - Train: 193 [   0/520]  Loss: 1.291 (1.29)  Acc@1: 71.8750 (71.8750)  Acc@5: 93.7500 (93.7500)LR: 1.914e-02
2024-11-17 15:52:30,091 -                train: [    INFO] - Train: 193 [ 200/520]  Loss: 1.533 (1.64)  Acc@1: 68.7500 (66.0033)  Acc@5: 91.6667 (90.6354)LR: 1.914e-02
2024-11-17 15:52:46,568 -                train: [    INFO] - Train: 193 [ 400/520]  Loss: 1.916 (1.66)  Acc@1: 62.5000 (65.5860)  Acc@5: 86.4583 (90.4795)LR: 1.914e-02
2024-11-17 15:52:56,633 -                train: [    INFO] - Train: 193 [ 520/520]  Loss: 2.133 (1.67)  Acc@1: 58.7500 (65.3800)  Acc@5: 86.2500 (90.3240)LR: 1.914e-02
2024-11-17 15:52:57,123 -                train: [    INFO] - Valid: 193 [   0/104]  Loss: 1.004 (1.00)  Acc@1: 68.7500 (68.7500)  Acc@5: 94.7917 (94.7917)
2024-11-17 15:52:58,949 -                train: [    INFO] - Valid: 193 [ 104/104]  Loss: 1.226 (1.29)  Acc@1: 75.0000 (64.6600)  Acc@5: 81.2500 (89.6500)
2024-11-17 15:52:59,009 -                train: [    INFO] - valid_acc 64.660002 - best_valid_acc 69.250002
2024-11-17 15:52:59,490 -                train: [    INFO] - Train: 194 [   0/520]  Loss: 1.776 (1.78)  Acc@1: 58.3333 (58.3333)  Acc@5: 89.5833 (89.5833)LR: 1.909e-02
2024-11-17 15:53:16,496 -                train: [    INFO] - Train: 194 [ 200/520]  Loss: 2.214 (1.65)  Acc@1: 57.2917 (65.8427)  Acc@5: 86.4583 (90.2933)LR: 1.909e-02
2024-11-17 15:53:32,936 -                train: [    INFO] - Train: 194 [ 400/520]  Loss: 1.702 (1.67)  Acc@1: 62.5000 (65.5886)  Acc@5: 88.5417 (90.2328)LR: 1.909e-02
2024-11-17 15:53:42,921 -                train: [    INFO] - Train: 194 [ 520/520]  Loss: 1.916 (1.67)  Acc@1: 63.7500 (65.5620)  Acc@5: 88.7500 (90.3120)LR: 1.909e-02
2024-11-17 15:53:43,333 -                train: [    INFO] - Valid: 194 [   0/104]  Loss: 1.218 (1.22)  Acc@1: 67.7083 (67.7083)  Acc@5: 90.6250 (90.6250)
2024-11-17 15:53:45,065 -                train: [    INFO] - Valid: 194 [ 104/104]  Loss: 1.688 (1.32)  Acc@1: 50.0000 (63.9700)  Acc@5: 81.2500 (89.2000)
2024-11-17 15:53:45,128 -                train: [    INFO] - valid_acc 63.970002 - best_valid_acc 69.250002
2024-11-17 15:53:45,597 -                train: [    INFO] - Train: 195 [   0/520]  Loss: 1.695 (1.69)  Acc@1: 67.7083 (67.7083)  Acc@5: 90.6250 (90.6250)LR: 1.903e-02
2024-11-17 15:54:02,657 -                train: [    INFO] - Train: 195 [ 200/520]  Loss: 1.689 (1.63)  Acc@1: 66.6667 (66.5008)  Acc@5: 91.6667 (90.5576)LR: 1.903e-02
2024-11-17 15:54:19,081 -                train: [    INFO] - Train: 195 [ 400/520]  Loss: 1.700 (1.67)  Acc@1: 65.6250 (65.5315)  Acc@5: 88.5417 (90.3185)LR: 1.903e-02
2024-11-17 15:54:28,810 -                train: [    INFO] - Train: 195 [ 520/520]  Loss: 1.794 (1.68)  Acc@1: 62.5000 (65.5060)  Acc@5: 87.5000 (90.2940)LR: 1.903e-02
2024-11-17 15:54:29,252 -                train: [    INFO] - Valid: 195 [   0/104]  Loss: 1.115 (1.11)  Acc@1: 67.7083 (67.7083)  Acc@5: 91.6667 (91.6667)
2024-11-17 15:54:31,005 -                train: [    INFO] - Valid: 195 [ 104/104]  Loss: 1.133 (1.21)  Acc@1: 75.0000 (66.5300)  Acc@5: 87.5000 (90.6600)
2024-11-17 15:54:31,068 -                train: [    INFO] - valid_acc 66.530002 - best_valid_acc 69.250002
2024-11-17 15:54:31,585 -                train: [    INFO] - Train: 196 [   0/520]  Loss: 1.664 (1.66)  Acc@1: 59.3750 (59.3750)  Acc@5: 90.6250 (90.6250)LR: 1.898e-02
2024-11-17 15:54:48,061 -                train: [    INFO] - Train: 196 [ 200/520]  Loss: 1.824 (1.63)  Acc@1: 63.5417 (66.5267)  Acc@5: 87.5000 (90.8789)LR: 1.898e-02
2024-11-17 15:55:04,457 -                train: [    INFO] - Train: 196 [ 400/520]  Loss: 1.542 (1.66)  Acc@1: 63.5417 (65.7835)  Acc@5: 94.7917 (90.4536)LR: 1.898e-02
2024-11-17 15:55:14,331 -                train: [    INFO] - Train: 196 [ 520/520]  Loss: 1.485 (1.67)  Acc@1: 70.0000 (65.5780)  Acc@5: 92.5000 (90.3720)LR: 1.898e-02
2024-11-17 15:55:14,810 -                train: [    INFO] - Valid: 196 [   0/104]  Loss: 1.199 (1.20)  Acc@1: 66.6667 (66.6667)  Acc@5: 88.5417 (88.5417)
2024-11-17 15:55:16,609 -                train: [    INFO] - Valid: 196 [ 104/104]  Loss: 0.9516 (1.13)  Acc@1: 81.2500 (68.5600)  Acc@5: 87.5000 (91.4300)
2024-11-17 15:55:16,671 -                train: [    INFO] - valid_acc 68.560002 - best_valid_acc 69.250002
2024-11-17 15:55:17,105 -                train: [    INFO] - Train: 197 [   0/520]  Loss: 1.635 (1.63)  Acc@1: 64.5833 (64.5833)  Acc@5: 90.6250 (90.6250)LR: 1.892e-02
2024-11-17 15:55:33,928 -                train: [    INFO] - Train: 197 [ 200/520]  Loss: 1.936 (1.61)  Acc@1: 54.1667 (66.5786)  Acc@5: 88.5417 (91.0344)LR: 1.892e-02
2024-11-17 15:55:50,638 -                train: [    INFO] - Train: 197 [ 400/520]  Loss: 1.748 (1.65)  Acc@1: 65.6250 (65.8120)  Acc@5: 87.5000 (90.6484)LR: 1.892e-02
2024-11-17 15:56:00,708 -                train: [    INFO] - Train: 197 [ 520/520]  Loss: 1.817 (1.66)  Acc@1: 60.0000 (65.5120)  Acc@5: 88.7500 (90.5240)LR: 1.892e-02
2024-11-17 15:56:01,366 -                train: [    INFO] - Valid: 197 [   0/104]  Loss: 1.159 (1.16)  Acc@1: 67.7083 (67.7083)  Acc@5: 92.7083 (92.7083)
2024-11-17 15:56:03,275 -                train: [    INFO] - Valid: 197 [ 104/104]  Loss: 1.240 (1.19)  Acc@1: 62.5000 (65.9000)  Acc@5: 93.7500 (91.1100)
2024-11-17 15:56:03,335 -                train: [    INFO] - valid_acc 65.900002 - best_valid_acc 69.250002
2024-11-17 15:56:04,112 -                train: [    INFO] - Train: 198 [   0/520]  Loss: 1.636 (1.64)  Acc@1: 67.7083 (67.7083)  Acc@5: 88.5417 (88.5417)LR: 1.886e-02
2024-11-17 15:56:21,034 -                train: [    INFO] - Train: 198 [ 200/520]  Loss: 1.475 (1.65)  Acc@1: 77.0833 (65.9774)  Acc@5: 91.6667 (90.7442)LR: 1.886e-02
2024-11-17 15:56:37,539 -                train: [    INFO] - Train: 198 [ 400/520]  Loss: 1.708 (1.66)  Acc@1: 60.4167 (65.6432)  Acc@5: 90.6250 (90.6198)LR: 1.886e-02
2024-11-17 15:56:47,593 -                train: [    INFO] - Train: 198 [ 520/520]  Loss: 1.670 (1.66)  Acc@1: 63.7500 (65.5300)  Acc@5: 95.0000 (90.6100)LR: 1.886e-02
2024-11-17 15:56:48,255 -                train: [    INFO] - Valid: 198 [   0/104]  Loss: 0.9703 (0.970)  Acc@1: 72.9167 (72.9167)  Acc@5: 93.7500 (93.7500)
2024-11-17 15:56:50,050 -                train: [    INFO] - Valid: 198 [ 104/104]  Loss: 1.244 (1.15)  Acc@1: 62.5000 (67.5500)  Acc@5: 93.7500 (91.5300)
2024-11-17 15:56:50,109 -                train: [    INFO] - valid_acc 67.550002 - best_valid_acc 69.250002
2024-11-17 15:56:50,761 -                train: [    INFO] - Train: 199 [   0/520]  Loss: 1.806 (1.81)  Acc@1: 59.3750 (59.3750)  Acc@5: 90.6250 (90.6250)LR: 1.881e-02
2024-11-17 15:57:07,730 -                train: [    INFO] - Train: 199 [ 200/520]  Loss: 1.463 (1.64)  Acc@1: 66.6667 (65.8530)  Acc@5: 93.7500 (90.8530)LR: 1.881e-02
2024-11-17 15:57:23,744 -                train: [    INFO] - Train: 199 [ 400/520]  Loss: 1.296 (1.66)  Acc@1: 71.8750 (65.7211)  Acc@5: 94.7917 (90.6432)LR: 1.881e-02
2024-11-17 15:57:33,729 -                train: [    INFO] - Train: 199 [ 520/520]  Loss: 1.504 (1.66)  Acc@1: 77.5000 (65.6560)  Acc@5: 90.0000 (90.5380)LR: 1.881e-02
2024-11-17 15:57:34,387 -                train: [    INFO] - Valid: 199 [   0/104]  Loss: 1.134 (1.13)  Acc@1: 68.7500 (68.7500)  Acc@5: 92.7083 (92.7083)
2024-11-17 15:57:36,167 -                train: [    INFO] - Valid: 199 [ 104/104]  Loss: 1.474 (1.09)  Acc@1: 75.0000 (68.6200)  Acc@5: 81.2500 (91.6800)
2024-11-17 15:57:36,229 -                train: [    INFO] - valid_acc 68.620003 - best_valid_acc 69.250002
2024-11-17 15:57:36,930 -                train: [    INFO] - Train: 200 [   0/520]  Loss: 1.501 (1.50)  Acc@1: 68.7500 (68.7500)  Acc@5: 91.6667 (91.6667)LR: 1.875e-02
2024-11-17 15:57:53,987 -                train: [    INFO] - Train: 200 [ 200/520]  Loss: 1.686 (1.60)  Acc@1: 65.6250 (66.6719)  Acc@5: 87.5000 (91.1277)LR: 1.875e-02
2024-11-17 15:58:10,745 -                train: [    INFO] - Train: 200 [ 400/520]  Loss: 1.803 (1.65)  Acc@1: 65.6250 (65.9185)  Acc@5: 88.5417 (90.5367)LR: 1.875e-02
2024-11-17 15:58:20,972 -                train: [    INFO] - Train: 200 [ 520/520]  Loss: 1.886 (1.66)  Acc@1: 62.5000 (65.6660)  Acc@5: 90.0000 (90.5020)LR: 1.875e-02
2024-11-17 15:58:21,537 -                train: [    INFO] - Valid: 200 [   0/104]  Loss: 1.420 (1.42)  Acc@1: 62.5000 (62.5000)  Acc@5: 86.4583 (86.4583)
2024-11-17 15:58:23,329 -                train: [    INFO] - Valid: 200 [ 104/104]  Loss: 1.360 (1.26)  Acc@1: 75.0000 (65.7100)  Acc@5: 93.7500 (90.2600)
2024-11-17 15:58:23,398 -                train: [    INFO] - valid_acc 65.710002 - best_valid_acc 69.250002
2024-11-17 15:58:23,947 -                train: [    INFO] - Train: 201 [   0/520]  Loss: 1.702 (1.70)  Acc@1: 64.5833 (64.5833)  Acc@5: 89.5833 (89.5833)LR: 1.869e-02
2024-11-17 15:58:41,124 -                train: [    INFO] - Train: 201 [ 200/520]  Loss: 1.671 (1.63)  Acc@1: 64.5833 (66.1277)  Acc@5: 89.5833 (90.9411)LR: 1.869e-02
2024-11-17 15:58:57,963 -                train: [    INFO] - Train: 201 [ 400/520]  Loss: 1.461 (1.63)  Acc@1: 72.9167 (66.1887)  Acc@5: 92.7083 (90.9030)LR: 1.869e-02
2024-11-17 15:59:08,181 -                train: [    INFO] - Train: 201 [ 520/520]  Loss: 1.620 (1.65)  Acc@1: 72.5000 (65.9160)  Acc@5: 91.2500 (90.6140)LR: 1.869e-02
2024-11-17 15:59:08,652 -                train: [    INFO] - Valid: 201 [   0/104]  Loss: 1.299 (1.30)  Acc@1: 69.7917 (69.7917)  Acc@5: 85.4167 (85.4167)
2024-11-17 15:59:10,412 -                train: [    INFO] - Valid: 201 [ 104/104]  Loss: 1.221 (1.27)  Acc@1: 75.0000 (65.2800)  Acc@5: 93.7500 (90.0900)
2024-11-17 15:59:10,479 -                train: [    INFO] - valid_acc 65.280002 - best_valid_acc 69.250002
2024-11-17 15:59:10,966 -                train: [    INFO] - Train: 202 [   0/520]  Loss: 1.449 (1.45)  Acc@1: 72.9167 (72.9167)  Acc@5: 92.7083 (92.7083)LR: 1.864e-02
2024-11-17 15:59:27,618 -                train: [    INFO] - Train: 202 [ 200/520]  Loss: 1.982 (1.63)  Acc@1: 65.6250 (66.6148)  Acc@5: 88.5417 (90.6820)LR: 1.864e-02
2024-11-17 15:59:44,200 -                train: [    INFO] - Train: 202 [ 400/520]  Loss: 1.600 (1.65)  Acc@1: 61.4583 (66.0900)  Acc@5: 90.6250 (90.4302)LR: 1.864e-02
2024-11-17 15:59:54,207 -                train: [    INFO] - Train: 202 [ 520/520]  Loss: 1.669 (1.66)  Acc@1: 66.2500 (65.9140)  Acc@5: 90.0000 (90.3380)LR: 1.864e-02
2024-11-17 15:59:54,773 -                train: [    INFO] - Valid: 202 [   0/104]  Loss: 1.136 (1.14)  Acc@1: 64.5833 (64.5833)  Acc@5: 88.5417 (88.5417)
2024-11-17 15:59:56,513 -                train: [    INFO] - Valid: 202 [ 104/104]  Loss: 0.9275 (1.19)  Acc@1: 68.7500 (67.2900)  Acc@5: 87.5000 (90.7900)
2024-11-17 15:59:56,577 -                train: [    INFO] - valid_acc 67.290002 - best_valid_acc 69.250002
2024-11-17 15:59:56,992 -                train: [    INFO] - Train: 203 [   0/520]  Loss: 1.613 (1.61)  Acc@1: 68.7500 (68.7500)  Acc@5: 92.7083 (92.7083)LR: 1.858e-02
2024-11-17 16:00:13,761 -                train: [    INFO] - Train: 203 [ 200/520]  Loss: 1.812 (1.66)  Acc@1: 65.6250 (65.9515)  Acc@5: 87.5000 (90.6976)LR: 1.858e-02
2024-11-17 16:00:29,967 -                train: [    INFO] - Train: 203 [ 400/520]  Loss: 1.597 (1.66)  Acc@1: 72.9167 (65.6510)  Acc@5: 89.5833 (90.4795)LR: 1.858e-02
2024-11-17 16:00:39,875 -                train: [    INFO] - Train: 203 [ 520/520]  Loss: 1.631 (1.67)  Acc@1: 63.7500 (65.5000)  Acc@5: 91.2500 (90.3700)LR: 1.858e-02
2024-11-17 16:00:40,372 -                train: [    INFO] - Valid: 203 [   0/104]  Loss: 1.290 (1.29)  Acc@1: 65.6250 (65.6250)  Acc@5: 87.5000 (87.5000)
2024-11-17 16:00:42,190 -                train: [    INFO] - Valid: 203 [ 104/104]  Loss: 1.110 (1.35)  Acc@1: 68.7500 (63.9700)  Acc@5: 87.5000 (89.4100)
2024-11-17 16:00:42,248 -                train: [    INFO] - valid_acc 63.970002 - best_valid_acc 69.250002
2024-11-17 16:00:42,676 -                train: [    INFO] - Train: 204 [   0/520]  Loss: 1.784 (1.78)  Acc@1: 58.3333 (58.3333)  Acc@5: 88.5417 (88.5417)LR: 1.852e-02
2024-11-17 16:00:59,619 -                train: [    INFO] - Train: 204 [ 200/520]  Loss: 1.828 (1.62)  Acc@1: 59.3750 (66.4075)  Acc@5: 88.5417 (90.9308)LR: 1.852e-02
2024-11-17 16:01:16,248 -                train: [    INFO] - Train: 204 [ 400/520]  Loss: 1.853 (1.64)  Acc@1: 65.6250 (66.0432)  Acc@5: 92.7083 (90.6484)LR: 1.852e-02
2024-11-17 16:01:26,494 -                train: [    INFO] - Train: 204 [ 520/520]  Loss: 1.744 (1.66)  Acc@1: 68.7500 (65.7180)  Acc@5: 87.5000 (90.4380)LR: 1.852e-02
2024-11-17 16:01:27,141 -                train: [    INFO] - Valid: 204 [   0/104]  Loss: 1.307 (1.31)  Acc@1: 61.4583 (61.4583)  Acc@5: 88.5417 (88.5417)
2024-11-17 16:01:28,961 -                train: [    INFO] - Valid: 204 [ 104/104]  Loss: 1.004 (1.21)  Acc@1: 75.0000 (66.4500)  Acc@5: 87.5000 (90.7200)
2024-11-17 16:01:29,026 -                train: [    INFO] - valid_acc 66.450002 - best_valid_acc 69.250002
2024-11-17 16:01:29,545 -                train: [    INFO] - Train: 205 [   0/520]  Loss: 1.504 (1.50)  Acc@1: 66.6667 (66.6667)  Acc@5: 92.7083 (92.7083)LR: 1.846e-02
2024-11-17 16:01:46,320 -                train: [    INFO] - Train: 205 [ 200/520]  Loss: 1.619 (1.63)  Acc@1: 68.7500 (66.1692)  Acc@5: 93.7500 (90.9256)LR: 1.846e-02
2024-11-17 16:02:02,910 -                train: [    INFO] - Train: 205 [ 400/520]  Loss: 1.542 (1.65)  Acc@1: 69.7917 (65.7731)  Acc@5: 92.7083 (90.6406)LR: 1.846e-02
2024-11-17 16:02:12,896 -                train: [    INFO] - Train: 205 [ 520/520]  Loss: 1.802 (1.66)  Acc@1: 60.0000 (65.7680)  Acc@5: 90.0000 (90.5740)LR: 1.846e-02
2024-11-17 16:02:13,330 -                train: [    INFO] - Valid: 205 [   0/104]  Loss: 1.065 (1.06)  Acc@1: 73.9583 (73.9583)  Acc@5: 93.7500 (93.7500)
2024-11-17 16:02:15,063 -                train: [    INFO] - Valid: 205 [ 104/104]  Loss: 1.060 (1.17)  Acc@1: 68.7500 (67.7000)  Acc@5: 87.5000 (91.3400)
2024-11-17 16:02:15,128 -                train: [    INFO] - valid_acc 67.700002 - best_valid_acc 69.250002
2024-11-17 16:02:15,594 -                train: [    INFO] - Train: 206 [   0/520]  Loss: 1.564 (1.56)  Acc@1: 65.6250 (65.6250)  Acc@5: 91.6667 (91.6667)LR: 1.841e-02
2024-11-17 16:02:32,140 -                train: [    INFO] - Train: 206 [ 200/520]  Loss: 1.470 (1.64)  Acc@1: 72.9167 (66.3454)  Acc@5: 94.7917 (90.6457)LR: 1.841e-02
2024-11-17 16:02:48,661 -                train: [    INFO] - Train: 206 [ 400/520]  Loss: 1.722 (1.66)  Acc@1: 64.5833 (65.7445)  Acc@5: 91.6667 (90.6354)LR: 1.841e-02
2024-11-17 16:02:58,623 -                train: [    INFO] - Train: 206 [ 520/520]  Loss: 2.089 (1.67)  Acc@1: 63.7500 (65.6260)  Acc@5: 86.2500 (90.5880)LR: 1.841e-02
2024-11-17 16:02:59,110 -                train: [    INFO] - Valid: 206 [   0/104]  Loss: 1.011 (1.01)  Acc@1: 69.7917 (69.7917)  Acc@5: 92.7083 (92.7083)
2024-11-17 16:03:00,866 -                train: [    INFO] - Valid: 206 [ 104/104]  Loss: 0.8332 (1.16)  Acc@1: 62.5000 (67.5700)  Acc@5: 93.7500 (91.4600)
2024-11-17 16:03:00,932 -                train: [    INFO] - valid_acc 67.570002 - best_valid_acc 69.250002
2024-11-17 16:03:01,423 -                train: [    INFO] - Train: 207 [   0/520]  Loss: 1.439 (1.44)  Acc@1: 72.9167 (72.9167)  Acc@5: 92.7083 (92.7083)LR: 1.835e-02
2024-11-17 16:03:18,399 -                train: [    INFO] - Train: 207 [ 200/520]  Loss: 1.611 (1.62)  Acc@1: 65.6250 (67.0087)  Acc@5: 87.5000 (90.8219)LR: 1.835e-02
2024-11-17 16:03:34,990 -                train: [    INFO] - Train: 207 [ 400/520]  Loss: 1.742 (1.65)  Acc@1: 68.7500 (66.1134)  Acc@5: 87.5000 (90.4328)LR: 1.835e-02
2024-11-17 16:03:45,185 -                train: [    INFO] - Train: 207 [ 520/520]  Loss: 1.843 (1.67)  Acc@1: 63.7500 (65.7620)  Acc@5: 88.7500 (90.3540)LR: 1.835e-02
2024-11-17 16:03:45,638 -                train: [    INFO] - Valid: 207 [   0/104]  Loss: 1.227 (1.23)  Acc@1: 64.5833 (64.5833)  Acc@5: 86.4583 (86.4583)
2024-11-17 16:03:47,387 -                train: [    INFO] - Valid: 207 [ 104/104]  Loss: 0.9651 (1.14)  Acc@1: 68.7500 (68.0500)  Acc@5: 93.7500 (91.0300)
2024-11-17 16:03:47,452 -                train: [    INFO] - valid_acc 68.050002 - best_valid_acc 69.250002
2024-11-17 16:03:47,892 -                train: [    INFO] - Train: 208 [   0/520]  Loss: 1.580 (1.58)  Acc@1: 67.7083 (67.7083)  Acc@5: 93.7500 (93.7500)LR: 1.829e-02
2024-11-17 16:04:04,574 -                train: [    INFO] - Train: 208 [ 200/520]  Loss: 1.898 (1.62)  Acc@1: 64.5833 (66.4697)  Acc@5: 91.6667 (90.7183)LR: 1.829e-02
2024-11-17 16:04:21,205 -                train: [    INFO] - Train: 208 [ 400/520]  Loss: 1.540 (1.64)  Acc@1: 66.6667 (65.9861)  Acc@5: 92.7083 (90.5393)LR: 1.829e-02
2024-11-17 16:04:31,464 -                train: [    INFO] - Train: 208 [ 520/520]  Loss: 1.508 (1.65)  Acc@1: 75.0000 (65.8600)  Acc@5: 87.5000 (90.5100)LR: 1.829e-02
2024-11-17 16:04:31,931 -                train: [    INFO] - Valid: 208 [   0/104]  Loss: 1.089 (1.09)  Acc@1: 71.8750 (71.8750)  Acc@5: 89.5833 (89.5833)
2024-11-17 16:04:33,697 -                train: [    INFO] - Valid: 208 [ 104/104]  Loss: 1.298 (1.21)  Acc@1: 75.0000 (66.4200)  Acc@5: 81.2500 (90.9500)
2024-11-17 16:04:33,759 -                train: [    INFO] - valid_acc 66.420002 - best_valid_acc 69.250002
2024-11-17 16:04:34,338 -                train: [    INFO] - Train: 209 [   0/520]  Loss: 1.522 (1.52)  Acc@1: 65.6250 (65.6250)  Acc@5: 92.7083 (92.7083)LR: 1.823e-02
2024-11-17 16:04:51,082 -                train: [    INFO] - Train: 209 [ 200/520]  Loss: 1.738 (1.64)  Acc@1: 61.4583 (65.7546)  Acc@5: 85.4167 (90.9619)LR: 1.823e-02
2024-11-17 16:05:07,372 -                train: [    INFO] - Train: 209 [ 400/520]  Loss: 1.441 (1.64)  Acc@1: 73.9583 (65.5393)  Acc@5: 92.7083 (90.8094)LR: 1.823e-02
2024-11-17 16:05:17,280 -                train: [    INFO] - Train: 209 [ 520/520]  Loss: 1.497 (1.65)  Acc@1: 70.0000 (65.3600)  Acc@5: 93.7500 (90.7240)LR: 1.823e-02
2024-11-17 16:05:17,733 -                train: [    INFO] - Valid: 209 [   0/104]  Loss: 1.288 (1.29)  Acc@1: 67.7083 (67.7083)  Acc@5: 91.6667 (91.6667)
2024-11-17 16:05:19,459 -                train: [    INFO] - Valid: 209 [ 104/104]  Loss: 0.7483 (1.15)  Acc@1: 81.2500 (67.9000)  Acc@5: 87.5000 (91.7900)
2024-11-17 16:05:19,521 -                train: [    INFO] - valid_acc 67.900002 - best_valid_acc 69.250002
2024-11-17 16:05:19,953 -                train: [    INFO] - Train: 210 [   0/520]  Loss: 1.600 (1.60)  Acc@1: 66.6667 (66.6667)  Acc@5: 90.6250 (90.6250)LR: 1.817e-02
2024-11-17 16:05:36,415 -                train: [    INFO] - Train: 210 [ 200/520]  Loss: 1.240 (1.65)  Acc@1: 73.9583 (65.7131)  Acc@5: 94.7917 (90.6872)LR: 1.817e-02
2024-11-17 16:05:53,074 -                train: [    INFO] - Train: 210 [ 400/520]  Loss: 1.941 (1.65)  Acc@1: 62.5000 (65.6718)  Acc@5: 87.5000 (90.6094)LR: 1.817e-02
2024-11-17 16:06:03,012 -                train: [    INFO] - Train: 210 [ 520/520]  Loss: 1.838 (1.66)  Acc@1: 61.2500 (65.6280)  Acc@5: 91.2500 (90.5600)LR: 1.817e-02
2024-11-17 16:06:03,535 -                train: [    INFO] - Valid: 210 [   0/104]  Loss: 1.237 (1.24)  Acc@1: 64.5833 (64.5833)  Acc@5: 89.5833 (89.5833)
2024-11-17 16:06:05,315 -                train: [    INFO] - Valid: 210 [ 104/104]  Loss: 1.619 (1.24)  Acc@1: 68.7500 (66.0900)  Acc@5: 81.2500 (90.7200)
2024-11-17 16:06:05,381 -                train: [    INFO] - valid_acc 66.090002 - best_valid_acc 69.250002
2024-11-17 16:06:05,843 -                train: [    INFO] - Train: 211 [   0/520]  Loss: 1.736 (1.74)  Acc@1: 66.6667 (66.6667)  Acc@5: 85.4167 (85.4167)LR: 1.812e-02
2024-11-17 16:06:22,375 -                train: [    INFO] - Train: 211 [ 200/520]  Loss: 1.545 (1.63)  Acc@1: 65.6250 (66.1899)  Acc@5: 93.7500 (90.8634)LR: 1.812e-02
2024-11-17 16:06:39,046 -                train: [    INFO] - Train: 211 [ 400/520]  Loss: 1.760 (1.66)  Acc@1: 66.6667 (65.7809)  Acc@5: 87.5000 (90.5756)LR: 1.812e-02
2024-11-17 16:06:49,104 -                train: [    INFO] - Train: 211 [ 520/520]  Loss: 1.705 (1.67)  Acc@1: 61.2500 (65.5260)  Acc@5: 90.0000 (90.5020)LR: 1.812e-02
2024-11-17 16:06:49,604 -                train: [    INFO] - Valid: 211 [   0/104]  Loss: 1.515 (1.51)  Acc@1: 63.5417 (63.5417)  Acc@5: 85.4167 (85.4167)
2024-11-17 16:06:51,412 -                train: [    INFO] - Valid: 211 [ 104/104]  Loss: 1.016 (1.18)  Acc@1: 62.5000 (67.0400)  Acc@5: 87.5000 (90.9400)
2024-11-17 16:06:51,475 -                train: [    INFO] - valid_acc 67.040002 - best_valid_acc 69.250002
2024-11-17 16:06:51,932 -                train: [    INFO] - Train: 212 [   0/520]  Loss: 1.657 (1.66)  Acc@1: 63.5417 (63.5417)  Acc@5: 89.5833 (89.5833)LR: 1.806e-02
2024-11-17 16:07:08,859 -                train: [    INFO] - Train: 212 [ 200/520]  Loss: 1.874 (1.62)  Acc@1: 57.2917 (66.5941)  Acc@5: 89.5833 (90.6976)LR: 1.806e-02
2024-11-17 16:07:25,625 -                train: [    INFO] - Train: 212 [ 400/520]  Loss: 1.840 (1.64)  Acc@1: 57.2917 (66.2173)  Acc@5: 89.5833 (90.6016)LR: 1.806e-02
2024-11-17 16:07:35,666 -                train: [    INFO] - Train: 212 [ 520/520]  Loss: 1.724 (1.65)  Acc@1: 63.7500 (65.9700)  Acc@5: 91.2500 (90.5460)LR: 1.806e-02
2024-11-17 16:07:36,122 -                train: [    INFO] - Valid: 212 [   0/104]  Loss: 1.128 (1.13)  Acc@1: 67.7083 (67.7083)  Acc@5: 90.6250 (90.6250)
2024-11-17 16:07:37,911 -                train: [    INFO] - Valid: 212 [ 104/104]  Loss: 1.187 (1.16)  Acc@1: 75.0000 (67.2400)  Acc@5: 87.5000 (91.4100)
2024-11-17 16:07:37,984 -                train: [    INFO] - valid_acc 67.240002 - best_valid_acc 69.250002
2024-11-17 16:07:38,685 -                train: [    INFO] - Train: 213 [   0/520]  Loss: 1.461 (1.46)  Acc@1: 71.8750 (71.8750)  Acc@5: 93.7500 (93.7500)LR: 1.800e-02
2024-11-17 16:07:55,519 -                train: [    INFO] - Train: 213 [ 200/520]  Loss: 1.571 (1.64)  Acc@1: 67.7083 (65.9049)  Acc@5: 91.6667 (90.7287)LR: 1.800e-02
2024-11-17 16:08:12,245 -                train: [    INFO] - Train: 213 [ 400/520]  Loss: 1.795 (1.65)  Acc@1: 64.5833 (65.9159)  Acc@5: 89.5833 (90.6016)LR: 1.800e-02
2024-11-17 16:08:22,403 -                train: [    INFO] - Train: 213 [ 520/520]  Loss: 1.447 (1.65)  Acc@1: 70.0000 (65.8320)  Acc@5: 90.0000 (90.5060)LR: 1.800e-02
2024-11-17 16:08:22,835 -                train: [    INFO] - Valid: 213 [   0/104]  Loss: 1.020 (1.02)  Acc@1: 71.8750 (71.8750)  Acc@5: 91.6667 (91.6667)
2024-11-17 16:08:24,553 -                train: [    INFO] - Valid: 213 [ 104/104]  Loss: 0.9833 (1.15)  Acc@1: 75.0000 (68.4200)  Acc@5: 87.5000 (91.3900)
2024-11-17 16:08:24,614 -                train: [    INFO] - valid_acc 68.420002 - best_valid_acc 69.250002
2024-11-17 16:08:25,182 -                train: [    INFO] - Train: 214 [   0/520]  Loss: 1.333 (1.33)  Acc@1: 69.7917 (69.7917)  Acc@5: 92.7083 (92.7083)LR: 1.794e-02
2024-11-17 16:08:42,029 -                train: [    INFO] - Train: 214 [ 200/520]  Loss: 1.754 (1.62)  Acc@1: 63.5417 (66.8843)  Acc@5: 91.6667 (90.9100)LR: 1.794e-02
2024-11-17 16:08:58,828 -                train: [    INFO] - Train: 214 [ 400/520]  Loss: 1.400 (1.65)  Acc@1: 68.7500 (65.8718)  Acc@5: 95.8333 (90.6432)LR: 1.794e-02
2024-11-17 16:09:08,798 -                train: [    INFO] - Train: 214 [ 520/520]  Loss: 1.659 (1.65)  Acc@1: 71.2500 (65.8440)  Acc@5: 88.7500 (90.6460)LR: 1.794e-02
2024-11-17 16:09:09,343 -                train: [    INFO] - Valid: 214 [   0/104]  Loss: 1.110 (1.11)  Acc@1: 68.7500 (68.7500)  Acc@5: 92.7083 (92.7083)
2024-11-17 16:09:11,117 -                train: [    INFO] - Valid: 214 [ 104/104]  Loss: 1.311 (1.13)  Acc@1: 75.0000 (67.9100)  Acc@5: 87.5000 (91.8700)
2024-11-17 16:09:11,184 -                train: [    INFO] - valid_acc 67.910002 - best_valid_acc 69.250002
2024-11-17 16:09:11,846 -                train: [    INFO] - Train: 215 [   0/520]  Loss: 1.777 (1.78)  Acc@1: 68.7500 (68.7500)  Acc@5: 81.2500 (81.2500)LR: 1.788e-02
2024-11-17 16:09:28,329 -                train: [    INFO] - Train: 215 [ 200/520]  Loss: 1.900 (1.65)  Acc@1: 59.3750 (66.2106)  Acc@5: 86.4583 (90.3503)LR: 1.788e-02
2024-11-17 16:09:44,618 -                train: [    INFO] - Train: 215 [ 400/520]  Loss: 1.386 (1.66)  Acc@1: 69.7917 (65.9523)  Acc@5: 91.6667 (90.3393)LR: 1.788e-02
2024-11-17 16:09:54,854 -                train: [    INFO] - Train: 215 [ 520/520]  Loss: 2.027 (1.66)  Acc@1: 58.7500 (65.9780)  Acc@5: 87.5000 (90.4400)LR: 1.788e-02
2024-11-17 16:09:55,441 -                train: [    INFO] - Valid: 215 [   0/104]  Loss: 1.047 (1.05)  Acc@1: 71.8750 (71.8750)  Acc@5: 90.6250 (90.6250)
2024-11-17 16:09:57,172 -                train: [    INFO] - Valid: 215 [ 104/104]  Loss: 1.220 (1.17)  Acc@1: 68.7500 (67.8900)  Acc@5: 87.5000 (91.1700)
2024-11-17 16:09:57,237 -                train: [    INFO] - valid_acc 67.890003 - best_valid_acc 69.250002
2024-11-17 16:09:57,712 -                train: [    INFO] - Train: 216 [   0/520]  Loss: 1.992 (1.99)  Acc@1: 61.4583 (61.4583)  Acc@5: 88.5417 (88.5417)LR: 1.782e-02
2024-11-17 16:10:12,175 -                train: [    INFO] - Train: 216 [ 200/520]  Loss: 1.563 (1.62)  Acc@1: 65.6250 (66.1277)  Acc@5: 93.7500 (91.0448)LR: 1.782e-02
2024-11-17 16:10:25,969 -                train: [    INFO] - Train: 216 [ 400/520]  Loss: 1.339 (1.65)  Acc@1: 72.9167 (65.8016)  Acc@5: 93.7500 (90.6198)LR: 1.782e-02
2024-11-17 16:10:33,888 -                train: [    INFO] - Train: 216 [ 520/520]  Loss: 1.658 (1.65)  Acc@1: 70.0000 (65.8080)  Acc@5: 90.0000 (90.5920)LR: 1.782e-02
2024-11-17 16:10:34,393 -                train: [    INFO] - Valid: 216 [   0/104]  Loss: 1.194 (1.19)  Acc@1: 66.6667 (66.6667)  Acc@5: 92.7083 (92.7083)
2024-11-17 16:10:35,983 -                train: [    INFO] - Valid: 216 [ 104/104]  Loss: 1.763 (1.24)  Acc@1: 68.7500 (66.1900)  Acc@5: 81.2500 (90.5200)
2024-11-17 16:10:36,045 -                train: [    INFO] - valid_acc 66.190002 - best_valid_acc 69.250002
2024-11-17 16:10:36,584 -                train: [    INFO] - Train: 217 [   0/520]  Loss: 1.716 (1.72)  Acc@1: 61.4583 (61.4583)  Acc@5: 87.5000 (87.5000)LR: 1.776e-02
2024-11-17 16:10:50,581 -                train: [    INFO] - Train: 217 [ 200/520]  Loss: 1.966 (1.64)  Acc@1: 58.3333 (66.4231)  Acc@5: 88.5417 (90.6250)LR: 1.776e-02
2024-11-17 16:11:04,137 -                train: [    INFO] - Train: 217 [ 400/520]  Loss: 1.633 (1.65)  Acc@1: 64.5833 (66.1315)  Acc@5: 91.6667 (90.6328)LR: 1.776e-02
2024-11-17 16:11:12,275 -                train: [    INFO] - Train: 217 [ 520/520]  Loss: 1.487 (1.65)  Acc@1: 70.0000 (66.0980)  Acc@5: 96.2500 (90.6960)LR: 1.776e-02
2024-11-17 16:11:12,764 -                train: [    INFO] - Valid: 217 [   0/104]  Loss: 0.9782 (0.978)  Acc@1: 69.7917 (69.7917)  Acc@5: 93.7500 (93.7500)
2024-11-17 16:11:14,339 -                train: [    INFO] - Valid: 217 [ 104/104]  Loss: 1.361 (1.19)  Acc@1: 62.5000 (67.3000)  Acc@5: 81.2500 (91.1400)
2024-11-17 16:11:14,401 -                train: [    INFO] - valid_acc 67.300002 - best_valid_acc 69.250002
2024-11-17 16:11:14,890 -                train: [    INFO] - Train: 218 [   0/520]  Loss: 1.777 (1.78)  Acc@1: 67.7083 (67.7083)  Acc@5: 91.6667 (91.6667)LR: 1.770e-02
2024-11-17 16:11:27,839 -                train: [    INFO] - Train: 218 [ 200/520]  Loss: 1.641 (1.61)  Acc@1: 65.6250 (66.5578)  Acc@5: 93.7500 (91.3091)LR: 1.770e-02
2024-11-17 16:11:41,504 -                train: [    INFO] - Train: 218 [ 400/520]  Loss: 1.807 (1.64)  Acc@1: 70.8333 (66.0692)  Acc@5: 87.5000 (90.8510)LR: 1.770e-02
2024-11-17 16:11:49,720 -                train: [    INFO] - Train: 218 [ 520/520]  Loss: 1.413 (1.65)  Acc@1: 71.2500 (65.9280)  Acc@5: 87.5000 (90.6900)LR: 1.770e-02
2024-11-17 16:11:50,232 -                train: [    INFO] - Valid: 218 [   0/104]  Loss: 1.103 (1.10)  Acc@1: 71.8750 (71.8750)  Acc@5: 90.6250 (90.6250)
2024-11-17 16:11:51,890 -                train: [    INFO] - Valid: 218 [ 104/104]  Loss: 1.029 (1.13)  Acc@1: 68.7500 (67.9300)  Acc@5: 93.7500 (91.6500)
2024-11-17 16:11:51,956 -                train: [    INFO] - valid_acc 67.930002 - best_valid_acc 69.250002
2024-11-17 16:11:52,496 -                train: [    INFO] - Train: 219 [   0/520]  Loss: 1.593 (1.59)  Acc@1: 69.7917 (69.7917)  Acc@5: 91.6667 (91.6667)LR: 1.764e-02
2024-11-17 16:12:06,579 -                train: [    INFO] - Train: 219 [ 200/520]  Loss: 1.582 (1.62)  Acc@1: 68.7500 (66.5423)  Acc@5: 89.5833 (90.9774)LR: 1.764e-02
2024-11-17 16:12:20,169 -                train: [    INFO] - Train: 219 [ 400/520]  Loss: 1.680 (1.65)  Acc@1: 59.3750 (66.2484)  Acc@5: 87.5000 (90.6718)LR: 1.764e-02
2024-11-17 16:12:28,368 -                train: [    INFO] - Train: 219 [ 520/520]  Loss: 1.689 (1.65)  Acc@1: 66.2500 (66.1640)  Acc@5: 87.5000 (90.5980)LR: 1.764e-02
2024-11-17 16:12:28,882 -                train: [    INFO] - Valid: 219 [   0/104]  Loss: 1.093 (1.09)  Acc@1: 70.8333 (70.8333)  Acc@5: 90.6250 (90.6250)
2024-11-17 16:12:30,443 -                train: [    INFO] - Valid: 219 [ 104/104]  Loss: 1.043 (1.17)  Acc@1: 68.7500 (67.8800)  Acc@5: 87.5000 (91.4900)
2024-11-17 16:12:30,504 -                train: [    INFO] - valid_acc 67.880002 - best_valid_acc 69.250002
2024-11-17 16:12:30,945 -                train: [    INFO] - Train: 220 [   0/520]  Loss: 1.381 (1.38)  Acc@1: 70.8333 (70.8333)  Acc@5: 91.6667 (91.6667)LR: 1.758e-02
2024-11-17 16:12:44,651 -                train: [    INFO] - Train: 220 [ 200/520]  Loss: 1.594 (1.61)  Acc@1: 68.7500 (66.4490)  Acc@5: 88.5417 (90.9411)LR: 1.758e-02
2024-11-17 16:12:58,307 -                train: [    INFO] - Train: 220 [ 400/520]  Loss: 1.438 (1.65)  Acc@1: 68.7500 (65.7263)  Acc@5: 90.6250 (90.6380)LR: 1.758e-02
2024-11-17 16:13:06,759 -                train: [    INFO] - Train: 220 [ 520/520]  Loss: 2.111 (1.65)  Acc@1: 57.5000 (65.7360)  Acc@5: 88.7500 (90.6220)LR: 1.758e-02
2024-11-17 16:13:07,227 -                train: [    INFO] - Valid: 220 [   0/104]  Loss: 1.177 (1.18)  Acc@1: 66.6667 (66.6667)  Acc@5: 92.7083 (92.7083)
2024-11-17 16:13:08,812 -                train: [    INFO] - Valid: 220 [ 104/104]  Loss: 1.230 (1.16)  Acc@1: 68.7500 (67.5300)  Acc@5: 87.5000 (91.5100)
2024-11-17 16:13:08,878 -                train: [    INFO] - valid_acc 67.530002 - best_valid_acc 69.250002
2024-11-17 16:13:09,324 -                train: [    INFO] - Train: 221 [   0/520]  Loss: 1.459 (1.46)  Acc@1: 68.7500 (68.7500)  Acc@5: 92.7083 (92.7083)LR: 1.752e-02
2024-11-17 16:13:22,741 -                train: [    INFO] - Train: 221 [ 200/520]  Loss: 1.520 (1.61)  Acc@1: 69.7917 (66.6978)  Acc@5: 91.6667 (90.7857)LR: 1.752e-02
2024-11-17 16:13:36,047 -                train: [    INFO] - Train: 221 [ 400/520]  Loss: 1.497 (1.64)  Acc@1: 65.6250 (66.1731)  Acc@5: 93.7500 (90.5367)LR: 1.752e-02
2024-11-17 16:13:43,943 -                train: [    INFO] - Train: 221 [ 520/520]  Loss: 1.819 (1.65)  Acc@1: 63.7500 (65.9780)  Acc@5: 90.0000 (90.5260)LR: 1.752e-02
2024-11-17 16:13:44,359 -                train: [    INFO] - Valid: 221 [   0/104]  Loss: 1.002 (1.00)  Acc@1: 69.7917 (69.7917)  Acc@5: 92.7083 (92.7083)
2024-11-17 16:13:45,922 -                train: [    INFO] - Valid: 221 [ 104/104]  Loss: 0.9865 (1.15)  Acc@1: 75.0000 (67.9400)  Acc@5: 93.7500 (91.5200)
2024-11-17 16:13:45,987 -                train: [    INFO] - valid_acc 67.940002 - best_valid_acc 69.250002
2024-11-17 16:13:46,445 -                train: [    INFO] - Train: 222 [   0/520]  Loss: 1.453 (1.45)  Acc@1: 69.7917 (69.7917)  Acc@5: 95.8333 (95.8333)LR: 1.746e-02
2024-11-17 16:13:59,401 -                train: [    INFO] - Train: 222 [ 200/520]  Loss: 1.687 (1.63)  Acc@1: 65.6250 (66.3920)  Acc@5: 90.6250 (90.7908)LR: 1.746e-02
2024-11-17 16:14:12,016 -                train: [    INFO] - Train: 222 [ 400/520]  Loss: 1.796 (1.64)  Acc@1: 64.5833 (66.0666)  Acc@5: 88.5417 (90.5860)LR: 1.746e-02
2024-11-17 16:14:19,467 -                train: [    INFO] - Train: 222 [ 520/520]  Loss: 1.580 (1.65)  Acc@1: 63.7500 (65.9360)  Acc@5: 91.2500 (90.5440)LR: 1.746e-02
2024-11-17 16:14:19,898 -                train: [    INFO] - Valid: 222 [   0/104]  Loss: 0.9908 (0.991)  Acc@1: 73.9583 (73.9583)  Acc@5: 89.5833 (89.5833)
2024-11-17 16:14:21,513 -                train: [    INFO] - Valid: 222 [ 104/104]  Loss: 0.9073 (1.12)  Acc@1: 75.0000 (68.4100)  Acc@5: 87.5000 (92.0400)
2024-11-17 16:14:21,576 -                train: [    INFO] - valid_acc 68.410002 - best_valid_acc 69.250002
2024-11-17 16:14:22,084 -                train: [    INFO] - Train: 223 [   0/520]  Loss: 1.689 (1.69)  Acc@1: 61.4583 (61.4583)  Acc@5: 89.5833 (89.5833)LR: 1.740e-02
2024-11-17 16:14:35,387 -                train: [    INFO] - Train: 223 [ 200/520]  Loss: 1.708 (1.63)  Acc@1: 64.5833 (66.3661)  Acc@5: 90.6250 (90.7494)LR: 1.740e-02
2024-11-17 16:14:47,784 -                train: [    INFO] - Train: 223 [ 400/520]  Loss: 2.250 (1.64)  Acc@1: 47.9167 (66.2822)  Acc@5: 82.2917 (90.8042)LR: 1.740e-02
2024-11-17 16:14:55,802 -                train: [    INFO] - Train: 223 [ 520/520]  Loss: 1.567 (1.65)  Acc@1: 70.0000 (66.0480)  Acc@5: 91.2500 (90.6600)LR: 1.740e-02
2024-11-17 16:14:56,301 -                train: [    INFO] - Valid: 223 [   0/104]  Loss: 1.122 (1.12)  Acc@1: 67.7083 (67.7083)  Acc@5: 89.5833 (89.5833)
2024-11-17 16:14:57,865 -                train: [    INFO] - Valid: 223 [ 104/104]  Loss: 1.363 (1.21)  Acc@1: 68.7500 (66.5300)  Acc@5: 87.5000 (90.6100)
2024-11-17 16:14:57,926 -                train: [    INFO] - valid_acc 66.530002 - best_valid_acc 69.250002
2024-11-17 16:14:58,387 -                train: [    INFO] - Train: 224 [   0/520]  Loss: 1.534 (1.53)  Acc@1: 66.6667 (66.6667)  Acc@5: 89.5833 (89.5833)LR: 1.734e-02
2024-11-17 16:15:12,009 -                train: [    INFO] - Train: 224 [ 200/520]  Loss: 1.517 (1.64)  Acc@1: 67.7083 (66.0603)  Acc@5: 94.7917 (90.6250)LR: 1.734e-02
2024-11-17 16:15:25,586 -                train: [    INFO] - Train: 224 [ 400/520]  Loss: 1.673 (1.63)  Acc@1: 58.3333 (66.0692)  Acc@5: 89.5833 (90.7315)LR: 1.734e-02
2024-11-17 16:15:33,929 -                train: [    INFO] - Train: 224 [ 520/520]  Loss: 1.628 (1.64)  Acc@1: 68.7500 (65.9620)  Acc@5: 87.5000 (90.6540)LR: 1.734e-02
2024-11-17 16:15:34,390 -                train: [    INFO] - Valid: 224 [   0/104]  Loss: 1.152 (1.15)  Acc@1: 65.6250 (65.6250)  Acc@5: 89.5833 (89.5833)
2024-11-17 16:15:35,779 -                train: [    INFO] - Valid: 224 [ 104/104]  Loss: 1.315 (1.16)  Acc@1: 62.5000 (67.6300)  Acc@5: 87.5000 (91.3200)
2024-11-17 16:15:35,840 -                train: [    INFO] - valid_acc 67.630002 - best_valid_acc 69.250002
2024-11-17 16:15:36,294 -                train: [    INFO] - Train: 225 [   0/520]  Loss: 1.606 (1.61)  Acc@1: 61.4583 (61.4583)  Acc@5: 96.8750 (96.8750)LR: 1.728e-02
2024-11-17 16:15:49,200 -                train: [    INFO] - Train: 225 [ 200/520]  Loss: 1.658 (1.61)  Acc@1: 70.8333 (66.7600)  Acc@5: 88.5417 (91.0862)LR: 1.728e-02
2024-11-17 16:16:03,018 -                train: [    INFO] - Train: 225 [ 400/520]  Loss: 1.704 (1.63)  Acc@1: 67.7083 (66.3835)  Acc@5: 93.7500 (90.8432)LR: 1.728e-02
2024-11-17 16:16:11,182 -                train: [    INFO] - Train: 225 [ 520/520]  Loss: 1.655 (1.65)  Acc@1: 68.7500 (66.0080)  Acc@5: 91.2500 (90.5380)LR: 1.728e-02
2024-11-17 16:16:11,813 -                train: [    INFO] - Valid: 225 [   0/104]  Loss: 0.9291 (0.929)  Acc@1: 71.8750 (71.8750)  Acc@5: 92.7083 (92.7083)
2024-11-17 16:16:13,404 -                train: [    INFO] - Valid: 225 [ 104/104]  Loss: 1.077 (1.15)  Acc@1: 68.7500 (67.6300)  Acc@5: 93.7500 (91.7100)
2024-11-17 16:16:13,469 -                train: [    INFO] - valid_acc 67.630003 - best_valid_acc 69.250002
2024-11-17 16:16:13,924 -                train: [    INFO] - Train: 226 [   0/520]  Loss: 1.423 (1.42)  Acc@1: 66.6667 (66.6667)  Acc@5: 94.7917 (94.7917)LR: 1.722e-02
2024-11-17 16:16:27,540 -                train: [    INFO] - Train: 226 [ 200/520]  Loss: 2.025 (1.62)  Acc@1: 61.4583 (66.4697)  Acc@5: 81.2500 (91.1588)LR: 1.722e-02
2024-11-17 16:16:41,297 -                train: [    INFO] - Train: 226 [ 400/520]  Loss: 1.714 (1.63)  Acc@1: 57.2917 (65.9263)  Acc@5: 92.7083 (90.9056)LR: 1.722e-02
2024-11-17 16:16:49,815 -                train: [    INFO] - Train: 226 [ 520/520]  Loss: 1.403 (1.65)  Acc@1: 67.5000 (65.8140)  Acc@5: 93.7500 (90.6960)LR: 1.722e-02
2024-11-17 16:16:50,354 -                train: [    INFO] - Valid: 226 [   0/104]  Loss: 1.061 (1.06)  Acc@1: 70.8333 (70.8333)  Acc@5: 91.6667 (91.6667)
2024-11-17 16:16:51,957 -                train: [    INFO] - Valid: 226 [ 104/104]  Loss: 1.271 (1.14)  Acc@1: 75.0000 (68.0500)  Acc@5: 81.2500 (91.9700)
2024-11-17 16:16:52,023 -                train: [    INFO] - valid_acc 68.050002 - best_valid_acc 69.250002
2024-11-17 16:16:52,568 -                train: [    INFO] - Train: 227 [   0/520]  Loss: 1.401 (1.40)  Acc@1: 70.8333 (70.8333)  Acc@5: 89.5833 (89.5833)LR: 1.716e-02
2024-11-17 16:17:05,990 -                train: [    INFO] - Train: 227 [ 200/520]  Loss: 1.385 (1.62)  Acc@1: 67.7083 (66.4905)  Acc@5: 94.7917 (90.7753)LR: 1.716e-02
2024-11-17 16:17:19,532 -                train: [    INFO] - Train: 227 [ 400/520]  Loss: 1.313 (1.63)  Acc@1: 70.8333 (66.1186)  Acc@5: 96.8750 (90.5679)LR: 1.716e-02
2024-11-17 16:17:27,573 -                train: [    INFO] - Train: 227 [ 520/520]  Loss: 1.669 (1.64)  Acc@1: 63.7500 (65.9860)  Acc@5: 91.2500 (90.5280)LR: 1.716e-02
2024-11-17 16:17:28,007 -                train: [    INFO] - Valid: 227 [   0/104]  Loss: 1.036 (1.04)  Acc@1: 66.6667 (66.6667)  Acc@5: 92.7083 (92.7083)
2024-11-17 16:17:29,553 -                train: [    INFO] - Valid: 227 [ 104/104]  Loss: 1.202 (1.17)  Acc@1: 75.0000 (67.3700)  Acc@5: 87.5000 (91.2900)
2024-11-17 16:17:29,614 -                train: [    INFO] - valid_acc 67.370002 - best_valid_acc 69.250002
2024-11-17 16:17:30,068 -                train: [    INFO] - Train: 228 [   0/520]  Loss: 1.639 (1.64)  Acc@1: 62.5000 (62.5000)  Acc@5: 94.7917 (94.7917)LR: 1.710e-02
2024-11-17 16:17:43,720 -                train: [    INFO] - Train: 228 [ 200/520]  Loss: 1.572 (1.60)  Acc@1: 64.5833 (66.8636)  Acc@5: 95.8333 (91.1018)LR: 1.710e-02
2024-11-17 16:17:57,133 -                train: [    INFO] - Train: 228 [ 400/520]  Loss: 1.491 (1.63)  Acc@1: 65.6250 (66.3108)  Acc@5: 92.7083 (90.6925)LR: 1.710e-02
2024-11-17 16:18:05,262 -                train: [    INFO] - Train: 228 [ 520/520]  Loss: 2.062 (1.64)  Acc@1: 61.2500 (66.1820)  Acc@5: 83.7500 (90.5600)LR: 1.710e-02
2024-11-17 16:18:05,745 -                train: [    INFO] - Valid: 228 [   0/104]  Loss: 0.9468 (0.947)  Acc@1: 70.8333 (70.8333)  Acc@5: 93.7500 (93.7500)
2024-11-17 16:18:07,237 -                train: [    INFO] - Valid: 228 [ 104/104]  Loss: 0.9951 (1.13)  Acc@1: 75.0000 (68.5700)  Acc@5: 87.5000 (91.7300)
2024-11-17 16:18:07,299 -                train: [    INFO] - valid_acc 68.570002 - best_valid_acc 69.250002
2024-11-17 16:18:07,720 -                train: [    INFO] - Train: 229 [   0/520]  Loss: 1.842 (1.84)  Acc@1: 63.5417 (63.5417)  Acc@5: 88.5417 (88.5417)LR: 1.704e-02
2024-11-17 16:18:20,847 -                train: [    INFO] - Train: 229 [ 200/520]  Loss: 1.570 (1.61)  Acc@1: 67.7083 (66.8584)  Acc@5: 92.7083 (90.7649)LR: 1.704e-02
2024-11-17 16:18:33,384 -                train: [    INFO] - Train: 229 [ 400/520]  Loss: 1.699 (1.63)  Acc@1: 66.6667 (66.3342)  Acc@5: 91.6667 (90.6302)LR: 1.704e-02
2024-11-17 16:18:40,855 -                train: [    INFO] - Train: 229 [ 520/520]  Loss: 1.355 (1.63)  Acc@1: 76.2500 (66.2440)  Acc@5: 91.2500 (90.6460)LR: 1.704e-02
2024-11-17 16:18:41,296 -                train: [    INFO] - Valid: 229 [   0/104]  Loss: 1.127 (1.13)  Acc@1: 69.7917 (69.7917)  Acc@5: 89.5833 (89.5833)
2024-11-17 16:18:42,802 -                train: [    INFO] - Valid: 229 [ 104/104]  Loss: 0.9704 (1.15)  Acc@1: 81.2500 (67.5700)  Acc@5: 93.7500 (91.5200)
2024-11-17 16:18:42,863 -                train: [    INFO] - valid_acc 67.570002 - best_valid_acc 69.250002
2024-11-17 16:18:43,279 -                train: [    INFO] - Train: 230 [   0/520]  Loss: 1.609 (1.61)  Acc@1: 63.5417 (63.5417)  Acc@5: 89.5833 (89.5833)LR: 1.698e-02
2024-11-17 16:18:56,291 -                train: [    INFO] - Train: 230 [ 200/520]  Loss: 1.742 (1.59)  Acc@1: 63.5417 (66.9776)  Acc@5: 87.5000 (91.1588)LR: 1.698e-02
2024-11-17 16:19:08,242 -                train: [    INFO] - Train: 230 [ 400/520]  Loss: 1.551 (1.61)  Acc@1: 63.5417 (66.5472)  Acc@5: 94.7917 (90.9887)LR: 1.698e-02
2024-11-17 16:19:16,176 -                train: [    INFO] - Train: 230 [ 520/520]  Loss: 1.680 (1.63)  Acc@1: 67.5000 (66.3380)  Acc@5: 87.5000 (90.8280)LR: 1.698e-02
2024-11-17 16:19:16,621 -                train: [    INFO] - Valid: 230 [   0/104]  Loss: 1.036 (1.04)  Acc@1: 70.8333 (70.8333)  Acc@5: 93.7500 (93.7500)
2024-11-17 16:19:18,205 -                train: [    INFO] - Valid: 230 [ 104/104]  Loss: 0.9869 (1.12)  Acc@1: 68.7500 (68.7900)  Acc@5: 87.5000 (91.8300)
2024-11-17 16:19:18,272 -                train: [    INFO] - valid_acc 68.790002 - best_valid_acc 69.250002
2024-11-17 16:19:18,760 -                train: [    INFO] - Train: 231 [   0/520]  Loss: 1.785 (1.79)  Acc@1: 65.6250 (65.6250)  Acc@5: 90.6250 (90.6250)LR: 1.692e-02
2024-11-17 16:19:32,559 -                train: [    INFO] - Train: 231 [ 200/520]  Loss: 1.553 (1.63)  Acc@1: 69.7917 (66.4075)  Acc@5: 89.5833 (90.6820)LR: 1.692e-02
2024-11-17 16:19:45,956 -                train: [    INFO] - Train: 231 [ 400/520]  Loss: 2.003 (1.64)  Acc@1: 60.4167 (66.0952)  Acc@5: 86.4583 (90.6977)LR: 1.692e-02
2024-11-17 16:19:54,074 -                train: [    INFO] - Train: 231 [ 520/520]  Loss: 1.966 (1.65)  Acc@1: 56.2500 (65.8380)  Acc@5: 90.0000 (90.5700)LR: 1.692e-02
2024-11-17 16:19:54,693 -                train: [    INFO] - Valid: 231 [   0/104]  Loss: 1.124 (1.12)  Acc@1: 68.7500 (68.7500)  Acc@5: 92.7083 (92.7083)
2024-11-17 16:19:56,353 -                train: [    INFO] - Valid: 231 [ 104/104]  Loss: 1.056 (1.10)  Acc@1: 75.0000 (69.1600)  Acc@5: 87.5000 (92.0300)
2024-11-17 16:19:56,413 -                train: [    INFO] - valid_acc 69.160003 - best_valid_acc 69.250002
2024-11-17 16:19:56,896 -                train: [    INFO] - Train: 232 [   0/520]  Loss: 1.573 (1.57)  Acc@1: 67.7083 (67.7083)  Acc@5: 90.6250 (90.6250)LR: 1.686e-02
2024-11-17 16:20:10,962 -                train: [    INFO] - Train: 232 [ 200/520]  Loss: 1.903 (1.61)  Acc@1: 58.3333 (66.4905)  Acc@5: 91.6667 (90.6146)LR: 1.686e-02
2024-11-17 16:20:23,695 -                train: [    INFO] - Train: 232 [ 400/520]  Loss: 1.334 (1.63)  Acc@1: 76.0417 (66.2251)  Acc@5: 94.7917 (90.4977)LR: 1.686e-02
2024-11-17 16:20:31,226 -                train: [    INFO] - Train: 232 [ 520/520]  Loss: 1.784 (1.64)  Acc@1: 61.2500 (66.0720)  Acc@5: 90.0000 (90.4940)LR: 1.686e-02
2024-11-17 16:20:31,641 -                train: [    INFO] - Valid: 232 [   0/104]  Loss: 1.285 (1.29)  Acc@1: 69.7917 (69.7917)  Acc@5: 89.5833 (89.5833)
2024-11-17 16:20:33,193 -                train: [    INFO] - Valid: 232 [ 104/104]  Loss: 1.186 (1.14)  Acc@1: 68.7500 (68.0600)  Acc@5: 81.2500 (91.6400)
2024-11-17 16:20:33,253 -                train: [    INFO] - valid_acc 68.060002 - best_valid_acc 69.250002
2024-11-17 16:20:33,731 -                train: [    INFO] - Train: 233 [   0/520]  Loss: 1.475 (1.48)  Acc@1: 67.7083 (67.7083)  Acc@5: 95.8333 (95.8333)LR: 1.680e-02
2024-11-17 16:20:46,904 -                train: [    INFO] - Train: 233 [ 200/520]  Loss: 1.610 (1.59)  Acc@1: 63.5417 (66.8118)  Acc@5: 89.5833 (91.0914)LR: 1.680e-02
2024-11-17 16:21:00,615 -                train: [    INFO] - Train: 233 [ 400/520]  Loss: 1.613 (1.63)  Acc@1: 65.6250 (66.1601)  Acc@5: 88.5417 (90.7289)LR: 1.680e-02
2024-11-17 16:21:08,743 -                train: [    INFO] - Train: 233 [ 520/520]  Loss: 1.375 (1.65)  Acc@1: 78.7500 (65.9440)  Acc@5: 93.7500 (90.5960)LR: 1.680e-02
2024-11-17 16:21:09,199 -                train: [    INFO] - Valid: 233 [   0/104]  Loss: 0.9980 (0.998)  Acc@1: 73.9583 (73.9583)  Acc@5: 94.7917 (94.7917)
2024-11-17 16:21:10,807 -                train: [    INFO] - Valid: 233 [ 104/104]  Loss: 1.123 (1.13)  Acc@1: 68.7500 (68.1500)  Acc@5: 87.5000 (91.8900)
2024-11-17 16:21:10,867 -                train: [    INFO] - valid_acc 68.150002 - best_valid_acc 69.250002
2024-11-17 16:21:11,340 -                train: [    INFO] - Train: 234 [   0/520]  Loss: 1.731 (1.73)  Acc@1: 62.5000 (62.5000)  Acc@5: 91.6667 (91.6667)LR: 1.673e-02
2024-11-17 16:21:25,077 -                train: [    INFO] - Train: 234 [ 200/520]  Loss: 1.894 (1.62)  Acc@1: 57.2917 (66.5008)  Acc@5: 90.6250 (90.8064)LR: 1.673e-02
2024-11-17 16:21:38,428 -                train: [    INFO] - Train: 234 [ 400/520]  Loss: 1.925 (1.63)  Acc@1: 57.2917 (66.3913)  Acc@5: 85.4167 (90.7731)LR: 1.673e-02
2024-11-17 16:21:46,592 -                train: [    INFO] - Train: 234 [ 520/520]  Loss: 1.528 (1.64)  Acc@1: 72.5000 (66.3180)  Acc@5: 92.5000 (90.5900)LR: 1.673e-02
2024-11-17 16:21:47,054 -                train: [    INFO] - Valid: 234 [   0/104]  Loss: 0.9035 (0.903)  Acc@1: 75.0000 (75.0000)  Acc@5: 92.7083 (92.7083)
2024-11-17 16:21:48,580 -                train: [    INFO] - Valid: 234 [ 104/104]  Loss: 0.8878 (1.09)  Acc@1: 75.0000 (69.0000)  Acc@5: 87.5000 (91.8400)
2024-11-17 16:21:48,645 -                train: [    INFO] - valid_acc 69.000002 - best_valid_acc 69.250002
2024-11-17 16:21:49,122 -                train: [    INFO] - Train: 235 [   0/520]  Loss: 1.597 (1.60)  Acc@1: 64.5833 (64.5833)  Acc@5: 90.6250 (90.6250)LR: 1.667e-02
2024-11-17 16:22:02,656 -                train: [    INFO] - Train: 235 [ 200/520]  Loss: 1.551 (1.60)  Acc@1: 68.7500 (67.3974)  Acc@5: 86.4583 (91.0655)LR: 1.667e-02
2024-11-17 16:22:15,970 -                train: [    INFO] - Train: 235 [ 400/520]  Loss: 1.747 (1.63)  Acc@1: 59.3750 (66.5783)  Acc@5: 88.5417 (90.5860)LR: 1.667e-02
2024-11-17 16:22:24,132 -                train: [    INFO] - Train: 235 [ 520/520]  Loss: 1.590 (1.64)  Acc@1: 67.5000 (66.2060)  Acc@5: 93.7500 (90.5700)LR: 1.667e-02
2024-11-17 16:22:24,643 -                train: [    INFO] - Valid: 235 [   0/104]  Loss: 0.9538 (0.954)  Acc@1: 73.9583 (73.9583)  Acc@5: 94.7917 (94.7917)
2024-11-17 16:22:26,014 -                train: [    INFO] - Valid: 235 [ 104/104]  Loss: 1.073 (1.18)  Acc@1: 68.7500 (67.2100)  Acc@5: 93.7500 (91.4100)
2024-11-17 16:22:26,080 -                train: [    INFO] - valid_acc 67.210002 - best_valid_acc 69.250002
2024-11-17 16:22:26,539 -                train: [    INFO] - Train: 236 [   0/520]  Loss: 1.606 (1.61)  Acc@1: 65.6250 (65.6250)  Acc@5: 93.7500 (93.7500)LR: 1.661e-02
2024-11-17 16:22:39,898 -                train: [    INFO] - Train: 236 [ 200/520]  Loss: 1.655 (1.59)  Acc@1: 67.7083 (67.0346)  Acc@5: 88.5417 (91.1277)LR: 1.661e-02
2024-11-17 16:22:53,445 -                train: [    INFO] - Train: 236 [ 400/520]  Loss: 1.414 (1.62)  Acc@1: 70.8333 (66.5342)  Acc@5: 91.6667 (90.8588)LR: 1.661e-02
2024-11-17 16:23:01,706 -                train: [    INFO] - Train: 236 [ 520/520]  Loss: 1.573 (1.64)  Acc@1: 67.5000 (66.3000)  Acc@5: 87.5000 (90.6440)LR: 1.661e-02
2024-11-17 16:23:02,229 -                train: [    INFO] - Valid: 236 [   0/104]  Loss: 1.036 (1.04)  Acc@1: 66.6667 (66.6667)  Acc@5: 94.7917 (94.7917)
2024-11-17 16:23:03,881 -                train: [    INFO] - Valid: 236 [ 104/104]  Loss: 0.9710 (1.10)  Acc@1: 81.2500 (68.8500)  Acc@5: 93.7500 (92.2300)
2024-11-17 16:23:03,942 -                train: [    INFO] - valid_acc 68.850002 - best_valid_acc 69.250002
2024-11-17 16:23:04,361 -                train: [    INFO] - Train: 237 [   0/520]  Loss: 1.546 (1.55)  Acc@1: 64.5833 (64.5833)  Acc@5: 88.5417 (88.5417)LR: 1.655e-02
2024-11-17 16:23:18,055 -                train: [    INFO] - Train: 237 [ 200/520]  Loss: 1.640 (1.64)  Acc@1: 61.4583 (66.2832)  Acc@5: 93.7500 (90.5835)LR: 1.655e-02
2024-11-17 16:23:31,813 -                train: [    INFO] - Train: 237 [ 400/520]  Loss: 1.660 (1.66)  Acc@1: 62.5000 (65.5627)  Acc@5: 88.5417 (90.2665)LR: 1.655e-02
2024-11-17 16:23:39,961 -                train: [    INFO] - Train: 237 [ 520/520]  Loss: 1.820 (1.66)  Acc@1: 68.7500 (65.6460)  Acc@5: 91.2500 (90.4240)LR: 1.655e-02
2024-11-17 16:23:40,552 -                train: [    INFO] - Valid: 237 [   0/104]  Loss: 1.024 (1.02)  Acc@1: 70.8333 (70.8333)  Acc@5: 92.7083 (92.7083)
2024-11-17 16:23:41,963 -                train: [    INFO] - Valid: 237 [ 104/104]  Loss: 0.9205 (1.16)  Acc@1: 75.0000 (67.6900)  Acc@5: 93.7500 (91.6200)
2024-11-17 16:23:42,025 -                train: [    INFO] - valid_acc 67.690002 - best_valid_acc 69.250002
2024-11-17 16:23:42,527 -                train: [    INFO] - Train: 238 [   0/520]  Loss: 1.480 (1.48)  Acc@1: 67.7083 (67.7083)  Acc@5: 93.7500 (93.7500)LR: 1.649e-02
2024-11-17 16:23:56,296 -                train: [    INFO] - Train: 238 [ 200/520]  Loss: 1.694 (1.61)  Acc@1: 67.7083 (66.5734)  Acc@5: 88.5417 (90.9204)LR: 1.649e-02
2024-11-17 16:24:09,581 -                train: [    INFO] - Train: 238 [ 400/520]  Loss: 1.932 (1.63)  Acc@1: 61.4583 (66.0926)  Acc@5: 85.4167 (90.6640)LR: 1.649e-02
2024-11-17 16:24:17,282 -                train: [    INFO] - Train: 238 [ 520/520]  Loss: 1.717 (1.64)  Acc@1: 58.7500 (65.7380)  Acc@5: 93.7500 (90.6240)LR: 1.649e-02
2024-11-17 16:24:17,707 -                train: [    INFO] - Valid: 238 [   0/104]  Loss: 1.119 (1.12)  Acc@1: 68.7500 (68.7500)  Acc@5: 89.5833 (89.5833)
2024-11-17 16:24:19,079 -                train: [    INFO] - Valid: 238 [ 104/104]  Loss: 1.097 (1.18)  Acc@1: 75.0000 (67.0800)  Acc@5: 87.5000 (90.9000)
2024-11-17 16:24:19,143 -                train: [    INFO] - valid_acc 67.080002 - best_valid_acc 69.250002
2024-11-17 16:24:19,630 -                train: [    INFO] - Train: 239 [   0/520]  Loss: 1.700 (1.70)  Acc@1: 59.3750 (59.3750)  Acc@5: 91.6667 (91.6667)LR: 1.642e-02
2024-11-17 16:24:32,312 -                train: [    INFO] - Train: 239 [ 200/520]  Loss: 1.934 (1.64)  Acc@1: 56.2500 (66.2728)  Acc@5: 85.4167 (90.5473)LR: 1.642e-02
2024-11-17 16:24:44,804 -                train: [    INFO] - Train: 239 [ 400/520]  Loss: 1.783 (1.64)  Acc@1: 61.4583 (66.0484)  Acc@5: 91.6667 (90.5705)LR: 1.642e-02
2024-11-17 16:24:52,936 -                train: [    INFO] - Train: 239 [ 520/520]  Loss: 1.580 (1.64)  Acc@1: 67.5000 (65.9560)  Acc@5: 92.5000 (90.5660)LR: 1.642e-02
2024-11-17 16:24:53,415 -                train: [    INFO] - Valid: 239 [   0/104]  Loss: 0.9580 (0.958)  Acc@1: 68.7500 (68.7500)  Acc@5: 94.7917 (94.7917)
2024-11-17 16:24:54,970 -                train: [    INFO] - Valid: 239 [ 104/104]  Loss: 0.9983 (1.14)  Acc@1: 62.5000 (67.8700)  Acc@5: 100.0000 (91.4900)
2024-11-17 16:24:55,037 -                train: [    INFO] - valid_acc 67.870002 - best_valid_acc 69.250002
2024-11-17 16:24:55,607 -                train: [    INFO] - Train: 240 [   0/520]  Loss: 1.600 (1.60)  Acc@1: 69.7917 (69.7917)  Acc@5: 91.6667 (91.6667)LR: 1.636e-02
2024-11-17 16:25:09,049 -                train: [    INFO] - Train: 240 [ 200/520]  Loss: 1.857 (1.59)  Acc@1: 61.4583 (67.4026)  Acc@5: 86.4583 (90.9308)LR: 1.636e-02
2024-11-17 16:25:22,715 -                train: [    INFO] - Train: 240 [ 400/520]  Loss: 1.765 (1.62)  Acc@1: 61.4583 (66.7186)  Acc@5: 88.5417 (90.7757)LR: 1.636e-02
2024-11-17 16:25:30,884 -                train: [    INFO] - Train: 240 [ 520/520]  Loss: 1.949 (1.63)  Acc@1: 62.5000 (66.4440)  Acc@5: 90.0000 (90.7740)LR: 1.636e-02
2024-11-17 16:25:31,426 -                train: [    INFO] - Valid: 240 [   0/104]  Loss: 1.029 (1.03)  Acc@1: 71.8750 (71.8750)  Acc@5: 90.6250 (90.6250)
2024-11-17 16:25:32,935 -                train: [    INFO] - Valid: 240 [ 104/104]  Loss: 0.7014 (1.15)  Acc@1: 81.2500 (68.6400)  Acc@5: 93.7500 (91.6700)
2024-11-17 16:25:32,997 -                train: [    INFO] - valid_acc 68.640002 - best_valid_acc 69.250002
2024-11-17 16:25:33,390 -                train: [    INFO] - Train: 241 [   0/520]  Loss: 1.964 (1.96)  Acc@1: 64.5833 (64.5833)  Acc@5: 90.6250 (90.6250)LR: 1.630e-02
2024-11-17 16:25:46,441 -                train: [    INFO] - Train: 241 [ 200/520]  Loss: 1.326 (1.60)  Acc@1: 66.6667 (66.5630)  Acc@5: 94.7917 (91.2106)LR: 1.630e-02
2024-11-17 16:25:59,875 -                train: [    INFO] - Train: 241 [ 400/520]  Loss: 1.677 (1.64)  Acc@1: 65.6250 (65.9263)  Acc@5: 89.5833 (90.8276)LR: 1.630e-02
2024-11-17 16:26:08,098 -                train: [    INFO] - Train: 241 [ 520/520]  Loss: 2.008 (1.63)  Acc@1: 58.7500 (65.9840)  Acc@5: 86.2500 (90.8160)LR: 1.630e-02
2024-11-17 16:26:08,599 -                train: [    INFO] - Valid: 241 [   0/104]  Loss: 1.159 (1.16)  Acc@1: 72.9167 (72.9167)  Acc@5: 89.5833 (89.5833)
2024-11-17 16:26:10,161 -                train: [    INFO] - Valid: 241 [ 104/104]  Loss: 0.6980 (1.12)  Acc@1: 87.5000 (69.1600)  Acc@5: 93.7500 (92.1000)
2024-11-17 16:26:10,222 -                train: [    INFO] - valid_acc 69.160002 - best_valid_acc 69.250002
2024-11-17 16:26:10,702 -                train: [    INFO] - Train: 242 [   0/520]  Loss: 1.300 (1.30)  Acc@1: 73.9583 (73.9583)  Acc@5: 92.7083 (92.7083)LR: 1.624e-02
2024-11-17 16:26:24,081 -                train: [    INFO] - Train: 242 [ 200/520]  Loss: 1.633 (1.57)  Acc@1: 65.6250 (67.6047)  Acc@5: 86.4583 (91.2054)LR: 1.624e-02
2024-11-17 16:26:37,816 -                train: [    INFO] - Train: 242 [ 400/520]  Loss: 1.525 (1.61)  Acc@1: 68.7500 (66.9758)  Acc@5: 89.5833 (90.8380)LR: 1.624e-02
2024-11-17 16:26:45,898 -                train: [    INFO] - Train: 242 [ 520/520]  Loss: 1.535 (1.62)  Acc@1: 65.0000 (66.5400)  Acc@5: 91.2500 (90.6880)LR: 1.624e-02
2024-11-17 16:26:46,356 -                train: [    INFO] - Valid: 242 [   0/104]  Loss: 1.152 (1.15)  Acc@1: 68.7500 (68.7500)  Acc@5: 90.6250 (90.6250)
2024-11-17 16:26:47,955 -                train: [    INFO] - Valid: 242 [ 104/104]  Loss: 1.043 (1.13)  Acc@1: 81.2500 (69.2400)  Acc@5: 87.5000 (91.7700)
2024-11-17 16:26:48,021 -                train: [    INFO] - valid_acc 69.240002 - best_valid_acc 69.250002
2024-11-17 16:26:48,486 -                train: [    INFO] - Train: 243 [   0/520]  Loss: 1.473 (1.47)  Acc@1: 66.6667 (66.6667)  Acc@5: 91.6667 (91.6667)LR: 1.618e-02
2024-11-17 16:27:02,179 -                train: [    INFO] - Train: 243 [ 200/520]  Loss: 1.725 (1.60)  Acc@1: 63.5417 (66.9517)  Acc@5: 91.6667 (91.0759)LR: 1.618e-02
2024-11-17 16:27:15,721 -                train: [    INFO] - Train: 243 [ 400/520]  Loss: 1.557 (1.62)  Acc@1: 64.5833 (66.4433)  Acc@5: 92.7083 (90.9497)LR: 1.618e-02
2024-11-17 16:27:23,853 -                train: [    INFO] - Train: 243 [ 520/520]  Loss: 1.553 (1.64)  Acc@1: 70.0000 (66.1000)  Acc@5: 91.2500 (90.7640)LR: 1.618e-02
2024-11-17 16:27:24,311 -                train: [    INFO] - Valid: 243 [   0/104]  Loss: 0.8806 (0.881)  Acc@1: 76.0417 (76.0417)  Acc@5: 92.7083 (92.7083)
2024-11-17 16:27:25,816 -                train: [    INFO] - Valid: 243 [ 104/104]  Loss: 1.103 (1.13)  Acc@1: 81.2500 (68.4700)  Acc@5: 87.5000 (91.4300)
2024-11-17 16:27:25,881 -                train: [    INFO] - valid_acc 68.470002 - best_valid_acc 69.250002
2024-11-17 16:27:26,342 -                train: [    INFO] - Train: 244 [   0/520]  Loss: 2.013 (2.01)  Acc@1: 61.4583 (61.4583)  Acc@5: 87.5000 (87.5000)LR: 1.611e-02
2024-11-17 16:27:39,329 -                train: [    INFO] - Train: 244 [ 200/520]  Loss: 1.773 (1.60)  Acc@1: 63.5417 (66.9517)  Acc@5: 87.5000 (91.2417)LR: 1.611e-02
2024-11-17 16:27:52,682 -                train: [    INFO] - Train: 244 [ 400/520]  Loss: 1.812 (1.63)  Acc@1: 61.4583 (66.2458)  Acc@5: 88.5417 (90.8874)LR: 1.611e-02
2024-11-17 16:28:00,804 -                train: [    INFO] - Train: 244 [ 520/520]  Loss: 1.513 (1.63)  Acc@1: 72.5000 (66.2440)  Acc@5: 91.2500 (90.8720)LR: 1.611e-02
2024-11-17 16:28:01,249 -                train: [    INFO] - Valid: 244 [   0/104]  Loss: 1.006 (1.01)  Acc@1: 75.0000 (75.0000)  Acc@5: 91.6667 (91.6667)
2024-11-17 16:28:02,614 -                train: [    INFO] - Valid: 244 [ 104/104]  Loss: 1.100 (1.08)  Acc@1: 68.7500 (69.0200)  Acc@5: 87.5000 (92.3600)
2024-11-17 16:28:02,674 -                train: [    INFO] - valid_acc 69.020002 - best_valid_acc 69.250002
2024-11-17 16:28:03,069 -                train: [    INFO] - Train: 245 [   0/520]  Loss: 1.445 (1.44)  Acc@1: 66.6667 (66.6667)  Acc@5: 93.7500 (93.7500)LR: 1.605e-02
2024-11-17 16:28:16,548 -                train: [    INFO] - Train: 245 [ 200/520]  Loss: 1.873 (1.59)  Acc@1: 58.3333 (66.5786)  Acc@5: 83.3333 (90.8997)LR: 1.605e-02
2024-11-17 16:28:30,303 -                train: [    INFO] - Train: 245 [ 400/520]  Loss: 1.714 (1.62)  Acc@1: 62.5000 (66.1549)  Acc@5: 90.6250 (90.7185)LR: 1.605e-02
2024-11-17 16:28:38,551 -                train: [    INFO] - Train: 245 [ 520/520]  Loss: 1.706 (1.63)  Acc@1: 62.5000 (66.1940)  Acc@5: 92.5000 (90.6580)LR: 1.605e-02
2024-11-17 16:28:38,990 -                train: [    INFO] - Valid: 245 [   0/104]  Loss: 1.162 (1.16)  Acc@1: 65.6250 (65.6250)  Acc@5: 90.6250 (90.6250)
2024-11-17 16:28:40,577 -                train: [    INFO] - Valid: 245 [ 104/104]  Loss: 0.9125 (1.11)  Acc@1: 81.2500 (68.2500)  Acc@5: 93.7500 (91.7400)
2024-11-17 16:28:40,638 -                train: [    INFO] - valid_acc 68.250002 - best_valid_acc 69.250002
2024-11-17 16:28:41,101 -                train: [    INFO] - Train: 246 [   0/520]  Loss: 1.693 (1.69)  Acc@1: 66.6667 (66.6667)  Acc@5: 89.5833 (89.5833)LR: 1.599e-02
2024-11-17 16:28:54,220 -                train: [    INFO] - Train: 246 [ 200/520]  Loss: 1.580 (1.60)  Acc@1: 64.5833 (67.0916)  Acc@5: 89.5833 (90.9826)LR: 1.599e-02
2024-11-17 16:29:07,910 -                train: [    INFO] - Train: 246 [ 400/520]  Loss: 1.498 (1.61)  Acc@1: 69.7917 (66.8251)  Acc@5: 87.5000 (90.8822)LR: 1.599e-02
2024-11-17 16:29:16,191 -                train: [    INFO] - Train: 246 [ 520/520]  Loss: 1.573 (1.61)  Acc@1: 62.5000 (66.7300)  Acc@5: 93.7500 (90.7780)LR: 1.599e-02
2024-11-17 16:29:16,581 -                train: [    INFO] - Valid: 246 [   0/104]  Loss: 0.9812 (0.981)  Acc@1: 75.0000 (75.0000)  Acc@5: 93.7500 (93.7500)
2024-11-17 16:29:18,045 -                train: [    INFO] - Valid: 246 [ 104/104]  Loss: 1.091 (1.15)  Acc@1: 75.0000 (68.5800)  Acc@5: 87.5000 (91.5900)
2024-11-17 16:29:18,103 -                train: [    INFO] - valid_acc 68.580002 - best_valid_acc 69.250002
2024-11-17 16:29:18,467 -                train: [    INFO] - Train: 247 [   0/520]  Loss: 1.848 (1.85)  Acc@1: 65.6250 (65.6250)  Acc@5: 85.4167 (85.4167)LR: 1.592e-02
2024-11-17 16:29:31,490 -                train: [    INFO] - Train: 247 [ 200/520]  Loss: 1.907 (1.64)  Acc@1: 61.4583 (65.9826)  Acc@5: 86.4583 (90.8478)LR: 1.592e-02
2024-11-17 16:29:45,004 -                train: [    INFO] - Train: 247 [ 400/520]  Loss: 1.374 (1.62)  Acc@1: 68.7500 (66.2978)  Acc@5: 94.7917 (90.8146)LR: 1.592e-02
2024-11-17 16:29:53,422 -                train: [    INFO] - Train: 247 [ 520/520]  Loss: 1.415 (1.63)  Acc@1: 70.0000 (66.2280)  Acc@5: 90.0000 (90.7220)LR: 1.592e-02
2024-11-17 16:29:53,859 -                train: [    INFO] - Valid: 247 [   0/104]  Loss: 0.9187 (0.919)  Acc@1: 75.0000 (75.0000)  Acc@5: 96.8750 (96.8750)
2024-11-17 16:29:55,308 -                train: [    INFO] - Valid: 247 [ 104/104]  Loss: 1.034 (1.11)  Acc@1: 81.2500 (68.8500)  Acc@5: 87.5000 (92.1600)
2024-11-17 16:29:55,372 -                train: [    INFO] - valid_acc 68.850002 - best_valid_acc 69.250002
2024-11-17 16:29:55,825 -                train: [    INFO] - Train: 248 [   0/520]  Loss: 1.139 (1.14)  Acc@1: 75.0000 (75.0000)  Acc@5: 95.8333 (95.8333)LR: 1.586e-02
2024-11-17 16:30:08,467 -                train: [    INFO] - Train: 248 [ 200/520]  Loss: 1.952 (1.58)  Acc@1: 56.2500 (67.4181)  Acc@5: 84.3750 (90.9930)LR: 1.586e-02
2024-11-17 16:30:22,020 -                train: [    INFO] - Train: 248 [ 400/520]  Loss: 1.631 (1.61)  Acc@1: 66.6667 (66.6978)  Acc@5: 89.5833 (90.8016)LR: 1.586e-02
2024-11-17 16:30:30,099 -                train: [    INFO] - Train: 248 [ 520/520]  Loss: 1.953 (1.62)  Acc@1: 57.5000 (66.4520)  Acc@5: 86.2500 (90.7560)LR: 1.586e-02
2024-11-17 16:30:30,510 -                train: [    INFO] - Valid: 248 [   0/104]  Loss: 1.178 (1.18)  Acc@1: 67.7083 (67.7083)  Acc@5: 91.6667 (91.6667)
2024-11-17 16:30:31,925 -                train: [    INFO] - Valid: 248 [ 104/104]  Loss: 1.057 (1.15)  Acc@1: 81.2500 (67.7700)  Acc@5: 81.2500 (91.4600)
2024-11-17 16:30:31,990 -                train: [    INFO] - valid_acc 67.770003 - best_valid_acc 69.250002
2024-11-17 16:30:32,375 -                train: [    INFO] - Train: 249 [   0/520]  Loss: 1.506 (1.51)  Acc@1: 64.5833 (64.5833)  Acc@5: 89.5833 (89.5833)LR: 1.580e-02
2024-11-17 16:30:45,125 -                train: [    INFO] - Train: 249 [ 200/520]  Loss: 1.606 (1.59)  Acc@1: 62.5000 (67.0864)  Acc@5: 92.7083 (90.9722)LR: 1.580e-02
2024-11-17 16:30:58,779 -                train: [    INFO] - Train: 249 [ 400/520]  Loss: 1.608 (1.61)  Acc@1: 63.5417 (66.4952)  Acc@5: 91.6667 (90.8848)LR: 1.580e-02
2024-11-17 16:31:07,019 -                train: [    INFO] - Train: 249 [ 520/520]  Loss: 1.274 (1.62)  Acc@1: 78.7500 (66.3480)  Acc@5: 93.7500 (90.8980)LR: 1.580e-02
2024-11-17 16:31:07,580 -                train: [    INFO] - Valid: 249 [   0/104]  Loss: 1.109 (1.11)  Acc@1: 68.7500 (68.7500)  Acc@5: 92.7083 (92.7083)
2024-11-17 16:31:09,198 -                train: [    INFO] - Valid: 249 [ 104/104]  Loss: 0.8819 (1.10)  Acc@1: 75.0000 (68.9300)  Acc@5: 93.7500 (92.4000)
2024-11-17 16:31:09,262 -                train: [    INFO] - valid_acc 68.930002 - best_valid_acc 69.250002
2024-11-17 16:31:09,668 -                train: [    INFO] - Train: 250 [   0/520]  Loss: 1.622 (1.62)  Acc@1: 60.4167 (60.4167)  Acc@5: 92.7083 (92.7083)LR: 1.574e-02
2024-11-17 16:31:22,845 -                train: [    INFO] - Train: 250 [ 200/520]  Loss: 1.509 (1.63)  Acc@1: 65.6250 (66.3454)  Acc@5: 90.6250 (90.7338)LR: 1.574e-02
2024-11-17 16:31:36,483 -                train: [    INFO] - Train: 250 [ 400/520]  Loss: 1.700 (1.63)  Acc@1: 63.5417 (66.3731)  Acc@5: 86.4583 (90.8536)LR: 1.574e-02
2024-11-17 16:31:44,712 -                train: [    INFO] - Train: 250 [ 520/520]  Loss: 1.473 (1.62)  Acc@1: 71.2500 (66.4400)  Acc@5: 91.2500 (90.8460)LR: 1.574e-02
2024-11-17 16:31:45,132 -                train: [    INFO] - Valid: 250 [   0/104]  Loss: 1.207 (1.21)  Acc@1: 72.9167 (72.9167)  Acc@5: 88.5417 (88.5417)
2024-11-17 16:31:46,505 -                train: [    INFO] - Valid: 250 [ 104/104]  Loss: 0.9283 (1.20)  Acc@1: 81.2500 (66.8300)  Acc@5: 93.7500 (90.5200)
2024-11-17 16:31:46,567 -                train: [    INFO] - valid_acc 66.830002 - best_valid_acc 69.250002
2024-11-17 16:31:46,959 -                train: [    INFO] - Train: 251 [   0/520]  Loss: 2.174 (2.17)  Acc@1: 58.3333 (58.3333)  Acc@5: 86.4583 (86.4583)LR: 1.567e-02
2024-11-17 16:32:00,717 -                train: [    INFO] - Train: 251 [ 200/520]  Loss: 1.617 (1.56)  Acc@1: 63.5417 (67.5684)  Acc@5: 92.7083 (91.4231)LR: 1.567e-02
2024-11-17 16:32:14,354 -                train: [    INFO] - Train: 251 [ 400/520]  Loss: 1.927 (1.60)  Acc@1: 64.5833 (66.7784)  Acc@5: 88.5417 (91.0147)LR: 1.567e-02
2024-11-17 16:32:22,058 -                train: [    INFO] - Train: 251 [ 520/520]  Loss: 1.498 (1.62)  Acc@1: 73.7500 (66.4100)  Acc@5: 93.7500 (90.8520)LR: 1.567e-02
2024-11-17 16:32:22,498 -                train: [    INFO] - Valid: 251 [   0/104]  Loss: 1.145 (1.14)  Acc@1: 69.7917 (69.7917)  Acc@5: 91.6667 (91.6667)
2024-11-17 16:32:23,965 -                train: [    INFO] - Valid: 251 [ 104/104]  Loss: 1.188 (1.18)  Acc@1: 68.7500 (67.0000)  Acc@5: 87.5000 (91.0500)
2024-11-17 16:32:24,030 -                train: [    INFO] - valid_acc 67.000002 - best_valid_acc 69.250002
2024-11-17 16:32:24,594 -                train: [    INFO] - Train: 252 [   0/520]  Loss: 1.694 (1.69)  Acc@1: 68.7500 (68.7500)  Acc@5: 89.5833 (89.5833)LR: 1.561e-02
2024-11-17 16:32:37,422 -                train: [    INFO] - Train: 252 [ 200/520]  Loss: 1.688 (1.60)  Acc@1: 65.6250 (67.2626)  Acc@5: 90.6250 (91.2521)LR: 1.561e-02
2024-11-17 16:32:51,111 -                train: [    INFO] - Train: 252 [ 400/520]  Loss: 1.768 (1.62)  Acc@1: 65.6250 (66.4796)  Acc@5: 91.6667 (91.0536)LR: 1.561e-02
2024-11-17 16:32:59,365 -                train: [    INFO] - Train: 252 [ 520/520]  Loss: 1.614 (1.63)  Acc@1: 60.0000 (66.2840)  Acc@5: 90.0000 (90.9260)LR: 1.561e-02
2024-11-17 16:32:59,779 -                train: [    INFO] - Valid: 252 [   0/104]  Loss: 1.250 (1.25)  Acc@1: 66.6667 (66.6667)  Acc@5: 89.5833 (89.5833)
2024-11-17 16:33:01,245 -                train: [    INFO] - Valid: 252 [ 104/104]  Loss: 1.341 (1.21)  Acc@1: 68.7500 (66.8800)  Acc@5: 93.7500 (90.7700)
2024-11-17 16:33:01,307 -                train: [    INFO] - valid_acc 66.880002 - best_valid_acc 69.250002
2024-11-17 16:33:01,867 -                train: [    INFO] - Train: 253 [   0/520]  Loss: 1.509 (1.51)  Acc@1: 69.7917 (69.7917)  Acc@5: 92.7083 (92.7083)LR: 1.555e-02
2024-11-17 16:33:15,289 -                train: [    INFO] - Train: 253 [ 200/520]  Loss: 1.487 (1.59)  Acc@1: 64.5833 (66.6252)  Acc@5: 94.7917 (91.1381)LR: 1.555e-02
2024-11-17 16:33:28,666 -                train: [    INFO] - Train: 253 [ 400/520]  Loss: 1.733 (1.62)  Acc@1: 65.6250 (66.2744)  Acc@5: 89.5833 (90.9835)LR: 1.555e-02
2024-11-17 16:33:36,823 -                train: [    INFO] - Train: 253 [ 520/520]  Loss: 1.693 (1.62)  Acc@1: 67.5000 (66.3320)  Acc@5: 87.5000 (90.9360)LR: 1.555e-02
2024-11-17 16:33:37,282 -                train: [    INFO] - Valid: 253 [   0/104]  Loss: 1.139 (1.14)  Acc@1: 67.7083 (67.7083)  Acc@5: 92.7083 (92.7083)
2024-11-17 16:33:38,641 -                train: [    INFO] - Valid: 253 [ 104/104]  Loss: 1.024 (1.16)  Acc@1: 81.2500 (68.2400)  Acc@5: 93.7500 (91.6700)
2024-11-17 16:33:38,706 -                train: [    INFO] - valid_acc 68.240002 - best_valid_acc 69.250002
2024-11-17 16:33:39,163 -                train: [    INFO] - Train: 254 [   0/520]  Loss: 1.671 (1.67)  Acc@1: 62.5000 (62.5000)  Acc@5: 93.7500 (93.7500)LR: 1.548e-02
2024-11-17 16:33:52,830 -                train: [    INFO] - Train: 254 [ 200/520]  Loss: 1.280 (1.59)  Acc@1: 77.0833 (66.6408)  Acc@5: 95.8333 (91.3713)LR: 1.548e-02
2024-11-17 16:34:06,367 -                train: [    INFO] - Train: 254 [ 400/520]  Loss: 1.683 (1.61)  Acc@1: 67.7083 (66.3524)  Acc@5: 93.7500 (91.0770)LR: 1.548e-02
2024-11-17 16:34:14,557 -                train: [    INFO] - Train: 254 [ 520/520]  Loss: 1.481 (1.62)  Acc@1: 68.7500 (66.2300)  Acc@5: 90.0000 (90.9820)LR: 1.548e-02
2024-11-17 16:34:15,027 -                train: [    INFO] - Valid: 254 [   0/104]  Loss: 1.276 (1.28)  Acc@1: 68.7500 (68.7500)  Acc@5: 88.5417 (88.5417)
2024-11-17 16:34:16,443 -                train: [    INFO] - Valid: 254 [ 104/104]  Loss: 1.297 (1.20)  Acc@1: 68.7500 (67.7200)  Acc@5: 87.5000 (91.1600)
2024-11-17 16:34:16,507 -                train: [    INFO] - valid_acc 67.720002 - best_valid_acc 69.250002
2024-11-17 16:34:17,002 -                train: [    INFO] - Train: 255 [   0/520]  Loss: 1.683 (1.68)  Acc@1: 64.5833 (64.5833)  Acc@5: 86.4583 (86.4583)LR: 1.542e-02
2024-11-17 16:34:30,366 -                train: [    INFO] - Train: 255 [ 200/520]  Loss: 1.700 (1.60)  Acc@1: 67.7083 (67.2575)  Acc@5: 88.5417 (91.0914)LR: 1.542e-02
2024-11-17 16:34:44,131 -                train: [    INFO] - Train: 255 [ 400/520]  Loss: 1.882 (1.61)  Acc@1: 59.3750 (66.7134)  Acc@5: 89.5833 (91.0276)LR: 1.542e-02
2024-11-17 16:34:52,231 -                train: [    INFO] - Train: 255 [ 520/520]  Loss: 1.396 (1.61)  Acc@1: 75.0000 (66.8480)  Acc@5: 88.7500 (91.0400)LR: 1.542e-02
2024-11-17 16:34:52,801 -                train: [    INFO] - Valid: 255 [   0/104]  Loss: 1.025 (1.03)  Acc@1: 71.8750 (71.8750)  Acc@5: 89.5833 (89.5833)
2024-11-17 16:34:54,226 -                train: [    INFO] - Valid: 255 [ 104/104]  Loss: 0.9281 (1.05)  Acc@1: 81.2500 (70.1600)  Acc@5: 87.5000 (92.5900)
2024-11-17 16:34:54,340 -                train: [    INFO] - valid_acc 70.160002 - best_valid_acc 70.160002
2024-11-17 16:34:54,811 -                train: [    INFO] - Train: 256 [   0/520]  Loss: 1.536 (1.54)  Acc@1: 68.7500 (68.7500)  Acc@5: 92.7083 (92.7083)LR: 1.535e-02
2024-11-17 16:35:07,731 -                train: [    INFO] - Train: 256 [ 200/520]  Loss: 2.024 (1.61)  Acc@1: 62.5000 (66.9051)  Acc@5: 87.5000 (91.0396)LR: 1.535e-02
2024-11-17 16:35:21,403 -                train: [    INFO] - Train: 256 [ 400/520]  Loss: 1.875 (1.62)  Acc@1: 58.3333 (66.4926)  Acc@5: 92.7083 (90.9393)LR: 1.535e-02
2024-11-17 16:35:29,348 -                train: [    INFO] - Train: 256 [ 520/520]  Loss: 1.787 (1.62)  Acc@1: 66.2500 (66.5020)  Acc@5: 87.5000 (90.8120)LR: 1.535e-02
2024-11-17 16:35:29,858 -                train: [    INFO] - Valid: 256 [   0/104]  Loss: 1.189 (1.19)  Acc@1: 67.7083 (67.7083)  Acc@5: 90.6250 (90.6250)
2024-11-17 16:35:31,328 -                train: [    INFO] - Valid: 256 [ 104/104]  Loss: 0.8262 (1.08)  Acc@1: 87.5000 (69.1300)  Acc@5: 93.7500 (92.4400)
2024-11-17 16:35:31,390 -                train: [    INFO] - valid_acc 69.130002 - best_valid_acc 70.160002
2024-11-17 16:35:31,944 -                train: [    INFO] - Train: 257 [   0/520]  Loss: 1.634 (1.63)  Acc@1: 69.7917 (69.7917)  Acc@5: 88.5417 (88.5417)LR: 1.529e-02
2024-11-17 16:35:44,515 -                train: [    INFO] - Train: 257 [ 200/520]  Loss: 1.461 (1.59)  Acc@1: 70.8333 (66.8688)  Acc@5: 92.7083 (91.3713)LR: 1.529e-02
2024-11-17 16:35:57,780 -                train: [    INFO] - Train: 257 [ 400/520]  Loss: 1.567 (1.61)  Acc@1: 71.8750 (66.6251)  Acc@5: 92.7083 (90.9757)LR: 1.529e-02
2024-11-17 16:36:05,956 -                train: [    INFO] - Train: 257 [ 520/520]  Loss: 1.615 (1.61)  Acc@1: 67.5000 (66.6000)  Acc@5: 93.7500 (90.8360)LR: 1.529e-02
2024-11-17 16:36:06,475 -                train: [    INFO] - Valid: 257 [   0/104]  Loss: 0.9085 (0.908)  Acc@1: 70.8333 (70.8333)  Acc@5: 94.7917 (94.7917)
2024-11-17 16:36:07,992 -                train: [    INFO] - Valid: 257 [ 104/104]  Loss: 1.436 (1.07)  Acc@1: 68.7500 (70.0200)  Acc@5: 81.2500 (92.4400)
2024-11-17 16:36:08,054 -                train: [    INFO] - valid_acc 70.020003 - best_valid_acc 70.160002
2024-11-17 16:36:08,556 -                train: [    INFO] - Train: 258 [   0/520]  Loss: 1.736 (1.74)  Acc@1: 65.6250 (65.6250)  Acc@5: 90.6250 (90.6250)LR: 1.523e-02
2024-11-17 16:36:21,813 -                train: [    INFO] - Train: 258 [ 200/520]  Loss: 1.808 (1.60)  Acc@1: 61.4583 (66.6045)  Acc@5: 87.5000 (90.9567)LR: 1.523e-02
2024-11-17 16:36:34,206 -                train: [    INFO] - Train: 258 [ 400/520]  Loss: 1.394 (1.61)  Acc@1: 71.8750 (66.5186)  Acc@5: 95.8333 (90.9861)LR: 1.523e-02
2024-11-17 16:36:42,116 -                train: [    INFO] - Train: 258 [ 520/520]  Loss: 1.605 (1.62)  Acc@1: 67.5000 (66.5140)  Acc@5: 93.7500 (90.8800)LR: 1.523e-02
2024-11-17 16:36:42,629 -                train: [    INFO] - Valid: 258 [   0/104]  Loss: 1.015 (1.01)  Acc@1: 72.9167 (72.9167)  Acc@5: 91.6667 (91.6667)
2024-11-17 16:36:44,182 -                train: [    INFO] - Valid: 258 [ 104/104]  Loss: 0.9348 (1.08)  Acc@1: 81.2500 (69.7700)  Acc@5: 93.7500 (92.1400)
2024-11-17 16:36:44,248 -                train: [    INFO] - valid_acc 69.770002 - best_valid_acc 70.160002
2024-11-17 16:36:44,663 -                train: [    INFO] - Train: 259 [   0/520]  Loss: 1.691 (1.69)  Acc@1: 61.4583 (61.4583)  Acc@5: 89.5833 (89.5833)LR: 1.516e-02
2024-11-17 16:36:58,078 -                train: [    INFO] - Train: 259 [ 200/520]  Loss: 2.002 (1.58)  Acc@1: 62.5000 (67.1694)  Acc@5: 85.4167 (91.2003)LR: 1.516e-02
2024-11-17 16:37:11,458 -                train: [    INFO] - Train: 259 [ 400/520]  Loss: 1.311 (1.59)  Acc@1: 68.7500 (66.8251)  Acc@5: 95.8333 (91.0796)LR: 1.516e-02
2024-11-17 16:37:19,343 -                train: [    INFO] - Train: 259 [ 520/520]  Loss: 1.521 (1.61)  Acc@1: 68.7500 (66.5620)  Acc@5: 87.5000 (90.9520)LR: 1.516e-02
2024-11-17 16:37:19,840 -                train: [    INFO] - Valid: 259 [   0/104]  Loss: 1.184 (1.18)  Acc@1: 70.8333 (70.8333)  Acc@5: 88.5417 (88.5417)
2024-11-17 16:37:21,183 -                train: [    INFO] - Valid: 259 [ 104/104]  Loss: 1.245 (1.08)  Acc@1: 75.0000 (69.2800)  Acc@5: 81.2500 (92.2100)
2024-11-17 16:37:21,245 -                train: [    INFO] - valid_acc 69.280002 - best_valid_acc 70.160002
2024-11-17 16:37:21,660 -                train: [    INFO] - Train: 260 [   0/520]  Loss: 1.687 (1.69)  Acc@1: 57.2917 (57.2917)  Acc@5: 93.7500 (93.7500)LR: 1.510e-02
2024-11-17 16:37:34,554 -                train: [    INFO] - Train: 260 [ 200/520]  Loss: 1.563 (1.59)  Acc@1: 67.7083 (67.1953)  Acc@5: 94.7917 (91.2313)LR: 1.510e-02
2024-11-17 16:37:47,890 -                train: [    INFO] - Train: 260 [ 400/520]  Loss: 1.707 (1.61)  Acc@1: 68.7500 (66.6433)  Acc@5: 86.4583 (90.9991)LR: 1.510e-02
2024-11-17 16:37:56,235 -                train: [    INFO] - Train: 260 [ 520/520]  Loss: 1.354 (1.62)  Acc@1: 70.0000 (66.5980)  Acc@5: 93.7500 (90.9680)LR: 1.510e-02
2024-11-17 16:37:56,634 -                train: [    INFO] - Valid: 260 [   0/104]  Loss: 1.098 (1.10)  Acc@1: 70.8333 (70.8333)  Acc@5: 93.7500 (93.7500)
2024-11-17 16:37:58,280 -                train: [    INFO] - Valid: 260 [ 104/104]  Loss: 0.9035 (1.11)  Acc@1: 68.7500 (68.7400)  Acc@5: 93.7500 (92.2000)
2024-11-17 16:37:58,341 -                train: [    INFO] - valid_acc 68.740002 - best_valid_acc 70.160002
2024-11-17 16:37:58,722 -                train: [    INFO] - Train: 261 [   0/520]  Loss: 1.405 (1.40)  Acc@1: 69.7917 (69.7917)  Acc@5: 94.7917 (94.7917)LR: 1.503e-02
2024-11-17 16:38:11,604 -                train: [    INFO] - Train: 261 [ 200/520]  Loss: 1.691 (1.61)  Acc@1: 67.7083 (66.7600)  Acc@5: 85.4167 (90.8530)LR: 1.503e-02
2024-11-17 16:38:25,186 -                train: [    INFO] - Train: 261 [ 400/520]  Loss: 1.573 (1.62)  Acc@1: 69.7917 (66.6537)  Acc@5: 88.5417 (90.8874)LR: 1.503e-02
2024-11-17 16:38:33,489 -                train: [    INFO] - Train: 261 [ 520/520]  Loss: 1.474 (1.62)  Acc@1: 68.7500 (66.5340)  Acc@5: 92.5000 (90.9220)LR: 1.503e-02
2024-11-17 16:38:33,883 -                train: [    INFO] - Valid: 261 [   0/104]  Loss: 1.236 (1.24)  Acc@1: 68.7500 (68.7500)  Acc@5: 87.5000 (87.5000)
2024-11-17 16:38:35,435 -                train: [    INFO] - Valid: 261 [ 104/104]  Loss: 1.152 (1.13)  Acc@1: 75.0000 (68.1100)  Acc@5: 81.2500 (91.5200)
2024-11-17 16:38:35,501 -                train: [    INFO] - valid_acc 68.110002 - best_valid_acc 70.160002
2024-11-17 16:38:36,142 -                train: [    INFO] - Train: 262 [   0/520]  Loss: 1.647 (1.65)  Acc@1: 64.5833 (64.5833)  Acc@5: 94.7917 (94.7917)LR: 1.497e-02
2024-11-17 16:38:49,512 -                train: [    INFO] - Train: 262 [ 200/520]  Loss: 1.313 (1.58)  Acc@1: 72.9167 (67.1745)  Acc@5: 94.7917 (91.1070)LR: 1.497e-02
2024-11-17 16:39:02,929 -                train: [    INFO] - Train: 262 [ 400/520]  Loss: 1.416 (1.61)  Acc@1: 65.6250 (66.5913)  Acc@5: 97.9167 (90.8354)LR: 1.497e-02
2024-11-17 16:39:11,168 -                train: [    INFO] - Train: 262 [ 520/520]  Loss: 1.570 (1.61)  Acc@1: 71.2500 (66.5780)  Acc@5: 88.7500 (90.9080)LR: 1.497e-02
2024-11-17 16:39:11,866 -                train: [    INFO] - Valid: 262 [   0/104]  Loss: 1.156 (1.16)  Acc@1: 68.7500 (68.7500)  Acc@5: 91.6667 (91.6667)
2024-11-17 16:39:13,562 -                train: [    INFO] - Valid: 262 [ 104/104]  Loss: 0.7681 (1.13)  Acc@1: 68.7500 (68.2900)  Acc@5: 93.7500 (91.9100)
2024-11-17 16:39:13,623 -                train: [    INFO] - valid_acc 68.290002 - best_valid_acc 70.160002
2024-11-17 16:39:14,082 -                train: [    INFO] - Train: 263 [   0/520]  Loss: 1.695 (1.69)  Acc@1: 64.5833 (64.5833)  Acc@5: 88.5417 (88.5417)LR: 1.491e-02
2024-11-17 16:39:26,557 -                train: [    INFO] - Train: 263 [ 200/520]  Loss: 1.536 (1.55)  Acc@1: 67.7083 (68.2214)  Acc@5: 89.5833 (91.3454)LR: 1.491e-02
2024-11-17 16:39:38,795 -                train: [    INFO] - Train: 263 [ 400/520]  Loss: 1.740 (1.60)  Acc@1: 66.6667 (67.0849)  Acc@5: 89.5833 (90.8848)LR: 1.491e-02
2024-11-17 16:39:46,310 -                train: [    INFO] - Train: 263 [ 520/520]  Loss: 1.510 (1.61)  Acc@1: 68.7500 (66.8200)  Acc@5: 95.0000 (90.8420)LR: 1.491e-02
2024-11-17 16:39:46,768 -                train: [    INFO] - Valid: 263 [   0/104]  Loss: 1.120 (1.12)  Acc@1: 72.9167 (72.9167)  Acc@5: 89.5833 (89.5833)
2024-11-17 16:39:48,109 -                train: [    INFO] - Valid: 263 [ 104/104]  Loss: 1.248 (1.09)  Acc@1: 75.0000 (69.5400)  Acc@5: 87.5000 (92.0000)
2024-11-17 16:39:48,176 -                train: [    INFO] - valid_acc 69.540002 - best_valid_acc 70.160002
2024-11-17 16:39:48,643 -                train: [    INFO] - Train: 264 [   0/520]  Loss: 1.586 (1.59)  Acc@1: 65.6250 (65.6250)  Acc@5: 94.7917 (94.7917)LR: 1.484e-02
2024-11-17 16:40:02,238 -                train: [    INFO] - Train: 264 [ 200/520]  Loss: 1.816 (1.59)  Acc@1: 61.4583 (67.3404)  Acc@5: 89.5833 (91.1536)LR: 1.484e-02
2024-11-17 16:40:17,526 -                train: [    INFO] - Train: 264 [ 400/520]  Loss: 1.493 (1.62)  Acc@1: 70.8333 (66.6095)  Acc@5: 89.5833 (90.8796)LR: 1.484e-02
2024-11-17 16:40:27,712 -                train: [    INFO] - Train: 264 [ 520/520]  Loss: 1.652 (1.62)  Acc@1: 67.5000 (66.6800)  Acc@5: 88.7500 (90.9260)LR: 1.484e-02
2024-11-17 16:40:28,228 -                train: [    INFO] - Valid: 264 [   0/104]  Loss: 1.115 (1.11)  Acc@1: 72.9167 (72.9167)  Acc@5: 91.6667 (91.6667)
2024-11-17 16:40:29,973 -                train: [    INFO] - Valid: 264 [ 104/104]  Loss: 1.468 (1.16)  Acc@1: 68.7500 (68.0400)  Acc@5: 81.2500 (91.1700)
2024-11-17 16:40:30,032 -                train: [    INFO] - valid_acc 68.040002 - best_valid_acc 70.160002
2024-11-17 16:40:30,628 -                train: [    INFO] - Train: 265 [   0/520]  Loss: 1.709 (1.71)  Acc@1: 66.6667 (66.6667)  Acc@5: 89.5833 (89.5833)LR: 1.478e-02
2024-11-17 16:40:50,438 -                train: [    INFO] - Train: 265 [ 200/520]  Loss: 1.781 (1.60)  Acc@1: 63.5417 (67.1901)  Acc@5: 87.5000 (91.1329)LR: 1.478e-02
2024-11-17 16:41:08,148 -                train: [    INFO] - Train: 265 [ 400/520]  Loss: 1.708 (1.62)  Acc@1: 65.6250 (66.7394)  Acc@5: 89.5833 (90.8484)LR: 1.478e-02
2024-11-17 16:41:20,466 -                train: [    INFO] - Train: 265 [ 520/520]  Loss: 1.954 (1.62)  Acc@1: 66.2500 (66.5860)  Acc@5: 90.0000 (90.7960)LR: 1.478e-02
2024-11-17 16:41:20,942 -                train: [    INFO] - Valid: 265 [   0/104]  Loss: 1.102 (1.10)  Acc@1: 68.7500 (68.7500)  Acc@5: 91.6667 (91.6667)
2024-11-17 16:41:22,791 -                train: [    INFO] - Valid: 265 [ 104/104]  Loss: 0.8368 (1.10)  Acc@1: 81.2500 (68.5200)  Acc@5: 87.5000 (91.8000)
2024-11-17 16:41:22,855 -                train: [    INFO] - valid_acc 68.520002 - best_valid_acc 70.160002
2024-11-17 16:41:23,334 -                train: [    INFO] - Train: 266 [   0/520]  Loss: 1.637 (1.64)  Acc@1: 61.4583 (61.4583)  Acc@5: 90.6250 (90.6250)LR: 1.471e-02
2024-11-17 16:41:42,005 -                train: [    INFO] - Train: 266 [ 200/520]  Loss: 1.846 (1.58)  Acc@1: 60.4167 (67.2886)  Acc@5: 88.5417 (91.0759)LR: 1.471e-02
2024-11-17 16:42:02,276 -                train: [    INFO] - Train: 266 [ 400/520]  Loss: 1.443 (1.62)  Acc@1: 65.6250 (66.4692)  Acc@5: 97.9167 (90.7315)LR: 1.471e-02
2024-11-17 16:42:14,558 -                train: [    INFO] - Train: 266 [ 520/520]  Loss: 1.294 (1.62)  Acc@1: 71.2500 (66.4000)  Acc@5: 93.7500 (90.8480)LR: 1.471e-02
2024-11-17 16:42:15,145 -                train: [    INFO] - Valid: 266 [   0/104]  Loss: 0.9672 (0.967)  Acc@1: 73.9583 (73.9583)  Acc@5: 93.7500 (93.7500)
2024-11-17 16:42:17,279 -                train: [    INFO] - Valid: 266 [ 104/104]  Loss: 1.260 (1.07)  Acc@1: 68.7500 (70.0000)  Acc@5: 87.5000 (92.5500)
2024-11-17 16:42:17,341 -                train: [    INFO] - valid_acc 70.000002 - best_valid_acc 70.160002
2024-11-17 16:42:17,897 -                train: [    INFO] - Train: 267 [   0/520]  Loss: 1.422 (1.42)  Acc@1: 65.6250 (65.6250)  Acc@5: 92.7083 (92.7083)LR: 1.465e-02
2024-11-17 16:42:37,983 -                train: [    INFO] - Train: 267 [ 200/520]  Loss: 1.663 (1.58)  Acc@1: 66.6667 (66.8429)  Acc@5: 88.5417 (91.5475)LR: 1.465e-02
2024-11-17 16:42:57,966 -                train: [    INFO] - Train: 267 [ 400/520]  Loss: 1.716 (1.60)  Acc@1: 60.4167 (66.6693)  Acc@5: 89.5833 (91.1757)LR: 1.465e-02
2024-11-17 16:43:10,334 -                train: [    INFO] - Train: 267 [ 520/520]  Loss: 1.923 (1.61)  Acc@1: 60.0000 (66.4300)  Acc@5: 85.0000 (91.0020)LR: 1.465e-02
2024-11-17 16:43:10,867 -                train: [    INFO] - Valid: 267 [   0/104]  Loss: 1.035 (1.03)  Acc@1: 72.9167 (72.9167)  Acc@5: 92.7083 (92.7083)
2024-11-17 16:43:12,982 -                train: [    INFO] - Valid: 267 [ 104/104]  Loss: 1.415 (1.21)  Acc@1: 75.0000 (67.0500)  Acc@5: 87.5000 (90.6900)
2024-11-17 16:43:13,043 -                train: [    INFO] - valid_acc 67.050002 - best_valid_acc 70.160002
2024-11-17 16:43:13,570 -                train: [    INFO] - Train: 268 [   0/520]  Loss: 1.865 (1.87)  Acc@1: 53.1250 (53.1250)  Acc@5: 91.6667 (91.6667)LR: 1.458e-02
2024-11-17 16:43:33,756 -                train: [    INFO] - Train: 268 [ 200/520]  Loss: 1.502 (1.61)  Acc@1: 71.8750 (66.8843)  Acc@5: 88.5417 (91.1743)LR: 1.458e-02
2024-11-17 16:43:53,876 -                train: [    INFO] - Train: 268 [ 400/520]  Loss: 1.517 (1.62)  Acc@1: 72.9167 (66.6485)  Acc@5: 91.6667 (90.9056)LR: 1.458e-02
2024-11-17 16:44:06,125 -                train: [    INFO] - Train: 268 [ 520/520]  Loss: 1.765 (1.62)  Acc@1: 62.5000 (66.5920)  Acc@5: 87.5000 (90.9400)LR: 1.458e-02
2024-11-17 16:44:06,740 -                train: [    INFO] - Valid: 268 [   0/104]  Loss: 0.9839 (0.984)  Acc@1: 77.0833 (77.0833)  Acc@5: 91.6667 (91.6667)
2024-11-17 16:44:08,863 -                train: [    INFO] - Valid: 268 [ 104/104]  Loss: 1.102 (1.16)  Acc@1: 75.0000 (68.1500)  Acc@5: 75.0000 (91.6700)
2024-11-17 16:44:08,928 -                train: [    INFO] - valid_acc 68.150002 - best_valid_acc 70.160002
2024-11-17 16:44:09,430 -                train: [    INFO] - Train: 269 [   0/520]  Loss: 1.646 (1.65)  Acc@1: 68.7500 (68.7500)  Acc@5: 88.5417 (88.5417)LR: 1.452e-02
2024-11-17 16:44:29,805 -                train: [    INFO] - Train: 269 [ 200/520]  Loss: 1.532 (1.57)  Acc@1: 70.8333 (67.2575)  Acc@5: 90.6250 (91.2210)LR: 1.452e-02
2024-11-17 16:44:49,823 -                train: [    INFO] - Train: 269 [ 400/520]  Loss: 1.560 (1.60)  Acc@1: 61.4583 (66.7888)  Acc@5: 95.8333 (91.0173)LR: 1.452e-02
2024-11-17 16:45:02,106 -                train: [    INFO] - Train: 269 [ 520/520]  Loss: 1.862 (1.61)  Acc@1: 62.5000 (66.6080)  Acc@5: 88.7500 (90.9260)LR: 1.452e-02
2024-11-17 16:45:02,807 -                train: [    INFO] - Valid: 269 [   0/104]  Loss: 0.8918 (0.892)  Acc@1: 76.0417 (76.0417)  Acc@5: 94.7917 (94.7917)
2024-11-17 16:45:05,084 -                train: [    INFO] - Valid: 269 [ 104/104]  Loss: 1.131 (1.05)  Acc@1: 75.0000 (69.7000)  Acc@5: 87.5000 (92.6900)
2024-11-17 16:45:05,148 -                train: [    INFO] - valid_acc 69.700003 - best_valid_acc 70.160002
2024-11-17 16:45:05,847 -                train: [    INFO] - Train: 270 [   0/520]  Loss: 1.909 (1.91)  Acc@1: 60.4167 (60.4167)  Acc@5: 87.5000 (87.5000)LR: 1.446e-02
2024-11-17 16:45:26,094 -                train: [    INFO] - Train: 270 [ 200/520]  Loss: 1.350 (1.57)  Acc@1: 69.7917 (67.3663)  Acc@5: 92.7083 (91.3039)LR: 1.446e-02
2024-11-17 16:45:46,268 -                train: [    INFO] - Train: 270 [ 400/520]  Loss: 2.009 (1.59)  Acc@1: 52.0833 (67.0381)  Acc@5: 85.4167 (91.0069)LR: 1.446e-02
2024-11-17 16:45:58,497 -                train: [    INFO] - Train: 270 [ 520/520]  Loss: 1.648 (1.60)  Acc@1: 67.5000 (66.8080)  Acc@5: 88.7500 (90.9900)LR: 1.446e-02
2024-11-17 16:45:59,140 -                train: [    INFO] - Valid: 270 [   0/104]  Loss: 1.210 (1.21)  Acc@1: 66.6667 (66.6667)  Acc@5: 92.7083 (92.7083)
2024-11-17 16:46:01,252 -                train: [    INFO] - Valid: 270 [ 104/104]  Loss: 0.8449 (1.12)  Acc@1: 75.0000 (68.4800)  Acc@5: 93.7500 (91.8900)
2024-11-17 16:46:01,312 -                train: [    INFO] - valid_acc 68.480002 - best_valid_acc 70.160002
2024-11-17 16:46:01,838 -                train: [    INFO] - Train: 271 [   0/520]  Loss: 1.454 (1.45)  Acc@1: 65.6250 (65.6250)  Acc@5: 93.7500 (93.7500)LR: 1.439e-02
2024-11-17 16:46:21,847 -                train: [    INFO] - Train: 271 [ 200/520]  Loss: 1.402 (1.62)  Acc@1: 76.0417 (66.7962)  Acc@5: 91.6667 (90.9049)LR: 1.439e-02
2024-11-17 16:46:41,700 -                train: [    INFO] - Train: 271 [ 400/520]  Loss: 1.734 (1.61)  Acc@1: 67.7083 (66.5809)  Acc@5: 89.5833 (91.0250)LR: 1.439e-02
2024-11-17 16:46:54,011 -                train: [    INFO] - Train: 271 [ 520/520]  Loss: 1.509 (1.61)  Acc@1: 71.2500 (66.7280)  Acc@5: 87.5000 (91.0060)LR: 1.439e-02
2024-11-17 16:46:54,652 -                train: [    INFO] - Valid: 271 [   0/104]  Loss: 1.119 (1.12)  Acc@1: 69.7917 (69.7917)  Acc@5: 91.6667 (91.6667)
2024-11-17 16:46:56,771 -                train: [    INFO] - Valid: 271 [ 104/104]  Loss: 0.7726 (1.07)  Acc@1: 81.2500 (70.0900)  Acc@5: 93.7500 (92.4500)
2024-11-17 16:46:56,845 -                train: [    INFO] - valid_acc 70.090002 - best_valid_acc 70.160002
2024-11-17 16:46:57,570 -                train: [    INFO] - Train: 272 [   0/520]  Loss: 1.692 (1.69)  Acc@1: 63.5417 (63.5417)  Acc@5: 92.7083 (92.7083)LR: 1.433e-02
2024-11-17 16:47:17,760 -                train: [    INFO] - Train: 272 [ 200/520]  Loss: 1.695 (1.58)  Acc@1: 65.6250 (67.1953)  Acc@5: 89.5833 (91.3920)LR: 1.433e-02
2024-11-17 16:47:37,842 -                train: [    INFO] - Train: 272 [ 400/520]  Loss: 2.058 (1.59)  Acc@1: 63.5417 (67.0433)  Acc@5: 84.3750 (91.1653)LR: 1.433e-02
2024-11-17 16:47:50,076 -                train: [    INFO] - Train: 272 [ 520/520]  Loss: 1.778 (1.60)  Acc@1: 67.5000 (66.6400)  Acc@5: 88.7500 (91.0200)LR: 1.433e-02
2024-11-17 16:47:50,670 -                train: [    INFO] - Valid: 272 [   0/104]  Loss: 1.236 (1.24)  Acc@1: 66.6667 (66.6667)  Acc@5: 92.7083 (92.7083)
2024-11-17 16:47:52,800 -                train: [    INFO] - Valid: 272 [ 104/104]  Loss: 1.102 (1.13)  Acc@1: 75.0000 (68.8600)  Acc@5: 93.7500 (91.7600)
2024-11-17 16:47:52,865 -                train: [    INFO] - valid_acc 68.860003 - best_valid_acc 70.160002
2024-11-17 16:47:53,431 -                train: [    INFO] - Train: 273 [   0/520]  Loss: 1.335 (1.33)  Acc@1: 70.8333 (70.8333)  Acc@5: 94.7917 (94.7917)LR: 1.426e-02
2024-11-17 16:48:13,869 -                train: [    INFO] - Train: 273 [ 200/520]  Loss: 1.451 (1.57)  Acc@1: 68.7500 (67.2264)  Acc@5: 94.7917 (91.2054)LR: 1.426e-02
2024-11-17 16:48:34,181 -                train: [    INFO] - Train: 273 [ 400/520]  Loss: 1.766 (1.59)  Acc@1: 64.5833 (66.9342)  Acc@5: 92.7083 (91.0614)LR: 1.426e-02
2024-11-17 16:48:46,426 -                train: [    INFO] - Train: 273 [ 520/520]  Loss: 1.063 (1.60)  Acc@1: 80.0000 (66.7160)  Acc@5: 93.7500 (90.8960)LR: 1.426e-02
2024-11-17 16:48:46,953 -                train: [    INFO] - Valid: 273 [   0/104]  Loss: 1.111 (1.11)  Acc@1: 75.0000 (75.0000)  Acc@5: 90.6250 (90.6250)
2024-11-17 16:48:49,078 -                train: [    INFO] - Valid: 273 [ 104/104]  Loss: 1.065 (1.04)  Acc@1: 75.0000 (70.5500)  Acc@5: 87.5000 (92.8500)
2024-11-17 16:48:49,192 -                train: [    INFO] - valid_acc 70.550002 - best_valid_acc 70.550002
2024-11-17 16:48:49,793 -                train: [    INFO] - Train: 274 [   0/520]  Loss: 1.532 (1.53)  Acc@1: 73.9583 (73.9583)  Acc@5: 86.4583 (86.4583)LR: 1.420e-02
2024-11-17 16:49:10,175 -                train: [    INFO] - Train: 274 [ 200/520]  Loss: 1.761 (1.57)  Acc@1: 61.4583 (67.5477)  Acc@5: 91.6667 (91.1329)LR: 1.420e-02
2024-11-17 16:49:30,550 -                train: [    INFO] - Train: 274 [ 400/520]  Loss: 1.386 (1.60)  Acc@1: 68.7500 (67.1135)  Acc@5: 93.7500 (90.9991)LR: 1.420e-02
2024-11-17 16:49:42,828 -                train: [    INFO] - Train: 274 [ 520/520]  Loss: 1.654 (1.61)  Acc@1: 62.5000 (66.8140)  Acc@5: 88.7500 (90.8660)LR: 1.420e-02
2024-11-17 16:49:43,442 -                train: [    INFO] - Valid: 274 [   0/104]  Loss: 1.116 (1.12)  Acc@1: 71.8750 (71.8750)  Acc@5: 92.7083 (92.7083)
2024-11-17 16:49:45,571 -                train: [    INFO] - Valid: 274 [ 104/104]  Loss: 0.6758 (1.08)  Acc@1: 75.0000 (69.3500)  Acc@5: 93.7500 (92.3800)
2024-11-17 16:49:45,635 -                train: [    INFO] - valid_acc 69.350002 - best_valid_acc 70.550002
2024-11-17 16:49:46,163 -                train: [    INFO] - Train: 275 [   0/520]  Loss: 1.357 (1.36)  Acc@1: 70.8333 (70.8333)  Acc@5: 92.7083 (92.7083)LR: 1.413e-02
2024-11-17 16:50:06,292 -                train: [    INFO] - Train: 275 [ 200/520]  Loss: 1.425 (1.58)  Acc@1: 67.7083 (67.2212)  Acc@5: 94.7917 (91.1122)LR: 1.413e-02
2024-11-17 16:50:26,196 -                train: [    INFO] - Train: 275 [ 400/520]  Loss: 1.689 (1.59)  Acc@1: 66.6667 (67.1083)  Acc@5: 90.6250 (90.9705)LR: 1.413e-02
2024-11-17 16:50:38,431 -                train: [    INFO] - Train: 275 [ 520/520]  Loss: 1.182 (1.60)  Acc@1: 76.2500 (66.8320)  Acc@5: 96.2500 (90.9320)LR: 1.413e-02
2024-11-17 16:50:39,133 -                train: [    INFO] - Valid: 275 [   0/104]  Loss: 0.9533 (0.953)  Acc@1: 70.8333 (70.8333)  Acc@5: 93.7500 (93.7500)
2024-11-17 16:50:41,266 -                train: [    INFO] - Valid: 275 [ 104/104]  Loss: 0.6897 (1.02)  Acc@1: 75.0000 (71.1900)  Acc@5: 100.0000 (93.3200)
2024-11-17 16:50:41,507 -                train: [    INFO] - valid_acc 71.190002 - best_valid_acc 71.190002
2024-11-17 16:50:42,167 -                train: [    INFO] - Train: 276 [   0/520]  Loss: 1.814 (1.81)  Acc@1: 64.5833 (64.5833)  Acc@5: 84.3750 (84.3750)LR: 1.407e-02
2024-11-17 16:51:02,428 -                train: [    INFO] - Train: 276 [ 200/520]  Loss: 1.683 (1.57)  Acc@1: 71.8750 (67.4181)  Acc@5: 89.5833 (91.1588)LR: 1.407e-02
2024-11-17 16:51:22,521 -                train: [    INFO] - Train: 276 [ 400/520]  Loss: 1.601 (1.61)  Acc@1: 65.6250 (66.7654)  Acc@5: 92.7083 (90.9107)LR: 1.407e-02
2024-11-17 16:51:34,802 -                train: [    INFO] - Train: 276 [ 520/520]  Loss: 1.732 (1.62)  Acc@1: 67.5000 (66.5960)  Acc@5: 86.2500 (90.8140)LR: 1.407e-02
2024-11-17 16:51:35,447 -                train: [    INFO] - Valid: 276 [   0/104]  Loss: 0.9131 (0.913)  Acc@1: 75.0000 (75.0000)  Acc@5: 96.8750 (96.8750)
2024-11-17 16:51:37,562 -                train: [    INFO] - Valid: 276 [ 104/104]  Loss: 0.6750 (1.05)  Acc@1: 81.2500 (70.2800)  Acc@5: 93.7500 (92.8000)
2024-11-17 16:51:37,623 -                train: [    INFO] - valid_acc 70.280002 - best_valid_acc 71.190002
2024-11-17 16:51:38,173 -                train: [    INFO] - Train: 277 [   0/520]  Loss: 1.557 (1.56)  Acc@1: 68.7500 (68.7500)  Acc@5: 90.6250 (90.6250)LR: 1.400e-02
2024-11-17 16:51:58,682 -                train: [    INFO] - Train: 277 [ 200/520]  Loss: 1.405 (1.59)  Acc@1: 73.9583 (66.8947)  Acc@5: 92.7083 (91.0862)LR: 1.400e-02
2024-11-17 16:52:18,760 -                train: [    INFO] - Train: 277 [ 400/520]  Loss: 1.697 (1.59)  Acc@1: 60.4167 (66.9810)  Acc@5: 92.7083 (91.2147)LR: 1.400e-02
2024-11-17 16:52:31,018 -                train: [    INFO] - Train: 277 [ 520/520]  Loss: 1.537 (1.60)  Acc@1: 72.5000 (66.7240)  Acc@5: 93.7500 (90.9900)LR: 1.400e-02
2024-11-17 16:52:31,610 -                train: [    INFO] - Valid: 277 [   0/104]  Loss: 1.050 (1.05)  Acc@1: 71.8750 (71.8750)  Acc@5: 90.6250 (90.6250)
2024-11-17 16:52:33,771 -                train: [    INFO] - Valid: 277 [ 104/104]  Loss: 1.030 (1.07)  Acc@1: 75.0000 (69.9900)  Acc@5: 87.5000 (92.5600)
2024-11-17 16:52:33,836 -                train: [    INFO] - valid_acc 69.990003 - best_valid_acc 71.190002
2024-11-17 16:52:34,346 -                train: [    INFO] - Train: 278 [   0/520]  Loss: 1.538 (1.54)  Acc@1: 66.6667 (66.6667)  Acc@5: 92.7083 (92.7083)LR: 1.394e-02
2024-11-17 16:52:54,602 -                train: [    INFO] - Train: 278 [ 200/520]  Loss: 1.842 (1.60)  Acc@1: 62.5000 (66.4801)  Acc@5: 89.5833 (91.2054)LR: 1.394e-02
2024-11-17 16:53:14,720 -                train: [    INFO] - Train: 278 [ 400/520]  Loss: 1.238 (1.61)  Acc@1: 72.9167 (66.4926)  Acc@5: 93.7500 (90.9367)LR: 1.394e-02
2024-11-17 16:53:26,952 -                train: [    INFO] - Train: 278 [ 520/520]  Loss: 1.279 (1.61)  Acc@1: 75.0000 (66.4700)  Acc@5: 93.7500 (90.8640)LR: 1.394e-02
2024-11-17 16:53:27,592 -                train: [    INFO] - Valid: 278 [   0/104]  Loss: 1.062 (1.06)  Acc@1: 70.8333 (70.8333)  Acc@5: 92.7083 (92.7083)
2024-11-17 16:53:29,672 -                train: [    INFO] - Valid: 278 [ 104/104]  Loss: 0.7694 (1.08)  Acc@1: 75.0000 (70.2900)  Acc@5: 100.0000 (92.1900)
2024-11-17 16:53:29,732 -                train: [    INFO] - valid_acc 70.290002 - best_valid_acc 71.190002
2024-11-17 16:53:30,239 -                train: [    INFO] - Train: 279 [   0/520]  Loss: 1.547 (1.55)  Acc@1: 69.7917 (69.7917)  Acc@5: 92.7083 (92.7083)LR: 1.387e-02
2024-11-17 16:53:50,296 -                train: [    INFO] - Train: 279 [ 200/520]  Loss: 1.769 (1.56)  Acc@1: 63.5417 (67.4440)  Acc@5: 89.5833 (91.4697)LR: 1.387e-02
2024-11-17 16:54:10,085 -                train: [    INFO] - Train: 279 [ 400/520]  Loss: 1.528 (1.58)  Acc@1: 65.6250 (67.0537)  Acc@5: 95.8333 (91.2095)LR: 1.387e-02
2024-11-17 16:54:22,346 -                train: [    INFO] - Train: 279 [ 520/520]  Loss: 1.222 (1.60)  Acc@1: 78.7500 (66.8600)  Acc@5: 93.7500 (90.9960)LR: 1.387e-02
2024-11-17 16:54:22,935 -                train: [    INFO] - Valid: 279 [   0/104]  Loss: 0.9374 (0.937)  Acc@1: 73.9583 (73.9583)  Acc@5: 95.8333 (95.8333)
2024-11-17 16:54:25,068 -                train: [    INFO] - Valid: 279 [ 104/104]  Loss: 0.7872 (1.09)  Acc@1: 81.2500 (69.6400)  Acc@5: 93.7500 (92.2100)
2024-11-17 16:54:25,129 -                train: [    INFO] - valid_acc 69.640002 - best_valid_acc 71.190002
2024-11-17 16:54:25,631 -                train: [    INFO] - Train: 280 [   0/520]  Loss: 1.554 (1.55)  Acc@1: 70.8333 (70.8333)  Acc@5: 90.6250 (90.6250)LR: 1.381e-02
2024-11-17 16:54:45,979 -                train: [    INFO] - Train: 280 [ 200/520]  Loss: 1.115 (1.56)  Acc@1: 73.9583 (67.9001)  Acc@5: 94.7917 (91.2573)LR: 1.381e-02
2024-11-17 16:55:05,985 -                train: [    INFO] - Train: 280 [ 400/520]  Loss: 1.880 (1.59)  Acc@1: 59.3750 (67.0849)  Acc@5: 90.6250 (91.1393)LR: 1.381e-02
2024-11-17 16:55:18,241 -                train: [    INFO] - Train: 280 [ 520/520]  Loss: 1.639 (1.60)  Acc@1: 68.7500 (66.8620)  Acc@5: 90.0000 (91.0140)LR: 1.381e-02
2024-11-17 16:55:18,916 -                train: [    INFO] - Valid: 280 [   0/104]  Loss: 0.9841 (0.984)  Acc@1: 71.8750 (71.8750)  Acc@5: 92.7083 (92.7083)
2024-11-17 16:55:21,084 -                train: [    INFO] - Valid: 280 [ 104/104]  Loss: 0.8693 (1.05)  Acc@1: 62.5000 (69.7600)  Acc@5: 93.7500 (92.4500)
2024-11-17 16:55:21,151 -                train: [    INFO] - valid_acc 69.760002 - best_valid_acc 71.190002
2024-11-17 16:55:21,703 -                train: [    INFO] - Train: 281 [   0/520]  Loss: 1.933 (1.93)  Acc@1: 61.4583 (61.4583)  Acc@5: 84.3750 (84.3750)LR: 1.374e-02
2024-11-17 16:55:42,142 -                train: [    INFO] - Train: 281 [ 200/520]  Loss: 1.727 (1.55)  Acc@1: 64.5833 (67.7809)  Acc@5: 89.5833 (91.6926)LR: 1.374e-02
2024-11-17 16:56:02,322 -                train: [    INFO] - Train: 281 [ 400/520]  Loss: 1.475 (1.59)  Acc@1: 71.8750 (66.9966)  Acc@5: 90.6250 (91.1705)LR: 1.374e-02
2024-11-17 16:56:14,593 -                train: [    INFO] - Train: 281 [ 520/520]  Loss: 2.087 (1.59)  Acc@1: 61.2500 (66.9900)  Acc@5: 85.0000 (91.1200)LR: 1.374e-02
2024-11-17 16:56:15,222 -                train: [    INFO] - Valid: 281 [   0/104]  Loss: 1.222 (1.22)  Acc@1: 68.7500 (68.7500)  Acc@5: 87.5000 (87.5000)
2024-11-17 16:56:17,338 -                train: [    INFO] - Valid: 281 [ 104/104]  Loss: 0.8789 (1.13)  Acc@1: 68.7500 (68.4800)  Acc@5: 93.7500 (91.5800)
2024-11-17 16:56:17,402 -                train: [    INFO] - valid_acc 68.480002 - best_valid_acc 71.190002
2024-11-17 16:56:18,081 -                train: [    INFO] - Train: 282 [   0/520]  Loss: 1.365 (1.37)  Acc@1: 67.7083 (67.7083)  Acc@5: 92.7083 (92.7083)LR: 1.368e-02
2024-11-17 16:56:38,444 -                train: [    INFO] - Train: 282 [ 200/520]  Loss: 1.785 (1.56)  Acc@1: 67.7083 (67.7861)  Acc@5: 90.6250 (91.3454)LR: 1.368e-02
2024-11-17 16:56:58,399 -                train: [    INFO] - Train: 282 [ 400/520]  Loss: 1.674 (1.58)  Acc@1: 63.5417 (67.2719)  Acc@5: 92.7083 (91.2043)LR: 1.368e-02
2024-11-17 16:57:10,760 -                train: [    INFO] - Train: 282 [ 520/520]  Loss: 1.566 (1.59)  Acc@1: 70.0000 (67.0660)  Acc@5: 86.2500 (91.1260)LR: 1.368e-02
2024-11-17 16:57:11,363 -                train: [    INFO] - Valid: 282 [   0/104]  Loss: 1.039 (1.04)  Acc@1: 70.8333 (70.8333)  Acc@5: 90.6250 (90.6250)
2024-11-17 16:57:13,407 -                train: [    INFO] - Valid: 282 [ 104/104]  Loss: 0.9400 (1.07)  Acc@1: 75.0000 (69.8300)  Acc@5: 87.5000 (92.4300)
2024-11-17 16:57:13,468 -                train: [    INFO] - valid_acc 69.830002 - best_valid_acc 71.190002
2024-11-17 16:57:14,017 -                train: [    INFO] - Train: 283 [   0/520]  Loss: 1.701 (1.70)  Acc@1: 65.6250 (65.6250)  Acc@5: 90.6250 (90.6250)LR: 1.361e-02
2024-11-17 16:57:34,228 -                train: [    INFO] - Train: 283 [ 200/520]  Loss: 1.557 (1.55)  Acc@1: 68.7500 (67.8949)  Acc@5: 88.5417 (91.4801)LR: 1.361e-02
2024-11-17 16:57:54,255 -                train: [    INFO] - Train: 283 [ 400/520]  Loss: 1.659 (1.58)  Acc@1: 70.8333 (67.1992)  Acc@5: 91.6667 (91.1835)LR: 1.361e-02
2024-11-17 16:58:06,466 -                train: [    INFO] - Train: 283 [ 520/520]  Loss: 1.632 (1.59)  Acc@1: 68.7500 (66.9860)  Acc@5: 87.5000 (91.0620)LR: 1.361e-02
2024-11-17 16:58:07,067 -                train: [    INFO] - Valid: 283 [   0/104]  Loss: 1.130 (1.13)  Acc@1: 70.8333 (70.8333)  Acc@5: 92.7083 (92.7083)
2024-11-17 16:58:09,104 -                train: [    INFO] - Valid: 283 [ 104/104]  Loss: 0.9293 (1.06)  Acc@1: 75.0000 (70.4100)  Acc@5: 87.5000 (92.3900)
2024-11-17 16:58:09,162 -                train: [    INFO] - valid_acc 70.410002 - best_valid_acc 71.190002
2024-11-17 16:58:09,686 -                train: [    INFO] - Train: 284 [   0/520]  Loss: 1.748 (1.75)  Acc@1: 63.5417 (63.5417)  Acc@5: 93.7500 (93.7500)LR: 1.355e-02
2024-11-17 16:58:30,095 -                train: [    INFO] - Train: 284 [ 200/520]  Loss: 1.338 (1.57)  Acc@1: 72.9167 (67.1745)  Acc@5: 91.6667 (91.3298)LR: 1.355e-02
2024-11-17 16:58:50,051 -                train: [    INFO] - Train: 284 [ 400/520]  Loss: 1.273 (1.58)  Acc@1: 72.9167 (66.9914)  Acc@5: 95.8333 (91.2952)LR: 1.355e-02
2024-11-17 16:59:02,315 -                train: [    INFO] - Train: 284 [ 520/520]  Loss: 1.678 (1.60)  Acc@1: 63.7500 (66.8000)  Acc@5: 90.0000 (91.1100)LR: 1.355e-02
2024-11-17 16:59:02,898 -                train: [    INFO] - Valid: 284 [   0/104]  Loss: 1.066 (1.07)  Acc@1: 73.9583 (73.9583)  Acc@5: 89.5833 (89.5833)
2024-11-17 16:59:04,925 -                train: [    INFO] - Valid: 284 [ 104/104]  Loss: 0.9856 (1.07)  Acc@1: 75.0000 (70.0200)  Acc@5: 81.2500 (92.5200)
2024-11-17 16:59:04,990 -                train: [    INFO] - valid_acc 70.020002 - best_valid_acc 71.190002
2024-11-17 16:59:05,672 -                train: [    INFO] - Train: 285 [   0/520]  Loss: 1.356 (1.36)  Acc@1: 73.9583 (73.9583)  Acc@5: 94.7917 (94.7917)LR: 1.348e-02
2024-11-17 16:59:25,950 -                train: [    INFO] - Train: 285 [ 200/520]  Loss: 1.433 (1.56)  Acc@1: 69.7917 (67.5840)  Acc@5: 92.7083 (91.5423)LR: 1.348e-02
2024-11-17 16:59:46,237 -                train: [    INFO] - Train: 285 [ 400/520]  Loss: 1.976 (1.58)  Acc@1: 59.3750 (67.0719)  Acc@5: 87.5000 (91.2952)LR: 1.348e-02
2024-11-17 16:59:58,445 -                train: [    INFO] - Train: 285 [ 520/520]  Loss: 1.288 (1.59)  Acc@1: 68.7500 (67.0200)  Acc@5: 95.0000 (91.1720)LR: 1.348e-02
2024-11-17 16:59:59,067 -                train: [    INFO] - Valid: 285 [   0/104]  Loss: 1.042 (1.04)  Acc@1: 71.8750 (71.8750)  Acc@5: 93.7500 (93.7500)
2024-11-17 17:00:01,139 -                train: [    INFO] - Valid: 285 [ 104/104]  Loss: 0.4471 (1.12)  Acc@1: 93.7500 (69.3700)  Acc@5: 100.0000 (91.9200)
2024-11-17 17:00:01,204 -                train: [    INFO] - valid_acc 69.370002 - best_valid_acc 71.190002
2024-11-17 17:00:01,776 -                train: [    INFO] - Train: 286 [   0/520]  Loss: 1.238 (1.24)  Acc@1: 79.1667 (79.1667)  Acc@5: 90.6250 (90.6250)LR: 1.342e-02
2024-11-17 17:00:22,040 -                train: [    INFO] - Train: 286 [ 200/520]  Loss: 1.449 (1.55)  Acc@1: 71.8750 (67.7291)  Acc@5: 93.7500 (91.5527)LR: 1.342e-02
2024-11-17 17:00:42,349 -                train: [    INFO] - Train: 286 [ 400/520]  Loss: 1.225 (1.57)  Acc@1: 76.0417 (67.3654)  Acc@5: 92.7083 (91.3368)LR: 1.342e-02
2024-11-17 17:00:54,716 -                train: [    INFO] - Train: 286 [ 520/520]  Loss: 1.707 (1.59)  Acc@1: 62.5000 (67.0760)  Acc@5: 91.2500 (91.1820)LR: 1.342e-02
2024-11-17 17:00:55,382 -                train: [    INFO] - Valid: 286 [   0/104]  Loss: 1.074 (1.07)  Acc@1: 69.7917 (69.7917)  Acc@5: 94.7917 (94.7917)
2024-11-17 17:00:57,612 -                train: [    INFO] - Valid: 286 [ 104/104]  Loss: 1.158 (1.09)  Acc@1: 75.0000 (69.2000)  Acc@5: 87.5000 (92.1000)
2024-11-17 17:00:57,673 -                train: [    INFO] - valid_acc 69.200002 - best_valid_acc 71.190002
2024-11-17 17:00:58,337 -                train: [    INFO] - Train: 287 [   0/520]  Loss: 1.227 (1.23)  Acc@1: 66.6667 (66.6667)  Acc@5: 96.8750 (96.8750)LR: 1.335e-02
2024-11-17 17:01:18,517 -                train: [    INFO] - Train: 287 [ 200/520]  Loss: 1.355 (1.58)  Acc@1: 69.7917 (67.1020)  Acc@5: 91.6667 (91.1743)LR: 1.335e-02
2024-11-17 17:01:38,493 -                train: [    INFO] - Train: 287 [ 400/520]  Loss: 1.864 (1.58)  Acc@1: 65.6250 (67.3395)  Acc@5: 87.5000 (91.2017)LR: 1.335e-02
2024-11-17 17:01:50,697 -                train: [    INFO] - Train: 287 [ 520/520]  Loss: 1.619 (1.59)  Acc@1: 67.5000 (67.1420)  Acc@5: 93.7500 (91.0460)LR: 1.335e-02
2024-11-17 17:01:51,348 -                train: [    INFO] - Valid: 287 [   0/104]  Loss: 1.135 (1.13)  Acc@1: 68.7500 (68.7500)  Acc@5: 88.5417 (88.5417)
2024-11-17 17:01:53,437 -                train: [    INFO] - Valid: 287 [ 104/104]  Loss: 1.084 (1.04)  Acc@1: 75.0000 (70.7400)  Acc@5: 81.2500 (93.1500)
2024-11-17 17:01:53,503 -                train: [    INFO] - valid_acc 70.740002 - best_valid_acc 71.190002
2024-11-17 17:01:54,172 -                train: [    INFO] - Train: 288 [   0/520]  Loss: 1.262 (1.26)  Acc@1: 75.0000 (75.0000)  Acc@5: 91.6667 (91.6667)LR: 1.328e-02
2024-11-17 17:02:14,658 -                train: [    INFO] - Train: 288 [ 200/520]  Loss: 1.463 (1.55)  Acc@1: 67.7083 (67.8483)  Acc@5: 93.7500 (91.8532)LR: 1.328e-02
2024-11-17 17:02:34,875 -                train: [    INFO] - Train: 288 [ 400/520]  Loss: 1.892 (1.59)  Acc@1: 62.5000 (67.1992)  Acc@5: 87.5000 (91.1601)LR: 1.328e-02
2024-11-17 17:02:47,072 -                train: [    INFO] - Train: 288 [ 520/520]  Loss: 1.764 (1.58)  Acc@1: 65.0000 (67.2580)  Acc@5: 86.2500 (91.1880)LR: 1.328e-02
2024-11-17 17:02:47,664 -                train: [    INFO] - Valid: 288 [   0/104]  Loss: 0.9115 (0.912)  Acc@1: 72.9167 (72.9167)  Acc@5: 95.8333 (95.8333)
2024-11-17 17:02:49,779 -                train: [    INFO] - Valid: 288 [ 104/104]  Loss: 0.9713 (1.09)  Acc@1: 81.2500 (69.8900)  Acc@5: 87.5000 (92.0900)
2024-11-17 17:02:49,840 -                train: [    INFO] - valid_acc 69.890002 - best_valid_acc 71.190002
2024-11-17 17:02:50,415 -                train: [    INFO] - Train: 289 [   0/520]  Loss: 1.349 (1.35)  Acc@1: 71.8750 (71.8750)  Acc@5: 92.7083 (92.7083)LR: 1.322e-02
2024-11-17 17:03:10,748 -                train: [    INFO] - Train: 289 [ 200/520]  Loss: 1.485 (1.57)  Acc@1: 70.8333 (67.4544)  Acc@5: 91.6667 (91.2676)LR: 1.322e-02
2024-11-17 17:03:31,159 -                train: [    INFO] - Train: 289 [ 400/520]  Loss: 1.553 (1.58)  Acc@1: 63.5417 (67.2667)  Acc@5: 88.5417 (91.2640)LR: 1.322e-02
2024-11-17 17:03:43,270 -                train: [    INFO] - Train: 289 [ 520/520]  Loss: 1.455 (1.59)  Acc@1: 71.2500 (67.0300)  Acc@5: 90.0000 (91.1960)LR: 1.322e-02
2024-11-17 17:03:43,852 -                train: [    INFO] - Valid: 289 [   0/104]  Loss: 0.8913 (0.891)  Acc@1: 75.0000 (75.0000)  Acc@5: 95.8333 (95.8333)
2024-11-17 17:03:45,859 -                train: [    INFO] - Valid: 289 [ 104/104]  Loss: 0.7773 (1.07)  Acc@1: 87.5000 (70.1700)  Acc@5: 87.5000 (92.0300)
2024-11-17 17:03:45,918 -                train: [    INFO] - valid_acc 70.170002 - best_valid_acc 71.190002
2024-11-17 17:03:46,468 -                train: [    INFO] - Train: 290 [   0/520]  Loss: 1.489 (1.49)  Acc@1: 66.6667 (66.6667)  Acc@5: 92.7083 (92.7083)LR: 1.315e-02
2024-11-17 17:04:06,813 -                train: [    INFO] - Train: 290 [ 200/520]  Loss: 1.840 (1.56)  Acc@1: 55.2083 (67.4596)  Acc@5: 90.6250 (91.6667)LR: 1.315e-02
2024-11-17 17:04:26,942 -                train: [    INFO] - Train: 290 [ 400/520]  Loss: 1.737 (1.58)  Acc@1: 65.6250 (67.0953)  Acc@5: 91.6667 (91.1965)LR: 1.315e-02
2024-11-17 17:04:39,119 -                train: [    INFO] - Train: 290 [ 520/520]  Loss: 1.572 (1.59)  Acc@1: 75.0000 (66.9700)  Acc@5: 86.2500 (91.0360)LR: 1.315e-02
2024-11-17 17:04:39,735 -                train: [    INFO] - Valid: 290 [   0/104]  Loss: 0.9967 (0.997)  Acc@1: 75.0000 (75.0000)  Acc@5: 94.7917 (94.7917)
2024-11-17 17:04:41,770 -                train: [    INFO] - Valid: 290 [ 104/104]  Loss: 0.9587 (1.06)  Acc@1: 68.7500 (70.0600)  Acc@5: 93.7500 (92.5400)
2024-11-17 17:04:41,832 -                train: [    INFO] - valid_acc 70.060002 - best_valid_acc 71.190002
2024-11-17 17:04:42,333 -                train: [    INFO] - Train: 291 [   0/520]  Loss: 1.634 (1.63)  Acc@1: 61.4583 (61.4583)  Acc@5: 89.5833 (89.5833)LR: 1.309e-02
2024-11-17 17:05:02,792 -                train: [    INFO] - Train: 291 [ 200/520]  Loss: 1.725 (1.56)  Acc@1: 64.5833 (67.0761)  Acc@5: 90.6250 (91.5786)LR: 1.309e-02
2024-11-17 17:05:22,864 -                train: [    INFO] - Train: 291 [ 400/520]  Loss: 1.352 (1.57)  Acc@1: 71.8750 (67.2018)  Acc@5: 92.7083 (91.2978)LR: 1.309e-02
2024-11-17 17:05:35,026 -                train: [    INFO] - Train: 291 [ 520/520]  Loss: 1.622 (1.59)  Acc@1: 72.5000 (66.9900)  Acc@5: 92.5000 (91.1240)LR: 1.309e-02
2024-11-17 17:05:35,737 -                train: [    INFO] - Valid: 291 [   0/104]  Loss: 1.175 (1.18)  Acc@1: 63.5417 (63.5417)  Acc@5: 90.6250 (90.6250)
2024-11-17 17:05:37,848 -                train: [    INFO] - Valid: 291 [ 104/104]  Loss: 1.052 (1.18)  Acc@1: 62.5000 (67.4400)  Acc@5: 93.7500 (91.0100)
2024-11-17 17:05:37,914 -                train: [    INFO] - valid_acc 67.440002 - best_valid_acc 71.190002
2024-11-17 17:05:38,424 -                train: [    INFO] - Train: 292 [   0/520]  Loss: 1.680 (1.68)  Acc@1: 64.5833 (64.5833)  Acc@5: 85.4167 (85.4167)LR: 1.302e-02
2024-11-17 17:05:58,605 -                train: [    INFO] - Train: 292 [ 200/520]  Loss: 1.593 (1.55)  Acc@1: 64.5833 (67.7964)  Acc@5: 90.6250 (91.3091)LR: 1.302e-02
2024-11-17 17:06:19,083 -                train: [    INFO] - Train: 292 [ 400/520]  Loss: 1.388 (1.59)  Acc@1: 65.6250 (67.1005)  Acc@5: 92.7083 (90.9887)LR: 1.302e-02
2024-11-17 17:06:31,172 -                train: [    INFO] - Train: 292 [ 520/520]  Loss: 1.597 (1.59)  Acc@1: 70.0000 (66.9780)  Acc@5: 92.5000 (90.8720)LR: 1.302e-02
2024-11-17 17:06:31,910 -                train: [    INFO] - Valid: 292 [   0/104]  Loss: 1.185 (1.19)  Acc@1: 66.6667 (66.6667)  Acc@5: 91.6667 (91.6667)
2024-11-17 17:06:34,053 -                train: [    INFO] - Valid: 292 [ 104/104]  Loss: 1.131 (1.07)  Acc@1: 75.0000 (70.3500)  Acc@5: 87.5000 (92.4700)
2024-11-17 17:06:34,116 -                train: [    INFO] - valid_acc 70.350002 - best_valid_acc 71.190002
2024-11-17 17:06:34,865 -                train: [    INFO] - Train: 293 [   0/520]  Loss: 1.477 (1.48)  Acc@1: 70.8333 (70.8333)  Acc@5: 91.6667 (91.6667)LR: 1.296e-02
2024-11-17 17:06:55,140 -                train: [    INFO] - Train: 293 [ 200/520]  Loss: 1.452 (1.58)  Acc@1: 69.7917 (67.0294)  Acc@5: 92.7083 (91.0966)LR: 1.296e-02
2024-11-17 17:07:15,727 -                train: [    INFO] - Train: 293 [ 400/520]  Loss: 1.334 (1.59)  Acc@1: 72.9167 (67.0485)  Acc@5: 94.7917 (91.1627)LR: 1.296e-02
2024-11-17 17:07:27,975 -                train: [    INFO] - Train: 293 [ 520/520]  Loss: 1.607 (1.59)  Acc@1: 63.7500 (67.0340)  Acc@5: 86.2500 (91.1440)LR: 1.296e-02
2024-11-17 17:07:28,683 -                train: [    INFO] - Valid: 293 [   0/104]  Loss: 1.018 (1.02)  Acc@1: 73.9583 (73.9583)  Acc@5: 89.5833 (89.5833)
2024-11-17 17:07:30,812 -                train: [    INFO] - Valid: 293 [ 104/104]  Loss: 1.175 (1.04)  Acc@1: 75.0000 (70.5800)  Acc@5: 81.2500 (93.0800)
2024-11-17 17:07:30,877 -                train: [    INFO] - valid_acc 70.580002 - best_valid_acc 71.190002
2024-11-17 17:07:31,635 -                train: [    INFO] - Train: 294 [   0/520]  Loss: 1.583 (1.58)  Acc@1: 67.7083 (67.7083)  Acc@5: 91.6667 (91.6667)LR: 1.289e-02
2024-11-17 17:07:51,849 -                train: [    INFO] - Train: 294 [ 200/520]  Loss: 1.586 (1.53)  Acc@1: 71.8750 (68.0556)  Acc@5: 90.6250 (91.7340)LR: 1.289e-02
2024-11-17 17:08:12,174 -                train: [    INFO] - Train: 294 [ 400/520]  Loss: 1.350 (1.56)  Acc@1: 70.8333 (67.3161)  Acc@5: 94.7917 (91.5238)LR: 1.289e-02
2024-11-17 17:08:24,247 -                train: [    INFO] - Train: 294 [ 520/520]  Loss: 1.788 (1.57)  Acc@1: 62.5000 (67.1160)  Acc@5: 90.0000 (91.4380)LR: 1.289e-02
2024-11-17 17:08:24,866 -                train: [    INFO] - Valid: 294 [   0/104]  Loss: 0.8956 (0.896)  Acc@1: 77.0833 (77.0833)  Acc@5: 95.8333 (95.8333)
2024-11-17 17:08:26,983 -                train: [    INFO] - Valid: 294 [ 104/104]  Loss: 1.087 (1.05)  Acc@1: 68.7500 (70.3700)  Acc@5: 81.2500 (93.0500)
2024-11-17 17:08:27,050 -                train: [    INFO] - valid_acc 70.370002 - best_valid_acc 71.190002
2024-11-17 17:08:27,705 -                train: [    INFO] - Train: 295 [   0/520]  Loss: 1.432 (1.43)  Acc@1: 67.7083 (67.7083)  Acc@5: 91.6667 (91.6667)LR: 1.283e-02
2024-11-17 17:08:47,980 -                train: [    INFO] - Train: 295 [ 200/520]  Loss: 1.693 (1.55)  Acc@1: 63.5417 (67.5684)  Acc@5: 87.5000 (91.7340)LR: 1.283e-02
2024-11-17 17:09:08,192 -                train: [    INFO] - Train: 295 [ 400/520]  Loss: 1.411 (1.57)  Acc@1: 72.9167 (67.2485)  Acc@5: 93.7500 (91.3601)LR: 1.283e-02
2024-11-17 17:09:20,326 -                train: [    INFO] - Train: 295 [ 520/520]  Loss: 1.540 (1.57)  Acc@1: 70.0000 (67.2620)  Acc@5: 88.7500 (91.3820)LR: 1.283e-02
2024-11-17 17:09:20,885 -                train: [    INFO] - Valid: 295 [   0/104]  Loss: 1.157 (1.16)  Acc@1: 63.5417 (63.5417)  Acc@5: 93.7500 (93.7500)
2024-11-17 17:09:23,006 -                train: [    INFO] - Valid: 295 [ 104/104]  Loss: 1.055 (1.13)  Acc@1: 68.7500 (69.3500)  Acc@5: 87.5000 (92.0500)
2024-11-17 17:09:23,071 -                train: [    INFO] - valid_acc 69.350002 - best_valid_acc 71.190002
2024-11-17 17:09:23,615 -                train: [    INFO] - Train: 296 [   0/520]  Loss: 1.254 (1.25)  Acc@1: 75.0000 (75.0000)  Acc@5: 94.7917 (94.7917)LR: 1.276e-02
2024-11-17 17:09:43,660 -                train: [    INFO] - Train: 296 [ 200/520]  Loss: 1.710 (1.57)  Acc@1: 57.2917 (67.2782)  Acc@5: 92.7083 (91.2106)LR: 1.276e-02
2024-11-17 17:10:04,267 -                train: [    INFO] - Train: 296 [ 400/520]  Loss: 1.609 (1.58)  Acc@1: 68.7500 (66.9966)  Acc@5: 87.5000 (91.1264)LR: 1.276e-02
2024-11-17 17:10:16,345 -                train: [    INFO] - Train: 296 [ 520/520]  Loss: 1.437 (1.59)  Acc@1: 70.0000 (66.9160)  Acc@5: 91.2500 (91.0580)LR: 1.276e-02
2024-11-17 17:10:16,828 -                train: [    INFO] - Valid: 296 [   0/104]  Loss: 0.9889 (0.989)  Acc@1: 72.9167 (72.9167)  Acc@5: 95.8333 (95.8333)
2024-11-17 17:10:18,984 -                train: [    INFO] - Valid: 296 [ 104/104]  Loss: 0.7739 (1.06)  Acc@1: 81.2500 (69.5800)  Acc@5: 93.7500 (92.6600)
2024-11-17 17:10:19,045 -                train: [    INFO] - valid_acc 69.580002 - best_valid_acc 71.190002
2024-11-17 17:10:19,610 -                train: [    INFO] - Train: 297 [   0/520]  Loss: 1.843 (1.84)  Acc@1: 61.4583 (61.4583)  Acc@5: 88.5417 (88.5417)LR: 1.270e-02
2024-11-17 17:10:39,672 -                train: [    INFO] - Train: 297 [ 200/520]  Loss: 1.807 (1.59)  Acc@1: 68.7500 (67.4544)  Acc@5: 86.4583 (91.1173)LR: 1.270e-02
2024-11-17 17:11:00,157 -                train: [    INFO] - Train: 297 [ 400/520]  Loss: 1.571 (1.58)  Acc@1: 67.7083 (67.5161)  Acc@5: 91.6667 (91.2407)LR: 1.270e-02
2024-11-17 17:11:12,401 -                train: [    INFO] - Train: 297 [ 520/520]  Loss: 1.364 (1.58)  Acc@1: 71.2500 (67.4500)  Acc@5: 91.2500 (91.1740)LR: 1.270e-02
2024-11-17 17:11:13,070 -                train: [    INFO] - Valid: 297 [   0/104]  Loss: 0.8570 (0.857)  Acc@1: 70.8333 (70.8333)  Acc@5: 94.7917 (94.7917)
2024-11-17 17:11:15,158 -                train: [    INFO] - Valid: 297 [ 104/104]  Loss: 0.9649 (1.04)  Acc@1: 81.2500 (71.0300)  Acc@5: 87.5000 (93.0200)
2024-11-17 17:11:15,222 -                train: [    INFO] - valid_acc 71.030003 - best_valid_acc 71.190002
2024-11-17 17:11:15,807 -                train: [    INFO] - Train: 298 [   0/520]  Loss: 1.772 (1.77)  Acc@1: 65.6250 (65.6250)  Acc@5: 89.5833 (89.5833)LR: 1.263e-02
2024-11-17 17:11:35,927 -                train: [    INFO] - Train: 298 [ 200/520]  Loss: 1.195 (1.56)  Acc@1: 71.8750 (67.3559)  Acc@5: 97.9167 (91.8377)LR: 1.263e-02
2024-11-17 17:11:56,325 -                train: [    INFO] - Train: 298 [ 400/520]  Loss: 1.339 (1.57)  Acc@1: 71.8750 (67.1940)  Acc@5: 93.7500 (91.4251)LR: 1.263e-02
2024-11-17 17:12:08,405 -                train: [    INFO] - Train: 298 [ 520/520]  Loss: 1.334 (1.58)  Acc@1: 72.5000 (67.0960)  Acc@5: 95.0000 (91.3680)LR: 1.263e-02
2024-11-17 17:12:08,999 -                train: [    INFO] - Valid: 298 [   0/104]  Loss: 1.159 (1.16)  Acc@1: 73.9583 (73.9583)  Acc@5: 91.6667 (91.6667)
2024-11-17 17:12:11,112 -                train: [    INFO] - Valid: 298 [ 104/104]  Loss: 1.108 (1.03)  Acc@1: 75.0000 (70.8400)  Acc@5: 81.2500 (92.8900)
2024-11-17 17:12:11,173 -                train: [    INFO] - valid_acc 70.840002 - best_valid_acc 71.190002
2024-11-17 17:12:11,868 -                train: [    INFO] - Train: 299 [   0/520]  Loss: 1.274 (1.27)  Acc@1: 75.0000 (75.0000)  Acc@5: 93.7500 (93.7500)LR: 1.257e-02
2024-11-17 17:12:32,040 -                train: [    INFO] - Train: 299 [ 200/520]  Loss: 1.610 (1.57)  Acc@1: 68.7500 (67.5632)  Acc@5: 89.5833 (91.0344)LR: 1.257e-02
2024-11-17 17:12:52,219 -                train: [    INFO] - Train: 299 [ 400/520]  Loss: 1.579 (1.58)  Acc@1: 65.6250 (67.3291)  Acc@5: 90.6250 (91.1523)LR: 1.257e-02
2024-11-17 17:13:04,351 -                train: [    INFO] - Train: 299 [ 520/520]  Loss: 1.924 (1.59)  Acc@1: 60.0000 (67.0640)  Acc@5: 87.5000 (90.9840)LR: 1.257e-02
2024-11-17 17:13:04,858 -                train: [    INFO] - Valid: 299 [   0/104]  Loss: 0.9317 (0.932)  Acc@1: 71.8750 (71.8750)  Acc@5: 94.7917 (94.7917)
2024-11-17 17:13:06,998 -                train: [    INFO] - Valid: 299 [ 104/104]  Loss: 1.278 (1.10)  Acc@1: 68.7500 (69.4200)  Acc@5: 81.2500 (92.2600)
2024-11-17 17:13:07,057 -                train: [    INFO] - valid_acc 69.420002 - best_valid_acc 71.190002
2024-11-17 17:13:07,538 -                train: [    INFO] - Train: 300 [   0/520]  Loss: 1.663 (1.66)  Acc@1: 65.6250 (65.6250)  Acc@5: 89.5833 (89.5833)LR: 1.250e-02
2024-11-17 17:13:27,787 -                train: [    INFO] - Train: 300 [ 200/520]  Loss: 1.821 (1.55)  Acc@1: 63.5417 (67.8586)  Acc@5: 87.5000 (91.6926)LR: 1.250e-02
2024-11-17 17:13:48,450 -                train: [    INFO] - Train: 300 [ 400/520]  Loss: 1.216 (1.56)  Acc@1: 76.0417 (67.4875)  Acc@5: 96.8750 (91.5706)LR: 1.250e-02
2024-11-17 17:14:00,564 -                train: [    INFO] - Train: 300 [ 520/520]  Loss: 1.870 (1.57)  Acc@1: 61.2500 (67.3220)  Acc@5: 86.2500 (91.4060)LR: 1.250e-02
2024-11-17 17:14:01,163 -                train: [    INFO] - Valid: 300 [   0/104]  Loss: 0.9459 (0.946)  Acc@1: 69.7917 (69.7917)  Acc@5: 93.7500 (93.7500)
2024-11-17 17:14:03,287 -                train: [    INFO] - Valid: 300 [ 104/104]  Loss: 0.8820 (1.09)  Acc@1: 75.0000 (69.8200)  Acc@5: 93.7500 (92.7000)
2024-11-17 17:14:03,347 -                train: [    INFO] - valid_acc 69.820002 - best_valid_acc 71.190002
2024-11-17 17:14:03,935 -                train: [    INFO] - Train: 301 [   0/520]  Loss: 1.486 (1.49)  Acc@1: 64.5833 (64.5833)  Acc@5: 91.6667 (91.6667)LR: 1.243e-02
2024-11-17 17:14:23,714 -                train: [    INFO] - Train: 301 [ 200/520]  Loss: 1.501 (1.55)  Acc@1: 65.6250 (67.7239)  Acc@5: 92.7083 (91.5889)LR: 1.243e-02
2024-11-17 17:14:44,159 -                train: [    INFO] - Train: 301 [ 400/520]  Loss: 1.503 (1.57)  Acc@1: 76.0417 (67.5291)  Acc@5: 93.7500 (91.3134)LR: 1.243e-02
2024-11-17 17:14:56,240 -                train: [    INFO] - Train: 301 [ 520/520]  Loss: 1.434 (1.57)  Acc@1: 67.5000 (67.3700)  Acc@5: 93.7500 (91.2880)LR: 1.243e-02
2024-11-17 17:14:56,905 -                train: [    INFO] - Valid: 301 [   0/104]  Loss: 0.9353 (0.935)  Acc@1: 75.0000 (75.0000)  Acc@5: 93.7500 (93.7500)
2024-11-17 17:14:58,973 -                train: [    INFO] - Valid: 301 [ 104/104]  Loss: 1.063 (1.00)  Acc@1: 68.7500 (71.6000)  Acc@5: 87.5000 (93.1400)
2024-11-17 17:14:59,087 -                train: [    INFO] - valid_acc 71.600002 - best_valid_acc 71.600002
2024-11-17 17:14:59,677 -                train: [    INFO] - Train: 302 [   0/520]  Loss: 1.472 (1.47)  Acc@1: 70.8333 (70.8333)  Acc@5: 90.6250 (90.6250)LR: 1.237e-02
2024-11-17 17:15:19,777 -                train: [    INFO] - Train: 302 [ 200/520]  Loss: 1.589 (1.52)  Acc@1: 67.7083 (68.6049)  Acc@5: 92.7083 (91.8066)LR: 1.237e-02
2024-11-17 17:15:40,153 -                train: [    INFO] - Train: 302 [ 400/520]  Loss: 1.566 (1.56)  Acc@1: 66.6667 (67.8772)  Acc@5: 91.6667 (91.3056)LR: 1.237e-02
2024-11-17 17:15:52,235 -                train: [    INFO] - Train: 302 [ 520/520]  Loss: 1.420 (1.57)  Acc@1: 70.0000 (67.6240)  Acc@5: 93.7500 (91.1880)LR: 1.237e-02
2024-11-17 17:15:52,867 -                train: [    INFO] - Valid: 302 [   0/104]  Loss: 0.9403 (0.940)  Acc@1: 71.8750 (71.8750)  Acc@5: 92.7083 (92.7083)
2024-11-17 17:15:54,998 -                train: [    INFO] - Valid: 302 [ 104/104]  Loss: 0.9730 (1.05)  Acc@1: 68.7500 (70.2800)  Acc@5: 93.7500 (92.9400)
2024-11-17 17:15:55,063 -                train: [    INFO] - valid_acc 70.280002 - best_valid_acc 71.600002
2024-11-17 17:15:55,797 -                train: [    INFO] - Train: 303 [   0/520]  Loss: 1.281 (1.28)  Acc@1: 75.0000 (75.0000)  Acc@5: 95.8333 (95.8333)LR: 1.230e-02
2024-11-17 17:16:15,746 -                train: [    INFO] - Train: 303 [ 200/520]  Loss: 1.625 (1.56)  Acc@1: 61.4583 (67.6824)  Acc@5: 92.7083 (91.1692)LR: 1.230e-02
2024-11-17 17:16:36,163 -                train: [    INFO] - Train: 303 [ 400/520]  Loss: 1.549 (1.58)  Acc@1: 65.6250 (67.4771)  Acc@5: 89.5833 (91.1705)LR: 1.230e-02
2024-11-17 17:16:48,172 -                train: [    INFO] - Train: 303 [ 520/520]  Loss: 1.527 (1.58)  Acc@1: 70.0000 (67.4840)  Acc@5: 95.0000 (91.1140)LR: 1.230e-02
2024-11-17 17:16:48,820 -                train: [    INFO] - Valid: 303 [   0/104]  Loss: 1.059 (1.06)  Acc@1: 68.7500 (68.7500)  Acc@5: 91.6667 (91.6667)
2024-11-17 17:16:50,950 -                train: [    INFO] - Valid: 303 [ 104/104]  Loss: 1.132 (1.12)  Acc@1: 75.0000 (69.0400)  Acc@5: 87.5000 (91.8400)
2024-11-17 17:16:51,009 -                train: [    INFO] - valid_acc 69.040002 - best_valid_acc 71.600002
2024-11-17 17:16:51,679 -                train: [    INFO] - Train: 304 [   0/520]  Loss: 1.301 (1.30)  Acc@1: 70.8333 (70.8333)  Acc@5: 91.6667 (91.6667)LR: 1.224e-02
2024-11-17 17:17:11,713 -                train: [    INFO] - Train: 304 [ 200/520]  Loss: 1.166 (1.52)  Acc@1: 76.0417 (68.3250)  Acc@5: 95.8333 (91.6511)LR: 1.224e-02
2024-11-17 17:17:32,168 -                train: [    INFO] - Train: 304 [ 400/520]  Loss: 1.643 (1.55)  Acc@1: 61.4583 (67.8564)  Acc@5: 94.7917 (91.4251)LR: 1.224e-02
2024-11-17 17:17:44,368 -                train: [    INFO] - Train: 304 [ 520/520]  Loss: 1.794 (1.56)  Acc@1: 63.7500 (67.6480)  Acc@5: 85.0000 (91.3400)LR: 1.224e-02
2024-11-17 17:17:44,996 -                train: [    INFO] - Valid: 304 [   0/104]  Loss: 0.9693 (0.969)  Acc@1: 72.9167 (72.9167)  Acc@5: 93.7500 (93.7500)
2024-11-17 17:17:47,208 -                train: [    INFO] - Valid: 304 [ 104/104]  Loss: 0.8870 (1.09)  Acc@1: 68.7500 (69.4000)  Acc@5: 87.5000 (92.5800)
2024-11-17 17:17:47,267 -                train: [    INFO] - valid_acc 69.400002 - best_valid_acc 71.600002
2024-11-17 17:17:47,988 -                train: [    INFO] - Train: 305 [   0/520]  Loss: 1.620 (1.62)  Acc@1: 62.5000 (62.5000)  Acc@5: 90.6250 (90.6250)LR: 1.217e-02
2024-11-17 17:18:08,033 -                train: [    INFO] - Train: 305 [ 200/520]  Loss: 1.505 (1.55)  Acc@1: 66.6667 (67.6151)  Acc@5: 88.5417 (91.2884)LR: 1.217e-02
2024-11-17 17:18:28,584 -                train: [    INFO] - Train: 305 [ 400/520]  Loss: 1.395 (1.56)  Acc@1: 71.8750 (67.3031)  Acc@5: 93.7500 (91.3627)LR: 1.217e-02
2024-11-17 17:18:40,667 -                train: [    INFO] - Train: 305 [ 520/520]  Loss: 1.394 (1.58)  Acc@1: 76.2500 (67.2220)  Acc@5: 90.0000 (91.1860)LR: 1.217e-02
2024-11-17 17:18:41,320 -                train: [    INFO] - Valid: 305 [   0/104]  Loss: 1.022 (1.02)  Acc@1: 73.9583 (73.9583)  Acc@5: 92.7083 (92.7083)
2024-11-17 17:18:43,449 -                train: [    INFO] - Valid: 305 [ 104/104]  Loss: 0.9836 (1.06)  Acc@1: 68.7500 (70.6800)  Acc@5: 93.7500 (92.8600)
2024-11-17 17:18:43,508 -                train: [    INFO] - valid_acc 70.680002 - best_valid_acc 71.600002
2024-11-17 17:18:44,193 -                train: [    INFO] - Train: 306 [   0/520]  Loss: 1.421 (1.42)  Acc@1: 65.6250 (65.6250)  Acc@5: 94.7917 (94.7917)LR: 1.211e-02
2024-11-17 17:19:04,214 -                train: [    INFO] - Train: 306 [ 200/520]  Loss: 1.545 (1.54)  Acc@1: 68.7500 (68.1644)  Acc@5: 91.6667 (91.6459)LR: 1.211e-02
2024-11-17 17:19:24,619 -                train: [    INFO] - Train: 306 [ 400/520]  Loss: 2.085 (1.56)  Acc@1: 62.5000 (67.7655)  Acc@5: 83.3333 (91.3705)LR: 1.211e-02
2024-11-17 17:19:36,714 -                train: [    INFO] - Train: 306 [ 520/520]  Loss: 1.783 (1.57)  Acc@1: 67.5000 (67.3720)  Acc@5: 88.7500 (91.2340)LR: 1.211e-02
2024-11-17 17:19:37,346 -                train: [    INFO] - Valid: 306 [   0/104]  Loss: 0.9792 (0.979)  Acc@1: 71.8750 (71.8750)  Acc@5: 92.7083 (92.7083)
2024-11-17 17:19:39,483 -                train: [    INFO] - Valid: 306 [ 104/104]  Loss: 1.244 (1.07)  Acc@1: 68.7500 (70.5900)  Acc@5: 81.2500 (92.4400)
2024-11-17 17:19:39,546 -                train: [    INFO] - valid_acc 70.590002 - best_valid_acc 71.600002
2024-11-17 17:19:40,104 -                train: [    INFO] - Train: 307 [   0/520]  Loss: 1.465 (1.47)  Acc@1: 68.7500 (68.7500)  Acc@5: 87.5000 (87.5000)LR: 1.204e-02
2024-11-17 17:20:00,031 -                train: [    INFO] - Train: 307 [ 200/520]  Loss: 1.574 (1.56)  Acc@1: 68.7500 (67.8638)  Acc@5: 91.6667 (91.1018)LR: 1.204e-02
2024-11-17 17:20:20,391 -                train: [    INFO] - Train: 307 [ 400/520]  Loss: 1.565 (1.56)  Acc@1: 62.5000 (67.5940)  Acc@5: 91.6667 (91.1419)LR: 1.204e-02
2024-11-17 17:20:32,444 -                train: [    INFO] - Train: 307 [ 520/520]  Loss: 1.489 (1.57)  Acc@1: 66.2500 (67.5200)  Acc@5: 92.5000 (91.1480)LR: 1.204e-02
2024-11-17 17:20:33,120 -                train: [    INFO] - Valid: 307 [   0/104]  Loss: 1.042 (1.04)  Acc@1: 68.7500 (68.7500)  Acc@5: 89.5833 (89.5833)
2024-11-17 17:20:35,243 -                train: [    INFO] - Valid: 307 [ 104/104]  Loss: 0.9294 (1.02)  Acc@1: 75.0000 (70.5700)  Acc@5: 87.5000 (92.9500)
2024-11-17 17:20:35,305 -                train: [    INFO] - valid_acc 70.570002 - best_valid_acc 71.600002
2024-11-17 17:20:36,009 -                train: [    INFO] - Train: 308 [   0/520]  Loss: 1.588 (1.59)  Acc@1: 68.7500 (68.7500)  Acc@5: 90.6250 (90.6250)LR: 1.198e-02
2024-11-17 17:20:55,851 -                train: [    INFO] - Train: 308 [ 200/520]  Loss: 1.479 (1.53)  Acc@1: 69.7917 (68.1385)  Acc@5: 93.7500 (91.7600)LR: 1.198e-02
2024-11-17 17:21:16,257 -                train: [    INFO] - Train: 308 [ 400/520]  Loss: 1.588 (1.55)  Acc@1: 66.6667 (67.8019)  Acc@5: 90.6250 (91.6900)LR: 1.198e-02
2024-11-17 17:21:28,547 -                train: [    INFO] - Train: 308 [ 520/520]  Loss: 1.752 (1.56)  Acc@1: 65.0000 (67.5660)  Acc@5: 88.7500 (91.5400)LR: 1.198e-02
2024-11-17 17:21:29,213 -                train: [    INFO] - Valid: 308 [   0/104]  Loss: 0.8319 (0.832)  Acc@1: 73.9583 (73.9583)  Acc@5: 96.8750 (96.8750)
2024-11-17 17:21:31,360 -                train: [    INFO] - Valid: 308 [ 104/104]  Loss: 1.095 (1.02)  Acc@1: 75.0000 (70.8800)  Acc@5: 87.5000 (92.8000)
2024-11-17 17:21:31,419 -                train: [    INFO] - valid_acc 70.880002 - best_valid_acc 71.600002
2024-11-17 17:21:32,106 -                train: [    INFO] - Train: 309 [   0/520]  Loss: 1.026 (1.03)  Acc@1: 73.9583 (73.9583)  Acc@5: 96.8750 (96.8750)LR: 1.191e-02
2024-11-17 17:21:52,095 -                train: [    INFO] - Train: 309 [ 200/520]  Loss: 1.306 (1.55)  Acc@1: 78.1250 (67.7239)  Acc@5: 92.7083 (91.4335)LR: 1.191e-02
2024-11-17 17:22:12,509 -                train: [    INFO] - Train: 309 [ 400/520]  Loss: 1.560 (1.56)  Acc@1: 65.6250 (67.4070)  Acc@5: 90.6250 (91.4511)LR: 1.191e-02
2024-11-17 17:22:24,714 -                train: [    INFO] - Train: 309 [ 520/520]  Loss: 1.217 (1.56)  Acc@1: 75.0000 (67.3080)  Acc@5: 95.0000 (91.4680)LR: 1.191e-02
2024-11-17 17:22:25,352 -                train: [    INFO] - Valid: 309 [   0/104]  Loss: 0.8847 (0.885)  Acc@1: 71.8750 (71.8750)  Acc@5: 94.7917 (94.7917)
2024-11-17 17:22:27,487 -                train: [    INFO] - Valid: 309 [ 104/104]  Loss: 0.9894 (1.02)  Acc@1: 75.0000 (71.0800)  Acc@5: 87.5000 (93.3800)
2024-11-17 17:22:27,544 -                train: [    INFO] - valid_acc 71.080002 - best_valid_acc 71.600002
2024-11-17 17:22:28,185 -                train: [    INFO] - Train: 310 [   0/520]  Loss: 1.592 (1.59)  Acc@1: 67.7083 (67.7083)  Acc@5: 90.6250 (90.6250)LR: 1.185e-02
2024-11-17 17:22:48,312 -                train: [    INFO] - Train: 310 [ 200/520]  Loss: 1.679 (1.55)  Acc@1: 63.5417 (67.5321)  Acc@5: 89.5833 (91.4490)LR: 1.185e-02
2024-11-17 17:23:08,618 -                train: [    INFO] - Train: 310 [ 400/520]  Loss: 1.692 (1.57)  Acc@1: 63.5417 (67.3213)  Acc@5: 88.5417 (91.3498)LR: 1.185e-02
2024-11-17 17:23:20,934 -                train: [    INFO] - Train: 310 [ 520/520]  Loss: 1.840 (1.57)  Acc@1: 60.0000 (67.3720)  Acc@5: 86.2500 (91.2500)LR: 1.185e-02
2024-11-17 17:23:21,615 -                train: [    INFO] - Valid: 310 [   0/104]  Loss: 0.9168 (0.917)  Acc@1: 75.0000 (75.0000)  Acc@5: 92.7083 (92.7083)
2024-11-17 17:23:23,742 -                train: [    INFO] - Valid: 310 [ 104/104]  Loss: 0.8754 (1.03)  Acc@1: 68.7500 (71.1900)  Acc@5: 93.7500 (93.0000)
2024-11-17 17:23:23,806 -                train: [    INFO] - valid_acc 71.190002 - best_valid_acc 71.600002
2024-11-17 17:23:24,519 -                train: [    INFO] - Train: 311 [   0/520]  Loss: 1.541 (1.54)  Acc@1: 67.7083 (67.7083)  Acc@5: 92.7083 (92.7083)LR: 1.178e-02
2024-11-17 17:23:44,655 -                train: [    INFO] - Train: 311 [ 200/520]  Loss: 1.209 (1.54)  Acc@1: 69.7917 (68.3250)  Acc@5: 94.7917 (91.2987)LR: 1.178e-02
2024-11-17 17:24:04,814 -                train: [    INFO] - Train: 311 [ 400/520]  Loss: 1.247 (1.56)  Acc@1: 77.0833 (67.8512)  Acc@5: 90.6250 (91.3056)LR: 1.178e-02
2024-11-17 17:24:16,920 -                train: [    INFO] - Train: 311 [ 520/520]  Loss: 1.481 (1.56)  Acc@1: 71.2500 (67.7880)  Acc@5: 95.0000 (91.2780)LR: 1.178e-02
2024-11-17 17:24:17,575 -                train: [    INFO] - Valid: 311 [   0/104]  Loss: 0.8918 (0.892)  Acc@1: 79.1667 (79.1667)  Acc@5: 94.7917 (94.7917)
2024-11-17 17:24:19,696 -                train: [    INFO] - Valid: 311 [ 104/104]  Loss: 0.8098 (1.02)  Acc@1: 68.7500 (71.2500)  Acc@5: 93.7500 (92.7200)
2024-11-17 17:24:19,754 -                train: [    INFO] - valid_acc 71.250003 - best_valid_acc 71.600002
2024-11-17 17:24:20,417 -                train: [    INFO] - Train: 312 [   0/520]  Loss: 1.742 (1.74)  Acc@1: 65.6250 (65.6250)  Acc@5: 86.4583 (86.4583)LR: 1.172e-02
2024-11-17 17:24:40,489 -                train: [    INFO] - Train: 312 [ 200/520]  Loss: 1.680 (1.53)  Acc@1: 67.7083 (68.4857)  Acc@5: 91.6667 (91.7444)LR: 1.172e-02
2024-11-17 17:25:00,690 -                train: [    INFO] - Train: 312 [ 400/520]  Loss: 1.537 (1.56)  Acc@1: 63.5417 (67.8304)  Acc@5: 90.6250 (91.4225)LR: 1.172e-02
2024-11-17 17:25:12,886 -                train: [    INFO] - Train: 312 [ 520/520]  Loss: 1.646 (1.56)  Acc@1: 67.5000 (67.7740)  Acc@5: 93.7500 (91.3680)LR: 1.172e-02
2024-11-17 17:25:13,499 -                train: [    INFO] - Valid: 312 [   0/104]  Loss: 0.9494 (0.949)  Acc@1: 66.6667 (66.6667)  Acc@5: 93.7500 (93.7500)
2024-11-17 17:25:15,637 -                train: [    INFO] - Valid: 312 [ 104/104]  Loss: 1.011 (1.11)  Acc@1: 75.0000 (69.2400)  Acc@5: 81.2500 (92.1800)
2024-11-17 17:25:15,695 -                train: [    INFO] - valid_acc 69.240002 - best_valid_acc 71.600002
2024-11-17 17:25:16,360 -                train: [    INFO] - Train: 313 [   0/520]  Loss: 1.459 (1.46)  Acc@1: 67.7083 (67.7083)  Acc@5: 93.7500 (93.7500)LR: 1.165e-02
2024-11-17 17:25:36,508 -                train: [    INFO] - Train: 313 [ 200/520]  Loss: 1.697 (1.51)  Acc@1: 68.7500 (68.6826)  Acc@5: 90.6250 (91.9310)LR: 1.165e-02
2024-11-17 17:25:56,657 -                train: [    INFO] - Train: 313 [ 400/520]  Loss: 1.578 (1.54)  Acc@1: 66.6667 (68.0304)  Acc@5: 90.6250 (91.6407)LR: 1.165e-02
2024-11-17 17:26:08,865 -                train: [    INFO] - Train: 313 [ 520/520]  Loss: 1.659 (1.55)  Acc@1: 66.2500 (67.6780)  Acc@5: 88.7500 (91.5000)LR: 1.165e-02
2024-11-17 17:26:09,534 -                train: [    INFO] - Valid: 313 [   0/104]  Loss: 0.9855 (0.985)  Acc@1: 69.7917 (69.7917)  Acc@5: 93.7500 (93.7500)
2024-11-17 17:26:11,669 -                train: [    INFO] - Valid: 313 [ 104/104]  Loss: 0.9026 (1.07)  Acc@1: 81.2500 (70.1800)  Acc@5: 87.5000 (92.5200)
2024-11-17 17:26:11,727 -                train: [    INFO] - valid_acc 70.180003 - best_valid_acc 71.600002
2024-11-17 17:26:12,289 -                train: [    INFO] - Train: 314 [   0/520]  Loss: 1.381 (1.38)  Acc@1: 71.8750 (71.8750)  Acc@5: 93.7500 (93.7500)LR: 1.158e-02
2024-11-17 17:26:32,425 -                train: [    INFO] - Train: 314 [ 200/520]  Loss: 1.574 (1.52)  Acc@1: 71.8750 (68.3302)  Acc@5: 90.6250 (91.6874)LR: 1.158e-02
2024-11-17 17:26:52,738 -                train: [    INFO] - Train: 314 [ 400/520]  Loss: 1.347 (1.55)  Acc@1: 72.9167 (67.7603)  Acc@5: 94.7917 (91.3887)LR: 1.158e-02
2024-11-17 17:27:04,973 -                train: [    INFO] - Train: 314 [ 520/520]  Loss: 1.773 (1.56)  Acc@1: 56.2500 (67.6240)  Acc@5: 92.5000 (91.2160)LR: 1.158e-02
2024-11-17 17:27:05,609 -                train: [    INFO] - Valid: 314 [   0/104]  Loss: 1.005 (1.00)  Acc@1: 73.9583 (73.9583)  Acc@5: 92.7083 (92.7083)
2024-11-17 17:27:07,728 -                train: [    INFO] - Valid: 314 [ 104/104]  Loss: 0.7132 (1.07)  Acc@1: 68.7500 (70.3300)  Acc@5: 100.0000 (92.3100)
2024-11-17 17:27:07,785 -                train: [    INFO] - valid_acc 70.330003 - best_valid_acc 71.600002
2024-11-17 17:27:08,393 -                train: [    INFO] - Train: 315 [   0/520]  Loss: 1.401 (1.40)  Acc@1: 73.9583 (73.9583)  Acc@5: 91.6667 (91.6667)LR: 1.152e-02
2024-11-17 17:27:28,335 -                train: [    INFO] - Train: 315 [ 200/520]  Loss: 1.353 (1.49)  Acc@1: 68.7500 (69.1646)  Acc@5: 93.7500 (92.1953)LR: 1.152e-02
2024-11-17 17:27:48,688 -                train: [    INFO] - Train: 315 [ 400/520]  Loss: 1.523 (1.53)  Acc@1: 67.7083 (68.1629)  Acc@5: 92.7083 (91.7472)LR: 1.152e-02
2024-11-17 17:28:00,830 -                train: [    INFO] - Train: 315 [ 520/520]  Loss: 1.363 (1.54)  Acc@1: 62.5000 (67.8600)  Acc@5: 96.2500 (91.5800)LR: 1.152e-02
2024-11-17 17:28:01,505 -                train: [    INFO] - Valid: 315 [   0/104]  Loss: 1.074 (1.07)  Acc@1: 67.7083 (67.7083)  Acc@5: 91.6667 (91.6667)
2024-11-17 17:28:03,676 -                train: [    INFO] - Valid: 315 [ 104/104]  Loss: 0.6529 (1.06)  Acc@1: 75.0000 (70.0400)  Acc@5: 100.0000 (92.5000)
2024-11-17 17:28:03,738 -                train: [    INFO] - valid_acc 70.040003 - best_valid_acc 71.600002
2024-11-17 17:28:04,454 -                train: [    INFO] - Train: 316 [   0/520]  Loss: 1.455 (1.45)  Acc@1: 69.7917 (69.7917)  Acc@5: 94.7917 (94.7917)LR: 1.145e-02
2024-11-17 17:28:24,344 -                train: [    INFO] - Train: 316 [ 200/520]  Loss: 1.698 (1.54)  Acc@1: 68.7500 (68.4494)  Acc@5: 89.5833 (91.4438)LR: 1.145e-02
2024-11-17 17:28:44,587 -                train: [    INFO] - Train: 316 [ 400/520]  Loss: 1.565 (1.56)  Acc@1: 67.7083 (67.7395)  Acc@5: 89.5833 (91.3030)LR: 1.145e-02
2024-11-17 17:28:56,801 -                train: [    INFO] - Train: 316 [ 520/520]  Loss: 1.725 (1.56)  Acc@1: 70.0000 (67.7620)  Acc@5: 90.0000 (91.4040)LR: 1.145e-02
2024-11-17 17:28:57,420 -                train: [    INFO] - Valid: 316 [   0/104]  Loss: 0.9344 (0.934)  Acc@1: 72.9167 (72.9167)  Acc@5: 90.6250 (90.6250)
2024-11-17 17:28:59,535 -                train: [    INFO] - Valid: 316 [ 104/104]  Loss: 1.185 (1.03)  Acc@1: 68.7500 (70.8800)  Acc@5: 81.2500 (92.8400)
2024-11-17 17:28:59,595 -                train: [    INFO] - valid_acc 70.880003 - best_valid_acc 71.600002
2024-11-17 17:29:00,302 -                train: [    INFO] - Train: 317 [   0/520]  Loss: 1.621 (1.62)  Acc@1: 67.7083 (67.7083)  Acc@5: 92.7083 (92.7083)LR: 1.139e-02
2024-11-17 17:29:20,489 -                train: [    INFO] - Train: 317 [ 200/520]  Loss: 1.482 (1.52)  Acc@1: 67.7083 (68.2991)  Acc@5: 91.6667 (91.5527)LR: 1.139e-02
2024-11-17 17:29:40,749 -                train: [    INFO] - Train: 317 [ 400/520]  Loss: 1.455 (1.54)  Acc@1: 69.7917 (68.0434)  Acc@5: 91.6667 (91.4615)LR: 1.139e-02
2024-11-17 17:29:52,971 -                train: [    INFO] - Train: 317 [ 520/520]  Loss: 1.771 (1.55)  Acc@1: 71.2500 (67.9400)  Acc@5: 88.7500 (91.4900)LR: 1.139e-02
2024-11-17 17:29:53,639 -                train: [    INFO] - Valid: 317 [   0/104]  Loss: 1.018 (1.02)  Acc@1: 72.9167 (72.9167)  Acc@5: 88.5417 (88.5417)
2024-11-17 17:29:55,743 -                train: [    INFO] - Valid: 317 [ 104/104]  Loss: 1.019 (1.04)  Acc@1: 68.7500 (70.5100)  Acc@5: 87.5000 (92.8300)
2024-11-17 17:29:55,802 -                train: [    INFO] - valid_acc 70.510003 - best_valid_acc 71.600002
2024-11-17 17:29:56,485 -                train: [    INFO] - Train: 318 [   0/520]  Loss: 1.396 (1.40)  Acc@1: 73.9583 (73.9583)  Acc@5: 91.6667 (91.6667)LR: 1.132e-02
2024-11-17 17:30:16,363 -                train: [    INFO] - Train: 318 [ 200/520]  Loss: 1.584 (1.53)  Acc@1: 66.6667 (68.4857)  Acc@5: 89.5833 (91.7133)LR: 1.132e-02
2024-11-17 17:30:36,639 -                train: [    INFO] - Train: 318 [ 400/520]  Loss: 1.527 (1.54)  Acc@1: 68.7500 (68.1344)  Acc@5: 89.5833 (91.5887)LR: 1.132e-02
2024-11-17 17:30:48,864 -                train: [    INFO] - Train: 318 [ 520/520]  Loss: 1.288 (1.55)  Acc@1: 76.2500 (67.9720)  Acc@5: 90.0000 (91.5180)LR: 1.132e-02
2024-11-17 17:30:49,483 -                train: [    INFO] - Valid: 318 [   0/104]  Loss: 1.205 (1.20)  Acc@1: 69.7917 (69.7917)  Acc@5: 88.5417 (88.5417)
2024-11-17 17:30:51,625 -                train: [    INFO] - Valid: 318 [ 104/104]  Loss: 0.9479 (1.09)  Acc@1: 81.2500 (69.2100)  Acc@5: 87.5000 (92.3900)
2024-11-17 17:30:51,687 -                train: [    INFO] - valid_acc 69.210002 - best_valid_acc 71.600002
2024-11-17 17:30:52,397 -                train: [    INFO] - Train: 319 [   0/520]  Loss: 1.579 (1.58)  Acc@1: 70.8333 (70.8333)  Acc@5: 90.6250 (90.6250)LR: 1.126e-02
2024-11-17 17:31:12,292 -                train: [    INFO] - Train: 319 [ 200/520]  Loss: 1.527 (1.52)  Acc@1: 76.0417 (68.3510)  Acc@5: 89.5833 (91.5993)LR: 1.126e-02
2024-11-17 17:31:32,422 -                train: [    INFO] - Train: 319 [ 400/520]  Loss: 1.399 (1.55)  Acc@1: 72.9167 (67.7291)  Acc@5: 93.7500 (91.4563)LR: 1.126e-02
2024-11-17 17:31:44,584 -                train: [    INFO] - Train: 319 [ 520/520]  Loss: 1.479 (1.56)  Acc@1: 68.7500 (67.4640)  Acc@5: 90.0000 (91.2940)LR: 1.126e-02
2024-11-17 17:31:45,159 -                train: [    INFO] - Valid: 319 [   0/104]  Loss: 1.128 (1.13)  Acc@1: 69.7917 (69.7917)  Acc@5: 90.6250 (90.6250)
2024-11-17 17:31:47,273 -                train: [    INFO] - Valid: 319 [ 104/104]  Loss: 1.083 (1.10)  Acc@1: 75.0000 (69.4300)  Acc@5: 87.5000 (91.8400)
2024-11-17 17:31:47,332 -                train: [    INFO] - valid_acc 69.430002 - best_valid_acc 71.600002
2024-11-17 17:31:47,945 -                train: [    INFO] - Train: 320 [   0/520]  Loss: 1.458 (1.46)  Acc@1: 65.6250 (65.6250)  Acc@5: 91.6667 (91.6667)LR: 1.119e-02
2024-11-17 17:32:07,787 -                train: [    INFO] - Train: 320 [ 200/520]  Loss: 1.418 (1.52)  Acc@1: 64.5833 (68.3613)  Acc@5: 94.7917 (91.8584)LR: 1.119e-02
2024-11-17 17:32:27,892 -                train: [    INFO] - Train: 320 [ 400/520]  Loss: 1.661 (1.54)  Acc@1: 66.6667 (67.9213)  Acc@5: 91.6667 (91.6849)LR: 1.119e-02
2024-11-17 17:32:40,122 -                train: [    INFO] - Train: 320 [ 520/520]  Loss: 1.757 (1.55)  Acc@1: 65.0000 (67.7460)  Acc@5: 90.0000 (91.6000)LR: 1.119e-02
2024-11-17 17:32:40,787 -                train: [    INFO] - Valid: 320 [   0/104]  Loss: 0.9196 (0.920)  Acc@1: 75.0000 (75.0000)  Acc@5: 92.7083 (92.7083)
2024-11-17 17:32:42,867 -                train: [    INFO] - Valid: 320 [ 104/104]  Loss: 1.087 (1.03)  Acc@1: 75.0000 (70.6000)  Acc@5: 87.5000 (93.0000)
2024-11-17 17:32:42,925 -                train: [    INFO] - valid_acc 70.600003 - best_valid_acc 71.600002
2024-11-17 17:32:43,521 -                train: [    INFO] - Train: 321 [   0/520]  Loss: 2.064 (2.06)  Acc@1: 60.4167 (60.4167)  Acc@5: 82.2917 (82.2917)LR: 1.113e-02
2024-11-17 17:33:03,562 -                train: [    INFO] - Train: 321 [ 200/520]  Loss: 1.505 (1.51)  Acc@1: 69.7917 (68.7345)  Acc@5: 88.5417 (91.9154)LR: 1.113e-02
2024-11-17 17:33:23,801 -                train: [    INFO] - Train: 321 [ 400/520]  Loss: 1.170 (1.54)  Acc@1: 77.0833 (68.2279)  Acc@5: 92.7083 (91.5394)LR: 1.113e-02
2024-11-17 17:33:36,102 -                train: [    INFO] - Train: 321 [ 520/520]  Loss: 1.663 (1.55)  Acc@1: 66.2500 (67.8440)  Acc@5: 91.2500 (91.3860)LR: 1.113e-02
2024-11-17 17:33:36,755 -                train: [    INFO] - Valid: 321 [   0/104]  Loss: 1.100 (1.10)  Acc@1: 71.8750 (71.8750)  Acc@5: 93.7500 (93.7500)
2024-11-17 17:33:38,865 -                train: [    INFO] - Valid: 321 [ 104/104]  Loss: 0.8234 (1.09)  Acc@1: 75.0000 (69.7200)  Acc@5: 87.5000 (92.4000)
2024-11-17 17:33:38,928 -                train: [    INFO] - valid_acc 69.720002 - best_valid_acc 71.600002
2024-11-17 17:33:39,626 -                train: [    INFO] - Train: 322 [   0/520]  Loss: 1.335 (1.34)  Acc@1: 75.0000 (75.0000)  Acc@5: 93.7500 (93.7500)LR: 1.106e-02
2024-11-17 17:33:59,529 -                train: [    INFO] - Train: 322 [ 200/520]  Loss: 1.492 (1.54)  Acc@1: 75.0000 (68.2266)  Acc@5: 91.6667 (91.6252)LR: 1.106e-02
2024-11-17 17:34:19,867 -                train: [    INFO] - Train: 322 [ 400/520]  Loss: 1.566 (1.55)  Acc@1: 65.6250 (68.0227)  Acc@5: 90.6250 (91.3627)LR: 1.106e-02
2024-11-17 17:34:32,044 -                train: [    INFO] - Train: 322 [ 520/520]  Loss: 1.921 (1.55)  Acc@1: 57.5000 (67.8180)  Acc@5: 87.5000 (91.3160)LR: 1.106e-02
2024-11-17 17:34:32,740 -                train: [    INFO] - Valid: 322 [   0/104]  Loss: 0.8112 (0.811)  Acc@1: 78.1250 (78.1250)  Acc@5: 94.7917 (94.7917)
2024-11-17 17:34:34,863 -                train: [    INFO] - Valid: 322 [ 104/104]  Loss: 0.7782 (1.03)  Acc@1: 81.2500 (71.2900)  Acc@5: 93.7500 (92.8900)
2024-11-17 17:34:34,922 -                train: [    INFO] - valid_acc 71.290002 - best_valid_acc 71.600002
2024-11-17 17:34:35,611 -                train: [    INFO] - Train: 323 [   0/520]  Loss: 1.520 (1.52)  Acc@1: 70.8333 (70.8333)  Acc@5: 88.5417 (88.5417)LR: 1.100e-02
2024-11-17 17:34:55,649 -                train: [    INFO] - Train: 323 [ 200/520]  Loss: 1.879 (1.51)  Acc@1: 57.2917 (68.7345)  Acc@5: 86.4583 (91.8118)LR: 1.100e-02
2024-11-17 17:35:15,893 -                train: [    INFO] - Train: 323 [ 400/520]  Loss: 1.447 (1.53)  Acc@1: 75.0000 (68.1629)  Acc@5: 91.6667 (91.6017)LR: 1.100e-02
2024-11-17 17:35:28,093 -                train: [    INFO] - Train: 323 [ 520/520]  Loss: 1.403 (1.55)  Acc@1: 71.2500 (68.0360)  Acc@5: 96.2500 (91.4040)LR: 1.100e-02
2024-11-17 17:35:28,763 -                train: [    INFO] - Valid: 323 [   0/104]  Loss: 0.9257 (0.926)  Acc@1: 76.0417 (76.0417)  Acc@5: 94.7917 (94.7917)
2024-11-17 17:35:30,882 -                train: [    INFO] - Valid: 323 [ 104/104]  Loss: 0.7599 (1.12)  Acc@1: 81.2500 (68.9000)  Acc@5: 87.5000 (92.3000)
2024-11-17 17:35:30,944 -                train: [    INFO] - valid_acc 68.900002 - best_valid_acc 71.600002
2024-11-17 17:35:31,615 -                train: [    INFO] - Train: 324 [   0/520]  Loss: 1.617 (1.62)  Acc@1: 66.6667 (66.6667)  Acc@5: 89.5833 (89.5833)LR: 1.093e-02
2024-11-17 17:35:51,283 -                train: [    INFO] - Train: 324 [ 200/520]  Loss: 1.887 (1.55)  Acc@1: 60.4167 (67.6617)  Acc@5: 85.4167 (91.4127)LR: 1.093e-02
2024-11-17 17:36:11,524 -                train: [    INFO] - Train: 324 [ 400/520]  Loss: 1.513 (1.56)  Acc@1: 68.7500 (67.4719)  Acc@5: 93.7500 (91.3108)LR: 1.093e-02
2024-11-17 17:36:23,720 -                train: [    INFO] - Train: 324 [ 520/520]  Loss: 1.444 (1.57)  Acc@1: 70.0000 (67.4520)  Acc@5: 91.2500 (91.2020)LR: 1.093e-02
2024-11-17 17:36:24,365 -                train: [    INFO] - Valid: 324 [   0/104]  Loss: 0.9796 (0.980)  Acc@1: 68.7500 (68.7500)  Acc@5: 91.6667 (91.6667)
2024-11-17 17:36:26,487 -                train: [    INFO] - Valid: 324 [ 104/104]  Loss: 0.7514 (1.02)  Acc@1: 81.2500 (71.9200)  Acc@5: 93.7500 (93.2100)
2024-11-17 17:36:26,602 -                train: [    INFO] - valid_acc 71.920003 - best_valid_acc 71.920003
2024-11-17 17:36:27,230 -                train: [    INFO] - Train: 325 [   0/520]  Loss: 1.312 (1.31)  Acc@1: 72.9167 (72.9167)  Acc@5: 94.7917 (94.7917)LR: 1.087e-02
2024-11-17 17:36:47,459 -                train: [    INFO] - Train: 325 [ 200/520]  Loss: 1.775 (1.51)  Acc@1: 57.2917 (68.5945)  Acc@5: 91.6667 (91.8532)LR: 1.087e-02
2024-11-17 17:37:07,953 -                train: [    INFO] - Train: 325 [ 400/520]  Loss: 1.686 (1.54)  Acc@1: 67.7083 (67.9421)  Acc@5: 91.6667 (91.6719)LR: 1.087e-02
2024-11-17 17:37:20,298 -                train: [    INFO] - Train: 325 [ 520/520]  Loss: 1.572 (1.55)  Acc@1: 67.5000 (67.8000)  Acc@5: 90.0000 (91.5920)LR: 1.087e-02
2024-11-17 17:37:20,979 -                train: [    INFO] - Valid: 325 [   0/104]  Loss: 0.8434 (0.843)  Acc@1: 78.1250 (78.1250)  Acc@5: 94.7917 (94.7917)
2024-11-17 17:37:23,143 -                train: [    INFO] - Valid: 325 [ 104/104]  Loss: 0.8870 (1.01)  Acc@1: 75.0000 (71.7700)  Acc@5: 87.5000 (92.8300)
2024-11-17 17:37:23,206 -                train: [    INFO] - valid_acc 71.770003 - best_valid_acc 71.920003
2024-11-17 17:37:23,913 -                train: [    INFO] - Train: 326 [   0/520]  Loss: 1.591 (1.59)  Acc@1: 65.6250 (65.6250)  Acc@5: 92.7083 (92.7083)LR: 1.080e-02
2024-11-17 17:37:43,981 -                train: [    INFO] - Train: 326 [ 200/520]  Loss: 1.295 (1.52)  Acc@1: 75.0000 (68.3613)  Acc@5: 92.7083 (91.7496)LR: 1.080e-02
2024-11-17 17:38:04,199 -                train: [    INFO] - Train: 326 [ 400/520]  Loss: 1.583 (1.54)  Acc@1: 68.7500 (67.9577)  Acc@5: 87.5000 (91.5524)LR: 1.080e-02
2024-11-17 17:38:16,424 -                train: [    INFO] - Train: 326 [ 520/520]  Loss: 1.894 (1.55)  Acc@1: 58.7500 (67.7760)  Acc@5: 86.2500 (91.3940)LR: 1.080e-02
2024-11-17 17:38:17,077 -                train: [    INFO] - Valid: 326 [   0/104]  Loss: 1.020 (1.02)  Acc@1: 70.8333 (70.8333)  Acc@5: 89.5833 (89.5833)
2024-11-17 17:38:19,199 -                train: [    INFO] - Valid: 326 [ 104/104]  Loss: 1.183 (1.05)  Acc@1: 75.0000 (70.6400)  Acc@5: 87.5000 (92.5300)
2024-11-17 17:38:19,258 -                train: [    INFO] - valid_acc 70.640002 - best_valid_acc 71.920003
2024-11-17 17:38:19,921 -                train: [    INFO] - Train: 327 [   0/520]  Loss: 1.621 (1.62)  Acc@1: 64.5833 (64.5833)  Acc@5: 91.6667 (91.6667)LR: 1.074e-02
2024-11-17 17:38:40,077 -                train: [    INFO] - Train: 327 [ 200/520]  Loss: 1.539 (1.49)  Acc@1: 70.8333 (69.0143)  Acc@5: 93.7500 (91.7185)LR: 1.074e-02
2024-11-17 17:39:00,267 -                train: [    INFO] - Train: 327 [ 400/520]  Loss: 1.214 (1.51)  Acc@1: 75.0000 (68.5812)  Acc@5: 94.7917 (91.5913)LR: 1.074e-02
2024-11-17 17:39:12,482 -                train: [    INFO] - Train: 327 [ 520/520]  Loss: 1.515 (1.53)  Acc@1: 68.7500 (68.0180)  Acc@5: 91.2500 (91.4500)LR: 1.074e-02
2024-11-17 17:39:13,050 -                train: [    INFO] - Valid: 327 [   0/104]  Loss: 1.026 (1.03)  Acc@1: 68.7500 (68.7500)  Acc@5: 92.7083 (92.7083)
2024-11-17 17:39:15,069 -                train: [    INFO] - Valid: 327 [ 104/104]  Loss: 1.205 (1.05)  Acc@1: 81.2500 (70.5800)  Acc@5: 87.5000 (92.7400)
2024-11-17 17:39:15,135 -                train: [    INFO] - valid_acc 70.580002 - best_valid_acc 71.920003
2024-11-17 17:39:15,781 -                train: [    INFO] - Train: 328 [   0/520]  Loss: 1.422 (1.42)  Acc@1: 66.6667 (66.6667)  Acc@5: 92.7083 (92.7083)LR: 1.067e-02
2024-11-17 17:39:34,565 -                train: [    INFO] - Train: 328 [ 200/520]  Loss: 1.379 (1.50)  Acc@1: 72.9167 (68.8485)  Acc@5: 91.6667 (92.0450)LR: 1.067e-02
2024-11-17 17:39:51,289 -                train: [    INFO] - Train: 328 [ 400/520]  Loss: 1.743 (1.52)  Acc@1: 63.5417 (68.3889)  Acc@5: 90.6250 (91.6485)LR: 1.067e-02
2024-11-17 17:40:01,438 -                train: [    INFO] - Train: 328 [ 520/520]  Loss: 1.272 (1.53)  Acc@1: 72.5000 (68.1100)  Acc@5: 93.7500 (91.5200)LR: 1.067e-02
2024-11-17 17:40:02,113 -                train: [    INFO] - Valid: 328 [   0/104]  Loss: 1.022 (1.02)  Acc@1: 70.8333 (70.8333)  Acc@5: 93.7500 (93.7500)
2024-11-17 17:40:03,849 -                train: [    INFO] - Valid: 328 [ 104/104]  Loss: 1.230 (1.09)  Acc@1: 68.7500 (70.6100)  Acc@5: 81.2500 (92.2600)
2024-11-17 17:40:03,909 -                train: [    INFO] - valid_acc 70.610003 - best_valid_acc 71.920003
2024-11-17 17:40:04,513 -                train: [    INFO] - Train: 329 [   0/520]  Loss: 1.295 (1.30)  Acc@1: 69.7917 (69.7917)  Acc@5: 93.7500 (93.7500)LR: 1.061e-02
2024-11-17 17:40:20,558 -                train: [    INFO] - Train: 329 [ 200/520]  Loss: 1.848 (1.50)  Acc@1: 61.4583 (68.6826)  Acc@5: 92.7083 (91.9517)LR: 1.061e-02
2024-11-17 17:40:37,096 -                train: [    INFO] - Train: 329 [ 400/520]  Loss: 1.571 (1.54)  Acc@1: 72.9167 (67.8408)  Acc@5: 88.5417 (91.5134)LR: 1.061e-02
2024-11-17 17:40:47,071 -                train: [    INFO] - Train: 329 [ 520/520]  Loss: 1.701 (1.55)  Acc@1: 68.7500 (67.8780)  Acc@5: 87.5000 (91.4580)LR: 1.061e-02
2024-11-17 17:40:47,735 -                train: [    INFO] - Valid: 329 [   0/104]  Loss: 0.9932 (0.993)  Acc@1: 73.9583 (73.9583)  Acc@5: 93.7500 (93.7500)
2024-11-17 17:40:49,463 -                train: [    INFO] - Valid: 329 [ 104/104]  Loss: 0.8431 (1.02)  Acc@1: 75.0000 (71.0700)  Acc@5: 93.7500 (92.9500)
2024-11-17 17:40:49,530 -                train: [    INFO] - valid_acc 71.070002 - best_valid_acc 71.920003
2024-11-17 17:40:50,206 -                train: [    INFO] - Train: 330 [   0/520]  Loss: 1.573 (1.57)  Acc@1: 71.8750 (71.8750)  Acc@5: 89.5833 (89.5833)LR: 1.054e-02
2024-11-17 17:41:06,084 -                train: [    INFO] - Train: 330 [ 200/520]  Loss: 1.260 (1.54)  Acc@1: 71.8750 (68.1333)  Acc@5: 96.8750 (91.4283)LR: 1.054e-02
2024-11-17 17:41:22,397 -                train: [    INFO] - Train: 330 [ 400/520]  Loss: 1.594 (1.54)  Acc@1: 62.5000 (67.9369)  Acc@5: 92.7083 (91.4641)LR: 1.054e-02
2024-11-17 17:41:32,269 -                train: [    INFO] - Train: 330 [ 520/520]  Loss: 1.837 (1.54)  Acc@1: 60.0000 (67.8420)  Acc@5: 88.7500 (91.5380)LR: 1.054e-02
2024-11-17 17:41:32,922 -                train: [    INFO] - Valid: 330 [   0/104]  Loss: 0.8637 (0.864)  Acc@1: 77.0833 (77.0833)  Acc@5: 93.7500 (93.7500)
2024-11-17 17:41:34,618 -                train: [    INFO] - Valid: 330 [ 104/104]  Loss: 0.8582 (1.10)  Acc@1: 81.2500 (69.6200)  Acc@5: 93.7500 (92.7500)
2024-11-17 17:41:34,677 -                train: [    INFO] - valid_acc 69.620002 - best_valid_acc 71.920003
2024-11-17 17:41:35,281 -                train: [    INFO] - Train: 331 [   0/520]  Loss: 1.288 (1.29)  Acc@1: 72.9167 (72.9167)  Acc@5: 94.7917 (94.7917)LR: 1.048e-02
2024-11-17 17:41:51,822 -                train: [    INFO] - Train: 331 [ 200/520]  Loss: 1.486 (1.51)  Acc@1: 69.7917 (68.6204)  Acc@5: 90.6250 (91.8221)LR: 1.048e-02
2024-11-17 17:42:08,321 -                train: [    INFO] - Train: 331 [ 400/520]  Loss: 1.892 (1.54)  Acc@1: 56.2500 (68.0253)  Acc@5: 87.5000 (91.5965)LR: 1.048e-02
2024-11-17 17:42:18,003 -                train: [    INFO] - Train: 331 [ 520/520]  Loss: 1.253 (1.54)  Acc@1: 76.2500 (68.0500)  Acc@5: 90.0000 (91.4580)LR: 1.048e-02
2024-11-17 17:42:18,569 -                train: [    INFO] - Valid: 331 [   0/104]  Loss: 0.9163 (0.916)  Acc@1: 78.1250 (78.1250)  Acc@5: 93.7500 (93.7500)
2024-11-17 17:42:20,240 -                train: [    INFO] - Valid: 331 [ 104/104]  Loss: 0.8998 (1.06)  Acc@1: 75.0000 (70.7000)  Acc@5: 87.5000 (92.8200)
2024-11-17 17:42:20,302 -                train: [    INFO] - valid_acc 70.700002 - best_valid_acc 71.920003
2024-11-17 17:42:20,931 -                train: [    INFO] - Train: 332 [   0/520]  Loss: 1.304 (1.30)  Acc@1: 72.9167 (72.9167)  Acc@5: 95.8333 (95.8333)LR: 1.042e-02
2024-11-17 17:42:37,017 -                train: [    INFO] - Train: 332 [ 200/520]  Loss: 1.420 (1.51)  Acc@1: 71.8750 (68.5634)  Acc@5: 90.6250 (91.8740)LR: 1.042e-02
2024-11-17 17:42:53,483 -                train: [    INFO] - Train: 332 [ 400/520]  Loss: 1.399 (1.52)  Acc@1: 68.7500 (68.2668)  Acc@5: 93.7500 (91.6926)LR: 1.042e-02
2024-11-17 17:43:03,257 -                train: [    INFO] - Train: 332 [ 520/520]  Loss: 1.472 (1.53)  Acc@1: 73.7500 (68.1360)  Acc@5: 93.7500 (91.5460)LR: 1.042e-02
2024-11-17 17:43:03,872 -                train: [    INFO] - Valid: 332 [   0/104]  Loss: 0.9895 (0.990)  Acc@1: 70.8333 (70.8333)  Acc@5: 92.7083 (92.7083)
2024-11-17 17:43:05,557 -                train: [    INFO] - Valid: 332 [ 104/104]  Loss: 1.112 (0.990)  Acc@1: 75.0000 (71.9100)  Acc@5: 87.5000 (93.2600)
2024-11-17 17:43:05,619 -                train: [    INFO] - valid_acc 71.910002 - best_valid_acc 71.920003
2024-11-17 17:43:06,307 -                train: [    INFO] - Train: 333 [   0/520]  Loss: 1.696 (1.70)  Acc@1: 68.7500 (68.7500)  Acc@5: 93.7500 (93.7500)LR: 1.035e-02
2024-11-17 17:43:22,306 -                train: [    INFO] - Train: 333 [ 200/520]  Loss: 1.627 (1.52)  Acc@1: 67.7083 (68.7137)  Acc@5: 91.6667 (91.5112)LR: 1.035e-02
2024-11-17 17:43:39,059 -                train: [    INFO] - Train: 333 [ 400/520]  Loss: 1.593 (1.52)  Acc@1: 66.6667 (68.6097)  Acc@5: 94.7917 (91.6043)LR: 1.035e-02
2024-11-17 17:43:48,951 -                train: [    INFO] - Train: 333 [ 520/520]  Loss: 1.326 (1.53)  Acc@1: 75.0000 (68.5620)  Acc@5: 92.5000 (91.6220)LR: 1.035e-02
2024-11-17 17:43:49,614 -                train: [    INFO] - Valid: 333 [   0/104]  Loss: 0.9324 (0.932)  Acc@1: 72.9167 (72.9167)  Acc@5: 93.7500 (93.7500)
2024-11-17 17:43:51,240 -                train: [    INFO] - Valid: 333 [ 104/104]  Loss: 0.8291 (1.03)  Acc@1: 75.0000 (71.0500)  Acc@5: 93.7500 (93.1000)
2024-11-17 17:43:51,302 -                train: [    INFO] - valid_acc 71.050002 - best_valid_acc 71.920003
2024-11-17 17:43:51,994 -                train: [    INFO] - Train: 334 [   0/520]  Loss: 1.793 (1.79)  Acc@1: 63.5417 (63.5417)  Acc@5: 87.5000 (87.5000)LR: 1.029e-02
2024-11-17 17:44:08,270 -                train: [    INFO] - Train: 334 [ 200/520]  Loss: 1.434 (1.51)  Acc@1: 69.7917 (68.6723)  Acc@5: 94.7917 (91.7807)LR: 1.029e-02
2024-11-17 17:44:25,034 -                train: [    INFO] - Train: 334 [ 400/520]  Loss: 1.353 (1.53)  Acc@1: 72.9167 (68.2383)  Acc@5: 92.7083 (91.7134)LR: 1.029e-02
2024-11-17 17:44:35,053 -                train: [    INFO] - Train: 334 [ 520/520]  Loss: 1.353 (1.54)  Acc@1: 76.2500 (67.9640)  Acc@5: 93.7500 (91.5980)LR: 1.029e-02
2024-11-17 17:44:35,697 -                train: [    INFO] - Valid: 334 [   0/104]  Loss: 1.058 (1.06)  Acc@1: 75.0000 (75.0000)  Acc@5: 90.6250 (90.6250)
2024-11-17 17:44:37,411 -                train: [    INFO] - Valid: 334 [ 104/104]  Loss: 1.068 (1.05)  Acc@1: 75.0000 (71.2000)  Acc@5: 87.5000 (92.7000)
2024-11-17 17:44:37,471 -                train: [    INFO] - valid_acc 71.200002 - best_valid_acc 71.920003
2024-11-17 17:44:38,147 -                train: [    INFO] - Train: 335 [   0/520]  Loss: 1.480 (1.48)  Acc@1: 66.6667 (66.6667)  Acc@5: 93.7500 (93.7500)LR: 1.022e-02
2024-11-17 17:44:54,237 -                train: [    INFO] - Train: 335 [ 200/520]  Loss: 1.532 (1.50)  Acc@1: 71.8750 (68.6308)  Acc@5: 88.5417 (91.8273)LR: 1.022e-02
2024-11-17 17:45:10,830 -                train: [    INFO] - Train: 335 [ 400/520]  Loss: 1.902 (1.52)  Acc@1: 62.5000 (68.2928)  Acc@5: 86.4583 (91.8563)LR: 1.022e-02
2024-11-17 17:45:20,457 -                train: [    INFO] - Train: 335 [ 520/520]  Loss: 1.447 (1.53)  Acc@1: 71.2500 (68.0780)  Acc@5: 92.5000 (91.7660)LR: 1.022e-02
2024-11-17 17:45:21,143 -                train: [    INFO] - Valid: 335 [   0/104]  Loss: 1.096 (1.10)  Acc@1: 70.8333 (70.8333)  Acc@5: 91.6667 (91.6667)
2024-11-17 17:45:22,954 -                train: [    INFO] - Valid: 335 [ 104/104]  Loss: 1.012 (1.07)  Acc@1: 68.7500 (70.6000)  Acc@5: 100.0000 (92.2900)
2024-11-17 17:45:23,013 -                train: [    INFO] - valid_acc 70.600002 - best_valid_acc 71.920003
2024-11-17 17:45:23,607 -                train: [    INFO] - Train: 336 [   0/520]  Loss: 1.535 (1.53)  Acc@1: 68.7500 (68.7500)  Acc@5: 94.7917 (94.7917)LR: 1.016e-02
2024-11-17 17:45:40,059 -                train: [    INFO] - Train: 336 [ 200/520]  Loss: 1.605 (1.50)  Acc@1: 63.5417 (68.5790)  Acc@5: 89.5833 (91.9724)LR: 1.016e-02
2024-11-17 17:45:56,636 -                train: [    INFO] - Train: 336 [ 400/520]  Loss: 1.547 (1.52)  Acc@1: 61.4583 (68.3162)  Acc@5: 93.7500 (91.8095)LR: 1.016e-02
2024-11-17 17:46:06,419 -                train: [    INFO] - Train: 336 [ 520/520]  Loss: 1.624 (1.53)  Acc@1: 65.0000 (68.1740)  Acc@5: 90.0000 (91.6980)LR: 1.016e-02
2024-11-17 17:46:06,960 -                train: [    INFO] - Valid: 336 [   0/104]  Loss: 0.9956 (0.996)  Acc@1: 70.8333 (70.8333)  Acc@5: 93.7500 (93.7500)
2024-11-17 17:46:08,575 -                train: [    INFO] - Valid: 336 [ 104/104]  Loss: 1.027 (1.03)  Acc@1: 68.7500 (71.2500)  Acc@5: 87.5000 (92.5300)
2024-11-17 17:46:08,632 -                train: [    INFO] - valid_acc 71.250002 - best_valid_acc 71.920003
2024-11-17 17:46:09,191 -                train: [    INFO] - Train: 337 [   0/520]  Loss: 1.528 (1.53)  Acc@1: 62.5000 (62.5000)  Acc@5: 93.7500 (93.7500)LR: 1.009e-02
2024-11-17 17:46:25,461 -                train: [    INFO] - Train: 337 [ 200/520]  Loss: 1.354 (1.49)  Acc@1: 70.8333 (68.6619)  Acc@5: 93.7500 (92.1642)LR: 1.009e-02
2024-11-17 17:46:42,228 -                train: [    INFO] - Train: 337 [ 400/520]  Loss: 1.271 (1.51)  Acc@1: 67.7083 (68.3578)  Acc@5: 93.7500 (91.8537)LR: 1.009e-02
2024-11-17 17:46:51,957 -                train: [    INFO] - Train: 337 [ 520/520]  Loss: 1.608 (1.53)  Acc@1: 63.7500 (68.0640)  Acc@5: 92.5000 (91.6600)LR: 1.009e-02
2024-11-17 17:46:52,486 -                train: [    INFO] - Valid: 337 [   0/104]  Loss: 0.8628 (0.863)  Acc@1: 77.0833 (77.0833)  Acc@5: 93.7500 (93.7500)
2024-11-17 17:46:54,164 -                train: [    INFO] - Valid: 337 [ 104/104]  Loss: 0.8690 (0.990)  Acc@1: 75.0000 (71.6700)  Acc@5: 93.7500 (93.3800)
2024-11-17 17:46:54,215 -                train: [    INFO] - valid_acc 71.670003 - best_valid_acc 71.920003
2024-11-17 17:46:54,761 -                train: [    INFO] - Train: 338 [   0/520]  Loss: 1.445 (1.44)  Acc@1: 72.9167 (72.9167)  Acc@5: 92.7083 (92.7083)LR: 1.003e-02
2024-11-17 17:47:11,148 -                train: [    INFO] - Train: 338 [ 200/520]  Loss: 1.695 (1.49)  Acc@1: 70.8333 (69.2786)  Acc@5: 86.4583 (91.8843)LR: 1.003e-02
2024-11-17 17:47:27,591 -                train: [    INFO] - Train: 338 [ 400/520]  Loss: 1.791 (1.51)  Acc@1: 60.4167 (68.7916)  Acc@5: 86.4583 (91.7472)LR: 1.003e-02
2024-11-17 17:47:37,370 -                train: [    INFO] - Train: 338 [ 520/520]  Loss: 1.935 (1.52)  Acc@1: 63.7500 (68.5440)  Acc@5: 91.2500 (91.6660)LR: 1.003e-02
2024-11-17 17:47:37,864 -                train: [    INFO] - Valid: 338 [   0/104]  Loss: 0.8684 (0.868)  Acc@1: 73.9583 (73.9583)  Acc@5: 93.7500 (93.7500)
2024-11-17 17:47:39,504 -                train: [    INFO] - Valid: 338 [ 104/104]  Loss: 0.7924 (1.04)  Acc@1: 81.2500 (70.6700)  Acc@5: 87.5000 (92.9600)
2024-11-17 17:47:39,554 -                train: [    INFO] - valid_acc 70.670003 - best_valid_acc 71.920003
2024-11-17 17:47:40,079 -                train: [    INFO] - Train: 339 [   0/520]  Loss: 1.523 (1.52)  Acc@1: 69.7917 (69.7917)  Acc@5: 89.5833 (89.5833)LR: 9.965e-03
2024-11-17 17:47:56,755 -                train: [    INFO] - Train: 339 [ 200/520]  Loss: 1.648 (1.52)  Acc@1: 62.5000 (68.3872)  Acc@5: 88.5417 (91.7600)LR: 9.965e-03
2024-11-17 17:48:13,071 -                train: [    INFO] - Train: 339 [ 400/520]  Loss: 1.418 (1.51)  Acc@1: 68.7500 (68.4721)  Acc@5: 89.5833 (91.8771)LR: 9.965e-03
2024-11-17 17:48:22,587 -                train: [    INFO] - Train: 339 [ 520/520]  Loss: 1.457 (1.52)  Acc@1: 75.0000 (68.2800)  Acc@5: 92.5000 (91.7780)LR: 9.965e-03
2024-11-17 17:48:23,065 -                train: [    INFO] - Valid: 339 [   0/104]  Loss: 0.9335 (0.933)  Acc@1: 71.8750 (71.8750)  Acc@5: 91.6667 (91.6667)
2024-11-17 17:48:24,676 -                train: [    INFO] - Valid: 339 [ 104/104]  Loss: 1.039 (1.01)  Acc@1: 75.0000 (72.0700)  Acc@5: 81.2500 (93.4400)
2024-11-17 17:48:24,791 -                train: [    INFO] - valid_acc 72.070003 - best_valid_acc 72.070003
2024-11-17 17:48:25,513 -                train: [    INFO] - Train: 340 [   0/520]  Loss: 1.391 (1.39)  Acc@1: 70.8333 (70.8333)  Acc@5: 93.7500 (93.7500)LR: 9.901e-03
2024-11-17 17:48:42,111 -                train: [    INFO] - Train: 340 [ 200/520]  Loss: 1.807 (1.51)  Acc@1: 64.5833 (68.4494)  Acc@5: 88.5417 (91.7651)LR: 9.901e-03
2024-11-17 17:48:58,666 -                train: [    INFO] - Train: 340 [ 400/520]  Loss: 1.309 (1.51)  Acc@1: 70.8333 (68.2253)  Acc@5: 93.7500 (91.7810)LR: 9.901e-03
2024-11-17 17:49:08,688 -                train: [    INFO] - Train: 340 [ 520/520]  Loss: 1.372 (1.52)  Acc@1: 71.2500 (68.0800)  Acc@5: 87.5000 (91.6680)LR: 9.901e-03
2024-11-17 17:49:09,185 -                train: [    INFO] - Valid: 340 [   0/104]  Loss: 0.9994 (0.999)  Acc@1: 70.8333 (70.8333)  Acc@5: 92.7083 (92.7083)
2024-11-17 17:49:10,782 -                train: [    INFO] - Valid: 340 [ 104/104]  Loss: 1.183 (1.01)  Acc@1: 75.0000 (71.8800)  Acc@5: 93.7500 (93.1100)
2024-11-17 17:49:10,839 -                train: [    INFO] - valid_acc 71.880002 - best_valid_acc 72.070003
2024-11-17 17:49:11,349 -                train: [    INFO] - Train: 341 [   0/520]  Loss: 1.509 (1.51)  Acc@1: 71.8750 (71.8750)  Acc@5: 91.6667 (91.6667)LR: 9.837e-03
2024-11-17 17:49:27,950 -                train: [    INFO] - Train: 341 [ 200/520]  Loss: 1.446 (1.51)  Acc@1: 62.5000 (68.6774)  Acc@5: 95.8333 (91.8273)LR: 9.837e-03
2024-11-17 17:49:44,859 -                train: [    INFO] - Train: 341 [ 400/520]  Loss: 1.359 (1.52)  Acc@1: 71.8750 (68.0824)  Acc@5: 92.7083 (91.7706)LR: 9.837e-03
2024-11-17 17:49:54,574 -                train: [    INFO] - Train: 341 [ 520/520]  Loss: 1.232 (1.52)  Acc@1: 68.7500 (68.1700)  Acc@5: 93.7500 (91.7240)LR: 9.837e-03
2024-11-17 17:49:55,264 -                train: [    INFO] - Valid: 341 [   0/104]  Loss: 1.022 (1.02)  Acc@1: 75.0000 (75.0000)  Acc@5: 89.5833 (89.5833)
2024-11-17 17:49:56,998 -                train: [    INFO] - Valid: 341 [ 104/104]  Loss: 1.127 (1.03)  Acc@1: 68.7500 (71.4400)  Acc@5: 87.5000 (93.0900)
2024-11-17 17:49:57,060 -                train: [    INFO] - valid_acc 71.440002 - best_valid_acc 72.070003
2024-11-17 17:49:57,773 -                train: [    INFO] - Train: 342 [   0/520]  Loss: 1.183 (1.18)  Acc@1: 70.8333 (70.8333)  Acc@5: 95.8333 (95.8333)LR: 9.773e-03
2024-11-17 17:50:14,462 -                train: [    INFO] - Train: 342 [ 200/520]  Loss: 1.450 (1.47)  Acc@1: 72.9167 (69.1542)  Acc@5: 92.7083 (92.1694)LR: 9.773e-03
2024-11-17 17:50:31,053 -                train: [    INFO] - Train: 342 [ 400/520]  Loss: 1.232 (1.51)  Acc@1: 78.1250 (68.5266)  Acc@5: 95.8333 (91.7498)LR: 9.773e-03
2024-11-17 17:50:40,862 -                train: [    INFO] - Train: 342 [ 520/520]  Loss: 1.501 (1.51)  Acc@1: 68.7500 (68.3240)  Acc@5: 90.0000 (91.7040)LR: 9.773e-03
2024-11-17 17:50:41,554 -                train: [    INFO] - Valid: 342 [   0/104]  Loss: 1.046 (1.05)  Acc@1: 72.9167 (72.9167)  Acc@5: 94.7917 (94.7917)
2024-11-17 17:50:43,181 -                train: [    INFO] - Valid: 342 [ 104/104]  Loss: 0.7635 (1.06)  Acc@1: 75.0000 (70.5300)  Acc@5: 87.5000 (93.2000)
2024-11-17 17:50:43,245 -                train: [    INFO] - valid_acc 70.530002 - best_valid_acc 72.070003
2024-11-17 17:50:43,943 -                train: [    INFO] - Train: 343 [   0/520]  Loss: 1.418 (1.42)  Acc@1: 69.7917 (69.7917)  Acc@5: 91.6667 (91.6667)LR: 9.709e-03
2024-11-17 17:51:00,676 -                train: [    INFO] - Train: 343 [ 200/520]  Loss: 1.432 (1.50)  Acc@1: 70.8333 (68.6671)  Acc@5: 87.5000 (92.0294)LR: 9.709e-03
2024-11-17 17:51:17,263 -                train: [    INFO] - Train: 343 [ 400/520]  Loss: 1.612 (1.52)  Acc@1: 64.5833 (68.4253)  Acc@5: 89.5833 (91.7524)LR: 9.709e-03
2024-11-17 17:51:26,838 -                train: [    INFO] - Train: 343 [ 520/520]  Loss: 1.738 (1.52)  Acc@1: 62.5000 (68.3260)  Acc@5: 90.0000 (91.7440)LR: 9.709e-03
2024-11-17 17:51:27,468 -                train: [    INFO] - Valid: 343 [   0/104]  Loss: 0.8313 (0.831)  Acc@1: 75.0000 (75.0000)  Acc@5: 96.8750 (96.8750)
2024-11-17 17:51:29,152 -                train: [    INFO] - Valid: 343 [ 104/104]  Loss: 1.042 (0.965)  Acc@1: 75.0000 (72.4100)  Acc@5: 93.7500 (93.6700)
2024-11-17 17:51:29,274 -                train: [    INFO] - valid_acc 72.410002 - best_valid_acc 72.410002
2024-11-17 17:51:29,970 -                train: [    INFO] - Train: 344 [   0/520]  Loss: 1.412 (1.41)  Acc@1: 68.7500 (68.7500)  Acc@5: 91.6667 (91.6667)LR: 9.646e-03
2024-11-17 17:51:46,638 -                train: [    INFO] - Train: 344 [ 200/520]  Loss: 1.554 (1.48)  Acc@1: 65.6250 (69.3771)  Acc@5: 94.7917 (91.9828)LR: 9.646e-03
2024-11-17 17:52:03,389 -                train: [    INFO] - Train: 344 [ 400/520]  Loss: 1.425 (1.50)  Acc@1: 68.7500 (68.8591)  Acc@5: 89.5833 (91.8979)LR: 9.646e-03
2024-11-17 17:52:13,223 -                train: [    INFO] - Train: 344 [ 520/520]  Loss: 1.345 (1.51)  Acc@1: 77.5000 (68.7840)  Acc@5: 92.5000 (91.7500)LR: 9.646e-03
2024-11-17 17:52:13,939 -                train: [    INFO] - Valid: 344 [   0/104]  Loss: 0.9461 (0.946)  Acc@1: 76.0417 (76.0417)  Acc@5: 92.7083 (92.7083)
2024-11-17 17:52:15,745 -                train: [    INFO] - Valid: 344 [ 104/104]  Loss: 0.8655 (1.02)  Acc@1: 68.7500 (71.2600)  Acc@5: 93.7500 (93.2900)
2024-11-17 17:52:15,811 -                train: [    INFO] - valid_acc 71.260002 - best_valid_acc 72.410002
2024-11-17 17:52:16,550 -                train: [    INFO] - Train: 345 [   0/520]  Loss: 1.522 (1.52)  Acc@1: 72.9167 (72.9167)  Acc@5: 93.7500 (93.7500)LR: 9.582e-03
2024-11-17 17:52:33,300 -                train: [    INFO] - Train: 345 [ 200/520]  Loss: 1.740 (1.49)  Acc@1: 64.5833 (68.8381)  Acc@5: 87.5000 (92.1435)LR: 9.582e-03
2024-11-17 17:52:50,104 -                train: [    INFO] - Train: 345 [ 400/520]  Loss: 1.406 (1.52)  Acc@1: 68.7500 (68.2461)  Acc@5: 90.6250 (91.8589)LR: 9.582e-03
2024-11-17 17:52:59,857 -                train: [    INFO] - Train: 345 [ 520/520]  Loss: 1.443 (1.52)  Acc@1: 72.5000 (68.1880)  Acc@5: 95.0000 (91.8360)LR: 9.582e-03
2024-11-17 17:53:00,555 -                train: [    INFO] - Valid: 345 [   0/104]  Loss: 0.9514 (0.951)  Acc@1: 75.0000 (75.0000)  Acc@5: 92.7083 (92.7083)
2024-11-17 17:53:02,247 -                train: [    INFO] - Valid: 345 [ 104/104]  Loss: 1.083 (1.08)  Acc@1: 75.0000 (69.7100)  Acc@5: 87.5000 (92.2400)
2024-11-17 17:53:02,308 -                train: [    INFO] - valid_acc 69.710002 - best_valid_acc 72.410002
2024-11-17 17:53:03,024 -                train: [    INFO] - Train: 346 [   0/520]  Loss: 1.343 (1.34)  Acc@1: 67.7083 (67.7083)  Acc@5: 94.7917 (94.7917)LR: 9.518e-03
2024-11-17 17:53:19,529 -                train: [    INFO] - Train: 346 [ 200/520]  Loss: 1.494 (1.49)  Acc@1: 68.7500 (68.8847)  Acc@5: 91.6667 (91.8740)LR: 9.518e-03
2024-11-17 17:53:36,193 -                train: [    INFO] - Train: 346 [ 400/520]  Loss: 1.462 (1.50)  Acc@1: 76.0417 (68.6825)  Acc@5: 92.7083 (91.8485)LR: 9.518e-03
2024-11-17 17:53:45,657 -                train: [    INFO] - Train: 346 [ 520/520]  Loss: 1.712 (1.50)  Acc@1: 70.0000 (68.6160)  Acc@5: 88.7500 (91.7900)LR: 9.518e-03
2024-11-17 17:53:46,283 -                train: [    INFO] - Valid: 346 [   0/104]  Loss: 0.9317 (0.932)  Acc@1: 72.9167 (72.9167)  Acc@5: 92.7083 (92.7083)
2024-11-17 17:53:47,943 -                train: [    INFO] - Valid: 346 [ 104/104]  Loss: 0.8432 (1.06)  Acc@1: 81.2500 (70.5400)  Acc@5: 93.7500 (92.3900)
2024-11-17 17:53:48,003 -                train: [    INFO] - valid_acc 70.540002 - best_valid_acc 72.410002
2024-11-17 17:53:48,599 -                train: [    INFO] - Train: 347 [   0/520]  Loss: 1.209 (1.21)  Acc@1: 70.8333 (70.8333)  Acc@5: 95.8333 (95.8333)LR: 9.455e-03
2024-11-17 17:54:04,578 -                train: [    INFO] - Train: 347 [ 200/520]  Loss: 1.412 (1.49)  Acc@1: 71.8750 (69.0869)  Acc@5: 92.7083 (91.7962)LR: 9.455e-03
2024-11-17 17:54:20,964 -                train: [    INFO] - Train: 347 [ 400/520]  Loss: 1.450 (1.50)  Acc@1: 65.6250 (68.8149)  Acc@5: 89.5833 (91.7914)LR: 9.455e-03
2024-11-17 17:54:30,429 -                train: [    INFO] - Train: 347 [ 520/520]  Loss: 1.592 (1.51)  Acc@1: 72.5000 (68.4820)  Acc@5: 91.2500 (91.6320)LR: 9.455e-03
2024-11-17 17:54:31,075 -                train: [    INFO] - Valid: 347 [   0/104]  Loss: 0.9661 (0.966)  Acc@1: 72.9167 (72.9167)  Acc@5: 93.7500 (93.7500)
2024-11-17 17:54:32,832 -                train: [    INFO] - Valid: 347 [ 104/104]  Loss: 0.9677 (1.02)  Acc@1: 75.0000 (71.5200)  Acc@5: 87.5000 (93.1400)
2024-11-17 17:54:32,893 -                train: [    INFO] - valid_acc 71.520003 - best_valid_acc 72.410002
2024-11-17 17:54:33,562 -                train: [    INFO] - Train: 348 [   0/520]  Loss: 1.686 (1.69)  Acc@1: 65.6250 (65.6250)  Acc@5: 87.5000 (87.5000)LR: 9.391e-03
2024-11-17 17:54:49,974 -                train: [    INFO] - Train: 348 [ 200/520]  Loss: 1.533 (1.51)  Acc@1: 66.6667 (68.9728)  Acc@5: 90.6250 (91.7910)LR: 9.391e-03
2024-11-17 17:55:06,600 -                train: [    INFO] - Train: 348 [ 400/520]  Loss: 1.831 (1.52)  Acc@1: 64.5833 (68.6331)  Acc@5: 89.5833 (91.5134)LR: 9.391e-03
2024-11-17 17:55:16,283 -                train: [    INFO] - Train: 348 [ 520/520]  Loss: 1.917 (1.53)  Acc@1: 57.5000 (68.4040)  Acc@5: 88.7500 (91.5100)LR: 9.391e-03
2024-11-17 17:55:16,903 -                train: [    INFO] - Valid: 348 [   0/104]  Loss: 0.8659 (0.866)  Acc@1: 72.9167 (72.9167)  Acc@5: 93.7500 (93.7500)
2024-11-17 17:55:18,583 -                train: [    INFO] - Valid: 348 [ 104/104]  Loss: 1.146 (1.02)  Acc@1: 75.0000 (71.5900)  Acc@5: 81.2500 (93.1300)
2024-11-17 17:55:18,644 -                train: [    INFO] - valid_acc 71.590003 - best_valid_acc 72.410002
2024-11-17 17:55:19,226 -                train: [    INFO] - Train: 349 [   0/520]  Loss: 1.386 (1.39)  Acc@1: 70.8333 (70.8333)  Acc@5: 92.7083 (92.7083)LR: 9.328e-03
2024-11-17 17:55:35,751 -                train: [    INFO] - Train: 349 [ 200/520]  Loss: 1.654 (1.50)  Acc@1: 70.8333 (68.6360)  Acc@5: 86.4583 (91.8947)LR: 9.328e-03
2024-11-17 17:55:52,041 -                train: [    INFO] - Train: 349 [ 400/520]  Loss: 1.505 (1.51)  Acc@1: 68.7500 (68.5396)  Acc@5: 94.7917 (91.7992)LR: 9.328e-03
2024-11-17 17:56:01,612 -                train: [    INFO] - Train: 349 [ 520/520]  Loss: 1.230 (1.51)  Acc@1: 72.5000 (68.4080)  Acc@5: 95.0000 (91.6840)LR: 9.328e-03
2024-11-17 17:56:02,272 -                train: [    INFO] - Valid: 349 [   0/104]  Loss: 0.9195 (0.919)  Acc@1: 72.9167 (72.9167)  Acc@5: 91.6667 (91.6667)
2024-11-17 17:56:04,020 -                train: [    INFO] - Valid: 349 [ 104/104]  Loss: 1.125 (0.990)  Acc@1: 75.0000 (72.5500)  Acc@5: 81.2500 (93.0900)
2024-11-17 17:56:04,142 -                train: [    INFO] - valid_acc 72.550003 - best_valid_acc 72.550003
2024-11-17 17:56:04,855 -                train: [    INFO] - Train: 350 [   0/520]  Loss: 1.251 (1.25)  Acc@1: 67.7083 (67.7083)  Acc@5: 92.7083 (92.7083)LR: 9.265e-03
2024-11-17 17:56:21,735 -                train: [    INFO] - Train: 350 [ 200/520]  Loss: 1.599 (1.48)  Acc@1: 70.8333 (68.7966)  Acc@5: 90.6250 (91.9102)LR: 9.265e-03
2024-11-17 17:56:38,495 -                train: [    INFO] - Train: 350 [ 400/520]  Loss: 1.375 (1.50)  Acc@1: 73.9583 (68.5967)  Acc@5: 91.6667 (91.8303)LR: 9.265e-03
2024-11-17 17:56:48,108 -                train: [    INFO] - Train: 350 [ 520/520]  Loss: 1.115 (1.50)  Acc@1: 77.5000 (68.7340)  Acc@5: 96.2500 (91.8700)LR: 9.265e-03
2024-11-17 17:56:48,716 -                train: [    INFO] - Valid: 350 [   0/104]  Loss: 0.9305 (0.930)  Acc@1: 73.9583 (73.9583)  Acc@5: 91.6667 (91.6667)
2024-11-17 17:56:50,331 -                train: [    INFO] - Valid: 350 [ 104/104]  Loss: 0.8862 (0.986)  Acc@1: 75.0000 (72.3100)  Acc@5: 93.7500 (93.4600)
2024-11-17 17:56:50,402 -                train: [    INFO] - valid_acc 72.310002 - best_valid_acc 72.550003
2024-11-17 17:56:51,078 -                train: [    INFO] - Train: 351 [   0/520]  Loss: 1.275 (1.27)  Acc@1: 70.8333 (70.8333)  Acc@5: 93.7500 (93.7500)LR: 9.202e-03
2024-11-17 17:57:07,418 -                train: [    INFO] - Train: 351 [ 200/520]  Loss: 1.287 (1.47)  Acc@1: 72.9167 (69.7450)  Acc@5: 97.9167 (92.0813)LR: 9.202e-03
2024-11-17 17:57:24,005 -                train: [    INFO] - Train: 351 [ 400/520]  Loss: 1.242 (1.49)  Acc@1: 72.9167 (69.1942)  Acc@5: 93.7500 (91.9550)LR: 9.202e-03
2024-11-17 17:57:33,522 -                train: [    INFO] - Train: 351 [ 520/520]  Loss: 1.139 (1.50)  Acc@1: 76.2500 (69.0760)  Acc@5: 96.2500 (91.8520)LR: 9.202e-03
2024-11-17 17:57:34,181 -                train: [    INFO] - Valid: 351 [   0/104]  Loss: 0.9468 (0.947)  Acc@1: 76.0417 (76.0417)  Acc@5: 93.7500 (93.7500)
2024-11-17 17:57:35,838 -                train: [    INFO] - Valid: 351 [ 104/104]  Loss: 1.099 (1.00)  Acc@1: 75.0000 (71.9100)  Acc@5: 87.5000 (93.3000)
2024-11-17 17:57:35,896 -                train: [    INFO] - valid_acc 71.910002 - best_valid_acc 72.550003
2024-11-17 17:57:36,582 -                train: [    INFO] - Train: 352 [   0/520]  Loss: 1.183 (1.18)  Acc@1: 71.8750 (71.8750)  Acc@5: 95.8333 (95.8333)LR: 9.139e-03
2024-11-17 17:57:53,289 -                train: [    INFO] - Train: 352 [ 200/520]  Loss: 1.433 (1.47)  Acc@1: 63.5417 (69.0661)  Acc@5: 90.6250 (92.1227)LR: 9.139e-03
2024-11-17 17:58:10,037 -                train: [    INFO] - Train: 352 [ 400/520]  Loss: 1.798 (1.50)  Acc@1: 63.5417 (68.6331)  Acc@5: 85.4167 (91.8901)LR: 9.139e-03
2024-11-17 17:58:19,584 -                train: [    INFO] - Train: 352 [ 520/520]  Loss: 1.406 (1.50)  Acc@1: 66.2500 (68.7020)  Acc@5: 92.5000 (91.8620)LR: 9.139e-03
2024-11-17 17:58:20,243 -                train: [    INFO] - Valid: 352 [   0/104]  Loss: 1.012 (1.01)  Acc@1: 72.9167 (72.9167)  Acc@5: 91.6667 (91.6667)
2024-11-17 17:58:22,082 -                train: [    INFO] - Valid: 352 [ 104/104]  Loss: 0.9755 (1.02)  Acc@1: 75.0000 (71.3600)  Acc@5: 87.5000 (92.9400)
2024-11-17 17:58:22,142 -                train: [    INFO] - valid_acc 71.360002 - best_valid_acc 72.550003
2024-11-17 17:58:22,797 -                train: [    INFO] - Train: 353 [   0/520]  Loss: 1.234 (1.23)  Acc@1: 77.0833 (77.0833)  Acc@5: 93.7500 (93.7500)LR: 9.076e-03
2024-11-17 17:58:39,365 -                train: [    INFO] - Train: 353 [ 200/520]  Loss: 1.774 (1.47)  Acc@1: 65.6250 (69.4237)  Acc@5: 85.4167 (92.2160)LR: 9.076e-03
2024-11-17 17:58:56,085 -                train: [    INFO] - Train: 353 [ 400/520]  Loss: 1.383 (1.48)  Acc@1: 71.8750 (69.1578)  Acc@5: 93.7500 (92.1343)LR: 9.076e-03
2024-11-17 17:59:05,593 -                train: [    INFO] - Train: 353 [ 520/520]  Loss: 1.696 (1.49)  Acc@1: 65.0000 (69.0100)  Acc@5: 91.2500 (92.0040)LR: 9.076e-03
2024-11-17 17:59:06,287 -                train: [    INFO] - Valid: 353 [   0/104]  Loss: 1.046 (1.05)  Acc@1: 70.8333 (70.8333)  Acc@5: 93.7500 (93.7500)
2024-11-17 17:59:08,002 -                train: [    INFO] - Valid: 353 [ 104/104]  Loss: 0.7268 (1.06)  Acc@1: 75.0000 (70.3200)  Acc@5: 93.7500 (92.8400)
2024-11-17 17:59:08,063 -                train: [    INFO] - valid_acc 70.320002 - best_valid_acc 72.550003
2024-11-17 17:59:08,759 -                train: [    INFO] - Train: 354 [   0/520]  Loss: 1.334 (1.33)  Acc@1: 75.0000 (75.0000)  Acc@5: 94.7917 (94.7917)LR: 9.013e-03
2024-11-17 17:59:25,545 -                train: [    INFO] - Train: 354 [ 200/520]  Loss: 1.278 (1.48)  Acc@1: 72.9167 (69.6206)  Acc@5: 91.6667 (92.0554)LR: 9.013e-03
2024-11-17 17:59:42,075 -                train: [    INFO] - Train: 354 [ 400/520]  Loss: 1.433 (1.49)  Acc@1: 67.7083 (69.0929)  Acc@5: 95.8333 (91.9914)LR: 9.013e-03
2024-11-17 17:59:51,658 -                train: [    INFO] - Train: 354 [ 520/520]  Loss: 1.560 (1.51)  Acc@1: 63.7500 (68.6160)  Acc@5: 96.2500 (91.9360)LR: 9.013e-03
2024-11-17 17:59:52,327 -                train: [    INFO] - Valid: 354 [   0/104]  Loss: 0.7878 (0.788)  Acc@1: 76.0417 (76.0417)  Acc@5: 94.7917 (94.7917)
2024-11-17 17:59:54,216 -                train: [    INFO] - Valid: 354 [ 104/104]  Loss: 0.8769 (0.999)  Acc@1: 75.0000 (71.8700)  Acc@5: 87.5000 (93.2600)
2024-11-17 17:59:54,275 -                train: [    INFO] - valid_acc 71.870002 - best_valid_acc 72.550003
2024-11-17 17:59:54,959 -                train: [    INFO] - Train: 355 [   0/520]  Loss: 1.366 (1.37)  Acc@1: 71.8750 (71.8750)  Acc@5: 91.6667 (91.6667)LR: 8.950e-03
2024-11-17 18:00:11,294 -                train: [    INFO] - Train: 355 [ 200/520]  Loss: 1.324 (1.48)  Acc@1: 73.9583 (68.9936)  Acc@5: 92.7083 (92.0398)LR: 8.950e-03
2024-11-17 18:00:27,671 -                train: [    INFO] - Train: 355 [ 400/520]  Loss: 1.322 (1.49)  Acc@1: 66.6667 (68.8747)  Acc@5: 92.7083 (91.9784)LR: 8.950e-03
2024-11-17 18:00:37,328 -                train: [    INFO] - Train: 355 [ 520/520]  Loss: 1.375 (1.50)  Acc@1: 63.7500 (68.6400)  Acc@5: 97.5000 (91.9200)LR: 8.950e-03
2024-11-17 18:00:37,991 -                train: [    INFO] - Valid: 355 [   0/104]  Loss: 0.8763 (0.876)  Acc@1: 75.0000 (75.0000)  Acc@5: 93.7500 (93.7500)
2024-11-17 18:00:39,896 -                train: [    INFO] - Valid: 355 [ 104/104]  Loss: 1.215 (0.981)  Acc@1: 75.0000 (72.3200)  Acc@5: 81.2500 (93.5900)
2024-11-17 18:00:39,958 -                train: [    INFO] - valid_acc 72.320003 - best_valid_acc 72.550003
2024-11-17 18:00:40,616 -                train: [    INFO] - Train: 356 [   0/520]  Loss: 1.511 (1.51)  Acc@1: 70.8333 (70.8333)  Acc@5: 91.6667 (91.6667)LR: 8.887e-03
2024-11-17 18:00:57,201 -                train: [    INFO] - Train: 356 [ 200/520]  Loss: 1.759 (1.49)  Acc@1: 67.7083 (68.8277)  Acc@5: 86.4583 (92.1797)LR: 8.887e-03
2024-11-17 18:01:13,955 -                train: [    INFO] - Train: 356 [ 400/520]  Loss: 1.515 (1.50)  Acc@1: 69.7917 (68.8123)  Acc@5: 89.5833 (91.9680)LR: 8.887e-03
2024-11-17 18:01:23,995 -                train: [    INFO] - Train: 356 [ 520/520]  Loss: 1.371 (1.50)  Acc@1: 67.5000 (68.7200)  Acc@5: 92.5000 (91.8640)LR: 8.887e-03
2024-11-17 18:01:24,689 -                train: [    INFO] - Valid: 356 [   0/104]  Loss: 0.8881 (0.888)  Acc@1: 73.9583 (73.9583)  Acc@5: 93.7500 (93.7500)
2024-11-17 18:01:26,499 -                train: [    INFO] - Valid: 356 [ 104/104]  Loss: 1.034 (1.03)  Acc@1: 75.0000 (72.1800)  Acc@5: 81.2500 (93.1500)
2024-11-17 18:01:26,565 -                train: [    INFO] - valid_acc 72.180002 - best_valid_acc 72.550003
2024-11-17 18:01:27,252 -                train: [    INFO] - Train: 357 [   0/520]  Loss: 1.294 (1.29)  Acc@1: 72.9167 (72.9167)  Acc@5: 92.7083 (92.7083)LR: 8.824e-03
2024-11-17 18:01:43,881 -                train: [    INFO] - Train: 357 [ 200/520]  Loss: 1.698 (1.51)  Acc@1: 65.6250 (68.4961)  Acc@5: 95.8333 (91.7392)LR: 8.824e-03
2024-11-17 18:02:00,333 -                train: [    INFO] - Train: 357 [ 400/520]  Loss: 1.131 (1.50)  Acc@1: 77.0833 (68.3941)  Acc@5: 95.8333 (91.7836)LR: 8.824e-03
2024-11-17 18:02:09,975 -                train: [    INFO] - Train: 357 [ 520/520]  Loss: 1.424 (1.50)  Acc@1: 70.0000 (68.6600)  Acc@5: 93.7500 (91.8420)LR: 8.824e-03
2024-11-17 18:02:10,653 -                train: [    INFO] - Valid: 357 [   0/104]  Loss: 0.9190 (0.919)  Acc@1: 75.0000 (75.0000)  Acc@5: 91.6667 (91.6667)
2024-11-17 18:02:12,421 -                train: [    INFO] - Valid: 357 [ 104/104]  Loss: 1.181 (1.00)  Acc@1: 75.0000 (71.5700)  Acc@5: 81.2500 (92.9900)
2024-11-17 18:02:12,480 -                train: [    INFO] - valid_acc 71.570002 - best_valid_acc 72.550003
2024-11-17 18:02:13,164 -                train: [    INFO] - Train: 358 [   0/520]  Loss: 1.477 (1.48)  Acc@1: 65.6250 (65.6250)  Acc@5: 91.6667 (91.6667)LR: 8.762e-03
2024-11-17 18:02:29,834 -                train: [    INFO] - Train: 358 [ 200/520]  Loss: 1.570 (1.49)  Acc@1: 66.6667 (68.9107)  Acc@5: 92.7083 (91.6200)LR: 8.762e-03
2024-11-17 18:02:45,852 -                train: [    INFO] - Train: 358 [ 400/520]  Loss: 1.972 (1.50)  Acc@1: 60.4167 (68.6773)  Acc@5: 85.4167 (91.7472)LR: 8.762e-03
2024-11-17 18:02:55,493 -                train: [    INFO] - Train: 358 [ 520/520]  Loss: 1.511 (1.50)  Acc@1: 73.7500 (68.6260)  Acc@5: 92.5000 (91.7440)LR: 8.762e-03
2024-11-17 18:02:56,204 -                train: [    INFO] - Valid: 358 [   0/104]  Loss: 0.7756 (0.776)  Acc@1: 81.2500 (81.2500)  Acc@5: 93.7500 (93.7500)
2024-11-17 18:02:57,874 -                train: [    INFO] - Valid: 358 [ 104/104]  Loss: 0.9367 (0.982)  Acc@1: 75.0000 (72.5400)  Acc@5: 93.7500 (93.4100)
2024-11-17 18:02:57,935 -                train: [    INFO] - valid_acc 72.540002 - best_valid_acc 72.550003
2024-11-17 18:02:58,630 -                train: [    INFO] - Train: 359 [   0/520]  Loss: 1.359 (1.36)  Acc@1: 77.0833 (77.0833)  Acc@5: 92.7083 (92.7083)LR: 8.700e-03
2024-11-17 18:03:15,215 -                train: [    INFO] - Train: 359 [ 200/520]  Loss: 1.293 (1.45)  Acc@1: 71.8750 (69.9057)  Acc@5: 93.7500 (92.2005)LR: 8.700e-03
2024-11-17 18:03:31,891 -                train: [    INFO] - Train: 359 [ 400/520]  Loss: 1.527 (1.47)  Acc@1: 66.6667 (69.3579)  Acc@5: 94.7917 (92.1784)LR: 8.700e-03
2024-11-17 18:03:41,577 -                train: [    INFO] - Train: 359 [ 520/520]  Loss: 1.728 (1.49)  Acc@1: 67.5000 (69.0980)  Acc@5: 86.2500 (91.9660)LR: 8.700e-03
2024-11-17 18:03:42,214 -                train: [    INFO] - Valid: 359 [   0/104]  Loss: 0.7862 (0.786)  Acc@1: 76.0417 (76.0417)  Acc@5: 95.8333 (95.8333)
2024-11-17 18:03:43,972 -                train: [    INFO] - Valid: 359 [ 104/104]  Loss: 0.6606 (0.944)  Acc@1: 87.5000 (73.2700)  Acc@5: 93.7500 (93.7300)
2024-11-17 18:03:44,095 -                train: [    INFO] - valid_acc 73.270002 - best_valid_acc 73.270002
2024-11-17 18:03:44,772 -                train: [    INFO] - Train: 360 [   0/520]  Loss: 1.356 (1.36)  Acc@1: 71.8750 (71.8750)  Acc@5: 93.7500 (93.7500)LR: 8.637e-03
2024-11-17 18:04:01,379 -                train: [    INFO] - Train: 360 [ 200/520]  Loss: 1.245 (1.47)  Acc@1: 70.8333 (69.3356)  Acc@5: 93.7500 (92.2108)LR: 8.637e-03
2024-11-17 18:04:17,688 -                train: [    INFO] - Train: 360 [ 400/520]  Loss: 1.650 (1.47)  Acc@1: 65.6250 (69.1033)  Acc@5: 91.6667 (92.1343)LR: 8.637e-03
2024-11-17 18:04:27,440 -                train: [    INFO] - Train: 360 [ 520/520]  Loss: 1.532 (1.49)  Acc@1: 71.2500 (68.8920)  Acc@5: 91.2500 (92.0280)LR: 8.637e-03
2024-11-17 18:04:28,132 -                train: [    INFO] - Valid: 360 [   0/104]  Loss: 0.8493 (0.849)  Acc@1: 80.2083 (80.2083)  Acc@5: 95.8333 (95.8333)
2024-11-17 18:04:29,913 -                train: [    INFO] - Valid: 360 [ 104/104]  Loss: 0.8970 (0.991)  Acc@1: 75.0000 (71.9100)  Acc@5: 93.7500 (93.6000)
2024-11-17 18:04:29,976 -                train: [    INFO] - valid_acc 71.910002 - best_valid_acc 73.270002
2024-11-17 18:04:30,683 -                train: [    INFO] - Train: 361 [   0/520]  Loss: 1.374 (1.37)  Acc@1: 71.8750 (71.8750)  Acc@5: 92.7083 (92.7083)LR: 8.575e-03
2024-11-17 18:04:47,244 -                train: [    INFO] - Train: 361 [ 200/520]  Loss: 1.502 (1.47)  Acc@1: 70.8333 (69.4600)  Acc@5: 93.7500 (92.1435)LR: 8.575e-03
2024-11-17 18:05:03,673 -                train: [    INFO] - Train: 361 [ 400/520]  Loss: 1.285 (1.48)  Acc@1: 75.0000 (69.2358)  Acc@5: 93.7500 (92.0044)LR: 8.575e-03
2024-11-17 18:05:13,440 -                train: [    INFO] - Train: 361 [ 520/520]  Loss: 1.682 (1.49)  Acc@1: 66.2500 (69.0600)  Acc@5: 90.0000 (91.9180)LR: 8.575e-03
2024-11-17 18:05:14,055 -                train: [    INFO] - Valid: 361 [   0/104]  Loss: 1.013 (1.01)  Acc@1: 79.1667 (79.1667)  Acc@5: 89.5833 (89.5833)
2024-11-17 18:05:15,799 -                train: [    INFO] - Valid: 361 [ 104/104]  Loss: 0.9203 (0.985)  Acc@1: 81.2500 (72.0000)  Acc@5: 87.5000 (93.5200)
2024-11-17 18:05:15,859 -                train: [    INFO] - valid_acc 72.000002 - best_valid_acc 73.270002
2024-11-17 18:05:16,549 -                train: [    INFO] - Train: 362 [   0/520]  Loss: 1.346 (1.35)  Acc@1: 66.6667 (66.6667)  Acc@5: 94.7917 (94.7917)LR: 8.513e-03
2024-11-17 18:05:33,025 -                train: [    INFO] - Train: 362 [ 200/520]  Loss: 1.487 (1.47)  Acc@1: 72.9167 (69.0972)  Acc@5: 93.7500 (92.0243)LR: 8.513e-03
2024-11-17 18:05:49,269 -                train: [    INFO] - Train: 362 [ 400/520]  Loss: 1.438 (1.48)  Acc@1: 68.7500 (69.0254)  Acc@5: 91.6667 (92.1368)LR: 8.513e-03
2024-11-17 18:05:58,959 -                train: [    INFO] - Train: 362 [ 520/520]  Loss: 1.540 (1.48)  Acc@1: 67.5000 (68.9780)  Acc@5: 91.2500 (92.0620)LR: 8.513e-03
2024-11-17 18:05:59,662 -                train: [    INFO] - Valid: 362 [   0/104]  Loss: 0.9898 (0.990)  Acc@1: 73.9583 (73.9583)  Acc@5: 91.6667 (91.6667)
2024-11-17 18:06:01,389 -                train: [    INFO] - Valid: 362 [ 104/104]  Loss: 0.7296 (0.995)  Acc@1: 81.2500 (72.0400)  Acc@5: 93.7500 (93.2200)
2024-11-17 18:06:01,449 -                train: [    INFO] - valid_acc 72.040003 - best_valid_acc 73.270002
2024-11-17 18:06:02,150 -                train: [    INFO] - Train: 363 [   0/520]  Loss: 1.135 (1.13)  Acc@1: 76.0417 (76.0417)  Acc@5: 96.8750 (96.8750)LR: 8.451e-03
2024-11-17 18:06:18,762 -                train: [    INFO] - Train: 363 [ 200/520]  Loss: 1.340 (1.48)  Acc@1: 78.1250 (68.8381)  Acc@5: 94.7917 (92.1227)LR: 8.451e-03
2024-11-17 18:06:35,206 -                train: [    INFO] - Train: 363 [ 400/520]  Loss: 1.685 (1.49)  Acc@1: 67.7083 (68.8072)  Acc@5: 88.5417 (91.9706)LR: 8.451e-03
2024-11-17 18:06:45,013 -                train: [    INFO] - Train: 363 [ 520/520]  Loss: 1.445 (1.48)  Acc@1: 68.7500 (68.8960)  Acc@5: 90.0000 (92.0040)LR: 8.451e-03
2024-11-17 18:06:45,695 -                train: [    INFO] - Valid: 363 [   0/104]  Loss: 0.8215 (0.822)  Acc@1: 77.0833 (77.0833)  Acc@5: 94.7917 (94.7917)
2024-11-17 18:06:47,414 -                train: [    INFO] - Valid: 363 [ 104/104]  Loss: 0.9403 (0.980)  Acc@1: 81.2500 (72.3300)  Acc@5: 93.7500 (93.6800)
2024-11-17 18:06:47,474 -                train: [    INFO] - valid_acc 72.330003 - best_valid_acc 73.270002
2024-11-17 18:06:48,138 -                train: [    INFO] - Train: 364 [   0/520]  Loss: 1.685 (1.68)  Acc@1: 64.5833 (64.5833)  Acc@5: 89.5833 (89.5833)LR: 8.389e-03
2024-11-17 18:07:04,701 -                train: [    INFO] - Train: 364 [ 200/520]  Loss: 1.411 (1.47)  Acc@1: 69.7917 (69.5636)  Acc@5: 94.7917 (91.8170)LR: 8.389e-03
2024-11-17 18:07:20,844 -                train: [    INFO] - Train: 364 [ 400/520]  Loss: 1.509 (1.48)  Acc@1: 66.6667 (69.3293)  Acc@5: 92.7083 (92.0174)LR: 8.389e-03
2024-11-17 18:07:30,502 -                train: [    INFO] - Train: 364 [ 520/520]  Loss: 1.465 (1.49)  Acc@1: 71.2500 (69.1160)  Acc@5: 92.5000 (91.9540)LR: 8.389e-03
2024-11-17 18:07:31,155 -                train: [    INFO] - Valid: 364 [   0/104]  Loss: 0.8174 (0.817)  Acc@1: 73.9583 (73.9583)  Acc@5: 97.9167 (97.9167)
2024-11-17 18:07:33,023 -                train: [    INFO] - Valid: 364 [ 104/104]  Loss: 0.9954 (0.962)  Acc@1: 75.0000 (72.7500)  Acc@5: 81.2500 (93.8300)
2024-11-17 18:07:33,089 -                train: [    INFO] - valid_acc 72.750002 - best_valid_acc 73.270002
2024-11-17 18:07:33,790 -                train: [    INFO] - Train: 365 [   0/520]  Loss: 1.676 (1.68)  Acc@1: 61.4583 (61.4583)  Acc@5: 91.6667 (91.6667)LR: 8.327e-03
2024-11-17 18:07:50,448 -                train: [    INFO] - Train: 365 [ 200/520]  Loss: 1.517 (1.47)  Acc@1: 62.5000 (69.2320)  Acc@5: 90.6250 (91.8999)LR: 8.327e-03
2024-11-17 18:08:06,706 -                train: [    INFO] - Train: 365 [ 400/520]  Loss: 1.148 (1.47)  Acc@1: 70.8333 (69.4124)  Acc@5: 95.8333 (92.0953)LR: 8.327e-03
2024-11-17 18:08:16,286 -                train: [    INFO] - Train: 365 [ 520/520]  Loss: 1.562 (1.47)  Acc@1: 61.2500 (69.2900)  Acc@5: 95.0000 (92.1300)LR: 8.327e-03
2024-11-17 18:08:16,952 -                train: [    INFO] - Valid: 365 [   0/104]  Loss: 0.8652 (0.865)  Acc@1: 76.0417 (76.0417)  Acc@5: 94.7917 (94.7917)
2024-11-17 18:08:18,732 -                train: [    INFO] - Valid: 365 [ 104/104]  Loss: 1.096 (0.952)  Acc@1: 75.0000 (73.0600)  Acc@5: 87.5000 (93.7400)
2024-11-17 18:08:18,793 -                train: [    INFO] - valid_acc 73.060002 - best_valid_acc 73.270002
2024-11-17 18:08:19,465 -                train: [    INFO] - Train: 366 [   0/520]  Loss: 1.357 (1.36)  Acc@1: 69.7917 (69.7917)  Acc@5: 95.8333 (95.8333)LR: 8.266e-03
2024-11-17 18:08:36,267 -                train: [    INFO] - Train: 366 [ 200/520]  Loss: 1.678 (1.46)  Acc@1: 63.5417 (69.6517)  Acc@5: 91.6667 (92.1227)LR: 8.266e-03
2024-11-17 18:08:52,797 -                train: [    INFO] - Train: 366 [ 400/520]  Loss: 1.457 (1.47)  Acc@1: 69.7917 (69.2565)  Acc@5: 95.8333 (92.1161)LR: 8.266e-03
2024-11-17 18:09:02,461 -                train: [    INFO] - Train: 366 [ 520/520]  Loss: 1.337 (1.47)  Acc@1: 66.2500 (69.2700)  Acc@5: 92.5000 (92.0920)LR: 8.266e-03
2024-11-17 18:09:03,131 -                train: [    INFO] - Valid: 366 [   0/104]  Loss: 0.9258 (0.926)  Acc@1: 77.0833 (77.0833)  Acc@5: 92.7083 (92.7083)
2024-11-17 18:09:04,865 -                train: [    INFO] - Valid: 366 [ 104/104]  Loss: 1.096 (0.996)  Acc@1: 75.0000 (72.2000)  Acc@5: 87.5000 (93.4400)
2024-11-17 18:09:04,925 -                train: [    INFO] - valid_acc 72.200002 - best_valid_acc 73.270002
2024-11-17 18:09:05,611 -                train: [    INFO] - Train: 367 [   0/520]  Loss: 1.898 (1.90)  Acc@1: 67.7083 (67.7083)  Acc@5: 90.6250 (90.6250)LR: 8.204e-03
2024-11-17 18:09:22,205 -                train: [    INFO] - Train: 367 [ 200/520]  Loss: 1.415 (1.46)  Acc@1: 71.8750 (69.6621)  Acc@5: 92.7083 (92.1279)LR: 8.204e-03
2024-11-17 18:09:38,793 -                train: [    INFO] - Train: 367 [ 400/520]  Loss: 1.563 (1.47)  Acc@1: 66.6667 (69.4332)  Acc@5: 91.6667 (92.1368)LR: 8.204e-03
2024-11-17 18:09:48,622 -                train: [    INFO] - Train: 367 [ 520/520]  Loss: 1.235 (1.47)  Acc@1: 78.7500 (69.2760)  Acc@5: 95.0000 (92.0840)LR: 8.204e-03
2024-11-17 18:09:49,286 -                train: [    INFO] - Valid: 367 [   0/104]  Loss: 0.9772 (0.977)  Acc@1: 75.0000 (75.0000)  Acc@5: 95.8333 (95.8333)
2024-11-17 18:09:51,121 -                train: [    INFO] - Valid: 367 [ 104/104]  Loss: 1.071 (0.952)  Acc@1: 75.0000 (73.4600)  Acc@5: 87.5000 (93.6900)
2024-11-17 18:09:51,245 -                train: [    INFO] - valid_acc 73.460003 - best_valid_acc 73.460003
2024-11-17 18:09:51,957 -                train: [    INFO] - Train: 368 [   0/520]  Loss: 1.354 (1.35)  Acc@1: 71.8750 (71.8750)  Acc@5: 92.7083 (92.7083)LR: 8.143e-03
2024-11-17 18:10:08,383 -                train: [    INFO] - Train: 368 [ 200/520]  Loss: 1.579 (1.43)  Acc@1: 72.9167 (70.1493)  Acc@5: 91.6667 (92.6980)LR: 8.143e-03
2024-11-17 18:10:24,492 -                train: [    INFO] - Train: 368 [ 400/520]  Loss: 1.692 (1.47)  Acc@1: 65.6250 (69.4384)  Acc@5: 86.4583 (92.2434)LR: 8.143e-03
2024-11-17 18:10:34,233 -                train: [    INFO] - Train: 368 [ 520/520]  Loss: 1.454 (1.47)  Acc@1: 70.0000 (69.1560)  Acc@5: 92.5000 (92.1500)LR: 8.143e-03
2024-11-17 18:10:34,867 -                train: [    INFO] - Valid: 368 [   0/104]  Loss: 0.9100 (0.910)  Acc@1: 72.9167 (72.9167)  Acc@5: 92.7083 (92.7083)
2024-11-17 18:10:36,652 -                train: [    INFO] - Valid: 368 [ 104/104]  Loss: 0.5940 (0.952)  Acc@1: 81.2500 (73.2600)  Acc@5: 93.7500 (93.9600)
2024-11-17 18:10:36,716 -                train: [    INFO] - valid_acc 73.260002 - best_valid_acc 73.460003
2024-11-17 18:10:37,426 -                train: [    INFO] - Train: 369 [   0/520]  Loss: 1.549 (1.55)  Acc@1: 68.7500 (68.7500)  Acc@5: 87.5000 (87.5000)LR: 8.082e-03
2024-11-17 18:10:54,236 -                train: [    INFO] - Train: 369 [ 200/520]  Loss: 1.458 (1.46)  Acc@1: 69.7917 (69.5533)  Acc@5: 90.6250 (92.1072)LR: 8.082e-03
2024-11-17 18:11:10,473 -                train: [    INFO] - Train: 369 [ 400/520]  Loss: 1.335 (1.48)  Acc@1: 79.1667 (69.2591)  Acc@5: 95.8333 (92.0433)LR: 8.082e-03
2024-11-17 18:11:19,816 -                train: [    INFO] - Train: 369 [ 520/520]  Loss: 1.322 (1.47)  Acc@1: 72.5000 (69.3060)  Acc@5: 92.5000 (92.1180)LR: 8.082e-03
2024-11-17 18:11:20,464 -                train: [    INFO] - Valid: 369 [   0/104]  Loss: 0.9004 (0.900)  Acc@1: 72.9167 (72.9167)  Acc@5: 93.7500 (93.7500)
2024-11-17 18:11:22,212 -                train: [    INFO] - Valid: 369 [ 104/104]  Loss: 1.319 (0.973)  Acc@1: 68.7500 (72.8000)  Acc@5: 81.2500 (93.7100)
2024-11-17 18:11:22,273 -                train: [    INFO] - valid_acc 72.800003 - best_valid_acc 73.460003
2024-11-17 18:11:22,995 -                train: [    INFO] - Train: 370 [   0/520]  Loss: 1.491 (1.49)  Acc@1: 65.6250 (65.6250)  Acc@5: 91.6667 (91.6667)LR: 8.020e-03
2024-11-17 18:11:39,438 -                train: [    INFO] - Train: 370 [ 200/520]  Loss: 1.084 (1.42)  Acc@1: 78.1250 (70.0404)  Acc@5: 94.7917 (92.5788)LR: 8.020e-03
2024-11-17 18:11:56,369 -                train: [    INFO] - Train: 370 [ 400/520]  Loss: 1.774 (1.46)  Acc@1: 64.5833 (69.4748)  Acc@5: 91.6667 (92.2589)LR: 8.020e-03
2024-11-17 18:12:05,974 -                train: [    INFO] - Train: 370 [ 520/520]  Loss: 1.679 (1.47)  Acc@1: 65.0000 (69.2520)  Acc@5: 88.7500 (92.1500)LR: 8.020e-03
2024-11-17 18:12:06,654 -                train: [    INFO] - Valid: 370 [   0/104]  Loss: 0.9626 (0.963)  Acc@1: 70.8333 (70.8333)  Acc@5: 91.6667 (91.6667)
2024-11-17 18:12:08,349 -                train: [    INFO] - Valid: 370 [ 104/104]  Loss: 0.8141 (0.975)  Acc@1: 81.2500 (72.5600)  Acc@5: 87.5000 (93.3500)
2024-11-17 18:12:08,412 -                train: [    INFO] - valid_acc 72.560003 - best_valid_acc 73.460003
2024-11-17 18:12:09,112 -                train: [    INFO] - Train: 371 [   0/520]  Loss: 1.224 (1.22)  Acc@1: 75.0000 (75.0000)  Acc@5: 93.7500 (93.7500)LR: 7.959e-03
2024-11-17 18:12:25,718 -                train: [    INFO] - Train: 371 [ 200/520]  Loss: 1.620 (1.45)  Acc@1: 62.5000 (70.1389)  Acc@5: 88.5417 (92.2989)LR: 7.959e-03
2024-11-17 18:12:41,954 -                train: [    INFO] - Train: 371 [ 400/520]  Loss: 1.445 (1.46)  Acc@1: 65.6250 (69.7501)  Acc@5: 92.7083 (92.2408)LR: 7.959e-03
2024-11-17 18:12:51,609 -                train: [    INFO] - Train: 371 [ 520/520]  Loss: 1.233 (1.47)  Acc@1: 77.5000 (69.6080)  Acc@5: 92.5000 (92.1140)LR: 7.959e-03
2024-11-17 18:12:52,262 -                train: [    INFO] - Valid: 371 [   0/104]  Loss: 0.9578 (0.958)  Acc@1: 72.9167 (72.9167)  Acc@5: 92.7083 (92.7083)
2024-11-17 18:12:53,981 -                train: [    INFO] - Valid: 371 [ 104/104]  Loss: 1.083 (0.949)  Acc@1: 75.0000 (72.7800)  Acc@5: 87.5000 (93.5700)
2024-11-17 18:12:54,044 -                train: [    INFO] - valid_acc 72.780002 - best_valid_acc 73.460003
2024-11-17 18:12:54,704 -                train: [    INFO] - Train: 372 [   0/520]  Loss: 1.345 (1.35)  Acc@1: 70.8333 (70.8333)  Acc@5: 93.7500 (93.7500)LR: 7.898e-03
2024-11-17 18:13:11,515 -                train: [    INFO] - Train: 372 [ 200/520]  Loss: 1.402 (1.45)  Acc@1: 71.8750 (69.7450)  Acc@5: 92.7083 (92.4648)LR: 7.898e-03
2024-11-17 18:13:27,956 -                train: [    INFO] - Train: 372 [ 400/520]  Loss: 1.353 (1.46)  Acc@1: 68.7500 (69.4046)  Acc@5: 93.7500 (92.3732)LR: 7.898e-03
2024-11-17 18:13:37,650 -                train: [    INFO] - Train: 372 [ 520/520]  Loss: 1.870 (1.47)  Acc@1: 63.7500 (69.2760)  Acc@5: 88.7500 (92.2600)LR: 7.898e-03
2024-11-17 18:13:38,328 -                train: [    INFO] - Valid: 372 [   0/104]  Loss: 0.8690 (0.869)  Acc@1: 76.0417 (76.0417)  Acc@5: 92.7083 (92.7083)
2024-11-17 18:13:40,080 -                train: [    INFO] - Valid: 372 [ 104/104]  Loss: 0.9880 (1.01)  Acc@1: 75.0000 (72.1800)  Acc@5: 87.5000 (93.3100)
2024-11-17 18:13:40,145 -                train: [    INFO] - valid_acc 72.180003 - best_valid_acc 73.460003
2024-11-17 18:13:40,816 -                train: [    INFO] - Train: 373 [   0/520]  Loss: 1.387 (1.39)  Acc@1: 70.8333 (70.8333)  Acc@5: 95.8333 (95.8333)LR: 7.838e-03
2024-11-17 18:13:57,649 -                train: [    INFO] - Train: 373 [ 200/520]  Loss: 1.664 (1.45)  Acc@1: 72.9167 (69.7917)  Acc@5: 89.5833 (92.2834)LR: 7.838e-03
2024-11-17 18:14:13,925 -                train: [    INFO] - Train: 373 [ 400/520]  Loss: 1.200 (1.45)  Acc@1: 79.1667 (69.6046)  Acc@5: 93.7500 (92.3706)LR: 7.838e-03
2024-11-17 18:14:23,519 -                train: [    INFO] - Train: 373 [ 520/520]  Loss: 1.744 (1.46)  Acc@1: 62.5000 (69.5560)  Acc@5: 91.2500 (92.3000)LR: 7.838e-03
2024-11-17 18:14:24,181 -                train: [    INFO] - Valid: 373 [   0/104]  Loss: 0.8405 (0.840)  Acc@1: 79.1667 (79.1667)  Acc@5: 92.7083 (92.7083)
2024-11-17 18:14:25,896 -                train: [    INFO] - Valid: 373 [ 104/104]  Loss: 1.276 (0.977)  Acc@1: 75.0000 (72.9900)  Acc@5: 81.2500 (93.4900)
2024-11-17 18:14:25,958 -                train: [    INFO] - valid_acc 72.990002 - best_valid_acc 73.460003
2024-11-17 18:14:26,642 -                train: [    INFO] - Train: 374 [   0/520]  Loss: 1.326 (1.33)  Acc@1: 75.0000 (75.0000)  Acc@5: 93.7500 (93.7500)LR: 7.777e-03
2024-11-17 18:14:42,882 -                train: [    INFO] - Train: 374 [ 200/520]  Loss: 1.205 (1.45)  Acc@1: 71.8750 (70.1441)  Acc@5: 96.8750 (92.2471)LR: 7.777e-03
2024-11-17 18:14:59,306 -                train: [    INFO] - Train: 374 [ 400/520]  Loss: 1.256 (1.46)  Acc@1: 75.0000 (69.7111)  Acc@5: 90.6250 (92.1109)LR: 7.777e-03
2024-11-17 18:15:09,171 -                train: [    INFO] - Train: 374 [ 520/520]  Loss: 1.324 (1.47)  Acc@1: 67.5000 (69.5080)  Acc@5: 90.0000 (92.0920)LR: 7.777e-03
2024-11-17 18:15:09,887 -                train: [    INFO] - Valid: 374 [   0/104]  Loss: 0.8528 (0.853)  Acc@1: 78.1250 (78.1250)  Acc@5: 91.6667 (91.6667)
2024-11-17 18:15:11,622 -                train: [    INFO] - Valid: 374 [ 104/104]  Loss: 1.042 (0.950)  Acc@1: 68.7500 (73.9800)  Acc@5: 93.7500 (93.5800)
2024-11-17 18:15:11,751 -                train: [    INFO] - valid_acc 73.980003 - best_valid_acc 73.980003
2024-11-17 18:15:12,477 -                train: [    INFO] - Train: 375 [   0/520]  Loss: 1.605 (1.61)  Acc@1: 67.7083 (67.7083)  Acc@5: 89.5833 (89.5833)LR: 7.716e-03
2024-11-17 18:15:29,041 -                train: [    INFO] - Train: 375 [ 200/520]  Loss: 1.408 (1.43)  Acc@1: 70.8333 (69.9834)  Acc@5: 92.7083 (92.4596)LR: 7.716e-03
2024-11-17 18:15:45,021 -                train: [    INFO] - Train: 375 [ 400/520]  Loss: 1.606 (1.45)  Acc@1: 66.6667 (69.8982)  Acc@5: 88.5417 (92.3706)LR: 7.716e-03
2024-11-17 18:15:54,687 -                train: [    INFO] - Train: 375 [ 520/520]  Loss: 1.952 (1.46)  Acc@1: 61.2500 (69.6740)  Acc@5: 87.5000 (92.2140)LR: 7.716e-03
2024-11-17 18:15:55,327 -                train: [    INFO] - Valid: 375 [   0/104]  Loss: 0.7265 (0.726)  Acc@1: 80.2083 (80.2083)  Acc@5: 92.7083 (92.7083)
2024-11-17 18:15:57,026 -                train: [    INFO] - Valid: 375 [ 104/104]  Loss: 0.7854 (0.930)  Acc@1: 75.0000 (73.6900)  Acc@5: 87.5000 (93.8800)
2024-11-17 18:15:57,088 -                train: [    INFO] - valid_acc 73.690002 - best_valid_acc 73.980003
2024-11-17 18:15:57,774 -                train: [    INFO] - Train: 376 [   0/520]  Loss: 1.287 (1.29)  Acc@1: 65.6250 (65.6250)  Acc@5: 92.7083 (92.7083)LR: 7.656e-03
2024-11-17 18:16:14,201 -                train: [    INFO] - Train: 376 [ 200/520]  Loss: 1.392 (1.44)  Acc@1: 70.8333 (70.4032)  Acc@5: 93.7500 (92.4751)LR: 7.656e-03
2024-11-17 18:16:30,371 -                train: [    INFO] - Train: 376 [ 400/520]  Loss: 1.100 (1.44)  Acc@1: 76.0417 (70.0307)  Acc@5: 95.8333 (92.3499)LR: 7.656e-03
2024-11-17 18:16:39,902 -                train: [    INFO] - Train: 376 [ 520/520]  Loss: 1.507 (1.46)  Acc@1: 70.0000 (69.6980)  Acc@5: 93.7500 (92.1480)LR: 7.656e-03
2024-11-17 18:16:40,550 -                train: [    INFO] - Valid: 376 [   0/104]  Loss: 0.8469 (0.847)  Acc@1: 82.2917 (82.2917)  Acc@5: 93.7500 (93.7500)
2024-11-17 18:16:42,340 -                train: [    INFO] - Valid: 376 [ 104/104]  Loss: 1.382 (0.964)  Acc@1: 75.0000 (73.4900)  Acc@5: 81.2500 (93.6300)
2024-11-17 18:16:42,403 -                train: [    INFO] - valid_acc 73.490003 - best_valid_acc 73.980003
2024-11-17 18:16:43,063 -                train: [    INFO] - Train: 377 [   0/520]  Loss: 1.478 (1.48)  Acc@1: 66.6667 (66.6667)  Acc@5: 92.7083 (92.7083)LR: 7.596e-03
2024-11-17 18:17:00,039 -                train: [    INFO] - Train: 377 [ 200/520]  Loss: 1.870 (1.43)  Acc@1: 58.3333 (70.1804)  Acc@5: 86.4583 (92.2937)LR: 7.596e-03
2024-11-17 18:17:15,888 -                train: [    INFO] - Train: 377 [ 400/520]  Loss: 1.444 (1.45)  Acc@1: 69.7917 (69.9891)  Acc@5: 90.6250 (92.3291)LR: 7.596e-03
2024-11-17 18:17:25,751 -                train: [    INFO] - Train: 377 [ 520/520]  Loss: 1.436 (1.45)  Acc@1: 68.7500 (69.9060)  Acc@5: 92.5000 (92.3280)LR: 7.596e-03
2024-11-17 18:17:26,433 -                train: [    INFO] - Valid: 377 [   0/104]  Loss: 0.9614 (0.961)  Acc@1: 76.0417 (76.0417)  Acc@5: 93.7500 (93.7500)
2024-11-17 18:17:28,173 -                train: [    INFO] - Valid: 377 [ 104/104]  Loss: 0.8789 (0.981)  Acc@1: 75.0000 (72.4800)  Acc@5: 93.7500 (93.1000)
2024-11-17 18:17:28,235 -                train: [    INFO] - valid_acc 72.480003 - best_valid_acc 73.980003
2024-11-17 18:17:28,899 -                train: [    INFO] - Train: 378 [   0/520]  Loss: 1.136 (1.14)  Acc@1: 76.0417 (76.0417)  Acc@5: 94.7917 (94.7917)LR: 7.536e-03
2024-11-17 18:17:45,330 -                train: [    INFO] - Train: 378 [ 200/520]  Loss: 1.360 (1.42)  Acc@1: 69.7917 (70.4395)  Acc@5: 92.7083 (92.4596)LR: 7.536e-03
2024-11-17 18:18:01,737 -                train: [    INFO] - Train: 378 [ 400/520]  Loss: 1.495 (1.43)  Acc@1: 71.8750 (70.0151)  Acc@5: 89.5833 (92.4304)LR: 7.536e-03
2024-11-17 18:18:11,497 -                train: [    INFO] - Train: 378 [ 520/520]  Loss: 1.548 (1.45)  Acc@1: 67.5000 (69.6800)  Acc@5: 90.0000 (92.3720)LR: 7.536e-03
2024-11-17 18:18:12,179 -                train: [    INFO] - Valid: 378 [   0/104]  Loss: 0.9535 (0.954)  Acc@1: 77.0833 (77.0833)  Acc@5: 92.7083 (92.7083)
2024-11-17 18:18:13,911 -                train: [    INFO] - Valid: 378 [ 104/104]  Loss: 0.8265 (0.949)  Acc@1: 75.0000 (72.4200)  Acc@5: 93.7500 (93.9700)
2024-11-17 18:18:13,974 -                train: [    INFO] - valid_acc 72.420002 - best_valid_acc 73.980003
2024-11-17 18:18:14,681 -                train: [    INFO] - Train: 379 [   0/520]  Loss: 1.232 (1.23)  Acc@1: 71.8750 (71.8750)  Acc@5: 96.8750 (96.8750)LR: 7.476e-03
2024-11-17 18:18:31,103 -                train: [    INFO] - Train: 379 [ 200/520]  Loss: 1.316 (1.42)  Acc@1: 72.9167 (70.6364)  Acc@5: 93.7500 (92.3663)LR: 7.476e-03
2024-11-17 18:18:47,042 -                train: [    INFO] - Train: 379 [ 400/520]  Loss: 1.452 (1.45)  Acc@1: 69.7917 (69.9735)  Acc@5: 91.6667 (92.1628)LR: 7.476e-03
2024-11-17 18:18:56,552 -                train: [    INFO] - Train: 379 [ 520/520]  Loss: 1.346 (1.45)  Acc@1: 73.7500 (69.8120)  Acc@5: 92.5000 (92.1680)LR: 7.476e-03
2024-11-17 18:18:57,230 -                train: [    INFO] - Valid: 379 [   0/104]  Loss: 0.8248 (0.825)  Acc@1: 78.1250 (78.1250)  Acc@5: 95.8333 (95.8333)
2024-11-17 18:18:58,962 -                train: [    INFO] - Valid: 379 [ 104/104]  Loss: 0.9159 (0.943)  Acc@1: 75.0000 (73.3100)  Acc@5: 87.5000 (93.9200)
2024-11-17 18:18:59,022 -                train: [    INFO] - valid_acc 73.310003 - best_valid_acc 73.980003
2024-11-17 18:18:59,699 -                train: [    INFO] - Train: 380 [   0/520]  Loss: 1.416 (1.42)  Acc@1: 68.7500 (68.7500)  Acc@5: 90.6250 (90.6250)LR: 7.416e-03
2024-11-17 18:19:16,038 -                train: [    INFO] - Train: 380 [ 200/520]  Loss: 1.315 (1.43)  Acc@1: 72.9167 (70.0041)  Acc@5: 96.8750 (92.5736)LR: 7.416e-03
2024-11-17 18:19:32,354 -                train: [    INFO] - Train: 380 [ 400/520]  Loss: 1.680 (1.44)  Acc@1: 64.5833 (69.8332)  Acc@5: 90.6250 (92.4745)LR: 7.416e-03
2024-11-17 18:19:42,057 -                train: [    INFO] - Train: 380 [ 520/520]  Loss: 1.718 (1.45)  Acc@1: 67.5000 (69.8440)  Acc@5: 88.7500 (92.4540)LR: 7.416e-03
2024-11-17 18:19:42,703 -                train: [    INFO] - Valid: 380 [   0/104]  Loss: 0.8187 (0.819)  Acc@1: 78.1250 (78.1250)  Acc@5: 94.7917 (94.7917)
2024-11-17 18:19:44,417 -                train: [    INFO] - Valid: 380 [ 104/104]  Loss: 0.9773 (0.926)  Acc@1: 75.0000 (73.5900)  Acc@5: 87.5000 (94.1600)
2024-11-17 18:19:44,477 -                train: [    INFO] - valid_acc 73.590003 - best_valid_acc 73.980003
2024-11-17 18:19:45,158 -                train: [    INFO] - Train: 381 [   0/520]  Loss: 1.605 (1.60)  Acc@1: 63.5417 (63.5417)  Acc@5: 89.5833 (89.5833)LR: 7.356e-03
2024-11-17 18:20:01,309 -                train: [    INFO] - Train: 381 [ 200/520]  Loss: 1.794 (1.44)  Acc@1: 59.3750 (69.7139)  Acc@5: 88.5417 (92.3352)LR: 7.356e-03
2024-11-17 18:20:17,401 -                train: [    INFO] - Train: 381 [ 400/520]  Loss: 1.747 (1.45)  Acc@1: 67.7083 (69.7631)  Acc@5: 86.4583 (92.3343)LR: 7.356e-03
2024-11-17 18:20:27,391 -                train: [    INFO] - Train: 381 [ 520/520]  Loss: 1.454 (1.45)  Acc@1: 67.5000 (69.6980)  Acc@5: 93.7500 (92.2980)LR: 7.356e-03
2024-11-17 18:20:28,090 -                train: [    INFO] - Valid: 381 [   0/104]  Loss: 0.8626 (0.863)  Acc@1: 77.0833 (77.0833)  Acc@5: 93.7500 (93.7500)
2024-11-17 18:20:29,834 -                train: [    INFO] - Valid: 381 [ 104/104]  Loss: 1.098 (0.993)  Acc@1: 75.0000 (72.2900)  Acc@5: 87.5000 (93.6300)
2024-11-17 18:20:29,896 -                train: [    INFO] - valid_acc 72.290003 - best_valid_acc 73.980003
2024-11-17 18:20:30,589 -                train: [    INFO] - Train: 382 [   0/520]  Loss: 1.376 (1.38)  Acc@1: 67.7083 (67.7083)  Acc@5: 92.7083 (92.7083)LR: 7.296e-03
2024-11-17 18:20:47,077 -                train: [    INFO] - Train: 382 [ 200/520]  Loss: 1.578 (1.44)  Acc@1: 68.7500 (69.7865)  Acc@5: 89.5833 (92.7083)LR: 7.296e-03
2024-11-17 18:21:03,271 -                train: [    INFO] - Train: 382 [ 400/520]  Loss: 1.363 (1.45)  Acc@1: 72.9167 (69.8514)  Acc@5: 93.7500 (92.4979)LR: 7.296e-03
2024-11-17 18:21:12,588 -                train: [    INFO] - Train: 382 [ 520/520]  Loss: 1.688 (1.45)  Acc@1: 65.0000 (69.7860)  Acc@5: 87.5000 (92.4280)LR: 7.296e-03
2024-11-17 18:21:13,277 -                train: [    INFO] - Valid: 382 [   0/104]  Loss: 0.7472 (0.747)  Acc@1: 82.2917 (82.2917)  Acc@5: 94.7917 (94.7917)
2024-11-17 18:21:15,023 -                train: [    INFO] - Valid: 382 [ 104/104]  Loss: 0.8953 (0.964)  Acc@1: 75.0000 (72.9300)  Acc@5: 100.0000 (93.8400)
2024-11-17 18:21:15,088 -                train: [    INFO] - valid_acc 72.930003 - best_valid_acc 73.980003
2024-11-17 18:21:15,784 -                train: [    INFO] - Train: 383 [   0/520]  Loss: 1.115 (1.12)  Acc@1: 72.9167 (72.9167)  Acc@5: 94.7917 (94.7917)LR: 7.237e-03
2024-11-17 18:21:32,428 -                train: [    INFO] - Train: 383 [ 200/520]  Loss: 1.552 (1.42)  Acc@1: 66.6667 (70.4498)  Acc@5: 88.5417 (92.6410)LR: 7.237e-03
2024-11-17 18:21:48,754 -                train: [    INFO] - Train: 383 [ 400/520]  Loss: 1.365 (1.44)  Acc@1: 68.7500 (69.8618)  Acc@5: 93.7500 (92.4538)LR: 7.237e-03
2024-11-17 18:21:58,530 -                train: [    INFO] - Train: 383 [ 520/520]  Loss: 1.722 (1.45)  Acc@1: 65.0000 (69.8340)  Acc@5: 86.2500 (92.3100)LR: 7.237e-03
2024-11-17 18:21:59,173 -                train: [    INFO] - Valid: 383 [   0/104]  Loss: 0.9130 (0.913)  Acc@1: 75.0000 (75.0000)  Acc@5: 92.7083 (92.7083)
2024-11-17 18:22:00,892 -                train: [    INFO] - Valid: 383 [ 104/104]  Loss: 1.189 (0.922)  Acc@1: 75.0000 (73.5900)  Acc@5: 81.2500 (94.0600)
2024-11-17 18:22:00,954 -                train: [    INFO] - valid_acc 73.590002 - best_valid_acc 73.980003
2024-11-17 18:22:01,640 -                train: [    INFO] - Train: 384 [   0/520]  Loss: 1.485 (1.49)  Acc@1: 70.8333 (70.8333)  Acc@5: 88.5417 (88.5417)LR: 7.178e-03
2024-11-17 18:22:17,991 -                train: [    INFO] - Train: 384 [ 200/520]  Loss: 1.432 (1.44)  Acc@1: 75.0000 (70.1078)  Acc@5: 90.6250 (92.2471)LR: 7.178e-03
2024-11-17 18:22:34,240 -                train: [    INFO] - Train: 384 [ 400/520]  Loss: 1.688 (1.43)  Acc@1: 64.5833 (70.2177)  Acc@5: 90.6250 (92.3317)LR: 7.178e-03
2024-11-17 18:22:43,678 -                train: [    INFO] - Train: 384 [ 520/520]  Loss: 1.616 (1.43)  Acc@1: 65.0000 (70.2440)  Acc@5: 90.0000 (92.3620)LR: 7.178e-03
2024-11-17 18:22:44,337 -                train: [    INFO] - Valid: 384 [   0/104]  Loss: 0.8602 (0.860)  Acc@1: 79.1667 (79.1667)  Acc@5: 96.8750 (96.8750)
2024-11-17 18:22:46,078 -                train: [    INFO] - Valid: 384 [ 104/104]  Loss: 0.8655 (0.968)  Acc@1: 75.0000 (73.0100)  Acc@5: 93.7500 (93.8800)
2024-11-17 18:22:46,139 -                train: [    INFO] - valid_acc 73.010002 - best_valid_acc 73.980003
2024-11-17 18:22:46,831 -                train: [    INFO] - Train: 385 [   0/520]  Loss: 1.419 (1.42)  Acc@1: 73.9583 (73.9583)  Acc@5: 91.6667 (91.6667)LR: 7.119e-03
2024-11-17 18:23:03,235 -                train: [    INFO] - Train: 385 [ 200/520]  Loss: 1.160 (1.40)  Acc@1: 78.1250 (70.6882)  Acc@5: 92.7083 (92.4907)LR: 7.119e-03
2024-11-17 18:23:19,177 -                train: [    INFO] - Train: 385 [ 400/520]  Loss: 1.492 (1.42)  Acc@1: 68.7500 (70.3969)  Acc@5: 93.7500 (92.5031)LR: 7.119e-03
2024-11-17 18:23:28,744 -                train: [    INFO] - Train: 385 [ 520/520]  Loss: 1.409 (1.43)  Acc@1: 78.7500 (70.2380)  Acc@5: 88.7500 (92.4240)LR: 7.119e-03
2024-11-17 18:23:29,389 -                train: [    INFO] - Valid: 385 [   0/104]  Loss: 0.7068 (0.707)  Acc@1: 80.2083 (80.2083)  Acc@5: 95.8333 (95.8333)
2024-11-17 18:23:31,135 -                train: [    INFO] - Valid: 385 [ 104/104]  Loss: 0.7250 (0.940)  Acc@1: 81.2500 (73.6500)  Acc@5: 100.0000 (93.9500)
2024-11-17 18:23:31,197 -                train: [    INFO] - valid_acc 73.650003 - best_valid_acc 73.980003
2024-11-17 18:23:31,910 -                train: [    INFO] - Train: 386 [   0/520]  Loss: 1.361 (1.36)  Acc@1: 73.9583 (73.9583)  Acc@5: 94.7917 (94.7917)LR: 7.060e-03
2024-11-17 18:23:48,342 -                train: [    INFO] - Train: 386 [ 200/520]  Loss: 1.324 (1.41)  Acc@1: 72.9167 (70.1285)  Acc@5: 90.6250 (92.8534)LR: 7.060e-03
2024-11-17 18:24:04,663 -                train: [    INFO] - Train: 386 [ 400/520]  Loss: 1.574 (1.44)  Acc@1: 68.7500 (69.7085)  Acc@5: 90.6250 (92.5187)LR: 7.060e-03
2024-11-17 18:24:14,347 -                train: [    INFO] - Train: 386 [ 520/520]  Loss: 1.603 (1.44)  Acc@1: 67.5000 (69.6920)  Acc@5: 93.7500 (92.4300)LR: 7.060e-03
2024-11-17 18:24:15,009 -                train: [    INFO] - Valid: 386 [   0/104]  Loss: 0.8028 (0.803)  Acc@1: 72.9167 (72.9167)  Acc@5: 96.8750 (96.8750)
2024-11-17 18:24:16,706 -                train: [    INFO] - Valid: 386 [ 104/104]  Loss: 0.6765 (0.948)  Acc@1: 68.7500 (72.9600)  Acc@5: 93.7500 (93.8300)
2024-11-17 18:24:16,767 -                train: [    INFO] - valid_acc 72.960002 - best_valid_acc 73.980003
2024-11-17 18:24:17,431 -                train: [    INFO] - Train: 387 [   0/520]  Loss: 1.738 (1.74)  Acc@1: 61.4583 (61.4583)  Acc@5: 89.5833 (89.5833)LR: 7.001e-03
2024-11-17 18:24:34,353 -                train: [    INFO] - Train: 387 [ 200/520]  Loss: 1.378 (1.42)  Acc@1: 69.7917 (70.1441)  Acc@5: 92.7083 (92.2989)LR: 7.001e-03
2024-11-17 18:24:50,435 -                train: [    INFO] - Train: 387 [ 400/520]  Loss: 1.209 (1.43)  Acc@1: 75.0000 (70.0488)  Acc@5: 94.7917 (92.3499)LR: 7.001e-03
2024-11-17 18:24:59,936 -                train: [    INFO] - Train: 387 [ 520/520]  Loss: 1.276 (1.43)  Acc@1: 67.5000 (70.0880)  Acc@5: 97.5000 (92.3700)LR: 7.001e-03
2024-11-17 18:25:00,633 -                train: [    INFO] - Valid: 387 [   0/104]  Loss: 0.8378 (0.838)  Acc@1: 76.0417 (76.0417)  Acc@5: 95.8333 (95.8333)
2024-11-17 18:25:02,402 -                train: [    INFO] - Valid: 387 [ 104/104]  Loss: 0.8414 (0.947)  Acc@1: 75.0000 (73.1400)  Acc@5: 93.7500 (93.9600)
2024-11-17 18:25:02,467 -                train: [    INFO] - valid_acc 73.140003 - best_valid_acc 73.980003
2024-11-17 18:25:03,153 -                train: [    INFO] - Train: 388 [   0/520]  Loss: 1.451 (1.45)  Acc@1: 71.8750 (71.8750)  Acc@5: 91.6667 (91.6667)LR: 6.942e-03
2024-11-17 18:25:19,721 -                train: [    INFO] - Train: 388 [ 200/520]  Loss: 1.657 (1.42)  Acc@1: 65.6250 (70.4343)  Acc@5: 87.5000 (92.4544)LR: 6.942e-03
2024-11-17 18:25:36,186 -                train: [    INFO] - Train: 388 [ 400/520]  Loss: 1.513 (1.43)  Acc@1: 70.8333 (70.0514)  Acc@5: 95.8333 (92.3914)LR: 6.942e-03
2024-11-17 18:25:45,807 -                train: [    INFO] - Train: 388 [ 520/520]  Loss: 1.483 (1.44)  Acc@1: 66.2500 (69.8800)  Acc@5: 92.5000 (92.3740)LR: 6.942e-03
2024-11-17 18:25:46,479 -                train: [    INFO] - Valid: 388 [   0/104]  Loss: 0.8239 (0.824)  Acc@1: 76.0417 (76.0417)  Acc@5: 93.7500 (93.7500)
2024-11-17 18:25:48,164 -                train: [    INFO] - Valid: 388 [ 104/104]  Loss: 0.9596 (0.966)  Acc@1: 75.0000 (72.9100)  Acc@5: 93.7500 (93.6800)
2024-11-17 18:25:48,228 -                train: [    INFO] - valid_acc 72.910002 - best_valid_acc 73.980003
2024-11-17 18:25:48,875 -                train: [    INFO] - Train: 389 [   0/520]  Loss: 1.541 (1.54)  Acc@1: 67.7083 (67.7083)  Acc@5: 92.7083 (92.7083)LR: 6.884e-03
2024-11-17 18:26:05,091 -                train: [    INFO] - Train: 389 [ 200/520]  Loss: 1.091 (1.39)  Acc@1: 76.0417 (70.8541)  Acc@5: 92.7083 (92.6565)LR: 6.884e-03
2024-11-17 18:26:21,590 -                train: [    INFO] - Train: 389 [ 400/520]  Loss: 1.529 (1.42)  Acc@1: 65.6250 (70.4021)  Acc@5: 90.6250 (92.5810)LR: 6.884e-03
2024-11-17 18:26:31,251 -                train: [    INFO] - Train: 389 [ 520/520]  Loss: 0.9613 (1.43)  Acc@1: 88.7500 (70.2720)  Acc@5: 95.0000 (92.4240)LR: 6.884e-03
2024-11-17 18:26:31,931 -                train: [    INFO] - Valid: 389 [   0/104]  Loss: 0.8054 (0.805)  Acc@1: 79.1667 (79.1667)  Acc@5: 92.7083 (92.7083)
2024-11-17 18:26:33,772 -                train: [    INFO] - Valid: 389 [ 104/104]  Loss: 0.9446 (0.919)  Acc@1: 75.0000 (73.6400)  Acc@5: 87.5000 (94.0800)
2024-11-17 18:26:33,834 -                train: [    INFO] - valid_acc 73.640002 - best_valid_acc 73.980003
2024-11-17 18:26:34,537 -                train: [    INFO] - Train: 390 [   0/520]  Loss: 1.408 (1.41)  Acc@1: 67.7083 (67.7083)  Acc@5: 92.7083 (92.7083)LR: 6.825e-03
2024-11-17 18:26:51,007 -                train: [    INFO] - Train: 390 [ 200/520]  Loss: 1.472 (1.40)  Acc@1: 63.5417 (70.6934)  Acc@5: 90.6250 (92.9312)LR: 6.825e-03
2024-11-17 18:27:07,330 -                train: [    INFO] - Train: 390 [ 400/520]  Loss: 1.687 (1.42)  Acc@1: 67.7083 (70.3735)  Acc@5: 89.5833 (92.6668)LR: 6.825e-03
2024-11-17 18:27:17,140 -                train: [    INFO] - Train: 390 [ 520/520]  Loss: 1.433 (1.43)  Acc@1: 68.7500 (70.1180)  Acc@5: 92.5000 (92.5580)LR: 6.825e-03
2024-11-17 18:27:17,799 -                train: [    INFO] - Valid: 390 [   0/104]  Loss: 0.9514 (0.951)  Acc@1: 75.0000 (75.0000)  Acc@5: 92.7083 (92.7083)
2024-11-17 18:27:19,542 -                train: [    INFO] - Valid: 390 [ 104/104]  Loss: 0.7628 (0.953)  Acc@1: 75.0000 (73.2700)  Acc@5: 87.5000 (93.6600)
2024-11-17 18:27:19,601 -                train: [    INFO] - valid_acc 73.270002 - best_valid_acc 73.980003
2024-11-17 18:27:20,264 -                train: [    INFO] - Train: 391 [   0/520]  Loss: 1.166 (1.17)  Acc@1: 73.9583 (73.9583)  Acc@5: 96.8750 (96.8750)LR: 6.767e-03
2024-11-17 18:27:36,794 -                train: [    INFO] - Train: 391 [ 200/520]  Loss: 1.436 (1.42)  Acc@1: 66.6667 (70.5172)  Acc@5: 93.7500 (92.5477)LR: 6.767e-03
2024-11-17 18:27:53,337 -                train: [    INFO] - Train: 391 [ 400/520]  Loss: 1.562 (1.43)  Acc@1: 65.6250 (70.2047)  Acc@5: 93.7500 (92.5499)LR: 6.767e-03
2024-11-17 18:28:02,992 -                train: [    INFO] - Train: 391 [ 520/520]  Loss: 1.358 (1.43)  Acc@1: 67.5000 (70.1340)  Acc@5: 95.0000 (92.6140)LR: 6.767e-03
2024-11-17 18:28:03,660 -                train: [    INFO] - Valid: 391 [   0/104]  Loss: 0.7813 (0.781)  Acc@1: 79.1667 (79.1667)  Acc@5: 94.7917 (94.7917)
2024-11-17 18:28:05,378 -                train: [    INFO] - Valid: 391 [ 104/104]  Loss: 0.7408 (0.949)  Acc@1: 81.2500 (73.8400)  Acc@5: 93.7500 (93.7100)
2024-11-17 18:28:05,438 -                train: [    INFO] - valid_acc 73.840003 - best_valid_acc 73.980003
2024-11-17 18:28:06,105 -                train: [    INFO] - Train: 392 [   0/520]  Loss: 1.350 (1.35)  Acc@1: 69.7917 (69.7917)  Acc@5: 92.7083 (92.7083)LR: 6.709e-03
2024-11-17 18:28:22,562 -                train: [    INFO] - Train: 392 [ 200/520]  Loss: 1.400 (1.41)  Acc@1: 72.9167 (70.5224)  Acc@5: 88.5417 (92.6980)LR: 6.709e-03
2024-11-17 18:28:38,739 -                train: [    INFO] - Train: 392 [ 400/520]  Loss: 1.449 (1.42)  Acc@1: 67.7083 (70.3060)  Acc@5: 91.6667 (92.5629)LR: 6.709e-03
2024-11-17 18:28:48,370 -                train: [    INFO] - Train: 392 [ 520/520]  Loss: 0.9183 (1.42)  Acc@1: 86.2500 (70.3320)  Acc@5: 97.5000 (92.5660)LR: 6.709e-03
2024-11-17 18:28:49,044 -                train: [    INFO] - Valid: 392 [   0/104]  Loss: 0.7749 (0.775)  Acc@1: 78.1250 (78.1250)  Acc@5: 95.8333 (95.8333)
2024-11-17 18:28:50,762 -                train: [    INFO] - Valid: 392 [ 104/104]  Loss: 1.038 (0.937)  Acc@1: 75.0000 (73.3700)  Acc@5: 81.2500 (93.7900)
2024-11-17 18:28:50,830 -                train: [    INFO] - valid_acc 73.370003 - best_valid_acc 73.980003
2024-11-17 18:28:51,495 -                train: [    INFO] - Train: 393 [   0/520]  Loss: 0.9238 (0.924)  Acc@1: 80.2083 (80.2083)  Acc@5: 96.8750 (96.8750)LR: 6.651e-03
2024-11-17 18:29:08,053 -                train: [    INFO] - Train: 393 [ 200/520]  Loss: 1.340 (1.39)  Acc@1: 70.8333 (70.9422)  Acc@5: 92.7083 (92.6565)LR: 6.651e-03
2024-11-17 18:29:24,667 -                train: [    INFO] - Train: 393 [ 400/520]  Loss: 1.499 (1.40)  Acc@1: 68.7500 (70.5554)  Acc@5: 91.6667 (92.7473)LR: 6.651e-03
2024-11-17 18:29:34,279 -                train: [    INFO] - Train: 393 [ 520/520]  Loss: 1.752 (1.41)  Acc@1: 60.0000 (70.5220)  Acc@5: 93.7500 (92.6220)LR: 6.651e-03
2024-11-17 18:29:34,952 -                train: [    INFO] - Valid: 393 [   0/104]  Loss: 0.8103 (0.810)  Acc@1: 78.1250 (78.1250)  Acc@5: 95.8333 (95.8333)
2024-11-17 18:29:36,651 -                train: [    INFO] - Valid: 393 [ 104/104]  Loss: 0.9549 (0.914)  Acc@1: 75.0000 (73.9400)  Acc@5: 93.7500 (94.4400)
2024-11-17 18:29:36,714 -                train: [    INFO] - valid_acc 73.940003 - best_valid_acc 73.980003
2024-11-17 18:29:37,404 -                train: [    INFO] - Train: 394 [   0/520]  Loss: 1.354 (1.35)  Acc@1: 69.7917 (69.7917)  Acc@5: 97.9167 (97.9167)LR: 6.593e-03
2024-11-17 18:29:53,747 -                train: [    INFO] - Train: 394 [ 200/520]  Loss: 1.557 (1.41)  Acc@1: 70.8333 (70.6934)  Acc@5: 89.5833 (92.5270)LR: 6.593e-03
2024-11-17 18:30:09,881 -                train: [    INFO] - Train: 394 [ 400/520]  Loss: 1.295 (1.42)  Acc@1: 71.8750 (70.5736)  Acc@5: 94.7917 (92.5343)LR: 6.593e-03
2024-11-17 18:30:19,794 -                train: [    INFO] - Train: 394 [ 520/520]  Loss: 1.265 (1.42)  Acc@1: 71.2500 (70.4100)  Acc@5: 95.0000 (92.4860)LR: 6.593e-03
2024-11-17 18:30:20,482 -                train: [    INFO] - Valid: 394 [   0/104]  Loss: 0.7561 (0.756)  Acc@1: 77.0833 (77.0833)  Acc@5: 95.8333 (95.8333)
2024-11-17 18:30:22,267 -                train: [    INFO] - Valid: 394 [ 104/104]  Loss: 0.7832 (0.932)  Acc@1: 81.2500 (73.6000)  Acc@5: 93.7500 (93.9500)
2024-11-17 18:30:22,329 -                train: [    INFO] - valid_acc 73.600002 - best_valid_acc 73.980003
2024-11-17 18:30:23,020 -                train: [    INFO] - Train: 395 [   0/520]  Loss: 1.166 (1.17)  Acc@1: 73.9583 (73.9583)  Acc@5: 94.7917 (94.7917)LR: 6.536e-03
2024-11-17 18:30:39,451 -                train: [    INFO] - Train: 395 [ 200/520]  Loss: 1.450 (1.39)  Acc@1: 73.9583 (70.6727)  Acc@5: 92.7083 (92.9001)LR: 6.536e-03
2024-11-17 18:30:55,336 -                train: [    INFO] - Train: 395 [ 400/520]  Loss: 1.519 (1.41)  Acc@1: 67.7083 (70.6151)  Acc@5: 92.7083 (92.8148)LR: 6.536e-03
2024-11-17 18:31:05,054 -                train: [    INFO] - Train: 395 [ 520/520]  Loss: 1.541 (1.42)  Acc@1: 70.0000 (70.4560)  Acc@5: 90.0000 (92.7140)LR: 6.536e-03
2024-11-17 18:31:05,718 -                train: [    INFO] - Valid: 395 [   0/104]  Loss: 0.8287 (0.829)  Acc@1: 75.0000 (75.0000)  Acc@5: 94.7917 (94.7917)
2024-11-17 18:31:07,457 -                train: [    INFO] - Valid: 395 [ 104/104]  Loss: 0.8814 (0.931)  Acc@1: 75.0000 (73.6900)  Acc@5: 100.0000 (93.9500)
2024-11-17 18:31:07,517 -                train: [    INFO] - valid_acc 73.690003 - best_valid_acc 73.980003
2024-11-17 18:31:08,203 -                train: [    INFO] - Train: 396 [   0/520]  Loss: 1.335 (1.34)  Acc@1: 70.8333 (70.8333)  Acc@5: 94.7917 (94.7917)LR: 6.478e-03
2024-11-17 18:31:24,697 -                train: [    INFO] - Train: 396 [ 200/520]  Loss: 1.561 (1.39)  Acc@1: 73.9583 (71.2324)  Acc@5: 88.5417 (92.8949)LR: 6.478e-03
2024-11-17 18:31:40,975 -                train: [    INFO] - Train: 396 [ 400/520]  Loss: 1.366 (1.41)  Acc@1: 72.9167 (70.7009)  Acc@5: 96.8750 (92.6408)LR: 6.478e-03
2024-11-17 18:31:50,379 -                train: [    INFO] - Train: 396 [ 520/520]  Loss: 1.838 (1.42)  Acc@1: 67.5000 (70.5900)  Acc@5: 88.7500 (92.5740)LR: 6.478e-03
2024-11-17 18:31:51,059 -                train: [    INFO] - Valid: 396 [   0/104]  Loss: 0.8570 (0.857)  Acc@1: 78.1250 (78.1250)  Acc@5: 94.7917 (94.7917)
2024-11-17 18:31:52,791 -                train: [    INFO] - Valid: 396 [ 104/104]  Loss: 1.019 (0.922)  Acc@1: 68.7500 (73.9500)  Acc@5: 87.5000 (94.1600)
2024-11-17 18:31:52,852 -                train: [    INFO] - valid_acc 73.950002 - best_valid_acc 73.980003
2024-11-17 18:31:53,492 -                train: [    INFO] - Train: 397 [   0/520]  Loss: 1.265 (1.26)  Acc@1: 78.1250 (78.1250)  Acc@5: 95.8333 (95.8333)LR: 6.421e-03
2024-11-17 18:32:09,902 -                train: [    INFO] - Train: 397 [ 200/520]  Loss: 1.558 (1.39)  Acc@1: 65.6250 (70.9733)  Acc@5: 92.7083 (92.5788)LR: 6.421e-03
2024-11-17 18:32:26,495 -                train: [    INFO] - Train: 397 [ 400/520]  Loss: 1.315 (1.42)  Acc@1: 73.9583 (70.6073)  Acc@5: 91.6667 (92.3966)LR: 6.421e-03
2024-11-17 18:32:36,021 -                train: [    INFO] - Train: 397 [ 520/520]  Loss: 1.834 (1.42)  Acc@1: 63.7500 (70.4700)  Acc@5: 91.2500 (92.4040)LR: 6.421e-03
2024-11-17 18:32:36,690 -                train: [    INFO] - Valid: 397 [   0/104]  Loss: 0.9028 (0.903)  Acc@1: 76.0417 (76.0417)  Acc@5: 92.7083 (92.7083)
2024-11-17 18:32:38,396 -                train: [    INFO] - Valid: 397 [ 104/104]  Loss: 0.9586 (0.920)  Acc@1: 75.0000 (73.9200)  Acc@5: 87.5000 (94.2000)
2024-11-17 18:32:38,459 -                train: [    INFO] - valid_acc 73.920003 - best_valid_acc 73.980003
2024-11-17 18:32:39,147 -                train: [    INFO] - Train: 398 [   0/520]  Loss: 1.646 (1.65)  Acc@1: 65.6250 (65.6250)  Acc@5: 92.7083 (92.7083)LR: 6.364e-03
2024-11-17 18:32:55,575 -                train: [    INFO] - Train: 398 [ 200/520]  Loss: 1.325 (1.41)  Acc@1: 70.8333 (70.5120)  Acc@5: 92.7083 (92.7342)LR: 6.364e-03
2024-11-17 18:33:11,836 -                train: [    INFO] - Train: 398 [ 400/520]  Loss: 1.543 (1.42)  Acc@1: 70.8333 (70.4307)  Acc@5: 91.6667 (92.5135)LR: 6.364e-03
2024-11-17 18:33:21,791 -                train: [    INFO] - Train: 398 [ 520/520]  Loss: 1.308 (1.42)  Acc@1: 75.0000 (70.4300)  Acc@5: 93.7500 (92.4980)LR: 6.364e-03
2024-11-17 18:33:22,497 -                train: [    INFO] - Valid: 398 [   0/104]  Loss: 0.8476 (0.848)  Acc@1: 77.0833 (77.0833)  Acc@5: 93.7500 (93.7500)
2024-11-17 18:33:24,303 -                train: [    INFO] - Valid: 398 [ 104/104]  Loss: 1.030 (0.915)  Acc@1: 75.0000 (74.1100)  Acc@5: 81.2500 (94.1600)
2024-11-17 18:33:24,430 -                train: [    INFO] - valid_acc 74.110002 - best_valid_acc 74.110002
2024-11-17 18:33:25,138 -                train: [    INFO] - Train: 399 [   0/520]  Loss: 1.144 (1.14)  Acc@1: 77.0833 (77.0833)  Acc@5: 90.6250 (90.6250)LR: 6.307e-03
2024-11-17 18:33:41,863 -                train: [    INFO] - Train: 399 [ 200/520]  Loss: 1.625 (1.40)  Acc@1: 65.6250 (70.8333)  Acc@5: 89.5833 (92.6824)LR: 6.307e-03
2024-11-17 18:33:58,402 -                train: [    INFO] - Train: 399 [ 400/520]  Loss: 0.9931 (1.41)  Acc@1: 80.2083 (70.7892)  Acc@5: 94.7917 (92.6876)LR: 6.307e-03
2024-11-17 18:34:08,340 -                train: [    INFO] - Train: 399 [ 520/520]  Loss: 1.440 (1.42)  Acc@1: 67.5000 (70.5860)  Acc@5: 96.2500 (92.5000)LR: 6.307e-03
2024-11-17 18:34:09,021 -                train: [    INFO] - Valid: 399 [   0/104]  Loss: 0.8486 (0.849)  Acc@1: 72.9167 (72.9167)  Acc@5: 94.7917 (94.7917)
2024-11-17 18:34:10,741 -                train: [    INFO] - Valid: 399 [ 104/104]  Loss: 0.9880 (0.927)  Acc@1: 75.0000 (73.4200)  Acc@5: 87.5000 (94.3200)
2024-11-17 18:34:10,802 -                train: [    INFO] - valid_acc 73.420002 - best_valid_acc 74.110002
2024-11-17 18:34:11,487 -                train: [    INFO] - Train: 400 [   0/520]  Loss: 1.660 (1.66)  Acc@1: 66.6667 (66.6667)  Acc@5: 88.5417 (88.5417)LR: 6.250e-03
2024-11-17 18:34:27,568 -                train: [    INFO] - Train: 400 [ 200/520]  Loss: 1.187 (1.38)  Acc@1: 72.9167 (70.9992)  Acc@5: 93.7500 (93.0089)LR: 6.250e-03
2024-11-17 18:34:44,083 -                train: [    INFO] - Train: 400 [ 400/520]  Loss: 1.215 (1.39)  Acc@1: 73.9583 (70.8723)  Acc@5: 96.8750 (92.8564)LR: 6.250e-03
2024-11-17 18:34:53,908 -                train: [    INFO] - Train: 400 [ 520/520]  Loss: 1.443 (1.40)  Acc@1: 72.5000 (70.6820)  Acc@5: 91.2500 (92.7540)LR: 6.250e-03
2024-11-17 18:34:54,608 -                train: [    INFO] - Valid: 400 [   0/104]  Loss: 0.7883 (0.788)  Acc@1: 76.0417 (76.0417)  Acc@5: 96.8750 (96.8750)
2024-11-17 18:34:56,370 -                train: [    INFO] - Valid: 400 [ 104/104]  Loss: 1.124 (0.912)  Acc@1: 75.0000 (73.8400)  Acc@5: 81.2500 (94.3200)
2024-11-17 18:34:56,435 -                train: [    INFO] - valid_acc 73.840002 - best_valid_acc 74.110002
2024-11-17 18:34:57,099 -                train: [    INFO] - Train: 401 [   0/520]  Loss: 1.553 (1.55)  Acc@1: 64.5833 (64.5833)  Acc@5: 90.6250 (90.6250)LR: 6.193e-03
2024-11-17 18:35:13,129 -                train: [    INFO] - Train: 401 [ 200/520]  Loss: 1.593 (1.39)  Acc@1: 64.5833 (71.0925)  Acc@5: 90.6250 (92.7705)LR: 6.193e-03
2024-11-17 18:35:29,536 -                train: [    INFO] - Train: 401 [ 400/520]  Loss: 1.425 (1.39)  Acc@1: 69.7917 (71.0048)  Acc@5: 92.7083 (92.8564)LR: 6.193e-03
2024-11-17 18:35:39,430 -                train: [    INFO] - Train: 401 [ 520/520]  Loss: 1.267 (1.40)  Acc@1: 71.2500 (70.9960)  Acc@5: 93.7500 (92.7940)LR: 6.193e-03
2024-11-17 18:35:40,093 -                train: [    INFO] - Valid: 401 [   0/104]  Loss: 0.8086 (0.809)  Acc@1: 79.1667 (79.1667)  Acc@5: 92.7083 (92.7083)
2024-11-17 18:35:41,863 -                train: [    INFO] - Valid: 401 [ 104/104]  Loss: 0.9644 (0.900)  Acc@1: 75.0000 (74.6200)  Acc@5: 93.7500 (94.2900)
2024-11-17 18:35:41,990 -                train: [    INFO] - valid_acc 74.620003 - best_valid_acc 74.620003
2024-11-17 18:35:42,704 -                train: [    INFO] - Train: 402 [   0/520]  Loss: 1.186 (1.19)  Acc@1: 73.9583 (73.9583)  Acc@5: 94.7917 (94.7917)LR: 6.137e-03
2024-11-17 18:35:59,172 -                train: [    INFO] - Train: 402 [ 200/520]  Loss: 1.125 (1.37)  Acc@1: 78.1250 (71.5744)  Acc@5: 94.7917 (93.0037)LR: 6.137e-03
2024-11-17 18:36:15,171 -                train: [    INFO] - Train: 402 [ 400/520]  Loss: 1.431 (1.41)  Acc@1: 69.7917 (70.7762)  Acc@5: 90.6250 (92.7135)LR: 6.137e-03
2024-11-17 18:36:24,975 -                train: [    INFO] - Train: 402 [ 520/520]  Loss: 1.934 (1.41)  Acc@1: 60.0000 (70.7440)  Acc@5: 90.0000 (92.7520)LR: 6.137e-03
2024-11-17 18:36:25,646 -                train: [    INFO] - Valid: 402 [   0/104]  Loss: 0.8534 (0.853)  Acc@1: 75.0000 (75.0000)  Acc@5: 93.7500 (93.7500)
2024-11-17 18:36:27,412 -                train: [    INFO] - Valid: 402 [ 104/104]  Loss: 0.7597 (0.908)  Acc@1: 75.0000 (74.0500)  Acc@5: 93.7500 (94.3400)
2024-11-17 18:36:27,475 -                train: [    INFO] - valid_acc 74.050002 - best_valid_acc 74.620003
2024-11-17 18:36:28,170 -                train: [    INFO] - Train: 403 [   0/520]  Loss: 1.065 (1.07)  Acc@1: 79.1667 (79.1667)  Acc@5: 97.9167 (97.9167)LR: 6.081e-03
2024-11-17 18:36:44,574 -                train: [    INFO] - Train: 403 [ 200/520]  Loss: 1.130 (1.38)  Acc@1: 72.9167 (71.0769)  Acc@5: 95.8333 (93.2629)LR: 6.081e-03
2024-11-17 18:37:00,758 -                train: [    INFO] - Train: 403 [ 400/520]  Loss: 1.287 (1.40)  Acc@1: 75.0000 (70.7658)  Acc@5: 90.6250 (93.0071)LR: 6.081e-03
2024-11-17 18:37:10,680 -                train: [    INFO] - Train: 403 [ 520/520]  Loss: 1.407 (1.39)  Acc@1: 71.2500 (70.8360)  Acc@5: 93.7500 (92.9600)LR: 6.081e-03
2024-11-17 18:37:11,327 -                train: [    INFO] - Valid: 403 [   0/104]  Loss: 0.8386 (0.839)  Acc@1: 71.8750 (71.8750)  Acc@5: 94.7917 (94.7917)
2024-11-17 18:37:13,066 -                train: [    INFO] - Valid: 403 [ 104/104]  Loss: 1.311 (0.974)  Acc@1: 68.7500 (72.8400)  Acc@5: 87.5000 (93.5300)
2024-11-17 18:37:13,127 -                train: [    INFO] - valid_acc 72.840002 - best_valid_acc 74.620003
2024-11-17 18:37:13,804 -                train: [    INFO] - Train: 404 [   0/520]  Loss: 1.447 (1.45)  Acc@1: 68.7500 (68.7500)  Acc@5: 92.7083 (92.7083)LR: 6.025e-03
2024-11-17 18:37:30,245 -                train: [    INFO] - Train: 404 [ 200/520]  Loss: 1.688 (1.39)  Acc@1: 65.6250 (70.7193)  Acc@5: 89.5833 (92.9260)LR: 6.025e-03
2024-11-17 18:37:46,710 -                train: [    INFO] - Train: 404 [ 400/520]  Loss: 1.577 (1.39)  Acc@1: 67.7083 (70.9165)  Acc@5: 90.6250 (92.8798)LR: 6.025e-03
2024-11-17 18:37:56,610 -                train: [    INFO] - Train: 404 [ 520/520]  Loss: 1.417 (1.39)  Acc@1: 70.0000 (70.8780)  Acc@5: 93.7500 (92.8720)LR: 6.025e-03
2024-11-17 18:37:57,277 -                train: [    INFO] - Valid: 404 [   0/104]  Loss: 0.8756 (0.876)  Acc@1: 72.9167 (72.9167)  Acc@5: 94.7917 (94.7917)
2024-11-17 18:37:59,031 -                train: [    INFO] - Valid: 404 [ 104/104]  Loss: 0.8295 (0.912)  Acc@1: 75.0000 (73.8500)  Acc@5: 81.2500 (94.2800)
2024-11-17 18:37:59,090 -                train: [    INFO] - valid_acc 73.850003 - best_valid_acc 74.620003
2024-11-17 18:37:59,763 -                train: [    INFO] - Train: 405 [   0/520]  Loss: 1.342 (1.34)  Acc@1: 72.9167 (72.9167)  Acc@5: 94.7917 (94.7917)LR: 5.969e-03
2024-11-17 18:38:16,122 -                train: [    INFO] - Train: 405 [ 200/520]  Loss: 1.185 (1.37)  Acc@1: 78.1250 (71.6159)  Acc@5: 93.7500 (92.8794)LR: 5.969e-03
2024-11-17 18:38:32,642 -                train: [    INFO] - Train: 405 [ 400/520]  Loss: 1.492 (1.38)  Acc@1: 73.9583 (71.2775)  Acc@5: 92.7083 (92.8772)LR: 5.969e-03
2024-11-17 18:38:42,746 -                train: [    INFO] - Train: 405 [ 520/520]  Loss: 1.903 (1.38)  Acc@1: 63.7500 (71.1340)  Acc@5: 85.0000 (92.7880)LR: 5.969e-03
2024-11-17 18:38:43,420 -                train: [    INFO] - Valid: 405 [   0/104]  Loss: 0.9183 (0.918)  Acc@1: 76.0417 (76.0417)  Acc@5: 92.7083 (92.7083)
2024-11-17 18:38:45,196 -                train: [    INFO] - Valid: 405 [ 104/104]  Loss: 0.9351 (0.925)  Acc@1: 75.0000 (74.0700)  Acc@5: 81.2500 (94.1700)
2024-11-17 18:38:45,257 -                train: [    INFO] - valid_acc 74.070002 - best_valid_acc 74.620003
2024-11-17 18:38:45,947 -                train: [    INFO] - Train: 406 [   0/520]  Loss: 1.396 (1.40)  Acc@1: 76.0417 (76.0417)  Acc@5: 92.7083 (92.7083)LR: 5.913e-03
2024-11-17 18:39:02,448 -                train: [    INFO] - Train: 406 [ 200/520]  Loss: 1.040 (1.36)  Acc@1: 84.3750 (71.6055)  Acc@5: 95.8333 (93.1540)LR: 5.913e-03
2024-11-17 18:39:18,723 -                train: [    INFO] - Train: 406 [ 400/520]  Loss: 1.567 (1.38)  Acc@1: 68.7500 (71.2308)  Acc@5: 90.6250 (92.8798)LR: 5.913e-03
2024-11-17 18:39:28,516 -                train: [    INFO] - Train: 406 [ 520/520]  Loss: 1.918 (1.39)  Acc@1: 60.0000 (71.1880)  Acc@5: 86.2500 (92.8200)LR: 5.913e-03
2024-11-17 18:39:29,148 -                train: [    INFO] - Valid: 406 [   0/104]  Loss: 0.8470 (0.847)  Acc@1: 78.1250 (78.1250)  Acc@5: 93.7500 (93.7500)
2024-11-17 18:39:30,904 -                train: [    INFO] - Valid: 406 [ 104/104]  Loss: 1.093 (0.938)  Acc@1: 75.0000 (73.6300)  Acc@5: 81.2500 (94.1600)
2024-11-17 18:39:30,965 -                train: [    INFO] - valid_acc 73.630002 - best_valid_acc 74.620003
2024-11-17 18:39:31,626 -                train: [    INFO] - Train: 407 [   0/520]  Loss: 1.337 (1.34)  Acc@1: 72.9167 (72.9167)  Acc@5: 94.7917 (94.7917)LR: 5.858e-03
2024-11-17 18:39:48,233 -                train: [    INFO] - Train: 407 [ 200/520]  Loss: 1.287 (1.35)  Acc@1: 71.8750 (71.5330)  Acc@5: 95.8333 (93.1540)LR: 5.858e-03
2024-11-17 18:40:04,440 -                train: [    INFO] - Train: 407 [ 400/520]  Loss: 1.298 (1.37)  Acc@1: 72.9167 (71.1684)  Acc@5: 94.7917 (92.9629)LR: 5.858e-03
2024-11-17 18:40:14,431 -                train: [    INFO] - Train: 407 [ 520/520]  Loss: 1.595 (1.38)  Acc@1: 62.5000 (70.9660)  Acc@5: 93.7500 (92.8280)LR: 5.858e-03
2024-11-17 18:40:15,096 -                train: [    INFO] - Valid: 407 [   0/104]  Loss: 0.8596 (0.860)  Acc@1: 73.9583 (73.9583)  Acc@5: 94.7917 (94.7917)
2024-11-17 18:40:16,754 -                train: [    INFO] - Valid: 407 [ 104/104]  Loss: 0.6226 (0.936)  Acc@1: 75.0000 (73.5500)  Acc@5: 100.0000 (94.2000)
2024-11-17 18:40:16,814 -                train: [    INFO] - valid_acc 73.550003 - best_valid_acc 74.620003
2024-11-17 18:40:17,457 -                train: [    INFO] - Train: 408 [   0/520]  Loss: 0.9898 (0.990)  Acc@1: 80.2083 (80.2083)  Acc@5: 97.9167 (97.9167)LR: 5.802e-03
2024-11-17 18:40:33,706 -                train: [    INFO] - Train: 408 [ 200/520]  Loss: 1.455 (1.34)  Acc@1: 69.7917 (72.0149)  Acc@5: 90.6250 (93.3665)LR: 5.802e-03
2024-11-17 18:40:49,830 -                train: [    INFO] - Train: 408 [ 400/520]  Loss: 1.296 (1.37)  Acc@1: 69.7917 (71.4126)  Acc@5: 93.7500 (93.1811)LR: 5.802e-03
2024-11-17 18:40:59,681 -                train: [    INFO] - Train: 408 [ 520/520]  Loss: 1.479 (1.38)  Acc@1: 68.7500 (71.1640)  Acc@5: 91.2500 (93.0940)LR: 5.802e-03
2024-11-17 18:41:00,351 -                train: [    INFO] - Valid: 408 [   0/104]  Loss: 0.8508 (0.851)  Acc@1: 75.0000 (75.0000)  Acc@5: 94.7917 (94.7917)
2024-11-17 18:41:02,074 -                train: [    INFO] - Valid: 408 [ 104/104]  Loss: 0.7808 (0.916)  Acc@1: 75.0000 (73.9900)  Acc@5: 93.7500 (94.1400)
2024-11-17 18:41:02,136 -                train: [    INFO] - valid_acc 73.990003 - best_valid_acc 74.620003
2024-11-17 18:41:02,838 -                train: [    INFO] - Train: 409 [   0/520]  Loss: 1.116 (1.12)  Acc@1: 76.0417 (76.0417)  Acc@5: 93.7500 (93.7500)LR: 5.747e-03
2024-11-17 18:41:19,228 -                train: [    INFO] - Train: 409 [ 200/520]  Loss: 1.249 (1.36)  Acc@1: 71.8750 (71.5122)  Acc@5: 91.6667 (92.7135)LR: 5.747e-03
2024-11-17 18:41:35,814 -                train: [    INFO] - Train: 409 [ 400/520]  Loss: 1.473 (1.39)  Acc@1: 68.7500 (71.0463)  Acc@5: 91.6667 (92.6694)LR: 5.747e-03
2024-11-17 18:41:46,228 -                train: [    INFO] - Train: 409 [ 520/520]  Loss: 1.633 (1.40)  Acc@1: 67.5000 (70.7880)  Acc@5: 92.5000 (92.5960)LR: 5.747e-03
2024-11-17 18:41:46,875 -                train: [    INFO] - Valid: 409 [   0/104]  Loss: 0.8470 (0.847)  Acc@1: 78.1250 (78.1250)  Acc@5: 94.7917 (94.7917)
2024-11-17 18:41:48,584 -                train: [    INFO] - Valid: 409 [ 104/104]  Loss: 0.6344 (0.954)  Acc@1: 81.2500 (73.4400)  Acc@5: 93.7500 (94.0100)
2024-11-17 18:41:48,650 -                train: [    INFO] - valid_acc 73.440003 - best_valid_acc 74.620003
2024-11-17 18:41:49,329 -                train: [    INFO] - Train: 410 [   0/520]  Loss: 1.379 (1.38)  Acc@1: 78.1250 (78.1250)  Acc@5: 93.7500 (93.7500)LR: 5.692e-03
2024-11-17 18:42:05,558 -                train: [    INFO] - Train: 410 [ 200/520]  Loss: 1.343 (1.36)  Acc@1: 70.8333 (71.5744)  Acc@5: 92.7083 (93.1333)LR: 5.692e-03
2024-11-17 18:42:21,650 -                train: [    INFO] - Train: 410 [ 400/520]  Loss: 1.405 (1.38)  Acc@1: 67.7083 (71.2542)  Acc@5: 90.6250 (92.8330)LR: 5.692e-03
2024-11-17 18:42:31,438 -                train: [    INFO] - Train: 410 [ 520/520]  Loss: 1.252 (1.38)  Acc@1: 73.7500 (71.3220)  Acc@5: 97.5000 (92.8540)LR: 5.692e-03
2024-11-17 18:42:32,085 -                train: [    INFO] - Valid: 410 [   0/104]  Loss: 0.8131 (0.813)  Acc@1: 79.1667 (79.1667)  Acc@5: 95.8333 (95.8333)
2024-11-17 18:42:33,814 -                train: [    INFO] - Valid: 410 [ 104/104]  Loss: 0.7737 (0.899)  Acc@1: 75.0000 (74.0900)  Acc@5: 93.7500 (94.4000)
2024-11-17 18:42:33,884 -                train: [    INFO] - valid_acc 74.090003 - best_valid_acc 74.620003
2024-11-17 18:42:34,559 -                train: [    INFO] - Train: 411 [   0/520]  Loss: 1.271 (1.27)  Acc@1: 75.0000 (75.0000)  Acc@5: 92.7083 (92.7083)LR: 5.637e-03
2024-11-17 18:42:50,988 -                train: [    INFO] - Train: 411 [ 200/520]  Loss: 1.371 (1.37)  Acc@1: 68.7500 (71.3827)  Acc@5: 93.7500 (93.0452)LR: 5.637e-03
2024-11-17 18:43:07,150 -                train: [    INFO] - Train: 411 [ 400/520]  Loss: 1.337 (1.37)  Acc@1: 73.9583 (71.6022)  Acc@5: 93.7500 (92.9785)LR: 5.637e-03
2024-11-17 18:43:17,093 -                train: [    INFO] - Train: 411 [ 520/520]  Loss: 1.871 (1.38)  Acc@1: 57.5000 (71.3840)  Acc@5: 87.5000 (92.9560)LR: 5.637e-03
2024-11-17 18:43:17,760 -                train: [    INFO] - Valid: 411 [   0/104]  Loss: 0.8763 (0.876)  Acc@1: 75.0000 (75.0000)  Acc@5: 94.7917 (94.7917)
2024-11-17 18:43:19,483 -                train: [    INFO] - Valid: 411 [ 104/104]  Loss: 0.8654 (0.925)  Acc@1: 75.0000 (74.0500)  Acc@5: 87.5000 (94.2300)
2024-11-17 18:43:19,548 -                train: [    INFO] - valid_acc 74.050002 - best_valid_acc 74.620003
2024-11-17 18:43:20,222 -                train: [    INFO] - Train: 412 [   0/520]  Loss: 1.456 (1.46)  Acc@1: 71.8750 (71.8750)  Acc@5: 90.6250 (90.6250)LR: 5.583e-03
2024-11-17 18:43:35,663 -                train: [    INFO] - Train: 412 [ 200/520]  Loss: 1.413 (1.37)  Acc@1: 69.7917 (71.6625)  Acc@5: 89.5833 (92.7394)LR: 5.583e-03
2024-11-17 18:43:52,109 -                train: [    INFO] - Train: 412 [ 400/520]  Loss: 1.403 (1.38)  Acc@1: 64.5833 (71.3139)  Acc@5: 95.8333 (92.8174)LR: 5.583e-03
2024-11-17 18:44:02,230 -                train: [    INFO] - Train: 412 [ 520/520]  Loss: 1.304 (1.38)  Acc@1: 75.0000 (71.2160)  Acc@5: 92.5000 (92.7740)LR: 5.583e-03
2024-11-17 18:44:02,921 -                train: [    INFO] - Valid: 412 [   0/104]  Loss: 0.7789 (0.779)  Acc@1: 77.0833 (77.0833)  Acc@5: 95.8333 (95.8333)
2024-11-17 18:44:04,682 -                train: [    INFO] - Valid: 412 [ 104/104]  Loss: 0.7506 (0.919)  Acc@1: 81.2500 (74.0300)  Acc@5: 93.7500 (94.3600)
2024-11-17 18:44:04,744 -                train: [    INFO] - valid_acc 74.030003 - best_valid_acc 74.620003
2024-11-17 18:44:05,407 -                train: [    INFO] - Train: 413 [   0/520]  Loss: 1.358 (1.36)  Acc@1: 72.9167 (72.9167)  Acc@5: 94.7917 (94.7917)LR: 5.528e-03
2024-11-17 18:44:21,667 -                train: [    INFO] - Train: 413 [ 200/520]  Loss: 1.168 (1.38)  Acc@1: 77.0833 (71.1961)  Acc@5: 95.8333 (92.8742)LR: 5.528e-03
2024-11-17 18:44:37,988 -                train: [    INFO] - Train: 413 [ 400/520]  Loss: 1.276 (1.38)  Acc@1: 76.0417 (71.1632)  Acc@5: 96.8750 (92.7863)LR: 5.528e-03
2024-11-17 18:44:47,860 -                train: [    INFO] - Train: 413 [ 520/520]  Loss: 1.395 (1.39)  Acc@1: 71.2500 (71.2360)  Acc@5: 95.0000 (92.7480)LR: 5.528e-03
2024-11-17 18:44:48,528 -                train: [    INFO] - Valid: 413 [   0/104]  Loss: 0.7644 (0.764)  Acc@1: 78.1250 (78.1250)  Acc@5: 95.8333 (95.8333)
2024-11-17 18:44:50,225 -                train: [    INFO] - Valid: 413 [ 104/104]  Loss: 0.8642 (0.893)  Acc@1: 75.0000 (74.7700)  Acc@5: 87.5000 (94.6000)
2024-11-17 18:44:50,345 -                train: [    INFO] - valid_acc 74.770003 - best_valid_acc 74.770003
2024-11-17 18:44:51,028 -                train: [    INFO] - Train: 414 [   0/520]  Loss: 1.259 (1.26)  Acc@1: 71.8750 (71.8750)  Acc@5: 94.7917 (94.7917)LR: 5.474e-03
2024-11-17 18:45:07,478 -                train: [    INFO] - Train: 414 [ 200/520]  Loss: 1.387 (1.36)  Acc@1: 64.5833 (71.8284)  Acc@5: 92.7083 (93.1488)LR: 5.474e-03
2024-11-17 18:45:23,883 -                train: [    INFO] - Train: 414 [ 400/520]  Loss: 1.449 (1.37)  Acc@1: 76.0417 (71.6724)  Acc@5: 91.6667 (93.0227)LR: 5.474e-03
2024-11-17 18:45:33,800 -                train: [    INFO] - Train: 414 [ 520/520]  Loss: 1.252 (1.37)  Acc@1: 72.5000 (71.4940)  Acc@5: 93.7500 (93.0060)LR: 5.474e-03
2024-11-17 18:45:34,498 -                train: [    INFO] - Valid: 414 [   0/104]  Loss: 0.8347 (0.835)  Acc@1: 76.0417 (76.0417)  Acc@5: 93.7500 (93.7500)
2024-11-17 18:45:36,256 -                train: [    INFO] - Valid: 414 [ 104/104]  Loss: 0.8863 (0.922)  Acc@1: 75.0000 (74.3700)  Acc@5: 87.5000 (94.2500)
2024-11-17 18:45:36,322 -                train: [    INFO] - valid_acc 74.370002 - best_valid_acc 74.770003
2024-11-17 18:45:37,018 -                train: [    INFO] - Train: 415 [   0/520]  Loss: 1.497 (1.50)  Acc@1: 69.7917 (69.7917)  Acc@5: 90.6250 (90.6250)LR: 5.420e-03
2024-11-17 18:45:53,400 -                train: [    INFO] - Train: 415 [ 200/520]  Loss: 1.526 (1.36)  Acc@1: 67.7083 (71.1184)  Acc@5: 93.7500 (93.1022)LR: 5.420e-03
2024-11-17 18:46:09,916 -                train: [    INFO] - Train: 415 [ 400/520]  Loss: 1.362 (1.37)  Acc@1: 70.8333 (71.2100)  Acc@5: 90.6250 (92.9265)LR: 5.420e-03
2024-11-17 18:46:19,800 -                train: [    INFO] - Train: 415 [ 520/520]  Loss: 1.338 (1.37)  Acc@1: 67.5000 (71.1800)  Acc@5: 95.0000 (92.9380)LR: 5.420e-03
2024-11-17 18:46:20,454 -                train: [    INFO] - Valid: 415 [   0/104]  Loss: 0.8410 (0.841)  Acc@1: 76.0417 (76.0417)  Acc@5: 94.7917 (94.7917)
2024-11-17 18:46:22,243 -                train: [    INFO] - Valid: 415 [ 104/104]  Loss: 1.043 (0.903)  Acc@1: 75.0000 (74.6100)  Acc@5: 93.7500 (94.2300)
2024-11-17 18:46:22,314 -                train: [    INFO] - valid_acc 74.610002 - best_valid_acc 74.770003
2024-11-17 18:46:23,021 -                train: [    INFO] - Train: 416 [   0/520]  Loss: 1.428 (1.43)  Acc@1: 70.8333 (70.8333)  Acc@5: 93.7500 (93.7500)LR: 5.366e-03
2024-11-17 18:46:39,095 -                train: [    INFO] - Train: 416 [ 200/520]  Loss: 1.735 (1.36)  Acc@1: 66.6667 (71.9631)  Acc@5: 89.5833 (92.8483)LR: 5.366e-03
2024-11-17 18:46:55,316 -                train: [    INFO] - Train: 416 [ 400/520]  Loss: 1.459 (1.36)  Acc@1: 66.6667 (71.6334)  Acc@5: 90.6250 (92.9967)LR: 5.366e-03
2024-11-17 18:47:05,331 -                train: [    INFO] - Train: 416 [ 520/520]  Loss: 1.214 (1.37)  Acc@1: 73.7500 (71.6000)  Acc@5: 96.2500 (92.8200)LR: 5.366e-03
2024-11-17 18:47:05,980 -                train: [    INFO] - Valid: 416 [   0/104]  Loss: 0.8776 (0.878)  Acc@1: 78.1250 (78.1250)  Acc@5: 95.8333 (95.8333)
2024-11-17 18:47:07,714 -                train: [    INFO] - Valid: 416 [ 104/104]  Loss: 0.9036 (0.917)  Acc@1: 75.0000 (73.8500)  Acc@5: 87.5000 (94.1100)
2024-11-17 18:47:07,776 -                train: [    INFO] - valid_acc 73.850002 - best_valid_acc 74.770003
2024-11-17 18:47:08,476 -                train: [    INFO] - Train: 417 [   0/520]  Loss: 1.251 (1.25)  Acc@1: 69.7917 (69.7917)  Acc@5: 96.8750 (96.8750)LR: 5.312e-03
2024-11-17 18:47:24,654 -                train: [    INFO] - Train: 417 [ 200/520]  Loss: 1.042 (1.36)  Acc@1: 77.0833 (71.9216)  Acc@5: 97.9167 (92.8845)LR: 5.312e-03
2024-11-17 18:47:40,926 -                train: [    INFO] - Train: 417 [ 400/520]  Loss: 1.298 (1.37)  Acc@1: 76.0417 (71.5191)  Acc@5: 93.7500 (92.8252)LR: 5.312e-03
2024-11-17 18:47:50,821 -                train: [    INFO] - Train: 417 [ 520/520]  Loss: 1.568 (1.38)  Acc@1: 63.7500 (71.3040)  Acc@5: 93.7500 (92.8200)LR: 5.312e-03
2024-11-17 18:47:51,464 -                train: [    INFO] - Valid: 417 [   0/104]  Loss: 0.8940 (0.894)  Acc@1: 79.1667 (79.1667)  Acc@5: 94.7917 (94.7917)
2024-11-17 18:47:53,275 -                train: [    INFO] - Valid: 417 [ 104/104]  Loss: 0.9909 (0.919)  Acc@1: 75.0000 (74.1700)  Acc@5: 93.7500 (94.0900)
2024-11-17 18:47:53,335 -                train: [    INFO] - valid_acc 74.170002 - best_valid_acc 74.770003
2024-11-17 18:47:54,036 -                train: [    INFO] - Train: 418 [   0/520]  Loss: 1.364 (1.36)  Acc@1: 70.8333 (70.8333)  Acc@5: 96.8750 (96.8750)LR: 5.259e-03
2024-11-17 18:48:10,569 -                train: [    INFO] - Train: 418 [ 200/520]  Loss: 1.302 (1.34)  Acc@1: 75.0000 (72.0512)  Acc@5: 94.7917 (93.4183)LR: 5.259e-03
2024-11-17 18:48:26,800 -                train: [    INFO] - Train: 418 [ 400/520]  Loss: 1.399 (1.35)  Acc@1: 69.7917 (71.7010)  Acc@5: 92.7083 (93.2928)LR: 5.259e-03
2024-11-17 18:48:36,637 -                train: [    INFO] - Train: 418 [ 520/520]  Loss: 1.405 (1.36)  Acc@1: 71.2500 (71.7700)  Acc@5: 87.5000 (93.2240)LR: 5.259e-03
2024-11-17 18:48:37,302 -                train: [    INFO] - Valid: 418 [   0/104]  Loss: 0.8147 (0.815)  Acc@1: 79.1667 (79.1667)  Acc@5: 92.7083 (92.7083)
2024-11-17 18:48:39,024 -                train: [    INFO] - Valid: 418 [ 104/104]  Loss: 1.039 (0.904)  Acc@1: 75.0000 (74.4600)  Acc@5: 81.2500 (94.0600)
2024-11-17 18:48:39,086 -                train: [    INFO] - valid_acc 74.460003 - best_valid_acc 74.770003
2024-11-17 18:48:39,761 -                train: [    INFO] - Train: 419 [   0/520]  Loss: 1.208 (1.21)  Acc@1: 71.8750 (71.8750)  Acc@5: 92.7083 (92.7083)LR: 5.206e-03
2024-11-17 18:48:56,399 -                train: [    INFO] - Train: 419 [ 200/520]  Loss: 1.347 (1.35)  Acc@1: 70.8333 (71.9424)  Acc@5: 92.7083 (92.8845)LR: 5.206e-03
2024-11-17 18:49:12,860 -                train: [    INFO] - Train: 419 [ 400/520]  Loss: 1.360 (1.36)  Acc@1: 71.8750 (71.6698)  Acc@5: 91.6667 (92.9265)LR: 5.206e-03
2024-11-17 18:49:22,642 -                train: [    INFO] - Train: 419 [ 520/520]  Loss: 1.378 (1.36)  Acc@1: 76.2500 (71.5400)  Acc@5: 95.0000 (92.8360)LR: 5.206e-03
2024-11-17 18:49:23,303 -                train: [    INFO] - Valid: 419 [   0/104]  Loss: 0.8144 (0.814)  Acc@1: 82.2917 (82.2917)  Acc@5: 94.7917 (94.7917)
2024-11-17 18:49:24,990 -                train: [    INFO] - Valid: 419 [ 104/104]  Loss: 0.7801 (0.907)  Acc@1: 81.2500 (74.9600)  Acc@5: 93.7500 (94.1000)
2024-11-17 18:49:25,135 -                train: [    INFO] - valid_acc 74.960003 - best_valid_acc 74.960003
2024-11-17 18:49:25,845 -                train: [    INFO] - Train: 420 [   0/520]  Loss: 1.305 (1.30)  Acc@1: 68.7500 (68.7500)  Acc@5: 95.8333 (95.8333)LR: 5.153e-03
2024-11-17 18:49:42,263 -                train: [    INFO] - Train: 420 [ 200/520]  Loss: 1.341 (1.34)  Acc@1: 75.0000 (72.3103)  Acc@5: 92.7083 (93.2629)LR: 5.153e-03
2024-11-17 18:49:58,552 -                train: [    INFO] - Train: 420 [ 400/520]  Loss: 1.051 (1.35)  Acc@1: 80.2083 (71.8620)  Acc@5: 96.8750 (93.2616)LR: 5.153e-03
2024-11-17 18:50:08,717 -                train: [    INFO] - Train: 420 [ 520/520]  Loss: 1.607 (1.36)  Acc@1: 65.0000 (71.5780)  Acc@5: 91.2500 (93.1400)LR: 5.153e-03
2024-11-17 18:50:09,380 -                train: [    INFO] - Valid: 420 [   0/104]  Loss: 0.9298 (0.930)  Acc@1: 78.1250 (78.1250)  Acc@5: 92.7083 (92.7083)
2024-11-17 18:50:11,084 -                train: [    INFO] - Valid: 420 [ 104/104]  Loss: 0.9750 (0.901)  Acc@1: 75.0000 (74.2700)  Acc@5: 93.7500 (94.2700)
2024-11-17 18:50:11,149 -                train: [    INFO] - valid_acc 74.270002 - best_valid_acc 74.960003
2024-11-17 18:50:11,821 -                train: [    INFO] - Train: 421 [   0/520]  Loss: 1.344 (1.34)  Acc@1: 71.8750 (71.8750)  Acc@5: 93.7500 (93.7500)LR: 5.100e-03
2024-11-17 18:50:28,418 -                train: [    INFO] - Train: 421 [ 200/520]  Loss: 1.468 (1.34)  Acc@1: 72.9167 (72.0719)  Acc@5: 91.6667 (93.2577)LR: 5.100e-03
2024-11-17 18:50:44,999 -                train: [    INFO] - Train: 421 [ 400/520]  Loss: 1.151 (1.35)  Acc@1: 75.0000 (71.9062)  Acc@5: 97.9167 (93.1240)LR: 5.100e-03
2024-11-17 18:50:55,051 -                train: [    INFO] - Train: 421 [ 520/520]  Loss: 1.467 (1.35)  Acc@1: 73.7500 (71.8580)  Acc@5: 91.2500 (93.0500)LR: 5.100e-03
2024-11-17 18:50:55,737 -                train: [    INFO] - Valid: 421 [   0/104]  Loss: 0.9299 (0.930)  Acc@1: 75.0000 (75.0000)  Acc@5: 89.5833 (89.5833)
2024-11-17 18:50:57,522 -                train: [    INFO] - Valid: 421 [ 104/104]  Loss: 0.8890 (0.920)  Acc@1: 75.0000 (74.3800)  Acc@5: 93.7500 (94.0100)
2024-11-17 18:50:57,584 -                train: [    INFO] - valid_acc 74.380002 - best_valid_acc 74.960003
2024-11-17 18:50:58,272 -                train: [    INFO] - Train: 422 [   0/520]  Loss: 1.360 (1.36)  Acc@1: 73.9583 (73.9583)  Acc@5: 90.6250 (90.6250)LR: 5.047e-03
2024-11-17 18:51:14,795 -                train: [    INFO] - Train: 422 [ 200/520]  Loss: 1.038 (1.33)  Acc@1: 77.0833 (72.5124)  Acc@5: 94.7917 (93.2421)LR: 5.047e-03
2024-11-17 18:51:31,104 -                train: [    INFO] - Train: 422 [ 400/520]  Loss: 1.464 (1.35)  Acc@1: 65.6250 (71.6776)  Acc@5: 92.7083 (93.1292)LR: 5.047e-03
2024-11-17 18:51:40,949 -                train: [    INFO] - Train: 422 [ 520/520]  Loss: 1.450 (1.35)  Acc@1: 70.0000 (71.7300)  Acc@5: 91.2500 (93.1060)LR: 5.047e-03
2024-11-17 18:51:41,624 -                train: [    INFO] - Valid: 422 [   0/104]  Loss: 0.9176 (0.918)  Acc@1: 73.9583 (73.9583)  Acc@5: 92.7083 (92.7083)
2024-11-17 18:51:43,346 -                train: [    INFO] - Valid: 422 [ 104/104]  Loss: 0.8696 (0.924)  Acc@1: 75.0000 (73.6200)  Acc@5: 93.7500 (94.0300)
2024-11-17 18:51:43,406 -                train: [    INFO] - valid_acc 73.620003 - best_valid_acc 74.960003
2024-11-17 18:51:44,049 -                train: [    INFO] - Train: 423 [   0/520]  Loss: 1.411 (1.41)  Acc@1: 75.0000 (75.0000)  Acc@5: 89.5833 (89.5833)LR: 4.995e-03
2024-11-17 18:52:00,662 -                train: [    INFO] - Train: 423 [ 200/520]  Loss: 1.410 (1.32)  Acc@1: 67.7083 (72.1911)  Acc@5: 93.7500 (93.5790)LR: 4.995e-03
2024-11-17 18:52:17,173 -                train: [    INFO] - Train: 423 [ 400/520]  Loss: 1.708 (1.34)  Acc@1: 63.5417 (71.7971)  Acc@5: 91.6667 (93.2824)LR: 4.995e-03
2024-11-17 18:52:27,332 -                train: [    INFO] - Train: 423 [ 520/520]  Loss: 1.428 (1.35)  Acc@1: 70.0000 (71.6000)  Acc@5: 88.7500 (93.2060)LR: 4.995e-03
2024-11-17 18:52:27,995 -                train: [    INFO] - Valid: 423 [   0/104]  Loss: 0.7990 (0.799)  Acc@1: 79.1667 (79.1667)  Acc@5: 93.7500 (93.7500)
2024-11-17 18:52:29,695 -                train: [    INFO] - Valid: 423 [ 104/104]  Loss: 1.066 (0.911)  Acc@1: 75.0000 (74.5200)  Acc@5: 87.5000 (94.2400)
2024-11-17 18:52:29,752 -                train: [    INFO] - valid_acc 74.520003 - best_valid_acc 74.960003
2024-11-17 18:52:30,440 -                train: [    INFO] - Train: 424 [   0/520]  Loss: 1.580 (1.58)  Acc@1: 64.5833 (64.5833)  Acc@5: 92.7083 (92.7083)LR: 4.943e-03
2024-11-17 18:52:46,836 -                train: [    INFO] - Train: 424 [ 200/520]  Loss: 1.320 (1.33)  Acc@1: 73.9583 (72.6783)  Acc@5: 94.7917 (93.3354)LR: 4.943e-03
2024-11-17 18:53:03,416 -                train: [    INFO] - Train: 424 [ 400/520]  Loss: 1.200 (1.34)  Acc@1: 77.0833 (72.1919)  Acc@5: 93.7500 (93.1681)LR: 4.943e-03
2024-11-17 18:53:13,352 -                train: [    INFO] - Train: 424 [ 520/520]  Loss: 1.379 (1.35)  Acc@1: 66.2500 (71.9960)  Acc@5: 91.2500 (93.2040)LR: 4.943e-03
2024-11-17 18:53:14,022 -                train: [    INFO] - Valid: 424 [   0/104]  Loss: 0.8529 (0.853)  Acc@1: 75.0000 (75.0000)  Acc@5: 93.7500 (93.7500)
2024-11-17 18:53:15,813 -                train: [    INFO] - Valid: 424 [ 104/104]  Loss: 1.113 (0.902)  Acc@1: 75.0000 (74.7000)  Acc@5: 93.7500 (94.2500)
2024-11-17 18:53:15,877 -                train: [    INFO] - valid_acc 74.700003 - best_valid_acc 74.960003
2024-11-17 18:53:16,572 -                train: [    INFO] - Train: 425 [   0/520]  Loss: 1.398 (1.40)  Acc@1: 71.8750 (71.8750)  Acc@5: 92.7083 (92.7083)LR: 4.890e-03
2024-11-17 18:53:33,172 -                train: [    INFO] - Train: 425 [ 200/520]  Loss: 1.450 (1.33)  Acc@1: 71.8750 (72.4969)  Acc@5: 93.7500 (93.0918)LR: 4.890e-03
2024-11-17 18:53:49,368 -                train: [    INFO] - Train: 425 [ 400/520]  Loss: 1.756 (1.33)  Acc@1: 62.5000 (72.2906)  Acc@5: 86.4583 (93.2227)LR: 4.890e-03
2024-11-17 18:53:59,348 -                train: [    INFO] - Train: 425 [ 520/520]  Loss: 1.401 (1.35)  Acc@1: 72.5000 (72.1040)  Acc@5: 97.5000 (93.1520)LR: 4.890e-03
2024-11-17 18:54:00,032 -                train: [    INFO] - Valid: 425 [   0/104]  Loss: 0.8873 (0.887)  Acc@1: 77.0833 (77.0833)  Acc@5: 92.7083 (92.7083)
2024-11-17 18:54:01,779 -                train: [    INFO] - Valid: 425 [ 104/104]  Loss: 0.8914 (0.902)  Acc@1: 75.0000 (74.7100)  Acc@5: 93.7500 (94.4400)
2024-11-17 18:54:01,845 -                train: [    INFO] - valid_acc 74.710003 - best_valid_acc 74.960003
2024-11-17 18:54:02,570 -                train: [    INFO] - Train: 426 [   0/520]  Loss: 1.180 (1.18)  Acc@1: 77.0833 (77.0833)  Acc@5: 95.8333 (95.8333)LR: 4.839e-03
2024-11-17 18:54:19,238 -                train: [    INFO] - Train: 426 [ 200/520]  Loss: 1.333 (1.33)  Acc@1: 70.8333 (72.0978)  Acc@5: 93.7500 (93.3561)LR: 4.839e-03
2024-11-17 18:54:35,449 -                train: [    INFO] - Train: 426 [ 400/520]  Loss: 1.172 (1.33)  Acc@1: 70.8333 (72.1244)  Acc@5: 93.7500 (93.3422)LR: 4.839e-03
2024-11-17 18:54:45,643 -                train: [    INFO] - Train: 426 [ 520/520]  Loss: 1.901 (1.34)  Acc@1: 65.0000 (72.1160)  Acc@5: 87.5000 (93.3180)LR: 4.839e-03
2024-11-17 18:54:46,329 -                train: [    INFO] - Valid: 426 [   0/104]  Loss: 0.8084 (0.808)  Acc@1: 79.1667 (79.1667)  Acc@5: 92.7083 (92.7083)
2024-11-17 18:54:48,049 -                train: [    INFO] - Valid: 426 [ 104/104]  Loss: 0.8094 (0.911)  Acc@1: 68.7500 (74.5500)  Acc@5: 100.0000 (94.1600)
2024-11-17 18:54:48,108 -                train: [    INFO] - valid_acc 74.550003 - best_valid_acc 74.960003
2024-11-17 18:54:48,818 -                train: [    INFO] - Train: 427 [   0/520]  Loss: 1.318 (1.32)  Acc@1: 68.7500 (68.7500)  Acc@5: 95.8333 (95.8333)LR: 4.787e-03
2024-11-17 18:55:04,893 -                train: [    INFO] - Train: 427 [ 200/520]  Loss: 1.418 (1.31)  Acc@1: 72.9167 (72.6990)  Acc@5: 93.7500 (93.5479)LR: 4.787e-03
2024-11-17 18:55:20,880 -                train: [    INFO] - Train: 427 [ 400/520]  Loss: 1.144 (1.33)  Acc@1: 72.9167 (72.2906)  Acc@5: 93.7500 (93.3006)LR: 4.787e-03
2024-11-17 18:55:30,866 -                train: [    INFO] - Train: 427 [ 520/520]  Loss: 1.148 (1.34)  Acc@1: 73.7500 (72.0460)  Acc@5: 95.0000 (93.2040)LR: 4.787e-03
2024-11-17 18:55:31,492 -                train: [    INFO] - Valid: 427 [   0/104]  Loss: 0.8329 (0.833)  Acc@1: 78.1250 (78.1250)  Acc@5: 93.7500 (93.7500)
2024-11-17 18:55:33,117 -                train: [    INFO] - Valid: 427 [ 104/104]  Loss: 0.9920 (0.931)  Acc@1: 75.0000 (74.2100)  Acc@5: 87.5000 (94.1800)
2024-11-17 18:55:33,181 -                train: [    INFO] - valid_acc 74.210002 - best_valid_acc 74.960003
2024-11-17 18:55:33,839 -                train: [    INFO] - Train: 428 [   0/520]  Loss: 1.404 (1.40)  Acc@1: 70.8333 (70.8333)  Acc@5: 91.6667 (91.6667)LR: 4.736e-03
2024-11-17 18:55:50,188 -                train: [    INFO] - Train: 428 [ 200/520]  Loss: 1.477 (1.35)  Acc@1: 66.6667 (71.9165)  Acc@5: 92.7083 (93.0037)LR: 4.736e-03
2024-11-17 18:56:06,697 -                train: [    INFO] - Train: 428 [ 400/520]  Loss: 1.150 (1.34)  Acc@1: 72.9167 (72.0984)  Acc@5: 94.7917 (93.1473)LR: 4.736e-03
2024-11-17 18:56:16,702 -                train: [    INFO] - Train: 428 [ 520/520]  Loss: 1.227 (1.35)  Acc@1: 77.5000 (72.0140)  Acc@5: 92.5000 (93.1220)LR: 4.736e-03
2024-11-17 18:56:17,361 -                train: [    INFO] - Valid: 428 [   0/104]  Loss: 0.8647 (0.865)  Acc@1: 75.0000 (75.0000)  Acc@5: 94.7917 (94.7917)
2024-11-17 18:56:18,936 -                train: [    INFO] - Valid: 428 [ 104/104]  Loss: 1.150 (0.904)  Acc@1: 75.0000 (74.7400)  Acc@5: 87.5000 (94.4100)
2024-11-17 18:56:18,996 -                train: [    INFO] - valid_acc 74.740002 - best_valid_acc 74.960003
2024-11-17 18:56:19,632 -                train: [    INFO] - Train: 429 [   0/520]  Loss: 1.048 (1.05)  Acc@1: 80.2083 (80.2083)  Acc@5: 97.9167 (97.9167)LR: 4.684e-03
2024-11-17 18:56:36,172 -                train: [    INFO] - Train: 429 [ 200/520]  Loss: 1.504 (1.34)  Acc@1: 65.6250 (72.2689)  Acc@5: 93.7500 (93.2214)LR: 4.684e-03
2024-11-17 18:56:52,507 -                train: [    INFO] - Train: 429 [ 400/520]  Loss: 1.296 (1.34)  Acc@1: 72.9167 (72.1088)  Acc@5: 95.8333 (93.0876)LR: 4.684e-03
2024-11-17 18:57:02,602 -                train: [    INFO] - Train: 429 [ 520/520]  Loss: 1.504 (1.35)  Acc@1: 65.0000 (71.9520)  Acc@5: 93.7500 (93.0420)LR: 4.684e-03
2024-11-17 18:57:03,277 -                train: [    INFO] - Valid: 429 [   0/104]  Loss: 0.8544 (0.854)  Acc@1: 79.1667 (79.1667)  Acc@5: 94.7917 (94.7917)
2024-11-17 18:57:04,821 -                train: [    INFO] - Valid: 429 [ 104/104]  Loss: 1.201 (0.928)  Acc@1: 68.7500 (74.3800)  Acc@5: 81.2500 (94.3300)
2024-11-17 18:57:04,882 -                train: [    INFO] - valid_acc 74.380003 - best_valid_acc 74.960003
2024-11-17 18:57:05,579 -                train: [    INFO] - Train: 430 [   0/520]  Loss: 1.333 (1.33)  Acc@1: 75.0000 (75.0000)  Acc@5: 94.7917 (94.7917)LR: 4.633e-03
2024-11-17 18:57:21,933 -                train: [    INFO] - Train: 430 [ 200/520]  Loss: 1.263 (1.32)  Acc@1: 72.9167 (72.6679)  Acc@5: 95.8333 (93.2991)LR: 4.633e-03
2024-11-17 18:57:37,987 -                train: [    INFO] - Train: 430 [ 400/520]  Loss: 1.795 (1.33)  Acc@1: 63.5417 (72.2647)  Acc@5: 87.5000 (93.1889)LR: 4.633e-03
2024-11-17 18:57:47,546 -                train: [    INFO] - Train: 430 [ 520/520]  Loss: 1.173 (1.34)  Acc@1: 76.2500 (72.1860)  Acc@5: 97.5000 (93.1700)LR: 4.633e-03
2024-11-17 18:57:48,258 -                train: [    INFO] - Valid: 430 [   0/104]  Loss: 0.8122 (0.812)  Acc@1: 76.0417 (76.0417)  Acc@5: 92.7083 (92.7083)
2024-11-17 18:57:49,973 -                train: [    INFO] - Valid: 430 [ 104/104]  Loss: 1.097 (0.907)  Acc@1: 81.2500 (74.2200)  Acc@5: 87.5000 (94.1900)
2024-11-17 18:57:50,047 -                train: [    INFO] - valid_acc 74.220003 - best_valid_acc 74.960003
2024-11-17 18:57:50,751 -                train: [    INFO] - Train: 431 [   0/520]  Loss: 1.459 (1.46)  Acc@1: 65.6250 (65.6250)  Acc@5: 90.6250 (90.6250)LR: 4.583e-03
2024-11-17 18:58:07,137 -                train: [    INFO] - Train: 431 [ 200/520]  Loss: 1.150 (1.31)  Acc@1: 79.1667 (72.8389)  Acc@5: 95.8333 (93.5323)LR: 4.583e-03
2024-11-17 18:58:24,061 -                train: [    INFO] - Train: 431 [ 400/520]  Loss: 1.254 (1.32)  Acc@1: 71.8750 (72.6205)  Acc@5: 94.7917 (93.4721)LR: 4.583e-03
2024-11-17 18:58:34,228 -                train: [    INFO] - Train: 431 [ 520/520]  Loss: 1.537 (1.33)  Acc@1: 68.7500 (72.4080)  Acc@5: 93.7500 (93.3660)LR: 4.583e-03
2024-11-17 18:58:34,909 -                train: [    INFO] - Valid: 431 [   0/104]  Loss: 0.8507 (0.851)  Acc@1: 79.1667 (79.1667)  Acc@5: 92.7083 (92.7083)
2024-11-17 18:58:36,700 -                train: [    INFO] - Valid: 431 [ 104/104]  Loss: 1.177 (0.908)  Acc@1: 75.0000 (74.2400)  Acc@5: 87.5000 (94.3500)
2024-11-17 18:58:36,759 -                train: [    INFO] - valid_acc 74.240003 - best_valid_acc 74.960003
2024-11-17 18:58:37,425 -                train: [    INFO] - Train: 432 [   0/520]  Loss: 1.383 (1.38)  Acc@1: 68.7500 (68.7500)  Acc@5: 93.7500 (93.7500)LR: 4.532e-03
2024-11-17 18:58:53,883 -                train: [    INFO] - Train: 432 [ 200/520]  Loss: 1.250 (1.32)  Acc@1: 69.7917 (72.7819)  Acc@5: 96.8750 (93.4131)LR: 4.532e-03
2024-11-17 18:59:10,133 -                train: [    INFO] - Train: 432 [ 400/520]  Loss: 1.254 (1.33)  Acc@1: 67.7083 (72.3192)  Acc@5: 92.7083 (93.3110)LR: 4.532e-03
2024-11-17 18:59:20,181 -                train: [    INFO] - Train: 432 [ 520/520]  Loss: 1.458 (1.34)  Acc@1: 68.7500 (72.1360)  Acc@5: 91.2500 (93.1920)LR: 4.532e-03
2024-11-17 18:59:20,851 -                train: [    INFO] - Valid: 432 [   0/104]  Loss: 0.7832 (0.783)  Acc@1: 80.2083 (80.2083)  Acc@5: 93.7500 (93.7500)
2024-11-17 18:59:22,521 -                train: [    INFO] - Valid: 432 [ 104/104]  Loss: 1.129 (0.895)  Acc@1: 75.0000 (74.5100)  Acc@5: 87.5000 (94.5400)
2024-11-17 18:59:22,583 -                train: [    INFO] - valid_acc 74.510003 - best_valid_acc 74.960003
2024-11-17 18:59:23,288 -                train: [    INFO] - Train: 433 [   0/520]  Loss: 1.210 (1.21)  Acc@1: 72.9167 (72.9167)  Acc@5: 95.8333 (95.8333)LR: 4.482e-03
2024-11-17 18:59:39,741 -                train: [    INFO] - Train: 433 [ 200/520]  Loss: 1.885 (1.32)  Acc@1: 63.5417 (72.4140)  Acc@5: 83.3333 (93.1437)LR: 4.482e-03
2024-11-17 18:59:55,924 -                train: [    INFO] - Train: 433 [ 400/520]  Loss: 1.348 (1.32)  Acc@1: 71.8750 (72.4777)  Acc@5: 96.8750 (93.3474)LR: 4.482e-03
2024-11-17 19:00:06,050 -                train: [    INFO] - Train: 433 [ 520/520]  Loss: 1.601 (1.33)  Acc@1: 63.7500 (72.3600)  Acc@5: 90.0000 (93.3280)LR: 4.482e-03
2024-11-17 19:00:06,702 -                train: [    INFO] - Valid: 433 [   0/104]  Loss: 0.8775 (0.878)  Acc@1: 79.1667 (79.1667)  Acc@5: 92.7083 (92.7083)
2024-11-17 19:00:08,360 -                train: [    INFO] - Valid: 433 [ 104/104]  Loss: 1.117 (0.886)  Acc@1: 75.0000 (74.4800)  Acc@5: 87.5000 (94.7500)
2024-11-17 19:00:08,423 -                train: [    INFO] - valid_acc 74.480003 - best_valid_acc 74.960003
2024-11-17 19:00:09,123 -                train: [    INFO] - Train: 434 [   0/520]  Loss: 1.256 (1.26)  Acc@1: 71.8750 (71.8750)  Acc@5: 94.7917 (94.7917)LR: 4.432e-03
2024-11-17 19:00:25,810 -                train: [    INFO] - Train: 434 [ 200/520]  Loss: 1.123 (1.32)  Acc@1: 77.0833 (72.5124)  Acc@5: 95.8333 (93.1851)LR: 4.432e-03
2024-11-17 19:00:42,276 -                train: [    INFO] - Train: 434 [ 400/520]  Loss: 1.085 (1.33)  Acc@1: 81.2500 (72.2335)  Acc@5: 95.8333 (93.1941)LR: 4.432e-03
2024-11-17 19:00:51,659 -                train: [    INFO] - Train: 434 [ 520/520]  Loss: 1.068 (1.33)  Acc@1: 80.0000 (72.1340)  Acc@5: 97.5000 (93.2220)LR: 4.432e-03
2024-11-17 19:00:52,325 -                train: [    INFO] - Valid: 434 [   0/104]  Loss: 0.8537 (0.854)  Acc@1: 77.0833 (77.0833)  Acc@5: 93.7500 (93.7500)
2024-11-17 19:00:53,942 -                train: [    INFO] - Valid: 434 [ 104/104]  Loss: 1.148 (0.908)  Acc@1: 75.0000 (74.3100)  Acc@5: 93.7500 (94.4600)
2024-11-17 19:00:54,005 -                train: [    INFO] - valid_acc 74.310002 - best_valid_acc 74.960003
2024-11-17 19:00:54,688 -                train: [    INFO] - Train: 435 [   0/520]  Loss: 1.378 (1.38)  Acc@1: 67.7083 (67.7083)  Acc@5: 93.7500 (93.7500)LR: 4.382e-03
2024-11-17 19:01:10,931 -                train: [    INFO] - Train: 435 [ 200/520]  Loss: 1.301 (1.30)  Acc@1: 70.8333 (73.1291)  Acc@5: 91.6667 (93.5012)LR: 4.382e-03
2024-11-17 19:01:27,420 -                train: [    INFO] - Train: 435 [ 400/520]  Loss: 1.459 (1.31)  Acc@1: 65.6250 (72.7530)  Acc@5: 93.7500 (93.4175)LR: 4.382e-03
2024-11-17 19:01:37,591 -                train: [    INFO] - Train: 435 [ 520/520]  Loss: 1.314 (1.31)  Acc@1: 73.7500 (72.6860)  Acc@5: 97.5000 (93.3640)LR: 4.382e-03
2024-11-17 19:01:38,223 -                train: [    INFO] - Valid: 435 [   0/104]  Loss: 0.9001 (0.900)  Acc@1: 75.0000 (75.0000)  Acc@5: 93.7500 (93.7500)
2024-11-17 19:01:39,944 -                train: [    INFO] - Valid: 435 [ 104/104]  Loss: 0.9687 (0.860)  Acc@1: 75.0000 (75.5500)  Acc@5: 93.7500 (94.6600)
2024-11-17 19:01:40,068 -                train: [    INFO] - valid_acc 75.550003 - best_valid_acc 75.550003
2024-11-17 19:01:40,773 -                train: [    INFO] - Train: 436 [   0/520]  Loss: 1.398 (1.40)  Acc@1: 75.0000 (75.0000)  Acc@5: 91.6667 (91.6667)LR: 4.332e-03
2024-11-17 19:01:57,238 -                train: [    INFO] - Train: 436 [ 200/520]  Loss: 1.471 (1.31)  Acc@1: 73.9583 (72.7923)  Acc@5: 90.6250 (93.5116)LR: 4.332e-03
2024-11-17 19:02:13,455 -                train: [    INFO] - Train: 436 [ 400/520]  Loss: 1.157 (1.32)  Acc@1: 71.8750 (72.3971)  Acc@5: 96.8750 (93.3915)LR: 4.332e-03
2024-11-17 19:02:23,424 -                train: [    INFO] - Train: 436 [ 520/520]  Loss: 1.095 (1.33)  Acc@1: 75.0000 (72.3740)  Acc@5: 95.0000 (93.3680)LR: 4.332e-03
2024-11-17 19:02:24,092 -                train: [    INFO] - Valid: 436 [   0/104]  Loss: 0.8016 (0.802)  Acc@1: 83.3333 (83.3333)  Acc@5: 92.7083 (92.7083)
2024-11-17 19:02:25,679 -                train: [    INFO] - Valid: 436 [ 104/104]  Loss: 1.213 (0.873)  Acc@1: 75.0000 (75.5100)  Acc@5: 81.2500 (94.7100)
2024-11-17 19:02:25,742 -                train: [    INFO] - valid_acc 75.510003 - best_valid_acc 75.550003
2024-11-17 19:02:26,414 -                train: [    INFO] - Train: 437 [   0/520]  Loss: 1.142 (1.14)  Acc@1: 75.0000 (75.0000)  Acc@5: 96.8750 (96.8750)LR: 4.283e-03
2024-11-17 19:02:42,808 -                train: [    INFO] - Train: 437 [ 200/520]  Loss: 1.140 (1.31)  Acc@1: 75.0000 (73.0048)  Acc@5: 97.9167 (93.4494)LR: 4.283e-03
2024-11-17 19:02:58,893 -                train: [    INFO] - Train: 437 [ 400/520]  Loss: 1.370 (1.32)  Acc@1: 70.8333 (72.7790)  Acc@5: 92.7083 (93.4071)LR: 4.283e-03
2024-11-17 19:03:08,535 -                train: [    INFO] - Train: 437 [ 520/520]  Loss: 1.448 (1.32)  Acc@1: 72.5000 (72.6700)  Acc@5: 90.0000 (93.3500)LR: 4.283e-03
2024-11-17 19:03:09,181 -                train: [    INFO] - Valid: 437 [   0/104]  Loss: 0.7859 (0.786)  Acc@1: 80.2083 (80.2083)  Acc@5: 93.7500 (93.7500)
2024-11-17 19:03:10,936 -                train: [    INFO] - Valid: 437 [ 104/104]  Loss: 1.107 (0.900)  Acc@1: 75.0000 (74.3900)  Acc@5: 87.5000 (94.2500)
2024-11-17 19:03:10,997 -                train: [    INFO] - valid_acc 74.390003 - best_valid_acc 75.550003
2024-11-17 19:03:11,681 -                train: [    INFO] - Train: 438 [   0/520]  Loss: 1.052 (1.05)  Acc@1: 78.1250 (78.1250)  Acc@5: 96.8750 (96.8750)LR: 4.234e-03
2024-11-17 19:03:28,318 -                train: [    INFO] - Train: 438 [ 200/520]  Loss: 1.312 (1.31)  Acc@1: 72.9167 (72.9789)  Acc@5: 95.8333 (93.2577)LR: 4.234e-03
2024-11-17 19:03:44,708 -                train: [    INFO] - Train: 438 [ 400/520]  Loss: 1.174 (1.31)  Acc@1: 73.9583 (72.6751)  Acc@5: 95.8333 (93.3292)LR: 4.234e-03
2024-11-17 19:03:54,370 -                train: [    INFO] - Train: 438 [ 520/520]  Loss: 1.447 (1.32)  Acc@1: 68.7500 (72.4240)  Acc@5: 88.7500 (93.3460)LR: 4.234e-03
2024-11-17 19:03:55,023 -                train: [    INFO] - Valid: 438 [   0/104]  Loss: 0.8952 (0.895)  Acc@1: 76.0417 (76.0417)  Acc@5: 89.5833 (89.5833)
2024-11-17 19:03:56,740 -                train: [    INFO] - Valid: 438 [ 104/104]  Loss: 1.176 (0.903)  Acc@1: 75.0000 (74.7000)  Acc@5: 87.5000 (94.2600)
2024-11-17 19:03:56,801 -                train: [    INFO] - valid_acc 74.700003 - best_valid_acc 75.550003
2024-11-17 19:03:57,504 -                train: [    INFO] - Train: 439 [   0/520]  Loss: 1.179 (1.18)  Acc@1: 78.1250 (78.1250)  Acc@5: 94.7917 (94.7917)LR: 4.185e-03
2024-11-17 19:04:13,672 -                train: [    INFO] - Train: 439 [ 200/520]  Loss: 1.250 (1.30)  Acc@1: 70.8333 (73.2172)  Acc@5: 93.7500 (93.4546)LR: 4.185e-03
2024-11-17 19:04:29,949 -                train: [    INFO] - Train: 439 [ 400/520]  Loss: 1.339 (1.31)  Acc@1: 70.8333 (72.9167)  Acc@5: 93.7500 (93.3604)LR: 4.185e-03
2024-11-17 19:04:39,970 -                train: [    INFO] - Train: 439 [ 520/520]  Loss: 1.351 (1.31)  Acc@1: 68.7500 (72.8700)  Acc@5: 90.0000 (93.3560)LR: 4.185e-03
2024-11-17 19:04:40,634 -                train: [    INFO] - Valid: 439 [   0/104]  Loss: 0.8535 (0.854)  Acc@1: 79.1667 (79.1667)  Acc@5: 93.7500 (93.7500)
2024-11-17 19:04:42,233 -                train: [    INFO] - Valid: 439 [ 104/104]  Loss: 0.9983 (0.871)  Acc@1: 81.2500 (75.1100)  Acc@5: 93.7500 (94.5500)
2024-11-17 19:04:42,294 -                train: [    INFO] - valid_acc 75.110003 - best_valid_acc 75.550003
2024-11-17 19:04:42,979 -                train: [    INFO] - Train: 440 [   0/520]  Loss: 1.272 (1.27)  Acc@1: 71.8750 (71.8750)  Acc@5: 94.7917 (94.7917)LR: 4.136e-03
2024-11-17 19:04:59,253 -                train: [    INFO] - Train: 440 [ 200/520]  Loss: 1.537 (1.29)  Acc@1: 69.7917 (73.2898)  Acc@5: 91.6667 (93.8122)LR: 4.136e-03
2024-11-17 19:05:15,447 -                train: [    INFO] - Train: 440 [ 400/520]  Loss: 1.360 (1.30)  Acc@1: 68.7500 (72.8050)  Acc@5: 93.7500 (93.5214)LR: 4.136e-03
2024-11-17 19:05:25,270 -                train: [    INFO] - Train: 440 [ 520/520]  Loss: 1.725 (1.31)  Acc@1: 62.5000 (72.7100)  Acc@5: 90.0000 (93.5580)LR: 4.136e-03
2024-11-17 19:05:25,937 -                train: [    INFO] - Valid: 440 [   0/104]  Loss: 0.7537 (0.754)  Acc@1: 81.2500 (81.2500)  Acc@5: 93.7500 (93.7500)
2024-11-17 19:05:27,560 -                train: [    INFO] - Valid: 440 [ 104/104]  Loss: 1.292 (0.878)  Acc@1: 75.0000 (75.4400)  Acc@5: 87.5000 (94.6300)
2024-11-17 19:05:27,621 -                train: [    INFO] - valid_acc 75.440002 - best_valid_acc 75.550003
2024-11-17 19:05:28,309 -                train: [    INFO] - Train: 441 [   0/520]  Loss: 1.420 (1.42)  Acc@1: 71.8750 (71.8750)  Acc@5: 94.7917 (94.7917)LR: 4.087e-03
2024-11-17 19:05:44,687 -                train: [    INFO] - Train: 441 [ 200/520]  Loss: 1.376 (1.30)  Acc@1: 69.7917 (72.9219)  Acc@5: 93.7500 (93.6464)LR: 4.087e-03
2024-11-17 19:06:00,813 -                train: [    INFO] - Train: 441 [ 400/520]  Loss: 1.462 (1.31)  Acc@1: 69.7917 (72.7166)  Acc@5: 93.7500 (93.5266)LR: 4.087e-03
2024-11-17 19:06:10,600 -                train: [    INFO] - Train: 441 [ 520/520]  Loss: 1.746 (1.32)  Acc@1: 61.2500 (72.5040)  Acc@5: 92.5000 (93.3980)LR: 4.087e-03
2024-11-17 19:06:11,236 -                train: [    INFO] - Valid: 441 [   0/104]  Loss: 0.7701 (0.770)  Acc@1: 81.2500 (81.2500)  Acc@5: 91.6667 (91.6667)
2024-11-17 19:06:12,834 -                train: [    INFO] - Valid: 441 [ 104/104]  Loss: 0.8993 (0.865)  Acc@1: 75.0000 (75.5300)  Acc@5: 93.7500 (94.6500)
2024-11-17 19:06:12,894 -                train: [    INFO] - valid_acc 75.530002 - best_valid_acc 75.550003
2024-11-17 19:06:13,576 -                train: [    INFO] - Train: 442 [   0/520]  Loss: 1.163 (1.16)  Acc@1: 77.0833 (77.0833)  Acc@5: 92.7083 (92.7083)LR: 4.039e-03
2024-11-17 19:06:29,800 -                train: [    INFO] - Train: 442 [ 200/520]  Loss: 1.319 (1.29)  Acc@1: 75.0000 (73.1551)  Acc@5: 93.7500 (93.7966)LR: 4.039e-03
2024-11-17 19:06:45,709 -                train: [    INFO] - Train: 442 [ 400/520]  Loss: 1.192 (1.29)  Acc@1: 77.0833 (73.1245)  Acc@5: 93.7500 (93.7526)LR: 4.039e-03
2024-11-17 19:06:55,667 -                train: [    INFO] - Train: 442 [ 520/520]  Loss: 1.751 (1.31)  Acc@1: 66.2500 (72.8000)  Acc@5: 86.2500 (93.6140)LR: 4.039e-03
2024-11-17 19:06:56,334 -                train: [    INFO] - Valid: 442 [   0/104]  Loss: 0.7970 (0.797)  Acc@1: 79.1667 (79.1667)  Acc@5: 94.7917 (94.7917)
2024-11-17 19:06:58,144 -                train: [    INFO] - Valid: 442 [ 104/104]  Loss: 0.9129 (0.896)  Acc@1: 75.0000 (74.6400)  Acc@5: 93.7500 (94.7500)
2024-11-17 19:06:58,204 -                train: [    INFO] - valid_acc 74.640002 - best_valid_acc 75.550003
2024-11-17 19:06:58,903 -                train: [    INFO] - Train: 443 [   0/520]  Loss: 1.345 (1.34)  Acc@1: 68.7500 (68.7500)  Acc@5: 94.7917 (94.7917)LR: 3.991e-03
2024-11-17 19:07:15,347 -                train: [    INFO] - Train: 443 [ 200/520]  Loss: 1.245 (1.30)  Acc@1: 73.9583 (73.2587)  Acc@5: 91.6667 (93.3976)LR: 3.991e-03
2024-11-17 19:07:31,508 -                train: [    INFO] - Train: 443 [ 400/520]  Loss: 1.211 (1.32)  Acc@1: 76.0417 (72.6413)  Acc@5: 95.8333 (93.3214)LR: 3.991e-03
2024-11-17 19:07:41,392 -                train: [    INFO] - Train: 443 [ 520/520]  Loss: 1.096 (1.32)  Acc@1: 76.2500 (72.7060)  Acc@5: 97.5000 (93.3140)LR: 3.991e-03
2024-11-17 19:07:42,033 -                train: [    INFO] - Valid: 443 [   0/104]  Loss: 0.9217 (0.922)  Acc@1: 76.0417 (76.0417)  Acc@5: 93.7500 (93.7500)
2024-11-17 19:07:43,783 -                train: [    INFO] - Valid: 443 [ 104/104]  Loss: 0.9384 (0.885)  Acc@1: 81.2500 (75.2100)  Acc@5: 93.7500 (94.5600)
2024-11-17 19:07:43,849 -                train: [    INFO] - valid_acc 75.210003 - best_valid_acc 75.550003
2024-11-17 19:07:44,551 -                train: [    INFO] - Train: 444 [   0/520]  Loss: 1.429 (1.43)  Acc@1: 68.7500 (68.7500)  Acc@5: 95.8333 (95.8333)LR: 3.943e-03
2024-11-17 19:08:01,294 -                train: [    INFO] - Train: 444 [ 200/520]  Loss: 1.291 (1.28)  Acc@1: 69.7917 (73.4660)  Acc@5: 94.7917 (93.8174)LR: 3.943e-03
2024-11-17 19:08:17,654 -                train: [    INFO] - Train: 444 [ 400/520]  Loss: 1.243 (1.29)  Acc@1: 70.8333 (73.2674)  Acc@5: 95.8333 (93.6591)LR: 3.943e-03
2024-11-17 19:08:27,627 -                train: [    INFO] - Train: 444 [ 520/520]  Loss: 1.452 (1.29)  Acc@1: 72.5000 (73.1480)  Acc@5: 93.7500 (93.5820)LR: 3.943e-03
2024-11-17 19:08:28,308 -                train: [    INFO] - Valid: 444 [   0/104]  Loss: 0.9259 (0.926)  Acc@1: 78.1250 (78.1250)  Acc@5: 92.7083 (92.7083)
2024-11-17 19:08:29,938 -                train: [    INFO] - Valid: 444 [ 104/104]  Loss: 1.028 (0.881)  Acc@1: 81.2500 (75.1400)  Acc@5: 87.5000 (94.6200)
2024-11-17 19:08:29,999 -                train: [    INFO] - valid_acc 75.140003 - best_valid_acc 75.550003
2024-11-17 19:08:30,666 -                train: [    INFO] - Train: 445 [   0/520]  Loss: 1.163 (1.16)  Acc@1: 75.0000 (75.0000)  Acc@5: 94.7917 (94.7917)LR: 3.896e-03
2024-11-17 19:08:47,214 -                train: [    INFO] - Train: 445 [ 200/520]  Loss: 1.253 (1.28)  Acc@1: 70.8333 (73.1758)  Acc@5: 92.7083 (93.8174)LR: 3.896e-03
2024-11-17 19:09:03,609 -                train: [    INFO] - Train: 445 [ 400/520]  Loss: 1.426 (1.30)  Acc@1: 73.9583 (72.9426)  Acc@5: 95.8333 (93.7058)LR: 3.896e-03
2024-11-17 19:09:13,292 -                train: [    INFO] - Train: 445 [ 520/520]  Loss: 1.227 (1.30)  Acc@1: 76.2500 (72.7340)  Acc@5: 92.5000 (93.5880)LR: 3.896e-03
2024-11-17 19:09:13,932 -                train: [    INFO] - Valid: 445 [   0/104]  Loss: 0.8100 (0.810)  Acc@1: 79.1667 (79.1667)  Acc@5: 94.7917 (94.7917)
2024-11-17 19:09:15,646 -                train: [    INFO] - Valid: 445 [ 104/104]  Loss: 0.7475 (0.853)  Acc@1: 81.2500 (75.8200)  Acc@5: 93.7500 (94.9700)
2024-11-17 19:09:15,760 -                train: [    INFO] - valid_acc 75.820003 - best_valid_acc 75.820003
2024-11-17 19:09:16,433 -                train: [    INFO] - Train: 446 [   0/520]  Loss: 1.403 (1.40)  Acc@1: 69.7917 (69.7917)  Acc@5: 92.7083 (92.7083)LR: 3.848e-03
2024-11-17 19:09:32,787 -                train: [    INFO] - Train: 446 [ 200/520]  Loss: 1.396 (1.28)  Acc@1: 71.8750 (73.6888)  Acc@5: 92.7083 (93.5375)LR: 3.848e-03
2024-11-17 19:09:48,638 -                train: [    INFO] - Train: 446 [ 400/520]  Loss: 1.397 (1.30)  Acc@1: 75.0000 (72.9323)  Acc@5: 93.7500 (93.2928)LR: 3.848e-03
2024-11-17 19:09:58,338 -                train: [    INFO] - Train: 446 [ 520/520]  Loss: 1.434 (1.31)  Acc@1: 73.7500 (72.7100)  Acc@5: 95.0000 (93.3280)LR: 3.848e-03
2024-11-17 19:09:58,999 -                train: [    INFO] - Valid: 446 [   0/104]  Loss: 0.8628 (0.863)  Acc@1: 75.0000 (75.0000)  Acc@5: 93.7500 (93.7500)
2024-11-17 19:10:00,713 -                train: [    INFO] - Valid: 446 [ 104/104]  Loss: 0.8848 (0.869)  Acc@1: 75.0000 (75.5800)  Acc@5: 87.5000 (94.8800)
2024-11-17 19:10:00,774 -                train: [    INFO] - valid_acc 75.580003 - best_valid_acc 75.820003
2024-11-17 19:10:01,375 -                train: [    INFO] - Train: 447 [   0/520]  Loss: 1.520 (1.52)  Acc@1: 66.6667 (66.6667)  Acc@5: 89.5833 (89.5833)LR: 3.801e-03
2024-11-17 19:10:17,830 -                train: [    INFO] - Train: 447 [ 200/520]  Loss: 1.165 (1.27)  Acc@1: 77.0833 (73.5386)  Acc@5: 94.7917 (94.0920)LR: 3.801e-03
2024-11-17 19:10:33,949 -                train: [    INFO] - Train: 447 [ 400/520]  Loss: 1.288 (1.29)  Acc@1: 67.7083 (73.2076)  Acc@5: 94.7917 (93.7240)LR: 3.801e-03
2024-11-17 19:10:43,668 -                train: [    INFO] - Train: 447 [ 520/520]  Loss: 1.086 (1.29)  Acc@1: 78.7500 (73.0620)  Acc@5: 96.2500 (93.6080)LR: 3.801e-03
2024-11-17 19:10:44,324 -                train: [    INFO] - Valid: 447 [   0/104]  Loss: 0.8341 (0.834)  Acc@1: 79.1667 (79.1667)  Acc@5: 92.7083 (92.7083)
2024-11-17 19:10:46,056 -                train: [    INFO] - Valid: 447 [ 104/104]  Loss: 0.9994 (0.887)  Acc@1: 75.0000 (74.9500)  Acc@5: 93.7500 (94.6200)
2024-11-17 19:10:46,115 -                train: [    INFO] - valid_acc 74.950002 - best_valid_acc 75.820003
2024-11-17 19:10:46,719 -                train: [    INFO] - Train: 448 [   0/520]  Loss: 1.155 (1.16)  Acc@1: 77.0833 (77.0833)  Acc@5: 94.7917 (94.7917)LR: 3.754e-03
2024-11-17 19:11:03,519 -                train: [    INFO] - Train: 448 [ 200/520]  Loss: 1.366 (1.28)  Acc@1: 71.8750 (73.6422)  Acc@5: 93.7500 (93.6360)LR: 3.754e-03
2024-11-17 19:11:19,806 -                train: [    INFO] - Train: 448 [ 400/520]  Loss: 1.484 (1.29)  Acc@1: 69.7917 (73.2985)  Acc@5: 92.7083 (93.6227)LR: 3.754e-03
2024-11-17 19:11:29,502 -                train: [    INFO] - Train: 448 [ 520/520]  Loss: 1.476 (1.30)  Acc@1: 66.2500 (73.0840)  Acc@5: 92.5000 (93.5480)LR: 3.754e-03
2024-11-17 19:11:30,084 -                train: [    INFO] - Valid: 448 [   0/104]  Loss: 0.8083 (0.808)  Acc@1: 79.1667 (79.1667)  Acc@5: 93.7500 (93.7500)
2024-11-17 19:11:31,786 -                train: [    INFO] - Valid: 448 [ 104/104]  Loss: 0.7445 (0.864)  Acc@1: 81.2500 (75.1100)  Acc@5: 93.7500 (94.6500)
2024-11-17 19:11:31,845 -                train: [    INFO] - valid_acc 75.110003 - best_valid_acc 75.820003
2024-11-17 19:11:32,448 -                train: [    INFO] - Train: 449 [   0/520]  Loss: 1.133 (1.13)  Acc@1: 73.9583 (73.9583)  Acc@5: 96.8750 (96.8750)LR: 3.708e-03
2024-11-17 19:11:48,639 -                train: [    INFO] - Train: 449 [ 200/520]  Loss: 1.226 (1.26)  Acc@1: 72.9167 (73.5075)  Acc@5: 94.7917 (93.7604)LR: 3.708e-03
2024-11-17 19:12:05,035 -                train: [    INFO] - Train: 449 [ 400/520]  Loss: 1.188 (1.29)  Acc@1: 73.9583 (73.0154)  Acc@5: 95.8333 (93.6513)LR: 3.708e-03
2024-11-17 19:12:14,775 -                train: [    INFO] - Train: 449 [ 520/520]  Loss: 1.291 (1.29)  Acc@1: 67.5000 (73.0480)  Acc@5: 97.5000 (93.6820)LR: 3.708e-03
2024-11-17 19:12:15,401 -                train: [    INFO] - Valid: 449 [   0/104]  Loss: 0.8748 (0.875)  Acc@1: 78.1250 (78.1250)  Acc@5: 91.6667 (91.6667)
2024-11-17 19:12:17,109 -                train: [    INFO] - Valid: 449 [ 104/104]  Loss: 0.9276 (0.886)  Acc@1: 75.0000 (75.0100)  Acc@5: 93.7500 (94.7500)
2024-11-17 19:12:17,170 -                train: [    INFO] - valid_acc 75.010002 - best_valid_acc 75.820003
2024-11-17 19:12:17,803 -                train: [    INFO] - Train: 450 [   0/520]  Loss: 0.9861 (0.986)  Acc@1: 84.3750 (84.3750)  Acc@5: 95.8333 (95.8333)LR: 3.661e-03
2024-11-17 19:12:33,830 -                train: [    INFO] - Train: 450 [ 200/520]  Loss: 1.202 (1.29)  Acc@1: 69.7917 (73.8236)  Acc@5: 96.8750 (93.5220)LR: 3.661e-03
2024-11-17 19:12:49,765 -                train: [    INFO] - Train: 450 [ 400/520]  Loss: 1.245 (1.29)  Acc@1: 78.1250 (73.5947)  Acc@5: 90.6250 (93.6539)LR: 3.661e-03
2024-11-17 19:12:59,583 -                train: [    INFO] - Train: 450 [ 520/520]  Loss: 1.236 (1.29)  Acc@1: 75.0000 (73.3220)  Acc@5: 93.7500 (93.6260)LR: 3.661e-03
2024-11-17 19:13:00,320 -                train: [    INFO] - Valid: 450 [   0/104]  Loss: 0.8653 (0.865)  Acc@1: 79.1667 (79.1667)  Acc@5: 92.7083 (92.7083)
2024-11-17 19:13:02,048 -                train: [    INFO] - Valid: 450 [ 104/104]  Loss: 0.9736 (0.880)  Acc@1: 81.2500 (75.5400)  Acc@5: 93.7500 (94.6900)
2024-11-17 19:13:02,122 -                train: [    INFO] - valid_acc 75.540003 - best_valid_acc 75.820003
2024-11-17 19:13:02,879 -                train: [    INFO] - Train: 451 [   0/520]  Loss: 1.264 (1.26)  Acc@1: 69.7917 (69.7917)  Acc@5: 94.7917 (94.7917)LR: 3.615e-03
2024-11-17 19:13:19,047 -                train: [    INFO] - Train: 451 [ 200/520]  Loss: 1.291 (1.28)  Acc@1: 75.0000 (73.2639)  Acc@5: 92.7083 (93.6774)LR: 3.615e-03
2024-11-17 19:13:35,476 -                train: [    INFO] - Train: 451 [ 400/520]  Loss: 1.241 (1.29)  Acc@1: 75.0000 (73.2102)  Acc@5: 94.7917 (93.6825)LR: 3.615e-03
2024-11-17 19:13:45,124 -                train: [    INFO] - Train: 451 [ 520/520]  Loss: 1.281 (1.29)  Acc@1: 76.2500 (73.1240)  Acc@5: 91.2500 (93.6540)LR: 3.615e-03
2024-11-17 19:13:45,787 -                train: [    INFO] - Valid: 451 [   0/104]  Loss: 0.8516 (0.852)  Acc@1: 77.0833 (77.0833)  Acc@5: 94.7917 (94.7917)
2024-11-17 19:13:47,587 -                train: [    INFO] - Valid: 451 [ 104/104]  Loss: 0.7554 (0.875)  Acc@1: 75.0000 (75.1700)  Acc@5: 93.7500 (94.7100)
2024-11-17 19:13:47,648 -                train: [    INFO] - valid_acc 75.170003 - best_valid_acc 75.820003
2024-11-17 19:13:48,334 -                train: [    INFO] - Train: 452 [   0/520]  Loss: 1.109 (1.11)  Acc@1: 81.2500 (81.2500)  Acc@5: 92.7083 (92.7083)LR: 3.569e-03
2024-11-17 19:14:05,058 -                train: [    INFO] - Train: 452 [ 200/520]  Loss: 1.162 (1.28)  Acc@1: 79.1667 (73.2432)  Acc@5: 94.7917 (93.7293)LR: 3.569e-03
2024-11-17 19:14:21,537 -                train: [    INFO] - Train: 452 [ 400/520]  Loss: 1.159 (1.29)  Acc@1: 75.0000 (73.1946)  Acc@5: 93.7500 (93.7188)LR: 3.569e-03
2024-11-17 19:14:31,201 -                train: [    INFO] - Train: 452 [ 520/520]  Loss: 1.223 (1.28)  Acc@1: 72.5000 (73.1340)  Acc@5: 93.7500 (93.7140)LR: 3.569e-03
2024-11-17 19:14:31,874 -                train: [    INFO] - Valid: 452 [   0/104]  Loss: 0.8006 (0.801)  Acc@1: 81.2500 (81.2500)  Acc@5: 93.7500 (93.7500)
2024-11-17 19:14:33,618 -                train: [    INFO] - Valid: 452 [ 104/104]  Loss: 0.7320 (0.853)  Acc@1: 75.0000 (75.8200)  Acc@5: 100.0000 (94.8100)
2024-11-17 19:14:33,732 -                train: [    INFO] - valid_acc 75.820003 - best_valid_acc 75.820003
2024-11-17 19:14:34,411 -                train: [    INFO] - Train: 453 [   0/520]  Loss: 1.400 (1.40)  Acc@1: 70.8333 (70.8333)  Acc@5: 94.7917 (94.7917)LR: 3.523e-03
2024-11-17 19:14:50,420 -                train: [    INFO] - Train: 453 [ 200/520]  Loss: 1.580 (1.27)  Acc@1: 68.7500 (73.6837)  Acc@5: 89.5833 (93.9988)LR: 3.523e-03
2024-11-17 19:15:07,093 -                train: [    INFO] - Train: 453 [ 400/520]  Loss: 1.580 (1.28)  Acc@1: 67.7083 (73.5167)  Acc@5: 93.7500 (93.9085)LR: 3.523e-03
2024-11-17 19:15:16,773 -                train: [    INFO] - Train: 453 [ 520/520]  Loss: 1.399 (1.29)  Acc@1: 76.2500 (73.1680)  Acc@5: 90.0000 (93.7260)LR: 3.523e-03
2024-11-17 19:15:17,406 -                train: [    INFO] - Valid: 453 [   0/104]  Loss: 0.7896 (0.790)  Acc@1: 81.2500 (81.2500)  Acc@5: 93.7500 (93.7500)
2024-11-17 19:15:19,123 -                train: [    INFO] - Valid: 453 [ 104/104]  Loss: 0.7249 (0.862)  Acc@1: 75.0000 (75.8400)  Acc@5: 100.0000 (94.6500)
2024-11-17 19:15:19,249 -                train: [    INFO] - valid_acc 75.840002 - best_valid_acc 75.840002
2024-11-17 19:15:19,945 -                train: [    INFO] - Train: 454 [   0/520]  Loss: 1.421 (1.42)  Acc@1: 73.9583 (73.9583)  Acc@5: 87.5000 (87.5000)LR: 3.478e-03
2024-11-17 19:15:35,739 -                train: [    INFO] - Train: 454 [ 200/520]  Loss: 1.271 (1.26)  Acc@1: 75.0000 (73.2950)  Acc@5: 92.7083 (93.9677)LR: 3.478e-03
2024-11-17 19:15:52,111 -                train: [    INFO] - Train: 454 [ 400/520]  Loss: 1.334 (1.28)  Acc@1: 69.7917 (73.0492)  Acc@5: 93.7500 (93.8227)LR: 3.478e-03
2024-11-17 19:16:01,666 -                train: [    INFO] - Train: 454 [ 520/520]  Loss: 1.401 (1.28)  Acc@1: 70.0000 (73.1540)  Acc@5: 93.7500 (93.7760)LR: 3.478e-03
2024-11-17 19:16:02,320 -                train: [    INFO] - Valid: 454 [   0/104]  Loss: 0.7700 (0.770)  Acc@1: 80.2083 (80.2083)  Acc@5: 94.7917 (94.7917)
2024-11-17 19:16:04,027 -                train: [    INFO] - Valid: 454 [ 104/104]  Loss: 1.033 (0.859)  Acc@1: 75.0000 (75.5700)  Acc@5: 87.5000 (94.6300)
2024-11-17 19:16:04,086 -                train: [    INFO] - valid_acc 75.570002 - best_valid_acc 75.840002
2024-11-17 19:16:04,715 -                train: [    INFO] - Train: 455 [   0/520]  Loss: 1.247 (1.25)  Acc@1: 77.0833 (77.0833)  Acc@5: 95.8333 (95.8333)LR: 3.433e-03
2024-11-17 19:16:20,965 -                train: [    INFO] - Train: 455 [ 200/520]  Loss: 1.232 (1.25)  Acc@1: 71.8750 (73.6992)  Acc@5: 93.7500 (94.0972)LR: 3.433e-03
2024-11-17 19:16:37,277 -                train: [    INFO] - Train: 455 [ 400/520]  Loss: 1.235 (1.27)  Acc@1: 75.0000 (73.5843)  Acc@5: 92.7083 (93.8123)LR: 3.433e-03
2024-11-17 19:16:47,092 -                train: [    INFO] - Train: 455 [ 520/520]  Loss: 1.217 (1.28)  Acc@1: 75.0000 (73.5020)  Acc@5: 92.5000 (93.7740)LR: 3.433e-03
2024-11-17 19:16:47,746 -                train: [    INFO] - Valid: 455 [   0/104]  Loss: 0.8114 (0.811)  Acc@1: 81.2500 (81.2500)  Acc@5: 93.7500 (93.7500)
2024-11-17 19:16:49,457 -                train: [    INFO] - Valid: 455 [ 104/104]  Loss: 0.9260 (0.853)  Acc@1: 75.0000 (76.2900)  Acc@5: 93.7500 (94.6600)
2024-11-17 19:16:49,571 -                train: [    INFO] - valid_acc 76.290002 - best_valid_acc 76.290002
2024-11-17 19:16:50,236 -                train: [    INFO] - Train: 456 [   0/520]  Loss: 1.221 (1.22)  Acc@1: 75.0000 (75.0000)  Acc@5: 92.7083 (92.7083)LR: 3.388e-03
2024-11-17 19:17:06,546 -                train: [    INFO] - Train: 456 [ 200/520]  Loss: 1.353 (1.27)  Acc@1: 77.0833 (73.7199)  Acc@5: 94.7917 (93.8226)LR: 3.388e-03
2024-11-17 19:17:22,867 -                train: [    INFO] - Train: 456 [ 400/520]  Loss: 1.439 (1.26)  Acc@1: 71.8750 (73.6986)  Acc@5: 90.6250 (93.8695)LR: 3.388e-03
2024-11-17 19:17:32,584 -                train: [    INFO] - Train: 456 [ 520/520]  Loss: 1.601 (1.27)  Acc@1: 70.0000 (73.5620)  Acc@5: 90.0000 (93.7220)LR: 3.388e-03
2024-11-17 19:17:33,216 -                train: [    INFO] - Valid: 456 [   0/104]  Loss: 0.7420 (0.742)  Acc@1: 80.2083 (80.2083)  Acc@5: 94.7917 (94.7917)
2024-11-17 19:17:34,911 -                train: [    INFO] - Valid: 456 [ 104/104]  Loss: 1.194 (0.858)  Acc@1: 75.0000 (75.7400)  Acc@5: 87.5000 (94.6900)
2024-11-17 19:17:34,972 -                train: [    INFO] - valid_acc 75.740003 - best_valid_acc 76.290002
2024-11-17 19:17:35,653 -                train: [    INFO] - Train: 457 [   0/520]  Loss: 1.226 (1.23)  Acc@1: 73.9583 (73.9583)  Acc@5: 93.7500 (93.7500)LR: 3.343e-03
2024-11-17 19:17:51,851 -                train: [    INFO] - Train: 457 [ 200/520]  Loss: 1.201 (1.25)  Acc@1: 71.8750 (74.1967)  Acc@5: 95.8333 (93.9988)LR: 3.343e-03
2024-11-17 19:18:08,406 -                train: [    INFO] - Train: 457 [ 400/520]  Loss: 1.212 (1.26)  Acc@1: 76.0417 (73.9973)  Acc@5: 93.7500 (93.8487)LR: 3.343e-03
2024-11-17 19:18:18,004 -                train: [    INFO] - Train: 457 [ 520/520]  Loss: 1.635 (1.27)  Acc@1: 66.2500 (73.6480)  Acc@5: 88.7500 (93.8140)LR: 3.343e-03
2024-11-17 19:18:18,674 -                train: [    INFO] - Valid: 457 [   0/104]  Loss: 0.7519 (0.752)  Acc@1: 77.0833 (77.0833)  Acc@5: 94.7917 (94.7917)
2024-11-17 19:18:20,440 -                train: [    INFO] - Valid: 457 [ 104/104]  Loss: 0.9274 (0.854)  Acc@1: 75.0000 (75.6200)  Acc@5: 93.7500 (94.9200)
2024-11-17 19:18:20,501 -                train: [    INFO] - valid_acc 75.620003 - best_valid_acc 76.290002
2024-11-17 19:18:21,146 -                train: [    INFO] - Train: 458 [   0/520]  Loss: 1.424 (1.42)  Acc@1: 69.7917 (69.7917)  Acc@5: 94.7917 (94.7917)LR: 3.299e-03
2024-11-17 19:18:36,900 -                train: [    INFO] - Train: 458 [ 200/520]  Loss: 1.346 (1.26)  Acc@1: 71.8750 (73.7562)  Acc@5: 92.7083 (93.9573)LR: 3.299e-03
2024-11-17 19:18:53,543 -                train: [    INFO] - Train: 458 [ 400/520]  Loss: 1.420 (1.27)  Acc@1: 68.7500 (73.5375)  Acc@5: 94.7917 (93.7942)LR: 3.299e-03
2024-11-17 19:19:03,200 -                train: [    INFO] - Train: 458 [ 520/520]  Loss: 1.101 (1.27)  Acc@1: 77.5000 (73.4880)  Acc@5: 93.7500 (93.7300)LR: 3.299e-03
2024-11-17 19:19:03,845 -                train: [    INFO] - Valid: 458 [   0/104]  Loss: 0.7578 (0.758)  Acc@1: 80.2083 (80.2083)  Acc@5: 93.7500 (93.7500)
2024-11-17 19:19:05,584 -                train: [    INFO] - Valid: 458 [ 104/104]  Loss: 0.7718 (0.851)  Acc@1: 81.2500 (75.4000)  Acc@5: 93.7500 (94.9100)
2024-11-17 19:19:05,645 -                train: [    INFO] - valid_acc 75.400002 - best_valid_acc 76.290002
2024-11-17 19:19:06,284 -                train: [    INFO] - Train: 459 [   0/520]  Loss: 1.150 (1.15)  Acc@1: 80.2083 (80.2083)  Acc@5: 95.8333 (95.8333)LR: 3.255e-03
2024-11-17 19:19:22,693 -                train: [    INFO] - Train: 459 [ 200/520]  Loss: 1.223 (1.25)  Acc@1: 80.2083 (73.9998)  Acc@5: 90.6250 (93.9573)LR: 3.255e-03
2024-11-17 19:19:39,200 -                train: [    INFO] - Train: 459 [ 400/520]  Loss: 1.096 (1.27)  Acc@1: 80.2083 (73.6648)  Acc@5: 96.8750 (93.8591)LR: 3.255e-03
2024-11-17 19:19:48,829 -                train: [    INFO] - Train: 459 [ 520/520]  Loss: 1.522 (1.27)  Acc@1: 66.2500 (73.6140)  Acc@5: 92.5000 (93.7640)LR: 3.255e-03
2024-11-17 19:19:49,429 -                train: [    INFO] - Valid: 459 [   0/104]  Loss: 0.8135 (0.813)  Acc@1: 78.1250 (78.1250)  Acc@5: 93.7500 (93.7500)
2024-11-17 19:19:51,151 -                train: [    INFO] - Valid: 459 [ 104/104]  Loss: 0.6574 (0.880)  Acc@1: 81.2500 (75.1000)  Acc@5: 93.7500 (94.4700)
2024-11-17 19:19:51,212 -                train: [    INFO] - valid_acc 75.100003 - best_valid_acc 76.290002
2024-11-17 19:19:51,833 -                train: [    INFO] - Train: 460 [   0/520]  Loss: 1.226 (1.23)  Acc@1: 73.9583 (73.9583)  Acc@5: 94.7917 (94.7917)LR: 3.211e-03
2024-11-17 19:20:08,045 -                train: [    INFO] - Train: 460 [ 200/520]  Loss: 1.536 (1.27)  Acc@1: 66.6667 (73.9687)  Acc@5: 93.7500 (93.8485)LR: 3.211e-03
2024-11-17 19:20:24,737 -                train: [    INFO] - Train: 460 [ 400/520]  Loss: 0.9350 (1.27)  Acc@1: 79.1667 (73.5453)  Acc@5: 96.8750 (93.8020)LR: 3.211e-03
2024-11-17 19:20:34,454 -                train: [    INFO] - Train: 460 [ 520/520]  Loss: 1.326 (1.28)  Acc@1: 72.5000 (73.3400)  Acc@5: 91.2500 (93.8000)LR: 3.211e-03
2024-11-17 19:20:35,124 -                train: [    INFO] - Valid: 460 [   0/104]  Loss: 0.7590 (0.759)  Acc@1: 81.2500 (81.2500)  Acc@5: 93.7500 (93.7500)
2024-11-17 19:20:36,854 -                train: [    INFO] - Valid: 460 [ 104/104]  Loss: 0.8927 (0.854)  Acc@1: 81.2500 (75.8700)  Acc@5: 93.7500 (94.7800)
2024-11-17 19:20:36,922 -                train: [    INFO] - valid_acc 75.870003 - best_valid_acc 76.290002
2024-11-17 19:20:37,626 -                train: [    INFO] - Train: 461 [   0/520]  Loss: 0.9992 (0.999)  Acc@1: 81.2500 (81.2500)  Acc@5: 94.7917 (94.7917)LR: 3.167e-03
2024-11-17 19:20:53,796 -                train: [    INFO] - Train: 461 [ 200/520]  Loss: 1.341 (1.27)  Acc@1: 76.0417 (73.5282)  Acc@5: 91.6667 (93.6256)LR: 3.167e-03
2024-11-17 19:21:10,257 -                train: [    INFO] - Train: 461 [ 400/520]  Loss: 1.655 (1.27)  Acc@1: 66.6667 (73.5687)  Acc@5: 91.6667 (93.6617)LR: 3.167e-03
2024-11-17 19:21:20,047 -                train: [    INFO] - Train: 461 [ 520/520]  Loss: 1.398 (1.28)  Acc@1: 68.7500 (73.3560)  Acc@5: 88.7500 (93.6640)LR: 3.167e-03
2024-11-17 19:21:20,647 -                train: [    INFO] - Valid: 461 [   0/104]  Loss: 0.8210 (0.821)  Acc@1: 79.1667 (79.1667)  Acc@5: 92.7083 (92.7083)
2024-11-17 19:21:22,363 -                train: [    INFO] - Valid: 461 [ 104/104]  Loss: 0.6631 (0.856)  Acc@1: 81.2500 (75.6300)  Acc@5: 100.0000 (94.8900)
2024-11-17 19:21:22,423 -                train: [    INFO] - valid_acc 75.630002 - best_valid_acc 76.290002
2024-11-17 19:21:23,081 -                train: [    INFO] - Train: 462 [   0/520]  Loss: 1.183 (1.18)  Acc@1: 78.1250 (78.1250)  Acc@5: 95.8333 (95.8333)LR: 3.124e-03
2024-11-17 19:21:39,022 -                train: [    INFO] - Train: 462 [ 200/520]  Loss: 1.372 (1.24)  Acc@1: 71.8750 (74.3729)  Acc@5: 91.6667 (93.8847)LR: 3.124e-03
2024-11-17 19:21:55,720 -                train: [    INFO] - Train: 462 [ 400/520]  Loss: 1.199 (1.25)  Acc@1: 75.0000 (74.2363)  Acc@5: 94.7917 (93.8020)LR: 3.124e-03
2024-11-17 19:22:05,648 -                train: [    INFO] - Train: 462 [ 520/520]  Loss: 1.551 (1.25)  Acc@1: 62.5000 (73.9200)  Acc@5: 93.7500 (93.7880)LR: 3.124e-03
2024-11-17 19:22:06,269 -                train: [    INFO] - Valid: 462 [   0/104]  Loss: 0.7416 (0.742)  Acc@1: 82.2917 (82.2917)  Acc@5: 93.7500 (93.7500)
2024-11-17 19:22:08,019 -                train: [    INFO] - Valid: 462 [ 104/104]  Loss: 0.8319 (0.856)  Acc@1: 81.2500 (75.5500)  Acc@5: 93.7500 (95.0100)
2024-11-17 19:22:08,080 -                train: [    INFO] - valid_acc 75.550002 - best_valid_acc 76.290002
2024-11-17 19:22:08,693 -                train: [    INFO] - Train: 463 [   0/520]  Loss: 1.047 (1.05)  Acc@1: 73.9583 (73.9583)  Acc@5: 95.8333 (95.8333)LR: 3.080e-03
2024-11-17 19:22:25,237 -                train: [    INFO] - Train: 463 [ 200/520]  Loss: 1.299 (1.25)  Acc@1: 75.0000 (73.9635)  Acc@5: 95.8333 (93.7707)LR: 3.080e-03
2024-11-17 19:22:41,624 -                train: [    INFO] - Train: 463 [ 400/520]  Loss: 1.113 (1.26)  Acc@1: 72.9167 (73.9376)  Acc@5: 94.7917 (93.7006)LR: 3.080e-03
2024-11-17 19:22:51,220 -                train: [    INFO] - Train: 463 [ 520/520]  Loss: 1.182 (1.26)  Acc@1: 75.0000 (73.8840)  Acc@5: 97.5000 (93.7200)LR: 3.080e-03
2024-11-17 19:22:51,803 -                train: [    INFO] - Valid: 463 [   0/104]  Loss: 0.8434 (0.843)  Acc@1: 77.0833 (77.0833)  Acc@5: 92.7083 (92.7083)
2024-11-17 19:22:53,544 -                train: [    INFO] - Valid: 463 [ 104/104]  Loss: 0.9056 (0.868)  Acc@1: 81.2500 (75.7400)  Acc@5: 93.7500 (94.7400)
2024-11-17 19:22:53,606 -                train: [    INFO] - valid_acc 75.740002 - best_valid_acc 76.290002
2024-11-17 19:22:54,236 -                train: [    INFO] - Train: 464 [   0/520]  Loss: 1.320 (1.32)  Acc@1: 68.7500 (68.7500)  Acc@5: 95.8333 (95.8333)LR: 3.038e-03
2024-11-17 19:23:10,468 -                train: [    INFO] - Train: 464 [ 200/520]  Loss: 1.270 (1.26)  Acc@1: 77.0833 (73.7614)  Acc@5: 89.5833 (93.8692)LR: 3.038e-03
2024-11-17 19:23:27,044 -                train: [    INFO] - Train: 464 [ 400/520]  Loss: 1.250 (1.25)  Acc@1: 75.0000 (73.8648)  Acc@5: 90.6250 (93.7838)LR: 3.038e-03
2024-11-17 19:23:36,658 -                train: [    INFO] - Train: 464 [ 520/520]  Loss: 1.152 (1.26)  Acc@1: 73.7500 (73.7400)  Acc@5: 93.7500 (93.7100)LR: 3.038e-03
2024-11-17 19:23:37,334 -                train: [    INFO] - Valid: 464 [   0/104]  Loss: 0.8301 (0.830)  Acc@1: 82.2917 (82.2917)  Acc@5: 93.7500 (93.7500)
2024-11-17 19:23:39,083 -                train: [    INFO] - Valid: 464 [ 104/104]  Loss: 0.9329 (0.858)  Acc@1: 75.0000 (75.6300)  Acc@5: 93.7500 (94.9200)
2024-11-17 19:23:39,143 -                train: [    INFO] - valid_acc 75.630002 - best_valid_acc 76.290002
2024-11-17 19:23:39,822 -                train: [    INFO] - Train: 465 [   0/520]  Loss: 0.9837 (0.984)  Acc@1: 79.1667 (79.1667)  Acc@5: 96.8750 (96.8750)LR: 2.995e-03
2024-11-17 19:23:56,131 -                train: [    INFO] - Train: 465 [ 200/520]  Loss: 1.517 (1.24)  Acc@1: 71.8750 (73.8651)  Acc@5: 92.7083 (94.1283)LR: 2.995e-03
2024-11-17 19:24:12,567 -                train: [    INFO] - Train: 465 [ 400/520]  Loss: 1.054 (1.26)  Acc@1: 76.0417 (73.4959)  Acc@5: 97.9167 (93.8253)LR: 2.995e-03
2024-11-17 19:24:22,121 -                train: [    INFO] - Train: 465 [ 520/520]  Loss: 1.221 (1.26)  Acc@1: 77.5000 (73.5360)  Acc@5: 95.0000 (93.8780)LR: 2.995e-03
2024-11-17 19:24:22,700 -                train: [    INFO] - Valid: 465 [   0/104]  Loss: 0.8048 (0.805)  Acc@1: 83.3333 (83.3333)  Acc@5: 95.8333 (95.8333)
2024-11-17 19:24:24,421 -                train: [    INFO] - Valid: 465 [ 104/104]  Loss: 0.8658 (0.851)  Acc@1: 81.2500 (76.0400)  Acc@5: 87.5000 (94.9200)
2024-11-17 19:24:24,482 -                train: [    INFO] - valid_acc 76.040002 - best_valid_acc 76.290002
2024-11-17 19:24:25,164 -                train: [    INFO] - Train: 466 [   0/520]  Loss: 1.211 (1.21)  Acc@1: 75.0000 (75.0000)  Acc@5: 94.7917 (94.7917)LR: 2.953e-03
2024-11-17 19:24:41,541 -                train: [    INFO] - Train: 466 [ 200/520]  Loss: 1.473 (1.24)  Acc@1: 69.7917 (74.4092)  Acc@5: 89.5833 (93.8070)LR: 2.953e-03
2024-11-17 19:24:57,909 -                train: [    INFO] - Train: 466 [ 400/520]  Loss: 1.353 (1.25)  Acc@1: 78.1250 (74.1454)  Acc@5: 89.5833 (93.7526)LR: 2.953e-03
2024-11-17 19:25:07,510 -                train: [    INFO] - Train: 466 [ 520/520]  Loss: 1.172 (1.26)  Acc@1: 75.0000 (74.0620)  Acc@5: 92.5000 (93.6960)LR: 2.953e-03
2024-11-17 19:25:08,171 -                train: [    INFO] - Valid: 466 [   0/104]  Loss: 0.7731 (0.773)  Acc@1: 80.2083 (80.2083)  Acc@5: 93.7500 (93.7500)
2024-11-17 19:25:09,908 -                train: [    INFO] - Valid: 466 [ 104/104]  Loss: 0.9026 (0.855)  Acc@1: 75.0000 (75.9300)  Acc@5: 87.5000 (94.7900)
2024-11-17 19:25:09,972 -                train: [    INFO] - valid_acc 75.930002 - best_valid_acc 76.290002
2024-11-17 19:25:10,652 -                train: [    INFO] - Train: 467 [   0/520]  Loss: 1.215 (1.21)  Acc@1: 70.8333 (70.8333)  Acc@5: 96.8750 (96.8750)LR: 2.910e-03
2024-11-17 19:25:27,090 -                train: [    INFO] - Train: 467 [ 200/520]  Loss: 1.162 (1.23)  Acc@1: 72.9167 (74.3522)  Acc@5: 95.8333 (94.2631)LR: 2.910e-03
2024-11-17 19:25:43,370 -                train: [    INFO] - Train: 467 [ 400/520]  Loss: 1.273 (1.25)  Acc@1: 79.1667 (73.9713)  Acc@5: 93.7500 (94.1397)LR: 2.910e-03
2024-11-17 19:25:53,061 -                train: [    INFO] - Train: 467 [ 520/520]  Loss: 1.157 (1.25)  Acc@1: 68.7500 (73.9220)  Acc@5: 96.2500 (94.0700)LR: 2.910e-03
2024-11-17 19:25:53,718 -                train: [    INFO] - Valid: 467 [   0/104]  Loss: 0.8013 (0.801)  Acc@1: 79.1667 (79.1667)  Acc@5: 92.7083 (92.7083)
2024-11-17 19:25:55,410 -                train: [    INFO] - Valid: 467 [ 104/104]  Loss: 1.153 (0.850)  Acc@1: 75.0000 (76.2600)  Acc@5: 87.5000 (94.7400)
2024-11-17 19:25:55,471 -                train: [    INFO] - valid_acc 76.260003 - best_valid_acc 76.290002
2024-11-17 19:25:56,123 -                train: [    INFO] - Train: 468 [   0/520]  Loss: 1.126 (1.13)  Acc@1: 72.9167 (72.9167)  Acc@5: 95.8333 (95.8333)LR: 2.869e-03
2024-11-17 19:26:12,222 -                train: [    INFO] - Train: 468 [ 200/520]  Loss: 1.437 (1.23)  Acc@1: 75.0000 (74.1449)  Acc@5: 88.5417 (94.3097)LR: 2.869e-03
2024-11-17 19:26:28,595 -                train: [    INFO] - Train: 468 [ 400/520]  Loss: 1.196 (1.24)  Acc@1: 79.1667 (74.1921)  Acc@5: 94.7917 (94.1319)LR: 2.869e-03
2024-11-17 19:26:38,275 -                train: [    INFO] - Train: 468 [ 520/520]  Loss: 1.481 (1.25)  Acc@1: 67.5000 (73.9700)  Acc@5: 96.2500 (94.0960)LR: 2.869e-03
2024-11-17 19:26:38,925 -                train: [    INFO] - Valid: 468 [   0/104]  Loss: 0.7792 (0.779)  Acc@1: 80.2083 (80.2083)  Acc@5: 94.7917 (94.7917)
2024-11-17 19:26:40,675 -                train: [    INFO] - Valid: 468 [ 104/104]  Loss: 0.9975 (0.840)  Acc@1: 75.0000 (76.1900)  Acc@5: 93.7500 (95.0200)
2024-11-17 19:26:40,735 -                train: [    INFO] - valid_acc 76.190003 - best_valid_acc 76.290002
2024-11-17 19:26:41,361 -                train: [    INFO] - Train: 469 [   0/520]  Loss: 1.372 (1.37)  Acc@1: 69.7917 (69.7917)  Acc@5: 95.8333 (95.8333)LR: 2.827e-03
2024-11-17 19:26:57,462 -                train: [    INFO] - Train: 469 [ 200/520]  Loss: 1.318 (1.23)  Acc@1: 77.0833 (74.3056)  Acc@5: 92.7083 (94.0350)LR: 2.827e-03
2024-11-17 19:27:13,638 -                train: [    INFO] - Train: 469 [ 400/520]  Loss: 1.470 (1.24)  Acc@1: 71.8750 (73.9220)  Acc@5: 90.6250 (94.0202)LR: 2.827e-03
2024-11-17 19:27:23,029 -                train: [    INFO] - Train: 469 [ 520/520]  Loss: 1.214 (1.25)  Acc@1: 76.2500 (73.8120)  Acc@5: 95.0000 (93.9660)LR: 2.827e-03
2024-11-17 19:27:23,672 -                train: [    INFO] - Valid: 469 [   0/104]  Loss: 0.7817 (0.782)  Acc@1: 81.2500 (81.2500)  Acc@5: 94.7917 (94.7917)
2024-11-17 19:27:25,510 -                train: [    INFO] - Valid: 469 [ 104/104]  Loss: 0.9465 (0.858)  Acc@1: 75.0000 (75.8600)  Acc@5: 87.5000 (94.5800)
2024-11-17 19:27:25,570 -                train: [    INFO] - valid_acc 75.860003 - best_valid_acc 76.290002
2024-11-17 19:27:26,248 -                train: [    INFO] - Train: 470 [   0/520]  Loss: 1.017 (1.02)  Acc@1: 76.0417 (76.0417)  Acc@5: 96.8750 (96.8750)LR: 2.786e-03
2024-11-17 19:27:42,490 -                train: [    INFO] - Train: 470 [ 200/520]  Loss: 1.165 (1.23)  Acc@1: 76.0417 (74.3729)  Acc@5: 95.8333 (94.0558)LR: 2.786e-03
2024-11-17 19:27:58,745 -                train: [    INFO] - Train: 470 [ 400/520]  Loss: 1.138 (1.23)  Acc@1: 76.0417 (74.3662)  Acc@5: 95.8333 (94.1059)LR: 2.786e-03
2024-11-17 19:28:08,457 -                train: [    INFO] - Train: 470 [ 520/520]  Loss: 1.289 (1.23)  Acc@1: 73.7500 (74.2700)  Acc@5: 97.5000 (94.1180)LR: 2.786e-03
2024-11-17 19:28:09,119 -                train: [    INFO] - Valid: 470 [   0/104]  Loss: 0.7880 (0.788)  Acc@1: 80.2083 (80.2083)  Acc@5: 94.7917 (94.7917)
2024-11-17 19:28:10,829 -                train: [    INFO] - Valid: 470 [ 104/104]  Loss: 0.9644 (0.858)  Acc@1: 75.0000 (75.8100)  Acc@5: 93.7500 (94.7200)
2024-11-17 19:28:10,891 -                train: [    INFO] - valid_acc 75.810003 - best_valid_acc 76.290002
2024-11-17 19:28:11,559 -                train: [    INFO] - Train: 471 [   0/520]  Loss: 1.227 (1.23)  Acc@1: 75.0000 (75.0000)  Acc@5: 91.6667 (91.6667)LR: 2.745e-03
2024-11-17 19:28:28,084 -                train: [    INFO] - Train: 471 [ 200/520]  Loss: 1.378 (1.25)  Acc@1: 71.8750 (74.0723)  Acc@5: 94.7917 (93.9210)LR: 2.745e-03
2024-11-17 19:28:44,422 -                train: [    INFO] - Train: 471 [ 400/520]  Loss: 1.413 (1.24)  Acc@1: 66.6667 (74.0752)  Acc@5: 93.7500 (93.9708)LR: 2.745e-03
2024-11-17 19:28:54,327 -                train: [    INFO] - Train: 471 [ 520/520]  Loss: 1.475 (1.25)  Acc@1: 68.7500 (74.0440)  Acc@5: 91.2500 (93.9580)LR: 2.745e-03
2024-11-17 19:28:54,956 -                train: [    INFO] - Valid: 471 [   0/104]  Loss: 0.8301 (0.830)  Acc@1: 82.2917 (82.2917)  Acc@5: 92.7083 (92.7083)
2024-11-17 19:28:56,801 -                train: [    INFO] - Valid: 471 [ 104/104]  Loss: 0.8479 (0.851)  Acc@1: 75.0000 (75.9600)  Acc@5: 93.7500 (94.7800)
2024-11-17 19:28:56,859 -                train: [    INFO] - valid_acc 75.960003 - best_valid_acc 76.290002
2024-11-17 19:28:57,457 -                train: [    INFO] - Train: 472 [   0/520]  Loss: 1.105 (1.11)  Acc@1: 78.1250 (78.1250)  Acc@5: 96.8750 (96.8750)LR: 2.704e-03
2024-11-17 19:29:13,813 -                train: [    INFO] - Train: 472 [ 200/520]  Loss: 1.029 (1.24)  Acc@1: 79.1667 (74.2952)  Acc@5: 94.7917 (94.0817)LR: 2.704e-03
2024-11-17 19:29:30,278 -                train: [    INFO] - Train: 472 [ 400/520]  Loss: 1.617 (1.24)  Acc@1: 64.5833 (74.1480)  Acc@5: 88.5417 (94.0799)LR: 2.704e-03
2024-11-17 19:29:40,011 -                train: [    INFO] - Train: 472 [ 520/520]  Loss: 1.589 (1.25)  Acc@1: 71.2500 (74.0980)  Acc@5: 87.5000 (94.0200)LR: 2.704e-03
2024-11-17 19:29:40,601 -                train: [    INFO] - Valid: 472 [   0/104]  Loss: 0.7313 (0.731)  Acc@1: 81.2500 (81.2500)  Acc@5: 94.7917 (94.7917)
2024-11-17 19:29:42,335 -                train: [    INFO] - Valid: 472 [ 104/104]  Loss: 0.9540 (0.836)  Acc@1: 75.0000 (76.1100)  Acc@5: 93.7500 (95.0000)
2024-11-17 19:29:42,397 -                train: [    INFO] - valid_acc 76.110003 - best_valid_acc 76.290002
2024-11-17 19:29:43,060 -                train: [    INFO] - Train: 473 [   0/520]  Loss: 1.239 (1.24)  Acc@1: 71.8750 (71.8750)  Acc@5: 95.8333 (95.8333)LR: 2.663e-03
2024-11-17 19:29:59,185 -                train: [    INFO] - Train: 473 [ 200/520]  Loss: 1.349 (1.22)  Acc@1: 70.8333 (74.8186)  Acc@5: 93.7500 (94.0713)LR: 2.663e-03
2024-11-17 19:30:15,420 -                train: [    INFO] - Train: 473 [ 400/520]  Loss: 1.350 (1.22)  Acc@1: 73.9583 (74.6026)  Acc@5: 91.6667 (94.0539)LR: 2.663e-03
2024-11-17 19:30:25,130 -                train: [    INFO] - Train: 473 [ 520/520]  Loss: 1.154 (1.23)  Acc@1: 77.5000 (74.4940)  Acc@5: 97.5000 (93.9880)LR: 2.663e-03
2024-11-17 19:30:25,802 -                train: [    INFO] - Valid: 473 [   0/104]  Loss: 0.7786 (0.779)  Acc@1: 82.2917 (82.2917)  Acc@5: 93.7500 (93.7500)
2024-11-17 19:30:27,559 -                train: [    INFO] - Valid: 473 [ 104/104]  Loss: 0.7850 (0.843)  Acc@1: 75.0000 (76.0600)  Acc@5: 93.7500 (94.8500)
2024-11-17 19:30:27,617 -                train: [    INFO] - valid_acc 76.060003 - best_valid_acc 76.290002
2024-11-17 19:30:28,303 -                train: [    INFO] - Train: 474 [   0/520]  Loss: 1.650 (1.65)  Acc@1: 65.6250 (65.6250)  Acc@5: 94.7917 (94.7917)LR: 2.623e-03
2024-11-17 19:30:44,740 -                train: [    INFO] - Train: 474 [ 200/520]  Loss: 1.317 (1.24)  Acc@1: 70.8333 (74.3626)  Acc@5: 91.6667 (93.7189)LR: 2.623e-03
2024-11-17 19:31:01,327 -                train: [    INFO] - Train: 474 [ 400/520]  Loss: 1.318 (1.24)  Acc@1: 70.8333 (74.2986)  Acc@5: 91.6667 (93.9318)LR: 2.623e-03
2024-11-17 19:31:11,239 -                train: [    INFO] - Train: 474 [ 520/520]  Loss: 1.508 (1.24)  Acc@1: 68.7500 (74.2900)  Acc@5: 91.2500 (93.9920)LR: 2.623e-03
2024-11-17 19:31:11,784 -                train: [    INFO] - Valid: 474 [   0/104]  Loss: 0.7659 (0.766)  Acc@1: 83.3333 (83.3333)  Acc@5: 93.7500 (93.7500)
2024-11-17 19:31:13,535 -                train: [    INFO] - Valid: 474 [ 104/104]  Loss: 0.9189 (0.835)  Acc@1: 75.0000 (76.5100)  Acc@5: 93.7500 (94.9100)
2024-11-17 19:31:13,651 -                train: [    INFO] - valid_acc 76.510003 - best_valid_acc 76.510003
2024-11-17 19:31:14,326 -                train: [    INFO] - Train: 475 [   0/520]  Loss: 1.400 (1.40)  Acc@1: 70.8333 (70.8333)  Acc@5: 94.7917 (94.7917)LR: 2.583e-03
2024-11-17 19:31:30,694 -                train: [    INFO] - Train: 475 [ 200/520]  Loss: 1.421 (1.23)  Acc@1: 68.7500 (74.2175)  Acc@5: 92.7083 (94.3253)LR: 2.583e-03
2024-11-17 19:31:47,237 -                train: [    INFO] - Train: 475 [ 400/520]  Loss: 0.9644 (1.24)  Acc@1: 82.2917 (74.1194)  Acc@5: 97.9167 (94.1708)LR: 2.583e-03
2024-11-17 19:31:57,190 -                train: [    INFO] - Train: 475 [ 520/520]  Loss: 1.269 (1.24)  Acc@1: 72.5000 (74.1940)  Acc@5: 93.7500 (94.1320)LR: 2.583e-03
2024-11-17 19:31:57,775 -                train: [    INFO] - Valid: 475 [   0/104]  Loss: 0.7914 (0.791)  Acc@1: 80.2083 (80.2083)  Acc@5: 91.6667 (91.6667)
2024-11-17 19:31:59,517 -                train: [    INFO] - Valid: 475 [ 104/104]  Loss: 0.7399 (0.842)  Acc@1: 75.0000 (76.3500)  Acc@5: 93.7500 (94.9500)
2024-11-17 19:31:59,576 -                train: [    INFO] - valid_acc 76.350003 - best_valid_acc 76.510003
2024-11-17 19:32:00,139 -                train: [    INFO] - Train: 476 [   0/520]  Loss: 1.129 (1.13)  Acc@1: 72.9167 (72.9167)  Acc@5: 98.9583 (98.9583)LR: 2.543e-03
2024-11-17 19:32:16,450 -                train: [    INFO] - Train: 476 [ 200/520]  Loss: 1.325 (1.20)  Acc@1: 75.0000 (74.9223)  Acc@5: 90.6250 (94.4652)LR: 2.543e-03
2024-11-17 19:32:32,997 -                train: [    INFO] - Train: 476 [ 400/520]  Loss: 1.032 (1.22)  Acc@1: 80.2083 (74.5584)  Acc@5: 92.7083 (94.3189)LR: 2.543e-03
2024-11-17 19:32:43,247 -                train: [    INFO] - Train: 476 [ 520/520]  Loss: 1.163 (1.22)  Acc@1: 72.5000 (74.4320)  Acc@5: 93.7500 (94.1940)LR: 2.543e-03
2024-11-17 19:32:43,905 -                train: [    INFO] - Valid: 476 [   0/104]  Loss: 0.8155 (0.815)  Acc@1: 77.0833 (77.0833)  Acc@5: 93.7500 (93.7500)
2024-11-17 19:32:45,769 -                train: [    INFO] - Valid: 476 [ 104/104]  Loss: 0.8809 (0.826)  Acc@1: 75.0000 (76.5900)  Acc@5: 93.7500 (95.0100)
2024-11-17 19:32:45,901 -                train: [    INFO] - valid_acc 76.590002 - best_valid_acc 76.590002
2024-11-17 19:32:46,538 -                train: [    INFO] - Train: 477 [   0/520]  Loss: 1.035 (1.04)  Acc@1: 79.1667 (79.1667)  Acc@5: 97.9167 (97.9167)LR: 2.504e-03
2024-11-17 19:33:02,967 -                train: [    INFO] - Train: 477 [ 200/520]  Loss: 1.017 (1.23)  Acc@1: 77.0833 (74.5284)  Acc@5: 94.7917 (94.1128)LR: 2.504e-03
2024-11-17 19:33:18,870 -                train: [    INFO] - Train: 477 [ 400/520]  Loss: 0.9936 (1.23)  Acc@1: 77.0833 (74.4909)  Acc@5: 96.8750 (94.1552)LR: 2.504e-03
2024-11-17 19:33:28,753 -                train: [    INFO] - Train: 477 [ 520/520]  Loss: 1.277 (1.22)  Acc@1: 72.5000 (74.6960)  Acc@5: 95.0000 (94.1620)LR: 2.504e-03
2024-11-17 19:33:29,424 -                train: [    INFO] - Valid: 477 [   0/104]  Loss: 0.8272 (0.827)  Acc@1: 79.1667 (79.1667)  Acc@5: 94.7917 (94.7917)
2024-11-17 19:33:31,165 -                train: [    INFO] - Valid: 477 [ 104/104]  Loss: 1.031 (0.844)  Acc@1: 75.0000 (76.1400)  Acc@5: 87.5000 (95.0300)
2024-11-17 19:33:31,222 -                train: [    INFO] - valid_acc 76.140003 - best_valid_acc 76.590002
2024-11-17 19:33:31,781 -                train: [    INFO] - Train: 478 [   0/520]  Loss: 0.8942 (0.894)  Acc@1: 82.2917 (82.2917)  Acc@5: 98.9583 (98.9583)LR: 2.465e-03
2024-11-17 19:33:48,026 -                train: [    INFO] - Train: 478 [ 200/520]  Loss: 0.9989 (1.22)  Acc@1: 82.2917 (74.5025)  Acc@5: 97.9167 (94.3823)LR: 2.465e-03
2024-11-17 19:34:04,043 -                train: [    INFO] - Train: 478 [ 400/520]  Loss: 1.314 (1.22)  Acc@1: 69.7917 (74.5012)  Acc@5: 93.7500 (94.3657)LR: 2.465e-03
2024-11-17 19:34:14,003 -                train: [    INFO] - Train: 478 [ 520/520]  Loss: 1.361 (1.22)  Acc@1: 73.7500 (74.4340)  Acc@5: 92.5000 (94.1540)LR: 2.465e-03
2024-11-17 19:34:14,478 -                train: [    INFO] - Valid: 478 [   0/104]  Loss: 0.7886 (0.789)  Acc@1: 79.1667 (79.1667)  Acc@5: 94.7917 (94.7917)
2024-11-17 19:34:16,234 -                train: [    INFO] - Valid: 478 [ 104/104]  Loss: 0.9156 (0.837)  Acc@1: 75.0000 (76.2300)  Acc@5: 93.7500 (94.9000)
2024-11-17 19:34:16,291 -                train: [    INFO] - valid_acc 76.230003 - best_valid_acc 76.590002
2024-11-17 19:34:16,791 -                train: [    INFO] - Train: 479 [   0/520]  Loss: 1.339 (1.34)  Acc@1: 73.9583 (73.9583)  Acc@5: 91.6667 (91.6667)LR: 2.426e-03
2024-11-17 19:34:32,784 -                train: [    INFO] - Train: 479 [ 200/520]  Loss: 1.266 (1.22)  Acc@1: 72.9167 (74.8083)  Acc@5: 91.6667 (94.1646)LR: 2.426e-03
2024-11-17 19:34:49,280 -                train: [    INFO] - Train: 479 [ 400/520]  Loss: 1.231 (1.23)  Acc@1: 80.2083 (74.4415)  Acc@5: 93.7500 (94.0721)LR: 2.426e-03
2024-11-17 19:34:59,190 -                train: [    INFO] - Train: 479 [ 520/520]  Loss: 1.395 (1.23)  Acc@1: 75.0000 (74.3580)  Acc@5: 91.2500 (94.0860)LR: 2.426e-03
2024-11-17 19:34:59,645 -                train: [    INFO] - Valid: 479 [   0/104]  Loss: 0.7330 (0.733)  Acc@1: 81.2500 (81.2500)  Acc@5: 94.7917 (94.7917)
2024-11-17 19:35:01,337 -                train: [    INFO] - Valid: 479 [ 104/104]  Loss: 1.149 (0.839)  Acc@1: 81.2500 (76.5300)  Acc@5: 87.5000 (95.0400)
2024-11-17 19:35:01,396 -                train: [    INFO] - valid_acc 76.530002 - best_valid_acc 76.590002
2024-11-17 19:35:01,935 -                train: [    INFO] - Train: 480 [   0/520]  Loss: 1.269 (1.27)  Acc@1: 69.7917 (69.7917)  Acc@5: 96.8750 (96.8750)LR: 2.387e-03
2024-11-17 19:35:18,088 -                train: [    INFO] - Train: 480 [ 200/520]  Loss: 1.491 (1.20)  Acc@1: 65.6250 (75.1037)  Acc@5: 92.7083 (94.3149)LR: 2.387e-03
2024-11-17 19:35:34,461 -                train: [    INFO] - Train: 480 [ 400/520]  Loss: 1.006 (1.21)  Acc@1: 81.2500 (74.8987)  Acc@5: 96.8750 (94.2747)LR: 2.387e-03
2024-11-17 19:35:44,432 -                train: [    INFO] - Train: 480 [ 520/520]  Loss: 0.9751 (1.22)  Acc@1: 75.0000 (74.7840)  Acc@5: 97.5000 (94.2980)LR: 2.387e-03
2024-11-17 19:35:44,866 -                train: [    INFO] - Valid: 480 [   0/104]  Loss: 0.7711 (0.771)  Acc@1: 81.2500 (81.2500)  Acc@5: 91.6667 (91.6667)
2024-11-17 19:35:46,505 -                train: [    INFO] - Valid: 480 [ 104/104]  Loss: 0.9636 (0.827)  Acc@1: 75.0000 (76.7400)  Acc@5: 93.7500 (95.1900)
2024-11-17 19:35:46,614 -                train: [    INFO] - valid_acc 76.740002 - best_valid_acc 76.740002
2024-11-17 19:35:47,116 -                train: [    INFO] - Train: 481 [   0/520]  Loss: 1.115 (1.11)  Acc@1: 79.1667 (79.1667)  Acc@5: 94.7917 (94.7917)LR: 2.349e-03
2024-11-17 19:36:03,459 -                train: [    INFO] - Train: 481 [ 200/520]  Loss: 1.348 (1.22)  Acc@1: 69.7917 (74.7253)  Acc@5: 93.7500 (94.1801)LR: 2.349e-03
2024-11-17 19:36:19,602 -                train: [    INFO] - Train: 481 [ 400/520]  Loss: 1.094 (1.22)  Acc@1: 81.2500 (74.4779)  Acc@5: 94.7917 (94.1293)LR: 2.349e-03
2024-11-17 19:36:29,525 -                train: [    INFO] - Train: 481 [ 520/520]  Loss: 1.442 (1.23)  Acc@1: 70.0000 (74.4560)  Acc@5: 92.5000 (94.0900)LR: 2.349e-03
2024-11-17 19:36:29,991 -                train: [    INFO] - Valid: 481 [   0/104]  Loss: 0.6802 (0.680)  Acc@1: 81.2500 (81.2500)  Acc@5: 94.7917 (94.7917)
2024-11-17 19:36:31,720 -                train: [    INFO] - Valid: 481 [ 104/104]  Loss: 1.142 (0.840)  Acc@1: 75.0000 (76.3700)  Acc@5: 93.7500 (94.9000)
2024-11-17 19:36:31,772 -                train: [    INFO] - valid_acc 76.370003 - best_valid_acc 76.740002
2024-11-17 19:36:32,314 -                train: [    INFO] - Train: 482 [   0/520]  Loss: 1.363 (1.36)  Acc@1: 70.8333 (70.8333)  Acc@5: 93.7500 (93.7500)LR: 2.311e-03
2024-11-17 19:36:49,015 -                train: [    INFO] - Train: 482 [ 200/520]  Loss: 1.256 (1.20)  Acc@1: 77.0833 (75.4250)  Acc@5: 89.5833 (94.1801)LR: 2.311e-03
2024-11-17 19:37:05,118 -                train: [    INFO] - Train: 482 [ 400/520]  Loss: 0.8608 (1.21)  Acc@1: 85.4167 (75.2000)  Acc@5: 97.9167 (94.1604)LR: 2.311e-03
2024-11-17 19:37:14,901 -                train: [    INFO] - Train: 482 [ 520/520]  Loss: 1.200 (1.22)  Acc@1: 71.2500 (74.9240)  Acc@5: 93.7500 (94.0940)LR: 2.311e-03
2024-11-17 19:37:15,353 -                train: [    INFO] - Valid: 482 [   0/104]  Loss: 0.6924 (0.692)  Acc@1: 83.3333 (83.3333)  Acc@5: 94.7917 (94.7917)
2024-11-17 19:37:17,138 -                train: [    INFO] - Valid: 482 [ 104/104]  Loss: 0.8842 (0.847)  Acc@1: 81.2500 (76.1300)  Acc@5: 100.0000 (95.1600)
2024-11-17 19:37:17,188 -                train: [    INFO] - valid_acc 76.130002 - best_valid_acc 76.740002
2024-11-17 19:37:17,661 -                train: [    INFO] - Train: 483 [   0/520]  Loss: 1.007 (1.01)  Acc@1: 78.1250 (78.1250)  Acc@5: 94.7917 (94.7917)LR: 2.273e-03
2024-11-17 19:37:34,127 -                train: [    INFO] - Train: 483 [ 200/520]  Loss: 1.603 (1.20)  Acc@1: 62.5000 (75.2436)  Acc@5: 91.6667 (94.1957)LR: 2.273e-03
2024-11-17 19:37:50,563 -                train: [    INFO] - Train: 483 [ 400/520]  Loss: 1.006 (1.21)  Acc@1: 79.1667 (75.0442)  Acc@5: 95.8333 (94.1890)LR: 2.273e-03
2024-11-17 19:38:00,426 -                train: [    INFO] - Train: 483 [ 520/520]  Loss: 1.121 (1.21)  Acc@1: 73.7500 (74.8680)  Acc@5: 96.2500 (94.1600)LR: 2.273e-03
2024-11-17 19:38:00,918 -                train: [    INFO] - Valid: 483 [   0/104]  Loss: 0.7734 (0.773)  Acc@1: 79.1667 (79.1667)  Acc@5: 93.7500 (93.7500)
2024-11-17 19:38:02,596 -                train: [    INFO] - Valid: 483 [ 104/104]  Loss: 0.8484 (0.834)  Acc@1: 75.0000 (76.7900)  Acc@5: 93.7500 (95.0400)
2024-11-17 19:38:02,709 -                train: [    INFO] - valid_acc 76.790003 - best_valid_acc 76.790003
2024-11-17 19:38:03,215 -                train: [    INFO] - Train: 484 [   0/520]  Loss: 1.016 (1.02)  Acc@1: 73.9583 (73.9583)  Acc@5: 96.8750 (96.8750)LR: 2.236e-03
2024-11-17 19:38:19,930 -                train: [    INFO] - Train: 484 [ 200/520]  Loss: 1.163 (1.22)  Acc@1: 75.0000 (74.8497)  Acc@5: 96.8750 (94.0454)LR: 2.236e-03
2024-11-17 19:38:36,360 -                train: [    INFO] - Train: 484 [ 400/520]  Loss: 0.8365 (1.22)  Acc@1: 82.2917 (74.8675)  Acc@5: 96.8750 (94.0357)LR: 2.236e-03
2024-11-17 19:38:46,443 -                train: [    INFO] - Train: 484 [ 520/520]  Loss: 1.020 (1.22)  Acc@1: 80.0000 (74.7160)  Acc@5: 97.5000 (94.1080)LR: 2.236e-03
2024-11-17 19:38:46,923 -                train: [    INFO] - Valid: 484 [   0/104]  Loss: 0.7465 (0.746)  Acc@1: 78.1250 (78.1250)  Acc@5: 94.7917 (94.7917)
2024-11-17 19:38:48,668 -                train: [    INFO] - Valid: 484 [ 104/104]  Loss: 0.9158 (0.831)  Acc@1: 75.0000 (76.5000)  Acc@5: 93.7500 (95.0500)
2024-11-17 19:38:48,725 -                train: [    INFO] - valid_acc 76.500002 - best_valid_acc 76.790003
2024-11-17 19:38:49,240 -                train: [    INFO] - Train: 485 [   0/520]  Loss: 1.376 (1.38)  Acc@1: 69.7917 (69.7917)  Acc@5: 93.7500 (93.7500)LR: 2.198e-03
2024-11-17 19:39:05,218 -                train: [    INFO] - Train: 485 [ 200/520]  Loss: 1.370 (1.23)  Acc@1: 71.8750 (74.6476)  Acc@5: 93.7500 (93.9625)LR: 2.198e-03
2024-11-17 19:39:21,470 -                train: [    INFO] - Train: 485 [ 400/520]  Loss: 1.133 (1.22)  Acc@1: 77.0833 (74.7766)  Acc@5: 94.7917 (94.1111)LR: 2.198e-03
2024-11-17 19:39:31,351 -                train: [    INFO] - Train: 485 [ 520/520]  Loss: 0.9553 (1.22)  Acc@1: 83.7500 (74.6080)  Acc@5: 95.0000 (94.1300)LR: 2.198e-03
2024-11-17 19:39:31,844 -                train: [    INFO] - Valid: 485 [   0/104]  Loss: 0.8272 (0.827)  Acc@1: 79.1667 (79.1667)  Acc@5: 92.7083 (92.7083)
2024-11-17 19:39:33,629 -                train: [    INFO] - Valid: 485 [ 104/104]  Loss: 0.9032 (0.830)  Acc@1: 75.0000 (76.2600)  Acc@5: 93.7500 (95.0600)
2024-11-17 19:39:33,678 -                train: [    INFO] - valid_acc 76.260002 - best_valid_acc 76.790003
2024-11-17 19:39:34,176 -                train: [    INFO] - Train: 486 [   0/520]  Loss: 1.084 (1.08)  Acc@1: 76.0417 (76.0417)  Acc@5: 96.8750 (96.8750)LR: 2.161e-03
2024-11-17 19:39:50,961 -                train: [    INFO] - Train: 486 [ 200/520]  Loss: 1.296 (1.19)  Acc@1: 75.0000 (75.4561)  Acc@5: 92.7083 (94.2475)LR: 2.161e-03
2024-11-17 19:40:07,559 -                train: [    INFO] - Train: 486 [ 400/520]  Loss: 1.360 (1.20)  Acc@1: 73.9583 (75.3039)  Acc@5: 91.6667 (94.1604)LR: 2.161e-03
2024-11-17 19:40:17,349 -                train: [    INFO] - Train: 486 [ 520/520]  Loss: 1.111 (1.20)  Acc@1: 75.0000 (75.2300)  Acc@5: 95.0000 (94.1540)LR: 2.161e-03
2024-11-17 19:40:17,844 -                train: [    INFO] - Valid: 486 [   0/104]  Loss: 0.8000 (0.800)  Acc@1: 77.0833 (77.0833)  Acc@5: 94.7917 (94.7917)
2024-11-17 19:40:19,698 -                train: [    INFO] - Valid: 486 [ 104/104]  Loss: 0.8616 (0.843)  Acc@1: 75.0000 (76.3400)  Acc@5: 93.7500 (95.0300)
2024-11-17 19:40:19,749 -                train: [    INFO] - valid_acc 76.340003 - best_valid_acc 76.790003
2024-11-17 19:40:20,224 -                train: [    INFO] - Train: 487 [   0/520]  Loss: 1.215 (1.22)  Acc@1: 77.0833 (77.0833)  Acc@5: 93.7500 (93.7500)LR: 2.125e-03
2024-11-17 19:40:36,323 -                train: [    INFO] - Train: 487 [ 200/520]  Loss: 1.164 (1.22)  Acc@1: 79.1667 (74.9015)  Acc@5: 95.8333 (94.3978)LR: 2.125e-03
2024-11-17 19:40:52,790 -                train: [    INFO] - Train: 487 [ 400/520]  Loss: 1.200 (1.22)  Acc@1: 79.1667 (74.7350)  Acc@5: 93.7500 (94.2488)LR: 2.125e-03
2024-11-17 19:41:02,708 -                train: [    INFO] - Train: 487 [ 520/520]  Loss: 1.076 (1.22)  Acc@1: 71.2500 (74.6880)  Acc@5: 96.2500 (94.2960)LR: 2.125e-03
2024-11-17 19:41:03,173 -                train: [    INFO] - Valid: 487 [   0/104]  Loss: 0.7099 (0.710)  Acc@1: 80.2083 (80.2083)  Acc@5: 93.7500 (93.7500)
2024-11-17 19:41:04,948 -                train: [    INFO] - Valid: 487 [ 104/104]  Loss: 0.7329 (0.825)  Acc@1: 81.2500 (76.2700)  Acc@5: 93.7500 (95.1500)
2024-11-17 19:41:05,006 -                train: [    INFO] - valid_acc 76.270003 - best_valid_acc 76.790003
2024-11-17 19:41:05,535 -                train: [    INFO] - Train: 488 [   0/520]  Loss: 0.9063 (0.906)  Acc@1: 85.4167 (85.4167)  Acc@5: 96.8750 (96.8750)LR: 2.088e-03
2024-11-17 19:41:21,518 -                train: [    INFO] - Train: 488 [ 200/520]  Loss: 1.159 (1.19)  Acc@1: 79.1667 (75.1451)  Acc@5: 92.7083 (94.3978)LR: 2.088e-03
2024-11-17 19:41:37,715 -                train: [    INFO] - Train: 488 [ 400/520]  Loss: 1.303 (1.20)  Acc@1: 80.2083 (74.9221)  Acc@5: 92.7083 (94.3682)LR: 2.088e-03
2024-11-17 19:41:47,713 -                train: [    INFO] - Train: 488 [ 520/520]  Loss: 1.298 (1.20)  Acc@1: 71.2500 (74.9520)  Acc@5: 92.5000 (94.3220)LR: 2.088e-03
2024-11-17 19:41:48,221 -                train: [    INFO] - Valid: 488 [   0/104]  Loss: 0.7311 (0.731)  Acc@1: 81.2500 (81.2500)  Acc@5: 95.8333 (95.8333)
2024-11-17 19:41:49,990 -                train: [    INFO] - Valid: 488 [ 104/104]  Loss: 0.9260 (0.837)  Acc@1: 81.2500 (76.3100)  Acc@5: 93.7500 (94.8800)
2024-11-17 19:41:50,045 -                train: [    INFO] - valid_acc 76.310002 - best_valid_acc 76.790003
2024-11-17 19:41:50,573 -                train: [    INFO] - Train: 489 [   0/520]  Loss: 1.040 (1.04)  Acc@1: 76.0417 (76.0417)  Acc@5: 96.8750 (96.8750)LR: 2.052e-03
2024-11-17 19:42:06,808 -                train: [    INFO] - Train: 489 [ 200/520]  Loss: 1.286 (1.21)  Acc@1: 69.7917 (74.7668)  Acc@5: 92.7083 (94.3926)LR: 2.052e-03
2024-11-17 19:42:23,057 -                train: [    INFO] - Train: 489 [ 400/520]  Loss: 1.177 (1.21)  Acc@1: 76.0417 (74.9766)  Acc@5: 94.7917 (94.3267)LR: 2.052e-03
2024-11-17 19:42:32,857 -                train: [    INFO] - Train: 489 [ 520/520]  Loss: 1.233 (1.20)  Acc@1: 76.2500 (75.1440)  Acc@5: 92.5000 (94.3380)LR: 2.052e-03
2024-11-17 19:42:33,353 -                train: [    INFO] - Valid: 489 [   0/104]  Loss: 0.8355 (0.836)  Acc@1: 79.1667 (79.1667)  Acc@5: 92.7083 (92.7083)
2024-11-17 19:42:35,053 -                train: [    INFO] - Valid: 489 [ 104/104]  Loss: 1.005 (0.826)  Acc@1: 75.0000 (76.6400)  Acc@5: 87.5000 (95.0600)
2024-11-17 19:42:35,108 -                train: [    INFO] - valid_acc 76.640002 - best_valid_acc 76.790003
2024-11-17 19:42:35,612 -                train: [    INFO] - Train: 490 [   0/520]  Loss: 1.189 (1.19)  Acc@1: 76.0417 (76.0417)  Acc@5: 90.6250 (90.6250)LR: 2.017e-03
2024-11-17 19:42:51,958 -                train: [    INFO] - Train: 490 [ 200/520]  Loss: 1.126 (1.20)  Acc@1: 76.0417 (74.9845)  Acc@5: 91.6667 (94.0454)LR: 2.017e-03
2024-11-17 19:43:08,702 -                train: [    INFO] - Train: 490 [ 400/520]  Loss: 1.256 (1.19)  Acc@1: 79.1667 (75.4026)  Acc@5: 90.6250 (94.2046)LR: 2.017e-03
2024-11-17 19:43:18,632 -                train: [    INFO] - Train: 490 [ 520/520]  Loss: 0.9280 (1.20)  Acc@1: 80.0000 (75.1400)  Acc@5: 96.2500 (94.2380)LR: 2.017e-03
2024-11-17 19:43:19,130 -                train: [    INFO] - Valid: 490 [   0/104]  Loss: 0.8532 (0.853)  Acc@1: 79.1667 (79.1667)  Acc@5: 92.7083 (92.7083)
2024-11-17 19:43:20,880 -                train: [    INFO] - Valid: 490 [ 104/104]  Loss: 0.8835 (0.821)  Acc@1: 81.2500 (76.8200)  Acc@5: 93.7500 (95.2600)
2024-11-17 19:43:20,997 -                train: [    INFO] - valid_acc 76.820003 - best_valid_acc 76.820003
2024-11-17 19:43:21,506 -                train: [    INFO] - Train: 491 [   0/520]  Loss: 1.241 (1.24)  Acc@1: 71.8750 (71.8750)  Acc@5: 93.7500 (93.7500)LR: 1.981e-03
2024-11-17 19:43:37,841 -                train: [    INFO] - Train: 491 [ 200/520]  Loss: 1.255 (1.18)  Acc@1: 71.8750 (75.0881)  Acc@5: 92.7083 (94.6310)LR: 1.981e-03
2024-11-17 19:43:54,119 -                train: [    INFO] - Train: 491 [ 400/520]  Loss: 1.229 (1.20)  Acc@1: 76.0417 (74.9948)  Acc@5: 93.7500 (94.3708)LR: 1.981e-03
2024-11-17 19:44:03,939 -                train: [    INFO] - Train: 491 [ 520/520]  Loss: 1.057 (1.19)  Acc@1: 77.5000 (75.0820)  Acc@5: 93.7500 (94.3580)LR: 1.981e-03
2024-11-17 19:44:04,405 -                train: [    INFO] - Valid: 491 [   0/104]  Loss: 0.7944 (0.794)  Acc@1: 79.1667 (79.1667)  Acc@5: 93.7500 (93.7500)
2024-11-17 19:44:06,124 -                train: [    INFO] - Valid: 491 [ 104/104]  Loss: 0.8556 (0.820)  Acc@1: 81.2500 (76.9800)  Acc@5: 93.7500 (95.0200)
2024-11-17 19:44:06,242 -                train: [    INFO] - valid_acc 76.980003 - best_valid_acc 76.980003
2024-11-17 19:44:06,787 -                train: [    INFO] - Train: 492 [   0/520]  Loss: 1.185 (1.18)  Acc@1: 73.9583 (73.9583)  Acc@5: 93.7500 (93.7500)LR: 1.946e-03
2024-11-17 19:44:23,376 -                train: [    INFO] - Train: 492 [ 200/520]  Loss: 1.097 (1.18)  Acc@1: 82.2917 (75.2384)  Acc@5: 97.9167 (94.5896)LR: 1.946e-03
2024-11-17 19:44:39,912 -                train: [    INFO] - Train: 492 [ 400/520]  Loss: 1.279 (1.19)  Acc@1: 75.0000 (75.3325)  Acc@5: 92.7083 (94.4592)LR: 1.946e-03
2024-11-17 19:44:49,753 -                train: [    INFO] - Train: 492 [ 520/520]  Loss: 1.155 (1.19)  Acc@1: 77.5000 (75.2380)  Acc@5: 96.2500 (94.4460)LR: 1.946e-03
2024-11-17 19:44:50,205 -                train: [    INFO] - Valid: 492 [   0/104]  Loss: 0.8244 (0.824)  Acc@1: 79.1667 (79.1667)  Acc@5: 93.7500 (93.7500)
2024-11-17 19:44:52,027 -                train: [    INFO] - Valid: 492 [ 104/104]  Loss: 0.7535 (0.819)  Acc@1: 81.2500 (76.5500)  Acc@5: 93.7500 (95.3300)
2024-11-17 19:44:52,080 -                train: [    INFO] - valid_acc 76.550003 - best_valid_acc 76.980003
2024-11-17 19:44:52,609 -                train: [    INFO] - Train: 493 [   0/520]  Loss: 1.270 (1.27)  Acc@1: 67.7083 (67.7083)  Acc@5: 97.9167 (97.9167)LR: 1.911e-03
2024-11-17 19:45:08,790 -                train: [    INFO] - Train: 493 [ 200/520]  Loss: 1.446 (1.19)  Acc@1: 76.0417 (75.3576)  Acc@5: 93.7500 (94.4548)LR: 1.911e-03
2024-11-17 19:45:25,110 -                train: [    INFO] - Train: 493 [ 400/520]  Loss: 1.140 (1.19)  Acc@1: 78.1250 (75.3351)  Acc@5: 96.8750 (94.4202)LR: 1.911e-03
2024-11-17 19:45:35,163 -                train: [    INFO] - Train: 493 [ 520/520]  Loss: 1.094 (1.19)  Acc@1: 78.7500 (75.3280)  Acc@5: 96.2500 (94.4680)LR: 1.911e-03
2024-11-17 19:45:35,605 -                train: [    INFO] - Valid: 493 [   0/104]  Loss: 0.7613 (0.761)  Acc@1: 83.3333 (83.3333)  Acc@5: 93.7500 (93.7500)
2024-11-17 19:45:37,344 -                train: [    INFO] - Valid: 493 [ 104/104]  Loss: 0.9897 (0.824)  Acc@1: 75.0000 (76.3400)  Acc@5: 93.7500 (95.2700)
2024-11-17 19:45:37,393 -                train: [    INFO] - valid_acc 76.340003 - best_valid_acc 76.980003
2024-11-17 19:45:37,871 -                train: [    INFO] - Train: 494 [   0/520]  Loss: 1.022 (1.02)  Acc@1: 82.2917 (82.2917)  Acc@5: 93.7500 (93.7500)LR: 1.876e-03
2024-11-17 19:45:54,196 -                train: [    INFO] - Train: 494 [ 200/520]  Loss: 1.052 (1.18)  Acc@1: 77.0833 (75.8862)  Acc@5: 94.7917 (94.6103)LR: 1.876e-03
2024-11-17 19:46:10,512 -                train: [    INFO] - Train: 494 [ 400/520]  Loss: 0.9793 (1.18)  Acc@1: 82.2917 (75.6520)  Acc@5: 96.8750 (94.5605)LR: 1.876e-03
2024-11-17 19:46:20,428 -                train: [    INFO] - Train: 494 [ 520/520]  Loss: 1.414 (1.19)  Acc@1: 77.5000 (75.4840)  Acc@5: 93.7500 (94.5020)LR: 1.876e-03
2024-11-17 19:46:20,892 -                train: [    INFO] - Valid: 494 [   0/104]  Loss: 0.7545 (0.754)  Acc@1: 76.0417 (76.0417)  Acc@5: 95.8333 (95.8333)
2024-11-17 19:46:22,640 -                train: [    INFO] - Valid: 494 [ 104/104]  Loss: 0.8220 (0.832)  Acc@1: 75.0000 (76.4300)  Acc@5: 100.0000 (95.1000)
2024-11-17 19:46:22,695 -                train: [    INFO] - valid_acc 76.430002 - best_valid_acc 76.980003
2024-11-17 19:46:23,231 -                train: [    INFO] - Train: 495 [   0/520]  Loss: 1.043 (1.04)  Acc@1: 78.1250 (78.1250)  Acc@5: 95.8333 (95.8333)LR: 1.842e-03
2024-11-17 19:46:39,950 -                train: [    INFO] - Train: 495 [ 200/520]  Loss: 1.419 (1.18)  Acc@1: 79.1667 (75.4716)  Acc@5: 92.7083 (94.3771)LR: 1.842e-03
2024-11-17 19:46:56,159 -                train: [    INFO] - Train: 495 [ 400/520]  Loss: 1.070 (1.19)  Acc@1: 78.1250 (75.4182)  Acc@5: 94.7917 (94.2617)LR: 1.842e-03
2024-11-17 19:47:06,062 -                train: [    INFO] - Train: 495 [ 520/520]  Loss: 1.143 (1.19)  Acc@1: 75.0000 (75.2920)  Acc@5: 97.5000 (94.2640)LR: 1.842e-03
2024-11-17 19:47:06,497 -                train: [    INFO] - Valid: 495 [   0/104]  Loss: 0.7380 (0.738)  Acc@1: 82.2917 (82.2917)  Acc@5: 93.7500 (93.7500)
2024-11-17 19:47:08,206 -                train: [    INFO] - Valid: 495 [ 104/104]  Loss: 0.8636 (0.820)  Acc@1: 81.2500 (76.7800)  Acc@5: 93.7500 (95.1700)
2024-11-17 19:47:08,259 -                train: [    INFO] - valid_acc 76.780003 - best_valid_acc 76.980003
2024-11-17 19:47:08,777 -                train: [    INFO] - Train: 496 [   0/520]  Loss: 1.024 (1.02)  Acc@1: 81.2500 (81.2500)  Acc@5: 96.8750 (96.8750)LR: 1.808e-03
2024-11-17 19:47:25,002 -                train: [    INFO] - Train: 496 [ 200/520]  Loss: 0.8776 (1.19)  Acc@1: 88.5417 (75.2799)  Acc@5: 97.9167 (94.2216)LR: 1.808e-03
2024-11-17 19:47:41,503 -                train: [    INFO] - Train: 496 [ 400/520]  Loss: 1.240 (1.19)  Acc@1: 71.8750 (75.3039)  Acc@5: 91.6667 (94.3527)LR: 1.808e-03
2024-11-17 19:47:51,152 -                train: [    INFO] - Train: 496 [ 520/520]  Loss: 1.019 (1.19)  Acc@1: 76.2500 (75.3160)  Acc@5: 95.0000 (94.3500)LR: 1.808e-03
2024-11-17 19:47:51,598 -                train: [    INFO] - Valid: 496 [   0/104]  Loss: 0.7073 (0.707)  Acc@1: 79.1667 (79.1667)  Acc@5: 93.7500 (93.7500)
2024-11-17 19:47:53,307 -                train: [    INFO] - Valid: 496 [ 104/104]  Loss: 1.026 (0.822)  Acc@1: 75.0000 (76.5800)  Acc@5: 100.0000 (95.0600)
2024-11-17 19:47:53,368 -                train: [    INFO] - valid_acc 76.580002 - best_valid_acc 76.980003
2024-11-17 19:47:53,898 -                train: [    INFO] - Train: 497 [   0/520]  Loss: 1.324 (1.32)  Acc@1: 70.8333 (70.8333)  Acc@5: 94.7917 (94.7917)LR: 1.774e-03
2024-11-17 19:48:10,202 -                train: [    INFO] - Train: 497 [ 200/520]  Loss: 1.016 (1.18)  Acc@1: 78.1250 (75.8655)  Acc@5: 96.8750 (94.4289)LR: 1.774e-03
2024-11-17 19:48:26,814 -                train: [    INFO] - Train: 497 [ 400/520]  Loss: 1.168 (1.19)  Acc@1: 76.0417 (75.5117)  Acc@5: 93.7500 (94.4644)LR: 1.774e-03
2024-11-17 19:48:36,824 -                train: [    INFO] - Train: 497 [ 520/520]  Loss: 1.091 (1.19)  Acc@1: 72.5000 (75.3580)  Acc@5: 96.2500 (94.3860)LR: 1.774e-03
2024-11-17 19:48:37,282 -                train: [    INFO] - Valid: 497 [   0/104]  Loss: 0.7421 (0.742)  Acc@1: 81.2500 (81.2500)  Acc@5: 92.7083 (92.7083)
2024-11-17 19:48:39,001 -                train: [    INFO] - Valid: 497 [ 104/104]  Loss: 1.023 (0.828)  Acc@1: 81.2500 (76.5000)  Acc@5: 87.5000 (95.1700)
2024-11-17 19:48:39,054 -                train: [    INFO] - valid_acc 76.500003 - best_valid_acc 76.980003
2024-11-17 19:48:39,553 -                train: [    INFO] - Train: 498 [   0/520]  Loss: 1.237 (1.24)  Acc@1: 66.6667 (66.6667)  Acc@5: 92.7083 (92.7083)LR: 1.741e-03
2024-11-17 19:48:56,217 -                train: [    INFO] - Train: 498 [ 200/520]  Loss: 1.226 (1.16)  Acc@1: 71.8750 (76.0313)  Acc@5: 91.6667 (94.5170)LR: 1.741e-03
2024-11-17 19:49:12,798 -                train: [    INFO] - Train: 498 [ 400/520]  Loss: 1.209 (1.18)  Acc@1: 73.9583 (75.5429)  Acc@5: 92.7083 (94.5267)LR: 1.741e-03
2024-11-17 19:49:22,507 -                train: [    INFO] - Train: 498 [ 520/520]  Loss: 1.003 (1.18)  Acc@1: 77.5000 (75.4420)  Acc@5: 97.5000 (94.4900)LR: 1.741e-03
2024-11-17 19:49:23,025 -                train: [    INFO] - Valid: 498 [   0/104]  Loss: 0.7985 (0.799)  Acc@1: 81.2500 (81.2500)  Acc@5: 93.7500 (93.7500)
2024-11-17 19:49:24,782 -                train: [    INFO] - Valid: 498 [ 104/104]  Loss: 0.9632 (0.822)  Acc@1: 75.0000 (76.6300)  Acc@5: 93.7500 (95.1100)
2024-11-17 19:49:24,837 -                train: [    INFO] - valid_acc 76.630002 - best_valid_acc 76.980003
2024-11-17 19:49:25,331 -                train: [    INFO] - Train: 499 [   0/520]  Loss: 1.434 (1.43)  Acc@1: 71.8750 (71.8750)  Acc@5: 94.7917 (94.7917)LR: 1.708e-03
2024-11-17 19:49:41,618 -                train: [    INFO] - Train: 499 [ 200/520]  Loss: 1.437 (1.17)  Acc@1: 73.9583 (75.8810)  Acc@5: 91.6667 (94.4185)LR: 1.708e-03
2024-11-17 19:49:57,947 -                train: [    INFO] - Train: 499 [ 400/520]  Loss: 0.9969 (1.18)  Acc@1: 77.0833 (75.5845)  Acc@5: 95.8333 (94.3605)LR: 1.708e-03
2024-11-17 19:50:08,053 -                train: [    INFO] - Train: 499 [ 520/520]  Loss: 1.294 (1.18)  Acc@1: 71.2500 (75.6520)  Acc@5: 97.5000 (94.4140)LR: 1.708e-03
2024-11-17 19:50:08,503 -                train: [    INFO] - Valid: 499 [   0/104]  Loss: 0.7419 (0.742)  Acc@1: 78.1250 (78.1250)  Acc@5: 93.7500 (93.7500)
2024-11-17 19:50:10,299 -                train: [    INFO] - Valid: 499 [ 104/104]  Loss: 0.8572 (0.823)  Acc@1: 81.2500 (76.4700)  Acc@5: 93.7500 (95.0600)
2024-11-17 19:50:10,358 -                train: [    INFO] - valid_acc 76.470002 - best_valid_acc 76.980003
2024-11-17 19:50:10,865 -                train: [    INFO] - Train: 500 [   0/520]  Loss: 1.373 (1.37)  Acc@1: 71.8750 (71.8750)  Acc@5: 92.7083 (92.7083)LR: 1.675e-03
2024-11-17 19:50:27,052 -                train: [    INFO] - Train: 500 [ 200/520]  Loss: 1.440 (1.16)  Acc@1: 69.7917 (75.7463)  Acc@5: 90.6250 (94.4496)LR: 1.675e-03
2024-11-17 19:50:43,020 -                train: [    INFO] - Train: 500 [ 400/520]  Loss: 1.127 (1.17)  Acc@1: 81.2500 (75.6780)  Acc@5: 97.9167 (94.5189)LR: 1.675e-03
2024-11-17 19:50:52,582 -                train: [    INFO] - Train: 500 [ 520/520]  Loss: 1.103 (1.18)  Acc@1: 82.5000 (75.6180)  Acc@5: 95.0000 (94.4880)LR: 1.675e-03
2024-11-17 19:50:52,997 -                train: [    INFO] - Valid: 500 [   0/104]  Loss: 0.7705 (0.770)  Acc@1: 80.2083 (80.2083)  Acc@5: 92.7083 (92.7083)
2024-11-17 19:50:54,772 -                train: [    INFO] - Valid: 500 [ 104/104]  Loss: 0.9420 (0.819)  Acc@1: 81.2500 (76.9500)  Acc@5: 93.7500 (95.1300)
2024-11-17 19:50:54,825 -                train: [    INFO] - valid_acc 76.950003 - best_valid_acc 76.980003
2024-11-17 19:50:55,351 -                train: [    INFO] - Train: 501 [   0/520]  Loss: 1.355 (1.35)  Acc@1: 69.7917 (69.7917)  Acc@5: 90.6250 (90.6250)LR: 1.642e-03
2024-11-17 19:51:11,928 -                train: [    INFO] - Train: 501 [ 200/520]  Loss: 1.173 (1.17)  Acc@1: 71.8750 (75.7722)  Acc@5: 95.8333 (94.4652)LR: 1.642e-03
2024-11-17 19:51:28,307 -                train: [    INFO] - Train: 501 [ 400/520]  Loss: 1.080 (1.17)  Acc@1: 80.2083 (75.6676)  Acc@5: 92.7083 (94.3579)LR: 1.642e-03
2024-11-17 19:51:38,302 -                train: [    INFO] - Train: 501 [ 520/520]  Loss: 1.516 (1.18)  Acc@1: 70.0000 (75.5760)  Acc@5: 91.2500 (94.3100)LR: 1.642e-03
2024-11-17 19:51:38,759 -                train: [    INFO] - Valid: 501 [   0/104]  Loss: 0.7589 (0.759)  Acc@1: 81.2500 (81.2500)  Acc@5: 95.8333 (95.8333)
2024-11-17 19:51:40,463 -                train: [    INFO] - Valid: 501 [ 104/104]  Loss: 0.8411 (0.818)  Acc@1: 81.2500 (76.7600)  Acc@5: 93.7500 (95.1500)
2024-11-17 19:51:40,516 -                train: [    INFO] - valid_acc 76.760003 - best_valid_acc 76.980003
2024-11-17 19:51:41,062 -                train: [    INFO] - Train: 502 [   0/520]  Loss: 1.142 (1.14)  Acc@1: 78.1250 (78.1250)  Acc@5: 94.7917 (94.7917)LR: 1.610e-03
2024-11-17 19:51:57,467 -                train: [    INFO] - Train: 502 [ 200/520]  Loss: 1.240 (1.15)  Acc@1: 72.9167 (75.9069)  Acc@5: 94.7917 (94.5896)LR: 1.610e-03
2024-11-17 19:52:13,963 -                train: [    INFO] - Train: 502 [ 400/520]  Loss: 1.453 (1.16)  Acc@1: 66.6667 (75.8598)  Acc@5: 91.6667 (94.5527)LR: 1.610e-03
2024-11-17 19:52:24,006 -                train: [    INFO] - Train: 502 [ 520/520]  Loss: 1.045 (1.17)  Acc@1: 78.7500 (75.6240)  Acc@5: 96.2500 (94.4820)LR: 1.610e-03
2024-11-17 19:52:24,531 -                train: [    INFO] - Valid: 502 [   0/104]  Loss: 0.7468 (0.747)  Acc@1: 82.2917 (82.2917)  Acc@5: 92.7083 (92.7083)
2024-11-17 19:52:26,228 -                train: [    INFO] - Valid: 502 [ 104/104]  Loss: 0.8500 (0.809)  Acc@1: 75.0000 (76.4300)  Acc@5: 93.7500 (95.0900)
2024-11-17 19:52:26,285 -                train: [    INFO] - valid_acc 76.430002 - best_valid_acc 76.980003
2024-11-17 19:52:26,808 -                train: [    INFO] - Train: 503 [   0/520]  Loss: 1.249 (1.25)  Acc@1: 73.9583 (73.9583)  Acc@5: 92.7083 (92.7083)LR: 1.578e-03
2024-11-17 19:52:43,381 -                train: [    INFO] - Train: 503 [ 200/520]  Loss: 1.449 (1.17)  Acc@1: 71.8750 (75.7048)  Acc@5: 93.7500 (94.3719)LR: 1.578e-03
2024-11-17 19:52:59,772 -                train: [    INFO] - Train: 503 [ 400/520]  Loss: 1.312 (1.18)  Acc@1: 69.7917 (75.4026)  Acc@5: 91.6667 (94.3423)LR: 1.578e-03
2024-11-17 19:53:09,831 -                train: [    INFO] - Train: 503 [ 520/520]  Loss: 1.434 (1.18)  Acc@1: 67.5000 (75.3600)  Acc@5: 91.2500 (94.2860)LR: 1.578e-03
2024-11-17 19:53:10,308 -                train: [    INFO] - Valid: 503 [   0/104]  Loss: 0.7362 (0.736)  Acc@1: 81.2500 (81.2500)  Acc@5: 94.7917 (94.7917)
2024-11-17 19:53:12,004 -                train: [    INFO] - Valid: 503 [ 104/104]  Loss: 0.8248 (0.819)  Acc@1: 81.2500 (76.7200)  Acc@5: 93.7500 (95.3000)
2024-11-17 19:53:12,056 -                train: [    INFO] - valid_acc 76.720003 - best_valid_acc 76.980003
2024-11-17 19:53:12,546 -                train: [    INFO] - Train: 504 [   0/520]  Loss: 1.288 (1.29)  Acc@1: 78.1250 (78.1250)  Acc@5: 91.6667 (91.6667)LR: 1.546e-03
2024-11-17 19:53:28,682 -                train: [    INFO] - Train: 504 [ 200/520]  Loss: 1.142 (1.18)  Acc@1: 73.9583 (75.6737)  Acc@5: 93.7500 (94.4185)LR: 1.546e-03
2024-11-17 19:53:44,342 -                train: [    INFO] - Train: 504 [ 400/520]  Loss: 1.047 (1.18)  Acc@1: 80.2083 (75.6988)  Acc@5: 94.7917 (94.3605)LR: 1.546e-03
2024-11-17 19:53:54,060 -                train: [    INFO] - Train: 504 [ 520/520]  Loss: 1.445 (1.18)  Acc@1: 75.0000 (75.7000)  Acc@5: 90.0000 (94.4140)LR: 1.546e-03
2024-11-17 19:53:54,500 -                train: [    INFO] - Valid: 504 [   0/104]  Loss: 0.7466 (0.747)  Acc@1: 81.2500 (81.2500)  Acc@5: 93.7500 (93.7500)
2024-11-17 19:53:56,263 -                train: [    INFO] - Valid: 504 [ 104/104]  Loss: 0.8723 (0.817)  Acc@1: 75.0000 (76.8900)  Acc@5: 93.7500 (95.3000)
2024-11-17 19:53:56,313 -                train: [    INFO] - valid_acc 76.890003 - best_valid_acc 76.980003
2024-11-17 19:53:56,795 -                train: [    INFO] - Train: 505 [   0/520]  Loss: 1.647 (1.65)  Acc@1: 64.5833 (64.5833)  Acc@5: 91.6667 (91.6667)LR: 1.515e-03
2024-11-17 19:54:13,262 -                train: [    INFO] - Train: 505 [ 200/520]  Loss: 1.070 (1.16)  Acc@1: 78.1250 (76.0572)  Acc@5: 97.9167 (94.7450)LR: 1.515e-03
2024-11-17 19:54:29,645 -                train: [    INFO] - Train: 505 [ 400/520]  Loss: 1.251 (1.17)  Acc@1: 73.9583 (75.8079)  Acc@5: 90.6250 (94.5189)LR: 1.515e-03
2024-11-17 19:54:39,626 -                train: [    INFO] - Train: 505 [ 520/520]  Loss: 0.9914 (1.17)  Acc@1: 81.2500 (75.8700)  Acc@5: 97.5000 (94.5460)LR: 1.515e-03
2024-11-17 19:54:40,095 -                train: [    INFO] - Valid: 505 [   0/104]  Loss: 0.7044 (0.704)  Acc@1: 84.3750 (84.3750)  Acc@5: 93.7500 (93.7500)
2024-11-17 19:54:41,877 -                train: [    INFO] - Valid: 505 [ 104/104]  Loss: 1.013 (0.821)  Acc@1: 75.0000 (76.8300)  Acc@5: 87.5000 (95.3200)
2024-11-17 19:54:41,935 -                train: [    INFO] - valid_acc 76.830002 - best_valid_acc 76.980003
2024-11-17 19:54:42,624 -                train: [    INFO] - Train: 506 [   0/520]  Loss: 1.200 (1.20)  Acc@1: 71.8750 (71.8750)  Acc@5: 89.5833 (89.5833)LR: 1.484e-03
2024-11-17 19:54:59,126 -                train: [    INFO] - Train: 506 [ 200/520]  Loss: 1.299 (1.16)  Acc@1: 71.8750 (76.0676)  Acc@5: 92.7083 (94.6621)LR: 1.484e-03
2024-11-17 19:55:15,531 -                train: [    INFO] - Train: 506 [ 400/520]  Loss: 1.308 (1.17)  Acc@1: 75.0000 (75.8079)  Acc@5: 94.7917 (94.4124)LR: 1.484e-03
2024-11-17 19:55:25,591 -                train: [    INFO] - Train: 506 [ 520/520]  Loss: 0.8978 (1.18)  Acc@1: 81.2500 (75.7800)  Acc@5: 95.0000 (94.4300)LR: 1.484e-03
2024-11-17 19:55:26,095 -                train: [    INFO] - Valid: 506 [   0/104]  Loss: 0.6913 (0.691)  Acc@1: 84.3750 (84.3750)  Acc@5: 95.8333 (95.8333)
2024-11-17 19:55:27,900 -                train: [    INFO] - Valid: 506 [ 104/104]  Loss: 0.8672 (0.807)  Acc@1: 75.0000 (76.9100)  Acc@5: 93.7500 (95.2000)
2024-11-17 19:55:27,954 -                train: [    INFO] - valid_acc 76.910003 - best_valid_acc 76.980003
2024-11-17 19:55:28,479 -                train: [    INFO] - Train: 507 [   0/520]  Loss: 1.029 (1.03)  Acc@1: 80.2083 (80.2083)  Acc@5: 96.8750 (96.8750)LR: 1.453e-03
2024-11-17 19:55:45,007 -                train: [    INFO] - Train: 507 [ 200/520]  Loss: 1.173 (1.17)  Acc@1: 72.9167 (75.6685)  Acc@5: 97.9167 (94.6621)LR: 1.453e-03
2024-11-17 19:56:01,508 -                train: [    INFO] - Train: 507 [ 400/520]  Loss: 1.026 (1.17)  Acc@1: 79.1667 (75.4936)  Acc@5: 96.8750 (94.5553)LR: 1.453e-03
2024-11-17 19:56:11,413 -                train: [    INFO] - Train: 507 [ 520/520]  Loss: 1.053 (1.18)  Acc@1: 77.5000 (75.4260)  Acc@5: 96.2500 (94.5320)LR: 1.453e-03
2024-11-17 19:56:11,856 -                train: [    INFO] - Valid: 507 [   0/104]  Loss: 0.7134 (0.713)  Acc@1: 85.4167 (85.4167)  Acc@5: 93.7500 (93.7500)
2024-11-17 19:56:13,590 -                train: [    INFO] - Valid: 507 [ 104/104]  Loss: 0.8332 (0.813)  Acc@1: 75.0000 (77.2400)  Acc@5: 100.0000 (95.1400)
2024-11-17 19:56:13,699 -                train: [    INFO] - valid_acc 77.240003 - best_valid_acc 77.240003
2024-11-17 19:56:14,187 -                train: [    INFO] - Train: 508 [   0/520]  Loss: 0.7409 (0.741)  Acc@1: 83.3333 (83.3333)  Acc@5: 98.9583 (98.9583)LR: 1.422e-03
2024-11-17 19:56:30,608 -                train: [    INFO] - Train: 508 [ 200/520]  Loss: 0.8886 (1.16)  Acc@1: 79.1667 (75.8810)  Acc@5: 98.9583 (94.5325)LR: 1.422e-03
2024-11-17 19:56:46,244 -                train: [    INFO] - Train: 508 [ 400/520]  Loss: 1.387 (1.17)  Acc@1: 72.9167 (75.6858)  Acc@5: 90.6250 (94.3890)LR: 1.422e-03
2024-11-17 19:56:55,997 -                train: [    INFO] - Train: 508 [ 520/520]  Loss: 1.303 (1.17)  Acc@1: 77.5000 (75.6620)  Acc@5: 93.7500 (94.4320)LR: 1.422e-03
2024-11-17 19:56:56,457 -                train: [    INFO] - Valid: 508 [   0/104]  Loss: 0.7076 (0.708)  Acc@1: 81.2500 (81.2500)  Acc@5: 93.7500 (93.7500)
2024-11-17 19:56:58,179 -                train: [    INFO] - Valid: 508 [ 104/104]  Loss: 0.8316 (0.818)  Acc@1: 75.0000 (77.0100)  Acc@5: 100.0000 (95.3600)
2024-11-17 19:56:58,238 -                train: [    INFO] - valid_acc 77.010003 - best_valid_acc 77.240003
2024-11-17 19:56:58,736 -                train: [    INFO] - Train: 509 [   0/520]  Loss: 1.188 (1.19)  Acc@1: 78.1250 (78.1250)  Acc@5: 94.7917 (94.7917)LR: 1.392e-03
2024-11-17 19:57:14,905 -                train: [    INFO] - Train: 509 [ 200/520]  Loss: 1.339 (1.15)  Acc@1: 75.0000 (75.9588)  Acc@5: 90.6250 (94.7295)LR: 1.392e-03
2024-11-17 19:57:31,172 -                train: [    INFO] - Train: 509 [ 400/520]  Loss: 1.128 (1.16)  Acc@1: 72.9167 (75.8910)  Acc@5: 93.7500 (94.5942)LR: 1.392e-03
2024-11-17 19:57:41,054 -                train: [    INFO] - Train: 509 [ 520/520]  Loss: 1.167 (1.16)  Acc@1: 76.2500 (75.8920)  Acc@5: 95.0000 (94.5540)LR: 1.392e-03
2024-11-17 19:57:41,494 -                train: [    INFO] - Valid: 509 [   0/104]  Loss: 0.7346 (0.735)  Acc@1: 84.3750 (84.3750)  Acc@5: 95.8333 (95.8333)
2024-11-17 19:57:43,217 -                train: [    INFO] - Valid: 509 [ 104/104]  Loss: 0.8542 (0.817)  Acc@1: 75.0000 (76.9200)  Acc@5: 100.0000 (95.3000)
2024-11-17 19:57:43,272 -                train: [    INFO] - valid_acc 76.920002 - best_valid_acc 77.240003
2024-11-17 19:57:43,788 -                train: [    INFO] - Train: 510 [   0/520]  Loss: 1.263 (1.26)  Acc@1: 70.8333 (70.8333)  Acc@5: 94.7917 (94.7917)LR: 1.362e-03
2024-11-17 19:57:59,850 -                train: [    INFO] - Train: 510 [ 200/520]  Loss: 1.142 (1.15)  Acc@1: 73.9583 (76.0572)  Acc@5: 91.6667 (94.6155)LR: 1.362e-03
2024-11-17 19:58:15,975 -                train: [    INFO] - Train: 510 [ 400/520]  Loss: 1.226 (1.16)  Acc@1: 76.0417 (75.9585)  Acc@5: 94.7917 (94.5968)LR: 1.362e-03
2024-11-17 19:58:25,779 -                train: [    INFO] - Train: 510 [ 520/520]  Loss: 1.160 (1.16)  Acc@1: 78.7500 (75.9140)  Acc@5: 92.5000 (94.6260)LR: 1.362e-03
2024-11-17 19:58:26,247 -                train: [    INFO] - Valid: 510 [   0/104]  Loss: 0.7358 (0.736)  Acc@1: 82.2917 (82.2917)  Acc@5: 93.7500 (93.7500)
2024-11-17 19:58:28,088 -                train: [    INFO] - Valid: 510 [ 104/104]  Loss: 0.9176 (0.806)  Acc@1: 75.0000 (77.0300)  Acc@5: 87.5000 (95.4900)
2024-11-17 19:58:28,134 -                train: [    INFO] - valid_acc 77.030003 - best_valid_acc 77.240003
2024-11-17 19:58:28,600 -                train: [    INFO] - Train: 511 [   0/520]  Loss: 1.210 (1.21)  Acc@1: 75.0000 (75.0000)  Acc@5: 93.7500 (93.7500)LR: 1.333e-03
2024-11-17 19:58:45,018 -                train: [    INFO] - Train: 511 [ 200/520]  Loss: 1.165 (1.16)  Acc@1: 71.8750 (76.0520)  Acc@5: 92.7083 (94.2838)LR: 1.333e-03
2024-11-17 19:59:01,356 -                train: [    INFO] - Train: 511 [ 400/520]  Loss: 0.9135 (1.17)  Acc@1: 80.2083 (75.9248)  Acc@5: 95.8333 (94.4929)LR: 1.333e-03
2024-11-17 19:59:11,156 -                train: [    INFO] - Train: 511 [ 520/520]  Loss: 1.239 (1.17)  Acc@1: 75.0000 (75.9020)  Acc@5: 93.7500 (94.5040)LR: 1.333e-03
2024-11-17 19:59:11,583 -                train: [    INFO] - Valid: 511 [   0/104]  Loss: 0.7537 (0.754)  Acc@1: 81.2500 (81.2500)  Acc@5: 92.7083 (92.7083)
2024-11-17 19:59:13,285 -                train: [    INFO] - Valid: 511 [ 104/104]  Loss: 0.8585 (0.807)  Acc@1: 81.2500 (77.1500)  Acc@5: 93.7500 (95.3500)
2024-11-17 19:59:13,338 -                train: [    INFO] - valid_acc 77.150003 - best_valid_acc 77.240003
2024-11-17 19:59:13,799 -                train: [    INFO] - Train: 512 [   0/520]  Loss: 0.9722 (0.972)  Acc@1: 82.2917 (82.2917)  Acc@5: 96.8750 (96.8750)LR: 1.304e-03
2024-11-17 19:59:29,821 -                train: [    INFO] - Train: 512 [ 200/520]  Loss: 1.143 (1.14)  Acc@1: 78.1250 (76.6947)  Acc@5: 95.8333 (94.7606)LR: 1.304e-03
2024-11-17 19:59:45,958 -                train: [    INFO] - Train: 512 [ 400/520]  Loss: 1.187 (1.15)  Acc@1: 71.8750 (76.2677)  Acc@5: 93.7500 (94.6358)LR: 1.304e-03
2024-11-17 19:59:55,951 -                train: [    INFO] - Train: 512 [ 520/520]  Loss: 1.317 (1.16)  Acc@1: 72.5000 (76.1480)  Acc@5: 91.2500 (94.6480)LR: 1.304e-03
2024-11-17 19:59:56,408 -                train: [    INFO] - Valid: 512 [   0/104]  Loss: 0.7505 (0.751)  Acc@1: 80.2083 (80.2083)  Acc@5: 92.7083 (92.7083)
2024-11-17 19:59:58,154 -                train: [    INFO] - Valid: 512 [ 104/104]  Loss: 0.7754 (0.816)  Acc@1: 75.0000 (76.6800)  Acc@5: 100.0000 (95.3800)
2024-11-17 19:59:58,206 -                train: [    INFO] - valid_acc 76.680003 - best_valid_acc 77.240003
2024-11-17 19:59:58,643 -                train: [    INFO] - Train: 513 [   0/520]  Loss: 1.355 (1.35)  Acc@1: 72.9167 (72.9167)  Acc@5: 91.6667 (91.6667)LR: 1.275e-03
2024-11-17 20:00:14,847 -                train: [    INFO] - Train: 513 [ 200/520]  Loss: 1.115 (1.14)  Acc@1: 71.8750 (76.2593)  Acc@5: 92.7083 (94.5896)LR: 1.275e-03
2024-11-17 20:00:31,078 -                train: [    INFO] - Train: 513 [ 400/520]  Loss: 1.512 (1.16)  Acc@1: 66.6667 (76.0469)  Acc@5: 91.6667 (94.6306)LR: 1.275e-03
2024-11-17 20:00:41,189 -                train: [    INFO] - Train: 513 [ 520/520]  Loss: 1.151 (1.15)  Acc@1: 77.5000 (76.0640)  Acc@5: 93.7500 (94.6720)LR: 1.275e-03
2024-11-17 20:00:41,646 -                train: [    INFO] - Valid: 513 [   0/104]  Loss: 0.7042 (0.704)  Acc@1: 81.2500 (81.2500)  Acc@5: 94.7917 (94.7917)
2024-11-17 20:00:43,459 -                train: [    INFO] - Valid: 513 [ 104/104]  Loss: 1.044 (0.808)  Acc@1: 75.0000 (76.9500)  Acc@5: 87.5000 (95.4900)
2024-11-17 20:00:43,516 -                train: [    INFO] - valid_acc 76.950002 - best_valid_acc 77.240003
2024-11-17 20:00:44,024 -                train: [    INFO] - Train: 514 [   0/520]  Loss: 1.111 (1.11)  Acc@1: 80.2083 (80.2083)  Acc@5: 89.5833 (89.5833)LR: 1.246e-03
2024-11-17 20:01:00,764 -                train: [    INFO] - Train: 514 [ 200/520]  Loss: 1.149 (1.15)  Acc@1: 76.0417 (75.9743)  Acc@5: 94.7917 (94.5740)LR: 1.246e-03
2024-11-17 20:01:17,465 -                train: [    INFO] - Train: 514 [ 400/520]  Loss: 1.209 (1.16)  Acc@1: 73.9583 (76.1378)  Acc@5: 93.7500 (94.5007)LR: 1.246e-03
2024-11-17 20:01:27,539 -                train: [    INFO] - Train: 514 [ 520/520]  Loss: 1.457 (1.16)  Acc@1: 71.2500 (76.0840)  Acc@5: 92.5000 (94.4880)LR: 1.246e-03
2024-11-17 20:01:27,983 -                train: [    INFO] - Valid: 514 [   0/104]  Loss: 0.7680 (0.768)  Acc@1: 77.0833 (77.0833)  Acc@5: 92.7083 (92.7083)
2024-11-17 20:01:29,635 -                train: [    INFO] - Valid: 514 [ 104/104]  Loss: 1.065 (0.812)  Acc@1: 75.0000 (76.8200)  Acc@5: 87.5000 (95.4000)
2024-11-17 20:01:29,685 -                train: [    INFO] - valid_acc 76.820002 - best_valid_acc 77.240003
2024-11-17 20:01:30,133 -                train: [    INFO] - Train: 515 [   0/520]  Loss: 0.8540 (0.854)  Acc@1: 81.2500 (81.2500)  Acc@5: 97.9167 (97.9167)LR: 1.218e-03
2024-11-17 20:01:46,843 -                train: [    INFO] - Train: 515 [ 200/520]  Loss: 1.491 (1.14)  Acc@1: 67.7083 (76.7206)  Acc@5: 89.5833 (94.8279)LR: 1.218e-03
2024-11-17 20:02:03,245 -                train: [    INFO] - Train: 515 [ 400/520]  Loss: 1.001 (1.15)  Acc@1: 82.2917 (76.2079)  Acc@5: 95.8333 (94.6748)LR: 1.218e-03
2024-11-17 20:02:13,318 -                train: [    INFO] - Train: 515 [ 520/520]  Loss: 1.108 (1.16)  Acc@1: 75.0000 (76.2240)  Acc@5: 96.2500 (94.5900)LR: 1.218e-03
2024-11-17 20:02:13,778 -                train: [    INFO] - Valid: 515 [   0/104]  Loss: 0.7459 (0.746)  Acc@1: 81.2500 (81.2500)  Acc@5: 94.7917 (94.7917)
2024-11-17 20:02:15,574 -                train: [    INFO] - Valid: 515 [ 104/104]  Loss: 0.8327 (0.809)  Acc@1: 75.0000 (76.9200)  Acc@5: 100.0000 (95.3000)
2024-11-17 20:02:15,630 -                train: [    INFO] - valid_acc 76.920002 - best_valid_acc 77.240003
2024-11-17 20:02:16,157 -                train: [    INFO] - Train: 516 [   0/520]  Loss: 1.030 (1.03)  Acc@1: 76.0417 (76.0417)  Acc@5: 94.7917 (94.7917)LR: 1.190e-03
2024-11-17 20:02:32,370 -                train: [    INFO] - Train: 516 [ 200/520]  Loss: 1.109 (1.16)  Acc@1: 75.0000 (76.2956)  Acc@5: 96.8750 (94.6466)LR: 1.190e-03
2024-11-17 20:02:48,852 -                train: [    INFO] - Train: 516 [ 400/520]  Loss: 1.082 (1.15)  Acc@1: 75.0000 (76.3716)  Acc@5: 96.8750 (94.5865)LR: 1.190e-03
2024-11-17 20:02:58,824 -                train: [    INFO] - Train: 516 [ 520/520]  Loss: 0.9003 (1.15)  Acc@1: 82.5000 (76.4120)  Acc@5: 96.2500 (94.6140)LR: 1.190e-03
2024-11-17 20:02:59,322 -                train: [    INFO] - Valid: 516 [   0/104]  Loss: 0.7404 (0.740)  Acc@1: 82.2917 (82.2917)  Acc@5: 92.7083 (92.7083)
2024-11-17 20:03:01,074 -                train: [    INFO] - Valid: 516 [ 104/104]  Loss: 1.055 (0.799)  Acc@1: 75.0000 (77.0800)  Acc@5: 87.5000 (95.3900)
2024-11-17 20:03:01,123 -                train: [    INFO] - valid_acc 77.080002 - best_valid_acc 77.240003
2024-11-17 20:03:01,563 -                train: [    INFO] - Train: 517 [   0/520]  Loss: 1.280 (1.28)  Acc@1: 72.9167 (72.9167)  Acc@5: 92.7083 (92.7083)LR: 1.162e-03
2024-11-17 20:03:18,225 -                train: [    INFO] - Train: 517 [ 200/520]  Loss: 0.9966 (1.14)  Acc@1: 83.3333 (76.3993)  Acc@5: 95.8333 (94.6932)LR: 1.162e-03
2024-11-17 20:03:34,894 -                train: [    INFO] - Train: 517 [ 400/520]  Loss: 1.154 (1.15)  Acc@1: 73.9583 (76.1664)  Acc@5: 96.8750 (94.7008)LR: 1.162e-03
2024-11-17 20:03:44,983 -                train: [    INFO] - Train: 517 [ 520/520]  Loss: 1.215 (1.15)  Acc@1: 73.7500 (76.1840)  Acc@5: 95.0000 (94.6020)LR: 1.162e-03
2024-11-17 20:03:45,477 -                train: [    INFO] - Valid: 517 [   0/104]  Loss: 0.6998 (0.700)  Acc@1: 80.2083 (80.2083)  Acc@5: 93.7500 (93.7500)
2024-11-17 20:03:47,203 -                train: [    INFO] - Valid: 517 [ 104/104]  Loss: 0.9768 (0.805)  Acc@1: 75.0000 (77.0900)  Acc@5: 93.7500 (95.3900)
2024-11-17 20:03:47,254 -                train: [    INFO] - valid_acc 77.090003 - best_valid_acc 77.240003
2024-11-17 20:03:47,748 -                train: [    INFO] - Train: 518 [   0/520]  Loss: 0.8346 (0.835)  Acc@1: 88.5417 (88.5417)  Acc@5: 95.8333 (95.8333)LR: 1.135e-03
2024-11-17 20:04:04,204 -                train: [    INFO] - Train: 518 [ 200/520]  Loss: 1.022 (1.14)  Acc@1: 75.0000 (76.5081)  Acc@5: 97.9167 (94.6051)LR: 1.135e-03
2024-11-17 20:04:20,378 -                train: [    INFO] - Train: 518 [ 400/520]  Loss: 1.175 (1.15)  Acc@1: 75.0000 (76.2859)  Acc@5: 94.7917 (94.7449)LR: 1.135e-03
2024-11-17 20:04:30,199 -                train: [    INFO] - Train: 518 [ 520/520]  Loss: 1.129 (1.14)  Acc@1: 75.0000 (76.3700)  Acc@5: 92.5000 (94.7580)LR: 1.135e-03
2024-11-17 20:04:30,682 -                train: [    INFO] - Valid: 518 [   0/104]  Loss: 0.7642 (0.764)  Acc@1: 79.1667 (79.1667)  Acc@5: 92.7083 (92.7083)
2024-11-17 20:04:32,379 -                train: [    INFO] - Valid: 518 [ 104/104]  Loss: 1.048 (0.810)  Acc@1: 81.2500 (77.2700)  Acc@5: 93.7500 (95.2500)
2024-11-17 20:04:32,634 -                train: [    INFO] - valid_acc 77.270003 - best_valid_acc 77.270003
2024-11-17 20:04:33,149 -                train: [    INFO] - Train: 519 [   0/520]  Loss: 1.223 (1.22)  Acc@1: 77.0833 (77.0833)  Acc@5: 91.6667 (91.6667)LR: 1.107e-03
2024-11-17 20:04:49,882 -                train: [    INFO] - Train: 519 [ 200/520]  Loss: 1.295 (1.13)  Acc@1: 72.9167 (76.3422)  Acc@5: 91.6667 (94.7969)LR: 1.107e-03
2024-11-17 20:05:06,243 -                train: [    INFO] - Train: 519 [ 400/520]  Loss: 1.032 (1.14)  Acc@1: 77.0833 (76.2651)  Acc@5: 96.8750 (94.7475)LR: 1.107e-03
2024-11-17 20:05:16,001 -                train: [    INFO] - Train: 519 [ 520/520]  Loss: 1.081 (1.15)  Acc@1: 83.7500 (76.1000)  Acc@5: 92.5000 (94.6340)LR: 1.107e-03
2024-11-17 20:05:16,469 -                train: [    INFO] - Valid: 519 [   0/104]  Loss: 0.7314 (0.731)  Acc@1: 82.2917 (82.2917)  Acc@5: 91.6667 (91.6667)
2024-11-17 20:05:18,225 -                train: [    INFO] - Valid: 519 [ 104/104]  Loss: 0.9991 (0.810)  Acc@1: 75.0000 (77.3200)  Acc@5: 93.7500 (95.4000)
2024-11-17 20:05:18,328 -                train: [    INFO] - valid_acc 77.320003 - best_valid_acc 77.320003
2024-11-17 20:05:18,833 -                train: [    INFO] - Train: 520 [   0/520]  Loss: 0.9811 (0.981)  Acc@1: 77.0833 (77.0833)  Acc@5: 97.9167 (97.9167)LR: 1.081e-03
2024-11-17 20:05:35,435 -                train: [    INFO] - Train: 520 [ 200/520]  Loss: 1.067 (1.13)  Acc@1: 73.9583 (76.3837)  Acc@5: 97.9167 (95.0301)LR: 1.081e-03
2024-11-17 20:05:52,087 -                train: [    INFO] - Train: 520 [ 400/520]  Loss: 1.558 (1.15)  Acc@1: 63.5417 (76.1508)  Acc@5: 90.6250 (94.9164)LR: 1.081e-03
2024-11-17 20:06:02,034 -                train: [    INFO] - Train: 520 [ 520/520]  Loss: 1.448 (1.15)  Acc@1: 71.2500 (76.2280)  Acc@5: 87.5000 (94.8200)LR: 1.081e-03
2024-11-17 20:06:02,505 -                train: [    INFO] - Valid: 520 [   0/104]  Loss: 0.6858 (0.686)  Acc@1: 84.3750 (84.3750)  Acc@5: 93.7500 (93.7500)
2024-11-17 20:06:04,187 -                train: [    INFO] - Valid: 520 [ 104/104]  Loss: 1.001 (0.797)  Acc@1: 81.2500 (77.3600)  Acc@5: 87.5000 (95.2200)
2024-11-17 20:06:04,303 -                train: [    INFO] - valid_acc 77.360002 - best_valid_acc 77.360002
2024-11-17 20:06:04,837 -                train: [    INFO] - Train: 521 [   0/520]  Loss: 1.204 (1.20)  Acc@1: 72.9167 (72.9167)  Acc@5: 94.7917 (94.7917)LR: 1.054e-03
2024-11-17 20:06:21,143 -                train: [    INFO] - Train: 521 [ 200/520]  Loss: 1.243 (1.15)  Acc@1: 77.0833 (76.6325)  Acc@5: 95.8333 (94.6932)LR: 1.054e-03
2024-11-17 20:06:37,790 -                train: [    INFO] - Train: 521 [ 400/520]  Loss: 0.9508 (1.15)  Acc@1: 83.3333 (76.5638)  Acc@5: 96.8750 (94.6540)LR: 1.054e-03
2024-11-17 20:06:47,546 -                train: [    INFO] - Train: 521 [ 520/520]  Loss: 1.272 (1.15)  Acc@1: 71.2500 (76.4940)  Acc@5: 93.7500 (94.6680)LR: 1.054e-03
2024-11-17 20:06:48,020 -                train: [    INFO] - Valid: 521 [   0/104]  Loss: 0.7374 (0.737)  Acc@1: 81.2500 (81.2500)  Acc@5: 93.7500 (93.7500)
2024-11-17 20:06:49,806 -                train: [    INFO] - Valid: 521 [ 104/104]  Loss: 1.127 (0.801)  Acc@1: 81.2500 (77.1800)  Acc@5: 87.5000 (95.3000)
2024-11-17 20:06:49,859 -                train: [    INFO] - valid_acc 77.180002 - best_valid_acc 77.360002
2024-11-17 20:06:50,425 -                train: [    INFO] - Train: 522 [   0/520]  Loss: 1.227 (1.23)  Acc@1: 70.8333 (70.8333)  Acc@5: 93.7500 (93.7500)LR: 1.028e-03
2024-11-17 20:07:07,193 -                train: [    INFO] - Train: 522 [ 200/520]  Loss: 1.076 (1.11)  Acc@1: 75.0000 (77.2129)  Acc@5: 94.7917 (95.0249)LR: 1.028e-03
2024-11-17 20:07:23,818 -                train: [    INFO] - Train: 522 [ 400/520]  Loss: 1.113 (1.14)  Acc@1: 78.1250 (76.6391)  Acc@5: 94.7917 (94.7813)LR: 1.028e-03
2024-11-17 20:07:33,724 -                train: [    INFO] - Train: 522 [ 520/520]  Loss: 0.8628 (1.14)  Acc@1: 83.7500 (76.5820)  Acc@5: 97.5000 (94.7440)LR: 1.028e-03
2024-11-17 20:07:34,190 -                train: [    INFO] - Valid: 522 [   0/104]  Loss: 0.7441 (0.744)  Acc@1: 83.3333 (83.3333)  Acc@5: 92.7083 (92.7083)
2024-11-17 20:07:36,041 -                train: [    INFO] - Valid: 522 [ 104/104]  Loss: 1.070 (0.803)  Acc@1: 81.2500 (77.2400)  Acc@5: 87.5000 (95.4500)
2024-11-17 20:07:36,103 -                train: [    INFO] - valid_acc 77.240002 - best_valid_acc 77.360002
2024-11-17 20:07:36,661 -                train: [    INFO] - Train: 523 [   0/520]  Loss: 1.139 (1.14)  Acc@1: 79.1667 (79.1667)  Acc@5: 93.7500 (93.7500)LR: 1.002e-03
2024-11-17 20:07:53,282 -                train: [    INFO] - Train: 523 [ 200/520]  Loss: 1.263 (1.13)  Acc@1: 77.0833 (76.6428)  Acc@5: 93.7500 (94.8020)LR: 1.002e-03
2024-11-17 20:08:09,521 -                train: [    INFO] - Train: 523 [ 400/520]  Loss: 1.060 (1.15)  Acc@1: 80.2083 (76.2183)  Acc@5: 90.6250 (94.5605)LR: 1.002e-03
2024-11-17 20:08:19,183 -                train: [    INFO] - Train: 523 [ 520/520]  Loss: 1.086 (1.14)  Acc@1: 80.0000 (76.2920)  Acc@5: 96.2500 (94.6760)LR: 1.002e-03
2024-11-17 20:08:19,640 -                train: [    INFO] - Valid: 523 [   0/104]  Loss: 0.7482 (0.748)  Acc@1: 83.3333 (83.3333)  Acc@5: 93.7500 (93.7500)
2024-11-17 20:08:21,470 -                train: [    INFO] - Valid: 523 [ 104/104]  Loss: 1.006 (0.812)  Acc@1: 81.2500 (77.2000)  Acc@5: 87.5000 (95.3300)
2024-11-17 20:08:21,524 -                train: [    INFO] - valid_acc 77.200003 - best_valid_acc 77.360002
2024-11-17 20:08:22,026 -                train: [    INFO] - Train: 524 [   0/520]  Loss: 1.004 (1.00)  Acc@1: 75.0000 (75.0000)  Acc@5: 97.9167 (97.9167)LR: 9.767e-04
2024-11-17 20:08:38,434 -                train: [    INFO] - Train: 524 [ 200/520]  Loss: 1.295 (1.13)  Acc@1: 66.6667 (76.6998)  Acc@5: 94.7917 (94.8694)LR: 9.767e-04
2024-11-17 20:08:55,015 -                train: [    INFO] - Train: 524 [ 400/520]  Loss: 1.120 (1.14)  Acc@1: 78.1250 (76.5248)  Acc@5: 96.8750 (94.7969)LR: 9.767e-04
2024-11-17 20:09:04,832 -                train: [    INFO] - Train: 524 [ 520/520]  Loss: 1.141 (1.14)  Acc@1: 72.5000 (76.5400)  Acc@5: 98.7500 (94.7740)LR: 9.767e-04
2024-11-17 20:09:05,323 -                train: [    INFO] - Valid: 524 [   0/104]  Loss: 0.7665 (0.766)  Acc@1: 83.3333 (83.3333)  Acc@5: 93.7500 (93.7500)
2024-11-17 20:09:07,040 -                train: [    INFO] - Valid: 524 [ 104/104]  Loss: 1.016 (0.799)  Acc@1: 81.2500 (77.4900)  Acc@5: 87.5000 (95.3500)
2024-11-17 20:09:07,160 -                train: [    INFO] - valid_acc 77.490002 - best_valid_acc 77.490002
2024-11-17 20:09:07,682 -                train: [    INFO] - Train: 525 [   0/520]  Loss: 1.167 (1.17)  Acc@1: 78.1250 (78.1250)  Acc@5: 94.7917 (94.7917)LR: 9.515e-04
2024-11-17 20:09:24,291 -                train: [    INFO] - Train: 525 [ 200/520]  Loss: 1.221 (1.13)  Acc@1: 70.8333 (76.6636)  Acc@5: 94.7917 (94.7709)LR: 9.515e-04
2024-11-17 20:09:40,970 -                train: [    INFO] - Train: 525 [ 400/520]  Loss: 1.320 (1.14)  Acc@1: 75.0000 (76.3638)  Acc@5: 93.7500 (94.7761)LR: 9.515e-04
2024-11-17 20:09:50,600 -                train: [    INFO] - Train: 525 [ 520/520]  Loss: 1.142 (1.14)  Acc@1: 77.5000 (76.3920)  Acc@5: 96.2500 (94.8260)LR: 9.515e-04
2024-11-17 20:09:51,047 -                train: [    INFO] - Valid: 525 [   0/104]  Loss: 0.7205 (0.720)  Acc@1: 84.3750 (84.3750)  Acc@5: 92.7083 (92.7083)
2024-11-17 20:09:52,808 -                train: [    INFO] - Valid: 525 [ 104/104]  Loss: 0.7925 (0.793)  Acc@1: 81.2500 (77.3600)  Acc@5: 93.7500 (95.4000)
2024-11-17 20:09:52,870 -                train: [    INFO] - valid_acc 77.360002 - best_valid_acc 77.490002
2024-11-17 20:09:53,431 -                train: [    INFO] - Train: 526 [   0/520]  Loss: 1.310 (1.31)  Acc@1: 75.0000 (75.0000)  Acc@5: 91.6667 (91.6667)LR: 9.266e-04
2024-11-17 20:10:09,960 -                train: [    INFO] - Train: 526 [ 200/520]  Loss: 1.208 (1.13)  Acc@1: 78.1250 (76.6428)  Acc@5: 92.7083 (94.7865)LR: 9.266e-04
2024-11-17 20:10:26,480 -                train: [    INFO] - Train: 526 [ 400/520]  Loss: 1.390 (1.13)  Acc@1: 70.8333 (76.5794)  Acc@5: 91.6667 (94.8462)LR: 9.266e-04
2024-11-17 20:10:36,147 -                train: [    INFO] - Train: 526 [ 520/520]  Loss: 1.023 (1.13)  Acc@1: 82.5000 (76.4820)  Acc@5: 92.5000 (94.8780)LR: 9.266e-04
2024-11-17 20:10:36,583 -                train: [    INFO] - Valid: 526 [   0/104]  Loss: 0.7201 (0.720)  Acc@1: 81.2500 (81.2500)  Acc@5: 94.7917 (94.7917)
2024-11-17 20:10:38,369 -                train: [    INFO] - Valid: 526 [ 104/104]  Loss: 1.047 (0.797)  Acc@1: 75.0000 (77.5600)  Acc@5: 87.5000 (95.4800)
2024-11-17 20:10:38,619 -                train: [    INFO] - valid_acc 77.560002 - best_valid_acc 77.560002
2024-11-17 20:10:39,142 -                train: [    INFO] - Train: 527 [   0/520]  Loss: 1.076 (1.08)  Acc@1: 78.1250 (78.1250)  Acc@5: 93.7500 (93.7500)LR: 9.020e-04
2024-11-17 20:10:55,051 -                train: [    INFO] - Train: 527 [ 200/520]  Loss: 0.8465 (1.12)  Acc@1: 84.3750 (76.8501)  Acc@5: 95.8333 (94.9731)LR: 9.020e-04
2024-11-17 20:11:11,246 -                train: [    INFO] - Train: 527 [ 400/520]  Loss: 0.9324 (1.13)  Acc@1: 80.2083 (76.5950)  Acc@5: 94.7917 (94.7579)LR: 9.020e-04
2024-11-17 20:11:20,605 -                train: [    INFO] - Train: 527 [ 520/520]  Loss: 1.352 (1.14)  Acc@1: 72.5000 (76.5880)  Acc@5: 96.2500 (94.7320)LR: 9.020e-04
2024-11-17 20:11:21,086 -                train: [    INFO] - Valid: 527 [   0/104]  Loss: 0.6991 (0.699)  Acc@1: 83.3333 (83.3333)  Acc@5: 94.7917 (94.7917)
2024-11-17 20:11:22,794 -                train: [    INFO] - Valid: 527 [ 104/104]  Loss: 0.9094 (0.802)  Acc@1: 81.2500 (77.7100)  Acc@5: 93.7500 (95.2900)
2024-11-17 20:11:22,909 -                train: [    INFO] - valid_acc 77.710002 - best_valid_acc 77.710002
2024-11-17 20:11:23,424 -                train: [    INFO] - Train: 528 [   0/520]  Loss: 1.059 (1.06)  Acc@1: 78.1250 (78.1250)  Acc@5: 95.8333 (95.8333)LR: 8.778e-04
2024-11-17 20:11:39,705 -                train: [    INFO] - Train: 528 [ 200/520]  Loss: 1.008 (1.12)  Acc@1: 76.0417 (76.8449)  Acc@5: 98.9583 (94.6828)LR: 8.778e-04
2024-11-17 20:11:56,053 -                train: [    INFO] - Train: 528 [ 400/520]  Loss: 1.193 (1.13)  Acc@1: 77.0833 (76.7846)  Acc@5: 91.6667 (94.8462)LR: 8.778e-04
2024-11-17 20:12:05,954 -                train: [    INFO] - Train: 528 [ 520/520]  Loss: 1.113 (1.12)  Acc@1: 73.7500 (76.7040)  Acc@5: 98.7500 (94.9340)LR: 8.778e-04
2024-11-17 20:12:06,425 -                train: [    INFO] - Valid: 528 [   0/104]  Loss: 0.6854 (0.685)  Acc@1: 83.3333 (83.3333)  Acc@5: 94.7917 (94.7917)
2024-11-17 20:12:08,058 -                train: [    INFO] - Valid: 528 [ 104/104]  Loss: 0.9494 (0.798)  Acc@1: 75.0000 (77.6300)  Acc@5: 93.7500 (95.2000)
2024-11-17 20:12:08,114 -                train: [    INFO] - valid_acc 77.630002 - best_valid_acc 77.710002
2024-11-17 20:12:08,637 -                train: [    INFO] - Train: 529 [   0/520]  Loss: 1.324 (1.32)  Acc@1: 77.0833 (77.0833)  Acc@5: 90.6250 (90.6250)LR: 8.539e-04
2024-11-17 20:12:25,041 -                train: [    INFO] - Train: 529 [ 200/520]  Loss: 1.093 (1.13)  Acc@1: 81.2500 (76.4096)  Acc@5: 94.7917 (94.8124)LR: 8.539e-04
2024-11-17 20:12:41,702 -                train: [    INFO] - Train: 529 [ 400/520]  Loss: 1.117 (1.14)  Acc@1: 78.1250 (76.4729)  Acc@5: 96.8750 (94.6826)LR: 8.539e-04
2024-11-17 20:12:51,648 -                train: [    INFO] - Train: 529 [ 520/520]  Loss: 0.9160 (1.14)  Acc@1: 82.5000 (76.4440)  Acc@5: 97.5000 (94.7180)LR: 8.539e-04
2024-11-17 20:12:52,167 -                train: [    INFO] - Valid: 529 [   0/104]  Loss: 0.7357 (0.736)  Acc@1: 82.2917 (82.2917)  Acc@5: 93.7500 (93.7500)
2024-11-17 20:12:53,918 -                train: [    INFO] - Valid: 529 [ 104/104]  Loss: 0.9917 (0.787)  Acc@1: 81.2500 (77.7600)  Acc@5: 87.5000 (95.3900)
2024-11-17 20:12:54,049 -                train: [    INFO] - valid_acc 77.760003 - best_valid_acc 77.760003
2024-11-17 20:12:54,597 -                train: [    INFO] - Train: 530 [   0/520]  Loss: 1.074 (1.07)  Acc@1: 73.9583 (73.9583)  Acc@5: 98.9583 (98.9583)LR: 8.302e-04
2024-11-17 20:13:10,862 -                train: [    INFO] - Train: 530 [ 200/520]  Loss: 1.050 (1.11)  Acc@1: 78.1250 (76.9486)  Acc@5: 93.7500 (95.0352)LR: 8.302e-04
2024-11-17 20:13:27,328 -                train: [    INFO] - Train: 530 [ 400/520]  Loss: 1.116 (1.13)  Acc@1: 76.0417 (76.6599)  Acc@5: 93.7500 (94.9034)LR: 8.302e-04
2024-11-17 20:13:37,133 -                train: [    INFO] - Train: 530 [ 520/520]  Loss: 1.265 (1.13)  Acc@1: 75.0000 (76.5220)  Acc@5: 91.2500 (94.8620)LR: 8.302e-04
2024-11-17 20:13:37,613 -                train: [    INFO] - Valid: 530 [   0/104]  Loss: 0.7018 (0.702)  Acc@1: 82.2917 (82.2917)  Acc@5: 94.7917 (94.7917)
2024-11-17 20:13:39,279 -                train: [    INFO] - Valid: 530 [ 104/104]  Loss: 1.078 (0.800)  Acc@1: 75.0000 (77.5500)  Acc@5: 87.5000 (95.3600)
2024-11-17 20:13:39,334 -                train: [    INFO] - valid_acc 77.550002 - best_valid_acc 77.760003
2024-11-17 20:13:39,845 -                train: [    INFO] - Train: 531 [   0/520]  Loss: 1.017 (1.02)  Acc@1: 75.0000 (75.0000)  Acc@5: 94.7917 (94.7917)LR: 8.069e-04
2024-11-17 20:13:56,312 -                train: [    INFO] - Train: 531 [ 200/520]  Loss: 1.176 (1.12)  Acc@1: 72.9167 (77.0004)  Acc@5: 97.9167 (94.8798)LR: 8.069e-04
2024-11-17 20:14:12,437 -                train: [    INFO] - Train: 531 [ 400/520]  Loss: 1.039 (1.13)  Acc@1: 82.2917 (76.9301)  Acc@5: 96.8750 (94.9216)LR: 8.069e-04
2024-11-17 20:14:22,067 -                train: [    INFO] - Train: 531 [ 520/520]  Loss: 1.650 (1.13)  Acc@1: 62.5000 (76.8380)  Acc@5: 87.5000 (94.9000)LR: 8.069e-04
2024-11-17 20:14:22,606 -                train: [    INFO] - Valid: 531 [   0/104]  Loss: 0.7435 (0.744)  Acc@1: 81.2500 (81.2500)  Acc@5: 92.7083 (92.7083)
2024-11-17 20:14:24,285 -                train: [    INFO] - Valid: 531 [ 104/104]  Loss: 0.9665 (0.794)  Acc@1: 81.2500 (77.7900)  Acc@5: 87.5000 (95.4300)
2024-11-17 20:14:24,418 -                train: [    INFO] - valid_acc 77.790002 - best_valid_acc 77.790002
2024-11-17 20:14:24,976 -                train: [    INFO] - Train: 532 [   0/520]  Loss: 1.348 (1.35)  Acc@1: 68.7500 (68.7500)  Acc@5: 91.6667 (91.6667)LR: 7.840e-04
2024-11-17 20:14:41,394 -                train: [    INFO] - Train: 532 [ 200/520]  Loss: 1.110 (1.13)  Acc@1: 80.2083 (76.7517)  Acc@5: 91.6667 (94.6258)LR: 7.840e-04
2024-11-17 20:14:58,002 -                train: [    INFO] - Train: 532 [ 400/520]  Loss: 0.9059 (1.13)  Acc@1: 76.0417 (76.5872)  Acc@5: 97.9167 (94.7189)LR: 7.840e-04
2024-11-17 20:15:07,742 -                train: [    INFO] - Train: 532 [ 520/520]  Loss: 1.096 (1.13)  Acc@1: 73.7500 (76.6740)  Acc@5: 98.7500 (94.7320)LR: 7.840e-04
2024-11-17 20:15:08,217 -                train: [    INFO] - Valid: 532 [   0/104]  Loss: 0.7452 (0.745)  Acc@1: 79.1667 (79.1667)  Acc@5: 93.7500 (93.7500)
2024-11-17 20:15:10,014 -                train: [    INFO] - Valid: 532 [ 104/104]  Loss: 0.9161 (0.802)  Acc@1: 81.2500 (77.3100)  Acc@5: 93.7500 (95.3500)
2024-11-17 20:15:10,065 -                train: [    INFO] - valid_acc 77.310002 - best_valid_acc 77.790002
2024-11-17 20:15:10,596 -                train: [    INFO] - Train: 533 [   0/520]  Loss: 0.9660 (0.966)  Acc@1: 84.3750 (84.3750)  Acc@5: 96.8750 (96.8750)LR: 7.613e-04
2024-11-17 20:15:26,800 -                train: [    INFO] - Train: 533 [ 200/520]  Loss: 1.078 (1.12)  Acc@1: 75.0000 (76.7620)  Acc@5: 96.8750 (94.7917)LR: 7.613e-04
2024-11-17 20:15:43,159 -                train: [    INFO] - Train: 533 [ 400/520]  Loss: 1.576 (1.14)  Acc@1: 70.8333 (76.6365)  Acc@5: 88.5417 (94.7267)LR: 7.613e-04
2024-11-17 20:15:52,879 -                train: [    INFO] - Train: 533 [ 520/520]  Loss: 1.271 (1.13)  Acc@1: 73.7500 (76.6720)  Acc@5: 96.2500 (94.7560)LR: 7.613e-04
2024-11-17 20:15:53,341 -                train: [    INFO] - Valid: 533 [   0/104]  Loss: 0.7402 (0.740)  Acc@1: 81.2500 (81.2500)  Acc@5: 93.7500 (93.7500)
2024-11-17 20:15:55,046 -                train: [    INFO] - Valid: 533 [ 104/104]  Loss: 1.014 (0.795)  Acc@1: 81.2500 (77.4000)  Acc@5: 87.5000 (95.4700)
2024-11-17 20:15:55,114 -                train: [    INFO] - valid_acc 77.400002 - best_valid_acc 77.790002
2024-11-17 20:15:55,610 -                train: [    INFO] - Train: 534 [   0/520]  Loss: 1.176 (1.18)  Acc@1: 73.9583 (73.9583)  Acc@5: 94.7917 (94.7917)LR: 7.390e-04
2024-11-17 20:16:11,882 -                train: [    INFO] - Train: 534 [ 200/520]  Loss: 1.065 (1.10)  Acc@1: 77.0833 (77.2233)  Acc@5: 93.7500 (95.1596)LR: 7.390e-04
2024-11-17 20:16:28,427 -                train: [    INFO] - Train: 534 [ 400/520]  Loss: 0.9728 (1.11)  Acc@1: 80.2083 (77.1041)  Acc@5: 95.8333 (95.0021)LR: 7.390e-04
2024-11-17 20:16:38,191 -                train: [    INFO] - Train: 534 [ 520/520]  Loss: 1.071 (1.12)  Acc@1: 82.5000 (77.0160)  Acc@5: 93.7500 (94.9140)LR: 7.390e-04
2024-11-17 20:16:38,728 -                train: [    INFO] - Valid: 534 [   0/104]  Loss: 0.6976 (0.698)  Acc@1: 79.1667 (79.1667)  Acc@5: 93.7500 (93.7500)
2024-11-17 20:16:40,435 -                train: [    INFO] - Valid: 534 [ 104/104]  Loss: 0.9486 (0.792)  Acc@1: 81.2500 (77.6000)  Acc@5: 87.5000 (95.5100)
2024-11-17 20:16:40,486 -                train: [    INFO] - valid_acc 77.600003 - best_valid_acc 77.790002
2024-11-17 20:16:40,959 -                train: [    INFO] - Train: 535 [   0/520]  Loss: 1.271 (1.27)  Acc@1: 77.0833 (77.0833)  Acc@5: 91.6667 (91.6667)LR: 7.170e-04
2024-11-17 20:16:57,405 -                train: [    INFO] - Train: 535 [ 200/520]  Loss: 0.9460 (1.10)  Acc@1: 83.3333 (77.2906)  Acc@5: 93.7500 (94.9316)LR: 7.170e-04
2024-11-17 20:17:13,594 -                train: [    INFO] - Train: 535 [ 400/520]  Loss: 1.213 (1.12)  Acc@1: 76.0417 (77.0028)  Acc@5: 91.6667 (94.8280)LR: 7.170e-04
2024-11-17 20:17:23,301 -                train: [    INFO] - Train: 535 [ 520/520]  Loss: 1.112 (1.12)  Acc@1: 73.7500 (77.0760)  Acc@5: 90.0000 (94.8880)LR: 7.170e-04
2024-11-17 20:17:23,812 -                train: [    INFO] - Valid: 535 [   0/104]  Loss: 0.6961 (0.696)  Acc@1: 82.2917 (82.2917)  Acc@5: 94.7917 (94.7917)
2024-11-17 20:17:25,615 -                train: [    INFO] - Valid: 535 [ 104/104]  Loss: 1.066 (0.793)  Acc@1: 75.0000 (77.4900)  Acc@5: 87.5000 (95.4400)
2024-11-17 20:17:25,669 -                train: [    INFO] - valid_acc 77.490003 - best_valid_acc 77.790002
2024-11-17 20:17:26,233 -                train: [    INFO] - Train: 536 [   0/520]  Loss: 1.317 (1.32)  Acc@1: 71.8750 (71.8750)  Acc@5: 87.5000 (87.5000)LR: 6.953e-04
2024-11-17 20:17:42,820 -                train: [    INFO] - Train: 536 [ 200/520]  Loss: 1.119 (1.12)  Acc@1: 73.9583 (76.6947)  Acc@5: 93.7500 (94.9938)LR: 6.953e-04
2024-11-17 20:17:59,459 -                train: [    INFO] - Train: 536 [ 400/520]  Loss: 0.8208 (1.12)  Acc@1: 85.4167 (76.8002)  Acc@5: 97.9167 (94.8956)LR: 6.953e-04
2024-11-17 20:18:09,008 -                train: [    INFO] - Train: 536 [ 520/520]  Loss: 1.065 (1.12)  Acc@1: 82.5000 (76.8040)  Acc@5: 95.0000 (94.8900)LR: 6.953e-04
2024-11-17 20:18:09,512 -                train: [    INFO] - Valid: 536 [   0/104]  Loss: 0.7543 (0.754)  Acc@1: 80.2083 (80.2083)  Acc@5: 93.7500 (93.7500)
2024-11-17 20:18:11,323 -                train: [    INFO] - Valid: 536 [ 104/104]  Loss: 1.030 (0.797)  Acc@1: 75.0000 (77.5900)  Acc@5: 93.7500 (95.4700)
2024-11-17 20:18:11,378 -                train: [    INFO] - valid_acc 77.590003 - best_valid_acc 77.790002
2024-11-17 20:18:11,936 -                train: [    INFO] - Train: 537 [   0/520]  Loss: 1.291 (1.29)  Acc@1: 72.9167 (72.9167)  Acc@5: 93.7500 (93.7500)LR: 6.739e-04
2024-11-17 20:18:28,632 -                train: [    INFO] - Train: 537 [ 200/520]  Loss: 1.190 (1.11)  Acc@1: 76.0417 (77.4150)  Acc@5: 94.7917 (94.8383)LR: 6.739e-04
2024-11-17 20:18:45,168 -                train: [    INFO] - Train: 537 [ 400/520]  Loss: 0.9024 (1.12)  Acc@1: 82.2917 (77.1898)  Acc@5: 97.9167 (94.9138)LR: 6.739e-04
2024-11-17 20:18:54,887 -                train: [    INFO] - Train: 537 [ 520/520]  Loss: 1.226 (1.12)  Acc@1: 80.0000 (77.0940)  Acc@5: 95.0000 (94.8780)LR: 6.739e-04
2024-11-17 20:18:55,388 -                train: [    INFO] - Valid: 537 [   0/104]  Loss: 0.7237 (0.724)  Acc@1: 81.2500 (81.2500)  Acc@5: 92.7083 (92.7083)
2024-11-17 20:18:57,091 -                train: [    INFO] - Valid: 537 [ 104/104]  Loss: 1.037 (0.787)  Acc@1: 75.0000 (77.8900)  Acc@5: 93.7500 (95.4800)
2024-11-17 20:18:57,198 -                train: [    INFO] - valid_acc 77.890003 - best_valid_acc 77.890003
2024-11-17 20:18:57,736 -                train: [    INFO] - Train: 538 [   0/520]  Loss: 1.037 (1.04)  Acc@1: 76.0417 (76.0417)  Acc@5: 95.8333 (95.8333)LR: 6.529e-04
2024-11-17 20:19:13,908 -                train: [    INFO] - Train: 538 [ 200/520]  Loss: 1.127 (1.11)  Acc@1: 77.0833 (77.2492)  Acc@5: 94.7917 (95.0249)LR: 6.529e-04
2024-11-17 20:19:30,357 -                train: [    INFO] - Train: 538 [ 400/520]  Loss: 1.103 (1.12)  Acc@1: 72.9167 (77.0703)  Acc@5: 95.8333 (94.8956)LR: 6.529e-04
2024-11-17 20:19:39,903 -                train: [    INFO] - Train: 538 [ 520/520]  Loss: 0.9738 (1.12)  Acc@1: 81.2500 (76.9920)  Acc@5: 93.7500 (94.8940)LR: 6.529e-04
2024-11-17 20:19:40,410 -                train: [    INFO] - Valid: 538 [   0/104]  Loss: 0.7208 (0.721)  Acc@1: 83.3333 (83.3333)  Acc@5: 92.7083 (92.7083)
2024-11-17 20:19:42,134 -                train: [    INFO] - Valid: 538 [ 104/104]  Loss: 1.039 (0.785)  Acc@1: 81.2500 (77.9100)  Acc@5: 93.7500 (95.4900)
2024-11-17 20:19:42,248 -                train: [    INFO] - valid_acc 77.910003 - best_valid_acc 77.910003
2024-11-17 20:19:42,753 -                train: [    INFO] - Train: 539 [   0/520]  Loss: 1.174 (1.17)  Acc@1: 75.0000 (75.0000)  Acc@5: 95.8333 (95.8333)LR: 6.322e-04
2024-11-17 20:19:59,083 -                train: [    INFO] - Train: 539 [ 200/520]  Loss: 1.099 (1.12)  Acc@1: 79.1667 (76.8501)  Acc@5: 93.7500 (94.9420)LR: 6.322e-04
2024-11-17 20:20:15,293 -                train: [    INFO] - Train: 539 [ 400/520]  Loss: 1.210 (1.12)  Acc@1: 76.0417 (76.9301)  Acc@5: 90.6250 (94.9787)LR: 6.322e-04
2024-11-17 20:20:24,909 -                train: [    INFO] - Train: 539 [ 520/520]  Loss: 1.046 (1.12)  Acc@1: 77.5000 (76.8340)  Acc@5: 95.0000 (94.9360)LR: 6.322e-04
2024-11-17 20:20:25,419 -                train: [    INFO] - Valid: 539 [   0/104]  Loss: 0.7555 (0.755)  Acc@1: 80.2083 (80.2083)  Acc@5: 92.7083 (92.7083)
2024-11-17 20:20:27,141 -                train: [    INFO] - Valid: 539 [ 104/104]  Loss: 0.9013 (0.792)  Acc@1: 81.2500 (77.5900)  Acc@5: 93.7500 (95.3200)
2024-11-17 20:20:27,195 -                train: [    INFO] - valid_acc 77.590003 - best_valid_acc 77.910003
2024-11-17 20:20:27,832 -                train: [    INFO] - Train: 540 [   0/520]  Loss: 1.069 (1.07)  Acc@1: 78.1250 (78.1250)  Acc@5: 93.7500 (93.7500)LR: 6.118e-04
2024-11-17 20:20:44,460 -                train: [    INFO] - Train: 540 [ 200/520]  Loss: 1.225 (1.12)  Acc@1: 77.0833 (77.1300)  Acc@5: 93.7500 (94.7969)LR: 6.118e-04
2024-11-17 20:21:01,436 -                train: [    INFO] - Train: 540 [ 400/520]  Loss: 0.8373 (1.12)  Acc@1: 84.3750 (76.9015)  Acc@5: 97.9167 (94.8332)LR: 6.118e-04
2024-11-17 20:21:11,220 -                train: [    INFO] - Train: 540 [ 520/520]  Loss: 0.9759 (1.11)  Acc@1: 82.5000 (76.9340)  Acc@5: 96.2500 (94.9220)LR: 6.118e-04
2024-11-17 20:21:11,883 -                train: [    INFO] - Valid: 540 [   0/104]  Loss: 0.7368 (0.737)  Acc@1: 81.2500 (81.2500)  Acc@5: 92.7083 (92.7083)
2024-11-17 20:21:13,603 -                train: [    INFO] - Valid: 540 [ 104/104]  Loss: 0.9012 (0.798)  Acc@1: 81.2500 (77.5000)  Acc@5: 93.7500 (95.3600)
2024-11-17 20:21:13,661 -                train: [    INFO] - valid_acc 77.500002 - best_valid_acc 77.910003
2024-11-17 20:21:14,174 -                train: [    INFO] - Train: 541 [   0/520]  Loss: 0.5978 (0.598)  Acc@1: 90.6250 (90.6250)  Acc@5: 97.9167 (97.9167)LR: 5.917e-04
2024-11-17 20:21:30,804 -                train: [    INFO] - Train: 541 [ 200/520]  Loss: 0.9609 (1.10)  Acc@1: 80.2083 (77.5549)  Acc@5: 96.8750 (94.9212)LR: 5.917e-04
2024-11-17 20:21:47,613 -                train: [    INFO] - Train: 541 [ 400/520]  Loss: 0.9375 (1.12)  Acc@1: 80.2083 (77.0807)  Acc@5: 96.8750 (94.9008)LR: 5.917e-04
2024-11-17 20:21:57,302 -                train: [    INFO] - Train: 541 [ 520/520]  Loss: 1.008 (1.12)  Acc@1: 80.0000 (77.0160)  Acc@5: 96.2500 (94.8460)LR: 5.917e-04
2024-11-17 20:21:57,912 -                train: [    INFO] - Valid: 541 [   0/104]  Loss: 0.6935 (0.694)  Acc@1: 83.3333 (83.3333)  Acc@5: 93.7500 (93.7500)
2024-11-17 20:21:59,681 -                train: [    INFO] - Valid: 541 [ 104/104]  Loss: 0.9657 (0.789)  Acc@1: 75.0000 (78.0100)  Acc@5: 93.7500 (95.3800)
2024-11-17 20:22:00,008 -                train: [    INFO] - valid_acc 78.010002 - best_valid_acc 78.010002
2024-11-17 20:22:00,606 -                train: [    INFO] - Train: 542 [   0/520]  Loss: 1.092 (1.09)  Acc@1: 78.1250 (78.1250)  Acc@5: 93.7500 (93.7500)LR: 5.720e-04
2024-11-17 20:22:17,095 -                train: [    INFO] - Train: 542 [ 200/520]  Loss: 0.8508 (1.11)  Acc@1: 82.2917 (76.9382)  Acc@5: 97.9167 (94.8435)LR: 5.720e-04
2024-11-17 20:22:33,833 -                train: [    INFO] - Train: 542 [ 400/520]  Loss: 1.249 (1.12)  Acc@1: 76.0417 (76.9768)  Acc@5: 89.5833 (94.7241)LR: 5.720e-04
2024-11-17 20:22:43,514 -                train: [    INFO] - Train: 542 [ 520/520]  Loss: 1.045 (1.12)  Acc@1: 77.5000 (76.9620)  Acc@5: 96.2500 (94.7600)LR: 5.720e-04
2024-11-17 20:22:44,098 -                train: [    INFO] - Valid: 542 [   0/104]  Loss: 0.7004 (0.700)  Acc@1: 83.3333 (83.3333)  Acc@5: 92.7083 (92.7083)
2024-11-17 20:22:45,814 -                train: [    INFO] - Valid: 542 [ 104/104]  Loss: 0.9054 (0.787)  Acc@1: 81.2500 (78.0300)  Acc@5: 100.0000 (95.5100)
2024-11-17 20:22:45,941 -                train: [    INFO] - valid_acc 78.030003 - best_valid_acc 78.030003
2024-11-17 20:22:46,629 -                train: [    INFO] - Train: 543 [   0/520]  Loss: 1.158 (1.16)  Acc@1: 78.1250 (78.1250)  Acc@5: 90.6250 (90.6250)LR: 5.526e-04
2024-11-17 20:23:02,843 -                train: [    INFO] - Train: 543 [ 200/520]  Loss: 0.8095 (1.13)  Acc@1: 82.2917 (77.1144)  Acc@5: 96.8750 (94.8331)LR: 5.526e-04
2024-11-17 20:23:19,115 -                train: [    INFO] - Train: 543 [ 400/520]  Loss: 1.227 (1.12)  Acc@1: 68.7500 (76.8651)  Acc@5: 95.8333 (94.7605)LR: 5.526e-04
2024-11-17 20:23:28,925 -                train: [    INFO] - Train: 543 [ 520/520]  Loss: 1.276 (1.13)  Acc@1: 72.5000 (76.8620)  Acc@5: 96.2500 (94.7120)LR: 5.526e-04
2024-11-17 20:23:29,599 -                train: [    INFO] - Valid: 543 [   0/104]  Loss: 0.7299 (0.730)  Acc@1: 83.3333 (83.3333)  Acc@5: 94.7917 (94.7917)
2024-11-17 20:23:31,319 -                train: [    INFO] - Valid: 543 [ 104/104]  Loss: 0.9914 (0.791)  Acc@1: 75.0000 (77.7800)  Acc@5: 87.5000 (95.4700)
2024-11-17 20:23:31,382 -                train: [    INFO] - valid_acc 77.780003 - best_valid_acc 78.030003
2024-11-17 20:23:32,042 -                train: [    INFO] - Train: 544 [   0/520]  Loss: 1.142 (1.14)  Acc@1: 76.0417 (76.0417)  Acc@5: 95.8333 (95.8333)LR: 5.335e-04
2024-11-17 20:23:48,503 -                train: [    INFO] - Train: 544 [ 200/520]  Loss: 0.9917 (1.13)  Acc@1: 79.1667 (76.7983)  Acc@5: 94.7917 (94.9005)LR: 5.335e-04
2024-11-17 20:24:04,983 -                train: [    INFO] - Train: 544 [ 400/520]  Loss: 1.360 (1.12)  Acc@1: 71.8750 (76.8989)  Acc@5: 90.6250 (94.8644)LR: 5.335e-04
2024-11-17 20:24:14,809 -                train: [    INFO] - Train: 544 [ 520/520]  Loss: 0.9913 (1.12)  Acc@1: 82.5000 (77.0240)  Acc@5: 95.0000 (94.8080)LR: 5.335e-04
2024-11-17 20:24:15,492 -                train: [    INFO] - Valid: 544 [   0/104]  Loss: 0.7170 (0.717)  Acc@1: 82.2917 (82.2917)  Acc@5: 92.7083 (92.7083)
2024-11-17 20:24:17,226 -                train: [    INFO] - Valid: 544 [ 104/104]  Loss: 0.9184 (0.789)  Acc@1: 75.0000 (77.9000)  Acc@5: 93.7500 (95.5200)
2024-11-17 20:24:17,287 -                train: [    INFO] - valid_acc 77.900003 - best_valid_acc 78.030003
2024-11-17 20:24:17,969 -                train: [    INFO] - Train: 545 [   0/520]  Loss: 0.9585 (0.958)  Acc@1: 77.0833 (77.0833)  Acc@5: 97.9167 (97.9167)LR: 5.148e-04
2024-11-17 20:24:34,480 -                train: [    INFO] - Train: 545 [ 200/520]  Loss: 1.464 (1.13)  Acc@1: 69.7917 (76.7309)  Acc@5: 89.5833 (94.5740)LR: 5.148e-04
2024-11-17 20:24:50,730 -                train: [    INFO] - Train: 545 [ 400/520]  Loss: 0.7587 (1.12)  Acc@1: 88.5417 (76.9561)  Acc@5: 100.0000 (94.8125)LR: 5.148e-04
2024-11-17 20:25:00,499 -                train: [    INFO] - Train: 545 [ 520/520]  Loss: 1.265 (1.12)  Acc@1: 77.5000 (76.9500)  Acc@5: 93.7500 (94.8820)LR: 5.148e-04
2024-11-17 20:25:01,167 -                train: [    INFO] - Valid: 545 [   0/104]  Loss: 0.7234 (0.723)  Acc@1: 83.3333 (83.3333)  Acc@5: 92.7083 (92.7083)
2024-11-17 20:25:02,950 -                train: [    INFO] - Valid: 545 [ 104/104]  Loss: 1.032 (0.788)  Acc@1: 75.0000 (77.8900)  Acc@5: 93.7500 (95.4600)
2024-11-17 20:25:03,013 -                train: [    INFO] - valid_acc 77.890003 - best_valid_acc 78.030003
2024-11-17 20:25:03,614 -                train: [    INFO] - Train: 546 [   0/520]  Loss: 0.9948 (0.995)  Acc@1: 81.2500 (81.2500)  Acc@5: 95.8333 (95.8333)LR: 4.963e-04
2024-11-17 20:25:20,030 -                train: [    INFO] - Train: 546 [ 200/520]  Loss: 0.9682 (1.12)  Acc@1: 79.1667 (76.9590)  Acc@5: 95.8333 (94.9523)LR: 4.963e-04
2024-11-17 20:25:36,536 -                train: [    INFO] - Train: 546 [ 400/520]  Loss: 1.091 (1.12)  Acc@1: 78.1250 (76.7378)  Acc@5: 94.7917 (94.9319)LR: 4.963e-04
2024-11-17 20:25:46,575 -                train: [    INFO] - Train: 546 [ 520/520]  Loss: 1.219 (1.12)  Acc@1: 77.5000 (76.7620)  Acc@5: 93.7500 (94.8540)LR: 4.963e-04
2024-11-17 20:25:47,207 -                train: [    INFO] - Valid: 546 [   0/104]  Loss: 0.7259 (0.726)  Acc@1: 82.2917 (82.2917)  Acc@5: 92.7083 (92.7083)
2024-11-17 20:25:48,925 -                train: [    INFO] - Valid: 546 [ 104/104]  Loss: 0.9428 (0.785)  Acc@1: 81.2500 (78.0600)  Acc@5: 93.7500 (95.6100)
2024-11-17 20:25:49,045 -                train: [    INFO] - valid_acc 78.060003 - best_valid_acc 78.060003
2024-11-17 20:25:49,697 -                train: [    INFO] - Train: 547 [   0/520]  Loss: 0.7755 (0.775)  Acc@1: 83.3333 (83.3333)  Acc@5: 98.9583 (98.9583)LR: 4.782e-04
2024-11-17 20:26:06,122 -                train: [    INFO] - Train: 547 [ 200/520]  Loss: 1.208 (1.12)  Acc@1: 75.0000 (77.0108)  Acc@5: 95.8333 (94.8176)LR: 4.782e-04
2024-11-17 20:26:22,747 -                train: [    INFO] - Train: 547 [ 400/520]  Loss: 1.181 (1.12)  Acc@1: 70.8333 (76.8080)  Acc@5: 96.8750 (94.8202)LR: 4.782e-04
2024-11-17 20:26:32,825 -                train: [    INFO] - Train: 547 [ 520/520]  Loss: 1.220 (1.12)  Acc@1: 68.7500 (76.8000)  Acc@5: 93.7500 (94.8260)LR: 4.782e-04
2024-11-17 20:26:33,380 -                train: [    INFO] - Valid: 547 [   0/104]  Loss: 0.7016 (0.702)  Acc@1: 82.2917 (82.2917)  Acc@5: 92.7083 (92.7083)
2024-11-17 20:26:35,120 -                train: [    INFO] - Valid: 547 [ 104/104]  Loss: 1.039 (0.788)  Acc@1: 75.0000 (78.0700)  Acc@5: 87.5000 (95.5000)
2024-11-17 20:26:35,243 -                train: [    INFO] - valid_acc 78.070003 - best_valid_acc 78.070003
2024-11-17 20:26:35,856 -                train: [    INFO] - Train: 548 [   0/520]  Loss: 1.175 (1.18)  Acc@1: 75.0000 (75.0000)  Acc@5: 92.7083 (92.7083)LR: 4.605e-04
2024-11-17 20:26:52,090 -                train: [    INFO] - Train: 548 [ 200/520]  Loss: 1.090 (1.11)  Acc@1: 76.0417 (76.9849)  Acc@5: 96.8750 (95.0404)LR: 4.605e-04
2024-11-17 20:27:08,951 -                train: [    INFO] - Train: 548 [ 400/520]  Loss: 0.9733 (1.12)  Acc@1: 77.0833 (76.8911)  Acc@5: 96.8750 (94.8774)LR: 4.605e-04
2024-11-17 20:27:18,995 -                train: [    INFO] - Train: 548 [ 520/520]  Loss: 1.512 (1.12)  Acc@1: 63.7500 (76.9620)  Acc@5: 93.7500 (94.9380)LR: 4.605e-04
2024-11-17 20:27:19,589 -                train: [    INFO] - Valid: 548 [   0/104]  Loss: 0.7250 (0.725)  Acc@1: 82.2917 (82.2917)  Acc@5: 93.7500 (93.7500)
2024-11-17 20:27:21,304 -                train: [    INFO] - Valid: 548 [ 104/104]  Loss: 0.9526 (0.783)  Acc@1: 75.0000 (77.7800)  Acc@5: 87.5000 (95.4500)
2024-11-17 20:27:21,368 -                train: [    INFO] - valid_acc 77.780002 - best_valid_acc 78.070003
2024-11-17 20:27:22,104 -                train: [    INFO] - Train: 549 [   0/520]  Loss: 1.107 (1.11)  Acc@1: 77.0833 (77.0833)  Acc@5: 96.8750 (96.8750)LR: 4.430e-04
2024-11-17 20:27:38,530 -                train: [    INFO] - Train: 549 [ 200/520]  Loss: 1.385 (1.11)  Acc@1: 75.0000 (77.1092)  Acc@5: 92.7083 (94.9057)LR: 4.430e-04
2024-11-17 20:27:54,637 -                train: [    INFO] - Train: 549 [ 400/520]  Loss: 0.9528 (1.11)  Acc@1: 78.1250 (76.9924)  Acc@5: 96.8750 (94.8982)LR: 4.430e-04
2024-11-17 20:28:04,672 -                train: [    INFO] - Train: 549 [ 520/520]  Loss: 1.211 (1.12)  Acc@1: 80.0000 (76.8300)  Acc@5: 93.7500 (94.8620)LR: 4.430e-04
2024-11-17 20:28:05,345 -                train: [    INFO] - Valid: 549 [   0/104]  Loss: 0.7062 (0.706)  Acc@1: 83.3333 (83.3333)  Acc@5: 93.7500 (93.7500)
2024-11-17 20:28:07,059 -                train: [    INFO] - Valid: 549 [ 104/104]  Loss: 0.9226 (0.786)  Acc@1: 75.0000 (78.0400)  Acc@5: 93.7500 (95.4400)
2024-11-17 20:28:07,122 -                train: [    INFO] - valid_acc 78.040003 - best_valid_acc 78.070003
2024-11-17 20:28:07,672 -                train: [    INFO] - Train: 550 [   0/520]  Loss: 1.235 (1.24)  Acc@1: 72.9167 (72.9167)  Acc@5: 93.7500 (93.7500)LR: 4.259e-04
2024-11-17 20:28:24,107 -                train: [    INFO] - Train: 550 [ 200/520]  Loss: 0.8324 (1.10)  Acc@1: 85.4167 (77.3787)  Acc@5: 94.7917 (95.0041)LR: 4.259e-04
2024-11-17 20:28:40,352 -                train: [    INFO] - Train: 550 [ 400/520]  Loss: 1.282 (1.11)  Acc@1: 72.9167 (77.2028)  Acc@5: 92.7083 (94.8150)LR: 4.259e-04
2024-11-17 20:28:50,070 -                train: [    INFO] - Train: 550 [ 520/520]  Loss: 1.146 (1.11)  Acc@1: 75.0000 (77.2140)  Acc@5: 96.2500 (94.8720)LR: 4.259e-04
2024-11-17 20:28:50,641 -                train: [    INFO] - Valid: 550 [   0/104]  Loss: 0.6967 (0.697)  Acc@1: 82.2917 (82.2917)  Acc@5: 92.7083 (92.7083)
2024-11-17 20:28:52,277 -                train: [    INFO] - Valid: 550 [ 104/104]  Loss: 0.9119 (0.785)  Acc@1: 75.0000 (77.7000)  Acc@5: 93.7500 (95.5700)
2024-11-17 20:28:52,327 -                train: [    INFO] - valid_acc 77.700003 - best_valid_acc 78.070003
2024-11-17 20:28:52,861 -                train: [    INFO] - Train: 551 [   0/520]  Loss: 1.119 (1.12)  Acc@1: 76.0417 (76.0417)  Acc@5: 95.8333 (95.8333)LR: 4.092e-04
2024-11-17 20:29:09,006 -                train: [    INFO] - Train: 551 [ 200/520]  Loss: 1.151 (1.11)  Acc@1: 79.1667 (77.2492)  Acc@5: 92.7083 (94.7295)LR: 4.092e-04
2024-11-17 20:29:25,340 -                train: [    INFO] - Train: 551 [ 400/520]  Loss: 1.064 (1.11)  Acc@1: 79.1667 (77.1301)  Acc@5: 96.8750 (94.8047)LR: 4.092e-04
2024-11-17 20:29:35,141 -                train: [    INFO] - Train: 551 [ 520/520]  Loss: 1.352 (1.12)  Acc@1: 71.2500 (76.9920)  Acc@5: 93.7500 (94.8240)LR: 4.092e-04
2024-11-17 20:29:35,657 -                train: [    INFO] - Valid: 551 [   0/104]  Loss: 0.6998 (0.700)  Acc@1: 82.2917 (82.2917)  Acc@5: 93.7500 (93.7500)
2024-11-17 20:29:37,364 -                train: [    INFO] - Valid: 551 [ 104/104]  Loss: 0.9334 (0.792)  Acc@1: 75.0000 (77.6000)  Acc@5: 100.0000 (95.7100)
2024-11-17 20:29:37,423 -                train: [    INFO] - valid_acc 77.600002 - best_valid_acc 78.070003
2024-11-17 20:29:37,977 -                train: [    INFO] - Train: 552 [   0/520]  Loss: 1.110 (1.11)  Acc@1: 81.2500 (81.2500)  Acc@5: 93.7500 (93.7500)LR: 3.927e-04
2024-11-17 20:29:54,636 -                train: [    INFO] - Train: 552 [ 200/520]  Loss: 1.110 (1.11)  Acc@1: 79.1667 (77.1352)  Acc@5: 96.8750 (94.9679)LR: 3.927e-04
2024-11-17 20:30:11,421 -                train: [    INFO] - Train: 552 [ 400/520]  Loss: 1.026 (1.11)  Acc@1: 81.2500 (77.0236)  Acc@5: 94.7917 (95.1112)LR: 3.927e-04
2024-11-17 20:30:21,555 -                train: [    INFO] - Train: 552 [ 520/520]  Loss: 1.083 (1.11)  Acc@1: 75.0000 (76.9880)  Acc@5: 95.0000 (95.0340)LR: 3.927e-04
2024-11-17 20:30:22,208 -                train: [    INFO] - Valid: 552 [   0/104]  Loss: 0.6914 (0.691)  Acc@1: 82.2917 (82.2917)  Acc@5: 93.7500 (93.7500)
2024-11-17 20:30:23,913 -                train: [    INFO] - Valid: 552 [ 104/104]  Loss: 0.9513 (0.788)  Acc@1: 75.0000 (77.7800)  Acc@5: 93.7500 (95.7000)
2024-11-17 20:30:23,978 -                train: [    INFO] - valid_acc 77.780002 - best_valid_acc 78.070003
2024-11-17 20:30:24,656 -                train: [    INFO] - Train: 553 [   0/520]  Loss: 1.011 (1.01)  Acc@1: 79.1667 (79.1667)  Acc@5: 96.8750 (96.8750)LR: 3.766e-04
2024-11-17 20:30:41,172 -                train: [    INFO] - Train: 553 [ 200/520]  Loss: 1.031 (1.09)  Acc@1: 81.2500 (77.5912)  Acc@5: 96.8750 (94.9938)LR: 3.766e-04
2024-11-17 20:30:57,603 -                train: [    INFO] - Train: 553 [ 400/520]  Loss: 1.126 (1.11)  Acc@1: 80.2083 (77.2730)  Acc@5: 92.7083 (94.9086)LR: 3.766e-04
2024-11-17 20:31:07,492 -                train: [    INFO] - Train: 553 [ 520/520]  Loss: 0.9126 (1.11)  Acc@1: 78.7500 (77.2700)  Acc@5: 96.2500 (94.8500)LR: 3.766e-04
2024-11-17 20:31:08,122 -                train: [    INFO] - Valid: 553 [   0/104]  Loss: 0.7050 (0.705)  Acc@1: 82.2917 (82.2917)  Acc@5: 93.7500 (93.7500)
2024-11-17 20:31:09,904 -                train: [    INFO] - Valid: 553 [ 104/104]  Loss: 0.9782 (0.783)  Acc@1: 75.0000 (78.0600)  Acc@5: 87.5000 (95.7100)
2024-11-17 20:31:09,964 -                train: [    INFO] - valid_acc 78.060003 - best_valid_acc 78.070003
2024-11-17 20:31:10,634 -                train: [    INFO] - Train: 554 [   0/520]  Loss: 1.065 (1.07)  Acc@1: 81.2500 (81.2500)  Acc@5: 95.8333 (95.8333)LR: 3.608e-04
2024-11-17 20:31:27,522 -                train: [    INFO] - Train: 554 [ 200/520]  Loss: 1.052 (1.11)  Acc@1: 78.1250 (77.0522)  Acc@5: 96.8750 (95.1596)LR: 3.608e-04
2024-11-17 20:31:43,596 -                train: [    INFO] - Train: 554 [ 400/520]  Loss: 1.366 (1.12)  Acc@1: 68.7500 (76.9690)  Acc@5: 90.6250 (94.9579)LR: 3.608e-04
2024-11-17 20:31:53,320 -                train: [    INFO] - Train: 554 [ 520/520]  Loss: 0.7809 (1.11)  Acc@1: 83.7500 (76.9800)  Acc@5: 97.5000 (94.9520)LR: 3.608e-04
2024-11-17 20:31:53,899 -                train: [    INFO] - Valid: 554 [   0/104]  Loss: 0.7134 (0.713)  Acc@1: 83.3333 (83.3333)  Acc@5: 93.7500 (93.7500)
2024-11-17 20:31:55,517 -                train: [    INFO] - Valid: 554 [ 104/104]  Loss: 1.027 (0.787)  Acc@1: 75.0000 (77.8400)  Acc@5: 93.7500 (95.5700)
2024-11-17 20:31:55,578 -                train: [    INFO] - valid_acc 77.840002 - best_valid_acc 78.070003
2024-11-17 20:31:56,241 -                train: [    INFO] - Train: 555 [   0/520]  Loss: 1.099 (1.10)  Acc@1: 78.1250 (78.1250)  Acc@5: 95.8333 (95.8333)LR: 3.454e-04
2024-11-17 20:32:12,576 -                train: [    INFO] - Train: 555 [ 200/520]  Loss: 1.038 (1.11)  Acc@1: 80.2083 (77.1766)  Acc@5: 95.8333 (94.8124)LR: 3.454e-04
2024-11-17 20:32:28,838 -                train: [    INFO] - Train: 555 [ 400/520]  Loss: 0.9603 (1.10)  Acc@1: 85.4167 (77.3197)  Acc@5: 95.8333 (94.9735)LR: 3.454e-04
2024-11-17 20:32:38,636 -                train: [    INFO] - Train: 555 [ 520/520]  Loss: 0.8559 (1.11)  Acc@1: 85.0000 (77.2080)  Acc@5: 97.5000 (94.9080)LR: 3.454e-04
2024-11-17 20:32:39,264 -                train: [    INFO] - Valid: 555 [   0/104]  Loss: 0.6993 (0.699)  Acc@1: 84.3750 (84.3750)  Acc@5: 93.7500 (93.7500)
2024-11-17 20:32:40,912 -                train: [    INFO] - Valid: 555 [ 104/104]  Loss: 0.9604 (0.782)  Acc@1: 75.0000 (78.0600)  Acc@5: 93.7500 (95.5100)
2024-11-17 20:32:40,975 -                train: [    INFO] - valid_acc 78.060002 - best_valid_acc 78.070003
2024-11-17 20:32:41,663 -                train: [    INFO] - Train: 556 [   0/520]  Loss: 1.295 (1.30)  Acc@1: 72.9167 (72.9167)  Acc@5: 90.6250 (90.6250)LR: 3.303e-04
2024-11-17 20:32:57,968 -                train: [    INFO] - Train: 556 [ 200/520]  Loss: 0.9377 (1.11)  Acc@1: 81.2500 (77.2025)  Acc@5: 95.8333 (94.8176)LR: 3.303e-04
2024-11-17 20:33:14,062 -                train: [    INFO] - Train: 556 [ 400/520]  Loss: 0.9281 (1.11)  Acc@1: 82.2917 (77.1457)  Acc@5: 96.8750 (94.8332)LR: 3.303e-04
2024-11-17 20:33:23,925 -                train: [    INFO] - Train: 556 [ 520/520]  Loss: 1.404 (1.12)  Acc@1: 73.7500 (76.9960)  Acc@5: 93.7500 (94.7960)LR: 3.303e-04
2024-11-17 20:33:24,448 -                train: [    INFO] - Valid: 556 [   0/104]  Loss: 0.6948 (0.695)  Acc@1: 83.3333 (83.3333)  Acc@5: 93.7500 (93.7500)
2024-11-17 20:33:26,055 -                train: [    INFO] - Valid: 556 [ 104/104]  Loss: 0.9897 (0.785)  Acc@1: 75.0000 (77.9000)  Acc@5: 93.7500 (95.5100)
2024-11-17 20:33:26,115 -                train: [    INFO] - valid_acc 77.900003 - best_valid_acc 78.070003
2024-11-17 20:33:26,685 -                train: [    INFO] - Train: 557 [   0/520]  Loss: 0.9617 (0.962)  Acc@1: 80.2083 (80.2083)  Acc@5: 96.8750 (96.8750)LR: 3.155e-04
2024-11-17 20:33:42,921 -                train: [    INFO] - Train: 557 [ 200/520]  Loss: 0.7342 (1.11)  Acc@1: 85.4167 (76.9175)  Acc@5: 98.9583 (94.9575)LR: 3.155e-04
2024-11-17 20:33:59,363 -                train: [    INFO] - Train: 557 [ 400/520]  Loss: 1.098 (1.10)  Acc@1: 79.1667 (77.3145)  Acc@5: 95.8333 (95.0281)LR: 3.155e-04
2024-11-17 20:34:09,318 -                train: [    INFO] - Train: 557 [ 520/520]  Loss: 1.429 (1.10)  Acc@1: 72.5000 (77.1040)  Acc@5: 91.2500 (95.0600)LR: 3.155e-04
2024-11-17 20:34:09,932 -                train: [    INFO] - Valid: 557 [   0/104]  Loss: 0.6956 (0.696)  Acc@1: 83.3333 (83.3333)  Acc@5: 94.7917 (94.7917)
2024-11-17 20:34:11,642 -                train: [    INFO] - Valid: 557 [ 104/104]  Loss: 1.017 (0.787)  Acc@1: 75.0000 (78.1200)  Acc@5: 93.7500 (95.4500)
2024-11-17 20:34:11,768 -                train: [    INFO] - valid_acc 78.120002 - best_valid_acc 78.120002
2024-11-17 20:34:12,423 -                train: [    INFO] - Train: 558 [   0/520]  Loss: 1.203 (1.20)  Acc@1: 77.0833 (77.0833)  Acc@5: 90.6250 (90.6250)LR: 3.010e-04
2024-11-17 20:34:28,989 -                train: [    INFO] - Train: 558 [ 200/520]  Loss: 0.8867 (1.12)  Acc@1: 82.2917 (76.9382)  Acc@5: 96.8750 (94.9886)LR: 3.010e-04
2024-11-17 20:34:45,130 -                train: [    INFO] - Train: 558 [ 400/520]  Loss: 1.298 (1.12)  Acc@1: 69.7917 (77.0600)  Acc@5: 92.7083 (94.9761)LR: 3.010e-04
2024-11-17 20:34:54,868 -                train: [    INFO] - Train: 558 [ 520/520]  Loss: 1.044 (1.11)  Acc@1: 78.7500 (77.1380)  Acc@5: 96.2500 (95.0220)LR: 3.010e-04
2024-11-17 20:34:55,350 -                train: [    INFO] - Valid: 558 [   0/104]  Loss: 0.7315 (0.732)  Acc@1: 83.3333 (83.3333)  Acc@5: 93.7500 (93.7500)
2024-11-17 20:34:57,132 -                train: [    INFO] - Valid: 558 [ 104/104]  Loss: 0.9614 (0.787)  Acc@1: 75.0000 (77.7600)  Acc@5: 100.0000 (95.5800)
2024-11-17 20:34:57,187 -                train: [    INFO] - valid_acc 77.760002 - best_valid_acc 78.120002
2024-11-17 20:34:57,889 -                train: [    INFO] - Train: 559 [   0/520]  Loss: 0.9662 (0.966)  Acc@1: 83.3333 (83.3333)  Acc@5: 95.8333 (95.8333)LR: 2.869e-04
2024-11-17 20:35:14,584 -                train: [    INFO] - Train: 559 [ 200/520]  Loss: 1.245 (1.10)  Acc@1: 75.0000 (77.5498)  Acc@5: 92.7083 (95.1648)LR: 2.869e-04
2024-11-17 20:35:31,008 -                train: [    INFO] - Train: 559 [ 400/520]  Loss: 1.028 (1.11)  Acc@1: 81.2500 (77.2392)  Acc@5: 96.8750 (94.9969)LR: 2.869e-04
2024-11-17 20:35:40,911 -                train: [    INFO] - Train: 559 [ 520/520]  Loss: 1.183 (1.11)  Acc@1: 76.2500 (77.2140)  Acc@5: 92.5000 (94.9440)LR: 2.869e-04
2024-11-17 20:35:41,600 -                train: [    INFO] - Valid: 559 [   0/104]  Loss: 0.7196 (0.720)  Acc@1: 83.3333 (83.3333)  Acc@5: 94.7917 (94.7917)
2024-11-17 20:35:43,215 -                train: [    INFO] - Valid: 559 [ 104/104]  Loss: 1.008 (0.782)  Acc@1: 75.0000 (78.0400)  Acc@5: 87.5000 (95.5200)
2024-11-17 20:35:43,276 -                train: [    INFO] - valid_acc 78.040002 - best_valid_acc 78.120002
2024-11-17 20:35:43,910 -                train: [    INFO] - Train: 560 [   0/520]  Loss: 1.078 (1.08)  Acc@1: 75.0000 (75.0000)  Acc@5: 96.8750 (96.8750)LR: 2.732e-04
2024-11-17 20:36:00,636 -                train: [    INFO] - Train: 560 [ 200/520]  Loss: 0.9832 (1.12)  Acc@1: 82.2917 (76.8916)  Acc@5: 94.7917 (94.9679)LR: 2.732e-04
2024-11-17 20:36:17,381 -                train: [    INFO] - Train: 560 [ 400/520]  Loss: 1.023 (1.11)  Acc@1: 80.2083 (77.1093)  Acc@5: 95.8333 (94.9371)LR: 2.732e-04
2024-11-17 20:36:27,461 -                train: [    INFO] - Train: 560 [ 520/520]  Loss: 1.416 (1.11)  Acc@1: 70.0000 (77.1300)  Acc@5: 91.2500 (94.9060)LR: 2.732e-04
2024-11-17 20:36:28,138 -                train: [    INFO] - Valid: 560 [   0/104]  Loss: 0.7278 (0.728)  Acc@1: 83.3333 (83.3333)  Acc@5: 93.7500 (93.7500)
2024-11-17 20:36:29,846 -                train: [    INFO] - Valid: 560 [ 104/104]  Loss: 1.012 (0.780)  Acc@1: 75.0000 (78.0700)  Acc@5: 93.7500 (95.5300)
2024-11-17 20:36:29,912 -                train: [    INFO] - valid_acc 78.070003 - best_valid_acc 78.120002
2024-11-17 20:36:30,586 -                train: [    INFO] - Train: 561 [   0/520]  Loss: 1.160 (1.16)  Acc@1: 75.0000 (75.0000)  Acc@5: 91.6667 (91.6667)LR: 2.597e-04
2024-11-17 20:36:47,380 -                train: [    INFO] - Train: 561 [ 200/520]  Loss: 1.099 (1.11)  Acc@1: 80.2083 (77.3632)  Acc@5: 94.7917 (94.8487)LR: 2.597e-04
2024-11-17 20:37:03,627 -                train: [    INFO] - Train: 561 [ 400/520]  Loss: 1.068 (1.11)  Acc@1: 79.1667 (77.0911)  Acc@5: 93.7500 (94.8228)LR: 2.597e-04
2024-11-17 20:37:13,580 -                train: [    INFO] - Train: 561 [ 520/520]  Loss: 1.393 (1.11)  Acc@1: 71.2500 (77.0580)  Acc@5: 92.5000 (94.8120)LR: 2.597e-04
2024-11-17 20:37:14,244 -                train: [    INFO] - Valid: 561 [   0/104]  Loss: 0.7185 (0.718)  Acc@1: 82.2917 (82.2917)  Acc@5: 93.7500 (93.7500)
2024-11-17 20:37:15,988 -                train: [    INFO] - Valid: 561 [ 104/104]  Loss: 1.026 (0.782)  Acc@1: 75.0000 (77.8100)  Acc@5: 93.7500 (95.6800)
2024-11-17 20:37:16,052 -                train: [    INFO] - valid_acc 77.810003 - best_valid_acc 78.120002
2024-11-17 20:37:16,734 -                train: [    INFO] - Train: 562 [   0/520]  Loss: 1.110 (1.11)  Acc@1: 80.2083 (80.2083)  Acc@5: 93.7500 (93.7500)LR: 2.466e-04
2024-11-17 20:37:33,225 -                train: [    INFO] - Train: 562 [ 200/520]  Loss: 1.064 (1.10)  Acc@1: 78.1250 (77.4565)  Acc@5: 95.8333 (94.8072)LR: 2.466e-04
2024-11-17 20:37:49,745 -                train: [    INFO] - Train: 562 [ 400/520]  Loss: 1.338 (1.11)  Acc@1: 75.0000 (77.3483)  Acc@5: 93.7500 (94.8021)LR: 2.466e-04
2024-11-17 20:37:59,627 -                train: [    INFO] - Train: 562 [ 520/520]  Loss: 1.529 (1.11)  Acc@1: 71.2500 (77.3820)  Acc@5: 91.2500 (94.9040)LR: 2.466e-04
2024-11-17 20:38:00,283 -                train: [    INFO] - Valid: 562 [   0/104]  Loss: 0.7088 (0.709)  Acc@1: 84.3750 (84.3750)  Acc@5: 93.7500 (93.7500)
2024-11-17 20:38:02,131 -                train: [    INFO] - Valid: 562 [ 104/104]  Loss: 0.9560 (0.785)  Acc@1: 75.0000 (78.0000)  Acc@5: 100.0000 (95.6200)
2024-11-17 20:38:02,193 -                train: [    INFO] - valid_acc 78.000002 - best_valid_acc 78.120002
2024-11-17 20:38:02,775 -                train: [    INFO] - Train: 563 [   0/520]  Loss: 1.188 (1.19)  Acc@1: 79.1667 (79.1667)  Acc@5: 93.7500 (93.7500)LR: 2.338e-04
2024-11-17 20:38:19,244 -                train: [    INFO] - Train: 563 [ 200/520]  Loss: 0.9490 (1.10)  Acc@1: 81.2500 (77.6586)  Acc@5: 96.8750 (94.9420)LR: 2.338e-04
2024-11-17 20:38:35,381 -                train: [    INFO] - Train: 563 [ 400/520]  Loss: 1.034 (1.11)  Acc@1: 80.2083 (77.2444)  Acc@5: 97.9167 (94.9293)LR: 2.338e-04
2024-11-17 20:38:45,340 -                train: [    INFO] - Train: 563 [ 520/520]  Loss: 0.8581 (1.11)  Acc@1: 87.5000 (77.2580)  Acc@5: 98.7500 (94.9320)LR: 2.338e-04
2024-11-17 20:38:45,976 -                train: [    INFO] - Valid: 563 [   0/104]  Loss: 0.7084 (0.708)  Acc@1: 83.3333 (83.3333)  Acc@5: 93.7500 (93.7500)
2024-11-17 20:38:47,678 -                train: [    INFO] - Valid: 563 [ 104/104]  Loss: 1.072 (0.780)  Acc@1: 75.0000 (78.1400)  Acc@5: 93.7500 (95.6500)
2024-11-17 20:38:47,803 -                train: [    INFO] - valid_acc 78.140002 - best_valid_acc 78.140002
2024-11-17 20:38:48,499 -                train: [    INFO] - Train: 564 [   0/520]  Loss: 1.146 (1.15)  Acc@1: 72.9167 (72.9167)  Acc@5: 95.8333 (95.8333)LR: 2.214e-04
2024-11-17 20:39:04,770 -                train: [    INFO] - Train: 564 [ 200/520]  Loss: 1.211 (1.10)  Acc@1: 75.0000 (77.7000)  Acc@5: 94.7917 (95.0404)LR: 2.214e-04
2024-11-17 20:39:20,953 -                train: [    INFO] - Train: 564 [ 400/520]  Loss: 1.117 (1.11)  Acc@1: 77.0833 (77.2574)  Acc@5: 94.7917 (94.7735)LR: 2.214e-04
2024-11-17 20:39:30,649 -                train: [    INFO] - Train: 564 [ 520/520]  Loss: 0.7639 (1.11)  Acc@1: 87.5000 (77.1700)  Acc@5: 98.7500 (94.7660)LR: 2.214e-04
2024-11-17 20:39:31,230 -                train: [    INFO] - Valid: 564 [   0/104]  Loss: 0.7260 (0.726)  Acc@1: 84.3750 (84.3750)  Acc@5: 94.7917 (94.7917)
2024-11-17 20:39:32,998 -                train: [    INFO] - Valid: 564 [ 104/104]  Loss: 1.077 (0.783)  Acc@1: 75.0000 (78.0000)  Acc@5: 93.7500 (95.6300)
2024-11-17 20:39:33,060 -                train: [    INFO] - valid_acc 78.000002 - best_valid_acc 78.140002
2024-11-17 20:39:33,714 -                train: [    INFO] - Train: 565 [   0/520]  Loss: 1.218 (1.22)  Acc@1: 73.9583 (73.9583)  Acc@5: 94.7917 (94.7917)LR: 2.093e-04
2024-11-17 20:39:50,565 -                train: [    INFO] - Train: 565 [ 200/520]  Loss: 1.061 (1.11)  Acc@1: 76.0417 (76.9641)  Acc@5: 94.7917 (94.8020)LR: 2.093e-04
2024-11-17 20:40:06,679 -                train: [    INFO] - Train: 565 [ 400/520]  Loss: 1.133 (1.11)  Acc@1: 75.0000 (77.2288)  Acc@5: 93.7500 (94.8332)LR: 2.093e-04
2024-11-17 20:40:16,454 -                train: [    INFO] - Train: 565 [ 520/520]  Loss: 1.033 (1.11)  Acc@1: 76.2500 (77.3680)  Acc@5: 92.5000 (94.7900)LR: 2.093e-04
2024-11-17 20:40:17,141 -                train: [    INFO] - Valid: 565 [   0/104]  Loss: 0.7253 (0.725)  Acc@1: 84.3750 (84.3750)  Acc@5: 93.7500 (93.7500)
2024-11-17 20:40:18,871 -                train: [    INFO] - Valid: 565 [ 104/104]  Loss: 1.090 (0.781)  Acc@1: 75.0000 (78.2900)  Acc@5: 87.5000 (95.6700)
2024-11-17 20:40:18,994 -                train: [    INFO] - valid_acc 78.290002 - best_valid_acc 78.290002
2024-11-17 20:40:19,629 -                train: [    INFO] - Train: 566 [   0/520]  Loss: 1.201 (1.20)  Acc@1: 68.7500 (68.7500)  Acc@5: 94.7917 (94.7917)LR: 1.976e-04
2024-11-17 20:40:35,657 -                train: [    INFO] - Train: 566 [ 200/520]  Loss: 1.210 (1.11)  Acc@1: 77.0833 (77.6171)  Acc@5: 93.7500 (94.7191)LR: 1.976e-04
2024-11-17 20:40:51,623 -                train: [    INFO] - Train: 566 [ 400/520]  Loss: 1.307 (1.12)  Acc@1: 68.7500 (77.3431)  Acc@5: 93.7500 (94.7085)LR: 1.976e-04
2024-11-17 20:41:01,366 -                train: [    INFO] - Train: 566 [ 520/520]  Loss: 1.100 (1.12)  Acc@1: 75.0000 (77.2340)  Acc@5: 95.0000 (94.7400)LR: 1.976e-04
2024-11-17 20:41:02,063 -                train: [    INFO] - Valid: 566 [   0/104]  Loss: 0.7039 (0.704)  Acc@1: 82.2917 (82.2917)  Acc@5: 94.7917 (94.7917)
2024-11-17 20:41:03,904 -                train: [    INFO] - Valid: 566 [ 104/104]  Loss: 1.029 (0.781)  Acc@1: 75.0000 (77.8700)  Acc@5: 93.7500 (95.6700)
2024-11-17 20:41:03,966 -                train: [    INFO] - valid_acc 77.870002 - best_valid_acc 78.290002
2024-11-17 20:41:04,541 -                train: [    INFO] - Train: 567 [   0/520]  Loss: 0.9397 (0.940)  Acc@1: 80.2083 (80.2083)  Acc@5: 95.8333 (95.8333)LR: 1.861e-04
2024-11-17 20:41:20,745 -                train: [    INFO] - Train: 567 [ 200/520]  Loss: 1.329 (1.11)  Acc@1: 71.8750 (77.3269)  Acc@5: 94.7917 (94.9731)LR: 1.861e-04
2024-11-17 20:41:37,057 -                train: [    INFO] - Train: 567 [ 400/520]  Loss: 1.038 (1.11)  Acc@1: 79.1667 (77.2288)  Acc@5: 93.7500 (94.8930)LR: 1.861e-04
2024-11-17 20:41:46,763 -                train: [    INFO] - Train: 567 [ 520/520]  Loss: 1.096 (1.12)  Acc@1: 76.2500 (76.9540)  Acc@5: 93.7500 (94.8180)LR: 1.861e-04
2024-11-17 20:41:47,361 -                train: [    INFO] - Valid: 567 [   0/104]  Loss: 0.7121 (0.712)  Acc@1: 84.3750 (84.3750)  Acc@5: 93.7500 (93.7500)
2024-11-17 20:41:49,081 -                train: [    INFO] - Valid: 567 [ 104/104]  Loss: 1.002 (0.782)  Acc@1: 75.0000 (78.2300)  Acc@5: 93.7500 (95.6500)
2024-11-17 20:41:49,141 -                train: [    INFO] - valid_acc 78.230002 - best_valid_acc 78.290002
2024-11-17 20:41:49,691 -                train: [    INFO] - Train: 568 [   0/520]  Loss: 1.172 (1.17)  Acc@1: 79.1667 (79.1667)  Acc@5: 96.8750 (96.8750)LR: 1.750e-04
2024-11-17 20:42:06,128 -                train: [    INFO] - Train: 568 [ 200/520]  Loss: 1.327 (1.11)  Acc@1: 70.8333 (77.1403)  Acc@5: 93.7500 (94.8176)LR: 1.750e-04
2024-11-17 20:42:22,164 -                train: [    INFO] - Train: 568 [ 400/520]  Loss: 0.8136 (1.12)  Acc@1: 87.5000 (77.1301)  Acc@5: 98.9583 (94.8202)LR: 1.750e-04
2024-11-17 20:42:31,886 -                train: [    INFO] - Train: 568 [ 520/520]  Loss: 1.172 (1.12)  Acc@1: 82.5000 (77.1060)  Acc@5: 95.0000 (94.8260)LR: 1.750e-04
2024-11-17 20:42:32,524 -                train: [    INFO] - Valid: 568 [   0/104]  Loss: 0.7072 (0.707)  Acc@1: 84.3750 (84.3750)  Acc@5: 93.7500 (93.7500)
2024-11-17 20:42:34,321 -                train: [    INFO] - Valid: 568 [ 104/104]  Loss: 1.005 (0.778)  Acc@1: 75.0000 (78.3100)  Acc@5: 93.7500 (95.7600)
2024-11-17 20:42:34,435 -                train: [    INFO] - valid_acc 78.310003 - best_valid_acc 78.310003
2024-11-17 20:42:35,093 -                train: [    INFO] - Train: 569 [   0/520]  Loss: 1.252 (1.25)  Acc@1: 71.8750 (71.8750)  Acc@5: 94.7917 (94.7917)LR: 1.643e-04
2024-11-17 20:42:48,483 -                train: [    INFO] - Train: 569 [ 200/520]  Loss: 1.055 (1.11)  Acc@1: 76.0417 (77.2440)  Acc@5: 95.8333 (94.6828)LR: 1.643e-04
2024-11-17 20:43:02,225 -                train: [    INFO] - Train: 569 [ 400/520]  Loss: 1.387 (1.10)  Acc@1: 71.8750 (77.3769)  Acc@5: 88.5417 (94.8956)LR: 1.643e-04
2024-11-17 20:43:10,108 -                train: [    INFO] - Train: 569 [ 520/520]  Loss: 1.201 (1.10)  Acc@1: 81.2500 (77.3820)  Acc@5: 95.0000 (94.8680)LR: 1.643e-04
2024-11-17 20:43:10,733 -                train: [    INFO] - Valid: 569 [   0/104]  Loss: 0.7132 (0.713)  Acc@1: 83.3333 (83.3333)  Acc@5: 93.7500 (93.7500)
2024-11-17 20:43:12,208 -                train: [    INFO] - Valid: 569 [ 104/104]  Loss: 1.042 (0.785)  Acc@1: 75.0000 (78.0200)  Acc@5: 93.7500 (95.6000)
2024-11-17 20:43:12,266 -                train: [    INFO] - valid_acc 78.020003 - best_valid_acc 78.310003
2024-11-17 20:43:12,912 -                train: [    INFO] - Train: 570 [   0/520]  Loss: 0.9885 (0.988)  Acc@1: 82.2917 (82.2917)  Acc@5: 95.8333 (95.8333)LR: 1.539e-04
2024-11-17 20:43:25,615 -                train: [    INFO] - Train: 570 [ 200/520]  Loss: 1.323 (1.12)  Acc@1: 73.9583 (77.1507)  Acc@5: 90.6250 (94.7295)LR: 1.539e-04
2024-11-17 20:43:38,424 -                train: [    INFO] - Train: 570 [ 400/520]  Loss: 1.274 (1.11)  Acc@1: 77.0833 (77.2937)  Acc@5: 96.8750 (94.7657)LR: 1.539e-04
2024-11-17 20:43:45,847 -                train: [    INFO] - Train: 570 [ 520/520]  Loss: 0.9915 (1.11)  Acc@1: 76.2500 (77.2280)  Acc@5: 98.7500 (94.7640)LR: 1.539e-04
2024-11-17 20:43:46,402 -                train: [    INFO] - Valid: 570 [   0/104]  Loss: 0.7296 (0.730)  Acc@1: 82.2917 (82.2917)  Acc@5: 94.7917 (94.7917)
2024-11-17 20:43:47,834 -                train: [    INFO] - Valid: 570 [ 104/104]  Loss: 1.044 (0.781)  Acc@1: 75.0000 (78.0300)  Acc@5: 93.7500 (95.7100)
2024-11-17 20:43:47,900 -                train: [    INFO] - valid_acc 78.030002 - best_valid_acc 78.310003
2024-11-17 20:43:48,538 -                train: [    INFO] - Train: 571 [   0/520]  Loss: 0.9933 (0.993)  Acc@1: 79.1667 (79.1667)  Acc@5: 94.7917 (94.7917)LR: 1.438e-04
2024-11-17 20:44:02,486 -                train: [    INFO] - Train: 571 [ 200/520]  Loss: 1.141 (1.12)  Acc@1: 81.2500 (77.0937)  Acc@5: 96.8750 (94.6569)LR: 1.438e-04
2024-11-17 20:44:15,670 -                train: [    INFO] - Train: 571 [ 400/520]  Loss: 1.028 (1.11)  Acc@1: 79.1667 (77.1561)  Acc@5: 93.7500 (94.6644)LR: 1.438e-04
2024-11-17 20:44:23,473 -                train: [    INFO] - Train: 571 [ 520/520]  Loss: 1.289 (1.11)  Acc@1: 68.7500 (77.1580)  Acc@5: 95.0000 (94.6860)LR: 1.438e-04
2024-11-17 20:44:24,021 -                train: [    INFO] - Valid: 571 [   0/104]  Loss: 0.7340 (0.734)  Acc@1: 83.3333 (83.3333)  Acc@5: 94.7917 (94.7917)
2024-11-17 20:44:25,515 -                train: [    INFO] - Valid: 571 [ 104/104]  Loss: 1.108 (0.789)  Acc@1: 75.0000 (78.2000)  Acc@5: 87.5000 (95.5800)
2024-11-17 20:44:25,575 -                train: [    INFO] - valid_acc 78.200003 - best_valid_acc 78.310003
2024-11-17 20:44:26,085 -                train: [    INFO] - Train: 572 [   0/520]  Loss: 1.084 (1.08)  Acc@1: 77.0833 (77.0833)  Acc@5: 96.8750 (96.8750)LR: 1.341e-04
2024-11-17 20:44:38,918 -                train: [    INFO] - Train: 572 [ 200/520]  Loss: 1.122 (1.12)  Acc@1: 75.0000 (77.0626)  Acc@5: 94.7917 (94.9523)LR: 1.341e-04
2024-11-17 20:44:52,551 -                train: [    INFO] - Train: 572 [ 400/520]  Loss: 1.274 (1.11)  Acc@1: 76.0417 (77.1717)  Acc@5: 92.7083 (94.8930)LR: 1.341e-04
2024-11-17 20:45:00,643 -                train: [    INFO] - Train: 572 [ 520/520]  Loss: 1.270 (1.11)  Acc@1: 65.0000 (77.0160)  Acc@5: 93.7500 (94.9320)LR: 1.341e-04
2024-11-17 20:45:01,138 -                train: [    INFO] - Valid: 572 [   0/104]  Loss: 0.7275 (0.728)  Acc@1: 81.2500 (81.2500)  Acc@5: 94.7917 (94.7917)
2024-11-17 20:45:02,724 -                train: [    INFO] - Valid: 572 [ 104/104]  Loss: 1.102 (0.782)  Acc@1: 75.0000 (78.1700)  Acc@5: 87.5000 (95.6600)
2024-11-17 20:45:02,784 -                train: [    INFO] - valid_acc 78.170003 - best_valid_acc 78.310003
2024-11-17 20:45:03,326 -                train: [    INFO] - Train: 573 [   0/520]  Loss: 1.073 (1.07)  Acc@1: 80.2083 (80.2083)  Acc@5: 94.7917 (94.7917)LR: 1.247e-04
2024-11-17 20:45:16,949 -                train: [    INFO] - Train: 573 [ 200/520]  Loss: 1.363 (1.11)  Acc@1: 73.9583 (77.1818)  Acc@5: 93.7500 (94.6932)LR: 1.247e-04
2024-11-17 20:45:30,511 -                train: [    INFO] - Train: 573 [ 400/520]  Loss: 1.305 (1.11)  Acc@1: 75.0000 (77.2392)  Acc@5: 89.5833 (94.7631)LR: 1.247e-04
2024-11-17 20:45:38,333 -                train: [    INFO] - Train: 573 [ 520/520]  Loss: 1.528 (1.11)  Acc@1: 71.2500 (77.2840)  Acc@5: 88.7500 (94.7860)LR: 1.247e-04
2024-11-17 20:45:38,894 -                train: [    INFO] - Valid: 573 [   0/104]  Loss: 0.7220 (0.722)  Acc@1: 81.2500 (81.2500)  Acc@5: 94.7917 (94.7917)
2024-11-17 20:45:40,484 -                train: [    INFO] - Valid: 573 [ 104/104]  Loss: 1.030 (0.783)  Acc@1: 75.0000 (78.0700)  Acc@5: 87.5000 (95.6400)
2024-11-17 20:45:40,550 -                train: [    INFO] - valid_acc 78.070003 - best_valid_acc 78.310003
2024-11-17 20:45:41,222 -                train: [    INFO] - Train: 574 [   0/520]  Loss: 1.053 (1.05)  Acc@1: 78.1250 (78.1250)  Acc@5: 94.7917 (94.7917)LR: 1.157e-04
2024-11-17 20:45:54,782 -                train: [    INFO] - Train: 574 [ 200/520]  Loss: 1.095 (1.12)  Acc@1: 77.0833 (76.9071)  Acc@5: 95.8333 (94.7917)LR: 1.157e-04
2024-11-17 20:46:09,152 -                train: [    INFO] - Train: 574 [ 400/520]  Loss: 0.9266 (1.12)  Acc@1: 81.2500 (76.9794)  Acc@5: 97.9167 (94.6904)LR: 1.157e-04
2024-11-17 20:46:17,374 -                train: [    INFO] - Train: 574 [ 520/520]  Loss: 1.057 (1.12)  Acc@1: 78.7500 (77.0580)  Acc@5: 97.5000 (94.7060)LR: 1.157e-04
2024-11-17 20:46:17,954 -                train: [    INFO] - Valid: 574 [   0/104]  Loss: 0.7151 (0.715)  Acc@1: 83.3333 (83.3333)  Acc@5: 94.7917 (94.7917)
2024-11-17 20:46:19,589 -                train: [    INFO] - Valid: 574 [ 104/104]  Loss: 1.034 (0.782)  Acc@1: 75.0000 (78.4000)  Acc@5: 87.5000 (95.5900)
2024-11-17 20:46:19,665 -                train: [    INFO] - valid_acc 78.400002 - best_valid_acc 78.400002
2024-11-17 20:46:20,339 -                train: [    INFO] - Train: 575 [   0/520]  Loss: 1.032 (1.03)  Acc@1: 78.1250 (78.1250)  Acc@5: 92.7083 (92.7083)LR: 1.069e-04
2024-11-17 20:46:33,860 -                train: [    INFO] - Train: 575 [ 200/520]  Loss: 0.9758 (1.11)  Acc@1: 80.2083 (77.4772)  Acc@5: 94.7917 (94.9420)LR: 1.069e-04
2024-11-17 20:46:47,454 -                train: [    INFO] - Train: 575 [ 400/520]  Loss: 0.8054 (1.11)  Acc@1: 88.5417 (77.4003)  Acc@5: 98.9583 (94.8956)LR: 1.069e-04
2024-11-17 20:46:54,925 -                train: [    INFO] - Train: 575 [ 520/520]  Loss: 0.9542 (1.11)  Acc@1: 81.2500 (77.2520)  Acc@5: 97.5000 (94.8960)LR: 1.069e-04
2024-11-17 20:46:55,580 -                train: [    INFO] - Valid: 575 [   0/104]  Loss: 0.7081 (0.708)  Acc@1: 83.3333 (83.3333)  Acc@5: 94.7917 (94.7917)
2024-11-17 20:46:57,180 -                train: [    INFO] - Valid: 575 [ 104/104]  Loss: 0.9958 (0.784)  Acc@1: 75.0000 (78.0100)  Acc@5: 100.0000 (95.5400)
2024-11-17 20:46:57,242 -                train: [    INFO] - valid_acc 78.010002 - best_valid_acc 78.400002
2024-11-17 20:46:57,871 -                train: [    INFO] - Train: 576 [   0/520]  Loss: 1.033 (1.03)  Acc@1: 77.0833 (77.0833)  Acc@5: 94.7917 (94.7917)LR: 9.857e-05
2024-11-17 20:47:10,307 -                train: [    INFO] - Train: 576 [ 200/520]  Loss: 1.095 (1.11)  Acc@1: 78.1250 (77.2855)  Acc@5: 95.8333 (94.7554)LR: 9.857e-05
2024-11-17 20:47:22,673 -                train: [    INFO] - Train: 576 [ 400/520]  Loss: 1.024 (1.11)  Acc@1: 80.2083 (77.4392)  Acc@5: 95.8333 (94.9371)LR: 9.857e-05
2024-11-17 20:47:30,209 -                train: [    INFO] - Train: 576 [ 520/520]  Loss: 0.8792 (1.11)  Acc@1: 77.5000 (77.3540)  Acc@5: 95.0000 (94.8640)LR: 9.857e-05
2024-11-17 20:47:30,804 -                train: [    INFO] - Valid: 576 [   0/104]  Loss: 0.7192 (0.719)  Acc@1: 83.3333 (83.3333)  Acc@5: 94.7917 (94.7917)
2024-11-17 20:47:32,384 -                train: [    INFO] - Valid: 576 [ 104/104]  Loss: 1.059 (0.782)  Acc@1: 75.0000 (78.1300)  Acc@5: 87.5000 (95.5900)
2024-11-17 20:47:32,443 -                train: [    INFO] - valid_acc 78.130003 - best_valid_acc 78.400002
2024-11-17 20:47:33,107 -                train: [    INFO] - Train: 577 [   0/520]  Loss: 1.033 (1.03)  Acc@1: 79.1667 (79.1667)  Acc@5: 94.7917 (94.7917)LR: 9.053e-05
2024-11-17 20:47:46,993 -                train: [    INFO] - Train: 577 [ 200/520]  Loss: 1.333 (1.11)  Acc@1: 72.9167 (77.3891)  Acc@5: 94.7917 (94.9731)LR: 9.053e-05
2024-11-17 20:48:00,116 -                train: [    INFO] - Train: 577 [ 400/520]  Loss: 1.399 (1.11)  Acc@1: 65.6250 (77.2158)  Acc@5: 93.7500 (94.9319)LR: 9.053e-05
2024-11-17 20:48:07,673 -                train: [    INFO] - Train: 577 [ 520/520]  Loss: 1.142 (1.11)  Acc@1: 81.2500 (77.1560)  Acc@5: 93.7500 (94.9640)LR: 9.053e-05
2024-11-17 20:48:08,337 -                train: [    INFO] - Valid: 577 [   0/104]  Loss: 0.6926 (0.693)  Acc@1: 83.3333 (83.3333)  Acc@5: 94.7917 (94.7917)
2024-11-17 20:48:09,987 -                train: [    INFO] - Valid: 577 [ 104/104]  Loss: 1.062 (0.780)  Acc@1: 75.0000 (78.0600)  Acc@5: 93.7500 (95.6800)
2024-11-17 20:48:10,047 -                train: [    INFO] - valid_acc 78.060003 - best_valid_acc 78.400002
2024-11-17 20:48:10,707 -                train: [    INFO] - Train: 578 [   0/520]  Loss: 1.055 (1.06)  Acc@1: 79.1667 (79.1667)  Acc@5: 94.7917 (94.7917)LR: 8.284e-05
2024-11-17 20:48:23,720 -                train: [    INFO] - Train: 578 [ 200/520]  Loss: 1.008 (1.12)  Acc@1: 71.8750 (77.1455)  Acc@5: 95.8333 (94.6621)LR: 8.284e-05
2024-11-17 20:48:36,270 -                train: [    INFO] - Train: 578 [ 400/520]  Loss: 1.032 (1.12)  Acc@1: 76.0417 (77.2132)  Acc@5: 95.8333 (94.7501)LR: 8.284e-05
2024-11-17 20:48:43,704 -                train: [    INFO] - Train: 578 [ 520/520]  Loss: 1.093 (1.12)  Acc@1: 81.2500 (77.2200)  Acc@5: 93.7500 (94.7080)LR: 8.284e-05
2024-11-17 20:48:44,354 -                train: [    INFO] - Valid: 578 [   0/104]  Loss: 0.7098 (0.710)  Acc@1: 83.3333 (83.3333)  Acc@5: 94.7917 (94.7917)
2024-11-17 20:48:45,947 -                train: [    INFO] - Valid: 578 [ 104/104]  Loss: 1.066 (0.784)  Acc@1: 75.0000 (77.9900)  Acc@5: 87.5000 (95.6700)
2024-11-17 20:48:46,008 -                train: [    INFO] - valid_acc 77.990003 - best_valid_acc 78.400002
2024-11-17 20:48:46,669 -                train: [    INFO] - Train: 579 [   0/520]  Loss: 1.146 (1.15)  Acc@1: 76.0417 (76.0417)  Acc@5: 92.7083 (92.7083)LR: 7.549e-05
2024-11-17 20:49:00,136 -                train: [    INFO] - Train: 579 [ 200/520]  Loss: 1.044 (1.12)  Acc@1: 82.2917 (77.1507)  Acc@5: 97.9167 (94.6258)LR: 7.549e-05
2024-11-17 20:49:12,945 -                train: [    INFO] - Train: 579 [ 400/520]  Loss: 1.108 (1.11)  Acc@1: 84.3750 (77.2522)  Acc@5: 93.7500 (94.9008)LR: 7.549e-05
2024-11-17 20:49:20,454 -                train: [    INFO] - Train: 579 [ 520/520]  Loss: 1.060 (1.11)  Acc@1: 83.7500 (77.2840)  Acc@5: 96.2500 (94.8360)LR: 7.549e-05
2024-11-17 20:49:20,974 -                train: [    INFO] - Valid: 579 [   0/104]  Loss: 0.7186 (0.719)  Acc@1: 83.3333 (83.3333)  Acc@5: 94.7917 (94.7917)
2024-11-17 20:49:22,707 -                train: [    INFO] - Valid: 579 [ 104/104]  Loss: 1.055 (0.780)  Acc@1: 75.0000 (78.1200)  Acc@5: 93.7500 (95.6700)
2024-11-17 20:49:22,768 -                train: [    INFO] - valid_acc 78.120002 - best_valid_acc 78.400002
2024-11-17 20:49:23,253 -                train: [    INFO] - Train: 580 [   0/520]  Loss: 1.087 (1.09)  Acc@1: 76.0417 (76.0417)  Acc@5: 96.8750 (96.8750)LR: 6.848e-05
2024-11-17 20:49:36,314 -                train: [    INFO] - Train: 580 [ 200/520]  Loss: 0.9291 (1.11)  Acc@1: 83.3333 (77.4150)  Acc@5: 93.7500 (94.9627)LR: 6.848e-05
2024-11-17 20:49:49,351 -                train: [    INFO] - Train: 580 [ 400/520]  Loss: 0.9550 (1.11)  Acc@1: 78.1250 (77.2262)  Acc@5: 98.9583 (94.9839)LR: 6.848e-05
2024-11-17 20:49:57,033 -                train: [    INFO] - Train: 580 [ 520/520]  Loss: 1.292 (1.11)  Acc@1: 77.5000 (77.1220)  Acc@5: 92.5000 (94.8440)LR: 6.848e-05
2024-11-17 20:49:57,706 -                train: [    INFO] - Valid: 580 [   0/104]  Loss: 0.7184 (0.718)  Acc@1: 83.3333 (83.3333)  Acc@5: 94.7917 (94.7917)
2024-11-17 20:49:59,124 -                train: [    INFO] - Valid: 580 [ 104/104]  Loss: 1.024 (0.779)  Acc@1: 75.0000 (77.9900)  Acc@5: 93.7500 (95.5700)
2024-11-17 20:49:59,185 -                train: [    INFO] - valid_acc 77.990003 - best_valid_acc 78.400002
2024-11-17 20:49:59,772 -                train: [    INFO] - Train: 581 [   0/520]  Loss: 0.8917 (0.892)  Acc@1: 81.2500 (81.2500)  Acc@5: 97.9167 (97.9167)LR: 6.181e-05
2024-11-17 20:50:12,613 -                train: [    INFO] - Train: 581 [ 200/520]  Loss: 1.060 (1.11)  Acc@1: 75.0000 (76.9330)  Acc@5: 95.8333 (94.8383)LR: 6.181e-05
2024-11-17 20:50:25,734 -                train: [    INFO] - Train: 581 [ 400/520]  Loss: 1.108 (1.11)  Acc@1: 79.1667 (77.1249)  Acc@5: 93.7500 (94.7891)LR: 6.181e-05
2024-11-17 20:50:33,305 -                train: [    INFO] - Train: 581 [ 520/520]  Loss: 1.319 (1.11)  Acc@1: 72.5000 (77.1340)  Acc@5: 95.0000 (94.7820)LR: 6.181e-05
2024-11-17 20:50:33,998 -                train: [    INFO] - Valid: 581 [   0/104]  Loss: 0.7071 (0.707)  Acc@1: 83.3333 (83.3333)  Acc@5: 94.7917 (94.7917)
2024-11-17 20:50:35,707 -                train: [    INFO] - Valid: 581 [ 104/104]  Loss: 1.066 (0.780)  Acc@1: 75.0000 (77.9900)  Acc@5: 87.5000 (95.6200)
2024-11-17 20:50:35,771 -                train: [    INFO] - valid_acc 77.990003 - best_valid_acc 78.400002
2024-11-17 20:50:36,444 -                train: [    INFO] - Train: 582 [   0/520]  Loss: 1.128 (1.13)  Acc@1: 78.1250 (78.1250)  Acc@5: 94.7917 (94.7917)LR: 5.548e-05
2024-11-17 20:50:49,450 -                train: [    INFO] - Train: 582 [ 200/520]  Loss: 1.019 (1.12)  Acc@1: 78.1250 (76.9693)  Acc@5: 96.8750 (94.8590)LR: 5.548e-05
2024-11-17 20:51:02,610 -                train: [    INFO] - Train: 582 [ 400/520]  Loss: 0.8398 (1.12)  Acc@1: 82.2917 (77.0989)  Acc@5: 96.8750 (94.8073)LR: 5.548e-05
2024-11-17 20:51:10,422 -                train: [    INFO] - Train: 582 [ 520/520]  Loss: 1.271 (1.12)  Acc@1: 73.7500 (77.1220)  Acc@5: 95.0000 (94.8120)LR: 5.548e-05
2024-11-17 20:51:11,097 -                train: [    INFO] - Valid: 582 [   0/104]  Loss: 0.7172 (0.717)  Acc@1: 83.3333 (83.3333)  Acc@5: 94.7917 (94.7917)
2024-11-17 20:51:12,614 -                train: [    INFO] - Valid: 582 [ 104/104]  Loss: 1.037 (0.781)  Acc@1: 75.0000 (77.9300)  Acc@5: 87.5000 (95.5600)
2024-11-17 20:51:12,685 -                train: [    INFO] - valid_acc 77.930003 - best_valid_acc 78.400002
2024-11-17 20:51:13,528 -                train: [    INFO] - Train: 583 [   0/520]  Loss: 1.336 (1.34)  Acc@1: 67.7083 (67.7083)  Acc@5: 95.8333 (95.8333)LR: 4.949e-05
2024-11-17 20:51:27,717 -                train: [    INFO] - Train: 583 [ 200/520]  Loss: 1.248 (1.11)  Acc@1: 76.0417 (77.1714)  Acc@5: 96.8750 (94.8124)LR: 4.949e-05
2024-11-17 20:51:41,204 -                train: [    INFO] - Train: 583 [ 400/520]  Loss: 1.086 (1.12)  Acc@1: 79.1667 (76.9483)  Acc@5: 92.7083 (94.8228)LR: 4.949e-05
2024-11-17 20:51:49,124 -                train: [    INFO] - Train: 583 [ 520/520]  Loss: 1.204 (1.11)  Acc@1: 78.7500 (77.1120)  Acc@5: 93.7500 (94.8460)LR: 4.949e-05
2024-11-17 20:51:49,836 -                train: [    INFO] - Valid: 583 [   0/104]  Loss: 0.7046 (0.705)  Acc@1: 84.3750 (84.3750)  Acc@5: 93.7500 (93.7500)
2024-11-17 20:51:51,317 -                train: [    INFO] - Valid: 583 [ 104/104]  Loss: 1.019 (0.778)  Acc@1: 75.0000 (77.9900)  Acc@5: 87.5000 (95.6300)
2024-11-17 20:51:51,386 -                train: [    INFO] - valid_acc 77.990002 - best_valid_acc 78.400002
2024-11-17 20:51:52,044 -                train: [    INFO] - Train: 584 [   0/520]  Loss: 1.411 (1.41)  Acc@1: 70.8333 (70.8333)  Acc@5: 91.6667 (91.6667)LR: 4.384e-05
2024-11-17 20:52:05,483 -                train: [    INFO] - Train: 584 [ 200/520]  Loss: 0.9780 (1.11)  Acc@1: 81.2500 (77.2181)  Acc@5: 97.9167 (94.8228)LR: 4.384e-05
2024-11-17 20:52:18,330 -                train: [    INFO] - Train: 584 [ 400/520]  Loss: 1.052 (1.12)  Acc@1: 76.0417 (77.0288)  Acc@5: 97.9167 (94.8254)LR: 4.384e-05
2024-11-17 20:52:26,110 -                train: [    INFO] - Train: 584 [ 520/520]  Loss: 1.068 (1.12)  Acc@1: 82.5000 (77.0080)  Acc@5: 92.5000 (94.7800)LR: 4.384e-05
2024-11-17 20:52:26,788 -                train: [    INFO] - Valid: 584 [   0/104]  Loss: 0.7169 (0.717)  Acc@1: 83.3333 (83.3333)  Acc@5: 94.7917 (94.7917)
2024-11-17 20:52:28,155 -                train: [    INFO] - Valid: 584 [ 104/104]  Loss: 0.9765 (0.779)  Acc@1: 75.0000 (78.2800)  Acc@5: 93.7500 (95.6700)
2024-11-17 20:52:28,217 -                train: [    INFO] - valid_acc 78.280002 - best_valid_acc 78.400002
2024-11-17 20:52:28,729 -                train: [    INFO] - Train: 585 [   0/520]  Loss: 1.133 (1.13)  Acc@1: 75.0000 (75.0000)  Acc@5: 93.7500 (93.7500)LR: 3.853e-05
2024-11-17 20:52:42,615 -                train: [    INFO] - Train: 585 [ 200/520]  Loss: 1.145 (1.12)  Acc@1: 76.0417 (77.2077)  Acc@5: 94.7917 (94.6777)LR: 3.853e-05
2024-11-17 20:52:56,742 -                train: [    INFO] - Train: 585 [ 400/520]  Loss: 1.188 (1.11)  Acc@1: 75.0000 (77.3249)  Acc@5: 95.8333 (94.7709)LR: 3.853e-05
2024-11-17 20:53:04,799 -                train: [    INFO] - Train: 585 [ 520/520]  Loss: 1.255 (1.12)  Acc@1: 71.2500 (77.2740)  Acc@5: 95.0000 (94.7460)LR: 3.853e-05
2024-11-17 20:53:05,462 -                train: [    INFO] - Valid: 585 [   0/104]  Loss: 0.6923 (0.692)  Acc@1: 83.3333 (83.3333)  Acc@5: 95.8333 (95.8333)
2024-11-17 20:53:06,907 -                train: [    INFO] - Valid: 585 [ 104/104]  Loss: 1.014 (0.779)  Acc@1: 75.0000 (78.1100)  Acc@5: 93.7500 (95.7900)
2024-11-17 20:53:06,969 -                train: [    INFO] - valid_acc 78.110002 - best_valid_acc 78.400002
2024-11-17 20:53:07,536 -                train: [    INFO] - Train: 586 [   0/520]  Loss: 1.046 (1.05)  Acc@1: 77.0833 (77.0833)  Acc@5: 95.8333 (95.8333)LR: 3.357e-05
2024-11-17 20:53:20,098 -                train: [    INFO] - Train: 586 [ 200/520]  Loss: 1.195 (1.10)  Acc@1: 75.0000 (77.2336)  Acc@5: 93.7500 (94.9160)LR: 3.357e-05
2024-11-17 20:53:32,619 -                train: [    INFO] - Train: 586 [ 400/520]  Loss: 1.027 (1.11)  Acc@1: 80.2083 (77.2236)  Acc@5: 95.8333 (94.7111)LR: 3.357e-05
2024-11-17 20:53:40,752 -                train: [    INFO] - Train: 586 [ 520/520]  Loss: 1.174 (1.12)  Acc@1: 75.0000 (77.1080)  Acc@5: 92.5000 (94.6620)LR: 3.357e-05
2024-11-17 20:53:41,431 -                train: [    INFO] - Valid: 586 [   0/104]  Loss: 0.6959 (0.696)  Acc@1: 84.3750 (84.3750)  Acc@5: 95.8333 (95.8333)
2024-11-17 20:53:42,858 -                train: [    INFO] - Valid: 586 [ 104/104]  Loss: 1.059 (0.777)  Acc@1: 75.0000 (78.2000)  Acc@5: 93.7500 (95.6900)
2024-11-17 20:53:42,920 -                train: [    INFO] - valid_acc 78.200002 - best_valid_acc 78.400002
2024-11-17 20:53:43,543 -                train: [    INFO] - Train: 587 [   0/520]  Loss: 1.141 (1.14)  Acc@1: 82.2917 (82.2917)  Acc@5: 95.8333 (95.8333)LR: 2.895e-05
2024-11-17 20:53:57,399 -                train: [    INFO] - Train: 587 [ 200/520]  Loss: 1.198 (1.12)  Acc@1: 72.9167 (77.1611)  Acc@5: 92.7083 (94.7658)LR: 2.895e-05
2024-11-17 20:54:11,040 -                train: [    INFO] - Train: 587 [ 400/520]  Loss: 1.013 (1.12)  Acc@1: 78.1250 (77.1561)  Acc@5: 98.9583 (94.7995)LR: 2.895e-05
2024-11-17 20:54:18,891 -                train: [    INFO] - Train: 587 [ 520/520]  Loss: 1.224 (1.12)  Acc@1: 75.0000 (77.0360)  Acc@5: 93.7500 (94.8200)LR: 2.895e-05
2024-11-17 20:54:19,425 -                train: [    INFO] - Valid: 587 [   0/104]  Loss: 0.6988 (0.699)  Acc@1: 83.3333 (83.3333)  Acc@5: 95.8333 (95.8333)
2024-11-17 20:54:21,014 -                train: [    INFO] - Valid: 587 [ 104/104]  Loss: 0.9680 (0.779)  Acc@1: 75.0000 (78.0700)  Acc@5: 100.0000 (95.6500)
2024-11-17 20:54:21,079 -                train: [    INFO] - valid_acc 78.070002 - best_valid_acc 78.400002
2024-11-17 20:54:21,762 -                train: [    INFO] - Train: 588 [   0/520]  Loss: 1.201 (1.20)  Acc@1: 72.9167 (72.9167)  Acc@5: 95.8333 (95.8333)LR: 2.467e-05
2024-11-17 20:54:34,626 -                train: [    INFO] - Train: 588 [ 200/520]  Loss: 0.8498 (1.12)  Acc@1: 79.1667 (77.3165)  Acc@5: 95.8333 (94.6673)LR: 2.467e-05
2024-11-17 20:54:48,146 -                train: [    INFO] - Train: 588 [ 400/520]  Loss: 1.323 (1.13)  Acc@1: 67.7083 (77.0288)  Acc@5: 93.7500 (94.6722)LR: 2.467e-05
2024-11-17 20:54:55,896 -                train: [    INFO] - Train: 588 [ 520/520]  Loss: 1.067 (1.12)  Acc@1: 80.0000 (77.1540)  Acc@5: 95.0000 (94.6900)LR: 2.467e-05
2024-11-17 20:54:56,533 -                train: [    INFO] - Valid: 588 [   0/104]  Loss: 0.6998 (0.700)  Acc@1: 84.3750 (84.3750)  Acc@5: 94.7917 (94.7917)
2024-11-17 20:54:58,200 -                train: [    INFO] - Valid: 588 [ 104/104]  Loss: 0.9614 (0.779)  Acc@1: 75.0000 (78.0900)  Acc@5: 93.7500 (95.4900)
2024-11-17 20:54:58,262 -                train: [    INFO] - valid_acc 78.090003 - best_valid_acc 78.400002
2024-11-17 20:54:58,765 -                train: [    INFO] - Train: 589 [   0/520]  Loss: 0.9880 (0.988)  Acc@1: 81.2500 (81.2500)  Acc@5: 92.7083 (92.7083)LR: 2.073e-05
2024-11-17 20:55:12,065 -                train: [    INFO] - Train: 589 [ 200/520]  Loss: 1.119 (1.11)  Acc@1: 81.2500 (77.3787)  Acc@5: 96.8750 (94.9160)LR: 2.073e-05
2024-11-17 20:55:25,404 -                train: [    INFO] - Train: 589 [ 400/520]  Loss: 0.9930 (1.12)  Acc@1: 81.2500 (77.2158)  Acc@5: 96.8750 (94.7111)LR: 2.073e-05
2024-11-17 20:55:33,185 -                train: [    INFO] - Train: 589 [ 520/520]  Loss: 1.312 (1.12)  Acc@1: 68.7500 (77.1480)  Acc@5: 93.7500 (94.6880)LR: 2.073e-05
2024-11-17 20:55:33,757 -                train: [    INFO] - Valid: 589 [   0/104]  Loss: 0.7127 (0.713)  Acc@1: 83.3333 (83.3333)  Acc@5: 93.7500 (93.7500)
2024-11-17 20:55:35,124 -                train: [    INFO] - Valid: 589 [ 104/104]  Loss: 1.070 (0.782)  Acc@1: 75.0000 (78.2200)  Acc@5: 87.5000 (95.6800)
2024-11-17 20:55:35,184 -                train: [    INFO] - valid_acc 78.220002 - best_valid_acc 78.400002
2024-11-17 20:55:35,691 -                train: [    INFO] - Train: 590 [   0/520]  Loss: 1.013 (1.01)  Acc@1: 79.1667 (79.1667)  Acc@5: 97.9167 (97.9167)LR: 1.713e-05
2024-11-17 20:55:48,812 -                train: [    INFO] - Train: 590 [ 200/520]  Loss: 1.091 (1.14)  Acc@1: 78.1250 (76.8553)  Acc@5: 93.7500 (94.6621)LR: 1.713e-05
2024-11-17 20:56:02,176 -                train: [    INFO] - Train: 590 [ 400/520]  Loss: 1.288 (1.13)  Acc@1: 69.7917 (77.1249)  Acc@5: 94.7917 (94.7319)LR: 1.713e-05
2024-11-17 20:56:09,949 -                train: [    INFO] - Train: 590 [ 520/520]  Loss: 1.362 (1.12)  Acc@1: 72.5000 (77.0800)  Acc@5: 95.0000 (94.7900)LR: 1.713e-05
2024-11-17 20:56:10,609 -                train: [    INFO] - Valid: 590 [   0/104]  Loss: 0.6936 (0.694)  Acc@1: 83.3333 (83.3333)  Acc@5: 95.8333 (95.8333)
2024-11-17 20:56:12,165 -                train: [    INFO] - Valid: 590 [ 104/104]  Loss: 1.034 (0.781)  Acc@1: 75.0000 (77.9100)  Acc@5: 93.7500 (95.7200)
2024-11-17 20:56:12,230 -                train: [    INFO] - valid_acc 77.910003 - best_valid_acc 78.400002
2024-11-17 20:56:12,902 -                train: [    INFO] - Train: 591 [   0/520]  Loss: 0.9548 (0.955)  Acc@1: 82.2917 (82.2917)  Acc@5: 96.8750 (96.8750)LR: 1.388e-05
2024-11-17 20:56:25,837 -                train: [    INFO] - Train: 591 [ 200/520]  Loss: 0.8707 (1.12)  Acc@1: 83.3333 (77.2388)  Acc@5: 96.8750 (94.8383)LR: 1.388e-05
2024-11-17 20:56:39,223 -                train: [    INFO] - Train: 591 [ 400/520]  Loss: 1.363 (1.12)  Acc@1: 75.0000 (77.1119)  Acc@5: 93.7500 (94.7813)LR: 1.388e-05
2024-11-17 20:56:47,240 -                train: [    INFO] - Train: 591 [ 520/520]  Loss: 0.9418 (1.12)  Acc@1: 81.2500 (77.0280)  Acc@5: 98.7500 (94.7980)LR: 1.388e-05
2024-11-17 20:56:47,787 -                train: [    INFO] - Valid: 591 [   0/104]  Loss: 0.6907 (0.691)  Acc@1: 83.3333 (83.3333)  Acc@5: 94.7917 (94.7917)
2024-11-17 20:56:49,172 -                train: [    INFO] - Valid: 591 [ 104/104]  Loss: 1.038 (0.779)  Acc@1: 75.0000 (78.1700)  Acc@5: 87.5000 (95.6200)
2024-11-17 20:56:49,236 -                train: [    INFO] - valid_acc 78.170003 - best_valid_acc 78.400002
2024-11-17 20:56:49,876 -                train: [    INFO] - Train: 592 [   0/520]  Loss: 1.044 (1.04)  Acc@1: 77.0833 (77.0833)  Acc@5: 92.7083 (92.7083)LR: 1.096e-05
2024-11-17 20:57:02,343 -                train: [    INFO] - Train: 592 [ 200/520]  Loss: 1.213 (1.12)  Acc@1: 73.9583 (77.2077)  Acc@5: 95.8333 (94.7243)LR: 1.096e-05
2024-11-17 20:57:15,094 -                train: [    INFO] - Train: 592 [ 400/520]  Loss: 1.239 (1.13)  Acc@1: 76.0417 (77.0132)  Acc@5: 94.7917 (94.7371)LR: 1.096e-05
2024-11-17 20:57:23,095 -                train: [    INFO] - Train: 592 [ 520/520]  Loss: 1.055 (1.13)  Acc@1: 78.7500 (77.0120)  Acc@5: 95.0000 (94.6980)LR: 1.096e-05
2024-11-17 20:57:23,790 -                train: [    INFO] - Valid: 592 [   0/104]  Loss: 0.6821 (0.682)  Acc@1: 82.2917 (82.2917)  Acc@5: 94.7917 (94.7917)
2024-11-17 20:57:25,350 -                train: [    INFO] - Valid: 592 [ 104/104]  Loss: 1.052 (0.780)  Acc@1: 75.0000 (78.0500)  Acc@5: 93.7500 (95.7100)
2024-11-17 20:57:25,413 -                train: [    INFO] - valid_acc 78.050002 - best_valid_acc 78.400002
2024-11-17 20:57:26,027 -                train: [    INFO] - Train: 593 [   0/520]  Loss: 1.176 (1.18)  Acc@1: 73.9583 (73.9583)  Acc@5: 93.7500 (93.7500)LR: 8.395e-06
2024-11-17 20:57:38,886 -                train: [    INFO] - Train: 593 [ 200/520]  Loss: 1.086 (1.14)  Acc@1: 80.2083 (76.6169)  Acc@5: 95.8333 (94.4859)LR: 8.395e-06
2024-11-17 20:57:51,873 -                train: [    INFO] - Train: 593 [ 400/520]  Loss: 1.169 (1.13)  Acc@1: 76.0417 (76.5898)  Acc@5: 93.7500 (94.6020)LR: 8.395e-06
2024-11-17 20:57:59,471 -                train: [    INFO] - Train: 593 [ 520/520]  Loss: 1.270 (1.13)  Acc@1: 73.7500 (76.7160)  Acc@5: 96.2500 (94.6300)LR: 8.395e-06
2024-11-17 20:58:00,141 -                train: [    INFO] - Valid: 593 [   0/104]  Loss: 0.6914 (0.691)  Acc@1: 84.3750 (84.3750)  Acc@5: 93.7500 (93.7500)
2024-11-17 20:58:01,720 -                train: [    INFO] - Valid: 593 [ 104/104]  Loss: 1.012 (0.777)  Acc@1: 75.0000 (78.5300)  Acc@5: 93.7500 (95.6600)
2024-11-17 20:58:01,782 -                train: [    INFO] - valid_acc 78.530002 - best_valid_acc 78.530002
2024-11-17 20:58:02,344 -                train: [    INFO] - Train: 594 [   0/520]  Loss: 1.115 (1.11)  Acc@1: 78.1250 (78.1250)  Acc@5: 93.7500 (93.7500)LR: 6.168e-06
2024-11-17 20:58:16,035 -                train: [    INFO] - Train: 594 [ 200/520]  Loss: 1.119 (1.14)  Acc@1: 78.1250 (76.9849)  Acc@5: 92.7083 (94.4082)LR: 6.168e-06
2024-11-17 20:58:29,507 -                train: [    INFO] - Train: 594 [ 400/520]  Loss: 1.152 (1.12)  Acc@1: 73.9583 (77.1275)  Acc@5: 96.8750 (94.6878)LR: 6.168e-06
2024-11-17 20:58:37,149 -                train: [    INFO] - Train: 594 [ 520/520]  Loss: 1.140 (1.12)  Acc@1: 71.2500 (77.0280)  Acc@5: 97.5000 (94.6660)LR: 6.168e-06
2024-11-17 20:58:37,706 -                train: [    INFO] - Valid: 594 [   0/104]  Loss: 0.7075 (0.707)  Acc@1: 83.3333 (83.3333)  Acc@5: 94.7917 (94.7917)
2024-11-17 20:58:39,190 -                train: [    INFO] - Valid: 594 [ 104/104]  Loss: 1.017 (0.781)  Acc@1: 75.0000 (78.0200)  Acc@5: 87.5000 (95.6900)
2024-11-17 20:58:39,253 -                train: [    INFO] - valid_acc 78.020002 - best_valid_acc 78.530002
2024-11-17 20:58:39,789 -                train: [    INFO] - Train: 595 [   0/520]  Loss: 0.9356 (0.936)  Acc@1: 81.2500 (81.2500)  Acc@5: 96.8750 (96.8750)LR: 4.283e-06
2024-11-17 20:58:53,228 -                train: [    INFO] - Train: 595 [ 200/520]  Loss: 1.025 (1.11)  Acc@1: 77.0833 (77.1455)  Acc@5: 94.7917 (94.8124)LR: 4.283e-06
2024-11-17 20:59:06,105 -                train: [    INFO] - Train: 595 [ 400/520]  Loss: 1.122 (1.11)  Acc@1: 71.8750 (77.1275)  Acc@5: 94.7917 (94.8592)LR: 4.283e-06
2024-11-17 20:59:14,174 -                train: [    INFO] - Train: 595 [ 520/520]  Loss: 0.9472 (1.12)  Acc@1: 75.0000 (77.0720)  Acc@5: 95.0000 (94.8280)LR: 4.283e-06
2024-11-17 20:59:14,786 -                train: [    INFO] - Valid: 595 [   0/104]  Loss: 0.6992 (0.699)  Acc@1: 84.3750 (84.3750)  Acc@5: 93.7500 (93.7500)
2024-11-17 20:59:16,201 -                train: [    INFO] - Valid: 595 [ 104/104]  Loss: 1.037 (0.780)  Acc@1: 75.0000 (78.2400)  Acc@5: 87.5000 (95.7800)
2024-11-17 20:59:16,266 -                train: [    INFO] - valid_acc 78.240002 - best_valid_acc 78.530002
2024-11-17 20:59:16,929 -                train: [    INFO] - Train: 596 [   0/520]  Loss: 1.207 (1.21)  Acc@1: 69.7917 (69.7917)  Acc@5: 95.8333 (95.8333)LR: 2.741e-06
2024-11-17 20:59:29,624 -                train: [    INFO] - Train: 596 [ 200/520]  Loss: 1.073 (1.12)  Acc@1: 78.1250 (76.8968)  Acc@5: 97.9167 (94.7088)LR: 2.741e-06
2024-11-17 20:59:42,684 -                train: [    INFO] - Train: 596 [ 400/520]  Loss: 1.329 (1.12)  Acc@1: 72.9167 (77.0236)  Acc@5: 91.6667 (94.7631)LR: 2.741e-06
2024-11-17 20:59:50,253 -                train: [    INFO] - Train: 596 [ 520/520]  Loss: 1.126 (1.12)  Acc@1: 77.5000 (77.0160)  Acc@5: 92.5000 (94.7640)LR: 2.741e-06
2024-11-17 20:59:50,867 -                train: [    INFO] - Valid: 596 [   0/104]  Loss: 0.6982 (0.698)  Acc@1: 83.3333 (83.3333)  Acc@5: 93.7500 (93.7500)
2024-11-17 20:59:52,223 -                train: [    INFO] - Valid: 596 [ 104/104]  Loss: 1.056 (0.783)  Acc@1: 75.0000 (78.0600)  Acc@5: 87.5000 (95.7000)
2024-11-17 20:59:52,285 -                train: [    INFO] - valid_acc 78.060002 - best_valid_acc 78.530002
2024-11-17 20:59:52,930 -                train: [    INFO] - Train: 597 [   0/520]  Loss: 0.9153 (0.915)  Acc@1: 80.2083 (80.2083)  Acc@5: 95.8333 (95.8333)LR: 1.542e-06
2024-11-17 21:00:06,010 -                train: [    INFO] - Train: 597 [ 200/520]  Loss: 1.144 (1.14)  Acc@1: 77.0833 (76.6221)  Acc@5: 92.7083 (94.5325)LR: 1.542e-06
2024-11-17 21:00:19,736 -                train: [    INFO] - Train: 597 [ 400/520]  Loss: 1.069 (1.14)  Acc@1: 77.0833 (76.5534)  Acc@5: 92.7083 (94.4566)LR: 1.542e-06
2024-11-17 21:00:27,943 -                train: [    INFO] - Train: 597 [ 520/520]  Loss: 0.8352 (1.14)  Acc@1: 81.2500 (76.5260)  Acc@5: 97.5000 (94.3840)LR: 1.542e-06
2024-11-17 21:00:28,459 -                train: [    INFO] - Valid: 597 [   0/104]  Loss: 0.7159 (0.716)  Acc@1: 82.2917 (82.2917)  Acc@5: 94.7917 (94.7917)
2024-11-17 21:00:30,028 -                train: [    INFO] - Valid: 597 [ 104/104]  Loss: 0.9976 (0.781)  Acc@1: 75.0000 (78.0400)  Acc@5: 87.5000 (95.6700)
2024-11-17 21:00:30,092 -                train: [    INFO] - valid_acc 78.040002 - best_valid_acc 78.530002
2024-11-17 21:00:30,707 -                train: [    INFO] - Train: 598 [   0/520]  Loss: 1.018 (1.02)  Acc@1: 78.1250 (78.1250)  Acc@5: 92.7083 (92.7083)LR: 6.854e-07
2024-11-17 21:00:43,484 -                train: [    INFO] - Train: 598 [ 200/520]  Loss: 0.9715 (1.12)  Acc@1: 78.1250 (76.9227)  Acc@5: 95.8333 (94.5429)LR: 6.854e-07
2024-11-17 21:00:56,539 -                train: [    INFO] - Train: 598 [ 400/520]  Loss: 1.371 (1.12)  Acc@1: 72.9167 (76.8547)  Acc@5: 90.6250 (94.6592)LR: 6.854e-07
2024-11-17 21:01:04,606 -                train: [    INFO] - Train: 598 [ 520/520]  Loss: 1.169 (1.12)  Acc@1: 72.5000 (76.7960)  Acc@5: 96.2500 (94.7060)LR: 6.854e-07
2024-11-17 21:01:05,262 -                train: [    INFO] - Valid: 598 [   0/104]  Loss: 0.7004 (0.700)  Acc@1: 84.3750 (84.3750)  Acc@5: 95.8333 (95.8333)
2024-11-17 21:01:06,901 -                train: [    INFO] - Valid: 598 [ 104/104]  Loss: 1.023 (0.782)  Acc@1: 75.0000 (78.0900)  Acc@5: 93.7500 (95.5400)
2024-11-17 21:01:06,964 -                train: [    INFO] - valid_acc 78.090002 - best_valid_acc 78.530002
2024-11-17 21:01:07,490 -                train: [    INFO] - Train: 599 [   0/520]  Loss: 1.296 (1.30)  Acc@1: 71.8750 (71.8750)  Acc@5: 93.7500 (93.7500)LR: 1.713e-07
2024-11-17 21:01:20,688 -                train: [    INFO] - Train: 599 [ 200/520]  Loss: 1.142 (1.13)  Acc@1: 78.1250 (76.9071)  Acc@5: 91.6667 (94.7709)LR: 1.713e-07
2024-11-17 21:01:33,453 -                train: [    INFO] - Train: 599 [ 400/520]  Loss: 1.169 (1.13)  Acc@1: 76.0417 (76.8625)  Acc@5: 95.8333 (94.6020)LR: 1.713e-07
2024-11-17 21:01:40,957 -                train: [    INFO] - Train: 599 [ 520/520]  Loss: 1.006 (1.13)  Acc@1: 76.2500 (76.9440)  Acc@5: 93.7500 (94.6200)LR: 1.713e-07
2024-11-17 21:01:41,518 -                train: [    INFO] - Valid: 599 [   0/104]  Loss: 0.6856 (0.686)  Acc@1: 83.3333 (83.3333)  Acc@5: 94.7917 (94.7917)
2024-11-17 21:01:43,111 -                train: [    INFO] - Valid: 599 [ 104/104]  Loss: 1.032 (0.777)  Acc@1: 75.0000 (77.9800)  Acc@5: 87.5000 (95.6600)
2024-11-17 21:01:43,172 -                train: [    INFO] - valid_acc 77.980003 - best_valid_acc 78.530002
