2024-05-26 00:58:48,489 -         train_search: [    INFO] - Training with a single process on 1 GPUs.
2024-05-26 00:58:48,730 -     timm.data.config: [    INFO] - Data processing configuration for current model + dataset:
2024-05-26 00:58:48,730 -     timm.data.config: [    INFO] - 	input_size: (3, 32, 32)
2024-05-26 00:58:48,731 -     timm.data.config: [    INFO] - 	interpolation: bilinear
2024-05-26 00:58:48,731 -     timm.data.config: [    INFO] - 	mean: (0.49139968, 0.48215827, 0.44653124)
2024-05-26 00:58:48,731 -     timm.data.config: [    INFO] - 	std: (0.24703233, 0.24348505, 0.26158768)
2024-05-26 00:58:48,731 -     timm.data.config: [    INFO] - 	crop_pct: 1.0
2024-05-26 00:58:48,731 -     timm.data.config: [    INFO] - 	crop_mode: center
2024-05-26 00:58:48,764 -         train_search: [    INFO] - 
-------------------------------
Learnable parameters
Student: 1.72M
Extra: 0.00M
-------------------------------
2024-05-26 00:58:49,855 -         train_search: [    INFO] - Scheduled epochs: 50
2024-05-26 00:58:49,855 -         train_search: [    INFO] - p_max: 0.2
2024-05-26 00:58:49,855 -         train_search: [    INFO] - search_space = NAS
2024-05-26 00:58:51,600 -         train_search: [    INFO] - Train: 0 [   0/390]  Loss: 2.324 (2.32)  Acc@1:  6.2500 ( 6.2500)  Acc@5: 56.2500 (56.2500)LR: 2.500e-02
2024-05-26 00:59:07,942 -         train_search: [    INFO] - Train: 0 [  50/390]  Loss: 2.075 (2.17)  Acc@1: 21.8750 (18.9032)  Acc@5: 75.0000 (68.7500)LR: 2.500e-02
2024-05-26 00:59:24,054 -         train_search: [    INFO] - Train: 0 [ 100/390]  Loss: 1.945 (2.11)  Acc@1: 23.4375 (20.7457)  Acc@5: 79.6875 (72.1689)LR: 2.500e-02
2024-05-26 00:59:39,938 -         train_search: [    INFO] - Train: 0 [ 150/390]  Loss: 1.882 (2.07)  Acc@1: 29.6875 (21.7198)  Acc@5: 84.3750 (73.9859)LR: 2.500e-02
2024-05-26 00:59:57,433 -         train_search: [    INFO] - Train: 0 [ 200/390]  Loss: 1.756 (2.04)  Acc@1: 34.3750 (23.0333)  Acc@5: 87.5000 (75.5986)LR: 2.500e-02
2024-05-26 01:00:16,194 -         train_search: [    INFO] - Train: 0 [ 250/390]  Loss: 2.019 (2.02)  Acc@1: 25.0000 (23.5309)  Acc@5: 73.4375 (76.5251)LR: 2.500e-02
2024-05-26 01:00:33,250 -         train_search: [    INFO] - Train: 0 [ 300/390]  Loss: 1.872 (2.00)  Acc@1: 37.5000 (24.2317)  Acc@5: 76.5625 (77.3879)LR: 2.500e-02
2024-05-26 01:00:49,599 -         train_search: [    INFO] - Train: 0 [ 350/390]  Loss: 1.775 (1.98)  Acc@1: 31.2500 (24.8798)  Acc@5: 85.9375 (78.2630)LR: 2.500e-02
2024-05-26 01:01:03,612 -         train_search: [    INFO] - Train: 0 [ 390/390]  Loss: 2.039 (1.97)  Acc@1: 15.0000 (25.5080)  Acc@5: 80.0000 (78.7880)LR: 2.500e-02
2024-05-26 01:01:03,664 -         train_search: [    INFO] - train_acc 25.508000
2024-05-26 01:01:04,011 -         train_search: [    INFO] - Valid: 0 [   0/390]  Loss: 1.754 (1.75)  Acc@1: 32.8125 (32.8125)  Acc@5: 89.0625 (89.0625)
2024-05-26 01:01:07,238 -         train_search: [    INFO] - Valid: 0 [  50/390]  Loss: 1.816 (1.84)  Acc@1: 26.5625 (28.7684)  Acc@5: 84.3750 (84.2218)
2024-05-26 01:01:10,545 -         train_search: [    INFO] - Valid: 0 [ 100/390]  Loss: 1.590 (1.84)  Acc@1: 40.6250 (29.3162)  Acc@5: 89.0625 (83.5396)
2024-05-26 01:01:13,747 -         train_search: [    INFO] - Valid: 0 [ 150/390]  Loss: 2.037 (1.84)  Acc@1: 23.4375 (29.4392)  Acc@5: 78.1250 (83.6403)
2024-05-26 01:01:17,283 -         train_search: [    INFO] - Valid: 0 [ 200/390]  Loss: 1.853 (1.84)  Acc@1: 29.6875 (29.8274)  Acc@5: 81.2500 (83.7764)
2024-05-26 01:01:21,154 -         train_search: [    INFO] - Valid: 0 [ 250/390]  Loss: 1.840 (1.83)  Acc@1: 26.5625 (30.1917)  Acc@5: 75.0000 (84.0139)
2024-05-26 01:01:25,062 -         train_search: [    INFO] - Valid: 0 [ 300/390]  Loss: 1.606 (1.83)  Acc@1: 37.5000 (30.2637)  Acc@5: 93.7500 (84.0635)
2024-05-26 01:01:28,993 -         train_search: [    INFO] - Valid: 0 [ 350/390]  Loss: 1.876 (1.83)  Acc@1: 34.3750 (30.3552)  Acc@5: 84.3750 (84.0856)
2024-05-26 01:01:32,130 -         train_search: [    INFO] - Valid: 0 [ 390/390]  Loss: 1.968 (1.83)  Acc@1: 20.0000 (30.3160)  Acc@5: 80.0000 (84.1120)
2024-05-26 01:01:32,166 -         train_search: [    INFO] - valid_acc 30.316000
2024-05-26 01:01:32,168 -         train_search: [    INFO] - epoch = 0   
 genotype = |skip_connect~0|+|skip_connect~0|nor_conv_1x1~1|+|skip_connect~0|skip_connect~1|nor_conv_1x1~2|
2024-05-26 01:01:32,210 -         train_search: [    INFO] - alphas_normal = 
 tensor([[0.1986, 0.2040, 0.1986, 0.1992, 0.1996],
        [0.1993, 0.2044, 0.1984, 0.1975, 0.2005],
        [0.2012, 0.2019, 0.1966, 0.2024, 0.1979],
        [0.1957, 0.2045, 0.1987, 0.1994, 0.2017],
        [0.2010, 0.2017, 0.1970, 0.2006, 0.1997],
        [0.2022, 0.2004, 0.1951, 0.2027, 0.1994]], device='cuda:0',
       grad_fn=<SoftmaxBackward0>)
2024-05-26 01:01:33,239 -         train_search: [    INFO] - Train: 1 [   0/390]  Loss: 1.847 (1.85)  Acc@1: 32.8125 (32.8125)  Acc@5: 78.1250 (78.1250)LR: 2.498e-02
2024-05-26 01:01:50,019 -         train_search: [    INFO] - Train: 1 [  50/390]  Loss: 1.985 (1.82)  Acc@1: 26.5625 (31.3113)  Acc@5: 76.5625 (85.2022)LR: 2.498e-02
2024-05-26 01:02:07,571 -         train_search: [    INFO] - Train: 1 [ 100/390]  Loss: 1.798 (1.81)  Acc@1: 29.6875 (31.3892)  Acc@5: 84.3750 (85.4579)LR: 2.498e-02
2024-05-26 01:02:24,098 -         train_search: [    INFO] - Train: 1 [ 150/390]  Loss: 1.630 (1.81)  Acc@1: 32.8125 (31.2190)  Acc@5: 85.9375 (85.3684)LR: 2.498e-02
2024-05-26 01:02:40,432 -         train_search: [    INFO] - Train: 1 [ 200/390]  Loss: 1.481 (1.79)  Acc@1: 35.9375 (31.8175)  Acc@5: 98.4375 (85.7432)LR: 2.498e-02
2024-05-26 01:02:57,292 -         train_search: [    INFO] - Train: 1 [ 250/390]  Loss: 1.896 (1.79)  Acc@1: 31.2500 (32.0032)  Acc@5: 82.8125 (85.9873)LR: 2.498e-02
2024-05-26 01:03:14,107 -         train_search: [    INFO] - Train: 1 [ 300/390]  Loss: 1.846 (1.78)  Acc@1: 29.6875 (32.6100)  Acc@5: 89.0625 (86.0050)LR: 2.498e-02
2024-05-26 01:03:30,670 -         train_search: [    INFO] - Train: 1 [ 350/390]  Loss: 1.627 (1.77)  Acc@1: 42.1875 (32.9193)  Acc@5: 92.1875 (86.1289)LR: 2.498e-02
2024-05-26 01:03:44,632 -         train_search: [    INFO] - Train: 1 [ 390/390]  Loss: 1.817 (1.77)  Acc@1: 25.0000 (33.0600)  Acc@5: 90.0000 (86.3560)LR: 2.498e-02
2024-05-26 01:03:44,703 -         train_search: [    INFO] - train_acc 33.060000
2024-05-26 01:03:45,028 -         train_search: [    INFO] - Valid: 1 [   0/390]  Loss: 1.832 (1.83)  Acc@1: 28.1250 (28.1250)  Acc@5: 81.2500 (81.2500)
2024-05-26 01:03:48,930 -         train_search: [    INFO] - Valid: 1 [  50/390]  Loss: 1.709 (1.71)  Acc@1: 35.9375 (35.6618)  Acc@5: 90.6250 (87.6532)
2024-05-26 01:03:52,845 -         train_search: [    INFO] - Valid: 1 [ 100/390]  Loss: 1.608 (1.72)  Acc@1: 35.9375 (35.6281)  Acc@5: 95.3125 (87.7011)
2024-05-26 01:03:56,743 -         train_search: [    INFO] - Valid: 1 [ 150/390]  Loss: 1.779 (1.73)  Acc@1: 31.2500 (35.0269)  Acc@5: 85.9375 (87.7380)
2024-05-26 01:04:00,632 -         train_search: [    INFO] - Valid: 1 [ 200/390]  Loss: 1.708 (1.72)  Acc@1: 32.8125 (35.1057)  Acc@5: 85.9375 (87.5855)
2024-05-26 01:04:04,546 -         train_search: [    INFO] - Valid: 1 [ 250/390]  Loss: 1.688 (1.72)  Acc@1: 43.7500 (35.3959)  Acc@5: 92.1875 (87.8984)
2024-05-26 01:04:07,985 -         train_search: [    INFO] - Valid: 1 [ 300/390]  Loss: 1.828 (1.72)  Acc@1: 39.0625 (35.5689)  Acc@5: 84.3750 (88.0139)
2024-05-26 01:04:11,272 -         train_search: [    INFO] - Valid: 1 [ 350/390]  Loss: 1.814 (1.72)  Acc@1: 28.1250 (35.6882)  Acc@5: 89.0625 (87.9763)
2024-05-26 01:04:13,825 -         train_search: [    INFO] - Valid: 1 [ 390/390]  Loss: 1.542 (1.71)  Acc@1: 37.5000 (35.5160)  Acc@5: 92.5000 (88.0240)
2024-05-26 01:04:13,864 -         train_search: [    INFO] - valid_acc 35.516000
2024-05-26 01:04:13,865 -         train_search: [    INFO] - epoch = 1   
 genotype = |skip_connect~0|+|skip_connect~0|nor_conv_1x1~1|+|skip_connect~0|skip_connect~1|skip_connect~2|
2024-05-26 01:04:13,867 -         train_search: [    INFO] - alphas_normal = 
 tensor([[0.1981, 0.2061, 0.1918, 0.2006, 0.2035],
        [0.1987, 0.2083, 0.1925, 0.1962, 0.2042],
        [0.2025, 0.2029, 0.1886, 0.2035, 0.2025],
        [0.1919, 0.2091, 0.1940, 0.2001, 0.2049],
        [0.2028, 0.2041, 0.1916, 0.2010, 0.2005],
        [0.2071, 0.2019, 0.1882, 0.2011, 0.2017]], device='cuda:0',
       grad_fn=<SoftmaxBackward0>)
2024-05-26 01:04:14,940 -         train_search: [    INFO] - Train: 2 [   0/390]  Loss: 1.720 (1.72)  Acc@1: 35.9375 (35.9375)  Acc@5: 87.5000 (87.5000)LR: 2.491e-02
2024-05-26 01:04:31,564 -         train_search: [    INFO] - Train: 2 [  50/390]  Loss: 1.473 (1.69)  Acc@1: 40.6250 (36.1213)  Acc@5: 93.7500 (88.3885)LR: 2.491e-02
2024-05-26 01:04:50,288 -         train_search: [    INFO] - Train: 2 [ 100/390]  Loss: 1.632 (1.68)  Acc@1: 35.9375 (36.7265)  Acc@5: 95.3125 (88.7840)LR: 2.491e-02
2024-05-26 01:05:08,746 -         train_search: [    INFO] - Train: 2 [ 150/390]  Loss: 1.609 (1.69)  Acc@1: 51.5625 (36.3825)  Acc@5: 87.5000 (88.6589)LR: 2.491e-02
2024-05-26 01:05:25,148 -         train_search: [    INFO] - Train: 2 [ 200/390]  Loss: 1.753 (1.69)  Acc@1: 37.5000 (36.2951)  Acc@5: 85.9375 (88.2540)LR: 2.491e-02
2024-05-26 01:05:41,658 -         train_search: [    INFO] - Train: 2 [ 250/390]  Loss: 1.469 (1.69)  Acc@1: 48.4375 (36.4044)  Acc@5: 92.1875 (88.0789)LR: 2.491e-02
2024-05-26 01:05:59,466 -         train_search: [    INFO] - Train: 2 [ 300/390]  Loss: 1.709 (1.69)  Acc@1: 34.3750 (36.6694)  Acc@5: 85.9375 (88.1022)LR: 2.491e-02
2024-05-26 01:06:18,322 -         train_search: [    INFO] - Train: 2 [ 350/390]  Loss: 1.722 (1.68)  Acc@1: 29.6875 (36.5474)  Acc@5: 92.1875 (88.0653)LR: 2.491e-02
2024-05-26 01:06:33,231 -         train_search: [    INFO] - Train: 2 [ 390/390]  Loss: 1.814 (1.68)  Acc@1: 32.5000 (36.5960)  Acc@5: 77.5000 (88.1760)LR: 2.491e-02
2024-05-26 01:06:33,310 -         train_search: [    INFO] - train_acc 36.596000
2024-05-26 01:06:33,635 -         train_search: [    INFO] - Valid: 2 [   0/390]  Loss: 1.523 (1.52)  Acc@1: 40.6250 (40.6250)  Acc@5: 92.1875 (92.1875)
2024-05-26 01:06:36,756 -         train_search: [    INFO] - Valid: 2 [  50/390]  Loss: 1.696 (1.67)  Acc@1: 42.1875 (37.6532)  Acc@5: 92.1875 (89.0931)
2024-05-26 01:06:39,867 -         train_search: [    INFO] - Valid: 2 [ 100/390]  Loss: 1.584 (1.67)  Acc@1: 43.7500 (36.7729)  Acc@5: 90.6250 (89.0161)
2024-05-26 01:06:42,980 -         train_search: [    INFO] - Valid: 2 [ 150/390]  Loss: 1.749 (1.67)  Acc@1: 32.8125 (36.8998)  Acc@5: 90.6250 (88.6072)
2024-05-26 01:06:46,099 -         train_search: [    INFO] - Valid: 2 [ 200/390]  Loss: 1.785 (1.67)  Acc@1: 31.2500 (36.9558)  Acc@5: 87.5000 (88.6427)
2024-05-26 01:06:49,198 -         train_search: [    INFO] - Valid: 2 [ 250/390]  Loss: 1.611 (1.66)  Acc@1: 37.5000 (37.2261)  Acc@5: 89.0625 (88.8633)
2024-05-26 01:06:52,392 -         train_search: [    INFO] - Valid: 2 [ 300/390]  Loss: 1.760 (1.66)  Acc@1: 32.8125 (37.3079)  Acc@5: 93.7500 (88.9743)
2024-05-26 01:06:55,681 -         train_search: [    INFO] - Valid: 2 [ 350/390]  Loss: 1.784 (1.66)  Acc@1: 40.6250 (37.2685)  Acc@5: 82.8125 (89.0091)
2024-05-26 01:06:58,239 -         train_search: [    INFO] - Valid: 2 [ 390/390]  Loss: 1.832 (1.66)  Acc@1: 37.5000 (37.3920)  Acc@5: 87.5000 (89.0040)
2024-05-26 01:06:58,275 -         train_search: [    INFO] - valid_acc 37.392000
2024-05-26 01:06:58,276 -         train_search: [    INFO] - epoch = 2   
 genotype = |skip_connect~0|+|skip_connect~0|nor_conv_3x3~1|+|skip_connect~0|skip_connect~1|skip_connect~2|
2024-05-26 01:06:58,278 -         train_search: [    INFO] - alphas_normal = 
 tensor([[0.1953, 0.2096, 0.1861, 0.2027, 0.2062],
        [0.1962, 0.2128, 0.1879, 0.1977, 0.2054],
        [0.2047, 0.2053, 0.1827, 0.2014, 0.2059],
        [0.1875, 0.2160, 0.1906, 0.2002, 0.2058],
        [0.2034, 0.2083, 0.1870, 0.2013, 0.2000],
        [0.2109, 0.2043, 0.1818, 0.2019, 0.2010]], device='cuda:0',
       grad_fn=<SoftmaxBackward0>)
2024-05-26 01:06:59,360 -         train_search: [    INFO] - Train: 3 [   0/390]  Loss: 1.608 (1.61)  Acc@1: 45.3125 (45.3125)  Acc@5: 87.5000 (87.5000)LR: 2.479e-02
2024-05-26 01:07:18,035 -         train_search: [    INFO] - Train: 3 [  50/390]  Loss: 1.572 (1.67)  Acc@1: 40.6250 (37.1936)  Acc@5: 90.6250 (88.3272)LR: 2.479e-02
2024-05-26 01:07:36,600 -         train_search: [    INFO] - Train: 3 [ 100/390]  Loss: 1.703 (1.65)  Acc@1: 34.3750 (37.4845)  Acc@5: 87.5000 (88.7222)LR: 2.479e-02
2024-05-26 01:07:55,147 -         train_search: [    INFO] - Train: 3 [ 150/390]  Loss: 1.585 (1.65)  Acc@1: 39.0625 (38.0381)  Acc@5: 92.1875 (88.8349)LR: 2.479e-02
2024-05-26 01:08:13,941 -         train_search: [    INFO] - Train: 3 [ 200/390]  Loss: 1.643 (1.64)  Acc@1: 39.0625 (38.3085)  Acc@5: 89.0625 (88.8915)LR: 2.479e-02
2024-05-26 01:08:32,570 -         train_search: [    INFO] - Train: 3 [ 250/390]  Loss: 1.519 (1.63)  Acc@1: 50.0000 (38.6641)  Acc@5: 95.3125 (89.1683)LR: 2.479e-02
2024-05-26 01:08:51,235 -         train_search: [    INFO] - Train: 3 [ 300/390]  Loss: 1.670 (1.63)  Acc@1: 34.3750 (38.9691)  Acc@5: 89.0625 (89.3117)LR: 2.479e-02
2024-05-26 01:09:09,878 -         train_search: [    INFO] - Train: 3 [ 350/390]  Loss: 1.634 (1.63)  Acc@1: 25.0000 (39.0002)  Acc@5: 93.7500 (89.4008)LR: 2.479e-02
2024-05-26 01:09:24,860 -         train_search: [    INFO] - Train: 3 [ 390/390]  Loss: 1.177 (1.62)  Acc@1: 55.0000 (39.2200)  Acc@5: 95.0000 (89.4760)LR: 2.479e-02
2024-05-26 01:09:24,936 -         train_search: [    INFO] - train_acc 39.220000
2024-05-26 01:09:25,286 -         train_search: [    INFO] - Valid: 3 [   0/390]  Loss: 1.460 (1.46)  Acc@1: 45.3125 (45.3125)  Acc@5: 95.3125 (95.3125)
2024-05-26 01:09:28,522 -         train_search: [    INFO] - Valid: 3 [  50/390]  Loss: 1.638 (1.57)  Acc@1: 40.6250 (41.9730)  Acc@5: 90.6250 (90.1961)
2024-05-26 01:09:32,352 -         train_search: [    INFO] - Valid: 3 [ 100/390]  Loss: 1.415 (1.57)  Acc@1: 48.4375 (42.4350)  Acc@5: 90.6250 (90.0681)
2024-05-26 01:09:36,460 -         train_search: [    INFO] - Valid: 3 [ 150/390]  Loss: 1.810 (1.57)  Acc@1: 34.3750 (42.6014)  Acc@5: 85.9375 (90.3560)
2024-05-26 01:09:40,511 -         train_search: [    INFO] - Valid: 3 [ 200/390]  Loss: 1.462 (1.56)  Acc@1: 39.0625 (42.3197)  Acc@5: 84.3750 (90.3451)
2024-05-26 01:09:43,730 -         train_search: [    INFO] - Valid: 3 [ 250/390]  Loss: 1.790 (1.56)  Acc@1: 31.2500 (42.0007)  Acc@5: 89.0625 (90.2266)
2024-05-26 01:09:46,943 -         train_search: [    INFO] - Valid: 3 [ 300/390]  Loss: 1.612 (1.57)  Acc@1: 40.6250 (41.9279)  Acc@5: 90.6250 (90.1941)
2024-05-26 01:09:50,159 -         train_search: [    INFO] - Valid: 3 [ 350/390]  Loss: 1.675 (1.56)  Acc@1: 31.2500 (41.9382)  Acc@5: 92.1875 (90.2244)
2024-05-26 01:09:52,679 -         train_search: [    INFO] - Valid: 3 [ 390/390]  Loss: 1.452 (1.57)  Acc@1: 50.0000 (41.8600)  Acc@5: 87.5000 (90.1240)
2024-05-26 01:09:52,716 -         train_search: [    INFO] - valid_acc 41.860000
2024-05-26 01:09:52,717 -         train_search: [    INFO] - epoch = 3   
 genotype = |skip_connect~0|+|skip_connect~0|nor_conv_3x3~1|+|skip_connect~0|skip_connect~1|skip_connect~2|
2024-05-26 01:09:52,719 -         train_search: [    INFO] - alphas_normal = 
 tensor([[0.1953, 0.2112, 0.1799, 0.2040, 0.2097],
        [0.1943, 0.2150, 0.1823, 0.1980, 0.2103],
        [0.2078, 0.2060, 0.1760, 0.2011, 0.2090],
        [0.1837, 0.2194, 0.1849, 0.2021, 0.2100],
        [0.2043, 0.2099, 0.1807, 0.2016, 0.2034],
        [0.2152, 0.2046, 0.1751, 0.2012, 0.2038]], device='cuda:0',
       grad_fn=<SoftmaxBackward0>)
2024-05-26 01:09:53,640 -         train_search: [    INFO] - Train: 4 [   0/390]  Loss: 1.454 (1.45)  Acc@1: 40.6250 (40.6250)  Acc@5: 90.6250 (90.6250)LR: 2.462e-02
2024-05-26 01:10:10,994 -         train_search: [    INFO] - Train: 4 [  50/390]  Loss: 1.764 (1.58)  Acc@1: 42.1875 (40.9620)  Acc@5: 81.2500 (90.3186)LR: 2.462e-02
2024-05-26 01:10:27,678 -         train_search: [    INFO] - Train: 4 [ 100/390]  Loss: 1.417 (1.58)  Acc@1: 43.7500 (40.5631)  Acc@5: 92.1875 (90.3001)LR: 2.462e-02
2024-05-26 01:10:45,441 -         train_search: [    INFO] - Train: 4 [ 150/390]  Loss: 1.540 (1.58)  Acc@1: 42.1875 (40.8526)  Acc@5: 85.9375 (90.2732)LR: 2.462e-02
2024-05-26 01:11:04,293 -         train_search: [    INFO] - Train: 4 [ 200/390]  Loss: 1.422 (1.57)  Acc@1: 48.4375 (41.1070)  Acc@5: 87.5000 (90.3840)LR: 2.462e-02
2024-05-26 01:11:23,271 -         train_search: [    INFO] - Train: 4 [ 250/390]  Loss: 1.602 (1.56)  Acc@1: 40.6250 (41.1541)  Acc@5: 89.0625 (90.5254)LR: 2.462e-02
2024-05-26 01:11:42,157 -         train_search: [    INFO] - Train: 4 [ 300/390]  Loss: 1.615 (1.56)  Acc@1: 37.5000 (41.2946)  Acc@5: 87.5000 (90.5264)LR: 2.462e-02
2024-05-26 01:11:59,712 -         train_search: [    INFO] - Train: 4 [ 350/390]  Loss: 1.426 (1.56)  Acc@1: 46.8750 (41.4174)  Acc@5: 93.7500 (90.5938)LR: 2.462e-02
2024-05-26 01:12:12,822 -         train_search: [    INFO] - Train: 4 [ 390/390]  Loss: 1.465 (1.56)  Acc@1: 45.0000 (41.6800)  Acc@5: 92.5000 (90.5720)LR: 2.462e-02
2024-05-26 01:12:12,897 -         train_search: [    INFO] - train_acc 41.680000
2024-05-26 01:12:13,408 -         train_search: [    INFO] - Valid: 4 [   0/390]  Loss: 1.652 (1.65)  Acc@1: 35.9375 (35.9375)  Acc@5: 89.0625 (89.0625)
2024-05-26 01:12:16,639 -         train_search: [    INFO] - Valid: 4 [  50/390]  Loss: 1.621 (1.54)  Acc@1: 43.7500 (43.6581)  Acc@5: 89.0625 (90.4718)
2024-05-26 01:12:19,889 -         train_search: [    INFO] - Valid: 4 [ 100/390]  Loss: 1.485 (1.53)  Acc@1: 46.8750 (43.8738)  Acc@5: 89.0625 (90.5167)
2024-05-26 01:12:23,084 -         train_search: [    INFO] - Valid: 4 [ 150/390]  Loss: 1.450 (1.53)  Acc@1: 51.5625 (44.2674)  Acc@5: 87.5000 (90.5008)
2024-05-26 01:12:26,277 -         train_search: [    INFO] - Valid: 4 [ 200/390]  Loss: 1.605 (1.52)  Acc@1: 42.1875 (44.6051)  Acc@5: 92.1875 (90.5706)
2024-05-26 01:12:29,472 -         train_search: [    INFO] - Valid: 4 [ 250/390]  Loss: 1.733 (1.53)  Acc@1: 40.6250 (44.4285)  Acc@5: 84.3750 (90.5876)
2024-05-26 01:12:32,654 -         train_search: [    INFO] - Valid: 4 [ 300/390]  Loss: 1.438 (1.53)  Acc@1: 39.0625 (44.4716)  Acc@5: 95.3125 (90.6510)
2024-05-26 01:12:35,843 -         train_search: [    INFO] - Valid: 4 [ 350/390]  Loss: 1.513 (1.53)  Acc@1: 45.3125 (44.3421)  Acc@5: 85.9375 (90.6116)
2024-05-26 01:12:38,384 -         train_search: [    INFO] - Valid: 4 [ 390/390]  Loss: 1.428 (1.53)  Acc@1: 57.5000 (44.3920)  Acc@5: 92.5000 (90.7760)
2024-05-26 01:12:38,421 -         train_search: [    INFO] - valid_acc 44.392000
2024-05-26 01:12:38,423 -         train_search: [    INFO] - epoch = 4   
 genotype = |nor_conv_3x3~0|+|skip_connect~0|nor_conv_3x3~1|+|skip_connect~0|skip_connect~1|nor_conv_3x3~2|
2024-05-26 01:12:38,425 -         train_search: [    INFO] - alphas_normal = 
 tensor([[0.1953, 0.2119, 0.1717, 0.2028, 0.2184],
        [0.1963, 0.2197, 0.1765, 0.1962, 0.2112],
        [0.2070, 0.2060, 0.1685, 0.2010, 0.2175],
        [0.1827, 0.2244, 0.1775, 0.2023, 0.2131],
        [0.2072, 0.2124, 0.1723, 0.2014, 0.2066],
        [0.2198, 0.2049, 0.1654, 0.2012, 0.2087]], device='cuda:0',
       grad_fn=<SoftmaxBackward0>)
2024-05-26 01:12:39,241 -         train_search: [    INFO] - Train: 5 [   0/390]  Loss: 1.490 (1.49)  Acc@1: 50.0000 (50.0000)  Acc@5: 90.6250 (90.6250)LR: 2.441e-02
2024-05-26 01:12:55,583 -         train_search: [    INFO] - Train: 5 [  50/390]  Loss: 1.470 (1.52)  Acc@1: 45.3125 (43.7194)  Acc@5: 95.3125 (90.7475)LR: 2.441e-02
2024-05-26 01:13:11,695 -         train_search: [    INFO] - Train: 5 [ 100/390]  Loss: 1.597 (1.51)  Acc@1: 43.7500 (44.3379)  Acc@5: 92.1875 (90.8416)LR: 2.441e-02
2024-05-26 01:13:28,579 -         train_search: [    INFO] - Train: 5 [ 150/390]  Loss: 1.555 (1.51)  Acc@1: 48.4375 (44.2260)  Acc@5: 90.6250 (91.2459)LR: 2.441e-02
2024-05-26 01:13:47,233 -         train_search: [    INFO] - Train: 5 [ 200/390]  Loss: 1.292 (1.50)  Acc@1: 50.0000 (44.4030)  Acc@5: 93.7500 (91.2935)LR: 2.441e-02
2024-05-26 01:14:05,971 -         train_search: [    INFO] - Train: 5 [ 250/390]  Loss: 1.234 (1.49)  Acc@1: 51.5625 (44.8020)  Acc@5: 93.7500 (91.3533)LR: 2.441e-02
2024-05-26 01:14:24,686 -         train_search: [    INFO] - Train: 5 [ 300/390]  Loss: 1.407 (1.49)  Acc@1: 50.0000 (45.0114)  Acc@5: 92.1875 (91.4867)LR: 2.441e-02
2024-05-26 01:14:43,436 -         train_search: [    INFO] - Train: 5 [ 350/390]  Loss: 1.483 (1.49)  Acc@1: 37.5000 (44.9831)  Acc@5: 89.0625 (91.4174)LR: 2.441e-02
2024-05-26 01:14:58,373 -         train_search: [    INFO] - Train: 5 [ 390/390]  Loss: 1.539 (1.48)  Acc@1: 40.0000 (45.2760)  Acc@5: 90.0000 (91.3440)LR: 2.441e-02
2024-05-26 01:14:58,449 -         train_search: [    INFO] - train_acc 45.276000
2024-05-26 01:14:58,951 -         train_search: [    INFO] - Valid: 5 [   0/390]  Loss: 1.364 (1.36)  Acc@1: 43.7500 (43.7500)  Acc@5: 92.1875 (92.1875)
2024-05-26 01:15:03,003 -         train_search: [    INFO] - Valid: 5 [  50/390]  Loss: 1.378 (1.43)  Acc@1: 56.2500 (47.8554)  Acc@5: 89.0625 (91.9730)
2024-05-26 01:15:06,988 -         train_search: [    INFO] - Valid: 5 [ 100/390]  Loss: 1.467 (1.42)  Acc@1: 45.3125 (48.0507)  Acc@5: 93.7500 (91.7079)
2024-05-26 01:15:10,998 -         train_search: [    INFO] - Valid: 5 [ 150/390]  Loss: 1.335 (1.41)  Acc@1: 56.2500 (48.1581)  Acc@5: 93.7500 (92.1978)
2024-05-26 01:15:14,988 -         train_search: [    INFO] - Valid: 5 [ 200/390]  Loss: 1.600 (1.42)  Acc@1: 46.8750 (47.9400)  Acc@5: 87.5000 (92.2575)
2024-05-26 01:15:18,971 -         train_search: [    INFO] - Valid: 5 [ 250/390]  Loss: 1.332 (1.42)  Acc@1: 51.5625 (48.0889)  Acc@5: 96.8750 (92.2996)
2024-05-26 01:15:22,959 -         train_search: [    INFO] - Valid: 5 [ 300/390]  Loss: 1.480 (1.42)  Acc@1: 51.5625 (48.0066)  Acc@5: 95.3125 (92.4107)
2024-05-26 01:15:26,953 -         train_search: [    INFO] - Valid: 5 [ 350/390]  Loss: 1.447 (1.42)  Acc@1: 56.2500 (47.8989)  Acc@5: 92.1875 (92.3745)
2024-05-26 01:15:30,100 -         train_search: [    INFO] - Valid: 5 [ 390/390]  Loss: 1.520 (1.42)  Acc@1: 45.0000 (47.7840)  Acc@5: 95.0000 (92.3920)
2024-05-26 01:15:30,139 -         train_search: [    INFO] - valid_acc 47.784000
2024-05-26 01:15:30,140 -         train_search: [    INFO] - epoch = 5   
 genotype = |nor_conv_3x3~0|+|skip_connect~0|nor_conv_3x3~1|+|skip_connect~0|skip_connect~1|nor_conv_3x3~2|
2024-05-26 01:15:30,142 -         train_search: [    INFO] - alphas_normal = 
 tensor([[0.1950, 0.2143, 0.1639, 0.2046, 0.2221],
        [0.1946, 0.2229, 0.1696, 0.1997, 0.2132],
        [0.2082, 0.2053, 0.1609, 0.2017, 0.2239],
        [0.1790, 0.2320, 0.1709, 0.2058, 0.2123],
        [0.2105, 0.2160, 0.1646, 0.2024, 0.2064],
        [0.2217, 0.2072, 0.1573, 0.2005, 0.2132]], device='cuda:0',
       grad_fn=<SoftmaxBackward0>)
2024-05-26 01:15:31,027 -         train_search: [    INFO] - Train: 6 [   0/390]  Loss: 1.489 (1.49)  Acc@1: 48.4375 (48.4375)  Acc@5: 85.9375 (85.9375)LR: 2.416e-02
2024-05-26 01:15:49,657 -         train_search: [    INFO] - Train: 6 [  50/390]  Loss: 1.840 (1.41)  Acc@1: 37.5000 (48.4069)  Acc@5: 87.5000 (92.2488)LR: 2.416e-02
2024-05-26 01:16:08,942 -         train_search: [    INFO] - Train: 6 [ 100/390]  Loss: 1.453 (1.42)  Acc@1: 56.2500 (48.1281)  Acc@5: 87.5000 (92.5124)LR: 2.416e-02
2024-05-26 01:16:27,709 -         train_search: [    INFO] - Train: 6 [ 150/390]  Loss: 1.339 (1.41)  Acc@1: 46.8750 (48.2823)  Acc@5: 95.3125 (92.6738)LR: 2.416e-02
2024-05-26 01:16:46,483 -         train_search: [    INFO] - Train: 6 [ 200/390]  Loss: 1.391 (1.41)  Acc@1: 45.3125 (48.1266)  Acc@5: 95.3125 (92.6150)LR: 2.416e-02
2024-05-26 01:17:05,185 -         train_search: [    INFO] - Train: 6 [ 250/390]  Loss: 1.622 (1.42)  Acc@1: 29.6875 (48.0889)  Acc@5: 92.1875 (92.6419)LR: 2.416e-02
2024-05-26 01:17:24,054 -         train_search: [    INFO] - Train: 6 [ 300/390]  Loss: 1.415 (1.41)  Acc@1: 46.8750 (48.2454)  Acc@5: 95.3125 (92.6080)LR: 2.416e-02
2024-05-26 01:17:42,788 -         train_search: [    INFO] - Train: 6 [ 350/390]  Loss: 1.496 (1.41)  Acc@1: 40.6250 (48.4063)  Acc@5: 96.8750 (92.5659)LR: 2.416e-02
2024-05-26 01:17:56,002 -         train_search: [    INFO] - Train: 6 [ 390/390]  Loss: 1.425 (1.41)  Acc@1: 45.0000 (48.5160)  Acc@5: 95.0000 (92.5760)LR: 2.416e-02
2024-05-26 01:17:56,091 -         train_search: [    INFO] - train_acc 48.516000
2024-05-26 01:17:56,409 -         train_search: [    INFO] - Valid: 6 [   0/390]  Loss: 1.254 (1.25)  Acc@1: 54.6875 (54.6875)  Acc@5: 90.6250 (90.6250)
2024-05-26 01:17:59,725 -         train_search: [    INFO] - Valid: 6 [  50/390]  Loss: 1.274 (1.27)  Acc@1: 50.0000 (53.0025)  Acc@5: 95.3125 (94.6385)
2024-05-26 01:18:03,061 -         train_search: [    INFO] - Valid: 6 [ 100/390]  Loss: 1.305 (1.29)  Acc@1: 51.5625 (52.4598)  Acc@5: 100.0000 (94.3843)
2024-05-26 01:18:06,360 -         train_search: [    INFO] - Valid: 6 [ 150/390]  Loss: 1.415 (1.30)  Acc@1: 54.6875 (52.5973)  Acc@5: 95.3125 (94.1950)
2024-05-26 01:18:09,650 -         train_search: [    INFO] - Valid: 6 [ 200/390]  Loss: 1.346 (1.30)  Acc@1: 51.5625 (52.5653)  Acc@5: 95.3125 (94.0765)
2024-05-26 01:18:12,955 -         train_search: [    INFO] - Valid: 6 [ 250/390]  Loss: 1.337 (1.30)  Acc@1: 53.1250 (52.9258)  Acc@5: 90.6250 (94.1609)
2024-05-26 01:18:16,262 -         train_search: [    INFO] - Valid: 6 [ 300/390]  Loss: 1.371 (1.30)  Acc@1: 50.0000 (52.5955)  Acc@5: 89.0625 (94.0511)
2024-05-26 01:18:19,568 -         train_search: [    INFO] - Valid: 6 [ 350/390]  Loss: 1.279 (1.31)  Acc@1: 53.1250 (52.3682)  Acc@5: 93.7500 (93.9192)
2024-05-26 01:18:22,133 -         train_search: [    INFO] - Valid: 6 [ 390/390]  Loss: 1.479 (1.31)  Acc@1: 50.0000 (52.4240)  Acc@5: 87.5000 (93.9080)
2024-05-26 01:18:22,173 -         train_search: [    INFO] - valid_acc 52.424000
2024-05-26 01:18:22,173 -         train_search: [    INFO] - epoch = 6   
 genotype = |nor_conv_3x3~0|+|skip_connect~0|nor_conv_3x3~1|+|skip_connect~0|skip_connect~1|nor_conv_3x3~2|
2024-05-26 01:18:22,176 -         train_search: [    INFO] - alphas_normal = 
 tensor([[0.1930, 0.2155, 0.1541, 0.2066, 0.2308],
        [0.1956, 0.2272, 0.1606, 0.2008, 0.2157],
        [0.2069, 0.2052, 0.1527, 0.2000, 0.2351],
        [0.1778, 0.2411, 0.1614, 0.2057, 0.2140],
        [0.2135, 0.2217, 0.1555, 0.1988, 0.2105],
        [0.2223, 0.2084, 0.1479, 0.2007, 0.2206]], device='cuda:0',
       grad_fn=<SoftmaxBackward0>)
2024-05-26 01:18:23,184 -         train_search: [    INFO] - Train: 7 [   0/390]  Loss: 1.255 (1.25)  Acc@1: 53.1250 (53.1250)  Acc@5: 95.3125 (95.3125)LR: 2.386e-02
2024-05-26 01:18:41,825 -         train_search: [    INFO] - Train: 7 [  50/390]  Loss: 1.394 (1.32)  Acc@1: 42.1875 (51.9301)  Acc@5: 90.6250 (93.9951)LR: 2.386e-02
2024-05-26 01:18:59,639 -         train_search: [    INFO] - Train: 7 [ 100/390]  Loss: 1.305 (1.35)  Acc@1: 50.0000 (50.6962)  Acc@5: 93.7500 (93.8274)LR: 2.386e-02
2024-05-26 01:19:18,508 -         train_search: [    INFO] - Train: 7 [ 150/390]  Loss: 1.399 (1.34)  Acc@1: 56.2500 (51.1900)  Acc@5: 93.7500 (93.7500)LR: 2.386e-02
2024-05-26 01:19:37,423 -         train_search: [    INFO] - Train: 7 [ 200/390]  Loss: 1.489 (1.35)  Acc@1: 43.7500 (51.3526)  Acc@5: 92.1875 (93.6101)LR: 2.386e-02
2024-05-26 01:19:56,260 -         train_search: [    INFO] - Train: 7 [ 250/390]  Loss: 1.242 (1.34)  Acc@1: 54.6875 (51.5127)  Acc@5: 93.7500 (93.6442)LR: 2.386e-02
2024-05-26 01:20:15,396 -         train_search: [    INFO] - Train: 7 [ 300/390]  Loss: 1.535 (1.33)  Acc@1: 43.7500 (51.8740)  Acc@5: 89.0625 (93.7604)LR: 2.386e-02
2024-05-26 01:20:33,572 -         train_search: [    INFO] - Train: 7 [ 350/390]  Loss: 1.328 (1.32)  Acc@1: 46.8750 (52.1100)  Acc@5: 93.7500 (93.7812)LR: 2.386e-02
2024-05-26 01:20:47,035 -         train_search: [    INFO] - Train: 7 [ 390/390]  Loss: 0.9944 (1.32)  Acc@1: 62.5000 (52.4440)  Acc@5: 100.0000 (93.8360)LR: 2.386e-02
2024-05-26 01:20:47,114 -         train_search: [    INFO] - train_acc 52.444000
2024-05-26 01:20:47,438 -         train_search: [    INFO] - Valid: 7 [   0/390]  Loss: 1.092 (1.09)  Acc@1: 62.5000 (62.5000)  Acc@5: 98.4375 (98.4375)
2024-05-26 01:20:51,327 -         train_search: [    INFO] - Valid: 7 [  50/390]  Loss: 1.290 (1.27)  Acc@1: 48.4375 (53.5233)  Acc@5: 92.1875 (94.2402)
2024-05-26 01:20:55,212 -         train_search: [    INFO] - Valid: 7 [ 100/390]  Loss: 1.287 (1.26)  Acc@1: 53.1250 (54.7649)  Acc@5: 95.3125 (94.0903)
2024-05-26 01:20:59,117 -         train_search: [    INFO] - Valid: 7 [ 150/390]  Loss: 1.023 (1.27)  Acc@1: 65.6250 (54.2529)  Acc@5: 95.3125 (93.8638)
2024-05-26 01:21:03,012 -         train_search: [    INFO] - Valid: 7 [ 200/390]  Loss: 1.226 (1.27)  Acc@1: 57.8125 (54.3377)  Acc@5: 96.8750 (93.7500)
2024-05-26 01:21:06,899 -         train_search: [    INFO] - Valid: 7 [ 250/390]  Loss: 1.282 (1.28)  Acc@1: 56.2500 (54.2517)  Acc@5: 92.1875 (93.5881)
2024-05-26 01:21:10,583 -         train_search: [    INFO] - Valid: 7 [ 300/390]  Loss: 1.287 (1.28)  Acc@1: 56.2500 (54.2566)  Acc@5: 89.0625 (93.5735)
2024-05-26 01:21:13,696 -         train_search: [    INFO] - Valid: 7 [ 350/390]  Loss: 1.612 (1.28)  Acc@1: 39.0625 (54.3002)  Acc@5: 93.7500 (93.6565)
2024-05-26 01:21:16,177 -         train_search: [    INFO] - Valid: 7 [ 390/390]  Loss: 1.364 (1.28)  Acc@1: 52.5000 (54.0840)  Acc@5: 92.5000 (93.6320)
2024-05-26 01:21:16,214 -         train_search: [    INFO] - valid_acc 54.084000
2024-05-26 01:21:16,215 -         train_search: [    INFO] - epoch = 7   
 genotype = |nor_conv_3x3~0|+|skip_connect~0|nor_conv_3x3~1|+|skip_connect~0|skip_connect~1|nor_conv_3x3~2|
2024-05-26 01:21:16,217 -         train_search: [    INFO] - alphas_normal = 
 tensor([[0.1931, 0.2141, 0.1458, 0.2082, 0.2388],
        [0.1979, 0.2303, 0.1534, 0.1984, 0.2199],
        [0.2043, 0.2039, 0.1459, 0.2015, 0.2443],
        [0.1782, 0.2467, 0.1533, 0.2051, 0.2167],
        [0.2181, 0.2249, 0.1467, 0.1959, 0.2143],
        [0.2198, 0.2076, 0.1401, 0.2023, 0.2301]], device='cuda:0',
       grad_fn=<SoftmaxBackward0>)
2024-05-26 01:21:17,234 -         train_search: [    INFO] - Train: 8 [   0/390]  Loss: 1.183 (1.18)  Acc@1: 59.3750 (59.3750)  Acc@5: 90.6250 (90.6250)LR: 2.352e-02
2024-05-26 01:21:33,499 -         train_search: [    INFO] - Train: 8 [  50/390]  Loss: 1.301 (1.27)  Acc@1: 48.4375 (53.0944)  Acc@5: 96.8750 (94.3015)LR: 2.352e-02
2024-05-26 01:21:50,478 -         train_search: [    INFO] - Train: 8 [ 100/390]  Loss: 0.9721 (1.25)  Acc@1: 67.1875 (54.7494)  Acc@5: 98.4375 (94.4771)LR: 2.352e-02
2024-05-26 01:22:08,447 -         train_search: [    INFO] - Train: 8 [ 150/390]  Loss: 1.252 (1.27)  Acc@1: 53.1250 (54.3046)  Acc@5: 95.3125 (94.3502)LR: 2.352e-02
2024-05-26 01:22:24,747 -         train_search: [    INFO] - Train: 8 [ 200/390]  Loss: 1.230 (1.27)  Acc@1: 56.2500 (54.1822)  Acc@5: 93.7500 (94.4030)LR: 2.352e-02
2024-05-26 01:22:43,330 -         train_search: [    INFO] - Train: 8 [ 250/390]  Loss: 1.280 (1.26)  Acc@1: 60.9375 (54.4385)  Acc@5: 93.7500 (94.3663)LR: 2.352e-02
2024-05-26 01:23:01,838 -         train_search: [    INFO] - Train: 8 [ 300/390]  Loss: 1.189 (1.26)  Acc@1: 51.5625 (54.7238)  Acc@5: 98.4375 (94.4041)LR: 2.352e-02
2024-05-26 01:23:18,576 -         train_search: [    INFO] - Train: 8 [ 350/390]  Loss: 1.026 (1.25)  Acc@1: 64.0625 (54.9769)  Acc@5: 98.4375 (94.4934)LR: 2.352e-02
2024-05-26 01:23:31,810 -         train_search: [    INFO] - Train: 8 [ 390/390]  Loss: 1.196 (1.24)  Acc@1: 50.0000 (55.1200)  Acc@5: 95.0000 (94.5720)LR: 2.352e-02
2024-05-26 01:23:31,882 -         train_search: [    INFO] - train_acc 55.120000
2024-05-26 01:23:32,198 -         train_search: [    INFO] - Valid: 8 [   0/390]  Loss: 1.355 (1.36)  Acc@1: 48.4375 (48.4375)  Acc@5: 95.3125 (95.3125)
2024-05-26 01:23:35,388 -         train_search: [    INFO] - Valid: 8 [  50/390]  Loss: 1.116 (1.18)  Acc@1: 57.8125 (57.2304)  Acc@5: 98.4375 (95.0980)
2024-05-26 01:23:38,574 -         train_search: [    INFO] - Valid: 8 [ 100/390]  Loss: 1.148 (1.20)  Acc@1: 60.9375 (56.8998)  Acc@5: 98.4375 (95.2816)
2024-05-26 01:23:41,791 -         train_search: [    INFO] - Valid: 8 [ 150/390]  Loss: 1.036 (1.20)  Acc@1: 67.1875 (56.6122)  Acc@5: 95.3125 (95.3125)
2024-05-26 01:23:44,979 -         train_search: [    INFO] - Valid: 8 [ 200/390]  Loss: 1.454 (1.19)  Acc@1: 42.1875 (56.5920)  Acc@5: 92.1875 (95.2270)
2024-05-26 01:23:48,155 -         train_search: [    INFO] - Valid: 8 [ 250/390]  Loss: 1.126 (1.19)  Acc@1: 62.5000 (56.8787)  Acc@5: 93.7500 (95.1880)
2024-05-26 01:23:51,333 -         train_search: [    INFO] - Valid: 8 [ 300/390]  Loss: 0.8953 (1.19)  Acc@1: 71.8750 (56.8989)  Acc@5: 100.0000 (95.2294)
2024-05-26 01:23:55,281 -         train_search: [    INFO] - Valid: 8 [ 350/390]  Loss: 1.073 (1.19)  Acc@1: 65.6250 (57.0290)  Acc@5: 96.8750 (95.2947)
2024-05-26 01:23:58,446 -         train_search: [    INFO] - Valid: 8 [ 390/390]  Loss: 1.255 (1.19)  Acc@1: 45.0000 (57.0240)  Acc@5: 97.5000 (95.2040)
2024-05-26 01:23:58,482 -         train_search: [    INFO] - valid_acc 57.024000
2024-05-26 01:23:58,483 -         train_search: [    INFO] - epoch = 8   
 genotype = |nor_conv_3x3~0|+|skip_connect~0|nor_conv_3x3~1|+|skip_connect~0|skip_connect~1|nor_conv_3x3~2|
2024-05-26 01:23:58,485 -         train_search: [    INFO] - alphas_normal = 
 tensor([[0.1933, 0.2119, 0.1376, 0.2115, 0.2457],
        [0.2026, 0.2309, 0.1451, 0.1965, 0.2249],
        [0.2005, 0.2013, 0.1400, 0.2004, 0.2579],
        [0.1822, 0.2535, 0.1445, 0.2047, 0.2151],
        [0.2191, 0.2253, 0.1387, 0.1970, 0.2199],
        [0.2169, 0.2051, 0.1329, 0.2059, 0.2393]], device='cuda:0',
       grad_fn=<SoftmaxBackward0>)
2024-05-26 01:23:59,548 -         train_search: [    INFO] - Train: 9 [   0/390]  Loss: 1.096 (1.10)  Acc@1: 60.9375 (60.9375)  Acc@5: 96.8750 (96.8750)LR: 2.313e-02
2024-05-26 01:24:17,597 -         train_search: [    INFO] - Train: 9 [  50/390]  Loss: 1.265 (1.21)  Acc@1: 56.2500 (56.4338)  Acc@5: 98.4375 (95.0061)LR: 2.313e-02
2024-05-26 01:24:35,249 -         train_search: [    INFO] - Train: 9 [ 100/390]  Loss: 1.170 (1.19)  Acc@1: 60.9375 (57.0235)  Acc@5: 95.3125 (95.0959)LR: 2.313e-02
2024-05-26 01:24:53,320 -         train_search: [    INFO] - Train: 9 [ 150/390]  Loss: 1.216 (1.19)  Acc@1: 50.0000 (57.2434)  Acc@5: 95.3125 (95.2297)LR: 2.313e-02
2024-05-26 01:25:11,816 -         train_search: [    INFO] - Train: 9 [ 200/390]  Loss: 1.139 (1.18)  Acc@1: 60.9375 (57.2683)  Acc@5: 93.7500 (95.2736)LR: 2.313e-02
2024-05-26 01:25:30,403 -         train_search: [    INFO] - Train: 9 [ 250/390]  Loss: 1.176 (1.17)  Acc@1: 67.1875 (57.5012)  Acc@5: 89.0625 (95.4059)LR: 2.313e-02
2024-05-26 01:25:48,187 -         train_search: [    INFO] - Train: 9 [ 300/390]  Loss: 1.146 (1.18)  Acc@1: 59.3750 (57.4439)  Acc@5: 92.1875 (95.3229)LR: 2.313e-02
2024-05-26 01:26:04,616 -         train_search: [    INFO] - Train: 9 [ 350/390]  Loss: 1.365 (1.18)  Acc@1: 48.4375 (57.6122)  Acc@5: 92.1875 (95.3080)LR: 2.313e-02
2024-05-26 01:26:17,543 -         train_search: [    INFO] - Train: 9 [ 390/390]  Loss: 1.202 (1.18)  Acc@1: 55.0000 (57.6000)  Acc@5: 92.5000 (95.2680)LR: 2.313e-02
2024-05-26 01:26:17,610 -         train_search: [    INFO] - train_acc 57.600000
2024-05-26 01:26:17,934 -         train_search: [    INFO] - Valid: 9 [   0/390]  Loss: 1.120 (1.12)  Acc@1: 59.3750 (59.3750)  Acc@5: 96.8750 (96.8750)
2024-05-26 01:26:21,079 -         train_search: [    INFO] - Valid: 9 [  50/390]  Loss: 1.134 (1.15)  Acc@1: 60.9375 (59.5282)  Acc@5: 93.7500 (94.7610)
2024-05-26 01:26:25,208 -         train_search: [    INFO] - Valid: 9 [ 100/390]  Loss: 1.279 (1.14)  Acc@1: 54.6875 (59.6999)  Acc@5: 92.1875 (95.1423)
2024-05-26 01:26:29,150 -         train_search: [    INFO] - Valid: 9 [ 150/390]  Loss: 1.301 (1.15)  Acc@1: 56.2500 (59.0646)  Acc@5: 93.7500 (95.3332)
2024-05-26 01:26:33,252 -         train_search: [    INFO] - Valid: 9 [ 200/390]  Loss: 1.122 (1.15)  Acc@1: 60.9375 (58.9164)  Acc@5: 96.8750 (95.2814)
2024-05-26 01:26:36,699 -         train_search: [    INFO] - Valid: 9 [ 250/390]  Loss: 1.147 (1.16)  Acc@1: 67.1875 (58.8396)  Acc@5: 95.3125 (95.3436)
2024-05-26 01:26:39,894 -         train_search: [    INFO] - Valid: 9 [ 300/390]  Loss: 1.129 (1.15)  Acc@1: 56.2500 (58.8351)  Acc@5: 92.1875 (95.2917)
2024-05-26 01:26:43,102 -         train_search: [    INFO] - Valid: 9 [ 350/390]  Loss: 1.036 (1.15)  Acc@1: 64.0625 (58.8275)  Acc@5: 98.4375 (95.3748)
2024-05-26 01:26:45,632 -         train_search: [    INFO] - Valid: 9 [ 390/390]  Loss: 1.186 (1.16)  Acc@1: 65.0000 (58.5800)  Acc@5: 97.5000 (95.3520)
2024-05-26 01:26:45,671 -         train_search: [    INFO] - valid_acc 58.580000
2024-05-26 01:26:45,672 -         train_search: [    INFO] - epoch = 9   
 genotype = |nor_conv_3x3~0|+|skip_connect~0|nor_conv_3x3~1|+|skip_connect~0|skip_connect~1|nor_conv_3x3~2|
2024-05-26 01:26:45,675 -         train_search: [    INFO] - alphas_normal = 
 tensor([[0.1931, 0.2127, 0.1313, 0.2115, 0.2513],
        [0.2049, 0.2324, 0.1377, 0.1942, 0.2308],
        [0.1989, 0.1990, 0.1332, 0.1992, 0.2698],
        [0.1829, 0.2617, 0.1374, 0.2053, 0.2128],
        [0.2228, 0.2292, 0.1314, 0.1952, 0.2214],
        [0.2161, 0.2036, 0.1261, 0.2055, 0.2486]], device='cuda:0',
       grad_fn=<SoftmaxBackward0>)
2024-05-26 01:26:46,703 -         train_search: [    INFO] - Train: 10 [   0/390]  Loss: 1.203 (1.20)  Acc@1: 60.9375 (60.9375)  Acc@5: 92.1875 (92.1875)LR: 2.271e-02
2024-05-26 01:27:03,266 -         train_search: [    INFO] - Train: 10 [  50/390]  Loss: 1.038 (1.14)  Acc@1: 60.9375 (59.6507)  Acc@5: 96.8750 (95.4963)LR: 2.271e-02
2024-05-26 01:27:19,617 -         train_search: [    INFO] - Train: 10 [ 100/390]  Loss: 1.238 (1.14)  Acc@1: 62.5000 (59.6844)  Acc@5: 93.7500 (95.6528)LR: 2.271e-02
2024-05-26 01:27:36,000 -         train_search: [    INFO] - Train: 10 [ 150/390]  Loss: 1.117 (1.14)  Acc@1: 56.2500 (59.5199)  Acc@5: 95.3125 (95.4574)LR: 2.271e-02
2024-05-26 01:27:52,677 -         train_search: [    INFO] - Train: 10 [ 200/390]  Loss: 1.396 (1.14)  Acc@1: 51.5625 (59.6238)  Acc@5: 90.6250 (95.3980)LR: 2.271e-02
2024-05-26 01:28:09,263 -         train_search: [    INFO] - Train: 10 [ 250/390]  Loss: 1.023 (1.14)  Acc@1: 62.5000 (59.5369)  Acc@5: 96.8750 (95.4059)LR: 2.271e-02
2024-05-26 01:28:25,876 -         train_search: [    INFO] - Train: 10 [ 300/390]  Loss: 1.110 (1.13)  Acc@1: 68.7500 (59.8370)  Acc@5: 93.7500 (95.5669)LR: 2.271e-02
2024-05-26 01:28:42,275 -         train_search: [    INFO] - Train: 10 [ 350/390]  Loss: 1.046 (1.13)  Acc@1: 64.0625 (59.6688)  Acc@5: 96.8750 (95.5262)LR: 2.271e-02
2024-05-26 01:28:56,888 -         train_search: [    INFO] - Train: 10 [ 390/390]  Loss: 0.9528 (1.13)  Acc@1: 65.0000 (59.6760)  Acc@5: 95.0000 (95.5240)LR: 2.271e-02
2024-05-26 01:28:56,963 -         train_search: [    INFO] - train_acc 59.676000
2024-05-26 01:28:57,287 -         train_search: [    INFO] - Valid: 10 [   0/390]  Loss: 1.175 (1.17)  Acc@1: 60.9375 (60.9375)  Acc@5: 93.7500 (93.7500)
2024-05-26 01:29:00,517 -         train_search: [    INFO] - Valid: 10 [  50/390]  Loss: 0.9982 (1.09)  Acc@1: 64.0625 (61.7034)  Acc@5: 100.0000 (95.6189)
2024-05-26 01:29:04,009 -         train_search: [    INFO] - Valid: 10 [ 100/390]  Loss: 1.128 (1.08)  Acc@1: 59.3750 (62.0204)  Acc@5: 95.3125 (95.8385)
2024-05-26 01:29:07,634 -         train_search: [    INFO] - Valid: 10 [ 150/390]  Loss: 0.9999 (1.07)  Acc@1: 64.0625 (61.9516)  Acc@5: 95.3125 (95.9851)
2024-05-26 01:29:11,523 -         train_search: [    INFO] - Valid: 10 [ 200/390]  Loss: 1.152 (1.07)  Acc@1: 62.5000 (62.0725)  Acc@5: 96.8750 (96.0665)
2024-05-26 01:29:14,845 -         train_search: [    INFO] - Valid: 10 [ 250/390]  Loss: 1.087 (1.07)  Acc@1: 67.1875 (62.1576)  Acc@5: 95.3125 (96.1404)
2024-05-26 01:29:18,143 -         train_search: [    INFO] - Valid: 10 [ 300/390]  Loss: 1.221 (1.07)  Acc@1: 53.1250 (62.0847)  Acc@5: 96.8750 (96.1483)
2024-05-26 01:29:21,476 -         train_search: [    INFO] - Valid: 10 [ 350/390]  Loss: 1.026 (1.07)  Acc@1: 62.5000 (62.0860)  Acc@5: 96.8750 (96.1004)
2024-05-26 01:29:24,035 -         train_search: [    INFO] - Valid: 10 [ 390/390]  Loss: 1.111 (1.07)  Acc@1: 62.5000 (62.1600)  Acc@5: 97.5000 (96.1200)
2024-05-26 01:29:24,075 -         train_search: [    INFO] - valid_acc 62.160000
2024-05-26 01:29:24,076 -         train_search: [    INFO] - epoch = 10   
 genotype = |nor_conv_3x3~0|+|skip_connect~0|nor_conv_3x3~1|+|skip_connect~0|skip_connect~1|nor_conv_3x3~2|
2024-05-26 01:29:24,079 -         train_search: [    INFO] - alphas_normal = 
 tensor([[0.1932, 0.2138, 0.1255, 0.2123, 0.2552],
        [0.2066, 0.2350, 0.1316, 0.1927, 0.2342],
        [0.1981, 0.1977, 0.1276, 0.1996, 0.2770],
        [0.1824, 0.2694, 0.1311, 0.2062, 0.2109],
        [0.2265, 0.2314, 0.1249, 0.1942, 0.2231],
        [0.2163, 0.2008, 0.1192, 0.2079, 0.2558]], device='cuda:0',
       grad_fn=<SoftmaxBackward0>)
2024-05-26 01:29:25,013 -         train_search: [    INFO] - Train: 11 [   0/390]  Loss: 1.157 (1.16)  Acc@1: 59.3750 (59.3750)  Acc@5: 93.7500 (93.7500)LR: 2.225e-02
2024-05-26 01:29:42,281 -         train_search: [    INFO] - Train: 11 [  50/390]  Loss: 1.178 (1.13)  Acc@1: 53.1250 (59.5588)  Acc@5: 100.0000 (95.3738)LR: 2.225e-02
2024-05-26 01:29:58,667 -         train_search: [    INFO] - Train: 11 [ 100/390]  Loss: 1.289 (1.11)  Acc@1: 53.1250 (60.2259)  Acc@5: 93.7500 (95.5446)LR: 2.225e-02
2024-05-26 01:30:15,604 -         train_search: [    INFO] - Train: 11 [ 150/390]  Loss: 0.8407 (1.10)  Acc@1: 70.3125 (60.8030)  Acc@5: 96.8750 (95.8092)LR: 2.225e-02
2024-05-26 01:30:32,464 -         train_search: [    INFO] - Train: 11 [ 200/390]  Loss: 1.026 (1.10)  Acc@1: 65.6250 (61.0230)  Acc@5: 98.4375 (95.7711)LR: 2.225e-02
2024-05-26 01:30:51,499 -         train_search: [    INFO] - Train: 11 [ 250/390]  Loss: 1.179 (1.09)  Acc@1: 56.2500 (61.0620)  Acc@5: 96.8750 (95.8230)LR: 2.225e-02
2024-05-26 01:31:08,454 -         train_search: [    INFO] - Train: 11 [ 300/390]  Loss: 0.9804 (1.09)  Acc@1: 60.9375 (61.4410)  Acc@5: 96.8750 (95.9614)LR: 2.225e-02
2024-05-26 01:31:26,443 -         train_search: [    INFO] - Train: 11 [ 350/390]  Loss: 1.068 (1.09)  Acc@1: 65.6250 (61.2447)  Acc@5: 96.8750 (95.9402)LR: 2.225e-02
2024-05-26 01:31:40,883 -         train_search: [    INFO] - Train: 11 [ 390/390]  Loss: 1.383 (1.09)  Acc@1: 47.5000 (61.4200)  Acc@5: 90.0000 (96.0000)LR: 2.225e-02
2024-05-26 01:31:40,958 -         train_search: [    INFO] - train_acc 61.420000
2024-05-26 01:31:41,456 -         train_search: [    INFO] - Valid: 11 [   0/390]  Loss: 1.239 (1.24)  Acc@1: 59.3750 (59.3750)  Acc@5: 92.1875 (92.1875)
2024-05-26 01:31:44,705 -         train_search: [    INFO] - Valid: 11 [  50/390]  Loss: 1.047 (1.01)  Acc@1: 56.2500 (62.5000)  Acc@5: 98.4375 (96.7218)
2024-05-26 01:31:47,919 -         train_search: [    INFO] - Valid: 11 [ 100/390]  Loss: 0.7770 (1.01)  Acc@1: 78.1250 (63.5520)  Acc@5: 96.8750 (96.7976)
2024-05-26 01:31:51,123 -         train_search: [    INFO] - Valid: 11 [ 150/390]  Loss: 0.9667 (1.02)  Acc@1: 65.6250 (63.3382)  Acc@5: 93.7500 (96.5232)
2024-05-26 01:31:54,343 -         train_search: [    INFO] - Valid: 11 [ 200/390]  Loss: 1.003 (1.02)  Acc@1: 64.0625 (63.3240)  Acc@5: 100.0000 (96.5563)
2024-05-26 01:31:57,578 -         train_search: [    INFO] - Valid: 11 [ 250/390]  Loss: 1.030 (1.02)  Acc@1: 59.3750 (63.2719)  Acc@5: 96.8750 (96.4953)
2024-05-26 01:32:00,789 -         train_search: [    INFO] - Valid: 11 [ 300/390]  Loss: 0.9546 (1.02)  Acc@1: 67.1875 (63.4292)  Acc@5: 98.4375 (96.4649)
2024-05-26 01:32:03,969 -         train_search: [    INFO] - Valid: 11 [ 350/390]  Loss: 1.213 (1.03)  Acc@1: 54.6875 (63.3814)  Acc@5: 95.3125 (96.4387)
2024-05-26 01:32:06,447 -         train_search: [    INFO] - Valid: 11 [ 390/390]  Loss: 1.143 (1.02)  Acc@1: 60.0000 (63.5120)  Acc@5: 95.0000 (96.4040)
2024-05-26 01:32:06,486 -         train_search: [    INFO] - valid_acc 63.512000
2024-05-26 01:32:06,487 -         train_search: [    INFO] - epoch = 11   
 genotype = |nor_conv_3x3~0|+|nor_conv_3x3~0|nor_conv_3x3~1|+|skip_connect~0|skip_connect~1|nor_conv_3x3~2|
2024-05-26 01:32:06,490 -         train_search: [    INFO] - alphas_normal = 
 tensor([[0.1959, 0.2141, 0.1206, 0.2098, 0.2596],
        [0.2097, 0.2360, 0.1265, 0.1895, 0.2383],
        [0.1960, 0.1940, 0.1220, 0.1983, 0.2897],
        [0.1842, 0.2745, 0.1249, 0.2053, 0.2112],
        [0.2294, 0.2305, 0.1181, 0.1954, 0.2266],
        [0.2147, 0.1985, 0.1137, 0.2072, 0.2658]], device='cuda:0',
       grad_fn=<SoftmaxBackward0>)
2024-05-26 01:32:07,329 -         train_search: [    INFO] - Train: 12 [   0/390]  Loss: 0.9179 (0.918)  Acc@1: 60.9375 (60.9375)  Acc@5: 98.4375 (98.4375)LR: 2.175e-02
2024-05-26 01:32:25,991 -         train_search: [    INFO] - Train: 12 [  50/390]  Loss: 1.102 (1.05)  Acc@1: 59.3750 (62.2855)  Acc@5: 96.8750 (96.3848)LR: 2.175e-02
2024-05-26 01:32:43,980 -         train_search: [    INFO] - Train: 12 [ 100/390]  Loss: 0.7963 (1.06)  Acc@1: 78.1250 (62.2679)  Acc@5: 98.4375 (96.3026)LR: 2.175e-02
2024-05-26 01:33:01,308 -         train_search: [    INFO] - Train: 12 [ 150/390]  Loss: 1.020 (1.06)  Acc@1: 59.3750 (62.4897)  Acc@5: 96.8750 (96.3266)LR: 2.175e-02
2024-05-26 01:33:20,170 -         train_search: [    INFO] - Train: 12 [ 200/390]  Loss: 1.266 (1.07)  Acc@1: 56.2500 (62.2590)  Acc@5: 98.4375 (96.1054)LR: 2.175e-02
2024-05-26 01:33:38,979 -         train_search: [    INFO] - Train: 12 [ 250/390]  Loss: 1.098 (1.06)  Acc@1: 59.3750 (62.4626)  Acc@5: 92.1875 (96.0720)LR: 2.175e-02
2024-05-26 01:33:57,775 -         train_search: [    INFO] - Train: 12 [ 300/390]  Loss: 1.107 (1.05)  Acc@1: 64.0625 (62.8530)  Acc@5: 95.3125 (96.0756)LR: 2.175e-02
2024-05-26 01:34:14,711 -         train_search: [    INFO] - Train: 12 [ 350/390]  Loss: 0.8268 (1.05)  Acc@1: 71.8750 (62.8739)  Acc@5: 98.4375 (96.1895)LR: 2.175e-02
2024-05-26 01:34:27,764 -         train_search: [    INFO] - Train: 12 [ 390/390]  Loss: 1.207 (1.05)  Acc@1: 47.5000 (62.8560)  Acc@5: 97.5000 (96.1800)LR: 2.175e-02
2024-05-26 01:34:27,838 -         train_search: [    INFO] - train_acc 62.856000
2024-05-26 01:34:28,359 -         train_search: [    INFO] - Valid: 12 [   0/390]  Loss: 0.9976 (0.998)  Acc@1: 56.2500 (56.2500)  Acc@5: 100.0000 (100.0000)
2024-05-26 01:34:32,398 -         train_search: [    INFO] - Valid: 12 [  50/390]  Loss: 1.012 (1.00)  Acc@1: 68.7500 (64.6140)  Acc@5: 93.7500 (96.4154)
2024-05-26 01:34:36,442 -         train_search: [    INFO] - Valid: 12 [ 100/390]  Loss: 0.9762 (0.993)  Acc@1: 68.7500 (65.0371)  Acc@5: 96.8750 (96.4882)
2024-05-26 01:34:39,832 -         train_search: [    INFO] - Valid: 12 [ 150/390]  Loss: 1.088 (0.998)  Acc@1: 60.9375 (64.8489)  Acc@5: 96.8750 (96.5335)
2024-05-26 01:34:43,066 -         train_search: [    INFO] - Valid: 12 [ 200/390]  Loss: 1.017 (1.00)  Acc@1: 62.5000 (64.8710)  Acc@5: 95.3125 (96.4863)
2024-05-26 01:34:46,319 -         train_search: [    INFO] - Valid: 12 [ 250/390]  Loss: 0.9423 (0.999)  Acc@1: 67.1875 (64.7535)  Acc@5: 96.8750 (96.5139)
2024-05-26 01:34:49,521 -         train_search: [    INFO] - Valid: 12 [ 300/390]  Loss: 1.312 (0.997)  Acc@1: 43.7500 (64.8204)  Acc@5: 95.3125 (96.5168)
2024-05-26 01:34:52,749 -         train_search: [    INFO] - Valid: 12 [ 350/390]  Loss: 0.9763 (0.998)  Acc@1: 62.5000 (64.6590)  Acc@5: 98.4375 (96.6035)
2024-05-26 01:34:55,273 -         train_search: [    INFO] - Valid: 12 [ 390/390]  Loss: 1.001 (1.00)  Acc@1: 62.5000 (64.6000)  Acc@5: 97.5000 (96.5960)
2024-05-26 01:34:55,313 -         train_search: [    INFO] - valid_acc 64.600000
2024-05-26 01:34:55,314 -         train_search: [    INFO] - epoch = 12   
 genotype = |nor_conv_3x3~0|+|nor_conv_3x3~0|nor_conv_3x3~1|+|skip_connect~0|nor_conv_3x3~1|nor_conv_3x3~2|
2024-05-26 01:34:55,316 -         train_search: [    INFO] - alphas_normal = 
 tensor([[0.1975, 0.2134, 0.1160, 0.2085, 0.2645],
        [0.2134, 0.2342, 0.1212, 0.1881, 0.2431],
        [0.1932, 0.1905, 0.1172, 0.1976, 0.3016],
        [0.1852, 0.2797, 0.1195, 0.2044, 0.2112],
        [0.2306, 0.2296, 0.1126, 0.1975, 0.2297],
        [0.2138, 0.1975, 0.1086, 0.2060, 0.2740]], device='cuda:0',
       grad_fn=<SoftmaxBackward0>)
2024-05-26 01:34:56,149 -         train_search: [    INFO] - Train: 13 [   0/390]  Loss: 0.8641 (0.864)  Acc@1: 64.0625 (64.0625)  Acc@5: 95.3125 (95.3125)LR: 2.121e-02
2024-05-26 01:35:12,401 -         train_search: [    INFO] - Train: 13 [  50/390]  Loss: 0.9952 (1.02)  Acc@1: 70.3125 (64.3995)  Acc@5: 95.3125 (96.1397)LR: 2.121e-02
2024-05-26 01:35:29,984 -         train_search: [    INFO] - Train: 13 [ 100/390]  Loss: 1.084 (1.00)  Acc@1: 51.5625 (64.8360)  Acc@5: 95.3125 (96.2098)LR: 2.121e-02
2024-05-26 01:35:48,891 -         train_search: [    INFO] - Train: 13 [ 150/390]  Loss: 0.8762 (1.02)  Acc@1: 68.7500 (64.3108)  Acc@5: 98.4375 (96.2748)LR: 2.121e-02
2024-05-26 01:36:07,875 -         train_search: [    INFO] - Train: 13 [ 200/390]  Loss: 0.8535 (1.01)  Acc@1: 68.7500 (64.3113)  Acc@5: 98.4375 (96.4941)LR: 2.121e-02
2024-05-26 01:36:26,574 -         train_search: [    INFO] - Train: 13 [ 250/390]  Loss: 1.213 (1.00)  Acc@1: 51.5625 (64.5730)  Acc@5: 95.3125 (96.5202)LR: 2.121e-02
2024-05-26 01:36:45,263 -         train_search: [    INFO] - Train: 13 [ 300/390]  Loss: 0.9166 (1.00)  Acc@1: 67.1875 (64.7062)  Acc@5: 96.8750 (96.5739)LR: 2.121e-02
2024-05-26 01:37:02,549 -         train_search: [    INFO] - Train: 13 [ 350/390]  Loss: 1.036 (1.00)  Acc@1: 65.6250 (64.7169)  Acc@5: 95.3125 (96.5723)LR: 2.121e-02
2024-05-26 01:37:17,436 -         train_search: [    INFO] - Train: 13 [ 390/390]  Loss: 0.9116 (1.00)  Acc@1: 65.0000 (64.6080)  Acc@5: 97.5000 (96.5800)LR: 2.121e-02
2024-05-26 01:37:17,512 -         train_search: [    INFO] - train_acc 64.608000
2024-05-26 01:37:17,866 -         train_search: [    INFO] - Valid: 13 [   0/390]  Loss: 0.7849 (0.785)  Acc@1: 70.3125 (70.3125)  Acc@5: 96.8750 (96.8750)
2024-05-26 01:37:21,806 -         train_search: [    INFO] - Valid: 13 [  50/390]  Loss: 1.050 (0.942)  Acc@1: 59.3750 (66.5441)  Acc@5: 98.4375 (96.7525)
2024-05-26 01:37:25,716 -         train_search: [    INFO] - Valid: 13 [ 100/390]  Loss: 0.9113 (0.945)  Acc@1: 71.8750 (66.8007)  Acc@5: 100.0000 (96.8441)
2024-05-26 01:37:29,624 -         train_search: [    INFO] - Valid: 13 [ 150/390]  Loss: 0.8409 (0.939)  Acc@1: 79.6875 (67.2806)  Acc@5: 95.3125 (96.8026)
2024-05-26 01:37:33,547 -         train_search: [    INFO] - Valid: 13 [ 200/390]  Loss: 1.055 (0.943)  Acc@1: 64.0625 (67.0087)  Acc@5: 95.3125 (96.8361)
2024-05-26 01:37:37,454 -         train_search: [    INFO] - Valid: 13 [ 250/390]  Loss: 0.8146 (0.943)  Acc@1: 71.8750 (66.9945)  Acc@5: 100.0000 (96.9186)
2024-05-26 01:37:41,354 -         train_search: [    INFO] - Valid: 13 [ 300/390]  Loss: 0.9014 (0.940)  Acc@1: 65.6250 (67.0525)  Acc@5: 95.3125 (96.9736)
2024-05-26 01:37:45,266 -         train_search: [    INFO] - Valid: 13 [ 350/390]  Loss: 0.8490 (0.941)  Acc@1: 67.1875 (66.8848)  Acc@5: 98.4375 (97.0397)
2024-05-26 01:37:48,424 -         train_search: [    INFO] - Valid: 13 [ 390/390]  Loss: 0.8739 (0.939)  Acc@1: 75.0000 (66.8240)  Acc@5: 97.5000 (97.1040)
2024-05-26 01:37:48,460 -         train_search: [    INFO] - valid_acc 66.824000
2024-05-26 01:37:48,461 -         train_search: [    INFO] - epoch = 13   
 genotype = |nor_conv_3x3~0|+|nor_conv_3x3~0|nor_conv_3x3~1|+|skip_connect~0|nor_conv_3x3~1|nor_conv_3x3~2|
2024-05-26 01:37:48,463 -         train_search: [    INFO] - alphas_normal = 
 tensor([[0.1986, 0.2133, 0.1120, 0.2081, 0.2681],
        [0.2149, 0.2346, 0.1166, 0.1851, 0.2489],
        [0.1917, 0.1883, 0.1136, 0.1952, 0.3111],
        [0.1863, 0.2838, 0.1140, 0.2043, 0.2115],
        [0.2324, 0.2292, 0.1084, 0.1976, 0.2325],
        [0.2121, 0.1967, 0.1045, 0.2062, 0.2804]], device='cuda:0',
       grad_fn=<SoftmaxBackward0>)
2024-05-26 01:37:49,527 -         train_search: [    INFO] - Train: 14 [   0/390]  Loss: 1.199 (1.20)  Acc@1: 60.9375 (60.9375)  Acc@5: 93.7500 (93.7500)LR: 2.065e-02
2024-05-26 01:38:06,966 -         train_search: [    INFO] - Train: 14 [  50/390]  Loss: 1.141 (0.974)  Acc@1: 59.3750 (65.2574)  Acc@5: 95.3125 (96.5380)LR: 2.065e-02
2024-05-26 01:38:24,356 -         train_search: [    INFO] - Train: 14 [ 100/390]  Loss: 0.7363 (0.973)  Acc@1: 79.6875 (65.2847)  Acc@5: 95.3125 (96.8750)LR: 2.065e-02
2024-05-26 01:38:41,211 -         train_search: [    INFO] - Train: 14 [ 150/390]  Loss: 0.9574 (0.963)  Acc@1: 70.3125 (66.0493)  Acc@5: 96.8750 (96.9474)LR: 2.065e-02
2024-05-26 01:38:58,143 -         train_search: [    INFO] - Train: 14 [ 200/390]  Loss: 1.030 (0.966)  Acc@1: 65.6250 (66.1147)  Acc@5: 96.8750 (96.9216)LR: 2.065e-02
2024-05-26 01:39:14,423 -         train_search: [    INFO] - Train: 14 [ 250/390]  Loss: 0.8479 (0.970)  Acc@1: 65.6250 (65.8989)  Acc@5: 98.4375 (96.9124)LR: 2.065e-02
2024-05-26 01:39:32,264 -         train_search: [    INFO] - Train: 14 [ 300/390]  Loss: 0.7514 (0.971)  Acc@1: 70.3125 (65.8586)  Acc@5: 96.8750 (96.8387)LR: 2.065e-02
2024-05-26 01:39:49,339 -         train_search: [    INFO] - Train: 14 [ 350/390]  Loss: 1.216 (0.975)  Acc@1: 59.3750 (65.6295)  Acc@5: 92.1875 (96.7993)LR: 2.065e-02
2024-05-26 01:40:02,317 -         train_search: [    INFO] - Train: 14 [ 390/390]  Loss: 1.028 (0.972)  Acc@1: 55.0000 (65.5920)  Acc@5: 100.0000 (96.7600)LR: 2.065e-02
2024-05-26 01:40:02,391 -         train_search: [    INFO] - train_acc 65.592000
2024-05-26 01:40:02,708 -         train_search: [    INFO] - Valid: 14 [   0/390]  Loss: 0.6666 (0.667)  Acc@1: 68.7500 (68.7500)  Acc@5: 100.0000 (100.0000)
2024-05-26 01:40:05,895 -         train_search: [    INFO] - Valid: 14 [  50/390]  Loss: 1.129 (0.928)  Acc@1: 67.1875 (66.7892)  Acc@5: 95.3125 (96.9669)
2024-05-26 01:40:09,087 -         train_search: [    INFO] - Valid: 14 [ 100/390]  Loss: 0.9154 (0.948)  Acc@1: 70.3125 (66.3057)  Acc@5: 98.4375 (97.1535)
2024-05-26 01:40:12,236 -         train_search: [    INFO] - Valid: 14 [ 150/390]  Loss: 0.8792 (0.933)  Acc@1: 71.8750 (66.8771)  Acc@5: 95.3125 (97.1854)
2024-05-26 01:40:15,526 -         train_search: [    INFO] - Valid: 14 [ 200/390]  Loss: 0.9092 (0.931)  Acc@1: 65.6250 (67.0942)  Acc@5: 98.4375 (97.2870)
2024-05-26 01:40:18,792 -         train_search: [    INFO] - Valid: 14 [ 250/390]  Loss: 1.216 (0.937)  Acc@1: 53.1250 (66.8202)  Acc@5: 95.3125 (97.3108)
2024-05-26 01:40:22,075 -         train_search: [    INFO] - Valid: 14 [ 300/390]  Loss: 0.8855 (0.933)  Acc@1: 68.7500 (67.0525)  Acc@5: 95.3125 (97.3474)
2024-05-26 01:40:25,341 -         train_search: [    INFO] - Valid: 14 [ 350/390]  Loss: 0.8515 (0.934)  Acc@1: 78.1250 (67.1074)  Acc@5: 93.7500 (97.2623)
2024-05-26 01:40:27,892 -         train_search: [    INFO] - Valid: 14 [ 390/390]  Loss: 0.7608 (0.937)  Acc@1: 72.5000 (66.9720)  Acc@5: 95.0000 (97.2120)
2024-05-26 01:40:27,928 -         train_search: [    INFO] - valid_acc 66.972000
2024-05-26 01:40:27,929 -         train_search: [    INFO] - epoch = 14   
 genotype = |nor_conv_3x3~0|+|nor_conv_3x3~0|nor_conv_3x3~1|+|skip_connect~0|nor_conv_3x3~1|nor_conv_3x3~2|
2024-05-26 01:40:27,931 -         train_search: [    INFO] - alphas_normal = 
 tensor([[0.2007, 0.2129, 0.1074, 0.2053, 0.2738],
        [0.2179, 0.2350, 0.1127, 0.1815, 0.2529],
        [0.1899, 0.1853, 0.1093, 0.1930, 0.3225],
        [0.1883, 0.2877, 0.1094, 0.2032, 0.2114],
        [0.2350, 0.2284, 0.1038, 0.1954, 0.2374],
        [0.2110, 0.1937, 0.0999, 0.2068, 0.2886]], device='cuda:0',
       grad_fn=<SoftmaxBackward0>)
2024-05-26 01:40:28,948 -         train_search: [    INFO] - Train: 15 [   0/390]  Loss: 1.157 (1.16)  Acc@1: 60.9375 (60.9375)  Acc@5: 93.7500 (93.7500)LR: 2.005e-02
2024-05-26 01:40:45,441 -         train_search: [    INFO] - Train: 15 [  50/390]  Loss: 0.9147 (0.942)  Acc@1: 70.3125 (66.6054)  Acc@5: 96.8750 (97.0588)LR: 2.005e-02
2024-05-26 01:41:02,061 -         train_search: [    INFO] - Train: 15 [ 100/390]  Loss: 1.030 (0.950)  Acc@1: 64.0625 (66.7079)  Acc@5: 96.8750 (97.0142)LR: 2.005e-02
2024-05-26 01:41:18,636 -         train_search: [    INFO] - Train: 15 [ 150/390]  Loss: 1.070 (0.937)  Acc@1: 64.0625 (66.8150)  Acc@5: 95.3125 (97.1751)LR: 2.005e-02
2024-05-26 01:41:34,918 -         train_search: [    INFO] - Train: 15 [ 200/390]  Loss: 0.8020 (0.941)  Acc@1: 73.4375 (66.8299)  Acc@5: 98.4375 (97.1238)LR: 2.005e-02
2024-05-26 01:41:52,847 -         train_search: [    INFO] - Train: 15 [ 250/390]  Loss: 1.110 (0.939)  Acc@1: 67.1875 (66.9634)  Acc@5: 93.7500 (97.0867)LR: 2.005e-02
2024-05-26 01:42:11,626 -         train_search: [    INFO] - Train: 15 [ 300/390]  Loss: 1.164 (0.946)  Acc@1: 64.0625 (66.7982)  Acc@5: 96.8750 (96.9892)LR: 2.005e-02
2024-05-26 01:42:30,114 -         train_search: [    INFO] - Train: 15 [ 350/390]  Loss: 0.8775 (0.944)  Acc@1: 71.8750 (66.9427)  Acc@5: 95.3125 (97.0442)LR: 2.005e-02
2024-05-26 01:42:44,656 -         train_search: [    INFO] - Train: 15 [ 390/390]  Loss: 0.8552 (0.939)  Acc@1: 62.5000 (67.1240)  Acc@5: 97.5000 (97.0600)LR: 2.005e-02
2024-05-26 01:42:44,731 -         train_search: [    INFO] - train_acc 67.124000
2024-05-26 01:42:45,047 -         train_search: [    INFO] - Valid: 15 [   0/390]  Loss: 0.8184 (0.818)  Acc@1: 67.1875 (67.1875)  Acc@5: 98.4375 (98.4375)
2024-05-26 01:42:48,250 -         train_search: [    INFO] - Valid: 15 [  50/390]  Loss: 0.6965 (0.903)  Acc@1: 78.1250 (68.5355)  Acc@5: 96.8750 (97.1507)
2024-05-26 01:42:51,413 -         train_search: [    INFO] - Valid: 15 [ 100/390]  Loss: 1.067 (0.906)  Acc@1: 59.3750 (68.9511)  Acc@5: 93.7500 (97.2463)
2024-05-26 01:42:54,512 -         train_search: [    INFO] - Valid: 15 [ 150/390]  Loss: 1.064 (0.914)  Acc@1: 57.8125 (68.6258)  Acc@5: 96.8750 (97.1233)
2024-05-26 01:42:57,615 -         train_search: [    INFO] - Valid: 15 [ 200/390]  Loss: 0.6602 (0.908)  Acc@1: 75.0000 (68.6645)  Acc@5: 98.4375 (97.1859)
2024-05-26 01:43:00,713 -         train_search: [    INFO] - Valid: 15 [ 250/390]  Loss: 0.8813 (0.904)  Acc@1: 71.8750 (68.6068)  Acc@5: 93.7500 (97.2734)
2024-05-26 01:43:03,830 -         train_search: [    INFO] - Valid: 15 [ 300/390]  Loss: 0.9626 (0.904)  Acc@1: 64.0625 (68.5372)  Acc@5: 98.4375 (97.2020)
2024-05-26 01:43:06,925 -         train_search: [    INFO] - Valid: 15 [ 350/390]  Loss: 0.7112 (0.900)  Acc@1: 78.1250 (68.6610)  Acc@5: 100.0000 (97.2578)
2024-05-26 01:43:09,386 -         train_search: [    INFO] - Valid: 15 [ 390/390]  Loss: 1.177 (0.899)  Acc@1: 57.5000 (68.6320)  Acc@5: 95.0000 (97.2640)
2024-05-26 01:43:09,426 -         train_search: [    INFO] - valid_acc 68.632000
2024-05-26 01:43:09,427 -         train_search: [    INFO] - epoch = 15   
 genotype = |nor_conv_3x3~0|+|nor_conv_3x3~0|nor_conv_3x3~1|+|skip_connect~0|nor_conv_3x3~1|nor_conv_3x3~2|
2024-05-26 01:43:09,429 -         train_search: [    INFO] - alphas_normal = 
 tensor([[0.2024, 0.2119, 0.1033, 0.2039, 0.2784],
        [0.2223, 0.2323, 0.1080, 0.1786, 0.2588],
        [0.1870, 0.1817, 0.1056, 0.1905, 0.3352],
        [0.1910, 0.2899, 0.1044, 0.2015, 0.2132],
        [0.2376, 0.2279, 0.0996, 0.1928, 0.2421],
        [0.2095, 0.1914, 0.0963, 0.2069, 0.2960]], device='cuda:0',
       grad_fn=<SoftmaxBackward0>)
2024-05-26 01:43:10,489 -         train_search: [    INFO] - Train: 16 [   0/390]  Loss: 1.276 (1.28)  Acc@1: 60.9375 (60.9375)  Acc@5: 95.3125 (95.3125)LR: 1.943e-02
2024-05-26 01:43:26,894 -         train_search: [    INFO] - Train: 16 [  50/390]  Loss: 0.7468 (0.922)  Acc@1: 73.4375 (67.4020)  Acc@5: 100.0000 (97.2426)LR: 1.943e-02
2024-05-26 01:43:45,437 -         train_search: [    INFO] - Train: 16 [ 100/390]  Loss: 0.9429 (0.907)  Acc@1: 65.6250 (68.0848)  Acc@5: 100.0000 (97.1071)LR: 1.943e-02
2024-05-26 01:44:04,143 -         train_search: [    INFO] - Train: 16 [ 150/390]  Loss: 0.8218 (0.920)  Acc@1: 73.4375 (67.4048)  Acc@5: 98.4375 (97.1233)LR: 1.943e-02
2024-05-26 01:44:22,786 -         train_search: [    INFO] - Train: 16 [ 200/390]  Loss: 0.9977 (0.918)  Acc@1: 64.0625 (67.4751)  Acc@5: 98.4375 (97.2870)LR: 1.943e-02
2024-05-26 01:44:41,453 -         train_search: [    INFO] - Train: 16 [ 250/390]  Loss: 0.8919 (0.911)  Acc@1: 71.8750 (67.7229)  Acc@5: 96.8750 (97.4228)LR: 1.943e-02
2024-05-26 01:44:59,537 -         train_search: [    INFO] - Train: 16 [ 300/390]  Loss: 0.6636 (0.911)  Acc@1: 79.6875 (67.6495)  Acc@5: 100.0000 (97.3889)LR: 1.943e-02
2024-05-26 01:45:16,965 -         train_search: [    INFO] - Train: 16 [ 350/390]  Loss: 0.7509 (0.913)  Acc@1: 73.4375 (67.6772)  Acc@5: 96.8750 (97.3068)LR: 1.943e-02
2024-05-26 01:45:31,853 -         train_search: [    INFO] - Train: 16 [ 390/390]  Loss: 0.8082 (0.910)  Acc@1: 75.0000 (67.7400)  Acc@5: 100.0000 (97.3600)LR: 1.943e-02
2024-05-26 01:45:31,926 -         train_search: [    INFO] - train_acc 67.740000
2024-05-26 01:45:32,262 -         train_search: [    INFO] - Valid: 16 [   0/390]  Loss: 1.163 (1.16)  Acc@1: 65.6250 (65.6250)  Acc@5: 96.8750 (96.8750)
2024-05-26 01:45:36,069 -         train_search: [    INFO] - Valid: 16 [  50/390]  Loss: 1.081 (0.864)  Acc@1: 62.5000 (70.2206)  Acc@5: 96.8750 (97.9473)
2024-05-26 01:45:39,266 -         train_search: [    INFO] - Valid: 16 [ 100/390]  Loss: 1.066 (0.867)  Acc@1: 59.3750 (69.5545)  Acc@5: 95.3125 (97.7104)
2024-05-26 01:45:42,471 -         train_search: [    INFO] - Valid: 16 [ 150/390]  Loss: 1.053 (0.886)  Acc@1: 62.5000 (68.6362)  Acc@5: 93.7500 (97.4959)
2024-05-26 01:45:45,688 -         train_search: [    INFO] - Valid: 16 [ 200/390]  Loss: 1.022 (0.888)  Acc@1: 67.1875 (68.7267)  Acc@5: 96.8750 (97.6368)
2024-05-26 01:45:49,375 -         train_search: [    INFO] - Valid: 16 [ 250/390]  Loss: 0.5628 (0.886)  Acc@1: 81.2500 (68.7562)  Acc@5: 98.4375 (97.6531)
2024-05-26 01:45:53,375 -         train_search: [    INFO] - Valid: 16 [ 300/390]  Loss: 0.8988 (0.880)  Acc@1: 73.4375 (69.0563)  Acc@5: 98.4375 (97.7263)
2024-05-26 01:45:56,808 -         train_search: [    INFO] - Valid: 16 [ 350/390]  Loss: 0.9094 (0.875)  Acc@1: 67.1875 (69.1462)  Acc@5: 96.8750 (97.7520)
2024-05-26 01:45:59,316 -         train_search: [    INFO] - Valid: 16 [ 390/390]  Loss: 0.9945 (0.875)  Acc@1: 62.5000 (69.1800)  Acc@5: 100.0000 (97.7720)
2024-05-26 01:45:59,351 -         train_search: [    INFO] - valid_acc 69.180000
2024-05-26 01:45:59,351 -         train_search: [    INFO] - epoch = 16   
 genotype = |nor_conv_3x3~0|+|nor_conv_3x3~0|nor_conv_3x3~1|+|skip_connect~0|nor_conv_3x3~1|nor_conv_3x3~2|
2024-05-26 01:45:59,354 -         train_search: [    INFO] - alphas_normal = 
 tensor([[0.2056, 0.2097, 0.0989, 0.2015, 0.2843],
        [0.2274, 0.2300, 0.1034, 0.1770, 0.2621],
        [0.1834, 0.1768, 0.1012, 0.1885, 0.3501],
        [0.1935, 0.2939, 0.0994, 0.2010, 0.2122],
        [0.2419, 0.2266, 0.0946, 0.1923, 0.2446],
        [0.2074, 0.1886, 0.0922, 0.2055, 0.3063]], device='cuda:0',
       grad_fn=<SoftmaxBackward0>)
2024-05-26 01:46:00,404 -         train_search: [    INFO] - Train: 17 [   0/390]  Loss: 0.7591 (0.759)  Acc@1: 71.8750 (71.8750)  Acc@5: 100.0000 (100.0000)LR: 1.878e-02
2024-05-26 01:46:19,345 -         train_search: [    INFO] - Train: 17 [  50/390]  Loss: 1.018 (0.879)  Acc@1: 60.9375 (69.3015)  Acc@5: 100.0000 (97.5797)LR: 1.878e-02
2024-05-26 01:46:38,060 -         train_search: [    INFO] - Train: 17 [ 100/390]  Loss: 0.7373 (0.896)  Acc@1: 75.0000 (68.6726)  Acc@5: 98.4375 (97.5866)LR: 1.878e-02
2024-05-26 01:46:56,993 -         train_search: [    INFO] - Train: 17 [ 150/390]  Loss: 0.8479 (0.898)  Acc@1: 71.8750 (68.6258)  Acc@5: 100.0000 (97.5579)LR: 1.878e-02
2024-05-26 01:47:16,153 -         train_search: [    INFO] - Train: 17 [ 200/390]  Loss: 0.8107 (0.895)  Acc@1: 68.7500 (68.5945)  Acc@5: 96.8750 (97.5124)LR: 1.878e-02
2024-05-26 01:47:34,885 -         train_search: [    INFO] - Train: 17 [ 250/390]  Loss: 0.8353 (0.896)  Acc@1: 67.1875 (68.5010)  Acc@5: 96.8750 (97.5100)LR: 1.878e-02
2024-05-26 01:47:51,283 -         train_search: [    INFO] - Train: 17 [ 300/390]  Loss: 0.8888 (0.888)  Acc@1: 65.6250 (68.8175)  Acc@5: 96.8750 (97.5187)LR: 1.878e-02
2024-05-26 01:48:09,253 -         train_search: [    INFO] - Train: 17 [ 350/390]  Loss: 0.9794 (0.886)  Acc@1: 67.1875 (68.9370)  Acc@5: 93.7500 (97.5427)LR: 1.878e-02
2024-05-26 01:48:22,368 -         train_search: [    INFO] - Train: 17 [ 390/390]  Loss: 1.044 (0.886)  Acc@1: 62.5000 (68.8280)  Acc@5: 97.5000 (97.5600)LR: 1.878e-02
2024-05-26 01:48:22,445 -         train_search: [    INFO] - train_acc 68.828000
2024-05-26 01:48:22,767 -         train_search: [    INFO] - Valid: 17 [   0/390]  Loss: 0.9365 (0.937)  Acc@1: 67.1875 (67.1875)  Acc@5: 96.8750 (96.8750)
2024-05-26 01:48:25,997 -         train_search: [    INFO] - Valid: 17 [  50/390]  Loss: 0.8896 (0.859)  Acc@1: 78.1250 (70.3738)  Acc@5: 96.8750 (97.7635)
2024-05-26 01:48:29,230 -         train_search: [    INFO] - Valid: 17 [ 100/390]  Loss: 0.9265 (0.861)  Acc@1: 75.0000 (70.1733)  Acc@5: 96.8750 (97.7568)
2024-05-26 01:48:32,471 -         train_search: [    INFO] - Valid: 17 [ 150/390]  Loss: 1.012 (0.860)  Acc@1: 67.1875 (70.1987)  Acc@5: 96.8750 (97.7028)
2024-05-26 01:48:35,922 -         train_search: [    INFO] - Valid: 17 [ 200/390]  Loss: 0.9330 (0.860)  Acc@1: 67.1875 (70.2814)  Acc@5: 98.4375 (97.6446)
2024-05-26 01:48:39,937 -         train_search: [    INFO] - Valid: 17 [ 250/390]  Loss: 1.011 (0.859)  Acc@1: 54.6875 (70.0386)  Acc@5: 96.8750 (97.6531)
2024-05-26 01:48:43,867 -         train_search: [    INFO] - Valid: 17 [ 300/390]  Loss: 0.6023 (0.851)  Acc@1: 81.2500 (70.2139)  Acc@5: 100.0000 (97.7211)
2024-05-26 01:48:47,773 -         train_search: [    INFO] - Valid: 17 [ 350/390]  Loss: 0.9613 (0.853)  Acc@1: 60.9375 (70.2057)  Acc@5: 100.0000 (97.7074)
2024-05-26 01:48:50,305 -         train_search: [    INFO] - Valid: 17 [ 390/390]  Loss: 0.8691 (0.853)  Acc@1: 70.0000 (70.2160)  Acc@5: 97.5000 (97.6880)
2024-05-26 01:48:50,344 -         train_search: [    INFO] - valid_acc 70.216000
2024-05-26 01:48:50,345 -         train_search: [    INFO] - epoch = 17   
 genotype = |nor_conv_3x3~0|+|nor_conv_3x3~0|nor_conv_3x3~1|+|skip_connect~0|nor_conv_3x3~1|nor_conv_3x3~2|
2024-05-26 01:48:50,347 -         train_search: [    INFO] - alphas_normal = 
 tensor([[0.2068, 0.2095, 0.0949, 0.2012, 0.2876],
        [0.2291, 0.2311, 0.1004, 0.1775, 0.2619],
        [0.1825, 0.1751, 0.0981, 0.1848, 0.3596],
        [0.1947, 0.2996, 0.0949, 0.2019, 0.2091],
        [0.2428, 0.2247, 0.0903, 0.1921, 0.2502],
        [0.2067, 0.1853, 0.0882, 0.2052, 0.3146]], device='cuda:0',
       grad_fn=<SoftmaxBackward0>)
2024-05-26 01:48:51,197 -         train_search: [    INFO] - Train: 18 [   0/390]  Loss: 1.080 (1.08)  Acc@1: 70.3125 (70.3125)  Acc@5: 98.4375 (98.4375)LR: 1.811e-02
2024-05-26 01:49:09,172 -         train_search: [    INFO] - Train: 18 [  50/390]  Loss: 0.8500 (0.880)  Acc@1: 68.7500 (69.5772)  Acc@5: 95.3125 (97.3958)LR: 1.811e-02
2024-05-26 01:49:26,153 -         train_search: [    INFO] - Train: 18 [ 100/390]  Loss: 0.9375 (0.866)  Acc@1: 70.3125 (69.9103)  Acc@5: 96.8750 (97.7568)LR: 1.811e-02
2024-05-26 01:49:42,406 -         train_search: [    INFO] - Train: 18 [ 150/390]  Loss: 0.7028 (0.863)  Acc@1: 78.1250 (70.4263)  Acc@5: 100.0000 (97.7339)LR: 1.811e-02
2024-05-26 01:49:59,207 -         train_search: [    INFO] - Train: 18 [ 200/390]  Loss: 0.8810 (0.864)  Acc@1: 68.7500 (70.3669)  Acc@5: 98.4375 (97.5824)LR: 1.811e-02
2024-05-26 01:50:15,780 -         train_search: [    INFO] - Train: 18 [ 250/390]  Loss: 0.8009 (0.855)  Acc@1: 73.4375 (70.5553)  Acc@5: 95.3125 (97.6469)LR: 1.811e-02
2024-05-26 01:50:32,163 -         train_search: [    INFO] - Train: 18 [ 300/390]  Loss: 0.8245 (0.856)  Acc@1: 75.0000 (70.5513)  Acc@5: 98.4375 (97.6692)LR: 1.811e-02
2024-05-26 01:50:49,931 -         train_search: [    INFO] - Train: 18 [ 350/390]  Loss: 0.5899 (0.862)  Acc@1: 81.2500 (70.2769)  Acc@5: 100.0000 (97.6006)LR: 1.811e-02
2024-05-26 01:51:04,325 -         train_search: [    INFO] - Train: 18 [ 390/390]  Loss: 0.7294 (0.858)  Acc@1: 70.0000 (70.3400)  Acc@5: 100.0000 (97.6320)LR: 1.811e-02
2024-05-26 01:51:04,399 -         train_search: [    INFO] - train_acc 70.340000
2024-05-26 01:51:04,897 -         train_search: [    INFO] - Valid: 18 [   0/390]  Loss: 0.6752 (0.675)  Acc@1: 75.0000 (75.0000)  Acc@5: 100.0000 (100.0000)
2024-05-26 01:51:08,105 -         train_search: [    INFO] - Valid: 18 [  50/390]  Loss: 0.9011 (0.841)  Acc@1: 67.1875 (69.8223)  Acc@5: 98.4375 (97.9779)
2024-05-26 01:51:11,302 -         train_search: [    INFO] - Valid: 18 [ 100/390]  Loss: 0.5848 (0.816)  Acc@1: 79.6875 (71.5192)  Acc@5: 98.4375 (97.8496)
2024-05-26 01:51:14,503 -         train_search: [    INFO] - Valid: 18 [ 150/390]  Loss: 0.8372 (0.812)  Acc@1: 70.3125 (71.7405)  Acc@5: 98.4375 (97.9098)
2024-05-26 01:51:18,416 -         train_search: [    INFO] - Valid: 18 [ 200/390]  Loss: 0.8491 (0.813)  Acc@1: 65.6250 (71.9216)  Acc@5: 98.4375 (97.8778)
2024-05-26 01:51:22,458 -         train_search: [    INFO] - Valid: 18 [ 250/390]  Loss: 0.8984 (0.814)  Acc@1: 68.7500 (71.7754)  Acc@5: 96.8750 (97.8399)
2024-05-26 01:51:26,350 -         train_search: [    INFO] - Valid: 18 [ 300/390]  Loss: 0.7653 (0.817)  Acc@1: 73.4375 (71.7037)  Acc@5: 96.8750 (97.8873)
2024-05-26 01:51:29,665 -         train_search: [    INFO] - Valid: 18 [ 350/390]  Loss: 1.014 (0.816)  Acc@1: 65.6250 (71.7682)  Acc@5: 98.4375 (97.9033)
2024-05-26 01:51:32,825 -         train_search: [    INFO] - Valid: 18 [ 390/390]  Loss: 0.9966 (0.815)  Acc@1: 57.5000 (71.8000)  Acc@5: 100.0000 (97.8960)
2024-05-26 01:51:32,865 -         train_search: [    INFO] - valid_acc 71.800000
2024-05-26 01:51:32,866 -         train_search: [    INFO] - epoch = 18   
 genotype = |nor_conv_3x3~0|+|nor_conv_3x3~0|nor_conv_3x3~1|+|skip_connect~0|nor_conv_3x3~1|nor_conv_3x3~2|
2024-05-26 01:51:32,868 -         train_search: [    INFO] - alphas_normal = 
 tensor([[0.2074, 0.2109, 0.0921, 0.1997, 0.2898],
        [0.2327, 0.2294, 0.0971, 0.1752, 0.2656],
        [0.1802, 0.1730, 0.0960, 0.1823, 0.3685],
        [0.1965, 0.3041, 0.0914, 0.2009, 0.2071],
        [0.2449, 0.2242, 0.0873, 0.1904, 0.2532],
        [0.2054, 0.1829, 0.0853, 0.2054, 0.3211]], device='cuda:0',
       grad_fn=<SoftmaxBackward0>)
2024-05-26 01:51:33,691 -         train_search: [    INFO] - Train: 19 [   0/390]  Loss: 0.7407 (0.741)  Acc@1: 70.3125 (70.3125)  Acc@5: 98.4375 (98.4375)LR: 1.742e-02
2024-05-26 01:51:50,985 -         train_search: [    INFO] - Train: 19 [  50/390]  Loss: 0.8243 (0.843)  Acc@1: 65.6250 (69.5159)  Acc@5: 96.8750 (97.7635)LR: 1.742e-02
2024-05-26 01:52:08,276 -         train_search: [    INFO] - Train: 19 [ 100/390]  Loss: 0.9801 (0.841)  Acc@1: 70.3125 (70.3899)  Acc@5: 96.8750 (97.6330)LR: 1.742e-02
2024-05-26 01:52:26,983 -         train_search: [    INFO] - Train: 19 [ 150/390]  Loss: 0.7898 (0.836)  Acc@1: 71.8750 (70.7471)  Acc@5: 95.3125 (97.7028)LR: 1.742e-02
2024-05-26 01:52:45,252 -         train_search: [    INFO] - Train: 19 [ 200/390]  Loss: 0.9453 (0.838)  Acc@1: 71.8750 (70.5613)  Acc@5: 98.4375 (97.8001)LR: 1.742e-02
2024-05-26 01:53:03,754 -         train_search: [    INFO] - Train: 19 [ 250/390]  Loss: 0.6992 (0.836)  Acc@1: 78.1250 (70.8790)  Acc@5: 98.4375 (97.8025)LR: 1.742e-02
2024-05-26 01:53:21,983 -         train_search: [    INFO] - Train: 19 [ 300/390]  Loss: 0.7081 (0.833)  Acc@1: 71.8750 (71.0237)  Acc@5: 100.0000 (97.7627)LR: 1.742e-02
2024-05-26 01:53:39,451 -         train_search: [    INFO] - Train: 19 [ 350/390]  Loss: 0.7754 (0.832)  Acc@1: 73.4375 (71.1984)  Acc@5: 100.0000 (97.7698)LR: 1.742e-02
2024-05-26 01:53:52,394 -         train_search: [    INFO] - Train: 19 [ 390/390]  Loss: 0.8000 (0.829)  Acc@1: 70.0000 (71.2560)  Acc@5: 100.0000 (97.8040)LR: 1.742e-02
2024-05-26 01:53:52,469 -         train_search: [    INFO] - train_acc 71.256000
2024-05-26 01:53:52,799 -         train_search: [    INFO] - Valid: 19 [   0/390]  Loss: 0.5601 (0.560)  Acc@1: 81.2500 (81.2500)  Acc@5: 98.4375 (98.4375)
2024-05-26 01:53:56,486 -         train_search: [    INFO] - Valid: 19 [  50/390]  Loss: 0.6124 (0.807)  Acc@1: 78.1250 (71.7218)  Acc@5: 100.0000 (97.8554)
2024-05-26 01:54:00,487 -         train_search: [    INFO] - Valid: 19 [ 100/390]  Loss: 0.9561 (0.793)  Acc@1: 62.5000 (72.5712)  Acc@5: 100.0000 (98.0817)
2024-05-26 01:54:04,476 -         train_search: [    INFO] - Valid: 19 [ 150/390]  Loss: 0.9234 (0.812)  Acc@1: 67.1875 (71.9267)  Acc@5: 100.0000 (97.7959)
2024-05-26 01:54:07,784 -         train_search: [    INFO] - Valid: 19 [ 200/390]  Loss: 0.9044 (0.804)  Acc@1: 67.1875 (72.3492)  Acc@5: 95.3125 (97.8933)
2024-05-26 01:54:11,223 -         train_search: [    INFO] - Valid: 19 [ 250/390]  Loss: 0.9745 (0.804)  Acc@1: 71.8750 (72.2112)  Acc@5: 98.4375 (97.9706)
2024-05-26 01:54:14,629 -         train_search: [    INFO] - Valid: 19 [ 300/390]  Loss: 0.7759 (0.806)  Acc@1: 70.3125 (72.1397)  Acc@5: 96.8750 (97.9288)
2024-05-26 01:54:18,042 -         train_search: [    INFO] - Valid: 19 [ 350/390]  Loss: 0.7799 (0.806)  Acc@1: 73.4375 (72.2044)  Acc@5: 96.8750 (97.8944)
2024-05-26 01:54:20,674 -         train_search: [    INFO] - Valid: 19 [ 390/390]  Loss: 0.6586 (0.809)  Acc@1: 77.5000 (72.1920)  Acc@5: 97.5000 (97.8400)
2024-05-26 01:54:20,714 -         train_search: [    INFO] - valid_acc 72.192000
2024-05-26 01:54:20,715 -         train_search: [    INFO] - epoch = 19   
 genotype = |nor_conv_3x3~0|+|nor_conv_3x3~0|nor_conv_3x3~1|+|skip_connect~0|nor_conv_3x3~1|nor_conv_3x3~2|
2024-05-26 01:54:20,717 -         train_search: [    INFO] - alphas_normal = 
 tensor([[0.2091, 0.2109, 0.0883, 0.1981, 0.2937],
        [0.2362, 0.2256, 0.0924, 0.1739, 0.2719],
        [0.1775, 0.1693, 0.0922, 0.1788, 0.3822],
        [0.1983, 0.3084, 0.0867, 0.2029, 0.2037],
        [0.2478, 0.2234, 0.0830, 0.1897, 0.2561],
        [0.2030, 0.1803, 0.0811, 0.2084, 0.3272]], device='cuda:0',
       grad_fn=<SoftmaxBackward0>)
2024-05-26 01:54:21,795 -         train_search: [    INFO] - Train: 20 [   0/390]  Loss: 0.6240 (0.624)  Acc@1: 79.6875 (79.6875)  Acc@5: 100.0000 (100.0000)LR: 1.671e-02
2024-05-26 01:54:38,293 -         train_search: [    INFO] - Train: 20 [  50/390]  Loss: 0.6485 (0.815)  Acc@1: 85.9375 (72.2120)  Acc@5: 98.4375 (97.8554)LR: 1.671e-02
2024-05-26 01:54:55,534 -         train_search: [    INFO] - Train: 20 [ 100/390]  Loss: 0.8291 (0.810)  Acc@1: 65.6250 (71.8905)  Acc@5: 98.4375 (97.9270)LR: 1.671e-02
2024-05-26 01:55:13,817 -         train_search: [    INFO] - Train: 20 [ 150/390]  Loss: 0.6344 (0.803)  Acc@1: 76.5625 (72.1854)  Acc@5: 96.8750 (97.8580)LR: 1.671e-02
2024-05-26 01:55:30,619 -         train_search: [    INFO] - Train: 20 [ 200/390]  Loss: 0.7825 (0.805)  Acc@1: 76.5625 (72.0072)  Acc@5: 98.4375 (97.9167)LR: 1.671e-02
2024-05-26 01:55:47,274 -         train_search: [    INFO] - Train: 20 [ 250/390]  Loss: 0.6909 (0.800)  Acc@1: 76.5625 (72.1925)  Acc@5: 96.8750 (98.0017)LR: 1.671e-02
2024-05-26 01:56:03,993 -         train_search: [    INFO] - Train: 20 [ 300/390]  Loss: 0.6717 (0.799)  Acc@1: 76.5625 (72.2280)  Acc@5: 98.4375 (97.9807)LR: 1.671e-02
2024-05-26 01:56:20,542 -         train_search: [    INFO] - Train: 20 [ 350/390]  Loss: 0.7687 (0.795)  Acc@1: 78.1250 (72.4136)  Acc@5: 98.4375 (98.0680)LR: 1.671e-02
2024-05-26 01:56:33,646 -         train_search: [    INFO] - Train: 20 [ 390/390]  Loss: 0.8306 (0.801)  Acc@1: 77.5000 (72.2720)  Acc@5: 97.5000 (98.0040)LR: 1.671e-02
2024-05-26 01:56:33,722 -         train_search: [    INFO] - train_acc 72.272000
2024-05-26 01:56:34,075 -         train_search: [    INFO] - Valid: 20 [   0/390]  Loss: 1.018 (1.02)  Acc@1: 60.9375 (60.9375)  Acc@5: 93.7500 (93.7500)
2024-05-26 01:56:37,474 -         train_search: [    INFO] - Valid: 20 [  50/390]  Loss: 0.9155 (0.824)  Acc@1: 73.4375 (70.8640)  Acc@5: 95.3125 (97.6409)
2024-05-26 01:56:40,885 -         train_search: [    INFO] - Valid: 20 [ 100/390]  Loss: 0.8124 (0.820)  Acc@1: 71.8750 (71.0241)  Acc@5: 98.4375 (97.8187)
2024-05-26 01:56:44,337 -         train_search: [    INFO] - Valid: 20 [ 150/390]  Loss: 0.7505 (0.805)  Acc@1: 75.0000 (71.8853)  Acc@5: 100.0000 (97.8580)
2024-05-26 01:56:47,768 -         train_search: [    INFO] - Valid: 20 [ 200/390]  Loss: 0.7905 (0.799)  Acc@1: 78.1250 (72.0771)  Acc@5: 98.4375 (97.9011)
2024-05-26 01:56:51,164 -         train_search: [    INFO] - Valid: 20 [ 250/390]  Loss: 0.8116 (0.797)  Acc@1: 68.7500 (72.2361)  Acc@5: 96.8750 (97.8710)
2024-05-26 01:56:54,668 -         train_search: [    INFO] - Valid: 20 [ 300/390]  Loss: 0.7930 (0.801)  Acc@1: 70.3125 (72.0619)  Acc@5: 98.4375 (97.8561)
2024-05-26 01:56:58,671 -         train_search: [    INFO] - Valid: 20 [ 350/390]  Loss: 0.8524 (0.801)  Acc@1: 73.4375 (72.1376)  Acc@5: 96.8750 (97.8855)
2024-05-26 01:57:01,851 -         train_search: [    INFO] - Valid: 20 [ 390/390]  Loss: 0.9821 (0.802)  Acc@1: 65.0000 (72.0720)  Acc@5: 95.0000 (97.8680)
2024-05-26 01:57:01,887 -         train_search: [    INFO] - valid_acc 72.072000
2024-05-26 01:57:01,888 -         train_search: [    INFO] - epoch = 20   
 genotype = |nor_conv_3x3~0|+|nor_conv_3x3~0|nor_conv_3x3~1|+|skip_connect~0|nor_conv_3x3~1|nor_conv_3x3~2|
2024-05-26 01:57:01,890 -         train_search: [    INFO] - alphas_normal = 
 tensor([[0.2087, 0.2109, 0.0850, 0.1994, 0.2960],
        [0.2358, 0.2249, 0.0896, 0.1756, 0.2740],
        [0.1774, 0.1680, 0.0894, 0.1761, 0.3890],
        [0.1980, 0.3136, 0.0835, 0.2034, 0.2015],
        [0.2502, 0.2246, 0.0799, 0.1874, 0.2578],
        [0.2028, 0.1789, 0.0784, 0.2101, 0.3298]], device='cuda:0',
       grad_fn=<SoftmaxBackward0>)
2024-05-26 01:57:02,926 -         train_search: [    INFO] - Train: 21 [   0/390]  Loss: 0.7331 (0.733)  Acc@1: 70.3125 (70.3125)  Acc@5: 98.4375 (98.4375)LR: 1.598e-02
2024-05-26 01:57:19,917 -         train_search: [    INFO] - Train: 21 [  50/390]  Loss: 0.8244 (0.798)  Acc@1: 73.4375 (72.2426)  Acc@5: 95.3125 (98.0699)LR: 1.598e-02
2024-05-26 01:57:38,478 -         train_search: [    INFO] - Train: 21 [ 100/390]  Loss: 0.6135 (0.792)  Acc@1: 79.6875 (72.5712)  Acc@5: 100.0000 (98.2519)LR: 1.598e-02
2024-05-26 01:57:57,270 -         train_search: [    INFO] - Train: 21 [ 150/390]  Loss: 0.8263 (0.792)  Acc@1: 71.8750 (72.4959)  Acc@5: 98.4375 (98.0960)LR: 1.598e-02
2024-05-26 01:58:15,682 -         train_search: [    INFO] - Train: 21 [ 200/390]  Loss: 0.6429 (0.791)  Acc@1: 81.2500 (72.4813)  Acc@5: 100.0000 (98.0333)LR: 1.598e-02
2024-05-26 01:58:33,051 -         train_search: [    INFO] - Train: 21 [ 250/390]  Loss: 1.030 (0.793)  Acc@1: 65.6250 (72.3357)  Acc@5: 96.8750 (98.0391)LR: 1.598e-02
2024-05-26 01:58:51,444 -         train_search: [    INFO] - Train: 21 [ 300/390]  Loss: 0.8030 (0.795)  Acc@1: 75.0000 (72.2799)  Acc@5: 96.8750 (97.9807)LR: 1.598e-02
2024-05-26 01:59:08,354 -         train_search: [    INFO] - Train: 21 [ 350/390]  Loss: 1.096 (0.796)  Acc@1: 60.9375 (72.1465)  Acc@5: 98.4375 (98.0235)LR: 1.598e-02
2024-05-26 01:59:21,380 -         train_search: [    INFO] - Train: 21 [ 390/390]  Loss: 0.7086 (0.799)  Acc@1: 77.5000 (72.0560)  Acc@5: 100.0000 (98.0320)LR: 1.598e-02
2024-05-26 01:59:21,457 -         train_search: [    INFO] - train_acc 72.056000
2024-05-26 01:59:21,807 -         train_search: [    INFO] - Valid: 21 [   0/390]  Loss: 0.9813 (0.981)  Acc@1: 68.7500 (68.7500)  Acc@5: 98.4375 (98.4375)
2024-05-26 01:59:25,425 -         train_search: [    INFO] - Valid: 21 [  50/390]  Loss: 0.5627 (0.719)  Acc@1: 81.2500 (75.2757)  Acc@5: 100.0000 (98.3150)
2024-05-26 01:59:28,560 -         train_search: [    INFO] - Valid: 21 [ 100/390]  Loss: 0.7843 (0.736)  Acc@1: 70.3125 (74.4431)  Acc@5: 96.8750 (98.1900)
2024-05-26 01:59:31,686 -         train_search: [    INFO] - Valid: 21 [ 150/390]  Loss: 0.7679 (0.738)  Acc@1: 76.5625 (74.6689)  Acc@5: 96.8750 (98.2202)
2024-05-26 01:59:34,790 -         train_search: [    INFO] - Valid: 21 [ 200/390]  Loss: 0.8945 (0.741)  Acc@1: 68.7500 (74.5336)  Acc@5: 100.0000 (98.1732)
2024-05-26 01:59:38,005 -         train_search: [    INFO] - Valid: 21 [ 250/390]  Loss: 0.7974 (0.744)  Acc@1: 71.8750 (74.3650)  Acc@5: 95.3125 (98.1449)
2024-05-26 01:59:41,123 -         train_search: [    INFO] - Valid: 21 [ 300/390]  Loss: 0.8039 (0.746)  Acc@1: 73.4375 (74.3459)  Acc@5: 100.0000 (98.1208)
2024-05-26 01:59:44,844 -         train_search: [    INFO] - Valid: 21 [ 350/390]  Loss: 0.6647 (0.748)  Acc@1: 75.0000 (74.2165)  Acc@5: 98.4375 (98.1481)
2024-05-26 01:59:48,009 -         train_search: [    INFO] - Valid: 21 [ 390/390]  Loss: 0.7988 (0.748)  Acc@1: 75.0000 (74.2480)  Acc@5: 97.5000 (98.1160)
2024-05-26 01:59:48,049 -         train_search: [    INFO] - valid_acc 74.248000
2024-05-26 01:59:48,051 -         train_search: [    INFO] - epoch = 21   
 genotype = |nor_conv_3x3~0|+|nor_conv_3x3~0|nor_conv_3x3~1|+|skip_connect~0|nor_conv_3x3~1|nor_conv_3x3~2|
2024-05-26 01:59:48,053 -         train_search: [    INFO] - alphas_normal = 
 tensor([[0.2119, 0.2074, 0.0821, 0.1981, 0.3005],
        [0.2390, 0.2212, 0.0871, 0.1738, 0.2789],
        [0.1755, 0.1640, 0.0866, 0.1723, 0.4017],
        [0.1978, 0.3181, 0.0812, 0.2037, 0.1991],
        [0.2539, 0.2232, 0.0771, 0.1861, 0.2596],
        [0.2016, 0.1759, 0.0759, 0.2109, 0.3357]], device='cuda:0',
       grad_fn=<SoftmaxBackward0>)
2024-05-26 01:59:49,085 -         train_search: [    INFO] - Train: 22 [   0/390]  Loss: 0.6682 (0.668)  Acc@1: 78.1250 (78.1250)  Acc@5: 96.8750 (96.8750)LR: 1.525e-02
2024-05-26 02:00:05,489 -         train_search: [    INFO] - Train: 22 [  50/390]  Loss: 0.8414 (0.757)  Acc@1: 65.6250 (73.3762)  Acc@5: 96.8750 (98.1005)LR: 1.525e-02
2024-05-26 02:00:22,271 -         train_search: [    INFO] - Train: 22 [ 100/390]  Loss: 0.7989 (0.767)  Acc@1: 75.0000 (73.1900)  Acc@5: 100.0000 (98.0972)LR: 1.525e-02
2024-05-26 02:00:40,870 -         train_search: [    INFO] - Train: 22 [ 150/390]  Loss: 0.8635 (0.769)  Acc@1: 71.8750 (72.8891)  Acc@5: 98.4375 (98.1271)LR: 1.525e-02
2024-05-26 02:00:59,233 -         train_search: [    INFO] - Train: 22 [ 200/390]  Loss: 0.6105 (0.770)  Acc@1: 76.5625 (72.9089)  Acc@5: 98.4375 (98.0799)LR: 1.525e-02
2024-05-26 02:01:16,949 -         train_search: [    INFO] - Train: 22 [ 250/390]  Loss: 0.6874 (0.771)  Acc@1: 76.5625 (73.0329)  Acc@5: 100.0000 (98.0329)LR: 1.525e-02
2024-05-26 02:01:34,158 -         train_search: [    INFO] - Train: 22 [ 300/390]  Loss: 0.8315 (0.774)  Acc@1: 68.7500 (72.8613)  Acc@5: 98.4375 (98.0222)LR: 1.525e-02
2024-05-26 02:01:51,717 -         train_search: [    INFO] - Train: 22 [ 350/390]  Loss: 0.9292 (0.776)  Acc@1: 65.6250 (72.7564)  Acc@5: 96.8750 (98.0101)LR: 1.525e-02
2024-05-26 02:02:05,102 -         train_search: [    INFO] - Train: 22 [ 390/390]  Loss: 0.7521 (0.776)  Acc@1: 77.5000 (72.7640)  Acc@5: 100.0000 (98.0320)LR: 1.525e-02
2024-05-26 02:02:05,187 -         train_search: [    INFO] - train_acc 72.764000
2024-05-26 02:02:05,533 -         train_search: [    INFO] - Valid: 22 [   0/390]  Loss: 0.5352 (0.535)  Acc@1: 79.6875 (79.6875)  Acc@5: 100.0000 (100.0000)
2024-05-26 02:02:08,757 -         train_search: [    INFO] - Valid: 22 [  50/390]  Loss: 0.5088 (0.757)  Acc@1: 78.1250 (73.9583)  Acc@5: 100.0000 (97.9167)
2024-05-26 02:02:11,971 -         train_search: [    INFO] - Valid: 22 [ 100/390]  Loss: 0.8230 (0.763)  Acc@1: 71.8750 (73.5149)  Acc@5: 96.8750 (98.0507)
2024-05-26 02:02:15,069 -         train_search: [    INFO] - Valid: 22 [ 150/390]  Loss: 0.9919 (0.754)  Acc@1: 65.6250 (73.8928)  Acc@5: 96.8750 (98.0753)
2024-05-26 02:02:18,192 -         train_search: [    INFO] - Valid: 22 [ 200/390]  Loss: 0.8146 (0.747)  Acc@1: 65.6250 (74.0827)  Acc@5: 100.0000 (98.1343)
2024-05-26 02:02:21,310 -         train_search: [    INFO] - Valid: 22 [ 250/390]  Loss: 0.7903 (0.748)  Acc@1: 70.3125 (74.1285)  Acc@5: 98.4375 (98.1325)
2024-05-26 02:02:24,410 -         train_search: [    INFO] - Valid: 22 [ 300/390]  Loss: 0.6471 (0.752)  Acc@1: 76.5625 (73.8320)  Acc@5: 100.0000 (98.1831)
2024-05-26 02:02:27,529 -         train_search: [    INFO] - Valid: 22 [ 350/390]  Loss: 0.6645 (0.748)  Acc@1: 76.5625 (74.0073)  Acc@5: 96.8750 (98.2149)
2024-05-26 02:02:29,999 -         train_search: [    INFO] - Valid: 22 [ 390/390]  Loss: 0.8599 (0.745)  Acc@1: 72.5000 (74.1040)  Acc@5: 97.5000 (98.2360)
2024-05-26 02:02:30,038 -         train_search: [    INFO] - valid_acc 74.104000
2024-05-26 02:02:30,039 -         train_search: [    INFO] - epoch = 22   
 genotype = |nor_conv_3x3~0|+|nor_conv_3x3~0|nor_conv_3x3~1|+|skip_connect~0|nor_conv_3x3~1|nor_conv_3x3~2|
2024-05-26 02:02:30,041 -         train_search: [    INFO] - alphas_normal = 
 tensor([[0.2135, 0.2082, 0.0799, 0.1965, 0.3018],
        [0.2411, 0.2190, 0.0846, 0.1732, 0.2821],
        [0.1738, 0.1609, 0.0839, 0.1711, 0.4103],
        [0.1974, 0.3216, 0.0783, 0.2034, 0.1993],
        [0.2564, 0.2223, 0.0739, 0.1876, 0.2598],
        [0.2003, 0.1739, 0.0733, 0.2128, 0.3396]], device='cuda:0',
       grad_fn=<SoftmaxBackward0>)
2024-05-26 02:02:31,121 -         train_search: [    INFO] - Train: 23 [   0/390]  Loss: 0.5941 (0.594)  Acc@1: 82.8125 (82.8125)  Acc@5: 98.4375 (98.4375)LR: 1.450e-02
2024-05-26 02:02:48,025 -         train_search: [    INFO] - Train: 23 [  50/390]  Loss: 1.009 (0.771)  Acc@1: 71.8750 (73.7439)  Acc@5: 96.8750 (97.9473)LR: 1.450e-02
2024-05-26 02:03:04,241 -         train_search: [    INFO] - Train: 23 [ 100/390]  Loss: 1.014 (0.751)  Acc@1: 62.5000 (74.5204)  Acc@5: 95.3125 (98.0972)LR: 1.450e-02
2024-05-26 02:03:22,461 -         train_search: [    INFO] - Train: 23 [ 150/390]  Loss: 0.7905 (0.751)  Acc@1: 76.5625 (74.8034)  Acc@5: 100.0000 (98.0443)LR: 1.450e-02
2024-05-26 02:03:41,109 -         train_search: [    INFO] - Train: 23 [ 200/390]  Loss: 0.7649 (0.749)  Acc@1: 70.3125 (74.7512)  Acc@5: 98.4375 (98.0877)LR: 1.450e-02
2024-05-26 02:03:58,852 -         train_search: [    INFO] - Train: 23 [ 250/390]  Loss: 0.8479 (0.750)  Acc@1: 73.4375 (74.7012)  Acc@5: 96.8750 (98.0204)LR: 1.450e-02
2024-05-26 02:04:15,976 -         train_search: [    INFO] - Train: 23 [ 300/390]  Loss: 0.5385 (0.744)  Acc@1: 79.6875 (74.8495)  Acc@5: 100.0000 (98.0170)LR: 1.450e-02
2024-05-26 02:04:34,152 -         train_search: [    INFO] - Train: 23 [ 350/390]  Loss: 0.5918 (0.748)  Acc@1: 79.6875 (74.6083)  Acc@5: 98.4375 (98.0413)LR: 1.450e-02
2024-05-26 02:04:49,101 -         train_search: [    INFO] - Train: 23 [ 390/390]  Loss: 0.5664 (0.745)  Acc@1: 82.5000 (74.5200)  Acc@5: 100.0000 (98.0520)LR: 1.450e-02
2024-05-26 02:04:49,177 -         train_search: [    INFO] - train_acc 74.520000
2024-05-26 02:04:49,542 -         train_search: [    INFO] - Valid: 23 [   0/390]  Loss: 0.5876 (0.588)  Acc@1: 81.2500 (81.2500)  Acc@5: 100.0000 (100.0000)
2024-05-26 02:04:52,873 -         train_search: [    INFO] - Valid: 23 [  50/390]  Loss: 1.080 (0.749)  Acc@1: 65.6250 (74.1422)  Acc@5: 92.1875 (98.0392)
2024-05-26 02:04:56,135 -         train_search: [    INFO] - Valid: 23 [ 100/390]  Loss: 0.8713 (0.756)  Acc@1: 68.7500 (73.9016)  Acc@5: 100.0000 (97.9270)
2024-05-26 02:05:00,170 -         train_search: [    INFO] - Valid: 23 [ 150/390]  Loss: 0.6788 (0.756)  Acc@1: 73.4375 (73.6962)  Acc@5: 98.4375 (98.0443)
2024-05-26 02:05:04,192 -         train_search: [    INFO] - Valid: 23 [ 200/390]  Loss: 0.8719 (0.758)  Acc@1: 68.7500 (73.9817)  Acc@5: 96.8750 (98.0022)
2024-05-26 02:05:08,207 -         train_search: [    INFO] - Valid: 23 [ 250/390]  Loss: 0.8417 (0.756)  Acc@1: 70.3125 (73.8484)  Acc@5: 100.0000 (98.1013)
2024-05-26 02:05:12,218 -         train_search: [    INFO] - Valid: 23 [ 300/390]  Loss: 0.7412 (0.750)  Acc@1: 76.5625 (74.0604)  Acc@5: 100.0000 (98.1364)
2024-05-26 02:05:16,230 -         train_search: [    INFO] - Valid: 23 [ 350/390]  Loss: 0.8705 (0.749)  Acc@1: 67.1875 (74.0340)  Acc@5: 96.8750 (98.1437)
2024-05-26 02:05:19,387 -         train_search: [    INFO] - Valid: 23 [ 390/390]  Loss: 0.9649 (0.753)  Acc@1: 62.5000 (73.8480)  Acc@5: 95.0000 (98.1080)
2024-05-26 02:05:19,420 -         train_search: [    INFO] - valid_acc 73.848000
2024-05-26 02:05:19,421 -         train_search: [    INFO] - epoch = 23   
 genotype = |nor_conv_3x3~0|+|nor_conv_3x3~0|nor_conv_3x3~1|+|skip_connect~0|nor_conv_3x3~1|nor_conv_3x3~2|
2024-05-26 02:05:19,423 -         train_search: [    INFO] - alphas_normal = 
 tensor([[0.2133, 0.2089, 0.0774, 0.1964, 0.3040],
        [0.2434, 0.2164, 0.0816, 0.1726, 0.2860],
        [0.1722, 0.1579, 0.0813, 0.1689, 0.4198],
        [0.1963, 0.3267, 0.0758, 0.2024, 0.1987],
        [0.2574, 0.2236, 0.0720, 0.1863, 0.2606],
        [0.2005, 0.1724, 0.0710, 0.2121, 0.3441]], device='cuda:0',
       grad_fn=<SoftmaxBackward0>)
2024-05-26 02:05:20,312 -         train_search: [    INFO] - Train: 24 [   0/390]  Loss: 0.6621 (0.662)  Acc@1: 76.5625 (76.5625)  Acc@5: 96.8750 (96.8750)LR: 1.375e-02
2024-05-26 02:05:36,998 -         train_search: [    INFO] - Train: 24 [  50/390]  Loss: 0.6718 (0.739)  Acc@1: 73.4375 (74.8162)  Acc@5: 98.4375 (98.0086)LR: 1.375e-02
2024-05-26 02:05:54,081 -         train_search: [    INFO] - Train: 24 [ 100/390]  Loss: 0.7841 (0.746)  Acc@1: 71.8750 (74.4276)  Acc@5: 98.4375 (98.0972)LR: 1.375e-02
2024-05-26 02:06:10,874 -         train_search: [    INFO] - Train: 24 [ 150/390]  Loss: 0.7606 (0.743)  Acc@1: 73.4375 (74.5757)  Acc@5: 98.4375 (98.1995)LR: 1.375e-02
2024-05-26 02:06:27,236 -         train_search: [    INFO] - Train: 24 [ 200/390]  Loss: 0.6047 (0.734)  Acc@1: 76.5625 (74.6113)  Acc@5: 100.0000 (98.3364)LR: 1.375e-02
2024-05-26 02:06:46,087 -         train_search: [    INFO] - Train: 24 [ 250/390]  Loss: 0.7301 (0.739)  Acc@1: 78.1250 (74.4148)  Acc@5: 100.0000 (98.2632)LR: 1.375e-02
2024-05-26 02:07:04,320 -         train_search: [    INFO] - Train: 24 [ 300/390]  Loss: 0.6529 (0.738)  Acc@1: 78.1250 (74.4653)  Acc@5: 98.4375 (98.2506)LR: 1.375e-02
2024-05-26 02:07:22,027 -         train_search: [    INFO] - Train: 24 [ 350/390]  Loss: 0.4482 (0.735)  Acc@1: 84.3750 (74.5237)  Acc@5: 100.0000 (98.2683)LR: 1.375e-02
2024-05-26 02:07:36,238 -         train_search: [    INFO] - Train: 24 [ 390/390]  Loss: 0.8235 (0.738)  Acc@1: 72.5000 (74.3840)  Acc@5: 100.0000 (98.2600)LR: 1.375e-02
2024-05-26 02:07:36,318 -         train_search: [    INFO] - train_acc 74.384000
2024-05-26 02:07:36,838 -         train_search: [    INFO] - Valid: 24 [   0/390]  Loss: 0.6370 (0.637)  Acc@1: 73.4375 (73.4375)  Acc@5: 98.4375 (98.4375)
2024-05-26 02:07:40,583 -         train_search: [    INFO] - Valid: 24 [  50/390]  Loss: 0.8256 (0.746)  Acc@1: 67.1875 (73.2230)  Acc@5: 100.0000 (98.4988)
2024-05-26 02:07:44,467 -         train_search: [    INFO] - Valid: 24 [ 100/390]  Loss: 0.6913 (0.729)  Acc@1: 79.6875 (74.2574)  Acc@5: 96.8750 (98.4684)
2024-05-26 02:07:48,104 -         train_search: [    INFO] - Valid: 24 [ 150/390]  Loss: 0.9238 (0.727)  Acc@1: 67.1875 (74.7930)  Acc@5: 95.3125 (98.3237)
2024-05-26 02:07:51,420 -         train_search: [    INFO] - Valid: 24 [ 200/390]  Loss: 0.7041 (0.732)  Acc@1: 71.8750 (74.6580)  Acc@5: 98.4375 (98.3598)
2024-05-26 02:07:54,736 -         train_search: [    INFO] - Valid: 24 [ 250/390]  Loss: 0.5882 (0.730)  Acc@1: 76.5625 (74.9626)  Acc@5: 100.0000 (98.3379)
2024-05-26 02:07:57,926 -         train_search: [    INFO] - Valid: 24 [ 300/390]  Loss: 0.7396 (0.729)  Acc@1: 67.1875 (74.9637)  Acc@5: 98.4375 (98.3337)
2024-05-26 02:08:01,346 -         train_search: [    INFO] - Valid: 24 [ 350/390]  Loss: 0.7826 (0.732)  Acc@1: 71.8750 (74.7106)  Acc@5: 98.4375 (98.3618)
2024-05-26 02:08:04,475 -         train_search: [    INFO] - Valid: 24 [ 390/390]  Loss: 0.8853 (0.730)  Acc@1: 65.0000 (74.7360)  Acc@5: 95.0000 (98.3240)
2024-05-26 02:08:04,513 -         train_search: [    INFO] - valid_acc 74.736000
2024-05-26 02:08:04,514 -         train_search: [    INFO] - epoch = 24   
 genotype = |nor_conv_3x3~0|+|nor_conv_3x3~0|nor_conv_3x3~1|+|skip_connect~0|nor_conv_3x3~1|nor_conv_3x3~2|
2024-05-26 02:08:04,516 -         train_search: [    INFO] - alphas_normal = 
 tensor([[0.2133, 0.2070, 0.0748, 0.1934, 0.3115],
        [0.2469, 0.2136, 0.0788, 0.1723, 0.2885],
        [0.1693, 0.1543, 0.0786, 0.1666, 0.4312],
        [0.1984, 0.3308, 0.0730, 0.2021, 0.1958],
        [0.2577, 0.2238, 0.0695, 0.1881, 0.2609],
        [0.1986, 0.1706, 0.0686, 0.2128, 0.3493]], device='cuda:0',
       grad_fn=<SoftmaxBackward0>)
2024-05-26 02:08:05,398 -         train_search: [    INFO] - Train: 25 [   0/390]  Loss: 0.5348 (0.535)  Acc@1: 84.3750 (84.3750)  Acc@5: 100.0000 (100.0000)LR: 1.300e-02
2024-05-26 02:08:23,787 -         train_search: [    INFO] - Train: 25 [  50/390]  Loss: 0.3457 (0.690)  Acc@1: 90.6250 (75.7659)  Acc@5: 98.4375 (98.6826)LR: 1.300e-02
2024-05-26 02:08:42,427 -         train_search: [    INFO] - Train: 25 [ 100/390]  Loss: 0.6544 (0.681)  Acc@1: 76.5625 (76.0520)  Acc@5: 100.0000 (98.7933)LR: 1.300e-02
2024-05-26 02:08:59,854 -         train_search: [    INFO] - Train: 25 [ 150/390]  Loss: 0.7083 (0.701)  Acc@1: 73.4375 (75.2276)  Acc@5: 100.0000 (98.6445)LR: 1.300e-02
2024-05-26 02:09:17,721 -         train_search: [    INFO] - Train: 25 [ 200/390]  Loss: 0.7598 (0.703)  Acc@1: 78.1250 (75.3498)  Acc@5: 96.8750 (98.5697)LR: 1.300e-02
2024-05-26 02:09:33,999 -         train_search: [    INFO] - Train: 25 [ 250/390]  Loss: 0.6180 (0.710)  Acc@1: 75.0000 (75.0872)  Acc@5: 100.0000 (98.4686)LR: 1.300e-02
2024-05-26 02:09:52,930 -         train_search: [    INFO] - Train: 25 [ 300/390]  Loss: 0.6998 (0.707)  Acc@1: 73.4375 (75.1869)  Acc@5: 100.0000 (98.4479)LR: 1.300e-02
2024-05-26 02:10:11,135 -         train_search: [    INFO] - Train: 25 [ 350/390]  Loss: 0.7839 (0.706)  Acc@1: 68.7500 (75.2404)  Acc@5: 98.4375 (98.4241)LR: 1.300e-02
2024-05-26 02:10:25,403 -         train_search: [    INFO] - Train: 25 [ 390/390]  Loss: 1.028 (0.709)  Acc@1: 67.5000 (75.1320)  Acc@5: 100.0000 (98.4520)LR: 1.300e-02
2024-05-26 02:10:25,482 -         train_search: [    INFO] - train_acc 75.132000
2024-05-26 02:10:25,850 -         train_search: [    INFO] - Valid: 25 [   0/390]  Loss: 0.9704 (0.970)  Acc@1: 67.1875 (67.1875)  Acc@5: 98.4375 (98.4375)
2024-05-26 02:10:29,183 -         train_search: [    INFO] - Valid: 25 [  50/390]  Loss: 0.9165 (0.729)  Acc@1: 78.1250 (75.1225)  Acc@5: 93.7500 (98.4069)
2024-05-26 02:10:32,483 -         train_search: [    INFO] - Valid: 25 [ 100/390]  Loss: 0.7182 (0.725)  Acc@1: 75.0000 (74.8453)  Acc@5: 100.0000 (98.4839)
2024-05-26 02:10:35,845 -         train_search: [    INFO] - Valid: 25 [ 150/390]  Loss: 0.8355 (0.732)  Acc@1: 76.5625 (74.5344)  Acc@5: 95.3125 (98.4892)
2024-05-26 02:10:39,562 -         train_search: [    INFO] - Valid: 25 [ 200/390]  Loss: 0.8004 (0.731)  Acc@1: 73.4375 (74.5491)  Acc@5: 98.4375 (98.5075)
2024-05-26 02:10:42,727 -         train_search: [    INFO] - Valid: 25 [ 250/390]  Loss: 0.6629 (0.729)  Acc@1: 79.6875 (74.7136)  Acc@5: 98.4375 (98.4873)
2024-05-26 02:10:45,837 -         train_search: [    INFO] - Valid: 25 [ 300/390]  Loss: 0.7269 (0.730)  Acc@1: 75.0000 (74.6678)  Acc@5: 98.4375 (98.4635)
2024-05-26 02:10:48,920 -         train_search: [    INFO] - Valid: 25 [ 350/390]  Loss: 0.5846 (0.731)  Acc@1: 75.0000 (74.6172)  Acc@5: 100.0000 (98.4464)
2024-05-26 02:10:51,387 -         train_search: [    INFO] - Valid: 25 [ 390/390]  Loss: 0.7060 (0.733)  Acc@1: 72.5000 (74.5880)  Acc@5: 97.5000 (98.4200)
2024-05-26 02:10:51,427 -         train_search: [    INFO] - valid_acc 74.588000
2024-05-26 02:10:51,428 -         train_search: [    INFO] - epoch = 25   
 genotype = |nor_conv_3x3~0|+|nor_conv_3x3~0|nor_conv_3x3~1|+|skip_connect~0|nor_conv_3x3~1|nor_conv_3x3~2|
2024-05-26 02:10:51,430 -         train_search: [    INFO] - alphas_normal = 
 tensor([[0.2128, 0.2090, 0.0728, 0.1925, 0.3129],
        [0.2491, 0.2132, 0.0768, 0.1712, 0.2898],
        [0.1671, 0.1524, 0.0768, 0.1650, 0.4387],
        [0.1989, 0.3341, 0.0703, 0.2033, 0.1933],
        [0.2591, 0.2240, 0.0672, 0.1874, 0.2622],
        [0.1965, 0.1696, 0.0664, 0.2135, 0.3540]], device='cuda:0',
       grad_fn=<SoftmaxBackward0>)
2024-05-26 02:10:52,476 -         train_search: [    INFO] - Train: 26 [   0/390]  Loss: 0.5899 (0.590)  Acc@1: 78.1250 (78.1250)  Acc@5: 98.4375 (98.4375)LR: 1.225e-02
2024-05-26 02:11:10,099 -         train_search: [    INFO] - Train: 26 [  50/390]  Loss: 0.8400 (0.674)  Acc@1: 67.1875 (76.5012)  Acc@5: 96.8750 (98.6826)LR: 1.225e-02
2024-05-26 02:11:28,807 -         train_search: [    INFO] - Train: 26 [ 100/390]  Loss: 0.7629 (0.696)  Acc@1: 70.3125 (75.5415)  Acc@5: 96.8750 (98.4994)LR: 1.225e-02
2024-05-26 02:11:46,565 -         train_search: [    INFO] - Train: 26 [ 150/390]  Loss: 0.8517 (0.696)  Acc@1: 67.1875 (75.6312)  Acc@5: 96.8750 (98.4168)LR: 1.225e-02
2024-05-26 02:12:02,963 -         train_search: [    INFO] - Train: 26 [ 200/390]  Loss: 0.6655 (0.690)  Acc@1: 76.5625 (75.6608)  Acc@5: 98.4375 (98.4997)LR: 1.225e-02
2024-05-26 02:12:19,778 -         train_search: [    INFO] - Train: 26 [ 250/390]  Loss: 0.5835 (0.691)  Acc@1: 82.8125 (75.7532)  Acc@5: 98.4375 (98.5122)LR: 1.225e-02
2024-05-26 02:12:37,336 -         train_search: [    INFO] - Train: 26 [ 300/390]  Loss: 0.7816 (0.698)  Acc@1: 71.8750 (75.6385)  Acc@5: 100.0000 (98.4842)LR: 1.225e-02
2024-05-26 02:12:56,027 -         train_search: [    INFO] - Train: 26 [ 350/390]  Loss: 0.7331 (0.702)  Acc@1: 75.0000 (75.5342)  Acc@5: 100.0000 (98.5087)LR: 1.225e-02
2024-05-26 02:13:09,098 -         train_search: [    INFO] - Train: 26 [ 390/390]  Loss: 0.8019 (0.702)  Acc@1: 80.0000 (75.5960)  Acc@5: 95.0000 (98.4880)LR: 1.225e-02
2024-05-26 02:13:09,173 -         train_search: [    INFO] - train_acc 75.596000
2024-05-26 02:13:09,504 -         train_search: [    INFO] - Valid: 26 [   0/390]  Loss: 0.5724 (0.572)  Acc@1: 82.8125 (82.8125)  Acc@5: 98.4375 (98.4375)
2024-05-26 02:13:12,732 -         train_search: [    INFO] - Valid: 26 [  50/390]  Loss: 0.4934 (0.685)  Acc@1: 85.9375 (76.3174)  Acc@5: 96.8750 (98.4681)
2024-05-26 02:13:15,952 -         train_search: [    INFO] - Valid: 26 [ 100/390]  Loss: 0.7280 (0.678)  Acc@1: 76.5625 (76.5316)  Acc@5: 98.4375 (98.4839)
2024-05-26 02:13:19,169 -         train_search: [    INFO] - Valid: 26 [ 150/390]  Loss: 0.7465 (0.682)  Acc@1: 79.6875 (76.7281)  Acc@5: 96.8750 (98.4272)
2024-05-26 02:13:22,397 -         train_search: [    INFO] - Valid: 26 [ 200/390]  Loss: 0.5012 (0.686)  Acc@1: 81.2500 (76.3993)  Acc@5: 100.0000 (98.3209)
2024-05-26 02:13:25,617 -         train_search: [    INFO] - Valid: 26 [ 250/390]  Loss: 0.6551 (0.685)  Acc@1: 75.0000 (76.4629)  Acc@5: 100.0000 (98.4064)
2024-05-26 02:13:28,821 -         train_search: [    INFO] - Valid: 26 [ 300/390]  Loss: 0.6006 (0.681)  Acc@1: 73.4375 (76.5677)  Acc@5: 100.0000 (98.4375)
2024-05-26 02:13:32,025 -         train_search: [    INFO] - Valid: 26 [ 350/390]  Loss: 0.8197 (0.677)  Acc@1: 73.4375 (76.8118)  Acc@5: 96.8750 (98.4509)
2024-05-26 02:13:34,544 -         train_search: [    INFO] - Valid: 26 [ 390/390]  Loss: 0.5096 (0.677)  Acc@1: 85.0000 (76.6360)  Acc@5: 100.0000 (98.5040)
2024-05-26 02:13:34,583 -         train_search: [    INFO] - valid_acc 76.636000
2024-05-26 02:13:34,584 -         train_search: [    INFO] - epoch = 26   
 genotype = |nor_conv_3x3~0|+|nor_conv_3x3~0|nor_conv_3x3~1|+|skip_connect~0|nor_conv_3x3~1|nor_conv_3x3~2|
2024-05-26 02:13:34,587 -         train_search: [    INFO] - alphas_normal = 
 tensor([[0.2131, 0.2080, 0.0709, 0.1915, 0.3166],
        [0.2512, 0.2098, 0.0748, 0.1714, 0.2927],
        [0.1655, 0.1501, 0.0748, 0.1643, 0.4453],
        [0.1995, 0.3386, 0.0684, 0.2030, 0.1904],
        [0.2595, 0.2235, 0.0652, 0.1887, 0.2631],
        [0.1953, 0.1676, 0.0645, 0.2136, 0.3590]], device='cuda:0',
       grad_fn=<SoftmaxBackward0>)
2024-05-26 02:13:35,638 -         train_search: [    INFO] - Train: 27 [   0/390]  Loss: 0.6026 (0.603)  Acc@1: 79.6875 (79.6875)  Acc@5: 100.0000 (100.0000)LR: 1.150e-02
2024-05-26 02:13:52,875 -         train_search: [    INFO] - Train: 27 [  50/390]  Loss: 0.7870 (0.685)  Acc@1: 70.3125 (76.5931)  Acc@5: 98.4375 (98.4375)LR: 1.150e-02
2024-05-26 02:14:10,732 -         train_search: [    INFO] - Train: 27 [ 100/390]  Loss: 0.5991 (0.690)  Acc@1: 84.3750 (76.2686)  Acc@5: 98.4375 (98.5149)LR: 1.150e-02
2024-05-26 02:14:28,646 -         train_search: [    INFO] - Train: 27 [ 150/390]  Loss: 0.5135 (0.685)  Acc@1: 81.2500 (76.5108)  Acc@5: 100.0000 (98.4582)LR: 1.150e-02
2024-05-26 02:14:47,520 -         train_search: [    INFO] - Train: 27 [ 200/390]  Loss: 0.8664 (0.687)  Acc@1: 70.3125 (76.3682)  Acc@5: 92.1875 (98.3986)LR: 1.150e-02
2024-05-26 02:15:06,047 -         train_search: [    INFO] - Train: 27 [ 250/390]  Loss: 0.6001 (0.682)  Acc@1: 76.5625 (76.4940)  Acc@5: 98.4375 (98.4686)LR: 1.150e-02
2024-05-26 02:15:24,535 -         train_search: [    INFO] - Train: 27 [ 300/390]  Loss: 0.6495 (0.682)  Acc@1: 79.6875 (76.5417)  Acc@5: 98.4375 (98.4375)LR: 1.150e-02
2024-05-26 02:15:42,459 -         train_search: [    INFO] - Train: 27 [ 350/390]  Loss: 0.6594 (0.682)  Acc@1: 75.0000 (76.5135)  Acc@5: 100.0000 (98.4330)LR: 1.150e-02
2024-05-26 02:15:55,470 -         train_search: [    INFO] - Train: 27 [ 390/390]  Loss: 0.6265 (0.682)  Acc@1: 80.0000 (76.4640)  Acc@5: 100.0000 (98.4640)LR: 1.150e-02
2024-05-26 02:15:55,543 -         train_search: [    INFO] - train_acc 76.464000
2024-05-26 02:15:55,873 -         train_search: [    INFO] - Valid: 27 [   0/390]  Loss: 0.7144 (0.714)  Acc@1: 75.0000 (75.0000)  Acc@5: 96.8750 (96.8750)
2024-05-26 02:15:59,058 -         train_search: [    INFO] - Valid: 27 [  50/390]  Loss: 0.7704 (0.648)  Acc@1: 75.0000 (77.7574)  Acc@5: 98.4375 (98.7745)
2024-05-26 02:16:02,421 -         train_search: [    INFO] - Valid: 27 [ 100/390]  Loss: 0.7565 (0.659)  Acc@1: 78.1250 (77.3515)  Acc@5: 98.4375 (98.6696)
2024-05-26 02:16:05,740 -         train_search: [    INFO] - Valid: 27 [ 150/390]  Loss: 0.8783 (0.664)  Acc@1: 67.1875 (77.2144)  Acc@5: 96.8750 (98.5824)
2024-05-26 02:16:08,959 -         train_search: [    INFO] - Valid: 27 [ 200/390]  Loss: 0.4553 (0.671)  Acc@1: 87.5000 (77.0600)  Acc@5: 100.0000 (98.4064)
2024-05-26 02:16:12,047 -         train_search: [    INFO] - Valid: 27 [ 250/390]  Loss: 0.7119 (0.670)  Acc@1: 73.4375 (76.9983)  Acc@5: 96.8750 (98.4437)
2024-05-26 02:16:15,142 -         train_search: [    INFO] - Valid: 27 [ 300/390]  Loss: 0.6981 (0.666)  Acc@1: 70.3125 (77.1335)  Acc@5: 98.4375 (98.5050)
2024-05-26 02:16:18,213 -         train_search: [    INFO] - Valid: 27 [ 350/390]  Loss: 0.4975 (0.667)  Acc@1: 78.1250 (76.9809)  Acc@5: 98.4375 (98.4909)
2024-05-26 02:16:20,697 -         train_search: [    INFO] - Valid: 27 [ 390/390]  Loss: 0.6522 (0.668)  Acc@1: 80.0000 (76.8600)  Acc@5: 100.0000 (98.4600)
2024-05-26 02:16:20,733 -         train_search: [    INFO] - valid_acc 76.860000
2024-05-26 02:16:20,734 -         train_search: [    INFO] - epoch = 27   
 genotype = |nor_conv_3x3~0|+|nor_conv_3x3~0|nor_conv_3x3~1|+|skip_connect~0|nor_conv_3x3~1|nor_conv_3x3~2|
2024-05-26 02:16:20,736 -         train_search: [    INFO] - alphas_normal = 
 tensor([[0.2128, 0.2084, 0.0689, 0.1911, 0.3188],
        [0.2530, 0.2091, 0.0731, 0.1720, 0.2928],
        [0.1639, 0.1482, 0.0730, 0.1620, 0.4528],
        [0.1990, 0.3431, 0.0665, 0.2023, 0.1890],
        [0.2601, 0.2234, 0.0635, 0.1888, 0.2642],
        [0.1935, 0.1658, 0.0626, 0.2146, 0.3634]], device='cuda:0',
       grad_fn=<SoftmaxBackward0>)
2024-05-26 02:16:21,585 -         train_search: [    INFO] - Train: 28 [   0/390]  Loss: 0.5997 (0.600)  Acc@1: 84.3750 (84.3750)  Acc@5: 95.3125 (95.3125)LR: 1.075e-02
2024-05-26 02:16:38,196 -         train_search: [    INFO] - Train: 28 [  50/390]  Loss: 0.7205 (0.646)  Acc@1: 78.1250 (77.6961)  Acc@5: 98.4375 (98.5907)LR: 1.075e-02
2024-05-26 02:16:54,756 -         train_search: [    INFO] - Train: 28 [ 100/390]  Loss: 0.6678 (0.639)  Acc@1: 81.2500 (78.4808)  Acc@5: 95.3125 (98.4375)LR: 1.075e-02
2024-05-26 02:17:12,268 -         train_search: [    INFO] - Train: 28 [ 150/390]  Loss: 0.5720 (0.652)  Acc@1: 82.8125 (78.0526)  Acc@5: 100.0000 (98.4375)LR: 1.075e-02
2024-05-26 02:17:28,805 -         train_search: [    INFO] - Train: 28 [ 200/390]  Loss: 0.6838 (0.654)  Acc@1: 76.5625 (77.6897)  Acc@5: 98.4375 (98.4686)LR: 1.075e-02
2024-05-26 02:17:45,751 -         train_search: [    INFO] - Train: 28 [ 250/390]  Loss: 0.5682 (0.657)  Acc@1: 82.8125 (77.6892)  Acc@5: 96.8750 (98.4624)LR: 1.075e-02
2024-05-26 02:18:02,348 -         train_search: [    INFO] - Train: 28 [ 300/390]  Loss: 0.4996 (0.658)  Acc@1: 84.3750 (77.5540)  Acc@5: 100.0000 (98.4738)LR: 1.075e-02
2024-05-26 02:18:19,843 -         train_search: [    INFO] - Train: 28 [ 350/390]  Loss: 0.7706 (0.656)  Acc@1: 73.4375 (77.5819)  Acc@5: 96.8750 (98.5043)LR: 1.075e-02
2024-05-26 02:18:33,837 -         train_search: [    INFO] - Train: 28 [ 390/390]  Loss: 0.4493 (0.657)  Acc@1: 85.0000 (77.4960)  Acc@5: 100.0000 (98.5600)LR: 1.075e-02
2024-05-26 02:18:33,914 -         train_search: [    INFO] - train_acc 77.496000
2024-05-26 02:18:34,447 -         train_search: [    INFO] - Valid: 28 [   0/390]  Loss: 0.8698 (0.870)  Acc@1: 65.6250 (65.6250)  Acc@5: 100.0000 (100.0000)
2024-05-26 02:18:37,666 -         train_search: [    INFO] - Valid: 28 [  50/390]  Loss: 0.7587 (0.666)  Acc@1: 73.4375 (76.8689)  Acc@5: 100.0000 (98.6520)
2024-05-26 02:18:40,907 -         train_search: [    INFO] - Valid: 28 [ 100/390]  Loss: 0.5516 (0.662)  Acc@1: 81.2500 (77.2123)  Acc@5: 98.4375 (98.5149)
2024-05-26 02:18:44,415 -         train_search: [    INFO] - Valid: 28 [ 150/390]  Loss: 0.5376 (0.659)  Acc@1: 76.5625 (77.4524)  Acc@5: 98.4375 (98.5306)
2024-05-26 02:18:47,744 -         train_search: [    INFO] - Valid: 28 [ 200/390]  Loss: 0.7464 (0.657)  Acc@1: 76.5625 (77.6275)  Acc@5: 100.0000 (98.5152)
2024-05-26 02:18:50,981 -         train_search: [    INFO] - Valid: 28 [ 250/390]  Loss: 0.8652 (0.656)  Acc@1: 71.8750 (77.7266)  Acc@5: 98.4375 (98.5309)
2024-05-26 02:18:54,219 -         train_search: [    INFO] - Valid: 28 [ 300/390]  Loss: 0.6431 (0.654)  Acc@1: 78.1250 (77.7772)  Acc@5: 100.0000 (98.5621)
2024-05-26 02:18:57,497 -         train_search: [    INFO] - Valid: 28 [ 350/390]  Loss: 0.6511 (0.654)  Acc@1: 75.0000 (77.7822)  Acc@5: 100.0000 (98.5488)
2024-05-26 02:18:59,974 -         train_search: [    INFO] - Valid: 28 [ 390/390]  Loss: 0.5043 (0.655)  Acc@1: 85.0000 (77.7680)  Acc@5: 100.0000 (98.5280)
2024-05-26 02:19:00,014 -         train_search: [    INFO] - valid_acc 77.768000
2024-05-26 02:19:00,015 -         train_search: [    INFO] - epoch = 28   
 genotype = |nor_conv_3x3~0|+|nor_conv_3x3~0|nor_conv_3x3~1|+|skip_connect~0|nor_conv_3x3~1|nor_conv_3x3~2|
2024-05-26 02:19:00,017 -         train_search: [    INFO] - alphas_normal = 
 tensor([[0.2102, 0.2097, 0.0669, 0.1934, 0.3199],
        [0.2532, 0.2057, 0.0706, 0.1739, 0.2966],
        [0.1628, 0.1471, 0.0711, 0.1621, 0.4568],
        [0.1974, 0.3474, 0.0644, 0.2030, 0.1878],
        [0.2599, 0.2258, 0.0616, 0.1886, 0.2641],
        [0.1915, 0.1645, 0.0603, 0.2166, 0.3672]], device='cuda:0',
       grad_fn=<SoftmaxBackward0>)
2024-05-26 02:19:00,890 -         train_search: [    INFO] - Train: 29 [   0/390]  Loss: 0.4632 (0.463)  Acc@1: 89.0625 (89.0625)  Acc@5: 96.8750 (96.8750)LR: 1.002e-02
2024-05-26 02:19:18,771 -         train_search: [    INFO] - Train: 29 [  50/390]  Loss: 0.6197 (0.637)  Acc@1: 81.2500 (78.2782)  Acc@5: 100.0000 (98.7132)LR: 1.002e-02
2024-05-26 02:19:35,721 -         train_search: [    INFO] - Train: 29 [ 100/390]  Loss: 0.6704 (0.632)  Acc@1: 76.5625 (78.4035)  Acc@5: 98.4375 (98.8397)LR: 1.002e-02
2024-05-26 02:19:51,844 -         train_search: [    INFO] - Train: 29 [ 150/390]  Loss: 0.7391 (0.630)  Acc@1: 68.7500 (78.3320)  Acc@5: 98.4375 (98.8618)LR: 1.002e-02
2024-05-26 02:20:09,151 -         train_search: [    INFO] - Train: 29 [ 200/390]  Loss: 0.5391 (0.633)  Acc@1: 85.9375 (78.1405)  Acc@5: 98.4375 (98.8262)LR: 1.002e-02
2024-05-26 02:20:27,845 -         train_search: [    INFO] - Train: 29 [ 250/390]  Loss: 0.8205 (0.639)  Acc@1: 68.7500 (77.8698)  Acc@5: 98.4375 (98.7550)LR: 1.002e-02
2024-05-26 02:20:46,273 -         train_search: [    INFO] - Train: 29 [ 300/390]  Loss: 0.5961 (0.641)  Acc@1: 75.0000 (77.9381)  Acc@5: 98.4375 (98.7645)LR: 1.002e-02
2024-05-26 02:21:03,139 -         train_search: [    INFO] - Train: 29 [ 350/390]  Loss: 0.7184 (0.643)  Acc@1: 75.0000 (77.8891)  Acc@5: 98.4375 (98.7090)LR: 1.002e-02
2024-05-26 02:21:18,089 -         train_search: [    INFO] - Train: 29 [ 390/390]  Loss: 0.5864 (0.645)  Acc@1: 80.0000 (77.8520)  Acc@5: 100.0000 (98.7080)LR: 1.002e-02
2024-05-26 02:21:18,167 -         train_search: [    INFO] - train_acc 77.852000
2024-05-26 02:21:18,683 -         train_search: [    INFO] - Valid: 29 [   0/390]  Loss: 0.5710 (0.571)  Acc@1: 75.0000 (75.0000)  Acc@5: 100.0000 (100.0000)
2024-05-26 02:21:22,612 -         train_search: [    INFO] - Valid: 29 [  50/390]  Loss: 0.4948 (0.648)  Acc@1: 82.8125 (77.6961)  Acc@5: 96.8750 (98.3762)
2024-05-26 02:21:26,494 -         train_search: [    INFO] - Valid: 29 [ 100/390]  Loss: 0.7425 (0.638)  Acc@1: 76.5625 (77.9239)  Acc@5: 100.0000 (98.5303)
2024-05-26 02:21:30,387 -         train_search: [    INFO] - Valid: 29 [ 150/390]  Loss: 0.5948 (0.629)  Acc@1: 79.6875 (78.1871)  Acc@5: 98.4375 (98.6134)
2024-05-26 02:21:34,289 -         train_search: [    INFO] - Valid: 29 [ 200/390]  Loss: 0.6067 (0.636)  Acc@1: 78.1250 (78.0162)  Acc@5: 100.0000 (98.5930)
2024-05-26 02:21:37,497 -         train_search: [    INFO] - Valid: 29 [ 250/390]  Loss: 0.6746 (0.639)  Acc@1: 73.4375 (77.9880)  Acc@5: 100.0000 (98.5558)
2024-05-26 02:21:40,702 -         train_search: [    INFO] - Valid: 29 [ 300/390]  Loss: 0.4461 (0.639)  Acc@1: 82.8125 (78.1042)  Acc@5: 100.0000 (98.6036)
2024-05-26 02:21:43,902 -         train_search: [    INFO] - Valid: 29 [ 350/390]  Loss: 0.5102 (0.636)  Acc@1: 85.9375 (78.2942)  Acc@5: 98.4375 (98.5666)
2024-05-26 02:21:46,436 -         train_search: [    INFO] - Valid: 29 [ 390/390]  Loss: 0.8677 (0.638)  Acc@1: 67.5000 (78.2680)  Acc@5: 100.0000 (98.5520)
2024-05-26 02:21:46,472 -         train_search: [    INFO] - valid_acc 78.268000
2024-05-26 02:21:46,473 -         train_search: [    INFO] - epoch = 29   
 genotype = |nor_conv_3x3~0|+|nor_conv_3x3~0|nor_conv_3x3~1|+|skip_connect~0|nor_conv_3x3~1|nor_conv_3x3~2|
2024-05-26 02:21:46,475 -         train_search: [    INFO] - alphas_normal = 
 tensor([[0.2100, 0.2092, 0.0644, 0.1940, 0.3225],
        [0.2540, 0.2031, 0.0681, 0.1737, 0.3012],
        [0.1610, 0.1446, 0.0686, 0.1613, 0.4645],
        [0.1984, 0.3535, 0.0616, 0.2020, 0.1845],
        [0.2606, 0.2259, 0.0591, 0.1894, 0.2650],
        [0.1880, 0.1625, 0.0578, 0.2177, 0.3739]], device='cuda:0',
       grad_fn=<SoftmaxBackward0>)
2024-05-26 02:21:47,350 -         train_search: [    INFO] - Train: 30 [   0/390]  Loss: 0.5106 (0.511)  Acc@1: 89.0625 (89.0625)  Acc@5: 100.0000 (100.0000)LR: 9.292e-03
2024-05-26 02:22:04,820 -         train_search: [    INFO] - Train: 30 [  50/390]  Loss: 0.4787 (0.613)  Acc@1: 84.3750 (78.7071)  Acc@5: 100.0000 (98.7132)LR: 9.292e-03
2024-05-26 02:22:22,440 -         train_search: [    INFO] - Train: 30 [ 100/390]  Loss: 0.7457 (0.611)  Acc@1: 73.4375 (78.8212)  Acc@5: 96.8750 (98.8552)LR: 9.292e-03
2024-05-26 02:22:40,744 -         train_search: [    INFO] - Train: 30 [ 150/390]  Loss: 0.6114 (0.613)  Acc@1: 79.6875 (78.8390)  Acc@5: 98.4375 (98.8721)LR: 9.292e-03
2024-05-26 02:22:58,135 -         train_search: [    INFO] - Train: 30 [ 200/390]  Loss: 0.6407 (0.614)  Acc@1: 76.5625 (78.8635)  Acc@5: 100.0000 (98.8495)LR: 9.292e-03
2024-05-26 02:23:15,878 -         train_search: [    INFO] - Train: 30 [ 250/390]  Loss: 0.8360 (0.621)  Acc@1: 70.3125 (78.5483)  Acc@5: 96.8750 (98.7488)LR: 9.292e-03
2024-05-26 02:23:34,467 -         train_search: [    INFO] - Train: 30 [ 300/390]  Loss: 0.5201 (0.623)  Acc@1: 79.6875 (78.5714)  Acc@5: 100.0000 (98.7126)LR: 9.292e-03
2024-05-26 02:23:50,811 -         train_search: [    INFO] - Train: 30 [ 350/390]  Loss: 0.7543 (0.625)  Acc@1: 73.4375 (78.5034)  Acc@5: 96.8750 (98.7135)LR: 9.292e-03
2024-05-26 02:24:05,466 -         train_search: [    INFO] - Train: 30 [ 390/390]  Loss: 0.7899 (0.626)  Acc@1: 72.5000 (78.4200)  Acc@5: 92.5000 (98.7040)LR: 9.292e-03
2024-05-26 02:24:05,541 -         train_search: [    INFO] - train_acc 78.420000
2024-05-26 02:24:05,876 -         train_search: [    INFO] - Valid: 30 [   0/390]  Loss: 0.3828 (0.383)  Acc@1: 87.5000 (87.5000)  Acc@5: 100.0000 (100.0000)
2024-05-26 02:24:09,050 -         train_search: [    INFO] - Valid: 30 [  50/390]  Loss: 0.5069 (0.641)  Acc@1: 79.6875 (78.7377)  Acc@5: 98.4375 (98.4681)
2024-05-26 02:24:12,825 -         train_search: [    INFO] - Valid: 30 [ 100/390]  Loss: 0.7385 (0.648)  Acc@1: 67.1875 (78.1250)  Acc@5: 98.4375 (98.4994)
2024-05-26 02:24:16,811 -         train_search: [    INFO] - Valid: 30 [ 150/390]  Loss: 0.7726 (0.647)  Acc@1: 76.5625 (78.0940)  Acc@5: 98.4375 (98.4582)
2024-05-26 02:24:20,808 -         train_search: [    INFO] - Valid: 30 [ 200/390]  Loss: 0.4535 (0.643)  Acc@1: 84.3750 (78.1095)  Acc@5: 98.4375 (98.3909)
2024-05-26 02:24:24,806 -         train_search: [    INFO] - Valid: 30 [ 250/390]  Loss: 0.6307 (0.647)  Acc@1: 76.5625 (77.8075)  Acc@5: 100.0000 (98.4562)
2024-05-26 02:24:28,798 -         train_search: [    INFO] - Valid: 30 [ 300/390]  Loss: 0.7342 (0.639)  Acc@1: 76.5625 (78.0887)  Acc@5: 98.4375 (98.5828)
2024-05-26 02:24:32,490 -         train_search: [    INFO] - Valid: 30 [ 350/390]  Loss: 0.4315 (0.638)  Acc@1: 84.3750 (78.1517)  Acc@5: 100.0000 (98.5889)
2024-05-26 02:24:35,013 -         train_search: [    INFO] - Valid: 30 [ 390/390]  Loss: 0.6202 (0.637)  Acc@1: 77.5000 (78.1440)  Acc@5: 100.0000 (98.6280)
2024-05-26 02:24:35,049 -         train_search: [    INFO] - valid_acc 78.144000
2024-05-26 02:24:35,050 -         train_search: [    INFO] - epoch = 30   
 genotype = |nor_conv_3x3~0|+|nor_conv_3x3~0|nor_conv_3x3~1|+|skip_connect~0|nor_conv_3x3~1|nor_conv_3x3~2|
2024-05-26 02:24:35,052 -         train_search: [    INFO] - alphas_normal = 
 tensor([[0.2093, 0.2095, 0.0626, 0.1945, 0.3242],
        [0.2540, 0.2011, 0.0666, 0.1751, 0.3032],
        [0.1602, 0.1429, 0.0669, 0.1618, 0.4683],
        [0.1981, 0.3578, 0.0601, 0.2020, 0.1820],
        [0.2610, 0.2268, 0.0575, 0.1913, 0.2634],
        [0.1865, 0.1615, 0.0563, 0.2172, 0.3784]], device='cuda:0',
       grad_fn=<SoftmaxBackward0>)
2024-05-26 02:24:36,073 -         train_search: [    INFO] - Train: 31 [   0/390]  Loss: 0.7375 (0.738)  Acc@1: 78.1250 (78.1250)  Acc@5: 98.4375 (98.4375)LR: 8.583e-03
2024-05-26 02:24:53,169 -         train_search: [    INFO] - Train: 31 [  50/390]  Loss: 0.7847 (0.592)  Acc@1: 73.4375 (79.2586)  Acc@5: 98.4375 (98.8664)LR: 8.583e-03
2024-05-26 02:25:10,644 -         train_search: [    INFO] - Train: 31 [ 100/390]  Loss: 0.6064 (0.593)  Acc@1: 78.1250 (79.6411)  Acc@5: 100.0000 (98.9480)LR: 8.583e-03
2024-05-26 02:25:28,196 -         train_search: [    INFO] - Train: 31 [ 150/390]  Loss: 0.4301 (0.599)  Acc@1: 79.6875 (79.4805)  Acc@5: 100.0000 (98.8514)LR: 8.583e-03
2024-05-26 02:25:46,165 -         train_search: [    INFO] - Train: 31 [ 200/390]  Loss: 0.6341 (0.604)  Acc@1: 78.1250 (79.2366)  Acc@5: 98.4375 (98.8961)LR: 8.583e-03
2024-05-26 02:26:02,621 -         train_search: [    INFO] - Train: 31 [ 250/390]  Loss: 0.6040 (0.603)  Acc@1: 78.1250 (79.2580)  Acc@5: 96.8750 (98.8484)LR: 8.583e-03
2024-05-26 02:26:19,811 -         train_search: [    INFO] - Train: 31 [ 300/390]  Loss: 0.5952 (0.604)  Acc@1: 82.8125 (79.2566)  Acc@5: 96.8750 (98.7697)LR: 8.583e-03
2024-05-26 02:26:38,691 -         train_search: [    INFO] - Train: 31 [ 350/390]  Loss: 0.6652 (0.607)  Acc@1: 73.4375 (79.0598)  Acc@5: 98.4375 (98.7936)LR: 8.583e-03
2024-05-26 02:26:53,504 -         train_search: [    INFO] - Train: 31 [ 390/390]  Loss: 0.6197 (0.610)  Acc@1: 72.5000 (79.0080)  Acc@5: 97.5000 (98.7880)LR: 8.583e-03
2024-05-26 02:26:53,579 -         train_search: [    INFO] - train_acc 79.008000
2024-05-26 02:26:53,914 -         train_search: [    INFO] - Valid: 31 [   0/390]  Loss: 0.5561 (0.556)  Acc@1: 79.6875 (79.6875)  Acc@5: 98.4375 (98.4375)
2024-05-26 02:26:57,132 -         train_search: [    INFO] - Valid: 31 [  50/390]  Loss: 0.4671 (0.615)  Acc@1: 82.8125 (79.3199)  Acc@5: 100.0000 (98.6213)
2024-05-26 02:27:00,690 -         train_search: [    INFO] - Valid: 31 [ 100/390]  Loss: 0.7898 (0.616)  Acc@1: 73.4375 (79.2389)  Acc@5: 96.8750 (98.6850)
2024-05-26 02:27:04,206 -         train_search: [    INFO] - Valid: 31 [ 150/390]  Loss: 0.6604 (0.620)  Acc@1: 79.6875 (78.9218)  Acc@5: 98.4375 (98.7169)
2024-05-26 02:27:07,515 -         train_search: [    INFO] - Valid: 31 [ 200/390]  Loss: 0.7154 (0.625)  Acc@1: 76.5625 (78.8479)  Acc@5: 98.4375 (98.7329)
2024-05-26 02:27:10,817 -         train_search: [    INFO] - Valid: 31 [ 250/390]  Loss: 0.6228 (0.625)  Acc@1: 79.6875 (78.7226)  Acc@5: 100.0000 (98.7861)
2024-05-26 02:27:14,124 -         train_search: [    INFO] - Valid: 31 [ 300/390]  Loss: 0.5080 (0.623)  Acc@1: 81.2500 (78.7635)  Acc@5: 98.4375 (98.7697)
2024-05-26 02:27:17,389 -         train_search: [    INFO] - Valid: 31 [ 350/390]  Loss: 0.5068 (0.619)  Acc@1: 81.2500 (78.8105)  Acc@5: 100.0000 (98.7758)
2024-05-26 02:27:19,855 -         train_search: [    INFO] - Valid: 31 [ 390/390]  Loss: 0.4264 (0.618)  Acc@1: 85.0000 (78.8280)  Acc@5: 97.5000 (98.7560)
2024-05-26 02:27:19,893 -         train_search: [    INFO] - valid_acc 78.828000
2024-05-26 02:27:19,894 -         train_search: [    INFO] - epoch = 31   
 genotype = |nor_conv_3x3~0|+|nor_conv_3x3~0|nor_conv_3x3~1|+|skip_connect~0|nor_conv_3x3~1|nor_conv_3x3~2|
2024-05-26 02:27:19,897 -         train_search: [    INFO] - alphas_normal = 
 tensor([[0.2091, 0.2083, 0.0609, 0.1944, 0.3273],
        [0.2563, 0.1978, 0.0647, 0.1762, 0.3049],
        [0.1582, 0.1401, 0.0648, 0.1625, 0.4744],
        [0.1987, 0.3616, 0.0584, 0.2018, 0.1795],
        [0.2600, 0.2264, 0.0559, 0.1910, 0.2668],
        [0.1843, 0.1589, 0.0546, 0.2182, 0.3840]], device='cuda:0',
       grad_fn=<SoftmaxBackward0>)
2024-05-26 02:27:21,002 -         train_search: [    INFO] - Train: 32 [   0/390]  Loss: 0.3589 (0.359)  Acc@1: 90.6250 (90.6250)  Acc@5: 100.0000 (100.0000)LR: 7.891e-03
2024-05-26 02:27:38,493 -         train_search: [    INFO] - Train: 32 [  50/390]  Loss: 0.6313 (0.595)  Acc@1: 82.8125 (79.1973)  Acc@5: 98.4375 (98.8664)LR: 7.891e-03
2024-05-26 02:27:54,885 -         train_search: [    INFO] - Train: 32 [ 100/390]  Loss: 0.6607 (0.598)  Acc@1: 71.8750 (79.1770)  Acc@5: 100.0000 (98.9480)LR: 7.891e-03
2024-05-26 02:28:12,306 -         train_search: [    INFO] - Train: 32 [ 150/390]  Loss: 0.7350 (0.604)  Acc@1: 73.4375 (79.0046)  Acc@5: 96.8750 (98.8307)LR: 7.891e-03
2024-05-26 02:28:30,887 -         train_search: [    INFO] - Train: 32 [ 200/390]  Loss: 0.6473 (0.609)  Acc@1: 79.6875 (78.9723)  Acc@5: 96.8750 (98.8029)LR: 7.891e-03
2024-05-26 02:28:48,113 -         train_search: [    INFO] - Train: 32 [ 250/390]  Loss: 0.4515 (0.609)  Acc@1: 87.5000 (78.8471)  Acc@5: 100.0000 (98.8110)LR: 7.891e-03
2024-05-26 02:29:04,892 -         train_search: [    INFO] - Train: 32 [ 300/390]  Loss: 0.5569 (0.602)  Acc@1: 81.2500 (79.2099)  Acc@5: 96.8750 (98.8320)LR: 7.891e-03
2024-05-26 02:29:22,063 -         train_search: [    INFO] - Train: 32 [ 350/390]  Loss: 0.5508 (0.598)  Acc@1: 79.6875 (79.3803)  Acc@5: 98.4375 (98.8693)LR: 7.891e-03
2024-05-26 02:29:37,019 -         train_search: [    INFO] - Train: 32 [ 390/390]  Loss: 0.2133 (0.602)  Acc@1: 95.0000 (79.3200)  Acc@5: 100.0000 (98.8400)LR: 7.891e-03
2024-05-26 02:29:37,093 -         train_search: [    INFO] - train_acc 79.320000
2024-05-26 02:29:37,437 -         train_search: [    INFO] - Valid: 32 [   0/390]  Loss: 0.6609 (0.661)  Acc@1: 76.5625 (76.5625)  Acc@5: 96.8750 (96.8750)
2024-05-26 02:29:41,359 -         train_search: [    INFO] - Valid: 32 [  50/390]  Loss: 0.4120 (0.590)  Acc@1: 85.9375 (79.5650)  Acc@5: 100.0000 (98.7132)
2024-05-26 02:29:45,258 -         train_search: [    INFO] - Valid: 32 [ 100/390]  Loss: 0.6497 (0.602)  Acc@1: 78.1250 (79.1770)  Acc@5: 96.8750 (98.6231)
2024-05-26 02:29:49,126 -         train_search: [    INFO] - Valid: 32 [ 150/390]  Loss: 0.6103 (0.604)  Acc@1: 81.2500 (79.3564)  Acc@5: 96.8750 (98.7065)
2024-05-26 02:29:52,812 -         train_search: [    INFO] - Valid: 32 [ 200/390]  Loss: 0.5602 (0.610)  Acc@1: 79.6875 (79.0190)  Acc@5: 100.0000 (98.7174)
2024-05-26 02:29:56,133 -         train_search: [    INFO] - Valid: 32 [ 250/390]  Loss: 0.5033 (0.607)  Acc@1: 81.2500 (79.2766)  Acc@5: 98.4375 (98.7674)
2024-05-26 02:29:59,443 -         train_search: [    INFO] - Valid: 32 [ 300/390]  Loss: 0.7030 (0.607)  Acc@1: 81.2500 (79.2307)  Acc@5: 98.4375 (98.8113)
2024-05-26 02:30:02,749 -         train_search: [    INFO] - Valid: 32 [ 350/390]  Loss: 0.3838 (0.607)  Acc@1: 84.3750 (79.1311)  Acc@5: 100.0000 (98.8381)
2024-05-26 02:30:05,305 -         train_search: [    INFO] - Valid: 32 [ 390/390]  Loss: 0.5171 (0.606)  Acc@1: 85.0000 (79.1400)  Acc@5: 97.5000 (98.8200)
2024-05-26 02:30:05,345 -         train_search: [    INFO] - valid_acc 79.140000
2024-05-26 02:30:05,346 -         train_search: [    INFO] - epoch = 32   
 genotype = |nor_conv_3x3~0|+|nor_conv_3x3~0|nor_conv_3x3~1|+|skip_connect~0|nor_conv_3x3~1|nor_conv_3x3~2|
2024-05-26 02:30:05,348 -         train_search: [    INFO] - alphas_normal = 
 tensor([[0.2083, 0.2067, 0.0590, 0.1939, 0.3323],
        [0.2579, 0.1966, 0.0631, 0.1785, 0.3039],
        [0.1565, 0.1385, 0.0631, 0.1638, 0.4781],
        [0.1995, 0.3629, 0.0564, 0.2040, 0.1772],
        [0.2576, 0.2248, 0.0542, 0.1941, 0.2694],
        [0.1815, 0.1568, 0.0526, 0.2206, 0.3885]], device='cuda:0',
       grad_fn=<SoftmaxBackward0>)
2024-05-26 02:30:06,219 -         train_search: [    INFO] - Train: 33 [   0/390]  Loss: 0.7808 (0.781)  Acc@1: 75.0000 (75.0000)  Acc@5: 96.8750 (96.8750)LR: 7.219e-03
2024-05-26 02:30:23,043 -         train_search: [    INFO] - Train: 33 [  50/390]  Loss: 0.5546 (0.601)  Acc@1: 81.2500 (79.3811)  Acc@5: 96.8750 (98.9890)LR: 7.219e-03
2024-05-26 02:30:39,503 -         train_search: [    INFO] - Train: 33 [ 100/390]  Loss: 0.5161 (0.598)  Acc@1: 78.1250 (79.6101)  Acc@5: 98.4375 (98.8243)LR: 7.219e-03
2024-05-26 02:30:56,056 -         train_search: [    INFO] - Train: 33 [ 150/390]  Loss: 0.5725 (0.586)  Acc@1: 78.1250 (79.8324)  Acc@5: 98.4375 (98.8928)LR: 7.219e-03
2024-05-26 02:31:12,546 -         train_search: [    INFO] - Train: 33 [ 200/390]  Loss: 0.5839 (0.577)  Acc@1: 78.1250 (80.1772)  Acc@5: 100.0000 (98.9661)LR: 7.219e-03
2024-05-26 02:31:31,083 -         train_search: [    INFO] - Train: 33 [ 250/390]  Loss: 0.5711 (0.582)  Acc@1: 78.1250 (80.0361)  Acc@5: 100.0000 (98.9168)LR: 7.219e-03
2024-05-26 02:31:48,812 -         train_search: [    INFO] - Train: 33 [ 300/390]  Loss: 0.6016 (0.582)  Acc@1: 76.5625 (80.0405)  Acc@5: 100.0000 (98.9358)LR: 7.219e-03
2024-05-26 02:32:05,025 -         train_search: [    INFO] - Train: 33 [ 350/390]  Loss: 0.6194 (0.584)  Acc@1: 81.2500 (79.9323)  Acc@5: 100.0000 (98.8960)LR: 7.219e-03
2024-05-26 02:32:17,948 -         train_search: [    INFO] - Train: 33 [ 390/390]  Loss: 0.4953 (0.582)  Acc@1: 80.0000 (79.9920)  Acc@5: 100.0000 (98.9400)LR: 7.219e-03
2024-05-26 02:32:18,022 -         train_search: [    INFO] - train_acc 79.992000
2024-05-26 02:32:18,530 -         train_search: [    INFO] - Valid: 33 [   0/390]  Loss: 0.6654 (0.665)  Acc@1: 73.4375 (73.4375)  Acc@5: 100.0000 (100.0000)
2024-05-26 02:32:21,668 -         train_search: [    INFO] - Valid: 33 [  50/390]  Loss: 0.4736 (0.577)  Acc@1: 87.5000 (80.1164)  Acc@5: 98.4375 (98.8971)
2024-05-26 02:32:24,794 -         train_search: [    INFO] - Valid: 33 [ 100/390]  Loss: 0.4878 (0.594)  Acc@1: 85.9375 (79.8267)  Acc@5: 98.4375 (98.6231)
2024-05-26 02:32:27,920 -         train_search: [    INFO] - Valid: 33 [ 150/390]  Loss: 0.6023 (0.601)  Acc@1: 78.1250 (79.7289)  Acc@5: 98.4375 (98.5824)
2024-05-26 02:32:31,062 -         train_search: [    INFO] - Valid: 33 [ 200/390]  Loss: 0.3543 (0.598)  Acc@1: 92.1875 (79.8041)  Acc@5: 100.0000 (98.6474)
2024-05-26 02:32:34,182 -         train_search: [    INFO] - Valid: 33 [ 250/390]  Loss: 0.6087 (0.598)  Acc@1: 79.6875 (79.7000)  Acc@5: 100.0000 (98.6492)
2024-05-26 02:32:37,303 -         train_search: [    INFO] - Valid: 33 [ 300/390]  Loss: 0.5369 (0.598)  Acc@1: 78.1250 (79.6148)  Acc@5: 100.0000 (98.6867)
2024-05-26 02:32:40,428 -         train_search: [    INFO] - Valid: 33 [ 350/390]  Loss: 0.4555 (0.595)  Acc@1: 84.3750 (79.5317)  Acc@5: 96.8750 (98.7179)
2024-05-26 02:32:42,914 -         train_search: [    INFO] - Valid: 33 [ 390/390]  Loss: 0.4723 (0.597)  Acc@1: 85.0000 (79.3920)  Acc@5: 97.5000 (98.7400)
2024-05-26 02:32:42,954 -         train_search: [    INFO] - valid_acc 79.392000
2024-05-26 02:32:42,955 -         train_search: [    INFO] - epoch = 33   
 genotype = |nor_conv_3x3~0|+|nor_conv_3x3~0|nor_conv_3x3~1|+|skip_connect~0|nor_conv_3x3~1|nor_conv_3x3~2|
2024-05-26 02:32:42,957 -         train_search: [    INFO] - alphas_normal = 
 tensor([[0.2074, 0.2073, 0.0576, 0.1951, 0.3327],
        [0.2588, 0.1956, 0.0619, 0.1796, 0.3041],
        [0.1557, 0.1378, 0.0621, 0.1642, 0.4802],
        [0.1990, 0.3647, 0.0549, 0.2061, 0.1753],
        [0.2570, 0.2242, 0.0529, 0.1929, 0.2730],
        [0.1797, 0.1547, 0.0513, 0.2221, 0.3922]], device='cuda:0',
       grad_fn=<SoftmaxBackward0>)
2024-05-26 02:32:43,791 -         train_search: [    INFO] - Train: 34 [   0/390]  Loss: 0.7201 (0.720)  Acc@1: 76.5625 (76.5625)  Acc@5: 100.0000 (100.0000)LR: 6.570e-03
2024-05-26 02:33:01,144 -         train_search: [    INFO] - Train: 34 [  50/390]  Loss: 0.4482 (0.595)  Acc@1: 85.9375 (78.8297)  Acc@5: 100.0000 (98.6520)LR: 6.570e-03
2024-05-26 02:33:19,447 -         train_search: [    INFO] - Train: 34 [ 100/390]  Loss: 0.4933 (0.578)  Acc@1: 82.8125 (79.8267)  Acc@5: 98.4375 (98.7624)LR: 6.570e-03
2024-05-26 02:33:35,951 -         train_search: [    INFO] - Train: 34 [ 150/390]  Loss: 0.4738 (0.571)  Acc@1: 89.0625 (79.9669)  Acc@5: 98.4375 (98.8825)LR: 6.570e-03
2024-05-26 02:33:52,932 -         train_search: [    INFO] - Train: 34 [ 200/390]  Loss: 0.5845 (0.572)  Acc@1: 78.1250 (80.0451)  Acc@5: 98.4375 (98.8806)LR: 6.570e-03
2024-05-26 02:34:09,620 -         train_search: [    INFO] - Train: 34 [ 250/390]  Loss: 0.4501 (0.570)  Acc@1: 82.8125 (80.0797)  Acc@5: 98.4375 (98.9480)LR: 6.570e-03
2024-05-26 02:34:26,059 -         train_search: [    INFO] - Train: 34 [ 300/390]  Loss: 0.5880 (0.569)  Acc@1: 78.1250 (80.0820)  Acc@5: 96.8750 (98.9774)LR: 6.570e-03
2024-05-26 02:34:42,649 -         train_search: [    INFO] - Train: 34 [ 350/390]  Loss: 0.4883 (0.568)  Acc@1: 79.6875 (80.1193)  Acc@5: 100.0000 (98.9494)LR: 6.570e-03
2024-05-26 02:34:55,542 -         train_search: [    INFO] - Train: 34 [ 390/390]  Loss: 0.4441 (0.569)  Acc@1: 85.0000 (80.1360)  Acc@5: 100.0000 (98.9400)LR: 6.570e-03
2024-05-26 02:34:55,617 -         train_search: [    INFO] - train_acc 80.136000
2024-05-26 02:34:56,189 -         train_search: [    INFO] - Valid: 34 [   0/390]  Loss: 0.7956 (0.796)  Acc@1: 75.0000 (75.0000)  Acc@5: 96.8750 (96.8750)
2024-05-26 02:34:59,432 -         train_search: [    INFO] - Valid: 34 [  50/390]  Loss: 0.7030 (0.593)  Acc@1: 75.0000 (80.0245)  Acc@5: 95.3125 (98.4988)
2024-05-26 02:35:02,656 -         train_search: [    INFO] - Valid: 34 [ 100/390]  Loss: 0.6008 (0.586)  Acc@1: 84.3750 (80.2908)  Acc@5: 100.0000 (98.7005)
2024-05-26 02:35:05,853 -         train_search: [    INFO] - Valid: 34 [ 150/390]  Loss: 0.6036 (0.601)  Acc@1: 76.5625 (79.7185)  Acc@5: 100.0000 (98.7065)
2024-05-26 02:35:09,067 -         train_search: [    INFO] - Valid: 34 [ 200/390]  Loss: 0.4111 (0.598)  Acc@1: 79.6875 (79.6409)  Acc@5: 100.0000 (98.7562)
2024-05-26 02:35:12,262 -         train_search: [    INFO] - Valid: 34 [ 250/390]  Loss: 0.4117 (0.602)  Acc@1: 81.2500 (79.3887)  Acc@5: 100.0000 (98.7363)
2024-05-26 02:35:15,842 -         train_search: [    INFO] - Valid: 34 [ 300/390]  Loss: 0.6134 (0.603)  Acc@1: 79.6875 (79.4279)  Acc@5: 100.0000 (98.7490)
2024-05-26 02:35:19,061 -         train_search: [    INFO] - Valid: 34 [ 350/390]  Loss: 0.5003 (0.598)  Acc@1: 82.8125 (79.6697)  Acc@5: 100.0000 (98.7135)
2024-05-26 02:35:21,574 -         train_search: [    INFO] - Valid: 34 [ 390/390]  Loss: 0.8378 (0.595)  Acc@1: 60.0000 (79.7320)  Acc@5: 100.0000 (98.7000)
2024-05-26 02:35:21,609 -         train_search: [    INFO] - valid_acc 79.732000
2024-05-26 02:35:21,610 -         train_search: [    INFO] - epoch = 34   
 genotype = |nor_conv_3x3~0|+|nor_conv_3x3~0|nor_conv_3x3~1|+|skip_connect~0|nor_conv_3x3~1|nor_conv_3x3~2|
2024-05-26 02:35:21,612 -         train_search: [    INFO] - alphas_normal = 
 tensor([[0.2078, 0.2077, 0.0563, 0.1972, 0.3310],
        [0.2613, 0.1921, 0.0603, 0.1820, 0.3043],
        [0.1543, 0.1349, 0.0601, 0.1639, 0.4867],
        [0.1983, 0.3667, 0.0534, 0.2076, 0.1741],
        [0.2548, 0.2229, 0.0516, 0.1933, 0.2774],
        [0.1782, 0.1511, 0.0496, 0.2215, 0.3997]], device='cuda:0',
       grad_fn=<SoftmaxBackward0>)
2024-05-26 02:35:22,462 -         train_search: [    INFO] - Train: 35 [   0/390]  Loss: 0.5248 (0.525)  Acc@1: 82.8125 (82.8125)  Acc@5: 100.0000 (100.0000)LR: 5.947e-03
2024-05-26 02:35:38,868 -         train_search: [    INFO] - Train: 35 [  50/390]  Loss: 0.3927 (0.512)  Acc@1: 84.3750 (82.5980)  Acc@5: 100.0000 (99.3873)LR: 5.947e-03
2024-05-26 02:35:56,893 -         train_search: [    INFO] - Train: 35 [ 100/390]  Loss: 0.4788 (0.528)  Acc@1: 87.5000 (81.9152)  Acc@5: 100.0000 (99.2265)LR: 5.947e-03
2024-05-26 02:36:13,690 -         train_search: [    INFO] - Train: 35 [ 150/390]  Loss: 0.5113 (0.529)  Acc@1: 84.3750 (81.7984)  Acc@5: 100.0000 (99.2550)LR: 5.947e-03
2024-05-26 02:36:31,183 -         train_search: [    INFO] - Train: 35 [ 200/390]  Loss: 0.5812 (0.530)  Acc@1: 78.1250 (81.7242)  Acc@5: 98.4375 (99.1604)LR: 5.947e-03
2024-05-26 02:36:49,823 -         train_search: [    INFO] - Train: 35 [ 250/390]  Loss: 0.5462 (0.529)  Acc@1: 81.2500 (81.5862)  Acc@5: 98.4375 (99.1970)LR: 5.947e-03
2024-05-26 02:37:08,338 -         train_search: [    INFO] - Train: 35 [ 300/390]  Loss: 0.5558 (0.535)  Acc@1: 84.3750 (81.4576)  Acc@5: 98.4375 (99.1954)LR: 5.947e-03
2024-05-26 02:37:26,920 -         train_search: [    INFO] - Train: 35 [ 350/390]  Loss: 0.4513 (0.538)  Acc@1: 81.2500 (81.2500)  Acc@5: 100.0000 (99.1542)LR: 5.947e-03
2024-05-26 02:37:41,708 -         train_search: [    INFO] - Train: 35 [ 390/390]  Loss: 0.4653 (0.543)  Acc@1: 85.0000 (81.1320)  Acc@5: 100.0000 (99.1280)LR: 5.947e-03
2024-05-26 02:37:41,786 -         train_search: [    INFO] - train_acc 81.132000
2024-05-26 02:37:42,107 -         train_search: [    INFO] - Valid: 35 [   0/390]  Loss: 0.5925 (0.592)  Acc@1: 81.2500 (81.2500)  Acc@5: 100.0000 (100.0000)
2024-05-26 02:37:45,315 -         train_search: [    INFO] - Valid: 35 [  50/390]  Loss: 0.5201 (0.585)  Acc@1: 81.2500 (80.2696)  Acc@5: 100.0000 (98.7132)
2024-05-26 02:37:48,512 -         train_search: [    INFO] - Valid: 35 [ 100/390]  Loss: 0.5603 (0.568)  Acc@1: 81.2500 (80.7550)  Acc@5: 100.0000 (98.8243)
2024-05-26 02:37:51,698 -         train_search: [    INFO] - Valid: 35 [ 150/390]  Loss: 0.6233 (0.569)  Acc@1: 76.5625 (80.6912)  Acc@5: 100.0000 (98.9238)
2024-05-26 02:37:54,910 -         train_search: [    INFO] - Valid: 35 [ 200/390]  Loss: 0.7178 (0.568)  Acc@1: 70.3125 (80.7369)  Acc@5: 100.0000 (98.9117)
2024-05-26 02:37:58,130 -         train_search: [    INFO] - Valid: 35 [ 250/390]  Loss: 0.5937 (0.571)  Acc@1: 73.4375 (80.5528)  Acc@5: 100.0000 (98.8857)
2024-05-26 02:38:01,345 -         train_search: [    INFO] - Valid: 35 [ 300/390]  Loss: 0.5112 (0.572)  Acc@1: 79.6875 (80.3831)  Acc@5: 100.0000 (98.8787)
2024-05-26 02:38:04,550 -         train_search: [    INFO] - Valid: 35 [ 350/390]  Loss: 0.6772 (0.572)  Acc@1: 78.1250 (80.4354)  Acc@5: 96.8750 (98.8559)
2024-05-26 02:38:07,066 -         train_search: [    INFO] - Valid: 35 [ 390/390]  Loss: 0.5866 (0.572)  Acc@1: 80.0000 (80.4560)  Acc@5: 100.0000 (98.8440)
2024-05-26 02:38:07,107 -         train_search: [    INFO] - valid_acc 80.456000
2024-05-26 02:38:07,108 -         train_search: [    INFO] - epoch = 35   
 genotype = |nor_conv_3x3~0|+|nor_conv_3x3~0|nor_conv_3x3~1|+|skip_connect~0|nor_conv_3x3~1|nor_conv_3x3~2|
2024-05-26 02:38:07,111 -         train_search: [    INFO] - alphas_normal = 
 tensor([[0.2060, 0.2061, 0.0547, 0.1994, 0.3339],
        [0.2611, 0.1902, 0.0590, 0.1849, 0.3048],
        [0.1547, 0.1340, 0.0588, 0.1645, 0.4881],
        [0.1957, 0.3701, 0.0518, 0.2095, 0.1728],
        [0.2518, 0.2232, 0.0504, 0.1959, 0.2787],
        [0.1786, 0.1484, 0.0481, 0.2220, 0.4028]], device='cuda:0',
       grad_fn=<SoftmaxBackward0>)
2024-05-26 02:38:08,214 -         train_search: [    INFO] - Train: 36 [   0/390]  Loss: 0.4263 (0.426)  Acc@1: 89.0625 (89.0625)  Acc@5: 96.8750 (96.8750)LR: 5.351e-03
2024-05-26 02:38:26,191 -         train_search: [    INFO] - Train: 36 [  50/390]  Loss: 0.6494 (0.544)  Acc@1: 76.5625 (81.5870)  Acc@5: 96.8750 (98.9890)LR: 5.351e-03
2024-05-26 02:38:44,582 -         train_search: [    INFO] - Train: 36 [ 100/390]  Loss: 0.3796 (0.535)  Acc@1: 81.2500 (81.5285)  Acc@5: 100.0000 (99.0408)LR: 5.351e-03
2024-05-26 02:39:01,946 -         train_search: [    INFO] - Train: 36 [ 150/390]  Loss: 0.4449 (0.542)  Acc@1: 81.2500 (81.2810)  Acc@5: 100.0000 (98.9342)LR: 5.351e-03
2024-05-26 02:39:18,537 -         train_search: [    INFO] - Train: 36 [ 200/390]  Loss: 0.3921 (0.542)  Acc@1: 85.9375 (81.2733)  Acc@5: 100.0000 (99.0050)LR: 5.351e-03
2024-05-26 02:39:35,301 -         train_search: [    INFO] - Train: 36 [ 250/390]  Loss: 0.5378 (0.542)  Acc@1: 84.3750 (81.1691)  Acc@5: 100.0000 (99.0600)LR: 5.351e-03
2024-05-26 02:39:51,862 -         train_search: [    INFO] - Train: 36 [ 300/390]  Loss: 0.6327 (0.539)  Acc@1: 78.1250 (81.3434)  Acc@5: 98.4375 (99.0552)LR: 5.351e-03
2024-05-26 02:40:10,336 -         train_search: [    INFO] - Train: 36 [ 350/390]  Loss: 0.6698 (0.539)  Acc@1: 82.8125 (81.3969)  Acc@5: 96.8750 (99.0607)LR: 5.351e-03
2024-05-26 02:40:23,342 -         train_search: [    INFO] - Train: 36 [ 390/390]  Loss: 0.5787 (0.538)  Acc@1: 77.5000 (81.4840)  Acc@5: 100.0000 (99.0600)LR: 5.351e-03
2024-05-26 02:40:23,423 -         train_search: [    INFO] - train_acc 81.484000
2024-05-26 02:40:23,738 -         train_search: [    INFO] - Valid: 36 [   0/390]  Loss: 0.7635 (0.763)  Acc@1: 71.8750 (71.8750)  Acc@5: 100.0000 (100.0000)
2024-05-26 02:40:26,874 -         train_search: [    INFO] - Valid: 36 [  50/390]  Loss: 0.6533 (0.616)  Acc@1: 78.1250 (79.3505)  Acc@5: 98.4375 (98.5600)
2024-05-26 02:40:30,002 -         train_search: [    INFO] - Valid: 36 [ 100/390]  Loss: 0.8825 (0.606)  Acc@1: 71.8750 (79.5637)  Acc@5: 96.8750 (98.7778)
2024-05-26 02:40:33,132 -         train_search: [    INFO] - Valid: 36 [ 150/390]  Loss: 0.5371 (0.588)  Acc@1: 78.1250 (80.0083)  Acc@5: 100.0000 (98.8825)
2024-05-26 02:40:36,262 -         train_search: [    INFO] - Valid: 36 [ 200/390]  Loss: 0.4144 (0.574)  Acc@1: 89.0625 (80.3638)  Acc@5: 100.0000 (98.9506)
2024-05-26 02:40:39,387 -         train_search: [    INFO] - Valid: 36 [ 250/390]  Loss: 0.5410 (0.572)  Acc@1: 78.1250 (80.4470)  Acc@5: 100.0000 (98.9231)
2024-05-26 02:40:42,510 -         train_search: [    INFO] - Valid: 36 [ 300/390]  Loss: 0.3088 (0.571)  Acc@1: 89.0625 (80.3987)  Acc@5: 100.0000 (98.9462)
2024-05-26 02:40:45,651 -         train_search: [    INFO] - Valid: 36 [ 350/390]  Loss: 0.3720 (0.568)  Acc@1: 89.0625 (80.5467)  Acc@5: 100.0000 (98.9272)
2024-05-26 02:40:48,147 -         train_search: [    INFO] - Valid: 36 [ 390/390]  Loss: 0.8148 (0.572)  Acc@1: 72.5000 (80.3920)  Acc@5: 97.5000 (98.9320)
2024-05-26 02:40:48,183 -         train_search: [    INFO] - valid_acc 80.392000
2024-05-26 02:40:48,184 -         train_search: [    INFO] - epoch = 36   
 genotype = |nor_conv_3x3~0|+|nor_conv_3x3~0|nor_conv_3x3~1|+|skip_connect~0|nor_conv_3x3~1|nor_conv_3x3~2|
2024-05-26 02:40:48,186 -         train_search: [    INFO] - alphas_normal = 
 tensor([[0.2047, 0.2057, 0.0535, 0.2039, 0.3322],
        [0.2587, 0.1898, 0.0581, 0.1879, 0.3056],
        [0.1555, 0.1336, 0.0578, 0.1658, 0.4873],
        [0.1932, 0.3697, 0.0508, 0.2132, 0.1731],
        [0.2516, 0.2246, 0.0496, 0.1972, 0.2769],
        [0.1775, 0.1469, 0.0471, 0.2233, 0.4052]], device='cuda:0',
       grad_fn=<SoftmaxBackward0>)
2024-05-26 02:40:49,246 -         train_search: [    INFO] - Train: 37 [   0/390]  Loss: 0.5033 (0.503)  Acc@1: 81.2500 (81.2500)  Acc@5: 96.8750 (96.8750)LR: 4.785e-03
2024-05-26 02:41:07,635 -         train_search: [    INFO] - Train: 37 [  50/390]  Loss: 0.6133 (0.526)  Acc@1: 81.2500 (81.4951)  Acc@5: 95.3125 (99.0502)LR: 4.785e-03
2024-05-26 02:41:26,099 -         train_search: [    INFO] - Train: 37 [ 100/390]  Loss: 0.5190 (0.517)  Acc@1: 84.3750 (82.1318)  Acc@5: 100.0000 (99.1491)LR: 4.785e-03
2024-05-26 02:41:44,552 -         train_search: [    INFO] - Train: 37 [ 150/390]  Loss: 0.5855 (0.527)  Acc@1: 81.2500 (81.7260)  Acc@5: 96.8750 (98.9549)LR: 4.785e-03
2024-05-26 02:42:01,077 -         train_search: [    INFO] - Train: 37 [ 200/390]  Loss: 0.5135 (0.524)  Acc@1: 81.2500 (81.7942)  Acc@5: 98.4375 (98.9739)LR: 4.785e-03
2024-05-26 02:42:17,735 -         train_search: [    INFO] - Train: 37 [ 250/390]  Loss: 0.5633 (0.527)  Acc@1: 82.8125 (81.7480)  Acc@5: 100.0000 (99.0040)LR: 4.785e-03
2024-05-26 02:42:34,187 -         train_search: [    INFO] - Train: 37 [ 300/390]  Loss: 0.4998 (0.518)  Acc@1: 81.2500 (82.0858)  Acc@5: 100.0000 (99.1020)LR: 4.785e-03
2024-05-26 02:42:51,478 -         train_search: [    INFO] - Train: 37 [ 350/390]  Loss: 0.5616 (0.517)  Acc@1: 79.6875 (82.0735)  Acc@5: 96.8750 (99.1319)LR: 4.785e-03
2024-05-26 02:43:05,384 -         train_search: [    INFO] - Train: 37 [ 390/390]  Loss: 0.5791 (0.521)  Acc@1: 82.5000 (81.8640)  Acc@5: 97.5000 (99.0960)LR: 4.785e-03
2024-05-26 02:43:05,457 -         train_search: [    INFO] - train_acc 81.864000
2024-05-26 02:43:05,767 -         train_search: [    INFO] - Valid: 37 [   0/390]  Loss: 0.4771 (0.477)  Acc@1: 82.8125 (82.8125)  Acc@5: 100.0000 (100.0000)
2024-05-26 02:43:08,873 -         train_search: [    INFO] - Valid: 37 [  50/390]  Loss: 0.7757 (0.590)  Acc@1: 71.8750 (79.8407)  Acc@5: 96.8750 (98.8664)
2024-05-26 02:43:11,982 -         train_search: [    INFO] - Valid: 37 [ 100/390]  Loss: 0.2774 (0.571)  Acc@1: 89.0625 (80.4765)  Acc@5: 100.0000 (99.0254)
2024-05-26 02:43:15,087 -         train_search: [    INFO] - Valid: 37 [ 150/390]  Loss: 0.4832 (0.575)  Acc@1: 84.3750 (80.2049)  Acc@5: 100.0000 (98.9859)
2024-05-26 02:43:18,187 -         train_search: [    INFO] - Valid: 37 [ 200/390]  Loss: 0.5469 (0.571)  Acc@1: 82.8125 (80.4182)  Acc@5: 98.4375 (99.0438)
2024-05-26 02:43:21,299 -         train_search: [    INFO] - Valid: 37 [ 250/390]  Loss: 0.7170 (0.571)  Acc@1: 78.1250 (80.4532)  Acc@5: 98.4375 (98.9915)
2024-05-26 02:43:24,842 -         train_search: [    INFO] - Valid: 37 [ 300/390]  Loss: 0.6692 (0.574)  Acc@1: 76.5625 (80.3779)  Acc@5: 96.8750 (98.9358)
2024-05-26 02:43:28,932 -         train_search: [    INFO] - Valid: 37 [ 350/390]  Loss: 0.5720 (0.573)  Acc@1: 84.3750 (80.3998)  Acc@5: 100.0000 (98.9272)
2024-05-26 02:43:31,862 -         train_search: [    INFO] - Valid: 37 [ 390/390]  Loss: 0.6760 (0.573)  Acc@1: 75.0000 (80.4720)  Acc@5: 95.0000 (98.9000)
2024-05-26 02:43:31,903 -         train_search: [    INFO] - valid_acc 80.472000
2024-05-26 02:43:31,904 -         train_search: [    INFO] - epoch = 37   
 genotype = |nor_conv_3x3~0|+|nor_conv_3x3~0|nor_conv_3x3~1|+|skip_connect~0|nor_conv_3x3~1|nor_conv_3x3~2|
2024-05-26 02:43:31,906 -         train_search: [    INFO] - alphas_normal = 
 tensor([[0.2041, 0.2032, 0.0525, 0.2045, 0.3357],
        [0.2576, 0.1881, 0.0577, 0.1897, 0.3070],
        [0.1557, 0.1316, 0.0566, 0.1659, 0.4902],
        [0.1908, 0.3709, 0.0503, 0.2147, 0.1733],
        [0.2479, 0.2242, 0.0492, 0.1979, 0.2808],
        [0.1779, 0.1461, 0.0465, 0.2220, 0.4075]], device='cuda:0',
       grad_fn=<SoftmaxBackward0>)
2024-05-26 02:43:33,001 -         train_search: [    INFO] - Train: 38 [   0/390]  Loss: 0.6203 (0.620)  Acc@1: 79.6875 (79.6875)  Acc@5: 92.1875 (92.1875)LR: 4.252e-03
2024-05-26 02:43:51,074 -         train_search: [    INFO] - Train: 38 [  50/390]  Loss: 0.6708 (0.526)  Acc@1: 79.6875 (82.4142)  Acc@5: 98.4375 (99.0196)LR: 4.252e-03
2024-05-26 02:44:09,656 -         train_search: [    INFO] - Train: 38 [ 100/390]  Loss: 0.4590 (0.510)  Acc@1: 79.6875 (82.4876)  Acc@5: 100.0000 (99.1955)LR: 4.252e-03
2024-05-26 02:44:27,602 -         train_search: [    INFO] - Train: 38 [ 150/390]  Loss: 0.4916 (0.507)  Acc@1: 85.9375 (82.5021)  Acc@5: 98.4375 (99.1618)LR: 4.252e-03
2024-05-26 02:44:46,435 -         train_search: [    INFO] - Train: 38 [ 200/390]  Loss: 0.1854 (0.510)  Acc@1: 98.4375 (82.4160)  Acc@5: 100.0000 (99.1216)LR: 4.252e-03
2024-05-26 02:45:04,914 -         train_search: [    INFO] - Train: 38 [ 250/390]  Loss: 0.5385 (0.509)  Acc@1: 82.8125 (82.5448)  Acc@5: 98.4375 (99.1223)LR: 4.252e-03
2024-05-26 02:45:22,458 -         train_search: [    INFO] - Train: 38 [ 300/390]  Loss: 0.4334 (0.506)  Acc@1: 84.3750 (82.5841)  Acc@5: 100.0000 (99.1487)LR: 4.252e-03
2024-05-26 02:45:40,311 -         train_search: [    INFO] - Train: 38 [ 350/390]  Loss: 0.4119 (0.503)  Acc@1: 85.9375 (82.6033)  Acc@5: 100.0000 (99.1631)LR: 4.252e-03
2024-05-26 02:45:55,186 -         train_search: [    INFO] - Train: 38 [ 390/390]  Loss: 0.5255 (0.503)  Acc@1: 77.5000 (82.6000)  Acc@5: 100.0000 (99.1480)LR: 4.252e-03
2024-05-26 02:45:55,254 -         train_search: [    INFO] - train_acc 82.600000
2024-05-26 02:45:55,585 -         train_search: [    INFO] - Valid: 38 [   0/390]  Loss: 0.3486 (0.349)  Acc@1: 90.6250 (90.6250)  Acc@5: 100.0000 (100.0000)
2024-05-26 02:45:59,020 -         train_search: [    INFO] - Valid: 38 [  50/390]  Loss: 0.4981 (0.572)  Acc@1: 84.3750 (80.4228)  Acc@5: 100.0000 (98.6213)
2024-05-26 02:46:03,041 -         train_search: [    INFO] - Valid: 38 [ 100/390]  Loss: 0.4137 (0.561)  Acc@1: 84.3750 (80.7085)  Acc@5: 100.0000 (98.9016)
2024-05-26 02:46:06,373 -         train_search: [    INFO] - Valid: 38 [ 150/390]  Loss: 0.7576 (0.565)  Acc@1: 76.5625 (80.5567)  Acc@5: 100.0000 (98.8514)
2024-05-26 02:46:10,134 -         train_search: [    INFO] - Valid: 38 [ 200/390]  Loss: 0.6038 (0.561)  Acc@1: 79.6875 (80.6825)  Acc@5: 98.4375 (98.8184)
2024-05-26 02:46:14,136 -         train_search: [    INFO] - Valid: 38 [ 250/390]  Loss: 0.6966 (0.560)  Acc@1: 76.5625 (80.6337)  Acc@5: 98.4375 (98.8670)
2024-05-26 02:46:18,136 -         train_search: [    INFO] - Valid: 38 [ 300/390]  Loss: 0.5063 (0.561)  Acc@1: 81.2500 (80.6219)  Acc@5: 100.0000 (98.8787)
2024-05-26 02:46:22,153 -         train_search: [    INFO] - Valid: 38 [ 350/390]  Loss: 0.4491 (0.562)  Acc@1: 82.8125 (80.5956)  Acc@5: 100.0000 (98.8649)
2024-05-26 02:46:25,325 -         train_search: [    INFO] - Valid: 38 [ 390/390]  Loss: 0.7840 (0.564)  Acc@1: 82.5000 (80.5560)  Acc@5: 95.0000 (98.8600)
2024-05-26 02:46:25,364 -         train_search: [    INFO] - valid_acc 80.556000
2024-05-26 02:46:25,365 -         train_search: [    INFO] - epoch = 38   
 genotype = |nor_conv_3x3~0|+|nor_conv_3x3~0|nor_conv_3x3~1|+|skip_connect~0|nor_conv_3x3~1|nor_conv_3x3~2|
2024-05-26 02:46:25,368 -         train_search: [    INFO] - alphas_normal = 
 tensor([[0.2024, 0.2044, 0.0513, 0.2086, 0.3333],
        [0.2563, 0.1866, 0.0568, 0.1926, 0.3077],
        [0.1556, 0.1299, 0.0552, 0.1666, 0.4927],
        [0.1880, 0.3739, 0.0494, 0.2165, 0.1723],
        [0.2457, 0.2259, 0.0484, 0.1985, 0.2815],
        [0.1778, 0.1461, 0.0457, 0.2253, 0.4052]], device='cuda:0',
       grad_fn=<SoftmaxBackward0>)
2024-05-26 02:46:26,233 -         train_search: [    INFO] - Train: 39 [   0/390]  Loss: 0.6166 (0.617)  Acc@1: 79.6875 (79.6875)  Acc@5: 100.0000 (100.0000)LR: 3.754e-03
2024-05-26 02:46:43,392 -         train_search: [    INFO] - Train: 39 [  50/390]  Loss: 0.4693 (0.513)  Acc@1: 84.3750 (82.5368)  Acc@5: 100.0000 (99.2647)LR: 3.754e-03
2024-05-26 02:47:00,645 -         train_search: [    INFO] - Train: 39 [ 100/390]  Loss: 0.4383 (0.502)  Acc@1: 81.2500 (82.8434)  Acc@5: 100.0000 (99.2265)LR: 3.754e-03
2024-05-26 02:47:17,061 -         train_search: [    INFO] - Train: 39 [ 150/390]  Loss: 0.4135 (0.496)  Acc@1: 85.9375 (83.2161)  Acc@5: 100.0000 (99.2343)LR: 3.754e-03
2024-05-26 02:47:33,450 -         train_search: [    INFO] - Train: 39 [ 200/390]  Loss: 0.3787 (0.489)  Acc@1: 89.0625 (83.4188)  Acc@5: 100.0000 (99.2771)LR: 3.754e-03
2024-05-26 02:47:51,484 -         train_search: [    INFO] - Train: 39 [ 250/390]  Loss: 0.6215 (0.490)  Acc@1: 78.1250 (83.3416)  Acc@5: 96.8750 (99.2405)LR: 3.754e-03
2024-05-26 02:48:10,101 -         train_search: [    INFO] - Train: 39 [ 300/390]  Loss: 0.5975 (0.493)  Acc@1: 81.2500 (83.1707)  Acc@5: 96.8750 (99.2213)LR: 3.754e-03
2024-05-26 02:48:28,958 -         train_search: [    INFO] - Train: 39 [ 350/390]  Loss: 0.5627 (0.497)  Acc@1: 78.1250 (83.0039)  Acc@5: 100.0000 (99.2076)LR: 3.754e-03
2024-05-26 02:48:43,889 -         train_search: [    INFO] - Train: 39 [ 390/390]  Loss: 0.3347 (0.494)  Acc@1: 87.5000 (83.1360)  Acc@5: 100.0000 (99.2200)LR: 3.754e-03
2024-05-26 02:48:43,957 -         train_search: [    INFO] - train_acc 83.136000
2024-05-26 02:48:44,484 -         train_search: [    INFO] - Valid: 39 [   0/390]  Loss: 0.5082 (0.508)  Acc@1: 81.2500 (81.2500)  Acc@5: 100.0000 (100.0000)
2024-05-26 02:48:47,622 -         train_search: [    INFO] - Valid: 39 [  50/390]  Loss: 0.5284 (0.552)  Acc@1: 82.8125 (81.4951)  Acc@5: 100.0000 (98.8971)
2024-05-26 02:48:50,736 -         train_search: [    INFO] - Valid: 39 [ 100/390]  Loss: 0.4217 (0.538)  Acc@1: 82.8125 (81.7605)  Acc@5: 98.4375 (98.9480)
2024-05-26 02:48:53,865 -         train_search: [    INFO] - Valid: 39 [ 150/390]  Loss: 0.6698 (0.538)  Acc@1: 78.1250 (81.9640)  Acc@5: 100.0000 (98.9031)
2024-05-26 02:48:57,012 -         train_search: [    INFO] - Valid: 39 [ 200/390]  Loss: 0.4991 (0.555)  Acc@1: 79.6875 (81.2733)  Acc@5: 98.4375 (98.8650)
2024-05-26 02:49:00,134 -         train_search: [    INFO] - Valid: 39 [ 250/390]  Loss: 0.7100 (0.546)  Acc@1: 71.8750 (81.4928)  Acc@5: 100.0000 (98.9106)
2024-05-26 02:49:03,281 -         train_search: [    INFO] - Valid: 39 [ 300/390]  Loss: 0.5762 (0.550)  Acc@1: 82.8125 (81.2396)  Acc@5: 98.4375 (98.9151)
2024-05-26 02:49:06,398 -         train_search: [    INFO] - Valid: 39 [ 350/390]  Loss: 0.4884 (0.550)  Acc@1: 78.1250 (81.2233)  Acc@5: 100.0000 (98.9049)
2024-05-26 02:49:08,883 -         train_search: [    INFO] - Valid: 39 [ 390/390]  Loss: 0.8148 (0.547)  Acc@1: 77.5000 (81.2480)  Acc@5: 97.5000 (98.9280)
2024-05-26 02:49:08,922 -         train_search: [    INFO] - valid_acc 81.248000
2024-05-26 02:49:08,923 -         train_search: [    INFO] - epoch = 39   
 genotype = |nor_conv_3x3~0|+|nor_conv_3x3~0|nor_conv_3x3~1|+|skip_connect~0|nor_conv_3x3~1|nor_conv_3x3~2|
2024-05-26 02:49:08,925 -         train_search: [    INFO] - alphas_normal = 
 tensor([[0.2013, 0.2008, 0.0504, 0.2121, 0.3354],
        [0.2573, 0.1848, 0.0562, 0.1943, 0.3074],
        [0.1543, 0.1283, 0.0545, 0.1665, 0.4965],
        [0.1873, 0.3746, 0.0486, 0.2178, 0.1716],
        [0.2442, 0.2264, 0.0480, 0.1992, 0.2822],
        [0.1766, 0.1455, 0.0454, 0.2264, 0.4060]], device='cuda:0',
       grad_fn=<SoftmaxBackward0>)
2024-05-26 02:49:09,817 -         train_search: [    INFO] - Train: 40 [   0/390]  Loss: 0.4536 (0.454)  Acc@1: 81.2500 (81.2500)  Acc@5: 100.0000 (100.0000)LR: 3.292e-03
2024-05-26 02:49:27,777 -         train_search: [    INFO] - Train: 40 [  50/390]  Loss: 0.2746 (0.458)  Acc@1: 87.5000 (84.1299)  Acc@5: 100.0000 (99.2953)LR: 3.292e-03
2024-05-26 02:49:44,354 -         train_search: [    INFO] - Train: 40 [ 100/390]  Loss: 0.3801 (0.466)  Acc@1: 87.5000 (84.0347)  Acc@5: 100.0000 (99.3812)LR: 3.292e-03
2024-05-26 02:50:00,640 -         train_search: [    INFO] - Train: 40 [ 150/390]  Loss: 0.5885 (0.478)  Acc@1: 82.8125 (83.5679)  Acc@5: 98.4375 (99.3274)LR: 3.292e-03
2024-05-26 02:50:17,200 -         train_search: [    INFO] - Train: 40 [ 200/390]  Loss: 0.3526 (0.486)  Acc@1: 85.9375 (83.2634)  Acc@5: 100.0000 (99.2771)LR: 3.292e-03
2024-05-26 02:50:34,948 -         train_search: [    INFO] - Train: 40 [ 250/390]  Loss: 0.5941 (0.482)  Acc@1: 82.8125 (83.4661)  Acc@5: 98.4375 (99.2654)LR: 3.292e-03
2024-05-26 02:50:52,227 -         train_search: [    INFO] - Train: 40 [ 300/390]  Loss: 0.4617 (0.480)  Acc@1: 82.8125 (83.5704)  Acc@5: 100.0000 (99.2317)LR: 3.292e-03
2024-05-26 02:51:09,262 -         train_search: [    INFO] - Train: 40 [ 350/390]  Loss: 0.3145 (0.481)  Acc@1: 89.0625 (83.4535)  Acc@5: 100.0000 (99.2521)LR: 3.292e-03
2024-05-26 02:51:23,788 -         train_search: [    INFO] - Train: 40 [ 390/390]  Loss: 0.6281 (0.478)  Acc@1: 77.5000 (83.5240)  Acc@5: 97.5000 (99.2640)LR: 3.292e-03
2024-05-26 02:51:23,864 -         train_search: [    INFO] - train_acc 83.524000
2024-05-26 02:51:24,190 -         train_search: [    INFO] - Valid: 40 [   0/390]  Loss: 0.6512 (0.651)  Acc@1: 78.1250 (78.1250)  Acc@5: 95.3125 (95.3125)
2024-05-26 02:51:27,429 -         train_search: [    INFO] - Valid: 40 [  50/390]  Loss: 0.5538 (0.540)  Acc@1: 81.2500 (82.1691)  Acc@5: 96.8750 (98.5907)
2024-05-26 02:51:30,640 -         train_search: [    INFO] - Valid: 40 [ 100/390]  Loss: 0.5363 (0.545)  Acc@1: 79.6875 (81.8224)  Acc@5: 98.4375 (98.8552)
2024-05-26 02:51:33,857 -         train_search: [    INFO] - Valid: 40 [ 150/390]  Loss: 0.4969 (0.531)  Acc@1: 85.9375 (82.2227)  Acc@5: 98.4375 (98.9342)
2024-05-26 02:51:37,061 -         train_search: [    INFO] - Valid: 40 [ 200/390]  Loss: 0.8039 (0.528)  Acc@1: 75.0000 (82.2450)  Acc@5: 96.8750 (98.9739)
2024-05-26 02:51:40,293 -         train_search: [    INFO] - Valid: 40 [ 250/390]  Loss: 0.4102 (0.528)  Acc@1: 85.9375 (82.0842)  Acc@5: 98.4375 (99.0040)
2024-05-26 02:51:43,492 -         train_search: [    INFO] - Valid: 40 [ 300/390]  Loss: 0.5463 (0.527)  Acc@1: 79.6875 (82.0390)  Acc@5: 98.4375 (99.0085)
2024-05-26 02:51:46,696 -         train_search: [    INFO] - Valid: 40 [ 350/390]  Loss: 0.5269 (0.528)  Acc@1: 85.9375 (82.0201)  Acc@5: 98.4375 (99.0118)
2024-05-26 02:51:49,209 -         train_search: [    INFO] - Valid: 40 [ 390/390]  Loss: 0.4665 (0.527)  Acc@1: 82.5000 (81.9960)  Acc@5: 100.0000 (99.0040)
2024-05-26 02:51:49,244 -         train_search: [    INFO] - valid_acc 81.996000
2024-05-26 02:51:49,245 -         train_search: [    INFO] - epoch = 40   
 genotype = |nor_conv_3x3~0|+|nor_conv_3x3~0|nor_conv_3x3~1|+|skip_connect~0|nor_conv_3x3~1|nor_conv_3x3~2|
2024-05-26 02:51:49,247 -         train_search: [    INFO] - alphas_normal = 
 tensor([[0.2011, 0.1984, 0.0495, 0.2162, 0.3349],
        [0.2574, 0.1803, 0.0550, 0.1961, 0.3112],
        [0.1531, 0.1254, 0.0530, 0.1658, 0.5028],
        [0.1855, 0.3765, 0.0477, 0.2196, 0.1707],
        [0.2415, 0.2261, 0.0471, 0.2023, 0.2831],
        [0.1758, 0.1454, 0.0449, 0.2269, 0.4070]], device='cuda:0',
       grad_fn=<SoftmaxBackward0>)
2024-05-26 02:51:50,263 -         train_search: [    INFO] - Train: 41 [   0/390]  Loss: 0.6331 (0.633)  Acc@1: 76.5625 (76.5625)  Acc@5: 100.0000 (100.0000)LR: 2.868e-03
2024-05-26 02:52:08,179 -         train_search: [    INFO] - Train: 41 [  50/390]  Loss: 0.4810 (0.460)  Acc@1: 79.6875 (83.7316)  Acc@5: 100.0000 (99.5404)LR: 2.868e-03
2024-05-26 02:52:26,570 -         train_search: [    INFO] - Train: 41 [ 100/390]  Loss: 0.3537 (0.453)  Acc@1: 84.3750 (83.9882)  Acc@5: 98.4375 (99.4740)LR: 2.868e-03
2024-05-26 02:52:43,404 -         train_search: [    INFO] - Train: 41 [ 150/390]  Loss: 0.2921 (0.451)  Acc@1: 93.7500 (84.3440)  Acc@5: 100.0000 (99.3067)LR: 2.868e-03
2024-05-26 02:53:00,345 -         train_search: [    INFO] - Train: 41 [ 200/390]  Loss: 0.4042 (0.466)  Acc@1: 84.3750 (83.8231)  Acc@5: 98.4375 (99.2771)LR: 2.868e-03
2024-05-26 02:53:16,819 -         train_search: [    INFO] - Train: 41 [ 250/390]  Loss: 0.7033 (0.468)  Acc@1: 73.4375 (83.8085)  Acc@5: 100.0000 (99.2717)LR: 2.868e-03
2024-05-26 02:53:34,527 -         train_search: [    INFO] - Train: 41 [ 300/390]  Loss: 0.4332 (0.467)  Acc@1: 84.3750 (83.9390)  Acc@5: 100.0000 (99.2629)LR: 2.868e-03
2024-05-26 02:53:50,731 -         train_search: [    INFO] - Train: 41 [ 350/390]  Loss: 0.4621 (0.467)  Acc@1: 82.8125 (83.9387)  Acc@5: 100.0000 (99.2877)LR: 2.868e-03
2024-05-26 02:54:06,148 -         train_search: [    INFO] - Train: 41 [ 390/390]  Loss: 0.4848 (0.467)  Acc@1: 90.0000 (83.9120)  Acc@5: 100.0000 (99.3000)LR: 2.868e-03
2024-05-26 02:54:06,220 -         train_search: [    INFO] - train_acc 83.912000
2024-05-26 02:54:06,550 -         train_search: [    INFO] - Valid: 41 [   0/390]  Loss: 0.4532 (0.453)  Acc@1: 85.9375 (85.9375)  Acc@5: 98.4375 (98.4375)
2024-05-26 02:54:10,578 -         train_search: [    INFO] - Valid: 41 [  50/390]  Loss: 0.5317 (0.500)  Acc@1: 78.1250 (82.8125)  Acc@5: 100.0000 (99.2953)
2024-05-26 02:54:14,588 -         train_search: [    INFO] - Valid: 41 [ 100/390]  Loss: 0.4686 (0.502)  Acc@1: 90.6250 (82.8434)  Acc@5: 96.8750 (99.1955)
2024-05-26 02:54:18,618 -         train_search: [    INFO] - Valid: 41 [ 150/390]  Loss: 0.6091 (0.512)  Acc@1: 78.1250 (82.4814)  Acc@5: 98.4375 (98.9859)
2024-05-26 02:54:22,629 -         train_search: [    INFO] - Valid: 41 [ 200/390]  Loss: 0.3836 (0.518)  Acc@1: 85.9375 (82.3305)  Acc@5: 100.0000 (98.9506)
2024-05-26 02:54:26,649 -         train_search: [    INFO] - Valid: 41 [ 250/390]  Loss: 0.4663 (0.522)  Acc@1: 79.6875 (82.2336)  Acc@5: 100.0000 (98.9542)
2024-05-26 02:54:30,665 -         train_search: [    INFO] - Valid: 41 [ 300/390]  Loss: 0.3805 (0.522)  Acc@1: 81.2500 (82.2467)  Acc@5: 100.0000 (98.9047)
2024-05-26 02:54:34,696 -         train_search: [    INFO] - Valid: 41 [ 350/390]  Loss: 0.4992 (0.522)  Acc@1: 82.8125 (82.2115)  Acc@5: 96.8750 (98.8827)
2024-05-26 02:54:37,860 -         train_search: [    INFO] - Valid: 41 [ 390/390]  Loss: 0.3345 (0.521)  Acc@1: 92.5000 (82.2880)  Acc@5: 100.0000 (98.8800)
2024-05-26 02:54:37,899 -         train_search: [    INFO] - valid_acc 82.288000
2024-05-26 02:54:37,900 -         train_search: [    INFO] - epoch = 41   
 genotype = |nor_conv_3x3~0|+|nor_conv_3x3~0|nor_conv_3x3~1|+|skip_connect~0|nor_conv_3x3~1|nor_conv_3x3~2|
2024-05-26 02:54:37,902 -         train_search: [    INFO] - alphas_normal = 
 tensor([[0.1993, 0.1981, 0.0486, 0.2205, 0.3335],
        [0.2565, 0.1795, 0.0542, 0.1969, 0.3128],
        [0.1526, 0.1245, 0.0520, 0.1670, 0.5038],
        [0.1847, 0.3806, 0.0469, 0.2199, 0.1679],
        [0.2378, 0.2261, 0.0464, 0.2060, 0.2838],
        [0.1743, 0.1448, 0.0443, 0.2274, 0.4091]], device='cuda:0',
       grad_fn=<SoftmaxBackward0>)
2024-05-26 02:54:38,993 -         train_search: [    INFO] - Train: 42 [   0/390]  Loss: 0.3441 (0.344)  Acc@1: 85.9375 (85.9375)  Acc@5: 100.0000 (100.0000)LR: 2.484e-03
2024-05-26 02:54:57,465 -         train_search: [    INFO] - Train: 42 [  50/390]  Loss: 0.5505 (0.444)  Acc@1: 79.6875 (83.9154)  Acc@5: 100.0000 (99.3873)LR: 2.484e-03
2024-05-26 02:55:15,195 -         train_search: [    INFO] - Train: 42 [ 100/390]  Loss: 0.3047 (0.438)  Acc@1: 85.9375 (84.4214)  Acc@5: 100.0000 (99.3812)LR: 2.484e-03
2024-05-26 02:55:32,097 -         train_search: [    INFO] - Train: 42 [ 150/390]  Loss: 0.4674 (0.443)  Acc@1: 85.9375 (84.4371)  Acc@5: 100.0000 (99.3481)LR: 2.484e-03
2024-05-26 02:55:48,299 -         train_search: [    INFO] - Train: 42 [ 200/390]  Loss: 0.3556 (0.447)  Acc@1: 84.3750 (84.4605)  Acc@5: 100.0000 (99.3159)LR: 2.484e-03
2024-05-26 02:56:05,372 -         train_search: [    INFO] - Train: 42 [ 250/390]  Loss: 0.4329 (0.453)  Acc@1: 84.3750 (84.1633)  Acc@5: 100.0000 (99.3028)LR: 2.484e-03
2024-05-26 02:56:21,887 -         train_search: [    INFO] - Train: 42 [ 300/390]  Loss: 0.5354 (0.457)  Acc@1: 81.2500 (84.0635)  Acc@5: 100.0000 (99.2992)LR: 2.484e-03
2024-05-26 02:56:39,781 -         train_search: [    INFO] - Train: 42 [ 350/390]  Loss: 0.4979 (0.456)  Acc@1: 85.9375 (84.1168)  Acc@5: 98.4375 (99.3056)LR: 2.484e-03
2024-05-26 02:56:53,524 -         train_search: [    INFO] - Train: 42 [ 390/390]  Loss: 0.8316 (0.455)  Acc@1: 62.5000 (84.1840)  Acc@5: 100.0000 (99.3080)LR: 2.484e-03
2024-05-26 02:56:53,600 -         train_search: [    INFO] - train_acc 84.184000
2024-05-26 02:56:53,906 -         train_search: [    INFO] - Valid: 42 [   0/390]  Loss: 0.4921 (0.492)  Acc@1: 82.8125 (82.8125)  Acc@5: 100.0000 (100.0000)
2024-05-26 02:56:57,139 -         train_search: [    INFO] - Valid: 42 [  50/390]  Loss: 0.6179 (0.515)  Acc@1: 79.6875 (82.2917)  Acc@5: 96.8750 (98.8971)
2024-05-26 02:57:00,369 -         train_search: [    INFO] - Valid: 42 [ 100/390]  Loss: 0.4097 (0.506)  Acc@1: 82.8125 (82.4412)  Acc@5: 100.0000 (98.9635)
2024-05-26 02:57:03,927 -         train_search: [    INFO] - Valid: 42 [ 150/390]  Loss: 0.3090 (0.501)  Acc@1: 89.0625 (82.4917)  Acc@5: 100.0000 (98.9859)
2024-05-26 02:57:07,480 -         train_search: [    INFO] - Valid: 42 [ 200/390]  Loss: 0.6512 (0.501)  Acc@1: 78.1250 (82.4549)  Acc@5: 98.4375 (99.0438)
2024-05-26 02:57:11,010 -         train_search: [    INFO] - Valid: 42 [ 250/390]  Loss: 0.5046 (0.507)  Acc@1: 81.2500 (82.2398)  Acc@5: 100.0000 (98.9915)
2024-05-26 02:57:14,462 -         train_search: [    INFO] - Valid: 42 [ 300/390]  Loss: 0.5626 (0.514)  Acc@1: 82.8125 (82.0806)  Acc@5: 96.8750 (98.9514)
2024-05-26 02:57:17,878 -         train_search: [    INFO] - Valid: 42 [ 350/390]  Loss: 0.4628 (0.514)  Acc@1: 82.8125 (82.1670)  Acc@5: 100.0000 (98.9984)
2024-05-26 02:57:20,496 -         train_search: [    INFO] - Valid: 42 [ 390/390]  Loss: 0.7468 (0.514)  Acc@1: 80.0000 (82.1720)  Acc@5: 95.0000 (99.0120)
2024-05-26 02:57:20,535 -         train_search: [    INFO] - valid_acc 82.172000
2024-05-26 02:57:20,536 -         train_search: [    INFO] - epoch = 42   
 genotype = |nor_conv_3x3~0|+|nor_conv_3x3~0|nor_conv_3x3~1|+|skip_connect~0|nor_conv_3x3~1|nor_conv_3x3~2|
2024-05-26 02:57:20,538 -         train_search: [    INFO] - alphas_normal = 
 tensor([[0.1987, 0.1965, 0.0479, 0.2246, 0.3322],
        [0.2572, 0.1783, 0.0537, 0.1988, 0.3119],
        [0.1521, 0.1232, 0.0512, 0.1681, 0.5054],
        [0.1822, 0.3823, 0.0466, 0.2228, 0.1662],
        [0.2356, 0.2255, 0.0461, 0.2091, 0.2837],
        [0.1739, 0.1430, 0.0437, 0.2286, 0.4108]], device='cuda:0',
       grad_fn=<SoftmaxBackward0>)
2024-05-26 02:57:21,615 -         train_search: [    INFO] - Train: 43 [   0/390]  Loss: 0.5369 (0.537)  Acc@1: 81.2500 (81.2500)  Acc@5: 100.0000 (100.0000)LR: 2.142e-03
2024-05-26 02:57:37,899 -         train_search: [    INFO] - Train: 43 [  50/390]  Loss: 0.4398 (0.462)  Acc@1: 82.8125 (83.4252)  Acc@5: 100.0000 (99.4792)LR: 2.142e-03
2024-05-26 02:57:54,385 -         train_search: [    INFO] - Train: 43 [ 100/390]  Loss: 0.5208 (0.457)  Acc@1: 87.5000 (83.8335)  Acc@5: 98.4375 (99.4431)LR: 2.142e-03
2024-05-26 02:58:11,839 -         train_search: [    INFO] - Train: 43 [ 150/390]  Loss: 0.3627 (0.455)  Acc@1: 84.3750 (83.9921)  Acc@5: 100.0000 (99.4205)LR: 2.142e-03
2024-05-26 02:58:29,816 -         train_search: [    INFO] - Train: 43 [ 200/390]  Loss: 0.4403 (0.451)  Acc@1: 85.9375 (84.1962)  Acc@5: 98.4375 (99.4092)LR: 2.142e-03
2024-05-26 02:58:46,863 -         train_search: [    INFO] - Train: 43 [ 250/390]  Loss: 0.4540 (0.453)  Acc@1: 87.5000 (84.1945)  Acc@5: 96.8750 (99.3588)LR: 2.142e-03
2024-05-26 02:59:03,760 -         train_search: [    INFO] - Train: 43 [ 300/390]  Loss: 0.4854 (0.450)  Acc@1: 81.2500 (84.2452)  Acc@5: 100.0000 (99.3926)LR: 2.142e-03
2024-05-26 02:59:21,388 -         train_search: [    INFO] - Train: 43 [ 350/390]  Loss: 0.4060 (0.448)  Acc@1: 82.8125 (84.3438)  Acc@5: 98.4375 (99.4079)LR: 2.142e-03
2024-05-26 02:59:36,268 -         train_search: [    INFO] - Train: 43 [ 390/390]  Loss: 0.5588 (0.448)  Acc@1: 85.0000 (84.3520)  Acc@5: 100.0000 (99.4080)LR: 2.142e-03
2024-05-26 02:59:36,344 -         train_search: [    INFO] - train_acc 84.352000
2024-05-26 02:59:36,688 -         train_search: [    INFO] - Valid: 43 [   0/390]  Loss: 0.3367 (0.337)  Acc@1: 89.0625 (89.0625)  Acc@5: 100.0000 (100.0000)
2024-05-26 02:59:39,902 -         train_search: [    INFO] - Valid: 43 [  50/390]  Loss: 0.5725 (0.496)  Acc@1: 78.1250 (82.6593)  Acc@5: 98.4375 (99.2034)
2024-05-26 02:59:43,119 -         train_search: [    INFO] - Valid: 43 [ 100/390]  Loss: 0.4571 (0.507)  Acc@1: 84.3750 (82.3484)  Acc@5: 100.0000 (99.2110)
2024-05-26 02:59:46,340 -         train_search: [    INFO] - Valid: 43 [ 150/390]  Loss: 0.4189 (0.501)  Acc@1: 82.8125 (82.7504)  Acc@5: 100.0000 (99.0998)
2024-05-26 02:59:49,598 -         train_search: [    INFO] - Valid: 43 [ 200/390]  Loss: 0.5230 (0.502)  Acc@1: 82.8125 (82.8047)  Acc@5: 96.8750 (99.1138)
2024-05-26 02:59:52,905 -         train_search: [    INFO] - Valid: 43 [ 250/390]  Loss: 0.4892 (0.506)  Acc@1: 76.5625 (82.6631)  Acc@5: 100.0000 (99.0849)
2024-05-26 02:59:56,238 -         train_search: [    INFO] - Valid: 43 [ 300/390]  Loss: 0.7048 (0.503)  Acc@1: 78.1250 (82.8229)  Acc@5: 96.8750 (99.0916)
2024-05-26 02:59:59,548 -         train_search: [    INFO] - Valid: 43 [ 350/390]  Loss: 0.7263 (0.506)  Acc@1: 76.5625 (82.6522)  Acc@5: 96.8750 (99.0741)
2024-05-26 03:00:02,159 -         train_search: [    INFO] - Valid: 43 [ 390/390]  Loss: 0.6554 (0.508)  Acc@1: 82.5000 (82.5760)  Acc@5: 100.0000 (99.0680)
2024-05-26 03:00:02,197 -         train_search: [    INFO] - valid_acc 82.576000
2024-05-26 03:00:02,198 -         train_search: [    INFO] - epoch = 43   
 genotype = |nor_conv_3x3~0|+|nor_conv_3x3~0|nor_conv_3x3~1|+|skip_connect~0|nor_conv_3x3~1|nor_conv_3x3~2|
2024-05-26 03:00:02,200 -         train_search: [    INFO] - alphas_normal = 
 tensor([[0.1986, 0.1949, 0.0472, 0.2266, 0.3328],
        [0.2570, 0.1770, 0.0534, 0.1993, 0.3134],
        [0.1519, 0.1219, 0.0505, 0.1674, 0.5082],
        [0.1797, 0.3824, 0.0464, 0.2255, 0.1661],
        [0.2338, 0.2247, 0.0459, 0.2110, 0.2846],
        [0.1728, 0.1414, 0.0432, 0.2315, 0.4110]], device='cuda:0',
       grad_fn=<SoftmaxBackward0>)
2024-05-26 03:00:03,082 -         train_search: [    INFO] - Train: 44 [   0/390]  Loss: 0.3253 (0.325)  Acc@1: 89.0625 (89.0625)  Acc@5: 100.0000 (100.0000)LR: 1.843e-03
2024-05-26 03:00:20,127 -         train_search: [    INFO] - Train: 44 [  50/390]  Loss: 0.3688 (0.423)  Acc@1: 89.0625 (85.6618)  Acc@5: 100.0000 (99.6324)LR: 1.843e-03
2024-05-26 03:00:36,422 -         train_search: [    INFO] - Train: 44 [ 100/390]  Loss: 0.2047 (0.416)  Acc@1: 93.7500 (85.9220)  Acc@5: 100.0000 (99.5204)LR: 1.843e-03
2024-05-26 03:00:52,680 -         train_search: [    INFO] - Train: 44 [ 150/390]  Loss: 0.3610 (0.427)  Acc@1: 87.5000 (85.4822)  Acc@5: 100.0000 (99.3791)LR: 1.843e-03
2024-05-26 03:01:08,964 -         train_search: [    INFO] - Train: 44 [ 200/390]  Loss: 0.7180 (0.427)  Acc@1: 76.5625 (85.4555)  Acc@5: 96.8750 (99.3470)LR: 1.843e-03
2024-05-26 03:01:25,311 -         train_search: [    INFO] - Train: 44 [ 250/390]  Loss: 0.4971 (0.427)  Acc@1: 85.9375 (85.4831)  Acc@5: 98.4375 (99.3713)LR: 1.843e-03
2024-05-26 03:01:41,732 -         train_search: [    INFO] - Train: 44 [ 300/390]  Loss: 0.4851 (0.427)  Acc@1: 85.9375 (85.4444)  Acc@5: 98.4375 (99.3771)LR: 1.843e-03
2024-05-26 03:01:59,220 -         train_search: [    INFO] - Train: 44 [ 350/390]  Loss: 0.5298 (0.433)  Acc@1: 81.2500 (85.3009)  Acc@5: 98.4375 (99.3545)LR: 1.843e-03
2024-05-26 03:02:12,779 -         train_search: [    INFO] - Train: 44 [ 390/390]  Loss: 0.6815 (0.436)  Acc@1: 77.5000 (85.1640)  Acc@5: 97.5000 (99.3360)LR: 1.843e-03
2024-05-26 03:02:12,856 -         train_search: [    INFO] - train_acc 85.164000
2024-05-26 03:02:13,382 -         train_search: [    INFO] - Valid: 44 [   0/390]  Loss: 0.7024 (0.702)  Acc@1: 79.6875 (79.6875)  Acc@5: 98.4375 (98.4375)
2024-05-26 03:02:17,369 -         train_search: [    INFO] - Valid: 44 [  50/390]  Loss: 0.5769 (0.507)  Acc@1: 81.2500 (82.7819)  Acc@5: 100.0000 (98.8358)
2024-05-26 03:02:21,262 -         train_search: [    INFO] - Valid: 44 [ 100/390]  Loss: 0.2586 (0.508)  Acc@1: 92.1875 (82.4257)  Acc@5: 100.0000 (98.8861)
2024-05-26 03:02:25,160 -         train_search: [    INFO] - Valid: 44 [ 150/390]  Loss: 0.5017 (0.510)  Acc@1: 79.6875 (82.3158)  Acc@5: 100.0000 (98.8825)
2024-05-26 03:02:29,070 -         train_search: [    INFO] - Valid: 44 [ 200/390]  Loss: 0.5123 (0.509)  Acc@1: 79.6875 (82.4627)  Acc@5: 100.0000 (98.9350)
2024-05-26 03:02:32,991 -         train_search: [    INFO] - Valid: 44 [ 250/390]  Loss: 0.8534 (0.506)  Acc@1: 67.1875 (82.6133)  Acc@5: 95.3125 (98.9293)
2024-05-26 03:02:36,899 -         train_search: [    INFO] - Valid: 44 [ 300/390]  Loss: 0.5749 (0.505)  Acc@1: 73.4375 (82.6308)  Acc@5: 98.4375 (98.9255)
2024-05-26 03:02:40,797 -         train_search: [    INFO] - Valid: 44 [ 350/390]  Loss: 0.4701 (0.509)  Acc@1: 82.8125 (82.4608)  Acc@5: 100.0000 (98.9494)
2024-05-26 03:02:43,910 -         train_search: [    INFO] - Valid: 44 [ 390/390]  Loss: 0.4092 (0.508)  Acc@1: 87.5000 (82.5080)  Acc@5: 97.5000 (98.9760)
2024-05-26 03:02:43,950 -         train_search: [    INFO] - valid_acc 82.508000
2024-05-26 03:02:43,951 -         train_search: [    INFO] - epoch = 44   
 genotype = |nor_conv_3x3~0|+|nor_conv_3x3~0|nor_conv_3x3~1|+|skip_connect~0|nor_conv_3x3~1|nor_conv_3x3~2|
2024-05-26 03:02:43,954 -         train_search: [    INFO] - alphas_normal = 
 tensor([[0.1974, 0.1939, 0.0465, 0.2287, 0.3335],
        [0.2547, 0.1747, 0.0526, 0.2035, 0.3144],
        [0.1529, 0.1207, 0.0495, 0.1683, 0.5086],
        [0.1761, 0.3834, 0.0455, 0.2299, 0.1651],
        [0.2299, 0.2249, 0.0451, 0.2154, 0.2848],
        [0.1739, 0.1401, 0.0424, 0.2318, 0.4118]], device='cuda:0',
       grad_fn=<SoftmaxBackward0>)
2024-05-26 03:02:44,834 -         train_search: [    INFO] - Train: 45 [   0/390]  Loss: 0.5027 (0.503)  Acc@1: 82.8125 (82.8125)  Acc@5: 98.4375 (98.4375)LR: 1.587e-03
2024-05-26 03:03:01,132 -         train_search: [    INFO] - Train: 45 [  50/390]  Loss: 0.3927 (0.425)  Acc@1: 85.9375 (85.6311)  Acc@5: 98.4375 (99.1728)LR: 1.587e-03
2024-05-26 03:03:20,132 -         train_search: [    INFO] - Train: 45 [ 100/390]  Loss: 0.3363 (0.430)  Acc@1: 89.0625 (85.4425)  Acc@5: 100.0000 (99.2729)LR: 1.587e-03
2024-05-26 03:03:38,782 -         train_search: [    INFO] - Train: 45 [ 150/390]  Loss: 0.3659 (0.426)  Acc@1: 89.0625 (85.5132)  Acc@5: 98.4375 (99.3688)LR: 1.587e-03
2024-05-26 03:03:57,333 -         train_search: [    INFO] - Train: 45 [ 200/390]  Loss: 0.4977 (0.433)  Acc@1: 82.8125 (85.2379)  Acc@5: 100.0000 (99.3859)LR: 1.587e-03
2024-05-26 03:04:14,423 -         train_search: [    INFO] - Train: 45 [ 250/390]  Loss: 0.3457 (0.436)  Acc@1: 87.5000 (85.1531)  Acc@5: 100.0000 (99.3899)LR: 1.587e-03
2024-05-26 03:04:31,203 -         train_search: [    INFO] - Train: 45 [ 300/390]  Loss: 0.3651 (0.434)  Acc@1: 85.9375 (85.1537)  Acc@5: 98.4375 (99.4082)LR: 1.587e-03
2024-05-26 03:04:47,839 -         train_search: [    INFO] - Train: 45 [ 350/390]  Loss: 0.3673 (0.433)  Acc@1: 87.5000 (85.1896)  Acc@5: 98.4375 (99.4035)LR: 1.587e-03
2024-05-26 03:05:00,891 -         train_search: [    INFO] - Train: 45 [ 390/390]  Loss: 0.3039 (0.434)  Acc@1: 90.0000 (85.2000)  Acc@5: 100.0000 (99.3800)LR: 1.587e-03
2024-05-26 03:05:00,968 -         train_search: [    INFO] - train_acc 85.200000
2024-05-26 03:05:01,307 -         train_search: [    INFO] - Valid: 45 [   0/390]  Loss: 0.3483 (0.348)  Acc@1: 89.0625 (89.0625)  Acc@5: 100.0000 (100.0000)
2024-05-26 03:05:04,532 -         train_search: [    INFO] - Valid: 45 [  50/390]  Loss: 0.5509 (0.526)  Acc@1: 76.5625 (82.0772)  Acc@5: 100.0000 (99.0809)
2024-05-26 03:05:07,727 -         train_search: [    INFO] - Valid: 45 [ 100/390]  Loss: 0.3753 (0.498)  Acc@1: 85.9375 (83.1374)  Acc@5: 100.0000 (99.1027)
2024-05-26 03:05:10,933 -         train_search: [    INFO] - Valid: 45 [ 150/390]  Loss: 0.6243 (0.502)  Acc@1: 81.2500 (83.0505)  Acc@5: 100.0000 (99.1722)
2024-05-26 03:05:14,133 -         train_search: [    INFO] - Valid: 45 [ 200/390]  Loss: 0.5428 (0.502)  Acc@1: 82.8125 (83.0224)  Acc@5: 100.0000 (99.1682)
2024-05-26 03:05:17,337 -         train_search: [    INFO] - Valid: 45 [ 250/390]  Loss: 0.3346 (0.497)  Acc@1: 89.0625 (83.1487)  Acc@5: 100.0000 (99.1347)
2024-05-26 03:05:20,540 -         train_search: [    INFO] - Valid: 45 [ 300/390]  Loss: 0.3844 (0.504)  Acc@1: 84.3750 (82.8748)  Acc@5: 100.0000 (99.0812)
2024-05-26 03:05:23,746 -         train_search: [    INFO] - Valid: 45 [ 350/390]  Loss: 0.7664 (0.504)  Acc@1: 75.0000 (82.8971)  Acc@5: 96.8750 (99.0874)
2024-05-26 03:05:26,269 -         train_search: [    INFO] - Valid: 45 [ 390/390]  Loss: 0.7911 (0.505)  Acc@1: 70.0000 (82.9160)  Acc@5: 95.0000 (99.0880)
2024-05-26 03:05:26,309 -         train_search: [    INFO] - valid_acc 82.916000
2024-05-26 03:05:26,310 -         train_search: [    INFO] - epoch = 45   
 genotype = |nor_conv_3x3~0|+|nor_conv_3x3~0|nor_conv_3x3~1|+|skip_connect~0|nor_conv_3x3~1|nor_conv_3x3~2|
2024-05-26 03:05:26,312 -         train_search: [    INFO] - alphas_normal = 
 tensor([[0.1966, 0.1912, 0.0459, 0.2322, 0.3340],
        [0.2550, 0.1721, 0.0522, 0.2068, 0.3139],
        [0.1527, 0.1187, 0.0487, 0.1695, 0.5104],
        [0.1730, 0.3857, 0.0451, 0.2317, 0.1644],
        [0.2279, 0.2260, 0.0449, 0.2167, 0.2846],
        [0.1732, 0.1377, 0.0417, 0.2322, 0.4151]], device='cuda:0',
       grad_fn=<SoftmaxBackward0>)
2024-05-26 03:05:27,395 -         train_search: [    INFO] - Train: 46 [   0/390]  Loss: 0.3855 (0.386)  Acc@1: 89.0625 (89.0625)  Acc@5: 100.0000 (100.0000)LR: 1.377e-03
2024-05-26 03:05:44,513 -         train_search: [    INFO] - Train: 46 [  50/390]  Loss: 0.5591 (0.407)  Acc@1: 81.2500 (86.6422)  Acc@5: 98.4375 (99.6630)LR: 1.377e-03
2024-05-26 03:06:01,191 -         train_search: [    INFO] - Train: 46 [ 100/390]  Loss: 0.5655 (0.423)  Acc@1: 81.2500 (85.6281)  Acc@5: 100.0000 (99.5668)LR: 1.377e-03
2024-05-26 03:06:17,628 -         train_search: [    INFO] - Train: 46 [ 150/390]  Loss: 0.2557 (0.431)  Acc@1: 90.6250 (85.0269)  Acc@5: 100.0000 (99.5344)LR: 1.377e-03
2024-05-26 03:06:33,959 -         train_search: [    INFO] - Train: 46 [ 200/390]  Loss: 0.5721 (0.425)  Acc@1: 79.6875 (85.2534)  Acc@5: 100.0000 (99.5103)LR: 1.377e-03
2024-05-26 03:06:51,372 -         train_search: [    INFO] - Train: 46 [ 250/390]  Loss: 0.3029 (0.424)  Acc@1: 92.1875 (85.2652)  Acc@5: 96.8750 (99.4709)LR: 1.377e-03
2024-05-26 03:07:09,143 -         train_search: [    INFO] - Train: 46 [ 300/390]  Loss: 0.4713 (0.425)  Acc@1: 79.6875 (85.1381)  Acc@5: 98.4375 (99.4601)LR: 1.377e-03
2024-05-26 03:07:27,451 -         train_search: [    INFO] - Train: 46 [ 350/390]  Loss: 0.5221 (0.425)  Acc@1: 82.8125 (85.2163)  Acc@5: 96.8750 (99.4569)LR: 1.377e-03
2024-05-26 03:07:41,700 -         train_search: [    INFO] - Train: 46 [ 390/390]  Loss: 0.4825 (0.426)  Acc@1: 82.5000 (85.2200)  Acc@5: 97.5000 (99.4560)LR: 1.377e-03
2024-05-26 03:07:41,787 -         train_search: [    INFO] - train_acc 85.220000
2024-05-26 03:07:42,122 -         train_search: [    INFO] - Valid: 46 [   0/390]  Loss: 0.4532 (0.453)  Acc@1: 87.5000 (87.5000)  Acc@5: 100.0000 (100.0000)
2024-05-26 03:07:46,167 -         train_search: [    INFO] - Valid: 46 [  50/390]  Loss: 0.4240 (0.483)  Acc@1: 85.9375 (83.9154)  Acc@5: 100.0000 (99.2034)
2024-05-26 03:07:50,176 -         train_search: [    INFO] - Valid: 46 [ 100/390]  Loss: 0.4747 (0.493)  Acc@1: 81.2500 (83.5087)  Acc@5: 98.4375 (99.1955)
2024-05-26 03:07:54,201 -         train_search: [    INFO] - Valid: 46 [ 150/390]  Loss: 0.3613 (0.500)  Acc@1: 85.9375 (83.0712)  Acc@5: 100.0000 (99.0791)
2024-05-26 03:07:58,073 -         train_search: [    INFO] - Valid: 46 [ 200/390]  Loss: 0.5449 (0.500)  Acc@1: 81.2500 (83.2478)  Acc@5: 100.0000 (99.0672)
2024-05-26 03:08:01,256 -         train_search: [    INFO] - Valid: 46 [ 250/390]  Loss: 0.5233 (0.504)  Acc@1: 75.0000 (82.9619)  Acc@5: 100.0000 (99.0538)
2024-05-26 03:08:04,371 -         train_search: [    INFO] - Valid: 46 [ 300/390]  Loss: 0.5619 (0.504)  Acc@1: 78.1250 (82.9786)  Acc@5: 100.0000 (99.0604)
2024-05-26 03:08:07,471 -         train_search: [    INFO] - Valid: 46 [ 350/390]  Loss: 0.6141 (0.502)  Acc@1: 79.6875 (82.9772)  Acc@5: 96.8750 (99.0830)
2024-05-26 03:08:09,953 -         train_search: [    INFO] - Valid: 46 [ 390/390]  Loss: 0.4583 (0.502)  Acc@1: 82.5000 (83.0320)  Acc@5: 100.0000 (99.0840)
2024-05-26 03:08:09,991 -         train_search: [    INFO] - valid_acc 83.032000
2024-05-26 03:08:09,992 -         train_search: [    INFO] - epoch = 46   
 genotype = |nor_conv_3x3~0|+|nor_conv_3x3~0|nor_conv_3x3~1|+|skip_connect~0|nor_conv_3x3~1|nor_conv_3x3~2|
2024-05-26 03:08:09,994 -         train_search: [    INFO] - alphas_normal = 
 tensor([[0.1956, 0.1889, 0.0451, 0.2361, 0.3343],
        [0.2552, 0.1714, 0.0519, 0.2100, 0.3115],
        [0.1527, 0.1174, 0.0480, 0.1698, 0.5121],
        [0.1707, 0.3879, 0.0445, 0.2331, 0.1638],
        [0.2258, 0.2264, 0.0444, 0.2197, 0.2837],
        [0.1725, 0.1353, 0.0409, 0.2347, 0.4166]], device='cuda:0',
       grad_fn=<SoftmaxBackward0>)
2024-05-26 03:08:11,140 -         train_search: [    INFO] - Train: 47 [   0/390]  Loss: 0.5918 (0.592)  Acc@1: 79.6875 (79.6875)  Acc@5: 98.4375 (98.4375)LR: 1.213e-03
2024-05-26 03:08:31,449 -         train_search: [    INFO] - Train: 47 [  50/390]  Loss: 0.4830 (0.432)  Acc@1: 84.3750 (85.3554)  Acc@5: 98.4375 (99.1115)LR: 1.213e-03
2024-05-26 03:08:49,235 -         train_search: [    INFO] - Train: 47 [ 100/390]  Loss: 0.6141 (0.417)  Acc@1: 84.3750 (85.9994)  Acc@5: 96.8750 (99.2574)LR: 1.213e-03
2024-05-26 03:09:06,462 -         train_search: [    INFO] - Train: 47 [ 150/390]  Loss: 0.4310 (0.420)  Acc@1: 82.8125 (85.6892)  Acc@5: 100.0000 (99.2860)LR: 1.213e-03
2024-05-26 03:09:25,201 -         train_search: [    INFO] - Train: 47 [ 200/390]  Loss: 0.4440 (0.417)  Acc@1: 79.6875 (85.7820)  Acc@5: 100.0000 (99.3159)LR: 1.213e-03
2024-05-26 03:09:43,133 -         train_search: [    INFO] - Train: 47 [ 250/390]  Loss: 0.2765 (0.418)  Acc@1: 95.3125 (85.7445)  Acc@5: 98.4375 (99.3401)LR: 1.213e-03
2024-05-26 03:10:01,773 -         train_search: [    INFO] - Train: 47 [ 300/390]  Loss: 0.2875 (0.415)  Acc@1: 92.1875 (85.8129)  Acc@5: 98.4375 (99.3719)LR: 1.213e-03
2024-05-26 03:10:20,280 -         train_search: [    INFO] - Train: 47 [ 350/390]  Loss: 0.4083 (0.418)  Acc@1: 84.3750 (85.7283)  Acc@5: 100.0000 (99.3990)LR: 1.213e-03
2024-05-26 03:10:35,207 -         train_search: [    INFO] - Train: 47 [ 390/390]  Loss: 0.3774 (0.417)  Acc@1: 85.0000 (85.7280)  Acc@5: 100.0000 (99.4200)LR: 1.213e-03
2024-05-26 03:10:35,286 -         train_search: [    INFO] - train_acc 85.728000
2024-05-26 03:10:35,815 -         train_search: [    INFO] - Valid: 47 [   0/390]  Loss: 0.3522 (0.352)  Acc@1: 85.9375 (85.9375)  Acc@5: 100.0000 (100.0000)
2024-05-26 03:10:39,828 -         train_search: [    INFO] - Valid: 47 [  50/390]  Loss: 0.2847 (0.487)  Acc@1: 90.6250 (83.2721)  Acc@5: 98.4375 (99.2647)
2024-05-26 03:10:43,820 -         train_search: [    INFO] - Valid: 47 [ 100/390]  Loss: 0.3984 (0.499)  Acc@1: 81.2500 (83.1374)  Acc@5: 98.4375 (99.0099)
2024-05-26 03:10:47,835 -         train_search: [    INFO] - Valid: 47 [ 150/390]  Loss: 0.5216 (0.512)  Acc@1: 81.2500 (82.3779)  Acc@5: 98.4375 (99.0170)
2024-05-26 03:10:51,818 -         train_search: [    INFO] - Valid: 47 [ 200/390]  Loss: 0.2380 (0.503)  Acc@1: 93.7500 (82.7736)  Acc@5: 100.0000 (99.0283)
2024-05-26 03:10:55,818 -         train_search: [    INFO] - Valid: 47 [ 250/390]  Loss: 0.8836 (0.502)  Acc@1: 70.3125 (82.8000)  Acc@5: 95.3125 (99.0351)
2024-05-26 03:10:59,807 -         train_search: [    INFO] - Valid: 47 [ 300/390]  Loss: 0.3881 (0.502)  Acc@1: 85.9375 (82.8592)  Acc@5: 100.0000 (99.0760)
2024-05-26 03:11:03,830 -         train_search: [    INFO] - Valid: 47 [ 350/390]  Loss: 0.5566 (0.501)  Acc@1: 82.8125 (82.9505)  Acc@5: 98.4375 (99.0741)
2024-05-26 03:11:06,993 -         train_search: [    INFO] - Valid: 47 [ 390/390]  Loss: 0.3587 (0.498)  Acc@1: 87.5000 (82.9600)  Acc@5: 100.0000 (99.0920)
2024-05-26 03:11:07,030 -         train_search: [    INFO] - valid_acc 82.960000
2024-05-26 03:11:07,032 -         train_search: [    INFO] - epoch = 47   
 genotype = |nor_conv_3x3~0|+|nor_conv_3x3~0|nor_conv_3x3~1|+|skip_connect~0|nor_conv_3x3~1|nor_conv_3x3~2|
2024-05-26 03:11:07,034 -         train_search: [    INFO] - alphas_normal = 
 tensor([[0.1954, 0.1860, 0.0441, 0.2383, 0.3362],
        [0.2571, 0.1697, 0.0512, 0.2130, 0.3090],
        [0.1511, 0.1151, 0.0470, 0.1690, 0.5179],
        [0.1695, 0.3894, 0.0440, 0.2339, 0.1632],
        [0.2235, 0.2257, 0.0439, 0.2217, 0.2852],
        [0.1713, 0.1335, 0.0401, 0.2376, 0.4175]], device='cuda:0',
       grad_fn=<SoftmaxBackward0>)
2024-05-26 03:11:07,966 -         train_search: [    INFO] - Train: 48 [   0/390]  Loss: 0.4421 (0.442)  Acc@1: 81.2500 (81.2500)  Acc@5: 100.0000 (100.0000)LR: 1.095e-03
2024-05-26 03:11:26,469 -         train_search: [    INFO] - Train: 48 [  50/390]  Loss: 0.4889 (0.398)  Acc@1: 82.8125 (85.7843)  Acc@5: 100.0000 (99.5711)LR: 1.095e-03
2024-05-26 03:11:45,148 -         train_search: [    INFO] - Train: 48 [ 100/390]  Loss: 0.4364 (0.402)  Acc@1: 84.3750 (85.9530)  Acc@5: 98.4375 (99.5514)LR: 1.095e-03
2024-05-26 03:12:02,970 -         train_search: [    INFO] - Train: 48 [ 150/390]  Loss: 0.5841 (0.407)  Acc@1: 76.5625 (85.8444)  Acc@5: 98.4375 (99.4930)LR: 1.095e-03
2024-05-26 03:12:19,853 -         train_search: [    INFO] - Train: 48 [ 200/390]  Loss: 0.5416 (0.410)  Acc@1: 84.3750 (85.8909)  Acc@5: 98.4375 (99.5180)LR: 1.095e-03
2024-05-26 03:12:36,711 -         train_search: [    INFO] - Train: 48 [ 250/390]  Loss: 0.3375 (0.414)  Acc@1: 89.0625 (85.8130)  Acc@5: 100.0000 (99.4895)LR: 1.095e-03
2024-05-26 03:12:54,297 -         train_search: [    INFO] - Train: 48 [ 300/390]  Loss: 0.2053 (0.410)  Acc@1: 96.8750 (85.8856)  Acc@5: 100.0000 (99.4653)LR: 1.095e-03
2024-05-26 03:13:12,691 -         train_search: [    INFO] - Train: 48 [ 350/390]  Loss: 0.3444 (0.412)  Acc@1: 84.3750 (85.8351)  Acc@5: 100.0000 (99.4347)LR: 1.095e-03
2024-05-26 03:13:27,375 -         train_search: [    INFO] - Train: 48 [ 390/390]  Loss: 0.3053 (0.413)  Acc@1: 95.0000 (85.7800)  Acc@5: 97.5000 (99.4480)LR: 1.095e-03
2024-05-26 03:13:27,453 -         train_search: [    INFO] - train_acc 85.780000
2024-05-26 03:13:27,809 -         train_search: [    INFO] - Valid: 48 [   0/390]  Loss: 0.4300 (0.430)  Acc@1: 84.3750 (84.3750)  Acc@5: 100.0000 (100.0000)
2024-05-26 03:13:31,130 -         train_search: [    INFO] - Valid: 48 [  50/390]  Loss: 0.4896 (0.512)  Acc@1: 84.3750 (82.2610)  Acc@5: 100.0000 (99.2341)
2024-05-26 03:13:34,469 -         train_search: [    INFO] - Valid: 48 [ 100/390]  Loss: 0.5023 (0.494)  Acc@1: 81.2500 (83.2302)  Acc@5: 100.0000 (99.2420)
2024-05-26 03:13:37,854 -         train_search: [    INFO] - Valid: 48 [ 150/390]  Loss: 0.7562 (0.490)  Acc@1: 70.3125 (83.5886)  Acc@5: 98.4375 (99.2757)
2024-05-26 03:13:41,209 -         train_search: [    INFO] - Valid: 48 [ 200/390]  Loss: 0.6900 (0.495)  Acc@1: 79.6875 (83.3489)  Acc@5: 100.0000 (99.2304)
2024-05-26 03:13:44,565 -         train_search: [    INFO] - Valid: 48 [ 250/390]  Loss: 0.3737 (0.498)  Acc@1: 90.6250 (83.2669)  Acc@5: 98.4375 (99.1285)
2024-05-26 03:13:47,901 -         train_search: [    INFO] - Valid: 48 [ 300/390]  Loss: 0.5285 (0.495)  Acc@1: 78.1250 (83.2849)  Acc@5: 100.0000 (99.1279)
2024-05-26 03:13:51,901 -         train_search: [    INFO] - Valid: 48 [ 350/390]  Loss: 0.7030 (0.489)  Acc@1: 78.1250 (83.4224)  Acc@5: 98.4375 (99.1631)
2024-05-26 03:13:54,635 -         train_search: [    INFO] - Valid: 48 [ 390/390]  Loss: 0.7844 (0.494)  Acc@1: 82.5000 (83.3000)  Acc@5: 97.5000 (99.1040)
2024-05-26 03:13:54,673 -         train_search: [    INFO] - valid_acc 83.300000
2024-05-26 03:13:54,674 -         train_search: [    INFO] - epoch = 48   
 genotype = |nor_conv_3x3~0|+|nor_conv_3x3~0|nor_conv_3x3~1|+|skip_connect~0|nor_conv_3x3~1|nor_conv_3x3~2|
2024-05-26 03:13:54,676 -         train_search: [    INFO] - alphas_normal = 
 tensor([[0.1941, 0.1832, 0.0431, 0.2418, 0.3378],
        [0.2587, 0.1677, 0.0507, 0.2157, 0.3073],
        [0.1499, 0.1134, 0.0463, 0.1693, 0.5212],
        [0.1688, 0.3902, 0.0431, 0.2357, 0.1622],
        [0.2214, 0.2263, 0.0434, 0.2235, 0.2855],
        [0.1684, 0.1306, 0.0395, 0.2396, 0.4219]], device='cuda:0',
       grad_fn=<SoftmaxBackward0>)
2024-05-26 03:13:55,809 -         train_search: [    INFO] - Train: 49 [   0/390]  Loss: 0.6081 (0.608)  Acc@1: 71.8750 (71.8750)  Acc@5: 98.4375 (98.4375)LR: 1.024e-03
2024-05-26 03:14:14,292 -         train_search: [    INFO] - Train: 49 [  50/390]  Loss: 0.4440 (0.415)  Acc@1: 81.2500 (85.2022)  Acc@5: 100.0000 (99.5098)LR: 1.024e-03
2024-05-26 03:14:32,863 -         train_search: [    INFO] - Train: 49 [ 100/390]  Loss: 0.3552 (0.396)  Acc@1: 90.6250 (86.1386)  Acc@5: 98.4375 (99.5514)LR: 1.024e-03
2024-05-26 03:14:51,528 -         train_search: [    INFO] - Train: 49 [ 150/390]  Loss: 0.6217 (0.404)  Acc@1: 85.9375 (85.9582)  Acc@5: 100.0000 (99.5654)LR: 1.024e-03
2024-05-26 03:15:09,740 -         train_search: [    INFO] - Train: 49 [ 200/390]  Loss: 0.5830 (0.407)  Acc@1: 82.8125 (85.9220)  Acc@5: 98.4375 (99.5647)LR: 1.024e-03
2024-05-26 03:15:27,172 -         train_search: [    INFO] - Train: 49 [ 250/390]  Loss: 0.2975 (0.406)  Acc@1: 89.0625 (86.1616)  Acc@5: 100.0000 (99.5580)LR: 1.024e-03
2024-05-26 03:15:45,249 -         train_search: [    INFO] - Train: 49 [ 300/390]  Loss: 0.2274 (0.409)  Acc@1: 93.7500 (86.2126)  Acc@5: 100.0000 (99.5224)LR: 1.024e-03
2024-05-26 03:16:03,585 -         train_search: [    INFO] - Train: 49 [ 350/390]  Loss: 0.7484 (0.410)  Acc@1: 73.4375 (86.0577)  Acc@5: 100.0000 (99.5237)LR: 1.024e-03
2024-05-26 03:16:17,350 -         train_search: [    INFO] - Train: 49 [ 390/390]  Loss: 0.6487 (0.410)  Acc@1: 77.5000 (86.0400)  Acc@5: 100.0000 (99.5200)LR: 1.024e-03
2024-05-26 03:16:17,428 -         train_search: [    INFO] - train_acc 86.040000
2024-05-26 03:16:17,743 -         train_search: [    INFO] - Valid: 49 [   0/390]  Loss: 0.6978 (0.698)  Acc@1: 76.5625 (76.5625)  Acc@5: 100.0000 (100.0000)
2024-05-26 03:16:20,958 -         train_search: [    INFO] - Valid: 49 [  50/390]  Loss: 0.3439 (0.485)  Acc@1: 89.0625 (83.8235)  Acc@5: 100.0000 (99.2953)
2024-05-26 03:16:24,933 -         train_search: [    INFO] - Valid: 49 [ 100/390]  Loss: 0.8116 (0.488)  Acc@1: 71.8750 (83.6788)  Acc@5: 98.4375 (99.2265)
2024-05-26 03:16:28,923 -         train_search: [    INFO] - Valid: 49 [ 150/390]  Loss: 0.3956 (0.492)  Acc@1: 87.5000 (83.4644)  Acc@5: 100.0000 (99.0998)
2024-05-26 03:16:32,937 -         train_search: [    INFO] - Valid: 49 [ 200/390]  Loss: 0.5390 (0.487)  Acc@1: 76.5625 (83.5510)  Acc@5: 98.4375 (99.1371)
2024-05-26 03:16:36,930 -         train_search: [    INFO] - Valid: 49 [ 250/390]  Loss: 0.6707 (0.487)  Acc@1: 76.5625 (83.5159)  Acc@5: 98.4375 (99.1223)
2024-05-26 03:16:40,906 -         train_search: [    INFO] - Valid: 49 [ 300/390]  Loss: 0.3645 (0.486)  Acc@1: 85.9375 (83.5548)  Acc@5: 98.4375 (99.1331)
2024-05-26 03:16:44,895 -         train_search: [    INFO] - Valid: 49 [ 350/390]  Loss: 0.4168 (0.486)  Acc@1: 85.9375 (83.5381)  Acc@5: 100.0000 (99.1275)
2024-05-26 03:16:48,043 -         train_search: [    INFO] - Valid: 49 [ 390/390]  Loss: 0.5640 (0.488)  Acc@1: 82.5000 (83.4560)  Acc@5: 97.5000 (99.1280)
2024-05-26 03:16:48,079 -         train_search: [    INFO] - valid_acc 83.456000
2024-05-26 03:16:48,080 -         train_search: [    INFO] - epoch = 49   
 genotype = |nor_conv_3x3~0|+|nor_conv_3x3~0|nor_conv_3x3~1|+|skip_connect~0|nor_conv_3x3~1|nor_conv_3x3~2|
2024-05-26 03:16:48,083 -         train_search: [    INFO] - alphas_normal = 
 tensor([[0.1926, 0.1818, 0.0426, 0.2456, 0.3375],
        [0.2597, 0.1660, 0.0502, 0.2171, 0.3070],
        [0.1492, 0.1120, 0.0457, 0.1707, 0.5224],
        [0.1676, 0.3913, 0.0427, 0.2386, 0.1599],
        [0.2196, 0.2280, 0.0433, 0.2246, 0.2844],
        [0.1672, 0.1285, 0.0391, 0.2425, 0.4227]], device='cuda:0',
       grad_fn=<SoftmaxBackward0>)
