2024-09-02 18:23:26,675 -         train_search: [    INFO] - Training with a single process on 1 GPUs.
2024-09-02 18:23:27,072 -     timm.data.config: [    INFO] - Data processing configuration for current model + dataset:
2024-09-02 18:23:27,073 -     timm.data.config: [    INFO] - 	input_size: (3, 32, 32)
2024-09-02 18:23:27,073 -     timm.data.config: [    INFO] - 	interpolation: bilinear
2024-09-02 18:23:27,073 -     timm.data.config: [    INFO] - 	mean: (0.49139968, 0.48215827, 0.44653124)
2024-09-02 18:23:27,073 -     timm.data.config: [    INFO] - 	std: (0.24703233, 0.24348505, 0.26158768)
2024-09-02 18:23:27,073 -     timm.data.config: [    INFO] - 	crop_pct: 1.0
2024-09-02 18:23:27,073 -     timm.data.config: [    INFO] - 	crop_mode: center
2024-09-02 18:23:29,933 -         train_search: [    INFO] - 
-------------------------------
Learnable parameters
Student: 1.72M
Extra: 0.00M
-------------------------------
2024-09-02 18:23:31,423 -         train_search: [    INFO] - Scheduled epochs: 50
2024-09-02 18:23:31,423 -         train_search: [    INFO] - p_max: 0.1
2024-09-02 18:23:31,423 -         train_search: [    INFO] - grow_mode: not grow
2024-09-02 18:23:31,423 -         train_search: [    INFO] - search_space = NAS
2024-09-02 18:23:39,618 -         train_search: [    INFO] - Train: 0 [   0/390]  Loss: 2.366 (2.37)  Acc@1:  9.3750 ( 9.3750)  Acc@5: 48.4375 (48.4375)LR: 2.500e-02
2024-09-02 18:24:02,950 -         train_search: [    INFO] - Train: 0 [  50/390]  Loss: 2.223 (2.27)  Acc@1: 14.0625 (13.9400)  Acc@5: 73.4375 (59.1299)LR: 2.500e-02
2024-09-02 18:24:32,589 -         train_search: [    INFO] - Train: 0 [ 100/390]  Loss: 2.071 (2.20)  Acc@1: 23.4375 (16.8162)  Acc@5: 75.0000 (65.7797)LR: 2.500e-02
2024-09-02 18:25:02,023 -         train_search: [    INFO] - Train: 0 [ 150/390]  Loss: 2.145 (2.16)  Acc@1: 14.0625 (18.1809)  Acc@5: 76.5625 (69.3295)LR: 2.500e-02
2024-09-02 18:25:31,463 -         train_search: [    INFO] - Train: 0 [ 200/390]  Loss: 2.121 (2.13)  Acc@1: 17.1875 (19.0065)  Acc@5: 79.6875 (71.4319)LR: 2.500e-02
2024-09-02 18:26:00,741 -         train_search: [    INFO] - Train: 0 [ 250/390]  Loss: 2.046 (2.10)  Acc@1: 34.3750 (20.2253)  Acc@5: 73.4375 (73.1449)LR: 2.500e-02
2024-09-02 18:26:30,051 -         train_search: [    INFO] - Train: 0 [ 300/390]  Loss: 2.007 (2.08)  Acc@1: 21.8750 (21.1171)  Acc@5: 78.1250 (74.3252)LR: 2.500e-02
2024-09-02 18:26:58,823 -         train_search: [    INFO] - Train: 0 [ 350/390]  Loss: 1.887 (2.06)  Acc@1: 32.8125 (21.7325)  Acc@5: 81.2500 (75.2270)LR: 2.500e-02
2024-09-02 18:27:28,428 -         train_search: [    INFO] - Train: 0 [ 390/390]  Loss: 1.864 (2.05)  Acc@1: 25.0000 (22.2480)  Acc@5: 85.0000 (75.8720)LR: 2.500e-02
2024-09-02 18:27:28,550 -         train_search: [    INFO] - train_acc 22.248000
2024-09-02 18:27:28,867 -         train_search: [    INFO] - Valid: 0 [   0/390]  Loss: 1.775 (1.77)  Acc@1: 35.9375 (35.9375)  Acc@5: 89.0625 (89.0625)
2024-09-02 18:27:32,733 -         train_search: [    INFO] - Valid: 0 [  50/390]  Loss: 2.037 (1.89)  Acc@1: 17.1875 (27.5735)  Acc@5: 70.3125 (82.7512)
2024-09-02 18:27:37,068 -         train_search: [    INFO] - Valid: 0 [ 100/390]  Loss: 1.842 (1.89)  Acc@1: 20.3125 (27.9239)  Acc@5: 85.9375 (83.1528)
2024-09-02 18:27:41,153 -         train_search: [    INFO] - Valid: 0 [ 150/390]  Loss: 1.996 (1.89)  Acc@1: 18.7500 (27.9801)  Acc@5: 82.8125 (83.2678)
2024-09-02 18:27:44,824 -         train_search: [    INFO] - Valid: 0 [ 200/390]  Loss: 1.957 (1.89)  Acc@1: 23.4375 (27.7985)  Acc@5: 81.2500 (82.9369)
2024-09-02 18:27:48,059 -         train_search: [    INFO] - Valid: 0 [ 250/390]  Loss: 1.789 (1.89)  Acc@1: 29.6875 (27.8884)  Acc@5: 87.5000 (82.9930)
2024-09-02 18:27:51,770 -         train_search: [    INFO] - Valid: 0 [ 300/390]  Loss: 1.876 (1.89)  Acc@1: 34.3750 (28.0939)  Acc@5: 85.9375 (83.1447)
2024-09-02 18:27:55,651 -         train_search: [    INFO] - Valid: 0 [ 350/390]  Loss: 1.908 (1.89)  Acc@1: 21.8750 (28.1161)  Acc@5: 89.0625 (83.1820)
2024-09-02 18:27:59,039 -         train_search: [    INFO] - Valid: 0 [ 390/390]  Loss: 2.012 (1.89)  Acc@1: 25.0000 (27.9800)  Acc@5: 70.0000 (83.2120)
2024-09-02 18:27:59,099 -         train_search: [    INFO] - valid_acc 27.980000
2024-09-02 18:27:59,174 -         train_search: [    INFO] - epoch = 0   
 genotype = |nor_conv_3x3~0|+|nor_conv_3x3~0|nor_conv_3x3~1|+|nor_conv_3x3~0|skip_connect~1|nor_conv_3x3~2|
2024-09-02 18:27:59,333 -         train_search: [    INFO] - alphas_normal = 
 tensor([[0.2011, 0.1983, 0.1957, 0.2014, 0.2035],
        [0.2006, 0.2001, 0.1968, 0.1989, 0.2036],
        [0.2003, 0.1989, 0.1975, 0.2003, 0.2030],
        [0.1981, 0.1994, 0.1957, 0.2033, 0.2035],
        [0.2017, 0.2009, 0.1981, 0.2001, 0.1992],
        [0.2015, 0.2001, 0.1976, 0.1995, 0.2013]], device='cuda:0',
       grad_fn=<SoftmaxBackward0>)
2024-09-02 18:28:00,373 -         train_search: [    INFO] - Train: 1 [   0/390]  Loss: 2.079 (2.08)  Acc@1: 18.7500 (18.7500)  Acc@5: 82.8125 (82.8125)LR: 2.498e-02
2024-09-02 18:28:29,942 -         train_search: [    INFO] - Train: 1 [  50/390]  Loss: 1.896 (1.93)  Acc@1: 25.0000 (26.5012)  Acc@5: 85.9375 (82.1385)LR: 2.498e-02
2024-09-02 18:28:59,227 -         train_search: [    INFO] - Train: 1 [ 100/390]  Loss: 2.002 (1.90)  Acc@1: 21.8750 (27.4598)  Acc@5: 73.4375 (82.5959)LR: 2.498e-02
2024-09-02 18:29:28,950 -         train_search: [    INFO] - Train: 1 [ 150/390]  Loss: 1.748 (1.90)  Acc@1: 35.9375 (27.4627)  Acc@5: 89.0625 (82.6573)LR: 2.498e-02
2024-09-02 18:29:58,666 -         train_search: [    INFO] - Train: 1 [ 200/390]  Loss: 1.832 (1.88)  Acc@1: 32.8125 (28.0239)  Acc@5: 90.6250 (83.1623)LR: 2.498e-02
2024-09-02 18:30:28,151 -         train_search: [    INFO] - Train: 1 [ 250/390]  Loss: 1.707 (1.87)  Acc@1: 34.3750 (28.3367)  Acc@5: 85.9375 (83.3230)LR: 2.498e-02
2024-09-02 18:30:57,535 -         train_search: [    INFO] - Train: 1 [ 300/390]  Loss: 1.647 (1.87)  Acc@1: 32.8125 (28.5091)  Acc@5: 84.3750 (83.3005)LR: 2.498e-02
2024-09-02 18:31:27,564 -         train_search: [    INFO] - Train: 1 [ 350/390]  Loss: 2.070 (1.86)  Acc@1: 21.8750 (28.6325)  Acc@5: 78.1250 (83.3511)LR: 2.498e-02
2024-09-02 18:31:51,038 -         train_search: [    INFO] - Train: 1 [ 390/390]  Loss: 1.857 (1.86)  Acc@1: 37.5000 (28.8120)  Acc@5: 85.0000 (83.5680)LR: 2.498e-02
2024-09-02 18:31:51,179 -         train_search: [    INFO] - train_acc 28.812000
2024-09-02 18:31:51,491 -         train_search: [    INFO] - Valid: 1 [   0/390]  Loss: 2.129 (2.13)  Acc@1: 17.1875 (17.1875)  Acc@5: 71.8750 (71.8750)
2024-09-02 18:31:55,740 -         train_search: [    INFO] - Valid: 1 [  50/390]  Loss: 1.918 (1.88)  Acc@1: 25.0000 (29.1973)  Acc@5: 84.3750 (83.4559)
2024-09-02 18:32:00,034 -         train_search: [    INFO] - Valid: 1 [ 100/390]  Loss: 2.017 (1.88)  Acc@1: 23.4375 (29.0842)  Acc@5: 81.2500 (83.2147)
2024-09-02 18:32:04,316 -         train_search: [    INFO] - Valid: 1 [ 150/390]  Loss: 1.750 (1.87)  Acc@1: 40.6250 (29.5530)  Acc@5: 85.9375 (83.7231)
2024-09-02 18:32:08,549 -         train_search: [    INFO] - Valid: 1 [ 200/390]  Loss: 1.932 (1.87)  Acc@1: 17.1875 (29.4932)  Acc@5: 82.8125 (83.6210)
2024-09-02 18:32:12,624 -         train_search: [    INFO] - Valid: 1 [ 250/390]  Loss: 1.905 (1.87)  Acc@1: 31.2500 (29.4634)  Acc@5: 84.3750 (83.5471)
2024-09-02 18:32:16,846 -         train_search: [    INFO] - Valid: 1 [ 300/390]  Loss: 1.841 (1.86)  Acc@1: 29.6875 (29.6564)  Acc@5: 84.3750 (83.6379)
2024-09-02 18:32:21,135 -         train_search: [    INFO] - Valid: 1 [ 350/390]  Loss: 1.667 (1.86)  Acc@1: 35.9375 (29.6830)  Acc@5: 90.6250 (83.7429)
2024-09-02 18:32:24,514 -         train_search: [    INFO] - Valid: 1 [ 390/390]  Loss: 1.674 (1.86)  Acc@1: 35.0000 (29.8120)  Acc@5: 85.0000 (83.8280)
2024-09-02 18:32:24,591 -         train_search: [    INFO] - valid_acc 29.812000
2024-09-02 18:32:24,656 -         train_search: [    INFO] - epoch = 1   
 genotype = |nor_conv_3x3~0|+|nor_conv_3x3~0|nor_conv_3x3~1|+|nor_conv_3x3~0|skip_connect~1|nor_conv_3x3~2|
2024-09-02 18:32:24,728 -         train_search: [    INFO] - alphas_normal = 
 tensor([[0.2016, 0.1988, 0.1917, 0.2018, 0.2061],
        [0.2004, 0.2022, 0.1930, 0.1988, 0.2057],
        [0.2011, 0.1995, 0.1928, 0.1981, 0.2085],
        [0.1963, 0.1998, 0.1901, 0.2061, 0.2077],
        [0.2041, 0.2013, 0.1938, 0.1998, 0.2010],
        [0.2035, 0.2005, 0.1915, 0.2022, 0.2023]], device='cuda:0',
       grad_fn=<SoftmaxBackward0>)
2024-09-02 18:32:25,909 -         train_search: [    INFO] - Train: 2 [   0/390]  Loss: 1.771 (1.77)  Acc@1: 31.2500 (31.2500)  Acc@5: 85.9375 (85.9375)LR: 2.491e-02
2024-09-02 18:32:55,936 -         train_search: [    INFO] - Train: 2 [  50/390]  Loss: 1.840 (1.82)  Acc@1: 28.1250 (31.9853)  Acc@5: 84.3750 (85.3554)LR: 2.491e-02
2024-09-02 18:33:25,409 -         train_search: [    INFO] - Train: 2 [ 100/390]  Loss: 1.634 (1.80)  Acc@1: 34.3750 (31.6986)  Acc@5: 93.7500 (85.5662)LR: 2.491e-02
2024-09-02 18:33:54,713 -         train_search: [    INFO] - Train: 2 [ 150/390]  Loss: 1.746 (1.80)  Acc@1: 28.1250 (32.1089)  Acc@5: 82.8125 (85.6374)LR: 2.491e-02
2024-09-02 18:34:23,903 -         train_search: [    INFO] - Train: 2 [ 200/390]  Loss: 1.614 (1.79)  Acc@1: 42.1875 (32.5171)  Acc@5: 90.6250 (85.6032)LR: 2.491e-02
2024-09-02 18:34:53,894 -         train_search: [    INFO] - Train: 2 [ 250/390]  Loss: 2.004 (1.79)  Acc@1: 20.3125 (32.7502)  Acc@5: 75.0000 (85.7321)LR: 2.491e-02
2024-09-02 18:35:23,496 -         train_search: [    INFO] - Train: 2 [ 300/390]  Loss: 1.757 (1.78)  Acc@1: 37.5000 (32.7035)  Acc@5: 79.6875 (85.6935)LR: 2.491e-02
2024-09-02 18:35:52,963 -         train_search: [    INFO] - Train: 2 [ 350/390]  Loss: 1.633 (1.78)  Acc@1: 35.9375 (32.8659)  Acc@5: 90.6250 (85.7639)LR: 2.491e-02
2024-09-02 18:36:16,445 -         train_search: [    INFO] - Train: 2 [ 390/390]  Loss: 1.557 (1.78)  Acc@1: 45.0000 (32.8560)  Acc@5: 92.5000 (85.7640)LR: 2.491e-02
2024-09-02 18:36:16,587 -         train_search: [    INFO] - train_acc 32.856000
2024-09-02 18:36:16,897 -         train_search: [    INFO] - Valid: 2 [   0/390]  Loss: 1.641 (1.64)  Acc@1: 40.6250 (40.6250)  Acc@5: 85.9375 (85.9375)
2024-09-02 18:36:21,131 -         train_search: [    INFO] - Valid: 2 [  50/390]  Loss: 1.936 (1.76)  Acc@1: 23.4375 (34.5895)  Acc@5: 78.1250 (85.9375)
2024-09-02 18:36:25,409 -         train_search: [    INFO] - Valid: 2 [ 100/390]  Loss: 1.628 (1.76)  Acc@1: 40.6250 (34.0965)  Acc@5: 89.0625 (85.9994)
2024-09-02 18:36:29,712 -         train_search: [    INFO] - Valid: 2 [ 150/390]  Loss: 1.873 (1.77)  Acc@1: 28.1250 (33.9197)  Acc@5: 79.6875 (85.8858)
2024-09-02 18:36:33,957 -         train_search: [    INFO] - Valid: 2 [ 200/390]  Loss: 1.660 (1.76)  Acc@1: 32.8125 (33.8075)  Acc@5: 90.6250 (85.9453)
2024-09-02 18:36:38,123 -         train_search: [    INFO] - Valid: 2 [ 250/390]  Loss: 1.839 (1.76)  Acc@1: 37.5000 (33.7214)  Acc@5: 73.4375 (86.1803)
2024-09-02 18:36:42,273 -         train_search: [    INFO] - Valid: 2 [ 300/390]  Loss: 1.847 (1.76)  Acc@1: 34.3750 (33.7157)  Acc@5: 82.8125 (86.1088)
2024-09-02 18:36:46,305 -         train_search: [    INFO] - Valid: 2 [ 350/390]  Loss: 1.826 (1.76)  Acc@1: 34.3750 (33.9432)  Acc@5: 81.2500 (85.8752)
2024-09-02 18:36:49,605 -         train_search: [    INFO] - Valid: 2 [ 390/390]  Loss: 1.925 (1.77)  Acc@1: 27.5000 (33.8240)  Acc@5: 80.0000 (85.8400)
2024-09-02 18:36:49,683 -         train_search: [    INFO] - valid_acc 33.824000
2024-09-02 18:36:49,750 -         train_search: [    INFO] - epoch = 2   
 genotype = |nor_conv_3x3~0|+|nor_conv_3x3~0|nor_conv_3x3~1|+|nor_conv_3x3~0|nor_conv_3x3~1|nor_conv_3x3~2|
2024-09-02 18:36:49,814 -         train_search: [    INFO] - alphas_normal = 
 tensor([[0.2037, 0.1982, 0.1849, 0.2020, 0.2111],
        [0.2018, 0.1996, 0.1840, 0.2044, 0.2102],
        [0.2015, 0.1967, 0.1846, 0.2012, 0.2159],
        [0.1984, 0.1988, 0.1812, 0.2107, 0.2110],
        [0.2065, 0.2013, 0.1871, 0.2020, 0.2032],
        [0.2057, 0.2001, 0.1835, 0.2049, 0.2057]], device='cuda:0',
       grad_fn=<SoftmaxBackward0>)
2024-09-02 18:36:50,838 -         train_search: [    INFO] - Train: 3 [   0/390]  Loss: 1.678 (1.68)  Acc@1: 35.9375 (35.9375)  Acc@5: 89.0625 (89.0625)LR: 2.479e-02
2024-09-02 18:37:20,841 -         train_search: [    INFO] - Train: 3 [  50/390]  Loss: 1.539 (1.75)  Acc@1: 43.7500 (34.2218)  Acc@5: 90.6250 (85.8456)LR: 2.479e-02
2024-09-02 18:37:51,102 -         train_search: [    INFO] - Train: 3 [ 100/390]  Loss: 1.718 (1.75)  Acc@1: 39.0625 (34.5916)  Acc@5: 87.5000 (86.1231)LR: 2.479e-02
2024-09-02 18:38:20,810 -         train_search: [    INFO] - Train: 3 [ 150/390]  Loss: 1.749 (1.75)  Acc@1: 40.6250 (34.5923)  Acc@5: 84.3750 (86.1445)LR: 2.479e-02
2024-09-02 18:38:50,296 -         train_search: [    INFO] - Train: 3 [ 200/390]  Loss: 1.822 (1.75)  Acc@1: 32.8125 (34.0485)  Acc@5: 87.5000 (86.3495)LR: 2.479e-02
2024-09-02 18:39:19,978 -         train_search: [    INFO] - Train: 3 [ 250/390]  Loss: 1.897 (1.76)  Acc@1: 29.6875 (33.9953)  Acc@5: 78.1250 (86.3235)LR: 2.479e-02
2024-09-02 18:39:49,127 -         train_search: [    INFO] - Train: 3 [ 300/390]  Loss: 1.648 (1.75)  Acc@1: 48.4375 (34.5048)  Acc@5: 85.9375 (86.3580)LR: 2.479e-02
2024-09-02 18:40:18,290 -         train_search: [    INFO] - Train: 3 [ 350/390]  Loss: 1.687 (1.74)  Acc@1: 32.8125 (34.4774)  Acc@5: 89.0625 (86.3782)LR: 2.479e-02
2024-09-02 18:40:41,713 -         train_search: [    INFO] - Train: 3 [ 390/390]  Loss: 1.670 (1.74)  Acc@1: 35.0000 (34.5320)  Acc@5: 95.0000 (86.4720)LR: 2.479e-02
2024-09-02 18:40:41,858 -         train_search: [    INFO] - train_acc 34.532000
2024-09-02 18:40:42,175 -         train_search: [    INFO] - Valid: 3 [   0/390]  Loss: 1.637 (1.64)  Acc@1: 40.6250 (40.6250)  Acc@5: 87.5000 (87.5000)
2024-09-02 18:40:46,315 -         train_search: [    INFO] - Valid: 3 [  50/390]  Loss: 1.797 (1.74)  Acc@1: 37.5000 (34.6814)  Acc@5: 82.8125 (86.7034)
2024-09-02 18:40:50,496 -         train_search: [    INFO] - Valid: 3 [ 100/390]  Loss: 1.725 (1.74)  Acc@1: 32.8125 (34.6999)  Acc@5: 87.5000 (86.6337)
2024-09-02 18:40:54,697 -         train_search: [    INFO] - Valid: 3 [ 150/390]  Loss: 1.794 (1.73)  Acc@1: 34.3750 (35.0166)  Acc@5: 84.3750 (86.8584)
2024-09-02 18:40:58,896 -         train_search: [    INFO] - Valid: 3 [ 200/390]  Loss: 2.006 (1.73)  Acc@1: 26.5625 (34.9969)  Acc@5: 78.1250 (87.1035)
2024-09-02 18:41:02,965 -         train_search: [    INFO] - Valid: 3 [ 250/390]  Loss: 1.835 (1.73)  Acc@1: 25.0000 (34.7859)  Acc@5: 84.3750 (87.0331)
2024-09-02 18:41:06,983 -         train_search: [    INFO] - Valid: 3 [ 300/390]  Loss: 1.843 (1.74)  Acc@1: 32.8125 (34.6449)  Acc@5: 84.3750 (87.0899)
2024-09-02 18:41:11,141 -         train_search: [    INFO] - Valid: 3 [ 350/390]  Loss: 1.641 (1.73)  Acc@1: 45.3125 (34.6287)  Acc@5: 92.1875 (87.1394)
2024-09-02 18:41:14,362 -         train_search: [    INFO] - Valid: 3 [ 390/390]  Loss: 1.683 (1.73)  Acc@1: 35.0000 (34.6080)  Acc@5: 82.5000 (87.0880)
2024-09-02 18:41:14,431 -         train_search: [    INFO] - valid_acc 34.608000
2024-09-02 18:41:14,508 -         train_search: [    INFO] - epoch = 3   
 genotype = |nor_conv_3x3~0|+|nor_conv_3x3~0|nor_conv_3x3~1|+|nor_conv_1x1~0|nor_conv_3x3~1|nor_conv_3x3~2|
2024-09-02 18:41:14,572 -         train_search: [    INFO] - alphas_normal = 
 tensor([[0.2060, 0.1983, 0.1781, 0.2032, 0.2144],
        [0.2015, 0.1986, 0.1761, 0.2064, 0.2174],
        [0.2038, 0.1951, 0.1761, 0.2039, 0.2212],
        [0.1990, 0.1988, 0.1730, 0.2149, 0.2143],
        [0.2101, 0.2018, 0.1796, 0.2019, 0.2067],
        [0.2101, 0.1995, 0.1760, 0.2049, 0.2095]], device='cuda:0',
       grad_fn=<SoftmaxBackward0>)
2024-09-02 18:41:15,658 -         train_search: [    INFO] - Train: 4 [   0/390]  Loss: 1.877 (1.88)  Acc@1: 25.0000 (25.0000)  Acc@5: 87.5000 (87.5000)LR: 2.462e-02
2024-09-02 18:41:46,179 -         train_search: [    INFO] - Train: 4 [  50/390]  Loss: 1.688 (1.75)  Acc@1: 29.6875 (33.6397)  Acc@5: 93.7500 (87.2549)LR: 2.462e-02
2024-09-02 18:42:15,900 -         train_search: [    INFO] - Train: 4 [ 100/390]  Loss: 1.802 (1.73)  Acc@1: 28.1250 (33.9573)  Acc@5: 87.5000 (87.2215)LR: 2.462e-02
2024-09-02 18:42:46,434 -         train_search: [    INFO] - Train: 4 [ 150/390]  Loss: 1.825 (1.72)  Acc@1: 23.4375 (34.6440)  Acc@5: 87.5000 (87.3034)LR: 2.462e-02
2024-09-02 18:43:16,595 -         train_search: [    INFO] - Train: 4 [ 200/390]  Loss: 1.770 (1.72)  Acc@1: 40.6250 (34.9036)  Acc@5: 92.1875 (87.3290)LR: 2.462e-02
2024-09-02 18:43:46,265 -         train_search: [    INFO] - Train: 4 [ 250/390]  Loss: 1.612 (1.72)  Acc@1: 39.0625 (34.9913)  Acc@5: 90.6250 (87.2946)LR: 2.462e-02
2024-09-02 18:44:15,740 -         train_search: [    INFO] - Train: 4 [ 300/390]  Loss: 1.831 (1.72)  Acc@1: 25.0000 (34.9979)  Acc@5: 84.3750 (87.2197)LR: 2.462e-02
2024-09-02 18:44:45,346 -         train_search: [    INFO] - Train: 4 [ 350/390]  Loss: 1.471 (1.72)  Acc@1: 48.4375 (35.3855)  Acc@5: 92.1875 (87.2552)LR: 2.462e-02
2024-09-02 18:45:09,449 -         train_search: [    INFO] - Train: 4 [ 390/390]  Loss: 1.839 (1.72)  Acc@1: 20.0000 (35.2400)  Acc@5: 90.0000 (87.3000)LR: 2.462e-02
2024-09-02 18:45:09,610 -         train_search: [    INFO] - train_acc 35.240000
2024-09-02 18:45:09,903 -         train_search: [    INFO] - Valid: 4 [   0/390]  Loss: 1.538 (1.54)  Acc@1: 42.1875 (42.1875)  Acc@5: 95.3125 (95.3125)
2024-09-02 18:45:13,994 -         train_search: [    INFO] - Valid: 4 [  50/390]  Loss: 1.744 (1.70)  Acc@1: 34.3750 (36.4277)  Acc@5: 90.6250 (87.4387)
2024-09-02 18:45:18,192 -         train_search: [    INFO] - Valid: 4 [ 100/390]  Loss: 1.830 (1.68)  Acc@1: 25.0000 (37.2989)  Acc@5: 82.8125 (88.3663)
2024-09-02 18:45:22,370 -         train_search: [    INFO] - Valid: 4 [ 150/390]  Loss: 1.734 (1.68)  Acc@1: 39.0625 (37.2310)  Acc@5: 85.9375 (88.4830)
2024-09-02 18:45:26,569 -         train_search: [    INFO] - Valid: 4 [ 200/390]  Loss: 1.589 (1.68)  Acc@1: 34.3750 (37.1035)  Acc@5: 82.8125 (88.2463)
2024-09-02 18:45:30,671 -         train_search: [    INFO] - Valid: 4 [ 250/390]  Loss: 1.740 (1.68)  Acc@1: 34.3750 (37.0954)  Acc@5: 92.1875 (88.3964)
2024-09-02 18:45:34,735 -         train_search: [    INFO] - Valid: 4 [ 300/390]  Loss: 1.645 (1.68)  Acc@1: 37.5000 (37.2508)  Acc@5: 92.1875 (88.4292)
2024-09-02 18:45:38,900 -         train_search: [    INFO] - Valid: 4 [ 350/390]  Loss: 1.725 (1.68)  Acc@1: 39.0625 (37.0816)  Acc@5: 85.9375 (88.3547)
2024-09-02 18:45:42,211 -         train_search: [    INFO] - Valid: 4 [ 390/390]  Loss: 1.980 (1.68)  Acc@1: 27.5000 (36.9920)  Acc@5: 80.0000 (88.4320)
2024-09-02 18:45:42,281 -         train_search: [    INFO] - valid_acc 36.992000
2024-09-02 18:45:42,349 -         train_search: [    INFO] - epoch = 4   
 genotype = |nor_conv_3x3~0|+|nor_conv_3x3~0|nor_conv_3x3~1|+|nor_conv_1x1~0|nor_conv_3x3~1|nor_conv_3x3~2|
2024-09-02 18:45:42,407 -         train_search: [    INFO] - alphas_normal = 
 tensor([[0.2079, 0.1992, 0.1709, 0.2048, 0.2171],
        [0.2023, 0.1990, 0.1684, 0.2069, 0.2233],
        [0.2051, 0.1937, 0.1679, 0.2083, 0.2250],
        [0.1984, 0.1987, 0.1637, 0.2201, 0.2191],
        [0.2161, 0.2034, 0.1712, 0.2027, 0.2066],
        [0.2141, 0.1974, 0.1665, 0.2073, 0.2147]], device='cuda:0',
       grad_fn=<SoftmaxBackward0>)
2024-09-02 18:45:43,516 -         train_search: [    INFO] - Train: 5 [   0/390]  Loss: 1.765 (1.76)  Acc@1: 32.8125 (32.8125)  Acc@5: 82.8125 (82.8125)LR: 2.441e-02
2024-09-02 18:46:12,870 -         train_search: [    INFO] - Train: 5 [  50/390]  Loss: 1.822 (1.67)  Acc@1: 31.2500 (37.3775)  Acc@5: 85.9375 (88.5110)LR: 2.441e-02
2024-09-02 18:46:43,250 -         train_search: [    INFO] - Train: 5 [ 100/390]  Loss: 1.545 (1.67)  Acc@1: 46.8750 (37.2215)  Acc@5: 93.7500 (88.5210)LR: 2.441e-02
2024-09-02 18:47:13,151 -         train_search: [    INFO] - Train: 5 [ 150/390]  Loss: 1.575 (1.67)  Acc@1: 40.6250 (37.2103)  Acc@5: 90.6250 (88.4934)LR: 2.441e-02
2024-09-02 18:47:43,576 -         train_search: [    INFO] - Train: 5 [ 200/390]  Loss: 1.754 (1.67)  Acc@1: 39.0625 (37.2668)  Acc@5: 84.3750 (88.6116)LR: 2.441e-02
2024-09-02 18:48:13,949 -         train_search: [    INFO] - Train: 5 [ 250/390]  Loss: 1.540 (1.67)  Acc@1: 46.8750 (37.5436)  Acc@5: 89.0625 (88.5583)LR: 2.441e-02
2024-09-02 18:48:43,931 -         train_search: [    INFO] - Train: 5 [ 300/390]  Loss: 1.676 (1.67)  Acc@1: 42.1875 (37.3495)  Acc@5: 90.6250 (88.3513)LR: 2.441e-02
2024-09-02 18:49:13,178 -         train_search: [    INFO] - Train: 5 [ 350/390]  Loss: 1.665 (1.67)  Acc@1: 42.1875 (37.7092)  Acc@5: 90.6250 (88.4393)LR: 2.441e-02
2024-09-02 18:49:36,660 -         train_search: [    INFO] - Train: 5 [ 390/390]  Loss: 1.744 (1.67)  Acc@1: 37.5000 (37.7880)  Acc@5: 90.0000 (88.4280)LR: 2.441e-02
2024-09-02 18:49:36,805 -         train_search: [    INFO] - train_acc 37.788000
2024-09-02 18:49:37,143 -         train_search: [    INFO] - Valid: 5 [   0/390]  Loss: 1.652 (1.65)  Acc@1: 39.0625 (39.0625)  Acc@5: 90.6250 (90.6250)
2024-09-02 18:49:41,260 -         train_search: [    INFO] - Valid: 5 [  50/390]  Loss: 1.544 (1.62)  Acc@1: 53.1250 (39.7365)  Acc@5: 89.0625 (89.6446)
2024-09-02 18:49:45,428 -         train_search: [    INFO] - Valid: 5 [ 100/390]  Loss: 1.787 (1.62)  Acc@1: 31.2500 (39.5885)  Acc@5: 90.6250 (89.8360)
2024-09-02 18:49:49,592 -         train_search: [    INFO] - Valid: 5 [ 150/390]  Loss: 1.596 (1.62)  Acc@1: 37.5000 (39.5902)  Acc@5: 87.5000 (89.6213)
2024-09-02 18:49:53,727 -         train_search: [    INFO] - Valid: 5 [ 200/390]  Loss: 1.636 (1.63)  Acc@1: 42.1875 (39.1402)  Acc@5: 85.9375 (89.3035)
2024-09-02 18:49:57,787 -         train_search: [    INFO] - Valid: 5 [ 250/390]  Loss: 1.521 (1.62)  Acc@1: 53.1250 (39.7659)  Acc@5: 85.9375 (89.4983)
2024-09-02 18:50:01,847 -         train_search: [    INFO] - Valid: 5 [ 300/390]  Loss: 1.687 (1.62)  Acc@1: 40.6250 (39.8619)  Acc@5: 82.8125 (89.5037)
2024-09-02 18:50:05,924 -         train_search: [    INFO] - Valid: 5 [ 350/390]  Loss: 1.701 (1.62)  Acc@1: 32.8125 (39.6946)  Acc@5: 89.0625 (89.5477)
2024-09-02 18:50:09,276 -         train_search: [    INFO] - Valid: 5 [ 390/390]  Loss: 1.702 (1.62)  Acc@1: 42.5000 (39.7320)  Acc@5: 80.0000 (89.4360)
2024-09-02 18:50:09,346 -         train_search: [    INFO] - valid_acc 39.732000
2024-09-02 18:50:09,421 -         train_search: [    INFO] - epoch = 5   
 genotype = |nor_conv_3x3~0|+|nor_conv_3x3~0|nor_conv_3x3~1|+|nor_conv_1x1~0|nor_conv_3x3~1|nor_conv_3x3~2|
2024-09-02 18:50:09,485 -         train_search: [    INFO] - alphas_normal = 
 tensor([[0.2096, 0.2015, 0.1633, 0.2054, 0.2202],
        [0.2022, 0.2004, 0.1603, 0.2082, 0.2289],
        [0.2048, 0.1915, 0.1588, 0.2124, 0.2325],
        [0.1966, 0.2004, 0.1544, 0.2283, 0.2203],
        [0.2207, 0.2047, 0.1609, 0.2049, 0.2089],
        [0.2139, 0.1977, 0.1579, 0.2101, 0.2203]], device='cuda:0',
       grad_fn=<SoftmaxBackward0>)
2024-09-02 18:50:10,476 -         train_search: [    INFO] - Train: 6 [   0/390]  Loss: 1.778 (1.78)  Acc@1: 40.6250 (40.6250)  Acc@5: 84.3750 (84.3750)LR: 2.416e-02
2024-09-02 18:50:39,856 -         train_search: [    INFO] - Train: 6 [  50/390]  Loss: 1.506 (1.67)  Acc@1: 40.6250 (38.6029)  Acc@5: 90.6250 (87.8983)LR: 2.416e-02
2024-09-02 18:51:09,573 -         train_search: [    INFO] - Train: 6 [ 100/390]  Loss: 1.679 (1.64)  Acc@1: 43.7500 (39.6504)  Acc@5: 89.0625 (88.2116)LR: 2.416e-02
2024-09-02 18:51:39,344 -         train_search: [    INFO] - Train: 6 [ 150/390]  Loss: 1.584 (1.63)  Acc@1: 43.7500 (40.1594)  Acc@5: 87.5000 (88.4727)LR: 2.416e-02
2024-09-02 18:52:09,438 -         train_search: [    INFO] - Train: 6 [ 200/390]  Loss: 1.679 (1.63)  Acc@1: 39.0625 (39.9487)  Acc@5: 92.1875 (88.7049)LR: 2.416e-02
2024-09-02 18:52:39,582 -         train_search: [    INFO] - Train: 6 [ 250/390]  Loss: 1.795 (1.64)  Acc@1: 31.2500 (39.8157)  Acc@5: 87.5000 (88.6703)LR: 2.416e-02
2024-09-02 18:53:09,619 -         train_search: [    INFO] - Train: 6 [ 300/390]  Loss: 1.430 (1.63)  Acc@1: 46.8750 (39.7944)  Acc@5: 90.6250 (88.7614)LR: 2.416e-02
2024-09-02 18:53:39,657 -         train_search: [    INFO] - Train: 6 [ 350/390]  Loss: 1.745 (1.63)  Acc@1: 32.8125 (39.8193)  Acc@5: 95.3125 (88.8444)LR: 2.416e-02
2024-09-02 18:54:03,450 -         train_search: [    INFO] - Train: 6 [ 390/390]  Loss: 1.772 (1.63)  Acc@1: 45.0000 (39.9040)  Acc@5: 77.5000 (88.8600)LR: 2.416e-02
2024-09-02 18:54:03,606 -         train_search: [    INFO] - train_acc 39.904000
2024-09-02 18:54:03,943 -         train_search: [    INFO] - Valid: 6 [   0/390]  Loss: 1.652 (1.65)  Acc@1: 46.8750 (46.8750)  Acc@5: 89.0625 (89.0625)
2024-09-02 18:54:08,116 -         train_search: [    INFO] - Valid: 6 [  50/390]  Loss: 1.669 (1.61)  Acc@1: 37.5000 (39.9816)  Acc@5: 85.9375 (88.9706)
2024-09-02 18:54:12,270 -         train_search: [    INFO] - Valid: 6 [ 100/390]  Loss: 1.592 (1.60)  Acc@1: 37.5000 (40.2073)  Acc@5: 92.1875 (89.6658)
2024-09-02 18:54:16,433 -         train_search: [    INFO] - Valid: 6 [ 150/390]  Loss: 1.746 (1.60)  Acc@1: 34.3750 (40.0248)  Acc@5: 87.5000 (89.7558)
2024-09-02 18:54:20,547 -         train_search: [    INFO] - Valid: 6 [ 200/390]  Loss: 1.586 (1.60)  Acc@1: 45.3125 (40.1741)  Acc@5: 87.5000 (89.5989)
2024-09-02 18:54:24,609 -         train_search: [    INFO] - Valid: 6 [ 250/390]  Loss: 1.660 (1.60)  Acc@1: 46.8750 (40.4445)  Acc@5: 85.9375 (89.6601)
2024-09-02 18:54:28,659 -         train_search: [    INFO] - Valid: 6 [ 300/390]  Loss: 1.565 (1.60)  Acc@1: 35.9375 (40.4537)  Acc@5: 93.7500 (89.7010)
2024-09-02 18:54:32,803 -         train_search: [    INFO] - Valid: 6 [ 350/390]  Loss: 1.698 (1.60)  Acc@1: 34.3750 (40.5182)  Acc@5: 90.6250 (89.7302)
2024-09-02 18:54:36,180 -         train_search: [    INFO] - Valid: 6 [ 390/390]  Loss: 1.385 (1.60)  Acc@1: 52.5000 (40.5400)  Acc@5: 95.0000 (89.7680)
2024-09-02 18:54:36,251 -         train_search: [    INFO] - valid_acc 40.540000
2024-09-02 18:54:36,307 -         train_search: [    INFO] - epoch = 6   
 genotype = |nor_conv_3x3~0|+|nor_conv_3x3~0|nor_conv_3x3~1|+|nor_conv_1x1~0|nor_conv_3x3~1|nor_conv_3x3~2|
2024-09-02 18:54:36,363 -         train_search: [    INFO] - alphas_normal = 
 tensor([[0.2117, 0.2014, 0.1530, 0.2090, 0.2250],
        [0.2034, 0.2008, 0.1513, 0.2112, 0.2333],
        [0.2035, 0.1868, 0.1489, 0.2162, 0.2446],
        [0.1972, 0.2056, 0.1463, 0.2306, 0.2204],
        [0.2258, 0.2076, 0.1514, 0.2065, 0.2087],
        [0.2128, 0.1964, 0.1491, 0.2146, 0.2271]], device='cuda:0',
       grad_fn=<SoftmaxBackward0>)
2024-09-02 18:54:37,502 -         train_search: [    INFO] - Train: 7 [   0/390]  Loss: 1.654 (1.65)  Acc@1: 35.9375 (35.9375)  Acc@5: 90.6250 (90.6250)LR: 2.386e-02
2024-09-02 18:55:06,790 -         train_search: [    INFO] - Train: 7 [  50/390]  Loss: 1.844 (1.61)  Acc@1: 37.5000 (40.7782)  Acc@5: 81.2500 (89.1238)LR: 2.386e-02
2024-09-02 18:55:36,502 -         train_search: [    INFO] - Train: 7 [ 100/390]  Loss: 1.466 (1.61)  Acc@1: 42.1875 (40.7333)  Acc@5: 89.0625 (89.4647)LR: 2.386e-02
2024-09-02 18:56:06,102 -         train_search: [    INFO] - Train: 7 [ 150/390]  Loss: 1.564 (1.60)  Acc@1: 40.6250 (41.0079)  Acc@5: 96.8750 (89.6523)LR: 2.386e-02
2024-09-02 18:56:35,777 -         train_search: [    INFO] - Train: 7 [ 200/390]  Loss: 1.560 (1.59)  Acc@1: 39.0625 (41.1303)  Acc@5: 90.6250 (89.8010)LR: 2.386e-02
2024-09-02 18:57:06,325 -         train_search: [    INFO] - Train: 7 [ 250/390]  Loss: 1.590 (1.59)  Acc@1: 40.6250 (41.2164)  Acc@5: 87.5000 (89.7473)LR: 2.386e-02
2024-09-02 18:57:36,149 -         train_search: [    INFO] - Train: 7 [ 300/390]  Loss: 1.368 (1.59)  Acc@1: 54.6875 (41.2843)  Acc@5: 93.7500 (89.8671)LR: 2.386e-02
2024-09-02 18:58:06,779 -         train_search: [    INFO] - Train: 7 [ 350/390]  Loss: 1.569 (1.59)  Acc@1: 39.0625 (41.4619)  Acc@5: 92.1875 (89.8504)LR: 2.386e-02
2024-09-02 18:58:30,695 -         train_search: [    INFO] - Train: 7 [ 390/390]  Loss: 1.653 (1.59)  Acc@1: 45.0000 (41.6680)  Acc@5: 82.5000 (89.9680)LR: 2.386e-02
2024-09-02 18:58:30,856 -         train_search: [    INFO] - train_acc 41.668000
2024-09-02 18:58:31,186 -         train_search: [    INFO] - Valid: 7 [   0/390]  Loss: 1.492 (1.49)  Acc@1: 48.4375 (48.4375)  Acc@5: 93.7500 (93.7500)
2024-09-02 18:58:35,282 -         train_search: [    INFO] - Valid: 7 [  50/390]  Loss: 1.660 (1.58)  Acc@1: 39.0625 (42.1262)  Acc@5: 92.1875 (90.5944)
2024-09-02 18:58:39,418 -         train_search: [    INFO] - Valid: 7 [ 100/390]  Loss: 1.707 (1.55)  Acc@1: 39.0625 (42.8063)  Acc@5: 82.8125 (91.0272)
2024-09-02 18:58:43,548 -         train_search: [    INFO] - Valid: 7 [ 150/390]  Loss: 1.400 (1.54)  Acc@1: 50.0000 (42.9015)  Acc@5: 93.7500 (91.1424)
2024-09-02 18:58:47,749 -         train_search: [    INFO] - Valid: 7 [ 200/390]  Loss: 1.596 (1.54)  Acc@1: 34.3750 (43.0659)  Acc@5: 93.7500 (91.2080)
2024-09-02 18:58:51,735 -         train_search: [    INFO] - Valid: 7 [ 250/390]  Loss: 1.549 (1.54)  Acc@1: 39.0625 (42.8847)  Acc@5: 89.0625 (91.3035)
2024-09-02 18:58:55,787 -         train_search: [    INFO] - Valid: 7 [ 300/390]  Loss: 1.437 (1.54)  Acc@1: 45.3125 (42.7585)  Acc@5: 92.1875 (91.2375)
2024-09-02 18:58:59,884 -         train_search: [    INFO] - Valid: 7 [ 350/390]  Loss: 1.679 (1.54)  Acc@1: 42.1875 (42.8641)  Acc@5: 90.6250 (91.2126)
2024-09-02 18:59:03,253 -         train_search: [    INFO] - Valid: 7 [ 390/390]  Loss: 1.513 (1.54)  Acc@1: 42.5000 (42.9520)  Acc@5: 95.0000 (91.1920)
2024-09-02 18:59:03,319 -         train_search: [    INFO] - valid_acc 42.952000
2024-09-02 18:59:03,367 -         train_search: [    INFO] - epoch = 7   
 genotype = |nor_conv_3x3~0|+|nor_conv_3x3~0|nor_conv_3x3~1|+|nor_conv_1x1~0|skip_connect~1|nor_conv_3x3~2|
2024-09-02 18:59:03,420 -         train_search: [    INFO] - alphas_normal = 
 tensor([[0.2136, 0.1990, 0.1420, 0.2144, 0.2309],
        [0.2069, 0.2000, 0.1408, 0.2118, 0.2405],
        [0.1999, 0.1815, 0.1396, 0.2204, 0.2586],
        [0.1973, 0.2084, 0.1349, 0.2352, 0.2242],
        [0.2338, 0.2128, 0.1408, 0.2049, 0.2076],
        [0.2122, 0.1957, 0.1395, 0.2178, 0.2348]], device='cuda:0',
       grad_fn=<SoftmaxBackward0>)
2024-09-02 18:59:04,443 -         train_search: [    INFO] - Train: 8 [   0/390]  Loss: 1.598 (1.60)  Acc@1: 35.9375 (35.9375)  Acc@5: 90.6250 (90.6250)LR: 2.352e-02
2024-09-02 18:59:33,981 -         train_search: [    INFO] - Train: 8 [  50/390]  Loss: 1.606 (1.55)  Acc@1: 45.3125 (42.8309)  Acc@5: 92.1875 (90.9007)LR: 2.352e-02
2024-09-02 19:00:03,299 -         train_search: [    INFO] - Train: 8 [ 100/390]  Loss: 1.267 (1.56)  Acc@1: 50.0000 (41.9090)  Acc@5: 100.0000 (90.8880)LR: 2.352e-02
2024-09-02 19:00:32,687 -         train_search: [    INFO] - Train: 8 [ 150/390]  Loss: 1.457 (1.56)  Acc@1: 46.8750 (42.4565)  Acc@5: 90.6250 (90.6457)LR: 2.352e-02
2024-09-02 19:01:02,283 -         train_search: [    INFO] - Train: 8 [ 200/390]  Loss: 1.410 (1.55)  Acc@1: 43.7500 (42.9260)  Acc@5: 92.1875 (90.6405)LR: 2.352e-02
2024-09-02 19:01:31,919 -         train_search: [    INFO] - Train: 8 [ 250/390]  Loss: 1.643 (1.54)  Acc@1: 35.9375 (42.8660)  Acc@5: 92.1875 (90.9176)LR: 2.352e-02
2024-09-02 19:02:01,929 -         train_search: [    INFO] - Train: 8 [ 300/390]  Loss: 1.324 (1.54)  Acc@1: 48.4375 (43.1063)  Acc@5: 96.8750 (90.9261)LR: 2.352e-02
2024-09-02 19:02:31,991 -         train_search: [    INFO] - Train: 8 [ 350/390]  Loss: 1.510 (1.53)  Acc@1: 46.8750 (43.3004)  Acc@5: 85.9375 (90.9054)LR: 2.352e-02
2024-09-02 19:02:55,757 -         train_search: [    INFO] - Train: 8 [ 390/390]  Loss: 1.415 (1.53)  Acc@1: 50.0000 (43.5560)  Acc@5: 92.5000 (90.9320)LR: 2.352e-02
2024-09-02 19:02:55,911 -         train_search: [    INFO] - train_acc 43.556000
2024-09-02 19:02:56,245 -         train_search: [    INFO] - Valid: 8 [   0/390]  Loss: 1.729 (1.73)  Acc@1: 37.5000 (37.5000)  Acc@5: 79.6875 (79.6875)
2024-09-02 19:03:00,511 -         train_search: [    INFO] - Valid: 8 [  50/390]  Loss: 1.570 (1.44)  Acc@1: 37.5000 (46.8137)  Acc@5: 92.1875 (92.4326)
2024-09-02 19:03:04,742 -         train_search: [    INFO] - Valid: 8 [ 100/390]  Loss: 1.399 (1.45)  Acc@1: 50.0000 (46.9678)  Acc@5: 93.7500 (92.2339)
2024-09-02 19:03:09,057 -         train_search: [    INFO] - Valid: 8 [ 150/390]  Loss: 1.383 (1.46)  Acc@1: 43.7500 (46.5335)  Acc@5: 98.4375 (92.0633)
2024-09-02 19:03:13,355 -         train_search: [    INFO] - Valid: 8 [ 200/390]  Loss: 1.522 (1.46)  Acc@1: 40.6250 (46.3853)  Acc@5: 92.1875 (91.9465)
2024-09-02 19:03:17,369 -         train_search: [    INFO] - Valid: 8 [ 250/390]  Loss: 1.830 (1.47)  Acc@1: 40.6250 (46.2836)  Acc@5: 84.3750 (91.8700)
2024-09-02 19:03:21,564 -         train_search: [    INFO] - Valid: 8 [ 300/390]  Loss: 1.822 (1.47)  Acc@1: 40.6250 (46.2365)  Acc@5: 79.6875 (91.7670)
2024-09-02 19:03:25,787 -         train_search: [    INFO] - Valid: 8 [ 350/390]  Loss: 1.438 (1.47)  Acc@1: 43.7500 (46.2740)  Acc@5: 93.7500 (91.7824)
2024-09-02 19:03:29,188 -         train_search: [    INFO] - Valid: 8 [ 390/390]  Loss: 1.423 (1.47)  Acc@1: 45.0000 (46.1520)  Acc@5: 95.0000 (91.8000)
2024-09-02 19:03:29,259 -         train_search: [    INFO] - valid_acc 46.152000
2024-09-02 19:03:29,321 -         train_search: [    INFO] - epoch = 8   
 genotype = |nor_conv_3x3~0|+|nor_conv_3x3~0|nor_conv_3x3~1|+|nor_conv_1x1~0|skip_connect~1|nor_conv_3x3~2|
2024-09-02 19:03:29,375 -         train_search: [    INFO] - alphas_normal = 
 tensor([[0.2159, 0.2000, 0.1337, 0.2150, 0.2354],
        [0.2097, 0.2001, 0.1314, 0.2125, 0.2464],
        [0.1961, 0.1765, 0.1310, 0.2210, 0.2754],
        [0.1956, 0.2119, 0.1254, 0.2411, 0.2260],
        [0.2390, 0.2143, 0.1305, 0.2078, 0.2084],
        [0.2123, 0.1981, 0.1313, 0.2152, 0.2431]], device='cuda:0',
       grad_fn=<SoftmaxBackward0>)
2024-09-02 19:03:30,357 -         train_search: [    INFO] - Train: 9 [   0/390]  Loss: 1.476 (1.48)  Acc@1: 40.6250 (40.6250)  Acc@5: 98.4375 (98.4375)LR: 2.313e-02
2024-09-02 19:03:59,969 -         train_search: [    INFO] - Train: 9 [  50/390]  Loss: 1.581 (1.51)  Acc@1: 40.6250 (44.6691)  Acc@5: 85.9375 (91.9118)LR: 2.313e-02
2024-09-02 19:04:29,497 -         train_search: [    INFO] - Train: 9 [ 100/390]  Loss: 1.362 (1.50)  Acc@1: 45.3125 (45.3899)  Acc@5: 90.6250 (91.8936)LR: 2.313e-02
2024-09-02 19:04:59,075 -         train_search: [    INFO] - Train: 9 [ 150/390]  Loss: 1.709 (1.50)  Acc@1: 37.5000 (45.1780)  Acc@5: 81.2500 (91.7219)LR: 2.313e-02
2024-09-02 19:05:28,472 -         train_search: [    INFO] - Train: 9 [ 200/390]  Loss: 1.529 (1.50)  Acc@1: 32.8125 (45.2581)  Acc@5: 89.0625 (91.7211)LR: 2.313e-02
2024-09-02 19:05:57,894 -         train_search: [    INFO] - Train: 9 [ 250/390]  Loss: 1.465 (1.49)  Acc@1: 46.8750 (45.4495)  Acc@5: 90.6250 (91.7642)LR: 2.313e-02
2024-09-02 19:06:27,847 -         train_search: [    INFO] - Train: 9 [ 300/390]  Loss: 1.526 (1.49)  Acc@1: 39.0625 (45.3540)  Acc@5: 95.3125 (91.7930)LR: 2.313e-02
2024-09-02 19:06:57,723 -         train_search: [    INFO] - Train: 9 [ 350/390]  Loss: 1.502 (1.49)  Acc@1: 42.1875 (45.5974)  Acc@5: 92.1875 (91.7334)LR: 2.313e-02
2024-09-02 19:07:21,355 -         train_search: [    INFO] - Train: 9 [ 390/390]  Loss: 1.274 (1.48)  Acc@1: 50.0000 (45.7560)  Acc@5: 97.5000 (91.7720)LR: 2.313e-02
2024-09-02 19:07:21,510 -         train_search: [    INFO] - train_acc 45.756000
2024-09-02 19:07:21,851 -         train_search: [    INFO] - Valid: 9 [   0/390]  Loss: 1.402 (1.40)  Acc@1: 51.5625 (51.5625)  Acc@5: 92.1875 (92.1875)
2024-09-02 19:07:25,933 -         train_search: [    INFO] - Valid: 9 [  50/390]  Loss: 1.393 (1.42)  Acc@1: 54.6875 (48.4681)  Acc@5: 95.3125 (93.0147)
2024-09-02 19:07:30,126 -         train_search: [    INFO] - Valid: 9 [ 100/390]  Loss: 1.601 (1.42)  Acc@1: 37.5000 (48.3911)  Acc@5: 90.6250 (93.1002)
2024-09-02 19:07:34,329 -         train_search: [    INFO] - Valid: 9 [ 150/390]  Loss: 1.361 (1.43)  Acc@1: 54.6875 (47.9201)  Acc@5: 95.3125 (92.9946)
2024-09-02 19:07:38,597 -         train_search: [    INFO] - Valid: 9 [ 200/390]  Loss: 1.449 (1.43)  Acc@1: 35.9375 (47.5902)  Acc@5: 95.3125 (93.0659)
2024-09-02 19:07:42,781 -         train_search: [    INFO] - Valid: 9 [ 250/390]  Loss: 1.449 (1.42)  Acc@1: 48.4375 (47.6282)  Acc@5: 92.1875 (93.0154)
2024-09-02 19:07:46,949 -         train_search: [    INFO] - Valid: 9 [ 300/390]  Loss: 1.491 (1.42)  Acc@1: 51.5625 (47.7471)  Acc@5: 93.7500 (93.0959)
2024-09-02 19:07:51,203 -         train_search: [    INFO] - Valid: 9 [ 350/390]  Loss: 1.419 (1.42)  Acc@1: 50.0000 (47.7876)  Acc@5: 92.1875 (93.0600)
2024-09-02 19:07:54,683 -         train_search: [    INFO] - Valid: 9 [ 390/390]  Loss: 1.600 (1.42)  Acc@1: 45.0000 (47.7440)  Acc@5: 92.5000 (93.0360)
2024-09-02 19:07:54,749 -         train_search: [    INFO] - valid_acc 47.744000
2024-09-02 19:07:54,821 -         train_search: [    INFO] - epoch = 9   
 genotype = |nor_conv_3x3~0|+|nor_conv_3x3~0|nor_conv_3x3~1|+|nor_conv_1x1~0|skip_connect~1|nor_conv_3x3~2|
2024-09-02 19:07:54,881 -         train_search: [    INFO] - alphas_normal = 
 tensor([[0.2199, 0.2000, 0.1250, 0.2164, 0.2387],
        [0.2100, 0.1979, 0.1212, 0.2152, 0.2557],
        [0.1929, 0.1704, 0.1218, 0.2243, 0.2906],
        [0.1966, 0.2179, 0.1163, 0.2466, 0.2226],
        [0.2462, 0.2150, 0.1198, 0.2103, 0.2087],
        [0.2101, 0.2012, 0.1235, 0.2158, 0.2493]], device='cuda:0',
       grad_fn=<SoftmaxBackward0>)
2024-09-02 19:07:55,901 -         train_search: [    INFO] - Train: 10 [   0/390]  Loss: 1.383 (1.38)  Acc@1: 45.3125 (45.3125)  Acc@5: 96.8750 (96.8750)LR: 2.271e-02
2024-09-02 19:08:26,240 -         train_search: [    INFO] - Train: 10 [  50/390]  Loss: 1.298 (1.42)  Acc@1: 53.1250 (48.3150)  Acc@5: 93.7500 (93.5355)LR: 2.271e-02
2024-09-02 19:08:56,325 -         train_search: [    INFO] - Train: 10 [ 100/390]  Loss: 1.292 (1.44)  Acc@1: 51.5625 (47.2308)  Acc@5: 93.7500 (93.0693)LR: 2.271e-02
2024-09-02 19:09:25,585 -         train_search: [    INFO] - Train: 10 [ 150/390]  Loss: 1.377 (1.43)  Acc@1: 56.2500 (47.5476)  Acc@5: 90.6250 (92.9015)LR: 2.271e-02
2024-09-02 19:09:55,102 -         train_search: [    INFO] - Train: 10 [ 200/390]  Loss: 1.609 (1.44)  Acc@1: 35.9375 (47.2559)  Acc@5: 84.3750 (92.7239)LR: 2.271e-02
2024-09-02 19:10:24,474 -         train_search: [    INFO] - Train: 10 [ 250/390]  Loss: 1.640 (1.43)  Acc@1: 32.8125 (47.4664)  Acc@5: 90.6250 (92.7291)LR: 2.271e-02
2024-09-02 19:10:54,206 -         train_search: [    INFO] - Train: 10 [ 300/390]  Loss: 1.490 (1.43)  Acc@1: 48.4375 (47.2799)  Acc@5: 93.7500 (92.7326)LR: 2.271e-02
2024-09-02 19:11:23,847 -         train_search: [    INFO] - Train: 10 [ 350/390]  Loss: 1.292 (1.42)  Acc@1: 50.0000 (47.6318)  Acc@5: 96.8750 (92.8018)LR: 2.271e-02
2024-09-02 19:11:47,168 -         train_search: [    INFO] - Train: 10 [ 390/390]  Loss: 1.343 (1.42)  Acc@1: 52.5000 (47.7440)  Acc@5: 87.5000 (92.8120)LR: 2.271e-02
2024-09-02 19:11:47,317 -         train_search: [    INFO] - train_acc 47.744000
2024-09-02 19:11:47,626 -         train_search: [    INFO] - Valid: 10 [   0/390]  Loss: 1.322 (1.32)  Acc@1: 57.8125 (57.8125)  Acc@5: 92.1875 (92.1875)
2024-09-02 19:11:51,747 -         train_search: [    INFO] - Valid: 10 [  50/390]  Loss: 1.392 (1.36)  Acc@1: 57.8125 (50.9804)  Acc@5: 92.1875 (93.7194)
2024-09-02 19:11:55,994 -         train_search: [    INFO] - Valid: 10 [ 100/390]  Loss: 1.404 (1.36)  Acc@1: 50.0000 (50.4641)  Acc@5: 89.0625 (93.7655)
2024-09-02 19:12:00,264 -         train_search: [    INFO] - Valid: 10 [ 150/390]  Loss: 1.533 (1.36)  Acc@1: 34.3750 (50.4967)  Acc@5: 95.3125 (93.6258)
2024-09-02 19:12:04,509 -         train_search: [    INFO] - Valid: 10 [ 200/390]  Loss: 1.356 (1.36)  Acc@1: 48.4375 (50.3109)  Acc@5: 89.0625 (93.5868)
2024-09-02 19:12:08,674 -         train_search: [    INFO] - Valid: 10 [ 250/390]  Loss: 1.240 (1.36)  Acc@1: 56.2500 (50.6038)  Acc@5: 92.1875 (93.7189)
2024-09-02 19:12:12,879 -         train_search: [    INFO] - Valid: 10 [ 300/390]  Loss: 1.330 (1.36)  Acc@1: 53.1250 (50.4153)  Acc@5: 92.1875 (93.5164)
2024-09-02 19:12:17,046 -         train_search: [    INFO] - Valid: 10 [ 350/390]  Loss: 1.183 (1.36)  Acc@1: 53.1250 (50.5208)  Acc@5: 100.0000 (93.5497)
2024-09-02 19:12:20,435 -         train_search: [    INFO] - Valid: 10 [ 390/390]  Loss: 1.228 (1.36)  Acc@1: 50.0000 (50.3240)  Acc@5: 92.5000 (93.4800)
2024-09-02 19:12:20,514 -         train_search: [    INFO] - valid_acc 50.324000
2024-09-02 19:12:20,584 -         train_search: [    INFO] - epoch = 10   
 genotype = |nor_conv_3x3~0|+|nor_conv_3x3~0|nor_conv_3x3~1|+|nor_conv_1x1~0|skip_connect~1|nor_conv_3x3~2|
2024-09-02 19:12:20,655 -         train_search: [    INFO] - alphas_normal = 
 tensor([[0.2244, 0.1963, 0.1141, 0.2167, 0.2486],
        [0.2130, 0.1930, 0.1104, 0.2126, 0.2710],
        [0.1866, 0.1624, 0.1123, 0.2274, 0.3113],
        [0.1976, 0.2232, 0.1062, 0.2524, 0.2207],
        [0.2525, 0.2140, 0.1091, 0.2116, 0.2129],
        [0.2039, 0.2038, 0.1141, 0.2176, 0.2606]], device='cuda:0',
       grad_fn=<SoftmaxBackward0>)
2024-09-02 19:12:21,632 -         train_search: [    INFO] - Train: 11 [   0/390]  Loss: 1.581 (1.58)  Acc@1: 35.9375 (35.9375)  Acc@5: 92.1875 (92.1875)LR: 2.225e-02
2024-09-02 19:12:51,504 -         train_search: [    INFO] - Train: 11 [  50/390]  Loss: 1.449 (1.40)  Acc@1: 48.4375 (48.4375)  Acc@5: 90.6250 (92.7083)LR: 2.225e-02
2024-09-02 19:13:21,690 -         train_search: [    INFO] - Train: 11 [ 100/390]  Loss: 1.329 (1.38)  Acc@1: 51.5625 (49.4585)  Acc@5: 96.8750 (92.9146)LR: 2.225e-02
2024-09-02 19:13:51,216 -         train_search: [    INFO] - Train: 11 [ 150/390]  Loss: 1.343 (1.39)  Acc@1: 53.1250 (49.3791)  Acc@5: 95.3125 (92.7773)LR: 2.225e-02
2024-09-02 19:14:20,664 -         train_search: [    INFO] - Train: 11 [ 200/390]  Loss: 1.281 (1.38)  Acc@1: 45.3125 (49.6891)  Acc@5: 92.1875 (92.9960)LR: 2.225e-02
2024-09-02 19:14:49,995 -         train_search: [    INFO] - Train: 11 [ 250/390]  Loss: 1.327 (1.37)  Acc@1: 51.5625 (49.8942)  Acc@5: 98.4375 (93.0341)LR: 2.225e-02
2024-09-02 19:15:19,577 -         train_search: [    INFO] - Train: 11 [ 300/390]  Loss: 1.261 (1.37)  Acc@1: 54.6875 (50.2492)  Acc@5: 95.3125 (93.1946)LR: 2.225e-02
2024-09-02 19:15:49,032 -         train_search: [    INFO] - Train: 11 [ 350/390]  Loss: 1.370 (1.37)  Acc@1: 53.1250 (50.2715)  Acc@5: 92.1875 (93.2870)LR: 2.225e-02
2024-09-02 19:16:12,230 -         train_search: [    INFO] - Train: 11 [ 390/390]  Loss: 1.460 (1.37)  Acc@1: 52.5000 (50.3200)  Acc@5: 85.0000 (93.3320)LR: 2.225e-02
2024-09-02 19:16:12,378 -         train_search: [    INFO] - train_acc 50.320000
2024-09-02 19:16:12,714 -         train_search: [    INFO] - Valid: 11 [   0/390]  Loss: 1.519 (1.52)  Acc@1: 48.4375 (48.4375)  Acc@5: 93.7500 (93.7500)
2024-09-02 19:16:16,844 -         train_search: [    INFO] - Valid: 11 [  50/390]  Loss: 1.414 (1.39)  Acc@1: 39.0625 (48.8358)  Acc@5: 92.1875 (93.6581)
2024-09-02 19:16:20,925 -         train_search: [    INFO] - Valid: 11 [ 100/390]  Loss: 1.438 (1.38)  Acc@1: 48.4375 (50.2630)  Acc@5: 92.1875 (93.2395)
2024-09-02 19:16:25,068 -         train_search: [    INFO] - Valid: 11 [ 150/390]  Loss: 1.339 (1.38)  Acc@1: 57.8125 (50.1449)  Acc@5: 92.1875 (93.0567)
2024-09-02 19:16:29,239 -         train_search: [    INFO] - Valid: 11 [ 200/390]  Loss: 1.483 (1.37)  Acc@1: 53.1250 (50.4198)  Acc@5: 90.6250 (93.0970)
2024-09-02 19:16:33,382 -         train_search: [    INFO] - Valid: 11 [ 250/390]  Loss: 1.310 (1.38)  Acc@1: 54.6875 (50.0125)  Acc@5: 92.1875 (93.0652)
2024-09-02 19:16:37,394 -         train_search: [    INFO] - Valid: 11 [ 300/390]  Loss: 1.451 (1.38)  Acc@1: 48.4375 (49.8858)  Acc@5: 93.7500 (93.1323)
2024-09-02 19:16:41,424 -         train_search: [    INFO] - Valid: 11 [ 350/390]  Loss: 1.398 (1.38)  Acc@1: 54.6875 (50.0801)  Acc@5: 92.1875 (93.1134)
2024-09-02 19:16:44,788 -         train_search: [    INFO] - Valid: 11 [ 390/390]  Loss: 1.403 (1.38)  Acc@1: 52.5000 (49.9280)  Acc@5: 92.5000 (93.0960)
2024-09-02 19:16:44,859 -         train_search: [    INFO] - valid_acc 49.928000
2024-09-02 19:16:44,933 -         train_search: [    INFO] - epoch = 11   
 genotype = |nor_conv_3x3~0|+|nor_conv_3x3~0|nor_conv_3x3~1|+|nor_conv_1x1~0|nor_conv_3x3~1|nor_conv_3x3~2|
2024-09-02 19:16:44,990 -         train_search: [    INFO] - alphas_normal = 
 tensor([[0.2271, 0.1957, 0.1076, 0.2158, 0.2537],
        [0.2144, 0.1920, 0.1038, 0.2121, 0.2777],
        [0.1822, 0.1573, 0.1060, 0.2253, 0.3293],
        [0.1980, 0.2301, 0.0997, 0.2525, 0.2197],
        [0.2592, 0.2143, 0.1014, 0.2103, 0.2148],
        [0.2007, 0.2082, 0.1091, 0.2127, 0.2693]], device='cuda:0',
       grad_fn=<SoftmaxBackward0>)
2024-09-02 19:16:45,954 -         train_search: [    INFO] - Train: 12 [   0/390]  Loss: 1.386 (1.39)  Acc@1: 54.6875 (54.6875)  Acc@5: 93.7500 (93.7500)LR: 2.175e-02
2024-09-02 19:17:16,063 -         train_search: [    INFO] - Train: 12 [  50/390]  Loss: 1.525 (1.34)  Acc@1: 42.1875 (52.6348)  Acc@5: 89.0625 (93.4743)LR: 2.175e-02
2024-09-02 19:17:46,056 -         train_search: [    INFO] - Train: 12 [ 100/390]  Loss: 1.393 (1.33)  Acc@1: 50.0000 (51.7327)  Acc@5: 95.3125 (93.2395)LR: 2.175e-02
2024-09-02 19:18:16,468 -         train_search: [    INFO] - Train: 12 [ 150/390]  Loss: 1.425 (1.34)  Acc@1: 48.4375 (51.2728)  Acc@5: 92.1875 (93.2430)LR: 2.175e-02
2024-09-02 19:18:46,714 -         train_search: [    INFO] - Train: 12 [ 200/390]  Loss: 1.156 (1.32)  Acc@1: 59.3750 (51.8424)  Acc@5: 100.0000 (93.4391)LR: 2.175e-02
2024-09-02 19:19:16,582 -         train_search: [    INFO] - Train: 12 [ 250/390]  Loss: 1.328 (1.32)  Acc@1: 46.8750 (51.8738)  Acc@5: 98.4375 (93.5632)LR: 2.175e-02
2024-09-02 19:19:46,424 -         train_search: [    INFO] - Train: 12 [ 300/390]  Loss: 1.180 (1.32)  Acc@1: 51.5625 (52.0972)  Acc@5: 100.0000 (93.6410)LR: 2.175e-02
2024-09-02 19:20:15,915 -         train_search: [    INFO] - Train: 12 [ 350/390]  Loss: 1.272 (1.31)  Acc@1: 53.1250 (52.4573)  Acc@5: 89.0625 (93.7010)LR: 2.175e-02
2024-09-02 19:20:39,392 -         train_search: [    INFO] - Train: 12 [ 390/390]  Loss: 1.401 (1.31)  Acc@1: 52.5000 (52.5720)  Acc@5: 97.5000 (93.7280)LR: 2.175e-02
2024-09-02 19:20:39,540 -         train_search: [    INFO] - train_acc 52.572000
2024-09-02 19:20:39,849 -         train_search: [    INFO] - Valid: 12 [   0/390]  Loss: 1.332 (1.33)  Acc@1: 60.9375 (60.9375)  Acc@5: 96.8750 (96.8750)
2024-09-02 19:20:44,055 -         train_search: [    INFO] - Valid: 12 [  50/390]  Loss: 1.493 (1.31)  Acc@1: 45.3125 (51.9608)  Acc@5: 95.3125 (93.7806)
2024-09-02 19:20:48,233 -         train_search: [    INFO] - Valid: 12 [ 100/390]  Loss: 1.316 (1.33)  Acc@1: 45.3125 (51.4387)  Acc@5: 95.3125 (93.5334)
2024-09-02 19:20:52,347 -         train_search: [    INFO] - Valid: 12 [ 150/390]  Loss: 1.119 (1.32)  Acc@1: 60.9375 (51.7695)  Acc@5: 96.8750 (93.6776)
2024-09-02 19:20:56,526 -         train_search: [    INFO] - Valid: 12 [ 200/390]  Loss: 1.363 (1.31)  Acc@1: 56.2500 (52.2077)  Acc@5: 87.5000 (93.8200)
2024-09-02 19:21:00,703 -         train_search: [    INFO] - Valid: 12 [ 250/390]  Loss: 1.284 (1.31)  Acc@1: 45.3125 (52.2348)  Acc@5: 92.1875 (93.7189)
2024-09-02 19:21:04,700 -         train_search: [    INFO] - Valid: 12 [ 300/390]  Loss: 1.160 (1.30)  Acc@1: 60.9375 (52.4709)  Acc@5: 93.7500 (93.8798)
2024-09-02 19:21:08,608 -         train_search: [    INFO] - Valid: 12 [ 350/390]  Loss: 1.296 (1.29)  Acc@1: 51.5625 (52.5819)  Acc@5: 93.7500 (94.0126)
2024-09-02 19:21:11,962 -         train_search: [    INFO] - Valid: 12 [ 390/390]  Loss: 1.504 (1.29)  Acc@1: 50.0000 (52.6320)  Acc@5: 85.0000 (94.0600)
2024-09-02 19:21:12,032 -         train_search: [    INFO] - valid_acc 52.632000
2024-09-02 19:21:12,092 -         train_search: [    INFO] - epoch = 12   
 genotype = |nor_conv_3x3~0|+|nor_conv_3x3~0|nor_conv_3x3~1|+|nor_conv_1x1~0|nor_conv_3x3~1|nor_conv_3x3~2|
2024-09-02 19:21:12,158 -         train_search: [    INFO] - alphas_normal = 
 tensor([[0.2304, 0.1944, 0.1014, 0.2153, 0.2586],
        [0.2181, 0.1908, 0.0980, 0.2104, 0.2827],
        [0.1778, 0.1524, 0.1008, 0.2224, 0.3467],
        [0.1988, 0.2313, 0.0935, 0.2539, 0.2225],
        [0.2654, 0.2131, 0.0953, 0.2081, 0.2180],
        [0.1970, 0.2078, 0.1035, 0.2105, 0.2812]], device='cuda:0',
       grad_fn=<SoftmaxBackward0>)
2024-09-02 19:21:13,121 -         train_search: [    INFO] - Train: 13 [   0/390]  Loss: 1.013 (1.01)  Acc@1: 60.9375 (60.9375)  Acc@5: 95.3125 (95.3125)LR: 2.121e-02
2024-09-02 19:21:42,420 -         train_search: [    INFO] - Train: 13 [  50/390]  Loss: 1.291 (1.26)  Acc@1: 54.6875 (54.5037)  Acc@5: 92.1875 (93.9032)LR: 2.121e-02
2024-09-02 19:22:12,604 -         train_search: [    INFO] - Train: 13 [ 100/390]  Loss: 1.392 (1.27)  Acc@1: 51.5625 (54.1306)  Acc@5: 93.7500 (93.8428)LR: 2.121e-02
2024-09-02 19:22:42,947 -         train_search: [    INFO] - Train: 13 [ 150/390]  Loss: 1.376 (1.26)  Acc@1: 56.2500 (54.7599)  Acc@5: 92.1875 (94.0811)LR: 2.121e-02
2024-09-02 19:23:13,095 -         train_search: [    INFO] - Train: 13 [ 200/390]  Loss: 1.261 (1.26)  Acc@1: 64.0625 (54.8274)  Acc@5: 96.8750 (94.2320)LR: 2.121e-02
2024-09-02 19:23:43,231 -         train_search: [    INFO] - Train: 13 [ 250/390]  Loss: 1.180 (1.26)  Acc@1: 56.2500 (54.8058)  Acc@5: 95.3125 (94.2916)LR: 2.121e-02
2024-09-02 19:24:12,887 -         train_search: [    INFO] - Train: 13 [ 300/390]  Loss: 1.178 (1.25)  Acc@1: 56.2500 (54.8536)  Acc@5: 90.6250 (94.3989)LR: 2.121e-02
2024-09-02 19:24:42,279 -         train_search: [    INFO] - Train: 13 [ 350/390]  Loss: 1.196 (1.25)  Acc@1: 54.6875 (54.8478)  Acc@5: 93.7500 (94.3688)LR: 2.121e-02
2024-09-02 19:25:05,711 -         train_search: [    INFO] - Train: 13 [ 390/390]  Loss: 1.264 (1.25)  Acc@1: 57.5000 (54.8240)  Acc@5: 90.0000 (94.4040)LR: 2.121e-02
2024-09-02 19:25:05,861 -         train_search: [    INFO] - train_acc 54.824000
2024-09-02 19:25:06,171 -         train_search: [    INFO] - Valid: 13 [   0/390]  Loss: 1.171 (1.17)  Acc@1: 53.1250 (53.1250)  Acc@5: 93.7500 (93.7500)
2024-09-02 19:25:10,317 -         train_search: [    INFO] - Valid: 13 [  50/390]  Loss: 1.240 (1.20)  Acc@1: 60.9375 (56.4645)  Acc@5: 95.3125 (95.1593)
2024-09-02 19:25:14,480 -         train_search: [    INFO] - Valid: 13 [ 100/390]  Loss: 1.084 (1.21)  Acc@1: 59.3750 (56.4202)  Acc@5: 96.8750 (94.8329)
2024-09-02 19:25:18,659 -         train_search: [    INFO] - Valid: 13 [ 150/390]  Loss: 1.236 (1.21)  Acc@1: 53.1250 (56.1362)  Acc@5: 92.1875 (94.7123)
2024-09-02 19:25:22,809 -         train_search: [    INFO] - Valid: 13 [ 200/390]  Loss: 0.9914 (1.21)  Acc@1: 65.6250 (55.8458)  Acc@5: 95.3125 (94.8850)
2024-09-02 19:25:26,952 -         train_search: [    INFO] - Valid: 13 [ 250/390]  Loss: 1.266 (1.21)  Acc@1: 56.2500 (55.7707)  Acc@5: 93.7500 (94.9390)
2024-09-02 19:25:30,999 -         train_search: [    INFO] - Valid: 13 [ 300/390]  Loss: 1.069 (1.21)  Acc@1: 59.3750 (55.6894)  Acc@5: 96.8750 (94.9387)
2024-09-02 19:25:34,904 -         train_search: [    INFO] - Valid: 13 [ 350/390]  Loss: 1.232 (1.21)  Acc@1: 53.1250 (55.5422)  Acc@5: 93.7500 (94.9386)
2024-09-02 19:25:38,188 -         train_search: [    INFO] - Valid: 13 [ 390/390]  Loss: 0.9016 (1.21)  Acc@1: 72.5000 (55.5960)  Acc@5: 100.0000 (94.9200)
2024-09-02 19:25:38,261 -         train_search: [    INFO] - valid_acc 55.596000
2024-09-02 19:25:38,323 -         train_search: [    INFO] - epoch = 13   
 genotype = |nor_conv_3x3~0|+|nor_conv_3x3~0|nor_conv_3x3~1|+|nor_conv_1x1~0|nor_conv_3x3~1|nor_conv_3x3~2|
2024-09-02 19:25:38,390 -         train_search: [    INFO] - alphas_normal = 
 tensor([[0.2354, 0.1951, 0.0964, 0.2122, 0.2609],
        [0.2207, 0.1886, 0.0924, 0.2089, 0.2894],
        [0.1722, 0.1457, 0.0947, 0.2259, 0.3615],
        [0.1991, 0.2328, 0.0880, 0.2552, 0.2249],
        [0.2729, 0.2113, 0.0890, 0.2071, 0.2196],
        [0.1914, 0.2102, 0.0993, 0.2100, 0.2891]], device='cuda:0',
       grad_fn=<SoftmaxBackward0>)
2024-09-02 19:25:39,418 -         train_search: [    INFO] - Train: 14 [   0/390]  Loss: 0.9653 (0.965)  Acc@1: 54.6875 (54.6875)  Acc@5: 98.4375 (98.4375)LR: 2.065e-02
2024-09-02 19:26:09,047 -         train_search: [    INFO] - Train: 14 [  50/390]  Loss: 0.8938 (1.21)  Acc@1: 67.1875 (56.0968)  Acc@5: 100.0000 (94.6998)LR: 2.065e-02
2024-09-02 19:26:38,694 -         train_search: [    INFO] - Train: 14 [ 100/390]  Loss: 1.119 (1.21)  Acc@1: 54.6875 (56.3738)  Acc@5: 95.3125 (94.7246)LR: 2.065e-02
2024-09-02 19:27:08,345 -         train_search: [    INFO] - Train: 14 [ 150/390]  Loss: 0.9701 (1.20)  Acc@1: 60.9375 (56.5604)  Acc@5: 96.8750 (94.5882)LR: 2.065e-02
2024-09-02 19:27:38,541 -         train_search: [    INFO] - Train: 14 [ 200/390]  Loss: 1.153 (1.20)  Acc@1: 62.5000 (56.7009)  Acc@5: 95.3125 (94.7062)LR: 2.065e-02
2024-09-02 19:28:09,021 -         train_search: [    INFO] - Train: 14 [ 250/390]  Loss: 0.9800 (1.20)  Acc@1: 68.7500 (56.4928)  Acc@5: 92.1875 (94.6900)LR: 2.065e-02
2024-09-02 19:28:39,840 -         train_search: [    INFO] - Train: 14 [ 300/390]  Loss: 1.224 (1.19)  Acc@1: 56.2500 (56.6809)  Acc@5: 93.7500 (94.7882)LR: 2.065e-02
2024-09-02 19:29:09,560 -         train_search: [    INFO] - Train: 14 [ 350/390]  Loss: 1.358 (1.19)  Acc@1: 56.2500 (56.9979)  Acc@5: 93.7500 (94.8006)LR: 2.065e-02
2024-09-02 19:29:33,119 -         train_search: [    INFO] - Train: 14 [ 390/390]  Loss: 1.452 (1.19)  Acc@1: 50.0000 (57.3240)  Acc@5: 92.5000 (94.7680)LR: 2.065e-02
2024-09-02 19:29:33,272 -         train_search: [    INFO] - train_acc 57.324000
2024-09-02 19:29:33,610 -         train_search: [    INFO] - Valid: 14 [   0/390]  Loss: 1.269 (1.27)  Acc@1: 51.5625 (51.5625)  Acc@5: 95.3125 (95.3125)
2024-09-02 19:29:37,791 -         train_search: [    INFO] - Valid: 14 [  50/390]  Loss: 1.115 (1.13)  Acc@1: 57.8125 (58.6397)  Acc@5: 98.4375 (95.8333)
2024-09-02 19:29:41,966 -         train_search: [    INFO] - Valid: 14 [ 100/390]  Loss: 0.9734 (1.13)  Acc@1: 67.1875 (58.7562)  Acc@5: 100.0000 (95.9623)
2024-09-02 19:29:46,153 -         train_search: [    INFO] - Valid: 14 [ 150/390]  Loss: 0.8936 (1.12)  Acc@1: 62.5000 (58.8887)  Acc@5: 98.4375 (95.8816)
2024-09-02 19:29:50,317 -         train_search: [    INFO] - Valid: 14 [ 200/390]  Loss: 1.091 (1.13)  Acc@1: 53.1250 (58.8542)  Acc@5: 95.3125 (95.7789)
2024-09-02 19:29:54,400 -         train_search: [    INFO] - Valid: 14 [ 250/390]  Loss: 1.187 (1.13)  Acc@1: 62.5000 (59.1322)  Acc@5: 96.8750 (95.6922)
2024-09-02 19:29:58,411 -         train_search: [    INFO] - Valid: 14 [ 300/390]  Loss: 1.023 (1.13)  Acc@1: 71.8750 (59.0116)  Acc@5: 96.8750 (95.8160)
2024-09-02 19:30:02,384 -         train_search: [    INFO] - Valid: 14 [ 350/390]  Loss: 1.124 (1.13)  Acc@1: 68.7500 (59.1480)  Acc@5: 93.7500 (95.8066)
2024-09-02 19:30:05,738 -         train_search: [    INFO] - Valid: 14 [ 390/390]  Loss: 1.321 (1.13)  Acc@1: 45.0000 (59.0440)  Acc@5: 95.0000 (95.7560)
2024-09-02 19:30:05,806 -         train_search: [    INFO] - valid_acc 59.044000
2024-09-02 19:30:05,861 -         train_search: [    INFO] - epoch = 14   
 genotype = |nor_conv_3x3~0|+|nor_conv_3x3~0|nor_conv_3x3~1|+|nor_conv_1x1~0|skip_connect~1|nor_conv_3x3~2|
2024-09-02 19:30:05,908 -         train_search: [    INFO] - alphas_normal = 
 tensor([[0.2352, 0.1982, 0.0921, 0.2145, 0.2600],
        [0.2210, 0.1884, 0.0874, 0.2113, 0.2920],
        [0.1688, 0.1420, 0.0895, 0.2239, 0.3759],
        [0.1946, 0.2374, 0.0832, 0.2630, 0.2217],
        [0.2801, 0.2151, 0.0833, 0.2063, 0.2151],
        [0.1882, 0.2134, 0.0944, 0.2116, 0.2924]], device='cuda:0',
       grad_fn=<SoftmaxBackward0>)
2024-09-02 19:30:06,844 -         train_search: [    INFO] - Train: 15 [   0/390]  Loss: 0.9559 (0.956)  Acc@1: 75.0000 (75.0000)  Acc@5: 90.6250 (90.6250)LR: 2.005e-02
2024-09-02 19:30:36,589 -         train_search: [    INFO] - Train: 15 [  50/390]  Loss: 1.032 (1.15)  Acc@1: 60.9375 (59.2525)  Acc@5: 98.4375 (95.2206)LR: 2.005e-02
2024-09-02 19:31:05,586 -         train_search: [    INFO] - Train: 15 [ 100/390]  Loss: 1.312 (1.15)  Acc@1: 53.1250 (59.3595)  Acc@5: 93.7500 (95.2506)LR: 2.005e-02
2024-09-02 19:31:35,039 -         train_search: [    INFO] - Train: 15 [ 150/390]  Loss: 1.194 (1.14)  Acc@1: 54.6875 (59.4578)  Acc@5: 92.1875 (95.4367)LR: 2.005e-02
2024-09-02 19:32:04,197 -         train_search: [    INFO] - Train: 15 [ 200/390]  Loss: 1.105 (1.14)  Acc@1: 57.8125 (59.5149)  Acc@5: 98.4375 (95.3280)LR: 2.005e-02
2024-09-02 19:32:34,357 -         train_search: [    INFO] - Train: 15 [ 250/390]  Loss: 1.475 (1.14)  Acc@1: 45.3125 (59.4559)  Acc@5: 95.3125 (95.3810)LR: 2.005e-02
2024-09-02 19:33:04,394 -         train_search: [    INFO] - Train: 15 [ 300/390]  Loss: 1.212 (1.14)  Acc@1: 60.9375 (59.5359)  Acc@5: 95.3125 (95.4319)LR: 2.005e-02
2024-09-02 19:33:34,873 -         train_search: [    INFO] - Train: 15 [ 350/390]  Loss: 1.180 (1.15)  Acc@1: 59.3750 (59.3705)  Acc@5: 95.3125 (95.4060)LR: 2.005e-02
2024-09-02 19:33:59,084 -         train_search: [    INFO] - Train: 15 [ 390/390]  Loss: 1.225 (1.15)  Acc@1: 62.5000 (59.4160)  Acc@5: 90.0000 (95.3840)LR: 2.005e-02
2024-09-02 19:33:59,227 -         train_search: [    INFO] - train_acc 59.416000
2024-09-02 19:33:59,511 -         train_search: [    INFO] - Valid: 15 [   0/390]  Loss: 1.080 (1.08)  Acc@1: 60.9375 (60.9375)  Acc@5: 98.4375 (98.4375)
2024-09-02 19:34:03,788 -         train_search: [    INFO] - Valid: 15 [  50/390]  Loss: 0.9946 (1.07)  Acc@1: 62.5000 (62.4081)  Acc@5: 98.4375 (96.4767)
2024-09-02 19:34:07,853 -         train_search: [    INFO] - Valid: 15 [ 100/390]  Loss: 1.119 (1.07)  Acc@1: 57.8125 (61.9121)  Acc@5: 98.4375 (96.4573)
2024-09-02 19:34:12,019 -         train_search: [    INFO] - Valid: 15 [ 150/390]  Loss: 1.445 (1.08)  Acc@1: 53.1250 (61.5066)  Acc@5: 92.1875 (96.1714)
2024-09-02 19:34:16,174 -         train_search: [    INFO] - Valid: 15 [ 200/390]  Loss: 1.080 (1.08)  Acc@1: 65.6250 (61.4195)  Acc@5: 96.8750 (96.1054)
2024-09-02 19:34:20,357 -         train_search: [    INFO] - Valid: 15 [ 250/390]  Loss: 1.143 (1.07)  Acc@1: 56.2500 (61.5725)  Acc@5: 92.1875 (96.0782)
2024-09-02 19:34:24,455 -         train_search: [    INFO] - Valid: 15 [ 300/390]  Loss: 1.174 (1.07)  Acc@1: 59.3750 (61.6798)  Acc@5: 95.3125 (96.0600)
2024-09-02 19:34:28,475 -         train_search: [    INFO] - Valid: 15 [ 350/390]  Loss: 0.8796 (1.07)  Acc@1: 67.1875 (61.5162)  Acc@5: 93.7500 (95.9580)
2024-09-02 19:34:31,769 -         train_search: [    INFO] - Valid: 15 [ 390/390]  Loss: 0.9647 (1.07)  Acc@1: 65.0000 (61.5080)  Acc@5: 95.0000 (95.9200)
2024-09-02 19:34:31,840 -         train_search: [    INFO] - valid_acc 61.508000
2024-09-02 19:34:31,909 -         train_search: [    INFO] - epoch = 15   
 genotype = |nor_conv_3x3~0|+|nor_conv_3x3~0|nor_conv_3x3~1|+|nor_conv_1x1~0|skip_connect~1|nor_conv_3x3~2|
2024-09-02 19:34:31,975 -         train_search: [    INFO] - alphas_normal = 
 tensor([[0.2351, 0.1972, 0.0875, 0.2112, 0.2690],
        [0.2237, 0.1863, 0.0825, 0.2084, 0.2990],
        [0.1634, 0.1377, 0.0852, 0.2184, 0.3953],
        [0.1977, 0.2440, 0.0786, 0.2616, 0.2181],
        [0.2849, 0.2176, 0.0786, 0.2049, 0.2140],
        [0.1820, 0.2168, 0.0900, 0.2097, 0.3015]], device='cuda:0',
       grad_fn=<SoftmaxBackward0>)
2024-09-02 19:34:32,989 -         train_search: [    INFO] - Train: 16 [   0/390]  Loss: 0.9213 (0.921)  Acc@1: 71.8750 (71.8750)  Acc@5: 95.3125 (95.3125)LR: 1.943e-02
2024-09-02 19:35:02,444 -         train_search: [    INFO] - Train: 16 [  50/390]  Loss: 0.9575 (1.12)  Acc@1: 65.6250 (59.9877)  Acc@5: 95.3125 (95.1593)LR: 1.943e-02
2024-09-02 19:35:32,063 -         train_search: [    INFO] - Train: 16 [ 100/390]  Loss: 1.172 (1.10)  Acc@1: 57.8125 (61.1696)  Acc@5: 92.1875 (95.2351)LR: 1.943e-02
2024-09-02 19:36:01,506 -         train_search: [    INFO] - Train: 16 [ 150/390]  Loss: 1.197 (1.11)  Acc@1: 53.1250 (60.7616)  Acc@5: 92.1875 (95.4056)LR: 1.943e-02
2024-09-02 19:36:30,815 -         train_search: [    INFO] - Train: 16 [ 200/390]  Loss: 1.198 (1.11)  Acc@1: 65.6250 (60.7665)  Acc@5: 95.3125 (95.4447)LR: 1.943e-02
2024-09-02 19:37:00,393 -         train_search: [    INFO] - Train: 16 [ 250/390]  Loss: 0.8954 (1.11)  Acc@1: 68.7500 (60.4208)  Acc@5: 98.4375 (95.5553)LR: 1.943e-02
2024-09-02 19:37:29,926 -         train_search: [    INFO] - Train: 16 [ 300/390]  Loss: 1.038 (1.11)  Acc@1: 67.1875 (60.4028)  Acc@5: 98.4375 (95.5824)LR: 1.943e-02
2024-09-02 19:38:00,387 -         train_search: [    INFO] - Train: 16 [ 350/390]  Loss: 0.9750 (1.11)  Acc@1: 67.1875 (60.5369)  Acc@5: 93.7500 (95.6330)LR: 1.943e-02
2024-09-02 19:38:24,449 -         train_search: [    INFO] - Train: 16 [ 390/390]  Loss: 1.267 (1.11)  Acc@1: 50.0000 (60.5960)  Acc@5: 90.0000 (95.6400)LR: 1.943e-02
2024-09-02 19:38:24,613 -         train_search: [    INFO] - train_acc 60.596000
2024-09-02 19:38:24,934 -         train_search: [    INFO] - Valid: 16 [   0/390]  Loss: 1.114 (1.11)  Acc@1: 57.8125 (57.8125)  Acc@5: 95.3125 (95.3125)
2024-09-02 19:38:29,103 -         train_search: [    INFO] - Valid: 16 [  50/390]  Loss: 0.9906 (1.04)  Acc@1: 56.2500 (62.9289)  Acc@5: 100.0000 (95.9865)
2024-09-02 19:38:33,371 -         train_search: [    INFO] - Valid: 16 [ 100/390]  Loss: 1.312 (1.07)  Acc@1: 53.1250 (62.2215)  Acc@5: 98.4375 (95.9158)
2024-09-02 19:38:37,606 -         train_search: [    INFO] - Valid: 16 [ 150/390]  Loss: 1.183 (1.07)  Acc@1: 57.8125 (62.4276)  Acc@5: 93.7500 (95.9954)
2024-09-02 19:38:41,970 -         train_search: [    INFO] - Valid: 16 [ 200/390]  Loss: 1.106 (1.07)  Acc@1: 59.3750 (62.1735)  Acc@5: 96.8750 (96.1210)
2024-09-02 19:38:46,363 -         train_search: [    INFO] - Valid: 16 [ 250/390]  Loss: 0.9651 (1.07)  Acc@1: 65.6250 (62.0705)  Acc@5: 95.3125 (96.1093)
2024-09-02 19:38:50,433 -         train_search: [    INFO] - Valid: 16 [ 300/390]  Loss: 1.054 (1.06)  Acc@1: 64.0625 (62.1678)  Acc@5: 98.4375 (96.1898)
2024-09-02 19:38:54,573 -         train_search: [    INFO] - Valid: 16 [ 350/390]  Loss: 1.146 (1.06)  Acc@1: 65.6250 (62.2997)  Acc@5: 84.3750 (96.1316)
2024-09-02 19:38:57,898 -         train_search: [    INFO] - Valid: 16 [ 390/390]  Loss: 1.370 (1.06)  Acc@1: 55.0000 (62.3320)  Acc@5: 92.5000 (96.1120)
2024-09-02 19:38:57,964 -         train_search: [    INFO] - valid_acc 62.332000
2024-09-02 19:38:58,046 -         train_search: [    INFO] - epoch = 16   
 genotype = |nor_conv_3x3~0|+|nor_conv_3x3~0|nor_conv_3x3~1|+|nor_conv_1x1~0|skip_connect~1|nor_conv_3x3~2|
2024-09-02 19:38:58,115 -         train_search: [    INFO] - alphas_normal = 
 tensor([[0.2383, 0.1970, 0.0835, 0.2078, 0.2735],
        [0.2247, 0.1853, 0.0792, 0.2081, 0.3026],
        [0.1615, 0.1344, 0.0815, 0.2140, 0.4085],
        [0.1983, 0.2477, 0.0752, 0.2626, 0.2162],
        [0.2907, 0.2164, 0.0744, 0.2052, 0.2132],
        [0.1784, 0.2142, 0.0855, 0.2092, 0.3127]], device='cuda:0',
       grad_fn=<SoftmaxBackward0>)
2024-09-02 19:38:59,143 -         train_search: [    INFO] - Train: 17 [   0/390]  Loss: 1.159 (1.16)  Acc@1: 62.5000 (62.5000)  Acc@5: 90.6250 (90.6250)LR: 1.878e-02
2024-09-02 19:39:28,964 -         train_search: [    INFO] - Train: 17 [  50/390]  Loss: 1.294 (1.11)  Acc@1: 57.8125 (61.4277)  Acc@5: 93.7500 (95.0674)LR: 1.878e-02
2024-09-02 19:39:58,809 -         train_search: [    INFO] - Train: 17 [ 100/390]  Loss: 0.9070 (1.10)  Acc@1: 67.1875 (61.3243)  Acc@5: 98.4375 (95.2351)LR: 1.878e-02
2024-09-02 19:40:28,391 -         train_search: [    INFO] - Train: 17 [ 150/390]  Loss: 1.112 (1.09)  Acc@1: 56.2500 (61.4342)  Acc@5: 96.8750 (95.4781)LR: 1.878e-02
2024-09-02 19:40:57,728 -         train_search: [    INFO] - Train: 17 [ 200/390]  Loss: 1.134 (1.08)  Acc@1: 60.9375 (61.5361)  Acc@5: 96.8750 (95.5302)LR: 1.878e-02
2024-09-02 19:41:27,513 -         train_search: [    INFO] - Train: 17 [ 250/390]  Loss: 0.9560 (1.08)  Acc@1: 67.1875 (61.6845)  Acc@5: 100.0000 (95.6113)LR: 1.878e-02
2024-09-02 19:41:56,863 -         train_search: [    INFO] - Train: 17 [ 300/390]  Loss: 1.128 (1.08)  Acc@1: 59.3750 (61.6694)  Acc@5: 92.1875 (95.6032)LR: 1.878e-02
2024-09-02 19:42:26,556 -         train_search: [    INFO] - Train: 17 [ 350/390]  Loss: 0.9656 (1.08)  Acc@1: 57.8125 (61.7877)  Acc@5: 95.3125 (95.6464)LR: 1.878e-02
2024-09-02 19:42:50,921 -         train_search: [    INFO] - Train: 17 [ 390/390]  Loss: 1.016 (1.07)  Acc@1: 62.5000 (61.8880)  Acc@5: 95.0000 (95.7200)LR: 1.878e-02
2024-09-02 19:42:51,077 -         train_search: [    INFO] - train_acc 61.888000
2024-09-02 19:42:51,386 -         train_search: [    INFO] - Valid: 17 [   0/390]  Loss: 0.8518 (0.852)  Acc@1: 68.7500 (68.7500)  Acc@5: 98.4375 (98.4375)
2024-09-02 19:42:55,699 -         train_search: [    INFO] - Valid: 17 [  50/390]  Loss: 0.8568 (1.03)  Acc@1: 65.6250 (62.8983)  Acc@5: 100.0000 (96.1397)
2024-09-02 19:42:59,879 -         train_search: [    INFO] - Valid: 17 [ 100/390]  Loss: 1.100 (1.02)  Acc@1: 59.3750 (63.3354)  Acc@5: 95.3125 (96.2098)
2024-09-02 19:43:04,123 -         train_search: [    INFO] - Valid: 17 [ 150/390]  Loss: 0.8308 (1.02)  Acc@1: 70.3125 (63.6486)  Acc@5: 95.3125 (96.2231)
2024-09-02 19:43:08,315 -         train_search: [    INFO] - Valid: 17 [ 200/390]  Loss: 0.9713 (1.01)  Acc@1: 64.0625 (63.9459)  Acc@5: 100.0000 (96.3153)
2024-09-02 19:43:12,606 -         train_search: [    INFO] - Valid: 17 [ 250/390]  Loss: 1.065 (1.01)  Acc@1: 64.0625 (63.9069)  Acc@5: 95.3125 (96.3396)
2024-09-02 19:43:16,698 -         train_search: [    INFO] - Valid: 17 [ 300/390]  Loss: 1.207 (1.01)  Acc@1: 57.8125 (64.0002)  Acc@5: 95.3125 (96.3455)
2024-09-02 19:43:20,857 -         train_search: [    INFO] - Valid: 17 [ 350/390]  Loss: 1.370 (1.01)  Acc@1: 54.6875 (64.0491)  Acc@5: 90.6250 (96.3853)
2024-09-02 19:43:24,291 -         train_search: [    INFO] - Valid: 17 [ 390/390]  Loss: 0.8994 (1.02)  Acc@1: 65.0000 (63.9840)  Acc@5: 100.0000 (96.4080)
2024-09-02 19:43:24,365 -         train_search: [    INFO] - valid_acc 63.984000
2024-09-02 19:43:24,424 -         train_search: [    INFO] - epoch = 17   
 genotype = |nor_conv_3x3~0|+|nor_conv_3x3~0|nor_conv_3x3~1|+|nor_conv_1x1~0|skip_connect~1|nor_conv_3x3~2|
2024-09-02 19:43:24,483 -         train_search: [    INFO] - alphas_normal = 
 tensor([[0.2409, 0.1960, 0.0800, 0.2042, 0.2789],
        [0.2274, 0.1826, 0.0757, 0.2066, 0.3077],
        [0.1586, 0.1307, 0.0780, 0.2095, 0.4233],
        [0.1988, 0.2515, 0.0723, 0.2637, 0.2138],
        [0.2956, 0.2154, 0.0710, 0.2038, 0.2141],
        [0.1752, 0.2129, 0.0818, 0.2085, 0.3216]], device='cuda:0',
       grad_fn=<SoftmaxBackward0>)
2024-09-02 19:43:25,628 -         train_search: [    INFO] - Train: 18 [   0/390]  Loss: 1.186 (1.19)  Acc@1: 60.9375 (60.9375)  Acc@5: 92.1875 (92.1875)LR: 1.811e-02
2024-09-02 19:43:56,125 -         train_search: [    INFO] - Train: 18 [  50/390]  Loss: 1.002 (1.01)  Acc@1: 67.1875 (65.1654)  Acc@5: 96.8750 (96.2929)LR: 1.811e-02
2024-09-02 19:44:25,848 -         train_search: [    INFO] - Train: 18 [ 100/390]  Loss: 1.191 (1.02)  Acc@1: 57.8125 (64.5266)  Acc@5: 96.8750 (96.4418)LR: 1.811e-02
2024-09-02 19:44:55,538 -         train_search: [    INFO] - Train: 18 [ 150/390]  Loss: 0.9135 (1.02)  Acc@1: 65.6250 (64.1970)  Acc@5: 98.4375 (96.3576)LR: 1.811e-02
2024-09-02 19:45:25,290 -         train_search: [    INFO] - Train: 18 [ 200/390]  Loss: 1.249 (1.03)  Acc@1: 51.5625 (63.6583)  Acc@5: 96.8750 (96.2998)LR: 1.811e-02
2024-09-02 19:45:55,389 -         train_search: [    INFO] - Train: 18 [ 250/390]  Loss: 1.125 (1.03)  Acc@1: 62.5000 (63.5956)  Acc@5: 95.3125 (96.2649)LR: 1.811e-02
2024-09-02 19:46:24,624 -         train_search: [    INFO] - Train: 18 [ 300/390]  Loss: 1.002 (1.03)  Acc@1: 67.1875 (63.7770)  Acc@5: 98.4375 (96.3559)LR: 1.811e-02
2024-09-02 19:46:54,165 -         train_search: [    INFO] - Train: 18 [ 350/390]  Loss: 0.9330 (1.03)  Acc@1: 68.7500 (63.7242)  Acc@5: 95.3125 (96.3319)LR: 1.811e-02
2024-09-02 19:47:17,537 -         train_search: [    INFO] - Train: 18 [ 390/390]  Loss: 0.9857 (1.03)  Acc@1: 62.5000 (63.6960)  Acc@5: 97.5000 (96.3920)LR: 1.811e-02
2024-09-02 19:47:17,697 -         train_search: [    INFO] - train_acc 63.696000
2024-09-02 19:47:18,014 -         train_search: [    INFO] - Valid: 18 [   0/390]  Loss: 1.088 (1.09)  Acc@1: 57.8125 (57.8125)  Acc@5: 95.3125 (95.3125)
2024-09-02 19:47:22,225 -         train_search: [    INFO] - Valid: 18 [  50/390]  Loss: 1.264 (1.02)  Acc@1: 54.6875 (63.7255)  Acc@5: 90.6250 (96.4461)
2024-09-02 19:47:26,349 -         train_search: [    INFO] - Valid: 18 [ 100/390]  Loss: 0.9651 (1.02)  Acc@1: 71.8750 (64.2327)  Acc@5: 96.8750 (96.2717)
2024-09-02 19:47:30,513 -         train_search: [    INFO] - Valid: 18 [ 150/390]  Loss: 1.142 (1.01)  Acc@1: 59.3750 (64.3729)  Acc@5: 96.8750 (96.3680)
2024-09-02 19:47:34,669 -         train_search: [    INFO] - Valid: 18 [ 200/390]  Loss: 1.022 (0.997)  Acc@1: 62.5000 (64.9254)  Acc@5: 96.8750 (96.5718)
2024-09-02 19:47:38,974 -         train_search: [    INFO] - Valid: 18 [ 250/390]  Loss: 0.7966 (0.992)  Acc@1: 71.8750 (65.0461)  Acc@5: 98.4375 (96.7256)
2024-09-02 19:47:42,954 -         train_search: [    INFO] - Valid: 18 [ 300/390]  Loss: 1.091 (0.990)  Acc@1: 59.3750 (65.1941)  Acc@5: 95.3125 (96.6362)
2024-09-02 19:47:47,161 -         train_search: [    INFO] - Valid: 18 [ 350/390]  Loss: 0.9046 (0.990)  Acc@1: 67.1875 (65.2155)  Acc@5: 95.3125 (96.6079)
2024-09-02 19:47:50,592 -         train_search: [    INFO] - Valid: 18 [ 390/390]  Loss: 1.102 (0.989)  Acc@1: 62.5000 (65.1680)  Acc@5: 97.5000 (96.6480)
2024-09-02 19:47:50,668 -         train_search: [    INFO] - valid_acc 65.168000
2024-09-02 19:47:50,742 -         train_search: [    INFO] - epoch = 18   
 genotype = |nor_conv_3x3~0|+|nor_conv_3x3~0|nor_conv_3x3~1|+|nor_conv_1x1~0|nor_conv_3x3~1|nor_conv_3x3~2|
2024-09-02 19:47:50,812 -         train_search: [    INFO] - alphas_normal = 
 tensor([[0.2414, 0.1937, 0.0765, 0.2035, 0.2850],
        [0.2300, 0.1821, 0.0727, 0.2054, 0.3099],
        [0.1561, 0.1279, 0.0750, 0.2039, 0.4372],
        [0.1986, 0.2548, 0.0691, 0.2654, 0.2122],
        [0.2992, 0.2159, 0.0681, 0.2007, 0.2162],
        [0.1733, 0.2116, 0.0784, 0.2080, 0.3288]], device='cuda:0',
       grad_fn=<SoftmaxBackward0>)
2024-09-02 19:47:51,834 -         train_search: [    INFO] - Train: 19 [   0/390]  Loss: 1.175 (1.17)  Acc@1: 54.6875 (54.6875)  Acc@5: 93.7500 (93.7500)LR: 1.742e-02
2024-09-02 19:48:21,927 -         train_search: [    INFO] - Train: 19 [  50/390]  Loss: 1.159 (1.01)  Acc@1: 56.2500 (65.0123)  Acc@5: 93.7500 (96.2316)LR: 1.742e-02
2024-09-02 19:48:51,909 -         train_search: [    INFO] - Train: 19 [ 100/390]  Loss: 0.9877 (0.991)  Acc@1: 64.0625 (65.7178)  Acc@5: 98.4375 (96.3181)LR: 1.742e-02
2024-09-02 19:49:21,934 -         train_search: [    INFO] - Train: 19 [ 150/390]  Loss: 1.164 (0.988)  Acc@1: 59.3750 (65.8423)  Acc@5: 96.8750 (96.2955)LR: 1.742e-02
2024-09-02 19:49:51,616 -         train_search: [    INFO] - Train: 19 [ 200/390]  Loss: 0.9124 (0.983)  Acc@1: 67.1875 (65.9515)  Acc@5: 96.8750 (96.4397)LR: 1.742e-02
2024-09-02 19:50:21,283 -         train_search: [    INFO] - Train: 19 [ 250/390]  Loss: 1.131 (0.989)  Acc@1: 56.2500 (65.5565)  Acc@5: 92.1875 (96.3521)LR: 1.742e-02
2024-09-02 19:50:50,975 -         train_search: [    INFO] - Train: 19 [ 300/390]  Loss: 1.232 (0.989)  Acc@1: 67.1875 (65.6250)  Acc@5: 93.7500 (96.3819)LR: 1.742e-02
2024-09-02 19:51:20,575 -         train_search: [    INFO] - Train: 19 [ 350/390]  Loss: 0.9886 (0.986)  Acc@1: 67.1875 (65.6873)  Acc@5: 96.8750 (96.4432)LR: 1.742e-02
2024-09-02 19:51:44,175 -         train_search: [    INFO] - Train: 19 [ 390/390]  Loss: 1.061 (0.985)  Acc@1: 65.0000 (65.6880)  Acc@5: 95.0000 (96.4680)LR: 1.742e-02
2024-09-02 19:51:44,324 -         train_search: [    INFO] - train_acc 65.688000
2024-09-02 19:51:44,663 -         train_search: [    INFO] - Valid: 19 [   0/390]  Loss: 0.8817 (0.882)  Acc@1: 68.7500 (68.7500)  Acc@5: 98.4375 (98.4375)
2024-09-02 19:51:48,827 -         train_search: [    INFO] - Valid: 19 [  50/390]  Loss: 0.9751 (0.930)  Acc@1: 68.7500 (67.0956)  Acc@5: 95.3125 (96.8137)
2024-09-02 19:51:52,982 -         train_search: [    INFO] - Valid: 19 [ 100/390]  Loss: 1.251 (0.946)  Acc@1: 57.8125 (66.8781)  Acc@5: 95.3125 (96.6584)
2024-09-02 19:51:57,159 -         train_search: [    INFO] - Valid: 19 [ 150/390]  Loss: 0.9677 (0.941)  Acc@1: 68.7500 (67.1151)  Acc@5: 96.8750 (96.8233)
2024-09-02 19:52:01,346 -         train_search: [    INFO] - Valid: 19 [ 200/390]  Loss: 0.9332 (0.939)  Acc@1: 71.8750 (67.2808)  Acc@5: 95.3125 (96.7506)
2024-09-02 19:52:05,544 -         train_search: [    INFO] - Valid: 19 [ 250/390]  Loss: 0.9552 (0.935)  Acc@1: 70.3125 (67.5548)  Acc@5: 95.3125 (96.8501)
2024-09-02 19:52:09,412 -         train_search: [    INFO] - Valid: 19 [ 300/390]  Loss: 0.9934 (0.936)  Acc@1: 64.0625 (67.5664)  Acc@5: 96.8750 (96.9113)
2024-09-02 19:52:13,480 -         train_search: [    INFO] - Valid: 19 [ 350/390]  Loss: 0.8511 (0.933)  Acc@1: 71.8750 (67.5525)  Acc@5: 96.8750 (96.9418)
2024-09-02 19:52:16,770 -         train_search: [    INFO] - Valid: 19 [ 390/390]  Loss: 0.7682 (0.932)  Acc@1: 75.0000 (67.4720)  Acc@5: 97.5000 (97.0040)
2024-09-02 19:52:16,850 -         train_search: [    INFO] - valid_acc 67.472000
2024-09-02 19:52:16,921 -         train_search: [    INFO] - epoch = 19   
 genotype = |nor_conv_3x3~0|+|nor_conv_3x3~0|nor_conv_3x3~1|+|nor_conv_1x1~0|nor_conv_3x3~1|nor_conv_3x3~2|
2024-09-02 19:52:16,985 -         train_search: [    INFO] - alphas_normal = 
 tensor([[0.2439, 0.1929, 0.0737, 0.2006, 0.2889],
        [0.2351, 0.1831, 0.0706, 0.2025, 0.3088],
        [0.1524, 0.1244, 0.0722, 0.1993, 0.4517],
        [0.1998, 0.2598, 0.0666, 0.2638, 0.2099],
        [0.3037, 0.2139, 0.0652, 0.2018, 0.2154],
        [0.1710, 0.2103, 0.0756, 0.2083, 0.3348]], device='cuda:0',
       grad_fn=<SoftmaxBackward0>)
2024-09-02 19:52:17,954 -         train_search: [    INFO] - Train: 20 [   0/390]  Loss: 1.093 (1.09)  Acc@1: 60.9375 (60.9375)  Acc@5: 98.4375 (98.4375)LR: 1.671e-02
2024-09-02 19:52:47,190 -         train_search: [    INFO] - Train: 20 [  50/390]  Loss: 1.068 (0.950)  Acc@1: 59.3750 (66.6973)  Acc@5: 93.7500 (97.2426)LR: 1.671e-02
2024-09-02 19:53:17,597 -         train_search: [    INFO] - Train: 20 [ 100/390]  Loss: 1.359 (0.968)  Acc@1: 53.1250 (65.8416)  Acc@5: 90.6250 (96.9988)LR: 1.671e-02
2024-09-02 19:53:47,704 -         train_search: [    INFO] - Train: 20 [ 150/390]  Loss: 1.260 (0.970)  Acc@1: 48.4375 (65.9665)  Acc@5: 93.7500 (96.9992)LR: 1.671e-02
2024-09-02 19:54:18,147 -         train_search: [    INFO] - Train: 20 [ 200/390]  Loss: 0.6909 (0.969)  Acc@1: 78.1250 (66.1692)  Acc@5: 96.8750 (96.9450)LR: 1.671e-02
2024-09-02 19:54:48,007 -         train_search: [    INFO] - Train: 20 [ 250/390]  Loss: 0.9513 (0.968)  Acc@1: 64.0625 (66.1604)  Acc@5: 93.7500 (96.8999)LR: 1.671e-02
2024-09-02 19:55:17,781 -         train_search: [    INFO] - Train: 20 [ 300/390]  Loss: 0.9898 (0.960)  Acc@1: 67.1875 (66.3569)  Acc@5: 98.4375 (96.9684)LR: 1.671e-02
2024-09-02 19:55:46,955 -         train_search: [    INFO] - Train: 20 [ 350/390]  Loss: 0.7357 (0.962)  Acc@1: 75.0000 (66.3373)  Acc@5: 100.0000 (96.9640)LR: 1.671e-02
2024-09-02 19:56:10,299 -         train_search: [    INFO] - Train: 20 [ 390/390]  Loss: 0.9476 (0.961)  Acc@1: 70.0000 (66.3480)  Acc@5: 97.5000 (96.9360)LR: 1.671e-02
2024-09-02 19:56:10,447 -         train_search: [    INFO] - train_acc 66.348000
2024-09-02 19:56:10,787 -         train_search: [    INFO] - Valid: 20 [   0/390]  Loss: 0.8424 (0.842)  Acc@1: 73.4375 (73.4375)  Acc@5: 95.3125 (95.3125)
2024-09-02 19:56:14,934 -         train_search: [    INFO] - Valid: 20 [  50/390]  Loss: 0.9067 (0.926)  Acc@1: 68.7500 (67.7083)  Acc@5: 96.8750 (97.2120)
2024-09-02 19:56:19,021 -         train_search: [    INFO] - Valid: 20 [ 100/390]  Loss: 0.9238 (0.913)  Acc@1: 70.3125 (68.3942)  Acc@5: 96.8750 (97.1380)
2024-09-02 19:56:23,178 -         train_search: [    INFO] - Valid: 20 [ 150/390]  Loss: 1.012 (0.916)  Acc@1: 65.6250 (68.3361)  Acc@5: 100.0000 (97.3200)
2024-09-02 19:56:27,360 -         train_search: [    INFO] - Valid: 20 [ 200/390]  Loss: 0.8165 (0.902)  Acc@1: 67.1875 (68.5868)  Acc@5: 96.8750 (97.4347)
2024-09-02 19:56:31,517 -         train_search: [    INFO] - Valid: 20 [ 250/390]  Loss: 1.063 (0.904)  Acc@1: 60.9375 (68.3329)  Acc@5: 95.3125 (97.4664)
2024-09-02 19:56:35,500 -         train_search: [    INFO] - Valid: 20 [ 300/390]  Loss: 0.8051 (0.905)  Acc@1: 71.8750 (68.2465)  Acc@5: 100.0000 (97.4408)
2024-09-02 19:56:39,560 -         train_search: [    INFO] - Valid: 20 [ 350/390]  Loss: 0.9889 (0.906)  Acc@1: 62.5000 (68.2158)  Acc@5: 98.4375 (97.3825)
2024-09-02 19:56:42,876 -         train_search: [    INFO] - Valid: 20 [ 390/390]  Loss: 0.9409 (0.904)  Acc@1: 65.0000 (68.3320)  Acc@5: 97.5000 (97.4000)
2024-09-02 19:56:42,951 -         train_search: [    INFO] - valid_acc 68.332000
2024-09-02 19:56:43,021 -         train_search: [    INFO] - epoch = 20   
 genotype = |nor_conv_3x3~0|+|nor_conv_3x3~0|nor_conv_3x3~1|+|nor_conv_1x1~0|nor_conv_3x3~1|nor_conv_3x3~2|
2024-09-02 19:56:43,081 -         train_search: [    INFO] - alphas_normal = 
 tensor([[0.2467, 0.1905, 0.0714, 0.1993, 0.2920],
        [0.2382, 0.1807, 0.0685, 0.2006, 0.3119],
        [0.1504, 0.1215, 0.0698, 0.1927, 0.4655],
        [0.1998, 0.2586, 0.0645, 0.2668, 0.2103],
        [0.3088, 0.2121, 0.0628, 0.2005, 0.2157],
        [0.1684, 0.2065, 0.0729, 0.2090, 0.3432]], device='cuda:0',
       grad_fn=<SoftmaxBackward0>)
2024-09-02 19:56:44,114 -         train_search: [    INFO] - Train: 21 [   0/390]  Loss: 0.9628 (0.963)  Acc@1: 64.0625 (64.0625)  Acc@5: 98.4375 (98.4375)LR: 1.598e-02
2024-09-02 19:57:13,966 -         train_search: [    INFO] - Train: 21 [  50/390]  Loss: 1.097 (0.928)  Acc@1: 65.6250 (66.9118)  Acc@5: 92.1875 (96.9975)LR: 1.598e-02
2024-09-02 19:57:43,782 -         train_search: [    INFO] - Train: 21 [ 100/390]  Loss: 0.8532 (0.930)  Acc@1: 73.4375 (67.0019)  Acc@5: 96.8750 (97.1071)LR: 1.598e-02
2024-09-02 19:58:13,971 -         train_search: [    INFO] - Train: 21 [ 150/390]  Loss: 1.030 (0.920)  Acc@1: 62.5000 (67.5083)  Acc@5: 96.8750 (97.1854)LR: 1.598e-02
2024-09-02 19:58:44,482 -         train_search: [    INFO] - Train: 21 [ 200/390]  Loss: 0.8628 (0.922)  Acc@1: 68.7500 (67.5606)  Acc@5: 95.3125 (97.0927)LR: 1.598e-02
2024-09-02 19:59:14,828 -         train_search: [    INFO] - Train: 21 [ 250/390]  Loss: 0.7823 (0.928)  Acc@1: 71.8750 (67.3618)  Acc@5: 96.8750 (97.0742)LR: 1.598e-02
2024-09-02 19:59:44,481 -         train_search: [    INFO] - Train: 21 [ 300/390]  Loss: 1.171 (0.929)  Acc@1: 60.9375 (67.3796)  Acc@5: 96.8750 (97.0203)LR: 1.598e-02
2024-09-02 20:00:13,537 -         train_search: [    INFO] - Train: 21 [ 350/390]  Loss: 0.9807 (0.924)  Acc@1: 67.1875 (67.3478)  Acc@5: 96.8750 (97.0353)LR: 1.598e-02
2024-09-02 20:00:36,731 -         train_search: [    INFO] - Train: 21 [ 390/390]  Loss: 0.8362 (0.921)  Acc@1: 65.0000 (67.5440)  Acc@5: 100.0000 (97.0520)LR: 1.598e-02
2024-09-02 20:00:36,881 -         train_search: [    INFO] - train_acc 67.544000
2024-09-02 20:00:37,215 -         train_search: [    INFO] - Valid: 21 [   0/390]  Loss: 0.7105 (0.711)  Acc@1: 75.0000 (75.0000)  Acc@5: 100.0000 (100.0000)
2024-09-02 20:00:41,352 -         train_search: [    INFO] - Valid: 21 [  50/390]  Loss: 0.7977 (0.884)  Acc@1: 75.0000 (69.5466)  Acc@5: 98.4375 (97.4571)
2024-09-02 20:00:45,541 -         train_search: [    INFO] - Valid: 21 [ 100/390]  Loss: 0.7938 (0.881)  Acc@1: 76.5625 (69.4616)  Acc@5: 98.4375 (97.4474)
2024-09-02 20:00:49,704 -         train_search: [    INFO] - Valid: 21 [ 150/390]  Loss: 0.8725 (0.876)  Acc@1: 71.8750 (69.3502)  Acc@5: 98.4375 (97.5373)
2024-09-02 20:00:53,864 -         train_search: [    INFO] - Valid: 21 [ 200/390]  Loss: 0.8930 (0.875)  Acc@1: 71.8750 (69.3408)  Acc@5: 96.8750 (97.4969)
2024-09-02 20:00:58,005 -         train_search: [    INFO] - Valid: 21 [ 250/390]  Loss: 0.8424 (0.880)  Acc@1: 71.8750 (69.2231)  Acc@5: 96.8750 (97.4851)
2024-09-02 20:01:02,129 -         train_search: [    INFO] - Valid: 21 [ 300/390]  Loss: 1.199 (0.884)  Acc@1: 56.2500 (69.0044)  Acc@5: 93.7500 (97.5187)
2024-09-02 20:01:06,079 -         train_search: [    INFO] - Valid: 21 [ 350/390]  Loss: 0.6837 (0.886)  Acc@1: 76.5625 (68.9637)  Acc@5: 100.0000 (97.4760)
2024-09-02 20:01:09,407 -         train_search: [    INFO] - Valid: 21 [ 390/390]  Loss: 0.9784 (0.890)  Acc@1: 70.0000 (68.8560)  Acc@5: 97.5000 (97.4720)
2024-09-02 20:01:09,476 -         train_search: [    INFO] - valid_acc 68.856000
2024-09-02 20:01:09,556 -         train_search: [    INFO] - epoch = 21   
 genotype = |nor_conv_3x3~0|+|nor_conv_3x3~0|nor_conv_3x3~1|+|nor_conv_1x1~0|nor_conv_3x3~1|nor_conv_3x3~2|
2024-09-02 20:01:09,624 -         train_search: [    INFO] - alphas_normal = 
 tensor([[0.2489, 0.1896, 0.0689, 0.1989, 0.2936],
        [0.2409, 0.1806, 0.0668, 0.1997, 0.3121],
        [0.1484, 0.1189, 0.0675, 0.1886, 0.4766],
        [0.2002, 0.2622, 0.0628, 0.2673, 0.2075],
        [0.3133, 0.2103, 0.0606, 0.1997, 0.2160],
        [0.1679, 0.2054, 0.0710, 0.2079, 0.3478]], device='cuda:0',
       grad_fn=<SoftmaxBackward0>)
2024-09-02 20:01:10,627 -         train_search: [    INFO] - Train: 22 [   0/390]  Loss: 0.6978 (0.698)  Acc@1: 67.1875 (67.1875)  Acc@5: 100.0000 (100.0000)LR: 1.525e-02
2024-09-02 20:01:40,248 -         train_search: [    INFO] - Train: 22 [  50/390]  Loss: 1.110 (0.908)  Acc@1: 64.0625 (68.1985)  Acc@5: 93.7500 (97.3958)LR: 1.525e-02
2024-09-02 20:02:09,835 -         train_search: [    INFO] - Train: 22 [ 100/390]  Loss: 0.8802 (0.909)  Acc@1: 68.7500 (68.0229)  Acc@5: 100.0000 (97.0297)LR: 1.525e-02
2024-09-02 20:02:39,477 -         train_search: [    INFO] - Train: 22 [ 150/390]  Loss: 1.040 (0.899)  Acc@1: 59.3750 (68.1705)  Acc@5: 98.4375 (97.1958)LR: 1.525e-02
2024-09-02 20:03:09,022 -         train_search: [    INFO] - Train: 22 [ 200/390]  Loss: 0.7936 (0.901)  Acc@1: 70.3125 (68.1281)  Acc@5: 96.8750 (97.1782)LR: 1.525e-02
2024-09-02 20:03:39,413 -         train_search: [    INFO] - Train: 22 [ 250/390]  Loss: 0.9488 (0.896)  Acc@1: 71.8750 (68.2520)  Acc@5: 93.7500 (97.2485)LR: 1.525e-02
2024-09-02 20:04:09,840 -         train_search: [    INFO] - Train: 22 [ 300/390]  Loss: 0.7052 (0.892)  Acc@1: 73.4375 (68.5216)  Acc@5: 96.8750 (97.3422)LR: 1.525e-02
2024-09-02 20:04:39,991 -         train_search: [    INFO] - Train: 22 [ 350/390]  Loss: 1.071 (0.889)  Acc@1: 60.9375 (68.6699)  Acc@5: 95.3125 (97.2845)LR: 1.525e-02
2024-09-02 20:05:03,320 -         train_search: [    INFO] - Train: 22 [ 390/390]  Loss: 0.4604 (0.895)  Acc@1: 90.0000 (68.4760)  Acc@5: 100.0000 (97.3000)LR: 1.525e-02
2024-09-02 20:05:03,469 -         train_search: [    INFO] - train_acc 68.476000
2024-09-02 20:05:03,806 -         train_search: [    INFO] - Valid: 22 [   0/390]  Loss: 0.8004 (0.800)  Acc@1: 75.0000 (75.0000)  Acc@5: 98.4375 (98.4375)
2024-09-02 20:05:07,965 -         train_search: [    INFO] - Valid: 22 [  50/390]  Loss: 0.8044 (0.915)  Acc@1: 71.8750 (69.0257)  Acc@5: 95.3125 (96.6605)
2024-09-02 20:05:12,109 -         train_search: [    INFO] - Valid: 22 [ 100/390]  Loss: 0.8412 (0.899)  Acc@1: 68.7500 (68.9975)  Acc@5: 98.4375 (97.1380)
2024-09-02 20:05:16,264 -         train_search: [    INFO] - Valid: 22 [ 150/390]  Loss: 0.9776 (0.882)  Acc@1: 62.5000 (69.1225)  Acc@5: 96.8750 (97.3303)
2024-09-02 20:05:20,370 -         train_search: [    INFO] - Valid: 22 [ 200/390]  Loss: 0.9507 (0.876)  Acc@1: 67.1875 (69.5662)  Acc@5: 96.8750 (97.5124)
2024-09-02 20:05:24,535 -         train_search: [    INFO] - Valid: 22 [ 250/390]  Loss: 0.9726 (0.871)  Acc@1: 71.8750 (69.9203)  Acc@5: 95.3125 (97.4975)
2024-09-02 20:05:28,643 -         train_search: [    INFO] - Valid: 22 [ 300/390]  Loss: 0.8445 (0.869)  Acc@1: 71.8750 (69.9907)  Acc@5: 100.0000 (97.4356)
2024-09-02 20:05:32,700 -         train_search: [    INFO] - Valid: 22 [ 350/390]  Loss: 0.9823 (0.868)  Acc@1: 62.5000 (69.9786)  Acc@5: 96.8750 (97.4938)
2024-09-02 20:05:36,010 -         train_search: [    INFO] - Valid: 22 [ 390/390]  Loss: 1.092 (0.871)  Acc@1: 60.0000 (69.8600)  Acc@5: 100.0000 (97.4960)
2024-09-02 20:05:36,078 -         train_search: [    INFO] - valid_acc 69.860000
2024-09-02 20:05:36,144 -         train_search: [    INFO] - epoch = 22   
 genotype = |nor_conv_3x3~0|+|nor_conv_3x3~0|nor_conv_3x3~1|+|nor_conv_1x1~0|nor_conv_3x3~1|nor_conv_3x3~2|
2024-09-02 20:05:36,200 -         train_search: [    INFO] - alphas_normal = 
 tensor([[0.2513, 0.1886, 0.0676, 0.1987, 0.2938],
        [0.2442, 0.1785, 0.0655, 0.1995, 0.3123],
        [0.1459, 0.1162, 0.0658, 0.1851, 0.4870],
        [0.2003, 0.2625, 0.0618, 0.2691, 0.2063],
        [0.3181, 0.2085, 0.0592, 0.1980, 0.2161],
        [0.1657, 0.2042, 0.0697, 0.2050, 0.3553]], device='cuda:0',
       grad_fn=<SoftmaxBackward0>)
2024-09-02 20:05:37,356 -         train_search: [    INFO] - Train: 23 [   0/390]  Loss: 0.9652 (0.965)  Acc@1: 67.1875 (67.1875)  Acc@5: 96.8750 (96.8750)LR: 1.450e-02
2024-09-02 20:06:06,756 -         train_search: [    INFO] - Train: 23 [  50/390]  Loss: 0.9119 (0.903)  Acc@1: 71.8750 (69.2096)  Acc@5: 98.4375 (97.0588)LR: 1.450e-02
2024-09-02 20:06:36,492 -         train_search: [    INFO] - Train: 23 [ 100/390]  Loss: 0.7361 (0.887)  Acc@1: 73.4375 (68.8274)  Acc@5: 98.4375 (97.4165)LR: 1.450e-02
2024-09-02 20:07:06,241 -         train_search: [    INFO] - Train: 23 [ 150/390]  Loss: 1.039 (0.877)  Acc@1: 62.5000 (69.2467)  Acc@5: 96.8750 (97.6511)LR: 1.450e-02
2024-09-02 20:07:35,537 -         train_search: [    INFO] - Train: 23 [ 200/390]  Loss: 0.6863 (0.868)  Acc@1: 75.0000 (69.7295)  Acc@5: 98.4375 (97.5979)LR: 1.450e-02
2024-09-02 20:08:05,161 -         train_search: [    INFO] - Train: 23 [ 250/390]  Loss: 0.7362 (0.868)  Acc@1: 71.8750 (69.7149)  Acc@5: 100.0000 (97.5100)LR: 1.450e-02
2024-09-02 20:08:35,643 -         train_search: [    INFO] - Train: 23 [ 300/390]  Loss: 0.8728 (0.868)  Acc@1: 70.3125 (69.7674)  Acc@5: 98.4375 (97.5031)LR: 1.450e-02
2024-09-02 20:09:05,694 -         train_search: [    INFO] - Train: 23 [ 350/390]  Loss: 0.8076 (0.864)  Acc@1: 70.3125 (69.7071)  Acc@5: 98.4375 (97.4804)LR: 1.450e-02
2024-09-02 20:09:29,673 -         train_search: [    INFO] - Train: 23 [ 390/390]  Loss: 0.4146 (0.868)  Acc@1: 85.0000 (69.5280)  Acc@5: 100.0000 (97.4520)LR: 1.450e-02
2024-09-02 20:09:29,830 -         train_search: [    INFO] - train_acc 69.528000
2024-09-02 20:09:30,155 -         train_search: [    INFO] - Valid: 23 [   0/390]  Loss: 0.7978 (0.798)  Acc@1: 73.4375 (73.4375)  Acc@5: 95.3125 (95.3125)
2024-09-02 20:09:34,424 -         train_search: [    INFO] - Valid: 23 [  50/390]  Loss: 0.9515 (0.841)  Acc@1: 67.1875 (70.3431)  Acc@5: 96.8750 (98.0392)
2024-09-02 20:09:38,640 -         train_search: [    INFO] - Valid: 23 [ 100/390]  Loss: 1.043 (0.845)  Acc@1: 67.1875 (70.1733)  Acc@5: 95.3125 (98.0043)
2024-09-02 20:09:42,705 -         train_search: [    INFO] - Valid: 23 [ 150/390]  Loss: 0.7319 (0.836)  Acc@1: 76.5625 (70.4160)  Acc@5: 98.4375 (98.1167)
2024-09-02 20:09:46,893 -         train_search: [    INFO] - Valid: 23 [ 200/390]  Loss: 0.7775 (0.840)  Acc@1: 70.3125 (70.3358)  Acc@5: 98.4375 (98.0877)
2024-09-02 20:09:51,037 -         train_search: [    INFO] - Valid: 23 [ 250/390]  Loss: 0.8547 (0.843)  Acc@1: 73.4375 (70.3125)  Acc@5: 93.7500 (97.8897)
2024-09-02 20:09:55,091 -         train_search: [    INFO] - Valid: 23 [ 300/390]  Loss: 0.9234 (0.847)  Acc@1: 70.3125 (70.3540)  Acc@5: 95.3125 (97.7938)
2024-09-02 20:09:59,144 -         train_search: [    INFO] - Valid: 23 [ 350/390]  Loss: 0.9162 (0.849)  Acc@1: 64.0625 (70.4639)  Acc@5: 98.4375 (97.6852)
2024-09-02 20:10:02,420 -         train_search: [    INFO] - Valid: 23 [ 390/390]  Loss: 0.9263 (0.852)  Acc@1: 67.5000 (70.3640)  Acc@5: 97.5000 (97.5880)
2024-09-02 20:10:02,491 -         train_search: [    INFO] - valid_acc 70.364000
2024-09-02 20:10:02,561 -         train_search: [    INFO] - epoch = 23   
 genotype = |nor_conv_3x3~0|+|nor_conv_3x3~0|nor_conv_3x3~1|+|nor_conv_1x1~0|nor_conv_3x3~1|nor_conv_3x3~2|
2024-09-02 20:10:02,636 -         train_search: [    INFO] - alphas_normal = 
 tensor([[0.2525, 0.1844, 0.0657, 0.1968, 0.3006],
        [0.2471, 0.1743, 0.0639, 0.1972, 0.3175],
        [0.1446, 0.1143, 0.0643, 0.1821, 0.4946],
        [0.2029, 0.2614, 0.0605, 0.2691, 0.2060],
        [0.3197, 0.2063, 0.0579, 0.2002, 0.2158],
        [0.1636, 0.1992, 0.0675, 0.2048, 0.3649]], device='cuda:0',
       grad_fn=<SoftmaxBackward0>)
2024-09-02 20:10:03,686 -         train_search: [    INFO] - Train: 24 [   0/390]  Loss: 0.8183 (0.818)  Acc@1: 73.4375 (73.4375)  Acc@5: 96.8750 (96.8750)LR: 1.375e-02
2024-09-02 20:10:33,889 -         train_search: [    INFO] - Train: 24 [  50/390]  Loss: 0.7605 (0.855)  Acc@1: 71.8750 (70.4657)  Acc@5: 96.8750 (97.4877)LR: 1.375e-02
2024-09-02 20:11:03,278 -         train_search: [    INFO] - Train: 24 [ 100/390]  Loss: 0.8276 (0.839)  Acc@1: 73.4375 (70.9777)  Acc@5: 98.4375 (97.7259)LR: 1.375e-02
2024-09-02 20:11:32,604 -         train_search: [    INFO] - Train: 24 [ 150/390]  Loss: 0.6619 (0.832)  Acc@1: 76.5625 (71.5542)  Acc@5: 98.4375 (97.6925)LR: 1.375e-02
2024-09-02 20:12:02,245 -         train_search: [    INFO] - Train: 24 [ 200/390]  Loss: 0.6535 (0.841)  Acc@1: 76.5625 (71.0510)  Acc@5: 100.0000 (97.6912)LR: 1.375e-02
2024-09-02 20:12:31,477 -         train_search: [    INFO] - Train: 24 [ 250/390]  Loss: 0.8350 (0.841)  Acc@1: 71.8750 (71.1280)  Acc@5: 98.4375 (97.6345)LR: 1.375e-02
2024-09-02 20:13:00,906 -         train_search: [    INFO] - Train: 24 [ 300/390]  Loss: 0.8723 (0.841)  Acc@1: 65.6250 (70.9614)  Acc@5: 96.8750 (97.6069)LR: 1.375e-02
2024-09-02 20:13:31,296 -         train_search: [    INFO] - Train: 24 [ 350/390]  Loss: 0.7828 (0.846)  Acc@1: 71.8750 (70.7755)  Acc@5: 98.4375 (97.5383)LR: 1.375e-02
2024-09-02 20:13:55,203 -         train_search: [    INFO] - Train: 24 [ 390/390]  Loss: 0.7055 (0.848)  Acc@1: 77.5000 (70.6320)  Acc@5: 100.0000 (97.6080)LR: 1.375e-02
2024-09-02 20:13:55,355 -         train_search: [    INFO] - train_acc 70.632000
2024-09-02 20:13:55,676 -         train_search: [    INFO] - Valid: 24 [   0/390]  Loss: 1.029 (1.03)  Acc@1: 67.1875 (67.1875)  Acc@5: 93.7500 (93.7500)
2024-09-02 20:13:59,874 -         train_search: [    INFO] - Valid: 24 [  50/390]  Loss: 0.8233 (0.795)  Acc@1: 64.0625 (72.3958)  Acc@5: 98.4375 (97.9779)
2024-09-02 20:14:04,132 -         train_search: [    INFO] - Valid: 24 [ 100/390]  Loss: 0.7321 (0.816)  Acc@1: 73.4375 (71.5965)  Acc@5: 96.8750 (97.8496)
2024-09-02 20:14:08,379 -         train_search: [    INFO] - Valid: 24 [ 150/390]  Loss: 0.6368 (0.811)  Acc@1: 84.3750 (71.7301)  Acc@5: 96.8750 (97.7649)
2024-09-02 20:14:12,615 -         train_search: [    INFO] - Valid: 24 [ 200/390]  Loss: 0.6866 (0.811)  Acc@1: 71.8750 (71.8361)  Acc@5: 100.0000 (97.7612)
2024-09-02 20:14:16,979 -         train_search: [    INFO] - Valid: 24 [ 250/390]  Loss: 0.7570 (0.811)  Acc@1: 71.8750 (71.7629)  Acc@5: 100.0000 (97.8586)
2024-09-02 20:14:21,257 -         train_search: [    INFO] - Valid: 24 [ 300/390]  Loss: 0.8277 (0.811)  Acc@1: 67.1875 (71.8127)  Acc@5: 98.4375 (97.8561)
2024-09-02 20:14:25,518 -         train_search: [    INFO] - Valid: 24 [ 350/390]  Loss: 0.6981 (0.811)  Acc@1: 75.0000 (71.7682)  Acc@5: 98.4375 (97.8454)
2024-09-02 20:14:28,834 -         train_search: [    INFO] - Valid: 24 [ 390/390]  Loss: 0.8533 (0.811)  Acc@1: 70.0000 (71.6600)  Acc@5: 100.0000 (97.8360)
2024-09-02 20:14:28,907 -         train_search: [    INFO] - valid_acc 71.660000
2024-09-02 20:14:28,964 -         train_search: [    INFO] - epoch = 24   
 genotype = |nor_conv_3x3~0|+|nor_conv_3x3~0|nor_conv_3x3~1|+|nor_conv_1x1~0|nor_conv_3x3~1|nor_conv_3x3~2|
2024-09-02 20:14:29,014 -         train_search: [    INFO] - alphas_normal = 
 tensor([[0.2526, 0.1843, 0.0642, 0.1945, 0.3044],
        [0.2488, 0.1730, 0.0628, 0.1974, 0.3179],
        [0.1433, 0.1126, 0.0629, 0.1796, 0.5016],
        [0.2045, 0.2629, 0.0593, 0.2683, 0.2049],
        [0.3212, 0.2052, 0.0564, 0.2026, 0.2146],
        [0.1617, 0.1971, 0.0656, 0.2052, 0.3704]], device='cuda:0',
       grad_fn=<SoftmaxBackward0>)
2024-09-02 20:14:30,058 -         train_search: [    INFO] - Train: 25 [   0/390]  Loss: 0.6013 (0.601)  Acc@1: 78.1250 (78.1250)  Acc@5: 100.0000 (100.0000)LR: 1.300e-02
2024-09-02 20:14:59,602 -         train_search: [    INFO] - Train: 25 [  50/390]  Loss: 0.6922 (0.846)  Acc@1: 76.5625 (70.3125)  Acc@5: 98.4375 (97.4877)LR: 1.300e-02
2024-09-02 20:15:28,946 -         train_search: [    INFO] - Train: 25 [ 100/390]  Loss: 0.7664 (0.802)  Acc@1: 73.4375 (71.9369)  Acc@5: 95.3125 (97.8496)LR: 1.300e-02
2024-09-02 20:15:58,351 -         train_search: [    INFO] - Train: 25 [ 150/390]  Loss: 0.8150 (0.810)  Acc@1: 68.7500 (71.6784)  Acc@5: 96.8750 (97.8373)LR: 1.300e-02
2024-09-02 20:16:28,025 -         train_search: [    INFO] - Train: 25 [ 200/390]  Loss: 0.9705 (0.822)  Acc@1: 60.9375 (71.2609)  Acc@5: 98.4375 (97.8856)LR: 1.300e-02
2024-09-02 20:16:57,766 -         train_search: [    INFO] - Train: 25 [ 250/390]  Loss: 0.8390 (0.825)  Acc@1: 75.0000 (71.1218)  Acc@5: 98.4375 (97.8523)LR: 1.300e-02
2024-09-02 20:17:27,478 -         train_search: [    INFO] - Train: 25 [ 300/390]  Loss: 0.8508 (0.819)  Acc@1: 73.4375 (71.5324)  Acc@5: 100.0000 (97.8873)LR: 1.300e-02
2024-09-02 20:17:56,793 -         train_search: [    INFO] - Train: 25 [ 350/390]  Loss: 0.9329 (0.821)  Acc@1: 65.6250 (71.4076)  Acc@5: 100.0000 (97.8321)LR: 1.300e-02
2024-09-02 20:18:20,380 -         train_search: [    INFO] - Train: 25 [ 390/390]  Loss: 0.5960 (0.819)  Acc@1: 80.0000 (71.5440)  Acc@5: 97.5000 (97.8080)LR: 1.300e-02
2024-09-02 20:18:20,527 -         train_search: [    INFO] - train_acc 71.544000
2024-09-02 20:18:20,845 -         train_search: [    INFO] - Valid: 25 [   0/390]  Loss: 0.8022 (0.802)  Acc@1: 73.4375 (73.4375)  Acc@5: 98.4375 (98.4375)
2024-09-02 20:18:25,145 -         train_search: [    INFO] - Valid: 25 [  50/390]  Loss: 0.6652 (0.782)  Acc@1: 78.1250 (72.7022)  Acc@5: 96.8750 (98.3150)
2024-09-02 20:18:29,378 -         train_search: [    INFO] - Valid: 25 [ 100/390]  Loss: 0.8123 (0.791)  Acc@1: 73.4375 (72.6176)  Acc@5: 96.8750 (98.2519)
2024-09-02 20:18:33,712 -         train_search: [    INFO] - Valid: 25 [ 150/390]  Loss: 0.6186 (0.794)  Acc@1: 81.2500 (72.2268)  Acc@5: 96.8750 (97.9408)
2024-09-02 20:18:38,110 -         train_search: [    INFO] - Valid: 25 [ 200/390]  Loss: 0.7804 (0.795)  Acc@1: 71.8750 (72.3414)  Acc@5: 98.4375 (97.8545)
2024-09-02 20:18:42,310 -         train_search: [    INFO] - Valid: 25 [ 250/390]  Loss: 0.9066 (0.804)  Acc@1: 67.1875 (71.8999)  Acc@5: 98.4375 (97.8461)
2024-09-02 20:18:46,493 -         train_search: [    INFO] - Valid: 25 [ 300/390]  Loss: 0.8904 (0.806)  Acc@1: 70.3125 (71.8127)  Acc@5: 100.0000 (97.8665)
2024-09-02 20:18:50,617 -         train_search: [    INFO] - Valid: 25 [ 350/390]  Loss: 0.7437 (0.804)  Acc@1: 73.4375 (71.9329)  Acc@5: 98.4375 (97.8454)
2024-09-02 20:18:53,912 -         train_search: [    INFO] - Valid: 25 [ 390/390]  Loss: 0.7762 (0.806)  Acc@1: 70.0000 (71.9400)  Acc@5: 97.5000 (97.8000)
2024-09-02 20:18:53,980 -         train_search: [    INFO] - valid_acc 71.940000
2024-09-02 20:18:54,050 -         train_search: [    INFO] - epoch = 25   
 genotype = |nor_conv_3x3~0|+|nor_conv_3x3~0|nor_conv_3x3~1|+|nor_conv_1x1~0|nor_conv_3x3~1|nor_conv_3x3~2|
2024-09-02 20:18:54,107 -         train_search: [    INFO] - alphas_normal = 
 tensor([[0.2509, 0.1838, 0.0630, 0.1955, 0.3068],
        [0.2502, 0.1726, 0.0621, 0.1986, 0.3165],
        [0.1426, 0.1119, 0.0617, 0.1785, 0.5052],
        [0.2030, 0.2647, 0.0583, 0.2687, 0.2053],
        [0.3205, 0.2048, 0.0551, 0.2050, 0.2146],
        [0.1625, 0.1963, 0.0637, 0.2043, 0.3731]], device='cuda:0',
       grad_fn=<SoftmaxBackward0>)
2024-09-02 20:18:55,190 -         train_search: [    INFO] - Train: 26 [   0/390]  Loss: 0.5745 (0.574)  Acc@1: 82.8125 (82.8125)  Acc@5: 100.0000 (100.0000)LR: 1.225e-02
2024-09-02 20:19:25,662 -         train_search: [    INFO] - Train: 26 [  50/390]  Loss: 0.4909 (0.795)  Acc@1: 85.9375 (72.5184)  Acc@5: 100.0000 (97.4265)LR: 1.225e-02
2024-09-02 20:19:55,491 -         train_search: [    INFO] - Train: 26 [ 100/390]  Loss: 0.7714 (0.801)  Acc@1: 70.3125 (72.0142)  Acc@5: 100.0000 (97.5557)LR: 1.225e-02
2024-09-02 20:20:25,004 -         train_search: [    INFO] - Train: 26 [ 150/390]  Loss: 0.7134 (0.798)  Acc@1: 75.0000 (72.0509)  Acc@5: 96.8750 (97.7028)LR: 1.225e-02
2024-09-02 20:20:54,622 -         train_search: [    INFO] - Train: 26 [ 200/390]  Loss: 0.6800 (0.799)  Acc@1: 75.0000 (72.0927)  Acc@5: 100.0000 (97.6835)LR: 1.225e-02
2024-09-02 20:21:24,338 -         train_search: [    INFO] - Train: 26 [ 250/390]  Loss: 0.5812 (0.801)  Acc@1: 84.3750 (71.9871)  Acc@5: 100.0000 (97.7092)LR: 1.225e-02
2024-09-02 20:21:53,766 -         train_search: [    INFO] - Train: 26 [ 300/390]  Loss: 0.8833 (0.810)  Acc@1: 68.7500 (71.6725)  Acc@5: 95.3125 (97.6329)LR: 1.225e-02
2024-09-02 20:22:23,435 -         train_search: [    INFO] - Train: 26 [ 350/390]  Loss: 0.9955 (0.807)  Acc@1: 65.6250 (71.9151)  Acc@5: 100.0000 (97.6941)LR: 1.225e-02
2024-09-02 20:22:46,904 -         train_search: [    INFO] - Train: 26 [ 390/390]  Loss: 0.5147 (0.803)  Acc@1: 82.5000 (71.9840)  Acc@5: 100.0000 (97.7600)LR: 1.225e-02
2024-09-02 20:22:47,061 -         train_search: [    INFO] - train_acc 71.984000
2024-09-02 20:22:47,401 -         train_search: [    INFO] - Valid: 26 [   0/390]  Loss: 0.6631 (0.663)  Acc@1: 79.6875 (79.6875)  Acc@5: 98.4375 (98.4375)
2024-09-02 20:22:51,524 -         train_search: [    INFO] - Valid: 26 [  50/390]  Loss: 0.7536 (0.754)  Acc@1: 71.8750 (74.3566)  Acc@5: 100.0000 (98.3150)
2024-09-02 20:22:55,686 -         train_search: [    INFO] - Valid: 26 [ 100/390]  Loss: 0.9862 (0.769)  Acc@1: 65.6250 (73.4684)  Acc@5: 93.7500 (98.2828)
2024-09-02 20:22:59,836 -         train_search: [    INFO] - Valid: 26 [ 150/390]  Loss: 0.6991 (0.765)  Acc@1: 78.1250 (73.6445)  Acc@5: 98.4375 (98.2823)
2024-09-02 20:23:03,988 -         train_search: [    INFO] - Valid: 26 [ 200/390]  Loss: 0.5312 (0.765)  Acc@1: 85.9375 (73.6163)  Acc@5: 98.4375 (98.2043)
2024-09-02 20:23:08,148 -         train_search: [    INFO] - Valid: 26 [ 250/390]  Loss: 0.7919 (0.767)  Acc@1: 71.8750 (73.5184)  Acc@5: 100.0000 (98.1947)
2024-09-02 20:23:12,237 -         train_search: [    INFO] - Valid: 26 [ 300/390]  Loss: 1.046 (0.766)  Acc@1: 60.9375 (73.4583)  Acc@5: 96.8750 (98.1624)
2024-09-02 20:23:16,222 -         train_search: [    INFO] - Valid: 26 [ 350/390]  Loss: 0.6794 (0.767)  Acc@1: 73.4375 (73.4152)  Acc@5: 100.0000 (98.1392)
2024-09-02 20:23:19,566 -         train_search: [    INFO] - Valid: 26 [ 390/390]  Loss: 0.9063 (0.769)  Acc@1: 75.0000 (73.3320)  Acc@5: 92.5000 (98.1080)
2024-09-02 20:23:19,635 -         train_search: [    INFO] - valid_acc 73.332000
2024-09-02 20:23:19,711 -         train_search: [    INFO] - epoch = 26   
 genotype = |nor_conv_3x3~0|+|nor_conv_3x3~0|nor_conv_3x3~1|+|nor_conv_1x1~0|nor_conv_3x3~1|nor_conv_3x3~2|
2024-09-02 20:23:19,781 -         train_search: [    INFO] - alphas_normal = 
 tensor([[0.2501, 0.1848, 0.0622, 0.1948, 0.3081],
        [0.2492, 0.1721, 0.0611, 0.1992, 0.3185],
        [0.1428, 0.1113, 0.0606, 0.1791, 0.5062],
        [0.2008, 0.2669, 0.0569, 0.2703, 0.2050],
        [0.3206, 0.2043, 0.0538, 0.2065, 0.2148],
        [0.1620, 0.1949, 0.0622, 0.2046, 0.3763]], device='cuda:0',
       grad_fn=<SoftmaxBackward0>)
2024-09-02 20:23:20,847 -         train_search: [    INFO] - Train: 27 [   0/390]  Loss: 0.7819 (0.782)  Acc@1: 71.8750 (71.8750)  Acc@5: 100.0000 (100.0000)LR: 1.150e-02
2024-09-02 20:23:51,137 -         train_search: [    INFO] - Train: 27 [  50/390]  Loss: 0.5979 (0.749)  Acc@1: 78.1250 (73.9277)  Acc@5: 100.0000 (98.2230)LR: 1.150e-02
2024-09-02 20:24:21,044 -         train_search: [    INFO] - Train: 27 [ 100/390]  Loss: 0.6794 (0.767)  Acc@1: 73.4375 (72.9270)  Acc@5: 98.4375 (98.0817)LR: 1.150e-02
2024-09-02 20:24:50,937 -         train_search: [    INFO] - Train: 27 [ 150/390]  Loss: 0.7653 (0.770)  Acc@1: 75.0000 (73.0029)  Acc@5: 100.0000 (98.0857)LR: 1.150e-02
2024-09-02 20:25:20,491 -         train_search: [    INFO] - Train: 27 [ 200/390]  Loss: 1.017 (0.773)  Acc@1: 62.5000 (72.8933)  Acc@5: 96.8750 (98.0566)LR: 1.150e-02
2024-09-02 20:25:50,255 -         train_search: [    INFO] - Train: 27 [ 250/390]  Loss: 1.034 (0.772)  Acc@1: 59.3750 (73.0142)  Acc@5: 96.8750 (98.0329)LR: 1.150e-02
2024-09-02 20:26:19,704 -         train_search: [    INFO] - Train: 27 [ 300/390]  Loss: 0.9397 (0.774)  Acc@1: 65.6250 (72.9599)  Acc@5: 96.8750 (98.0274)LR: 1.150e-02
2024-09-02 20:26:49,243 -         train_search: [    INFO] - Train: 27 [ 350/390]  Loss: 0.8279 (0.779)  Acc@1: 67.1875 (72.7698)  Acc@5: 95.3125 (98.0057)LR: 1.150e-02
2024-09-02 20:27:12,388 -         train_search: [    INFO] - Train: 27 [ 390/390]  Loss: 0.7484 (0.777)  Acc@1: 67.5000 (72.7880)  Acc@5: 97.5000 (98.0360)LR: 1.150e-02
2024-09-02 20:27:12,539 -         train_search: [    INFO] - train_acc 72.788000
2024-09-02 20:27:12,878 -         train_search: [    INFO] - Valid: 27 [   0/390]  Loss: 0.5670 (0.567)  Acc@1: 81.2500 (81.2500)  Acc@5: 98.4375 (98.4375)
2024-09-02 20:27:16,996 -         train_search: [    INFO] - Valid: 27 [  50/390]  Loss: 0.8326 (0.764)  Acc@1: 68.7500 (73.8051)  Acc@5: 100.0000 (98.0392)
2024-09-02 20:27:21,177 -         train_search: [    INFO] - Valid: 27 [ 100/390]  Loss: 1.144 (0.766)  Acc@1: 59.3750 (73.4839)  Acc@5: 95.3125 (97.9425)
2024-09-02 20:27:25,305 -         train_search: [    INFO] - Valid: 27 [ 150/390]  Loss: 1.012 (0.766)  Acc@1: 68.7500 (73.2823)  Acc@5: 98.4375 (98.0650)
2024-09-02 20:27:29,439 -         train_search: [    INFO] - Valid: 27 [ 200/390]  Loss: 0.9109 (0.773)  Acc@1: 68.7500 (73.1032)  Acc@5: 100.0000 (98.0177)
2024-09-02 20:27:33,569 -         train_search: [    INFO] - Valid: 27 [ 250/390]  Loss: 0.6967 (0.773)  Acc@1: 73.4375 (73.1947)  Acc@5: 100.0000 (98.0017)
2024-09-02 20:27:37,712 -         train_search: [    INFO] - Valid: 27 [ 300/390]  Loss: 1.055 (0.767)  Acc@1: 67.1875 (73.5621)  Acc@5: 98.4375 (98.0482)
2024-09-02 20:27:41,864 -         train_search: [    INFO] - Valid: 27 [ 350/390]  Loss: 0.6566 (0.768)  Acc@1: 78.1250 (73.5666)  Acc@5: 98.4375 (98.0680)
2024-09-02 20:27:45,076 -         train_search: [    INFO] - Valid: 27 [ 390/390]  Loss: 0.6382 (0.767)  Acc@1: 77.5000 (73.5320)  Acc@5: 100.0000 (98.0880)
2024-09-02 20:27:45,143 -         train_search: [    INFO] - valid_acc 73.532000
2024-09-02 20:27:45,216 -         train_search: [    INFO] - epoch = 27   
 genotype = |nor_conv_3x3~0|+|nor_conv_3x3~0|nor_conv_3x3~1|+|nor_conv_1x1~0|nor_conv_3x3~1|nor_conv_3x3~2|
2024-09-02 20:27:45,273 -         train_search: [    INFO] - alphas_normal = 
 tensor([[0.2484, 0.1845, 0.0613, 0.1945, 0.3113],
        [0.2485, 0.1717, 0.0604, 0.1982, 0.3211],
        [0.1432, 0.1114, 0.0600, 0.1802, 0.5052],
        [0.1998, 0.2677, 0.0561, 0.2703, 0.2062],
        [0.3180, 0.2031, 0.0531, 0.2099, 0.2158],
        [0.1620, 0.1930, 0.0610, 0.2040, 0.3800]], device='cuda:0',
       grad_fn=<SoftmaxBackward0>)
2024-09-02 20:27:46,314 -         train_search: [    INFO] - Train: 28 [   0/390]  Loss: 0.5247 (0.525)  Acc@1: 82.8125 (82.8125)  Acc@5: 98.4375 (98.4375)LR: 1.075e-02
2024-09-02 20:28:15,930 -         train_search: [    INFO] - Train: 28 [  50/390]  Loss: 0.7721 (0.726)  Acc@1: 75.0000 (75.0000)  Acc@5: 96.8750 (98.5600)LR: 1.075e-02
2024-09-02 20:28:45,796 -         train_search: [    INFO] - Train: 28 [ 100/390]  Loss: 0.7438 (0.734)  Acc@1: 71.8750 (74.8453)  Acc@5: 100.0000 (98.3911)LR: 1.075e-02
2024-09-02 20:29:15,905 -         train_search: [    INFO] - Train: 28 [ 150/390]  Loss: 0.6580 (0.735)  Acc@1: 71.8750 (74.7413)  Acc@5: 98.4375 (98.3444)LR: 1.075e-02
2024-09-02 20:29:46,776 -         train_search: [    INFO] - Train: 28 [ 200/390]  Loss: 0.6998 (0.736)  Acc@1: 76.5625 (74.4714)  Acc@5: 100.0000 (98.4142)LR: 1.075e-02
2024-09-02 20:30:16,368 -         train_search: [    INFO] - Train: 28 [ 250/390]  Loss: 0.5993 (0.736)  Acc@1: 79.6875 (74.5580)  Acc@5: 98.4375 (98.3690)LR: 1.075e-02
2024-09-02 20:30:45,725 -         train_search: [    INFO] - Train: 28 [ 300/390]  Loss: 0.7826 (0.738)  Acc@1: 75.0000 (74.5536)  Acc@5: 96.8750 (98.3285)LR: 1.075e-02
2024-09-02 20:31:15,693 -         train_search: [    INFO] - Train: 28 [ 350/390]  Loss: 0.9180 (0.743)  Acc@1: 70.3125 (74.4035)  Acc@5: 98.4375 (98.2906)LR: 1.075e-02
2024-09-02 20:31:38,862 -         train_search: [    INFO] - Train: 28 [ 390/390]  Loss: 0.8226 (0.744)  Acc@1: 72.5000 (74.3160)  Acc@5: 100.0000 (98.2920)LR: 1.075e-02
2024-09-02 20:31:39,012 -         train_search: [    INFO] - train_acc 74.316000
2024-09-02 20:31:39,334 -         train_search: [    INFO] - Valid: 28 [   0/390]  Loss: 0.5619 (0.562)  Acc@1: 81.2500 (81.2500)  Acc@5: 100.0000 (100.0000)
2024-09-02 20:31:43,537 -         train_search: [    INFO] - Valid: 28 [  50/390]  Loss: 0.6585 (0.703)  Acc@1: 81.2500 (76.0417)  Acc@5: 100.0000 (97.8554)
2024-09-02 20:31:47,690 -         train_search: [    INFO] - Valid: 28 [ 100/390]  Loss: 0.7906 (0.720)  Acc@1: 73.4375 (75.3249)  Acc@5: 98.4375 (98.1436)
2024-09-02 20:31:51,836 -         train_search: [    INFO] - Valid: 28 [ 150/390]  Loss: 0.7151 (0.724)  Acc@1: 73.4375 (75.0103)  Acc@5: 95.3125 (98.1271)
2024-09-02 20:31:55,984 -         train_search: [    INFO] - Valid: 28 [ 200/390]  Loss: 0.5887 (0.725)  Acc@1: 79.6875 (74.8368)  Acc@5: 100.0000 (98.1965)
2024-09-02 20:32:00,154 -         train_search: [    INFO] - Valid: 28 [ 250/390]  Loss: 0.5926 (0.726)  Acc@1: 79.6875 (74.9564)  Acc@5: 100.0000 (98.1325)
2024-09-02 20:32:04,270 -         train_search: [    INFO] - Valid: 28 [ 300/390]  Loss: 0.6057 (0.725)  Acc@1: 84.3750 (75.0779)  Acc@5: 95.3125 (98.1468)
2024-09-02 20:32:08,454 -         train_search: [    INFO] - Valid: 28 [ 350/390]  Loss: 0.7888 (0.725)  Acc@1: 71.8750 (75.0223)  Acc@5: 100.0000 (98.2060)
2024-09-02 20:32:11,679 -         train_search: [    INFO] - Valid: 28 [ 390/390]  Loss: 1.016 (0.725)  Acc@1: 62.5000 (75.0080)  Acc@5: 95.0000 (98.2320)
2024-09-02 20:32:11,753 -         train_search: [    INFO] - valid_acc 75.008000
2024-09-02 20:32:11,814 -         train_search: [    INFO] - epoch = 28   
 genotype = |nor_conv_3x3~0|+|nor_conv_3x3~0|nor_conv_3x3~1|+|skip_connect~0|nor_conv_3x3~1|nor_conv_3x3~2|
2024-09-02 20:32:11,869 -         train_search: [    INFO] - alphas_normal = 
 tensor([[0.2485, 0.1863, 0.0603, 0.1958, 0.3091],
        [0.2485, 0.1720, 0.0601, 0.1985, 0.3209],
        [0.1425, 0.1102, 0.0589, 0.1789, 0.5095],
        [0.1980, 0.2739, 0.0555, 0.2723, 0.2004],
        [0.3215, 0.2032, 0.0520, 0.2085, 0.2147],
        [0.1612, 0.1930, 0.0600, 0.2034, 0.3825]], device='cuda:0',
       grad_fn=<SoftmaxBackward0>)
2024-09-02 20:32:12,858 -         train_search: [    INFO] - Train: 29 [   0/390]  Loss: 0.7054 (0.705)  Acc@1: 79.6875 (79.6875)  Acc@5: 95.3125 (95.3125)LR: 1.002e-02
2024-09-02 20:32:42,398 -         train_search: [    INFO] - Train: 29 [  50/390]  Loss: 0.8065 (0.715)  Acc@1: 76.5625 (75.8885)  Acc@5: 96.8750 (98.4069)LR: 1.002e-02
2024-09-02 20:33:12,257 -         train_search: [    INFO] - Train: 29 [ 100/390]  Loss: 0.6907 (0.726)  Acc@1: 73.4375 (75.2011)  Acc@5: 96.8750 (98.3447)LR: 1.002e-02
2024-09-02 20:33:42,179 -         train_search: [    INFO] - Train: 29 [ 150/390]  Loss: 0.5014 (0.730)  Acc@1: 84.3750 (74.7103)  Acc@5: 100.0000 (98.3651)LR: 1.002e-02
2024-09-02 20:34:12,790 -         train_search: [    INFO] - Train: 29 [ 200/390]  Loss: 0.6922 (0.732)  Acc@1: 73.4375 (74.7668)  Acc@5: 100.0000 (98.3131)LR: 1.002e-02
2024-09-02 20:34:43,109 -         train_search: [    INFO] - Train: 29 [ 250/390]  Loss: 0.4750 (0.730)  Acc@1: 84.3750 (74.7634)  Acc@5: 100.0000 (98.2756)LR: 1.002e-02
2024-09-02 20:35:12,578 -         train_search: [    INFO] - Train: 29 [ 300/390]  Loss: 0.7333 (0.724)  Acc@1: 75.0000 (75.0363)  Acc@5: 100.0000 (98.2973)LR: 1.002e-02
2024-09-02 20:35:42,173 -         train_search: [    INFO] - Train: 29 [ 350/390]  Loss: 0.5686 (0.723)  Acc@1: 81.2500 (75.0668)  Acc@5: 100.0000 (98.3173)LR: 1.002e-02
2024-09-02 20:36:05,846 -         train_search: [    INFO] - Train: 29 [ 390/390]  Loss: 0.5830 (0.724)  Acc@1: 80.0000 (75.0280)  Acc@5: 100.0000 (98.3160)LR: 1.002e-02
2024-09-02 20:36:06,003 -         train_search: [    INFO] - train_acc 75.028000
2024-09-02 20:36:06,325 -         train_search: [    INFO] - Valid: 29 [   0/390]  Loss: 0.8925 (0.892)  Acc@1: 68.7500 (68.7500)  Acc@5: 96.8750 (96.8750)
2024-09-02 20:36:10,518 -         train_search: [    INFO] - Valid: 29 [  50/390]  Loss: 0.6972 (0.695)  Acc@1: 71.8750 (75.8578)  Acc@5: 100.0000 (98.5294)
2024-09-02 20:36:14,645 -         train_search: [    INFO] - Valid: 29 [ 100/390]  Loss: 0.8166 (0.701)  Acc@1: 71.8750 (75.6033)  Acc@5: 98.4375 (98.6850)
2024-09-02 20:36:18,856 -         train_search: [    INFO] - Valid: 29 [ 150/390]  Loss: 0.4896 (0.706)  Acc@1: 89.0625 (75.3311)  Acc@5: 100.0000 (98.6962)
2024-09-02 20:36:22,949 -         train_search: [    INFO] - Valid: 29 [ 200/390]  Loss: 0.5890 (0.713)  Acc@1: 76.5625 (75.2021)  Acc@5: 98.4375 (98.6007)
2024-09-02 20:36:27,166 -         train_search: [    INFO] - Valid: 29 [ 250/390]  Loss: 0.7060 (0.714)  Acc@1: 71.8750 (75.1992)  Acc@5: 95.3125 (98.4935)
2024-09-02 20:36:31,235 -         train_search: [    INFO] - Valid: 29 [ 300/390]  Loss: 0.5572 (0.716)  Acc@1: 79.6875 (75.2751)  Acc@5: 100.0000 (98.4219)
2024-09-02 20:36:35,384 -         train_search: [    INFO] - Valid: 29 [ 350/390]  Loss: 0.7080 (0.714)  Acc@1: 84.3750 (75.3383)  Acc@5: 96.8750 (98.4420)
2024-09-02 20:36:38,595 -         train_search: [    INFO] - Valid: 29 [ 390/390]  Loss: 1.125 (0.715)  Acc@1: 67.5000 (75.3120)  Acc@5: 95.0000 (98.4840)
2024-09-02 20:36:38,664 -         train_search: [    INFO] - valid_acc 75.312000
2024-09-02 20:36:38,733 -         train_search: [    INFO] - epoch = 29   
 genotype = |nor_conv_3x3~0|+|nor_conv_3x3~0|nor_conv_3x3~1|+|skip_connect~0|nor_conv_3x3~1|nor_conv_3x3~2|
2024-09-02 20:36:38,783 -         train_search: [    INFO] - alphas_normal = 
 tensor([[0.2472, 0.1841, 0.0591, 0.1981, 0.3115],
        [0.2496, 0.1689, 0.0590, 0.1978, 0.3246],
        [0.1417, 0.1087, 0.0577, 0.1773, 0.5146],
        [0.1982, 0.2758, 0.0548, 0.2732, 0.1981],
        [0.3226, 0.2042, 0.0512, 0.2071, 0.2149],
        [0.1601, 0.1903, 0.0586, 0.2028, 0.3883]], device='cuda:0',
       grad_fn=<SoftmaxBackward0>)
2024-09-02 20:36:39,831 -         train_search: [    INFO] - Train: 30 [   0/390]  Loss: 0.8206 (0.821)  Acc@1: 70.3125 (70.3125)  Acc@5: 98.4375 (98.4375)LR: 9.292e-03
2024-09-02 20:37:09,666 -         train_search: [    INFO] - Train: 30 [  50/390]  Loss: 0.7352 (0.696)  Acc@1: 71.8750 (76.1336)  Acc@5: 98.4375 (98.5907)LR: 9.292e-03
2024-09-02 20:37:38,906 -         train_search: [    INFO] - Train: 30 [ 100/390]  Loss: 0.7417 (0.693)  Acc@1: 78.1250 (76.2840)  Acc@5: 96.8750 (98.7160)LR: 9.292e-03
2024-09-02 20:38:08,447 -         train_search: [    INFO] - Train: 30 [ 150/390]  Loss: 0.7273 (0.691)  Acc@1: 76.5625 (76.4694)  Acc@5: 96.8750 (98.5099)LR: 9.292e-03
2024-09-02 20:38:38,086 -         train_search: [    INFO] - Train: 30 [ 200/390]  Loss: 0.8217 (0.699)  Acc@1: 71.8750 (76.0961)  Acc@5: 98.4375 (98.4453)LR: 9.292e-03
2024-09-02 20:39:08,550 -         train_search: [    INFO] - Train: 30 [ 250/390]  Loss: 0.7854 (0.707)  Acc@1: 70.3125 (75.5665)  Acc@5: 95.3125 (98.3503)LR: 9.292e-03
2024-09-02 20:39:38,518 -         train_search: [    INFO] - Train: 30 [ 300/390]  Loss: 0.6269 (0.711)  Acc@1: 79.6875 (75.3634)  Acc@5: 98.4375 (98.3285)LR: 9.292e-03
2024-09-02 20:40:09,039 -         train_search: [    INFO] - Train: 30 [ 350/390]  Loss: 0.5018 (0.711)  Acc@1: 84.3750 (75.2270)  Acc@5: 98.4375 (98.3663)LR: 9.292e-03
2024-09-02 20:40:32,445 -         train_search: [    INFO] - Train: 30 [ 390/390]  Loss: 0.7772 (0.708)  Acc@1: 67.5000 (75.3680)  Acc@5: 95.0000 (98.3920)LR: 9.292e-03
2024-09-02 20:40:32,598 -         train_search: [    INFO] - train_acc 75.368000
2024-09-02 20:40:32,916 -         train_search: [    INFO] - Valid: 30 [   0/390]  Loss: 0.5379 (0.538)  Acc@1: 76.5625 (76.5625)  Acc@5: 100.0000 (100.0000)
2024-09-02 20:40:37,009 -         train_search: [    INFO] - Valid: 30 [  50/390]  Loss: 0.4365 (0.708)  Acc@1: 85.9375 (75.6127)  Acc@5: 100.0000 (98.1618)
2024-09-02 20:40:41,200 -         train_search: [    INFO] - Valid: 30 [ 100/390]  Loss: 0.7816 (0.715)  Acc@1: 68.7500 (75.3713)  Acc@5: 100.0000 (98.1745)
2024-09-02 20:40:45,323 -         train_search: [    INFO] - Valid: 30 [ 150/390]  Loss: 1.012 (0.710)  Acc@1: 60.9375 (75.3311)  Acc@5: 98.4375 (98.1788)
2024-09-02 20:40:49,443 -         train_search: [    INFO] - Valid: 30 [ 200/390]  Loss: 0.5400 (0.704)  Acc@1: 81.2500 (75.4353)  Acc@5: 100.0000 (98.2820)
2024-09-02 20:40:53,678 -         train_search: [    INFO] - Valid: 30 [ 250/390]  Loss: 0.6166 (0.704)  Acc@1: 78.1250 (75.5976)  Acc@5: 100.0000 (98.2632)
2024-09-02 20:40:57,784 -         train_search: [    INFO] - Valid: 30 [ 300/390]  Loss: 0.5437 (0.709)  Acc@1: 79.6875 (75.5087)  Acc@5: 98.4375 (98.2402)
2024-09-02 20:41:01,883 -         train_search: [    INFO] - Valid: 30 [ 350/390]  Loss: 0.4360 (0.708)  Acc@1: 85.9375 (75.6010)  Acc@5: 100.0000 (98.2372)
2024-09-02 20:41:05,110 -         train_search: [    INFO] - Valid: 30 [ 390/390]  Loss: 0.4947 (0.707)  Acc@1: 85.0000 (75.5840)  Acc@5: 100.0000 (98.2600)
2024-09-02 20:41:05,180 -         train_search: [    INFO] - valid_acc 75.584000
2024-09-02 20:41:05,250 -         train_search: [    INFO] - epoch = 30   
 genotype = |nor_conv_3x3~0|+|nor_conv_3x3~0|nor_conv_3x3~1|+|skip_connect~0|nor_conv_3x3~1|nor_conv_3x3~2|
2024-09-02 20:41:05,307 -         train_search: [    INFO] - alphas_normal = 
 tensor([[0.2493, 0.1823, 0.0578, 0.1978, 0.3129],
        [0.2484, 0.1670, 0.0584, 0.1964, 0.3298],
        [0.1418, 0.1074, 0.0567, 0.1748, 0.5193],
        [0.1969, 0.2766, 0.0541, 0.2731, 0.1994],
        [0.3267, 0.2025, 0.0499, 0.2064, 0.2145],
        [0.1584, 0.1877, 0.0570, 0.2012, 0.3957]], device='cuda:0',
       grad_fn=<SoftmaxBackward0>)
2024-09-02 20:41:06,202 -         train_search: [    INFO] - Train: 31 [   0/390]  Loss: 0.7354 (0.735)  Acc@1: 68.7500 (68.7500)  Acc@5: 98.4375 (98.4375)LR: 8.583e-03
2024-09-02 20:41:35,825 -         train_search: [    INFO] - Train: 31 [  50/390]  Loss: 0.7138 (0.677)  Acc@1: 78.1250 (76.8689)  Acc@5: 95.3125 (98.5600)LR: 8.583e-03
2024-09-02 20:42:05,270 -         train_search: [    INFO] - Train: 31 [ 100/390]  Loss: 0.8419 (0.682)  Acc@1: 73.4375 (76.5470)  Acc@5: 100.0000 (98.4839)LR: 8.583e-03
2024-09-02 20:42:34,931 -         train_search: [    INFO] - Train: 31 [ 150/390]  Loss: 0.5835 (0.677)  Acc@1: 78.1250 (76.4694)  Acc@5: 98.4375 (98.5927)LR: 8.583e-03
2024-09-02 20:43:04,695 -         train_search: [    INFO] - Train: 31 [ 200/390]  Loss: 0.6320 (0.685)  Acc@1: 79.6875 (76.2282)  Acc@5: 98.4375 (98.4919)LR: 8.583e-03
2024-09-02 20:43:34,264 -         train_search: [    INFO] - Train: 31 [ 250/390]  Loss: 0.7172 (0.678)  Acc@1: 75.0000 (76.4753)  Acc@5: 100.0000 (98.5309)LR: 8.583e-03
2024-09-02 20:44:04,250 -         train_search: [    INFO] - Train: 31 [ 300/390]  Loss: 0.6361 (0.680)  Acc@1: 75.0000 (76.3497)  Acc@5: 100.0000 (98.5621)LR: 8.583e-03
2024-09-02 20:44:34,098 -         train_search: [    INFO] - Train: 31 [ 350/390]  Loss: 0.7779 (0.683)  Acc@1: 76.5625 (76.1307)  Acc@5: 100.0000 (98.5844)LR: 8.583e-03
2024-09-02 20:44:58,650 -         train_search: [    INFO] - Train: 31 [ 390/390]  Loss: 0.5662 (0.683)  Acc@1: 75.0000 (76.1760)  Acc@5: 100.0000 (98.5760)LR: 8.583e-03
2024-09-02 20:44:58,802 -         train_search: [    INFO] - train_acc 76.176000
2024-09-02 20:44:59,085 -         train_search: [    INFO] - Valid: 31 [   0/390]  Loss: 0.6392 (0.639)  Acc@1: 79.6875 (79.6875)  Acc@5: 98.4375 (98.4375)
2024-09-02 20:45:03,345 -         train_search: [    INFO] - Valid: 31 [  50/390]  Loss: 0.7769 (0.673)  Acc@1: 70.3125 (76.7770)  Acc@5: 96.8750 (98.4988)
2024-09-02 20:45:07,575 -         train_search: [    INFO] - Valid: 31 [ 100/390]  Loss: 0.7131 (0.666)  Acc@1: 78.1250 (77.4134)  Acc@5: 96.8750 (98.5613)
2024-09-02 20:45:11,634 -         train_search: [    INFO] - Valid: 31 [ 150/390]  Loss: 0.6438 (0.670)  Acc@1: 71.8750 (77.0281)  Acc@5: 100.0000 (98.7065)
2024-09-02 20:45:15,769 -         train_search: [    INFO] - Valid: 31 [ 200/390]  Loss: 0.6579 (0.678)  Acc@1: 76.5625 (76.7335)  Acc@5: 100.0000 (98.6707)
2024-09-02 20:45:19,941 -         train_search: [    INFO] - Valid: 31 [ 250/390]  Loss: 0.5926 (0.688)  Acc@1: 78.1250 (76.2139)  Acc@5: 98.4375 (98.5994)
2024-09-02 20:45:24,035 -         train_search: [    INFO] - Valid: 31 [ 300/390]  Loss: 0.6249 (0.689)  Acc@1: 78.1250 (76.2355)  Acc@5: 100.0000 (98.5361)
2024-09-02 20:45:28,215 -         train_search: [    INFO] - Valid: 31 [ 350/390]  Loss: 0.9197 (0.690)  Acc@1: 70.3125 (76.3088)  Acc@5: 96.8750 (98.4998)
2024-09-02 20:45:31,421 -         train_search: [    INFO] - Valid: 31 [ 390/390]  Loss: 0.8379 (0.695)  Acc@1: 65.0000 (76.0680)  Acc@5: 95.0000 (98.4480)
2024-09-02 20:45:31,489 -         train_search: [    INFO] - valid_acc 76.068000
2024-09-02 20:45:31,569 -         train_search: [    INFO] - epoch = 31   
 genotype = |nor_conv_3x3~0|+|nor_conv_3x3~0|nor_conv_3x3~1|+|skip_connect~0|nor_conv_3x3~1|nor_conv_3x3~2|
2024-09-02 20:45:31,638 -         train_search: [    INFO] - alphas_normal = 
 tensor([[0.2469, 0.1829, 0.0570, 0.1985, 0.3146],
        [0.2461, 0.1671, 0.0578, 0.1976, 0.3314],
        [0.1421, 0.1080, 0.0563, 0.1735, 0.5201],
        [0.1958, 0.2786, 0.0531, 0.2748, 0.1977],
        [0.3272, 0.2031, 0.0491, 0.2058, 0.2148],
        [0.1581, 0.1887, 0.0562, 0.2001, 0.3970]], device='cuda:0',
       grad_fn=<SoftmaxBackward0>)
2024-09-02 20:45:32,628 -         train_search: [    INFO] - Train: 32 [   0/390]  Loss: 0.6994 (0.699)  Acc@1: 71.8750 (71.8750)  Acc@5: 100.0000 (100.0000)LR: 7.891e-03
2024-09-02 20:46:02,239 -         train_search: [    INFO] - Train: 32 [  50/390]  Loss: 0.5368 (0.659)  Acc@1: 78.1250 (76.2561)  Acc@5: 100.0000 (98.7132)LR: 7.891e-03
2024-09-02 20:46:31,172 -         train_search: [    INFO] - Train: 32 [ 100/390]  Loss: 0.6116 (0.653)  Acc@1: 79.6875 (77.1349)  Acc@5: 100.0000 (98.6696)LR: 7.891e-03
2024-09-02 20:47:00,435 -         train_search: [    INFO] - Train: 32 [ 150/390]  Loss: 0.7120 (0.656)  Acc@1: 75.0000 (76.9661)  Acc@5: 100.0000 (98.7479)LR: 7.891e-03
2024-09-02 20:47:29,937 -         train_search: [    INFO] - Train: 32 [ 200/390]  Loss: 0.8617 (0.659)  Acc@1: 67.1875 (76.9590)  Acc@5: 96.8750 (98.6474)LR: 7.891e-03
2024-09-02 20:47:59,882 -         train_search: [    INFO] - Train: 32 [ 250/390]  Loss: 0.7291 (0.661)  Acc@1: 76.5625 (76.8364)  Acc@5: 98.4375 (98.6305)LR: 7.891e-03
2024-09-02 20:48:29,345 -         train_search: [    INFO] - Train: 32 [ 300/390]  Loss: 0.8576 (0.668)  Acc@1: 67.1875 (76.6352)  Acc@5: 100.0000 (98.5984)LR: 7.891e-03
2024-09-02 20:48:59,173 -         train_search: [    INFO] - Train: 32 [ 350/390]  Loss: 0.4941 (0.670)  Acc@1: 84.3750 (76.6337)  Acc@5: 100.0000 (98.6111)LR: 7.891e-03
2024-09-02 20:49:23,145 -         train_search: [    INFO] - Train: 32 [ 390/390]  Loss: 0.9475 (0.673)  Acc@1: 65.0000 (76.6160)  Acc@5: 100.0000 (98.5640)LR: 7.891e-03
2024-09-02 20:49:23,293 -         train_search: [    INFO] - train_acc 76.616000
2024-09-02 20:49:23,577 -         train_search: [    INFO] - Valid: 32 [   0/390]  Loss: 0.5826 (0.583)  Acc@1: 81.2500 (81.2500)  Acc@5: 96.8750 (96.8750)
2024-09-02 20:49:27,830 -         train_search: [    INFO] - Valid: 32 [  50/390]  Loss: 0.7937 (0.684)  Acc@1: 73.4375 (76.4400)  Acc@5: 96.8750 (98.1924)
2024-09-02 20:49:31,907 -         train_search: [    INFO] - Valid: 32 [ 100/390]  Loss: 0.6831 (0.684)  Acc@1: 73.4375 (76.4851)  Acc@5: 96.8750 (98.2519)
2024-09-02 20:49:36,076 -         train_search: [    INFO] - Valid: 32 [ 150/390]  Loss: 0.8309 (0.673)  Acc@1: 71.8750 (76.7488)  Acc@5: 98.4375 (98.3547)
2024-09-02 20:49:40,302 -         train_search: [    INFO] - Valid: 32 [ 200/390]  Loss: 0.5707 (0.671)  Acc@1: 84.3750 (76.7413)  Acc@5: 98.4375 (98.3520)
2024-09-02 20:49:44,667 -         train_search: [    INFO] - Valid: 32 [ 250/390]  Loss: 0.7337 (0.674)  Acc@1: 73.4375 (76.6372)  Acc@5: 100.0000 (98.4375)
2024-09-02 20:49:48,983 -         train_search: [    INFO] - Valid: 32 [ 300/390]  Loss: 0.5202 (0.673)  Acc@1: 85.9375 (76.6871)  Acc@5: 98.4375 (98.4167)
2024-09-02 20:49:53,345 -         train_search: [    INFO] - Valid: 32 [ 350/390]  Loss: 0.7754 (0.673)  Acc@1: 73.4375 (76.8251)  Acc@5: 96.8750 (98.4108)
2024-09-02 20:49:56,713 -         train_search: [    INFO] - Valid: 32 [ 390/390]  Loss: 0.6618 (0.673)  Acc@1: 77.5000 (76.8120)  Acc@5: 100.0000 (98.4120)
2024-09-02 20:49:56,782 -         train_search: [    INFO] - valid_acc 76.812000
2024-09-02 20:49:56,852 -         train_search: [    INFO] - epoch = 32   
 genotype = |nor_conv_3x3~0|+|nor_conv_3x3~0|nor_conv_3x3~1|+|skip_connect~0|nor_conv_3x3~1|nor_conv_3x3~2|
2024-09-02 20:49:56,912 -         train_search: [    INFO] - alphas_normal = 
 tensor([[0.2459, 0.1833, 0.0557, 0.1992, 0.3159],
        [0.2495, 0.1669, 0.0569, 0.1987, 0.3280],
        [0.1395, 0.1061, 0.0550, 0.1695, 0.5299],
        [0.1953, 0.2814, 0.0517, 0.2773, 0.1943],
        [0.3295, 0.2039, 0.0479, 0.2060, 0.2127],
        [0.1569, 0.1882, 0.0548, 0.2009, 0.3993]], device='cuda:0',
       grad_fn=<SoftmaxBackward0>)
2024-09-02 20:49:58,034 -         train_search: [    INFO] - Train: 33 [   0/390]  Loss: 0.7945 (0.795)  Acc@1: 68.7500 (68.7500)  Acc@5: 96.8750 (96.8750)LR: 7.219e-03
2024-09-02 20:50:27,998 -         train_search: [    INFO] - Train: 33 [  50/390]  Loss: 0.4724 (0.623)  Acc@1: 81.2500 (78.2169)  Acc@5: 100.0000 (98.7132)LR: 7.219e-03
2024-09-02 20:50:57,345 -         train_search: [    INFO] - Train: 33 [ 100/390]  Loss: 0.5433 (0.629)  Acc@1: 76.5625 (78.0012)  Acc@5: 100.0000 (98.7314)LR: 7.219e-03
2024-09-02 20:51:26,897 -         train_search: [    INFO] - Train: 33 [ 150/390]  Loss: 0.6594 (0.638)  Acc@1: 81.2500 (78.0836)  Acc@5: 95.3125 (98.6651)LR: 7.219e-03
2024-09-02 20:51:56,517 -         train_search: [    INFO] - Train: 33 [ 200/390]  Loss: 0.6200 (0.643)  Acc@1: 78.1250 (77.8529)  Acc@5: 96.8750 (98.6241)LR: 7.219e-03
2024-09-02 20:52:25,959 -         train_search: [    INFO] - Train: 33 [ 250/390]  Loss: 0.5075 (0.647)  Acc@1: 85.9375 (77.7141)  Acc@5: 96.8750 (98.5371)LR: 7.219e-03
2024-09-02 20:52:55,138 -         train_search: [    INFO] - Train: 33 [ 300/390]  Loss: 0.6750 (0.641)  Acc@1: 76.5625 (77.9693)  Acc@5: 100.0000 (98.6192)LR: 7.219e-03
2024-09-02 20:53:24,729 -         train_search: [    INFO] - Train: 33 [ 350/390]  Loss: 0.6486 (0.639)  Acc@1: 75.0000 (78.1295)  Acc@5: 98.4375 (98.6245)LR: 7.219e-03
2024-09-02 20:53:48,318 -         train_search: [    INFO] - Train: 33 [ 390/390]  Loss: 0.8640 (0.643)  Acc@1: 72.5000 (77.9240)  Acc@5: 92.5000 (98.6160)LR: 7.219e-03
2024-09-02 20:53:48,475 -         train_search: [    INFO] - train_acc 77.924000
2024-09-02 20:53:48,769 -         train_search: [    INFO] - Valid: 33 [   0/390]  Loss: 0.6536 (0.654)  Acc@1: 78.1250 (78.1250)  Acc@5: 98.4375 (98.4375)
2024-09-02 20:53:52,855 -         train_search: [    INFO] - Valid: 33 [  50/390]  Loss: 0.6257 (0.675)  Acc@1: 81.2500 (76.7770)  Acc@5: 100.0000 (98.5907)
2024-09-02 20:53:57,127 -         train_search: [    INFO] - Valid: 33 [ 100/390]  Loss: 0.7398 (0.677)  Acc@1: 71.8750 (76.7791)  Acc@5: 96.8750 (98.4220)
2024-09-02 20:54:01,364 -         train_search: [    INFO] - Valid: 33 [ 150/390]  Loss: 0.6539 (0.676)  Acc@1: 81.2500 (76.8522)  Acc@5: 96.8750 (98.3754)
2024-09-02 20:54:05,671 -         train_search: [    INFO] - Valid: 33 [ 200/390]  Loss: 0.5579 (0.668)  Acc@1: 76.5625 (76.9356)  Acc@5: 100.0000 (98.4530)
2024-09-02 20:54:10,057 -         train_search: [    INFO] - Valid: 33 [ 250/390]  Loss: 0.5896 (0.665)  Acc@1: 81.2500 (76.9173)  Acc@5: 98.4375 (98.5247)
2024-09-02 20:54:14,393 -         train_search: [    INFO] - Valid: 33 [ 300/390]  Loss: 0.7109 (0.664)  Acc@1: 73.4375 (76.8895)  Acc@5: 98.4375 (98.5413)
2024-09-02 20:54:18,754 -         train_search: [    INFO] - Valid: 33 [ 350/390]  Loss: 0.8443 (0.667)  Acc@1: 67.1875 (76.7984)  Acc@5: 100.0000 (98.5221)
2024-09-02 20:54:22,087 -         train_search: [    INFO] - Valid: 33 [ 390/390]  Loss: 0.6553 (0.670)  Acc@1: 77.5000 (76.6680)  Acc@5: 97.5000 (98.5360)
2024-09-02 20:54:22,163 -         train_search: [    INFO] - valid_acc 76.668000
2024-09-02 20:54:22,232 -         train_search: [    INFO] - epoch = 33   
 genotype = |nor_conv_3x3~0|+|nor_conv_3x3~0|nor_conv_3x3~1|+|skip_connect~0|nor_conv_3x3~1|nor_conv_3x3~2|
2024-09-02 20:54:22,300 -         train_search: [    INFO] - alphas_normal = 
 tensor([[0.2455, 0.1854, 0.0552, 0.1967, 0.3172],
        [0.2505, 0.1692, 0.0571, 0.2001, 0.3231],
        [0.1390, 0.1054, 0.0542, 0.1666, 0.5348],
        [0.1920, 0.2860, 0.0513, 0.2779, 0.1928],
        [0.3303, 0.2034, 0.0472, 0.2053, 0.2138],
        [0.1574, 0.1875, 0.0538, 0.1998, 0.4016]], device='cuda:0',
       grad_fn=<SoftmaxBackward0>)
2024-09-02 20:54:23,337 -         train_search: [    INFO] - Train: 34 [   0/390]  Loss: 0.6553 (0.655)  Acc@1: 78.1250 (78.1250)  Acc@5: 100.0000 (100.0000)LR: 6.570e-03
2024-09-02 20:54:53,703 -         train_search: [    INFO] - Train: 34 [  50/390]  Loss: 0.6111 (0.623)  Acc@1: 76.5625 (78.3088)  Acc@5: 100.0000 (98.9890)LR: 6.570e-03
2024-09-02 20:55:23,742 -         train_search: [    INFO] - Train: 34 [ 100/390]  Loss: 0.5902 (0.636)  Acc@1: 84.3750 (77.8775)  Acc@5: 98.4375 (98.8707)LR: 6.570e-03
2024-09-02 20:55:52,727 -         train_search: [    INFO] - Train: 34 [ 150/390]  Loss: 0.6661 (0.636)  Acc@1: 73.4375 (77.9698)  Acc@5: 100.0000 (98.8204)LR: 6.570e-03
2024-09-02 20:56:22,299 -         train_search: [    INFO] - Train: 34 [ 200/390]  Loss: 0.7029 (0.631)  Acc@1: 78.1250 (78.2183)  Acc@5: 100.0000 (98.7795)LR: 6.570e-03
2024-09-02 20:56:51,752 -         train_search: [    INFO] - Train: 34 [ 250/390]  Loss: 0.4308 (0.633)  Acc@1: 84.3750 (78.1997)  Acc@5: 100.0000 (98.7550)LR: 6.570e-03
2024-09-02 20:57:21,043 -         train_search: [    INFO] - Train: 34 [ 300/390]  Loss: 0.4390 (0.634)  Acc@1: 84.3750 (78.2132)  Acc@5: 100.0000 (98.7749)LR: 6.570e-03
2024-09-02 20:57:50,099 -         train_search: [    INFO] - Train: 34 [ 350/390]  Loss: 0.5929 (0.633)  Acc@1: 87.5000 (78.2808)  Acc@5: 100.0000 (98.7046)LR: 6.570e-03
2024-09-02 20:58:13,513 -         train_search: [    INFO] - Train: 34 [ 390/390]  Loss: 0.9621 (0.632)  Acc@1: 67.5000 (78.2560)  Acc@5: 100.0000 (98.7400)LR: 6.570e-03
2024-09-02 20:58:13,677 -         train_search: [    INFO] - train_acc 78.256000
2024-09-02 20:58:14,029 -         train_search: [    INFO] - Valid: 34 [   0/390]  Loss: 0.6744 (0.674)  Acc@1: 73.4375 (73.4375)  Acc@5: 100.0000 (100.0000)
2024-09-02 20:58:18,158 -         train_search: [    INFO] - Valid: 34 [  50/390]  Loss: 0.7834 (0.659)  Acc@1: 68.7500 (77.5123)  Acc@5: 98.4375 (98.6826)
2024-09-02 20:58:22,316 -         train_search: [    INFO] - Valid: 34 [ 100/390]  Loss: 0.8099 (0.648)  Acc@1: 73.4375 (78.1095)  Acc@5: 100.0000 (98.6850)
2024-09-02 20:58:26,464 -         train_search: [    INFO] - Valid: 34 [ 150/390]  Loss: 0.6909 (0.651)  Acc@1: 76.5625 (77.9180)  Acc@5: 96.8750 (98.5617)
2024-09-02 20:58:30,664 -         train_search: [    INFO] - Valid: 34 [ 200/390]  Loss: 0.4681 (0.649)  Acc@1: 81.2500 (77.8296)  Acc@5: 98.4375 (98.6163)
2024-09-02 20:58:34,820 -         train_search: [    INFO] - Valid: 34 [ 250/390]  Loss: 0.5734 (0.649)  Acc@1: 78.1250 (77.6394)  Acc@5: 100.0000 (98.5807)
2024-09-02 20:58:38,989 -         train_search: [    INFO] - Valid: 34 [ 300/390]  Loss: 0.6659 (0.646)  Acc@1: 76.5625 (77.8032)  Acc@5: 96.8750 (98.5828)
2024-09-02 20:58:43,085 -         train_search: [    INFO] - Valid: 34 [ 350/390]  Loss: 0.6132 (0.649)  Acc@1: 78.1250 (77.6976)  Acc@5: 100.0000 (98.5978)
2024-09-02 20:58:46,374 -         train_search: [    INFO] - Valid: 34 [ 390/390]  Loss: 0.6701 (0.649)  Acc@1: 75.0000 (77.6760)  Acc@5: 100.0000 (98.5800)
2024-09-02 20:58:46,444 -         train_search: [    INFO] - valid_acc 77.676000
2024-09-02 20:58:46,513 -         train_search: [    INFO] - epoch = 34   
 genotype = |nor_conv_3x3~0|+|nor_conv_3x3~0|nor_conv_3x3~1|+|skip_connect~0|nor_conv_3x3~1|nor_conv_3x3~2|
2024-09-02 20:58:46,565 -         train_search: [    INFO] - alphas_normal = 
 tensor([[0.2434, 0.1855, 0.0547, 0.1974, 0.3191],
        [0.2477, 0.1704, 0.0573, 0.2009, 0.3237],
        [0.1404, 0.1064, 0.0543, 0.1667, 0.5323],
        [0.1879, 0.2885, 0.0511, 0.2788, 0.1936],
        [0.3289, 0.2034, 0.0470, 0.2055, 0.2152],
        [0.1586, 0.1879, 0.0534, 0.1990, 0.4012]], device='cuda:0',
       grad_fn=<SoftmaxBackward0>)
2024-09-02 20:58:47,729 -         train_search: [    INFO] - Train: 35 [   0/390]  Loss: 0.6864 (0.686)  Acc@1: 67.1875 (67.1875)  Acc@5: 98.4375 (98.4375)LR: 5.947e-03
2024-09-02 20:59:18,080 -         train_search: [    INFO] - Train: 35 [  50/390]  Loss: 0.5819 (0.605)  Acc@1: 76.5625 (78.8909)  Acc@5: 98.4375 (98.8664)LR: 5.947e-03
2024-09-02 20:59:47,833 -         train_search: [    INFO] - Train: 35 [ 100/390]  Loss: 0.8569 (0.609)  Acc@1: 75.0000 (78.5736)  Acc@5: 98.4375 (98.6541)LR: 5.947e-03
2024-09-02 21:00:18,450 -         train_search: [    INFO] - Train: 35 [ 150/390]  Loss: 0.6843 (0.615)  Acc@1: 75.0000 (78.2492)  Acc@5: 98.4375 (98.6238)LR: 5.947e-03
2024-09-02 21:00:47,771 -         train_search: [    INFO] - Train: 35 [ 200/390]  Loss: 0.5752 (0.615)  Acc@1: 78.1250 (78.1483)  Acc@5: 98.4375 (98.6085)LR: 5.947e-03
2024-09-02 21:01:17,207 -         train_search: [    INFO] - Train: 35 [ 250/390]  Loss: 0.7502 (0.620)  Acc@1: 71.8750 (78.1001)  Acc@5: 98.4375 (98.6367)LR: 5.947e-03
2024-09-02 21:01:46,642 -         train_search: [    INFO] - Train: 35 [ 300/390]  Loss: 0.6521 (0.617)  Acc@1: 75.0000 (78.3275)  Acc@5: 100.0000 (98.7022)LR: 5.947e-03
2024-09-02 21:02:16,181 -         train_search: [    INFO] - Train: 35 [ 350/390]  Loss: 0.7573 (0.613)  Acc@1: 79.6875 (78.5791)  Acc@5: 95.3125 (98.7090)LR: 5.947e-03
2024-09-02 21:02:39,703 -         train_search: [    INFO] - Train: 35 [ 390/390]  Loss: 0.7633 (0.612)  Acc@1: 72.5000 (78.5680)  Acc@5: 100.0000 (98.7400)LR: 5.947e-03
2024-09-02 21:02:39,892 -         train_search: [    INFO] - train_acc 78.568000
2024-09-02 21:02:40,219 -         train_search: [    INFO] - Valid: 35 [   0/390]  Loss: 0.5949 (0.595)  Acc@1: 79.6875 (79.6875)  Acc@5: 100.0000 (100.0000)
2024-09-02 21:02:44,359 -         train_search: [    INFO] - Valid: 35 [  50/390]  Loss: 0.6661 (0.641)  Acc@1: 79.6875 (78.0944)  Acc@5: 98.4375 (98.3150)
2024-09-02 21:02:48,564 -         train_search: [    INFO] - Valid: 35 [ 100/390]  Loss: 0.5702 (0.645)  Acc@1: 84.3750 (77.7847)  Acc@5: 100.0000 (98.5922)
2024-09-02 21:02:52,681 -         train_search: [    INFO] - Valid: 35 [ 150/390]  Loss: 0.8122 (0.631)  Acc@1: 68.7500 (78.4044)  Acc@5: 98.4375 (98.6651)
2024-09-02 21:02:56,849 -         train_search: [    INFO] - Valid: 35 [ 200/390]  Loss: 0.5178 (0.625)  Acc@1: 82.8125 (78.6147)  Acc@5: 100.0000 (98.6785)
2024-09-02 21:03:01,046 -         train_search: [    INFO] - Valid: 35 [ 250/390]  Loss: 0.6380 (0.627)  Acc@1: 78.1250 (78.5670)  Acc@5: 95.3125 (98.6616)
2024-09-02 21:03:05,224 -         train_search: [    INFO] - Valid: 35 [ 300/390]  Loss: 0.6787 (0.627)  Acc@1: 75.0000 (78.4936)  Acc@5: 100.0000 (98.6763)
2024-09-02 21:03:09,360 -         train_search: [    INFO] - Valid: 35 [ 350/390]  Loss: 0.8828 (0.629)  Acc@1: 67.1875 (78.3520)  Acc@5: 96.8750 (98.6245)
2024-09-02 21:03:12,654 -         train_search: [    INFO] - Valid: 35 [ 390/390]  Loss: 0.3924 (0.630)  Acc@1: 82.5000 (78.3520)  Acc@5: 100.0000 (98.5960)
2024-09-02 21:03:12,720 -         train_search: [    INFO] - valid_acc 78.352000
2024-09-02 21:03:12,787 -         train_search: [    INFO] - epoch = 35   
 genotype = |nor_conv_3x3~0|+|nor_conv_3x3~0|nor_conv_3x3~1|+|skip_connect~0|nor_conv_3x3~1|nor_conv_3x3~2|
2024-09-02 21:03:12,842 -         train_search: [    INFO] - alphas_normal = 
 tensor([[0.2439, 0.1865, 0.0538, 0.1960, 0.3198],
        [0.2484, 0.1702, 0.0569, 0.2008, 0.3237],
        [0.1391, 0.1051, 0.0533, 0.1648, 0.5377],
        [0.1856, 0.2894, 0.0503, 0.2817, 0.1930],
        [0.3309, 0.2021, 0.0460, 0.2050, 0.2160],
        [0.1574, 0.1879, 0.0525, 0.1990, 0.4031]], device='cuda:0',
       grad_fn=<SoftmaxBackward0>)
2024-09-02 21:03:13,898 -         train_search: [    INFO] - Train: 36 [   0/390]  Loss: 0.4727 (0.473)  Acc@1: 78.1250 (78.1250)  Acc@5: 100.0000 (100.0000)LR: 5.351e-03
2024-09-02 21:03:43,463 -         train_search: [    INFO] - Train: 36 [  50/390]  Loss: 0.7176 (0.590)  Acc@1: 75.0000 (78.8603)  Acc@5: 96.8750 (99.0502)LR: 5.351e-03
2024-09-02 21:04:12,945 -         train_search: [    INFO] - Train: 36 [ 100/390]  Loss: 0.4616 (0.595)  Acc@1: 85.9375 (78.7593)  Acc@5: 100.0000 (98.9171)LR: 5.351e-03
2024-09-02 21:04:43,490 -         train_search: [    INFO] - Train: 36 [ 150/390]  Loss: 0.6478 (0.591)  Acc@1: 76.5625 (79.1184)  Acc@5: 100.0000 (98.8514)LR: 5.351e-03
2024-09-02 21:05:14,020 -         train_search: [    INFO] - Train: 36 [ 200/390]  Loss: 0.3515 (0.588)  Acc@1: 89.0625 (79.1511)  Acc@5: 100.0000 (98.9350)LR: 5.351e-03
2024-09-02 21:05:43,633 -         train_search: [    INFO] - Train: 36 [ 250/390]  Loss: 0.4546 (0.592)  Acc@1: 87.5000 (79.1584)  Acc@5: 100.0000 (98.9106)LR: 5.351e-03
2024-09-02 21:06:12,770 -         train_search: [    INFO] - Train: 36 [ 300/390]  Loss: 0.5003 (0.594)  Acc@1: 82.8125 (79.2566)  Acc@5: 100.0000 (98.9151)LR: 5.351e-03
2024-09-02 21:06:42,087 -         train_search: [    INFO] - Train: 36 [ 350/390]  Loss: 0.6514 (0.592)  Acc@1: 71.8750 (79.3536)  Acc@5: 98.4375 (98.9049)LR: 5.351e-03
2024-09-02 21:07:05,719 -         train_search: [    INFO] - Train: 36 [ 390/390]  Loss: 0.6330 (0.593)  Acc@1: 75.0000 (79.3200)  Acc@5: 97.5000 (98.8800)LR: 5.351e-03
2024-09-02 21:07:05,889 -         train_search: [    INFO] - train_acc 79.320000
2024-09-02 21:07:06,218 -         train_search: [    INFO] - Valid: 36 [   0/390]  Loss: 0.6311 (0.631)  Acc@1: 79.6875 (79.6875)  Acc@5: 98.4375 (98.4375)
2024-09-02 21:07:10,301 -         train_search: [    INFO] - Valid: 36 [  50/390]  Loss: 0.5319 (0.595)  Acc@1: 87.5000 (79.5956)  Acc@5: 98.4375 (98.4375)
2024-09-02 21:07:14,445 -         train_search: [    INFO] - Valid: 36 [ 100/390]  Loss: 0.6727 (0.611)  Acc@1: 73.4375 (78.8212)  Acc@5: 98.4375 (98.6077)
2024-09-02 21:07:18,604 -         train_search: [    INFO] - Valid: 36 [ 150/390]  Loss: 0.5252 (0.609)  Acc@1: 78.1250 (79.1494)  Acc@5: 100.0000 (98.6031)
2024-09-02 21:07:22,755 -         train_search: [    INFO] - Valid: 36 [ 200/390]  Loss: 0.7155 (0.612)  Acc@1: 78.1250 (78.9646)  Acc@5: 98.4375 (98.5852)
2024-09-02 21:07:26,863 -         train_search: [    INFO] - Valid: 36 [ 250/390]  Loss: 0.4217 (0.613)  Acc@1: 82.8125 (78.9031)  Acc@5: 98.4375 (98.6056)
2024-09-02 21:07:31,003 -         train_search: [    INFO] - Valid: 36 [ 300/390]  Loss: 0.4000 (0.612)  Acc@1: 85.9375 (78.9452)  Acc@5: 98.4375 (98.5932)
2024-09-02 21:07:35,110 -         train_search: [    INFO] - Valid: 36 [ 350/390]  Loss: 0.5677 (0.610)  Acc@1: 78.1250 (79.0064)  Acc@5: 100.0000 (98.6423)
2024-09-02 21:07:38,445 -         train_search: [    INFO] - Valid: 36 [ 390/390]  Loss: 0.6468 (0.611)  Acc@1: 80.0000 (78.9520)  Acc@5: 100.0000 (98.6560)
2024-09-02 21:07:38,516 -         train_search: [    INFO] - valid_acc 78.952000
2024-09-02 21:07:38,571 -         train_search: [    INFO] - epoch = 36   
 genotype = |nor_conv_3x3~0|+|nor_conv_3x3~0|nor_conv_3x3~1|+|skip_connect~0|nor_conv_3x3~1|nor_conv_3x3~2|
2024-09-02 21:07:38,626 -         train_search: [    INFO] - alphas_normal = 
 tensor([[0.2429, 0.1878, 0.0537, 0.1954, 0.3202],
        [0.2492, 0.1691, 0.0568, 0.2034, 0.3215],
        [0.1388, 0.1042, 0.0530, 0.1653, 0.5387],
        [0.1830, 0.2909, 0.0505, 0.2823, 0.1934],
        [0.3294, 0.2021, 0.0462, 0.2053, 0.2170],
        [0.1584, 0.1878, 0.0524, 0.1980, 0.4034]], device='cuda:0',
       grad_fn=<SoftmaxBackward0>)
2024-09-02 21:07:39,684 -         train_search: [    INFO] - Train: 37 [   0/390]  Loss: 0.4901 (0.490)  Acc@1: 84.3750 (84.3750)  Acc@5: 98.4375 (98.4375)LR: 4.785e-03
2024-09-02 21:08:08,889 -         train_search: [    INFO] - Train: 37 [  50/390]  Loss: 0.6344 (0.557)  Acc@1: 78.1250 (79.8407)  Acc@5: 100.0000 (99.1422)LR: 4.785e-03
2024-09-02 21:08:38,259 -         train_search: [    INFO] - Train: 37 [ 100/390]  Loss: 0.7814 (0.567)  Acc@1: 79.6875 (80.0278)  Acc@5: 98.4375 (98.9944)LR: 4.785e-03
2024-09-02 21:09:07,548 -         train_search: [    INFO] - Train: 37 [ 150/390]  Loss: 0.4063 (0.571)  Acc@1: 84.3750 (79.9565)  Acc@5: 98.4375 (98.9445)LR: 4.785e-03
2024-09-02 21:09:37,881 -         train_search: [    INFO] - Train: 37 [ 200/390]  Loss: 0.2881 (0.573)  Acc@1: 93.7500 (79.8352)  Acc@5: 100.0000 (98.9506)LR: 4.785e-03
2024-09-02 21:10:07,964 -         train_search: [    INFO] - Train: 37 [ 250/390]  Loss: 0.4183 (0.572)  Acc@1: 84.3750 (79.9303)  Acc@5: 100.0000 (98.9542)LR: 4.785e-03
2024-09-02 21:10:38,588 -         train_search: [    INFO] - Train: 37 [ 300/390]  Loss: 0.5736 (0.571)  Acc@1: 82.8125 (79.9263)  Acc@5: 98.4375 (98.9618)LR: 4.785e-03
2024-09-02 21:11:08,181 -         train_search: [    INFO] - Train: 37 [ 350/390]  Loss: 0.7098 (0.574)  Acc@1: 78.1250 (79.8656)  Acc@5: 98.4375 (98.9138)LR: 4.785e-03
2024-09-02 21:11:31,766 -         train_search: [    INFO] - Train: 37 [ 390/390]  Loss: 0.5296 (0.577)  Acc@1: 85.0000 (79.8120)  Acc@5: 100.0000 (98.9240)LR: 4.785e-03
2024-09-02 21:11:31,924 -         train_search: [    INFO] - train_acc 79.812000
2024-09-02 21:11:32,202 -         train_search: [    INFO] - Valid: 37 [   0/390]  Loss: 0.5932 (0.593)  Acc@1: 81.2500 (81.2500)  Acc@5: 98.4375 (98.4375)
2024-09-02 21:11:36,361 -         train_search: [    INFO] - Valid: 37 [  50/390]  Loss: 0.6421 (0.613)  Acc@1: 71.8750 (79.1054)  Acc@5: 100.0000 (98.6520)
2024-09-02 21:11:40,441 -         train_search: [    INFO] - Valid: 37 [ 100/390]  Loss: 0.7096 (0.621)  Acc@1: 75.0000 (78.6974)  Acc@5: 100.0000 (98.6077)
2024-09-02 21:11:44,643 -         train_search: [    INFO] - Valid: 37 [ 150/390]  Loss: 0.7776 (0.611)  Acc@1: 76.5625 (79.0252)  Acc@5: 96.8750 (98.7479)
2024-09-02 21:11:48,824 -         train_search: [    INFO] - Valid: 37 [ 200/390]  Loss: 0.7110 (0.610)  Acc@1: 75.0000 (79.0112)  Acc@5: 98.4375 (98.8184)
2024-09-02 21:11:52,991 -         train_search: [    INFO] - Valid: 37 [ 250/390]  Loss: 0.6846 (0.609)  Acc@1: 81.2500 (78.9031)  Acc@5: 93.7500 (98.8110)
2024-09-02 21:11:57,218 -         train_search: [    INFO] - Valid: 37 [ 300/390]  Loss: 0.9385 (0.606)  Acc@1: 67.1875 (79.0750)  Acc@5: 98.4375 (98.8164)
2024-09-02 21:12:01,286 -         train_search: [    INFO] - Valid: 37 [ 350/390]  Loss: 0.9241 (0.607)  Acc@1: 68.7500 (79.0109)  Acc@5: 98.4375 (98.7580)
2024-09-02 21:12:04,526 -         train_search: [    INFO] - Valid: 37 [ 390/390]  Loss: 0.7527 (0.612)  Acc@1: 75.0000 (78.8880)  Acc@5: 97.5000 (98.7480)
2024-09-02 21:12:04,593 -         train_search: [    INFO] - valid_acc 78.888000
2024-09-02 21:12:04,669 -         train_search: [    INFO] - epoch = 37   
 genotype = |nor_conv_3x3~0|+|nor_conv_3x3~0|nor_conv_3x3~1|+|skip_connect~0|nor_conv_3x3~1|nor_conv_3x3~2|
2024-09-02 21:12:04,740 -         train_search: [    INFO] - alphas_normal = 
 tensor([[0.2435, 0.1890, 0.0532, 0.1972, 0.3172],
        [0.2477, 0.1693, 0.0565, 0.2065, 0.3201],
        [0.1394, 0.1040, 0.0525, 0.1647, 0.5394],
        [0.1805, 0.2908, 0.0501, 0.2860, 0.1927],
        [0.3315, 0.2008, 0.0456, 0.2049, 0.2172],
        [0.1578, 0.1861, 0.0517, 0.1981, 0.4063]], device='cuda:0',
       grad_fn=<SoftmaxBackward0>)
2024-09-02 21:12:05,901 -         train_search: [    INFO] - Train: 38 [   0/390]  Loss: 0.5160 (0.516)  Acc@1: 79.6875 (79.6875)  Acc@5: 100.0000 (100.0000)LR: 4.252e-03
2024-09-02 21:12:35,241 -         train_search: [    INFO] - Train: 38 [  50/390]  Loss: 0.5977 (0.563)  Acc@1: 78.1250 (80.3309)  Acc@5: 98.4375 (98.7132)LR: 4.252e-03
2024-09-02 21:13:04,589 -         train_search: [    INFO] - Train: 38 [ 100/390]  Loss: 0.4239 (0.575)  Acc@1: 82.8125 (80.3218)  Acc@5: 100.0000 (98.8397)LR: 4.252e-03
2024-09-02 21:13:34,499 -         train_search: [    INFO] - Train: 38 [ 150/390]  Loss: 0.7871 (0.569)  Acc@1: 71.8750 (80.2773)  Acc@5: 98.4375 (98.9238)LR: 4.252e-03
2024-09-02 21:14:04,008 -         train_search: [    INFO] - Train: 38 [ 200/390]  Loss: 0.5592 (0.570)  Acc@1: 82.8125 (80.2317)  Acc@5: 98.4375 (98.8728)LR: 4.252e-03
2024-09-02 21:14:34,483 -         train_search: [    INFO] - Train: 38 [ 250/390]  Loss: 0.7292 (0.573)  Acc@1: 75.0000 (80.2540)  Acc@5: 96.8750 (98.8670)LR: 4.252e-03
2024-09-02 21:15:04,613 -         train_search: [    INFO] - Train: 38 [ 300/390]  Loss: 0.4956 (0.575)  Acc@1: 82.8125 (80.2066)  Acc@5: 100.0000 (98.8476)LR: 4.252e-03
2024-09-02 21:15:34,927 -         train_search: [    INFO] - Train: 38 [ 350/390]  Loss: 0.5297 (0.568)  Acc@1: 84.3750 (80.4398)  Acc@5: 98.4375 (98.8738)LR: 4.252e-03
2024-09-02 21:15:58,377 -         train_search: [    INFO] - Train: 38 [ 390/390]  Loss: 0.6946 (0.567)  Acc@1: 77.5000 (80.4840)  Acc@5: 97.5000 (98.8880)LR: 4.252e-03
2024-09-02 21:15:58,529 -         train_search: [    INFO] - train_acc 80.484000
2024-09-02 21:15:58,823 -         train_search: [    INFO] - Valid: 38 [   0/390]  Loss: 0.7356 (0.736)  Acc@1: 79.6875 (79.6875)  Acc@5: 93.7500 (93.7500)
2024-09-02 21:16:02,888 -         train_search: [    INFO] - Valid: 38 [  50/390]  Loss: 0.6401 (0.608)  Acc@1: 79.6875 (78.5846)  Acc@5: 98.4375 (98.8971)
2024-09-02 21:16:07,075 -         train_search: [    INFO] - Valid: 38 [ 100/390]  Loss: 0.5944 (0.595)  Acc@1: 84.3750 (79.0842)  Acc@5: 100.0000 (98.9635)
2024-09-02 21:16:11,248 -         train_search: [    INFO] - Valid: 38 [ 150/390]  Loss: 0.5960 (0.597)  Acc@1: 82.8125 (79.2115)  Acc@5: 100.0000 (98.7790)
2024-09-02 21:16:15,413 -         train_search: [    INFO] - Valid: 38 [ 200/390]  Loss: 0.5600 (0.603)  Acc@1: 81.2500 (79.0190)  Acc@5: 100.0000 (98.7951)
2024-09-02 21:16:19,626 -         train_search: [    INFO] - Valid: 38 [ 250/390]  Loss: 0.5125 (0.603)  Acc@1: 84.3750 (79.0525)  Acc@5: 98.4375 (98.8110)
2024-09-02 21:16:23,775 -         train_search: [    INFO] - Valid: 38 [ 300/390]  Loss: 0.6967 (0.605)  Acc@1: 73.4375 (79.0023)  Acc@5: 96.8750 (98.7905)
2024-09-02 21:16:27,851 -         train_search: [    INFO] - Valid: 38 [ 350/390]  Loss: 0.6772 (0.605)  Acc@1: 78.1250 (78.9352)  Acc@5: 100.0000 (98.7936)
2024-09-02 21:16:31,214 -         train_search: [    INFO] - Valid: 38 [ 390/390]  Loss: 0.3509 (0.604)  Acc@1: 85.0000 (79.0240)  Acc@5: 100.0000 (98.8360)
2024-09-02 21:16:31,285 -         train_search: [    INFO] - valid_acc 79.024000
2024-09-02 21:16:31,362 -         train_search: [    INFO] - epoch = 38   
 genotype = |nor_conv_3x3~0|+|nor_conv_3x3~0|nor_conv_3x3~1|+|skip_connect~0|nor_conv_3x3~1|nor_conv_3x3~2|
2024-09-02 21:16:31,433 -         train_search: [    INFO] - alphas_normal = 
 tensor([[0.2432, 0.1877, 0.0526, 0.1982, 0.3182],
        [0.2494, 0.1679, 0.0561, 0.2048, 0.3218],
        [0.1382, 0.1027, 0.0517, 0.1627, 0.5447],
        [0.1793, 0.2904, 0.0496, 0.2896, 0.1910],
        [0.3319, 0.2002, 0.0451, 0.2042, 0.2185],
        [0.1565, 0.1839, 0.0509, 0.1980, 0.4107]], device='cuda:0',
       grad_fn=<SoftmaxBackward0>)
2024-09-02 21:16:32,462 -         train_search: [    INFO] - Train: 39 [   0/390]  Loss: 0.4482 (0.448)  Acc@1: 82.8125 (82.8125)  Acc@5: 98.4375 (98.4375)LR: 3.754e-03
2024-09-02 21:17:02,213 -         train_search: [    INFO] - Train: 39 [  50/390]  Loss: 0.5152 (0.501)  Acc@1: 81.2500 (82.7819)  Acc@5: 100.0000 (99.1115)LR: 3.754e-03
2024-09-02 21:17:31,528 -         train_search: [    INFO] - Train: 39 [ 100/390]  Loss: 0.5199 (0.517)  Acc@1: 82.8125 (82.4103)  Acc@5: 100.0000 (99.0563)LR: 3.754e-03
2024-09-02 21:18:01,134 -         train_search: [    INFO] - Train: 39 [ 150/390]  Loss: 0.4702 (0.525)  Acc@1: 85.9375 (82.1916)  Acc@5: 100.0000 (98.9859)LR: 3.754e-03
2024-09-02 21:18:30,719 -         train_search: [    INFO] - Train: 39 [ 200/390]  Loss: 0.7265 (0.539)  Acc@1: 75.0000 (81.5765)  Acc@5: 98.4375 (98.9117)LR: 3.754e-03
2024-09-02 21:19:00,161 -         train_search: [    INFO] - Train: 39 [ 250/390]  Loss: 0.4915 (0.540)  Acc@1: 82.8125 (81.4928)  Acc@5: 100.0000 (98.9542)LR: 3.754e-03
2024-09-02 21:19:29,372 -         train_search: [    INFO] - Train: 39 [ 300/390]  Loss: 0.6821 (0.541)  Acc@1: 71.8750 (81.4680)  Acc@5: 98.4375 (99.0033)LR: 3.754e-03
2024-09-02 21:19:59,636 -         train_search: [    INFO] - Train: 39 [ 350/390]  Loss: 0.3996 (0.541)  Acc@1: 84.3750 (81.3835)  Acc@5: 100.0000 (99.0118)LR: 3.754e-03
2024-09-02 21:20:23,648 -         train_search: [    INFO] - Train: 39 [ 390/390]  Loss: 0.4769 (0.540)  Acc@1: 80.0000 (81.4320)  Acc@5: 100.0000 (99.0280)LR: 3.754e-03
2024-09-02 21:20:23,802 -         train_search: [    INFO] - train_acc 81.432000
2024-09-02 21:20:24,109 -         train_search: [    INFO] - Valid: 39 [   0/390]  Loss: 0.5815 (0.581)  Acc@1: 76.5625 (76.5625)  Acc@5: 98.4375 (98.4375)
2024-09-02 21:20:28,451 -         train_search: [    INFO] - Valid: 39 [  50/390]  Loss: 0.6167 (0.586)  Acc@1: 75.0000 (79.5650)  Acc@5: 100.0000 (98.9890)
2024-09-02 21:20:32,749 -         train_search: [    INFO] - Valid: 39 [ 100/390]  Loss: 0.4638 (0.581)  Acc@1: 84.3750 (79.7803)  Acc@5: 100.0000 (99.0254)
2024-09-02 21:20:37,089 -         train_search: [    INFO] - Valid: 39 [ 150/390]  Loss: 0.7654 (0.585)  Acc@1: 71.8750 (79.7703)  Acc@5: 96.8750 (98.9342)
2024-09-02 21:20:41,222 -         train_search: [    INFO] - Valid: 39 [ 200/390]  Loss: 0.7574 (0.591)  Acc@1: 73.4375 (79.3610)  Acc@5: 96.8750 (98.8884)
2024-09-02 21:20:45,424 -         train_search: [    INFO] - Valid: 39 [ 250/390]  Loss: 0.5426 (0.591)  Acc@1: 85.9375 (79.4385)  Acc@5: 100.0000 (98.8733)
2024-09-02 21:20:49,586 -         train_search: [    INFO] - Valid: 39 [ 300/390]  Loss: 0.6668 (0.586)  Acc@1: 79.6875 (79.7135)  Acc@5: 96.8750 (98.8580)
2024-09-02 21:20:53,596 -         train_search: [    INFO] - Valid: 39 [ 350/390]  Loss: 0.7761 (0.584)  Acc@1: 70.3125 (79.7632)  Acc@5: 100.0000 (98.8738)
2024-09-02 21:20:56,929 -         train_search: [    INFO] - Valid: 39 [ 390/390]  Loss: 0.3343 (0.584)  Acc@1: 90.0000 (79.8400)  Acc@5: 100.0000 (98.8600)
2024-09-02 21:20:56,997 -         train_search: [    INFO] - valid_acc 79.840000
2024-09-02 21:20:57,070 -         train_search: [    INFO] - epoch = 39   
 genotype = |nor_conv_3x3~0|+|nor_conv_3x3~0|nor_conv_3x3~1|+|skip_connect~0|nor_conv_3x3~1|nor_conv_3x3~2|
2024-09-02 21:20:57,145 -         train_search: [    INFO] - alphas_normal = 
 tensor([[0.2402, 0.1878, 0.0521, 0.1990, 0.3209],
        [0.2505, 0.1671, 0.0560, 0.2055, 0.3210],
        [0.1373, 0.1019, 0.0515, 0.1616, 0.5477],
        [0.1764, 0.2930, 0.0494, 0.2920, 0.1892],
        [0.3298, 0.2021, 0.0452, 0.2040, 0.2189],
        [0.1562, 0.1838, 0.0505, 0.1967, 0.4128]], device='cuda:0',
       grad_fn=<SoftmaxBackward0>)
2024-09-02 21:20:58,334 -         train_search: [    INFO] - Train: 40 [   0/390]  Loss: 0.3380 (0.338)  Acc@1: 85.9375 (85.9375)  Acc@5: 100.0000 (100.0000)LR: 3.292e-03
2024-09-02 21:21:27,695 -         train_search: [    INFO] - Train: 40 [  50/390]  Loss: 0.5396 (0.506)  Acc@1: 84.3750 (82.4142)  Acc@5: 98.4375 (99.3566)LR: 3.292e-03
2024-09-02 21:21:56,934 -         train_search: [    INFO] - Train: 40 [ 100/390]  Loss: 0.6258 (0.530)  Acc@1: 75.0000 (81.7915)  Acc@5: 100.0000 (99.0563)LR: 3.292e-03
2024-09-02 21:22:26,418 -         train_search: [    INFO] - Train: 40 [ 150/390]  Loss: 0.4187 (0.530)  Acc@1: 85.9375 (81.7053)  Acc@5: 100.0000 (99.0894)LR: 3.292e-03
2024-09-02 21:22:55,477 -         train_search: [    INFO] - Train: 40 [ 200/390]  Loss: 0.5134 (0.533)  Acc@1: 84.3750 (81.6931)  Acc@5: 100.0000 (99.0749)LR: 3.292e-03
2024-09-02 21:23:25,190 -         train_search: [    INFO] - Train: 40 [ 250/390]  Loss: 0.5415 (0.533)  Acc@1: 75.0000 (81.7729)  Acc@5: 98.4375 (99.0351)LR: 3.292e-03
2024-09-02 21:23:54,512 -         train_search: [    INFO] - Train: 40 [ 300/390]  Loss: 0.5485 (0.529)  Acc@1: 82.8125 (81.8366)  Acc@5: 96.8750 (99.0500)LR: 3.292e-03
2024-09-02 21:24:23,797 -         train_search: [    INFO] - Train: 40 [ 350/390]  Loss: 0.5368 (0.525)  Acc@1: 82.8125 (81.9400)  Acc@5: 100.0000 (99.0785)LR: 3.292e-03
2024-09-02 21:24:47,983 -         train_search: [    INFO] - Train: 40 [ 390/390]  Loss: 0.4201 (0.526)  Acc@1: 87.5000 (81.9360)  Acc@5: 100.0000 (99.0920)LR: 3.292e-03
2024-09-02 21:24:48,129 -         train_search: [    INFO] - train_acc 81.936000
2024-09-02 21:24:48,416 -         train_search: [    INFO] - Valid: 40 [   0/390]  Loss: 0.4712 (0.471)  Acc@1: 84.3750 (84.3750)  Acc@5: 100.0000 (100.0000)
2024-09-02 21:24:52,723 -         train_search: [    INFO] - Valid: 40 [  50/390]  Loss: 0.4928 (0.540)  Acc@1: 82.8125 (81.3419)  Acc@5: 100.0000 (99.1728)
2024-09-02 21:24:57,043 -         train_search: [    INFO] - Valid: 40 [ 100/390]  Loss: 0.6820 (0.560)  Acc@1: 79.6875 (80.5538)  Acc@5: 98.4375 (99.0408)
2024-09-02 21:25:01,188 -         train_search: [    INFO] - Valid: 40 [ 150/390]  Loss: 0.7950 (0.567)  Acc@1: 75.0000 (80.4946)  Acc@5: 96.8750 (98.9445)
2024-09-02 21:25:05,381 -         train_search: [    INFO] - Valid: 40 [ 200/390]  Loss: 0.5701 (0.571)  Acc@1: 79.6875 (80.2627)  Acc@5: 100.0000 (98.8884)
2024-09-02 21:25:09,395 -         train_search: [    INFO] - Valid: 40 [ 250/390]  Loss: 0.4666 (0.576)  Acc@1: 84.3750 (80.1668)  Acc@5: 100.0000 (98.8110)
2024-09-02 21:25:13,693 -         train_search: [    INFO] - Valid: 40 [ 300/390]  Loss: 0.5056 (0.576)  Acc@1: 82.8125 (80.2326)  Acc@5: 98.4375 (98.8320)
2024-09-02 21:25:17,941 -         train_search: [    INFO] - Valid: 40 [ 350/390]  Loss: 0.9981 (0.574)  Acc@1: 67.1875 (80.3107)  Acc@5: 98.4375 (98.8203)
2024-09-02 21:25:21,363 -         train_search: [    INFO] - Valid: 40 [ 390/390]  Loss: 0.7310 (0.576)  Acc@1: 77.5000 (80.2600)  Acc@5: 97.5000 (98.8080)
2024-09-02 21:25:21,434 -         train_search: [    INFO] - valid_acc 80.260000
2024-09-02 21:25:21,494 -         train_search: [    INFO] - epoch = 40   
 genotype = |nor_conv_3x3~0|+|nor_conv_3x3~0|nor_conv_3x3~1|+|nor_conv_1x1~0|nor_conv_3x3~1|nor_conv_3x3~2|
2024-09-02 21:25:21,545 -         train_search: [    INFO] - alphas_normal = 
 tensor([[0.2402, 0.1876, 0.0512, 0.1987, 0.3223],
        [0.2492, 0.1679, 0.0556, 0.2090, 0.3183],
        [0.1374, 0.1017, 0.0508, 0.1600, 0.5500],
        [0.1755, 0.2931, 0.0487, 0.2955, 0.1872],
        [0.3292, 0.2000, 0.0443, 0.2063, 0.2202],
        [0.1545, 0.1818, 0.0491, 0.1957, 0.4190]], device='cuda:0',
       grad_fn=<SoftmaxBackward0>)
2024-09-02 21:25:22,548 -         train_search: [    INFO] - Train: 41 [   0/390]  Loss: 0.3338 (0.334)  Acc@1: 90.6250 (90.6250)  Acc@5: 100.0000 (100.0000)LR: 2.868e-03
2024-09-02 21:25:52,808 -         train_search: [    INFO] - Train: 41 [  50/390]  Loss: 0.4488 (0.493)  Acc@1: 89.0625 (83.6091)  Acc@5: 96.8750 (98.9890)LR: 2.868e-03
2024-09-02 21:26:22,157 -         train_search: [    INFO] - Train: 41 [ 100/390]  Loss: 0.4284 (0.506)  Acc@1: 85.9375 (82.9053)  Acc@5: 98.4375 (98.9480)LR: 2.868e-03
2024-09-02 21:26:52,034 -         train_search: [    INFO] - Train: 41 [ 150/390]  Loss: 0.6521 (0.506)  Acc@1: 75.0000 (82.8746)  Acc@5: 100.0000 (99.0170)LR: 2.868e-03
2024-09-02 21:27:21,667 -         train_search: [    INFO] - Train: 41 [ 200/390]  Loss: 0.5968 (0.511)  Acc@1: 81.2500 (82.6648)  Acc@5: 98.4375 (99.0361)LR: 2.868e-03
2024-09-02 21:27:50,703 -         train_search: [    INFO] - Train: 41 [ 250/390]  Loss: 0.6456 (0.506)  Acc@1: 78.1250 (82.7689)  Acc@5: 98.4375 (99.0227)LR: 2.868e-03
2024-09-02 21:28:19,923 -         train_search: [    INFO] - Train: 41 [ 300/390]  Loss: 0.3726 (0.507)  Acc@1: 89.0625 (82.7035)  Acc@5: 98.4375 (99.0604)LR: 2.868e-03
2024-09-02 21:28:49,091 -         train_search: [    INFO] - Train: 41 [ 350/390]  Loss: 0.4873 (0.510)  Acc@1: 82.8125 (82.5276)  Acc@5: 100.0000 (99.1097)LR: 2.868e-03
2024-09-02 21:29:12,722 -         train_search: [    INFO] - Train: 41 [ 390/390]  Loss: 0.3482 (0.510)  Acc@1: 87.5000 (82.4480)  Acc@5: 100.0000 (99.1560)LR: 2.868e-03
2024-09-02 21:29:12,882 -         train_search: [    INFO] - train_acc 82.448000
2024-09-02 21:29:13,253 -         train_search: [    INFO] - Valid: 41 [   0/390]  Loss: 0.6863 (0.686)  Acc@1: 73.4375 (73.4375)  Acc@5: 100.0000 (100.0000)
2024-09-02 21:29:17,384 -         train_search: [    INFO] - Valid: 41 [  50/390]  Loss: 0.6237 (0.565)  Acc@1: 75.0000 (80.4534)  Acc@5: 100.0000 (99.0502)
2024-09-02 21:29:21,447 -         train_search: [    INFO] - Valid: 41 [ 100/390]  Loss: 0.5690 (0.552)  Acc@1: 84.3750 (80.8787)  Acc@5: 98.4375 (98.9944)
2024-09-02 21:29:25,633 -         train_search: [    INFO] - Valid: 41 [ 150/390]  Loss: 0.6905 (0.565)  Acc@1: 79.6875 (80.4118)  Acc@5: 96.8750 (99.0480)
2024-09-02 21:29:29,796 -         train_search: [    INFO] - Valid: 41 [ 200/390]  Loss: 0.6382 (0.564)  Acc@1: 76.5625 (80.5737)  Acc@5: 100.0000 (98.9739)
2024-09-02 21:29:33,987 -         train_search: [    INFO] - Valid: 41 [ 250/390]  Loss: 0.8357 (0.568)  Acc@1: 71.8750 (80.5030)  Acc@5: 96.8750 (98.9168)
2024-09-02 21:29:38,189 -         train_search: [    INFO] - Valid: 41 [ 300/390]  Loss: 0.4432 (0.565)  Acc@1: 82.8125 (80.5907)  Acc@5: 98.4375 (98.8735)
2024-09-02 21:29:42,536 -         train_search: [    INFO] - Valid: 41 [ 350/390]  Loss: 0.6130 (0.567)  Acc@1: 79.6875 (80.6045)  Acc@5: 98.4375 (98.8693)
2024-09-02 21:29:45,946 -         train_search: [    INFO] - Valid: 41 [ 390/390]  Loss: 0.6949 (0.568)  Acc@1: 72.5000 (80.6120)  Acc@5: 100.0000 (98.8720)
2024-09-02 21:29:46,015 -         train_search: [    INFO] - valid_acc 80.612000
2024-09-02 21:29:46,076 -         train_search: [    INFO] - epoch = 41   
 genotype = |nor_conv_3x3~0|+|nor_conv_3x3~0|nor_conv_3x3~1|+|nor_conv_1x1~0|nor_conv_3x3~1|nor_conv_3x3~2|
2024-09-02 21:29:46,135 -         train_search: [    INFO] - alphas_normal = 
 tensor([[0.2392, 0.1889, 0.0509, 0.1980, 0.3230],
        [0.2445, 0.1674, 0.0558, 0.2132, 0.3191],
        [0.1393, 0.1022, 0.0508, 0.1604, 0.5473],
        [0.1714, 0.2949, 0.0487, 0.2994, 0.1856],
        [0.3268, 0.1995, 0.0441, 0.2093, 0.2204],
        [0.1551, 0.1829, 0.0489, 0.1961, 0.4169]], device='cuda:0',
       grad_fn=<SoftmaxBackward0>)
2024-09-02 21:29:47,330 -         train_search: [    INFO] - Train: 42 [   0/390]  Loss: 0.4704 (0.470)  Acc@1: 84.3750 (84.3750)  Acc@5: 100.0000 (100.0000)LR: 2.484e-03
2024-09-02 21:30:17,847 -         train_search: [    INFO] - Train: 42 [  50/390]  Loss: 0.3301 (0.509)  Acc@1: 87.5000 (81.9240)  Acc@5: 98.4375 (99.1728)LR: 2.484e-03
2024-09-02 21:30:48,688 -         train_search: [    INFO] - Train: 42 [ 100/390]  Loss: 0.6848 (0.506)  Acc@1: 71.8750 (82.2710)  Acc@5: 100.0000 (99.2574)LR: 2.484e-03
2024-09-02 21:31:18,213 -         train_search: [    INFO] - Train: 42 [ 150/390]  Loss: 0.5829 (0.506)  Acc@1: 79.6875 (82.4193)  Acc@5: 100.0000 (99.2343)LR: 2.484e-03
2024-09-02 21:31:47,871 -         train_search: [    INFO] - Train: 42 [ 200/390]  Loss: 0.7157 (0.500)  Acc@1: 76.5625 (82.6026)  Acc@5: 95.3125 (99.2226)LR: 2.484e-03
2024-09-02 21:32:17,136 -         train_search: [    INFO] - Train: 42 [ 250/390]  Loss: 0.5242 (0.499)  Acc@1: 82.8125 (82.7627)  Acc@5: 100.0000 (99.1845)LR: 2.484e-03
2024-09-02 21:32:46,045 -         train_search: [    INFO] - Train: 42 [ 300/390]  Loss: 0.4689 (0.500)  Acc@1: 81.2500 (82.6204)  Acc@5: 98.4375 (99.2213)LR: 2.484e-03
2024-09-02 21:33:15,656 -         train_search: [    INFO] - Train: 42 [ 350/390]  Loss: 0.5414 (0.500)  Acc@1: 76.5625 (82.6567)  Acc@5: 100.0000 (99.2432)LR: 2.484e-03
2024-09-02 21:33:39,175 -         train_search: [    INFO] - Train: 42 [ 390/390]  Loss: 0.6227 (0.500)  Acc@1: 82.5000 (82.7440)  Acc@5: 100.0000 (99.2360)LR: 2.484e-03
2024-09-02 21:33:39,321 -         train_search: [    INFO] - train_acc 82.744000
2024-09-02 21:33:39,637 -         train_search: [    INFO] - Valid: 42 [   0/390]  Loss: 0.5995 (0.599)  Acc@1: 82.8125 (82.8125)  Acc@5: 95.3125 (95.3125)
2024-09-02 21:33:43,776 -         train_search: [    INFO] - Valid: 42 [  50/390]  Loss: 0.7545 (0.580)  Acc@1: 73.4375 (80.1471)  Acc@5: 96.8750 (98.8051)
2024-09-02 21:33:47,826 -         train_search: [    INFO] - Valid: 42 [ 100/390]  Loss: 0.6004 (0.584)  Acc@1: 75.0000 (80.0433)  Acc@5: 100.0000 (98.8088)
2024-09-02 21:33:51,981 -         train_search: [    INFO] - Valid: 42 [ 150/390]  Loss: 0.5818 (0.584)  Acc@1: 79.6875 (79.9358)  Acc@5: 100.0000 (98.8721)
2024-09-02 21:33:56,205 -         train_search: [    INFO] - Valid: 42 [ 200/390]  Loss: 0.6769 (0.585)  Acc@1: 81.2500 (79.8507)  Acc@5: 98.4375 (98.8495)
2024-09-02 21:34:00,369 -         train_search: [    INFO] - Valid: 42 [ 250/390]  Loss: 0.4008 (0.575)  Acc@1: 87.5000 (80.1980)  Acc@5: 98.4375 (98.8670)
2024-09-02 21:34:04,556 -         train_search: [    INFO] - Valid: 42 [ 300/390]  Loss: 0.5712 (0.567)  Acc@1: 81.2500 (80.5284)  Acc@5: 98.4375 (98.8632)
2024-09-02 21:34:08,740 -         train_search: [    INFO] - Valid: 42 [ 350/390]  Loss: 0.6203 (0.566)  Acc@1: 82.8125 (80.6312)  Acc@5: 100.0000 (98.8470)
2024-09-02 21:34:11,962 -         train_search: [    INFO] - Valid: 42 [ 390/390]  Loss: 0.7995 (0.566)  Acc@1: 70.0000 (80.6320)  Acc@5: 95.0000 (98.8520)
2024-09-02 21:34:12,043 -         train_search: [    INFO] - valid_acc 80.632000
2024-09-02 21:34:12,116 -         train_search: [    INFO] - epoch = 42   
 genotype = |nor_conv_3x3~0|+|nor_conv_3x3~0|nor_conv_3x3~1|+|nor_conv_1x1~0|nor_conv_3x3~1|nor_conv_3x3~2|
2024-09-02 21:34:12,182 -         train_search: [    INFO] - alphas_normal = 
 tensor([[0.2378, 0.1879, 0.0502, 0.1985, 0.3256],
        [0.2425, 0.1670, 0.0559, 0.2158, 0.3189],
        [0.1402, 0.1024, 0.0506, 0.1603, 0.5465],
        [0.1692, 0.2955, 0.0485, 0.3018, 0.1850],
        [0.3231, 0.1984, 0.0440, 0.2117, 0.2228],
        [0.1550, 0.1824, 0.0488, 0.1955, 0.4182]], device='cuda:0',
       grad_fn=<SoftmaxBackward0>)
2024-09-02 21:34:13,121 -         train_search: [    INFO] - Train: 43 [   0/390]  Loss: 0.4681 (0.468)  Acc@1: 76.5625 (76.5625)  Acc@5: 98.4375 (98.4375)LR: 2.142e-03
2024-09-02 21:34:42,733 -         train_search: [    INFO] - Train: 43 [  50/390]  Loss: 0.4867 (0.479)  Acc@1: 85.9375 (83.4865)  Acc@5: 100.0000 (99.3873)LR: 2.142e-03
2024-09-02 21:35:13,055 -         train_search: [    INFO] - Train: 43 [ 100/390]  Loss: 0.5662 (0.479)  Acc@1: 78.1250 (83.4468)  Acc@5: 98.4375 (99.2420)LR: 2.142e-03
2024-09-02 21:35:43,619 -         train_search: [    INFO] - Train: 43 [ 150/390]  Loss: 0.6299 (0.478)  Acc@1: 76.5625 (83.3506)  Acc@5: 100.0000 (99.2446)LR: 2.142e-03
2024-09-02 21:36:13,370 -         train_search: [    INFO] - Train: 43 [ 200/390]  Loss: 0.5505 (0.490)  Acc@1: 82.8125 (82.8436)  Acc@5: 98.4375 (99.1527)LR: 2.142e-03
2024-09-02 21:36:43,446 -         train_search: [    INFO] - Train: 43 [ 250/390]  Loss: 0.4218 (0.488)  Acc@1: 89.0625 (83.1300)  Acc@5: 100.0000 (99.1658)LR: 2.142e-03
2024-09-02 21:37:12,975 -         train_search: [    INFO] - Train: 43 [ 300/390]  Loss: 0.4478 (0.486)  Acc@1: 84.3750 (83.2849)  Acc@5: 100.0000 (99.1591)LR: 2.142e-03
2024-09-02 21:37:42,651 -         train_search: [    INFO] - Train: 43 [ 350/390]  Loss: 0.4523 (0.485)  Acc@1: 82.8125 (83.2621)  Acc@5: 100.0000 (99.1720)LR: 2.142e-03
2024-09-02 21:38:06,223 -         train_search: [    INFO] - Train: 43 [ 390/390]  Loss: 0.4219 (0.488)  Acc@1: 90.0000 (83.1880)  Acc@5: 97.5000 (99.1640)LR: 2.142e-03
2024-09-02 21:38:06,373 -         train_search: [    INFO] - train_acc 83.188000
2024-09-02 21:38:06,711 -         train_search: [    INFO] - Valid: 43 [   0/390]  Loss: 0.6883 (0.688)  Acc@1: 71.8750 (71.8750)  Acc@5: 98.4375 (98.4375)
2024-09-02 21:38:10,841 -         train_search: [    INFO] - Valid: 43 [  50/390]  Loss: 0.4274 (0.549)  Acc@1: 81.2500 (81.1887)  Acc@5: 100.0000 (99.1422)
2024-09-02 21:38:14,831 -         train_search: [    INFO] - Valid: 43 [ 100/390]  Loss: 0.4780 (0.556)  Acc@1: 87.5000 (81.2809)  Acc@5: 98.4375 (98.9944)
2024-09-02 21:38:19,082 -         train_search: [    INFO] - Valid: 43 [ 150/390]  Loss: 0.5125 (0.558)  Acc@1: 82.8125 (81.0120)  Acc@5: 100.0000 (98.9135)
2024-09-02 21:38:23,247 -         train_search: [    INFO] - Valid: 43 [ 200/390]  Loss: 0.4273 (0.563)  Acc@1: 84.3750 (80.8691)  Acc@5: 98.4375 (98.8650)
2024-09-02 21:38:27,380 -         train_search: [    INFO] - Valid: 43 [ 250/390]  Loss: 0.5842 (0.563)  Acc@1: 78.1250 (80.8578)  Acc@5: 100.0000 (98.8546)
2024-09-02 21:38:31,514 -         train_search: [    INFO] - Valid: 43 [ 300/390]  Loss: 0.4979 (0.559)  Acc@1: 84.3750 (81.0060)  Acc@5: 100.0000 (98.8995)
2024-09-02 21:38:35,650 -         train_search: [    INFO] - Valid: 43 [ 350/390]  Loss: 0.4361 (0.554)  Acc@1: 87.5000 (81.1254)  Acc@5: 100.0000 (98.9361)
2024-09-02 21:38:38,954 -         train_search: [    INFO] - Valid: 43 [ 390/390]  Loss: 0.5130 (0.553)  Acc@1: 82.5000 (81.1960)  Acc@5: 97.5000 (98.9200)
2024-09-02 21:38:39,024 -         train_search: [    INFO] - valid_acc 81.196000
2024-09-02 21:38:39,087 -         train_search: [    INFO] - epoch = 43   
 genotype = |nor_conv_3x3~0|+|nor_conv_3x3~0|nor_conv_3x3~1|+|nor_conv_1x1~0|nor_conv_3x3~1|nor_conv_3x3~2|
2024-09-02 21:38:39,154 -         train_search: [    INFO] - alphas_normal = 
 tensor([[0.2370, 0.1872, 0.0493, 0.1972, 0.3293],
        [0.2422, 0.1661, 0.0555, 0.2192, 0.3169],
        [0.1393, 0.1018, 0.0503, 0.1587, 0.5499],
        [0.1676, 0.2959, 0.0478, 0.3058, 0.1829],
        [0.3246, 0.1986, 0.0435, 0.2127, 0.2207],
        [0.1539, 0.1828, 0.0482, 0.1952, 0.4198]], device='cuda:0',
       grad_fn=<SoftmaxBackward0>)
2024-09-02 21:38:40,106 -         train_search: [    INFO] - Train: 44 [   0/390]  Loss: 0.7031 (0.703)  Acc@1: 76.5625 (76.5625)  Acc@5: 98.4375 (98.4375)LR: 1.843e-03
2024-09-02 21:39:09,405 -         train_search: [    INFO] - Train: 44 [  50/390]  Loss: 0.5395 (0.473)  Acc@1: 81.2500 (83.4252)  Acc@5: 98.4375 (99.3260)LR: 1.843e-03
2024-09-02 21:39:38,777 -         train_search: [    INFO] - Train: 44 [ 100/390]  Loss: 0.5034 (0.471)  Acc@1: 81.2500 (83.8026)  Acc@5: 98.4375 (99.1955)LR: 1.843e-03
2024-09-02 21:40:09,679 -         train_search: [    INFO] - Train: 44 [ 150/390]  Loss: 0.5307 (0.477)  Acc@1: 79.6875 (83.5368)  Acc@5: 100.0000 (99.2239)LR: 1.843e-03
2024-09-02 21:40:39,661 -         train_search: [    INFO] - Train: 44 [ 200/390]  Loss: 0.5890 (0.474)  Acc@1: 75.0000 (83.7220)  Acc@5: 100.0000 (99.2926)LR: 1.843e-03
2024-09-02 21:41:09,969 -         train_search: [    INFO] - Train: 44 [ 250/390]  Loss: 0.4270 (0.476)  Acc@1: 84.3750 (83.6031)  Acc@5: 100.0000 (99.2405)LR: 1.843e-03
2024-09-02 21:41:39,518 -         train_search: [    INFO] - Train: 44 [ 300/390]  Loss: 0.5149 (0.475)  Acc@1: 82.8125 (83.6119)  Acc@5: 100.0000 (99.2784)LR: 1.843e-03
2024-09-02 21:42:08,900 -         train_search: [    INFO] - Train: 44 [ 350/390]  Loss: 0.4522 (0.476)  Acc@1: 85.9375 (83.6449)  Acc@5: 98.4375 (99.2699)LR: 1.843e-03
2024-09-02 21:42:32,190 -         train_search: [    INFO] - Train: 44 [ 390/390]  Loss: 0.5055 (0.474)  Acc@1: 80.0000 (83.7000)  Acc@5: 100.0000 (99.2720)LR: 1.843e-03
2024-09-02 21:42:32,341 -         train_search: [    INFO] - train_acc 83.700000
2024-09-02 21:42:32,674 -         train_search: [    INFO] - Valid: 44 [   0/390]  Loss: 0.3195 (0.319)  Acc@1: 87.5000 (87.5000)  Acc@5: 100.0000 (100.0000)
2024-09-02 21:42:36,816 -         train_search: [    INFO] - Valid: 44 [  50/390]  Loss: 0.4500 (0.538)  Acc@1: 84.3750 (81.2500)  Acc@5: 100.0000 (98.9277)
2024-09-02 21:42:40,953 -         train_search: [    INFO] - Valid: 44 [ 100/390]  Loss: 0.4445 (0.538)  Acc@1: 81.2500 (81.1108)  Acc@5: 100.0000 (98.9480)
2024-09-02 21:42:45,016 -         train_search: [    INFO] - Valid: 44 [ 150/390]  Loss: 0.5810 (0.534)  Acc@1: 78.1250 (81.3431)  Acc@5: 100.0000 (98.9652)
2024-09-02 21:42:49,134 -         train_search: [    INFO] - Valid: 44 [ 200/390]  Loss: 0.5984 (0.548)  Acc@1: 79.6875 (81.0401)  Acc@5: 96.8750 (98.9894)
2024-09-02 21:42:53,290 -         train_search: [    INFO] - Valid: 44 [ 250/390]  Loss: 0.3713 (0.548)  Acc@1: 84.3750 (81.0508)  Acc@5: 100.0000 (98.9791)
2024-09-02 21:42:57,414 -         train_search: [    INFO] - Valid: 44 [ 300/390]  Loss: 0.5786 (0.549)  Acc@1: 81.2500 (80.9697)  Acc@5: 100.0000 (99.0085)
2024-09-02 21:43:01,558 -         train_search: [    INFO] - Valid: 44 [ 350/390]  Loss: 0.5759 (0.549)  Acc@1: 81.2500 (80.9562)  Acc@5: 100.0000 (99.0118)
2024-09-02 21:43:04,833 -         train_search: [    INFO] - Valid: 44 [ 390/390]  Loss: 0.7771 (0.551)  Acc@1: 75.0000 (80.9320)  Acc@5: 95.0000 (98.9760)
2024-09-02 21:43:04,905 -         train_search: [    INFO] - valid_acc 80.932000
2024-09-02 21:43:04,977 -         train_search: [    INFO] - epoch = 44   
 genotype = |nor_conv_3x3~0|+|nor_conv_3x3~0|nor_conv_3x3~1|+|nor_conv_1x1~0|nor_conv_3x3~1|nor_conv_3x3~2|
2024-09-02 21:43:05,050 -         train_search: [    INFO] - alphas_normal = 
 tensor([[0.2357, 0.1874, 0.0487, 0.1980, 0.3303],
        [0.2432, 0.1651, 0.0552, 0.2188, 0.3178],
        [0.1387, 0.1010, 0.0498, 0.1568, 0.5538],
        [0.1661, 0.2959, 0.0472, 0.3096, 0.1811],
        [0.3239, 0.1990, 0.0432, 0.2144, 0.2196],
        [0.1540, 0.1815, 0.0474, 0.1970, 0.4201]], device='cuda:0',
       grad_fn=<SoftmaxBackward0>)
2024-09-02 21:43:06,120 -         train_search: [    INFO] - Train: 45 [   0/390]  Loss: 0.4578 (0.458)  Acc@1: 89.0625 (89.0625)  Acc@5: 100.0000 (100.0000)LR: 1.587e-03
2024-09-02 21:43:35,597 -         train_search: [    INFO] - Train: 45 [  50/390]  Loss: 0.4913 (0.466)  Acc@1: 81.2500 (84.4669)  Acc@5: 100.0000 (99.1728)LR: 1.587e-03
2024-09-02 21:44:05,108 -         train_search: [    INFO] - Train: 45 [ 100/390]  Loss: 0.5240 (0.467)  Acc@1: 82.8125 (83.9109)  Acc@5: 98.4375 (99.3193)LR: 1.587e-03
2024-09-02 21:44:34,505 -         train_search: [    INFO] - Train: 45 [ 150/390]  Loss: 0.4098 (0.463)  Acc@1: 84.3750 (83.7438)  Acc@5: 100.0000 (99.3688)LR: 1.587e-03
2024-09-02 21:45:04,513 -         train_search: [    INFO] - Train: 45 [ 200/390]  Loss: 0.3695 (0.467)  Acc@1: 82.8125 (83.6676)  Acc@5: 100.0000 (99.4014)LR: 1.587e-03
2024-09-02 21:45:34,420 -         train_search: [    INFO] - Train: 45 [ 250/390]  Loss: 0.2348 (0.467)  Acc@1: 92.1875 (83.8272)  Acc@5: 100.0000 (99.3650)LR: 1.587e-03
2024-09-02 21:46:05,047 -         train_search: [    INFO] - Train: 45 [ 300/390]  Loss: 0.4893 (0.466)  Acc@1: 82.8125 (83.8507)  Acc@5: 98.4375 (99.3615)LR: 1.587e-03
2024-09-02 21:46:34,517 -         train_search: [    INFO] - Train: 45 [ 350/390]  Loss: 0.4067 (0.466)  Acc@1: 84.3750 (83.9343)  Acc@5: 98.4375 (99.3545)LR: 1.587e-03
2024-09-02 21:46:57,974 -         train_search: [    INFO] - Train: 45 [ 390/390]  Loss: 0.5324 (0.465)  Acc@1: 82.5000 (83.9840)  Acc@5: 95.0000 (99.3320)LR: 1.587e-03
2024-09-02 21:46:58,122 -         train_search: [    INFO] - train_acc 83.984000
2024-09-02 21:46:58,457 -         train_search: [    INFO] - Valid: 45 [   0/390]  Loss: 0.7611 (0.761)  Acc@1: 75.0000 (75.0000)  Acc@5: 96.8750 (96.8750)
2024-09-02 21:47:02,602 -         train_search: [    INFO] - Valid: 45 [  50/390]  Loss: 0.4750 (0.542)  Acc@1: 79.6875 (81.3725)  Acc@5: 96.8750 (99.0502)
2024-09-02 21:47:06,741 -         train_search: [    INFO] - Valid: 45 [ 100/390]  Loss: 0.5182 (0.539)  Acc@1: 84.3750 (81.4047)  Acc@5: 98.4375 (99.0408)
2024-09-02 21:47:10,797 -         train_search: [    INFO] - Valid: 45 [ 150/390]  Loss: 0.4112 (0.544)  Acc@1: 85.9375 (81.4776)  Acc@5: 100.0000 (99.0273)
2024-09-02 21:47:15,006 -         train_search: [    INFO] - Valid: 45 [ 200/390]  Loss: 0.5372 (0.548)  Acc@1: 85.9375 (81.2889)  Acc@5: 100.0000 (99.0594)
2024-09-02 21:47:19,215 -         train_search: [    INFO] - Valid: 45 [ 250/390]  Loss: 0.3052 (0.551)  Acc@1: 92.1875 (81.2251)  Acc@5: 100.0000 (98.9978)
2024-09-02 21:47:23,397 -         train_search: [    INFO] - Valid: 45 [ 300/390]  Loss: 0.5995 (0.546)  Acc@1: 81.2500 (81.2967)  Acc@5: 98.4375 (98.9410)
2024-09-02 21:47:27,583 -         train_search: [    INFO] - Valid: 45 [ 350/390]  Loss: 0.7711 (0.547)  Acc@1: 76.5625 (81.2945)  Acc@5: 100.0000 (98.9672)
2024-09-02 21:47:30,784 -         train_search: [    INFO] - Valid: 45 [ 390/390]  Loss: 0.8138 (0.548)  Acc@1: 67.5000 (81.3120)  Acc@5: 97.5000 (98.9400)
2024-09-02 21:47:30,855 -         train_search: [    INFO] - valid_acc 81.312000
2024-09-02 21:47:30,924 -         train_search: [    INFO] - epoch = 45   
 genotype = |nor_conv_3x3~0|+|nor_conv_3x3~0|nor_conv_3x3~1|+|nor_conv_1x1~0|nor_conv_3x3~1|nor_conv_3x3~2|
2024-09-02 21:47:30,984 -         train_search: [    INFO] - alphas_normal = 
 tensor([[0.2342, 0.1872, 0.0483, 0.1996, 0.3307],
        [0.2419, 0.1654, 0.0551, 0.2213, 0.3163],
        [0.1387, 0.1008, 0.0493, 0.1550, 0.5561],
        [0.1634, 0.2970, 0.0469, 0.3128, 0.1798],
        [0.3223, 0.1990, 0.0428, 0.2149, 0.2210],
        [0.1535, 0.1814, 0.0470, 0.1974, 0.4208]], device='cuda:0',
       grad_fn=<SoftmaxBackward0>)
2024-09-02 21:47:32,058 -         train_search: [    INFO] - Train: 46 [   0/390]  Loss: 0.4324 (0.432)  Acc@1: 85.9375 (85.9375)  Acc@5: 100.0000 (100.0000)LR: 1.377e-03
2024-09-02 21:48:01,588 -         train_search: [    INFO] - Train: 46 [  50/390]  Loss: 0.5763 (0.462)  Acc@1: 78.1250 (83.3027)  Acc@5: 100.0000 (99.4179)LR: 1.377e-03
2024-09-02 21:48:31,098 -         train_search: [    INFO] - Train: 46 [ 100/390]  Loss: 0.3585 (0.466)  Acc@1: 89.0625 (83.7098)  Acc@5: 100.0000 (99.3038)LR: 1.377e-03
2024-09-02 21:49:00,724 -         train_search: [    INFO] - Train: 46 [ 150/390]  Loss: 0.3896 (0.462)  Acc@1: 85.9375 (83.8266)  Acc@5: 100.0000 (99.3584)LR: 1.377e-03
2024-09-02 21:49:30,421 -         train_search: [    INFO] - Train: 46 [ 200/390]  Loss: 0.4578 (0.463)  Acc@1: 79.6875 (83.8775)  Acc@5: 100.0000 (99.3937)LR: 1.377e-03
2024-09-02 21:50:00,438 -         train_search: [    INFO] - Train: 46 [ 250/390]  Loss: 0.4156 (0.454)  Acc@1: 82.8125 (84.2505)  Acc@5: 100.0000 (99.3899)LR: 1.377e-03
2024-09-02 21:50:30,630 -         train_search: [    INFO] - Train: 46 [ 300/390]  Loss: 0.2684 (0.458)  Acc@1: 89.0625 (84.1622)  Acc@5: 98.4375 (99.3563)LR: 1.377e-03
2024-09-02 21:51:00,843 -         train_search: [    INFO] - Train: 46 [ 350/390]  Loss: 0.6410 (0.457)  Acc@1: 78.1250 (84.1524)  Acc@5: 98.4375 (99.3679)LR: 1.377e-03
2024-09-02 21:51:24,265 -         train_search: [    INFO] - Train: 46 [ 390/390]  Loss: 0.6989 (0.460)  Acc@1: 70.0000 (84.0560)  Acc@5: 97.5000 (99.3480)LR: 1.377e-03
2024-09-02 21:51:24,418 -         train_search: [    INFO] - train_acc 84.056000
2024-09-02 21:51:24,757 -         train_search: [    INFO] - Valid: 46 [   0/390]  Loss: 0.4748 (0.475)  Acc@1: 84.3750 (84.3750)  Acc@5: 100.0000 (100.0000)
2024-09-02 21:51:28,886 -         train_search: [    INFO] - Valid: 46 [  50/390]  Loss: 0.5629 (0.526)  Acc@1: 81.2500 (81.3113)  Acc@5: 100.0000 (99.2034)
2024-09-02 21:51:33,016 -         train_search: [    INFO] - Valid: 46 [ 100/390]  Loss: 0.7145 (0.531)  Acc@1: 75.0000 (81.5439)  Acc@5: 98.4375 (99.0408)
2024-09-02 21:51:37,039 -         train_search: [    INFO] - Valid: 46 [ 150/390]  Loss: 0.4935 (0.533)  Acc@1: 82.8125 (81.5708)  Acc@5: 98.4375 (98.9963)
2024-09-02 21:51:41,212 -         train_search: [    INFO] - Valid: 46 [ 200/390]  Loss: 0.7785 (0.535)  Acc@1: 78.1250 (81.5143)  Acc@5: 95.3125 (98.9117)
2024-09-02 21:51:45,405 -         train_search: [    INFO] - Valid: 46 [ 250/390]  Loss: 0.6627 (0.533)  Acc@1: 75.0000 (81.6546)  Acc@5: 96.8750 (98.9168)
2024-09-02 21:51:49,526 -         train_search: [    INFO] - Valid: 46 [ 300/390]  Loss: 0.5801 (0.534)  Acc@1: 76.5625 (81.6860)  Acc@5: 100.0000 (98.8528)
2024-09-02 21:51:53,732 -         train_search: [    INFO] - Valid: 46 [ 350/390]  Loss: 0.4164 (0.537)  Acc@1: 85.9375 (81.6595)  Acc@5: 100.0000 (98.8515)
2024-09-02 21:51:57,020 -         train_search: [    INFO] - Valid: 46 [ 390/390]  Loss: 0.5380 (0.538)  Acc@1: 82.5000 (81.5840)  Acc@5: 100.0000 (98.8560)
2024-09-02 21:51:57,099 -         train_search: [    INFO] - valid_acc 81.584000
2024-09-02 21:51:57,167 -         train_search: [    INFO] - epoch = 46   
 genotype = |nor_conv_3x3~0|+|nor_conv_3x3~0|nor_conv_3x3~1|+|nor_conv_1x1~0|nor_conv_3x3~1|nor_conv_3x3~2|
2024-09-02 21:51:57,216 -         train_search: [    INFO] - alphas_normal = 
 tensor([[0.2322, 0.1877, 0.0485, 0.2010, 0.3306],
        [0.2401, 0.1656, 0.0560, 0.2228, 0.3154],
        [0.1406, 0.1018, 0.0498, 0.1554, 0.5525],
        [0.1597, 0.2990, 0.0475, 0.3150, 0.1788],
        [0.3194, 0.1996, 0.0434, 0.2171, 0.2205],
        [0.1549, 0.1797, 0.0467, 0.1990, 0.4197]], device='cuda:0',
       grad_fn=<SoftmaxBackward0>)
2024-09-02 21:51:58,285 -         train_search: [    INFO] - Train: 47 [   0/390]  Loss: 0.4542 (0.454)  Acc@1: 81.2500 (81.2500)  Acc@5: 100.0000 (100.0000)LR: 1.213e-03
2024-09-02 21:52:27,676 -         train_search: [    INFO] - Train: 47 [  50/390]  Loss: 0.5440 (0.449)  Acc@1: 81.2500 (84.4975)  Acc@5: 100.0000 (99.4792)LR: 1.213e-03
2024-09-02 21:52:56,532 -         train_search: [    INFO] - Train: 47 [ 100/390]  Loss: 0.3473 (0.446)  Acc@1: 92.1875 (84.9010)  Acc@5: 100.0000 (99.4431)LR: 1.213e-03
2024-09-02 21:53:26,238 -         train_search: [    INFO] - Train: 47 [ 150/390]  Loss: 0.4500 (0.453)  Acc@1: 84.3750 (84.5406)  Acc@5: 98.4375 (99.3791)LR: 1.213e-03
2024-09-02 21:53:56,089 -         train_search: [    INFO] - Train: 47 [ 200/390]  Loss: 0.5504 (0.457)  Acc@1: 75.0000 (84.0796)  Acc@5: 100.0000 (99.3781)LR: 1.213e-03
2024-09-02 21:54:25,452 -         train_search: [    INFO] - Train: 47 [ 250/390]  Loss: 0.4091 (0.453)  Acc@1: 85.9375 (84.2194)  Acc@5: 98.4375 (99.4148)LR: 1.213e-03
2024-09-02 21:54:55,101 -         train_search: [    INFO] - Train: 47 [ 300/390]  Loss: 0.3638 (0.450)  Acc@1: 89.0625 (84.3283)  Acc@5: 100.0000 (99.4342)LR: 1.213e-03
2024-09-02 21:55:25,446 -         train_search: [    INFO] - Train: 47 [ 350/390]  Loss: 0.6065 (0.455)  Acc@1: 84.3750 (84.1925)  Acc@5: 95.3125 (99.3768)LR: 1.213e-03
2024-09-02 21:55:49,846 -         train_search: [    INFO] - Train: 47 [ 390/390]  Loss: 0.4585 (0.453)  Acc@1: 87.5000 (84.2360)  Acc@5: 97.5000 (99.3640)LR: 1.213e-03
2024-09-02 21:55:50,000 -         train_search: [    INFO] - train_acc 84.236000
2024-09-02 21:55:50,321 -         train_search: [    INFO] - Valid: 47 [   0/390]  Loss: 0.5667 (0.567)  Acc@1: 81.2500 (81.2500)  Acc@5: 100.0000 (100.0000)
2024-09-02 21:55:54,627 -         train_search: [    INFO] - Valid: 47 [  50/390]  Loss: 0.5597 (0.539)  Acc@1: 78.1250 (81.3419)  Acc@5: 98.4375 (99.2647)
2024-09-02 21:55:58,966 -         train_search: [    INFO] - Valid: 47 [ 100/390]  Loss: 0.4890 (0.537)  Acc@1: 82.8125 (81.4202)  Acc@5: 98.4375 (99.0099)
2024-09-02 21:56:03,287 -         train_search: [    INFO] - Valid: 47 [ 150/390]  Loss: 0.5670 (0.528)  Acc@1: 81.2500 (81.5811)  Acc@5: 98.4375 (98.9342)
2024-09-02 21:56:07,615 -         train_search: [    INFO] - Valid: 47 [ 200/390]  Loss: 0.6707 (0.531)  Acc@1: 73.4375 (81.6076)  Acc@5: 98.4375 (98.9195)
2024-09-02 21:56:11,966 -         train_search: [    INFO] - Valid: 47 [ 250/390]  Loss: 0.6231 (0.535)  Acc@1: 81.2500 (81.7231)  Acc@5: 100.0000 (98.8670)
2024-09-02 21:56:16,222 -         train_search: [    INFO] - Valid: 47 [ 300/390]  Loss: 0.4917 (0.538)  Acc@1: 81.2500 (81.5978)  Acc@5: 100.0000 (98.9047)
2024-09-02 21:56:20,315 -         train_search: [    INFO] - Valid: 47 [ 350/390]  Loss: 0.4002 (0.540)  Acc@1: 87.5000 (81.4459)  Acc@5: 100.0000 (98.8381)
2024-09-02 21:56:23,592 -         train_search: [    INFO] - Valid: 47 [ 390/390]  Loss: 0.7505 (0.541)  Acc@1: 77.5000 (81.3960)  Acc@5: 100.0000 (98.8560)
2024-09-02 21:56:23,664 -         train_search: [    INFO] - valid_acc 81.396000
2024-09-02 21:56:23,721 -         train_search: [    INFO] - epoch = 47   
 genotype = |nor_conv_3x3~0|+|nor_conv_3x3~0|nor_conv_3x3~1|+|nor_conv_1x1~0|nor_conv_3x3~1|nor_conv_3x3~2|
2024-09-02 21:56:23,792 -         train_search: [    INFO] - alphas_normal = 
 tensor([[0.2318, 0.1867, 0.0480, 0.2011, 0.3323],
        [0.2377, 0.1660, 0.0561, 0.2264, 0.3138],
        [0.1420, 0.1022, 0.0496, 0.1548, 0.5514],
        [0.1565, 0.2999, 0.0473, 0.3174, 0.1789],
        [0.3203, 0.1995, 0.0430, 0.2169, 0.2203],
        [0.1554, 0.1783, 0.0461, 0.2004, 0.4199]], device='cuda:0',
       grad_fn=<SoftmaxBackward0>)
2024-09-02 21:56:24,827 -         train_search: [    INFO] - Train: 48 [   0/390]  Loss: 0.3604 (0.360)  Acc@1: 82.8125 (82.8125)  Acc@5: 100.0000 (100.0000)LR: 1.095e-03
2024-09-02 21:56:54,556 -         train_search: [    INFO] - Train: 48 [  50/390]  Loss: 0.6073 (0.442)  Acc@1: 84.3750 (85.2022)  Acc@5: 95.3125 (99.1422)LR: 1.095e-03
2024-09-02 21:57:23,690 -         train_search: [    INFO] - Train: 48 [ 100/390]  Loss: 0.4515 (0.446)  Acc@1: 82.8125 (84.7618)  Acc@5: 100.0000 (99.1182)LR: 1.095e-03
2024-09-02 21:57:53,431 -         train_search: [    INFO] - Train: 48 [ 150/390]  Loss: 0.7788 (0.447)  Acc@1: 76.5625 (84.6233)  Acc@5: 95.3125 (99.1204)LR: 1.095e-03
2024-09-02 21:58:23,408 -         train_search: [    INFO] - Train: 48 [ 200/390]  Loss: 0.5640 (0.443)  Acc@1: 81.2500 (84.7715)  Acc@5: 100.0000 (99.2149)LR: 1.095e-03
2024-09-02 21:58:53,124 -         train_search: [    INFO] - Train: 48 [ 250/390]  Loss: 0.4282 (0.447)  Acc@1: 81.2500 (84.7049)  Acc@5: 98.4375 (99.2717)LR: 1.095e-03
2024-09-02 21:59:22,921 -         train_search: [    INFO] - Train: 48 [ 300/390]  Loss: 0.5455 (0.447)  Acc@1: 79.6875 (84.6657)  Acc@5: 100.0000 (99.2888)LR: 1.095e-03
2024-09-02 21:59:52,377 -         train_search: [    INFO] - Train: 48 [ 350/390]  Loss: 0.4208 (0.446)  Acc@1: 87.5000 (84.5709)  Acc@5: 100.0000 (99.3011)LR: 1.095e-03
2024-09-02 22:00:16,225 -         train_search: [    INFO] - Train: 48 [ 390/390]  Loss: 0.3018 (0.447)  Acc@1: 90.0000 (84.5720)  Acc@5: 100.0000 (99.3160)LR: 1.095e-03
2024-09-02 22:00:16,389 -         train_search: [    INFO] - train_acc 84.572000
2024-09-02 22:00:16,710 -         train_search: [    INFO] - Valid: 48 [   0/390]  Loss: 0.7043 (0.704)  Acc@1: 75.0000 (75.0000)  Acc@5: 98.4375 (98.4375)
2024-09-02 22:00:21,052 -         train_search: [    INFO] - Valid: 48 [  50/390]  Loss: 0.5203 (0.498)  Acc@1: 78.1250 (82.2610)  Acc@5: 100.0000 (99.0809)
2024-09-02 22:00:25,382 -         train_search: [    INFO] - Valid: 48 [ 100/390]  Loss: 0.3824 (0.517)  Acc@1: 85.9375 (82.1318)  Acc@5: 100.0000 (98.9171)
2024-09-02 22:00:29,534 -         train_search: [    INFO] - Valid: 48 [ 150/390]  Loss: 0.5988 (0.529)  Acc@1: 79.6875 (81.7363)  Acc@5: 100.0000 (98.9031)
2024-09-02 22:00:33,753 -         train_search: [    INFO] - Valid: 48 [ 200/390]  Loss: 0.4922 (0.531)  Acc@1: 81.2500 (81.7086)  Acc@5: 100.0000 (98.9039)
2024-09-02 22:00:38,060 -         train_search: [    INFO] - Valid: 48 [ 250/390]  Loss: 0.4204 (0.529)  Acc@1: 90.6250 (81.9721)  Acc@5: 98.4375 (98.9293)
2024-09-02 22:00:42,304 -         train_search: [    INFO] - Valid: 48 [ 300/390]  Loss: 0.5979 (0.531)  Acc@1: 76.5625 (81.8106)  Acc@5: 100.0000 (98.9514)
2024-09-02 22:00:46,539 -         train_search: [    INFO] - Valid: 48 [ 350/390]  Loss: 0.5470 (0.527)  Acc@1: 76.5625 (81.8910)  Acc@5: 100.0000 (99.0073)
2024-09-02 22:00:49,684 -         train_search: [    INFO] - Valid: 48 [ 390/390]  Loss: 0.4432 (0.527)  Acc@1: 80.0000 (81.8840)  Acc@5: 100.0000 (99.0080)
2024-09-02 22:00:49,750 -         train_search: [    INFO] - valid_acc 81.884000
2024-09-02 22:00:49,814 -         train_search: [    INFO] - epoch = 48   
 genotype = |nor_conv_3x3~0|+|nor_conv_3x3~0|nor_conv_3x3~1|+|nor_conv_1x1~0|nor_conv_3x3~1|nor_conv_3x3~2|
2024-09-02 22:00:49,876 -         train_search: [    INFO] - alphas_normal = 
 tensor([[0.2318, 0.1857, 0.0473, 0.2024, 0.3328],
        [0.2343, 0.1661, 0.0563, 0.2293, 0.3140],
        [0.1434, 0.1022, 0.0493, 0.1540, 0.5511],
        [0.1526, 0.2997, 0.0471, 0.3229, 0.1777],
        [0.3207, 0.1990, 0.0427, 0.2183, 0.2193],
        [0.1561, 0.1790, 0.0458, 0.2001, 0.4191]], device='cuda:0',
       grad_fn=<SoftmaxBackward0>)
2024-09-02 22:00:51,091 -         train_search: [    INFO] - Train: 49 [   0/390]  Loss: 0.5662 (0.566)  Acc@1: 81.2500 (81.2500)  Acc@5: 98.4375 (98.4375)LR: 1.024e-03
2024-09-02 22:01:21,927 -         train_search: [    INFO] - Train: 49 [  50/390]  Loss: 0.5474 (0.450)  Acc@1: 79.6875 (84.7733)  Acc@5: 98.4375 (99.2953)LR: 1.024e-03
2024-09-02 22:01:50,939 -         train_search: [    INFO] - Train: 49 [ 100/390]  Loss: 0.3067 (0.434)  Acc@1: 89.0625 (85.5817)  Acc@5: 100.0000 (99.2574)LR: 1.024e-03
2024-09-02 22:02:20,798 -         train_search: [    INFO] - Train: 49 [ 150/390]  Loss: 0.4473 (0.433)  Acc@1: 84.3750 (85.2752)  Acc@5: 98.4375 (99.3377)LR: 1.024e-03
2024-09-02 22:02:50,199 -         train_search: [    INFO] - Train: 49 [ 200/390]  Loss: 0.3867 (0.434)  Acc@1: 89.0625 (85.2690)  Acc@5: 98.4375 (99.3392)LR: 1.024e-03
2024-09-02 22:03:19,710 -         train_search: [    INFO] - Train: 49 [ 250/390]  Loss: 0.4828 (0.434)  Acc@1: 85.9375 (85.2403)  Acc@5: 98.4375 (99.3526)LR: 1.024e-03
2024-09-02 22:03:49,287 -         train_search: [    INFO] - Train: 49 [ 300/390]  Loss: 0.2872 (0.437)  Acc@1: 92.1875 (85.0343)  Acc@5: 98.4375 (99.3563)LR: 1.024e-03
2024-09-02 22:04:19,027 -         train_search: [    INFO] - Train: 49 [ 350/390]  Loss: 0.5441 (0.439)  Acc@1: 84.3750 (84.9938)  Acc@5: 98.4375 (99.3412)LR: 1.024e-03
2024-09-02 22:04:42,279 -         train_search: [    INFO] - Train: 49 [ 390/390]  Loss: 0.4978 (0.439)  Acc@1: 85.0000 (84.9160)  Acc@5: 97.5000 (99.3520)LR: 1.024e-03
2024-09-02 22:04:42,426 -         train_search: [    INFO] - train_acc 84.916000
2024-09-02 22:04:42,713 -         train_search: [    INFO] - Valid: 49 [   0/390]  Loss: 0.4642 (0.464)  Acc@1: 81.2500 (81.2500)  Acc@5: 100.0000 (100.0000)
2024-09-02 22:04:46,878 -         train_search: [    INFO] - Valid: 49 [  50/390]  Loss: 0.4770 (0.532)  Acc@1: 82.8125 (81.4645)  Acc@5: 98.4375 (99.1728)
2024-09-02 22:04:51,027 -         train_search: [    INFO] - Valid: 49 [ 100/390]  Loss: 0.6308 (0.530)  Acc@1: 76.5625 (81.5749)  Acc@5: 100.0000 (99.3193)
2024-09-02 22:04:55,195 -         train_search: [    INFO] - Valid: 49 [ 150/390]  Loss: 0.4951 (0.526)  Acc@1: 81.2500 (81.6329)  Acc@5: 100.0000 (99.1515)
2024-09-02 22:04:59,251 -         train_search: [    INFO] - Valid: 49 [ 200/390]  Loss: 0.3143 (0.528)  Acc@1: 89.0625 (81.6387)  Acc@5: 100.0000 (99.1449)
2024-09-02 22:05:03,487 -         train_search: [    INFO] - Valid: 49 [ 250/390]  Loss: 0.5492 (0.530)  Acc@1: 79.6875 (81.6235)  Acc@5: 100.0000 (99.1036)
2024-09-02 22:05:07,703 -         train_search: [    INFO] - Valid: 49 [ 300/390]  Loss: 0.3801 (0.530)  Acc@1: 87.5000 (81.6912)  Acc@5: 100.0000 (99.1123)
2024-09-02 22:05:11,946 -         train_search: [    INFO] - Valid: 49 [ 350/390]  Loss: 0.2902 (0.528)  Acc@1: 92.1875 (81.8020)  Acc@5: 100.0000 (99.1319)
2024-09-02 22:05:15,328 -         train_search: [    INFO] - Valid: 49 [ 390/390]  Loss: 0.5878 (0.528)  Acc@1: 75.0000 (81.8280)  Acc@5: 100.0000 (99.1040)
2024-09-02 22:05:15,400 -         train_search: [    INFO] - valid_acc 81.828000
2024-09-02 22:05:15,460 -         train_search: [    INFO] - epoch = 49   
 genotype = |nor_conv_3x3~0|+|nor_conv_3x3~0|nor_conv_3x3~1|+|nor_conv_1x1~0|nor_conv_3x3~1|nor_conv_3x3~2|
2024-09-02 22:05:15,520 -         train_search: [    INFO] - alphas_normal = 
 tensor([[0.2299, 0.1847, 0.0470, 0.2036, 0.3348],
        [0.2337, 0.1660, 0.0566, 0.2329, 0.3108],
        [0.1439, 0.1020, 0.0492, 0.1538, 0.5511],
        [0.1502, 0.2999, 0.0472, 0.3252, 0.1774],
        [0.3187, 0.2000, 0.0431, 0.2182, 0.2199],
        [0.1572, 0.1784, 0.0454, 0.1994, 0.4195]], device='cuda:0',
       grad_fn=<SoftmaxBackward0>)
