2024-11-17 23:49:41,257 -         train_search: [    INFO] - Training with a single process on 1 GPUs.
2024-11-17 23:49:41,923 -     timm.data.config: [    INFO] - Data processing configuration for current model + dataset:
2024-11-17 23:49:41,924 -     timm.data.config: [    INFO] - 	input_size: (3, 32, 32)
2024-11-17 23:49:41,924 -     timm.data.config: [    INFO] - 	interpolation: bilinear
2024-11-17 23:49:41,924 -     timm.data.config: [    INFO] - 	mean: (0.49139968, 0.48215827, 0.44653124)
2024-11-17 23:49:41,924 -     timm.data.config: [    INFO] - 	std: (0.24703233, 0.24348505, 0.26158768)
2024-11-17 23:49:41,924 -     timm.data.config: [    INFO] - 	crop_pct: 1.0
2024-11-17 23:49:41,924 -     timm.data.config: [    INFO] - 	crop_mode: center
2024-11-17 23:49:42,013 -         train_search: [    INFO] - 
-------------------------------
Learnable parameters
Student: 1.89M
Extra: 0.00M
-------------------------------
2024-11-17 23:49:44,408 -         train_search: [    INFO] - Scheduled epochs: 50
2024-11-17 23:49:44,408 -         train_search: [    INFO] - p_max: 0.0
2024-11-17 23:49:44,408 -         train_search: [    INFO] - grow_mode: linear
2024-11-17 23:49:44,409 -         train_search: [    INFO] - search_space = s6
2024-11-17 23:49:46,741 -         train_search: [    INFO] - Train: 0 [   0/390]  Loss: 2.283 (2.28)  Acc@1: 10.9375 (10.9375)  Acc@5: 70.3125 (70.3125)LR: 2.500e-02
2024-11-17 23:50:15,106 -         train_search: [    INFO] - Train: 0 [  50/390]  Loss: 1.939 (2.13)  Acc@1: 20.3125 (17.8922)  Acc@5: 82.8125 (71.0172)LR: 2.500e-02
2024-11-17 23:50:43,371 -         train_search: [    INFO] - Train: 0 [ 100/390]  Loss: 1.966 (2.03)  Acc@1: 31.2500 (22.4629)  Acc@5: 76.5625 (76.3459)LR: 2.500e-02
2024-11-17 23:51:11,657 -         train_search: [    INFO] - Train: 0 [ 150/390]  Loss: 1.702 (1.95)  Acc@1: 31.2500 (25.6726)  Acc@5: 90.6250 (79.7082)LR: 2.500e-02
2024-11-17 23:51:40,357 -         train_search: [    INFO] - Train: 0 [ 200/390]  Loss: 1.738 (1.90)  Acc@1: 31.2500 (27.6119)  Acc@5: 82.8125 (81.2034)LR: 2.500e-02
2024-11-17 23:52:09,048 -         train_search: [    INFO] - Train: 0 [ 250/390]  Loss: 1.668 (1.86)  Acc@1: 35.9375 (29.6315)  Acc@5: 87.5000 (82.6444)LR: 2.500e-02
2024-11-17 23:52:36,912 -         train_search: [    INFO] - Train: 0 [ 300/390]  Loss: 1.653 (1.82)  Acc@1: 37.5000 (31.4473)  Acc@5: 90.6250 (83.6950)LR: 2.500e-02
2024-11-17 23:53:05,568 -         train_search: [    INFO] - Train: 0 [ 350/390]  Loss: 1.623 (1.78)  Acc@1: 40.6250 (32.9772)  Acc@5: 90.6250 (84.6911)LR: 2.500e-02
2024-11-17 23:53:29,693 -         train_search: [    INFO] - Train: 0 [ 390/390]  Loss: 1.714 (1.76)  Acc@1: 32.5000 (33.9560)  Acc@5: 97.5000 (85.3760)LR: 2.500e-02
2024-11-17 23:53:29,775 -         train_search: [    INFO] - train_acc 33.956000
2024-11-17 23:53:30,172 -         train_search: [    INFO] - Valid: 0 [   0/390]  Loss: 1.412 (1.41)  Acc@1: 40.6250 (40.6250)  Acc@5: 90.6250 (90.6250)
2024-11-17 23:53:35,704 -         train_search: [    INFO] - Valid: 0 [  50/390]  Loss: 1.458 (1.50)  Acc@1: 45.3125 (43.3517)  Acc@5: 92.1875 (91.2990)
2024-11-17 23:53:40,901 -         train_search: [    INFO] - Valid: 0 [ 100/390]  Loss: 1.403 (1.50)  Acc@1: 50.0000 (44.0130)  Acc@5: 90.6250 (91.6151)
2024-11-17 23:53:46,602 -         train_search: [    INFO] - Valid: 0 [ 150/390]  Loss: 1.606 (1.50)  Acc@1: 40.6250 (44.4226)  Acc@5: 87.5000 (91.5252)
2024-11-17 23:53:52,051 -         train_search: [    INFO] - Valid: 0 [ 200/390]  Loss: 1.650 (1.49)  Acc@1: 45.3125 (44.6440)  Acc@5: 87.5000 (91.5889)
2024-11-17 23:53:57,830 -         train_search: [    INFO] - Valid: 0 [ 250/390]  Loss: 1.555 (1.49)  Acc@1: 42.1875 (44.4908)  Acc@5: 85.9375 (91.5463)
2024-11-17 23:54:03,224 -         train_search: [    INFO] - Valid: 0 [ 300/390]  Loss: 1.608 (1.49)  Acc@1: 42.1875 (44.4975)  Acc@5: 89.0625 (91.5179)
2024-11-17 23:54:08,628 -         train_search: [    INFO] - Valid: 0 [ 350/390]  Loss: 1.685 (1.50)  Acc@1: 42.1875 (44.4979)  Acc@5: 92.1875 (91.4574)
2024-11-17 23:54:12,807 -         train_search: [    INFO] - Valid: 0 [ 390/390]  Loss: 1.687 (1.50)  Acc@1: 37.5000 (44.4840)  Acc@5: 95.0000 (91.3920)
2024-11-17 23:54:12,871 -         train_search: [    INFO] - valid_acc 44.484000
2024-11-17 23:54:12,872 -         train_search: [    INFO] - epoch = 0   
 genotype = Genotype(normal=[('sep_conv_3x3', 1), ('dil_conv_3x3', 0), ('sep_conv_3x3', 2), ('dil_conv_3x3', 0), ('dil_conv_5x5', 3), ('sep_conv_5x5', 1), ('dil_conv_3x3', 2), ('dil_conv_3x3', 3)], normal_concat=range(2, 6), reduce=[('sep_conv_5x5', 1), ('sep_conv_3x3', 0), ('sep_conv_3x3', 1), ('sep_conv_5x5', 0), ('sep_conv_5x5', 0), ('sep_conv_5x5', 2), ('dil_conv_3x3', 2), ('sep_conv_5x5', 1)], reduce_concat=range(2, 6))
2024-11-17 23:54:12,921 -         train_search: [    INFO] - alphas_normal = 
 tensor([[0.2489, 0.2488, 0.2522, 0.2500],
        [0.2525, 0.2490, 0.2500, 0.2486],
        [0.2510, 0.2496, 0.2519, 0.2475],
        [0.2481, 0.2496, 0.2517, 0.2505],
        [0.2535, 0.2489, 0.2477, 0.2499],
        [0.2511, 0.2491, 0.2508, 0.2490],
        [0.2491, 0.2518, 0.2476, 0.2515],
        [0.2494, 0.2507, 0.2517, 0.2482],
        [0.2495, 0.2474, 0.2513, 0.2518],
        [0.2502, 0.2501, 0.2492, 0.2505],
        [0.2504, 0.2520, 0.2497, 0.2480],
        [0.2484, 0.2513, 0.2531, 0.2472],
        [0.2484, 0.2473, 0.2527, 0.2515],
        [0.2518, 0.2486, 0.2508, 0.2488]], device='cuda:0',
       grad_fn=<SoftmaxBackward0>)
2024-11-17 23:54:12,923 -         train_search: [    INFO] -  alphas_reduct = 
 tensor([[0.2521, 0.2500, 0.2500, 0.2479],
        [0.2488, 0.2522, 0.2494, 0.2497],
        [0.2498, 0.2519, 0.2481, 0.2502],
        [0.2525, 0.2500, 0.2466, 0.2509],
        [0.2509, 0.2514, 0.2482, 0.2496],
        [0.2473, 0.2546, 0.2476, 0.2506],
        [0.2490, 0.2501, 0.2492, 0.2517],
        [0.2510, 0.2529, 0.2472, 0.2490],
        [0.2505, 0.2496, 0.2513, 0.2485],
        [0.2490, 0.2488, 0.2516, 0.2506],
        [0.2510, 0.2524, 0.2496, 0.2471],
        [0.2495, 0.2497, 0.2529, 0.2480],
        [0.2500, 0.2510, 0.2484, 0.2506],
        [0.2492, 0.2497, 0.2517, 0.2493]], device='cuda:0',
       grad_fn=<SoftmaxBackward0>)
2024-11-17 23:54:14,086 -         train_search: [    INFO] - Train: 1 [   0/390]  Loss: 1.544 (1.54)  Acc@1: 37.5000 (37.5000)  Acc@5: 98.4375 (98.4375)LR: 2.498e-02
2024-11-17 23:54:42,934 -         train_search: [    INFO] - Train: 1 [  50/390]  Loss: 1.508 (1.47)  Acc@1: 46.8750 (45.6801)  Acc@5: 90.6250 (91.9424)LR: 2.498e-02
2024-11-17 23:55:11,062 -         train_search: [    INFO] - Train: 1 [ 100/390]  Loss: 1.167 (1.46)  Acc@1: 56.2500 (46.5501)  Acc@5: 98.4375 (92.1875)LR: 2.498e-02
2024-11-17 23:55:39,276 -         train_search: [    INFO] - Train: 1 [ 150/390]  Loss: 1.425 (1.45)  Acc@1: 51.5625 (46.9474)  Acc@5: 92.1875 (92.2289)LR: 2.498e-02
2024-11-17 23:56:07,200 -         train_search: [    INFO] - Train: 1 [ 200/390]  Loss: 1.312 (1.44)  Acc@1: 48.4375 (47.3647)  Acc@5: 93.7500 (92.3974)LR: 2.498e-02
2024-11-17 23:56:35,796 -         train_search: [    INFO] - Train: 1 [ 250/390]  Loss: 1.372 (1.43)  Acc@1: 43.7500 (47.7901)  Acc@5: 95.3125 (92.4801)LR: 2.498e-02
2024-11-17 23:57:04,335 -         train_search: [    INFO] - Train: 1 [ 300/390]  Loss: 1.247 (1.41)  Acc@1: 57.8125 (48.4946)  Acc@5: 93.7500 (92.7533)LR: 2.498e-02
2024-11-17 23:57:32,009 -         train_search: [    INFO] - Train: 1 [ 350/390]  Loss: 1.263 (1.39)  Acc@1: 51.5625 (49.0251)  Acc@5: 95.3125 (92.8775)LR: 2.498e-02
2024-11-17 23:57:54,638 -         train_search: [    INFO] - Train: 1 [ 390/390]  Loss: 1.320 (1.38)  Acc@1: 47.5000 (49.6000)  Acc@5: 92.5000 (93.0040)LR: 2.498e-02
2024-11-17 23:57:54,722 -         train_search: [    INFO] - train_acc 49.600000
2024-11-17 23:57:55,082 -         train_search: [    INFO] - Valid: 1 [   0/390]  Loss: 1.138 (1.14)  Acc@1: 60.9375 (60.9375)  Acc@5: 95.3125 (95.3125)
2024-11-17 23:58:00,374 -         train_search: [    INFO] - Valid: 1 [  50/390]  Loss: 1.534 (1.28)  Acc@1: 50.0000 (52.4510)  Acc@5: 85.9375 (94.1176)
2024-11-17 23:58:05,643 -         train_search: [    INFO] - Valid: 1 [ 100/390]  Loss: 1.304 (1.28)  Acc@1: 51.5625 (52.7692)  Acc@5: 93.7500 (94.4307)
2024-11-17 23:58:10,802 -         train_search: [    INFO] - Valid: 1 [ 150/390]  Loss: 1.107 (1.27)  Acc@1: 59.3750 (53.1457)  Acc@5: 96.8750 (94.4847)
2024-11-17 23:58:16,074 -         train_search: [    INFO] - Valid: 1 [ 200/390]  Loss: 1.567 (1.28)  Acc@1: 39.0625 (52.7674)  Acc@5: 93.7500 (94.5740)
2024-11-17 23:58:21,242 -         train_search: [    INFO] - Valid: 1 [ 250/390]  Loss: 1.289 (1.28)  Acc@1: 57.8125 (53.0441)  Acc@5: 93.7500 (94.6775)
2024-11-17 23:58:26,369 -         train_search: [    INFO] - Valid: 1 [ 300/390]  Loss: 1.386 (1.29)  Acc@1: 45.3125 (52.6838)  Acc@5: 95.3125 (94.6480)
2024-11-17 23:58:31,691 -         train_search: [    INFO] - Valid: 1 [ 350/390]  Loss: 1.185 (1.28)  Acc@1: 54.6875 (52.8535)  Acc@5: 95.3125 (94.7026)
2024-11-17 23:58:35,557 -         train_search: [    INFO] - Valid: 1 [ 390/390]  Loss: 1.525 (1.28)  Acc@1: 40.0000 (52.9400)  Acc@5: 97.5000 (94.7840)
2024-11-17 23:58:35,598 -         train_search: [    INFO] - valid_acc 52.940000
2024-11-17 23:58:35,598 -         train_search: [    INFO] - epoch = 1   
 genotype = Genotype(normal=[('sep_conv_3x3', 1), ('dil_conv_3x3', 0), ('sep_conv_3x3', 2), ('dil_conv_3x3', 1), ('dil_conv_5x5', 3), ('sep_conv_3x3', 1), ('sep_conv_5x5', 1), ('dil_conv_3x3', 3)], normal_concat=range(2, 6), reduce=[('sep_conv_5x5', 0), ('sep_conv_3x3', 1), ('dil_conv_5x5', 1), ('sep_conv_5x5', 0), ('sep_conv_5x5', 0), ('sep_conv_5x5', 2), ('dil_conv_3x3', 2), ('dil_conv_5x5', 3)], reduce_concat=range(2, 6))
2024-11-17 23:58:35,601 -         train_search: [    INFO] - alphas_normal = 
 tensor([[0.2502, 0.2477, 0.2513, 0.2509],
        [0.2551, 0.2478, 0.2506, 0.2465],
        [0.2508, 0.2499, 0.2529, 0.2463],
        [0.2471, 0.2494, 0.2542, 0.2493],
        [0.2550, 0.2447, 0.2488, 0.2515],
        [0.2509, 0.2485, 0.2525, 0.2480],
        [0.2540, 0.2509, 0.2470, 0.2481],
        [0.2478, 0.2512, 0.2535, 0.2475],
        [0.2492, 0.2438, 0.2530, 0.2540],
        [0.2513, 0.2474, 0.2501, 0.2511],
        [0.2516, 0.2560, 0.2470, 0.2454],
        [0.2475, 0.2523, 0.2535, 0.2467],
        [0.2493, 0.2446, 0.2551, 0.2511],
        [0.2497, 0.2507, 0.2512, 0.2485]], device='cuda:0',
       grad_fn=<SoftmaxBackward0>)
2024-11-17 23:58:35,603 -         train_search: [    INFO] -  alphas_reduct = 
 tensor([[0.2507, 0.2524, 0.2460, 0.2509],
        [0.2521, 0.2502, 0.2492, 0.2486],
        [0.2508, 0.2512, 0.2492, 0.2489],
        [0.2521, 0.2491, 0.2458, 0.2529],
        [0.2505, 0.2510, 0.2496, 0.2489],
        [0.2466, 0.2564, 0.2490, 0.2480],
        [0.2492, 0.2507, 0.2495, 0.2506],
        [0.2476, 0.2547, 0.2478, 0.2499],
        [0.2479, 0.2479, 0.2537, 0.2505],
        [0.2482, 0.2470, 0.2524, 0.2524],
        [0.2512, 0.2514, 0.2491, 0.2483],
        [0.2519, 0.2476, 0.2536, 0.2469],
        [0.2481, 0.2510, 0.2484, 0.2525],
        [0.2508, 0.2499, 0.2507, 0.2487]], device='cuda:0',
       grad_fn=<SoftmaxBackward0>)
2024-11-17 23:58:36,635 -         train_search: [    INFO] - Train: 2 [   0/390]  Loss: 1.171 (1.17)  Acc@1: 56.2500 (56.2500)  Acc@5: 92.1875 (92.1875)LR: 2.491e-02
2024-11-17 23:59:05,461 -         train_search: [    INFO] - Train: 2 [  50/390]  Loss: 1.259 (1.22)  Acc@1: 56.2500 (56.1581)  Acc@5: 96.8750 (95.0368)LR: 2.491e-02
2024-11-17 23:59:34,263 -         train_search: [    INFO] - Train: 2 [ 100/390]  Loss: 1.138 (1.23)  Acc@1: 67.1875 (56.2500)  Acc@5: 93.7500 (94.9103)LR: 2.491e-02
2024-11-18 00:00:03,661 -         train_search: [    INFO] - Train: 2 [ 150/390]  Loss: 1.273 (1.22)  Acc@1: 50.0000 (56.4259)  Acc@5: 93.7500 (95.2194)LR: 2.491e-02
2024-11-18 00:00:32,303 -         train_search: [    INFO] - Train: 2 [ 200/390]  Loss: 1.159 (1.20)  Acc@1: 62.5000 (57.1284)  Acc@5: 93.7500 (95.2425)LR: 2.491e-02
2024-11-18 00:01:00,815 -         train_search: [    INFO] - Train: 2 [ 250/390]  Loss: 0.9970 (1.19)  Acc@1: 65.6250 (57.4328)  Acc@5: 98.4375 (95.4370)LR: 2.491e-02
2024-11-18 00:01:28,530 -         train_search: [    INFO] - Train: 2 [ 300/390]  Loss: 1.182 (1.17)  Acc@1: 62.5000 (57.9994)  Acc@5: 98.4375 (95.5721)LR: 2.491e-02
2024-11-18 00:01:57,781 -         train_search: [    INFO] - Train: 2 [ 350/390]  Loss: 0.9335 (1.16)  Acc@1: 67.1875 (58.6717)  Acc@5: 95.3125 (95.6553)LR: 2.491e-02
2024-11-18 00:02:21,259 -         train_search: [    INFO] - Train: 2 [ 390/390]  Loss: 1.167 (1.15)  Acc@1: 55.0000 (59.1040)  Acc@5: 97.5000 (95.6960)LR: 2.491e-02
2024-11-18 00:02:21,344 -         train_search: [    INFO] - train_acc 59.104000
2024-11-18 00:02:21,685 -         train_search: [    INFO] - Valid: 2 [   0/390]  Loss: 1.110 (1.11)  Acc@1: 57.8125 (57.8125)  Acc@5: 96.8750 (96.8750)
2024-11-18 00:02:27,038 -         train_search: [    INFO] - Valid: 2 [  50/390]  Loss: 0.8942 (1.07)  Acc@1: 68.7500 (62.5919)  Acc@5: 98.4375 (96.3542)
2024-11-18 00:02:32,105 -         train_search: [    INFO] - Valid: 2 [ 100/390]  Loss: 1.178 (1.09)  Acc@1: 51.5625 (62.1287)  Acc@5: 98.4375 (96.0087)
2024-11-18 00:02:37,170 -         train_search: [    INFO] - Valid: 2 [ 150/390]  Loss: 1.129 (1.09)  Acc@1: 62.5000 (62.1585)  Acc@5: 93.7500 (95.9127)
2024-11-18 00:02:42,150 -         train_search: [    INFO] - Valid: 2 [ 200/390]  Loss: 1.187 (1.09)  Acc@1: 57.8125 (61.9325)  Acc@5: 92.1875 (96.0199)
2024-11-18 00:02:47,324 -         train_search: [    INFO] - Valid: 2 [ 250/390]  Loss: 1.072 (1.09)  Acc@1: 57.8125 (61.5289)  Acc@5: 95.3125 (96.0471)
2024-11-18 00:02:53,021 -         train_search: [    INFO] - Valid: 2 [ 300/390]  Loss: 1.139 (1.09)  Acc@1: 62.5000 (61.6279)  Acc@5: 96.8750 (96.0133)
2024-11-18 00:02:58,202 -         train_search: [    INFO] - Valid: 2 [ 350/390]  Loss: 1.339 (1.09)  Acc@1: 53.1250 (61.4806)  Acc@5: 90.6250 (95.9135)
2024-11-18 00:03:02,126 -         train_search: [    INFO] - Valid: 2 [ 390/390]  Loss: 0.8744 (1.09)  Acc@1: 67.5000 (61.4480)  Acc@5: 97.5000 (95.9680)
2024-11-18 00:03:02,165 -         train_search: [    INFO] - valid_acc 61.448000
2024-11-18 00:03:02,166 -         train_search: [    INFO] - epoch = 2   
 genotype = Genotype(normal=[('sep_conv_3x3', 1), ('sep_conv_3x3', 0), ('sep_conv_3x3', 2), ('dil_conv_3x3', 1), ('sep_conv_5x5', 2), ('dil_conv_5x5', 3), ('sep_conv_5x5', 1), ('sep_conv_5x5', 2)], normal_concat=range(2, 6), reduce=[('sep_conv_5x5', 0), ('sep_conv_3x3', 1), ('sep_conv_3x3', 1), ('sep_conv_3x3', 2), ('sep_conv_5x5', 0), ('dil_conv_3x3', 3), ('dil_conv_3x3', 0), ('dil_conv_5x5', 3)], reduce_concat=range(2, 6))
2024-11-18 00:03:02,169 -         train_search: [    INFO] - alphas_normal = 
 tensor([[0.2536, 0.2454, 0.2498, 0.2512],
        [0.2590, 0.2481, 0.2483, 0.2445],
        [0.2498, 0.2509, 0.2531, 0.2462],
        [0.2466, 0.2479, 0.2545, 0.2510],
        [0.2546, 0.2434, 0.2509, 0.2511],
        [0.2532, 0.2489, 0.2528, 0.2451],
        [0.2538, 0.2501, 0.2476, 0.2485],
        [0.2475, 0.2539, 0.2538, 0.2449],
        [0.2509, 0.2431, 0.2521, 0.2539],
        [0.2486, 0.2463, 0.2523, 0.2528],
        [0.2521, 0.2573, 0.2452, 0.2453],
        [0.2467, 0.2562, 0.2504, 0.2467],
        [0.2500, 0.2435, 0.2541, 0.2524],
        [0.2483, 0.2532, 0.2520, 0.2466]], device='cuda:0',
       grad_fn=<SoftmaxBackward0>)
2024-11-18 00:03:02,171 -         train_search: [    INFO] -  alphas_reduct = 
 tensor([[0.2496, 0.2541, 0.2468, 0.2494],
        [0.2529, 0.2516, 0.2468, 0.2488],
        [0.2509, 0.2505, 0.2492, 0.2495],
        [0.2573, 0.2450, 0.2450, 0.2527],
        [0.2512, 0.2499, 0.2501, 0.2489],
        [0.2468, 0.2584, 0.2462, 0.2485],
        [0.2508, 0.2503, 0.2487, 0.2503],
        [0.2467, 0.2530, 0.2511, 0.2492],
        [0.2479, 0.2473, 0.2568, 0.2480],
        [0.2455, 0.2453, 0.2555, 0.2537],
        [0.2518, 0.2508, 0.2490, 0.2485],
        [0.2523, 0.2483, 0.2514, 0.2480],
        [0.2494, 0.2487, 0.2483, 0.2536],
        [0.2479, 0.2493, 0.2535, 0.2492]], device='cuda:0',
       grad_fn=<SoftmaxBackward0>)
2024-11-18 00:03:03,275 -         train_search: [    INFO] - Train: 3 [   0/390]  Loss: 1.017 (1.02)  Acc@1: 70.3125 (70.3125)  Acc@5: 96.8750 (96.8750)LR: 2.479e-02
2024-11-18 00:03:32,102 -         train_search: [    INFO] - Train: 3 [  50/390]  Loss: 1.022 (1.02)  Acc@1: 65.6250 (63.7255)  Acc@5: 96.8750 (97.0282)LR: 2.479e-02
2024-11-18 00:04:00,496 -         train_search: [    INFO] - Train: 3 [ 100/390]  Loss: 1.203 (1.01)  Acc@1: 54.6875 (64.4028)  Acc@5: 93.7500 (96.8286)LR: 2.479e-02
2024-11-18 00:04:27,915 -         train_search: [    INFO] - Train: 3 [ 150/390]  Loss: 1.036 (1.01)  Acc@1: 59.3750 (64.4454)  Acc@5: 96.8750 (96.8543)LR: 2.479e-02
2024-11-18 00:04:55,407 -         train_search: [    INFO] - Train: 3 [ 200/390]  Loss: 0.8849 (1.00)  Acc@1: 62.5000 (64.4045)  Acc@5: 100.0000 (96.8828)LR: 2.479e-02
2024-11-18 00:05:23,685 -         train_search: [    INFO] - Train: 3 [ 250/390]  Loss: 1.079 (0.991)  Acc@1: 57.8125 (64.7348)  Acc@5: 96.8750 (96.9248)LR: 2.479e-02
2024-11-18 00:05:52,100 -         train_search: [    INFO] - Train: 3 [ 300/390]  Loss: 0.9519 (0.981)  Acc@1: 59.3750 (65.1111)  Acc@5: 98.4375 (96.9892)LR: 2.479e-02
2024-11-18 00:06:20,409 -         train_search: [    INFO] - Train: 3 [ 350/390]  Loss: 0.8343 (0.973)  Acc@1: 75.0000 (65.4425)  Acc@5: 96.8750 (97.0664)LR: 2.479e-02
2024-11-18 00:06:42,461 -         train_search: [    INFO] - Train: 3 [ 390/390]  Loss: 0.9300 (0.966)  Acc@1: 62.5000 (65.7200)  Acc@5: 95.0000 (97.0600)LR: 2.479e-02
2024-11-18 00:06:42,548 -         train_search: [    INFO] - train_acc 65.720000
2024-11-18 00:06:42,945 -         train_search: [    INFO] - Valid: 3 [   0/390]  Loss: 0.9497 (0.950)  Acc@1: 70.3125 (70.3125)  Acc@5: 96.8750 (96.8750)
2024-11-18 00:06:47,783 -         train_search: [    INFO] - Valid: 3 [  50/390]  Loss: 1.091 (0.905)  Acc@1: 56.2500 (67.7696)  Acc@5: 96.8750 (97.2426)
2024-11-18 00:06:52,784 -         train_search: [    INFO] - Valid: 3 [ 100/390]  Loss: 0.8548 (0.891)  Acc@1: 70.3125 (68.2859)  Acc@5: 98.4375 (97.3855)
2024-11-18 00:06:57,716 -         train_search: [    INFO] - Valid: 3 [ 150/390]  Loss: 0.9712 (0.896)  Acc@1: 62.5000 (67.8498)  Acc@5: 95.3125 (97.4855)
2024-11-18 00:07:02,934 -         train_search: [    INFO] - Valid: 3 [ 200/390]  Loss: 0.7406 (0.896)  Acc@1: 79.6875 (68.0892)  Acc@5: 95.3125 (97.4269)
2024-11-18 00:07:08,262 -         train_search: [    INFO] - Valid: 3 [ 250/390]  Loss: 0.6418 (0.897)  Acc@1: 78.1250 (68.1586)  Acc@5: 98.4375 (97.4539)
2024-11-18 00:07:13,472 -         train_search: [    INFO] - Valid: 3 [ 300/390]  Loss: 0.9816 (0.900)  Acc@1: 67.1875 (68.1011)  Acc@5: 95.3125 (97.5135)
2024-11-18 00:07:18,694 -         train_search: [    INFO] - Valid: 3 [ 350/390]  Loss: 0.7257 (0.898)  Acc@1: 71.8750 (68.1268)  Acc@5: 95.3125 (97.5294)
2024-11-18 00:07:22,735 -         train_search: [    INFO] - Valid: 3 [ 390/390]  Loss: 1.304 (0.899)  Acc@1: 52.5000 (68.0720)  Acc@5: 92.5000 (97.5160)
2024-11-18 00:07:22,769 -         train_search: [    INFO] - valid_acc 68.072000
2024-11-18 00:07:22,770 -         train_search: [    INFO] - epoch = 3   
 genotype = Genotype(normal=[('sep_conv_3x3', 1), ('sep_conv_3x3', 0), ('sep_conv_3x3', 0), ('sep_conv_3x3', 2), ('sep_conv_5x5', 2), ('dil_conv_5x5', 3), ('sep_conv_5x5', 1), ('sep_conv_5x5', 2)], normal_concat=range(2, 6), reduce=[('sep_conv_5x5', 1), ('sep_conv_5x5', 0), ('sep_conv_3x3', 1), ('dil_conv_3x3', 2), ('sep_conv_5x5', 0), ('dil_conv_3x3', 3), ('dil_conv_3x3', 0), ('sep_conv_3x3', 2)], reduce_concat=range(2, 6))
2024-11-18 00:07:22,772 -         train_search: [    INFO] - alphas_normal = 
 tensor([[0.2585, 0.2469, 0.2489, 0.2456],
        [0.2645, 0.2487, 0.2470, 0.2398],
        [0.2569, 0.2519, 0.2474, 0.2438],
        [0.2453, 0.2476, 0.2546, 0.2526],
        [0.2547, 0.2432, 0.2520, 0.2502],
        [0.2539, 0.2484, 0.2526, 0.2452],
        [0.2542, 0.2483, 0.2470, 0.2505],
        [0.2472, 0.2554, 0.2545, 0.2429],
        [0.2502, 0.2448, 0.2506, 0.2544],
        [0.2493, 0.2481, 0.2488, 0.2538],
        [0.2510, 0.2593, 0.2450, 0.2447],
        [0.2452, 0.2587, 0.2485, 0.2476],
        [0.2492, 0.2445, 0.2554, 0.2509],
        [0.2488, 0.2562, 0.2517, 0.2433]], device='cuda:0',
       grad_fn=<SoftmaxBackward0>)
2024-11-18 00:07:22,774 -         train_search: [    INFO] -  alphas_reduct = 
 tensor([[0.2486, 0.2548, 0.2480, 0.2486],
        [0.2514, 0.2556, 0.2451, 0.2480],
        [0.2530, 0.2484, 0.2492, 0.2493],
        [0.2588, 0.2421, 0.2460, 0.2532],
        [0.2487, 0.2485, 0.2533, 0.2494],
        [0.2476, 0.2606, 0.2453, 0.2465],
        [0.2503, 0.2494, 0.2477, 0.2525],
        [0.2435, 0.2531, 0.2536, 0.2497],
        [0.2477, 0.2490, 0.2568, 0.2465],
        [0.2459, 0.2425, 0.2562, 0.2554],
        [0.2536, 0.2500, 0.2488, 0.2476],
        [0.2546, 0.2487, 0.2494, 0.2472],
        [0.2499, 0.2476, 0.2502, 0.2523],
        [0.2494, 0.2495, 0.2536, 0.2475]], device='cuda:0',
       grad_fn=<SoftmaxBackward0>)
2024-11-18 00:07:23,763 -         train_search: [    INFO] - Train: 4 [   0/390]  Loss: 0.7005 (0.701)  Acc@1: 78.1250 (78.1250)  Acc@5: 100.0000 (100.0000)LR: 2.462e-02
2024-11-18 00:07:52,823 -         train_search: [    INFO] - Train: 4 [  50/390]  Loss: 0.8650 (0.870)  Acc@1: 70.3125 (69.6385)  Acc@5: 98.4375 (97.7022)LR: 2.462e-02
2024-11-18 00:08:21,471 -         train_search: [    INFO] - Train: 4 [ 100/390]  Loss: 0.8259 (0.874)  Acc@1: 71.8750 (69.3998)  Acc@5: 98.4375 (97.6795)LR: 2.462e-02
2024-11-18 00:08:49,511 -         train_search: [    INFO] - Train: 4 [ 150/390]  Loss: 0.7478 (0.866)  Acc@1: 71.8750 (69.7434)  Acc@5: 96.8750 (97.6097)LR: 2.462e-02
2024-11-18 00:09:17,631 -         train_search: [    INFO] - Train: 4 [ 200/390]  Loss: 0.9494 (0.852)  Acc@1: 67.1875 (70.2114)  Acc@5: 96.8750 (97.6990)LR: 2.462e-02
2024-11-18 00:09:47,532 -         train_search: [    INFO] - Train: 4 [ 250/390]  Loss: 1.053 (0.847)  Acc@1: 54.6875 (70.4806)  Acc@5: 96.8750 (97.7652)LR: 2.462e-02
2024-11-18 00:10:16,174 -         train_search: [    INFO] - Train: 4 [ 300/390]  Loss: 1.022 (0.838)  Acc@1: 68.7500 (70.6811)  Acc@5: 98.4375 (97.7886)LR: 2.462e-02
2024-11-18 00:10:45,148 -         train_search: [    INFO] - Train: 4 [ 350/390]  Loss: 0.7604 (0.833)  Acc@1: 78.1250 (70.9001)  Acc@5: 98.4375 (97.7920)LR: 2.462e-02
2024-11-18 00:11:08,277 -         train_search: [    INFO] - Train: 4 [ 390/390]  Loss: 0.6164 (0.827)  Acc@1: 77.5000 (70.9720)  Acc@5: 100.0000 (97.8600)LR: 2.462e-02
2024-11-18 00:11:08,869 -         train_search: [    INFO] - train_acc 70.972000
2024-11-18 00:11:09,538 -         train_search: [    INFO] - Valid: 4 [   0/390]  Loss: 0.7089 (0.709)  Acc@1: 73.4375 (73.4375)  Acc@5: 98.4375 (98.4375)
2024-11-18 00:11:15,197 -         train_search: [    INFO] - Valid: 4 [  50/390]  Loss: 0.9541 (0.888)  Acc@1: 59.3750 (70.0368)  Acc@5: 100.0000 (97.2733)
2024-11-18 00:11:20,740 -         train_search: [    INFO] - Valid: 4 [ 100/390]  Loss: 0.7113 (0.872)  Acc@1: 73.4375 (70.3434)  Acc@5: 96.8750 (97.3391)
2024-11-18 00:11:26,305 -         train_search: [    INFO] - Valid: 4 [ 150/390]  Loss: 0.7225 (0.875)  Acc@1: 75.0000 (70.1676)  Acc@5: 98.4375 (97.2061)
2024-11-18 00:11:31,661 -         train_search: [    INFO] - Valid: 4 [ 200/390]  Loss: 1.090 (0.881)  Acc@1: 59.3750 (69.7683)  Acc@5: 95.3125 (97.2404)
2024-11-18 00:11:36,724 -         train_search: [    INFO] - Valid: 4 [ 250/390]  Loss: 1.026 (0.878)  Acc@1: 65.6250 (69.8705)  Acc@5: 96.8750 (97.3170)
2024-11-18 00:11:41,962 -         train_search: [    INFO] - Valid: 4 [ 300/390]  Loss: 0.7675 (0.879)  Acc@1: 75.0000 (69.8661)  Acc@5: 98.4375 (97.2903)
2024-11-18 00:11:47,224 -         train_search: [    INFO] - Valid: 4 [ 350/390]  Loss: 1.048 (0.883)  Acc@1: 70.3125 (69.7783)  Acc@5: 98.4375 (97.2667)
2024-11-18 00:11:51,406 -         train_search: [    INFO] - Valid: 4 [ 390/390]  Loss: 0.6018 (0.879)  Acc@1: 75.0000 (69.8280)  Acc@5: 100.0000 (97.2880)
2024-11-18 00:11:51,727 -         train_search: [    INFO] - valid_acc 69.828000
2024-11-18 00:11:51,728 -         train_search: [    INFO] - epoch = 4   
 genotype = Genotype(normal=[('sep_conv_3x3', 1), ('sep_conv_3x3', 0), ('sep_conv_3x3', 0), ('sep_conv_3x3', 2), ('sep_conv_3x3', 0), ('sep_conv_5x5', 2), ('sep_conv_5x5', 2), ('sep_conv_5x5', 4)], normal_concat=range(2, 6), reduce=[('sep_conv_5x5', 0), ('sep_conv_5x5', 1), ('sep_conv_3x3', 1), ('sep_conv_3x3', 0), ('sep_conv_5x5', 0), ('dil_conv_3x3', 3), ('dil_conv_5x5', 0), ('dil_conv_5x5', 3)], reduce_concat=range(2, 6))
2024-11-18 00:11:51,732 -         train_search: [    INFO] - alphas_normal = 
 tensor([[0.2620, 0.2497, 0.2453, 0.2431],
        [0.2694, 0.2491, 0.2467, 0.2348],
        [0.2640, 0.2509, 0.2449, 0.2403],
        [0.2463, 0.2474, 0.2542, 0.2521],
        [0.2545, 0.2416, 0.2528, 0.2511],
        [0.2576, 0.2460, 0.2522, 0.2441],
        [0.2557, 0.2489, 0.2493, 0.2461],
        [0.2453, 0.2572, 0.2564, 0.2411],
        [0.2507, 0.2463, 0.2487, 0.2542],
        [0.2507, 0.2454, 0.2492, 0.2548],
        [0.2543, 0.2575, 0.2466, 0.2417],
        [0.2461, 0.2593, 0.2466, 0.2480],
        [0.2504, 0.2440, 0.2555, 0.2501],
        [0.2472, 0.2578, 0.2532, 0.2418]], device='cuda:0',
       grad_fn=<SoftmaxBackward0>)
2024-11-18 00:11:51,734 -         train_search: [    INFO] -  alphas_reduct = 
 tensor([[0.2477, 0.2576, 0.2477, 0.2470],
        [0.2534, 0.2545, 0.2438, 0.2483],
        [0.2547, 0.2516, 0.2481, 0.2456],
        [0.2609, 0.2391, 0.2470, 0.2530],
        [0.2497, 0.2485, 0.2541, 0.2477],
        [0.2496, 0.2605, 0.2446, 0.2453],
        [0.2524, 0.2517, 0.2449, 0.2510],
        [0.2417, 0.2546, 0.2527, 0.2510],
        [0.2463, 0.2487, 0.2589, 0.2460],
        [0.2462, 0.2410, 0.2556, 0.2573],
        [0.2542, 0.2513, 0.2473, 0.2471],
        [0.2543, 0.2451, 0.2512, 0.2493],
        [0.2461, 0.2476, 0.2512, 0.2551],
        [0.2472, 0.2500, 0.2541, 0.2487]], device='cuda:0',
       grad_fn=<SoftmaxBackward0>)
2024-11-18 00:11:52,889 -         train_search: [    INFO] - Train: 5 [   0/390]  Loss: 0.5809 (0.581)  Acc@1: 84.3750 (84.3750)  Acc@5: 96.8750 (96.8750)LR: 2.441e-02
2024-11-18 00:12:21,308 -         train_search: [    INFO] - Train: 5 [  50/390]  Loss: 0.6719 (0.758)  Acc@1: 70.3125 (72.5490)  Acc@5: 98.4375 (98.4681)LR: 2.441e-02
2024-11-18 00:12:50,482 -         train_search: [    INFO] - Train: 5 [ 100/390]  Loss: 1.037 (0.741)  Acc@1: 68.7500 (73.7933)  Acc@5: 92.1875 (98.4220)LR: 2.441e-02
2024-11-18 00:13:19,036 -         train_search: [    INFO] - Train: 5 [ 150/390]  Loss: 0.8872 (0.744)  Acc@1: 68.7500 (73.8204)  Acc@5: 96.8750 (98.3754)LR: 2.441e-02
2024-11-18 00:13:47,826 -         train_search: [    INFO] - Train: 5 [ 200/390]  Loss: 0.5907 (0.738)  Acc@1: 78.1250 (73.9272)  Acc@5: 98.4375 (98.4297)LR: 2.441e-02
2024-11-18 00:14:15,646 -         train_search: [    INFO] - Train: 5 [ 250/390]  Loss: 0.7169 (0.739)  Acc@1: 81.2500 (73.9729)  Acc@5: 98.4375 (98.4562)LR: 2.441e-02
2024-11-18 00:14:43,980 -         train_search: [    INFO] - Train: 5 [ 300/390]  Loss: 0.7686 (0.733)  Acc@1: 75.0000 (74.2525)  Acc@5: 96.8750 (98.4583)LR: 2.441e-02
2024-11-18 00:15:12,367 -         train_search: [    INFO] - Train: 5 [ 350/390]  Loss: 0.5575 (0.731)  Acc@1: 81.2500 (74.3056)  Acc@5: 100.0000 (98.4509)LR: 2.441e-02
2024-11-18 00:15:34,785 -         train_search: [    INFO] - Train: 5 [ 390/390]  Loss: 0.5320 (0.734)  Acc@1: 77.5000 (74.1360)  Acc@5: 97.5000 (98.4240)LR: 2.441e-02
2024-11-18 00:15:34,870 -         train_search: [    INFO] - train_acc 74.136000
2024-11-18 00:15:35,257 -         train_search: [    INFO] - Valid: 5 [   0/390]  Loss: 0.5945 (0.594)  Acc@1: 79.6875 (79.6875)  Acc@5: 100.0000 (100.0000)
2024-11-18 00:15:40,673 -         train_search: [    INFO] - Valid: 5 [  50/390]  Loss: 0.6266 (0.773)  Acc@1: 76.5625 (72.9473)  Acc@5: 100.0000 (98.1618)
2024-11-18 00:15:46,156 -         train_search: [    INFO] - Valid: 5 [ 100/390]  Loss: 0.6276 (0.772)  Acc@1: 82.8125 (73.2054)  Acc@5: 100.0000 (97.9734)
2024-11-18 00:15:51,388 -         train_search: [    INFO] - Valid: 5 [ 150/390]  Loss: 0.7143 (0.775)  Acc@1: 75.0000 (73.1581)  Acc@5: 98.4375 (97.9719)
2024-11-18 00:15:56,623 -         train_search: [    INFO] - Valid: 5 [ 200/390]  Loss: 0.9460 (0.775)  Acc@1: 64.0625 (73.1499)  Acc@5: 100.0000 (98.0255)
2024-11-18 00:16:01,978 -         train_search: [    INFO] - Valid: 5 [ 250/390]  Loss: 0.7170 (0.774)  Acc@1: 76.5625 (73.2321)  Acc@5: 98.4375 (98.0142)
2024-11-18 00:16:07,899 -         train_search: [    INFO] - Valid: 5 [ 300/390]  Loss: 0.8877 (0.774)  Acc@1: 73.4375 (73.2299)  Acc@5: 98.4375 (97.9963)
2024-11-18 00:16:13,387 -         train_search: [    INFO] - Valid: 5 [ 350/390]  Loss: 0.6304 (0.773)  Acc@1: 79.6875 (73.1704)  Acc@5: 98.4375 (98.0280)
2024-11-18 00:16:17,359 -         train_search: [    INFO] - Valid: 5 [ 390/390]  Loss: 0.7022 (0.770)  Acc@1: 72.5000 (73.2880)  Acc@5: 100.0000 (98.0040)
2024-11-18 00:16:17,422 -         train_search: [    INFO] - valid_acc 73.288000
2024-11-18 00:16:17,422 -         train_search: [    INFO] - epoch = 5   
 genotype = Genotype(normal=[('sep_conv_3x3', 1), ('sep_conv_3x3', 0), ('sep_conv_3x3', 0), ('dil_conv_3x3', 1), ('sep_conv_3x3', 0), ('sep_conv_5x5', 2), ('sep_conv_5x5', 2), ('sep_conv_5x5', 4)], normal_concat=range(2, 6), reduce=[('sep_conv_5x5', 0), ('sep_conv_5x5', 1), ('sep_conv_3x3', 1), ('sep_conv_3x3', 0), ('sep_conv_5x5', 0), ('dil_conv_3x3', 3), ('dil_conv_5x5', 0), ('sep_conv_3x3', 2)], reduce_concat=range(2, 6))
2024-11-18 00:16:17,425 -         train_search: [    INFO] - alphas_normal = 
 tensor([[0.2690, 0.2505, 0.2406, 0.2399],
        [0.2749, 0.2493, 0.2470, 0.2288],
        [0.2712, 0.2523, 0.2386, 0.2379],
        [0.2458, 0.2465, 0.2557, 0.2520],
        [0.2546, 0.2406, 0.2523, 0.2526],
        [0.2603, 0.2410, 0.2528, 0.2459],
        [0.2555, 0.2480, 0.2518, 0.2448],
        [0.2476, 0.2585, 0.2547, 0.2392],
        [0.2503, 0.2453, 0.2484, 0.2560],
        [0.2501, 0.2449, 0.2488, 0.2562],
        [0.2546, 0.2583, 0.2443, 0.2429],
        [0.2476, 0.2637, 0.2417, 0.2470],
        [0.2482, 0.2469, 0.2538, 0.2510],
        [0.2482, 0.2584, 0.2549, 0.2384]], device='cuda:0',
       grad_fn=<SoftmaxBackward0>)
2024-11-18 00:16:17,427 -         train_search: [    INFO] -  alphas_reduct = 
 tensor([[0.2471, 0.2580, 0.2482, 0.2466],
        [0.2520, 0.2576, 0.2413, 0.2491],
        [0.2555, 0.2483, 0.2520, 0.2442],
        [0.2594, 0.2359, 0.2483, 0.2564],
        [0.2513, 0.2495, 0.2541, 0.2451],
        [0.2495, 0.2614, 0.2464, 0.2427],
        [0.2518, 0.2513, 0.2461, 0.2508],
        [0.2426, 0.2537, 0.2557, 0.2480],
        [0.2481, 0.2505, 0.2571, 0.2443],
        [0.2519, 0.2351, 0.2533, 0.2597],
        [0.2533, 0.2511, 0.2475, 0.2481],
        [0.2580, 0.2462, 0.2487, 0.2471],
        [0.2445, 0.2500, 0.2505, 0.2551],
        [0.2486, 0.2490, 0.2529, 0.2495]], device='cuda:0',
       grad_fn=<SoftmaxBackward0>)
2024-11-18 00:16:18,635 -         train_search: [    INFO] - Train: 6 [   0/390]  Loss: 0.4648 (0.465)  Acc@1: 89.0625 (89.0625)  Acc@5: 100.0000 (100.0000)LR: 2.416e-02
2024-11-18 00:16:48,438 -         train_search: [    INFO] - Train: 6 [  50/390]  Loss: 0.6442 (0.670)  Acc@1: 78.1250 (77.0221)  Acc@5: 98.4375 (98.6213)LR: 2.416e-02
2024-11-18 00:17:17,372 -         train_search: [    INFO] - Train: 6 [ 100/390]  Loss: 0.6760 (0.649)  Acc@1: 79.6875 (78.0167)  Acc@5: 98.4375 (98.5458)LR: 2.416e-02
2024-11-18 00:17:45,559 -         train_search: [    INFO] - Train: 6 [ 150/390]  Loss: 0.7652 (0.649)  Acc@1: 71.8750 (77.9180)  Acc@5: 98.4375 (98.5306)LR: 2.416e-02
2024-11-18 00:18:13,918 -         train_search: [    INFO] - Train: 6 [ 200/390]  Loss: 0.6021 (0.646)  Acc@1: 78.1250 (78.0084)  Acc@5: 98.4375 (98.5541)LR: 2.416e-02
2024-11-18 00:18:43,125 -         train_search: [    INFO] - Train: 6 [ 250/390]  Loss: 0.8922 (0.653)  Acc@1: 64.0625 (77.6768)  Acc@5: 98.4375 (98.5371)LR: 2.416e-02
2024-11-18 00:19:11,773 -         train_search: [    INFO] - Train: 6 [ 300/390]  Loss: 0.5055 (0.650)  Acc@1: 82.8125 (77.6474)  Acc@5: 100.0000 (98.5361)LR: 2.416e-02
2024-11-18 00:19:40,824 -         train_search: [    INFO] - Train: 6 [ 350/390]  Loss: 0.5791 (0.649)  Acc@1: 78.1250 (77.7555)  Acc@5: 98.4375 (98.5532)LR: 2.416e-02
2024-11-18 00:20:04,242 -         train_search: [    INFO] - Train: 6 [ 390/390]  Loss: 0.6696 (0.651)  Acc@1: 77.5000 (77.7640)  Acc@5: 97.5000 (98.5400)LR: 2.416e-02
2024-11-18 00:20:04,322 -         train_search: [    INFO] - train_acc 77.764000
2024-11-18 00:20:04,684 -         train_search: [    INFO] - Valid: 6 [   0/390]  Loss: 0.5847 (0.585)  Acc@1: 79.6875 (79.6875)  Acc@5: 98.4375 (98.4375)
2024-11-18 00:20:10,500 -         train_search: [    INFO] - Valid: 6 [  50/390]  Loss: 0.8745 (0.720)  Acc@1: 65.6250 (74.8775)  Acc@5: 96.8750 (97.9473)
2024-11-18 00:20:16,173 -         train_search: [    INFO] - Valid: 6 [ 100/390]  Loss: 0.6928 (0.693)  Acc@1: 81.2500 (75.6807)  Acc@5: 96.8750 (98.4066)
2024-11-18 00:20:21,614 -         train_search: [    INFO] - Valid: 6 [ 150/390]  Loss: 0.6729 (0.692)  Acc@1: 79.6875 (75.7140)  Acc@5: 100.0000 (98.4375)
2024-11-18 00:20:26,715 -         train_search: [    INFO] - Valid: 6 [ 200/390]  Loss: 0.6155 (0.701)  Acc@1: 78.1250 (75.6141)  Acc@5: 100.0000 (98.4064)
2024-11-18 00:20:31,893 -         train_search: [    INFO] - Valid: 6 [ 250/390]  Loss: 0.5247 (0.698)  Acc@1: 79.6875 (75.6848)  Acc@5: 100.0000 (98.4313)
2024-11-18 00:20:37,160 -         train_search: [    INFO] - Valid: 6 [ 300/390]  Loss: 0.8443 (0.697)  Acc@1: 67.1875 (75.6593)  Acc@5: 100.0000 (98.4790)
2024-11-18 00:20:42,274 -         train_search: [    INFO] - Valid: 6 [ 350/390]  Loss: 0.5173 (0.697)  Acc@1: 81.2500 (75.6811)  Acc@5: 96.8750 (98.4687)
2024-11-18 00:20:46,329 -         train_search: [    INFO] - Valid: 6 [ 390/390]  Loss: 0.7382 (0.698)  Acc@1: 75.0000 (75.6680)  Acc@5: 97.5000 (98.4760)
2024-11-18 00:20:46,368 -         train_search: [    INFO] - valid_acc 75.668000
2024-11-18 00:20:46,369 -         train_search: [    INFO] - epoch = 6   
 genotype = Genotype(normal=[('sep_conv_3x3', 1), ('sep_conv_3x3', 0), ('sep_conv_3x3', 0), ('dil_conv_3x3', 1), ('sep_conv_3x3', 0), ('sep_conv_5x5', 2), ('sep_conv_5x5', 2), ('sep_conv_5x5', 4)], normal_concat=range(2, 6), reduce=[('sep_conv_5x5', 1), ('sep_conv_5x5', 0), ('sep_conv_3x3', 1), ('sep_conv_3x3', 0), ('sep_conv_5x5', 0), ('dil_conv_3x3', 2), ('sep_conv_3x3', 2), ('dil_conv_5x5', 3)], reduce_concat=range(2, 6))
2024-11-18 00:20:46,372 -         train_search: [    INFO] - alphas_normal = 
 tensor([[0.2724, 0.2551, 0.2381, 0.2344],
        [0.2771, 0.2496, 0.2468, 0.2264],
        [0.2755, 0.2528, 0.2350, 0.2367],
        [0.2444, 0.2475, 0.2574, 0.2508],
        [0.2542, 0.2410, 0.2525, 0.2523],
        [0.2604, 0.2417, 0.2534, 0.2445],
        [0.2558, 0.2478, 0.2533, 0.2431],
        [0.2473, 0.2592, 0.2549, 0.2386],
        [0.2484, 0.2463, 0.2497, 0.2556],
        [0.2499, 0.2442, 0.2492, 0.2567],
        [0.2582, 0.2571, 0.2415, 0.2432],
        [0.2490, 0.2661, 0.2397, 0.2452],
        [0.2466, 0.2489, 0.2549, 0.2496],
        [0.2476, 0.2607, 0.2533, 0.2384]], device='cuda:0',
       grad_fn=<SoftmaxBackward0>)
2024-11-18 00:20:46,374 -         train_search: [    INFO] -  alphas_reduct = 
 tensor([[0.2484, 0.2558, 0.2489, 0.2468],
        [0.2528, 0.2577, 0.2414, 0.2481],
        [0.2548, 0.2504, 0.2518, 0.2430],
        [0.2605, 0.2341, 0.2494, 0.2560],
        [0.2541, 0.2478, 0.2523, 0.2458],
        [0.2486, 0.2608, 0.2473, 0.2433],
        [0.2516, 0.2503, 0.2462, 0.2519],
        [0.2411, 0.2520, 0.2594, 0.2475],
        [0.2465, 0.2538, 0.2542, 0.2455],
        [0.2533, 0.2327, 0.2551, 0.2588],
        [0.2547, 0.2520, 0.2484, 0.2449],
        [0.2589, 0.2469, 0.2484, 0.2457],
        [0.2418, 0.2494, 0.2500, 0.2588],
        [0.2468, 0.2491, 0.2532, 0.2509]], device='cuda:0',
       grad_fn=<SoftmaxBackward0>)
2024-11-18 00:20:47,408 -         train_search: [    INFO] - Train: 7 [   0/390]  Loss: 0.5054 (0.505)  Acc@1: 84.3750 (84.3750)  Acc@5: 100.0000 (100.0000)LR: 2.386e-02
2024-11-18 00:21:16,203 -         train_search: [    INFO] - Train: 7 [  50/390]  Loss: 0.7072 (0.600)  Acc@1: 71.8750 (79.1973)  Acc@5: 95.3125 (98.8664)LR: 2.386e-02
2024-11-18 00:21:44,695 -         train_search: [    INFO] - Train: 7 [ 100/390]  Loss: 0.5669 (0.589)  Acc@1: 78.1250 (79.3936)  Acc@5: 96.8750 (99.0099)LR: 2.386e-02
2024-11-18 00:22:13,334 -         train_search: [    INFO] - Train: 7 [ 150/390]  Loss: 0.6159 (0.599)  Acc@1: 81.2500 (79.1805)  Acc@5: 100.0000 (98.7997)LR: 2.386e-02
2024-11-18 00:22:42,539 -         train_search: [    INFO] - Train: 7 [ 200/390]  Loss: 0.7755 (0.604)  Acc@1: 73.4375 (78.9723)  Acc@5: 100.0000 (98.8029)LR: 2.386e-02
2024-11-18 00:23:11,501 -         train_search: [    INFO] - Train: 7 [ 250/390]  Loss: 0.5551 (0.602)  Acc@1: 81.2500 (79.0276)  Acc@5: 100.0000 (98.8421)LR: 2.386e-02
2024-11-18 00:23:40,115 -         train_search: [    INFO] - Train: 7 [ 300/390]  Loss: 0.7248 (0.598)  Acc@1: 73.4375 (79.1165)  Acc@5: 100.0000 (98.8787)LR: 2.386e-02
2024-11-18 00:24:09,526 -         train_search: [    INFO] - Train: 7 [ 350/390]  Loss: 0.6823 (0.598)  Acc@1: 71.8750 (79.1889)  Acc@5: 96.8750 (98.8381)LR: 2.386e-02
2024-11-18 00:24:32,824 -         train_search: [    INFO] - Train: 7 [ 390/390]  Loss: 0.2442 (0.597)  Acc@1: 95.0000 (79.3000)  Acc@5: 100.0000 (98.8520)LR: 2.386e-02
2024-11-18 00:24:32,925 -         train_search: [    INFO] - train_acc 79.300000
2024-11-18 00:24:33,280 -         train_search: [    INFO] - Valid: 7 [   0/390]  Loss: 0.7379 (0.738)  Acc@1: 71.8750 (71.8750)  Acc@5: 95.3125 (95.3125)
2024-11-18 00:24:38,300 -         train_search: [    INFO] - Valid: 7 [  50/390]  Loss: 0.6737 (0.623)  Acc@1: 70.3125 (78.1556)  Acc@5: 100.0000 (98.8358)
2024-11-18 00:24:43,431 -         train_search: [    INFO] - Valid: 7 [ 100/390]  Loss: 0.4796 (0.652)  Acc@1: 81.2500 (76.9183)  Acc@5: 98.4375 (98.7160)
2024-11-18 00:24:48,341 -         train_search: [    INFO] - Valid: 7 [ 150/390]  Loss: 0.6003 (0.652)  Acc@1: 82.8125 (77.2041)  Acc@5: 98.4375 (98.6858)
2024-11-18 00:24:53,425 -         train_search: [    INFO] - Valid: 7 [ 200/390]  Loss: 0.6686 (0.649)  Acc@1: 73.4375 (77.2310)  Acc@5: 96.8750 (98.7174)
2024-11-18 00:24:58,665 -         train_search: [    INFO] - Valid: 7 [ 250/390]  Loss: 0.8127 (0.647)  Acc@1: 73.4375 (77.4153)  Acc@5: 98.4375 (98.6865)
2024-11-18 00:25:03,525 -         train_search: [    INFO] - Valid: 7 [ 300/390]  Loss: 0.4961 (0.647)  Acc@1: 85.9375 (77.6215)  Acc@5: 98.4375 (98.6659)
2024-11-18 00:25:08,414 -         train_search: [    INFO] - Valid: 7 [ 350/390]  Loss: 0.7874 (0.648)  Acc@1: 75.0000 (77.5864)  Acc@5: 93.7500 (98.5933)
2024-11-18 00:25:12,386 -         train_search: [    INFO] - Valid: 7 [ 390/390]  Loss: 0.5873 (0.646)  Acc@1: 70.0000 (77.5920)  Acc@5: 100.0000 (98.6160)
2024-11-18 00:25:12,430 -         train_search: [    INFO] - valid_acc 77.592000
2024-11-18 00:25:12,431 -         train_search: [    INFO] - epoch = 7   
 genotype = Genotype(normal=[('sep_conv_3x3', 1), ('sep_conv_3x3', 0), ('sep_conv_3x3', 0), ('dil_conv_3x3', 1), ('sep_conv_3x3', 0), ('sep_conv_5x5', 2), ('sep_conv_5x5', 2), ('sep_conv_3x3', 1)], normal_concat=range(2, 6), reduce=[('sep_conv_5x5', 1), ('sep_conv_5x5', 0), ('sep_conv_3x3', 1), ('sep_conv_3x3', 2), ('dil_conv_3x3', 2), ('sep_conv_5x5', 0), ('dil_conv_5x5', 3), ('sep_conv_3x3', 2)], reduce_concat=range(2, 6))
2024-11-18 00:25:12,434 -         train_search: [    INFO] - alphas_normal = 
 tensor([[0.2782, 0.2579, 0.2350, 0.2289],
        [0.2839, 0.2459, 0.2466, 0.2236],
        [0.2825, 0.2518, 0.2320, 0.2337],
        [0.2412, 0.2506, 0.2593, 0.2489],
        [0.2546, 0.2437, 0.2513, 0.2504],
        [0.2622, 0.2386, 0.2531, 0.2461],
        [0.2576, 0.2468, 0.2508, 0.2447],
        [0.2486, 0.2591, 0.2555, 0.2368],
        [0.2452, 0.2455, 0.2538, 0.2555],
        [0.2507, 0.2439, 0.2503, 0.2551],
        [0.2605, 0.2517, 0.2447, 0.2430],
        [0.2469, 0.2678, 0.2392, 0.2461],
        [0.2456, 0.2501, 0.2537, 0.2507],
        [0.2478, 0.2604, 0.2523, 0.2394]], device='cuda:0',
       grad_fn=<SoftmaxBackward0>)
2024-11-18 00:25:12,436 -         train_search: [    INFO] -  alphas_reduct = 
 tensor([[0.2501, 0.2551, 0.2489, 0.2460],
        [0.2515, 0.2587, 0.2406, 0.2492],
        [0.2527, 0.2500, 0.2517, 0.2456],
        [0.2631, 0.2295, 0.2486, 0.2587],
        [0.2528, 0.2485, 0.2525, 0.2462],
        [0.2496, 0.2623, 0.2443, 0.2437],
        [0.2527, 0.2513, 0.2458, 0.2501],
        [0.2385, 0.2543, 0.2632, 0.2439],
        [0.2444, 0.2560, 0.2568, 0.2427],
        [0.2536, 0.2324, 0.2562, 0.2577],
        [0.2536, 0.2543, 0.2477, 0.2444],
        [0.2595, 0.2497, 0.2478, 0.2431],
        [0.2403, 0.2461, 0.2521, 0.2616],
        [0.2489, 0.2449, 0.2555, 0.2508]], device='cuda:0',
       grad_fn=<SoftmaxBackward0>)
2024-11-18 00:25:13,580 -         train_search: [    INFO] - Train: 8 [   0/390]  Loss: 0.5436 (0.544)  Acc@1: 84.3750 (84.3750)  Acc@5: 100.0000 (100.0000)LR: 2.352e-02
2024-11-18 00:25:42,296 -         train_search: [    INFO] - Train: 8 [  50/390]  Loss: 0.4166 (0.509)  Acc@1: 85.9375 (82.7819)  Acc@5: 100.0000 (99.3566)LR: 2.352e-02
2024-11-18 00:26:10,654 -         train_search: [    INFO] - Train: 8 [ 100/390]  Loss: 0.4705 (0.535)  Acc@1: 84.3750 (81.8998)  Acc@5: 100.0000 (99.2110)LR: 2.352e-02
2024-11-18 00:26:39,458 -         train_search: [    INFO] - Train: 8 [ 150/390]  Loss: 0.4837 (0.539)  Acc@1: 82.8125 (81.5708)  Acc@5: 100.0000 (99.1101)LR: 2.352e-02
2024-11-18 00:27:07,370 -         train_search: [    INFO] - Train: 8 [ 200/390]  Loss: 0.4396 (0.543)  Acc@1: 84.3750 (81.5299)  Acc@5: 100.0000 (99.0749)LR: 2.352e-02
2024-11-18 00:27:35,588 -         train_search: [    INFO] - Train: 8 [ 250/390]  Loss: 0.6434 (0.542)  Acc@1: 78.1250 (81.4305)  Acc@5: 98.4375 (99.0849)LR: 2.352e-02
2024-11-18 00:28:03,857 -         train_search: [    INFO] - Train: 8 [ 300/390]  Loss: 0.3891 (0.549)  Acc@1: 82.8125 (81.1514)  Acc@5: 98.4375 (99.0137)LR: 2.352e-02
2024-11-18 00:28:32,756 -         train_search: [    INFO] - Train: 8 [ 350/390]  Loss: 0.5641 (0.548)  Acc@1: 78.1250 (81.1343)  Acc@5: 100.0000 (99.0207)LR: 2.352e-02
2024-11-18 00:28:56,224 -         train_search: [    INFO] - Train: 8 [ 390/390]  Loss: 0.5082 (0.550)  Acc@1: 80.0000 (81.0920)  Acc@5: 100.0000 (99.0240)LR: 2.352e-02
2024-11-18 00:28:56,332 -         train_search: [    INFO] - train_acc 81.092000
2024-11-18 00:28:56,825 -         train_search: [    INFO] - Valid: 8 [   0/390]  Loss: 0.7693 (0.769)  Acc@1: 70.3125 (70.3125)  Acc@5: 98.4375 (98.4375)
2024-11-18 00:29:02,386 -         train_search: [    INFO] - Valid: 8 [  50/390]  Loss: 0.9408 (0.686)  Acc@1: 70.3125 (76.1949)  Acc@5: 96.8750 (98.6826)
2024-11-18 00:29:07,756 -         train_search: [    INFO] - Valid: 8 [ 100/390]  Loss: 0.5925 (0.674)  Acc@1: 78.1250 (76.8564)  Acc@5: 100.0000 (98.8088)
2024-11-18 00:29:13,277 -         train_search: [    INFO] - Valid: 8 [ 150/390]  Loss: 0.6862 (0.676)  Acc@1: 76.5625 (76.8212)  Acc@5: 98.4375 (98.6755)
2024-11-18 00:29:18,768 -         train_search: [    INFO] - Valid: 8 [ 200/390]  Loss: 0.8927 (0.677)  Acc@1: 64.0625 (76.8579)  Acc@5: 100.0000 (98.7174)
2024-11-18 00:29:24,464 -         train_search: [    INFO] - Valid: 8 [ 250/390]  Loss: 0.5599 (0.672)  Acc@1: 76.5625 (77.0356)  Acc@5: 98.4375 (98.8172)
2024-11-18 00:29:29,829 -         train_search: [    INFO] - Valid: 8 [ 300/390]  Loss: 0.4905 (0.678)  Acc@1: 84.3750 (76.7857)  Acc@5: 98.4375 (98.7853)
2024-11-18 00:29:35,077 -         train_search: [    INFO] - Valid: 8 [ 350/390]  Loss: 0.6559 (0.675)  Acc@1: 75.0000 (76.8830)  Acc@5: 95.3125 (98.7758)
2024-11-18 00:29:39,043 -         train_search: [    INFO] - Valid: 8 [ 390/390]  Loss: 0.9518 (0.674)  Acc@1: 65.0000 (76.9120)  Acc@5: 97.5000 (98.7560)
2024-11-18 00:29:39,100 -         train_search: [    INFO] - valid_acc 76.912000
2024-11-18 00:29:39,101 -         train_search: [    INFO] - epoch = 8   
 genotype = Genotype(normal=[('sep_conv_3x3', 1), ('sep_conv_3x3', 0), ('sep_conv_3x3', 0), ('dil_conv_3x3', 1), ('sep_conv_3x3', 0), ('sep_conv_5x5', 2), ('sep_conv_5x5', 2), ('sep_conv_5x5', 4)], normal_concat=range(2, 6), reduce=[('sep_conv_5x5', 1), ('sep_conv_5x5', 0), ('sep_conv_3x3', 1), ('dil_conv_3x3', 2), ('dil_conv_3x3', 2), ('sep_conv_5x5', 0), ('dil_conv_5x5', 3), ('sep_conv_3x3', 2)], reduce_concat=range(2, 6))
2024-11-18 00:29:39,104 -         train_search: [    INFO] - alphas_normal = 
 tensor([[0.2828, 0.2605, 0.2309, 0.2258],
        [0.2914, 0.2426, 0.2438, 0.2223],
        [0.2876, 0.2508, 0.2310, 0.2306],
        [0.2392, 0.2509, 0.2625, 0.2473],
        [0.2558, 0.2455, 0.2506, 0.2482],
        [0.2638, 0.2383, 0.2527, 0.2453],
        [0.2578, 0.2458, 0.2524, 0.2440],
        [0.2465, 0.2594, 0.2588, 0.2354],
        [0.2452, 0.2453, 0.2565, 0.2530],
        [0.2510, 0.2424, 0.2501, 0.2566],
        [0.2619, 0.2491, 0.2448, 0.2441],
        [0.2442, 0.2682, 0.2395, 0.2482],
        [0.2458, 0.2519, 0.2527, 0.2496],
        [0.2492, 0.2621, 0.2488, 0.2399]], device='cuda:0',
       grad_fn=<SoftmaxBackward0>)
2024-11-18 00:29:39,106 -         train_search: [    INFO] -  alphas_reduct = 
 tensor([[0.2503, 0.2560, 0.2484, 0.2452],
        [0.2517, 0.2580, 0.2396, 0.2508],
        [0.2525, 0.2496, 0.2520, 0.2459],
        [0.2645, 0.2275, 0.2495, 0.2584],
        [0.2521, 0.2484, 0.2542, 0.2453],
        [0.2520, 0.2615, 0.2433, 0.2433],
        [0.2521, 0.2483, 0.2471, 0.2526],
        [0.2376, 0.2539, 0.2648, 0.2437],
        [0.2423, 0.2576, 0.2573, 0.2428],
        [0.2512, 0.2305, 0.2574, 0.2609],
        [0.2548, 0.2538, 0.2485, 0.2428],
        [0.2610, 0.2518, 0.2488, 0.2384],
        [0.2387, 0.2441, 0.2540, 0.2632],
        [0.2526, 0.2430, 0.2560, 0.2484]], device='cuda:0',
       grad_fn=<SoftmaxBackward0>)
2024-11-18 00:29:40,160 -         train_search: [    INFO] - Train: 9 [   0/390]  Loss: 0.3381 (0.338)  Acc@1: 87.5000 (87.5000)  Acc@5: 100.0000 (100.0000)LR: 2.313e-02
2024-11-18 00:30:08,248 -         train_search: [    INFO] - Train: 9 [  50/390]  Loss: 0.3537 (0.501)  Acc@1: 87.5000 (82.5368)  Acc@5: 100.0000 (99.3873)LR: 2.313e-02
2024-11-18 00:30:36,403 -         train_search: [    INFO] - Train: 9 [ 100/390]  Loss: 0.6233 (0.505)  Acc@1: 82.8125 (82.2092)  Acc@5: 96.8750 (99.2420)LR: 2.313e-02
2024-11-18 00:31:05,115 -         train_search: [    INFO] - Train: 9 [ 150/390]  Loss: 0.5277 (0.498)  Acc@1: 79.6875 (82.6055)  Acc@5: 100.0000 (99.2653)LR: 2.313e-02
2024-11-18 00:31:33,438 -         train_search: [    INFO] - Train: 9 [ 200/390]  Loss: 0.7227 (0.502)  Acc@1: 76.5625 (82.6182)  Acc@5: 98.4375 (99.2382)LR: 2.313e-02
2024-11-18 00:32:01,202 -         train_search: [    INFO] - Train: 9 [ 250/390]  Loss: 0.5003 (0.497)  Acc@1: 79.6875 (82.8125)  Acc@5: 100.0000 (99.2343)LR: 2.313e-02
2024-11-18 00:32:30,404 -         train_search: [    INFO] - Train: 9 [ 300/390]  Loss: 0.4035 (0.501)  Acc@1: 82.8125 (82.7398)  Acc@5: 100.0000 (99.2265)LR: 2.313e-02
2024-11-18 00:32:58,260 -         train_search: [    INFO] - Train: 9 [ 350/390]  Loss: 0.5320 (0.505)  Acc@1: 82.8125 (82.5632)  Acc@5: 98.4375 (99.1587)LR: 2.313e-02
2024-11-18 00:33:21,315 -         train_search: [    INFO] - Train: 9 [ 390/390]  Loss: 0.3552 (0.504)  Acc@1: 95.0000 (82.6040)  Acc@5: 97.5000 (99.1640)LR: 2.313e-02
2024-11-18 00:33:21,422 -         train_search: [    INFO] - train_acc 82.604000
2024-11-18 00:33:21,760 -         train_search: [    INFO] - Valid: 9 [   0/390]  Loss: 0.3923 (0.392)  Acc@1: 84.3750 (84.3750)  Acc@5: 100.0000 (100.0000)
2024-11-18 00:33:26,977 -         train_search: [    INFO] - Valid: 9 [  50/390]  Loss: 0.7628 (0.643)  Acc@1: 73.4375 (78.3088)  Acc@5: 96.8750 (98.7132)
2024-11-18 00:33:32,167 -         train_search: [    INFO] - Valid: 9 [ 100/390]  Loss: 0.4697 (0.649)  Acc@1: 84.3750 (78.2178)  Acc@5: 100.0000 (98.6386)
2024-11-18 00:33:37,326 -         train_search: [    INFO] - Valid: 9 [ 150/390]  Loss: 0.7895 (0.642)  Acc@1: 78.1250 (78.5389)  Acc@5: 98.4375 (98.6548)
2024-11-18 00:33:43,077 -         train_search: [    INFO] - Valid: 9 [ 200/390]  Loss: 0.8040 (0.646)  Acc@1: 71.8750 (78.2105)  Acc@5: 96.8750 (98.7096)
2024-11-18 00:33:48,207 -         train_search: [    INFO] - Valid: 9 [ 250/390]  Loss: 0.8897 (0.644)  Acc@1: 71.8750 (78.2993)  Acc@5: 96.8750 (98.7301)
2024-11-18 00:33:53,260 -         train_search: [    INFO] - Valid: 9 [ 300/390]  Loss: 0.6073 (0.646)  Acc@1: 79.6875 (78.3119)  Acc@5: 98.4375 (98.7438)
2024-11-18 00:33:58,095 -         train_search: [    INFO] - Valid: 9 [ 350/390]  Loss: 0.6849 (0.645)  Acc@1: 73.4375 (78.3787)  Acc@5: 100.0000 (98.7135)
2024-11-18 00:34:01,961 -         train_search: [    INFO] - Valid: 9 [ 390/390]  Loss: 0.7587 (0.645)  Acc@1: 75.0000 (78.4400)  Acc@5: 100.0000 (98.7200)
2024-11-18 00:34:02,013 -         train_search: [    INFO] - valid_acc 78.440000
2024-11-18 00:34:02,014 -         train_search: [    INFO] - epoch = 9   
 genotype = Genotype(normal=[('sep_conv_3x3', 1), ('sep_conv_3x3', 0), ('sep_conv_3x3', 0), ('dil_conv_3x3', 1), ('sep_conv_3x3', 0), ('sep_conv_5x5', 2), ('sep_conv_5x5', 2), ('sep_conv_5x5', 4)], normal_concat=range(2, 6), reduce=[('sep_conv_5x5', 1), ('sep_conv_5x5', 0), ('sep_conv_3x3', 1), ('dil_conv_3x3', 2), ('dil_conv_3x3', 2), ('sep_conv_5x5', 0), ('dil_conv_5x5', 3), ('dil_conv_5x5', 0)], reduce_concat=range(2, 6))
2024-11-18 00:34:02,017 -         train_search: [    INFO] - alphas_normal = 
 tensor([[0.2921, 0.2607, 0.2261, 0.2211],
        [0.2948, 0.2436, 0.2423, 0.2194],
        [0.2918, 0.2517, 0.2289, 0.2276],
        [0.2407, 0.2513, 0.2603, 0.2477],
        [0.2553, 0.2456, 0.2494, 0.2497],
        [0.2671, 0.2360, 0.2508, 0.2461],
        [0.2599, 0.2445, 0.2532, 0.2424],
        [0.2458, 0.2611, 0.2590, 0.2341],
        [0.2455, 0.2424, 0.2594, 0.2527],
        [0.2511, 0.2410, 0.2513, 0.2566],
        [0.2614, 0.2487, 0.2426, 0.2474],
        [0.2424, 0.2679, 0.2406, 0.2491],
        [0.2415, 0.2549, 0.2535, 0.2501],
        [0.2484, 0.2635, 0.2470, 0.2411]], device='cuda:0',
       grad_fn=<SoftmaxBackward0>)
2024-11-18 00:34:02,019 -         train_search: [    INFO] -  alphas_reduct = 
 tensor([[0.2537, 0.2546, 0.2480, 0.2437],
        [0.2503, 0.2551, 0.2426, 0.2520],
        [0.2486, 0.2500, 0.2549, 0.2465],
        [0.2627, 0.2253, 0.2529, 0.2591],
        [0.2516, 0.2487, 0.2568, 0.2429],
        [0.2554, 0.2601, 0.2436, 0.2409],
        [0.2526, 0.2445, 0.2473, 0.2557],
        [0.2381, 0.2522, 0.2686, 0.2411],
        [0.2430, 0.2580, 0.2559, 0.2431],
        [0.2523, 0.2256, 0.2587, 0.2633],
        [0.2529, 0.2529, 0.2488, 0.2455],
        [0.2603, 0.2550, 0.2462, 0.2386],
        [0.2380, 0.2425, 0.2547, 0.2648],
        [0.2560, 0.2386, 0.2552, 0.2501]], device='cuda:0',
       grad_fn=<SoftmaxBackward0>)
2024-11-18 00:34:03,291 -         train_search: [    INFO] - Train: 10 [   0/390]  Loss: 0.3787 (0.379)  Acc@1: 90.6250 (90.6250)  Acc@5: 100.0000 (100.0000)LR: 2.271e-02
2024-11-18 00:34:31,437 -         train_search: [    INFO] - Train: 10 [  50/390]  Loss: 0.5415 (0.427)  Acc@1: 84.3750 (85.8456)  Acc@5: 98.4375 (99.5098)LR: 2.271e-02
2024-11-18 00:34:59,757 -         train_search: [    INFO] - Train: 10 [ 100/390]  Loss: 0.3278 (0.455)  Acc@1: 85.9375 (84.4988)  Acc@5: 100.0000 (99.1646)LR: 2.271e-02
2024-11-18 00:35:28,735 -         train_search: [    INFO] - Train: 10 [ 150/390]  Loss: 0.4393 (0.447)  Acc@1: 89.0625 (84.5509)  Acc@5: 98.4375 (99.2446)LR: 2.271e-02
2024-11-18 00:35:57,266 -         train_search: [    INFO] - Train: 10 [ 200/390]  Loss: 0.4648 (0.453)  Acc@1: 87.5000 (84.2973)  Acc@5: 98.4375 (99.2615)LR: 2.271e-02
2024-11-18 00:36:25,650 -         train_search: [    INFO] - Train: 10 [ 250/390]  Loss: 0.4681 (0.463)  Acc@1: 78.1250 (83.8708)  Acc@5: 100.0000 (99.2094)LR: 2.271e-02
2024-11-18 00:36:53,447 -         train_search: [    INFO] - Train: 10 [ 300/390]  Loss: 0.4424 (0.465)  Acc@1: 82.8125 (83.9026)  Acc@5: 100.0000 (99.2213)LR: 2.271e-02
2024-11-18 00:37:21,346 -         train_search: [    INFO] - Train: 10 [ 350/390]  Loss: 0.5419 (0.469)  Acc@1: 76.5625 (83.8319)  Acc@5: 100.0000 (99.2477)LR: 2.271e-02
2024-11-18 00:37:44,331 -         train_search: [    INFO] - Train: 10 [ 390/390]  Loss: 0.4029 (0.470)  Acc@1: 82.5000 (83.7600)  Acc@5: 100.0000 (99.2680)LR: 2.271e-02
2024-11-18 00:37:44,422 -         train_search: [    INFO] - train_acc 83.760000
2024-11-18 00:37:44,983 -         train_search: [    INFO] - Valid: 10 [   0/390]  Loss: 0.6587 (0.659)  Acc@1: 75.0000 (75.0000)  Acc@5: 98.4375 (98.4375)
2024-11-18 00:37:50,428 -         train_search: [    INFO] - Valid: 10 [  50/390]  Loss: 0.4360 (0.594)  Acc@1: 85.9375 (80.0551)  Acc@5: 98.4375 (98.7132)
2024-11-18 00:37:56,137 -         train_search: [    INFO] - Valid: 10 [ 100/390]  Loss: 0.5171 (0.602)  Acc@1: 82.8125 (79.7803)  Acc@5: 100.0000 (98.8243)
2024-11-18 00:38:02,029 -         train_search: [    INFO] - Valid: 10 [ 150/390]  Loss: 0.6891 (0.601)  Acc@1: 79.6875 (79.8531)  Acc@5: 98.4375 (98.8411)
2024-11-18 00:38:07,888 -         train_search: [    INFO] - Valid: 10 [ 200/390]  Loss: 0.4150 (0.607)  Acc@1: 81.2500 (79.5709)  Acc@5: 98.4375 (98.8650)
2024-11-18 00:38:13,317 -         train_search: [    INFO] - Valid: 10 [ 250/390]  Loss: 0.4657 (0.607)  Acc@1: 79.6875 (79.5443)  Acc@5: 100.0000 (98.9044)
2024-11-18 00:38:18,675 -         train_search: [    INFO] - Valid: 10 [ 300/390]  Loss: 0.5911 (0.603)  Acc@1: 78.1250 (79.6512)  Acc@5: 98.4375 (98.8943)
2024-11-18 00:38:24,444 -         train_search: [    INFO] - Valid: 10 [ 350/390]  Loss: 0.7255 (0.601)  Acc@1: 79.6875 (79.5317)  Acc@5: 96.8750 (98.9094)
2024-11-18 00:38:28,766 -         train_search: [    INFO] - Valid: 10 [ 390/390]  Loss: 0.3421 (0.602)  Acc@1: 87.5000 (79.4280)  Acc@5: 100.0000 (98.9000)
2024-11-18 00:38:28,814 -         train_search: [    INFO] - valid_acc 79.428000
2024-11-18 00:38:28,815 -         train_search: [    INFO] - epoch = 10   
 genotype = Genotype(normal=[('sep_conv_3x3', 1), ('sep_conv_3x3', 0), ('sep_conv_3x3', 0), ('dil_conv_3x3', 1), ('sep_conv_3x3', 0), ('dil_conv_3x3', 2), ('sep_conv_5x5', 2), ('sep_conv_3x3', 1)], normal_concat=range(2, 6), reduce=[('sep_conv_5x5', 1), ('sep_conv_3x3', 0), ('sep_conv_3x3', 1), ('dil_conv_3x3', 2), ('dil_conv_3x3', 2), ('sep_conv_5x5', 3), ('dil_conv_5x5', 3), ('dil_conv_5x5', 0)], reduce_concat=range(2, 6))
2024-11-18 00:38:28,820 -         train_search: [    INFO] - alphas_normal = 
 tensor([[0.2963, 0.2617, 0.2238, 0.2182],
        [0.3014, 0.2427, 0.2400, 0.2159],
        [0.2926, 0.2522, 0.2279, 0.2273],
        [0.2382, 0.2511, 0.2646, 0.2461],
        [0.2528, 0.2495, 0.2485, 0.2492],
        [0.2653, 0.2337, 0.2542, 0.2469],
        [0.2609, 0.2432, 0.2547, 0.2412],
        [0.2447, 0.2611, 0.2612, 0.2330],
        [0.2466, 0.2404, 0.2588, 0.2542],
        [0.2517, 0.2423, 0.2515, 0.2546],
        [0.2627, 0.2465, 0.2430, 0.2478],
        [0.2423, 0.2678, 0.2386, 0.2512],
        [0.2368, 0.2543, 0.2530, 0.2558],
        [0.2493, 0.2613, 0.2452, 0.2441]], device='cuda:0',
       grad_fn=<SoftmaxBackward0>)
2024-11-18 00:38:28,823 -         train_search: [    INFO] -  alphas_reduct = 
 tensor([[0.2544, 0.2539, 0.2492, 0.2425],
        [0.2504, 0.2548, 0.2453, 0.2495],
        [0.2450, 0.2531, 0.2550, 0.2469],
        [0.2627, 0.2217, 0.2551, 0.2605],
        [0.2504, 0.2505, 0.2554, 0.2437],
        [0.2538, 0.2604, 0.2461, 0.2396],
        [0.2557, 0.2412, 0.2491, 0.2540],
        [0.2360, 0.2527, 0.2722, 0.2391],
        [0.2411, 0.2614, 0.2542, 0.2434],
        [0.2544, 0.2228, 0.2582, 0.2646],
        [0.2519, 0.2523, 0.2487, 0.2471],
        [0.2607, 0.2516, 0.2471, 0.2406],
        [0.2382, 0.2385, 0.2574, 0.2660],
        [0.2569, 0.2362, 0.2545, 0.2524]], device='cuda:0',
       grad_fn=<SoftmaxBackward0>)
2024-11-18 00:38:29,854 -         train_search: [    INFO] - Train: 11 [   0/390]  Loss: 0.5265 (0.527)  Acc@1: 81.2500 (81.2500)  Acc@5: 100.0000 (100.0000)LR: 2.225e-02
2024-11-18 00:38:58,586 -         train_search: [    INFO] - Train: 11 [  50/390]  Loss: 0.4204 (0.437)  Acc@1: 79.6875 (84.4363)  Acc@5: 98.4375 (99.5711)LR: 2.225e-02
2024-11-18 00:39:27,744 -         train_search: [    INFO] - Train: 11 [ 100/390]  Loss: 0.2151 (0.419)  Acc@1: 95.3125 (85.2413)  Acc@5: 100.0000 (99.4585)LR: 2.225e-02
2024-11-18 00:39:56,666 -         train_search: [    INFO] - Train: 11 [ 150/390]  Loss: 0.4030 (0.434)  Acc@1: 87.5000 (84.9545)  Acc@5: 100.0000 (99.4412)LR: 2.225e-02
2024-11-18 00:40:25,589 -         train_search: [    INFO] - Train: 11 [ 200/390]  Loss: 0.5810 (0.436)  Acc@1: 79.6875 (84.8414)  Acc@5: 98.4375 (99.4325)LR: 2.225e-02
2024-11-18 00:40:54,670 -         train_search: [    INFO] - Train: 11 [ 250/390]  Loss: 0.2627 (0.437)  Acc@1: 92.1875 (84.8543)  Acc@5: 100.0000 (99.4958)LR: 2.225e-02
2024-11-18 00:41:23,135 -         train_search: [    INFO] - Train: 11 [ 300/390]  Loss: 0.4736 (0.441)  Acc@1: 82.8125 (84.6813)  Acc@5: 100.0000 (99.4809)LR: 2.225e-02
2024-11-18 00:41:51,267 -         train_search: [    INFO] - Train: 11 [ 350/390]  Loss: 0.3639 (0.441)  Acc@1: 89.0625 (84.6688)  Acc@5: 100.0000 (99.4614)LR: 2.225e-02
2024-11-18 00:42:14,153 -         train_search: [    INFO] - Train: 11 [ 390/390]  Loss: 0.8330 (0.442)  Acc@1: 72.5000 (84.7320)  Acc@5: 100.0000 (99.4120)LR: 2.225e-02
2024-11-18 00:42:14,269 -         train_search: [    INFO] - train_acc 84.732000
2024-11-18 00:42:14,635 -         train_search: [    INFO] - Valid: 11 [   0/390]  Loss: 0.4841 (0.484)  Acc@1: 82.8125 (82.8125)  Acc@5: 100.0000 (100.0000)
2024-11-18 00:42:19,706 -         train_search: [    INFO] - Valid: 11 [  50/390]  Loss: 0.6206 (0.619)  Acc@1: 78.1250 (79.5650)  Acc@5: 98.4375 (98.6826)
2024-11-18 00:42:24,865 -         train_search: [    INFO] - Valid: 11 [ 100/390]  Loss: 0.9015 (0.644)  Acc@1: 68.7500 (78.6665)  Acc@5: 95.3125 (98.5303)
2024-11-18 00:42:30,015 -         train_search: [    INFO] - Valid: 11 [ 150/390]  Loss: 0.7312 (0.636)  Acc@1: 76.5625 (78.9942)  Acc@5: 96.8750 (98.5927)
2024-11-18 00:42:35,099 -         train_search: [    INFO] - Valid: 11 [ 200/390]  Loss: 0.4897 (0.632)  Acc@1: 81.2500 (79.0423)  Acc@5: 98.4375 (98.6318)
2024-11-18 00:42:40,206 -         train_search: [    INFO] - Valid: 11 [ 250/390]  Loss: 0.4354 (0.627)  Acc@1: 89.0625 (79.1023)  Acc@5: 100.0000 (98.7239)
2024-11-18 00:42:45,645 -         train_search: [    INFO] - Valid: 11 [ 300/390]  Loss: 0.7649 (0.624)  Acc@1: 82.8125 (79.1944)  Acc@5: 96.8750 (98.7749)
2024-11-18 00:42:50,924 -         train_search: [    INFO] - Valid: 11 [ 350/390]  Loss: 0.9663 (0.618)  Acc@1: 68.7500 (79.3225)  Acc@5: 96.8750 (98.7580)
2024-11-18 00:42:55,276 -         train_search: [    INFO] - Valid: 11 [ 390/390]  Loss: 0.6280 (0.619)  Acc@1: 75.0000 (79.2480)  Acc@5: 100.0000 (98.7720)
2024-11-18 00:42:55,321 -         train_search: [    INFO] - valid_acc 79.248000
2024-11-18 00:42:55,322 -         train_search: [    INFO] - epoch = 11   
 genotype = Genotype(normal=[('sep_conv_3x3', 1), ('sep_conv_3x3', 0), ('sep_conv_3x3', 0), ('dil_conv_3x3', 1), ('sep_conv_3x3', 0), ('dil_conv_3x3', 3), ('sep_conv_5x5', 2), ('sep_conv_3x3', 1)], normal_concat=range(2, 6), reduce=[('sep_conv_5x5', 0), ('sep_conv_5x5', 1), ('sep_conv_3x3', 1), ('dil_conv_3x3', 0), ('dil_conv_3x3', 2), ('sep_conv_5x5', 3), ('dil_conv_5x5', 3), ('dil_conv_5x5', 0)], reduce_concat=range(2, 6))
2024-11-18 00:42:55,324 -         train_search: [    INFO] - alphas_normal = 
 tensor([[0.2989, 0.2640, 0.2232, 0.2138],
        [0.3047, 0.2421, 0.2405, 0.2127],
        [0.2995, 0.2487, 0.2255, 0.2263],
        [0.2373, 0.2521, 0.2643, 0.2463],
        [0.2552, 0.2525, 0.2475, 0.2447],
        [0.2658, 0.2319, 0.2532, 0.2492],
        [0.2612, 0.2426, 0.2565, 0.2397],
        [0.2455, 0.2592, 0.2617, 0.2336],
        [0.2454, 0.2413, 0.2622, 0.2511],
        [0.2518, 0.2404, 0.2542, 0.2536],
        [0.2636, 0.2413, 0.2439, 0.2512],
        [0.2423, 0.2675, 0.2374, 0.2528],
        [0.2371, 0.2554, 0.2530, 0.2545],
        [0.2472, 0.2621, 0.2461, 0.2446]], device='cuda:0',
       grad_fn=<SoftmaxBackward0>)
2024-11-18 00:42:55,326 -         train_search: [    INFO] -  alphas_reduct = 
 tensor([[0.2548, 0.2561, 0.2487, 0.2405],
        [0.2519, 0.2541, 0.2456, 0.2484],
        [0.2447, 0.2554, 0.2563, 0.2436],
        [0.2665, 0.2194, 0.2570, 0.2571],
        [0.2520, 0.2500, 0.2549, 0.2431],
        [0.2553, 0.2588, 0.2495, 0.2364],
        [0.2561, 0.2401, 0.2510, 0.2529],
        [0.2372, 0.2524, 0.2747, 0.2358],
        [0.2379, 0.2640, 0.2548, 0.2434],
        [0.2537, 0.2235, 0.2610, 0.2617],
        [0.2512, 0.2502, 0.2521, 0.2464],
        [0.2617, 0.2530, 0.2476, 0.2377],
        [0.2365, 0.2358, 0.2589, 0.2688],
        [0.2606, 0.2351, 0.2498, 0.2545]], device='cuda:0',
       grad_fn=<SoftmaxBackward0>)
2024-11-18 00:42:56,342 -         train_search: [    INFO] - Train: 12 [   0/390]  Loss: 0.3214 (0.321)  Acc@1: 90.6250 (90.6250)  Acc@5: 100.0000 (100.0000)LR: 2.175e-02
2024-11-18 00:43:24,635 -         train_search: [    INFO] - Train: 12 [  50/390]  Loss: 0.3054 (0.382)  Acc@1: 85.9375 (86.5809)  Acc@5: 100.0000 (99.5711)LR: 2.175e-02
2024-11-18 00:43:53,804 -         train_search: [    INFO] - Train: 12 [ 100/390]  Loss: 0.4845 (0.402)  Acc@1: 85.9375 (85.9220)  Acc@5: 100.0000 (99.4740)LR: 2.175e-02
2024-11-18 00:44:22,717 -         train_search: [    INFO] - Train: 12 [ 150/390]  Loss: 0.5512 (0.419)  Acc@1: 78.1250 (85.6995)  Acc@5: 98.4375 (99.4516)LR: 2.175e-02
2024-11-18 00:44:51,154 -         train_search: [    INFO] - Train: 12 [ 200/390]  Loss: 0.2870 (0.416)  Acc@1: 85.9375 (85.6266)  Acc@5: 100.0000 (99.4403)LR: 2.175e-02
2024-11-18 00:45:19,466 -         train_search: [    INFO] - Train: 12 [ 250/390]  Loss: 0.8900 (0.423)  Acc@1: 68.7500 (85.4395)  Acc@5: 96.8750 (99.4086)LR: 2.175e-02
2024-11-18 00:45:48,652 -         train_search: [    INFO] - Train: 12 [ 300/390]  Loss: 0.2882 (0.421)  Acc@1: 93.7500 (85.5845)  Acc@5: 100.0000 (99.3978)LR: 2.175e-02
2024-11-18 00:46:17,770 -         train_search: [    INFO] - Train: 12 [ 350/390]  Loss: 0.4516 (0.419)  Acc@1: 82.8125 (85.6571)  Acc@5: 100.0000 (99.4079)LR: 2.175e-02
2024-11-18 00:46:39,807 -         train_search: [    INFO] - Train: 12 [ 390/390]  Loss: 0.4503 (0.419)  Acc@1: 82.5000 (85.5800)  Acc@5: 100.0000 (99.4240)LR: 2.175e-02
2024-11-18 00:46:39,929 -         train_search: [    INFO] - train_acc 85.580000
2024-11-18 00:46:40,328 -         train_search: [    INFO] - Valid: 12 [   0/390]  Loss: 0.7240 (0.724)  Acc@1: 73.4375 (73.4375)  Acc@5: 98.4375 (98.4375)
2024-11-18 00:46:45,770 -         train_search: [    INFO] - Valid: 12 [  50/390]  Loss: 0.5243 (0.592)  Acc@1: 82.8125 (80.0858)  Acc@5: 98.4375 (98.9277)
2024-11-18 00:46:51,403 -         train_search: [    INFO] - Valid: 12 [ 100/390]  Loss: 0.3727 (0.596)  Acc@1: 87.5000 (80.3063)  Acc@5: 100.0000 (98.8707)
2024-11-18 00:46:57,282 -         train_search: [    INFO] - Valid: 12 [ 150/390]  Loss: 0.4899 (0.590)  Acc@1: 84.3750 (80.3808)  Acc@5: 98.4375 (98.7997)
2024-11-18 00:47:02,971 -         train_search: [    INFO] - Valid: 12 [ 200/390]  Loss: 0.7215 (0.593)  Acc@1: 75.0000 (80.4260)  Acc@5: 100.0000 (98.8184)
2024-11-18 00:47:08,700 -         train_search: [    INFO] - Valid: 12 [ 250/390]  Loss: 0.4482 (0.593)  Acc@1: 82.8125 (80.5092)  Acc@5: 98.4375 (98.7799)
2024-11-18 00:47:14,388 -         train_search: [    INFO] - Valid: 12 [ 300/390]  Loss: 0.6934 (0.590)  Acc@1: 81.2500 (80.5596)  Acc@5: 96.8750 (98.8320)
2024-11-18 00:47:19,346 -         train_search: [    INFO] - Valid: 12 [ 350/390]  Loss: 0.5693 (0.584)  Acc@1: 82.8125 (80.7737)  Acc@5: 98.4375 (98.8470)
2024-11-18 00:47:23,276 -         train_search: [    INFO] - Valid: 12 [ 390/390]  Loss: 0.3825 (0.585)  Acc@1: 87.5000 (80.7320)  Acc@5: 100.0000 (98.8680)
2024-11-18 00:47:23,331 -         train_search: [    INFO] - valid_acc 80.732000
2024-11-18 00:47:23,333 -         train_search: [    INFO] - epoch = 12   
 genotype = Genotype(normal=[('sep_conv_3x3', 1), ('sep_conv_3x3', 0), ('sep_conv_3x3', 0), ('dil_conv_3x3', 1), ('sep_conv_3x3', 0), ('dil_conv_3x3', 3), ('sep_conv_5x5', 2), ('sep_conv_3x3', 1)], normal_concat=range(2, 6), reduce=[('sep_conv_3x3', 0), ('sep_conv_3x3', 1), ('sep_conv_3x3', 1), ('dil_conv_3x3', 0), ('dil_conv_3x3', 2), ('sep_conv_5x5', 3), ('dil_conv_5x5', 3), ('dil_conv_3x3', 0)], reduce_concat=range(2, 6))
2024-11-18 00:47:23,338 -         train_search: [    INFO] - alphas_normal = 
 tensor([[0.3034, 0.2627, 0.2228, 0.2112],
        [0.3106, 0.2387, 0.2393, 0.2114],
        [0.3025, 0.2506, 0.2230, 0.2239],
        [0.2389, 0.2514, 0.2627, 0.2470],
        [0.2534, 0.2551, 0.2473, 0.2442],
        [0.2669, 0.2299, 0.2531, 0.2500],
        [0.2617, 0.2409, 0.2580, 0.2394],
        [0.2449, 0.2616, 0.2607, 0.2328],
        [0.2438, 0.2412, 0.2637, 0.2513],
        [0.2526, 0.2384, 0.2553, 0.2537],
        [0.2649, 0.2383, 0.2444, 0.2524],
        [0.2393, 0.2667, 0.2385, 0.2556],
        [0.2372, 0.2540, 0.2524, 0.2563],
        [0.2489, 0.2605, 0.2455, 0.2451]], device='cuda:0',
       grad_fn=<SoftmaxBackward0>)
2024-11-18 00:47:23,342 -         train_search: [    INFO] -  alphas_reduct = 
 tensor([[0.2556, 0.2541, 0.2508, 0.2395],
        [0.2518, 0.2499, 0.2484, 0.2498],
        [0.2451, 0.2552, 0.2560, 0.2437],
        [0.2676, 0.2170, 0.2604, 0.2550],
        [0.2493, 0.2519, 0.2559, 0.2430],
        [0.2551, 0.2574, 0.2505, 0.2370],
        [0.2543, 0.2359, 0.2519, 0.2578],
        [0.2369, 0.2528, 0.2784, 0.2319],
        [0.2351, 0.2621, 0.2582, 0.2446],
        [0.2535, 0.2218, 0.2632, 0.2616],
        [0.2518, 0.2467, 0.2525, 0.2489],
        [0.2620, 0.2537, 0.2472, 0.2371],
        [0.2353, 0.2332, 0.2599, 0.2717],
        [0.2619, 0.2329, 0.2489, 0.2562]], device='cuda:0',
       grad_fn=<SoftmaxBackward0>)
2024-11-18 00:47:24,614 -         train_search: [    INFO] - Train: 13 [   0/390]  Loss: 0.2669 (0.267)  Acc@1: 92.1875 (92.1875)  Acc@5: 100.0000 (100.0000)LR: 2.121e-02
2024-11-18 00:47:53,812 -         train_search: [    INFO] - Train: 13 [  50/390]  Loss: 0.3692 (0.376)  Acc@1: 85.9375 (87.6838)  Acc@5: 98.4375 (99.3260)LR: 2.121e-02
2024-11-18 00:48:22,905 -         train_search: [    INFO] - Train: 13 [ 100/390]  Loss: 0.5577 (0.371)  Acc@1: 79.6875 (87.4381)  Acc@5: 100.0000 (99.4740)LR: 2.121e-02
2024-11-18 00:48:51,194 -         train_search: [    INFO] - Train: 13 [ 150/390]  Loss: 0.1774 (0.371)  Acc@1: 95.3125 (87.3034)  Acc@5: 100.0000 (99.5137)LR: 2.121e-02
2024-11-18 00:49:19,168 -         train_search: [    INFO] - Train: 13 [ 200/390]  Loss: 0.4816 (0.379)  Acc@1: 82.8125 (87.0414)  Acc@5: 100.0000 (99.4714)LR: 2.121e-02
2024-11-18 00:49:46,530 -         train_search: [    INFO] - Train: 13 [ 250/390]  Loss: 0.3422 (0.383)  Acc@1: 85.9375 (86.9148)  Acc@5: 100.0000 (99.4771)LR: 2.121e-02
2024-11-18 00:50:15,326 -         train_search: [    INFO] - Train: 13 [ 300/390]  Loss: 0.3904 (0.386)  Acc@1: 85.9375 (86.7473)  Acc@5: 98.4375 (99.4809)LR: 2.121e-02
2024-11-18 00:50:43,232 -         train_search: [    INFO] - Train: 13 [ 350/390]  Loss: 0.4506 (0.387)  Acc@1: 81.2500 (86.6542)  Acc@5: 100.0000 (99.4970)LR: 2.121e-02
2024-11-18 00:51:05,813 -         train_search: [    INFO] - Train: 13 [ 390/390]  Loss: 0.3967 (0.391)  Acc@1: 87.5000 (86.5240)  Acc@5: 100.0000 (99.4600)LR: 2.121e-02
2024-11-18 00:51:05,917 -         train_search: [    INFO] - train_acc 86.524000
2024-11-18 00:51:06,350 -         train_search: [    INFO] - Valid: 13 [   0/390]  Loss: 0.5022 (0.502)  Acc@1: 81.2500 (81.2500)  Acc@5: 98.4375 (98.4375)
2024-11-18 00:51:11,923 -         train_search: [    INFO] - Valid: 13 [  50/390]  Loss: 0.6000 (0.513)  Acc@1: 79.6875 (81.7708)  Acc@5: 98.4375 (98.9890)
2024-11-18 00:51:17,284 -         train_search: [    INFO] - Valid: 13 [ 100/390]  Loss: 0.5700 (0.521)  Acc@1: 84.3750 (81.9152)  Acc@5: 100.0000 (98.9944)
2024-11-18 00:51:22,655 -         train_search: [    INFO] - Valid: 13 [ 150/390]  Loss: 0.4658 (0.518)  Acc@1: 81.2500 (82.2848)  Acc@5: 100.0000 (99.0170)
2024-11-18 00:51:28,584 -         train_search: [    INFO] - Valid: 13 [ 200/390]  Loss: 0.4951 (0.524)  Acc@1: 85.9375 (81.9263)  Acc@5: 100.0000 (99.0672)
2024-11-18 00:51:34,427 -         train_search: [    INFO] - Valid: 13 [ 250/390]  Loss: 0.5202 (0.527)  Acc@1: 82.8125 (81.8165)  Acc@5: 100.0000 (99.0974)
2024-11-18 00:51:40,178 -         train_search: [    INFO] - Valid: 13 [ 300/390]  Loss: 0.4555 (0.529)  Acc@1: 84.3750 (81.7899)  Acc@5: 98.4375 (99.0916)
2024-11-18 00:51:45,831 -         train_search: [    INFO] - Valid: 13 [ 350/390]  Loss: 0.4521 (0.532)  Acc@1: 84.3750 (81.6551)  Acc@5: 98.4375 (99.0963)
2024-11-18 00:51:50,099 -         train_search: [    INFO] - Valid: 13 [ 390/390]  Loss: 0.8261 (0.532)  Acc@1: 67.5000 (81.6240)  Acc@5: 97.5000 (99.0680)
2024-11-18 00:51:50,147 -         train_search: [    INFO] - valid_acc 81.624000
2024-11-18 00:51:50,148 -         train_search: [    INFO] - epoch = 13   
 genotype = Genotype(normal=[('sep_conv_3x3', 1), ('sep_conv_3x3', 0), ('sep_conv_3x3', 0), ('dil_conv_3x3', 1), ('sep_conv_3x3', 0), ('dil_conv_3x3', 3), ('sep_conv_5x5', 2), ('sep_conv_5x5', 4)], normal_concat=range(2, 6), reduce=[('sep_conv_3x3', 0), ('dil_conv_5x5', 1), ('sep_conv_3x3', 1), ('dil_conv_3x3', 2), ('dil_conv_3x3', 2), ('sep_conv_5x5', 3), ('dil_conv_5x5', 3), ('dil_conv_3x3', 0)], reduce_concat=range(2, 6))
2024-11-18 00:51:50,152 -         train_search: [    INFO] - alphas_normal = 
 tensor([[0.3089, 0.2641, 0.2191, 0.2079],
        [0.3179, 0.2342, 0.2394, 0.2085],
        [0.3065, 0.2516, 0.2213, 0.2207],
        [0.2422, 0.2518, 0.2642, 0.2418],
        [0.2558, 0.2573, 0.2473, 0.2397],
        [0.2670, 0.2290, 0.2528, 0.2513],
        [0.2656, 0.2373, 0.2590, 0.2381],
        [0.2433, 0.2620, 0.2621, 0.2326],
        [0.2422, 0.2428, 0.2659, 0.2491],
        [0.2546, 0.2389, 0.2542, 0.2522],
        [0.2624, 0.2372, 0.2480, 0.2525],
        [0.2404, 0.2649, 0.2397, 0.2549],
        [0.2374, 0.2540, 0.2545, 0.2541],
        [0.2513, 0.2625, 0.2444, 0.2418]], device='cuda:0',
       grad_fn=<SoftmaxBackward0>)
2024-11-18 00:51:50,155 -         train_search: [    INFO] -  alphas_reduct = 
 tensor([[0.2595, 0.2527, 0.2504, 0.2374],
        [0.2513, 0.2483, 0.2467, 0.2538],
        [0.2414, 0.2548, 0.2580, 0.2458],
        [0.2666, 0.2150, 0.2620, 0.2564],
        [0.2476, 0.2508, 0.2590, 0.2427],
        [0.2576, 0.2557, 0.2509, 0.2358],
        [0.2557, 0.2335, 0.2540, 0.2568],
        [0.2347, 0.2522, 0.2804, 0.2326],
        [0.2356, 0.2623, 0.2573, 0.2448],
        [0.2559, 0.2161, 0.2656, 0.2624],
        [0.2502, 0.2490, 0.2513, 0.2495],
        [0.2629, 0.2515, 0.2479, 0.2377],
        [0.2337, 0.2313, 0.2610, 0.2740],
        [0.2613, 0.2332, 0.2468, 0.2587]], device='cuda:0',
       grad_fn=<SoftmaxBackward0>)
2024-11-18 00:51:51,518 -         train_search: [    INFO] - Train: 14 [   0/390]  Loss: 0.2572 (0.257)  Acc@1: 92.1875 (92.1875)  Acc@5: 100.0000 (100.0000)LR: 2.065e-02
2024-11-18 00:52:20,230 -         train_search: [    INFO] - Train: 14 [  50/390]  Loss: 0.3652 (0.354)  Acc@1: 89.0625 (87.5613)  Acc@5: 100.0000 (99.6017)LR: 2.065e-02
2024-11-18 00:52:49,201 -         train_search: [    INFO] - Train: 14 [ 100/390]  Loss: 0.3918 (0.362)  Acc@1: 87.5000 (87.2834)  Acc@5: 100.0000 (99.5823)LR: 2.065e-02
2024-11-18 00:53:18,420 -         train_search: [    INFO] - Train: 14 [ 150/390]  Loss: 0.3612 (0.350)  Acc@1: 87.5000 (87.6656)  Acc@5: 98.4375 (99.6275)LR: 2.065e-02
2024-11-18 00:53:46,953 -         train_search: [    INFO] - Train: 14 [ 200/390]  Loss: 0.6121 (0.356)  Acc@1: 81.2500 (87.5155)  Acc@5: 98.4375 (99.6191)LR: 2.065e-02
2024-11-18 00:54:15,422 -         train_search: [    INFO] - Train: 14 [ 250/390]  Loss: 0.3364 (0.358)  Acc@1: 90.6250 (87.5000)  Acc@5: 100.0000 (99.6078)LR: 2.065e-02
2024-11-18 00:54:43,519 -         train_search: [    INFO] - Train: 14 [ 300/390]  Loss: 0.6285 (0.366)  Acc@1: 84.3750 (87.2145)  Acc@5: 100.0000 (99.5847)LR: 2.065e-02
2024-11-18 00:55:11,201 -         train_search: [    INFO] - Train: 14 [ 350/390]  Loss: 0.4074 (0.369)  Acc@1: 84.3750 (87.1305)  Acc@5: 100.0000 (99.5860)LR: 2.065e-02
2024-11-18 00:55:33,797 -         train_search: [    INFO] - Train: 14 [ 390/390]  Loss: 0.4791 (0.371)  Acc@1: 75.0000 (87.0040)  Acc@5: 100.0000 (99.5760)LR: 2.065e-02
2024-11-18 00:55:33,887 -         train_search: [    INFO] - train_acc 87.004000
2024-11-18 00:55:34,225 -         train_search: [    INFO] - Valid: 14 [   0/390]  Loss: 0.4834 (0.483)  Acc@1: 82.8125 (82.8125)  Acc@5: 100.0000 (100.0000)
2024-11-18 00:55:39,778 -         train_search: [    INFO] - Valid: 14 [  50/390]  Loss: 0.5959 (0.537)  Acc@1: 81.2500 (82.1691)  Acc@5: 100.0000 (98.7745)
2024-11-18 00:55:45,796 -         train_search: [    INFO] - Valid: 14 [ 100/390]  Loss: 0.5190 (0.558)  Acc@1: 87.5000 (81.5903)  Acc@5: 98.4375 (98.8243)
2024-11-18 00:55:51,471 -         train_search: [    INFO] - Valid: 14 [ 150/390]  Loss: 0.5679 (0.559)  Acc@1: 78.1250 (81.4156)  Acc@5: 98.4375 (98.9031)
2024-11-18 00:55:57,084 -         train_search: [    INFO] - Valid: 14 [ 200/390]  Loss: 0.7117 (0.555)  Acc@1: 79.6875 (81.6542)  Acc@5: 98.4375 (98.9428)
2024-11-18 00:56:02,753 -         train_search: [    INFO] - Valid: 14 [ 250/390]  Loss: 0.4955 (0.557)  Acc@1: 81.2500 (81.6795)  Acc@5: 98.4375 (98.9293)
2024-11-18 00:56:08,345 -         train_search: [    INFO] - Valid: 14 [ 300/390]  Loss: 0.7191 (0.558)  Acc@1: 82.8125 (81.5667)  Acc@5: 96.8750 (98.9203)
2024-11-18 00:56:13,990 -         train_search: [    INFO] - Valid: 14 [ 350/390]  Loss: 0.3676 (0.556)  Acc@1: 87.5000 (81.4993)  Acc@5: 98.4375 (98.9539)
2024-11-18 00:56:18,045 -         train_search: [    INFO] - Valid: 14 [ 390/390]  Loss: 0.3617 (0.556)  Acc@1: 85.0000 (81.5560)  Acc@5: 100.0000 (98.9440)
2024-11-18 00:56:18,099 -         train_search: [    INFO] - valid_acc 81.556000
2024-11-18 00:56:18,100 -         train_search: [    INFO] - epoch = 14   
 genotype = Genotype(normal=[('sep_conv_3x3', 1), ('sep_conv_3x3', 0), ('sep_conv_3x3', 0), ('dil_conv_3x3', 1), ('sep_conv_3x3', 0), ('dil_conv_3x3', 3), ('sep_conv_5x5', 2), ('sep_conv_5x5', 4)], normal_concat=range(2, 6), reduce=[('sep_conv_3x3', 0), ('dil_conv_5x5', 1), ('dil_conv_3x3', 1), ('dil_conv_3x3', 2), ('dil_conv_3x3', 2), ('dil_conv_5x5', 1), ('dil_conv_5x5', 3), ('dil_conv_3x3', 0)], reduce_concat=range(2, 6))
2024-11-18 00:56:18,103 -         train_search: [    INFO] - alphas_normal = 
 tensor([[0.3103, 0.2674, 0.2166, 0.2057],
        [0.3241, 0.2347, 0.2361, 0.2051],
        [0.3102, 0.2521, 0.2197, 0.2180],
        [0.2426, 0.2522, 0.2662, 0.2390],
        [0.2592, 0.2604, 0.2417, 0.2387],
        [0.2691, 0.2289, 0.2488, 0.2533],
        [0.2635, 0.2358, 0.2607, 0.2400],
        [0.2403, 0.2641, 0.2619, 0.2337],
        [0.2416, 0.2415, 0.2661, 0.2508],
        [0.2549, 0.2377, 0.2558, 0.2516],
        [0.2623, 0.2354, 0.2480, 0.2542],
        [0.2384, 0.2649, 0.2402, 0.2565],
        [0.2346, 0.2571, 0.2554, 0.2529],
        [0.2552, 0.2638, 0.2408, 0.2401]], device='cuda:0',
       grad_fn=<SoftmaxBackward0>)
2024-11-18 00:56:18,104 -         train_search: [    INFO] -  alphas_reduct = 
 tensor([[0.2600, 0.2532, 0.2538, 0.2330],
        [0.2500, 0.2475, 0.2478, 0.2547],
        [0.2395, 0.2567, 0.2595, 0.2443],
        [0.2637, 0.2123, 0.2649, 0.2591],
        [0.2469, 0.2474, 0.2614, 0.2444],
        [0.2601, 0.2571, 0.2494, 0.2335],
        [0.2534, 0.2304, 0.2542, 0.2619],
        [0.2339, 0.2561, 0.2808, 0.2293],
        [0.2357, 0.2600, 0.2570, 0.2474],
        [0.2591, 0.2136, 0.2664, 0.2608],
        [0.2498, 0.2521, 0.2513, 0.2468],
        [0.2626, 0.2501, 0.2505, 0.2368],
        [0.2345, 0.2296, 0.2600, 0.2759],
        [0.2614, 0.2314, 0.2464, 0.2608]], device='cuda:0',
       grad_fn=<SoftmaxBackward0>)
2024-11-18 00:56:19,360 -         train_search: [    INFO] - Train: 15 [   0/390]  Loss: 0.3182 (0.318)  Acc@1: 89.0625 (89.0625)  Acc@5: 100.0000 (100.0000)LR: 2.005e-02
2024-11-18 00:56:48,798 -         train_search: [    INFO] - Train: 15 [  50/390]  Loss: 0.4472 (0.333)  Acc@1: 89.0625 (88.5417)  Acc@5: 100.0000 (99.6324)LR: 2.005e-02
2024-11-18 00:57:17,668 -         train_search: [    INFO] - Train: 15 [ 100/390]  Loss: 0.4454 (0.340)  Acc@1: 85.9375 (88.3045)  Acc@5: 98.4375 (99.6287)LR: 2.005e-02
2024-11-18 00:57:45,825 -         train_search: [    INFO] - Train: 15 [ 150/390]  Loss: 0.2676 (0.335)  Acc@1: 90.6250 (88.4623)  Acc@5: 100.0000 (99.6689)LR: 2.005e-02
2024-11-18 00:58:13,570 -         train_search: [    INFO] - Train: 15 [ 200/390]  Loss: 0.4324 (0.338)  Acc@1: 79.6875 (88.2074)  Acc@5: 98.4375 (99.6502)LR: 2.005e-02
2024-11-18 00:58:41,428 -         train_search: [    INFO] - Train: 15 [ 250/390]  Loss: 0.2621 (0.342)  Acc@1: 90.6250 (88.0914)  Acc@5: 100.0000 (99.5891)LR: 2.005e-02
2024-11-18 00:59:09,825 -         train_search: [    INFO] - Train: 15 [ 300/390]  Loss: 0.3762 (0.345)  Acc@1: 84.3750 (87.9516)  Acc@5: 100.0000 (99.6159)LR: 2.005e-02
2024-11-18 00:59:38,524 -         train_search: [    INFO] - Train: 15 [ 350/390]  Loss: 0.3738 (0.347)  Acc@1: 85.9375 (87.8739)  Acc@5: 100.0000 (99.6216)LR: 2.005e-02
2024-11-18 01:00:00,864 -         train_search: [    INFO] - Train: 15 [ 390/390]  Loss: 0.3635 (0.353)  Acc@1: 85.0000 (87.6800)  Acc@5: 100.0000 (99.6080)LR: 2.005e-02
2024-11-18 01:00:00,958 -         train_search: [    INFO] - train_acc 87.680000
2024-11-18 01:00:01,402 -         train_search: [    INFO] - Valid: 15 [   0/390]  Loss: 0.2651 (0.265)  Acc@1: 90.6250 (90.6250)  Acc@5: 100.0000 (100.0000)
2024-11-18 01:00:07,160 -         train_search: [    INFO] - Valid: 15 [  50/390]  Loss: 0.3375 (0.516)  Acc@1: 87.5000 (82.5980)  Acc@5: 100.0000 (99.3260)
2024-11-18 01:00:13,107 -         train_search: [    INFO] - Valid: 15 [ 100/390]  Loss: 0.4409 (0.527)  Acc@1: 85.9375 (82.3639)  Acc@5: 100.0000 (99.1337)
2024-11-18 01:00:18,581 -         train_search: [    INFO] - Valid: 15 [ 150/390]  Loss: 0.4635 (0.530)  Acc@1: 81.2500 (82.4917)  Acc@5: 100.0000 (99.1411)
2024-11-18 01:00:24,515 -         train_search: [    INFO] - Valid: 15 [ 200/390]  Loss: 0.3865 (0.529)  Acc@1: 89.0625 (82.6104)  Acc@5: 98.4375 (99.0983)
2024-11-18 01:00:30,303 -         train_search: [    INFO] - Valid: 15 [ 250/390]  Loss: 0.5067 (0.532)  Acc@1: 85.9375 (82.6071)  Acc@5: 100.0000 (99.1223)
2024-11-18 01:00:36,132 -         train_search: [    INFO] - Valid: 15 [ 300/390]  Loss: 0.5293 (0.535)  Acc@1: 81.2500 (82.5010)  Acc@5: 98.4375 (99.1071)
2024-11-18 01:00:41,670 -         train_search: [    INFO] - Valid: 15 [ 350/390]  Loss: 0.3862 (0.537)  Acc@1: 89.0625 (82.3584)  Acc@5: 100.0000 (99.0919)
2024-11-18 01:00:46,049 -         train_search: [    INFO] - Valid: 15 [ 390/390]  Loss: 0.5364 (0.542)  Acc@1: 82.5000 (82.2360)  Acc@5: 100.0000 (99.0840)
2024-11-18 01:00:46,093 -         train_search: [    INFO] - valid_acc 82.236000
2024-11-18 01:00:46,094 -         train_search: [    INFO] - epoch = 15   
 genotype = Genotype(normal=[('sep_conv_3x3', 1), ('sep_conv_3x3', 0), ('sep_conv_3x3', 0), ('dil_conv_3x3', 1), ('sep_conv_3x3', 0), ('dil_conv_3x3', 3), ('sep_conv_5x5', 4), ('sep_conv_5x5', 2)], normal_concat=range(2, 6), reduce=[('sep_conv_3x3', 0), ('dil_conv_5x5', 1), ('dil_conv_3x3', 1), ('dil_conv_3x3', 0), ('dil_conv_3x3', 2), ('sep_conv_3x3', 0), ('dil_conv_5x5', 3), ('dil_conv_3x3', 0)], reduce_concat=range(2, 6))
2024-11-18 01:00:46,098 -         train_search: [    INFO] - alphas_normal = 
 tensor([[0.3183, 0.2671, 0.2113, 0.2034],
        [0.3305, 0.2339, 0.2348, 0.2009],
        [0.3133, 0.2526, 0.2182, 0.2159],
        [0.2436, 0.2487, 0.2684, 0.2392],
        [0.2617, 0.2609, 0.2406, 0.2367],
        [0.2716, 0.2281, 0.2481, 0.2522],
        [0.2630, 0.2339, 0.2615, 0.2416],
        [0.2386, 0.2663, 0.2610, 0.2341],
        [0.2401, 0.2395, 0.2696, 0.2508],
        [0.2561, 0.2379, 0.2564, 0.2497],
        [0.2624, 0.2343, 0.2494, 0.2539],
        [0.2406, 0.2637, 0.2403, 0.2554],
        [0.2327, 0.2585, 0.2560, 0.2528],
        [0.2572, 0.2667, 0.2385, 0.2377]], device='cuda:0',
       grad_fn=<SoftmaxBackward0>)
2024-11-18 01:00:46,100 -         train_search: [    INFO] -  alphas_reduct = 
 tensor([[0.2586, 0.2527, 0.2564, 0.2323],
        [0.2491, 0.2474, 0.2503, 0.2532],
        [0.2366, 0.2577, 0.2610, 0.2446],
        [0.2631, 0.2093, 0.2705, 0.2571],
        [0.2466, 0.2453, 0.2607, 0.2474],
        [0.2622, 0.2577, 0.2508, 0.2294],
        [0.2556, 0.2273, 0.2570, 0.2601],
        [0.2315, 0.2560, 0.2850, 0.2275],
        [0.2356, 0.2579, 0.2568, 0.2497],
        [0.2607, 0.2102, 0.2686, 0.2606],
        [0.2501, 0.2507, 0.2521, 0.2471],
        [0.2670, 0.2512, 0.2475, 0.2343],
        [0.2362, 0.2277, 0.2587, 0.2774],
        [0.2613, 0.2312, 0.2462, 0.2613]], device='cuda:0',
       grad_fn=<SoftmaxBackward0>)
2024-11-18 01:00:47,415 -         train_search: [    INFO] - Train: 16 [   0/390]  Loss: 0.2744 (0.274)  Acc@1: 92.1875 (92.1875)  Acc@5: 100.0000 (100.0000)LR: 1.943e-02
2024-11-18 01:01:15,154 -         train_search: [    INFO] - Train: 16 [  50/390]  Loss: 0.3412 (0.329)  Acc@1: 87.5000 (88.5417)  Acc@5: 100.0000 (99.6324)LR: 1.943e-02
2024-11-18 01:01:43,517 -         train_search: [    INFO] - Train: 16 [ 100/390]  Loss: 0.3082 (0.326)  Acc@1: 89.0625 (88.5210)  Acc@5: 100.0000 (99.6906)LR: 1.943e-02
2024-11-18 01:02:11,185 -         train_search: [    INFO] - Train: 16 [ 150/390]  Loss: 0.3726 (0.321)  Acc@1: 82.8125 (88.8762)  Acc@5: 100.0000 (99.6999)LR: 1.943e-02
2024-11-18 01:02:38,048 -         train_search: [    INFO] - Train: 16 [ 200/390]  Loss: 0.3618 (0.318)  Acc@1: 84.3750 (88.9226)  Acc@5: 100.0000 (99.7201)LR: 1.943e-02
2024-11-18 01:03:06,560 -         train_search: [    INFO] - Train: 16 [ 250/390]  Loss: 0.1518 (0.319)  Acc@1: 95.3125 (88.9006)  Acc@5: 100.0000 (99.7199)LR: 1.943e-02
2024-11-18 01:03:35,436 -         train_search: [    INFO] - Train: 16 [ 300/390]  Loss: 0.3665 (0.321)  Acc@1: 85.9375 (88.7095)  Acc@5: 98.4375 (99.7041)LR: 1.943e-02
2024-11-18 01:04:04,748 -         train_search: [    INFO] - Train: 16 [ 350/390]  Loss: 0.2877 (0.321)  Acc@1: 92.1875 (88.7999)  Acc@5: 100.0000 (99.7017)LR: 1.943e-02
2024-11-18 01:04:26,974 -         train_search: [    INFO] - Train: 16 [ 390/390]  Loss: 0.1711 (0.325)  Acc@1: 95.0000 (88.6400)  Acc@5: 100.0000 (99.7160)LR: 1.943e-02
2024-11-18 01:04:27,083 -         train_search: [    INFO] - train_acc 88.640000
2024-11-18 01:04:27,444 -         train_search: [    INFO] - Valid: 16 [   0/390]  Loss: 0.3608 (0.361)  Acc@1: 85.9375 (85.9375)  Acc@5: 100.0000 (100.0000)
2024-11-18 01:04:32,423 -         train_search: [    INFO] - Valid: 16 [  50/390]  Loss: 0.5953 (0.546)  Acc@1: 79.6875 (81.7402)  Acc@5: 98.4375 (99.0502)
2024-11-18 01:04:37,166 -         train_search: [    INFO] - Valid: 16 [ 100/390]  Loss: 0.4167 (0.566)  Acc@1: 84.3750 (80.9715)  Acc@5: 98.4375 (99.1955)
2024-11-18 01:04:42,378 -         train_search: [    INFO] - Valid: 16 [ 150/390]  Loss: 0.5682 (0.567)  Acc@1: 82.8125 (81.2397)  Acc@5: 96.8750 (99.1618)
2024-11-18 01:04:47,334 -         train_search: [    INFO] - Valid: 16 [ 200/390]  Loss: 0.5195 (0.559)  Acc@1: 82.8125 (81.4910)  Acc@5: 100.0000 (99.1060)
2024-11-18 01:04:52,094 -         train_search: [    INFO] - Valid: 16 [ 250/390]  Loss: 0.6257 (0.556)  Acc@1: 75.0000 (81.6671)  Acc@5: 98.4375 (99.0040)
2024-11-18 01:04:56,908 -         train_search: [    INFO] - Valid: 16 [ 300/390]  Loss: 0.5495 (0.552)  Acc@1: 79.6875 (81.8106)  Acc@5: 98.4375 (98.9981)
2024-11-18 01:05:01,729 -         train_search: [    INFO] - Valid: 16 [ 350/390]  Loss: 0.4022 (0.552)  Acc@1: 81.2500 (81.7441)  Acc@5: 100.0000 (99.0385)
2024-11-18 01:05:05,882 -         train_search: [    INFO] - Valid: 16 [ 390/390]  Loss: 0.8364 (0.556)  Acc@1: 77.5000 (81.6480)  Acc@5: 97.5000 (99.0000)
2024-11-18 01:05:05,932 -         train_search: [    INFO] - valid_acc 81.648000
2024-11-18 01:05:05,933 -         train_search: [    INFO] - epoch = 16   
 genotype = Genotype(normal=[('sep_conv_3x3', 1), ('sep_conv_3x3', 0), ('sep_conv_3x3', 0), ('dil_conv_3x3', 1), ('sep_conv_3x3', 0), ('dil_conv_3x3', 3), ('sep_conv_5x5', 4), ('sep_conv_5x5', 2)], normal_concat=range(2, 6), reduce=[('dil_conv_3x3', 0), ('dil_conv_5x5', 1), ('dil_conv_3x3', 1), ('dil_conv_3x3', 0), ('dil_conv_3x3', 2), ('sep_conv_3x3', 0), ('dil_conv_5x5', 3), ('sep_conv_3x3', 2)], reduce_concat=range(2, 6))
2024-11-18 01:05:05,936 -         train_search: [    INFO] - alphas_normal = 
 tensor([[0.3216, 0.2673, 0.2111, 0.2000],
        [0.3363, 0.2306, 0.2339, 0.1992],
        [0.3193, 0.2528, 0.2147, 0.2132],
        [0.2452, 0.2472, 0.2678, 0.2397],
        [0.2636, 0.2597, 0.2384, 0.2383],
        [0.2743, 0.2255, 0.2475, 0.2527],
        [0.2668, 0.2315, 0.2600, 0.2417],
        [0.2379, 0.2616, 0.2645, 0.2359],
        [0.2391, 0.2404, 0.2706, 0.2498],
        [0.2596, 0.2381, 0.2562, 0.2461],
        [0.2599, 0.2291, 0.2524, 0.2586],
        [0.2375, 0.2610, 0.2432, 0.2583],
        [0.2325, 0.2609, 0.2573, 0.2493],
        [0.2572, 0.2651, 0.2385, 0.2392]], device='cuda:0',
       grad_fn=<SoftmaxBackward0>)
2024-11-18 01:05:05,937 -         train_search: [    INFO] -  alphas_reduct = 
 tensor([[0.2585, 0.2542, 0.2597, 0.2276],
        [0.2476, 0.2453, 0.2494, 0.2577],
        [0.2336, 0.2579, 0.2628, 0.2456],
        [0.2634, 0.2061, 0.2729, 0.2576],
        [0.2476, 0.2424, 0.2616, 0.2484],
        [0.2652, 0.2558, 0.2530, 0.2260],
        [0.2549, 0.2233, 0.2611, 0.2606],
        [0.2335, 0.2566, 0.2857, 0.2242],
        [0.2352, 0.2578, 0.2577, 0.2493],
        [0.2636, 0.2070, 0.2712, 0.2582],
        [0.2478, 0.2493, 0.2541, 0.2488],
        [0.2721, 0.2504, 0.2458, 0.2317],
        [0.2355, 0.2265, 0.2600, 0.2779],
        [0.2626, 0.2301, 0.2442, 0.2631]], device='cuda:0',
       grad_fn=<SoftmaxBackward0>)
2024-11-18 01:05:07,157 -         train_search: [    INFO] - Train: 17 [   0/390]  Loss: 0.1935 (0.193)  Acc@1: 96.8750 (96.8750)  Acc@5: 100.0000 (100.0000)LR: 1.878e-02
2024-11-18 01:05:35,237 -         train_search: [    INFO] - Train: 17 [  50/390]  Loss: 0.3412 (0.298)  Acc@1: 89.0625 (90.0429)  Acc@5: 100.0000 (99.6936)LR: 1.878e-02
2024-11-18 01:06:03,327 -         train_search: [    INFO] - Train: 17 [ 100/390]  Loss: 0.4384 (0.289)  Acc@1: 85.9375 (90.2382)  Acc@5: 100.0000 (99.7215)LR: 1.878e-02
2024-11-18 01:06:31,717 -         train_search: [    INFO] - Train: 17 [ 150/390]  Loss: 0.1746 (0.289)  Acc@1: 92.1875 (90.0248)  Acc@5: 100.0000 (99.7413)LR: 1.878e-02
2024-11-18 01:06:58,933 -         train_search: [    INFO] - Train: 17 [ 200/390]  Loss: 0.2924 (0.295)  Acc@1: 84.3750 (89.6067)  Acc@5: 100.0000 (99.7668)LR: 1.878e-02
2024-11-18 01:07:26,930 -         train_search: [    INFO] - Train: 17 [ 250/390]  Loss: 0.1750 (0.297)  Acc@1: 95.3125 (89.6041)  Acc@5: 100.0000 (99.7199)LR: 1.878e-02
2024-11-18 01:07:55,447 -         train_search: [    INFO] - Train: 17 [ 300/390]  Loss: 0.3231 (0.303)  Acc@1: 90.6250 (89.4311)  Acc@5: 98.4375 (99.7041)LR: 1.878e-02
2024-11-18 01:08:23,725 -         train_search: [    INFO] - Train: 17 [ 350/390]  Loss: 0.3567 (0.308)  Acc@1: 85.9375 (89.2495)  Acc@5: 100.0000 (99.7017)LR: 1.878e-02
2024-11-18 01:08:45,596 -         train_search: [    INFO] - Train: 17 [ 390/390]  Loss: 0.2372 (0.312)  Acc@1: 92.5000 (89.1560)  Acc@5: 100.0000 (99.6960)LR: 1.878e-02
2024-11-18 01:08:46,328 -         train_search: [    INFO] - train_acc 89.156000
2024-11-18 01:08:46,782 -         train_search: [    INFO] - Valid: 17 [   0/390]  Loss: 0.7515 (0.752)  Acc@1: 75.0000 (75.0000)  Acc@5: 96.8750 (96.8750)
2024-11-18 01:08:51,497 -         train_search: [    INFO] - Valid: 17 [  50/390]  Loss: 0.4047 (0.541)  Acc@1: 82.8125 (82.0466)  Acc@5: 100.0000 (99.0502)
2024-11-18 01:08:56,147 -         train_search: [    INFO] - Valid: 17 [ 100/390]  Loss: 0.3567 (0.527)  Acc@1: 90.6250 (82.7970)  Acc@5: 100.0000 (99.0254)
2024-11-18 01:09:01,050 -         train_search: [    INFO] - Valid: 17 [ 150/390]  Loss: 0.4702 (0.528)  Acc@1: 84.3750 (83.0401)  Acc@5: 98.4375 (99.0584)
2024-11-18 01:09:05,783 -         train_search: [    INFO] - Valid: 17 [ 200/390]  Loss: 0.6459 (0.539)  Acc@1: 81.2500 (82.7892)  Acc@5: 98.4375 (99.0127)
2024-11-18 01:09:10,479 -         train_search: [    INFO] - Valid: 17 [ 250/390]  Loss: 0.5006 (0.533)  Acc@1: 81.2500 (82.7814)  Acc@5: 98.4375 (99.0227)
2024-11-18 01:09:15,173 -         train_search: [    INFO] - Valid: 17 [ 300/390]  Loss: 0.5896 (0.532)  Acc@1: 78.1250 (82.6879)  Acc@5: 96.8750 (99.0345)
2024-11-18 01:09:19,821 -         train_search: [    INFO] - Valid: 17 [ 350/390]  Loss: 0.7243 (0.534)  Acc@1: 81.2500 (82.5988)  Acc@5: 96.8750 (99.0518)
2024-11-18 01:09:23,651 -         train_search: [    INFO] - Valid: 17 [ 390/390]  Loss: 0.2699 (0.532)  Acc@1: 87.5000 (82.6560)  Acc@5: 100.0000 (99.0560)
2024-11-18 01:09:23,692 -         train_search: [    INFO] - valid_acc 82.656000
2024-11-18 01:09:23,693 -         train_search: [    INFO] - epoch = 17   
 genotype = Genotype(normal=[('sep_conv_3x3', 1), ('sep_conv_3x3', 0), ('sep_conv_3x3', 0), ('dil_conv_3x3', 1), ('dil_conv_3x3', 3), ('sep_conv_3x3', 0), ('sep_conv_5x5', 3), ('sep_conv_5x5', 4)], normal_concat=range(2, 6), reduce=[('sep_conv_3x3', 0), ('dil_conv_5x5', 1), ('dil_conv_3x3', 1), ('dil_conv_3x3', 0), ('dil_conv_3x3', 2), ('sep_conv_3x3', 0), ('dil_conv_5x5', 3), ('dil_conv_3x3', 0)], reduce_concat=range(2, 6))
2024-11-18 01:09:23,696 -         train_search: [    INFO] - alphas_normal = 
 tensor([[0.3231, 0.2699, 0.2094, 0.1977],
        [0.3396, 0.2278, 0.2335, 0.1991],
        [0.3232, 0.2524, 0.2121, 0.2122],
        [0.2449, 0.2476, 0.2675, 0.2400],
        [0.2659, 0.2631, 0.2359, 0.2351],
        [0.2730, 0.2244, 0.2489, 0.2537],
        [0.2638, 0.2296, 0.2642, 0.2424],
        [0.2381, 0.2617, 0.2657, 0.2344],
        [0.2385, 0.2404, 0.2739, 0.2471],
        [0.2591, 0.2379, 0.2585, 0.2445],
        [0.2575, 0.2275, 0.2546, 0.2604],
        [0.2369, 0.2623, 0.2438, 0.2570],
        [0.2302, 0.2631, 0.2594, 0.2474],
        [0.2573, 0.2630, 0.2386, 0.2411]], device='cuda:0',
       grad_fn=<SoftmaxBackward0>)
2024-11-18 01:09:23,698 -         train_search: [    INFO] -  alphas_reduct = 
 tensor([[0.2631, 0.2506, 0.2609, 0.2254],
        [0.2479, 0.2452, 0.2474, 0.2595],
        [0.2325, 0.2574, 0.2650, 0.2450],
        [0.2620, 0.2058, 0.2740, 0.2583],
        [0.2455, 0.2413, 0.2593, 0.2539],
        [0.2639, 0.2523, 0.2570, 0.2267],
        [0.2543, 0.2240, 0.2622, 0.2595],
        [0.2326, 0.2574, 0.2856, 0.2243],
        [0.2326, 0.2571, 0.2594, 0.2509],
        [0.2624, 0.2038, 0.2759, 0.2579],
        [0.2440, 0.2497, 0.2569, 0.2494],
        [0.2736, 0.2503, 0.2458, 0.2302],
        [0.2334, 0.2241, 0.2604, 0.2821],
        [0.2646, 0.2323, 0.2407, 0.2624]], device='cuda:0',
       grad_fn=<SoftmaxBackward0>)
2024-11-18 01:09:24,946 -         train_search: [    INFO] - Train: 18 [   0/390]  Loss: 0.2763 (0.276)  Acc@1: 90.6250 (90.6250)  Acc@5: 100.0000 (100.0000)LR: 1.811e-02
2024-11-18 01:09:52,163 -         train_search: [    INFO] - Train: 18 [  50/390]  Loss: 0.3173 (0.278)  Acc@1: 89.0625 (90.7475)  Acc@5: 100.0000 (99.6936)LR: 1.811e-02
2024-11-18 01:10:20,316 -         train_search: [    INFO] - Train: 18 [ 100/390]  Loss: 0.3516 (0.274)  Acc@1: 85.9375 (90.7024)  Acc@5: 100.0000 (99.7061)LR: 1.811e-02
2024-11-18 01:10:48,027 -         train_search: [    INFO] - Train: 18 [ 150/390]  Loss: 0.1646 (0.282)  Acc@1: 95.3125 (90.3560)  Acc@5: 100.0000 (99.7620)LR: 1.811e-02
2024-11-18 01:11:15,925 -         train_search: [    INFO] - Train: 18 [ 200/390]  Loss: 0.2808 (0.288)  Acc@1: 90.6250 (90.0498)  Acc@5: 100.0000 (99.7512)LR: 1.811e-02
2024-11-18 01:11:42,774 -         train_search: [    INFO] - Train: 18 [ 250/390]  Loss: 0.2046 (0.293)  Acc@1: 90.6250 (89.8718)  Acc@5: 100.0000 (99.7510)LR: 1.811e-02
2024-11-18 01:12:10,368 -         train_search: [    INFO] - Train: 18 [ 300/390]  Loss: 0.4046 (0.292)  Acc@1: 85.9375 (89.8723)  Acc@5: 98.4375 (99.7716)LR: 1.811e-02
2024-11-18 01:12:37,734 -         train_search: [    INFO] - Train: 18 [ 350/390]  Loss: 0.4385 (0.293)  Acc@1: 85.9375 (89.7703)  Acc@5: 98.4375 (99.7641)LR: 1.811e-02
2024-11-18 01:12:59,420 -         train_search: [    INFO] - Train: 18 [ 390/390]  Loss: 0.2929 (0.296)  Acc@1: 90.0000 (89.7080)  Acc@5: 100.0000 (99.7480)LR: 1.811e-02
2024-11-18 01:12:59,504 -         train_search: [    INFO] - train_acc 89.708000
2024-11-18 01:12:59,901 -         train_search: [    INFO] - Valid: 18 [   0/390]  Loss: 0.5937 (0.594)  Acc@1: 81.2500 (81.2500)  Acc@5: 96.8750 (96.8750)
2024-11-18 01:13:04,775 -         train_search: [    INFO] - Valid: 18 [  50/390]  Loss: 0.5328 (0.488)  Acc@1: 85.9375 (84.1605)  Acc@5: 100.0000 (99.2647)
2024-11-18 01:13:09,526 -         train_search: [    INFO] - Valid: 18 [ 100/390]  Loss: 0.3263 (0.486)  Acc@1: 90.6250 (84.2048)  Acc@5: 100.0000 (99.1646)
2024-11-18 01:13:14,238 -         train_search: [    INFO] - Valid: 18 [ 150/390]  Loss: 0.5463 (0.482)  Acc@1: 82.8125 (84.1474)  Acc@5: 98.4375 (99.1825)
2024-11-18 01:13:18,909 -         train_search: [    INFO] - Valid: 18 [ 200/390]  Loss: 0.9739 (0.484)  Acc@1: 71.8750 (84.1185)  Acc@5: 98.4375 (99.2226)
2024-11-18 01:13:23,781 -         train_search: [    INFO] - Valid: 18 [ 250/390]  Loss: 0.2348 (0.488)  Acc@1: 90.6250 (83.9268)  Acc@5: 100.0000 (99.2032)
2024-11-18 01:13:28,569 -         train_search: [    INFO] - Valid: 18 [ 300/390]  Loss: 0.5767 (0.491)  Acc@1: 84.3750 (83.9078)  Acc@5: 98.4375 (99.1642)
2024-11-18 01:13:33,348 -         train_search: [    INFO] - Valid: 18 [ 350/390]  Loss: 0.5207 (0.492)  Acc@1: 81.2500 (83.8853)  Acc@5: 100.0000 (99.1765)
2024-11-18 01:13:37,075 -         train_search: [    INFO] - Valid: 18 [ 390/390]  Loss: 0.6253 (0.490)  Acc@1: 77.5000 (83.9520)  Acc@5: 100.0000 (99.1680)
2024-11-18 01:13:37,133 -         train_search: [    INFO] - valid_acc 83.952000
2024-11-18 01:13:37,134 -         train_search: [    INFO] - epoch = 18   
 genotype = Genotype(normal=[('sep_conv_3x3', 1), ('sep_conv_3x3', 0), ('sep_conv_3x3', 0), ('dil_conv_3x3', 1), ('sep_conv_3x3', 0), ('dil_conv_3x3', 3), ('sep_conv_5x5', 3), ('sep_conv_3x3', 0)], normal_concat=range(2, 6), reduce=[('sep_conv_3x3', 0), ('dil_conv_5x5', 1), ('dil_conv_3x3', 1), ('dil_conv_3x3', 0), ('dil_conv_3x3', 2), ('sep_conv_3x3', 0), ('dil_conv_5x5', 3), ('dil_conv_3x3', 0)], reduce_concat=range(2, 6))
2024-11-18 01:13:37,141 -         train_search: [    INFO] - alphas_normal = 
 tensor([[0.3258, 0.2695, 0.2098, 0.1949],
        [0.3439, 0.2265, 0.2338, 0.1957],
        [0.3241, 0.2540, 0.2113, 0.2106],
        [0.2444, 0.2465, 0.2712, 0.2379],
        [0.2661, 0.2659, 0.2350, 0.2330],
        [0.2757, 0.2222, 0.2486, 0.2536],
        [0.2630, 0.2282, 0.2660, 0.2428],
        [0.2378, 0.2609, 0.2642, 0.2371],
        [0.2345, 0.2418, 0.2743, 0.2494],
        [0.2644, 0.2376, 0.2574, 0.2407],
        [0.2563, 0.2248, 0.2555, 0.2634],
        [0.2365, 0.2623, 0.2450, 0.2562],
        [0.2291, 0.2646, 0.2603, 0.2459],
        [0.2588, 0.2608, 0.2402, 0.2403]], device='cuda:0',
       grad_fn=<SoftmaxBackward0>)
2024-11-18 01:13:37,146 -         train_search: [    INFO] -  alphas_reduct = 
 tensor([[0.2646, 0.2497, 0.2617, 0.2240],
        [0.2467, 0.2450, 0.2475, 0.2608],
        [0.2283, 0.2578, 0.2674, 0.2464],
        [0.2581, 0.2039, 0.2777, 0.2603],
        [0.2445, 0.2396, 0.2603, 0.2555],
        [0.2656, 0.2487, 0.2606, 0.2252],
        [0.2538, 0.2203, 0.2647, 0.2612],
        [0.2315, 0.2585, 0.2871, 0.2228],
        [0.2344, 0.2558, 0.2579, 0.2519],
        [0.2618, 0.2022, 0.2782, 0.2577],
        [0.2444, 0.2482, 0.2578, 0.2496],
        [0.2724, 0.2534, 0.2469, 0.2273],
        [0.2360, 0.2192, 0.2609, 0.2838],
        [0.2646, 0.2318, 0.2416, 0.2620]], device='cuda:0',
       grad_fn=<SoftmaxBackward0>)
2024-11-18 01:13:38,493 -         train_search: [    INFO] - Train: 19 [   0/390]  Loss: 0.4474 (0.447)  Acc@1: 89.0625 (89.0625)  Acc@5: 96.8750 (96.8750)LR: 1.742e-02
2024-11-18 01:14:06,223 -         train_search: [    INFO] - Train: 19 [  50/390]  Loss: 0.4261 (0.264)  Acc@1: 85.9375 (91.0539)  Acc@5: 100.0000 (99.7855)LR: 1.742e-02
2024-11-18 01:14:33,700 -         train_search: [    INFO] - Train: 19 [ 100/390]  Loss: 0.2862 (0.269)  Acc@1: 89.0625 (90.7642)  Acc@5: 100.0000 (99.8298)LR: 1.742e-02
2024-11-18 01:15:00,650 -         train_search: [    INFO] - Train: 19 [ 150/390]  Loss: 0.3902 (0.271)  Acc@1: 85.9375 (90.6353)  Acc@5: 100.0000 (99.7930)LR: 1.742e-02
2024-11-18 01:15:27,618 -         train_search: [    INFO] - Train: 19 [ 200/390]  Loss: 0.3061 (0.269)  Acc@1: 92.1875 (90.7416)  Acc@5: 100.0000 (99.7901)LR: 1.742e-02
2024-11-18 01:15:54,916 -         train_search: [    INFO] - Train: 19 [ 250/390]  Loss: 0.2166 (0.265)  Acc@1: 90.6250 (90.8491)  Acc@5: 100.0000 (99.7946)LR: 1.742e-02
2024-11-18 01:16:22,499 -         train_search: [    INFO] - Train: 19 [ 300/390]  Loss: 0.2052 (0.265)  Acc@1: 92.1875 (90.7963)  Acc@5: 100.0000 (99.8131)LR: 1.742e-02
2024-11-18 01:16:51,107 -         train_search: [    INFO] - Train: 19 [ 350/390]  Loss: 0.2780 (0.270)  Acc@1: 92.1875 (90.6072)  Acc@5: 100.0000 (99.8086)LR: 1.742e-02
2024-11-18 01:17:12,317 -         train_search: [    INFO] - Train: 19 [ 390/390]  Loss: 0.4797 (0.275)  Acc@1: 85.0000 (90.4400)  Acc@5: 100.0000 (99.7920)LR: 1.742e-02
2024-11-18 01:17:12,418 -         train_search: [    INFO] - train_acc 90.440000
2024-11-18 01:17:12,922 -         train_search: [    INFO] - Valid: 19 [   0/390]  Loss: 0.4091 (0.409)  Acc@1: 85.9375 (85.9375)  Acc@5: 100.0000 (100.0000)
2024-11-18 01:17:17,759 -         train_search: [    INFO] - Valid: 19 [  50/390]  Loss: 0.6606 (0.546)  Acc@1: 81.2500 (82.5061)  Acc@5: 98.4375 (99.1115)
2024-11-18 01:17:22,871 -         train_search: [    INFO] - Valid: 19 [ 100/390]  Loss: 0.6656 (0.547)  Acc@1: 79.6875 (82.1318)  Acc@5: 100.0000 (99.1491)
2024-11-18 01:17:27,626 -         train_search: [    INFO] - Valid: 19 [ 150/390]  Loss: 0.4972 (0.534)  Acc@1: 82.8125 (82.7401)  Acc@5: 100.0000 (99.1515)
2024-11-18 01:17:32,463 -         train_search: [    INFO] - Valid: 19 [ 200/390]  Loss: 0.6066 (0.528)  Acc@1: 78.1250 (82.9213)  Acc@5: 100.0000 (99.1760)
2024-11-18 01:17:37,497 -         train_search: [    INFO] - Valid: 19 [ 250/390]  Loss: 0.4470 (0.524)  Acc@1: 89.0625 (82.8623)  Acc@5: 100.0000 (99.2156)
2024-11-18 01:17:42,459 -         train_search: [    INFO] - Valid: 19 [ 300/390]  Loss: 0.3054 (0.521)  Acc@1: 89.0625 (82.8696)  Acc@5: 98.4375 (99.2162)
2024-11-18 01:17:47,460 -         train_search: [    INFO] - Valid: 19 [ 350/390]  Loss: 0.5866 (0.521)  Acc@1: 87.5000 (82.9238)  Acc@5: 98.4375 (99.2032)
2024-11-18 01:17:51,355 -         train_search: [    INFO] - Valid: 19 [ 390/390]  Loss: 0.5871 (0.522)  Acc@1: 82.5000 (82.8800)  Acc@5: 97.5000 (99.1880)
2024-11-18 01:17:51,406 -         train_search: [    INFO] - valid_acc 82.880000
2024-11-18 01:17:51,407 -         train_search: [    INFO] - epoch = 19   
 genotype = Genotype(normal=[('sep_conv_3x3', 1), ('sep_conv_3x3', 0), ('sep_conv_3x3', 0), ('dil_conv_3x3', 1), ('sep_conv_3x3', 0), ('dil_conv_3x3', 3), ('sep_conv_3x3', 0), ('dil_conv_5x5', 1)], normal_concat=range(2, 6), reduce=[('sep_conv_3x3', 0), ('dil_conv_5x5', 1), ('dil_conv_3x3', 1), ('dil_conv_3x3', 0), ('dil_conv_3x3', 2), ('sep_conv_3x3', 0), ('dil_conv_5x5', 3), ('dil_conv_3x3', 0)], reduce_concat=range(2, 6))
2024-11-18 01:17:51,409 -         train_search: [    INFO] - alphas_normal = 
 tensor([[0.3311, 0.2703, 0.2091, 0.1895],
        [0.3531, 0.2216, 0.2332, 0.1922],
        [0.3243, 0.2531, 0.2134, 0.2092],
        [0.2465, 0.2455, 0.2702, 0.2377],
        [0.2675, 0.2700, 0.2339, 0.2287],
        [0.2741, 0.2210, 0.2484, 0.2565],
        [0.2627, 0.2258, 0.2678, 0.2438],
        [0.2354, 0.2599, 0.2671, 0.2375],
        [0.2356, 0.2416, 0.2731, 0.2498],
        [0.2661, 0.2364, 0.2593, 0.2383],
        [0.2554, 0.2201, 0.2599, 0.2646],
        [0.2361, 0.2620, 0.2444, 0.2576],
        [0.2287, 0.2646, 0.2595, 0.2472],
        [0.2603, 0.2580, 0.2394, 0.2423]], device='cuda:0',
       grad_fn=<SoftmaxBackward0>)
2024-11-18 01:17:51,411 -         train_search: [    INFO] -  alphas_reduct = 
 tensor([[0.2667, 0.2467, 0.2652, 0.2213],
        [0.2502, 0.2446, 0.2449, 0.2602],
        [0.2240, 0.2569, 0.2717, 0.2474],
        [0.2565, 0.2015, 0.2832, 0.2588],
        [0.2434, 0.2414, 0.2618, 0.2534],
        [0.2668, 0.2456, 0.2636, 0.2239],
        [0.2555, 0.2175, 0.2643, 0.2627],
        [0.2315, 0.2559, 0.2908, 0.2219],
        [0.2331, 0.2548, 0.2599, 0.2523],
        [0.2622, 0.1986, 0.2802, 0.2590],
        [0.2441, 0.2489, 0.2593, 0.2477],
        [0.2724, 0.2515, 0.2472, 0.2289],
        [0.2340, 0.2168, 0.2611, 0.2881],
        [0.2663, 0.2321, 0.2381, 0.2634]], device='cuda:0',
       grad_fn=<SoftmaxBackward0>)
2024-11-18 01:17:52,498 -         train_search: [    INFO] - Train: 20 [   0/390]  Loss: 0.3625 (0.362)  Acc@1: 85.9375 (85.9375)  Acc@5: 100.0000 (100.0000)LR: 1.671e-02
2024-11-18 01:18:20,958 -         train_search: [    INFO] - Train: 20 [  50/390]  Loss: 0.2634 (0.241)  Acc@1: 93.7500 (91.9424)  Acc@5: 100.0000 (99.8162)LR: 1.671e-02
2024-11-18 01:18:48,460 -         train_search: [    INFO] - Train: 20 [ 100/390]  Loss: 0.2111 (0.232)  Acc@1: 92.1875 (92.1411)  Acc@5: 100.0000 (99.8453)LR: 1.671e-02
2024-11-18 01:19:15,015 -         train_search: [    INFO] - Train: 20 [ 150/390]  Loss: 0.1853 (0.239)  Acc@1: 89.0625 (91.7839)  Acc@5: 100.0000 (99.8551)LR: 1.671e-02
2024-11-18 01:19:41,580 -         train_search: [    INFO] - Train: 20 [ 200/390]  Loss: 0.3980 (0.236)  Acc@1: 85.9375 (91.7833)  Acc@5: 98.4375 (99.8134)LR: 1.671e-02
2024-11-18 01:20:08,984 -         train_search: [    INFO] - Train: 20 [ 250/390]  Loss: 0.2324 (0.246)  Acc@1: 87.5000 (91.3035)  Acc@5: 100.0000 (99.8070)LR: 1.671e-02
2024-11-18 01:20:35,781 -         train_search: [    INFO] - Train: 20 [ 300/390]  Loss: 0.1739 (0.253)  Acc@1: 92.1875 (90.9261)  Acc@5: 100.0000 (99.8131)LR: 1.671e-02
2024-11-18 01:21:02,760 -         train_search: [    INFO] - Train: 20 [ 350/390]  Loss: 0.3635 (0.252)  Acc@1: 89.0625 (90.9099)  Acc@5: 100.0000 (99.8041)LR: 1.671e-02
2024-11-18 01:21:24,422 -         train_search: [    INFO] - Train: 20 [ 390/390]  Loss: 0.2352 (0.256)  Acc@1: 90.0000 (90.7720)  Acc@5: 100.0000 (99.8160)LR: 1.671e-02
2024-11-18 01:21:24,529 -         train_search: [    INFO] - train_acc 90.772000
2024-11-18 01:21:24,872 -         train_search: [    INFO] - Valid: 20 [   0/390]  Loss: 0.6579 (0.658)  Acc@1: 82.8125 (82.8125)  Acc@5: 100.0000 (100.0000)
2024-11-18 01:21:29,852 -         train_search: [    INFO] - Valid: 20 [  50/390]  Loss: 0.5121 (0.523)  Acc@1: 81.2500 (83.1495)  Acc@5: 96.8750 (99.0809)
2024-11-18 01:21:35,032 -         train_search: [    INFO] - Valid: 20 [ 100/390]  Loss: 0.2397 (0.509)  Acc@1: 89.0625 (83.7871)  Acc@5: 100.0000 (99.0718)
2024-11-18 01:21:39,965 -         train_search: [    INFO] - Valid: 20 [ 150/390]  Loss: 0.3620 (0.520)  Acc@1: 84.3750 (83.2471)  Acc@5: 100.0000 (99.1308)
2024-11-18 01:21:44,942 -         train_search: [    INFO] - Valid: 20 [ 200/390]  Loss: 0.3035 (0.521)  Acc@1: 90.6250 (83.2867)  Acc@5: 100.0000 (99.0672)
2024-11-18 01:21:49,941 -         train_search: [    INFO] - Valid: 20 [ 250/390]  Loss: 0.6784 (0.519)  Acc@1: 81.2500 (83.4101)  Acc@5: 96.8750 (99.0974)
2024-11-18 01:21:54,647 -         train_search: [    INFO] - Valid: 20 [ 300/390]  Loss: 0.6306 (0.519)  Acc@1: 79.6875 (83.4147)  Acc@5: 98.4375 (99.1331)
2024-11-18 01:21:59,387 -         train_search: [    INFO] - Valid: 20 [ 350/390]  Loss: 0.4524 (0.518)  Acc@1: 82.8125 (83.4802)  Acc@5: 100.0000 (99.1186)
2024-11-18 01:22:03,288 -         train_search: [    INFO] - Valid: 20 [ 390/390]  Loss: 0.6594 (0.518)  Acc@1: 77.5000 (83.5360)  Acc@5: 97.5000 (99.1240)
2024-11-18 01:22:03,330 -         train_search: [    INFO] - valid_acc 83.536000
2024-11-18 01:22:03,331 -         train_search: [    INFO] - epoch = 20   
 genotype = Genotype(normal=[('sep_conv_3x3', 1), ('sep_conv_3x3', 0), ('sep_conv_3x3', 0), ('sep_conv_5x5', 2), ('sep_conv_3x3', 0), ('dil_conv_3x3', 3), ('sep_conv_3x3', 0), ('dil_conv_5x5', 1)], normal_concat=range(2, 6), reduce=[('sep_conv_3x3', 0), ('dil_conv_5x5', 1), ('dil_conv_3x3', 1), ('dil_conv_3x3', 0), ('dil_conv_3x3', 2), ('sep_conv_3x3', 0), ('dil_conv_5x5', 3), ('dil_conv_3x3', 0)], reduce_concat=range(2, 6))
2024-11-18 01:22:03,333 -         train_search: [    INFO] - alphas_normal = 
 tensor([[0.3337, 0.2728, 0.2070, 0.1865],
        [0.3580, 0.2178, 0.2336, 0.1906],
        [0.3284, 0.2533, 0.2125, 0.2057],
        [0.2514, 0.2433, 0.2694, 0.2359],
        [0.2688, 0.2751, 0.2303, 0.2258],
        [0.2759, 0.2196, 0.2484, 0.2560],
        [0.2641, 0.2232, 0.2683, 0.2445],
        [0.2329, 0.2611, 0.2671, 0.2389],
        [0.2365, 0.2388, 0.2735, 0.2511],
        [0.2681, 0.2373, 0.2603, 0.2343],
        [0.2542, 0.2158, 0.2635, 0.2665],
        [0.2357, 0.2615, 0.2466, 0.2562],
        [0.2283, 0.2650, 0.2601, 0.2467],
        [0.2613, 0.2556, 0.2387, 0.2444]], device='cuda:0',
       grad_fn=<SoftmaxBackward0>)
2024-11-18 01:22:03,335 -         train_search: [    INFO] -  alphas_reduct = 
 tensor([[0.2694, 0.2443, 0.2684, 0.2179],
        [0.2538, 0.2412, 0.2444, 0.2606],
        [0.2218, 0.2573, 0.2733, 0.2476],
        [0.2589, 0.1978, 0.2883, 0.2549],
        [0.2434, 0.2401, 0.2625, 0.2540],
        [0.2671, 0.2431, 0.2670, 0.2228],
        [0.2555, 0.2133, 0.2648, 0.2663],
        [0.2313, 0.2556, 0.2929, 0.2202],
        [0.2322, 0.2536, 0.2607, 0.2534],
        [0.2597, 0.1957, 0.2833, 0.2613],
        [0.2439, 0.2492, 0.2592, 0.2477],
        [0.2757, 0.2515, 0.2450, 0.2277],
        [0.2346, 0.2177, 0.2593, 0.2884],
        [0.2664, 0.2320, 0.2381, 0.2636]], device='cuda:0',
       grad_fn=<SoftmaxBackward0>)
2024-11-18 01:22:04,330 -         train_search: [    INFO] - Train: 21 [   0/390]  Loss: 0.3860 (0.386)  Acc@1: 85.9375 (85.9375)  Acc@5: 100.0000 (100.0000)LR: 1.598e-02
2024-11-18 01:22:31,921 -         train_search: [    INFO] - Train: 21 [  50/390]  Loss: 0.2485 (0.213)  Acc@1: 87.5000 (92.2794)  Acc@5: 100.0000 (99.9387)LR: 1.598e-02
2024-11-18 01:22:58,546 -         train_search: [    INFO] - Train: 21 [ 100/390]  Loss: 0.2463 (0.215)  Acc@1: 89.0625 (92.1256)  Acc@5: 100.0000 (99.9226)LR: 1.598e-02
2024-11-18 01:23:25,212 -         train_search: [    INFO] - Train: 21 [ 150/390]  Loss: 0.1693 (0.218)  Acc@1: 96.8750 (92.1668)  Acc@5: 100.0000 (99.9276)LR: 1.598e-02
2024-11-18 01:23:52,070 -         train_search: [    INFO] - Train: 21 [ 200/390]  Loss: 0.2378 (0.222)  Acc@1: 89.0625 (92.1253)  Acc@5: 100.0000 (99.9145)LR: 1.598e-02
2024-11-18 01:24:18,851 -         train_search: [    INFO] - Train: 21 [ 250/390]  Loss: 0.1395 (0.230)  Acc@1: 96.8750 (91.9696)  Acc@5: 100.0000 (99.8817)LR: 1.598e-02
2024-11-18 01:24:46,533 -         train_search: [    INFO] - Train: 21 [ 300/390]  Loss: 0.1341 (0.237)  Acc@1: 98.4375 (91.7047)  Acc@5: 100.0000 (99.8754)LR: 1.598e-02
2024-11-18 01:25:13,517 -         train_search: [    INFO] - Train: 21 [ 350/390]  Loss: 0.3135 (0.239)  Acc@1: 85.9375 (91.6088)  Acc@5: 100.0000 (99.8709)LR: 1.598e-02
2024-11-18 01:25:35,659 -         train_search: [    INFO] - Train: 21 [ 390/390]  Loss: 0.4186 (0.241)  Acc@1: 87.5000 (91.5280)  Acc@5: 100.0000 (99.8640)LR: 1.598e-02
2024-11-18 01:25:35,737 -         train_search: [    INFO] - train_acc 91.528000
2024-11-18 01:25:36,135 -         train_search: [    INFO] - Valid: 21 [   0/390]  Loss: 0.4890 (0.489)  Acc@1: 82.8125 (82.8125)  Acc@5: 98.4375 (98.4375)
2024-11-18 01:25:41,144 -         train_search: [    INFO] - Valid: 21 [  50/390]  Loss: 0.3333 (0.510)  Acc@1: 87.5000 (83.5478)  Acc@5: 100.0000 (99.3873)
2024-11-18 01:25:45,899 -         train_search: [    INFO] - Valid: 21 [ 100/390]  Loss: 0.4096 (0.503)  Acc@1: 85.9375 (83.9418)  Acc@5: 98.4375 (99.3502)
2024-11-18 01:25:50,855 -         train_search: [    INFO] - Valid: 21 [ 150/390]  Loss: 0.5892 (0.506)  Acc@1: 82.8125 (83.9404)  Acc@5: 100.0000 (99.3067)
2024-11-18 01:25:55,800 -         train_search: [    INFO] - Valid: 21 [ 200/390]  Loss: 0.4550 (0.518)  Acc@1: 87.5000 (83.8464)  Acc@5: 100.0000 (99.2226)
2024-11-18 01:26:01,059 -         train_search: [    INFO] - Valid: 21 [ 250/390]  Loss: 0.5749 (0.512)  Acc@1: 78.1250 (83.8334)  Acc@5: 98.4375 (99.2032)
2024-11-18 01:26:05,949 -         train_search: [    INFO] - Valid: 21 [ 300/390]  Loss: 0.3356 (0.512)  Acc@1: 90.6250 (83.9441)  Acc@5: 100.0000 (99.1954)
2024-11-18 01:26:10,558 -         train_search: [    INFO] - Valid: 21 [ 350/390]  Loss: 0.6518 (0.510)  Acc@1: 81.2500 (83.9387)  Acc@5: 98.4375 (99.1943)
2024-11-18 01:26:14,503 -         train_search: [    INFO] - Valid: 21 [ 390/390]  Loss: 0.5161 (0.513)  Acc@1: 85.0000 (83.8680)  Acc@5: 100.0000 (99.1960)
2024-11-18 01:26:14,536 -         train_search: [    INFO] - valid_acc 83.868000
2024-11-18 01:26:14,537 -         train_search: [    INFO] - epoch = 21   
 genotype = Genotype(normal=[('sep_conv_3x3', 1), ('sep_conv_3x3', 0), ('sep_conv_3x3', 0), ('sep_conv_5x5', 2), ('dil_conv_3x3', 3), ('sep_conv_3x3', 0), ('sep_conv_3x3', 0), ('dil_conv_3x3', 1)], normal_concat=range(2, 6), reduce=[('sep_conv_3x3', 0), ('dil_conv_5x5', 1), ('dil_conv_3x3', 1), ('dil_conv_3x3', 0), ('dil_conv_3x3', 2), ('sep_conv_3x3', 0), ('dil_conv_5x5', 3), ('dil_conv_3x3', 0)], reduce_concat=range(2, 6))
2024-11-18 01:26:14,539 -         train_search: [    INFO] - alphas_normal = 
 tensor([[0.3394, 0.2732, 0.2049, 0.1825],
        [0.3615, 0.2177, 0.2328, 0.1880],
        [0.3325, 0.2527, 0.2101, 0.2047],
        [0.2515, 0.2412, 0.2724, 0.2350],
        [0.2692, 0.2767, 0.2281, 0.2260],
        [0.2752, 0.2190, 0.2479, 0.2579],
        [0.2654, 0.2201, 0.2683, 0.2462],
        [0.2308, 0.2609, 0.2689, 0.2395],
        [0.2343, 0.2375, 0.2775, 0.2507],
        [0.2710, 0.2362, 0.2621, 0.2306],
        [0.2538, 0.2131, 0.2673, 0.2658],
        [0.2341, 0.2634, 0.2466, 0.2560],
        [0.2251, 0.2665, 0.2605, 0.2479],
        [0.2575, 0.2565, 0.2391, 0.2469]], device='cuda:0',
       grad_fn=<SoftmaxBackward0>)
2024-11-18 01:26:14,541 -         train_search: [    INFO] -  alphas_reduct = 
 tensor([[0.2697, 0.2412, 0.2692, 0.2200],
        [0.2546, 0.2403, 0.2410, 0.2641],
        [0.2179, 0.2572, 0.2750, 0.2499],
        [0.2576, 0.1950, 0.2915, 0.2560],
        [0.2430, 0.2423, 0.2626, 0.2521],
        [0.2685, 0.2413, 0.2679, 0.2223],
        [0.2571, 0.2107, 0.2660, 0.2662],
        [0.2300, 0.2572, 0.2912, 0.2217],
        [0.2347, 0.2506, 0.2624, 0.2522],
        [0.2598, 0.1928, 0.2833, 0.2642],
        [0.2418, 0.2475, 0.2618, 0.2488],
        [0.2786, 0.2505, 0.2446, 0.2263],
        [0.2328, 0.2185, 0.2590, 0.2897],
        [0.2656, 0.2319, 0.2377, 0.2648]], device='cuda:0',
       grad_fn=<SoftmaxBackward0>)
2024-11-18 01:26:15,587 -         train_search: [    INFO] - Train: 22 [   0/390]  Loss: 0.1589 (0.159)  Acc@1: 93.7500 (93.7500)  Acc@5: 100.0000 (100.0000)LR: 1.525e-02
2024-11-18 01:26:43,618 -         train_search: [    INFO] - Train: 22 [  50/390]  Loss: 0.2261 (0.215)  Acc@1: 92.1875 (92.4326)  Acc@5: 100.0000 (99.9081)LR: 1.525e-02
2024-11-18 01:27:10,568 -         train_search: [    INFO] - Train: 22 [ 100/390]  Loss: 0.1779 (0.215)  Acc@1: 93.7500 (92.4196)  Acc@5: 100.0000 (99.7989)LR: 1.525e-02
2024-11-18 01:27:37,104 -         train_search: [    INFO] - Train: 22 [ 150/390]  Loss: 0.2726 (0.211)  Acc@1: 90.6250 (92.5290)  Acc@5: 100.0000 (99.8344)LR: 1.525e-02
2024-11-18 01:28:04,088 -         train_search: [    INFO] - Train: 22 [ 200/390]  Loss: 0.2650 (0.205)  Acc@1: 90.6250 (92.7627)  Acc@5: 100.0000 (99.8678)LR: 1.525e-02
2024-11-18 01:28:31,380 -         train_search: [    INFO] - Train: 22 [ 250/390]  Loss: 0.1672 (0.216)  Acc@1: 93.7500 (92.4303)  Acc@5: 100.0000 (99.8506)LR: 1.525e-02
2024-11-18 01:28:58,007 -         train_search: [    INFO] - Train: 22 [ 300/390]  Loss: 0.1788 (0.223)  Acc@1: 92.1875 (92.1096)  Acc@5: 100.0000 (99.8235)LR: 1.525e-02
2024-11-18 01:29:25,099 -         train_search: [    INFO] - Train: 22 [ 350/390]  Loss: 0.1305 (0.225)  Acc@1: 95.3125 (92.0228)  Acc@5: 98.4375 (99.7908)LR: 1.525e-02
2024-11-18 01:29:46,422 -         train_search: [    INFO] - Train: 22 [ 390/390]  Loss: 0.1859 (0.227)  Acc@1: 95.0000 (91.9560)  Acc@5: 100.0000 (99.8000)LR: 1.525e-02
2024-11-18 01:29:46,528 -         train_search: [    INFO] - train_acc 91.956000
2024-11-18 01:29:46,877 -         train_search: [    INFO] - Valid: 22 [   0/390]  Loss: 0.5148 (0.515)  Acc@1: 78.1250 (78.1250)  Acc@5: 100.0000 (100.0000)
2024-11-18 01:29:52,294 -         train_search: [    INFO] - Valid: 22 [  50/390]  Loss: 0.5043 (0.562)  Acc@1: 84.3750 (82.3223)  Acc@5: 98.4375 (98.9277)
2024-11-18 01:29:57,163 -         train_search: [    INFO] - Valid: 22 [ 100/390]  Loss: 0.5933 (0.549)  Acc@1: 82.8125 (83.0446)  Acc@5: 98.4375 (98.9480)
2024-11-18 01:30:02,176 -         train_search: [    INFO] - Valid: 22 [ 150/390]  Loss: 0.5648 (0.531)  Acc@1: 82.8125 (83.5575)  Acc@5: 98.4375 (99.0066)
2024-11-18 01:30:07,152 -         train_search: [    INFO] - Valid: 22 [ 200/390]  Loss: 0.6454 (0.532)  Acc@1: 84.3750 (83.5354)  Acc@5: 98.4375 (99.0749)
2024-11-18 01:30:12,347 -         train_search: [    INFO] - Valid: 22 [ 250/390]  Loss: 0.2227 (0.531)  Acc@1: 93.7500 (83.6155)  Acc@5: 100.0000 (99.1409)
2024-11-18 01:30:17,284 -         train_search: [    INFO] - Valid: 22 [ 300/390]  Loss: 0.6113 (0.532)  Acc@1: 82.8125 (83.5704)  Acc@5: 100.0000 (99.1487)
2024-11-18 01:30:22,076 -         train_search: [    INFO] - Valid: 22 [ 350/390]  Loss: 0.5808 (0.526)  Acc@1: 78.1250 (83.8230)  Acc@5: 100.0000 (99.1542)
2024-11-18 01:30:26,008 -         train_search: [    INFO] - Valid: 22 [ 390/390]  Loss: 0.6100 (0.527)  Acc@1: 85.0000 (83.7320)  Acc@5: 100.0000 (99.1400)
2024-11-18 01:30:26,057 -         train_search: [    INFO] - valid_acc 83.732000
2024-11-18 01:30:26,058 -         train_search: [    INFO] - epoch = 22   
 genotype = Genotype(normal=[('sep_conv_3x3', 1), ('sep_conv_3x3', 0), ('sep_conv_3x3', 0), ('sep_conv_5x5', 2), ('dil_conv_3x3', 3), ('sep_conv_3x3', 0), ('sep_conv_3x3', 0), ('dil_conv_3x3', 1)], normal_concat=range(2, 6), reduce=[('dil_conv_3x3', 0), ('dil_conv_5x5', 1), ('dil_conv_3x3', 1), ('dil_conv_3x3', 0), ('dil_conv_3x3', 2), ('sep_conv_3x3', 0), ('dil_conv_5x5', 3), ('dil_conv_3x3', 0)], reduce_concat=range(2, 6))
2024-11-18 01:30:26,060 -         train_search: [    INFO] - alphas_normal = 
 tensor([[0.3435, 0.2762, 0.2019, 0.1784],
        [0.3673, 0.2151, 0.2330, 0.1847],
        [0.3360, 0.2545, 0.2072, 0.2022],
        [0.2532, 0.2405, 0.2727, 0.2335],
        [0.2716, 0.2782, 0.2279, 0.2224],
        [0.2771, 0.2172, 0.2483, 0.2574],
        [0.2665, 0.2173, 0.2694, 0.2469],
        [0.2304, 0.2623, 0.2684, 0.2389],
        [0.2351, 0.2362, 0.2787, 0.2500],
        [0.2736, 0.2399, 0.2603, 0.2263],
        [0.2507, 0.2124, 0.2718, 0.2650],
        [0.2347, 0.2634, 0.2476, 0.2542],
        [0.2216, 0.2658, 0.2673, 0.2453],
        [0.2575, 0.2576, 0.2385, 0.2464]], device='cuda:0',
       grad_fn=<SoftmaxBackward0>)
2024-11-18 01:30:26,062 -         train_search: [    INFO] -  alphas_reduct = 
 tensor([[0.2716, 0.2378, 0.2716, 0.2189],
        [0.2535, 0.2409, 0.2408, 0.2647],
        [0.2150, 0.2592, 0.2751, 0.2507],
        [0.2542, 0.1911, 0.2954, 0.2592],
        [0.2407, 0.2427, 0.2621, 0.2546],
        [0.2731, 0.2401, 0.2671, 0.2197],
        [0.2607, 0.2087, 0.2654, 0.2652],
        [0.2309, 0.2554, 0.2941, 0.2196],
        [0.2363, 0.2510, 0.2610, 0.2516],
        [0.2593, 0.1930, 0.2848, 0.2629],
        [0.2411, 0.2471, 0.2637, 0.2481],
        [0.2785, 0.2483, 0.2457, 0.2276],
        [0.2323, 0.2194, 0.2597, 0.2886],
        [0.2659, 0.2307, 0.2381, 0.2653]], device='cuda:0',
       grad_fn=<SoftmaxBackward0>)
2024-11-18 01:30:27,043 -         train_search: [    INFO] - Train: 23 [   0/390]  Loss: 0.1405 (0.140)  Acc@1: 95.3125 (95.3125)  Acc@5: 100.0000 (100.0000)LR: 1.450e-02
2024-11-18 01:30:54,950 -         train_search: [    INFO] - Train: 23 [  50/390]  Loss: 0.1275 (0.210)  Acc@1: 96.8750 (92.1875)  Acc@5: 100.0000 (99.8468)LR: 1.450e-02
2024-11-18 01:31:21,757 -         train_search: [    INFO] - Train: 23 [ 100/390]  Loss: 0.1406 (0.201)  Acc@1: 93.7500 (92.6980)  Acc@5: 100.0000 (99.8608)LR: 1.450e-02
2024-11-18 01:31:48,244 -         train_search: [    INFO] - Train: 23 [ 150/390]  Loss: 0.1351 (0.197)  Acc@1: 93.7500 (92.8187)  Acc@5: 100.0000 (99.8965)LR: 1.450e-02
2024-11-18 01:32:14,601 -         train_search: [    INFO] - Train: 23 [ 200/390]  Loss: 0.2310 (0.199)  Acc@1: 89.0625 (92.8172)  Acc@5: 98.4375 (99.8834)LR: 1.450e-02
2024-11-18 01:32:41,752 -         train_search: [    INFO] - Train: 23 [ 250/390]  Loss: 0.1652 (0.201)  Acc@1: 92.1875 (92.8162)  Acc@5: 100.0000 (99.8755)LR: 1.450e-02
2024-11-18 01:33:08,569 -         train_search: [    INFO] - Train: 23 [ 300/390]  Loss: 0.1273 (0.202)  Acc@1: 95.3125 (92.7429)  Acc@5: 100.0000 (99.8754)LR: 1.450e-02
2024-11-18 01:33:36,393 -         train_search: [    INFO] - Train: 23 [ 350/390]  Loss: 0.2779 (0.204)  Acc@1: 89.0625 (92.6861)  Acc@5: 100.0000 (99.8798)LR: 1.450e-02
2024-11-18 01:33:58,152 -         train_search: [    INFO] - Train: 23 [ 390/390]  Loss: 0.1863 (0.209)  Acc@1: 92.5000 (92.5080)  Acc@5: 100.0000 (99.8920)LR: 1.450e-02
2024-11-18 01:33:58,230 -         train_search: [    INFO] - train_acc 92.508000
2024-11-18 01:33:58,579 -         train_search: [    INFO] - Valid: 23 [   0/390]  Loss: 0.5403 (0.540)  Acc@1: 87.5000 (87.5000)  Acc@5: 98.4375 (98.4375)
2024-11-18 01:34:04,103 -         train_search: [    INFO] - Valid: 23 [  50/390]  Loss: 0.4160 (0.471)  Acc@1: 82.8125 (85.3860)  Acc@5: 100.0000 (99.3566)
2024-11-18 01:34:10,045 -         train_search: [    INFO] - Valid: 23 [ 100/390]  Loss: 0.3533 (0.484)  Acc@1: 87.5000 (84.9010)  Acc@5: 98.4375 (99.2574)
2024-11-18 01:34:15,085 -         train_search: [    INFO] - Valid: 23 [ 150/390]  Loss: 0.6214 (0.478)  Acc@1: 79.6875 (84.9545)  Acc@5: 100.0000 (99.2964)
2024-11-18 01:34:20,060 -         train_search: [    INFO] - Valid: 23 [ 200/390]  Loss: 0.4067 (0.476)  Acc@1: 85.9375 (84.9580)  Acc@5: 98.4375 (99.3004)
2024-11-18 01:34:25,234 -         train_search: [    INFO] - Valid: 23 [ 250/390]  Loss: 0.6232 (0.483)  Acc@1: 81.2500 (84.7298)  Acc@5: 98.4375 (99.2654)
2024-11-18 01:34:30,160 -         train_search: [    INFO] - Valid: 23 [ 300/390]  Loss: 0.9500 (0.483)  Acc@1: 71.8750 (84.7591)  Acc@5: 96.8750 (99.1902)
2024-11-18 01:34:35,237 -         train_search: [    INFO] - Valid: 23 [ 350/390]  Loss: 0.5552 (0.485)  Acc@1: 82.8125 (84.7890)  Acc@5: 98.4375 (99.1943)
2024-11-18 01:34:39,104 -         train_search: [    INFO] - Valid: 23 [ 390/390]  Loss: 0.2333 (0.486)  Acc@1: 85.0000 (84.8000)  Acc@5: 100.0000 (99.1720)
2024-11-18 01:34:39,136 -         train_search: [    INFO] - valid_acc 84.800000
2024-11-18 01:34:39,136 -         train_search: [    INFO] - epoch = 23   
 genotype = Genotype(normal=[('sep_conv_3x3', 1), ('sep_conv_3x3', 0), ('sep_conv_3x3', 0), ('sep_conv_5x5', 2), ('dil_conv_3x3', 3), ('sep_conv_3x3', 0), ('sep_conv_3x3', 0), ('dil_conv_3x3', 1)], normal_concat=range(2, 6), reduce=[('sep_conv_3x3', 0), ('dil_conv_5x5', 1), ('dil_conv_3x3', 1), ('dil_conv_3x3', 0), ('dil_conv_3x3', 2), ('sep_conv_3x3', 0), ('dil_conv_5x5', 3), ('dil_conv_3x3', 0)], reduce_concat=range(2, 6))
2024-11-18 01:34:39,139 -         train_search: [    INFO] - alphas_normal = 
 tensor([[0.3496, 0.2767, 0.1983, 0.1754],
        [0.3715, 0.2142, 0.2319, 0.1824],
        [0.3391, 0.2561, 0.2057, 0.1990],
        [0.2583, 0.2394, 0.2705, 0.2318],
        [0.2699, 0.2762, 0.2311, 0.2228],
        [0.2789, 0.2179, 0.2470, 0.2561],
        [0.2669, 0.2139, 0.2692, 0.2500],
        [0.2279, 0.2614, 0.2723, 0.2384],
        [0.2353, 0.2340, 0.2820, 0.2487],
        [0.2756, 0.2407, 0.2596, 0.2242],
        [0.2491, 0.2108, 0.2742, 0.2659],
        [0.2330, 0.2650, 0.2484, 0.2536],
        [0.2216, 0.2658, 0.2696, 0.2430],
        [0.2557, 0.2590, 0.2407, 0.2447]], device='cuda:0',
       grad_fn=<SoftmaxBackward0>)
2024-11-18 01:34:39,141 -         train_search: [    INFO] -  alphas_reduct = 
 tensor([[0.2738, 0.2380, 0.2727, 0.2155],
        [0.2563, 0.2386, 0.2407, 0.2644],
        [0.2108, 0.2588, 0.2755, 0.2549],
        [0.2529, 0.1896, 0.2940, 0.2635],
        [0.2385, 0.2445, 0.2619, 0.2551],
        [0.2770, 0.2385, 0.2668, 0.2176],
        [0.2603, 0.2058, 0.2670, 0.2670],
        [0.2288, 0.2566, 0.2963, 0.2183],
        [0.2379, 0.2506, 0.2605, 0.2510],
        [0.2571, 0.1901, 0.2860, 0.2667],
        [0.2421, 0.2478, 0.2646, 0.2455],
        [0.2796, 0.2468, 0.2466, 0.2269],
        [0.2304, 0.2224, 0.2589, 0.2883],
        [0.2691, 0.2292, 0.2366, 0.2652]], device='cuda:0',
       grad_fn=<SoftmaxBackward0>)
2024-11-18 01:34:40,147 -         train_search: [    INFO] - Train: 24 [   0/390]  Loss: 0.1040 (0.104)  Acc@1: 98.4375 (98.4375)  Acc@5: 100.0000 (100.0000)LR: 1.375e-02
2024-11-18 01:35:06,839 -         train_search: [    INFO] - Train: 24 [  50/390]  Loss: 0.1817 (0.182)  Acc@1: 93.7500 (93.9032)  Acc@5: 100.0000 (99.8775)LR: 1.375e-02
2024-11-18 01:35:33,666 -         train_search: [    INFO] - Train: 24 [ 100/390]  Loss: 0.3307 (0.171)  Acc@1: 90.6250 (94.0130)  Acc@5: 100.0000 (99.9072)LR: 1.375e-02
2024-11-18 01:36:00,347 -         train_search: [    INFO] - Train: 24 [ 150/390]  Loss: 0.1331 (0.177)  Acc@1: 98.4375 (93.7086)  Acc@5: 100.0000 (99.8965)LR: 1.375e-02
2024-11-18 01:36:27,106 -         train_search: [    INFO] - Train: 24 [ 200/390]  Loss: 0.1892 (0.176)  Acc@1: 93.7500 (93.7422)  Acc@5: 100.0000 (99.9145)LR: 1.375e-02
2024-11-18 01:36:54,335 -         train_search: [    INFO] - Train: 24 [ 250/390]  Loss: 0.1468 (0.181)  Acc@1: 95.3125 (93.5321)  Acc@5: 100.0000 (99.9128)LR: 1.375e-02
2024-11-18 01:37:22,014 -         train_search: [    INFO] - Train: 24 [ 300/390]  Loss: 0.2719 (0.189)  Acc@1: 89.0625 (93.2776)  Acc@5: 100.0000 (99.9118)LR: 1.375e-02
2024-11-18 01:37:48,780 -         train_search: [    INFO] - Train: 24 [ 350/390]  Loss: 0.2623 (0.191)  Acc@1: 89.0625 (93.1312)  Acc@5: 100.0000 (99.9243)LR: 1.375e-02
2024-11-18 01:38:10,379 -         train_search: [    INFO] - Train: 24 [ 390/390]  Loss: 0.3480 (0.192)  Acc@1: 95.0000 (93.2040)  Acc@5: 97.5000 (99.9160)LR: 1.375e-02
2024-11-18 01:38:10,484 -         train_search: [    INFO] - train_acc 93.204000
2024-11-18 01:38:10,828 -         train_search: [    INFO] - Valid: 24 [   0/390]  Loss: 0.3625 (0.363)  Acc@1: 92.1875 (92.1875)  Acc@5: 98.4375 (98.4375)
2024-11-18 01:38:15,978 -         train_search: [    INFO] - Valid: 24 [  50/390]  Loss: 0.5664 (0.491)  Acc@1: 82.8125 (85.0490)  Acc@5: 98.4375 (99.4485)
2024-11-18 01:38:20,989 -         train_search: [    INFO] - Valid: 24 [ 100/390]  Loss: 0.4888 (0.484)  Acc@1: 87.5000 (85.2413)  Acc@5: 98.4375 (99.3967)
2024-11-18 01:38:25,848 -         train_search: [    INFO] - Valid: 24 [ 150/390]  Loss: 0.3860 (0.484)  Acc@1: 87.5000 (85.2649)  Acc@5: 100.0000 (99.3895)
2024-11-18 01:38:30,585 -         train_search: [    INFO] - Valid: 24 [ 200/390]  Loss: 0.3255 (0.489)  Acc@1: 87.5000 (85.1446)  Acc@5: 100.0000 (99.3237)
2024-11-18 01:38:35,306 -         train_search: [    INFO] - Valid: 24 [ 250/390]  Loss: 0.7625 (0.490)  Acc@1: 84.3750 (85.1967)  Acc@5: 96.8750 (99.2966)
2024-11-18 01:38:40,212 -         train_search: [    INFO] - Valid: 24 [ 300/390]  Loss: 0.6012 (0.495)  Acc@1: 82.8125 (85.0602)  Acc@5: 100.0000 (99.3304)
2024-11-18 01:38:44,980 -         train_search: [    INFO] - Valid: 24 [ 350/390]  Loss: 0.4117 (0.487)  Acc@1: 89.0625 (85.1674)  Acc@5: 98.4375 (99.3367)
2024-11-18 01:38:48,691 -         train_search: [    INFO] - Valid: 24 [ 390/390]  Loss: 0.8021 (0.487)  Acc@1: 75.0000 (85.1840)  Acc@5: 100.0000 (99.3080)
2024-11-18 01:38:48,721 -         train_search: [    INFO] - valid_acc 85.184000
2024-11-18 01:38:48,722 -         train_search: [    INFO] - epoch = 24   
 genotype = Genotype(normal=[('sep_conv_3x3', 1), ('sep_conv_3x3', 0), ('sep_conv_3x3', 0), ('sep_conv_5x5', 2), ('dil_conv_3x3', 3), ('sep_conv_3x3', 0), ('dil_conv_3x3', 1), ('sep_conv_3x3', 0)], normal_concat=range(2, 6), reduce=[('sep_conv_3x3', 0), ('dil_conv_5x5', 1), ('dil_conv_3x3', 1), ('dil_conv_3x3', 0), ('dil_conv_3x3', 2), ('sep_conv_3x3', 0), ('dil_conv_5x5', 3), ('dil_conv_3x3', 0)], reduce_concat=range(2, 6))
2024-11-18 01:38:48,725 -         train_search: [    INFO] - alphas_normal = 
 tensor([[0.3557, 0.2761, 0.1965, 0.1718],
        [0.3767, 0.2152, 0.2281, 0.1799],
        [0.3421, 0.2579, 0.2039, 0.1961],
        [0.2631, 0.2352, 0.2696, 0.2321],
        [0.2696, 0.2815, 0.2315, 0.2174],
        [0.2791, 0.2171, 0.2458, 0.2580],
        [0.2665, 0.2123, 0.2726, 0.2486],
        [0.2274, 0.2579, 0.2743, 0.2404],
        [0.2350, 0.2350, 0.2824, 0.2476],
        [0.2780, 0.2374, 0.2656, 0.2189],
        [0.2456, 0.2064, 0.2794, 0.2686],
        [0.2321, 0.2666, 0.2470, 0.2543],
        [0.2194, 0.2676, 0.2709, 0.2421],
        [0.2538, 0.2608, 0.2401, 0.2453]], device='cuda:0',
       grad_fn=<SoftmaxBackward0>)
2024-11-18 01:38:48,727 -         train_search: [    INFO] -  alphas_reduct = 
 tensor([[0.2774, 0.2333, 0.2735, 0.2158],
        [0.2603, 0.2353, 0.2389, 0.2655],
        [0.2074, 0.2624, 0.2742, 0.2560],
        [0.2537, 0.1874, 0.2969, 0.2620],
        [0.2380, 0.2448, 0.2608, 0.2564],
        [0.2822, 0.2369, 0.2649, 0.2160],
        [0.2621, 0.2023, 0.2680, 0.2677],
        [0.2267, 0.2561, 0.3029, 0.2143],
        [0.2383, 0.2515, 0.2588, 0.2514],
        [0.2588, 0.1865, 0.2871, 0.2676],
        [0.2414, 0.2484, 0.2639, 0.2463],
        [0.2811, 0.2442, 0.2457, 0.2290],
        [0.2309, 0.2208, 0.2586, 0.2897],
        [0.2689, 0.2277, 0.2372, 0.2662]], device='cuda:0',
       grad_fn=<SoftmaxBackward0>)
2024-11-18 01:38:49,710 -         train_search: [    INFO] - Train: 25 [   0/390]  Loss: 0.2354 (0.235)  Acc@1: 90.6250 (90.6250)  Acc@5: 100.0000 (100.0000)LR: 1.300e-02
2024-11-18 01:39:17,131 -         train_search: [    INFO] - Train: 25 [  50/390]  Loss: 0.2994 (0.176)  Acc@1: 93.7500 (93.5355)  Acc@5: 100.0000 (100.0000)LR: 1.300e-02
2024-11-18 01:39:44,478 -         train_search: [    INFO] - Train: 25 [ 100/390]  Loss: 0.1052 (0.165)  Acc@1: 96.8750 (94.1368)  Acc@5: 100.0000 (99.9691)LR: 1.300e-02
2024-11-18 01:40:11,239 -         train_search: [    INFO] - Train: 25 [ 150/390]  Loss: 0.2365 (0.169)  Acc@1: 93.7500 (94.1950)  Acc@5: 100.0000 (99.9586)LR: 1.300e-02
2024-11-18 01:40:38,637 -         train_search: [    INFO] - Train: 25 [ 200/390]  Loss: 0.2050 (0.165)  Acc@1: 92.1875 (94.2942)  Acc@5: 100.0000 (99.9611)LR: 1.300e-02
2024-11-18 01:41:06,237 -         train_search: [    INFO] - Train: 25 [ 250/390]  Loss: 0.1992 (0.165)  Acc@1: 92.1875 (94.2356)  Acc@5: 100.0000 (99.9564)LR: 1.300e-02
2024-11-18 01:41:32,985 -         train_search: [    INFO] - Train: 25 [ 300/390]  Loss: 0.1046 (0.167)  Acc@1: 98.4375 (94.1445)  Acc@5: 100.0000 (99.9585)LR: 1.300e-02
2024-11-18 01:42:00,030 -         train_search: [    INFO] - Train: 25 [ 350/390]  Loss: 0.1138 (0.171)  Acc@1: 95.3125 (94.0394)  Acc@5: 100.0000 (99.9555)LR: 1.300e-02
2024-11-18 01:42:21,968 -         train_search: [    INFO] - Train: 25 [ 390/390]  Loss: 0.3909 (0.176)  Acc@1: 87.5000 (93.8240)  Acc@5: 100.0000 (99.9520)LR: 1.300e-02
2024-11-18 01:42:22,070 -         train_search: [    INFO] - train_acc 93.824000
2024-11-18 01:42:22,463 -         train_search: [    INFO] - Valid: 25 [   0/390]  Loss: 0.8338 (0.834)  Acc@1: 82.8125 (82.8125)  Acc@5: 98.4375 (98.4375)
2024-11-18 01:42:27,201 -         train_search: [    INFO] - Valid: 25 [  50/390]  Loss: 0.6562 (0.516)  Acc@1: 82.8125 (85.5392)  Acc@5: 98.4375 (99.2341)
2024-11-18 01:42:32,080 -         train_search: [    INFO] - Valid: 25 [ 100/390]  Loss: 0.5961 (0.548)  Acc@1: 82.8125 (84.2358)  Acc@5: 100.0000 (99.1027)
2024-11-18 01:42:36,817 -         train_search: [    INFO] - Valid: 25 [ 150/390]  Loss: 0.3723 (0.532)  Acc@1: 85.9375 (84.4578)  Acc@5: 100.0000 (99.2653)
2024-11-18 01:42:41,637 -         train_search: [    INFO] - Valid: 25 [ 200/390]  Loss: 0.4794 (0.520)  Acc@1: 85.9375 (84.7637)  Acc@5: 98.4375 (99.2537)
2024-11-18 01:42:46,398 -         train_search: [    INFO] - Valid: 25 [ 250/390]  Loss: 0.2581 (0.523)  Acc@1: 87.5000 (84.8045)  Acc@5: 100.0000 (99.2405)
2024-11-18 01:42:51,092 -         train_search: [    INFO] - Valid: 25 [ 300/390]  Loss: 0.3028 (0.519)  Acc@1: 90.6250 (84.8059)  Acc@5: 100.0000 (99.2629)
2024-11-18 01:42:55,844 -         train_search: [    INFO] - Valid: 25 [ 350/390]  Loss: 0.7441 (0.518)  Acc@1: 79.6875 (84.9136)  Acc@5: 100.0000 (99.2922)
2024-11-18 01:42:59,655 -         train_search: [    INFO] - Valid: 25 [ 390/390]  Loss: 0.9311 (0.517)  Acc@1: 75.0000 (84.9120)  Acc@5: 100.0000 (99.2800)
2024-11-18 01:42:59,685 -         train_search: [    INFO] - valid_acc 84.912000
2024-11-18 01:42:59,686 -         train_search: [    INFO] - epoch = 25   
 genotype = Genotype(normal=[('sep_conv_3x3', 1), ('sep_conv_3x3', 0), ('sep_conv_3x3', 0), ('sep_conv_5x5', 2), ('dil_conv_3x3', 3), ('sep_conv_3x3', 0), ('dil_conv_3x3', 1), ('sep_conv_3x3', 0)], normal_concat=range(2, 6), reduce=[('sep_conv_3x3', 0), ('dil_conv_5x5', 1), ('dil_conv_3x3', 1), ('dil_conv_3x3', 0), ('dil_conv_3x3', 2), ('sep_conv_3x3', 0), ('dil_conv_5x5', 3), ('dil_conv_3x3', 0)], reduce_concat=range(2, 6))
2024-11-18 01:42:59,689 -         train_search: [    INFO] - alphas_normal = 
 tensor([[0.3577, 0.2780, 0.1937, 0.1706],
        [0.3882, 0.2101, 0.2249, 0.1768],
        [0.3448, 0.2573, 0.2027, 0.1952],
        [0.2651, 0.2338, 0.2693, 0.2318],
        [0.2700, 0.2856, 0.2294, 0.2150],
        [0.2811, 0.2161, 0.2459, 0.2569],
        [0.2641, 0.2118, 0.2724, 0.2517],
        [0.2262, 0.2568, 0.2741, 0.2430],
        [0.2323, 0.2337, 0.2871, 0.2469],
        [0.2789, 0.2361, 0.2677, 0.2173],
        [0.2440, 0.2049, 0.2815, 0.2696],
        [0.2339, 0.2667, 0.2466, 0.2528],
        [0.2170, 0.2663, 0.2744, 0.2423],
        [0.2524, 0.2605, 0.2438, 0.2432]], device='cuda:0',
       grad_fn=<SoftmaxBackward0>)
2024-11-18 01:42:59,691 -         train_search: [    INFO] -  alphas_reduct = 
 tensor([[0.2798, 0.2319, 0.2748, 0.2136],
        [0.2607, 0.2314, 0.2393, 0.2686],
        [0.2034, 0.2669, 0.2738, 0.2559],
        [0.2530, 0.1863, 0.2995, 0.2612],
        [0.2359, 0.2420, 0.2673, 0.2549],
        [0.2839, 0.2366, 0.2668, 0.2127],
        [0.2593, 0.2003, 0.2681, 0.2723],
        [0.2246, 0.2547, 0.3061, 0.2146],
        [0.2379, 0.2496, 0.2598, 0.2527],
        [0.2588, 0.1843, 0.2891, 0.2677],
        [0.2428, 0.2483, 0.2636, 0.2454],
        [0.2794, 0.2421, 0.2487, 0.2299],
        [0.2301, 0.2202, 0.2565, 0.2931],
        [0.2686, 0.2275, 0.2354, 0.2685]], device='cuda:0',
       grad_fn=<SoftmaxBackward0>)
2024-11-18 01:43:00,978 -         train_search: [    INFO] - Train: 26 [   0/390]  Loss: 0.1071 (0.107)  Acc@1: 95.3125 (95.3125)  Acc@5: 100.0000 (100.0000)LR: 1.225e-02
2024-11-18 01:43:27,267 -         train_search: [    INFO] - Train: 26 [  50/390]  Loss: 0.1163 (0.161)  Acc@1: 95.3125 (94.1789)  Acc@5: 100.0000 (99.9387)LR: 1.225e-02
2024-11-18 01:43:54,060 -         train_search: [    INFO] - Train: 26 [ 100/390]  Loss: 0.2457 (0.159)  Acc@1: 90.6250 (94.2450)  Acc@5: 100.0000 (99.9072)LR: 1.225e-02
2024-11-18 01:44:21,145 -         train_search: [    INFO] - Train: 26 [ 150/390]  Loss: 0.2786 (0.162)  Acc@1: 85.9375 (94.1018)  Acc@5: 100.0000 (99.9172)LR: 1.225e-02
2024-11-18 01:44:48,300 -         train_search: [    INFO] - Train: 26 [ 200/390]  Loss: 0.09978 (0.161)  Acc@1: 96.8750 (94.1775)  Acc@5: 100.0000 (99.9067)LR: 1.225e-02
2024-11-18 01:45:14,845 -         train_search: [    INFO] - Train: 26 [ 250/390]  Loss: 0.1514 (0.164)  Acc@1: 95.3125 (94.1111)  Acc@5: 100.0000 (99.9066)LR: 1.225e-02
2024-11-18 01:45:41,728 -         train_search: [    INFO] - Train: 26 [ 300/390]  Loss: 0.4330 (0.169)  Acc@1: 89.0625 (93.9005)  Acc@5: 100.0000 (99.9169)LR: 1.225e-02
2024-11-18 01:46:08,557 -         train_search: [    INFO] - Train: 26 [ 350/390]  Loss: 0.2520 (0.171)  Acc@1: 89.0625 (93.8346)  Acc@5: 100.0000 (99.9243)LR: 1.225e-02
2024-11-18 01:46:29,859 -         train_search: [    INFO] - Train: 26 [ 390/390]  Loss: 0.07335 (0.171)  Acc@1: 100.0000 (93.8080)  Acc@5: 100.0000 (99.9280)LR: 1.225e-02
2024-11-18 01:46:29,970 -         train_search: [    INFO] - train_acc 93.808000
2024-11-18 01:46:30,543 -         train_search: [    INFO] - Valid: 26 [   0/390]  Loss: 0.8246 (0.825)  Acc@1: 81.2500 (81.2500)  Acc@5: 98.4375 (98.4375)
2024-11-18 01:46:35,247 -         train_search: [    INFO] - Valid: 26 [  50/390]  Loss: 0.4687 (0.555)  Acc@1: 89.0625 (84.0380)  Acc@5: 98.4375 (99.0809)
2024-11-18 01:46:39,882 -         train_search: [    INFO] - Valid: 26 [ 100/390]  Loss: 0.5779 (0.551)  Acc@1: 81.2500 (83.8954)  Acc@5: 98.4375 (99.1027)
2024-11-18 01:46:44,732 -         train_search: [    INFO] - Valid: 26 [ 150/390]  Loss: 0.5388 (0.532)  Acc@1: 85.9375 (84.6544)  Acc@5: 96.8750 (99.0998)
2024-11-18 01:46:49,451 -         train_search: [    INFO] - Valid: 26 [ 200/390]  Loss: 0.2310 (0.532)  Acc@1: 92.1875 (84.5771)  Acc@5: 100.0000 (99.1060)
2024-11-18 01:46:54,204 -         train_search: [    INFO] - Valid: 26 [ 250/390]  Loss: 0.2652 (0.523)  Acc@1: 90.6250 (84.6800)  Acc@5: 100.0000 (99.1472)
2024-11-18 01:46:58,913 -         train_search: [    INFO] - Valid: 26 [ 300/390]  Loss: 0.4467 (0.520)  Acc@1: 82.8125 (84.7176)  Acc@5: 100.0000 (99.1435)
2024-11-18 01:47:03,699 -         train_search: [    INFO] - Valid: 26 [ 350/390]  Loss: 0.4619 (0.517)  Acc@1: 84.3750 (84.7979)  Acc@5: 100.0000 (99.1765)
2024-11-18 01:47:07,476 -         train_search: [    INFO] - Valid: 26 [ 390/390]  Loss: 0.9448 (0.519)  Acc@1: 77.5000 (84.7160)  Acc@5: 97.5000 (99.1800)
2024-11-18 01:47:07,515 -         train_search: [    INFO] - valid_acc 84.716000
2024-11-18 01:47:07,516 -         train_search: [    INFO] - epoch = 26   
 genotype = Genotype(normal=[('sep_conv_3x3', 1), ('sep_conv_3x3', 0), ('sep_conv_3x3', 0), ('sep_conv_5x5', 2), ('dil_conv_3x3', 3), ('sep_conv_3x3', 0), ('dil_conv_3x3', 1), ('sep_conv_3x3', 0)], normal_concat=range(2, 6), reduce=[('sep_conv_3x3', 0), ('dil_conv_5x5', 1), ('dil_conv_3x3', 1), ('dil_conv_3x3', 0), ('dil_conv_3x3', 2), ('sep_conv_3x3', 0), ('dil_conv_5x5', 3), ('dil_conv_3x3', 0)], reduce_concat=range(2, 6))
2024-11-18 01:47:07,518 -         train_search: [    INFO] - alphas_normal = 
 tensor([[0.3641, 0.2783, 0.1903, 0.1673],
        [0.3930, 0.2069, 0.2242, 0.1759],
        [0.3499, 0.2561, 0.2009, 0.1931],
        [0.2637, 0.2331, 0.2730, 0.2302],
        [0.2692, 0.2872, 0.2287, 0.2149],
        [0.2829, 0.2153, 0.2463, 0.2555],
        [0.2640, 0.2092, 0.2742, 0.2527],
        [0.2239, 0.2555, 0.2760, 0.2447],
        [0.2337, 0.2323, 0.2871, 0.2469],
        [0.2828, 0.2337, 0.2690, 0.2145],
        [0.2421, 0.2010, 0.2862, 0.2707],
        [0.2321, 0.2673, 0.2479, 0.2527],
        [0.2147, 0.2645, 0.2775, 0.2433],
        [0.2550, 0.2592, 0.2417, 0.2441]], device='cuda:0',
       grad_fn=<SoftmaxBackward0>)
2024-11-18 01:47:07,520 -         train_search: [    INFO] -  alphas_reduct = 
 tensor([[0.2827, 0.2300, 0.2755, 0.2119],
        [0.2618, 0.2305, 0.2379, 0.2698],
        [0.2017, 0.2687, 0.2767, 0.2529],
        [0.2518, 0.1830, 0.3045, 0.2607],
        [0.2356, 0.2430, 0.2667, 0.2547],
        [0.2891, 0.2330, 0.2660, 0.2119],
        [0.2582, 0.1964, 0.2713, 0.2741],
        [0.2237, 0.2562, 0.3062, 0.2139],
        [0.2384, 0.2470, 0.2620, 0.2526],
        [0.2585, 0.1830, 0.2922, 0.2663],
        [0.2440, 0.2484, 0.2632, 0.2444],
        [0.2792, 0.2415, 0.2470, 0.2323],
        [0.2277, 0.2170, 0.2564, 0.2989],
        [0.2694, 0.2264, 0.2359, 0.2683]], device='cuda:0',
       grad_fn=<SoftmaxBackward0>)
2024-11-18 01:47:08,464 -         train_search: [    INFO] - Train: 27 [   0/390]  Loss: 0.2054 (0.205)  Acc@1: 93.7500 (93.7500)  Acc@5: 100.0000 (100.0000)LR: 1.150e-02
2024-11-18 01:47:35,378 -         train_search: [    INFO] - Train: 27 [  50/390]  Loss: 0.09992 (0.127)  Acc@1: 93.7500 (95.4657)  Acc@5: 100.0000 (100.0000)LR: 1.150e-02
2024-11-18 01:48:02,369 -         train_search: [    INFO] - Train: 27 [ 100/390]  Loss: 0.06855 (0.133)  Acc@1: 96.8750 (95.2042)  Acc@5: 100.0000 (99.9691)LR: 1.150e-02
2024-11-18 01:48:29,319 -         train_search: [    INFO] - Train: 27 [ 150/390]  Loss: 0.09740 (0.134)  Acc@1: 93.7500 (95.2297)  Acc@5: 100.0000 (99.9586)LR: 1.150e-02
2024-11-18 01:48:56,883 -         train_search: [    INFO] - Train: 27 [ 200/390]  Loss: 0.06406 (0.135)  Acc@1: 96.8750 (95.1803)  Acc@5: 100.0000 (99.9689)LR: 1.150e-02
2024-11-18 01:49:24,656 -         train_search: [    INFO] - Train: 27 [ 250/390]  Loss: 0.2061 (0.136)  Acc@1: 93.7500 (95.1631)  Acc@5: 100.0000 (99.9689)LR: 1.150e-02
2024-11-18 01:49:52,296 -         train_search: [    INFO] - Train: 27 [ 300/390]  Loss: 0.2223 (0.142)  Acc@1: 90.6250 (94.9543)  Acc@5: 100.0000 (99.9585)LR: 1.150e-02
2024-11-18 01:50:19,750 -         train_search: [    INFO] - Train: 27 [ 350/390]  Loss: 0.2142 (0.143)  Acc@1: 90.6250 (94.9252)  Acc@5: 100.0000 (99.9555)LR: 1.150e-02
2024-11-18 01:50:40,962 -         train_search: [    INFO] - Train: 27 [ 390/390]  Loss: 0.1124 (0.145)  Acc@1: 95.0000 (94.8600)  Acc@5: 100.0000 (99.9520)LR: 1.150e-02
2024-11-18 01:50:41,044 -         train_search: [    INFO] - train_acc 94.860000
2024-11-18 01:50:41,449 -         train_search: [    INFO] - Valid: 27 [   0/390]  Loss: 0.6494 (0.649)  Acc@1: 84.3750 (84.3750)  Acc@5: 98.4375 (98.4375)
2024-11-18 01:50:46,818 -         train_search: [    INFO] - Valid: 27 [  50/390]  Loss: 0.5178 (0.478)  Acc@1: 85.9375 (86.2439)  Acc@5: 100.0000 (99.0502)
2024-11-18 01:50:52,049 -         train_search: [    INFO] - Valid: 27 [ 100/390]  Loss: 0.5265 (0.505)  Acc@1: 81.2500 (85.1949)  Acc@5: 100.0000 (99.0873)
2024-11-18 01:50:57,293 -         train_search: [    INFO] - Valid: 27 [ 150/390]  Loss: 0.5573 (0.499)  Acc@1: 81.2500 (85.3166)  Acc@5: 100.0000 (99.2136)
2024-11-18 01:51:02,773 -         train_search: [    INFO] - Valid: 27 [ 200/390]  Loss: 0.6146 (0.496)  Acc@1: 81.2500 (85.2301)  Acc@5: 98.4375 (99.2460)
2024-11-18 01:51:08,199 -         train_search: [    INFO] - Valid: 27 [ 250/390]  Loss: 0.4185 (0.498)  Acc@1: 84.3750 (85.1780)  Acc@5: 100.0000 (99.2094)
2024-11-18 01:51:13,318 -         train_search: [    INFO] - Valid: 27 [ 300/390]  Loss: 0.8126 (0.497)  Acc@1: 82.8125 (85.1537)  Acc@5: 100.0000 (99.2162)
2024-11-18 01:51:18,679 -         train_search: [    INFO] - Valid: 27 [ 350/390]  Loss: 0.4464 (0.498)  Acc@1: 89.0625 (85.1140)  Acc@5: 96.8750 (99.2210)
2024-11-18 01:51:22,762 -         train_search: [    INFO] - Valid: 27 [ 390/390]  Loss: 0.6567 (0.500)  Acc@1: 80.0000 (85.0600)  Acc@5: 100.0000 (99.2120)
2024-11-18 01:51:22,794 -         train_search: [    INFO] - valid_acc 85.060000
2024-11-18 01:51:22,795 -         train_search: [    INFO] - epoch = 27   
 genotype = Genotype(normal=[('sep_conv_3x3', 1), ('sep_conv_3x3', 0), ('sep_conv_3x3', 0), ('sep_conv_5x5', 2), ('dil_conv_3x3', 3), ('sep_conv_3x3', 0), ('dil_conv_3x3', 1), ('sep_conv_3x3', 0)], normal_concat=range(2, 6), reduce=[('sep_conv_3x3', 0), ('dil_conv_5x5', 1), ('dil_conv_3x3', 1), ('dil_conv_3x3', 0), ('dil_conv_3x3', 2), ('sep_conv_3x3', 0), ('dil_conv_5x5', 3), ('dil_conv_3x3', 0)], reduce_concat=range(2, 6))
2024-11-18 01:51:22,797 -         train_search: [    INFO] - alphas_normal = 
 tensor([[0.3683, 0.2794, 0.1880, 0.1643],
        [0.4011, 0.2043, 0.2228, 0.1718],
        [0.3554, 0.2555, 0.1995, 0.1895],
        [0.2660, 0.2296, 0.2734, 0.2311],
        [0.2706, 0.2881, 0.2303, 0.2110],
        [0.2837, 0.2148, 0.2464, 0.2551],
        [0.2641, 0.2071, 0.2749, 0.2540],
        [0.2215, 0.2547, 0.2739, 0.2499],
        [0.2352, 0.2315, 0.2870, 0.2462],
        [0.2855, 0.2322, 0.2684, 0.2139],
        [0.2404, 0.1975, 0.2894, 0.2728],
        [0.2292, 0.2687, 0.2504, 0.2516],
        [0.2143, 0.2652, 0.2787, 0.2417],
        [0.2567, 0.2554, 0.2411, 0.2469]], device='cuda:0',
       grad_fn=<SoftmaxBackward0>)
2024-11-18 01:51:22,799 -         train_search: [    INFO] -  alphas_reduct = 
 tensor([[0.2847, 0.2289, 0.2776, 0.2088],
        [0.2617, 0.2320, 0.2360, 0.2704],
        [0.2005, 0.2690, 0.2772, 0.2533],
        [0.2486, 0.1809, 0.3093, 0.2612],
        [0.2340, 0.2430, 0.2686, 0.2544],
        [0.2885, 0.2325, 0.2689, 0.2101],
        [0.2560, 0.1933, 0.2749, 0.2758],
        [0.2219, 0.2526, 0.3114, 0.2140],
        [0.2379, 0.2487, 0.2620, 0.2515],
        [0.2573, 0.1787, 0.2953, 0.2687],
        [0.2447, 0.2505, 0.2611, 0.2437],
        [0.2803, 0.2386, 0.2474, 0.2337],
        [0.2293, 0.2165, 0.2527, 0.3016],
        [0.2675, 0.2273, 0.2355, 0.2697]], device='cuda:0',
       grad_fn=<SoftmaxBackward0>)
2024-11-18 01:51:23,921 -         train_search: [    INFO] - Train: 28 [   0/390]  Loss: 0.07676 (0.0768)  Acc@1: 98.4375 (98.4375)  Acc@5: 100.0000 (100.0000)LR: 1.075e-02
2024-11-18 01:51:51,213 -         train_search: [    INFO] - Train: 28 [  50/390]  Loss: 0.2039 (0.124)  Acc@1: 90.6250 (95.9559)  Acc@5: 100.0000 (99.9694)LR: 1.075e-02
2024-11-18 01:52:18,653 -         train_search: [    INFO] - Train: 28 [ 100/390]  Loss: 0.1386 (0.123)  Acc@1: 95.3125 (95.7921)  Acc@5: 100.0000 (99.9845)LR: 1.075e-02
2024-11-18 01:52:45,197 -         train_search: [    INFO] - Train: 28 [ 150/390]  Loss: 0.1140 (0.122)  Acc@1: 93.7500 (95.7678)  Acc@5: 100.0000 (99.9793)LR: 1.075e-02
2024-11-18 01:53:12,611 -         train_search: [    INFO] - Train: 28 [ 200/390]  Loss: 0.1518 (0.126)  Acc@1: 96.8750 (95.6312)  Acc@5: 100.0000 (99.9767)LR: 1.075e-02
2024-11-18 01:53:39,772 -         train_search: [    INFO] - Train: 28 [ 250/390]  Loss: 0.07748 (0.127)  Acc@1: 96.8750 (95.5428)  Acc@5: 100.0000 (99.9813)LR: 1.075e-02
2024-11-18 01:54:06,896 -         train_search: [    INFO] - Train: 28 [ 300/390]  Loss: 0.04574 (0.127)  Acc@1: 98.4375 (95.5357)  Acc@5: 100.0000 (99.9844)LR: 1.075e-02
2024-11-18 01:54:34,086 -         train_search: [    INFO] - Train: 28 [ 350/390]  Loss: 0.1412 (0.130)  Acc@1: 92.1875 (95.4416)  Acc@5: 100.0000 (99.9688)LR: 1.075e-02
2024-11-18 01:54:55,420 -         train_search: [    INFO] - Train: 28 [ 390/390]  Loss: 0.08481 (0.133)  Acc@1: 97.5000 (95.3240)  Acc@5: 100.0000 (99.9720)LR: 1.075e-02
2024-11-18 01:54:55,518 -         train_search: [    INFO] - train_acc 95.324000
2024-11-18 01:54:55,885 -         train_search: [    INFO] - Valid: 28 [   0/390]  Loss: 0.7280 (0.728)  Acc@1: 79.6875 (79.6875)  Acc@5: 96.8750 (96.8750)
2024-11-18 01:55:01,188 -         train_search: [    INFO] - Valid: 28 [  50/390]  Loss: 0.3425 (0.526)  Acc@1: 87.5000 (85.5392)  Acc@5: 100.0000 (99.2034)
2024-11-18 01:55:06,612 -         train_search: [    INFO] - Valid: 28 [ 100/390]  Loss: 0.4649 (0.523)  Acc@1: 89.0625 (85.4425)  Acc@5: 98.4375 (99.2110)
2024-11-18 01:55:11,897 -         train_search: [    INFO] - Valid: 28 [ 150/390]  Loss: 0.6415 (0.525)  Acc@1: 79.6875 (85.4925)  Acc@5: 100.0000 (99.2550)
2024-11-18 01:55:16,962 -         train_search: [    INFO] - Valid: 28 [ 200/390]  Loss: 0.3956 (0.528)  Acc@1: 89.0625 (85.5255)  Acc@5: 100.0000 (99.2771)
2024-11-18 01:55:22,146 -         train_search: [    INFO] - Valid: 28 [ 250/390]  Loss: 0.5320 (0.526)  Acc@1: 84.3750 (85.5017)  Acc@5: 100.0000 (99.2717)
2024-11-18 01:55:27,226 -         train_search: [    INFO] - Valid: 28 [ 300/390]  Loss: 0.7776 (0.522)  Acc@1: 81.2500 (85.5586)  Acc@5: 100.0000 (99.2629)
2024-11-18 01:55:32,269 -         train_search: [    INFO] - Valid: 28 [ 350/390]  Loss: 0.4316 (0.515)  Acc@1: 87.5000 (85.6660)  Acc@5: 100.0000 (99.3056)
2024-11-18 01:55:36,212 -         train_search: [    INFO] - Valid: 28 [ 390/390]  Loss: 0.3096 (0.515)  Acc@1: 87.5000 (85.6800)  Acc@5: 100.0000 (99.3120)
2024-11-18 01:55:36,254 -         train_search: [    INFO] - valid_acc 85.680000
2024-11-18 01:55:36,255 -         train_search: [    INFO] - epoch = 28   
 genotype = Genotype(normal=[('sep_conv_3x3', 1), ('sep_conv_3x3', 0), ('sep_conv_3x3', 0), ('sep_conv_5x5', 2), ('sep_conv_3x3', 0), ('dil_conv_3x3', 3), ('dil_conv_3x3', 1), ('sep_conv_3x3', 0)], normal_concat=range(2, 6), reduce=[('sep_conv_3x3', 0), ('dil_conv_5x5', 1), ('dil_conv_3x3', 1), ('dil_conv_3x3', 0), ('dil_conv_3x3', 2), ('sep_conv_3x3', 0), ('dil_conv_5x5', 3), ('dil_conv_3x3', 0)], reduce_concat=range(2, 6))
2024-11-18 01:55:36,257 -         train_search: [    INFO] - alphas_normal = 
 tensor([[0.3724, 0.2812, 0.1846, 0.1619],
        [0.4074, 0.2037, 0.2208, 0.1680],
        [0.3558, 0.2557, 0.1987, 0.1898],
        [0.2660, 0.2279, 0.2748, 0.2314],
        [0.2742, 0.2876, 0.2299, 0.2082],
        [0.2882, 0.2124, 0.2453, 0.2542],
        [0.2628, 0.2044, 0.2786, 0.2542],
        [0.2190, 0.2523, 0.2754, 0.2533],
        [0.2360, 0.2303, 0.2872, 0.2465],
        [0.2924, 0.2308, 0.2677, 0.2091],
        [0.2384, 0.1947, 0.2940, 0.2730],
        [0.2257, 0.2707, 0.2503, 0.2533],
        [0.2119, 0.2635, 0.2814, 0.2432],
        [0.2566, 0.2545, 0.2416, 0.2473]], device='cuda:0',
       grad_fn=<SoftmaxBackward0>)
2024-11-18 01:55:36,259 -         train_search: [    INFO] -  alphas_reduct = 
 tensor([[0.2865, 0.2269, 0.2806, 0.2060],
        [0.2634, 0.2300, 0.2365, 0.2701],
        [0.1969, 0.2721, 0.2774, 0.2536],
        [0.2463, 0.1782, 0.3115, 0.2641],
        [0.2304, 0.2459, 0.2696, 0.2541],
        [0.2893, 0.2324, 0.2711, 0.2072],
        [0.2547, 0.1924, 0.2759, 0.2771],
        [0.2214, 0.2484, 0.3141, 0.2161],
        [0.2378, 0.2444, 0.2631, 0.2547],
        [0.2561, 0.1789, 0.2990, 0.2660],
        [0.2439, 0.2527, 0.2613, 0.2421],
        [0.2827, 0.2385, 0.2476, 0.2312],
        [0.2282, 0.2166, 0.2535, 0.3017],
        [0.2696, 0.2271, 0.2346, 0.2687]], device='cuda:0',
       grad_fn=<SoftmaxBackward0>)
2024-11-18 01:55:37,392 -         train_search: [    INFO] - Train: 29 [   0/390]  Loss: 0.05478 (0.0548)  Acc@1: 96.8750 (96.8750)  Acc@5: 100.0000 (100.0000)LR: 1.002e-02
2024-11-18 01:56:04,072 -         train_search: [    INFO] - Train: 29 [  50/390]  Loss: 0.07888 (0.125)  Acc@1: 95.3125 (95.4657)  Acc@5: 100.0000 (100.0000)LR: 1.002e-02
2024-11-18 01:56:30,675 -         train_search: [    INFO] - Train: 29 [ 100/390]  Loss: 0.1487 (0.127)  Acc@1: 96.8750 (95.6064)  Acc@5: 100.0000 (99.9845)LR: 1.002e-02
2024-11-18 01:56:58,179 -         train_search: [    INFO] - Train: 29 [ 150/390]  Loss: 0.03527 (0.127)  Acc@1: 100.0000 (95.5195)  Acc@5: 100.0000 (99.9793)LR: 1.002e-02
2024-11-18 01:57:25,323 -         train_search: [    INFO] - Train: 29 [ 200/390]  Loss: 0.1878 (0.124)  Acc@1: 96.8750 (95.6079)  Acc@5: 100.0000 (99.9767)LR: 1.002e-02
2024-11-18 01:57:52,947 -         train_search: [    INFO] - Train: 29 [ 250/390]  Loss: 0.09662 (0.123)  Acc@1: 96.8750 (95.6549)  Acc@5: 100.0000 (99.9626)LR: 1.002e-02
2024-11-18 01:58:20,072 -         train_search: [    INFO] - Train: 29 [ 300/390]  Loss: 0.1485 (0.121)  Acc@1: 96.8750 (95.7226)  Acc@5: 100.0000 (99.9585)LR: 1.002e-02
2024-11-18 01:58:47,144 -         train_search: [    INFO] - Train: 29 [ 350/390]  Loss: 0.1742 (0.125)  Acc@1: 95.3125 (95.5885)  Acc@5: 98.4375 (99.9599)LR: 1.002e-02
2024-11-18 01:59:08,578 -         train_search: [    INFO] - Train: 29 [ 390/390]  Loss: 0.2221 (0.129)  Acc@1: 92.5000 (95.4640)  Acc@5: 100.0000 (99.9560)LR: 1.002e-02
2024-11-18 01:59:08,684 -         train_search: [    INFO] - train_acc 95.464000
2024-11-18 01:59:09,046 -         train_search: [    INFO] - Valid: 29 [   0/390]  Loss: 0.5610 (0.561)  Acc@1: 90.6250 (90.6250)  Acc@5: 96.8750 (96.8750)
2024-11-18 01:59:13,707 -         train_search: [    INFO] - Valid: 29 [  50/390]  Loss: 0.5548 (0.538)  Acc@1: 82.8125 (85.0490)  Acc@5: 100.0000 (99.3260)
2024-11-18 01:59:18,479 -         train_search: [    INFO] - Valid: 29 [ 100/390]  Loss: 0.4091 (0.537)  Acc@1: 92.1875 (85.2877)  Acc@5: 95.3125 (99.1337)
2024-11-18 01:59:23,213 -         train_search: [    INFO] - Valid: 29 [ 150/390]  Loss: 0.3175 (0.539)  Acc@1: 84.3750 (84.9752)  Acc@5: 100.0000 (99.1618)
2024-11-18 01:59:28,147 -         train_search: [    INFO] - Valid: 29 [ 200/390]  Loss: 0.8645 (0.533)  Acc@1: 79.6875 (84.9969)  Acc@5: 98.4375 (99.1993)
2024-11-18 01:59:32,979 -         train_search: [    INFO] - Valid: 29 [ 250/390]  Loss: 0.5706 (0.536)  Acc@1: 87.5000 (84.9602)  Acc@5: 96.8750 (99.1907)
2024-11-18 01:59:37,727 -         train_search: [    INFO] - Valid: 29 [ 300/390]  Loss: 0.2626 (0.530)  Acc@1: 90.6250 (85.0395)  Acc@5: 100.0000 (99.2162)
2024-11-18 01:59:42,586 -         train_search: [    INFO] - Valid: 29 [ 350/390]  Loss: 1.007 (0.528)  Acc@1: 73.4375 (85.0427)  Acc@5: 95.3125 (99.2432)
2024-11-18 01:59:46,376 -         train_search: [    INFO] - Valid: 29 [ 390/390]  Loss: 0.4114 (0.530)  Acc@1: 85.0000 (84.9280)  Acc@5: 100.0000 (99.2320)
2024-11-18 01:59:46,427 -         train_search: [    INFO] - valid_acc 84.928000
2024-11-18 01:59:46,428 -         train_search: [    INFO] - epoch = 29   
 genotype = Genotype(normal=[('sep_conv_3x3', 1), ('sep_conv_3x3', 0), ('sep_conv_3x3', 0), ('sep_conv_5x5', 2), ('sep_conv_3x3', 0), ('dil_conv_3x3', 3), ('dil_conv_3x3', 1), ('sep_conv_3x3', 0)], normal_concat=range(2, 6), reduce=[('sep_conv_3x3', 0), ('dil_conv_5x5', 1), ('dil_conv_3x3', 1), ('sep_conv_5x5', 0), ('dil_conv_3x3', 2), ('sep_conv_3x3', 0), ('dil_conv_5x5', 3), ('dil_conv_3x3', 0)], reduce_concat=range(2, 6))
2024-11-18 01:59:46,430 -         train_search: [    INFO] - alphas_normal = 
 tensor([[0.3756, 0.2818, 0.1836, 0.1590],
        [0.4171, 0.1994, 0.2180, 0.1655],
        [0.3615, 0.2575, 0.1953, 0.1857],
        [0.2695, 0.2238, 0.2765, 0.2302],
        [0.2748, 0.2871, 0.2302, 0.2080],
        [0.2923, 0.2082, 0.2440, 0.2555],
        [0.2621, 0.2028, 0.2806, 0.2545],
        [0.2171, 0.2497, 0.2761, 0.2571],
        [0.2360, 0.2276, 0.2907, 0.2457],
        [0.2939, 0.2304, 0.2706, 0.2051],
        [0.2372, 0.1897, 0.2992, 0.2740],
        [0.2249, 0.2746, 0.2486, 0.2520],
        [0.2082, 0.2630, 0.2852, 0.2436],
        [0.2548, 0.2523, 0.2418, 0.2511]], device='cuda:0',
       grad_fn=<SoftmaxBackward0>)
2024-11-18 01:59:46,432 -         train_search: [    INFO] -  alphas_reduct = 
 tensor([[0.2861, 0.2247, 0.2841, 0.2052],
        [0.2671, 0.2284, 0.2362, 0.2683],
        [0.1943, 0.2757, 0.2749, 0.2551],
        [0.2439, 0.1752, 0.3134, 0.2675],
        [0.2303, 0.2451, 0.2685, 0.2560],
        [0.2925, 0.2305, 0.2708, 0.2062],
        [0.2551, 0.1902, 0.2740, 0.2806],
        [0.2173, 0.2506, 0.3170, 0.2151],
        [0.2364, 0.2421, 0.2653, 0.2562],
        [0.2550, 0.1768, 0.3019, 0.2663],
        [0.2428, 0.2530, 0.2630, 0.2412],
        [0.2851, 0.2360, 0.2484, 0.2305],
        [0.2262, 0.2123, 0.2546, 0.3068],
        [0.2679, 0.2264, 0.2357, 0.2699]], device='cuda:0',
       grad_fn=<SoftmaxBackward0>)
2024-11-18 01:59:47,684 -         train_search: [    INFO] - Train: 30 [   0/390]  Loss: 0.1539 (0.154)  Acc@1: 93.7500 (93.7500)  Acc@5: 100.0000 (100.0000)LR: 9.292e-03
2024-11-18 02:00:15,043 -         train_search: [    INFO] - Train: 30 [  50/390]  Loss: 0.06420 (0.110)  Acc@1: 96.8750 (95.9252)  Acc@5: 100.0000 (100.0000)LR: 9.292e-03
2024-11-18 02:00:42,294 -         train_search: [    INFO] - Train: 30 [ 100/390]  Loss: 0.07004 (0.0979)  Acc@1: 98.4375 (96.5192)  Acc@5: 100.0000 (100.0000)LR: 9.292e-03
2024-11-18 02:01:09,612 -         train_search: [    INFO] - Train: 30 [ 150/390]  Loss: 0.1397 (0.0965)  Acc@1: 95.3125 (96.5542)  Acc@5: 100.0000 (100.0000)LR: 9.292e-03
2024-11-18 02:01:36,470 -         train_search: [    INFO] - Train: 30 [ 200/390]  Loss: 0.1772 (0.104)  Acc@1: 95.3125 (96.3464)  Acc@5: 100.0000 (99.9845)LR: 9.292e-03
2024-11-18 02:02:03,303 -         train_search: [    INFO] - Train: 30 [ 250/390]  Loss: 0.07049 (0.106)  Acc@1: 98.4375 (96.2774)  Acc@5: 100.0000 (99.9813)LR: 9.292e-03
2024-11-18 02:02:30,182 -         train_search: [    INFO] - Train: 30 [ 300/390]  Loss: 0.1054 (0.107)  Acc@1: 96.8750 (96.2002)  Acc@5: 100.0000 (99.9844)LR: 9.292e-03
2024-11-18 02:02:57,519 -         train_search: [    INFO] - Train: 30 [ 350/390]  Loss: 0.06709 (0.107)  Acc@1: 96.8750 (96.2162)  Acc@5: 100.0000 (99.9822)LR: 9.292e-03
2024-11-18 02:03:18,990 -         train_search: [    INFO] - Train: 30 [ 390/390]  Loss: 0.1008 (0.109)  Acc@1: 95.0000 (96.1800)  Acc@5: 100.0000 (99.9720)LR: 9.292e-03
2024-11-18 02:03:19,113 -         train_search: [    INFO] - train_acc 96.180000
2024-11-18 02:03:19,532 -         train_search: [    INFO] - Valid: 30 [   0/390]  Loss: 0.8712 (0.871)  Acc@1: 81.2500 (81.2500)  Acc@5: 98.4375 (98.4375)
2024-11-18 02:03:25,546 -         train_search: [    INFO] - Valid: 30 [  50/390]  Loss: 0.5854 (0.537)  Acc@1: 85.9375 (85.9069)  Acc@5: 100.0000 (99.2647)
2024-11-18 02:03:31,237 -         train_search: [    INFO] - Valid: 30 [ 100/390]  Loss: 0.4647 (0.539)  Acc@1: 87.5000 (85.4734)  Acc@5: 100.0000 (99.1491)
2024-11-18 02:03:37,108 -         train_search: [    INFO] - Valid: 30 [ 150/390]  Loss: 0.7768 (0.545)  Acc@1: 76.5625 (85.6271)  Acc@5: 98.4375 (99.0687)
2024-11-18 02:03:42,438 -         train_search: [    INFO] - Valid: 30 [ 200/390]  Loss: 0.5328 (0.532)  Acc@1: 85.9375 (85.8520)  Acc@5: 100.0000 (99.1294)
2024-11-18 02:03:48,010 -         train_search: [    INFO] - Valid: 30 [ 250/390]  Loss: 0.5324 (0.519)  Acc@1: 89.0625 (85.9935)  Acc@5: 96.8750 (99.1658)
2024-11-18 02:03:53,453 -         train_search: [    INFO] - Valid: 30 [ 300/390]  Loss: 0.4410 (0.522)  Acc@1: 87.5000 (85.8700)  Acc@5: 100.0000 (99.1850)
2024-11-18 02:03:58,966 -         train_search: [    INFO] - Valid: 30 [ 350/390]  Loss: 0.3365 (0.522)  Acc@1: 84.3750 (85.7683)  Acc@5: 100.0000 (99.1854)
2024-11-18 02:04:03,213 -         train_search: [    INFO] - Valid: 30 [ 390/390]  Loss: 0.1982 (0.522)  Acc@1: 92.5000 (85.7800)  Acc@5: 100.0000 (99.1960)
2024-11-18 02:04:03,246 -         train_search: [    INFO] - valid_acc 85.780000
2024-11-18 02:04:03,247 -         train_search: [    INFO] - epoch = 30   
 genotype = Genotype(normal=[('sep_conv_3x3', 1), ('sep_conv_3x3', 0), ('sep_conv_3x3', 0), ('sep_conv_5x5', 2), ('dil_conv_3x3', 3), ('sep_conv_3x3', 0), ('dil_conv_3x3', 1), ('sep_conv_3x3', 0)], normal_concat=range(2, 6), reduce=[('sep_conv_3x3', 0), ('sep_conv_3x3', 1), ('dil_conv_3x3', 1), ('sep_conv_5x5', 0), ('dil_conv_3x3', 2), ('sep_conv_3x3', 0), ('dil_conv_5x5', 3), ('dil_conv_3x3', 0)], reduce_concat=range(2, 6))
2024-11-18 02:04:03,251 -         train_search: [    INFO] - alphas_normal = 
 tensor([[0.3809, 0.2805, 0.1813, 0.1574],
        [0.4245, 0.1968, 0.2176, 0.1610],
        [0.3626, 0.2591, 0.1942, 0.1841],
        [0.2712, 0.2249, 0.2780, 0.2259],
        [0.2760, 0.2892, 0.2307, 0.2040],
        [0.2920, 0.2077, 0.2440, 0.2563],
        [0.2630, 0.2003, 0.2814, 0.2554],
        [0.2139, 0.2486, 0.2770, 0.2604],
        [0.2338, 0.2273, 0.2943, 0.2447],
        [0.2968, 0.2289, 0.2729, 0.2015],
        [0.2345, 0.1861, 0.3042, 0.2751],
        [0.2217, 0.2777, 0.2492, 0.2515],
        [0.2061, 0.2640, 0.2864, 0.2435],
        [0.2547, 0.2501, 0.2425, 0.2527]], device='cuda:0',
       grad_fn=<SoftmaxBackward0>)
2024-11-18 02:04:03,255 -         train_search: [    INFO] -  alphas_reduct = 
 tensor([[0.2876, 0.2220, 0.2854, 0.2050],
        [0.2697, 0.2265, 0.2368, 0.2669],
        [0.1910, 0.2807, 0.2742, 0.2540],
        [0.2441, 0.1723, 0.3163, 0.2673],
        [0.2315, 0.2454, 0.2668, 0.2563],
        [0.2948, 0.2305, 0.2686, 0.2061],
        [0.2553, 0.1880, 0.2748, 0.2819],
        [0.2159, 0.2474, 0.3231, 0.2136],
        [0.2343, 0.2415, 0.2661, 0.2581],
        [0.2530, 0.1737, 0.3078, 0.2655],
        [0.2410, 0.2522, 0.2639, 0.2428],
        [0.2833, 0.2361, 0.2503, 0.2303],
        [0.2262, 0.2110, 0.2523, 0.3105],
        [0.2664, 0.2279, 0.2341, 0.2716]], device='cuda:0',
       grad_fn=<SoftmaxBackward0>)
2024-11-18 02:04:04,430 -         train_search: [    INFO] - Train: 31 [   0/390]  Loss: 0.01141 (0.0114)  Acc@1: 100.0000 (100.0000)  Acc@5: 100.0000 (100.0000)LR: 8.583e-03
2024-11-18 02:04:33,377 -         train_search: [    INFO] - Train: 31 [  50/390]  Loss: 0.07482 (0.0940)  Acc@1: 96.8750 (96.6605)  Acc@5: 100.0000 (100.0000)LR: 8.583e-03
2024-11-18 02:05:00,936 -         train_search: [    INFO] - Train: 31 [ 100/390]  Loss: 0.04335 (0.0940)  Acc@1: 100.0000 (96.6120)  Acc@5: 100.0000 (100.0000)LR: 8.583e-03
2024-11-18 02:05:29,051 -         train_search: [    INFO] - Train: 31 [ 150/390]  Loss: 0.07934 (0.0942)  Acc@1: 96.8750 (96.6784)  Acc@5: 100.0000 (100.0000)LR: 8.583e-03
2024-11-18 02:05:57,221 -         train_search: [    INFO] - Train: 31 [ 200/390]  Loss: 0.05734 (0.0965)  Acc@1: 98.4375 (96.5718)  Acc@5: 100.0000 (99.9922)LR: 8.583e-03
2024-11-18 02:06:24,744 -         train_search: [    INFO] - Train: 31 [ 250/390]  Loss: 0.1239 (0.0959)  Acc@1: 95.3125 (96.5886)  Acc@5: 100.0000 (99.9938)LR: 8.583e-03
2024-11-18 02:06:51,878 -         train_search: [    INFO] - Train: 31 [ 300/390]  Loss: 0.1593 (0.0948)  Acc@1: 93.7500 (96.6206)  Acc@5: 100.0000 (99.9896)LR: 8.583e-03
2024-11-18 02:07:18,737 -         train_search: [    INFO] - Train: 31 [ 350/390]  Loss: 0.05102 (0.0964)  Acc@1: 98.4375 (96.5990)  Acc@5: 100.0000 (99.9911)LR: 8.583e-03
2024-11-18 02:07:40,264 -         train_search: [    INFO] - Train: 31 [ 390/390]  Loss: 0.08722 (0.0978)  Acc@1: 97.5000 (96.5680)  Acc@5: 100.0000 (99.9920)LR: 8.583e-03
2024-11-18 02:07:40,362 -         train_search: [    INFO] - train_acc 96.568000
2024-11-18 02:07:40,754 -         train_search: [    INFO] - Valid: 31 [   0/390]  Loss: 0.3798 (0.380)  Acc@1: 95.3125 (95.3125)  Acc@5: 100.0000 (100.0000)
2024-11-18 02:07:46,401 -         train_search: [    INFO] - Valid: 31 [  50/390]  Loss: 0.8634 (0.534)  Acc@1: 82.8125 (85.7230)  Acc@5: 100.0000 (99.3566)
2024-11-18 02:07:51,652 -         train_search: [    INFO] - Valid: 31 [ 100/390]  Loss: 0.5279 (0.531)  Acc@1: 85.9375 (85.5353)  Acc@5: 98.4375 (99.4121)
2024-11-18 02:07:56,324 -         train_search: [    INFO] - Valid: 31 [ 150/390]  Loss: 0.3726 (0.529)  Acc@1: 90.6250 (85.7305)  Acc@5: 98.4375 (99.3791)
2024-11-18 02:08:01,151 -         train_search: [    INFO] - Valid: 31 [ 200/390]  Loss: 0.6138 (0.530)  Acc@1: 84.3750 (85.7043)  Acc@5: 100.0000 (99.4092)
2024-11-18 02:08:05,969 -         train_search: [    INFO] - Valid: 31 [ 250/390]  Loss: 0.4958 (0.527)  Acc@1: 92.1875 (85.8815)  Acc@5: 98.4375 (99.4211)
2024-11-18 02:08:10,683 -         train_search: [    INFO] - Valid: 31 [ 300/390]  Loss: 0.7481 (0.528)  Acc@1: 84.3750 (86.0102)  Acc@5: 100.0000 (99.4290)
2024-11-18 02:08:16,542 -         train_search: [    INFO] - Valid: 31 [ 350/390]  Loss: 0.5769 (0.526)  Acc@1: 87.5000 (85.9954)  Acc@5: 98.4375 (99.4124)
2024-11-18 02:08:20,641 -         train_search: [    INFO] - Valid: 31 [ 390/390]  Loss: 0.2540 (0.526)  Acc@1: 95.0000 (86.0560)  Acc@5: 100.0000 (99.4120)
2024-11-18 02:08:20,691 -         train_search: [    INFO] - valid_acc 86.056000
2024-11-18 02:08:20,692 -         train_search: [    INFO] - epoch = 31   
 genotype = Genotype(normal=[('sep_conv_3x3', 1), ('sep_conv_3x3', 0), ('sep_conv_3x3', 0), ('sep_conv_5x5', 2), ('dil_conv_3x3', 3), ('sep_conv_3x3', 0), ('dil_conv_3x3', 1), ('sep_conv_3x3', 0)], normal_concat=range(2, 6), reduce=[('dil_conv_3x3', 0), ('sep_conv_3x3', 1), ('dil_conv_3x3', 1), ('sep_conv_5x5', 0), ('dil_conv_3x3', 2), ('sep_conv_3x3', 0), ('dil_conv_5x5', 3), ('dil_conv_3x3', 0)], reduce_concat=range(2, 6))
2024-11-18 02:08:20,694 -         train_search: [    INFO] - alphas_normal = 
 tensor([[0.3871, 0.2810, 0.1778, 0.1541],
        [0.4366, 0.1927, 0.2139, 0.1567],
        [0.3647, 0.2623, 0.1907, 0.1823],
        [0.2736, 0.2210, 0.2802, 0.2252],
        [0.2761, 0.2912, 0.2293, 0.2034],
        [0.2946, 0.2090, 0.2427, 0.2537],
        [0.2647, 0.1988, 0.2828, 0.2537],
        [0.2138, 0.2438, 0.2791, 0.2633],
        [0.2334, 0.2254, 0.3005, 0.2406],
        [0.3041, 0.2275, 0.2723, 0.1962],
        [0.2337, 0.1852, 0.3073, 0.2738],
        [0.2209, 0.2794, 0.2516, 0.2481],
        [0.2018, 0.2657, 0.2910, 0.2416],
        [0.2543, 0.2511, 0.2451, 0.2495]], device='cuda:0',
       grad_fn=<SoftmaxBackward0>)
2024-11-18 02:08:20,696 -         train_search: [    INFO] -  alphas_reduct = 
 tensor([[0.2882, 0.2183, 0.2889, 0.2046],
        [0.2713, 0.2270, 0.2360, 0.2657],
        [0.1869, 0.2802, 0.2774, 0.2555],
        [0.2440, 0.1690, 0.3190, 0.2681],
        [0.2312, 0.2459, 0.2664, 0.2565],
        [0.2966, 0.2302, 0.2683, 0.2048],
        [0.2520, 0.1859, 0.2758, 0.2863],
        [0.2130, 0.2492, 0.3242, 0.2135],
        [0.2345, 0.2412, 0.2655, 0.2588],
        [0.2522, 0.1725, 0.3108, 0.2646],
        [0.2416, 0.2508, 0.2640, 0.2436],
        [0.2838, 0.2350, 0.2497, 0.2315],
        [0.2273, 0.2080, 0.2502, 0.3145],
        [0.2675, 0.2279, 0.2328, 0.2718]], device='cuda:0',
       grad_fn=<SoftmaxBackward0>)
2024-11-18 02:08:21,660 -         train_search: [    INFO] - Train: 32 [   0/390]  Loss: 0.03954 (0.0395)  Acc@1: 100.0000 (100.0000)  Acc@5: 100.0000 (100.0000)LR: 7.891e-03
2024-11-18 02:08:48,322 -         train_search: [    INFO] - Train: 32 [  50/390]  Loss: 0.06332 (0.0734)  Acc@1: 100.0000 (97.6103)  Acc@5: 100.0000 (100.0000)LR: 7.891e-03
2024-11-18 02:09:15,294 -         train_search: [    INFO] - Train: 32 [ 100/390]  Loss: 0.1257 (0.0773)  Acc@1: 96.8750 (97.4165)  Acc@5: 100.0000 (99.9691)LR: 7.891e-03
2024-11-18 02:09:42,149 -         train_search: [    INFO] - Train: 32 [ 150/390]  Loss: 0.1315 (0.0784)  Acc@1: 96.8750 (97.4027)  Acc@5: 100.0000 (99.9793)LR: 7.891e-03
2024-11-18 02:10:09,170 -         train_search: [    INFO] - Train: 32 [ 200/390]  Loss: 0.2884 (0.0814)  Acc@1: 92.1875 (97.2481)  Acc@5: 100.0000 (99.9845)LR: 7.891e-03
2024-11-18 02:10:36,567 -         train_search: [    INFO] - Train: 32 [ 250/390]  Loss: 0.1282 (0.0825)  Acc@1: 95.3125 (97.2112)  Acc@5: 100.0000 (99.9875)LR: 7.891e-03
2024-11-18 02:11:03,277 -         train_search: [    INFO] - Train: 32 [ 300/390]  Loss: 0.1117 (0.0811)  Acc@1: 95.3125 (97.2539)  Acc@5: 100.0000 (99.9896)LR: 7.891e-03
2024-11-18 02:11:29,749 -         train_search: [    INFO] - Train: 32 [ 350/390]  Loss: 0.01058 (0.0814)  Acc@1: 100.0000 (97.2400)  Acc@5: 100.0000 (99.9911)LR: 7.891e-03
2024-11-18 02:11:50,869 -         train_search: [    INFO] - Train: 32 [ 390/390]  Loss: 0.1371 (0.0824)  Acc@1: 92.5000 (97.1840)  Acc@5: 100.0000 (99.9920)LR: 7.891e-03
2024-11-18 02:11:50,969 -         train_search: [    INFO] - train_acc 97.184000
2024-11-18 02:11:51,353 -         train_search: [    INFO] - Valid: 32 [   0/390]  Loss: 0.5559 (0.556)  Acc@1: 84.3750 (84.3750)  Acc@5: 100.0000 (100.0000)
2024-11-18 02:11:56,109 -         train_search: [    INFO] - Valid: 32 [  50/390]  Loss: 0.4894 (0.570)  Acc@1: 85.9375 (85.7843)  Acc@5: 98.4375 (99.3566)
2024-11-18 02:12:00,769 -         train_search: [    INFO] - Valid: 32 [ 100/390]  Loss: 0.7029 (0.557)  Acc@1: 81.2500 (85.7519)  Acc@5: 100.0000 (99.2110)
2024-11-18 02:12:05,495 -         train_search: [    INFO] - Valid: 32 [ 150/390]  Loss: 0.7087 (0.551)  Acc@1: 89.0625 (85.7202)  Acc@5: 98.4375 (99.3274)
2024-11-18 02:12:10,330 -         train_search: [    INFO] - Valid: 32 [ 200/390]  Loss: 0.2806 (0.548)  Acc@1: 90.6250 (85.9608)  Acc@5: 98.4375 (99.2460)
2024-11-18 02:12:15,109 -         train_search: [    INFO] - Valid: 32 [ 250/390]  Loss: 0.3865 (0.537)  Acc@1: 93.7500 (86.2052)  Acc@5: 100.0000 (99.3215)
2024-11-18 02:12:19,711 -         train_search: [    INFO] - Valid: 32 [ 300/390]  Loss: 0.5594 (0.541)  Acc@1: 85.9375 (86.1555)  Acc@5: 100.0000 (99.2940)
2024-11-18 02:12:24,386 -         train_search: [    INFO] - Valid: 32 [ 350/390]  Loss: 0.4404 (0.540)  Acc@1: 89.0625 (86.3292)  Acc@5: 98.4375 (99.2967)
2024-11-18 02:12:28,187 -         train_search: [    INFO] - Valid: 32 [ 390/390]  Loss: 0.7696 (0.543)  Acc@1: 82.5000 (86.3680)  Acc@5: 97.5000 (99.3000)
2024-11-18 02:12:28,228 -         train_search: [    INFO] - valid_acc 86.368000
2024-11-18 02:12:28,229 -         train_search: [    INFO] - epoch = 32   
 genotype = Genotype(normal=[('sep_conv_3x3', 1), ('sep_conv_3x3', 0), ('sep_conv_3x3', 0), ('sep_conv_5x5', 2), ('dil_conv_3x3', 3), ('sep_conv_3x3', 0), ('dil_conv_3x3', 1), ('sep_conv_3x3', 0)], normal_concat=range(2, 6), reduce=[('dil_conv_3x3', 0), ('sep_conv_3x3', 1), ('dil_conv_3x3', 1), ('sep_conv_5x5', 0), ('dil_conv_3x3', 2), ('sep_conv_3x3', 0), ('dil_conv_5x5', 3), ('dil_conv_3x3', 0)], reduce_concat=range(2, 6))
2024-11-18 02:12:28,232 -         train_search: [    INFO] - alphas_normal = 
 tensor([[0.3907, 0.2798, 0.1761, 0.1534],
        [0.4407, 0.1916, 0.2135, 0.1543],
        [0.3665, 0.2643, 0.1893, 0.1799],
        [0.2766, 0.2181, 0.2807, 0.2247],
        [0.2769, 0.2915, 0.2290, 0.2026],
        [0.2929, 0.2102, 0.2416, 0.2553],
        [0.2633, 0.1979, 0.2840, 0.2547],
        [0.2140, 0.2406, 0.2809, 0.2645],
        [0.2324, 0.2226, 0.3047, 0.2402],
        [0.3051, 0.2276, 0.2737, 0.1936],
        [0.2328, 0.1815, 0.3101, 0.2756],
        [0.2181, 0.2825, 0.2521, 0.2473],
        [0.1989, 0.2636, 0.2929, 0.2446],
        [0.2542, 0.2519, 0.2444, 0.2496]], device='cuda:0',
       grad_fn=<SoftmaxBackward0>)
2024-11-18 02:12:28,233 -         train_search: [    INFO] -  alphas_reduct = 
 tensor([[0.2872, 0.2156, 0.2921, 0.2051],
        [0.2710, 0.2267, 0.2360, 0.2663],
        [0.1834, 0.2828, 0.2784, 0.2555],
        [0.2444, 0.1660, 0.3198, 0.2698],
        [0.2306, 0.2468, 0.2662, 0.2565],
        [0.2991, 0.2305, 0.2672, 0.2032],
        [0.2506, 0.1835, 0.2771, 0.2889],
        [0.2122, 0.2466, 0.3285, 0.2126],
        [0.2325, 0.2391, 0.2670, 0.2615],
        [0.2510, 0.1719, 0.3139, 0.2632],
        [0.2410, 0.2501, 0.2650, 0.2439],
        [0.2816, 0.2352, 0.2503, 0.2329],
        [0.2249, 0.2054, 0.2501, 0.3195],
        [0.2681, 0.2257, 0.2328, 0.2734]], device='cuda:0',
       grad_fn=<SoftmaxBackward0>)
2024-11-18 02:12:29,433 -         train_search: [    INFO] - Train: 33 [   0/390]  Loss: 0.02577 (0.0258)  Acc@1: 100.0000 (100.0000)  Acc@5: 100.0000 (100.0000)LR: 7.219e-03
2024-11-18 02:12:57,789 -         train_search: [    INFO] - Train: 33 [  50/390]  Loss: 0.1277 (0.0748)  Acc@1: 95.3125 (97.6103)  Acc@5: 100.0000 (99.9387)LR: 7.219e-03
2024-11-18 02:13:25,172 -         train_search: [    INFO] - Train: 33 [ 100/390]  Loss: 0.01014 (0.0739)  Acc@1: 100.0000 (97.5557)  Acc@5: 100.0000 (99.9691)LR: 7.219e-03
2024-11-18 02:13:52,456 -         train_search: [    INFO] - Train: 33 [ 150/390]  Loss: 0.03298 (0.0693)  Acc@1: 100.0000 (97.7235)  Acc@5: 100.0000 (99.9690)LR: 7.219e-03
2024-11-18 02:14:19,199 -         train_search: [    INFO] - Train: 33 [ 200/390]  Loss: 0.01186 (0.0675)  Acc@1: 100.0000 (97.7845)  Acc@5: 100.0000 (99.9767)LR: 7.219e-03
2024-11-18 02:14:45,380 -         train_search: [    INFO] - Train: 33 [ 250/390]  Loss: 0.06450 (0.0662)  Acc@1: 96.8750 (97.7963)  Acc@5: 100.0000 (99.9813)LR: 7.219e-03
2024-11-18 02:15:12,713 -         train_search: [    INFO] - Train: 33 [ 300/390]  Loss: 0.2553 (0.0664)  Acc@1: 90.6250 (97.8042)  Acc@5: 100.0000 (99.9792)LR: 7.219e-03
2024-11-18 02:15:39,028 -         train_search: [    INFO] - Train: 33 [ 350/390]  Loss: 0.008843 (0.0676)  Acc@1: 100.0000 (97.7252)  Acc@5: 100.0000 (99.9777)LR: 7.219e-03
2024-11-18 02:15:59,979 -         train_search: [    INFO] - Train: 33 [ 390/390]  Loss: 0.02291 (0.0703)  Acc@1: 100.0000 (97.6200)  Acc@5: 100.0000 (99.9720)LR: 7.219e-03
2024-11-18 02:16:00,064 -         train_search: [    INFO] - train_acc 97.620000
2024-11-18 02:16:00,661 -         train_search: [    INFO] - Valid: 33 [   0/390]  Loss: 0.4579 (0.458)  Acc@1: 84.3750 (84.3750)  Acc@5: 100.0000 (100.0000)
2024-11-18 02:16:05,787 -         train_search: [    INFO] - Valid: 33 [  50/390]  Loss: 0.6169 (0.565)  Acc@1: 81.2500 (85.0797)  Acc@5: 98.4375 (99.1422)
2024-11-18 02:16:11,009 -         train_search: [    INFO] - Valid: 33 [ 100/390]  Loss: 0.5536 (0.556)  Acc@1: 82.8125 (85.7209)  Acc@5: 100.0000 (99.2574)
2024-11-18 02:16:16,247 -         train_search: [    INFO] - Valid: 33 [ 150/390]  Loss: 0.3306 (0.526)  Acc@1: 89.0625 (86.2997)  Acc@5: 100.0000 (99.3584)
2024-11-18 02:16:21,075 -         train_search: [    INFO] - Valid: 33 [ 200/390]  Loss: 0.6003 (0.530)  Acc@1: 81.2500 (86.2484)  Acc@5: 98.4375 (99.3626)
2024-11-18 02:16:25,862 -         train_search: [    INFO] - Valid: 33 [ 250/390]  Loss: 0.5439 (0.532)  Acc@1: 87.5000 (86.1367)  Acc@5: 100.0000 (99.3526)
2024-11-18 02:16:30,706 -         train_search: [    INFO] - Valid: 33 [ 300/390]  Loss: 0.5505 (0.530)  Acc@1: 87.5000 (86.2438)  Acc@5: 100.0000 (99.3511)
2024-11-18 02:16:36,193 -         train_search: [    INFO] - Valid: 33 [ 350/390]  Loss: 0.5436 (0.532)  Acc@1: 87.5000 (86.1601)  Acc@5: 98.4375 (99.3412)
2024-11-18 02:16:40,028 -         train_search: [    INFO] - Valid: 33 [ 390/390]  Loss: 0.1700 (0.530)  Acc@1: 95.0000 (86.2320)  Acc@5: 100.0000 (99.3520)
2024-11-18 02:16:40,080 -         train_search: [    INFO] - valid_acc 86.232000
2024-11-18 02:16:40,081 -         train_search: [    INFO] - epoch = 33   
 genotype = Genotype(normal=[('sep_conv_3x3', 1), ('sep_conv_3x3', 0), ('sep_conv_3x3', 0), ('sep_conv_5x5', 2), ('dil_conv_3x3', 3), ('sep_conv_3x3', 0), ('dil_conv_3x3', 1), ('sep_conv_3x3', 0)], normal_concat=range(2, 6), reduce=[('dil_conv_3x3', 0), ('sep_conv_3x3', 1), ('dil_conv_3x3', 1), ('sep_conv_5x5', 0), ('dil_conv_3x3', 2), ('sep_conv_3x3', 0), ('dil_conv_5x5', 3), ('dil_conv_3x3', 0)], reduce_concat=range(2, 6))
2024-11-18 02:16:40,084 -         train_search: [    INFO] - alphas_normal = 
 tensor([[0.3965, 0.2808, 0.1729, 0.1498],
        [0.4445, 0.1898, 0.2136, 0.1521],
        [0.3708, 0.2639, 0.1876, 0.1776],
        [0.2793, 0.2170, 0.2779, 0.2258],
        [0.2780, 0.2919, 0.2290, 0.2010],
        [0.2959, 0.2095, 0.2402, 0.2545],
        [0.2625, 0.1932, 0.2890, 0.2553],
        [0.2124, 0.2357, 0.2818, 0.2701],
        [0.2314, 0.2237, 0.3059, 0.2390],
        [0.3081, 0.2272, 0.2752, 0.1895],
        [0.2336, 0.1795, 0.3102, 0.2767],
        [0.2199, 0.2786, 0.2556, 0.2459],
        [0.1963, 0.2627, 0.2961, 0.2449],
        [0.2557, 0.2507, 0.2453, 0.2484]], device='cuda:0',
       grad_fn=<SoftmaxBackward0>)
2024-11-18 02:16:40,087 -         train_search: [    INFO] -  alphas_reduct = 
 tensor([[0.2855, 0.2135, 0.2962, 0.2047],
        [0.2718, 0.2241, 0.2360, 0.2681],
        [0.1826, 0.2836, 0.2790, 0.2548],
        [0.2428, 0.1632, 0.3236, 0.2705],
        [0.2303, 0.2458, 0.2690, 0.2549],
        [0.2986, 0.2285, 0.2719, 0.2010],
        [0.2508, 0.1823, 0.2782, 0.2887],
        [0.2100, 0.2482, 0.3312, 0.2106],
        [0.2338, 0.2375, 0.2671, 0.2617],
        [0.2493, 0.1696, 0.3178, 0.2633],
        [0.2403, 0.2507, 0.2649, 0.2440],
        [0.2852, 0.2340, 0.2497, 0.2311],
        [0.2237, 0.2066, 0.2474, 0.3223],
        [0.2689, 0.2267, 0.2294, 0.2749]], device='cuda:0',
       grad_fn=<SoftmaxBackward0>)
2024-11-18 02:16:41,234 -         train_search: [    INFO] - Train: 34 [   0/390]  Loss: 0.04178 (0.0418)  Acc@1: 98.4375 (98.4375)  Acc@5: 100.0000 (100.0000)LR: 6.570e-03
2024-11-18 02:17:08,794 -         train_search: [    INFO] - Train: 34 [  50/390]  Loss: 0.08102 (0.0601)  Acc@1: 96.8750 (98.0086)  Acc@5: 100.0000 (99.9694)LR: 6.570e-03
2024-11-18 02:17:34,933 -         train_search: [    INFO] - Train: 34 [ 100/390]  Loss: 0.1689 (0.0597)  Acc@1: 95.3125 (97.8651)  Acc@5: 98.4375 (99.9691)LR: 6.570e-03
2024-11-18 02:18:01,639 -         train_search: [    INFO] - Train: 34 [ 150/390]  Loss: 0.05865 (0.0608)  Acc@1: 98.4375 (97.8373)  Acc@5: 100.0000 (99.9793)LR: 6.570e-03
2024-11-18 02:18:28,881 -         train_search: [    INFO] - Train: 34 [ 200/390]  Loss: 0.01582 (0.0577)  Acc@1: 100.0000 (97.9866)  Acc@5: 100.0000 (99.9845)LR: 6.570e-03
2024-11-18 02:18:55,822 -         train_search: [    INFO] - Train: 34 [ 250/390]  Loss: 0.09749 (0.0604)  Acc@1: 98.4375 (97.8959)  Acc@5: 100.0000 (99.9813)LR: 6.570e-03
2024-11-18 02:19:23,361 -         train_search: [    INFO] - Train: 34 [ 300/390]  Loss: 0.04582 (0.0619)  Acc@1: 98.4375 (97.8405)  Acc@5: 100.0000 (99.9844)LR: 6.570e-03
2024-11-18 02:19:50,464 -         train_search: [    INFO] - Train: 34 [ 350/390]  Loss: 0.1252 (0.0633)  Acc@1: 95.3125 (97.7742)  Acc@5: 100.0000 (99.9866)LR: 6.570e-03
2024-11-18 02:20:12,333 -         train_search: [    INFO] - Train: 34 [ 390/390]  Loss: 0.09413 (0.0640)  Acc@1: 95.0000 (97.7240)  Acc@5: 100.0000 (99.9880)LR: 6.570e-03
2024-11-18 02:20:13,714 -         train_search: [    INFO] - train_acc 97.724000
2024-11-18 02:20:14,182 -         train_search: [    INFO] - Valid: 34 [   0/390]  Loss: 0.9497 (0.950)  Acc@1: 79.6875 (79.6875)  Acc@5: 98.4375 (98.4375)
2024-11-18 02:20:19,442 -         train_search: [    INFO] - Valid: 34 [  50/390]  Loss: 0.4083 (0.584)  Acc@1: 92.1875 (86.3971)  Acc@5: 100.0000 (99.4792)
2024-11-18 02:20:24,754 -         train_search: [    INFO] - Valid: 34 [ 100/390]  Loss: 0.5861 (0.572)  Acc@1: 85.9375 (86.2624)  Acc@5: 100.0000 (99.4276)
2024-11-18 02:20:29,944 -         train_search: [    INFO] - Valid: 34 [ 150/390]  Loss: 0.2773 (0.548)  Acc@1: 92.1875 (86.6722)  Acc@5: 100.0000 (99.3481)
2024-11-18 02:20:35,053 -         train_search: [    INFO] - Valid: 34 [ 200/390]  Loss: 0.9750 (0.557)  Acc@1: 81.2500 (86.5827)  Acc@5: 98.4375 (99.3470)
2024-11-18 02:20:39,773 -         train_search: [    INFO] - Valid: 34 [ 250/390]  Loss: 0.8113 (0.551)  Acc@1: 78.1250 (86.4853)  Acc@5: 98.4375 (99.3588)
2024-11-18 02:20:44,617 -         train_search: [    INFO] - Valid: 34 [ 300/390]  Loss: 0.2750 (0.546)  Acc@1: 89.0625 (86.4877)  Acc@5: 100.0000 (99.3252)
2024-11-18 02:20:49,429 -         train_search: [    INFO] - Valid: 34 [ 350/390]  Loss: 0.5234 (0.543)  Acc@1: 89.0625 (86.6319)  Acc@5: 98.4375 (99.3100)
2024-11-18 02:20:53,216 -         train_search: [    INFO] - Valid: 34 [ 390/390]  Loss: 0.1782 (0.537)  Acc@1: 92.5000 (86.7760)  Acc@5: 100.0000 (99.3160)
2024-11-18 02:20:53,259 -         train_search: [    INFO] - valid_acc 86.776000
2024-11-18 02:20:53,261 -         train_search: [    INFO] - epoch = 34   
 genotype = Genotype(normal=[('sep_conv_3x3', 1), ('sep_conv_3x3', 0), ('sep_conv_3x3', 0), ('sep_conv_5x5', 2), ('dil_conv_3x3', 3), ('sep_conv_3x3', 0), ('dil_conv_3x3', 1), ('sep_conv_3x3', 0)], normal_concat=range(2, 6), reduce=[('dil_conv_3x3', 0), ('sep_conv_3x3', 1), ('dil_conv_3x3', 1), ('sep_conv_5x5', 0), ('dil_conv_3x3', 2), ('sep_conv_3x3', 0), ('dil_conv_5x5', 3), ('dil_conv_3x3', 0)], reduce_concat=range(2, 6))
2024-11-18 02:20:53,265 -         train_search: [    INFO] - alphas_normal = 
 tensor([[0.4026, 0.2794, 0.1697, 0.1482],
        [0.4526, 0.1863, 0.2116, 0.1494],
        [0.3751, 0.2642, 0.1854, 0.1753],
        [0.2832, 0.2147, 0.2767, 0.2254],
        [0.2798, 0.2932, 0.2282, 0.1988],
        [0.2996, 0.2081, 0.2387, 0.2536],
        [0.2638, 0.1891, 0.2921, 0.2551],
        [0.2105, 0.2352, 0.2815, 0.2728],
        [0.2294, 0.2232, 0.3103, 0.2371],
        [0.3116, 0.2249, 0.2780, 0.1856],
        [0.2307, 0.1771, 0.3134, 0.2788],
        [0.2196, 0.2807, 0.2551, 0.2446],
        [0.1975, 0.2608, 0.3015, 0.2402],
        [0.2581, 0.2490, 0.2452, 0.2476]], device='cuda:0',
       grad_fn=<SoftmaxBackward0>)
2024-11-18 02:20:53,268 -         train_search: [    INFO] -  alphas_reduct = 
 tensor([[0.2889, 0.2101, 0.2987, 0.2023],
        [0.2723, 0.2220, 0.2365, 0.2691],
        [0.1792, 0.2878, 0.2789, 0.2541],
        [0.2412, 0.1597, 0.3250, 0.2741],
        [0.2296, 0.2471, 0.2690, 0.2543],
        [0.3018, 0.2247, 0.2747, 0.1988],
        [0.2518, 0.1796, 0.2771, 0.2915],
        [0.2071, 0.2475, 0.3355, 0.2100],
        [0.2339, 0.2332, 0.2685, 0.2644],
        [0.2494, 0.1662, 0.3216, 0.2628],
        [0.2403, 0.2512, 0.2660, 0.2424],
        [0.2848, 0.2355, 0.2512, 0.2285],
        [0.2234, 0.2055, 0.2476, 0.3235],
        [0.2685, 0.2272, 0.2266, 0.2777]], device='cuda:0',
       grad_fn=<SoftmaxBackward0>)
2024-11-18 02:20:54,334 -         train_search: [    INFO] - Train: 35 [   0/390]  Loss: 0.08443 (0.0844)  Acc@1: 95.3125 (95.3125)  Acc@5: 100.0000 (100.0000)LR: 5.947e-03
2024-11-18 02:21:22,034 -         train_search: [    INFO] - Train: 35 [  50/390]  Loss: 0.02664 (0.0545)  Acc@1: 100.0000 (98.0699)  Acc@5: 100.0000 (100.0000)LR: 5.947e-03
2024-11-18 02:21:50,452 -         train_search: [    INFO] - Train: 35 [ 100/390]  Loss: 0.02119 (0.0505)  Acc@1: 100.0000 (98.2519)  Acc@5: 100.0000 (100.0000)LR: 5.947e-03
2024-11-18 02:22:18,287 -         train_search: [    INFO] - Train: 35 [ 150/390]  Loss: 0.07123 (0.0488)  Acc@1: 96.8750 (98.2823)  Acc@5: 100.0000 (100.0000)LR: 5.947e-03
2024-11-18 02:22:45,651 -         train_search: [    INFO] - Train: 35 [ 200/390]  Loss: 0.06837 (0.0481)  Acc@1: 98.4375 (98.3520)  Acc@5: 100.0000 (100.0000)LR: 5.947e-03
2024-11-18 02:23:12,980 -         train_search: [    INFO] - Train: 35 [ 250/390]  Loss: 0.03183 (0.0484)  Acc@1: 100.0000 (98.3317)  Acc@5: 100.0000 (100.0000)LR: 5.947e-03
2024-11-18 02:23:39,951 -         train_search: [    INFO] - Train: 35 [ 300/390]  Loss: 0.02736 (0.0512)  Acc@1: 100.0000 (98.2143)  Acc@5: 100.0000 (100.0000)LR: 5.947e-03
2024-11-18 02:24:07,473 -         train_search: [    INFO] - Train: 35 [ 350/390]  Loss: 0.01369 (0.0503)  Acc@1: 100.0000 (98.2505)  Acc@5: 100.0000 (99.9955)LR: 5.947e-03
2024-11-18 02:24:29,250 -         train_search: [    INFO] - Train: 35 [ 390/390]  Loss: 0.06024 (0.0506)  Acc@1: 97.5000 (98.2360)  Acc@5: 100.0000 (99.9960)LR: 5.947e-03
2024-11-18 02:24:29,337 -         train_search: [    INFO] - train_acc 98.236000
2024-11-18 02:24:29,679 -         train_search: [    INFO] - Valid: 35 [   0/390]  Loss: 0.5982 (0.598)  Acc@1: 85.9375 (85.9375)  Acc@5: 98.4375 (98.4375)
2024-11-18 02:24:34,569 -         train_search: [    INFO] - Valid: 35 [  50/390]  Loss: 0.1478 (0.523)  Acc@1: 93.7500 (87.7145)  Acc@5: 100.0000 (99.3566)
2024-11-18 02:24:39,182 -         train_search: [    INFO] - Valid: 35 [ 100/390]  Loss: 0.6200 (0.532)  Acc@1: 84.3750 (87.6392)  Acc@5: 100.0000 (99.3812)
2024-11-18 02:24:44,168 -         train_search: [    INFO] - Valid: 35 [ 150/390]  Loss: 0.2906 (0.556)  Acc@1: 90.6250 (87.2103)  Acc@5: 100.0000 (99.3895)
2024-11-18 02:24:49,106 -         train_search: [    INFO] - Valid: 35 [ 200/390]  Loss: 0.1670 (0.541)  Acc@1: 92.1875 (87.1424)  Acc@5: 100.0000 (99.4170)
2024-11-18 02:24:53,854 -         train_search: [    INFO] - Valid: 35 [ 250/390]  Loss: 0.7259 (0.538)  Acc@1: 84.3750 (87.1638)  Acc@5: 98.4375 (99.3837)
2024-11-18 02:24:58,540 -         train_search: [    INFO] - Valid: 35 [ 300/390]  Loss: 0.3818 (0.534)  Acc@1: 93.7500 (87.2612)  Acc@5: 98.4375 (99.3823)
2024-11-18 02:25:03,262 -         train_search: [    INFO] - Valid: 35 [ 350/390]  Loss: 0.5528 (0.528)  Acc@1: 92.1875 (87.4377)  Acc@5: 98.4375 (99.3590)
2024-11-18 02:25:07,013 -         train_search: [    INFO] - Valid: 35 [ 390/390]  Loss: 0.8228 (0.528)  Acc@1: 82.5000 (87.3800)  Acc@5: 97.5000 (99.3640)
2024-11-18 02:25:07,047 -         train_search: [    INFO] - valid_acc 87.380000
2024-11-18 02:25:07,047 -         train_search: [    INFO] - epoch = 35   
 genotype = Genotype(normal=[('sep_conv_3x3', 1), ('sep_conv_3x3', 0), ('sep_conv_3x3', 0), ('sep_conv_5x5', 2), ('dil_conv_3x3', 3), ('sep_conv_3x3', 0), ('dil_conv_3x3', 1), ('sep_conv_3x3', 0)], normal_concat=range(2, 6), reduce=[('dil_conv_3x3', 0), ('sep_conv_3x3', 1), ('dil_conv_3x3', 1), ('sep_conv_5x5', 0), ('dil_conv_3x3', 2), ('sep_conv_3x3', 0), ('dil_conv_3x3', 0), ('dil_conv_5x5', 3)], reduce_concat=range(2, 6))
2024-11-18 02:25:07,050 -         train_search: [    INFO] - alphas_normal = 
 tensor([[0.4048, 0.2823, 0.1680, 0.1450],
        [0.4569, 0.1847, 0.2111, 0.1473],
        [0.3790, 0.2640, 0.1833, 0.1736],
        [0.2877, 0.2135, 0.2748, 0.2239],
        [0.2800, 0.2931, 0.2291, 0.1978],
        [0.3023, 0.2062, 0.2380, 0.2535],
        [0.2631, 0.1862, 0.2945, 0.2562],
        [0.2091, 0.2324, 0.2823, 0.2762],
        [0.2296, 0.2244, 0.3086, 0.2374],
        [0.3146, 0.2230, 0.2794, 0.1830],
        [0.2275, 0.1749, 0.3170, 0.2806],
        [0.2202, 0.2852, 0.2557, 0.2390],
        [0.1978, 0.2623, 0.3030, 0.2370],
        [0.2572, 0.2485, 0.2477, 0.2466]], device='cuda:0',
       grad_fn=<SoftmaxBackward0>)
2024-11-18 02:25:07,052 -         train_search: [    INFO] -  alphas_reduct = 
 tensor([[0.2938, 0.2072, 0.2984, 0.2006],
        [0.2738, 0.2214, 0.2341, 0.2707],
        [0.1748, 0.2897, 0.2828, 0.2527],
        [0.2393, 0.1581, 0.3261, 0.2765],
        [0.2295, 0.2502, 0.2668, 0.2536],
        [0.3052, 0.2229, 0.2747, 0.1972],
        [0.2489, 0.1777, 0.2782, 0.2951],
        [0.2067, 0.2448, 0.3394, 0.2092],
        [0.2336, 0.2323, 0.2703, 0.2637],
        [0.2506, 0.1635, 0.3265, 0.2593],
        [0.2380, 0.2520, 0.2664, 0.2436],
        [0.2866, 0.2333, 0.2524, 0.2277],
        [0.2224, 0.2051, 0.2478, 0.3246],
        [0.2684, 0.2273, 0.2251, 0.2791]], device='cuda:0',
       grad_fn=<SoftmaxBackward0>)
2024-11-18 02:25:08,249 -         train_search: [    INFO] - Train: 36 [   0/390]  Loss: 0.01571 (0.0157)  Acc@1: 100.0000 (100.0000)  Acc@5: 100.0000 (100.0000)LR: 5.351e-03
2024-11-18 02:25:35,048 -         train_search: [    INFO] - Train: 36 [  50/390]  Loss: 0.1256 (0.0381)  Acc@1: 95.3125 (98.5600)  Acc@5: 100.0000 (100.0000)LR: 5.351e-03
2024-11-18 02:26:01,975 -         train_search: [    INFO] - Train: 36 [ 100/390]  Loss: 0.01891 (0.0396)  Acc@1: 100.0000 (98.5458)  Acc@5: 100.0000 (100.0000)LR: 5.351e-03
2024-11-18 02:26:29,791 -         train_search: [    INFO] - Train: 36 [ 150/390]  Loss: 0.02141 (0.0400)  Acc@1: 100.0000 (98.4892)  Acc@5: 100.0000 (100.0000)LR: 5.351e-03
2024-11-18 02:26:56,902 -         train_search: [    INFO] - Train: 36 [ 200/390]  Loss: 0.1008 (0.0401)  Acc@1: 95.3125 (98.5152)  Acc@5: 100.0000 (100.0000)LR: 5.351e-03
2024-11-18 02:27:23,989 -         train_search: [    INFO] - Train: 36 [ 250/390]  Loss: 0.07619 (0.0409)  Acc@1: 96.8750 (98.5371)  Acc@5: 100.0000 (100.0000)LR: 5.351e-03
2024-11-18 02:27:51,464 -         train_search: [    INFO] - Train: 36 [ 300/390]  Loss: 0.06996 (0.0413)  Acc@1: 98.4375 (98.5206)  Acc@5: 100.0000 (100.0000)LR: 5.351e-03
2024-11-18 02:28:18,596 -         train_search: [    INFO] - Train: 36 [ 350/390]  Loss: 0.04028 (0.0419)  Acc@1: 98.4375 (98.5087)  Acc@5: 100.0000 (100.0000)LR: 5.351e-03
2024-11-18 02:28:40,529 -         train_search: [    INFO] - Train: 36 [ 390/390]  Loss: 0.02484 (0.0427)  Acc@1: 100.0000 (98.4800)  Acc@5: 100.0000 (100.0000)LR: 5.351e-03
2024-11-18 02:28:40,621 -         train_search: [    INFO] - train_acc 98.480000
2024-11-18 02:28:40,992 -         train_search: [    INFO] - Valid: 36 [   0/390]  Loss: 0.7082 (0.708)  Acc@1: 82.8125 (82.8125)  Acc@5: 95.3125 (95.3125)
2024-11-18 02:28:46,246 -         train_search: [    INFO] - Valid: 36 [  50/390]  Loss: 0.5774 (0.566)  Acc@1: 81.2500 (87.1630)  Acc@5: 100.0000 (99.2034)
2024-11-18 02:28:51,437 -         train_search: [    INFO] - Valid: 36 [ 100/390]  Loss: 0.5935 (0.564)  Acc@1: 90.6250 (87.1751)  Acc@5: 100.0000 (99.2265)
2024-11-18 02:28:56,537 -         train_search: [    INFO] - Valid: 36 [ 150/390]  Loss: 0.4182 (0.554)  Acc@1: 89.0625 (87.1171)  Acc@5: 100.0000 (99.3171)
2024-11-18 02:29:01,256 -         train_search: [    INFO] - Valid: 36 [ 200/390]  Loss: 0.5260 (0.558)  Acc@1: 84.3750 (87.1191)  Acc@5: 100.0000 (99.2926)
2024-11-18 02:29:05,844 -         train_search: [    INFO] - Valid: 36 [ 250/390]  Loss: 0.8038 (0.566)  Acc@1: 81.2500 (86.9211)  Acc@5: 100.0000 (99.2592)
2024-11-18 02:29:10,544 -         train_search: [    INFO] - Valid: 36 [ 300/390]  Loss: 0.8782 (0.562)  Acc@1: 82.8125 (87.1107)  Acc@5: 96.8750 (99.2836)
2024-11-18 02:29:15,441 -         train_search: [    INFO] - Valid: 36 [ 350/390]  Loss: 0.6936 (0.565)  Acc@1: 82.8125 (86.9480)  Acc@5: 100.0000 (99.2922)
2024-11-18 02:29:19,212 -         train_search: [    INFO] - Valid: 36 [ 390/390]  Loss: 0.5528 (0.560)  Acc@1: 82.5000 (87.0680)  Acc@5: 100.0000 (99.2960)
2024-11-18 02:29:19,252 -         train_search: [    INFO] - valid_acc 87.068000
2024-11-18 02:29:19,252 -         train_search: [    INFO] - epoch = 36   
 genotype = Genotype(normal=[('sep_conv_3x3', 1), ('sep_conv_3x3', 0), ('sep_conv_3x3', 0), ('sep_conv_5x5', 2), ('dil_conv_3x3', 3), ('sep_conv_3x3', 0), ('dil_conv_3x3', 1), ('sep_conv_3x3', 0)], normal_concat=range(2, 6), reduce=[('dil_conv_3x3', 0), ('sep_conv_3x3', 1), ('dil_conv_3x3', 1), ('sep_conv_5x5', 0), ('dil_conv_3x3', 2), ('sep_conv_3x3', 0), ('dil_conv_3x3', 0), ('dil_conv_5x5', 3)], reduce_concat=range(2, 6))
2024-11-18 02:29:19,255 -         train_search: [    INFO] - alphas_normal = 
 tensor([[0.4098, 0.2821, 0.1663, 0.1417],
        [0.4644, 0.1831, 0.2086, 0.1439],
        [0.3869, 0.2600, 0.1823, 0.1708],
        [0.2933, 0.2092, 0.2747, 0.2228],
        [0.2789, 0.2947, 0.2295, 0.1970],
        [0.3054, 0.2049, 0.2359, 0.2539],
        [0.2619, 0.1840, 0.2982, 0.2560],
        [0.2105, 0.2300, 0.2835, 0.2760],
        [0.2281, 0.2215, 0.3133, 0.2371],
        [0.3179, 0.2211, 0.2812, 0.1799],
        [0.2257, 0.1731, 0.3196, 0.2817],
        [0.2185, 0.2857, 0.2561, 0.2398],
        [0.1946, 0.2634, 0.3055, 0.2365],
        [0.2574, 0.2470, 0.2484, 0.2472]], device='cuda:0',
       grad_fn=<SoftmaxBackward0>)
2024-11-18 02:29:19,257 -         train_search: [    INFO] -  alphas_reduct = 
 tensor([[0.2962, 0.2019, 0.3033, 0.1987],
        [0.2765, 0.2208, 0.2339, 0.2688],
        [0.1711, 0.2911, 0.2838, 0.2541],
        [0.2380, 0.1561, 0.3288, 0.2771],
        [0.2308, 0.2529, 0.2661, 0.2502],
        [0.3072, 0.2212, 0.2766, 0.1950],
        [0.2458, 0.1752, 0.2802, 0.2989],
        [0.2049, 0.2443, 0.3408, 0.2100],
        [0.2310, 0.2318, 0.2708, 0.2663],
        [0.2487, 0.1606, 0.3309, 0.2598],
        [0.2346, 0.2529, 0.2676, 0.2449],
        [0.2908, 0.2331, 0.2520, 0.2242],
        [0.2218, 0.2034, 0.2469, 0.3280],
        [0.2698, 0.2256, 0.2217, 0.2829]], device='cuda:0',
       grad_fn=<SoftmaxBackward0>)
2024-11-18 02:29:20,512 -         train_search: [    INFO] - Train: 37 [   0/390]  Loss: 0.04853 (0.0485)  Acc@1: 98.4375 (98.4375)  Acc@5: 100.0000 (100.0000)LR: 4.785e-03
2024-11-18 02:29:48,487 -         train_search: [    INFO] - Train: 37 [  50/390]  Loss: 0.04140 (0.0288)  Acc@1: 98.4375 (99.0196)  Acc@5: 100.0000 (100.0000)LR: 4.785e-03
2024-11-18 02:30:17,120 -         train_search: [    INFO] - Train: 37 [ 100/390]  Loss: 0.02053 (0.0324)  Acc@1: 100.0000 (98.9325)  Acc@5: 100.0000 (100.0000)LR: 4.785e-03
2024-11-18 02:30:44,418 -         train_search: [    INFO] - Train: 37 [ 150/390]  Loss: 0.08595 (0.0365)  Acc@1: 96.8750 (98.8307)  Acc@5: 100.0000 (100.0000)LR: 4.785e-03
2024-11-18 02:31:12,236 -         train_search: [    INFO] - Train: 37 [ 200/390]  Loss: 0.005072 (0.0376)  Acc@1: 100.0000 (98.7951)  Acc@5: 100.0000 (99.9922)LR: 4.785e-03
2024-11-18 02:31:39,837 -         train_search: [    INFO] - Train: 37 [ 250/390]  Loss: 0.04519 (0.0391)  Acc@1: 96.8750 (98.7363)  Acc@5: 100.0000 (99.9938)LR: 4.785e-03
2024-11-18 02:32:06,335 -         train_search: [    INFO] - Train: 37 [ 300/390]  Loss: 0.01677 (0.0397)  Acc@1: 98.4375 (98.6971)  Acc@5: 100.0000 (99.9948)LR: 4.785e-03
2024-11-18 02:32:33,186 -         train_search: [    INFO] - Train: 37 [ 350/390]  Loss: 0.06965 (0.0390)  Acc@1: 98.4375 (98.7313)  Acc@5: 100.0000 (99.9955)LR: 4.785e-03
2024-11-18 02:32:55,095 -         train_search: [    INFO] - Train: 37 [ 390/390]  Loss: 0.03375 (0.0386)  Acc@1: 97.5000 (98.7440)  Acc@5: 100.0000 (99.9960)LR: 4.785e-03
2024-11-18 02:32:55,200 -         train_search: [    INFO] - train_acc 98.744000
2024-11-18 02:32:55,645 -         train_search: [    INFO] - Valid: 37 [   0/390]  Loss: 0.4749 (0.475)  Acc@1: 87.5000 (87.5000)  Acc@5: 100.0000 (100.0000)
2024-11-18 02:33:00,555 -         train_search: [    INFO] - Valid: 37 [  50/390]  Loss: 0.3909 (0.503)  Acc@1: 90.6250 (88.1740)  Acc@5: 100.0000 (99.3260)
2024-11-18 02:33:05,365 -         train_search: [    INFO] - Valid: 37 [ 100/390]  Loss: 0.4891 (0.534)  Acc@1: 87.5000 (87.5155)  Acc@5: 100.0000 (99.3193)
2024-11-18 02:33:10,053 -         train_search: [    INFO] - Valid: 37 [ 150/390]  Loss: 0.8985 (0.534)  Acc@1: 82.8125 (87.6863)  Acc@5: 100.0000 (99.2446)
2024-11-18 02:33:14,774 -         train_search: [    INFO] - Valid: 37 [ 200/390]  Loss: 0.7559 (0.544)  Acc@1: 82.8125 (87.4611)  Acc@5: 100.0000 (99.3004)
2024-11-18 02:33:19,575 -         train_search: [    INFO] - Valid: 37 [ 250/390]  Loss: 0.6669 (0.544)  Acc@1: 87.5000 (87.3257)  Acc@5: 98.4375 (99.3339)
2024-11-18 02:33:24,620 -         train_search: [    INFO] - Valid: 37 [ 300/390]  Loss: 0.4400 (0.542)  Acc@1: 90.6250 (87.3183)  Acc@5: 100.0000 (99.3148)
2024-11-18 02:33:29,672 -         train_search: [    INFO] - Valid: 37 [ 350/390]  Loss: 0.7178 (0.544)  Acc@1: 82.8125 (87.2329)  Acc@5: 100.0000 (99.3056)
2024-11-18 02:33:33,598 -         train_search: [    INFO] - Valid: 37 [ 390/390]  Loss: 0.5952 (0.546)  Acc@1: 85.0000 (87.2000)  Acc@5: 100.0000 (99.3000)
2024-11-18 02:33:33,640 -         train_search: [    INFO] - valid_acc 87.200000
2024-11-18 02:33:33,641 -         train_search: [    INFO] - epoch = 37   
 genotype = Genotype(normal=[('sep_conv_3x3', 1), ('sep_conv_3x3', 0), ('sep_conv_3x3', 0), ('sep_conv_3x3', 1), ('dil_conv_3x3', 3), ('sep_conv_3x3', 0), ('dil_conv_3x3', 1), ('sep_conv_3x3', 0)], normal_concat=range(2, 6), reduce=[('dil_conv_3x3', 0), ('sep_conv_3x3', 1), ('dil_conv_3x3', 1), ('sep_conv_5x5', 0), ('dil_conv_3x3', 2), ('sep_conv_3x3', 0), ('dil_conv_3x3', 0), ('dil_conv_5x5', 3)], reduce_concat=range(2, 6))
2024-11-18 02:33:33,643 -         train_search: [    INFO] - alphas_normal = 
 tensor([[0.4175, 0.2801, 0.1638, 0.1387],
        [0.4709, 0.1818, 0.2070, 0.1404],
        [0.3872, 0.2626, 0.1816, 0.1686],
        [0.2974, 0.2065, 0.2734, 0.2227],
        [0.2797, 0.2958, 0.2286, 0.1959],
        [0.3097, 0.2037, 0.2348, 0.2518],
        [0.2618, 0.1810, 0.3006, 0.2566],
        [0.2097, 0.2262, 0.2834, 0.2807],
        [0.2280, 0.2181, 0.3168, 0.2371],
        [0.3211, 0.2201, 0.2807, 0.1782],
        [0.2239, 0.1719, 0.3232, 0.2810],
        [0.2163, 0.2844, 0.2597, 0.2396],
        [0.1918, 0.2626, 0.3087, 0.2370],
        [0.2578, 0.2478, 0.2459, 0.2485]], device='cuda:0',
       grad_fn=<SoftmaxBackward0>)
2024-11-18 02:33:33,645 -         train_search: [    INFO] -  alphas_reduct = 
 tensor([[0.3013, 0.1964, 0.3061, 0.1963],
        [0.2759, 0.2208, 0.2345, 0.2688],
        [0.1686, 0.2963, 0.2825, 0.2527],
        [0.2377, 0.1551, 0.3321, 0.2751],
        [0.2294, 0.2512, 0.2694, 0.2499],
        [0.3067, 0.2219, 0.2764, 0.1950],
        [0.2447, 0.1740, 0.2808, 0.3005],
        [0.2029, 0.2415, 0.3455, 0.2101],
        [0.2290, 0.2287, 0.2724, 0.2699],
        [0.2473, 0.1585, 0.3349, 0.2593],
        [0.2325, 0.2545, 0.2705, 0.2425],
        [0.2901, 0.2333, 0.2525, 0.2241],
        [0.2212, 0.2012, 0.2467, 0.3309],
        [0.2709, 0.2246, 0.2206, 0.2838]], device='cuda:0',
       grad_fn=<SoftmaxBackward0>)
2024-11-18 02:33:34,950 -         train_search: [    INFO] - Train: 38 [   0/390]  Loss: 0.01763 (0.0176)  Acc@1: 100.0000 (100.0000)  Acc@5: 100.0000 (100.0000)LR: 4.252e-03
2024-11-18 02:34:02,298 -         train_search: [    INFO] - Train: 38 [  50/390]  Loss: 0.003779 (0.0333)  Acc@1: 100.0000 (98.8664)  Acc@5: 100.0000 (100.0000)LR: 4.252e-03
2024-11-18 02:34:29,181 -         train_search: [    INFO] - Train: 38 [ 100/390]  Loss: 0.04261 (0.0307)  Acc@1: 96.8750 (98.8707)  Acc@5: 100.0000 (100.0000)LR: 4.252e-03
2024-11-18 02:34:56,744 -         train_search: [    INFO] - Train: 38 [ 150/390]  Loss: 0.07408 (0.0312)  Acc@1: 96.8750 (98.8928)  Acc@5: 100.0000 (100.0000)LR: 4.252e-03
2024-11-18 02:35:24,075 -         train_search: [    INFO] - Train: 38 [ 200/390]  Loss: 0.01188 (0.0328)  Acc@1: 100.0000 (98.8029)  Acc@5: 100.0000 (100.0000)LR: 4.252e-03
2024-11-18 02:35:51,099 -         train_search: [    INFO] - Train: 38 [ 250/390]  Loss: 0.04710 (0.0330)  Acc@1: 96.8750 (98.7737)  Acc@5: 100.0000 (100.0000)LR: 4.252e-03
2024-11-18 02:36:18,846 -         train_search: [    INFO] - Train: 38 [ 300/390]  Loss: 0.06593 (0.0320)  Acc@1: 96.8750 (98.8320)  Acc@5: 100.0000 (100.0000)LR: 4.252e-03
2024-11-18 02:36:46,002 -         train_search: [    INFO] - Train: 38 [ 350/390]  Loss: 0.05215 (0.0328)  Acc@1: 96.8750 (98.8203)  Acc@5: 100.0000 (100.0000)LR: 4.252e-03
2024-11-18 02:37:07,851 -         train_search: [    INFO] - Train: 38 [ 390/390]  Loss: 0.006866 (0.0318)  Acc@1: 100.0000 (98.8680)  Acc@5: 100.0000 (100.0000)LR: 4.252e-03
2024-11-18 02:37:07,941 -         train_search: [    INFO] - train_acc 98.868000
2024-11-18 02:37:08,305 -         train_search: [    INFO] - Valid: 38 [   0/390]  Loss: 0.1892 (0.189)  Acc@1: 92.1875 (92.1875)  Acc@5: 100.0000 (100.0000)
2024-11-18 02:37:13,620 -         train_search: [    INFO] - Valid: 38 [  50/390]  Loss: 0.5472 (0.573)  Acc@1: 87.5000 (87.5000)  Acc@5: 100.0000 (99.1422)
2024-11-18 02:37:18,808 -         train_search: [    INFO] - Valid: 38 [ 100/390]  Loss: 0.7230 (0.563)  Acc@1: 76.5625 (87.3453)  Acc@5: 100.0000 (99.3657)
2024-11-18 02:37:23,654 -         train_search: [    INFO] - Valid: 38 [ 150/390]  Loss: 0.4739 (0.551)  Acc@1: 89.0625 (87.3241)  Acc@5: 98.4375 (99.3895)
2024-11-18 02:37:28,274 -         train_search: [    INFO] - Valid: 38 [ 200/390]  Loss: 0.6086 (0.549)  Acc@1: 89.0625 (87.2279)  Acc@5: 100.0000 (99.4014)
2024-11-18 02:37:33,021 -         train_search: [    INFO] - Valid: 38 [ 250/390]  Loss: 0.5608 (0.545)  Acc@1: 85.9375 (87.4315)  Acc@5: 98.4375 (99.4024)
2024-11-18 02:37:37,811 -         train_search: [    INFO] - Valid: 38 [ 300/390]  Loss: 0.7137 (0.555)  Acc@1: 87.5000 (87.3391)  Acc@5: 100.0000 (99.3823)
2024-11-18 02:37:42,424 -         train_search: [    INFO] - Valid: 38 [ 350/390]  Loss: 0.5250 (0.557)  Acc@1: 87.5000 (87.3308)  Acc@5: 100.0000 (99.3768)
2024-11-18 02:37:46,781 -         train_search: [    INFO] - Valid: 38 [ 390/390]  Loss: 0.1925 (0.552)  Acc@1: 92.5000 (87.3560)  Acc@5: 100.0000 (99.3760)
2024-11-18 02:37:46,820 -         train_search: [    INFO] - valid_acc 87.356000
2024-11-18 02:37:46,821 -         train_search: [    INFO] - epoch = 38   
 genotype = Genotype(normal=[('sep_conv_3x3', 1), ('sep_conv_3x3', 0), ('sep_conv_3x3', 0), ('sep_conv_3x3', 1), ('dil_conv_3x3', 3), ('sep_conv_3x3', 0), ('dil_conv_3x3', 1), ('sep_conv_3x3', 0)], normal_concat=range(2, 6), reduce=[('dil_conv_3x3', 0), ('sep_conv_3x3', 1), ('dil_conv_3x3', 1), ('sep_conv_5x5', 0), ('dil_conv_3x3', 2), ('sep_conv_3x3', 0), ('dil_conv_5x5', 3), ('dil_conv_3x3', 0)], reduce_concat=range(2, 6))
2024-11-18 02:37:46,823 -         train_search: [    INFO] - alphas_normal = 
 tensor([[0.4226, 0.2797, 0.1623, 0.1354],
        [0.4744, 0.1802, 0.2083, 0.1371],
        [0.3900, 0.2649, 0.1788, 0.1662],
        [0.2987, 0.2030, 0.2747, 0.2235],
        [0.2794, 0.2964, 0.2267, 0.1975],
        [0.3150, 0.2037, 0.2311, 0.2501],
        [0.2616, 0.1785, 0.3052, 0.2546],
        [0.2063, 0.2220, 0.2852, 0.2865],
        [0.2278, 0.2163, 0.3203, 0.2355],
        [0.3244, 0.2175, 0.2812, 0.1769],
        [0.2203, 0.1715, 0.3256, 0.2826],
        [0.2182, 0.2830, 0.2610, 0.2377],
        [0.1890, 0.2591, 0.3132, 0.2387],
        [0.2561, 0.2477, 0.2465, 0.2497]], device='cuda:0',
       grad_fn=<SoftmaxBackward0>)
2024-11-18 02:37:46,825 -         train_search: [    INFO] -  alphas_reduct = 
 tensor([[0.3056, 0.1920, 0.3090, 0.1933],
        [0.2774, 0.2190, 0.2335, 0.2701],
        [0.1650, 0.2981, 0.2816, 0.2554],
        [0.2365, 0.1548, 0.3331, 0.2756],
        [0.2285, 0.2524, 0.2718, 0.2473],
        [0.3079, 0.2210, 0.2784, 0.1926],
        [0.2443, 0.1715, 0.2798, 0.3044],
        [0.1990, 0.2385, 0.3529, 0.2097],
        [0.2252, 0.2306, 0.2724, 0.2718],
        [0.2441, 0.1561, 0.3369, 0.2629],
        [0.2294, 0.2576, 0.2695, 0.2435],
        [0.2901, 0.2323, 0.2534, 0.2243],
        [0.2219, 0.1966, 0.2444, 0.3371],
        [0.2725, 0.2237, 0.2206, 0.2831]], device='cuda:0',
       grad_fn=<SoftmaxBackward0>)
2024-11-18 02:37:48,045 -         train_search: [    INFO] - Train: 39 [   0/390]  Loss: 0.01098 (0.0110)  Acc@1: 100.0000 (100.0000)  Acc@5: 100.0000 (100.0000)LR: 3.754e-03
2024-11-18 02:38:15,237 -         train_search: [    INFO] - Train: 39 [  50/390]  Loss: 0.04358 (0.0226)  Acc@1: 98.4375 (99.3260)  Acc@5: 100.0000 (100.0000)LR: 3.754e-03
2024-11-18 02:38:42,112 -         train_search: [    INFO] - Train: 39 [ 100/390]  Loss: 0.07321 (0.0238)  Acc@1: 95.3125 (99.2574)  Acc@5: 100.0000 (100.0000)LR: 3.754e-03
2024-11-18 02:39:09,483 -         train_search: [    INFO] - Train: 39 [ 150/390]  Loss: 0.003402 (0.0232)  Acc@1: 100.0000 (99.2964)  Acc@5: 100.0000 (100.0000)LR: 3.754e-03
2024-11-18 02:39:36,576 -         train_search: [    INFO] - Train: 39 [ 200/390]  Loss: 0.01230 (0.0247)  Acc@1: 100.0000 (99.2382)  Acc@5: 100.0000 (100.0000)LR: 3.754e-03
2024-11-18 02:40:03,898 -         train_search: [    INFO] - Train: 39 [ 250/390]  Loss: 0.02536 (0.0236)  Acc@1: 98.4375 (99.2841)  Acc@5: 100.0000 (100.0000)LR: 3.754e-03
2024-11-18 02:40:31,092 -         train_search: [    INFO] - Train: 39 [ 300/390]  Loss: 0.007918 (0.0239)  Acc@1: 100.0000 (99.2784)  Acc@5: 100.0000 (100.0000)LR: 3.754e-03
2024-11-18 02:40:58,102 -         train_search: [    INFO] - Train: 39 [ 350/390]  Loss: 0.006429 (0.0237)  Acc@1: 100.0000 (99.2655)  Acc@5: 100.0000 (100.0000)LR: 3.754e-03
2024-11-18 02:41:19,855 -         train_search: [    INFO] - Train: 39 [ 390/390]  Loss: 0.01739 (0.0240)  Acc@1: 100.0000 (99.2440)  Acc@5: 100.0000 (100.0000)LR: 3.754e-03
2024-11-18 02:41:19,953 -         train_search: [    INFO] - train_acc 99.244000
2024-11-18 02:41:20,377 -         train_search: [    INFO] - Valid: 39 [   0/390]  Loss: 0.6597 (0.660)  Acc@1: 89.0625 (89.0625)  Acc@5: 96.8750 (96.8750)
2024-11-18 02:41:25,190 -         train_search: [    INFO] - Valid: 39 [  50/390]  Loss: 0.4617 (0.524)  Acc@1: 89.0625 (88.4804)  Acc@5: 100.0000 (99.3260)
2024-11-18 02:41:29,942 -         train_search: [    INFO] - Valid: 39 [ 100/390]  Loss: 0.3151 (0.522)  Acc@1: 93.7500 (88.2580)  Acc@5: 100.0000 (99.5204)
2024-11-18 02:41:34,602 -         train_search: [    INFO] - Valid: 39 [ 150/390]  Loss: 0.7641 (0.531)  Acc@1: 85.9375 (88.0070)  Acc@5: 98.4375 (99.4516)
2024-11-18 02:41:39,274 -         train_search: [    INFO] - Valid: 39 [ 200/390]  Loss: 0.4348 (0.547)  Acc@1: 87.5000 (87.8498)  Acc@5: 100.0000 (99.4481)
2024-11-18 02:41:44,082 -         train_search: [    INFO] - Valid: 39 [ 250/390]  Loss: 0.4916 (0.548)  Acc@1: 89.0625 (87.8299)  Acc@5: 100.0000 (99.4709)
2024-11-18 02:41:48,792 -         train_search: [    INFO] - Valid: 39 [ 300/390]  Loss: 0.4499 (0.555)  Acc@1: 87.5000 (87.7647)  Acc@5: 98.4375 (99.3823)
2024-11-18 02:41:53,588 -         train_search: [    INFO] - Valid: 39 [ 350/390]  Loss: 0.5311 (0.562)  Acc@1: 89.0625 (87.7092)  Acc@5: 98.4375 (99.4035)
2024-11-18 02:41:57,393 -         train_search: [    INFO] - Valid: 39 [ 390/390]  Loss: 0.6624 (0.562)  Acc@1: 85.0000 (87.6840)  Acc@5: 100.0000 (99.3840)
2024-11-18 02:41:57,437 -         train_search: [    INFO] - valid_acc 87.684000
2024-11-18 02:41:57,438 -         train_search: [    INFO] - epoch = 39   
 genotype = Genotype(normal=[('sep_conv_3x3', 1), ('sep_conv_3x3', 0), ('sep_conv_3x3', 0), ('sep_conv_3x3', 1), ('dil_conv_3x3', 3), ('sep_conv_3x3', 0), ('sep_conv_3x3', 0), ('dil_conv_3x3', 1)], normal_concat=range(2, 6), reduce=[('dil_conv_3x3', 0), ('sep_conv_3x3', 1), ('dil_conv_3x3', 1), ('sep_conv_5x5', 0), ('dil_conv_3x3', 2), ('sep_conv_3x3', 0), ('dil_conv_3x3', 0), ('dil_conv_5x5', 3)], reduce_concat=range(2, 6))
2024-11-18 02:41:57,440 -         train_search: [    INFO] - alphas_normal = 
 tensor([[0.4287, 0.2798, 0.1594, 0.1322],
        [0.4773, 0.1794, 0.2083, 0.1350],
        [0.3891, 0.2678, 0.1789, 0.1642],
        [0.3011, 0.2009, 0.2763, 0.2217],
        [0.2802, 0.2951, 0.2272, 0.1976],
        [0.3221, 0.2010, 0.2308, 0.2461],
        [0.2612, 0.1757, 0.3068, 0.2562],
        [0.2059, 0.2180, 0.2839, 0.2923],
        [0.2282, 0.2127, 0.3230, 0.2361],
        [0.3290, 0.2163, 0.2807, 0.1740],
        [0.2198, 0.1702, 0.3273, 0.2828],
        [0.2159, 0.2849, 0.2622, 0.2370],
        [0.1873, 0.2587, 0.3157, 0.2384],
        [0.2570, 0.2468, 0.2461, 0.2502]], device='cuda:0',
       grad_fn=<SoftmaxBackward0>)
2024-11-18 02:41:57,442 -         train_search: [    INFO] -  alphas_reduct = 
 tensor([[0.3070, 0.1888, 0.3140, 0.1901],
        [0.2805, 0.2162, 0.2332, 0.2700],
        [0.1648, 0.2999, 0.2801, 0.2552],
        [0.2358, 0.1534, 0.3337, 0.2772],
        [0.2278, 0.2511, 0.2727, 0.2483],
        [0.3091, 0.2198, 0.2799, 0.1911],
        [0.2423, 0.1694, 0.2812, 0.3071],
        [0.1971, 0.2391, 0.3570, 0.2069],
        [0.2260, 0.2279, 0.2727, 0.2734],
        [0.2439, 0.1521, 0.3398, 0.2641],
        [0.2296, 0.2582, 0.2694, 0.2428],
        [0.2954, 0.2309, 0.2516, 0.2222],
        [0.2226, 0.1963, 0.2432, 0.3380],
        [0.2711, 0.2243, 0.2205, 0.2841]], device='cuda:0',
       grad_fn=<SoftmaxBackward0>)
2024-11-18 02:41:58,563 -         train_search: [    INFO] - Train: 40 [   0/390]  Loss: 0.01187 (0.0119)  Acc@1: 100.0000 (100.0000)  Acc@5: 100.0000 (100.0000)LR: 3.292e-03
2024-11-18 02:42:25,917 -         train_search: [    INFO] - Train: 40 [  50/390]  Loss: 0.04407 (0.0194)  Acc@1: 98.4375 (99.5098)  Acc@5: 100.0000 (100.0000)LR: 3.292e-03
2024-11-18 02:42:53,859 -         train_search: [    INFO] - Train: 40 [ 100/390]  Loss: 0.005457 (0.0201)  Acc@1: 100.0000 (99.4585)  Acc@5: 100.0000 (100.0000)LR: 3.292e-03
2024-11-18 02:43:21,811 -         train_search: [    INFO] - Train: 40 [ 150/390]  Loss: 0.01777 (0.0199)  Acc@1: 100.0000 (99.4619)  Acc@5: 100.0000 (100.0000)LR: 3.292e-03
2024-11-18 02:43:48,676 -         train_search: [    INFO] - Train: 40 [ 200/390]  Loss: 0.009957 (0.0189)  Acc@1: 100.0000 (99.4792)  Acc@5: 100.0000 (100.0000)LR: 3.292e-03
2024-11-18 02:44:15,996 -         train_search: [    INFO] - Train: 40 [ 250/390]  Loss: 0.005357 (0.0199)  Acc@1: 100.0000 (99.4148)  Acc@5: 100.0000 (100.0000)LR: 3.292e-03
2024-11-18 02:44:43,170 -         train_search: [    INFO] - Train: 40 [ 300/390]  Loss: 0.01457 (0.0212)  Acc@1: 100.0000 (99.3615)  Acc@5: 100.0000 (100.0000)LR: 3.292e-03
2024-11-18 02:45:11,124 -         train_search: [    INFO] - Train: 40 [ 350/390]  Loss: 0.002636 (0.0210)  Acc@1: 100.0000 (99.3679)  Acc@5: 100.0000 (100.0000)LR: 3.292e-03
2024-11-18 02:45:32,605 -         train_search: [    INFO] - Train: 40 [ 390/390]  Loss: 0.03187 (0.0208)  Acc@1: 97.5000 (99.3800)  Acc@5: 100.0000 (100.0000)LR: 3.292e-03
2024-11-18 02:45:32,716 -         train_search: [    INFO] - train_acc 99.380000
2024-11-18 02:45:33,071 -         train_search: [    INFO] - Valid: 40 [   0/390]  Loss: 0.2936 (0.294)  Acc@1: 92.1875 (92.1875)  Acc@5: 98.4375 (98.4375)
2024-11-18 02:45:37,623 -         train_search: [    INFO] - Valid: 40 [  50/390]  Loss: 0.6123 (0.535)  Acc@1: 82.8125 (87.3468)  Acc@5: 98.4375 (99.3566)
2024-11-18 02:45:42,592 -         train_search: [    INFO] - Valid: 40 [ 100/390]  Loss: 0.3181 (0.538)  Acc@1: 95.3125 (87.5464)  Acc@5: 100.0000 (99.3967)
2024-11-18 02:45:47,271 -         train_search: [    INFO] - Valid: 40 [ 150/390]  Loss: 0.4582 (0.547)  Acc@1: 89.0625 (87.5517)  Acc@5: 98.4375 (99.3998)
2024-11-18 02:45:52,170 -         train_search: [    INFO] - Valid: 40 [ 200/390]  Loss: 0.5999 (0.548)  Acc@1: 84.3750 (87.6632)  Acc@5: 96.8750 (99.3548)
2024-11-18 02:45:56,845 -         train_search: [    INFO] - Valid: 40 [ 250/390]  Loss: 0.5378 (0.549)  Acc@1: 84.3750 (87.7428)  Acc@5: 100.0000 (99.3152)
2024-11-18 02:46:01,657 -         train_search: [    INFO] - Valid: 40 [ 300/390]  Loss: 0.5284 (0.549)  Acc@1: 87.5000 (87.7284)  Acc@5: 100.0000 (99.3615)
2024-11-18 02:46:06,358 -         train_search: [    INFO] - Valid: 40 [ 350/390]  Loss: 0.4579 (0.551)  Acc@1: 89.0625 (87.6736)  Acc@5: 100.0000 (99.3634)
2024-11-18 02:46:10,052 -         train_search: [    INFO] - Valid: 40 [ 390/390]  Loss: 0.2884 (0.548)  Acc@1: 90.0000 (87.7280)  Acc@5: 100.0000 (99.3720)
2024-11-18 02:46:10,092 -         train_search: [    INFO] - valid_acc 87.728000
2024-11-18 02:46:10,093 -         train_search: [    INFO] - epoch = 40   
 genotype = Genotype(normal=[('sep_conv_3x3', 1), ('sep_conv_3x3', 0), ('sep_conv_3x3', 0), ('sep_conv_3x3', 1), ('dil_conv_3x3', 3), ('sep_conv_3x3', 0), ('sep_conv_3x3', 0), ('dil_conv_3x3', 1)], normal_concat=range(2, 6), reduce=[('dil_conv_3x3', 0), ('sep_conv_3x3', 1), ('dil_conv_3x3', 1), ('sep_conv_5x5', 0), ('dil_conv_3x3', 2), ('dil_conv_5x5', 1), ('dil_conv_3x3', 0), ('dil_conv_5x5', 3)], reduce_concat=range(2, 6))
2024-11-18 02:46:10,098 -         train_search: [    INFO] - alphas_normal = 
 tensor([[0.4327, 0.2799, 0.1574, 0.1299],
        [0.4834, 0.1776, 0.2066, 0.1324],
        [0.3936, 0.2676, 0.1760, 0.1628],
        [0.3058, 0.1964, 0.2757, 0.2221],
        [0.2830, 0.2976, 0.2245, 0.1949],
        [0.3246, 0.1998, 0.2285, 0.2470],
        [0.2586, 0.1725, 0.3141, 0.2547],
        [0.2067, 0.2129, 0.2834, 0.2970],
        [0.2293, 0.2096, 0.3258, 0.2354],
        [0.3326, 0.2132, 0.2825, 0.1717],
        [0.2193, 0.1685, 0.3283, 0.2839],
        [0.2158, 0.2851, 0.2640, 0.2351],
        [0.1858, 0.2583, 0.3174, 0.2386],
        [0.2556, 0.2450, 0.2461, 0.2533]], device='cuda:0',
       grad_fn=<SoftmaxBackward0>)
2024-11-18 02:46:10,102 -         train_search: [    INFO] -  alphas_reduct = 
 tensor([[0.3054, 0.1861, 0.3193, 0.1893],
        [0.2789, 0.2144, 0.2338, 0.2728],
        [0.1627, 0.3034, 0.2802, 0.2537],
        [0.2335, 0.1542, 0.3343, 0.2781],
        [0.2276, 0.2504, 0.2758, 0.2462],
        [0.3088, 0.2173, 0.2854, 0.1884],
        [0.2407, 0.1684, 0.2792, 0.3117],
        [0.1944, 0.2382, 0.3609, 0.2066],
        [0.2238, 0.2283, 0.2752, 0.2726],
        [0.2408, 0.1503, 0.3441, 0.2648],
        [0.2273, 0.2603, 0.2682, 0.2441],
        [0.2941, 0.2315, 0.2531, 0.2213],
        [0.2206, 0.1927, 0.2453, 0.3414],
        [0.2715, 0.2245, 0.2194, 0.2846]], device='cuda:0',
       grad_fn=<SoftmaxBackward0>)
2024-11-18 02:46:11,331 -         train_search: [    INFO] - Train: 41 [   0/390]  Loss: 0.06342 (0.0634)  Acc@1: 98.4375 (98.4375)  Acc@5: 100.0000 (100.0000)LR: 2.868e-03
2024-11-18 02:46:39,462 -         train_search: [    INFO] - Train: 41 [  50/390]  Loss: 0.03384 (0.0165)  Acc@1: 98.4375 (99.4485)  Acc@5: 100.0000 (100.0000)LR: 2.868e-03
2024-11-18 02:47:06,248 -         train_search: [    INFO] - Train: 41 [ 100/390]  Loss: 0.01460 (0.0168)  Acc@1: 100.0000 (99.4431)  Acc@5: 100.0000 (100.0000)LR: 2.868e-03
2024-11-18 02:47:33,696 -         train_search: [    INFO] - Train: 41 [ 150/390]  Loss: 0.004093 (0.0172)  Acc@1: 100.0000 (99.4412)  Acc@5: 100.0000 (100.0000)LR: 2.868e-03
2024-11-18 02:48:00,738 -         train_search: [    INFO] - Train: 41 [ 200/390]  Loss: 0.004023 (0.0178)  Acc@1: 100.0000 (99.4325)  Acc@5: 100.0000 (100.0000)LR: 2.868e-03
2024-11-18 02:48:27,891 -         train_search: [    INFO] - Train: 41 [ 250/390]  Loss: 0.006466 (0.0178)  Acc@1: 100.0000 (99.4211)  Acc@5: 100.0000 (100.0000)LR: 2.868e-03
2024-11-18 02:48:55,046 -         train_search: [    INFO] - Train: 41 [ 300/390]  Loss: 0.004215 (0.0177)  Acc@1: 100.0000 (99.4394)  Acc@5: 100.0000 (100.0000)LR: 2.868e-03
2024-11-18 02:49:22,500 -         train_search: [    INFO] - Train: 41 [ 350/390]  Loss: 0.01187 (0.0181)  Acc@1: 100.0000 (99.4257)  Acc@5: 100.0000 (100.0000)LR: 2.868e-03
2024-11-18 02:49:44,480 -         train_search: [    INFO] - Train: 41 [ 390/390]  Loss: 0.01780 (0.0182)  Acc@1: 100.0000 (99.4160)  Acc@5: 100.0000 (100.0000)LR: 2.868e-03
2024-11-18 02:49:44,590 -         train_search: [    INFO] - train_acc 99.416000
2024-11-18 02:49:44,987 -         train_search: [    INFO] - Valid: 41 [   0/390]  Loss: 0.3169 (0.317)  Acc@1: 92.1875 (92.1875)  Acc@5: 100.0000 (100.0000)
2024-11-18 02:49:50,256 -         train_search: [    INFO] - Valid: 41 [  50/390]  Loss: 0.8017 (0.604)  Acc@1: 85.9375 (87.6532)  Acc@5: 100.0000 (99.3260)
2024-11-18 02:49:56,161 -         train_search: [    INFO] - Valid: 41 [ 100/390]  Loss: 1.504 (0.597)  Acc@1: 82.8125 (87.8713)  Acc@5: 98.4375 (99.3967)
2024-11-18 02:50:01,289 -         train_search: [    INFO] - Valid: 41 [ 150/390]  Loss: 0.5986 (0.608)  Acc@1: 87.5000 (87.5414)  Acc@5: 98.4375 (99.4619)
2024-11-18 02:50:06,472 -         train_search: [    INFO] - Valid: 41 [ 200/390]  Loss: 0.6964 (0.600)  Acc@1: 85.9375 (87.6477)  Acc@5: 96.8750 (99.4092)
2024-11-18 02:50:11,706 -         train_search: [    INFO] - Valid: 41 [ 250/390]  Loss: 0.5843 (0.589)  Acc@1: 87.5000 (87.7428)  Acc@5: 100.0000 (99.4211)
2024-11-18 02:50:17,084 -         train_search: [    INFO] - Valid: 41 [ 300/390]  Loss: 0.5676 (0.589)  Acc@1: 82.8125 (87.5831)  Acc@5: 100.0000 (99.4342)
2024-11-18 02:50:22,313 -         train_search: [    INFO] - Valid: 41 [ 350/390]  Loss: 0.6157 (0.585)  Acc@1: 92.1875 (87.6469)  Acc@5: 98.4375 (99.4213)
2024-11-18 02:50:26,317 -         train_search: [    INFO] - Valid: 41 [ 390/390]  Loss: 0.6513 (0.581)  Acc@1: 82.5000 (87.6600)  Acc@5: 100.0000 (99.4160)
2024-11-18 02:50:26,360 -         train_search: [    INFO] - valid_acc 87.660000
2024-11-18 02:50:26,362 -         train_search: [    INFO] - epoch = 41   
 genotype = Genotype(normal=[('sep_conv_3x3', 1), ('sep_conv_3x3', 0), ('sep_conv_3x3', 0), ('sep_conv_3x3', 1), ('dil_conv_3x3', 3), ('sep_conv_3x3', 0), ('sep_conv_3x3', 0), ('dil_conv_3x3', 1)], normal_concat=range(2, 6), reduce=[('dil_conv_3x3', 0), ('sep_conv_3x3', 1), ('dil_conv_3x3', 1), ('sep_conv_5x5', 0), ('dil_conv_3x3', 2), ('dil_conv_5x5', 1), ('dil_conv_3x3', 0), ('dil_conv_5x5', 3)], reduce_concat=range(2, 6))
2024-11-18 02:50:26,370 -         train_search: [    INFO] - alphas_normal = 
 tensor([[0.4338, 0.2804, 0.1581, 0.1277],
        [0.4849, 0.1767, 0.2074, 0.1311],
        [0.3959, 0.2681, 0.1753, 0.1607],
        [0.3090, 0.1938, 0.2767, 0.2206],
        [0.2831, 0.3003, 0.2240, 0.1927],
        [0.3265, 0.1995, 0.2284, 0.2456],
        [0.2570, 0.1679, 0.3189, 0.2561],
        [0.2059, 0.2104, 0.2828, 0.3009],
        [0.2279, 0.2083, 0.3288, 0.2350],
        [0.3353, 0.2110, 0.2849, 0.1689],
        [0.2188, 0.1656, 0.3300, 0.2856],
        [0.2134, 0.2832, 0.2668, 0.2366],
        [0.1843, 0.2580, 0.3191, 0.2387],
        [0.2540, 0.2448, 0.2489, 0.2524]], device='cuda:0',
       grad_fn=<SoftmaxBackward0>)
2024-11-18 02:50:26,374 -         train_search: [    INFO] -  alphas_reduct = 
 tensor([[0.3061, 0.1836, 0.3218, 0.1885],
        [0.2770, 0.2145, 0.2348, 0.2737],
        [0.1602, 0.3087, 0.2800, 0.2510],
        [0.2316, 0.1539, 0.3370, 0.2775],
        [0.2295, 0.2516, 0.2750, 0.2438],
        [0.3076, 0.2159, 0.2886, 0.1878],
        [0.2423, 0.1650, 0.2776, 0.3152],
        [0.1933, 0.2365, 0.3665, 0.2036],
        [0.2216, 0.2281, 0.2769, 0.2734],
        [0.2361, 0.1487, 0.3495, 0.2657],
        [0.2259, 0.2600, 0.2711, 0.2430],
        [0.2984, 0.2300, 0.2524, 0.2192],
        [0.2205, 0.1912, 0.2437, 0.3446],
        [0.2721, 0.2245, 0.2176, 0.2858]], device='cuda:0',
       grad_fn=<SoftmaxBackward0>)
2024-11-18 02:50:27,636 -         train_search: [    INFO] - Train: 42 [   0/390]  Loss: 0.006956 (0.00696)  Acc@1: 100.0000 (100.0000)  Acc@5: 100.0000 (100.0000)LR: 2.484e-03
2024-11-18 02:50:55,659 -         train_search: [    INFO] - Train: 42 [  50/390]  Loss: 0.01665 (0.0126)  Acc@1: 100.0000 (99.6017)  Acc@5: 100.0000 (100.0000)LR: 2.484e-03
2024-11-18 02:51:22,737 -         train_search: [    INFO] - Train: 42 [ 100/390]  Loss: 0.004058 (0.0174)  Acc@1: 100.0000 (99.4431)  Acc@5: 100.0000 (100.0000)LR: 2.484e-03
2024-11-18 02:51:49,969 -         train_search: [    INFO] - Train: 42 [ 150/390]  Loss: 0.01017 (0.0169)  Acc@1: 100.0000 (99.4516)  Acc@5: 100.0000 (100.0000)LR: 2.484e-03
2024-11-18 02:52:17,887 -         train_search: [    INFO] - Train: 42 [ 200/390]  Loss: 0.005902 (0.0168)  Acc@1: 100.0000 (99.4481)  Acc@5: 100.0000 (100.0000)LR: 2.484e-03
2024-11-18 02:52:45,134 -         train_search: [    INFO] - Train: 42 [ 250/390]  Loss: 0.01833 (0.0170)  Acc@1: 100.0000 (99.4771)  Acc@5: 100.0000 (100.0000)LR: 2.484e-03
2024-11-18 02:53:12,530 -         train_search: [    INFO] - Train: 42 [ 300/390]  Loss: 0.01922 (0.0166)  Acc@1: 100.0000 (99.4913)  Acc@5: 100.0000 (100.0000)LR: 2.484e-03
2024-11-18 02:53:39,529 -         train_search: [    INFO] - Train: 42 [ 350/390]  Loss: 0.005715 (0.0161)  Acc@1: 100.0000 (99.5014)  Acc@5: 100.0000 (100.0000)LR: 2.484e-03
2024-11-18 02:54:01,185 -         train_search: [    INFO] - Train: 42 [ 390/390]  Loss: 0.02121 (0.0163)  Acc@1: 100.0000 (99.4920)  Acc@5: 100.0000 (100.0000)LR: 2.484e-03
2024-11-18 02:54:03,961 -         train_search: [    INFO] - train_acc 99.492000
2024-11-18 02:54:04,485 -         train_search: [    INFO] - Valid: 42 [   0/390]  Loss: 0.6873 (0.687)  Acc@1: 84.3750 (84.3750)  Acc@5: 100.0000 (100.0000)
2024-11-18 02:54:09,311 -         train_search: [    INFO] - Valid: 42 [  50/390]  Loss: 0.7007 (0.616)  Acc@1: 84.3750 (87.7145)  Acc@5: 98.4375 (99.1728)
2024-11-18 02:54:14,188 -         train_search: [    INFO] - Valid: 42 [ 100/390]  Loss: 0.7546 (0.613)  Acc@1: 84.3750 (87.5619)  Acc@5: 98.4375 (99.2574)
2024-11-18 02:54:18,934 -         train_search: [    INFO] - Valid: 42 [ 150/390]  Loss: 0.4076 (0.584)  Acc@1: 89.0625 (87.9656)  Acc@5: 100.0000 (99.2860)
2024-11-18 02:54:23,686 -         train_search: [    INFO] - Valid: 42 [ 200/390]  Loss: 0.4624 (0.571)  Acc@1: 90.6250 (88.0519)  Acc@5: 100.0000 (99.3315)
2024-11-18 02:54:28,470 -         train_search: [    INFO] - Valid: 42 [ 250/390]  Loss: 0.7846 (0.566)  Acc@1: 81.2500 (88.1038)  Acc@5: 100.0000 (99.3464)
2024-11-18 02:54:33,601 -         train_search: [    INFO] - Valid: 42 [ 300/390]  Loss: 0.6307 (0.569)  Acc@1: 85.9375 (88.0658)  Acc@5: 98.4375 (99.3563)
2024-11-18 02:54:38,481 -         train_search: [    INFO] - Valid: 42 [ 350/390]  Loss: 0.2874 (0.562)  Acc@1: 89.0625 (88.0965)  Acc@5: 100.0000 (99.3679)
2024-11-18 02:54:42,458 -         train_search: [    INFO] - Valid: 42 [ 390/390]  Loss: 0.4422 (0.559)  Acc@1: 87.5000 (88.0040)  Acc@5: 100.0000 (99.3720)
2024-11-18 02:54:42,498 -         train_search: [    INFO] - valid_acc 88.004000
2024-11-18 02:54:42,499 -         train_search: [    INFO] - epoch = 42   
 genotype = Genotype(normal=[('sep_conv_3x3', 1), ('sep_conv_3x3', 0), ('sep_conv_3x3', 0), ('sep_conv_3x3', 1), ('dil_conv_3x3', 3), ('sep_conv_3x3', 0), ('sep_conv_3x3', 0), ('dil_conv_3x3', 1)], normal_concat=range(2, 6), reduce=[('dil_conv_3x3', 0), ('sep_conv_3x3', 1), ('dil_conv_3x3', 1), ('sep_conv_5x5', 0), ('dil_conv_3x3', 2), ('dil_conv_5x5', 1), ('dil_conv_3x3', 0), ('dil_conv_5x5', 3)], reduce_concat=range(2, 6))
2024-11-18 02:54:42,502 -         train_search: [    INFO] - alphas_normal = 
 tensor([[0.4391, 0.2794, 0.1564, 0.1251],
        [0.4892, 0.1767, 0.2050, 0.1292],
        [0.3986, 0.2698, 0.1735, 0.1581],
        [0.3118, 0.1938, 0.2758, 0.2186],
        [0.2827, 0.3040, 0.2226, 0.1906],
        [0.3296, 0.1975, 0.2288, 0.2441],
        [0.2555, 0.1659, 0.3229, 0.2557],
        [0.2049, 0.2085, 0.2815, 0.3050],
        [0.2278, 0.2055, 0.3323, 0.2344],
        [0.3426, 0.2085, 0.2831, 0.1658],
        [0.2158, 0.1650, 0.3322, 0.2870],
        [0.2141, 0.2808, 0.2690, 0.2361],
        [0.1844, 0.2543, 0.3240, 0.2373],
        [0.2544, 0.2425, 0.2502, 0.2528]], device='cuda:0',
       grad_fn=<SoftmaxBackward0>)
2024-11-18 02:54:42,505 -         train_search: [    INFO] -  alphas_reduct = 
 tensor([[0.3072, 0.1811, 0.3254, 0.1864],
        [0.2769, 0.2144, 0.2336, 0.2751],
        [0.1584, 0.3118, 0.2800, 0.2498],
        [0.2323, 0.1534, 0.3357, 0.2787],
        [0.2282, 0.2554, 0.2737, 0.2428],
        [0.3073, 0.2129, 0.2908, 0.1890],
        [0.2425, 0.1628, 0.2776, 0.3170],
        [0.1874, 0.2399, 0.3683, 0.2045],
        [0.2194, 0.2291, 0.2766, 0.2750],
        [0.2334, 0.1478, 0.3515, 0.2673],
        [0.2251, 0.2609, 0.2732, 0.2407],
        [0.2969, 0.2316, 0.2515, 0.2199],
        [0.2196, 0.1907, 0.2420, 0.3477],
        [0.2709, 0.2259, 0.2162, 0.2870]], device='cuda:0',
       grad_fn=<SoftmaxBackward0>)
2024-11-18 02:54:43,587 -         train_search: [    INFO] - Train: 43 [   0/390]  Loss: 0.004526 (0.00453)  Acc@1: 100.0000 (100.0000)  Acc@5: 100.0000 (100.0000)LR: 2.142e-03
2024-11-18 02:55:11,978 -         train_search: [    INFO] - Train: 43 [  50/390]  Loss: 0.01527 (0.0135)  Acc@1: 100.0000 (99.6017)  Acc@5: 100.0000 (100.0000)LR: 2.142e-03
2024-11-18 02:55:38,980 -         train_search: [    INFO] - Train: 43 [ 100/390]  Loss: 0.05286 (0.0148)  Acc@1: 96.8750 (99.5359)  Acc@5: 100.0000 (100.0000)LR: 2.142e-03
2024-11-18 02:56:05,665 -         train_search: [    INFO] - Train: 43 [ 150/390]  Loss: 0.008724 (0.0133)  Acc@1: 100.0000 (99.5757)  Acc@5: 100.0000 (100.0000)LR: 2.142e-03
2024-11-18 02:56:32,605 -         train_search: [    INFO] - Train: 43 [ 200/390]  Loss: 0.004776 (0.0136)  Acc@1: 100.0000 (99.5802)  Acc@5: 100.0000 (100.0000)LR: 2.142e-03
2024-11-18 02:57:00,069 -         train_search: [    INFO] - Train: 43 [ 250/390]  Loss: 0.003440 (0.0135)  Acc@1: 100.0000 (99.5705)  Acc@5: 100.0000 (100.0000)LR: 2.142e-03
2024-11-18 02:57:26,919 -         train_search: [    INFO] - Train: 43 [ 300/390]  Loss: 0.001977 (0.0135)  Acc@1: 100.0000 (99.5691)  Acc@5: 100.0000 (100.0000)LR: 2.142e-03
2024-11-18 02:57:54,108 -         train_search: [    INFO] - Train: 43 [ 350/390]  Loss: 0.005348 (0.0135)  Acc@1: 100.0000 (99.5726)  Acc@5: 100.0000 (100.0000)LR: 2.142e-03
2024-11-18 02:58:16,035 -         train_search: [    INFO] - Train: 43 [ 390/390]  Loss: 0.001042 (0.0138)  Acc@1: 100.0000 (99.5600)  Acc@5: 100.0000 (100.0000)LR: 2.142e-03
2024-11-18 02:58:16,143 -         train_search: [    INFO] - train_acc 99.560000
2024-11-18 02:58:16,527 -         train_search: [    INFO] - Valid: 43 [   0/390]  Loss: 0.3364 (0.336)  Acc@1: 92.1875 (92.1875)  Acc@5: 100.0000 (100.0000)
2024-11-18 02:58:21,211 -         train_search: [    INFO] - Valid: 43 [  50/390]  Loss: 0.4570 (0.486)  Acc@1: 90.6250 (89.0625)  Acc@5: 100.0000 (99.4179)
2024-11-18 02:58:25,817 -         train_search: [    INFO] - Valid: 43 [ 100/390]  Loss: 0.6748 (0.534)  Acc@1: 84.3750 (88.4592)  Acc@5: 98.4375 (99.3967)
2024-11-18 02:58:30,418 -         train_search: [    INFO] - Valid: 43 [ 150/390]  Loss: 0.4956 (0.550)  Acc@1: 85.9375 (88.2761)  Acc@5: 100.0000 (99.2964)
2024-11-18 02:58:35,303 -         train_search: [    INFO] - Valid: 43 [ 200/390]  Loss: 0.4999 (0.538)  Acc@1: 92.1875 (88.4328)  Acc@5: 100.0000 (99.3703)
2024-11-18 02:58:40,075 -         train_search: [    INFO] - Valid: 43 [ 250/390]  Loss: 0.3955 (0.545)  Acc@1: 90.6250 (88.2283)  Acc@5: 100.0000 (99.3962)
2024-11-18 02:58:45,055 -         train_search: [    INFO] - Valid: 43 [ 300/390]  Loss: 0.3930 (0.552)  Acc@1: 89.0625 (88.1074)  Acc@5: 100.0000 (99.4290)
2024-11-18 02:58:49,644 -         train_search: [    INFO] - Valid: 43 [ 350/390]  Loss: 0.7932 (0.559)  Acc@1: 85.9375 (88.0431)  Acc@5: 98.4375 (99.4079)
2024-11-18 02:58:53,357 -         train_search: [    INFO] - Valid: 43 [ 390/390]  Loss: 1.063 (0.558)  Acc@1: 75.0000 (87.9640)  Acc@5: 100.0000 (99.4120)
2024-11-18 02:58:53,405 -         train_search: [    INFO] - valid_acc 87.964000
2024-11-18 02:58:53,407 -         train_search: [    INFO] - epoch = 43   
 genotype = Genotype(normal=[('sep_conv_3x3', 1), ('sep_conv_3x3', 0), ('sep_conv_3x3', 0), ('sep_conv_3x3', 1), ('dil_conv_3x3', 3), ('sep_conv_3x3', 0), ('sep_conv_3x3', 0), ('dil_conv_3x3', 1)], normal_concat=range(2, 6), reduce=[('dil_conv_3x3', 0), ('sep_conv_3x3', 1), ('dil_conv_3x3', 1), ('sep_conv_5x5', 0), ('dil_conv_3x3', 2), ('dil_conv_5x5', 1), ('dil_conv_3x3', 0), ('dil_conv_5x5', 3)], reduce_concat=range(2, 6))
2024-11-18 02:58:53,411 -         train_search: [    INFO] - alphas_normal = 
 tensor([[0.4471, 0.2764, 0.1539, 0.1227],
        [0.4958, 0.1740, 0.2041, 0.1261],
        [0.4035, 0.2690, 0.1716, 0.1559],
        [0.3120, 0.1922, 0.2793, 0.2164],
        [0.2836, 0.3043, 0.2220, 0.1901],
        [0.3321, 0.1970, 0.2278, 0.2431],
        [0.2547, 0.1623, 0.3281, 0.2549],
        [0.2017, 0.2064, 0.2851, 0.3069],
        [0.2287, 0.2041, 0.3337, 0.2336],
        [0.3438, 0.2073, 0.2851, 0.1639],
        [0.2148, 0.1642, 0.3356, 0.2854],
        [0.2143, 0.2804, 0.2720, 0.2333],
        [0.1830, 0.2531, 0.3256, 0.2382],
        [0.2580, 0.2384, 0.2506, 0.2530]], device='cuda:0',
       grad_fn=<SoftmaxBackward0>)
2024-11-18 02:58:53,414 -         train_search: [    INFO] -  alphas_reduct = 
 tensor([[0.3060, 0.1798, 0.3285, 0.1857],
        [0.2783, 0.2135, 0.2330, 0.2753],
        [0.1549, 0.3167, 0.2791, 0.2493],
        [0.2311, 0.1518, 0.3364, 0.2807],
        [0.2276, 0.2576, 0.2715, 0.2433],
        [0.3106, 0.2096, 0.2912, 0.1885],
        [0.2421, 0.1595, 0.2766, 0.3218],
        [0.1832, 0.2399, 0.3761, 0.2008],
        [0.2169, 0.2259, 0.2793, 0.2780],
        [0.2300, 0.1450, 0.3564, 0.2686],
        [0.2221, 0.2623, 0.2734, 0.2422],
        [0.2973, 0.2297, 0.2546, 0.2185],
        [0.2177, 0.1885, 0.2391, 0.3548],
        [0.2709, 0.2271, 0.2152, 0.2868]], device='cuda:0',
       grad_fn=<SoftmaxBackward0>)
2024-11-18 02:58:54,431 -         train_search: [    INFO] - Train: 44 [   0/390]  Loss: 0.007593 (0.00759)  Acc@1: 100.0000 (100.0000)  Acc@5: 100.0000 (100.0000)LR: 1.843e-03
2024-11-18 02:59:22,241 -         train_search: [    INFO] - Train: 44 [  50/390]  Loss: 0.002723 (0.0135)  Acc@1: 100.0000 (99.5711)  Acc@5: 100.0000 (100.0000)LR: 1.843e-03
2024-11-18 02:59:48,745 -         train_search: [    INFO] - Train: 44 [ 100/390]  Loss: 0.01063 (0.0110)  Acc@1: 100.0000 (99.6906)  Acc@5: 100.0000 (100.0000)LR: 1.843e-03
2024-11-18 03:00:15,149 -         train_search: [    INFO] - Train: 44 [ 150/390]  Loss: 0.007064 (0.0106)  Acc@1: 100.0000 (99.7206)  Acc@5: 100.0000 (100.0000)LR: 1.843e-03
2024-11-18 03:00:41,753 -         train_search: [    INFO] - Train: 44 [ 200/390]  Loss: 0.01566 (0.0108)  Acc@1: 100.0000 (99.7124)  Acc@5: 100.0000 (100.0000)LR: 1.843e-03
2024-11-18 03:01:08,608 -         train_search: [    INFO] - Train: 44 [ 250/390]  Loss: 0.001176 (0.0104)  Acc@1: 100.0000 (99.7261)  Acc@5: 100.0000 (100.0000)LR: 1.843e-03
2024-11-18 03:01:35,500 -         train_search: [    INFO] - Train: 44 [ 300/390]  Loss: 0.009300 (0.0109)  Acc@1: 100.0000 (99.7197)  Acc@5: 100.0000 (100.0000)LR: 1.843e-03
2024-11-18 03:02:02,030 -         train_search: [    INFO] - Train: 44 [ 350/390]  Loss: 0.01266 (0.0115)  Acc@1: 100.0000 (99.6795)  Acc@5: 100.0000 (100.0000)LR: 1.843e-03
2024-11-18 03:02:23,907 -         train_search: [    INFO] - Train: 44 [ 390/390]  Loss: 0.01172 (0.0117)  Acc@1: 100.0000 (99.6560)  Acc@5: 100.0000 (100.0000)LR: 1.843e-03
2024-11-18 03:02:24,005 -         train_search: [    INFO] - train_acc 99.656000
2024-11-18 03:02:24,351 -         train_search: [    INFO] - Valid: 44 [   0/390]  Loss: 0.6407 (0.641)  Acc@1: 87.5000 (87.5000)  Acc@5: 98.4375 (98.4375)
2024-11-18 03:02:29,258 -         train_search: [    INFO] - Valid: 44 [  50/390]  Loss: 0.4604 (0.575)  Acc@1: 90.6250 (88.0515)  Acc@5: 100.0000 (99.5098)
2024-11-18 03:02:34,274 -         train_search: [    INFO] - Valid: 44 [ 100/390]  Loss: 0.7755 (0.579)  Acc@1: 85.9375 (87.6547)  Acc@5: 100.0000 (99.5668)
2024-11-18 03:02:39,017 -         train_search: [    INFO] - Valid: 44 [ 150/390]  Loss: 0.5028 (0.566)  Acc@1: 84.3750 (87.9036)  Acc@5: 100.0000 (99.5757)
2024-11-18 03:02:44,177 -         train_search: [    INFO] - Valid: 44 [ 200/390]  Loss: 0.6223 (0.566)  Acc@1: 85.9375 (87.8731)  Acc@5: 100.0000 (99.5103)
2024-11-18 03:02:48,948 -         train_search: [    INFO] - Valid: 44 [ 250/390]  Loss: 0.6143 (0.561)  Acc@1: 87.5000 (87.8797)  Acc@5: 100.0000 (99.5269)
2024-11-18 03:02:53,747 -         train_search: [    INFO] - Valid: 44 [ 300/390]  Loss: 0.6697 (0.565)  Acc@1: 85.9375 (87.8530)  Acc@5: 98.4375 (99.4809)
2024-11-18 03:02:58,349 -         train_search: [    INFO] - Valid: 44 [ 350/390]  Loss: 0.4631 (0.566)  Acc@1: 84.3750 (87.8428)  Acc@5: 100.0000 (99.4525)
2024-11-18 03:03:02,113 -         train_search: [    INFO] - Valid: 44 [ 390/390]  Loss: 0.3438 (0.562)  Acc@1: 92.5000 (87.9480)  Acc@5: 100.0000 (99.4240)
2024-11-18 03:03:02,154 -         train_search: [    INFO] - valid_acc 87.948000
2024-11-18 03:03:02,155 -         train_search: [    INFO] - epoch = 44   
 genotype = Genotype(normal=[('sep_conv_3x3', 1), ('sep_conv_3x3', 0), ('sep_conv_3x3', 0), ('sep_conv_3x3', 1), ('dil_conv_3x3', 3), ('dil_conv_3x3', 1), ('sep_conv_3x3', 0), ('dil_conv_3x3', 1)], normal_concat=range(2, 6), reduce=[('dil_conv_3x3', 0), ('sep_conv_3x3', 1), ('dil_conv_3x3', 1), ('sep_conv_5x5', 0), ('dil_conv_3x3', 2), ('dil_conv_5x5', 1), ('dil_conv_3x3', 0), ('dil_conv_5x5', 3)], reduce_concat=range(2, 6))
2024-11-18 03:03:02,158 -         train_search: [    INFO] - alphas_normal = 
 tensor([[0.4532, 0.2745, 0.1521, 0.1202],
        [0.5015, 0.1717, 0.2029, 0.1239],
        [0.4063, 0.2680, 0.1718, 0.1539],
        [0.3143, 0.1913, 0.2806, 0.2138],
        [0.2822, 0.3049, 0.2224, 0.1905],
        [0.3330, 0.1952, 0.2278, 0.2440],
        [0.2515, 0.1600, 0.3349, 0.2537],
        [0.2026, 0.2023, 0.2852, 0.3099],
        [0.2282, 0.2021, 0.3377, 0.2320],
        [0.3491, 0.2056, 0.2848, 0.1605],
        [0.2135, 0.1634, 0.3365, 0.2866],
        [0.2145, 0.2787, 0.2737, 0.2331],
        [0.1820, 0.2525, 0.3259, 0.2397],
        [0.2604, 0.2368, 0.2483, 0.2546]], device='cuda:0',
       grad_fn=<SoftmaxBackward0>)
2024-11-18 03:03:02,160 -         train_search: [    INFO] -  alphas_reduct = 
 tensor([[0.3075, 0.1795, 0.3275, 0.1855],
        [0.2791, 0.2114, 0.2316, 0.2779],
        [0.1513, 0.3196, 0.2802, 0.2490],
        [0.2300, 0.1506, 0.3381, 0.2813],
        [0.2249, 0.2624, 0.2730, 0.2397],
        [0.3090, 0.2086, 0.2958, 0.1866],
        [0.2420, 0.1569, 0.2741, 0.3270],
        [0.1840, 0.2383, 0.3800, 0.1976],
        [0.2151, 0.2240, 0.2829, 0.2780],
        [0.2252, 0.1423, 0.3627, 0.2698],
        [0.2170, 0.2654, 0.2759, 0.2418],
        [0.2980, 0.2278, 0.2549, 0.2193],
        [0.2159, 0.1874, 0.2368, 0.3598],
        [0.2723, 0.2282, 0.2137, 0.2857]], device='cuda:0',
       grad_fn=<SoftmaxBackward0>)
2024-11-18 03:03:03,599 -         train_search: [    INFO] - Train: 45 [   0/390]  Loss: 0.03954 (0.0395)  Acc@1: 96.8750 (96.8750)  Acc@5: 100.0000 (100.0000)LR: 1.587e-03
2024-11-18 03:03:31,398 -         train_search: [    INFO] - Train: 45 [  50/390]  Loss: 0.0003747 (0.0121)  Acc@1: 100.0000 (99.5404)  Acc@5: 100.0000 (100.0000)LR: 1.587e-03
2024-11-18 03:03:59,626 -         train_search: [    INFO] - Train: 45 [ 100/390]  Loss: 0.008218 (0.0119)  Acc@1: 100.0000 (99.5978)  Acc@5: 100.0000 (100.0000)LR: 1.587e-03
2024-11-18 03:04:27,812 -         train_search: [    INFO] - Train: 45 [ 150/390]  Loss: 0.0005995 (0.0111)  Acc@1: 100.0000 (99.6585)  Acc@5: 100.0000 (100.0000)LR: 1.587e-03
2024-11-18 03:04:54,691 -         train_search: [    INFO] - Train: 45 [ 200/390]  Loss: 0.008517 (0.0109)  Acc@1: 100.0000 (99.6813)  Acc@5: 100.0000 (100.0000)LR: 1.587e-03
2024-11-18 03:05:21,755 -         train_search: [    INFO] - Train: 45 [ 250/390]  Loss: 0.04062 (0.0115)  Acc@1: 98.4375 (99.6701)  Acc@5: 100.0000 (100.0000)LR: 1.587e-03
2024-11-18 03:05:49,066 -         train_search: [    INFO] - Train: 45 [ 300/390]  Loss: 0.002883 (0.0112)  Acc@1: 100.0000 (99.6885)  Acc@5: 100.0000 (100.0000)LR: 1.587e-03
2024-11-18 03:06:16,366 -         train_search: [    INFO] - Train: 45 [ 350/390]  Loss: 0.006609 (0.0109)  Acc@1: 100.0000 (99.6928)  Acc@5: 100.0000 (100.0000)LR: 1.587e-03
2024-11-18 03:06:37,773 -         train_search: [    INFO] - Train: 45 [ 390/390]  Loss: 0.003708 (0.0110)  Acc@1: 100.0000 (99.6800)  Acc@5: 100.0000 (100.0000)LR: 1.587e-03
2024-11-18 03:06:37,878 -         train_search: [    INFO] - train_acc 99.680000
2024-11-18 03:06:38,234 -         train_search: [    INFO] - Valid: 45 [   0/390]  Loss: 1.134 (1.13)  Acc@1: 78.1250 (78.1250)  Acc@5: 98.4375 (98.4375)
2024-11-18 03:06:42,984 -         train_search: [    INFO] - Valid: 45 [  50/390]  Loss: 0.1758 (0.563)  Acc@1: 93.7500 (88.8787)  Acc@5: 100.0000 (99.5404)
2024-11-18 03:06:47,939 -         train_search: [    INFO] - Valid: 45 [ 100/390]  Loss: 0.2623 (0.557)  Acc@1: 96.8750 (88.5520)  Acc@5: 100.0000 (99.5204)
2024-11-18 03:06:52,908 -         train_search: [    INFO] - Valid: 45 [ 150/390]  Loss: 0.3038 (0.555)  Acc@1: 87.5000 (88.3382)  Acc@5: 100.0000 (99.5550)
2024-11-18 03:06:57,933 -         train_search: [    INFO] - Valid: 45 [ 200/390]  Loss: 0.4838 (0.554)  Acc@1: 85.9375 (88.5183)  Acc@5: 98.4375 (99.4558)
2024-11-18 03:07:02,949 -         train_search: [    INFO] - Valid: 45 [ 250/390]  Loss: 0.8142 (0.559)  Acc@1: 82.8125 (88.3528)  Acc@5: 100.0000 (99.4709)
2024-11-18 03:07:08,001 -         train_search: [    INFO] - Valid: 45 [ 300/390]  Loss: 0.4749 (0.568)  Acc@1: 85.9375 (88.2008)  Acc@5: 98.4375 (99.4705)
2024-11-18 03:07:12,862 -         train_search: [    INFO] - Valid: 45 [ 350/390]  Loss: 0.3762 (0.571)  Acc@1: 90.6250 (88.1188)  Acc@5: 100.0000 (99.4703)
2024-11-18 03:07:16,748 -         train_search: [    INFO] - Valid: 45 [ 390/390]  Loss: 0.8475 (0.568)  Acc@1: 87.5000 (88.1320)  Acc@5: 97.5000 (99.4520)
2024-11-18 03:07:16,788 -         train_search: [    INFO] - valid_acc 88.132000
2024-11-18 03:07:16,789 -         train_search: [    INFO] - epoch = 45   
 genotype = Genotype(normal=[('sep_conv_3x3', 1), ('sep_conv_3x3', 0), ('sep_conv_3x3', 0), ('sep_conv_3x3', 1), ('dil_conv_3x3', 3), ('dil_conv_3x3', 1), ('sep_conv_3x3', 0), ('dil_conv_3x3', 1)], normal_concat=range(2, 6), reduce=[('dil_conv_3x3', 0), ('sep_conv_3x3', 1), ('dil_conv_3x3', 1), ('sep_conv_5x5', 0), ('dil_conv_3x3', 2), ('dil_conv_5x5', 1), ('dil_conv_3x3', 0), ('dil_conv_5x5', 3)], reduce_concat=range(2, 6))
2024-11-18 03:07:16,791 -         train_search: [    INFO] - alphas_normal = 
 tensor([[0.4563, 0.2752, 0.1504, 0.1180],
        [0.5088, 0.1690, 0.2014, 0.1209],
        [0.4080, 0.2697, 0.1691, 0.1532],
        [0.3167, 0.1885, 0.2812, 0.2136],
        [0.2823, 0.3052, 0.2213, 0.1911],
        [0.3336, 0.1941, 0.2281, 0.2442],
        [0.2494, 0.1578, 0.3393, 0.2535],
        [0.2014, 0.1983, 0.2856, 0.3147],
        [0.2279, 0.2008, 0.3406, 0.2307],
        [0.3485, 0.2042, 0.2894, 0.1579],
        [0.2118, 0.1618, 0.3379, 0.2885],
        [0.2145, 0.2769, 0.2784, 0.2302],
        [0.1803, 0.2516, 0.3284, 0.2397],
        [0.2608, 0.2352, 0.2485, 0.2556]], device='cuda:0',
       grad_fn=<SoftmaxBackward0>)
2024-11-18 03:07:16,793 -         train_search: [    INFO] -  alphas_reduct = 
 tensor([[0.3077, 0.1765, 0.3324, 0.1834],
        [0.2788, 0.2125, 0.2312, 0.2775],
        [0.1486, 0.3233, 0.2790, 0.2492],
        [0.2288, 0.1501, 0.3390, 0.2821],
        [0.2225, 0.2654, 0.2737, 0.2383],
        [0.3079, 0.2075, 0.2987, 0.1859],
        [0.2389, 0.1561, 0.2736, 0.3314],
        [0.1831, 0.2383, 0.3827, 0.1959],
        [0.2148, 0.2225, 0.2844, 0.2784],
        [0.2211, 0.1396, 0.3730, 0.2663],
        [0.2154, 0.2663, 0.2766, 0.2417],
        [0.2954, 0.2279, 0.2579, 0.2187],
        [0.2135, 0.1878, 0.2366, 0.3621],
        [0.2718, 0.2260, 0.2111, 0.2912]], device='cuda:0',
       grad_fn=<SoftmaxBackward0>)
2024-11-18 03:07:18,024 -         train_search: [    INFO] - Train: 46 [   0/390]  Loss: 0.007919 (0.00792)  Acc@1: 100.0000 (100.0000)  Acc@5: 100.0000 (100.0000)LR: 1.377e-03
2024-11-18 03:07:44,632 -         train_search: [    INFO] - Train: 46 [  50/390]  Loss: 0.003239 (0.0100)  Acc@1: 100.0000 (99.6324)  Acc@5: 100.0000 (100.0000)LR: 1.377e-03
2024-11-18 03:08:11,772 -         train_search: [    INFO] - Train: 46 [ 100/390]  Loss: 0.006494 (0.0119)  Acc@1: 100.0000 (99.6132)  Acc@5: 100.0000 (100.0000)LR: 1.377e-03
2024-11-18 03:08:38,374 -         train_search: [    INFO] - Train: 46 [ 150/390]  Loss: 0.02114 (0.0119)  Acc@1: 98.4375 (99.6275)  Acc@5: 100.0000 (100.0000)LR: 1.377e-03
2024-11-18 03:09:05,176 -         train_search: [    INFO] - Train: 46 [ 200/390]  Loss: 0.004706 (0.0116)  Acc@1: 100.0000 (99.6269)  Acc@5: 100.0000 (100.0000)LR: 1.377e-03
2024-11-18 03:09:32,296 -         train_search: [    INFO] - Train: 46 [ 250/390]  Loss: 0.009519 (0.0109)  Acc@1: 100.0000 (99.6825)  Acc@5: 100.0000 (100.0000)LR: 1.377e-03
2024-11-18 03:09:59,028 -         train_search: [    INFO] - Train: 46 [ 300/390]  Loss: 0.001484 (0.0105)  Acc@1: 100.0000 (99.6782)  Acc@5: 100.0000 (100.0000)LR: 1.377e-03
2024-11-18 03:10:25,823 -         train_search: [    INFO] - Train: 46 [ 350/390]  Loss: 0.006011 (0.0105)  Acc@1: 100.0000 (99.6750)  Acc@5: 100.0000 (100.0000)LR: 1.377e-03
2024-11-18 03:10:47,590 -         train_search: [    INFO] - Train: 46 [ 390/390]  Loss: 0.001991 (0.0105)  Acc@1: 100.0000 (99.6760)  Acc@5: 100.0000 (100.0000)LR: 1.377e-03
2024-11-18 03:10:47,685 -         train_search: [    INFO] - train_acc 99.676000
2024-11-18 03:10:48,124 -         train_search: [    INFO] - Valid: 46 [   0/390]  Loss: 0.3691 (0.369)  Acc@1: 89.0625 (89.0625)  Acc@5: 100.0000 (100.0000)
2024-11-18 03:10:52,926 -         train_search: [    INFO] - Valid: 46 [  50/390]  Loss: 0.2927 (0.564)  Acc@1: 89.0625 (88.1127)  Acc@5: 96.8750 (99.4485)
2024-11-18 03:10:57,553 -         train_search: [    INFO] - Valid: 46 [ 100/390]  Loss: 0.4943 (0.566)  Acc@1: 89.0625 (88.1033)  Acc@5: 100.0000 (99.3348)
2024-11-18 03:11:02,274 -         train_search: [    INFO] - Valid: 46 [ 150/390]  Loss: 0.9929 (0.572)  Acc@1: 82.8125 (88.2761)  Acc@5: 100.0000 (99.2860)
2024-11-18 03:11:07,091 -         train_search: [    INFO] - Valid: 46 [ 200/390]  Loss: 0.8772 (0.575)  Acc@1: 82.8125 (88.1374)  Acc@5: 100.0000 (99.3315)
2024-11-18 03:11:11,702 -         train_search: [    INFO] - Valid: 46 [ 250/390]  Loss: 0.6461 (0.564)  Acc@1: 87.5000 (88.2408)  Acc@5: 98.4375 (99.3588)
2024-11-18 03:11:16,503 -         train_search: [    INFO] - Valid: 46 [ 300/390]  Loss: 0.6512 (0.562)  Acc@1: 81.2500 (88.2267)  Acc@5: 100.0000 (99.3771)
2024-11-18 03:11:21,252 -         train_search: [    INFO] - Valid: 46 [ 350/390]  Loss: 0.4555 (0.562)  Acc@1: 87.5000 (88.1811)  Acc@5: 100.0000 (99.3634)
2024-11-18 03:11:25,042 -         train_search: [    INFO] - Valid: 46 [ 390/390]  Loss: 1.203 (0.570)  Acc@1: 82.5000 (88.1080)  Acc@5: 97.5000 (99.3600)
2024-11-18 03:11:25,085 -         train_search: [    INFO] - valid_acc 88.108000
2024-11-18 03:11:25,086 -         train_search: [    INFO] - epoch = 46   
 genotype = Genotype(normal=[('sep_conv_3x3', 1), ('sep_conv_3x3', 0), ('sep_conv_3x3', 0), ('sep_conv_3x3', 1), ('dil_conv_3x3', 3), ('dil_conv_3x3', 1), ('sep_conv_3x3', 0), ('dil_conv_3x3', 1)], normal_concat=range(2, 6), reduce=[('dil_conv_3x3', 0), ('sep_conv_3x3', 1), ('dil_conv_3x3', 1), ('sep_conv_5x5', 0), ('dil_conv_3x3', 2), ('dil_conv_5x5', 1), ('dil_conv_3x3', 0), ('dil_conv_5x5', 3)], reduce_concat=range(2, 6))
2024-11-18 03:11:25,088 -         train_search: [    INFO] - alphas_normal = 
 tensor([[0.4566, 0.2764, 0.1494, 0.1176],
        [0.5147, 0.1671, 0.2002, 0.1180],
        [0.4130, 0.2686, 0.1663, 0.1520],
        [0.3227, 0.1851, 0.2813, 0.2109],
        [0.2804, 0.3075, 0.2220, 0.1900],
        [0.3366, 0.1945, 0.2241, 0.2448],
        [0.2491, 0.1558, 0.3398, 0.2553],
        [0.1992, 0.1950, 0.2861, 0.3197],
        [0.2276, 0.1976, 0.3444, 0.2304],
        [0.3498, 0.2040, 0.2911, 0.1551],
        [0.2106, 0.1608, 0.3383, 0.2904],
        [0.2141, 0.2778, 0.2789, 0.2292],
        [0.1767, 0.2533, 0.3307, 0.2394],
        [0.2598, 0.2355, 0.2496, 0.2552]], device='cuda:0',
       grad_fn=<SoftmaxBackward0>)
2024-11-18 03:11:25,090 -         train_search: [    INFO] -  alphas_reduct = 
 tensor([[0.3094, 0.1730, 0.3352, 0.1823],
        [0.2782, 0.2131, 0.2319, 0.2769],
        [0.1466, 0.3248, 0.2789, 0.2497],
        [0.2258, 0.1501, 0.3422, 0.2820],
        [0.2231, 0.2663, 0.2733, 0.2373],
        [0.3082, 0.2070, 0.2984, 0.1864],
        [0.2387, 0.1552, 0.2717, 0.3344],
        [0.1804, 0.2416, 0.3852, 0.1928],
        [0.2143, 0.2200, 0.2851, 0.2806],
        [0.2189, 0.1368, 0.3768, 0.2674],
        [0.2132, 0.2684, 0.2767, 0.2417],
        [0.2962, 0.2291, 0.2586, 0.2161],
        [0.2141, 0.1858, 0.2352, 0.3649],
        [0.2723, 0.2275, 0.2098, 0.2903]], device='cuda:0',
       grad_fn=<SoftmaxBackward0>)
2024-11-18 03:11:26,255 -         train_search: [    INFO] - Train: 47 [   0/390]  Loss: 0.005542 (0.00554)  Acc@1: 100.0000 (100.0000)  Acc@5: 100.0000 (100.0000)LR: 1.213e-03
2024-11-18 03:11:53,432 -         train_search: [    INFO] - Train: 47 [  50/390]  Loss: 0.0007903 (0.00735)  Acc@1: 100.0000 (99.8162)  Acc@5: 100.0000 (100.0000)LR: 1.213e-03
2024-11-18 03:12:21,480 -         train_search: [    INFO] - Train: 47 [ 100/390]  Loss: 0.002872 (0.00689)  Acc@1: 100.0000 (99.8144)  Acc@5: 100.0000 (100.0000)LR: 1.213e-03
2024-11-18 03:12:49,485 -         train_search: [    INFO] - Train: 47 [ 150/390]  Loss: 0.008780 (0.00765)  Acc@1: 100.0000 (99.8137)  Acc@5: 100.0000 (100.0000)LR: 1.213e-03
2024-11-18 03:13:17,460 -         train_search: [    INFO] - Train: 47 [ 200/390]  Loss: 0.02711 (0.00806)  Acc@1: 98.4375 (99.7979)  Acc@5: 100.0000 (100.0000)LR: 1.213e-03
2024-11-18 03:13:45,116 -         train_search: [    INFO] - Train: 47 [ 250/390]  Loss: 0.001535 (0.00876)  Acc@1: 100.0000 (99.7821)  Acc@5: 100.0000 (100.0000)LR: 1.213e-03
2024-11-18 03:14:11,598 -         train_search: [    INFO] - Train: 47 [ 300/390]  Loss: 0.03993 (0.00875)  Acc@1: 98.4375 (99.7716)  Acc@5: 100.0000 (100.0000)LR: 1.213e-03
2024-11-18 03:14:38,607 -         train_search: [    INFO] - Train: 47 [ 350/390]  Loss: 0.004905 (0.00864)  Acc@1: 100.0000 (99.7730)  Acc@5: 100.0000 (100.0000)LR: 1.213e-03
2024-11-18 03:15:00,163 -         train_search: [    INFO] - Train: 47 [ 390/390]  Loss: 0.003401 (0.00917)  Acc@1: 100.0000 (99.7560)  Acc@5: 100.0000 (100.0000)LR: 1.213e-03
2024-11-18 03:15:00,250 -         train_search: [    INFO] - train_acc 99.756000
2024-11-18 03:15:00,695 -         train_search: [    INFO] - Valid: 47 [   0/390]  Loss: 0.2878 (0.288)  Acc@1: 90.6250 (90.6250)  Acc@5: 100.0000 (100.0000)
2024-11-18 03:15:06,296 -         train_search: [    INFO] - Valid: 47 [  50/390]  Loss: 0.4911 (0.578)  Acc@1: 89.0625 (88.7255)  Acc@5: 100.0000 (99.3566)
2024-11-18 03:15:12,107 -         train_search: [    INFO] - Valid: 47 [ 100/390]  Loss: 0.7733 (0.566)  Acc@1: 84.3750 (88.5056)  Acc@5: 100.0000 (99.4431)
2024-11-18 03:15:17,857 -         train_search: [    INFO] - Valid: 47 [ 150/390]  Loss: 0.8974 (0.575)  Acc@1: 85.9375 (88.1416)  Acc@5: 100.0000 (99.3688)
2024-11-18 03:15:23,351 -         train_search: [    INFO] - Valid: 47 [ 200/390]  Loss: 0.4340 (0.560)  Acc@1: 92.1875 (88.3085)  Acc@5: 100.0000 (99.3703)
2024-11-18 03:15:28,634 -         train_search: [    INFO] - Valid: 47 [ 250/390]  Loss: 0.2758 (0.575)  Acc@1: 85.9375 (88.0478)  Acc@5: 100.0000 (99.3401)
2024-11-18 03:15:34,067 -         train_search: [    INFO] - Valid: 47 [ 300/390]  Loss: 0.8248 (0.571)  Acc@1: 82.8125 (88.0295)  Acc@5: 98.4375 (99.3719)
2024-11-18 03:15:39,581 -         train_search: [    INFO] - Valid: 47 [ 350/390]  Loss: 0.4036 (0.570)  Acc@1: 89.0625 (88.0342)  Acc@5: 100.0000 (99.3323)
2024-11-18 03:15:43,880 -         train_search: [    INFO] - Valid: 47 [ 390/390]  Loss: 0.3930 (0.566)  Acc@1: 87.5000 (88.1320)  Acc@5: 100.0000 (99.3480)
2024-11-18 03:15:43,915 -         train_search: [    INFO] - valid_acc 88.132000
2024-11-18 03:15:43,916 -         train_search: [    INFO] - epoch = 47   
 genotype = Genotype(normal=[('sep_conv_3x3', 1), ('sep_conv_3x3', 0), ('sep_conv_3x3', 0), ('sep_conv_3x3', 1), ('dil_conv_3x3', 3), ('dil_conv_3x3', 1), ('sep_conv_3x3', 0), ('dil_conv_3x3', 1)], normal_concat=range(2, 6), reduce=[('dil_conv_3x3', 0), ('sep_conv_3x3', 1), ('dil_conv_3x3', 1), ('sep_conv_5x5', 0), ('dil_conv_3x3', 2), ('dil_conv_5x5', 1), ('dil_conv_3x3', 0), ('dil_conv_5x5', 3)], reduce_concat=range(2, 6))
2024-11-18 03:15:43,919 -         train_search: [    INFO] - alphas_normal = 
 tensor([[0.4588, 0.2761, 0.1484, 0.1167],
        [0.5161, 0.1667, 0.2008, 0.1164],
        [0.4181, 0.2673, 0.1639, 0.1506],
        [0.3245, 0.1824, 0.2826, 0.2105],
        [0.2834, 0.3066, 0.2227, 0.1873],
        [0.3416, 0.1957, 0.2218, 0.2408],
        [0.2477, 0.1539, 0.3433, 0.2551],
        [0.1993, 0.1924, 0.2871, 0.3212],
        [0.2279, 0.1954, 0.3493, 0.2273],
        [0.3520, 0.2024, 0.2916, 0.1540],
        [0.2109, 0.1592, 0.3392, 0.2907],
        [0.2135, 0.2754, 0.2810, 0.2301],
        [0.1737, 0.2519, 0.3340, 0.2404],
        [0.2592, 0.2360, 0.2499, 0.2549]], device='cuda:0',
       grad_fn=<SoftmaxBackward0>)
2024-11-18 03:15:43,921 -         train_search: [    INFO] -  alphas_reduct = 
 tensor([[0.3126, 0.1700, 0.3365, 0.1809],
        [0.2767, 0.2144, 0.2340, 0.2750],
        [0.1430, 0.3296, 0.2784, 0.2490],
        [0.2261, 0.1482, 0.3465, 0.2792],
        [0.2244, 0.2675, 0.2720, 0.2361],
        [0.3083, 0.2055, 0.3013, 0.1849],
        [0.2409, 0.1531, 0.2701, 0.3359],
        [0.1790, 0.2425, 0.3865, 0.1920],
        [0.2143, 0.2196, 0.2841, 0.2821],
        [0.2168, 0.1351, 0.3813, 0.2668],
        [0.2099, 0.2705, 0.2799, 0.2398],
        [0.2946, 0.2268, 0.2632, 0.2154],
        [0.2122, 0.1839, 0.2361, 0.3679],
        [0.2745, 0.2251, 0.2105, 0.2899]], device='cuda:0',
       grad_fn=<SoftmaxBackward0>)
2024-11-18 03:15:45,166 -         train_search: [    INFO] - Train: 48 [   0/390]  Loss: 0.006055 (0.00605)  Acc@1: 100.0000 (100.0000)  Acc@5: 100.0000 (100.0000)LR: 1.095e-03
2024-11-18 03:16:13,273 -         train_search: [    INFO] - Train: 48 [  50/390]  Loss: 0.003389 (0.00963)  Acc@1: 100.0000 (99.7855)  Acc@5: 100.0000 (100.0000)LR: 1.095e-03
2024-11-18 03:16:42,573 -         train_search: [    INFO] - Train: 48 [ 100/390]  Loss: 0.005998 (0.00806)  Acc@1: 100.0000 (99.8144)  Acc@5: 100.0000 (100.0000)LR: 1.095e-03
2024-11-18 03:17:10,443 -         train_search: [    INFO] - Train: 48 [ 150/390]  Loss: 0.009750 (0.00806)  Acc@1: 100.0000 (99.8034)  Acc@5: 100.0000 (100.0000)LR: 1.095e-03
2024-11-18 03:17:37,362 -         train_search: [    INFO] - Train: 48 [ 200/390]  Loss: 0.01342 (0.00900)  Acc@1: 100.0000 (99.7668)  Acc@5: 100.0000 (100.0000)LR: 1.095e-03
2024-11-18 03:18:03,601 -         train_search: [    INFO] - Train: 48 [ 250/390]  Loss: 0.003401 (0.00854)  Acc@1: 100.0000 (99.7946)  Acc@5: 100.0000 (100.0000)LR: 1.095e-03
2024-11-18 03:18:31,085 -         train_search: [    INFO] - Train: 48 [ 300/390]  Loss: 0.02308 (0.00927)  Acc@1: 98.4375 (99.7664)  Acc@5: 100.0000 (100.0000)LR: 1.095e-03
2024-11-18 03:18:58,661 -         train_search: [    INFO] - Train: 48 [ 350/390]  Loss: 0.004621 (0.00916)  Acc@1: 100.0000 (99.7596)  Acc@5: 100.0000 (100.0000)LR: 1.095e-03
2024-11-18 03:19:20,300 -         train_search: [    INFO] - Train: 48 [ 390/390]  Loss: 0.009397 (0.00935)  Acc@1: 100.0000 (99.7560)  Acc@5: 100.0000 (100.0000)LR: 1.095e-03
2024-11-18 03:19:20,394 -         train_search: [    INFO] - train_acc 99.756000
2024-11-18 03:19:20,769 -         train_search: [    INFO] - Valid: 48 [   0/390]  Loss: 0.7732 (0.773)  Acc@1: 81.2500 (81.2500)  Acc@5: 100.0000 (100.0000)
2024-11-18 03:19:26,674 -         train_search: [    INFO] - Valid: 48 [  50/390]  Loss: 0.2303 (0.540)  Acc@1: 92.1875 (87.8370)  Acc@5: 100.0000 (99.5404)
2024-11-18 03:19:32,443 -         train_search: [    INFO] - Valid: 48 [ 100/390]  Loss: 0.5706 (0.535)  Acc@1: 90.6250 (88.0879)  Acc@5: 98.4375 (99.4276)
2024-11-18 03:19:37,838 -         train_search: [    INFO] - Valid: 48 [ 150/390]  Loss: 0.3728 (0.544)  Acc@1: 87.5000 (88.2347)  Acc@5: 100.0000 (99.3481)
2024-11-18 03:19:43,199 -         train_search: [    INFO] - Valid: 48 [ 200/390]  Loss: 0.3196 (0.548)  Acc@1: 93.7500 (88.3162)  Acc@5: 98.4375 (99.3859)
2024-11-18 03:19:48,967 -         train_search: [    INFO] - Valid: 48 [ 250/390]  Loss: 0.1340 (0.539)  Acc@1: 96.8750 (88.5147)  Acc@5: 100.0000 (99.4024)
2024-11-18 03:19:54,639 -         train_search: [    INFO] - Valid: 48 [ 300/390]  Loss: 0.2972 (0.548)  Acc@1: 90.6250 (88.4603)  Acc@5: 100.0000 (99.3667)
2024-11-18 03:20:00,024 -         train_search: [    INFO] - Valid: 48 [ 350/390]  Loss: 0.4130 (0.545)  Acc@1: 89.0625 (88.5372)  Acc@5: 100.0000 (99.3857)
2024-11-18 03:20:04,278 -         train_search: [    INFO] - Valid: 48 [ 390/390]  Loss: 0.7833 (0.555)  Acc@1: 75.0000 (88.2920)  Acc@5: 100.0000 (99.4120)
2024-11-18 03:20:04,323 -         train_search: [    INFO] - valid_acc 88.292000
2024-11-18 03:20:04,325 -         train_search: [    INFO] - epoch = 48   
 genotype = Genotype(normal=[('sep_conv_3x3', 1), ('sep_conv_3x3', 0), ('sep_conv_3x3', 0), ('sep_conv_3x3', 1), ('dil_conv_3x3', 3), ('dil_conv_3x3', 1), ('sep_conv_3x3', 0), ('dil_conv_3x3', 1)], normal_concat=range(2, 6), reduce=[('dil_conv_3x3', 0), ('dil_conv_5x5', 1), ('dil_conv_3x3', 1), ('sep_conv_5x5', 0), ('dil_conv_3x3', 2), ('dil_conv_5x5', 1), ('dil_conv_3x3', 0), ('dil_conv_5x5', 3)], reduce_concat=range(2, 6))
2024-11-18 03:20:04,332 -         train_search: [    INFO] - alphas_normal = 
 tensor([[0.4605, 0.2766, 0.1471, 0.1157],
        [0.5168, 0.1666, 0.2007, 0.1159],
        [0.4195, 0.2696, 0.1611, 0.1498],
        [0.3247, 0.1815, 0.2847, 0.2091],
        [0.2835, 0.3090, 0.2220, 0.1856],
        [0.3446, 0.1956, 0.2188, 0.2411],
        [0.2444, 0.1508, 0.3487, 0.2561],
        [0.1988, 0.1897, 0.2871, 0.3243],
        [0.2271, 0.1940, 0.3523, 0.2266],
        [0.3532, 0.2018, 0.2921, 0.1529],
        [0.2090, 0.1577, 0.3439, 0.2894],
        [0.2128, 0.2745, 0.2832, 0.2295],
        [0.1715, 0.2497, 0.3373, 0.2415],
        [0.2575, 0.2349, 0.2509, 0.2567]], device='cuda:0',
       grad_fn=<SoftmaxBackward0>)
2024-11-18 03:20:04,338 -         train_search: [    INFO] -  alphas_reduct = 
 tensor([[0.3155, 0.1681, 0.3377, 0.1787],
        [0.2758, 0.2118, 0.2348, 0.2775],
        [0.1396, 0.3318, 0.2779, 0.2507],
        [0.2247, 0.1478, 0.3498, 0.2777],
        [0.2247, 0.2687, 0.2724, 0.2342],
        [0.3090, 0.2056, 0.3023, 0.1831],
        [0.2378, 0.1541, 0.2682, 0.3398],
        [0.1761, 0.2427, 0.3919, 0.1893],
        [0.2123, 0.2184, 0.2838, 0.2854],
        [0.2156, 0.1331, 0.3824, 0.2688],
        [0.2089, 0.2714, 0.2816, 0.2380],
        [0.2948, 0.2256, 0.2643, 0.2153],
        [0.2111, 0.1808, 0.2373, 0.3707],
        [0.2780, 0.2245, 0.2097, 0.2878]], device='cuda:0',
       grad_fn=<SoftmaxBackward0>)
2024-11-18 03:20:05,713 -         train_search: [    INFO] - Train: 49 [   0/390]  Loss: 0.001426 (0.00143)  Acc@1: 100.0000 (100.0000)  Acc@5: 100.0000 (100.0000)LR: 1.024e-03
2024-11-18 03:20:33,869 -         train_search: [    INFO] - Train: 49 [  50/390]  Loss: 0.0005698 (0.00863)  Acc@1: 100.0000 (99.7855)  Acc@5: 100.0000 (100.0000)LR: 1.024e-03
2024-11-18 03:21:02,607 -         train_search: [    INFO] - Train: 49 [ 100/390]  Loss: 0.005168 (0.00983)  Acc@1: 100.0000 (99.7061)  Acc@5: 100.0000 (100.0000)LR: 1.024e-03
2024-11-18 03:21:30,776 -         train_search: [    INFO] - Train: 49 [ 150/390]  Loss: 0.01641 (0.00839)  Acc@1: 98.4375 (99.7724)  Acc@5: 100.0000 (100.0000)LR: 1.024e-03
2024-11-18 03:21:59,352 -         train_search: [    INFO] - Train: 49 [ 200/390]  Loss: 0.008729 (0.00810)  Acc@1: 100.0000 (99.7979)  Acc@5: 100.0000 (100.0000)LR: 1.024e-03
2024-11-18 03:22:26,826 -         train_search: [    INFO] - Train: 49 [ 250/390]  Loss: 0.004683 (0.00791)  Acc@1: 100.0000 (99.8070)  Acc@5: 100.0000 (100.0000)LR: 1.024e-03
2024-11-18 03:22:54,380 -         train_search: [    INFO] - Train: 49 [ 300/390]  Loss: 0.01049 (0.00809)  Acc@1: 100.0000 (99.8079)  Acc@5: 100.0000 (100.0000)LR: 1.024e-03
2024-11-18 03:23:22,874 -         train_search: [    INFO] - Train: 49 [ 350/390]  Loss: 0.002886 (0.00796)  Acc@1: 100.0000 (99.8041)  Acc@5: 100.0000 (100.0000)LR: 1.024e-03
2024-11-18 03:23:44,744 -         train_search: [    INFO] - Train: 49 [ 390/390]  Loss: 0.001746 (0.00820)  Acc@1: 100.0000 (99.7880)  Acc@5: 100.0000 (100.0000)LR: 1.024e-03
2024-11-18 03:23:44,857 -         train_search: [    INFO] - train_acc 99.788000
2024-11-18 03:23:45,428 -         train_search: [    INFO] - Valid: 49 [   0/390]  Loss: 0.5362 (0.536)  Acc@1: 82.8125 (82.8125)  Acc@5: 100.0000 (100.0000)
2024-11-18 03:23:50,151 -         train_search: [    INFO] - Valid: 49 [  50/390]  Loss: 0.2113 (0.499)  Acc@1: 92.1875 (89.0319)  Acc@5: 100.0000 (99.3873)
2024-11-18 03:23:55,249 -         train_search: [    INFO] - Valid: 49 [ 100/390]  Loss: 0.3078 (0.538)  Acc@1: 85.9375 (88.3973)  Acc@5: 100.0000 (99.3193)
2024-11-18 03:24:00,009 -         train_search: [    INFO] - Valid: 49 [ 150/390]  Loss: 1.198 (0.554)  Acc@1: 81.2500 (88.2864)  Acc@5: 98.4375 (99.3274)
2024-11-18 03:24:04,795 -         train_search: [    INFO] - Valid: 49 [ 200/390]  Loss: 0.8476 (0.563)  Acc@1: 82.8125 (88.0208)  Acc@5: 100.0000 (99.3315)
2024-11-18 03:24:09,576 -         train_search: [    INFO] - Valid: 49 [ 250/390]  Loss: 0.2390 (0.556)  Acc@1: 92.1875 (88.1848)  Acc@5: 100.0000 (99.3401)
2024-11-18 03:24:14,304 -         train_search: [    INFO] - Valid: 49 [ 300/390]  Loss: 0.7720 (0.558)  Acc@1: 82.8125 (88.2942)  Acc@5: 98.4375 (99.3563)
2024-11-18 03:24:19,199 -         train_search: [    INFO] - Valid: 49 [ 350/390]  Loss: 0.3721 (0.562)  Acc@1: 84.3750 (88.1944)  Acc@5: 100.0000 (99.3412)
2024-11-18 03:24:22,876 -         train_search: [    INFO] - Valid: 49 [ 390/390]  Loss: 0.3817 (0.562)  Acc@1: 90.0000 (88.1720)  Acc@5: 100.0000 (99.3520)
2024-11-18 03:24:22,917 -         train_search: [    INFO] - valid_acc 88.172000
2024-11-18 03:24:22,918 -         train_search: [    INFO] - epoch = 49   
 genotype = Genotype(normal=[('sep_conv_3x3', 1), ('sep_conv_3x3', 0), ('sep_conv_3x3', 0), ('sep_conv_3x3', 1), ('dil_conv_3x3', 3), ('dil_conv_3x3', 1), ('sep_conv_3x3', 0), ('dil_conv_3x3', 1)], normal_concat=range(2, 6), reduce=[('dil_conv_3x3', 0), ('dil_conv_5x5', 1), ('dil_conv_3x3', 1), ('sep_conv_5x5', 0), ('dil_conv_3x3', 2), ('dil_conv_5x5', 1), ('dil_conv_3x3', 0), ('dil_conv_5x5', 3)], reduce_concat=range(2, 6))
2024-11-18 03:24:22,921 -         train_search: [    INFO] - alphas_normal = 
 tensor([[0.4633, 0.2754, 0.1471, 0.1142],
        [0.5197, 0.1651, 0.2024, 0.1128],
        [0.4244, 0.2689, 0.1590, 0.1478],
        [0.3243, 0.1816, 0.2854, 0.2087],
        [0.2848, 0.3099, 0.2213, 0.1840],
        [0.3501, 0.1963, 0.2167, 0.2369],
        [0.2417, 0.1485, 0.3534, 0.2564],
        [0.1973, 0.1859, 0.2877, 0.3291],
        [0.2277, 0.1920, 0.3545, 0.2259],
        [0.3527, 0.2023, 0.2927, 0.1522],
        [0.2085, 0.1549, 0.3439, 0.2927],
        [0.2117, 0.2735, 0.2851, 0.2298],
        [0.1706, 0.2516, 0.3388, 0.2389],
        [0.2559, 0.2349, 0.2539, 0.2552]], device='cuda:0',
       grad_fn=<SoftmaxBackward0>)
2024-11-18 03:24:22,922 -         train_search: [    INFO] -  alphas_reduct = 
 tensor([[0.3156, 0.1664, 0.3401, 0.1780],
        [0.2762, 0.2105, 0.2331, 0.2802],
        [0.1378, 0.3340, 0.2770, 0.2512],
        [0.2255, 0.1460, 0.3537, 0.2748],
        [0.2273, 0.2709, 0.2728, 0.2290],
        [0.3095, 0.2051, 0.3040, 0.1813],
        [0.2378, 0.1526, 0.2681, 0.3415],
        [0.1749, 0.2436, 0.3938, 0.1876],
        [0.2112, 0.2173, 0.2845, 0.2869],
        [0.2147, 0.1315, 0.3879, 0.2659],
        [0.2072, 0.2755, 0.2804, 0.2368],
        [0.2985, 0.2240, 0.2618, 0.2158],
        [0.2102, 0.1797, 0.2357, 0.3744],
        [0.2779, 0.2228, 0.2097, 0.2895]], device='cuda:0',
       grad_fn=<SoftmaxBackward0>)
