2024-11-18 01:32:40,933 -                train: [    INFO] - Training with a single process on 1 GPUs.
2024-11-18 01:32:40,933 -                train: [    INFO] - genotype = Genotype(normal=[('sep_conv_3x3', 1), ('sep_conv_3x3', 0), ('sep_conv_3x3', 0), ('sep_conv_3x3', 1), ('sep_conv_3x3', 0), ('sep_conv_3x3', 2), ('sep_conv_3x3', 0), ('skip_connect', 2)], normal_concat=range(2, 6), reduce=[('sep_conv_3x3', 1), ('sep_conv_3x3', 0), ('sep_conv_3x3', 1), ('skip_connect', 0), ('sep_conv_3x3', 2), ('skip_connect', 1), ('sep_conv_3x3', 1), ('sep_conv_3x3', 4)], reduce_concat=range(2, 6))
2024-11-18 01:32:41,132 -     timm.data.config: [    INFO] - Data processing configuration for current model + dataset:
2024-11-18 01:32:41,132 -     timm.data.config: [    INFO] - 	input_size: (3, 32, 32)
2024-11-18 01:32:41,132 -     timm.data.config: [    INFO] - 	interpolation: bilinear
2024-11-18 01:32:41,132 -     timm.data.config: [    INFO] - 	mean: (0.49139968, 0.48215827, 0.44653124)
2024-11-18 01:32:41,132 -     timm.data.config: [    INFO] - 	std: (0.24703233, 0.24348505, 0.26158768)
2024-11-18 01:32:41,132 -     timm.data.config: [    INFO] - 	crop_pct: 1.0
2024-11-18 01:32:41,132 -     timm.data.config: [    INFO] - 	crop_mode: center
2024-11-18 01:32:41,566 -                train: [    INFO] - 
-------------------------------
Learnable parameters
Student: 4.28M
Extra: 0.48M
-------------------------------
2024-11-18 01:32:43,205 -                train: [    INFO] - Scheduled epochs: 600
2024-11-18 01:32:44,859 -                train: [    INFO] - Train: 0 [   0/520]  Loss: 3.237 (3.24)  Acc@1: 11.4583 (11.4583)  Acc@5: 54.1667 (54.1667)LR: 2.500e-02
2024-11-18 01:33:29,410 -                train: [    INFO] - Train: 0 [ 200/520]  Loss: 3.041 (3.21)  Acc@1: 17.7083 (13.1478)  Acc@5: 73.9583 (58.7272)LR: 2.500e-02
2024-11-18 01:34:12,302 -                train: [    INFO] - Train: 0 [ 400/520]  Loss: 2.564 (2.98)  Acc@1: 28.1250 (19.5371)  Acc@5: 83.3333 (69.9839)LR: 2.500e-02
2024-11-18 01:34:38,146 -                train: [    INFO] - Train: 0 [ 520/520]  Loss: 2.640 (2.87)  Acc@1: 28.7500 (22.4860)  Acc@5: 83.7500 (73.6820)LR: 2.500e-02
2024-11-18 01:34:38,824 -                train: [    INFO] - Valid: 0 [   0/104]  Loss: 1.912 (1.91)  Acc@1: 28.1250 (28.1250)  Acc@5: 86.4583 (86.4583)
2024-11-18 01:34:44,052 -                train: [    INFO] - Valid: 0 [ 104/104]  Loss: 1.953 (1.87)  Acc@1: 25.0000 (32.2000)  Acc@5: 87.5000 (86.0400)
2024-11-18 01:34:44,609 -                train: [    INFO] - valid_acc 32.200001 - best_valid_acc 32.200001
2024-11-18 01:34:45,604 -                train: [    INFO] - Train: 1 [   0/520]  Loss: 2.313 (2.31)  Acc@1: 33.3333 (33.3333)  Acc@5: 90.6250 (90.6250)LR: 2.500e-02
2024-11-18 01:35:29,760 -                train: [    INFO] - Train: 1 [ 200/520]  Loss: 2.337 (2.40)  Acc@1: 40.6250 (36.0075)  Acc@5: 83.3333 (87.6866)LR: 2.500e-02
2024-11-18 01:36:13,968 -                train: [    INFO] - Train: 1 [ 400/520]  Loss: 2.278 (2.32)  Acc@1: 44.7917 (38.5443)  Acc@5: 88.5417 (88.6923)LR: 2.500e-02
2024-11-18 01:36:40,676 -                train: [    INFO] - Train: 1 [ 520/520]  Loss: 2.032 (2.27)  Acc@1: 38.7500 (39.9300)  Acc@5: 92.5000 (89.3540)LR: 2.500e-02
2024-11-18 01:36:40,956 -                train: [    INFO] - Valid: 1 [   0/104]  Loss: 1.387 (1.39)  Acc@1: 52.0833 (52.0833)  Acc@5: 92.7083 (92.7083)
2024-11-18 01:36:46,249 -                train: [    INFO] - Valid: 1 [ 104/104]  Loss: 1.562 (1.45)  Acc@1: 37.5000 (47.1300)  Acc@5: 81.2500 (92.1200)
2024-11-18 01:36:46,733 -                train: [    INFO] - valid_acc 47.130001 - best_valid_acc 47.130001
2024-11-18 01:36:47,238 -                train: [    INFO] - Train: 2 [   0/520]  Loss: 1.971 (1.97)  Acc@1: 50.0000 (50.0000)  Acc@5: 93.7500 (93.7500)LR: 2.500e-02
2024-11-18 01:37:31,514 -                train: [    INFO] - Train: 2 [ 200/520]  Loss: 1.883 (2.01)  Acc@1: 53.1250 (47.7508)  Acc@5: 94.7917 (92.6565)LR: 2.500e-02
2024-11-18 01:38:15,956 -                train: [    INFO] - Train: 2 [ 400/520]  Loss: 1.824 (1.95)  Acc@1: 54.1667 (49.3506)  Acc@5: 92.7083 (93.0382)LR: 2.500e-02
2024-11-18 01:38:42,937 -                train: [    INFO] - Train: 2 [ 520/520]  Loss: 1.832 (1.90)  Acc@1: 53.7500 (50.5960)  Acc@5: 96.2500 (93.3140)LR: 2.500e-02
2024-11-18 01:38:43,182 -                train: [    INFO] - Valid: 2 [   0/104]  Loss: 1.160 (1.16)  Acc@1: 55.2083 (55.2083)  Acc@5: 96.8750 (96.8750)
2024-11-18 01:38:48,488 -                train: [    INFO] - Valid: 2 [ 104/104]  Loss: 1.425 (1.18)  Acc@1: 31.2500 (58.2000)  Acc@5: 87.5000 (95.3000)
2024-11-18 01:38:48,981 -                train: [    INFO] - valid_acc 58.200001 - best_valid_acc 58.200001
2024-11-18 01:38:49,403 -                train: [    INFO] - Train: 3 [   0/520]  Loss: 1.769 (1.77)  Acc@1: 52.0833 (52.0833)  Acc@5: 94.7917 (94.7917)LR: 2.500e-02
2024-11-18 01:39:33,720 -                train: [    INFO] - Train: 3 [ 200/520]  Loss: 1.666 (1.70)  Acc@1: 55.2083 (56.0064)  Acc@5: 95.8333 (94.9212)LR: 2.500e-02
2024-11-18 01:40:18,127 -                train: [    INFO] - Train: 3 [ 400/520]  Loss: 1.656 (1.66)  Acc@1: 58.3333 (57.3696)  Acc@5: 92.7083 (95.0852)LR: 2.500e-02
2024-11-18 01:40:44,825 -                train: [    INFO] - Train: 3 [ 520/520]  Loss: 1.641 (1.63)  Acc@1: 68.7500 (58.1200)  Acc@5: 93.7500 (95.2760)LR: 2.500e-02
2024-11-18 01:40:45,084 -                train: [    INFO] - Valid: 3 [   0/104]  Loss: 1.188 (1.19)  Acc@1: 60.4167 (60.4167)  Acc@5: 95.8333 (95.8333)
2024-11-18 01:40:50,403 -                train: [    INFO] - Valid: 3 [ 104/104]  Loss: 1.487 (1.09)  Acc@1: 62.5000 (62.0600)  Acc@5: 93.7500 (96.5300)
2024-11-18 01:40:50,934 -                train: [    INFO] - valid_acc 62.060002 - best_valid_acc 62.060002
2024-11-18 01:40:51,366 -                train: [    INFO] - Train: 4 [   0/520]  Loss: 1.571 (1.57)  Acc@1: 62.5000 (62.5000)  Acc@5: 94.7917 (94.7917)LR: 2.500e-02
2024-11-18 01:41:35,989 -                train: [    INFO] - Train: 4 [ 200/520]  Loss: 1.269 (1.48)  Acc@1: 64.5833 (62.1476)  Acc@5: 100.0000 (96.2998)LR: 2.500e-02
2024-11-18 01:42:20,851 -                train: [    INFO] - Train: 4 [ 400/520]  Loss: 1.561 (1.47)  Acc@1: 64.5833 (62.3441)  Acc@5: 98.9583 (96.3788)LR: 2.500e-02
2024-11-18 01:42:47,629 -                train: [    INFO] - Train: 4 [ 520/520]  Loss: 1.156 (1.45)  Acc@1: 70.0000 (62.9760)  Acc@5: 98.7500 (96.4320)LR: 2.500e-02
2024-11-18 01:42:47,957 -                train: [    INFO] - Valid: 4 [   0/104]  Loss: 1.047 (1.05)  Acc@1: 62.5000 (62.5000)  Acc@5: 97.9167 (97.9167)
2024-11-18 01:42:53,298 -                train: [    INFO] - Valid: 4 [ 104/104]  Loss: 0.9641 (0.990)  Acc@1: 68.7500 (65.9800)  Acc@5: 100.0000 (97.0400)
2024-11-18 01:42:53,801 -                train: [    INFO] - valid_acc 65.980002 - best_valid_acc 65.980002
2024-11-18 01:42:54,294 -                train: [    INFO] - Train: 5 [   0/520]  Loss: 1.388 (1.39)  Acc@1: 66.6667 (66.6667)  Acc@5: 96.8750 (96.8750)LR: 2.500e-02
2024-11-18 01:43:41,418 -                train: [    INFO] - Train: 5 [ 200/520]  Loss: 1.501 (1.32)  Acc@1: 62.5000 (66.6045)  Acc@5: 96.8750 (96.9527)LR: 2.500e-02
2024-11-18 01:44:28,326 -                train: [    INFO] - Train: 5 [ 400/520]  Loss: 1.326 (1.31)  Acc@1: 70.8333 (66.9654)  Acc@5: 96.8750 (96.9503)LR: 2.500e-02
2024-11-18 01:44:55,772 -                train: [    INFO] - Train: 5 [ 520/520]  Loss: 0.9898 (1.30)  Acc@1: 77.5000 (67.2500)  Acc@5: 100.0000 (97.0860)LR: 2.500e-02
2024-11-18 01:44:56,085 -                train: [    INFO] - Valid: 5 [   0/104]  Loss: 0.7688 (0.769)  Acc@1: 68.7500 (68.7500)  Acc@5: 100.0000 (100.0000)
2024-11-18 01:45:01,403 -                train: [    INFO] - Valid: 5 [ 104/104]  Loss: 0.5613 (0.843)  Acc@1: 62.5000 (71.6000)  Acc@5: 100.0000 (98.0000)
2024-11-18 01:45:02,007 -                train: [    INFO] - valid_acc 71.600002 - best_valid_acc 71.600002
2024-11-18 01:45:02,565 -                train: [    INFO] - Train: 6 [   0/520]  Loss: 1.189 (1.19)  Acc@1: 76.0417 (76.0417)  Acc@5: 95.8333 (95.8333)LR: 2.499e-02
2024-11-18 01:45:47,144 -                train: [    INFO] - Train: 6 [ 200/520]  Loss: 1.033 (1.20)  Acc@1: 75.0000 (69.4237)  Acc@5: 97.9167 (97.7664)LR: 2.499e-02
2024-11-18 01:46:31,804 -                train: [    INFO] - Train: 6 [ 400/520]  Loss: 1.124 (1.19)  Acc@1: 72.9167 (69.9813)  Acc@5: 100.0000 (97.7089)LR: 2.499e-02
2024-11-18 01:46:58,568 -                train: [    INFO] - Train: 6 [ 520/520]  Loss: 1.213 (1.18)  Acc@1: 72.5000 (70.2800)  Acc@5: 97.5000 (97.7820)LR: 2.499e-02
2024-11-18 01:46:58,881 -                train: [    INFO] - Valid: 6 [   0/104]  Loss: 0.7381 (0.738)  Acc@1: 75.0000 (75.0000)  Acc@5: 96.8750 (96.8750)
2024-11-18 01:47:04,183 -                train: [    INFO] - Valid: 6 [ 104/104]  Loss: 1.035 (0.675)  Acc@1: 68.7500 (75.8200)  Acc@5: 93.7500 (98.7400)
2024-11-18 01:47:04,676 -                train: [    INFO] - valid_acc 75.820002 - best_valid_acc 75.820002
2024-11-18 01:47:05,123 -                train: [    INFO] - Train: 7 [   0/520]  Loss: 0.8571 (0.857)  Acc@1: 80.2083 (80.2083)  Acc@5: 98.9583 (98.9583)LR: 2.499e-02
2024-11-18 01:47:51,076 -                train: [    INFO] - Train: 7 [ 200/520]  Loss: 1.072 (1.11)  Acc@1: 70.8333 (72.5539)  Acc@5: 97.9167 (97.8078)LR: 2.499e-02
2024-11-18 01:48:36,025 -                train: [    INFO] - Train: 7 [ 400/520]  Loss: 1.021 (1.10)  Acc@1: 73.9583 (72.6699)  Acc@5: 97.9167 (97.8673)LR: 2.499e-02
2024-11-18 01:49:02,941 -                train: [    INFO] - Train: 7 [ 520/520]  Loss: 1.108 (1.09)  Acc@1: 71.2500 (72.7700)  Acc@5: 98.7500 (97.9420)LR: 2.499e-02
2024-11-18 01:49:03,252 -                train: [    INFO] - Valid: 7 [   0/104]  Loss: 0.6254 (0.625)  Acc@1: 76.0417 (76.0417)  Acc@5: 97.9167 (97.9167)
2024-11-18 01:49:08,690 -                train: [    INFO] - Valid: 7 [ 104/104]  Loss: 0.5473 (0.627)  Acc@1: 81.2500 (79.0100)  Acc@5: 100.0000 (98.5400)
2024-11-18 01:49:09,175 -                train: [    INFO] - valid_acc 79.010003 - best_valid_acc 79.010003
2024-11-18 01:49:09,750 -                train: [    INFO] - Train: 8 [   0/520]  Loss: 0.8288 (0.829)  Acc@1: 77.0833 (77.0833)  Acc@5: 97.9167 (97.9167)LR: 2.499e-02
2024-11-18 01:49:54,405 -                train: [    INFO] - Train: 8 [ 200/520]  Loss: 0.9863 (1.03)  Acc@1: 76.0417 (74.2434)  Acc@5: 96.8750 (98.3416)LR: 2.499e-02
2024-11-18 01:50:39,117 -                train: [    INFO] - Train: 8 [ 400/520]  Loss: 1.017 (1.02)  Acc@1: 75.0000 (74.6727)  Acc@5: 98.9583 (98.3479)LR: 2.499e-02
2024-11-18 01:51:05,841 -                train: [    INFO] - Train: 8 [ 520/520]  Loss: 1.118 (1.02)  Acc@1: 68.7500 (74.7240)  Acc@5: 97.5000 (98.3140)LR: 2.499e-02
2024-11-18 01:51:06,127 -                train: [    INFO] - Valid: 8 [   0/104]  Loss: 0.5524 (0.552)  Acc@1: 77.0833 (77.0833)  Acc@5: 98.9583 (98.9583)
2024-11-18 01:51:11,443 -                train: [    INFO] - Valid: 8 [ 104/104]  Loss: 0.5998 (0.612)  Acc@1: 75.0000 (79.3700)  Acc@5: 100.0000 (98.7000)
2024-11-18 01:51:11,916 -                train: [    INFO] - valid_acc 79.370002 - best_valid_acc 79.370002
2024-11-18 01:51:12,376 -                train: [    INFO] - Train: 9 [   0/520]  Loss: 0.5954 (0.595)  Acc@1: 85.4167 (85.4167)  Acc@5: 100.0000 (100.0000)LR: 2.499e-02
2024-11-18 01:51:56,946 -                train: [    INFO] - Train: 9 [ 200/520]  Loss: 0.8396 (0.969)  Acc@1: 80.2083 (75.9432)  Acc@5: 98.9583 (98.4401)LR: 2.499e-02
2024-11-18 01:52:41,347 -                train: [    INFO] - Train: 9 [ 400/520]  Loss: 0.8303 (0.962)  Acc@1: 77.0833 (76.1586)  Acc@5: 98.9583 (98.4518)LR: 2.499e-02
2024-11-18 01:53:07,933 -                train: [    INFO] - Train: 9 [ 520/520]  Loss: 1.117 (0.969)  Acc@1: 68.7500 (75.9760)  Acc@5: 98.7500 (98.3960)LR: 2.499e-02
2024-11-18 01:53:08,194 -                train: [    INFO] - Valid: 9 [   0/104]  Loss: 0.8298 (0.830)  Acc@1: 76.0417 (76.0417)  Acc@5: 96.8750 (96.8750)
2024-11-18 01:53:13,544 -                train: [    INFO] - Valid: 9 [ 104/104]  Loss: 0.6356 (0.798)  Acc@1: 75.0000 (73.9100)  Acc@5: 100.0000 (97.8200)
2024-11-18 01:53:13,578 -                train: [    INFO] - valid_acc 73.910002 - best_valid_acc 79.370002
2024-11-18 01:53:14,015 -                train: [    INFO] - Train: 10 [   0/520]  Loss: 0.8267 (0.827)  Acc@1: 76.0417 (76.0417)  Acc@5: 98.9583 (98.9583)LR: 2.498e-02
2024-11-18 01:53:58,654 -                train: [    INFO] - Train: 10 [ 200/520]  Loss: 0.8317 (0.930)  Acc@1: 80.2083 (77.2388)  Acc@5: 96.8750 (98.5023)LR: 2.498e-02
2024-11-18 01:54:43,253 -                train: [    INFO] - Train: 10 [ 400/520]  Loss: 1.202 (0.929)  Acc@1: 70.8333 (77.1431)  Acc@5: 97.9167 (98.5193)LR: 2.498e-02
2024-11-18 01:55:10,005 -                train: [    INFO] - Train: 10 [ 520/520]  Loss: 0.9454 (0.925)  Acc@1: 76.2500 (77.2700)  Acc@5: 100.0000 (98.5300)LR: 2.498e-02
2024-11-18 01:55:10,286 -                train: [    INFO] - Valid: 10 [   0/104]  Loss: 0.5543 (0.554)  Acc@1: 80.2083 (80.2083)  Acc@5: 100.0000 (100.0000)
2024-11-18 01:55:15,581 -                train: [    INFO] - Valid: 10 [ 104/104]  Loss: 0.9057 (0.632)  Acc@1: 62.5000 (79.3600)  Acc@5: 93.7500 (98.5000)
2024-11-18 01:55:15,617 -                train: [    INFO] - valid_acc 79.360002 - best_valid_acc 79.370002
2024-11-18 01:55:16,123 -                train: [    INFO] - Train: 11 [   0/520]  Loss: 1.083 (1.08)  Acc@1: 77.0833 (77.0833)  Acc@5: 96.8750 (96.8750)LR: 2.498e-02
2024-11-18 01:56:02,550 -                train: [    INFO] - Train: 11 [ 200/520]  Loss: 1.164 (0.876)  Acc@1: 77.0833 (78.6329)  Acc@5: 95.8333 (98.6267)LR: 2.498e-02
2024-11-18 01:56:47,396 -                train: [    INFO] - Train: 11 [ 400/520]  Loss: 1.016 (0.884)  Acc@1: 69.7917 (78.4523)  Acc@5: 100.0000 (98.6544)LR: 2.498e-02
2024-11-18 01:57:14,123 -                train: [    INFO] - Train: 11 [ 520/520]  Loss: 0.9924 (0.880)  Acc@1: 75.0000 (78.4620)  Acc@5: 100.0000 (98.6580)LR: 2.498e-02
2024-11-18 01:57:14,432 -                train: [    INFO] - Valid: 11 [   0/104]  Loss: 0.7387 (0.739)  Acc@1: 77.0833 (77.0833)  Acc@5: 96.8750 (96.8750)
2024-11-18 01:57:19,755 -                train: [    INFO] - Valid: 11 [ 104/104]  Loss: 0.4850 (0.588)  Acc@1: 81.2500 (80.4300)  Acc@5: 100.0000 (98.6500)
2024-11-18 01:57:20,296 -                train: [    INFO] - valid_acc 80.430003 - best_valid_acc 80.430003
2024-11-18 01:57:20,770 -                train: [    INFO] - Train: 12 [   0/520]  Loss: 0.8234 (0.823)  Acc@1: 75.0000 (75.0000)  Acc@5: 100.0000 (100.0000)LR: 2.498e-02
2024-11-18 01:58:05,961 -                train: [    INFO] - Train: 12 [ 200/520]  Loss: 0.8341 (0.846)  Acc@1: 79.1667 (79.1304)  Acc@5: 98.9583 (98.7925)LR: 2.498e-02
2024-11-18 01:58:50,727 -                train: [    INFO] - Train: 12 [ 400/520]  Loss: 1.056 (0.842)  Acc@1: 70.8333 (79.1173)  Acc@5: 97.9167 (98.8051)LR: 2.498e-02
2024-11-18 01:59:17,456 -                train: [    INFO] - Train: 12 [ 520/520]  Loss: 0.9458 (0.847)  Acc@1: 77.5000 (79.0360)  Acc@5: 98.7500 (98.8040)LR: 2.498e-02
2024-11-18 01:59:17,733 -                train: [    INFO] - Valid: 12 [   0/104]  Loss: 0.4781 (0.478)  Acc@1: 85.4167 (85.4167)  Acc@5: 100.0000 (100.0000)
2024-11-18 01:59:23,093 -                train: [    INFO] - Valid: 12 [ 104/104]  Loss: 0.5477 (0.517)  Acc@1: 93.7500 (82.7800)  Acc@5: 100.0000 (99.1400)
2024-11-18 01:59:23,689 -                train: [    INFO] - valid_acc 82.780003 - best_valid_acc 82.780003
2024-11-18 01:59:24,231 -                train: [    INFO] - Train: 13 [   0/520]  Loss: 0.8187 (0.819)  Acc@1: 78.1250 (78.1250)  Acc@5: 97.9167 (97.9167)LR: 2.497e-02
2024-11-18 02:00:09,664 -                train: [    INFO] - Train: 13 [ 200/520]  Loss: 0.8296 (0.813)  Acc@1: 78.1250 (80.0425)  Acc@5: 98.9583 (98.9480)LR: 2.497e-02
2024-11-18 02:00:54,401 -                train: [    INFO] - Train: 13 [ 400/520]  Loss: 0.7708 (0.819)  Acc@1: 89.5833 (79.9044)  Acc@5: 98.9583 (98.8986)LR: 2.497e-02
2024-11-18 02:01:21,148 -                train: [    INFO] - Train: 13 [ 520/520]  Loss: 1.006 (0.819)  Acc@1: 77.5000 (79.9380)  Acc@5: 100.0000 (98.8720)LR: 2.497e-02
2024-11-18 02:01:21,422 -                train: [    INFO] - Valid: 13 [   0/104]  Loss: 0.6709 (0.671)  Acc@1: 79.1667 (79.1667)  Acc@5: 97.9167 (97.9167)
2024-11-18 02:01:26,834 -                train: [    INFO] - Valid: 13 [ 104/104]  Loss: 0.8306 (0.586)  Acc@1: 75.0000 (80.0300)  Acc@5: 100.0000 (99.1500)
2024-11-18 02:01:26,898 -                train: [    INFO] - valid_acc 80.030003 - best_valid_acc 82.780003
2024-11-18 02:01:27,376 -                train: [    INFO] - Train: 14 [   0/520]  Loss: 0.7495 (0.749)  Acc@1: 80.2083 (80.2083)  Acc@5: 100.0000 (100.0000)LR: 2.497e-02
2024-11-18 02:02:12,124 -                train: [    INFO] - Train: 14 [ 200/520]  Loss: 0.8536 (0.797)  Acc@1: 80.2083 (80.5867)  Acc@5: 98.9583 (98.8391)LR: 2.497e-02
2024-11-18 02:02:56,562 -                train: [    INFO] - Train: 14 [ 400/520]  Loss: 0.6351 (0.800)  Acc@1: 85.4167 (80.4369)  Acc@5: 98.9583 (98.8674)LR: 2.497e-02
2024-11-18 02:03:23,216 -                train: [    INFO] - Train: 14 [ 520/520]  Loss: 0.9902 (0.799)  Acc@1: 75.0000 (80.3920)  Acc@5: 98.7500 (98.8700)LR: 2.497e-02
2024-11-18 02:03:23,460 -                train: [    INFO] - Valid: 14 [   0/104]  Loss: 0.5212 (0.521)  Acc@1: 80.2083 (80.2083)  Acc@5: 100.0000 (100.0000)
2024-11-18 02:03:28,790 -                train: [    INFO] - Valid: 14 [ 104/104]  Loss: 0.4008 (0.623)  Acc@1: 87.5000 (78.6500)  Acc@5: 100.0000 (98.9600)
2024-11-18 02:03:28,818 -                train: [    INFO] - valid_acc 78.650002 - best_valid_acc 82.780003
2024-11-18 02:03:29,243 -                train: [    INFO] - Train: 15 [   0/520]  Loss: 0.7154 (0.715)  Acc@1: 80.2083 (80.2083)  Acc@5: 98.9583 (98.9583)LR: 2.496e-02
2024-11-18 02:04:14,146 -                train: [    INFO] - Train: 15 [ 200/520]  Loss: 0.6316 (0.782)  Acc@1: 82.2917 (80.7369)  Acc@5: 100.0000 (99.0568)LR: 2.496e-02
2024-11-18 02:04:58,998 -                train: [    INFO] - Train: 15 [ 400/520]  Loss: 0.7194 (0.780)  Acc@1: 81.2500 (80.6629)  Acc@5: 100.0000 (98.9869)LR: 2.496e-02
2024-11-18 02:05:25,715 -                train: [    INFO] - Train: 15 [ 520/520]  Loss: 0.9840 (0.780)  Acc@1: 80.0000 (80.6480)  Acc@5: 93.7500 (98.9700)LR: 2.496e-02
2024-11-18 02:05:26,001 -                train: [    INFO] - Valid: 15 [   0/104]  Loss: 0.3717 (0.372)  Acc@1: 84.3750 (84.3750)  Acc@5: 100.0000 (100.0000)
2024-11-18 02:05:31,313 -                train: [    INFO] - Valid: 15 [ 104/104]  Loss: 0.4312 (0.436)  Acc@1: 87.5000 (85.1500)  Acc@5: 100.0000 (99.4300)
2024-11-18 02:05:31,965 -                train: [    INFO] - valid_acc 85.150003 - best_valid_acc 85.150003
2024-11-18 02:05:32,401 -                train: [    INFO] - Train: 16 [   0/520]  Loss: 0.7757 (0.776)  Acc@1: 80.2083 (80.2083)  Acc@5: 100.0000 (100.0000)LR: 2.496e-02
2024-11-18 02:06:17,011 -                train: [    INFO] - Train: 16 [ 200/520]  Loss: 0.6713 (0.745)  Acc@1: 82.2917 (81.7838)  Acc@5: 100.0000 (99.1034)LR: 2.496e-02
2024-11-18 02:07:01,587 -                train: [    INFO] - Train: 16 [ 400/520]  Loss: 0.6471 (0.759)  Acc@1: 82.2917 (81.4007)  Acc@5: 100.0000 (99.0337)LR: 2.496e-02
2024-11-18 02:07:28,274 -                train: [    INFO] - Train: 16 [ 520/520]  Loss: 0.7606 (0.762)  Acc@1: 80.0000 (81.3560)  Acc@5: 100.0000 (99.0200)LR: 2.496e-02
2024-11-18 02:07:28,584 -                train: [    INFO] - Valid: 16 [   0/104]  Loss: 0.4693 (0.469)  Acc@1: 82.2917 (82.2917)  Acc@5: 100.0000 (100.0000)
2024-11-18 02:07:33,890 -                train: [    INFO] - Valid: 16 [ 104/104]  Loss: 0.4279 (0.461)  Acc@1: 81.2500 (84.1000)  Acc@5: 93.7500 (99.1200)
2024-11-18 02:07:33,929 -                train: [    INFO] - valid_acc 84.100003 - best_valid_acc 85.150003
2024-11-18 02:07:34,355 -                train: [    INFO] - Train: 17 [   0/520]  Loss: 0.6180 (0.618)  Acc@1: 86.4583 (86.4583)  Acc@5: 98.9583 (98.9583)LR: 2.495e-02
2024-11-18 02:08:19,107 -                train: [    INFO] - Train: 17 [ 200/520]  Loss: 0.6531 (0.729)  Acc@1: 82.2917 (82.0170)  Acc@5: 100.0000 (99.1345)LR: 2.495e-02
2024-11-18 02:09:03,712 -                train: [    INFO] - Train: 17 [ 400/520]  Loss: 0.9494 (0.739)  Acc@1: 73.9583 (81.7903)  Acc@5: 97.9167 (99.0674)LR: 2.495e-02
2024-11-18 02:09:30,593 -                train: [    INFO] - Train: 17 [ 520/520]  Loss: 0.7724 (0.741)  Acc@1: 82.5000 (81.7500)  Acc@5: 98.7500 (99.0520)LR: 2.495e-02
2024-11-18 02:09:30,906 -                train: [    INFO] - Valid: 17 [   0/104]  Loss: 0.3692 (0.369)  Acc@1: 85.4167 (85.4167)  Acc@5: 100.0000 (100.0000)
2024-11-18 02:09:36,247 -                train: [    INFO] - Valid: 17 [ 104/104]  Loss: 0.3358 (0.467)  Acc@1: 81.2500 (84.5000)  Acc@5: 100.0000 (99.4200)
2024-11-18 02:09:36,295 -                train: [    INFO] - valid_acc 84.500003 - best_valid_acc 85.150003
2024-11-18 02:09:36,803 -                train: [    INFO] - Train: 18 [   0/520]  Loss: 0.7347 (0.735)  Acc@1: 83.3333 (83.3333)  Acc@5: 98.9583 (98.9583)LR: 2.494e-02
2024-11-18 02:10:21,816 -                train: [    INFO] - Train: 18 [ 200/520]  Loss: 0.6786 (0.711)  Acc@1: 82.2917 (82.6752)  Acc@5: 98.9583 (99.0931)LR: 2.494e-02
2024-11-18 02:11:06,518 -                train: [    INFO] - Train: 18 [ 400/520]  Loss: 0.6227 (0.722)  Acc@1: 84.3750 (82.1878)  Acc@5: 100.0000 (99.1350)LR: 2.494e-02
2024-11-18 02:11:33,331 -                train: [    INFO] - Train: 18 [ 520/520]  Loss: 0.6580 (0.728)  Acc@1: 85.0000 (82.0780)  Acc@5: 98.7500 (99.1060)LR: 2.494e-02
2024-11-18 02:11:33,599 -                train: [    INFO] - Valid: 18 [   0/104]  Loss: 0.4857 (0.486)  Acc@1: 82.2917 (82.2917)  Acc@5: 100.0000 (100.0000)
2024-11-18 02:11:39,006 -                train: [    INFO] - Valid: 18 [ 104/104]  Loss: 0.3130 (0.555)  Acc@1: 81.2500 (81.9600)  Acc@5: 100.0000 (99.1300)
2024-11-18 02:11:39,041 -                train: [    INFO] - valid_acc 81.960003 - best_valid_acc 85.150003
2024-11-18 02:11:39,517 -                train: [    INFO] - Train: 19 [   0/520]  Loss: 0.7305 (0.731)  Acc@1: 82.2917 (82.2917)  Acc@5: 97.9167 (97.9167)LR: 2.494e-02
2024-11-18 02:12:24,066 -                train: [    INFO] - Train: 19 [ 200/520]  Loss: 0.6684 (0.703)  Acc@1: 82.2917 (82.8980)  Acc@5: 100.0000 (99.0205)LR: 2.494e-02
2024-11-18 02:13:08,579 -                train: [    INFO] - Train: 19 [ 400/520]  Loss: 0.6611 (0.708)  Acc@1: 85.4167 (82.6476)  Acc@5: 98.9583 (99.0544)LR: 2.494e-02
2024-11-18 02:13:35,409 -                train: [    INFO] - Train: 19 [ 520/520]  Loss: 0.6681 (0.710)  Acc@1: 83.7500 (82.5800)  Acc@5: 100.0000 (99.0680)LR: 2.494e-02
2024-11-18 02:13:35,732 -                train: [    INFO] - Valid: 19 [   0/104]  Loss: 0.5026 (0.503)  Acc@1: 82.2917 (82.2917)  Acc@5: 100.0000 (100.0000)
2024-11-18 02:13:41,052 -                train: [    INFO] - Valid: 19 [ 104/104]  Loss: 0.8242 (0.579)  Acc@1: 81.2500 (81.6800)  Acc@5: 93.7500 (98.5200)
2024-11-18 02:13:41,086 -                train: [    INFO] - valid_acc 81.680003 - best_valid_acc 85.150003
2024-11-18 02:13:41,502 -                train: [    INFO] - Train: 20 [   0/520]  Loss: 0.5843 (0.584)  Acc@1: 85.4167 (85.4167)  Acc@5: 98.9583 (98.9583)LR: 2.493e-02
2024-11-18 02:14:26,165 -                train: [    INFO] - Train: 20 [ 200/520]  Loss: 0.7457 (0.685)  Acc@1: 83.3333 (83.1416)  Acc@5: 100.0000 (99.2952)LR: 2.493e-02
2024-11-18 02:15:10,666 -                train: [    INFO] - Train: 20 [ 400/520]  Loss: 0.6991 (0.691)  Acc@1: 84.3750 (83.0476)  Acc@5: 98.9583 (99.2311)LR: 2.493e-02
2024-11-18 02:15:37,376 -                train: [    INFO] - Train: 20 [ 520/520]  Loss: 1.054 (0.692)  Acc@1: 72.5000 (82.9820)  Acc@5: 98.7500 (99.2360)LR: 2.493e-02
2024-11-18 02:15:37,638 -                train: [    INFO] - Valid: 20 [   0/104]  Loss: 0.6793 (0.679)  Acc@1: 77.0833 (77.0833)  Acc@5: 98.9583 (98.9583)
2024-11-18 02:15:42,968 -                train: [    INFO] - Valid: 20 [ 104/104]  Loss: 1.254 (0.650)  Acc@1: 75.0000 (78.6600)  Acc@5: 100.0000 (98.9100)
2024-11-18 02:15:42,998 -                train: [    INFO] - valid_acc 78.660003 - best_valid_acc 85.150003
2024-11-18 02:15:43,412 -                train: [    INFO] - Train: 21 [   0/520]  Loss: 0.7654 (0.765)  Acc@1: 80.2083 (80.2083)  Acc@5: 98.9583 (98.9583)LR: 2.492e-02
2024-11-18 02:16:28,500 -                train: [    INFO] - Train: 21 [ 200/520]  Loss: 0.5754 (0.700)  Acc@1: 82.2917 (82.7581)  Acc@5: 100.0000 (99.1294)LR: 2.492e-02
2024-11-18 02:17:12,716 -                train: [    INFO] - Train: 21 [ 400/520]  Loss: 0.7500 (0.697)  Acc@1: 79.1667 (82.7722)  Acc@5: 100.0000 (99.1791)LR: 2.492e-02
2024-11-18 02:17:39,402 -                train: [    INFO] - Train: 21 [ 520/520]  Loss: 0.4349 (0.696)  Acc@1: 88.7500 (82.7860)  Acc@5: 100.0000 (99.1660)LR: 2.492e-02
2024-11-18 02:17:39,715 -                train: [    INFO] - Valid: 21 [   0/104]  Loss: 0.5141 (0.514)  Acc@1: 83.3333 (83.3333)  Acc@5: 98.9583 (98.9583)
2024-11-18 02:17:45,064 -                train: [    INFO] - Valid: 21 [ 104/104]  Loss: 0.4460 (0.453)  Acc@1: 87.5000 (85.1100)  Acc@5: 100.0000 (99.1900)
2024-11-18 02:17:45,101 -                train: [    INFO] - valid_acc 85.110003 - best_valid_acc 85.150003
2024-11-18 02:17:45,640 -                train: [    INFO] - Train: 22 [   0/520]  Loss: 0.5101 (0.510)  Acc@1: 89.5833 (89.5833)  Acc@5: 98.9583 (98.9583)LR: 2.492e-02
2024-11-18 02:18:30,430 -                train: [    INFO] - Train: 22 [ 200/520]  Loss: 0.5676 (0.683)  Acc@1: 86.4583 (83.1675)  Acc@5: 100.0000 (99.1397)LR: 2.492e-02
2024-11-18 02:19:15,614 -                train: [    INFO] - Train: 22 [ 400/520]  Loss: 0.5606 (0.683)  Acc@1: 82.2917 (83.2528)  Acc@5: 100.0000 (99.1713)LR: 2.492e-02
2024-11-18 02:19:42,473 -                train: [    INFO] - Train: 22 [ 520/520]  Loss: 0.6877 (0.683)  Acc@1: 81.2500 (83.2580)  Acc@5: 96.2500 (99.1640)LR: 2.492e-02
2024-11-18 02:19:42,775 -                train: [    INFO] - Valid: 22 [   0/104]  Loss: 0.3627 (0.363)  Acc@1: 86.4583 (86.4583)  Acc@5: 100.0000 (100.0000)
2024-11-18 02:19:48,111 -                train: [    INFO] - Valid: 22 [ 104/104]  Loss: 0.4256 (0.399)  Acc@1: 93.7500 (86.8100)  Acc@5: 100.0000 (99.4700)
2024-11-18 02:19:48,614 -                train: [    INFO] - valid_acc 86.810003 - best_valid_acc 86.810003
2024-11-18 02:19:49,094 -                train: [    INFO] - Train: 23 [   0/520]  Loss: 0.7350 (0.735)  Acc@1: 82.2917 (82.2917)  Acc@5: 100.0000 (100.0000)LR: 2.491e-02
2024-11-18 02:20:33,670 -                train: [    INFO] - Train: 23 [ 200/520]  Loss: 0.6419 (0.672)  Acc@1: 84.3750 (83.6028)  Acc@5: 98.9583 (99.2226)LR: 2.491e-02
2024-11-18 02:21:18,234 -                train: [    INFO] - Train: 23 [ 400/520]  Loss: 0.4797 (0.680)  Acc@1: 88.5417 (83.4269)  Acc@5: 100.0000 (99.2025)LR: 2.491e-02
2024-11-18 02:21:44,854 -                train: [    INFO] - Train: 23 [ 520/520]  Loss: 0.8264 (0.680)  Acc@1: 78.7500 (83.3840)  Acc@5: 98.7500 (99.2220)LR: 2.491e-02
2024-11-18 02:21:45,148 -                train: [    INFO] - Valid: 23 [   0/104]  Loss: 0.5366 (0.537)  Acc@1: 82.2917 (82.2917)  Acc@5: 98.9583 (98.9583)
2024-11-18 02:21:50,480 -                train: [    INFO] - Valid: 23 [ 104/104]  Loss: 0.6712 (0.421)  Acc@1: 68.7500 (86.3300)  Acc@5: 100.0000 (99.3700)
2024-11-18 02:21:50,518 -                train: [    INFO] - valid_acc 86.330002 - best_valid_acc 86.810003
2024-11-18 02:21:51,045 -                train: [    INFO] - Train: 24 [   0/520]  Loss: 0.8259 (0.826)  Acc@1: 77.0833 (77.0833)  Acc@5: 98.9583 (98.9583)LR: 2.490e-02
2024-11-18 02:22:38,071 -                train: [    INFO] - Train: 24 [ 200/520]  Loss: 0.5115 (0.673)  Acc@1: 87.5000 (83.4007)  Acc@5: 98.9583 (99.2434)LR: 2.490e-02
2024-11-18 02:23:23,981 -                train: [    INFO] - Train: 24 [ 400/520]  Loss: 0.7132 (0.659)  Acc@1: 80.2083 (83.7282)  Acc@5: 100.0000 (99.2675)LR: 2.490e-02
2024-11-18 02:23:50,973 -                train: [    INFO] - Train: 24 [ 520/520]  Loss: 0.6130 (0.660)  Acc@1: 87.5000 (83.7720)  Acc@5: 97.5000 (99.2760)LR: 2.490e-02
2024-11-18 02:23:51,264 -                train: [    INFO] - Valid: 24 [   0/104]  Loss: 0.5559 (0.556)  Acc@1: 83.3333 (83.3333)  Acc@5: 100.0000 (100.0000)
2024-11-18 02:23:56,584 -                train: [    INFO] - Valid: 24 [ 104/104]  Loss: 0.3600 (0.479)  Acc@1: 81.2500 (83.8800)  Acc@5: 100.0000 (99.3100)
2024-11-18 02:23:56,634 -                train: [    INFO] - valid_acc 83.880002 - best_valid_acc 86.810003
2024-11-18 02:23:57,076 -                train: [    INFO] - Train: 25 [   0/520]  Loss: 0.6416 (0.642)  Acc@1: 82.2917 (82.2917)  Acc@5: 97.9167 (97.9167)LR: 2.489e-02
2024-11-18 02:24:41,729 -                train: [    INFO] - Train: 25 [ 200/520]  Loss: 0.5025 (0.638)  Acc@1: 84.3750 (84.2817)  Acc@5: 100.0000 (99.2589)LR: 2.489e-02
2024-11-18 02:25:26,677 -                train: [    INFO] - Train: 25 [ 400/520]  Loss: 0.7956 (0.659)  Acc@1: 81.2500 (83.7827)  Acc@5: 100.0000 (99.2441)LR: 2.489e-02
2024-11-18 02:25:53,381 -                train: [    INFO] - Train: 25 [ 520/520]  Loss: 0.9443 (0.657)  Acc@1: 75.0000 (83.7600)  Acc@5: 98.7500 (99.2560)LR: 2.489e-02
2024-11-18 02:25:53,699 -                train: [    INFO] - Valid: 25 [   0/104]  Loss: 0.4782 (0.478)  Acc@1: 79.1667 (79.1667)  Acc@5: 98.9583 (98.9583)
2024-11-18 02:25:59,036 -                train: [    INFO] - Valid: 25 [ 104/104]  Loss: 0.3230 (0.540)  Acc@1: 87.5000 (82.4000)  Acc@5: 100.0000 (98.7300)
2024-11-18 02:25:59,084 -                train: [    INFO] - valid_acc 82.400003 - best_valid_acc 86.810003
2024-11-18 02:25:59,620 -                train: [    INFO] - Train: 26 [   0/520]  Loss: 0.7094 (0.709)  Acc@1: 80.2083 (80.2083)  Acc@5: 100.0000 (100.0000)LR: 2.488e-02
2024-11-18 02:26:44,888 -                train: [    INFO] - Train: 26 [ 200/520]  Loss: 0.5717 (0.643)  Acc@1: 86.4583 (84.2247)  Acc@5: 100.0000 (99.3159)LR: 2.488e-02
2024-11-18 02:27:29,930 -                train: [    INFO] - Train: 26 [ 400/520]  Loss: 0.4688 (0.644)  Acc@1: 87.5000 (84.0035)  Acc@5: 97.9167 (99.2882)LR: 2.488e-02
2024-11-18 02:27:56,369 -                train: [    INFO] - Train: 26 [ 520/520]  Loss: 0.5877 (0.652)  Acc@1: 87.5000 (83.9060)  Acc@5: 100.0000 (99.2560)LR: 2.488e-02
2024-11-18 02:27:56,617 -                train: [    INFO] - Valid: 26 [   0/104]  Loss: 0.4327 (0.433)  Acc@1: 85.4167 (85.4167)  Acc@5: 98.9583 (98.9583)
2024-11-18 02:28:01,907 -                train: [    INFO] - Valid: 26 [ 104/104]  Loss: 0.2235 (0.446)  Acc@1: 93.7500 (84.8900)  Acc@5: 100.0000 (99.3500)
2024-11-18 02:28:01,934 -                train: [    INFO] - valid_acc 84.890003 - best_valid_acc 86.810003
2024-11-18 02:28:02,362 -                train: [    INFO] - Train: 27 [   0/520]  Loss: 0.3958 (0.396)  Acc@1: 92.7083 (92.7083)  Acc@5: 100.0000 (100.0000)LR: 2.488e-02
2024-11-18 02:28:46,869 -                train: [    INFO] - Train: 27 [ 200/520]  Loss: 0.6221 (0.641)  Acc@1: 87.5000 (84.1314)  Acc@5: 100.0000 (99.4040)LR: 2.488e-02
2024-11-18 02:29:31,281 -                train: [    INFO] - Train: 27 [ 400/520]  Loss: 0.5436 (0.650)  Acc@1: 86.4583 (84.0165)  Acc@5: 100.0000 (99.3116)LR: 2.488e-02
2024-11-18 02:29:57,998 -                train: [    INFO] - Train: 27 [ 520/520]  Loss: 0.6673 (0.652)  Acc@1: 85.0000 (83.9960)  Acc@5: 98.7500 (99.3140)LR: 2.488e-02
2024-11-18 02:29:58,303 -                train: [    INFO] - Valid: 27 [   0/104]  Loss: 0.5130 (0.513)  Acc@1: 80.2083 (80.2083)  Acc@5: 98.9583 (98.9583)
2024-11-18 02:30:03,651 -                train: [    INFO] - Valid: 27 [ 104/104]  Loss: 0.3440 (0.461)  Acc@1: 93.7500 (85.1200)  Acc@5: 100.0000 (99.2500)
2024-11-18 02:30:03,700 -                train: [    INFO] - valid_acc 85.120003 - best_valid_acc 86.810003
2024-11-18 02:30:04,163 -                train: [    INFO] - Train: 28 [   0/520]  Loss: 0.5764 (0.576)  Acc@1: 86.4583 (86.4583)  Acc@5: 97.9167 (97.9167)LR: 2.487e-02
2024-11-18 02:30:49,661 -                train: [    INFO] - Train: 28 [ 200/520]  Loss: 0.6147 (0.634)  Acc@1: 85.4167 (84.6082)  Acc@5: 100.0000 (99.2641)LR: 2.487e-02
2024-11-18 02:31:34,353 -                train: [    INFO] - Train: 28 [ 400/520]  Loss: 0.6715 (0.633)  Acc@1: 80.2083 (84.4633)  Acc@5: 100.0000 (99.3064)LR: 2.487e-02
2024-11-18 02:32:01,212 -                train: [    INFO] - Train: 28 [ 520/520]  Loss: 0.5361 (0.642)  Acc@1: 83.7500 (84.2580)  Acc@5: 100.0000 (99.2840)LR: 2.487e-02
2024-11-18 02:32:01,523 -                train: [    INFO] - Valid: 28 [   0/104]  Loss: 0.4067 (0.407)  Acc@1: 86.4583 (86.4583)  Acc@5: 98.9583 (98.9583)
2024-11-18 02:32:06,898 -                train: [    INFO] - Valid: 28 [ 104/104]  Loss: 0.4251 (0.351)  Acc@1: 93.7500 (87.8000)  Acc@5: 100.0000 (99.5600)
2024-11-18 02:32:07,450 -                train: [    INFO] - valid_acc 87.800003 - best_valid_acc 87.800003
2024-11-18 02:32:08,014 -                train: [    INFO] - Train: 29 [   0/520]  Loss: 0.7045 (0.704)  Acc@1: 79.1667 (79.1667)  Acc@5: 98.9583 (98.9583)LR: 2.486e-02
2024-11-18 02:32:54,150 -                train: [    INFO] - Train: 29 [ 200/520]  Loss: 0.5969 (0.619)  Acc@1: 86.4583 (84.6756)  Acc@5: 100.0000 (99.3522)LR: 2.486e-02
2024-11-18 02:33:39,628 -                train: [    INFO] - Train: 29 [ 400/520]  Loss: 0.4860 (0.634)  Acc@1: 86.4583 (84.3153)  Acc@5: 98.9583 (99.2545)LR: 2.486e-02
2024-11-18 02:34:07,095 -                train: [    INFO] - Train: 29 [ 520/520]  Loss: 0.5561 (0.630)  Acc@1: 88.7500 (84.4680)  Acc@5: 100.0000 (99.2560)LR: 2.486e-02
2024-11-18 02:34:07,401 -                train: [    INFO] - Valid: 29 [   0/104]  Loss: 0.3540 (0.354)  Acc@1: 88.5417 (88.5417)  Acc@5: 100.0000 (100.0000)
2024-11-18 02:34:12,747 -                train: [    INFO] - Valid: 29 [ 104/104]  Loss: 0.6682 (0.393)  Acc@1: 75.0000 (86.9000)  Acc@5: 100.0000 (99.4400)
2024-11-18 02:34:12,788 -                train: [    INFO] - valid_acc 86.900003 - best_valid_acc 87.800003
2024-11-18 02:34:13,322 -                train: [    INFO] - Train: 30 [   0/520]  Loss: 0.7272 (0.727)  Acc@1: 82.2917 (82.2917)  Acc@5: 98.9583 (98.9583)LR: 2.485e-02
2024-11-18 02:35:00,439 -                train: [    INFO] - Train: 30 [ 200/520]  Loss: 0.5481 (0.643)  Acc@1: 84.3750 (84.2817)  Acc@5: 100.0000 (99.1864)LR: 2.485e-02
2024-11-18 02:35:47,016 -                train: [    INFO] - Train: 30 [ 400/520]  Loss: 0.6170 (0.637)  Acc@1: 86.4583 (84.4425)  Acc@5: 98.9583 (99.2493)LR: 2.485e-02
2024-11-18 02:36:14,421 -                train: [    INFO] - Train: 30 [ 520/520]  Loss: 0.5158 (0.635)  Acc@1: 87.5000 (84.4020)  Acc@5: 100.0000 (99.2620)LR: 2.485e-02
2024-11-18 02:36:14,708 -                train: [    INFO] - Valid: 30 [   0/104]  Loss: 0.2678 (0.268)  Acc@1: 88.5417 (88.5417)  Acc@5: 98.9583 (98.9583)
2024-11-18 02:36:20,233 -                train: [    INFO] - Valid: 30 [ 104/104]  Loss: 0.4203 (0.383)  Acc@1: 68.7500 (87.0600)  Acc@5: 100.0000 (99.4800)
2024-11-18 02:36:20,274 -                train: [    INFO] - valid_acc 87.060003 - best_valid_acc 87.800003
2024-11-18 02:36:20,807 -                train: [    INFO] - Train: 31 [   0/520]  Loss: 0.5010 (0.501)  Acc@1: 86.4583 (86.4583)  Acc@5: 100.0000 (100.0000)LR: 2.484e-02
2024-11-18 02:37:06,003 -                train: [    INFO] - Train: 31 [ 200/520]  Loss: 0.7084 (0.622)  Acc@1: 83.3333 (84.9192)  Acc@5: 100.0000 (99.3574)LR: 2.484e-02
2024-11-18 02:37:51,592 -                train: [    INFO] - Train: 31 [ 400/520]  Loss: 0.6922 (0.627)  Acc@1: 80.2083 (84.8556)  Acc@5: 100.0000 (99.2934)LR: 2.484e-02
2024-11-18 02:38:18,295 -                train: [    INFO] - Train: 31 [ 520/520]  Loss: 0.5658 (0.629)  Acc@1: 90.0000 (84.7680)  Acc@5: 98.7500 (99.2920)LR: 2.484e-02
2024-11-18 02:38:18,558 -                train: [    INFO] - Valid: 31 [   0/104]  Loss: 0.4683 (0.468)  Acc@1: 85.4167 (85.4167)  Acc@5: 97.9167 (97.9167)
2024-11-18 02:38:23,889 -                train: [    INFO] - Valid: 31 [ 104/104]  Loss: 0.3039 (0.423)  Acc@1: 93.7500 (86.0100)  Acc@5: 100.0000 (99.3400)
2024-11-18 02:38:23,917 -                train: [    INFO] - valid_acc 86.010002 - best_valid_acc 87.800003
2024-11-18 02:38:24,334 -                train: [    INFO] - Train: 32 [   0/520]  Loss: 0.5985 (0.598)  Acc@1: 83.3333 (83.3333)  Acc@5: 100.0000 (100.0000)LR: 2.482e-02
2024-11-18 02:39:09,039 -                train: [    INFO] - Train: 32 [ 200/520]  Loss: 0.6617 (0.607)  Acc@1: 85.4167 (85.2923)  Acc@5: 100.0000 (99.3626)LR: 2.482e-02
2024-11-18 02:39:53,630 -                train: [    INFO] - Train: 32 [ 400/520]  Loss: 0.5942 (0.612)  Acc@1: 88.5417 (85.1179)  Acc@5: 97.9167 (99.3298)LR: 2.482e-02
2024-11-18 02:40:20,505 -                train: [    INFO] - Train: 32 [ 520/520]  Loss: 0.4924 (0.616)  Acc@1: 85.0000 (85.0200)  Acc@5: 100.0000 (99.3060)LR: 2.482e-02
2024-11-18 02:40:20,768 -                train: [    INFO] - Valid: 32 [   0/104]  Loss: 0.4817 (0.482)  Acc@1: 85.4167 (85.4167)  Acc@5: 98.9583 (98.9583)
2024-11-18 02:40:26,075 -                train: [    INFO] - Valid: 32 [ 104/104]  Loss: 0.2949 (0.441)  Acc@1: 87.5000 (85.4200)  Acc@5: 100.0000 (99.3200)
2024-11-18 02:40:26,109 -                train: [    INFO] - valid_acc 85.420003 - best_valid_acc 87.800003
2024-11-18 02:40:26,573 -                train: [    INFO] - Train: 33 [   0/520]  Loss: 0.6703 (0.670)  Acc@1: 81.2500 (81.2500)  Acc@5: 100.0000 (100.0000)LR: 2.481e-02
2024-11-18 02:41:11,231 -                train: [    INFO] - Train: 33 [ 200/520]  Loss: 0.7943 (0.607)  Acc@1: 77.0833 (85.0176)  Acc@5: 96.8750 (99.3937)LR: 2.481e-02
2024-11-18 02:41:56,249 -                train: [    INFO] - Train: 33 [ 400/520]  Loss: 0.5364 (0.608)  Acc@1: 87.5000 (84.9803)  Acc@5: 100.0000 (99.3428)LR: 2.481e-02
2024-11-18 02:42:22,993 -                train: [    INFO] - Train: 33 [ 520/520]  Loss: 0.6842 (0.609)  Acc@1: 82.5000 (84.9700)  Acc@5: 97.5000 (99.3540)LR: 2.481e-02
2024-11-18 02:42:23,252 -                train: [    INFO] - Valid: 33 [   0/104]  Loss: 0.3986 (0.399)  Acc@1: 87.5000 (87.5000)  Acc@5: 98.9583 (98.9583)
2024-11-18 02:42:28,619 -                train: [    INFO] - Valid: 33 [ 104/104]  Loss: 0.4135 (0.390)  Acc@1: 87.5000 (87.3900)  Acc@5: 100.0000 (99.5100)
2024-11-18 02:42:28,655 -                train: [    INFO] - valid_acc 87.390002 - best_valid_acc 87.800003
2024-11-18 02:42:29,116 -                train: [    INFO] - Train: 34 [   0/520]  Loss: 0.8702 (0.870)  Acc@1: 72.9167 (72.9167)  Acc@5: 100.0000 (100.0000)LR: 2.480e-02
2024-11-18 02:43:16,223 -                train: [    INFO] - Train: 34 [ 200/520]  Loss: 0.7802 (0.598)  Acc@1: 80.2083 (85.1886)  Acc@5: 100.0000 (99.4092)LR: 2.480e-02
2024-11-18 02:44:02,670 -                train: [    INFO] - Train: 34 [ 400/520]  Loss: 0.8645 (0.614)  Acc@1: 80.2083 (84.8738)  Acc@5: 98.9583 (99.3376)LR: 2.480e-02
2024-11-18 02:44:30,322 -                train: [    INFO] - Train: 34 [ 520/520]  Loss: 0.5175 (0.612)  Acc@1: 88.7500 (84.9740)  Acc@5: 98.7500 (99.3600)LR: 2.480e-02
2024-11-18 02:44:30,619 -                train: [    INFO] - Valid: 34 [   0/104]  Loss: 0.7036 (0.704)  Acc@1: 79.1667 (79.1667)  Acc@5: 98.9583 (98.9583)
2024-11-18 02:44:35,951 -                train: [    INFO] - Valid: 34 [ 104/104]  Loss: 0.8498 (0.539)  Acc@1: 81.2500 (83.1900)  Acc@5: 93.7500 (99.1100)
2024-11-18 02:44:35,999 -                train: [    INFO] - valid_acc 83.190003 - best_valid_acc 87.800003
2024-11-18 02:44:36,558 -                train: [    INFO] - Train: 35 [   0/520]  Loss: 0.6612 (0.661)  Acc@1: 83.3333 (83.3333)  Acc@5: 98.9583 (98.9583)LR: 2.479e-02
2024-11-18 02:45:21,754 -                train: [    INFO] - Train: 35 [ 200/520]  Loss: 0.4788 (0.599)  Acc@1: 84.3750 (85.4011)  Acc@5: 100.0000 (99.3885)LR: 2.479e-02
2024-11-18 02:46:07,385 -                train: [    INFO] - Train: 35 [ 400/520]  Loss: 0.5596 (0.616)  Acc@1: 86.4583 (85.0582)  Acc@5: 98.9583 (99.3454)LR: 2.479e-02
2024-11-18 02:46:34,241 -                train: [    INFO] - Train: 35 [ 520/520]  Loss: 0.4643 (0.616)  Acc@1: 88.7500 (85.0480)  Acc@5: 98.7500 (99.3340)LR: 2.479e-02
2024-11-18 02:46:34,483 -                train: [    INFO] - Valid: 35 [   0/104]  Loss: 0.2585 (0.258)  Acc@1: 91.6667 (91.6667)  Acc@5: 100.0000 (100.0000)
2024-11-18 02:46:39,859 -                train: [    INFO] - Valid: 35 [ 104/104]  Loss: 0.3576 (0.385)  Acc@1: 81.2500 (86.7000)  Acc@5: 100.0000 (99.6100)
2024-11-18 02:46:40,118 -                train: [    INFO] - valid_acc 86.700003 - best_valid_acc 87.800003
2024-11-18 02:46:40,569 -                train: [    INFO] - Train: 36 [   0/520]  Loss: 0.7376 (0.738)  Acc@1: 81.2500 (81.2500)  Acc@5: 98.9583 (98.9583)LR: 2.478e-02
2024-11-18 02:47:25,361 -                train: [    INFO] - Train: 36 [ 200/520]  Loss: 0.7641 (0.599)  Acc@1: 81.2500 (85.2975)  Acc@5: 98.9583 (99.3574)LR: 2.478e-02
2024-11-18 02:48:10,140 -                train: [    INFO] - Train: 36 [ 400/520]  Loss: 0.6033 (0.601)  Acc@1: 84.3750 (85.1413)  Acc@5: 100.0000 (99.3714)LR: 2.478e-02
2024-11-18 02:48:37,123 -                train: [    INFO] - Train: 36 [ 520/520]  Loss: 0.6668 (0.601)  Acc@1: 86.2500 (85.1800)  Acc@5: 98.7500 (99.3620)LR: 2.478e-02
2024-11-18 02:48:37,465 -                train: [    INFO] - Valid: 36 [   0/104]  Loss: 0.5095 (0.509)  Acc@1: 80.2083 (80.2083)  Acc@5: 98.9583 (98.9583)
2024-11-18 02:48:42,851 -                train: [    INFO] - Valid: 36 [ 104/104]  Loss: 0.3368 (0.450)  Acc@1: 81.2500 (85.2000)  Acc@5: 100.0000 (99.5000)
2024-11-18 02:48:42,884 -                train: [    INFO] - valid_acc 85.200003 - best_valid_acc 87.800003
2024-11-18 02:48:43,347 -                train: [    INFO] - Train: 37 [   0/520]  Loss: 0.6378 (0.638)  Acc@1: 87.5000 (87.5000)  Acc@5: 95.8333 (95.8333)LR: 2.477e-02
2024-11-18 02:49:28,938 -                train: [    INFO] - Train: 37 [ 200/520]  Loss: 0.5507 (0.588)  Acc@1: 85.4167 (85.6499)  Acc@5: 100.0000 (99.3885)LR: 2.477e-02
2024-11-18 02:50:14,129 -                train: [    INFO] - Train: 37 [ 400/520]  Loss: 0.4946 (0.601)  Acc@1: 86.4583 (85.2998)  Acc@5: 98.9583 (99.3194)LR: 2.477e-02
2024-11-18 02:50:40,947 -                train: [    INFO] - Train: 37 [ 520/520]  Loss: 0.7505 (0.608)  Acc@1: 80.0000 (85.1200)  Acc@5: 100.0000 (99.3120)LR: 2.477e-02
2024-11-18 02:50:41,209 -                train: [    INFO] - Valid: 37 [   0/104]  Loss: 0.4330 (0.433)  Acc@1: 82.2917 (82.2917)  Acc@5: 98.9583 (98.9583)
2024-11-18 02:50:46,520 -                train: [    INFO] - Valid: 37 [ 104/104]  Loss: 0.5206 (0.512)  Acc@1: 75.0000 (83.0700)  Acc@5: 100.0000 (99.0300)
2024-11-18 02:50:46,552 -                train: [    INFO] - valid_acc 83.070003 - best_valid_acc 87.800003
2024-11-18 02:50:47,023 -                train: [    INFO] - Train: 38 [   0/520]  Loss: 0.7519 (0.752)  Acc@1: 80.2083 (80.2083)  Acc@5: 97.9167 (97.9167)LR: 2.475e-02
2024-11-18 02:51:31,796 -                train: [    INFO] - Train: 38 [ 200/520]  Loss: 0.4973 (0.595)  Acc@1: 87.5000 (85.5462)  Acc@5: 100.0000 (99.4196)LR: 2.475e-02
2024-11-18 02:52:16,269 -                train: [    INFO] - Train: 38 [ 400/520]  Loss: 0.7218 (0.598)  Acc@1: 85.4167 (85.4764)  Acc@5: 100.0000 (99.3947)LR: 2.475e-02
2024-11-18 02:52:43,061 -                train: [    INFO] - Train: 38 [ 520/520]  Loss: 0.7699 (0.600)  Acc@1: 81.2500 (85.4660)  Acc@5: 100.0000 (99.3500)LR: 2.475e-02
2024-11-18 02:52:46,305 -                train: [    INFO] - Valid: 38 [   0/104]  Loss: 0.3031 (0.303)  Acc@1: 89.5833 (89.5833)  Acc@5: 100.0000 (100.0000)
2024-11-18 02:52:51,635 -                train: [    INFO] - Valid: 38 [ 104/104]  Loss: 0.4760 (0.387)  Acc@1: 81.2500 (87.0900)  Acc@5: 100.0000 (99.4300)
2024-11-18 02:52:55,271 -                train: [    INFO] - valid_acc 87.090002 - best_valid_acc 87.800003
2024-11-18 02:52:56,971 -                train: [    INFO] - Train: 39 [   0/520]  Loss: 0.5668 (0.567)  Acc@1: 85.4167 (85.4167)  Acc@5: 100.0000 (100.0000)LR: 2.474e-02
2024-11-18 02:53:42,308 -                train: [    INFO] - Train: 39 [ 200/520]  Loss: 0.6000 (0.587)  Acc@1: 87.5000 (85.5203)  Acc@5: 97.9167 (99.4921)LR: 2.474e-02
2024-11-18 02:54:28,502 -                train: [    INFO] - Train: 39 [ 400/520]  Loss: 0.5905 (0.598)  Acc@1: 86.4583 (85.2920)  Acc@5: 100.0000 (99.4467)LR: 2.474e-02
2024-11-18 02:54:55,899 -                train: [    INFO] - Train: 39 [ 520/520]  Loss: 0.9003 (0.601)  Acc@1: 81.2500 (85.2180)  Acc@5: 97.5000 (99.4140)LR: 2.474e-02
2024-11-18 02:54:56,269 -                train: [    INFO] - Valid: 39 [   0/104]  Loss: 0.4059 (0.406)  Acc@1: 87.5000 (87.5000)  Acc@5: 98.9583 (98.9583)
2024-11-18 02:55:01,676 -                train: [    INFO] - Valid: 39 [ 104/104]  Loss: 0.2675 (0.437)  Acc@1: 87.5000 (85.7300)  Acc@5: 100.0000 (99.1900)
2024-11-18 02:55:01,731 -                train: [    INFO] - valid_acc 85.730003 - best_valid_acc 87.800003
2024-11-18 02:55:02,185 -                train: [    INFO] - Train: 40 [   0/520]  Loss: 0.6511 (0.651)  Acc@1: 81.2500 (81.2500)  Acc@5: 98.9583 (98.9583)LR: 2.473e-02
2024-11-18 02:55:48,063 -                train: [    INFO] - Train: 40 [ 200/520]  Loss: 0.5124 (0.598)  Acc@1: 87.5000 (85.2301)  Acc@5: 100.0000 (99.3263)LR: 2.473e-02
2024-11-18 02:56:33,291 -                train: [    INFO] - Train: 40 [ 400/520]  Loss: 0.7449 (0.601)  Acc@1: 81.2500 (85.2011)  Acc@5: 97.9167 (99.3350)LR: 2.473e-02
2024-11-18 02:57:00,164 -                train: [    INFO] - Train: 40 [ 520/520]  Loss: 0.4094 (0.604)  Acc@1: 86.2500 (85.2140)  Acc@5: 100.0000 (99.3220)LR: 2.473e-02
2024-11-18 02:57:00,432 -                train: [    INFO] - Valid: 40 [   0/104]  Loss: 0.3072 (0.307)  Acc@1: 89.5833 (89.5833)  Acc@5: 100.0000 (100.0000)
2024-11-18 02:57:05,846 -                train: [    INFO] - Valid: 40 [ 104/104]  Loss: 0.1996 (0.384)  Acc@1: 93.7500 (87.0400)  Acc@5: 100.0000 (99.4000)
2024-11-18 02:57:05,887 -                train: [    INFO] - valid_acc 87.040003 - best_valid_acc 87.800003
2024-11-18 02:57:06,352 -                train: [    INFO] - Train: 41 [   0/520]  Loss: 0.5027 (0.503)  Acc@1: 89.5833 (89.5833)  Acc@5: 98.9583 (98.9583)LR: 2.471e-02
2024-11-18 02:57:51,125 -                train: [    INFO] - Train: 41 [ 200/520]  Loss: 0.5299 (0.578)  Acc@1: 87.5000 (85.7069)  Acc@5: 98.9583 (99.4196)LR: 2.471e-02
2024-11-18 02:58:36,623 -                train: [    INFO] - Train: 41 [ 400/520]  Loss: 0.6398 (0.591)  Acc@1: 85.4167 (85.4530)  Acc@5: 98.9583 (99.3895)LR: 2.471e-02
2024-11-18 02:59:03,742 -                train: [    INFO] - Train: 41 [ 520/520]  Loss: 0.6876 (0.589)  Acc@1: 82.5000 (85.5140)  Acc@5: 98.7500 (99.3720)LR: 2.471e-02
2024-11-18 02:59:04,174 -                train: [    INFO] - Valid: 41 [   0/104]  Loss: 0.5127 (0.513)  Acc@1: 85.4167 (85.4167)  Acc@5: 98.9583 (98.9583)
2024-11-18 02:59:09,673 -                train: [    INFO] - Valid: 41 [ 104/104]  Loss: 0.6607 (0.547)  Acc@1: 81.2500 (83.4900)  Acc@5: 100.0000 (98.9000)
2024-11-18 02:59:09,712 -                train: [    INFO] - valid_acc 83.490003 - best_valid_acc 87.800003
2024-11-18 02:59:10,232 -                train: [    INFO] - Train: 42 [   0/520]  Loss: 0.6574 (0.657)  Acc@1: 83.3333 (83.3333)  Acc@5: 100.0000 (100.0000)LR: 2.470e-02
2024-11-18 02:59:55,890 -                train: [    INFO] - Train: 42 [ 200/520]  Loss: 0.5630 (0.577)  Acc@1: 85.4167 (85.9608)  Acc@5: 100.0000 (99.4455)LR: 2.470e-02
2024-11-18 03:00:41,684 -                train: [    INFO] - Train: 42 [ 400/520]  Loss: 0.7025 (0.596)  Acc@1: 81.2500 (85.4608)  Acc@5: 100.0000 (99.4025)LR: 2.470e-02
2024-11-18 03:01:09,032 -                train: [    INFO] - Train: 42 [ 520/520]  Loss: 0.7194 (0.598)  Acc@1: 78.7500 (85.3940)  Acc@5: 100.0000 (99.3720)LR: 2.470e-02
2024-11-18 03:01:09,317 -                train: [    INFO] - Valid: 42 [   0/104]  Loss: 0.3366 (0.337)  Acc@1: 88.5417 (88.5417)  Acc@5: 100.0000 (100.0000)
2024-11-18 03:01:14,662 -                train: [    INFO] - Valid: 42 [ 104/104]  Loss: 0.4615 (0.551)  Acc@1: 81.2500 (83.2900)  Acc@5: 100.0000 (98.8700)
2024-11-18 03:01:14,712 -                train: [    INFO] - valid_acc 83.290003 - best_valid_acc 87.800003
2024-11-18 03:01:15,251 -                train: [    INFO] - Train: 43 [   0/520]  Loss: 0.4985 (0.499)  Acc@1: 87.5000 (87.5000)  Acc@5: 100.0000 (100.0000)LR: 2.468e-02
2024-11-18 03:02:01,004 -                train: [    INFO] - Train: 43 [ 200/520]  Loss: 0.4247 (0.573)  Acc@1: 92.7083 (86.0593)  Acc@5: 98.9583 (99.3937)LR: 2.468e-02
2024-11-18 03:02:45,939 -                train: [    INFO] - Train: 43 [ 400/520]  Loss: 0.8189 (0.590)  Acc@1: 77.0833 (85.6063)  Acc@5: 100.0000 (99.3895)LR: 2.468e-02
2024-11-18 03:03:13,285 -                train: [    INFO] - Train: 43 [ 520/520]  Loss: 0.6096 (0.594)  Acc@1: 86.2500 (85.5940)  Acc@5: 100.0000 (99.3680)LR: 2.468e-02
2024-11-18 03:03:13,567 -                train: [    INFO] - Valid: 43 [   0/104]  Loss: 0.3770 (0.377)  Acc@1: 89.5833 (89.5833)  Acc@5: 98.9583 (98.9583)
2024-11-18 03:03:18,960 -                train: [    INFO] - Valid: 43 [ 104/104]  Loss: 0.4423 (0.346)  Acc@1: 81.2500 (88.4400)  Acc@5: 100.0000 (99.6900)
2024-11-18 03:03:19,514 -                train: [    INFO] - valid_acc 88.440002 - best_valid_acc 88.440002
2024-11-18 03:03:19,941 -                train: [    INFO] - Train: 44 [   0/520]  Loss: 0.4683 (0.468)  Acc@1: 86.4583 (86.4583)  Acc@5: 100.0000 (100.0000)LR: 2.467e-02
2024-11-18 03:04:04,755 -                train: [    INFO] - Train: 44 [ 200/520]  Loss: 0.4734 (0.566)  Acc@1: 87.5000 (86.1422)  Acc@5: 100.0000 (99.4558)LR: 2.467e-02
2024-11-18 03:04:49,609 -                train: [    INFO] - Train: 44 [ 400/520]  Loss: 0.5913 (0.583)  Acc@1: 85.4167 (85.6712)  Acc@5: 97.9167 (99.4493)LR: 2.467e-02
2024-11-18 03:05:16,387 -                train: [    INFO] - Train: 44 [ 520/520]  Loss: 0.6049 (0.586)  Acc@1: 81.2500 (85.6720)  Acc@5: 98.7500 (99.4300)LR: 2.467e-02
2024-11-18 03:05:16,634 -                train: [    INFO] - Valid: 44 [   0/104]  Loss: 0.3789 (0.379)  Acc@1: 84.3750 (84.3750)  Acc@5: 100.0000 (100.0000)
2024-11-18 03:05:22,004 -                train: [    INFO] - Valid: 44 [ 104/104]  Loss: 0.7329 (0.449)  Acc@1: 75.0000 (85.8400)  Acc@5: 100.0000 (99.1400)
2024-11-18 03:05:22,435 -                train: [    INFO] - valid_acc 85.840003 - best_valid_acc 88.440002
2024-11-18 03:05:22,955 -                train: [    INFO] - Train: 45 [   0/520]  Loss: 0.4151 (0.415)  Acc@1: 92.7083 (92.7083)  Acc@5: 98.9583 (98.9583)LR: 2.465e-02
2024-11-18 03:06:09,412 -                train: [    INFO] - Train: 45 [ 200/520]  Loss: 0.5462 (0.589)  Acc@1: 87.5000 (85.3286)  Acc@5: 100.0000 (99.4092)LR: 2.465e-02
2024-11-18 03:06:55,259 -                train: [    INFO] - Train: 45 [ 400/520]  Loss: 0.6570 (0.604)  Acc@1: 82.2917 (85.1153)  Acc@5: 97.9167 (99.3662)LR: 2.465e-02
2024-11-18 03:07:22,429 -                train: [    INFO] - Train: 45 [ 520/520]  Loss: 0.5102 (0.600)  Acc@1: 85.0000 (85.2140)  Acc@5: 100.0000 (99.3640)LR: 2.465e-02
2024-11-18 03:07:22,674 -                train: [    INFO] - Valid: 45 [   0/104]  Loss: 0.3642 (0.364)  Acc@1: 84.3750 (84.3750)  Acc@5: 100.0000 (100.0000)
2024-11-18 03:07:28,032 -                train: [    INFO] - Valid: 45 [ 104/104]  Loss: 0.3607 (0.395)  Acc@1: 68.7500 (86.6600)  Acc@5: 100.0000 (99.3500)
2024-11-18 03:07:28,066 -                train: [    INFO] - valid_acc 86.660003 - best_valid_acc 88.440002
2024-11-18 03:07:28,620 -                train: [    INFO] - Train: 46 [   0/520]  Loss: 0.5545 (0.555)  Acc@1: 86.4583 (86.4583)  Acc@5: 100.0000 (100.0000)LR: 2.464e-02
2024-11-18 03:08:13,331 -                train: [    INFO] - Train: 46 [ 200/520]  Loss: 0.7507 (0.570)  Acc@1: 79.1667 (86.2407)  Acc@5: 100.0000 (99.4248)LR: 2.464e-02
2024-11-18 03:08:58,148 -                train: [    INFO] - Train: 46 [ 400/520]  Loss: 0.4783 (0.580)  Acc@1: 88.5417 (86.0609)  Acc@5: 100.0000 (99.3480)LR: 2.464e-02
2024-11-18 03:09:25,304 -                train: [    INFO] - Train: 46 [ 520/520]  Loss: 0.7474 (0.583)  Acc@1: 83.7500 (85.9280)  Acc@5: 98.7500 (99.3600)LR: 2.464e-02
2024-11-18 03:09:25,576 -                train: [    INFO] - Valid: 46 [   0/104]  Loss: 1.044 (1.04)  Acc@1: 76.0417 (76.0417)  Acc@5: 98.9583 (98.9583)
2024-11-18 03:09:30,993 -                train: [    INFO] - Valid: 46 [ 104/104]  Loss: 0.1883 (1.00)  Acc@1: 87.5000 (72.9200)  Acc@5: 100.0000 (98.2600)
2024-11-18 03:09:31,040 -                train: [    INFO] - valid_acc 72.920003 - best_valid_acc 88.440002
2024-11-18 03:09:31,513 -                train: [    INFO] - Train: 47 [   0/520]  Loss: 0.5646 (0.565)  Acc@1: 86.4583 (86.4583)  Acc@5: 100.0000 (100.0000)LR: 2.462e-02
2024-11-18 03:10:18,989 -                train: [    INFO] - Train: 47 [ 200/520]  Loss: 0.4589 (0.583)  Acc@1: 89.5833 (85.8520)  Acc@5: 100.0000 (99.3937)LR: 2.462e-02
2024-11-18 03:11:04,915 -                train: [    INFO] - Train: 47 [ 400/520]  Loss: 0.4414 (0.587)  Acc@1: 91.6667 (85.6894)  Acc@5: 100.0000 (99.3532)LR: 2.462e-02
2024-11-18 03:11:32,329 -                train: [    INFO] - Train: 47 [ 520/520]  Loss: 0.8992 (0.587)  Acc@1: 78.7500 (85.7560)  Acc@5: 97.5000 (99.3440)LR: 2.462e-02
2024-11-18 03:11:32,668 -                train: [    INFO] - Valid: 47 [   0/104]  Loss: 0.5330 (0.533)  Acc@1: 82.2917 (82.2917)  Acc@5: 100.0000 (100.0000)
2024-11-18 03:11:38,143 -                train: [    INFO] - Valid: 47 [ 104/104]  Loss: 0.4356 (0.445)  Acc@1: 87.5000 (85.9000)  Acc@5: 100.0000 (99.2100)
2024-11-18 03:11:38,174 -                train: [    INFO] - valid_acc 85.900003 - best_valid_acc 88.440002
2024-11-18 03:11:38,693 -                train: [    INFO] - Train: 48 [   0/520]  Loss: 0.4753 (0.475)  Acc@1: 90.6250 (90.6250)  Acc@5: 100.0000 (100.0000)LR: 2.461e-02
2024-11-18 03:12:25,160 -                train: [    INFO] - Train: 48 [ 200/520]  Loss: 0.6134 (0.571)  Acc@1: 86.4583 (86.1111)  Acc@5: 98.9583 (99.4455)LR: 2.461e-02
2024-11-18 03:13:10,430 -                train: [    INFO] - Train: 48 [ 400/520]  Loss: 0.4128 (0.584)  Acc@1: 90.6250 (85.6557)  Acc@5: 100.0000 (99.3921)LR: 2.461e-02
2024-11-18 03:13:37,257 -                train: [    INFO] - Train: 48 [ 520/520]  Loss: 0.7715 (0.589)  Acc@1: 83.7500 (85.5700)  Acc@5: 98.7500 (99.3780)LR: 2.461e-02
2024-11-18 03:13:37,522 -                train: [    INFO] - Valid: 48 [   0/104]  Loss: 0.3124 (0.312)  Acc@1: 87.5000 (87.5000)  Acc@5: 100.0000 (100.0000)
2024-11-18 03:13:42,858 -                train: [    INFO] - Valid: 48 [ 104/104]  Loss: 0.1759 (0.302)  Acc@1: 87.5000 (90.2800)  Acc@5: 100.0000 (99.6100)
2024-11-18 03:13:43,338 -                train: [    INFO] - valid_acc 90.280003 - best_valid_acc 90.280003
2024-11-18 03:13:43,798 -                train: [    INFO] - Train: 49 [   0/520]  Loss: 0.6951 (0.695)  Acc@1: 85.4167 (85.4167)  Acc@5: 100.0000 (100.0000)LR: 2.459e-02
2024-11-18 03:14:29,343 -                train: [    INFO] - Train: 49 [ 200/520]  Loss: 0.4909 (0.561)  Acc@1: 87.5000 (86.0800)  Acc@5: 98.9583 (99.4092)LR: 2.459e-02
2024-11-18 03:15:14,052 -                train: [    INFO] - Train: 49 [ 400/520]  Loss: 0.4818 (0.573)  Acc@1: 89.5833 (85.9050)  Acc@5: 97.9167 (99.3895)LR: 2.459e-02
2024-11-18 03:15:40,748 -                train: [    INFO] - Train: 49 [ 520/520]  Loss: 0.7287 (0.577)  Acc@1: 83.7500 (85.8820)  Acc@5: 98.7500 (99.3880)LR: 2.459e-02
2024-11-18 03:15:41,008 -                train: [    INFO] - Valid: 49 [   0/104]  Loss: 0.5071 (0.507)  Acc@1: 82.2917 (82.2917)  Acc@5: 100.0000 (100.0000)
2024-11-18 03:15:46,347 -                train: [    INFO] - Valid: 49 [ 104/104]  Loss: 0.7799 (0.532)  Acc@1: 81.2500 (83.3400)  Acc@5: 100.0000 (98.9800)
2024-11-18 03:15:46,385 -                train: [    INFO] - valid_acc 83.340002 - best_valid_acc 90.280003
2024-11-18 03:15:46,819 -                train: [    INFO] - Train: 50 [   0/520]  Loss: 0.7874 (0.787)  Acc@1: 82.2917 (82.2917)  Acc@5: 98.9583 (98.9583)LR: 2.457e-02
2024-11-18 03:16:31,308 -                train: [    INFO] - Train: 50 [ 200/520]  Loss: 0.3120 (0.568)  Acc@1: 94.7917 (86.0956)  Acc@5: 100.0000 (99.3522)LR: 2.457e-02
2024-11-18 03:17:16,143 -                train: [    INFO] - Train: 50 [ 400/520]  Loss: 0.5734 (0.571)  Acc@1: 87.5000 (86.0037)  Acc@5: 98.9583 (99.4129)LR: 2.457e-02
2024-11-18 03:17:43,035 -                train: [    INFO] - Train: 50 [ 520/520]  Loss: 0.6319 (0.575)  Acc@1: 81.2500 (85.8920)  Acc@5: 100.0000 (99.3860)LR: 2.457e-02
2024-11-18 03:17:43,354 -                train: [    INFO] - Valid: 50 [   0/104]  Loss: 0.6235 (0.623)  Acc@1: 79.1667 (79.1667)  Acc@5: 100.0000 (100.0000)
2024-11-18 03:17:48,701 -                train: [    INFO] - Valid: 50 [ 104/104]  Loss: 0.8231 (0.535)  Acc@1: 68.7500 (82.8200)  Acc@5: 100.0000 (99.0400)
2024-11-18 03:17:48,745 -                train: [    INFO] - valid_acc 82.820003 - best_valid_acc 90.280003
2024-11-18 03:17:49,218 -                train: [    INFO] - Train: 51 [   0/520]  Loss: 0.6382 (0.638)  Acc@1: 81.2500 (81.2500)  Acc@5: 100.0000 (100.0000)LR: 2.456e-02
2024-11-18 03:18:34,287 -                train: [    INFO] - Train: 51 [ 200/520]  Loss: 0.6250 (0.580)  Acc@1: 85.4167 (85.8520)  Acc@5: 100.0000 (99.4092)LR: 2.456e-02
2024-11-18 03:19:18,973 -                train: [    INFO] - Train: 51 [ 400/520]  Loss: 0.6246 (0.583)  Acc@1: 86.4583 (85.9752)  Acc@5: 98.9583 (99.3480)LR: 2.456e-02
2024-11-18 03:19:45,757 -                train: [    INFO] - Train: 51 [ 520/520]  Loss: 0.6687 (0.583)  Acc@1: 80.0000 (85.9220)  Acc@5: 100.0000 (99.3440)LR: 2.456e-02
2024-11-18 03:19:46,114 -                train: [    INFO] - Valid: 51 [   0/104]  Loss: 0.5150 (0.515)  Acc@1: 84.3750 (84.3750)  Acc@5: 97.9167 (97.9167)
2024-11-18 03:19:51,466 -                train: [    INFO] - Valid: 51 [ 104/104]  Loss: 0.2709 (0.503)  Acc@1: 93.7500 (84.0400)  Acc@5: 100.0000 (99.1500)
2024-11-18 03:19:51,514 -                train: [    INFO] - valid_acc 84.040003 - best_valid_acc 90.280003
2024-11-18 03:19:52,050 -                train: [    INFO] - Train: 52 [   0/520]  Loss: 0.4597 (0.460)  Acc@1: 89.5833 (89.5833)  Acc@5: 98.9583 (98.9583)LR: 2.454e-02
2024-11-18 03:20:36,756 -                train: [    INFO] - Train: 52 [ 200/520]  Loss: 0.6239 (0.543)  Acc@1: 82.2917 (86.4065)  Acc@5: 98.9583 (99.4610)LR: 2.454e-02
2024-11-18 03:21:21,214 -                train: [    INFO] - Train: 52 [ 400/520]  Loss: 0.6495 (0.564)  Acc@1: 83.3333 (86.0973)  Acc@5: 100.0000 (99.4831)LR: 2.454e-02
2024-11-18 03:21:48,034 -                train: [    INFO] - Train: 52 [ 520/520]  Loss: 0.4637 (0.570)  Acc@1: 87.5000 (86.0080)  Acc@5: 100.0000 (99.4360)LR: 2.454e-02
2024-11-18 03:21:48,361 -                train: [    INFO] - Valid: 52 [   0/104]  Loss: 0.8893 (0.889)  Acc@1: 77.0833 (77.0833)  Acc@5: 97.9167 (97.9167)
2024-11-18 03:21:53,766 -                train: [    INFO] - Valid: 52 [ 104/104]  Loss: 0.3111 (0.768)  Acc@1: 87.5000 (78.4500)  Acc@5: 100.0000 (97.9800)
2024-11-18 03:21:53,805 -                train: [    INFO] - valid_acc 78.450002 - best_valid_acc 90.280003
2024-11-18 03:21:54,242 -                train: [    INFO] - Train: 53 [   0/520]  Loss: 0.7716 (0.772)  Acc@1: 80.2083 (80.2083)  Acc@5: 98.9583 (98.9583)LR: 2.452e-02
2024-11-18 03:22:39,269 -                train: [    INFO] - Train: 53 [ 200/520]  Loss: 0.5595 (0.573)  Acc@1: 86.4583 (86.1940)  Acc@5: 100.0000 (99.4507)LR: 2.452e-02
2024-11-18 03:23:23,840 -                train: [    INFO] - Train: 53 [ 400/520]  Loss: 0.4288 (0.579)  Acc@1: 91.6667 (85.9492)  Acc@5: 100.0000 (99.3921)LR: 2.452e-02
2024-11-18 03:23:50,693 -                train: [    INFO] - Train: 53 [ 520/520]  Loss: 0.6972 (0.575)  Acc@1: 83.7500 (85.9940)  Acc@5: 98.7500 (99.4200)LR: 2.452e-02
2024-11-18 03:23:51,039 -                train: [    INFO] - Valid: 53 [   0/104]  Loss: 0.3924 (0.392)  Acc@1: 88.5417 (88.5417)  Acc@5: 100.0000 (100.0000)
2024-11-18 03:23:56,349 -                train: [    INFO] - Valid: 53 [ 104/104]  Loss: 0.5842 (0.401)  Acc@1: 87.5000 (87.2300)  Acc@5: 100.0000 (99.4000)
2024-11-18 03:23:56,391 -                train: [    INFO] - valid_acc 87.230002 - best_valid_acc 90.280003
2024-11-18 03:23:56,936 -                train: [    INFO] - Train: 54 [   0/520]  Loss: 0.5998 (0.600)  Acc@1: 82.2917 (82.2917)  Acc@5: 100.0000 (100.0000)LR: 2.450e-02
2024-11-18 03:24:42,366 -                train: [    INFO] - Train: 54 [ 200/520]  Loss: 0.5812 (0.552)  Acc@1: 88.5417 (86.4998)  Acc@5: 98.9583 (99.4351)LR: 2.450e-02
2024-11-18 03:25:26,708 -                train: [    INFO] - Train: 54 [ 400/520]  Loss: 0.5005 (0.564)  Acc@1: 87.5000 (86.1778)  Acc@5: 100.0000 (99.4207)LR: 2.450e-02
2024-11-18 03:25:53,515 -                train: [    INFO] - Train: 54 [ 520/520]  Loss: 0.6339 (0.570)  Acc@1: 82.5000 (86.0660)  Acc@5: 100.0000 (99.3940)LR: 2.450e-02
2024-11-18 03:25:53,816 -                train: [    INFO] - Valid: 54 [   0/104]  Loss: 0.3628 (0.363)  Acc@1: 88.5417 (88.5417)  Acc@5: 100.0000 (100.0000)
2024-11-18 03:25:59,163 -                train: [    INFO] - Valid: 54 [ 104/104]  Loss: 0.3951 (0.338)  Acc@1: 93.7500 (88.9400)  Acc@5: 100.0000 (99.6700)
2024-11-18 03:25:59,207 -                train: [    INFO] - valid_acc 88.940003 - best_valid_acc 90.280003
2024-11-18 03:25:59,623 -                train: [    INFO] - Train: 55 [   0/520]  Loss: 0.4643 (0.464)  Acc@1: 88.5417 (88.5417)  Acc@5: 100.0000 (100.0000)LR: 2.449e-02
2024-11-18 03:26:44,322 -                train: [    INFO] - Train: 55 [ 200/520]  Loss: 0.6031 (0.577)  Acc@1: 90.6250 (85.9712)  Acc@5: 100.0000 (99.4196)LR: 2.449e-02
2024-11-18 03:27:28,968 -                train: [    INFO] - Train: 55 [ 400/520]  Loss: 0.5965 (0.575)  Acc@1: 84.3750 (86.2064)  Acc@5: 100.0000 (99.4025)LR: 2.449e-02
2024-11-18 03:27:55,641 -                train: [    INFO] - Train: 55 [ 520/520]  Loss: 0.6508 (0.575)  Acc@1: 87.5000 (86.1940)  Acc@5: 100.0000 (99.4000)LR: 2.449e-02
2024-11-18 03:27:55,915 -                train: [    INFO] - Valid: 55 [   0/104]  Loss: 0.4949 (0.495)  Acc@1: 83.3333 (83.3333)  Acc@5: 100.0000 (100.0000)
2024-11-18 03:28:01,266 -                train: [    INFO] - Valid: 55 [ 104/104]  Loss: 0.1313 (0.422)  Acc@1: 93.7500 (86.6000)  Acc@5: 100.0000 (99.4500)
2024-11-18 03:28:01,300 -                train: [    INFO] - valid_acc 86.600003 - best_valid_acc 90.280003
2024-11-18 03:28:01,736 -                train: [    INFO] - Train: 56 [   0/520]  Loss: 0.7303 (0.730)  Acc@1: 83.3333 (83.3333)  Acc@5: 98.9583 (98.9583)LR: 2.447e-02
2024-11-18 03:28:46,503 -                train: [    INFO] - Train: 56 [ 200/520]  Loss: 0.5357 (0.570)  Acc@1: 85.4167 (85.9712)  Acc@5: 98.9583 (99.4196)LR: 2.447e-02
2024-11-18 03:29:31,189 -                train: [    INFO] - Train: 56 [ 400/520]  Loss: 0.5770 (0.565)  Acc@1: 82.2917 (86.0089)  Acc@5: 98.9583 (99.4259)LR: 2.447e-02
2024-11-18 03:29:57,862 -                train: [    INFO] - Train: 56 [ 520/520]  Loss: 0.7443 (0.569)  Acc@1: 81.2500 (85.8940)  Acc@5: 100.0000 (99.4300)LR: 2.447e-02
2024-11-18 03:29:58,205 -                train: [    INFO] - Valid: 56 [   0/104]  Loss: 0.4183 (0.418)  Acc@1: 85.4167 (85.4167)  Acc@5: 100.0000 (100.0000)
2024-11-18 03:30:03,509 -                train: [    INFO] - Valid: 56 [ 104/104]  Loss: 0.3620 (0.378)  Acc@1: 93.7500 (87.4000)  Acc@5: 100.0000 (99.5800)
2024-11-18 03:30:03,559 -                train: [    INFO] - valid_acc 87.400002 - best_valid_acc 90.280003
2024-11-18 03:30:03,989 -                train: [    INFO] - Train: 57 [   0/520]  Loss: 0.5889 (0.589)  Acc@1: 86.4583 (86.4583)  Acc@5: 98.9583 (98.9583)LR: 2.445e-02
2024-11-18 03:30:49,251 -                train: [    INFO] - Train: 57 [ 200/520]  Loss: 0.5364 (0.566)  Acc@1: 89.5833 (86.6086)  Acc@5: 100.0000 (99.3885)LR: 2.445e-02
2024-11-18 03:31:35,006 -                train: [    INFO] - Train: 57 [ 400/520]  Loss: 0.6540 (0.566)  Acc@1: 77.0833 (86.3804)  Acc@5: 100.0000 (99.4259)LR: 2.445e-02
2024-11-18 03:32:01,943 -                train: [    INFO] - Train: 57 [ 520/520]  Loss: 0.4812 (0.565)  Acc@1: 88.7500 (86.3640)  Acc@5: 100.0000 (99.4380)LR: 2.445e-02
2024-11-18 03:32:02,210 -                train: [    INFO] - Valid: 57 [   0/104]  Loss: 0.4889 (0.489)  Acc@1: 81.2500 (81.2500)  Acc@5: 100.0000 (100.0000)
2024-11-18 03:32:07,573 -                train: [    INFO] - Valid: 57 [ 104/104]  Loss: 0.3224 (0.382)  Acc@1: 87.5000 (87.1400)  Acc@5: 100.0000 (99.6000)
2024-11-18 03:32:07,617 -                train: [    INFO] - valid_acc 87.140002 - best_valid_acc 90.280003
2024-11-18 03:32:08,050 -                train: [    INFO] - Train: 58 [   0/520]  Loss: 0.6503 (0.650)  Acc@1: 79.1667 (79.1667)  Acc@5: 100.0000 (100.0000)LR: 2.443e-02
2024-11-18 03:32:52,753 -                train: [    INFO] - Train: 58 [ 200/520]  Loss: 0.5138 (0.561)  Acc@1: 86.4583 (86.1474)  Acc@5: 100.0000 (99.4714)LR: 2.443e-02
2024-11-18 03:33:37,582 -                train: [    INFO] - Train: 58 [ 400/520]  Loss: 0.7446 (0.563)  Acc@1: 79.1667 (86.3233)  Acc@5: 100.0000 (99.4259)LR: 2.443e-02
2024-11-18 03:34:04,358 -                train: [    INFO] - Train: 58 [ 520/520]  Loss: 0.5851 (0.563)  Acc@1: 83.7500 (86.2960)  Acc@5: 100.0000 (99.4340)LR: 2.443e-02
2024-11-18 03:34:04,640 -                train: [    INFO] - Valid: 58 [   0/104]  Loss: 0.3507 (0.351)  Acc@1: 88.5417 (88.5417)  Acc@5: 100.0000 (100.0000)
2024-11-18 03:34:10,064 -                train: [    INFO] - Valid: 58 [ 104/104]  Loss: 0.2888 (0.354)  Acc@1: 87.5000 (88.0500)  Acc@5: 100.0000 (99.5800)
2024-11-18 03:34:10,101 -                train: [    INFO] - valid_acc 88.050003 - best_valid_acc 90.280003
2024-11-18 03:34:10,544 -                train: [    INFO] - Train: 59 [   0/520]  Loss: 0.6371 (0.637)  Acc@1: 86.4583 (86.4583)  Acc@5: 98.9583 (98.9583)LR: 2.441e-02
2024-11-18 03:34:55,170 -                train: [    INFO] - Train: 59 [ 200/520]  Loss: 0.4186 (0.556)  Acc@1: 88.5417 (86.5723)  Acc@5: 100.0000 (99.3885)LR: 2.441e-02
2024-11-18 03:35:39,756 -                train: [    INFO] - Train: 59 [ 400/520]  Loss: 0.5469 (0.563)  Acc@1: 87.5000 (86.3778)  Acc@5: 97.9167 (99.3610)LR: 2.441e-02
2024-11-18 03:36:06,400 -                train: [    INFO] - Train: 59 [ 520/520]  Loss: 0.5460 (0.565)  Acc@1: 87.5000 (86.3040)  Acc@5: 100.0000 (99.3820)LR: 2.441e-02
2024-11-18 03:36:06,788 -                train: [    INFO] - Valid: 59 [   0/104]  Loss: 0.7536 (0.754)  Acc@1: 81.2500 (81.2500)  Acc@5: 98.9583 (98.9583)
2024-11-18 03:36:12,202 -                train: [    INFO] - Valid: 59 [ 104/104]  Loss: 0.4002 (0.549)  Acc@1: 93.7500 (82.4100)  Acc@5: 100.0000 (99.4500)
2024-11-18 03:36:12,238 -                train: [    INFO] - valid_acc 82.410003 - best_valid_acc 90.280003
2024-11-18 03:36:12,719 -                train: [    INFO] - Train: 60 [   0/520]  Loss: 0.4896 (0.490)  Acc@1: 89.5833 (89.5833)  Acc@5: 100.0000 (100.0000)LR: 2.439e-02
2024-11-18 03:36:57,559 -                train: [    INFO] - Train: 60 [ 200/520]  Loss: 0.5671 (0.556)  Acc@1: 88.5417 (86.3599)  Acc@5: 100.0000 (99.4610)LR: 2.439e-02
2024-11-18 03:37:41,984 -                train: [    INFO] - Train: 60 [ 400/520]  Loss: 0.2992 (0.557)  Acc@1: 93.7500 (86.3492)  Acc@5: 100.0000 (99.4415)LR: 2.439e-02
2024-11-18 03:38:08,772 -                train: [    INFO] - Train: 60 [ 520/520]  Loss: 0.4600 (0.563)  Acc@1: 90.0000 (86.2780)  Acc@5: 100.0000 (99.3940)LR: 2.439e-02
2024-11-18 03:38:09,047 -                train: [    INFO] - Valid: 60 [   0/104]  Loss: 0.4323 (0.432)  Acc@1: 81.2500 (81.2500)  Acc@5: 100.0000 (100.0000)
2024-11-18 03:38:14,389 -                train: [    INFO] - Valid: 60 [ 104/104]  Loss: 0.5762 (0.560)  Acc@1: 75.0000 (82.4300)  Acc@5: 100.0000 (98.9800)
2024-11-18 03:38:14,422 -                train: [    INFO] - valid_acc 82.430003 - best_valid_acc 90.280003
2024-11-18 03:38:14,867 -                train: [    INFO] - Train: 61 [   0/520]  Loss: 0.4181 (0.418)  Acc@1: 89.5833 (89.5833)  Acc@5: 100.0000 (100.0000)LR: 2.437e-02
2024-11-18 03:38:59,640 -                train: [    INFO] - Train: 61 [ 200/520]  Loss: 0.5276 (0.559)  Acc@1: 90.6250 (86.2148)  Acc@5: 97.9167 (99.4766)LR: 2.437e-02
2024-11-18 03:39:44,435 -                train: [    INFO] - Train: 61 [ 400/520]  Loss: 0.4348 (0.557)  Acc@1: 89.5833 (86.3310)  Acc@5: 100.0000 (99.4545)LR: 2.437e-02
2024-11-18 03:40:11,127 -                train: [    INFO] - Train: 61 [ 520/520]  Loss: 0.6115 (0.564)  Acc@1: 85.0000 (86.2460)  Acc@5: 100.0000 (99.4460)LR: 2.437e-02
2024-11-18 03:40:11,392 -                train: [    INFO] - Valid: 61 [   0/104]  Loss: 0.2784 (0.278)  Acc@1: 89.5833 (89.5833)  Acc@5: 100.0000 (100.0000)
2024-11-18 03:40:16,708 -                train: [    INFO] - Valid: 61 [ 104/104]  Loss: 0.1333 (0.338)  Acc@1: 100.0000 (88.7000)  Acc@5: 100.0000 (99.5600)
2024-11-18 03:40:16,759 -                train: [    INFO] - valid_acc 88.700003 - best_valid_acc 90.280003
2024-11-18 03:40:17,291 -                train: [    INFO] - Train: 62 [   0/520]  Loss: 0.3800 (0.380)  Acc@1: 90.6250 (90.6250)  Acc@5: 100.0000 (100.0000)LR: 2.435e-02
2024-11-18 03:41:02,473 -                train: [    INFO] - Train: 62 [ 200/520]  Loss: 0.6865 (0.558)  Acc@1: 86.4583 (86.4635)  Acc@5: 97.9167 (99.4351)LR: 2.435e-02
2024-11-18 03:41:46,939 -                train: [    INFO] - Train: 62 [ 400/520]  Loss: 0.6322 (0.555)  Acc@1: 82.2917 (86.4220)  Acc@5: 100.0000 (99.4727)LR: 2.435e-02
2024-11-18 03:42:13,760 -                train: [    INFO] - Train: 62 [ 520/520]  Loss: 0.5151 (0.561)  Acc@1: 85.0000 (86.3620)  Acc@5: 100.0000 (99.4520)LR: 2.435e-02
2024-11-18 03:42:14,062 -                train: [    INFO] - Valid: 62 [   0/104]  Loss: 0.3572 (0.357)  Acc@1: 86.4583 (86.4583)  Acc@5: 98.9583 (98.9583)
2024-11-18 03:42:19,490 -                train: [    INFO] - Valid: 62 [ 104/104]  Loss: 0.3876 (0.363)  Acc@1: 87.5000 (88.1500)  Acc@5: 100.0000 (99.4600)
2024-11-18 03:42:19,523 -                train: [    INFO] - valid_acc 88.150003 - best_valid_acc 90.280003
2024-11-18 03:42:19,983 -                train: [    INFO] - Train: 63 [   0/520]  Loss: 0.4630 (0.463)  Acc@1: 91.6667 (91.6667)  Acc@5: 98.9583 (98.9583)LR: 2.433e-02
2024-11-18 03:43:04,622 -                train: [    INFO] - Train: 63 [ 200/520]  Loss: 0.5496 (0.532)  Acc@1: 82.2917 (87.1372)  Acc@5: 100.0000 (99.4921)LR: 2.433e-02
2024-11-18 03:43:49,063 -                train: [    INFO] - Train: 63 [ 400/520]  Loss: 0.6407 (0.550)  Acc@1: 82.2917 (86.6116)  Acc@5: 100.0000 (99.4701)LR: 2.433e-02
2024-11-18 03:44:15,740 -                train: [    INFO] - Train: 63 [ 520/520]  Loss: 0.6665 (0.553)  Acc@1: 82.5000 (86.5700)  Acc@5: 100.0000 (99.4660)LR: 2.433e-02
2024-11-18 03:44:16,127 -                train: [    INFO] - Valid: 63 [   0/104]  Loss: 0.3119 (0.312)  Acc@1: 88.5417 (88.5417)  Acc@5: 98.9583 (98.9583)
2024-11-18 03:44:21,445 -                train: [    INFO] - Valid: 63 [ 104/104]  Loss: 0.4945 (0.334)  Acc@1: 75.0000 (88.6600)  Acc@5: 100.0000 (99.6000)
2024-11-18 03:44:21,486 -                train: [    INFO] - valid_acc 88.660003 - best_valid_acc 90.280003
2024-11-18 03:44:22,070 -                train: [    INFO] - Train: 64 [   0/520]  Loss: 0.6798 (0.680)  Acc@1: 85.4167 (85.4167)  Acc@5: 98.9583 (98.9583)LR: 2.430e-02
2024-11-18 03:45:08,022 -                train: [    INFO] - Train: 64 [ 200/520]  Loss: 0.5369 (0.555)  Acc@1: 87.5000 (86.4065)  Acc@5: 100.0000 (99.4299)LR: 2.430e-02
2024-11-18 03:45:53,623 -                train: [    INFO] - Train: 64 [ 400/520]  Loss: 0.8119 (0.555)  Acc@1: 80.2083 (86.3934)  Acc@5: 100.0000 (99.4623)LR: 2.430e-02
2024-11-18 03:46:21,002 -                train: [    INFO] - Train: 64 [ 520/520]  Loss: 0.4057 (0.551)  Acc@1: 92.5000 (86.5780)  Acc@5: 100.0000 (99.4600)LR: 2.430e-02
2024-11-18 03:46:21,308 -                train: [    INFO] - Valid: 64 [   0/104]  Loss: 0.3238 (0.324)  Acc@1: 88.5417 (88.5417)  Acc@5: 98.9583 (98.9583)
2024-11-18 03:46:26,620 -                train: [    INFO] - Valid: 64 [ 104/104]  Loss: 0.5572 (0.331)  Acc@1: 81.2500 (89.1700)  Acc@5: 100.0000 (99.5600)
2024-11-18 03:46:26,662 -                train: [    INFO] - valid_acc 89.170003 - best_valid_acc 90.280003
2024-11-18 03:46:27,154 -                train: [    INFO] - Train: 65 [   0/520]  Loss: 0.6232 (0.623)  Acc@1: 84.3750 (84.3750)  Acc@5: 98.9583 (98.9583)LR: 2.428e-02
2024-11-18 03:47:12,434 -                train: [    INFO] - Train: 65 [ 200/520]  Loss: 0.5477 (0.540)  Acc@1: 87.5000 (86.9921)  Acc@5: 100.0000 (99.4299)LR: 2.428e-02
2024-11-18 03:47:57,146 -                train: [    INFO] - Train: 65 [ 400/520]  Loss: 0.3876 (0.550)  Acc@1: 91.6667 (86.6506)  Acc@5: 98.9583 (99.4207)LR: 2.428e-02
2024-11-18 03:48:23,770 -                train: [    INFO] - Train: 65 [ 520/520]  Loss: 0.5741 (0.552)  Acc@1: 88.7500 (86.6360)  Acc@5: 98.7500 (99.4400)LR: 2.428e-02
2024-11-18 03:48:24,090 -                train: [    INFO] - Valid: 65 [   0/104]  Loss: 0.4252 (0.425)  Acc@1: 86.4583 (86.4583)  Acc@5: 100.0000 (100.0000)
2024-11-18 03:48:29,407 -                train: [    INFO] - Valid: 65 [ 104/104]  Loss: 0.5323 (0.369)  Acc@1: 87.5000 (88.1400)  Acc@5: 100.0000 (99.6600)
2024-11-18 03:48:29,594 -                train: [    INFO] - valid_acc 88.140002 - best_valid_acc 90.280003
2024-11-18 03:48:30,078 -                train: [    INFO] - Train: 66 [   0/520]  Loss: 0.7814 (0.781)  Acc@1: 83.3333 (83.3333)  Acc@5: 98.9583 (98.9583)LR: 2.426e-02
2024-11-18 03:49:16,042 -                train: [    INFO] - Train: 66 [ 200/520]  Loss: 0.4529 (0.544)  Acc@1: 91.6667 (86.7382)  Acc@5: 100.0000 (99.3885)LR: 2.426e-02
2024-11-18 03:50:00,673 -                train: [    INFO] - Train: 66 [ 400/520]  Loss: 0.4354 (0.553)  Acc@1: 89.5833 (86.5986)  Acc@5: 100.0000 (99.4103)LR: 2.426e-02
2024-11-18 03:50:27,308 -                train: [    INFO] - Train: 66 [ 520/520]  Loss: 0.7244 (0.554)  Acc@1: 82.5000 (86.5620)  Acc@5: 100.0000 (99.4480)LR: 2.426e-02
2024-11-18 03:50:27,651 -                train: [    INFO] - Valid: 66 [   0/104]  Loss: 0.3462 (0.346)  Acc@1: 87.5000 (87.5000)  Acc@5: 98.9583 (98.9583)
2024-11-18 03:50:32,991 -                train: [    INFO] - Valid: 66 [ 104/104]  Loss: 0.2031 (0.371)  Acc@1: 81.2500 (87.9600)  Acc@5: 100.0000 (99.4900)
2024-11-18 03:50:34,893 -                train: [    INFO] - valid_acc 87.960003 - best_valid_acc 90.280003
2024-11-18 03:50:35,368 -                train: [    INFO] - Train: 67 [   0/520]  Loss: 0.6742 (0.674)  Acc@1: 84.3750 (84.3750)  Acc@5: 100.0000 (100.0000)LR: 2.424e-02
2024-11-18 03:51:20,208 -                train: [    INFO] - Train: 67 [ 200/520]  Loss: 0.4344 (0.528)  Acc@1: 91.6667 (87.3549)  Acc@5: 100.0000 (99.4662)LR: 2.424e-02
2024-11-18 03:52:04,497 -                train: [    INFO] - Train: 67 [ 400/520]  Loss: 0.5616 (0.548)  Acc@1: 87.5000 (86.7129)  Acc@5: 97.9167 (99.3973)LR: 2.424e-02
2024-11-18 03:52:31,032 -                train: [    INFO] - Train: 67 [ 520/520]  Loss: 0.6226 (0.556)  Acc@1: 82.5000 (86.5480)  Acc@5: 100.0000 (99.4140)LR: 2.424e-02
2024-11-18 03:52:31,343 -                train: [    INFO] - Valid: 67 [   0/104]  Loss: 0.4339 (0.434)  Acc@1: 88.5417 (88.5417)  Acc@5: 100.0000 (100.0000)
2024-11-18 03:52:36,683 -                train: [    INFO] - Valid: 67 [ 104/104]  Loss: 0.8481 (0.522)  Acc@1: 68.7500 (82.9200)  Acc@5: 100.0000 (99.4700)
2024-11-18 03:52:36,765 -                train: [    INFO] - valid_acc 82.920003 - best_valid_acc 90.280003
2024-11-18 03:52:37,195 -                train: [    INFO] - Train: 68 [   0/520]  Loss: 0.7701 (0.770)  Acc@1: 85.4167 (85.4167)  Acc@5: 98.9583 (98.9583)LR: 2.422e-02
2024-11-18 03:53:23,576 -                train: [    INFO] - Train: 68 [ 200/520]  Loss: 0.5169 (0.531)  Acc@1: 90.6250 (87.3031)  Acc@5: 100.0000 (99.3988)LR: 2.422e-02
2024-11-18 03:54:09,085 -                train: [    INFO] - Train: 68 [ 400/520]  Loss: 0.5714 (0.545)  Acc@1: 87.5000 (86.7960)  Acc@5: 98.9583 (99.3895)LR: 2.422e-02
2024-11-18 03:54:36,621 -                train: [    INFO] - Train: 68 [ 520/520]  Loss: 0.4199 (0.544)  Acc@1: 88.7500 (86.7540)  Acc@5: 100.0000 (99.4020)LR: 2.422e-02
2024-11-18 03:54:36,935 -                train: [    INFO] - Valid: 68 [   0/104]  Loss: 0.4976 (0.498)  Acc@1: 87.5000 (87.5000)  Acc@5: 97.9167 (97.9167)
2024-11-18 03:54:42,271 -                train: [    INFO] - Valid: 68 [ 104/104]  Loss: 0.3615 (0.401)  Acc@1: 87.5000 (87.0000)  Acc@5: 100.0000 (99.5600)
2024-11-18 03:54:42,309 -                train: [    INFO] - valid_acc 87.000002 - best_valid_acc 90.280003
2024-11-18 03:54:42,735 -                train: [    INFO] - Train: 69 [   0/520]  Loss: 0.3789 (0.379)  Acc@1: 90.6250 (90.6250)  Acc@5: 100.0000 (100.0000)LR: 2.419e-02
2024-11-18 03:55:27,787 -                train: [    INFO] - Train: 69 [ 200/520]  Loss: 0.7849 (0.532)  Acc@1: 84.3750 (87.2409)  Acc@5: 100.0000 (99.4714)LR: 2.419e-02
2024-11-18 03:56:12,814 -                train: [    INFO] - Train: 69 [ 400/520]  Loss: 0.5298 (0.537)  Acc@1: 89.5833 (86.9987)  Acc@5: 98.9583 (99.4597)LR: 2.419e-02
2024-11-18 03:56:39,410 -                train: [    INFO] - Train: 69 [ 520/520]  Loss: 0.6947 (0.542)  Acc@1: 83.7500 (86.9740)  Acc@5: 98.7500 (99.4240)LR: 2.419e-02
2024-11-18 03:56:39,705 -                train: [    INFO] - Valid: 69 [   0/104]  Loss: 0.3697 (0.370)  Acc@1: 87.5000 (87.5000)  Acc@5: 98.9583 (98.9583)
2024-11-18 03:56:45,039 -                train: [    INFO] - Valid: 69 [ 104/104]  Loss: 0.3501 (0.376)  Acc@1: 81.2500 (87.6300)  Acc@5: 100.0000 (99.5100)
2024-11-18 03:56:45,074 -                train: [    INFO] - valid_acc 87.630003 - best_valid_acc 90.280003
2024-11-18 03:56:45,590 -                train: [    INFO] - Train: 70 [   0/520]  Loss: 0.4594 (0.459)  Acc@1: 89.5833 (89.5833)  Acc@5: 100.0000 (100.0000)LR: 2.417e-02
2024-11-18 03:57:33,623 -                train: [    INFO] - Train: 70 [ 200/520]  Loss: 0.4497 (0.527)  Acc@1: 89.5833 (87.0388)  Acc@5: 100.0000 (99.4714)LR: 2.417e-02
2024-11-18 03:58:19,186 -                train: [    INFO] - Train: 70 [ 400/520]  Loss: 0.5005 (0.537)  Acc@1: 86.4583 (86.8532)  Acc@5: 100.0000 (99.4753)LR: 2.417e-02
2024-11-18 03:58:46,061 -                train: [    INFO] - Train: 70 [ 520/520]  Loss: 0.7133 (0.547)  Acc@1: 80.0000 (86.6140)  Acc@5: 98.7500 (99.4420)LR: 2.417e-02
2024-11-18 03:58:46,348 -                train: [    INFO] - Valid: 70 [   0/104]  Loss: 0.4575 (0.458)  Acc@1: 88.5417 (88.5417)  Acc@5: 98.9583 (98.9583)
2024-11-18 03:58:51,669 -                train: [    INFO] - Valid: 70 [ 104/104]  Loss: 0.3395 (0.421)  Acc@1: 87.5000 (86.8900)  Acc@5: 100.0000 (99.4800)
2024-11-18 03:58:51,700 -                train: [    INFO] - valid_acc 86.890002 - best_valid_acc 90.280003
2024-11-18 03:58:52,161 -                train: [    INFO] - Train: 71 [   0/520]  Loss: 0.4249 (0.425)  Acc@1: 93.7500 (93.7500)  Acc@5: 100.0000 (100.0000)LR: 2.415e-02
2024-11-18 03:59:38,628 -                train: [    INFO] - Train: 71 [ 200/520]  Loss: 0.7457 (0.538)  Acc@1: 79.1667 (86.7796)  Acc@5: 100.0000 (99.5180)LR: 2.415e-02
2024-11-18 04:00:23,704 -                train: [    INFO] - Train: 71 [ 400/520]  Loss: 0.3905 (0.538)  Acc@1: 90.6250 (86.8324)  Acc@5: 100.0000 (99.4623)LR: 2.415e-02
2024-11-18 04:00:50,775 -                train: [    INFO] - Train: 71 [ 520/520]  Loss: 0.7440 (0.543)  Acc@1: 78.7500 (86.7500)  Acc@5: 100.0000 (99.4360)LR: 2.415e-02
2024-11-18 04:00:51,067 -                train: [    INFO] - Valid: 71 [   0/104]  Loss: 0.3289 (0.329)  Acc@1: 87.5000 (87.5000)  Acc@5: 100.0000 (100.0000)
2024-11-18 04:00:56,381 -                train: [    INFO] - Valid: 71 [ 104/104]  Loss: 0.3984 (0.361)  Acc@1: 81.2500 (87.8000)  Acc@5: 100.0000 (99.6500)
2024-11-18 04:00:56,425 -                train: [    INFO] - valid_acc 87.800002 - best_valid_acc 90.280003
2024-11-18 04:00:56,861 -                train: [    INFO] - Train: 72 [   0/520]  Loss: 0.5420 (0.542)  Acc@1: 85.4167 (85.4167)  Acc@5: 100.0000 (100.0000)LR: 2.412e-02
2024-11-18 04:01:41,332 -                train: [    INFO] - Train: 72 [ 200/520]  Loss: 0.5460 (0.545)  Acc@1: 86.4583 (86.6708)  Acc@5: 98.9583 (99.5025)LR: 2.412e-02
2024-11-18 04:02:25,920 -                train: [    INFO] - Train: 72 [ 400/520]  Loss: 0.4029 (0.544)  Acc@1: 89.5833 (86.7311)  Acc@5: 100.0000 (99.4233)LR: 2.412e-02
2024-11-18 04:02:52,667 -                train: [    INFO] - Train: 72 [ 520/520]  Loss: 0.6540 (0.547)  Acc@1: 85.0000 (86.6420)  Acc@5: 97.5000 (99.4400)LR: 2.412e-02
2024-11-18 04:02:52,942 -                train: [    INFO] - Valid: 72 [   0/104]  Loss: 0.3887 (0.389)  Acc@1: 85.4167 (85.4167)  Acc@5: 98.9583 (98.9583)
2024-11-18 04:02:58,276 -                train: [    INFO] - Valid: 72 [ 104/104]  Loss: 0.1674 (0.358)  Acc@1: 93.7500 (87.9800)  Acc@5: 100.0000 (99.5400)
2024-11-18 04:02:58,328 -                train: [    INFO] - valid_acc 87.980003 - best_valid_acc 90.280003
2024-11-18 04:02:58,781 -                train: [    INFO] - Train: 73 [   0/520]  Loss: 0.4061 (0.406)  Acc@1: 88.5417 (88.5417)  Acc@5: 100.0000 (100.0000)LR: 2.410e-02
2024-11-18 04:03:43,460 -                train: [    INFO] - Train: 73 [ 200/520]  Loss: 0.5025 (0.524)  Acc@1: 86.4583 (87.3186)  Acc@5: 98.9583 (99.4507)LR: 2.410e-02
2024-11-18 04:04:28,024 -                train: [    INFO] - Train: 73 [ 400/520]  Loss: 0.5045 (0.533)  Acc@1: 89.5833 (87.0480)  Acc@5: 98.9583 (99.4337)LR: 2.410e-02
2024-11-18 04:04:54,783 -                train: [    INFO] - Train: 73 [ 520/520]  Loss: 0.6642 (0.538)  Acc@1: 87.5000 (86.9460)  Acc@5: 98.7500 (99.4140)LR: 2.410e-02
2024-11-18 04:04:55,140 -                train: [    INFO] - Valid: 73 [   0/104]  Loss: 0.4301 (0.430)  Acc@1: 86.4583 (86.4583)  Acc@5: 98.9583 (98.9583)
2024-11-18 04:05:00,450 -                train: [    INFO] - Valid: 73 [ 104/104]  Loss: 0.4118 (0.405)  Acc@1: 87.5000 (87.3900)  Acc@5: 100.0000 (99.4400)
2024-11-18 04:05:00,486 -                train: [    INFO] - valid_acc 87.390003 - best_valid_acc 90.280003
2024-11-18 04:05:00,929 -                train: [    INFO] - Train: 74 [   0/520]  Loss: 0.5826 (0.583)  Acc@1: 85.4167 (85.4167)  Acc@5: 100.0000 (100.0000)LR: 2.407e-02
2024-11-18 04:05:46,970 -                train: [    INFO] - Train: 74 [ 200/520]  Loss: 0.6114 (0.533)  Acc@1: 85.4167 (87.1372)  Acc@5: 98.9583 (99.4403)LR: 2.407e-02
2024-11-18 04:06:31,322 -                train: [    INFO] - Train: 74 [ 400/520]  Loss: 0.5554 (0.536)  Acc@1: 87.5000 (86.8973)  Acc@5: 98.9583 (99.4779)LR: 2.407e-02
2024-11-18 04:06:58,229 -                train: [    INFO] - Train: 74 [ 520/520]  Loss: 0.4511 (0.542)  Acc@1: 85.0000 (86.6700)  Acc@5: 100.0000 (99.4780)LR: 2.407e-02
2024-11-18 04:06:58,570 -                train: [    INFO] - Valid: 74 [   0/104]  Loss: 0.5020 (0.502)  Acc@1: 83.3333 (83.3333)  Acc@5: 100.0000 (100.0000)
2024-11-18 04:07:03,888 -                train: [    INFO] - Valid: 74 [ 104/104]  Loss: 0.2475 (0.375)  Acc@1: 93.7500 (87.7600)  Acc@5: 100.0000 (99.7200)
2024-11-18 04:07:03,927 -                train: [    INFO] - valid_acc 87.760002 - best_valid_acc 90.280003
2024-11-18 04:07:04,416 -                train: [    INFO] - Train: 75 [   0/520]  Loss: 0.5937 (0.594)  Acc@1: 85.4167 (85.4167)  Acc@5: 98.9583 (98.9583)LR: 2.405e-02
2024-11-18 04:07:49,900 -                train: [    INFO] - Train: 75 [ 200/520]  Loss: 0.5747 (0.527)  Acc@1: 90.6250 (87.1269)  Acc@5: 98.9583 (99.5232)LR: 2.405e-02
2024-11-18 04:08:34,780 -                train: [    INFO] - Train: 75 [ 400/520]  Loss: 0.3277 (0.535)  Acc@1: 94.7917 (87.0844)  Acc@5: 100.0000 (99.4935)LR: 2.405e-02
2024-11-18 04:09:01,586 -                train: [    INFO] - Train: 75 [ 520/520]  Loss: 0.6512 (0.539)  Acc@1: 80.0000 (86.9660)  Acc@5: 98.7500 (99.4800)LR: 2.405e-02
2024-11-18 04:09:01,882 -                train: [    INFO] - Valid: 75 [   0/104]  Loss: 0.3244 (0.324)  Acc@1: 86.4583 (86.4583)  Acc@5: 100.0000 (100.0000)
2024-11-18 04:09:07,343 -                train: [    INFO] - Valid: 75 [ 104/104]  Loss: 0.5081 (0.327)  Acc@1: 81.2500 (89.0700)  Acc@5: 100.0000 (99.7100)
2024-11-18 04:09:07,381 -                train: [    INFO] - valid_acc 89.070003 - best_valid_acc 90.280003
2024-11-18 04:09:07,795 -                train: [    INFO] - Train: 76 [   0/520]  Loss: 0.6546 (0.655)  Acc@1: 84.3750 (84.3750)  Acc@5: 98.9583 (98.9583)LR: 2.402e-02
2024-11-18 04:09:52,366 -                train: [    INFO] - Train: 76 [ 200/520]  Loss: 0.4787 (0.533)  Acc@1: 88.5417 (87.2512)  Acc@5: 100.0000 (99.4766)LR: 2.402e-02
2024-11-18 04:10:36,837 -                train: [    INFO] - Train: 76 [ 400/520]  Loss: 0.4666 (0.542)  Acc@1: 88.5417 (86.9623)  Acc@5: 100.0000 (99.4545)LR: 2.402e-02
2024-11-18 04:11:03,652 -                train: [    INFO] - Train: 76 [ 520/520]  Loss: 0.4979 (0.543)  Acc@1: 87.5000 (86.9140)  Acc@5: 100.0000 (99.4780)LR: 2.402e-02
2024-11-18 04:11:03,985 -                train: [    INFO] - Valid: 76 [   0/104]  Loss: 0.3943 (0.394)  Acc@1: 85.4167 (85.4167)  Acc@5: 100.0000 (100.0000)
2024-11-18 04:11:09,430 -                train: [    INFO] - Valid: 76 [ 104/104]  Loss: 0.2743 (0.306)  Acc@1: 81.2500 (89.6100)  Acc@5: 100.0000 (99.7300)
2024-11-18 04:11:09,469 -                train: [    INFO] - valid_acc 89.610002 - best_valid_acc 90.280003
2024-11-18 04:11:09,918 -                train: [    INFO] - Train: 77 [   0/520]  Loss: 0.4839 (0.484)  Acc@1: 92.7083 (92.7083)  Acc@5: 98.9583 (98.9583)LR: 2.400e-02
2024-11-18 04:11:54,470 -                train: [    INFO] - Train: 77 [ 200/520]  Loss: 0.3936 (0.535)  Acc@1: 94.7917 (87.1787)  Acc@5: 98.9583 (99.4248)LR: 2.400e-02
2024-11-18 04:12:38,977 -                train: [    INFO] - Train: 77 [ 400/520]  Loss: 0.3501 (0.536)  Acc@1: 92.7083 (87.1000)  Acc@5: 98.9583 (99.4519)LR: 2.400e-02
2024-11-18 04:13:05,487 -                train: [    INFO] - Train: 77 [ 520/520]  Loss: 0.5533 (0.535)  Acc@1: 81.2500 (87.1100)  Acc@5: 98.7500 (99.4580)LR: 2.400e-02
2024-11-18 04:13:05,758 -                train: [    INFO] - Valid: 77 [   0/104]  Loss: 0.3992 (0.399)  Acc@1: 88.5417 (88.5417)  Acc@5: 100.0000 (100.0000)
2024-11-18 04:13:11,057 -                train: [    INFO] - Valid: 77 [ 104/104]  Loss: 0.3935 (0.312)  Acc@1: 75.0000 (89.8300)  Acc@5: 100.0000 (99.7500)
2024-11-18 04:13:11,093 -                train: [    INFO] - valid_acc 89.830003 - best_valid_acc 90.280003
2024-11-18 04:13:11,513 -                train: [    INFO] - Train: 78 [   0/520]  Loss: 0.6231 (0.623)  Acc@1: 81.2500 (81.2500)  Acc@5: 98.9583 (98.9583)LR: 2.397e-02
2024-11-18 04:13:57,588 -                train: [    INFO] - Train: 78 [ 200/520]  Loss: 0.4504 (0.527)  Acc@1: 91.6667 (87.1165)  Acc@5: 100.0000 (99.5336)LR: 2.397e-02
2024-11-18 04:14:43,369 -                train: [    INFO] - Train: 78 [ 400/520]  Loss: 0.4908 (0.526)  Acc@1: 89.5833 (87.1259)  Acc@5: 100.0000 (99.5090)LR: 2.397e-02
2024-11-18 04:15:10,919 -                train: [    INFO] - Train: 78 [ 520/520]  Loss: 0.5571 (0.530)  Acc@1: 85.0000 (87.0120)  Acc@5: 100.0000 (99.4840)LR: 2.397e-02
2024-11-18 04:15:11,220 -                train: [    INFO] - Valid: 78 [   0/104]  Loss: 0.3077 (0.308)  Acc@1: 91.6667 (91.6667)  Acc@5: 98.9583 (98.9583)
2024-11-18 04:15:16,542 -                train: [    INFO] - Valid: 78 [ 104/104]  Loss: 0.3253 (0.312)  Acc@1: 87.5000 (89.6400)  Acc@5: 100.0000 (99.4900)
2024-11-18 04:15:16,576 -                train: [    INFO] - valid_acc 89.640002 - best_valid_acc 90.280003
2024-11-18 04:15:17,004 -                train: [    INFO] - Train: 79 [   0/520]  Loss: 0.5144 (0.514)  Acc@1: 85.4167 (85.4167)  Acc@5: 100.0000 (100.0000)LR: 2.395e-02
2024-11-18 04:16:01,494 -                train: [    INFO] - Train: 79 [ 200/520]  Loss: 0.5483 (0.532)  Acc@1: 86.4583 (86.9144)  Acc@5: 100.0000 (99.5284)LR: 2.395e-02
2024-11-18 04:16:45,706 -                train: [    INFO] - Train: 79 [ 400/520]  Loss: 0.5788 (0.531)  Acc@1: 88.5417 (87.0064)  Acc@5: 100.0000 (99.5324)LR: 2.395e-02
2024-11-18 04:17:12,459 -                train: [    INFO] - Train: 79 [ 520/520]  Loss: 0.6740 (0.534)  Acc@1: 83.7500 (86.9220)  Acc@5: 100.0000 (99.5200)LR: 2.395e-02
2024-11-18 04:17:12,739 -                train: [    INFO] - Valid: 79 [   0/104]  Loss: 0.3775 (0.377)  Acc@1: 86.4583 (86.4583)  Acc@5: 98.9583 (98.9583)
2024-11-18 04:17:18,075 -                train: [    INFO] - Valid: 79 [ 104/104]  Loss: 0.5195 (0.383)  Acc@1: 87.5000 (87.6600)  Acc@5: 100.0000 (99.6100)
2024-11-18 04:17:18,119 -                train: [    INFO] - valid_acc 87.660002 - best_valid_acc 90.280003
2024-11-18 04:17:18,631 -                train: [    INFO] - Train: 80 [   0/520]  Loss: 0.4999 (0.500)  Acc@1: 89.5833 (89.5833)  Acc@5: 100.0000 (100.0000)LR: 2.392e-02
2024-11-18 04:18:06,869 -                train: [    INFO] - Train: 80 [ 200/520]  Loss: 0.3962 (0.536)  Acc@1: 90.6250 (87.1735)  Acc@5: 100.0000 (99.4299)LR: 2.392e-02
2024-11-18 04:18:54,598 -                train: [    INFO] - Train: 80 [ 400/520]  Loss: 0.8100 (0.535)  Acc@1: 82.2917 (87.1363)  Acc@5: 100.0000 (99.4337)LR: 2.392e-02
2024-11-18 04:19:21,512 -                train: [    INFO] - Train: 80 [ 520/520]  Loss: 0.5423 (0.534)  Acc@1: 85.0000 (87.2180)  Acc@5: 100.0000 (99.4300)LR: 2.392e-02
2024-11-18 04:19:21,858 -                train: [    INFO] - Valid: 80 [   0/104]  Loss: 0.3546 (0.355)  Acc@1: 89.5833 (89.5833)  Acc@5: 100.0000 (100.0000)
2024-11-18 04:19:27,333 -                train: [    INFO] - Valid: 80 [ 104/104]  Loss: 0.2771 (0.317)  Acc@1: 87.5000 (89.1000)  Acc@5: 100.0000 (99.7500)
2024-11-18 04:19:27,447 -                train: [    INFO] - valid_acc 89.100002 - best_valid_acc 90.280003
2024-11-18 04:19:27,933 -                train: [    INFO] - Train: 81 [   0/520]  Loss: 0.6540 (0.654)  Acc@1: 85.4167 (85.4167)  Acc@5: 98.9583 (98.9583)LR: 2.389e-02
2024-11-18 04:20:14,491 -                train: [    INFO] - Train: 81 [ 200/520]  Loss: 0.6015 (0.517)  Acc@1: 83.3333 (87.3342)  Acc@5: 98.9583 (99.5336)LR: 2.389e-02
2024-11-18 04:20:59,883 -                train: [    INFO] - Train: 81 [ 400/520]  Loss: 0.8449 (0.537)  Acc@1: 81.2500 (86.8921)  Acc@5: 98.9583 (99.4857)LR: 2.389e-02
2024-11-18 04:21:26,685 -                train: [    INFO] - Train: 81 [ 520/520]  Loss: 0.4068 (0.535)  Acc@1: 92.5000 (86.9620)  Acc@5: 98.7500 (99.4740)LR: 2.389e-02
2024-11-18 04:21:26,957 -                train: [    INFO] - Valid: 81 [   0/104]  Loss: 0.2942 (0.294)  Acc@1: 89.5833 (89.5833)  Acc@5: 98.9583 (98.9583)
2024-11-18 04:21:32,322 -                train: [    INFO] - Valid: 81 [ 104/104]  Loss: 0.7609 (0.370)  Acc@1: 81.2500 (87.9700)  Acc@5: 93.7500 (99.5800)
2024-11-18 04:21:32,355 -                train: [    INFO] - valid_acc 87.970003 - best_valid_acc 90.280003
2024-11-18 04:21:32,859 -                train: [    INFO] - Train: 82 [   0/520]  Loss: 0.5313 (0.531)  Acc@1: 88.5417 (88.5417)  Acc@5: 100.0000 (100.0000)LR: 2.387e-02
2024-11-18 04:22:18,370 -                train: [    INFO] - Train: 82 [ 200/520]  Loss: 0.7283 (0.518)  Acc@1: 83.3333 (87.3808)  Acc@5: 98.9583 (99.4299)LR: 2.387e-02
2024-11-18 04:23:03,436 -                train: [    INFO] - Train: 82 [ 400/520]  Loss: 0.4845 (0.527)  Acc@1: 87.5000 (87.1259)  Acc@5: 100.0000 (99.4623)LR: 2.387e-02
2024-11-18 04:23:30,278 -                train: [    INFO] - Train: 82 [ 520/520]  Loss: 0.6722 (0.532)  Acc@1: 82.5000 (87.0380)  Acc@5: 100.0000 (99.4540)LR: 2.387e-02
2024-11-18 04:23:30,563 -                train: [    INFO] - Valid: 82 [   0/104]  Loss: 0.1729 (0.173)  Acc@1: 92.7083 (92.7083)  Acc@5: 100.0000 (100.0000)
2024-11-18 04:23:35,875 -                train: [    INFO] - Valid: 82 [ 104/104]  Loss: 0.3087 (0.298)  Acc@1: 81.2500 (89.7500)  Acc@5: 100.0000 (99.6600)
2024-11-18 04:23:35,920 -                train: [    INFO] - valid_acc 89.750002 - best_valid_acc 90.280003
2024-11-18 04:23:36,476 -                train: [    INFO] - Train: 83 [   0/520]  Loss: 0.4946 (0.495)  Acc@1: 91.6667 (91.6667)  Acc@5: 100.0000 (100.0000)LR: 2.384e-02
2024-11-18 04:24:21,243 -                train: [    INFO] - Train: 83 [ 200/520]  Loss: 0.5283 (0.504)  Acc@1: 89.5833 (87.7280)  Acc@5: 100.0000 (99.5543)LR: 2.384e-02
2024-11-18 04:25:06,098 -                train: [    INFO] - Train: 83 [ 400/520]  Loss: 0.6542 (0.517)  Acc@1: 83.3333 (87.3026)  Acc@5: 100.0000 (99.5246)LR: 2.384e-02
2024-11-18 04:25:32,661 -                train: [    INFO] - Train: 83 [ 520/520]  Loss: 0.5421 (0.526)  Acc@1: 88.7500 (87.0320)  Acc@5: 100.0000 (99.5280)LR: 2.384e-02
2024-11-18 04:25:32,933 -                train: [    INFO] - Valid: 83 [   0/104]  Loss: 0.2705 (0.270)  Acc@1: 89.5833 (89.5833)  Acc@5: 100.0000 (100.0000)
2024-11-18 04:25:38,248 -                train: [    INFO] - Valid: 83 [ 104/104]  Loss: 0.3202 (0.265)  Acc@1: 87.5000 (91.0900)  Acc@5: 100.0000 (99.7800)
2024-11-18 04:25:38,855 -                train: [    INFO] - valid_acc 91.090002 - best_valid_acc 91.090002
2024-11-18 04:25:39,281 -                train: [    INFO] - Train: 84 [   0/520]  Loss: 0.4207 (0.421)  Acc@1: 91.6667 (91.6667)  Acc@5: 100.0000 (100.0000)LR: 2.381e-02
2024-11-18 04:26:23,794 -                train: [    INFO] - Train: 84 [ 200/520]  Loss: 0.5863 (0.516)  Acc@1: 89.5833 (87.3964)  Acc@5: 98.9583 (99.5439)LR: 2.381e-02
2024-11-18 04:27:08,398 -                train: [    INFO] - Train: 84 [ 400/520]  Loss: 0.6030 (0.529)  Acc@1: 86.4583 (87.2065)  Acc@5: 100.0000 (99.4935)LR: 2.381e-02
2024-11-18 04:27:35,021 -                train: [    INFO] - Train: 84 [ 520/520]  Loss: 0.7800 (0.531)  Acc@1: 78.7500 (87.0900)  Acc@5: 100.0000 (99.4900)LR: 2.381e-02
2024-11-18 04:27:35,296 -                train: [    INFO] - Valid: 84 [   0/104]  Loss: 0.3471 (0.347)  Acc@1: 87.5000 (87.5000)  Acc@5: 100.0000 (100.0000)
2024-11-18 04:27:40,617 -                train: [    INFO] - Valid: 84 [ 104/104]  Loss: 0.4358 (0.307)  Acc@1: 87.5000 (89.7600)  Acc@5: 100.0000 (99.7400)
2024-11-18 04:27:40,651 -                train: [    INFO] - valid_acc 89.760003 - best_valid_acc 91.090002
2024-11-18 04:27:41,100 -                train: [    INFO] - Train: 85 [   0/520]  Loss: 0.4529 (0.453)  Acc@1: 86.4583 (86.4583)  Acc@5: 100.0000 (100.0000)LR: 2.378e-02
2024-11-18 04:28:26,591 -                train: [    INFO] - Train: 85 [ 200/520]  Loss: 0.6154 (0.510)  Acc@1: 82.2917 (87.8887)  Acc@5: 100.0000 (99.4818)LR: 2.378e-02
2024-11-18 04:29:12,102 -                train: [    INFO] - Train: 85 [ 400/520]  Loss: 0.5470 (0.526)  Acc@1: 88.5417 (87.3026)  Acc@5: 98.9583 (99.5246)LR: 2.378e-02
2024-11-18 04:29:39,000 -                train: [    INFO] - Train: 85 [ 520/520]  Loss: 0.4313 (0.531)  Acc@1: 86.2500 (87.1980)  Acc@5: 98.7500 (99.4700)LR: 2.378e-02
2024-11-18 04:29:39,345 -                train: [    INFO] - Valid: 85 [   0/104]  Loss: 0.5259 (0.526)  Acc@1: 86.4583 (86.4583)  Acc@5: 98.9583 (98.9583)
2024-11-18 04:29:44,648 -                train: [    INFO] - Valid: 85 [ 104/104]  Loss: 0.7015 (0.403)  Acc@1: 81.2500 (86.6300)  Acc@5: 100.0000 (99.5300)
2024-11-18 04:29:44,686 -                train: [    INFO] - valid_acc 86.630002 - best_valid_acc 91.090002
2024-11-18 04:29:45,201 -                train: [    INFO] - Train: 86 [   0/520]  Loss: 0.5612 (0.561)  Acc@1: 85.4167 (85.4167)  Acc@5: 100.0000 (100.0000)LR: 2.375e-02
2024-11-18 04:30:31,766 -                train: [    INFO] - Train: 86 [ 200/520]  Loss: 0.7258 (0.519)  Acc@1: 82.2917 (87.4223)  Acc@5: 98.9583 (99.5180)LR: 2.375e-02
2024-11-18 04:31:18,382 -                train: [    INFO] - Train: 86 [ 400/520]  Loss: 0.6354 (0.521)  Acc@1: 84.3750 (87.2532)  Acc@5: 98.9583 (99.5168)LR: 2.375e-02
2024-11-18 04:31:45,998 -                train: [    INFO] - Train: 86 [ 520/520]  Loss: 0.5636 (0.522)  Acc@1: 87.5000 (87.2780)  Acc@5: 98.7500 (99.5100)LR: 2.375e-02
2024-11-18 04:31:46,298 -                train: [    INFO] - Valid: 86 [   0/104]  Loss: 0.3450 (0.345)  Acc@1: 86.4583 (86.4583)  Acc@5: 100.0000 (100.0000)
2024-11-18 04:31:51,713 -                train: [    INFO] - Valid: 86 [ 104/104]  Loss: 0.2742 (0.311)  Acc@1: 87.5000 (89.7100)  Acc@5: 100.0000 (99.6300)
2024-11-18 04:31:51,750 -                train: [    INFO] - valid_acc 89.710003 - best_valid_acc 91.090002
2024-11-18 04:31:52,218 -                train: [    INFO] - Train: 87 [   0/520]  Loss: 0.2582 (0.258)  Acc@1: 92.7083 (92.7083)  Acc@5: 100.0000 (100.0000)LR: 2.373e-02
2024-11-18 04:32:37,136 -                train: [    INFO] - Train: 87 [ 200/520]  Loss: 0.6764 (0.521)  Acc@1: 83.3333 (87.2616)  Acc@5: 98.9583 (99.5543)LR: 2.373e-02
2024-11-18 04:33:21,577 -                train: [    INFO] - Train: 87 [ 400/520]  Loss: 0.8106 (0.525)  Acc@1: 78.1250 (87.2013)  Acc@5: 97.9167 (99.5324)LR: 2.373e-02
2024-11-18 04:33:48,181 -                train: [    INFO] - Train: 87 [ 520/520]  Loss: 0.6769 (0.527)  Acc@1: 80.0000 (87.2280)  Acc@5: 98.7500 (99.5280)LR: 2.373e-02
2024-11-18 04:33:48,449 -                train: [    INFO] - Valid: 87 [   0/104]  Loss: 0.4521 (0.452)  Acc@1: 84.3750 (84.3750)  Acc@5: 98.9583 (98.9583)
2024-11-18 04:33:53,762 -                train: [    INFO] - Valid: 87 [ 104/104]  Loss: 0.1932 (0.328)  Acc@1: 93.7500 (89.7300)  Acc@5: 100.0000 (99.5200)
2024-11-18 04:34:00,159 -                train: [    INFO] - valid_acc 89.730002 - best_valid_acc 91.090002
2024-11-18 04:34:00,743 -                train: [    INFO] - Train: 88 [   0/520]  Loss: 0.4333 (0.433)  Acc@1: 91.6667 (91.6667)  Acc@5: 100.0000 (100.0000)LR: 2.370e-02
2024-11-18 04:34:46,916 -                train: [    INFO] - Train: 88 [ 200/520]  Loss: 0.4733 (0.516)  Acc@1: 86.4583 (87.3601)  Acc@5: 100.0000 (99.5232)LR: 2.370e-02
2024-11-18 04:35:31,808 -                train: [    INFO] - Train: 88 [ 400/520]  Loss: 0.6970 (0.517)  Acc@1: 80.2083 (87.2974)  Acc@5: 100.0000 (99.5402)LR: 2.370e-02
2024-11-18 04:35:58,450 -                train: [    INFO] - Train: 88 [ 520/520]  Loss: 0.7401 (0.520)  Acc@1: 81.2500 (87.2620)  Acc@5: 97.5000 (99.5400)LR: 2.370e-02
2024-11-18 04:35:58,783 -                train: [    INFO] - Valid: 88 [   0/104]  Loss: 0.3173 (0.317)  Acc@1: 89.5833 (89.5833)  Acc@5: 98.9583 (98.9583)
2024-11-18 04:36:04,183 -                train: [    INFO] - Valid: 88 [ 104/104]  Loss: 0.1975 (0.286)  Acc@1: 81.2500 (90.4300)  Acc@5: 100.0000 (99.7200)
2024-11-18 04:36:04,219 -                train: [    INFO] - valid_acc 90.430002 - best_valid_acc 91.090002
2024-11-18 04:36:04,666 -                train: [    INFO] - Train: 89 [   0/520]  Loss: 0.5255 (0.526)  Acc@1: 88.5417 (88.5417)  Acc@5: 98.9583 (98.9583)LR: 2.367e-02
2024-11-18 04:36:51,686 -                train: [    INFO] - Train: 89 [ 200/520]  Loss: 0.3571 (0.522)  Acc@1: 92.7083 (87.1735)  Acc@5: 100.0000 (99.4766)LR: 2.367e-02
2024-11-18 04:37:36,597 -                train: [    INFO] - Train: 89 [ 400/520]  Loss: 0.4276 (0.522)  Acc@1: 89.5833 (87.3519)  Acc@5: 100.0000 (99.4779)LR: 2.367e-02
2024-11-18 04:38:03,579 -                train: [    INFO] - Train: 89 [ 520/520]  Loss: 0.4905 (0.525)  Acc@1: 87.5000 (87.3180)  Acc@5: 100.0000 (99.4800)LR: 2.367e-02
2024-11-18 04:38:05,891 -                train: [    INFO] - Valid: 89 [   0/104]  Loss: 0.4882 (0.488)  Acc@1: 84.3750 (84.3750)  Acc@5: 97.9167 (97.9167)
2024-11-18 04:38:11,252 -                train: [    INFO] - Valid: 89 [ 104/104]  Loss: 0.3643 (0.426)  Acc@1: 81.2500 (86.2700)  Acc@5: 100.0000 (99.1000)
2024-11-18 04:38:11,309 -                train: [    INFO] - valid_acc 86.270003 - best_valid_acc 91.090002
2024-11-18 04:38:11,804 -                train: [    INFO] - Train: 90 [   0/520]  Loss: 0.5540 (0.554)  Acc@1: 85.4167 (85.4167)  Acc@5: 98.9583 (98.9583)LR: 2.364e-02
2024-11-18 04:38:56,492 -                train: [    INFO] - Train: 90 [ 200/520]  Loss: 0.7803 (0.508)  Acc@1: 76.0417 (87.5726)  Acc@5: 98.9583 (99.5906)LR: 2.364e-02
2024-11-18 04:39:41,224 -                train: [    INFO] - Train: 90 [ 400/520]  Loss: 0.4897 (0.523)  Acc@1: 90.6250 (87.2428)  Acc@5: 98.9583 (99.5246)LR: 2.364e-02
2024-11-18 04:40:07,971 -                train: [    INFO] - Train: 90 [ 520/520]  Loss: 0.6507 (0.529)  Acc@1: 85.0000 (87.1520)  Acc@5: 97.5000 (99.5100)LR: 2.364e-02
2024-11-18 04:40:09,200 -                train: [    INFO] - Valid: 90 [   0/104]  Loss: 0.3641 (0.364)  Acc@1: 85.4167 (85.4167)  Acc@5: 100.0000 (100.0000)
2024-11-18 04:40:14,537 -                train: [    INFO] - Valid: 90 [ 104/104]  Loss: 0.2402 (0.347)  Acc@1: 87.5000 (88.3300)  Acc@5: 100.0000 (99.4900)
2024-11-18 04:40:14,569 -                train: [    INFO] - valid_acc 88.330002 - best_valid_acc 91.090002
2024-11-18 04:40:15,015 -                train: [    INFO] - Train: 91 [   0/520]  Loss: 0.3869 (0.387)  Acc@1: 94.7917 (94.7917)  Acc@5: 100.0000 (100.0000)LR: 2.361e-02
2024-11-18 04:41:00,094 -                train: [    INFO] - Train: 91 [ 200/520]  Loss: 0.5366 (0.514)  Acc@1: 85.4167 (87.4637)  Acc@5: 98.9583 (99.5284)LR: 2.361e-02
2024-11-18 04:41:44,689 -                train: [    INFO] - Train: 91 [ 400/520]  Loss: 0.4667 (0.520)  Acc@1: 89.5833 (87.2117)  Acc@5: 98.9583 (99.5350)LR: 2.361e-02
2024-11-18 04:42:11,187 -                train: [    INFO] - Train: 91 [ 520/520]  Loss: 0.6705 (0.519)  Acc@1: 86.2500 (87.2740)  Acc@5: 100.0000 (99.5220)LR: 2.361e-02
2024-11-18 04:42:20,651 -                train: [    INFO] - Valid: 91 [   0/104]  Loss: 0.2099 (0.210)  Acc@1: 93.7500 (93.7500)  Acc@5: 100.0000 (100.0000)
2024-11-18 04:42:26,205 -                train: [    INFO] - Valid: 91 [ 104/104]  Loss: 0.1313 (0.282)  Acc@1: 93.7500 (90.9100)  Acc@5: 100.0000 (99.6400)
2024-11-18 04:42:27,325 -                train: [    INFO] - valid_acc 90.910003 - best_valid_acc 91.090002
2024-11-18 04:42:27,799 -                train: [    INFO] - Train: 92 [   0/520]  Loss: 0.3892 (0.389)  Acc@1: 90.6250 (90.6250)  Acc@5: 98.9583 (98.9583)LR: 2.358e-02
2024-11-18 04:43:14,076 -                train: [    INFO] - Train: 92 [ 200/520]  Loss: 0.6287 (0.499)  Acc@1: 84.3750 (87.7280)  Acc@5: 98.9583 (99.5595)LR: 2.358e-02
2024-11-18 04:43:58,765 -                train: [    INFO] - Train: 92 [ 400/520]  Loss: 0.7190 (0.511)  Acc@1: 80.2083 (87.4117)  Acc@5: 100.0000 (99.5298)LR: 2.358e-02
2024-11-18 04:44:25,730 -                train: [    INFO] - Train: 92 [ 520/520]  Loss: 0.5387 (0.514)  Acc@1: 83.7500 (87.3920)  Acc@5: 100.0000 (99.5220)LR: 2.358e-02
2024-11-18 04:44:26,141 -                train: [    INFO] - Valid: 92 [   0/104]  Loss: 0.1573 (0.157)  Acc@1: 94.7917 (94.7917)  Acc@5: 100.0000 (100.0000)
2024-11-18 04:44:31,482 -                train: [    INFO] - Valid: 92 [ 104/104]  Loss: 0.1354 (0.271)  Acc@1: 93.7500 (90.8700)  Acc@5: 100.0000 (99.7600)
2024-11-18 04:44:31,512 -                train: [    INFO] - valid_acc 90.870002 - best_valid_acc 91.090002
2024-11-18 04:44:31,961 -                train: [    INFO] - Train: 93 [   0/520]  Loss: 0.5398 (0.540)  Acc@1: 88.5417 (88.5417)  Acc@5: 100.0000 (100.0000)LR: 2.355e-02
2024-11-18 04:45:18,409 -                train: [    INFO] - Train: 93 [ 200/520]  Loss: 0.5417 (0.507)  Acc@1: 89.5833 (87.7850)  Acc@5: 98.9583 (99.5388)LR: 2.355e-02
2024-11-18 04:46:03,094 -                train: [    INFO] - Train: 93 [ 400/520]  Loss: 0.6871 (0.520)  Acc@1: 83.3333 (87.4429)  Acc@5: 97.9167 (99.4779)LR: 2.355e-02
2024-11-18 04:46:29,966 -                train: [    INFO] - Train: 93 [ 520/520]  Loss: 0.4806 (0.523)  Acc@1: 81.2500 (87.2900)  Acc@5: 100.0000 (99.4780)LR: 2.355e-02
2024-11-18 04:46:30,231 -                train: [    INFO] - Valid: 93 [   0/104]  Loss: 0.3372 (0.337)  Acc@1: 84.3750 (84.3750)  Acc@5: 100.0000 (100.0000)
2024-11-18 04:46:35,543 -                train: [    INFO] - Valid: 93 [ 104/104]  Loss: 0.3226 (0.358)  Acc@1: 87.5000 (88.6300)  Acc@5: 100.0000 (99.6400)
2024-11-18 04:46:35,579 -                train: [    INFO] - valid_acc 88.630002 - best_valid_acc 91.090002
2024-11-18 04:46:36,070 -                train: [    INFO] - Train: 94 [   0/520]  Loss: 0.8619 (0.862)  Acc@1: 79.1667 (79.1667)  Acc@5: 100.0000 (100.0000)LR: 2.352e-02
2024-11-18 04:47:20,751 -                train: [    INFO] - Train: 94 [ 200/520]  Loss: 0.5702 (0.518)  Acc@1: 86.4583 (87.1994)  Acc@5: 98.9583 (99.5284)LR: 2.352e-02
2024-11-18 04:48:05,676 -                train: [    INFO] - Train: 94 [ 400/520]  Loss: 0.6484 (0.520)  Acc@1: 86.4583 (87.2402)  Acc@5: 97.9167 (99.4701)LR: 2.352e-02
2024-11-18 04:48:32,499 -                train: [    INFO] - Train: 94 [ 520/520]  Loss: 0.5387 (0.523)  Acc@1: 88.7500 (87.2500)  Acc@5: 98.7500 (99.4500)LR: 2.352e-02
2024-11-18 04:48:32,846 -                train: [    INFO] - Valid: 94 [   0/104]  Loss: 0.4981 (0.498)  Acc@1: 81.2500 (81.2500)  Acc@5: 100.0000 (100.0000)
2024-11-18 04:48:38,139 -                train: [    INFO] - Valid: 94 [ 104/104]  Loss: 0.2244 (0.366)  Acc@1: 93.7500 (87.9900)  Acc@5: 100.0000 (99.5500)
2024-11-18 04:48:38,204 -                train: [    INFO] - valid_acc 87.990002 - best_valid_acc 91.090002
2024-11-18 04:48:38,680 -                train: [    INFO] - Train: 95 [   0/520]  Loss: 0.6287 (0.629)  Acc@1: 85.4167 (85.4167)  Acc@5: 100.0000 (100.0000)LR: 2.349e-02
2024-11-18 04:49:23,138 -                train: [    INFO] - Train: 95 [ 200/520]  Loss: 0.5757 (0.507)  Acc@1: 86.4583 (87.8265)  Acc@5: 98.9583 (99.5077)LR: 2.349e-02
2024-11-18 04:50:07,348 -                train: [    INFO] - Train: 95 [ 400/520]  Loss: 0.5316 (0.510)  Acc@1: 85.4167 (87.6663)  Acc@5: 100.0000 (99.4909)LR: 2.349e-02
2024-11-18 04:50:33,920 -                train: [    INFO] - Train: 95 [ 520/520]  Loss: 0.5837 (0.516)  Acc@1: 86.2500 (87.5500)  Acc@5: 98.7500 (99.4700)LR: 2.349e-02
2024-11-18 04:50:34,278 -                train: [    INFO] - Valid: 95 [   0/104]  Loss: 0.5636 (0.564)  Acc@1: 83.3333 (83.3333)  Acc@5: 100.0000 (100.0000)
2024-11-18 04:50:39,642 -                train: [    INFO] - Valid: 95 [ 104/104]  Loss: 0.2659 (0.365)  Acc@1: 87.5000 (88.1900)  Acc@5: 100.0000 (99.5500)
2024-11-18 04:50:39,685 -                train: [    INFO] - valid_acc 88.190002 - best_valid_acc 91.090002
2024-11-18 04:50:40,106 -                train: [    INFO] - Train: 96 [   0/520]  Loss: 0.4482 (0.448)  Acc@1: 88.5417 (88.5417)  Acc@5: 98.9583 (98.9583)LR: 2.345e-02
2024-11-18 04:51:24,864 -                train: [    INFO] - Train: 96 [ 200/520]  Loss: 0.4159 (0.501)  Acc@1: 89.5833 (87.9301)  Acc@5: 100.0000 (99.5595)LR: 2.345e-02
2024-11-18 04:52:11,552 -                train: [    INFO] - Train: 96 [ 400/520]  Loss: 0.5959 (0.514)  Acc@1: 83.3333 (87.6403)  Acc@5: 100.0000 (99.5194)LR: 2.345e-02
2024-11-18 04:52:38,359 -                train: [    INFO] - Train: 96 [ 520/520]  Loss: 0.6981 (0.516)  Acc@1: 86.2500 (87.6160)  Acc@5: 98.7500 (99.5220)LR: 2.345e-02
2024-11-18 04:52:38,743 -                train: [    INFO] - Valid: 96 [   0/104]  Loss: 0.4486 (0.449)  Acc@1: 83.3333 (83.3333)  Acc@5: 98.9583 (98.9583)
2024-11-18 04:52:44,054 -                train: [    INFO] - Valid: 96 [ 104/104]  Loss: 0.4178 (0.343)  Acc@1: 87.5000 (89.2300)  Acc@5: 100.0000 (99.4400)
2024-11-18 04:52:44,094 -                train: [    INFO] - valid_acc 89.230002 - best_valid_acc 91.090002
2024-11-18 04:52:44,554 -                train: [    INFO] - Train: 97 [   0/520]  Loss: 0.4679 (0.468)  Acc@1: 90.6250 (90.6250)  Acc@5: 100.0000 (100.0000)LR: 2.342e-02
2024-11-18 04:53:29,101 -                train: [    INFO] - Train: 97 [ 200/520]  Loss: 0.6253 (0.499)  Acc@1: 86.4583 (87.8420)  Acc@5: 98.9583 (99.5699)LR: 2.342e-02
2024-11-18 04:54:13,703 -                train: [    INFO] - Train: 97 [ 400/520]  Loss: 0.6365 (0.503)  Acc@1: 84.3750 (87.7078)  Acc@5: 98.9583 (99.5272)LR: 2.342e-02
2024-11-18 04:54:40,321 -                train: [    INFO] - Train: 97 [ 520/520]  Loss: 0.3626 (0.508)  Acc@1: 88.7500 (87.5940)  Acc@5: 100.0000 (99.4980)LR: 2.342e-02
2024-11-18 04:54:40,592 -                train: [    INFO] - Valid: 97 [   0/104]  Loss: 0.3297 (0.330)  Acc@1: 89.5833 (89.5833)  Acc@5: 100.0000 (100.0000)
2024-11-18 04:54:45,957 -                train: [    INFO] - Valid: 97 [ 104/104]  Loss: 0.4275 (0.312)  Acc@1: 87.5000 (89.5000)  Acc@5: 100.0000 (99.6500)
2024-11-18 04:54:46,066 -                train: [    INFO] - valid_acc 89.500002 - best_valid_acc 91.090002
2024-11-18 04:54:46,578 -                train: [    INFO] - Train: 98 [   0/520]  Loss: 0.5565 (0.557)  Acc@1: 86.4583 (86.4583)  Acc@5: 98.9583 (98.9583)LR: 2.339e-02
2024-11-18 04:55:33,044 -                train: [    INFO] - Train: 98 [ 200/520]  Loss: 0.3606 (0.510)  Acc@1: 92.7083 (87.8576)  Acc@5: 100.0000 (99.5129)LR: 2.339e-02
2024-11-18 04:56:19,044 -                train: [    INFO] - Train: 98 [ 400/520]  Loss: 0.5773 (0.514)  Acc@1: 84.3750 (87.6143)  Acc@5: 100.0000 (99.4805)LR: 2.339e-02
2024-11-18 04:56:46,500 -                train: [    INFO] - Train: 98 [ 520/520]  Loss: 0.7191 (0.516)  Acc@1: 77.5000 (87.5480)  Acc@5: 100.0000 (99.4680)LR: 2.339e-02
2024-11-18 04:56:46,807 -                train: [    INFO] - Valid: 98 [   0/104]  Loss: 0.4382 (0.438)  Acc@1: 81.2500 (81.2500)  Acc@5: 96.8750 (96.8750)
2024-11-18 04:56:52,158 -                train: [    INFO] - Valid: 98 [ 104/104]  Loss: 0.6244 (0.370)  Acc@1: 87.5000 (88.0900)  Acc@5: 100.0000 (99.4300)
2024-11-18 04:56:52,194 -                train: [    INFO] - valid_acc 88.090002 - best_valid_acc 91.090002
2024-11-18 04:56:52,668 -                train: [    INFO] - Train: 99 [   0/520]  Loss: 0.5040 (0.504)  Acc@1: 88.5417 (88.5417)  Acc@5: 98.9583 (98.9583)LR: 2.336e-02
2024-11-18 04:57:37,347 -                train: [    INFO] - Train: 99 [ 200/520]  Loss: 0.6948 (0.509)  Acc@1: 80.2083 (87.8058)  Acc@5: 98.9583 (99.5180)LR: 2.336e-02
2024-11-18 04:58:21,985 -                train: [    INFO] - Train: 99 [ 400/520]  Loss: 0.4923 (0.509)  Acc@1: 87.5000 (87.6870)  Acc@5: 100.0000 (99.5454)LR: 2.336e-02
2024-11-18 04:58:48,958 -                train: [    INFO] - Train: 99 [ 520/520]  Loss: 0.6328 (0.506)  Acc@1: 83.7500 (87.7600)  Acc@5: 100.0000 (99.5540)LR: 2.336e-02
2024-11-18 04:58:49,485 -                train: [    INFO] - Valid: 99 [   0/104]  Loss: 0.3339 (0.334)  Acc@1: 90.6250 (90.6250)  Acc@5: 98.9583 (98.9583)
2024-11-18 04:58:54,800 -                train: [    INFO] - Valid: 99 [ 104/104]  Loss: 0.4586 (0.306)  Acc@1: 87.5000 (89.8600)  Acc@5: 100.0000 (99.6900)
2024-11-18 04:58:54,844 -                train: [    INFO] - valid_acc 89.860003 - best_valid_acc 91.090002
2024-11-18 04:58:55,329 -                train: [    INFO] - Train: 100 [   0/520]  Loss: 0.3570 (0.357)  Acc@1: 92.7083 (92.7083)  Acc@5: 100.0000 (100.0000)LR: 2.333e-02
2024-11-18 04:59:42,315 -                train: [    INFO] - Train: 100 [ 200/520]  Loss: 0.5048 (0.506)  Acc@1: 84.3750 (87.6762)  Acc@5: 100.0000 (99.5025)LR: 2.333e-02
2024-11-18 05:00:26,955 -                train: [    INFO] - Train: 100 [ 400/520]  Loss: 0.5166 (0.510)  Acc@1: 88.5417 (87.6507)  Acc@5: 98.9583 (99.5454)LR: 2.333e-02
2024-11-18 05:00:53,764 -                train: [    INFO] - Train: 100 [ 520/520]  Loss: 0.6326 (0.517)  Acc@1: 85.0000 (87.4200)  Acc@5: 98.7500 (99.5560)LR: 2.333e-02
2024-11-18 05:00:54,076 -                train: [    INFO] - Valid: 100 [   0/104]  Loss: 0.4686 (0.469)  Acc@1: 89.5833 (89.5833)  Acc@5: 100.0000 (100.0000)
2024-11-18 05:00:59,391 -                train: [    INFO] - Valid: 100 [ 104/104]  Loss: 0.4127 (0.389)  Acc@1: 87.5000 (87.8800)  Acc@5: 100.0000 (99.5100)
2024-11-18 05:00:59,429 -                train: [    INFO] - valid_acc 87.880003 - best_valid_acc 91.090002
2024-11-18 05:00:59,863 -                train: [    INFO] - Train: 101 [   0/520]  Loss: 0.5127 (0.513)  Acc@1: 86.4583 (86.4583)  Acc@5: 98.9583 (98.9583)LR: 2.329e-02
2024-11-18 05:01:44,558 -                train: [    INFO] - Train: 101 [ 200/520]  Loss: 0.5096 (0.516)  Acc@1: 89.5833 (87.4119)  Acc@5: 100.0000 (99.5180)LR: 2.329e-02
2024-11-18 05:02:29,548 -                train: [    INFO] - Train: 101 [ 400/520]  Loss: 0.4667 (0.513)  Acc@1: 87.5000 (87.5338)  Acc@5: 100.0000 (99.5168)LR: 2.329e-02
2024-11-18 05:02:56,164 -                train: [    INFO] - Train: 101 [ 520/520]  Loss: 0.6041 (0.516)  Acc@1: 83.7500 (87.4240)  Acc@5: 100.0000 (99.5140)LR: 2.329e-02
2024-11-18 05:02:56,466 -                train: [    INFO] - Valid: 101 [   0/104]  Loss: 0.4772 (0.477)  Acc@1: 84.3750 (84.3750)  Acc@5: 100.0000 (100.0000)
2024-11-18 05:03:01,791 -                train: [    INFO] - Valid: 101 [ 104/104]  Loss: 0.6649 (0.378)  Acc@1: 75.0000 (87.6400)  Acc@5: 100.0000 (99.4500)
2024-11-18 05:03:01,827 -                train: [    INFO] - valid_acc 87.640002 - best_valid_acc 91.090002
2024-11-18 05:03:02,254 -                train: [    INFO] - Train: 102 [   0/520]  Loss: 0.4441 (0.444)  Acc@1: 87.5000 (87.5000)  Acc@5: 100.0000 (100.0000)LR: 2.326e-02
2024-11-18 05:03:47,282 -                train: [    INFO] - Train: 102 [ 200/520]  Loss: 0.5951 (0.507)  Acc@1: 85.4167 (87.7954)  Acc@5: 100.0000 (99.5284)LR: 2.326e-02
2024-11-18 05:04:32,342 -                train: [    INFO] - Train: 102 [ 400/520]  Loss: 0.7167 (0.503)  Acc@1: 83.3333 (87.9520)  Acc@5: 97.9167 (99.5142)LR: 2.326e-02
2024-11-18 05:04:59,412 -                train: [    INFO] - Train: 102 [ 520/520]  Loss: 0.4822 (0.506)  Acc@1: 87.5000 (87.8580)  Acc@5: 98.7500 (99.5020)LR: 2.326e-02
2024-11-18 05:04:59,687 -                train: [    INFO] - Valid: 102 [   0/104]  Loss: 0.4426 (0.443)  Acc@1: 84.3750 (84.3750)  Acc@5: 100.0000 (100.0000)
2024-11-18 05:05:05,057 -                train: [    INFO] - Valid: 102 [ 104/104]  Loss: 0.3888 (0.301)  Acc@1: 93.7500 (90.1900)  Acc@5: 100.0000 (99.6200)
2024-11-18 05:05:05,099 -                train: [    INFO] - valid_acc 90.190003 - best_valid_acc 91.090002
2024-11-18 05:05:05,624 -                train: [    INFO] - Train: 103 [   0/520]  Loss: 0.3337 (0.334)  Acc@1: 92.7083 (92.7083)  Acc@5: 100.0000 (100.0000)LR: 2.323e-02
2024-11-18 05:05:53,062 -                train: [    INFO] - Train: 103 [ 200/520]  Loss: 0.5209 (0.490)  Acc@1: 89.5833 (88.1685)  Acc@5: 100.0000 (99.5232)LR: 2.323e-02
2024-11-18 05:06:38,076 -                train: [    INFO] - Train: 103 [ 400/520]  Loss: 0.6302 (0.495)  Acc@1: 80.2083 (87.9884)  Acc@5: 100.0000 (99.5324)LR: 2.323e-02
2024-11-18 05:07:04,978 -                train: [    INFO] - Train: 103 [ 520/520]  Loss: 0.5214 (0.501)  Acc@1: 83.7500 (87.8380)  Acc@5: 100.0000 (99.5180)LR: 2.323e-02
2024-11-18 05:07:06,398 -                train: [    INFO] - Valid: 103 [   0/104]  Loss: 0.3326 (0.333)  Acc@1: 89.5833 (89.5833)  Acc@5: 100.0000 (100.0000)
2024-11-18 05:07:11,766 -                train: [    INFO] - Valid: 103 [ 104/104]  Loss: 0.09500 (0.315)  Acc@1: 100.0000 (89.9200)  Acc@5: 100.0000 (99.5900)
2024-11-18 05:07:11,804 -                train: [    INFO] - valid_acc 89.920003 - best_valid_acc 91.090002
2024-11-18 05:07:12,309 -                train: [    INFO] - Train: 104 [   0/520]  Loss: 0.5766 (0.577)  Acc@1: 86.4583 (86.4583)  Acc@5: 100.0000 (100.0000)LR: 2.319e-02
2024-11-18 05:07:58,301 -                train: [    INFO] - Train: 104 [ 200/520]  Loss: 0.5902 (0.496)  Acc@1: 86.4583 (88.0597)  Acc@5: 98.9583 (99.5491)LR: 2.319e-02
2024-11-18 05:08:42,853 -                train: [    INFO] - Train: 104 [ 400/520]  Loss: 0.4314 (0.506)  Acc@1: 92.7083 (87.9026)  Acc@5: 100.0000 (99.5220)LR: 2.319e-02
2024-11-18 05:09:09,671 -                train: [    INFO] - Train: 104 [ 520/520]  Loss: 0.5368 (0.510)  Acc@1: 91.2500 (87.7900)  Acc@5: 100.0000 (99.5080)LR: 2.319e-02
2024-11-18 05:09:09,960 -                train: [    INFO] - Valid: 104 [   0/104]  Loss: 0.3567 (0.357)  Acc@1: 87.5000 (87.5000)  Acc@5: 100.0000 (100.0000)
2024-11-18 05:09:15,280 -                train: [    INFO] - Valid: 104 [ 104/104]  Loss: 0.3475 (0.299)  Acc@1: 87.5000 (89.6200)  Acc@5: 100.0000 (99.7100)
2024-11-18 05:09:15,326 -                train: [    INFO] - valid_acc 89.620002 - best_valid_acc 91.090002
2024-11-18 05:09:15,779 -                train: [    INFO] - Train: 105 [   0/520]  Loss: 0.4631 (0.463)  Acc@1: 89.5833 (89.5833)  Acc@5: 98.9583 (98.9583)LR: 2.316e-02
2024-11-18 05:10:00,490 -                train: [    INFO] - Train: 105 [ 200/520]  Loss: 0.7195 (0.501)  Acc@1: 82.2917 (87.9872)  Acc@5: 96.8750 (99.5284)LR: 2.316e-02
2024-11-18 05:10:45,466 -                train: [    INFO] - Train: 105 [ 400/520]  Loss: 0.6310 (0.513)  Acc@1: 89.5833 (87.7130)  Acc@5: 98.9583 (99.4831)LR: 2.316e-02
2024-11-18 05:11:12,210 -                train: [    INFO] - Train: 105 [ 520/520]  Loss: 0.5873 (0.509)  Acc@1: 87.5000 (87.9040)  Acc@5: 100.0000 (99.4640)LR: 2.316e-02
2024-11-18 05:11:12,592 -                train: [    INFO] - Valid: 105 [   0/104]  Loss: 0.2678 (0.268)  Acc@1: 89.5833 (89.5833)  Acc@5: 100.0000 (100.0000)
2024-11-18 05:11:17,957 -                train: [    INFO] - Valid: 105 [ 104/104]  Loss: 0.3642 (0.264)  Acc@1: 87.5000 (91.0000)  Acc@5: 100.0000 (99.6700)
2024-11-18 05:11:17,997 -                train: [    INFO] - valid_acc 91.000002 - best_valid_acc 91.090002
2024-11-18 05:11:18,429 -                train: [    INFO] - Train: 106 [   0/520]  Loss: 0.6778 (0.678)  Acc@1: 85.4167 (85.4167)  Acc@5: 97.9167 (97.9167)LR: 2.312e-02
2024-11-18 05:12:03,070 -                train: [    INFO] - Train: 106 [ 200/520]  Loss: 0.6497 (0.477)  Acc@1: 84.3750 (88.5572)  Acc@5: 98.9583 (99.5491)LR: 2.312e-02
2024-11-18 05:12:47,962 -                train: [    INFO] - Train: 106 [ 400/520]  Loss: 0.5895 (0.497)  Acc@1: 88.5417 (87.9988)  Acc@5: 98.9583 (99.5038)LR: 2.312e-02
2024-11-18 05:13:14,699 -                train: [    INFO] - Train: 106 [ 520/520]  Loss: 0.3056 (0.502)  Acc@1: 90.0000 (87.8760)  Acc@5: 100.0000 (99.5200)LR: 2.312e-02
2024-11-18 05:13:15,039 -                train: [    INFO] - Valid: 106 [   0/104]  Loss: 0.3349 (0.335)  Acc@1: 89.5833 (89.5833)  Acc@5: 98.9583 (98.9583)
2024-11-18 05:13:20,363 -                train: [    INFO] - Valid: 106 [ 104/104]  Loss: 0.2192 (0.281)  Acc@1: 93.7500 (90.7500)  Acc@5: 100.0000 (99.7000)
2024-11-18 05:13:20,445 -                train: [    INFO] - valid_acc 90.750002 - best_valid_acc 91.090002
2024-11-18 05:13:20,871 -                train: [    INFO] - Train: 107 [   0/520]  Loss: 0.5441 (0.544)  Acc@1: 86.4583 (86.4583)  Acc@5: 100.0000 (100.0000)LR: 2.309e-02
2024-11-18 05:14:05,671 -                train: [    INFO] - Train: 107 [ 200/520]  Loss: 0.7200 (0.494)  Acc@1: 79.1667 (87.6088)  Acc@5: 100.0000 (99.5336)LR: 2.309e-02
2024-11-18 05:14:50,333 -                train: [    INFO] - Train: 107 [ 400/520]  Loss: 0.3397 (0.511)  Acc@1: 93.7500 (87.3597)  Acc@5: 100.0000 (99.5350)LR: 2.309e-02
2024-11-18 05:15:16,988 -                train: [    INFO] - Train: 107 [ 520/520]  Loss: 0.4147 (0.508)  Acc@1: 91.2500 (87.4040)  Acc@5: 98.7500 (99.5360)LR: 2.309e-02
2024-11-18 05:15:17,540 -                train: [    INFO] - Valid: 107 [   0/104]  Loss: 0.3368 (0.337)  Acc@1: 87.5000 (87.5000)  Acc@5: 98.9583 (98.9583)
2024-11-18 05:15:22,869 -                train: [    INFO] - Valid: 107 [ 104/104]  Loss: 0.4556 (0.316)  Acc@1: 81.2500 (89.6600)  Acc@5: 100.0000 (99.6000)
2024-11-18 05:15:22,909 -                train: [    INFO] - valid_acc 89.660002 - best_valid_acc 91.090002
2024-11-18 05:15:23,379 -                train: [    INFO] - Train: 108 [   0/520]  Loss: 0.6165 (0.617)  Acc@1: 86.4583 (86.4583)  Acc@5: 100.0000 (100.0000)LR: 2.305e-02
2024-11-18 05:16:07,737 -                train: [    INFO] - Train: 108 [ 200/520]  Loss: 0.5959 (0.499)  Acc@1: 87.5000 (88.0856)  Acc@5: 98.9583 (99.5180)LR: 2.305e-02
2024-11-18 05:16:52,451 -                train: [    INFO] - Train: 108 [ 400/520]  Loss: 0.5639 (0.506)  Acc@1: 86.4583 (87.8481)  Acc@5: 100.0000 (99.5038)LR: 2.305e-02
2024-11-18 05:17:19,133 -                train: [    INFO] - Train: 108 [ 520/520]  Loss: 0.7343 (0.510)  Acc@1: 80.0000 (87.7220)  Acc@5: 98.7500 (99.4980)LR: 2.305e-02
2024-11-18 05:17:19,418 -                train: [    INFO] - Valid: 108 [   0/104]  Loss: 0.2809 (0.281)  Acc@1: 92.7083 (92.7083)  Acc@5: 100.0000 (100.0000)
2024-11-18 05:17:24,738 -                train: [    INFO] - Valid: 108 [ 104/104]  Loss: 0.5672 (0.288)  Acc@1: 87.5000 (90.2300)  Acc@5: 100.0000 (99.7500)
2024-11-18 05:17:24,819 -                train: [    INFO] - valid_acc 90.230003 - best_valid_acc 91.090002
2024-11-18 05:17:25,333 -                train: [    INFO] - Train: 109 [   0/520]  Loss: 0.4279 (0.428)  Acc@1: 88.5417 (88.5417)  Acc@5: 100.0000 (100.0000)LR: 2.302e-02
2024-11-18 05:18:12,564 -                train: [    INFO] - Train: 109 [ 200/520]  Loss: 0.4017 (0.492)  Acc@1: 90.6250 (87.9664)  Acc@5: 98.9583 (99.5958)LR: 2.302e-02
2024-11-18 05:18:57,508 -                train: [    INFO] - Train: 109 [ 400/520]  Loss: 0.4788 (0.500)  Acc@1: 87.5000 (87.9754)  Acc@5: 100.0000 (99.5376)LR: 2.302e-02
2024-11-18 05:19:24,413 -                train: [    INFO] - Train: 109 [ 520/520]  Loss: 0.5471 (0.503)  Acc@1: 82.5000 (87.9080)  Acc@5: 100.0000 (99.5280)LR: 2.302e-02
2024-11-18 05:19:24,789 -                train: [    INFO] - Valid: 109 [   0/104]  Loss: 0.3554 (0.355)  Acc@1: 88.5417 (88.5417)  Acc@5: 100.0000 (100.0000)
2024-11-18 05:19:30,089 -                train: [    INFO] - Valid: 109 [ 104/104]  Loss: 0.3013 (0.295)  Acc@1: 93.7500 (90.0500)  Acc@5: 100.0000 (99.7900)
2024-11-18 05:19:30,131 -                train: [    INFO] - valid_acc 90.050003 - best_valid_acc 91.090002
2024-11-18 05:19:30,648 -                train: [    INFO] - Train: 110 [   0/520]  Loss: 0.5317 (0.532)  Acc@1: 87.5000 (87.5000)  Acc@5: 98.9583 (98.9583)LR: 2.298e-02
2024-11-18 05:20:16,479 -                train: [    INFO] - Train: 110 [ 200/520]  Loss: 0.6510 (0.483)  Acc@1: 83.3333 (88.1582)  Acc@5: 98.9583 (99.5854)LR: 2.298e-02
2024-11-18 05:21:02,147 -                train: [    INFO] - Train: 110 [ 400/520]  Loss: 0.5001 (0.492)  Acc@1: 87.5000 (87.9364)  Acc@5: 100.0000 (99.5532)LR: 2.298e-02
2024-11-18 05:21:29,222 -                train: [    INFO] - Train: 110 [ 520/520]  Loss: 0.3605 (0.496)  Acc@1: 91.2500 (87.8900)  Acc@5: 100.0000 (99.5460)LR: 2.298e-02
2024-11-18 05:21:29,528 -                train: [    INFO] - Valid: 110 [   0/104]  Loss: 0.4306 (0.431)  Acc@1: 87.5000 (87.5000)  Acc@5: 98.9583 (98.9583)
2024-11-18 05:21:34,864 -                train: [    INFO] - Valid: 110 [ 104/104]  Loss: 0.1701 (0.292)  Acc@1: 93.7500 (90.3100)  Acc@5: 100.0000 (99.5500)
2024-11-18 05:21:34,900 -                train: [    INFO] - valid_acc 90.310003 - best_valid_acc 91.090002
2024-11-18 05:21:35,382 -                train: [    INFO] - Train: 111 [   0/520]  Loss: 0.4456 (0.446)  Acc@1: 84.3750 (84.3750)  Acc@5: 100.0000 (100.0000)LR: 2.295e-02
2024-11-18 05:22:20,008 -                train: [    INFO] - Train: 111 [ 200/520]  Loss: 0.4807 (0.478)  Acc@1: 89.5833 (88.4588)  Acc@5: 100.0000 (99.5906)LR: 2.295e-02
2024-11-18 05:23:04,794 -                train: [    INFO] - Train: 111 [ 400/520]  Loss: 0.5756 (0.495)  Acc@1: 85.4167 (88.0949)  Acc@5: 98.9583 (99.5792)LR: 2.295e-02
2024-11-18 05:23:31,819 -                train: [    INFO] - Train: 111 [ 520/520]  Loss: 0.6209 (0.500)  Acc@1: 85.0000 (87.9420)  Acc@5: 98.7500 (99.5720)LR: 2.295e-02
2024-11-18 05:23:32,119 -                train: [    INFO] - Valid: 111 [   0/104]  Loss: 0.3447 (0.345)  Acc@1: 88.5417 (88.5417)  Acc@5: 98.9583 (98.9583)
2024-11-18 05:23:37,530 -                train: [    INFO] - Valid: 111 [ 104/104]  Loss: 0.6364 (0.335)  Acc@1: 87.5000 (88.6000)  Acc@5: 100.0000 (99.6100)
2024-11-18 05:23:37,568 -                train: [    INFO] - valid_acc 88.600003 - best_valid_acc 91.090002
2024-11-18 05:23:38,182 -                train: [    INFO] - Train: 112 [   0/520]  Loss: 0.5788 (0.579)  Acc@1: 87.5000 (87.5000)  Acc@5: 97.9167 (97.9167)LR: 2.291e-02
2024-11-18 05:24:22,615 -                train: [    INFO] - Train: 112 [ 200/520]  Loss: 0.6584 (0.494)  Acc@1: 82.2917 (87.9664)  Acc@5: 100.0000 (99.5958)LR: 2.291e-02
2024-11-18 05:25:07,325 -                train: [    INFO] - Train: 112 [ 400/520]  Loss: 0.3344 (0.500)  Acc@1: 91.6667 (87.8247)  Acc@5: 100.0000 (99.5376)LR: 2.291e-02
2024-11-18 05:25:34,245 -                train: [    INFO] - Train: 112 [ 520/520]  Loss: 0.7651 (0.501)  Acc@1: 81.2500 (87.7100)  Acc@5: 98.7500 (99.5320)LR: 2.291e-02
2024-11-18 05:25:34,519 -                train: [    INFO] - Valid: 112 [   0/104]  Loss: 0.2357 (0.236)  Acc@1: 90.6250 (90.6250)  Acc@5: 100.0000 (100.0000)
2024-11-18 05:25:39,867 -                train: [    INFO] - Valid: 112 [ 104/104]  Loss: 0.3801 (0.352)  Acc@1: 87.5000 (88.7800)  Acc@5: 100.0000 (99.5500)
2024-11-18 05:25:39,915 -                train: [    INFO] - valid_acc 88.780003 - best_valid_acc 91.090002
2024-11-18 05:25:40,370 -                train: [    INFO] - Train: 113 [   0/520]  Loss: 0.4653 (0.465)  Acc@1: 90.6250 (90.6250)  Acc@5: 100.0000 (100.0000)LR: 2.288e-02
2024-11-18 05:26:25,189 -                train: [    INFO] - Train: 113 [ 200/520]  Loss: 0.4282 (0.496)  Acc@1: 88.5417 (88.0649)  Acc@5: 100.0000 (99.4973)LR: 2.288e-02
2024-11-18 05:27:09,948 -                train: [    INFO] - Train: 113 [ 400/520]  Loss: 0.5262 (0.498)  Acc@1: 90.6250 (87.9858)  Acc@5: 98.9583 (99.5220)LR: 2.288e-02
2024-11-18 05:27:36,742 -                train: [    INFO] - Train: 113 [ 520/520]  Loss: 0.4189 (0.503)  Acc@1: 92.5000 (87.8640)  Acc@5: 100.0000 (99.5180)LR: 2.288e-02
2024-11-18 05:27:37,050 -                train: [    INFO] - Valid: 113 [   0/104]  Loss: 0.2344 (0.234)  Acc@1: 89.5833 (89.5833)  Acc@5: 98.9583 (98.9583)
2024-11-18 05:27:42,384 -                train: [    INFO] - Valid: 113 [ 104/104]  Loss: 0.5567 (0.304)  Acc@1: 87.5000 (90.0500)  Acc@5: 100.0000 (99.7300)
2024-11-18 05:27:42,418 -                train: [    INFO] - valid_acc 90.050002 - best_valid_acc 91.090002
2024-11-18 05:27:42,842 -                train: [    INFO] - Train: 114 [   0/520]  Loss: 0.5753 (0.575)  Acc@1: 89.5833 (89.5833)  Acc@5: 98.9583 (98.9583)LR: 2.284e-02
2024-11-18 05:28:30,292 -                train: [    INFO] - Train: 114 [ 200/520]  Loss: 0.4370 (0.487)  Acc@1: 87.5000 (88.1841)  Acc@5: 100.0000 (99.6217)LR: 2.284e-02
2024-11-18 05:29:15,663 -                train: [    INFO] - Train: 114 [ 400/520]  Loss: 0.4984 (0.499)  Acc@1: 87.5000 (87.7650)  Acc@5: 100.0000 (99.5948)LR: 2.284e-02
2024-11-18 05:29:42,637 -                train: [    INFO] - Train: 114 [ 520/520]  Loss: 0.4042 (0.500)  Acc@1: 88.7500 (87.6960)  Acc@5: 100.0000 (99.5780)LR: 2.284e-02
2024-11-18 05:29:42,933 -                train: [    INFO] - Valid: 114 [   0/104]  Loss: 0.3674 (0.367)  Acc@1: 87.5000 (87.5000)  Acc@5: 100.0000 (100.0000)
2024-11-18 05:29:48,187 -                train: [    INFO] - Valid: 114 [ 104/104]  Loss: 0.3063 (0.301)  Acc@1: 93.7500 (89.8900)  Acc@5: 100.0000 (99.6400)
2024-11-18 05:29:48,222 -                train: [    INFO] - valid_acc 89.890002 - best_valid_acc 91.090002
2024-11-18 05:29:48,729 -                train: [    INFO] - Train: 115 [   0/520]  Loss: 0.5231 (0.523)  Acc@1: 85.4167 (85.4167)  Acc@5: 100.0000 (100.0000)LR: 2.280e-02
2024-11-18 05:30:33,201 -                train: [    INFO] - Train: 115 [ 200/520]  Loss: 0.7129 (0.484)  Acc@1: 83.3333 (88.1374)  Acc@5: 100.0000 (99.5802)LR: 2.280e-02
2024-11-18 05:31:17,759 -                train: [    INFO] - Train: 115 [ 400/520]  Loss: 0.6808 (0.496)  Acc@1: 85.4167 (87.9572)  Acc@5: 97.9167 (99.5428)LR: 2.280e-02
2024-11-18 05:31:44,651 -                train: [    INFO] - Train: 115 [ 520/520]  Loss: 0.5518 (0.500)  Acc@1: 86.2500 (87.8580)  Acc@5: 98.7500 (99.5440)LR: 2.280e-02
2024-11-18 05:31:44,968 -                train: [    INFO] - Valid: 115 [   0/104]  Loss: 0.2872 (0.287)  Acc@1: 91.6667 (91.6667)  Acc@5: 100.0000 (100.0000)
2024-11-18 05:31:50,366 -                train: [    INFO] - Valid: 115 [ 104/104]  Loss: 0.5004 (0.285)  Acc@1: 81.2500 (90.5600)  Acc@5: 100.0000 (99.6800)
2024-11-18 05:31:50,402 -                train: [    INFO] - valid_acc 90.560002 - best_valid_acc 91.090002
2024-11-18 05:31:50,852 -                train: [    INFO] - Train: 116 [   0/520]  Loss: 0.6075 (0.608)  Acc@1: 85.4167 (85.4167)  Acc@5: 100.0000 (100.0000)LR: 2.276e-02
2024-11-18 05:32:37,175 -                train: [    INFO] - Train: 116 [ 200/520]  Loss: 0.5003 (0.481)  Acc@1: 88.5417 (88.3862)  Acc@5: 100.0000 (99.6113)LR: 2.276e-02
2024-11-18 05:33:23,337 -                train: [    INFO] - Train: 116 [ 400/520]  Loss: 0.5818 (0.487)  Acc@1: 85.4167 (88.2274)  Acc@5: 100.0000 (99.5610)LR: 2.276e-02
2024-11-18 05:33:50,821 -                train: [    INFO] - Train: 116 [ 520/520]  Loss: 0.4385 (0.493)  Acc@1: 93.7500 (88.0740)  Acc@5: 100.0000 (99.5540)LR: 2.276e-02
2024-11-18 05:33:51,145 -                train: [    INFO] - Valid: 116 [   0/104]  Loss: 0.6162 (0.616)  Acc@1: 82.2917 (82.2917)  Acc@5: 98.9583 (98.9583)
2024-11-18 05:33:56,503 -                train: [    INFO] - Valid: 116 [ 104/104]  Loss: 0.06717 (0.405)  Acc@1: 100.0000 (87.3700)  Acc@5: 100.0000 (99.6800)
2024-11-18 05:33:57,614 -                train: [    INFO] - valid_acc 87.370002 - best_valid_acc 91.090002
2024-11-18 05:33:58,063 -                train: [    INFO] - Train: 117 [   0/520]  Loss: 0.6961 (0.696)  Acc@1: 87.5000 (87.5000)  Acc@5: 100.0000 (100.0000)LR: 2.273e-02
2024-11-18 05:34:42,545 -                train: [    INFO] - Train: 117 [ 200/520]  Loss: 0.6204 (0.485)  Acc@1: 83.3333 (88.0131)  Acc@5: 100.0000 (99.5906)LR: 2.273e-02
2024-11-18 05:35:27,260 -                train: [    INFO] - Train: 117 [ 400/520]  Loss: 0.8575 (0.493)  Acc@1: 82.2917 (88.0897)  Acc@5: 96.8750 (99.5610)LR: 2.273e-02
2024-11-18 05:35:53,986 -                train: [    INFO] - Train: 117 [ 520/520]  Loss: 0.5831 (0.497)  Acc@1: 87.5000 (87.9800)  Acc@5: 100.0000 (99.5580)LR: 2.273e-02
2024-11-18 05:35:54,363 -                train: [    INFO] - Valid: 117 [   0/104]  Loss: 0.3739 (0.374)  Acc@1: 85.4167 (85.4167)  Acc@5: 100.0000 (100.0000)
2024-11-18 05:35:59,683 -                train: [    INFO] - Valid: 117 [ 104/104]  Loss: 0.5770 (0.332)  Acc@1: 81.2500 (89.0100)  Acc@5: 100.0000 (99.6200)
2024-11-18 05:35:59,731 -                train: [    INFO] - valid_acc 89.010003 - best_valid_acc 91.090002
2024-11-18 05:36:00,176 -                train: [    INFO] - Train: 118 [   0/520]  Loss: 0.4478 (0.448)  Acc@1: 87.5000 (87.5000)  Acc@5: 100.0000 (100.0000)LR: 2.269e-02
2024-11-18 05:36:47,094 -                train: [    INFO] - Train: 118 [ 200/520]  Loss: 0.4936 (0.505)  Acc@1: 90.6250 (87.7488)  Acc@5: 100.0000 (99.5129)LR: 2.269e-02
2024-11-18 05:37:32,290 -                train: [    INFO] - Train: 118 [ 400/520]  Loss: 0.4234 (0.504)  Acc@1: 88.5417 (87.8403)  Acc@5: 100.0000 (99.5402)LR: 2.269e-02
2024-11-18 05:37:59,313 -                train: [    INFO] - Train: 118 [ 520/520]  Loss: 0.3964 (0.508)  Acc@1: 96.2500 (87.8180)  Acc@5: 98.7500 (99.5120)LR: 2.269e-02
2024-11-18 05:37:59,620 -                train: [    INFO] - Valid: 118 [   0/104]  Loss: 0.5315 (0.531)  Acc@1: 85.4167 (85.4167)  Acc@5: 98.9583 (98.9583)
2024-11-18 05:38:04,953 -                train: [    INFO] - Valid: 118 [ 104/104]  Loss: 0.4666 (0.417)  Acc@1: 87.5000 (86.9500)  Acc@5: 100.0000 (99.4400)
2024-11-18 05:38:05,007 -                train: [    INFO] - valid_acc 86.950002 - best_valid_acc 91.090002
2024-11-18 05:38:05,439 -                train: [    INFO] - Train: 119 [   0/520]  Loss: 0.6341 (0.634)  Acc@1: 87.5000 (87.5000)  Acc@5: 98.9583 (98.9583)LR: 2.265e-02
2024-11-18 05:38:49,939 -                train: [    INFO] - Train: 119 [ 200/520]  Loss: 0.5559 (0.497)  Acc@1: 84.3750 (88.0960)  Acc@5: 100.0000 (99.5750)LR: 2.265e-02
2024-11-18 05:39:34,742 -                train: [    INFO] - Train: 119 [ 400/520]  Loss: 0.5405 (0.504)  Acc@1: 87.5000 (87.9052)  Acc@5: 100.0000 (99.5142)LR: 2.265e-02
2024-11-18 05:40:01,267 -                train: [    INFO] - Train: 119 [ 520/520]  Loss: 0.4638 (0.505)  Acc@1: 86.2500 (87.8900)  Acc@5: 98.7500 (99.5240)LR: 2.265e-02
2024-11-18 05:40:01,641 -                train: [    INFO] - Valid: 119 [   0/104]  Loss: 0.3640 (0.364)  Acc@1: 87.5000 (87.5000)  Acc@5: 100.0000 (100.0000)
2024-11-18 05:40:07,023 -                train: [    INFO] - Valid: 119 [ 104/104]  Loss: 0.5384 (0.304)  Acc@1: 75.0000 (89.7800)  Acc@5: 100.0000 (99.6600)
2024-11-18 05:40:07,063 -                train: [    INFO] - valid_acc 89.780002 - best_valid_acc 91.090002
2024-11-18 05:40:07,553 -                train: [    INFO] - Train: 120 [   0/520]  Loss: 0.4955 (0.495)  Acc@1: 88.5417 (88.5417)  Acc@5: 100.0000 (100.0000)LR: 2.261e-02
2024-11-18 05:40:53,359 -                train: [    INFO] - Train: 120 [ 200/520]  Loss: 0.4367 (0.486)  Acc@1: 87.5000 (88.0908)  Acc@5: 100.0000 (99.6010)LR: 2.261e-02
2024-11-18 05:41:39,169 -                train: [    INFO] - Train: 120 [ 400/520]  Loss: 0.5388 (0.502)  Acc@1: 86.4583 (87.7780)  Acc@5: 98.9583 (99.5142)LR: 2.261e-02
2024-11-18 05:42:06,115 -                train: [    INFO] - Train: 120 [ 520/520]  Loss: 0.2730 (0.501)  Acc@1: 93.7500 (87.8620)  Acc@5: 100.0000 (99.5080)LR: 2.261e-02
2024-11-18 05:42:06,460 -                train: [    INFO] - Valid: 120 [   0/104]  Loss: 0.3002 (0.300)  Acc@1: 85.4167 (85.4167)  Acc@5: 100.0000 (100.0000)
2024-11-18 05:42:11,870 -                train: [    INFO] - Valid: 120 [ 104/104]  Loss: 0.4002 (0.262)  Acc@1: 87.5000 (91.0400)  Acc@5: 100.0000 (99.7000)
2024-11-18 05:42:11,937 -                train: [    INFO] - valid_acc 91.040002 - best_valid_acc 91.090002
2024-11-18 05:42:12,411 -                train: [    INFO] - Train: 121 [   0/520]  Loss: 0.4941 (0.494)  Acc@1: 86.4583 (86.4583)  Acc@5: 100.0000 (100.0000)LR: 2.257e-02
2024-11-18 05:42:57,357 -                train: [    INFO] - Train: 121 [ 200/520]  Loss: 0.5618 (0.486)  Acc@1: 83.3333 (88.3085)  Acc@5: 100.0000 (99.5336)LR: 2.257e-02
2024-11-18 05:43:41,817 -                train: [    INFO] - Train: 121 [ 400/520]  Loss: 0.4840 (0.487)  Acc@1: 86.4583 (88.2325)  Acc@5: 100.0000 (99.5090)LR: 2.257e-02
2024-11-18 05:44:08,736 -                train: [    INFO] - Train: 121 [ 520/520]  Loss: 0.4688 (0.489)  Acc@1: 90.0000 (88.2160)  Acc@5: 100.0000 (99.5180)LR: 2.257e-02
2024-11-18 05:44:09,056 -                train: [    INFO] - Valid: 121 [   0/104]  Loss: 0.4459 (0.446)  Acc@1: 86.4583 (86.4583)  Acc@5: 100.0000 (100.0000)
2024-11-18 05:44:14,373 -                train: [    INFO] - Valid: 121 [ 104/104]  Loss: 0.5126 (0.293)  Acc@1: 81.2500 (90.0200)  Acc@5: 100.0000 (99.7600)
2024-11-18 05:44:14,617 -                train: [    INFO] - valid_acc 90.020003 - best_valid_acc 91.090002
2024-11-18 05:44:15,052 -                train: [    INFO] - Train: 122 [   0/520]  Loss: 0.4736 (0.474)  Acc@1: 91.6667 (91.6667)  Acc@5: 97.9167 (97.9167)LR: 2.254e-02
2024-11-18 05:44:59,340 -                train: [    INFO] - Train: 122 [ 200/520]  Loss: 0.3494 (0.487)  Acc@1: 89.5833 (88.4432)  Acc@5: 100.0000 (99.5336)LR: 2.254e-02
2024-11-18 05:45:43,930 -                train: [    INFO] - Train: 122 [ 400/520]  Loss: 0.4369 (0.491)  Acc@1: 86.4583 (88.2248)  Acc@5: 98.9583 (99.5142)LR: 2.254e-02
2024-11-18 05:46:10,618 -                train: [    INFO] - Train: 122 [ 520/520]  Loss: 0.5617 (0.491)  Acc@1: 83.7500 (88.2500)  Acc@5: 100.0000 (99.5300)LR: 2.254e-02
2024-11-18 05:46:10,917 -                train: [    INFO] - Valid: 122 [   0/104]  Loss: 0.4298 (0.430)  Acc@1: 89.5833 (89.5833)  Acc@5: 98.9583 (98.9583)
2024-11-18 05:46:16,220 -                train: [    INFO] - Valid: 122 [ 104/104]  Loss: 0.5725 (0.295)  Acc@1: 81.2500 (90.4800)  Acc@5: 100.0000 (99.6600)
2024-11-18 05:46:16,252 -                train: [    INFO] - valid_acc 90.480003 - best_valid_acc 91.090002
2024-11-18 05:46:16,832 -                train: [    INFO] - Train: 123 [   0/520]  Loss: 0.3571 (0.357)  Acc@1: 91.6667 (91.6667)  Acc@5: 100.0000 (100.0000)LR: 2.250e-02
2024-11-18 05:47:01,569 -                train: [    INFO] - Train: 123 [ 200/520]  Loss: 0.4048 (0.486)  Acc@1: 91.6667 (88.3085)  Acc@5: 100.0000 (99.5336)LR: 2.250e-02
2024-11-18 05:47:46,356 -                train: [    INFO] - Train: 123 [ 400/520]  Loss: 0.4018 (0.496)  Acc@1: 90.6250 (88.0247)  Acc@5: 100.0000 (99.4961)LR: 2.250e-02
2024-11-18 05:48:12,997 -                train: [    INFO] - Train: 123 [ 520/520]  Loss: 0.5034 (0.495)  Acc@1: 87.5000 (88.0180)  Acc@5: 100.0000 (99.5200)LR: 2.250e-02
2024-11-18 05:48:13,281 -                train: [    INFO] - Valid: 123 [   0/104]  Loss: 0.3818 (0.382)  Acc@1: 85.4167 (85.4167)  Acc@5: 98.9583 (98.9583)
2024-11-18 05:48:18,558 -                train: [    INFO] - Valid: 123 [ 104/104]  Loss: 0.2007 (0.348)  Acc@1: 87.5000 (88.7700)  Acc@5: 100.0000 (99.5500)
2024-11-18 05:48:18,593 -                train: [    INFO] - valid_acc 88.770003 - best_valid_acc 91.090002
2024-11-18 05:48:19,012 -                train: [    INFO] - Train: 124 [   0/520]  Loss: 0.4970 (0.497)  Acc@1: 88.5417 (88.5417)  Acc@5: 97.9167 (97.9167)LR: 2.246e-02
2024-11-18 05:49:03,441 -                train: [    INFO] - Train: 124 [ 200/520]  Loss: 0.3213 (0.493)  Acc@1: 92.7083 (88.0131)  Acc@5: 100.0000 (99.5025)LR: 2.246e-02
2024-11-18 05:49:47,925 -                train: [    INFO] - Train: 124 [ 400/520]  Loss: 0.5055 (0.484)  Acc@1: 88.5417 (88.2949)  Acc@5: 100.0000 (99.5454)LR: 2.246e-02
2024-11-18 05:50:14,633 -                train: [    INFO] - Train: 124 [ 520/520]  Loss: 0.5921 (0.488)  Acc@1: 83.7500 (88.2520)  Acc@5: 100.0000 (99.5480)LR: 2.246e-02
2024-11-18 05:50:14,940 -                train: [    INFO] - Valid: 124 [   0/104]  Loss: 0.4748 (0.475)  Acc@1: 84.3750 (84.3750)  Acc@5: 100.0000 (100.0000)
2024-11-18 05:50:20,291 -                train: [    INFO] - Valid: 124 [ 104/104]  Loss: 0.4075 (0.268)  Acc@1: 93.7500 (91.3600)  Acc@5: 100.0000 (99.7400)
2024-11-18 05:50:21,088 -                train: [    INFO] - valid_acc 91.360002 - best_valid_acc 91.360002
2024-11-18 05:50:21,514 -                train: [    INFO] - Train: 125 [   0/520]  Loss: 0.3634 (0.363)  Acc@1: 90.6250 (90.6250)  Acc@5: 100.0000 (100.0000)LR: 2.242e-02
2024-11-18 05:51:06,134 -                train: [    INFO] - Train: 125 [ 200/520]  Loss: 0.4466 (0.485)  Acc@1: 89.5833 (88.3914)  Acc@5: 98.9583 (99.5543)LR: 2.242e-02
2024-11-18 05:51:50,684 -                train: [    INFO] - Train: 125 [ 400/520]  Loss: 0.6628 (0.495)  Acc@1: 82.2917 (87.9676)  Acc@5: 97.9167 (99.5402)LR: 2.242e-02
2024-11-18 05:52:17,503 -                train: [    INFO] - Train: 125 [ 520/520]  Loss: 0.5477 (0.494)  Acc@1: 83.7500 (88.0120)  Acc@5: 100.0000 (99.5420)LR: 2.242e-02
2024-11-18 05:52:17,845 -                train: [    INFO] - Valid: 125 [   0/104]  Loss: 0.2517 (0.252)  Acc@1: 92.7083 (92.7083)  Acc@5: 100.0000 (100.0000)
2024-11-18 05:52:23,172 -                train: [    INFO] - Valid: 125 [ 104/104]  Loss: 0.2133 (0.239)  Acc@1: 93.7500 (91.9800)  Acc@5: 100.0000 (99.7300)
2024-11-18 05:52:24,766 -                train: [    INFO] - valid_acc 91.980002 - best_valid_acc 91.980002
2024-11-18 05:52:25,266 -                train: [    INFO] - Train: 126 [   0/520]  Loss: 0.5036 (0.504)  Acc@1: 86.4583 (86.4583)  Acc@5: 100.0000 (100.0000)LR: 2.238e-02
2024-11-18 05:53:10,258 -                train: [    INFO] - Train: 126 [ 200/520]  Loss: 0.2810 (0.491)  Acc@1: 92.7083 (88.2566)  Acc@5: 100.0000 (99.5750)LR: 2.238e-02
2024-11-18 05:53:54,750 -                train: [    INFO] - Train: 126 [ 400/520]  Loss: 0.5512 (0.494)  Acc@1: 88.5417 (88.1650)  Acc@5: 98.9583 (99.5298)LR: 2.238e-02
2024-11-18 05:54:21,497 -                train: [    INFO] - Train: 126 [ 520/520]  Loss: 0.6389 (0.500)  Acc@1: 86.2500 (88.0760)  Acc@5: 98.7500 (99.5200)LR: 2.238e-02
2024-11-18 05:54:21,791 -                train: [    INFO] - Valid: 126 [   0/104]  Loss: 0.3522 (0.352)  Acc@1: 85.4167 (85.4167)  Acc@5: 98.9583 (98.9583)
2024-11-18 05:54:27,091 -                train: [    INFO] - Valid: 126 [ 104/104]  Loss: 0.9193 (0.432)  Acc@1: 81.2500 (86.4400)  Acc@5: 100.0000 (99.2900)
2024-11-18 05:54:27,140 -                train: [    INFO] - valid_acc 86.440002 - best_valid_acc 91.980002
2024-11-18 05:54:27,575 -                train: [    INFO] - Train: 127 [   0/520]  Loss: 0.5188 (0.519)  Acc@1: 85.4167 (85.4167)  Acc@5: 100.0000 (100.0000)LR: 2.234e-02
2024-11-18 05:55:12,296 -                train: [    INFO] - Train: 127 [ 200/520]  Loss: 0.4663 (0.482)  Acc@1: 87.5000 (88.2929)  Acc@5: 100.0000 (99.5906)LR: 2.234e-02
2024-11-18 05:55:57,041 -                train: [    INFO] - Train: 127 [ 400/520]  Loss: 0.4823 (0.490)  Acc@1: 90.6250 (88.0065)  Acc@5: 98.9583 (99.5454)LR: 2.234e-02
2024-11-18 05:56:23,636 -                train: [    INFO] - Train: 127 [ 520/520]  Loss: 0.3979 (0.493)  Acc@1: 90.0000 (87.9280)  Acc@5: 100.0000 (99.5560)LR: 2.234e-02
2024-11-18 05:56:23,909 -                train: [    INFO] - Valid: 127 [   0/104]  Loss: 0.4785 (0.479)  Acc@1: 84.3750 (84.3750)  Acc@5: 100.0000 (100.0000)
2024-11-18 05:56:29,193 -                train: [    INFO] - Valid: 127 [ 104/104]  Loss: 0.4532 (0.372)  Acc@1: 81.2500 (88.1600)  Acc@5: 100.0000 (99.6900)
2024-11-18 05:56:29,231 -                train: [    INFO] - valid_acc 88.160003 - best_valid_acc 91.980002
2024-11-18 05:56:29,746 -                train: [    INFO] - Train: 128 [   0/520]  Loss: 0.4009 (0.401)  Acc@1: 90.6250 (90.6250)  Acc@5: 100.0000 (100.0000)LR: 2.230e-02
2024-11-18 05:57:15,393 -                train: [    INFO] - Train: 128 [ 200/520]  Loss: 0.5755 (0.456)  Acc@1: 85.4167 (88.9822)  Acc@5: 100.0000 (99.6113)LR: 2.230e-02
2024-11-18 05:58:02,102 -                train: [    INFO] - Train: 128 [ 400/520]  Loss: 0.4560 (0.476)  Acc@1: 88.5417 (88.5209)  Acc@5: 98.9583 (99.6129)LR: 2.230e-02
2024-11-18 05:58:29,546 -                train: [    INFO] - Train: 128 [ 520/520]  Loss: 0.4848 (0.484)  Acc@1: 86.2500 (88.3400)  Acc@5: 98.7500 (99.5780)LR: 2.230e-02
2024-11-18 05:58:29,888 -                train: [    INFO] - Valid: 128 [   0/104]  Loss: 0.2628 (0.263)  Acc@1: 93.7500 (93.7500)  Acc@5: 100.0000 (100.0000)
2024-11-18 05:58:35,390 -                train: [    INFO] - Valid: 128 [ 104/104]  Loss: 0.4827 (0.246)  Acc@1: 93.7500 (91.7700)  Acc@5: 100.0000 (99.6900)
2024-11-18 05:58:35,443 -                train: [    INFO] - valid_acc 91.770002 - best_valid_acc 91.980002
2024-11-18 05:58:35,931 -                train: [    INFO] - Train: 129 [   0/520]  Loss: 0.4802 (0.480)  Acc@1: 88.5417 (88.5417)  Acc@5: 98.9583 (98.9583)LR: 2.226e-02
2024-11-18 05:59:20,719 -                train: [    INFO] - Train: 129 [ 200/520]  Loss: 0.6637 (0.458)  Acc@1: 83.3333 (88.9666)  Acc@5: 98.9583 (99.5854)LR: 2.226e-02
2024-11-18 06:00:05,235 -                train: [    INFO] - Train: 129 [ 400/520]  Loss: 0.6776 (0.486)  Acc@1: 85.4167 (88.2222)  Acc@5: 97.9167 (99.5480)LR: 2.226e-02
2024-11-18 06:00:32,331 -                train: [    INFO] - Train: 129 [ 520/520]  Loss: 0.5398 (0.490)  Acc@1: 88.7500 (88.2000)  Acc@5: 97.5000 (99.5500)LR: 2.226e-02
2024-11-18 06:00:32,600 -                train: [    INFO] - Valid: 129 [   0/104]  Loss: 0.2527 (0.253)  Acc@1: 90.6250 (90.6250)  Acc@5: 100.0000 (100.0000)
2024-11-18 06:00:37,919 -                train: [    INFO] - Valid: 129 [ 104/104]  Loss: 0.2153 (0.257)  Acc@1: 93.7500 (91.3200)  Acc@5: 100.0000 (99.7800)
2024-11-18 06:00:37,973 -                train: [    INFO] - valid_acc 91.320003 - best_valid_acc 91.980002
2024-11-18 06:00:38,407 -                train: [    INFO] - Train: 130 [   0/520]  Loss: 0.4418 (0.442)  Acc@1: 88.5417 (88.5417)  Acc@5: 98.9583 (98.9583)LR: 2.221e-02
2024-11-18 06:01:23,468 -                train: [    INFO] - Train: 130 [ 200/520]  Loss: 0.5727 (0.477)  Acc@1: 83.3333 (88.4121)  Acc@5: 100.0000 (99.6010)LR: 2.221e-02
2024-11-18 06:02:08,031 -                train: [    INFO] - Train: 130 [ 400/520]  Loss: 0.4679 (0.487)  Acc@1: 88.5417 (88.2611)  Acc@5: 98.9583 (99.5350)LR: 2.221e-02
2024-11-18 06:02:34,772 -                train: [    INFO] - Train: 130 [ 520/520]  Loss: 0.4595 (0.487)  Acc@1: 90.0000 (88.3000)  Acc@5: 100.0000 (99.5600)LR: 2.221e-02
2024-11-18 06:02:35,018 -                train: [    INFO] - Valid: 130 [   0/104]  Loss: 0.4793 (0.479)  Acc@1: 85.4167 (85.4167)  Acc@5: 100.0000 (100.0000)
2024-11-18 06:02:40,330 -                train: [    INFO] - Valid: 130 [ 104/104]  Loss: 0.5930 (0.373)  Acc@1: 81.2500 (88.5900)  Acc@5: 100.0000 (99.5300)
2024-11-18 06:02:40,363 -                train: [    INFO] - valid_acc 88.590003 - best_valid_acc 91.980002
2024-11-18 06:02:40,809 -                train: [    INFO] - Train: 131 [   0/520]  Loss: 0.3545 (0.355)  Acc@1: 90.6250 (90.6250)  Acc@5: 100.0000 (100.0000)LR: 2.217e-02
2024-11-18 06:03:25,425 -                train: [    INFO] - Train: 131 [ 200/520]  Loss: 0.4211 (0.485)  Acc@1: 87.5000 (88.2825)  Acc@5: 100.0000 (99.6010)LR: 2.217e-02
2024-11-18 06:04:10,072 -                train: [    INFO] - Train: 131 [ 400/520]  Loss: 0.4771 (0.482)  Acc@1: 87.5000 (88.4092)  Acc@5: 98.9583 (99.5792)LR: 2.217e-02
2024-11-18 06:04:36,744 -                train: [    INFO] - Train: 131 [ 520/520]  Loss: 0.3878 (0.481)  Acc@1: 87.5000 (88.3880)  Acc@5: 100.0000 (99.5680)LR: 2.217e-02
2024-11-18 06:04:37,049 -                train: [    INFO] - Valid: 131 [   0/104]  Loss: 0.3818 (0.382)  Acc@1: 87.5000 (87.5000)  Acc@5: 100.0000 (100.0000)
2024-11-18 06:04:42,359 -                train: [    INFO] - Valid: 131 [ 104/104]  Loss: 0.06361 (0.293)  Acc@1: 100.0000 (90.6400)  Acc@5: 100.0000 (99.6700)
2024-11-18 06:04:42,419 -                train: [    INFO] - valid_acc 90.640002 - best_valid_acc 91.980002
2024-11-18 06:04:42,924 -                train: [    INFO] - Train: 132 [   0/520]  Loss: 0.3051 (0.305)  Acc@1: 93.7500 (93.7500)  Acc@5: 100.0000 (100.0000)LR: 2.213e-02
2024-11-18 06:05:27,686 -                train: [    INFO] - Train: 132 [ 200/520]  Loss: 0.4729 (0.469)  Acc@1: 89.5833 (88.6453)  Acc@5: 100.0000 (99.6061)LR: 2.213e-02
2024-11-18 06:06:12,169 -                train: [    INFO] - Train: 132 [ 400/520]  Loss: 0.5523 (0.478)  Acc@1: 85.4167 (88.4533)  Acc@5: 100.0000 (99.5740)LR: 2.213e-02
2024-11-18 06:06:38,835 -                train: [    INFO] - Train: 132 [ 520/520]  Loss: 0.7001 (0.482)  Acc@1: 82.5000 (88.3800)  Acc@5: 97.5000 (99.5540)LR: 2.213e-02
2024-11-18 06:06:39,129 -                train: [    INFO] - Valid: 132 [   0/104]  Loss: 0.3764 (0.376)  Acc@1: 87.5000 (87.5000)  Acc@5: 100.0000 (100.0000)
2024-11-18 06:06:44,435 -                train: [    INFO] - Valid: 132 [ 104/104]  Loss: 0.8340 (0.353)  Acc@1: 75.0000 (88.4500)  Acc@5: 100.0000 (99.6400)
2024-11-18 06:06:44,470 -                train: [    INFO] - valid_acc 88.450002 - best_valid_acc 91.980002
2024-11-18 06:06:44,962 -                train: [    INFO] - Train: 133 [   0/520]  Loss: 0.5266 (0.527)  Acc@1: 89.5833 (89.5833)  Acc@5: 100.0000 (100.0000)LR: 2.209e-02
2024-11-18 06:07:29,655 -                train: [    INFO] - Train: 133 [ 200/520]  Loss: 0.4871 (0.479)  Acc@1: 87.5000 (88.5572)  Acc@5: 100.0000 (99.6372)LR: 2.209e-02
2024-11-18 06:08:14,021 -                train: [    INFO] - Train: 133 [ 400/520]  Loss: 0.4547 (0.488)  Acc@1: 90.6250 (88.1208)  Acc@5: 100.0000 (99.5896)LR: 2.209e-02
2024-11-18 06:08:40,768 -                train: [    INFO] - Train: 133 [ 520/520]  Loss: 0.6419 (0.484)  Acc@1: 87.5000 (88.2380)  Acc@5: 100.0000 (99.5920)LR: 2.209e-02
2024-11-18 06:08:41,136 -                train: [    INFO] - Valid: 133 [   0/104]  Loss: 0.3683 (0.368)  Acc@1: 92.7083 (92.7083)  Acc@5: 100.0000 (100.0000)
2024-11-18 06:08:46,614 -                train: [    INFO] - Valid: 133 [ 104/104]  Loss: 0.5177 (0.274)  Acc@1: 81.2500 (91.0600)  Acc@5: 100.0000 (99.7300)
2024-11-18 06:08:46,656 -                train: [    INFO] - valid_acc 91.060003 - best_valid_acc 91.980002
2024-11-18 06:08:47,105 -                train: [    INFO] - Train: 134 [   0/520]  Loss: 0.5514 (0.551)  Acc@1: 83.3333 (83.3333)  Acc@5: 100.0000 (100.0000)LR: 2.205e-02
2024-11-18 06:09:31,911 -                train: [    INFO] - Train: 134 [ 200/520]  Loss: 0.4708 (0.490)  Acc@1: 87.5000 (88.3914)  Acc@5: 98.9583 (99.4869)LR: 2.205e-02
2024-11-18 06:10:16,316 -                train: [    INFO] - Train: 134 [ 400/520]  Loss: 0.3717 (0.484)  Acc@1: 91.6667 (88.5365)  Acc@5: 98.9583 (99.5220)LR: 2.205e-02
2024-11-18 06:10:43,190 -                train: [    INFO] - Train: 134 [ 520/520]  Loss: 0.6640 (0.489)  Acc@1: 82.5000 (88.4060)  Acc@5: 100.0000 (99.5340)LR: 2.205e-02
2024-11-18 06:10:43,505 -                train: [    INFO] - Valid: 134 [   0/104]  Loss: 0.3226 (0.323)  Acc@1: 92.7083 (92.7083)  Acc@5: 100.0000 (100.0000)
2024-11-18 06:10:48,852 -                train: [    INFO] - Valid: 134 [ 104/104]  Loss: 0.2396 (0.256)  Acc@1: 87.5000 (91.3100)  Acc@5: 100.0000 (99.7300)
2024-11-18 06:10:48,892 -                train: [    INFO] - valid_acc 91.310003 - best_valid_acc 91.980002
2024-11-18 06:10:49,453 -                train: [    INFO] - Train: 135 [   0/520]  Loss: 0.4677 (0.468)  Acc@1: 88.5417 (88.5417)  Acc@5: 100.0000 (100.0000)LR: 2.201e-02
2024-11-18 06:11:34,072 -                train: [    INFO] - Train: 135 [ 200/520]  Loss: 0.5641 (0.481)  Acc@1: 82.2917 (88.2774)  Acc@5: 100.0000 (99.5595)LR: 2.201e-02
2024-11-18 06:12:18,622 -                train: [    INFO] - Train: 135 [ 400/520]  Loss: 0.6656 (0.481)  Acc@1: 86.4583 (88.4326)  Acc@5: 98.9583 (99.5662)LR: 2.201e-02
2024-11-18 06:12:45,169 -                train: [    INFO] - Train: 135 [ 520/520]  Loss: 0.4925 (0.487)  Acc@1: 90.0000 (88.3060)  Acc@5: 100.0000 (99.5480)LR: 2.201e-02
2024-11-18 06:12:45,451 -                train: [    INFO] - Valid: 135 [   0/104]  Loss: 0.3202 (0.320)  Acc@1: 89.5833 (89.5833)  Acc@5: 100.0000 (100.0000)
2024-11-18 06:12:50,758 -                train: [    INFO] - Valid: 135 [ 104/104]  Loss: 0.2874 (0.251)  Acc@1: 93.7500 (91.7300)  Acc@5: 100.0000 (99.7100)
2024-11-18 06:12:50,795 -                train: [    INFO] - valid_acc 91.730002 - best_valid_acc 91.980002
2024-11-18 06:12:51,221 -                train: [    INFO] - Train: 136 [   0/520]  Loss: 0.3300 (0.330)  Acc@1: 94.7917 (94.7917)  Acc@5: 98.9583 (98.9583)LR: 2.196e-02
2024-11-18 06:13:35,958 -                train: [    INFO] - Train: 136 [ 200/520]  Loss: 0.6375 (0.485)  Acc@1: 82.2917 (88.2463)  Acc@5: 100.0000 (99.6061)LR: 2.196e-02
2024-11-18 06:14:20,343 -                train: [    INFO] - Train: 136 [ 400/520]  Loss: 0.5496 (0.481)  Acc@1: 84.3750 (88.2871)  Acc@5: 100.0000 (99.6052)LR: 2.196e-02
2024-11-18 06:14:47,037 -                train: [    INFO] - Train: 136 [ 520/520]  Loss: 0.5594 (0.490)  Acc@1: 83.7500 (88.0500)  Acc@5: 98.7500 (99.5620)LR: 2.196e-02
2024-11-18 06:14:47,301 -                train: [    INFO] - Valid: 136 [   0/104]  Loss: 0.4001 (0.400)  Acc@1: 88.5417 (88.5417)  Acc@5: 100.0000 (100.0000)
2024-11-18 06:14:52,586 -                train: [    INFO] - Valid: 136 [ 104/104]  Loss: 0.5806 (0.349)  Acc@1: 93.7500 (89.0200)  Acc@5: 100.0000 (99.5700)
2024-11-18 06:14:52,622 -                train: [    INFO] - valid_acc 89.020002 - best_valid_acc 91.980002
2024-11-18 06:14:53,073 -                train: [    INFO] - Train: 137 [   0/520]  Loss: 0.5704 (0.570)  Acc@1: 82.2917 (82.2917)  Acc@5: 98.9583 (98.9583)LR: 2.192e-02
2024-11-18 06:15:38,028 -                train: [    INFO] - Train: 137 [ 200/520]  Loss: 0.5523 (0.486)  Acc@1: 87.5000 (88.2100)  Acc@5: 100.0000 (99.5699)LR: 2.192e-02
2024-11-18 06:16:23,762 -                train: [    INFO] - Train: 137 [ 400/520]  Loss: 0.3972 (0.486)  Acc@1: 91.6667 (88.2767)  Acc@5: 98.9583 (99.5428)LR: 2.192e-02
2024-11-18 06:16:50,458 -                train: [    INFO] - Train: 137 [ 520/520]  Loss: 0.6427 (0.489)  Acc@1: 85.0000 (88.2020)  Acc@5: 98.7500 (99.5280)LR: 2.192e-02
2024-11-18 06:16:50,785 -                train: [    INFO] - Valid: 137 [   0/104]  Loss: 0.3067 (0.307)  Acc@1: 90.6250 (90.6250)  Acc@5: 100.0000 (100.0000)
2024-11-18 06:16:56,100 -                train: [    INFO] - Valid: 137 [ 104/104]  Loss: 0.3629 (0.258)  Acc@1: 87.5000 (91.6500)  Acc@5: 100.0000 (99.8100)
2024-11-18 06:16:56,149 -                train: [    INFO] - valid_acc 91.650002 - best_valid_acc 91.980002
2024-11-18 06:16:56,633 -                train: [    INFO] - Train: 138 [   0/520]  Loss: 0.5186 (0.519)  Acc@1: 90.6250 (90.6250)  Acc@5: 98.9583 (98.9583)LR: 2.188e-02
2024-11-18 06:17:41,227 -                train: [    INFO] - Train: 138 [ 200/520]  Loss: 0.5470 (0.482)  Acc@1: 86.4583 (88.4743)  Acc@5: 100.0000 (99.6061)LR: 2.188e-02
2024-11-18 06:18:26,051 -                train: [    INFO] - Train: 138 [ 400/520]  Loss: 0.4219 (0.481)  Acc@1: 90.6250 (88.4300)  Acc@5: 98.9583 (99.6026)LR: 2.188e-02
2024-11-18 06:18:52,816 -                train: [    INFO] - Train: 138 [ 520/520]  Loss: 0.4991 (0.486)  Acc@1: 91.2500 (88.2780)  Acc@5: 98.7500 (99.5680)LR: 2.188e-02
2024-11-18 06:18:53,181 -                train: [    INFO] - Valid: 138 [   0/104]  Loss: 0.2748 (0.275)  Acc@1: 91.6667 (91.6667)  Acc@5: 100.0000 (100.0000)
2024-11-18 06:18:58,501 -                train: [    INFO] - Valid: 138 [ 104/104]  Loss: 0.3054 (0.239)  Acc@1: 93.7500 (92.1800)  Acc@5: 100.0000 (99.8000)
2024-11-18 06:18:59,227 -                train: [    INFO] - valid_acc 92.180003 - best_valid_acc 92.180003
2024-11-18 06:18:59,683 -                train: [    INFO] - Train: 139 [   0/520]  Loss: 0.3287 (0.329)  Acc@1: 91.6667 (91.6667)  Acc@5: 100.0000 (100.0000)LR: 2.183e-02
2024-11-18 06:19:44,553 -                train: [    INFO] - Train: 139 [ 200/520]  Loss: 0.4189 (0.463)  Acc@1: 89.5833 (88.8319)  Acc@5: 100.0000 (99.5802)LR: 2.183e-02
2024-11-18 06:20:29,154 -                train: [    INFO] - Train: 139 [ 400/520]  Loss: 0.4584 (0.481)  Acc@1: 91.6667 (88.4066)  Acc@5: 100.0000 (99.5870)LR: 2.183e-02
2024-11-18 06:20:56,116 -                train: [    INFO] - Train: 139 [ 520/520]  Loss: 0.6707 (0.480)  Acc@1: 83.7500 (88.4700)  Acc@5: 98.7500 (99.5720)LR: 2.183e-02
2024-11-18 06:20:56,513 -                train: [    INFO] - Valid: 139 [   0/104]  Loss: 0.2815 (0.282)  Acc@1: 89.5833 (89.5833)  Acc@5: 100.0000 (100.0000)
2024-11-18 06:21:01,860 -                train: [    INFO] - Valid: 139 [ 104/104]  Loss: 0.3945 (0.292)  Acc@1: 93.7500 (90.1700)  Acc@5: 100.0000 (99.7300)
2024-11-18 06:21:01,908 -                train: [    INFO] - valid_acc 90.170002 - best_valid_acc 92.180003
2024-11-18 06:21:02,414 -                train: [    INFO] - Train: 140 [   0/520]  Loss: 0.6187 (0.619)  Acc@1: 84.3750 (84.3750)  Acc@5: 98.9583 (98.9583)LR: 2.179e-02
2024-11-18 06:21:48,133 -                train: [    INFO] - Train: 140 [ 200/520]  Loss: 0.2622 (0.486)  Acc@1: 93.7500 (88.3655)  Acc@5: 100.0000 (99.6165)LR: 2.179e-02
2024-11-18 06:22:34,122 -                train: [    INFO] - Train: 140 [ 400/520]  Loss: 0.4294 (0.477)  Acc@1: 89.5833 (88.5988)  Acc@5: 100.0000 (99.6415)LR: 2.179e-02
2024-11-18 06:23:00,721 -                train: [    INFO] - Train: 140 [ 520/520]  Loss: 0.6414 (0.483)  Acc@1: 86.2500 (88.4180)  Acc@5: 98.7500 (99.6040)LR: 2.179e-02
2024-11-18 06:23:01,080 -                train: [    INFO] - Valid: 140 [   0/104]  Loss: 0.1716 (0.172)  Acc@1: 95.8333 (95.8333)  Acc@5: 100.0000 (100.0000)
2024-11-18 06:23:06,365 -                train: [    INFO] - Valid: 140 [ 104/104]  Loss: 0.3676 (0.256)  Acc@1: 81.2500 (91.5800)  Acc@5: 100.0000 (99.7500)
2024-11-18 06:23:06,405 -                train: [    INFO] - valid_acc 91.580003 - best_valid_acc 92.180003
2024-11-18 06:23:06,951 -                train: [    INFO] - Train: 141 [   0/520]  Loss: 0.5755 (0.575)  Acc@1: 87.5000 (87.5000)  Acc@5: 100.0000 (100.0000)LR: 2.175e-02
2024-11-18 06:23:52,085 -                train: [    INFO] - Train: 141 [ 200/520]  Loss: 0.3178 (0.483)  Acc@1: 92.7083 (88.2722)  Acc@5: 100.0000 (99.6217)LR: 2.175e-02
2024-11-18 06:24:36,744 -                train: [    INFO] - Train: 141 [ 400/520]  Loss: 0.3416 (0.484)  Acc@1: 90.6250 (88.3261)  Acc@5: 98.9583 (99.6078)LR: 2.175e-02
2024-11-18 06:25:03,354 -                train: [    INFO] - Train: 141 [ 520/520]  Loss: 0.4983 (0.486)  Acc@1: 87.5000 (88.3080)  Acc@5: 98.7500 (99.5840)LR: 2.175e-02
2024-11-18 06:25:03,640 -                train: [    INFO] - Valid: 141 [   0/104]  Loss: 0.2919 (0.292)  Acc@1: 87.5000 (87.5000)  Acc@5: 100.0000 (100.0000)
2024-11-18 06:25:08,974 -                train: [    INFO] - Valid: 141 [ 104/104]  Loss: 0.1560 (0.251)  Acc@1: 87.5000 (91.8200)  Acc@5: 100.0000 (99.7800)
2024-11-18 06:25:09,121 -                train: [    INFO] - valid_acc 91.820002 - best_valid_acc 92.180003
2024-11-18 06:25:09,542 -                train: [    INFO] - Train: 142 [   0/520]  Loss: 0.3625 (0.363)  Acc@1: 93.7500 (93.7500)  Acc@5: 100.0000 (100.0000)LR: 2.170e-02
2024-11-18 06:25:54,193 -                train: [    INFO] - Train: 142 [ 200/520]  Loss: 0.7077 (0.470)  Acc@1: 83.3333 (88.7956)  Acc@5: 100.0000 (99.5543)LR: 2.170e-02
2024-11-18 06:26:38,740 -                train: [    INFO] - Train: 142 [ 400/520]  Loss: 0.4136 (0.476)  Acc@1: 89.5833 (88.6066)  Acc@5: 100.0000 (99.5766)LR: 2.170e-02
2024-11-18 06:27:05,331 -                train: [    INFO] - Train: 142 [ 520/520]  Loss: 0.6735 (0.478)  Acc@1: 87.5000 (88.5780)  Acc@5: 98.7500 (99.5360)LR: 2.170e-02
2024-11-18 06:27:05,647 -                train: [    INFO] - Valid: 142 [   0/104]  Loss: 0.3324 (0.332)  Acc@1: 86.4583 (86.4583)  Acc@5: 100.0000 (100.0000)
2024-11-18 06:27:10,961 -                train: [    INFO] - Valid: 142 [ 104/104]  Loss: 0.3076 (0.288)  Acc@1: 93.7500 (90.4900)  Acc@5: 100.0000 (99.6900)
2024-11-18 06:27:11,008 -                train: [    INFO] - valid_acc 90.490003 - best_valid_acc 92.180003
2024-11-18 06:27:11,446 -                train: [    INFO] - Train: 143 [   0/520]  Loss: 0.4596 (0.460)  Acc@1: 88.5417 (88.5417)  Acc@5: 100.0000 (100.0000)LR: 2.166e-02
2024-11-18 06:27:57,421 -                train: [    INFO] - Train: 143 [ 200/520]  Loss: 0.3995 (0.469)  Acc@1: 90.6250 (88.6142)  Acc@5: 100.0000 (99.6113)LR: 2.166e-02
2024-11-18 06:28:41,940 -                train: [    INFO] - Train: 143 [ 400/520]  Loss: 0.5708 (0.481)  Acc@1: 86.4583 (88.3962)  Acc@5: 100.0000 (99.5662)LR: 2.166e-02
2024-11-18 06:29:08,658 -                train: [    INFO] - Train: 143 [ 520/520]  Loss: 0.4175 (0.479)  Acc@1: 90.0000 (88.4420)  Acc@5: 100.0000 (99.5680)LR: 2.166e-02
2024-11-18 06:29:08,968 -                train: [    INFO] - Valid: 143 [   0/104]  Loss: 0.4441 (0.444)  Acc@1: 87.5000 (87.5000)  Acc@5: 100.0000 (100.0000)
2024-11-18 06:29:14,283 -                train: [    INFO] - Valid: 143 [ 104/104]  Loss: 0.2537 (0.354)  Acc@1: 93.7500 (88.8000)  Acc@5: 100.0000 (99.3100)
2024-11-18 06:29:14,340 -                train: [    INFO] - valid_acc 88.800002 - best_valid_acc 92.180003
2024-11-18 06:29:14,771 -                train: [    INFO] - Train: 144 [   0/520]  Loss: 0.4775 (0.477)  Acc@1: 88.5417 (88.5417)  Acc@5: 98.9583 (98.9583)LR: 2.161e-02
2024-11-18 06:29:59,934 -                train: [    INFO] - Train: 144 [ 200/520]  Loss: 0.5550 (0.478)  Acc@1: 87.5000 (88.3862)  Acc@5: 100.0000 (99.5439)LR: 2.161e-02
2024-11-18 06:30:44,342 -                train: [    INFO] - Train: 144 [ 400/520]  Loss: 0.6186 (0.480)  Acc@1: 85.4167 (88.4404)  Acc@5: 97.9167 (99.5714)LR: 2.161e-02
2024-11-18 06:31:10,989 -                train: [    INFO] - Train: 144 [ 520/520]  Loss: 0.5920 (0.480)  Acc@1: 87.5000 (88.4300)  Acc@5: 97.5000 (99.5480)LR: 2.161e-02
2024-11-18 06:31:11,264 -                train: [    INFO] - Valid: 144 [   0/104]  Loss: 0.3176 (0.318)  Acc@1: 91.6667 (91.6667)  Acc@5: 97.9167 (97.9167)
2024-11-18 06:31:16,560 -                train: [    INFO] - Valid: 144 [ 104/104]  Loss: 0.2139 (0.338)  Acc@1: 87.5000 (88.9200)  Acc@5: 100.0000 (99.6600)
2024-11-18 06:31:16,602 -                train: [    INFO] - valid_acc 88.920002 - best_valid_acc 92.180003
2024-11-18 06:31:17,042 -                train: [    INFO] - Train: 145 [   0/520]  Loss: 0.6213 (0.621)  Acc@1: 86.4583 (86.4583)  Acc@5: 100.0000 (100.0000)LR: 2.157e-02
2024-11-18 06:32:05,172 -                train: [    INFO] - Train: 145 [ 200/520]  Loss: 0.3486 (0.461)  Acc@1: 92.7083 (89.0288)  Acc@5: 100.0000 (99.6010)LR: 2.157e-02
2024-11-18 06:32:50,989 -                train: [    INFO] - Train: 145 [ 400/520]  Loss: 0.3861 (0.471)  Acc@1: 89.5833 (88.8612)  Acc@5: 98.9583 (99.5454)LR: 2.157e-02
2024-11-18 06:33:18,425 -                train: [    INFO] - Train: 145 [ 520/520]  Loss: 0.4351 (0.475)  Acc@1: 87.5000 (88.7080)  Acc@5: 100.0000 (99.5600)LR: 2.157e-02
2024-11-18 06:33:18,713 -                train: [    INFO] - Valid: 145 [   0/104]  Loss: 0.2619 (0.262)  Acc@1: 91.6667 (91.6667)  Acc@5: 98.9583 (98.9583)
2024-11-18 06:33:24,158 -                train: [    INFO] - Valid: 145 [ 104/104]  Loss: 0.3430 (0.277)  Acc@1: 87.5000 (90.7400)  Acc@5: 100.0000 (99.7900)
2024-11-18 06:33:24,246 -                train: [    INFO] - valid_acc 90.740003 - best_valid_acc 92.180003
2024-11-18 06:33:24,709 -                train: [    INFO] - Train: 146 [   0/520]  Loss: 0.4893 (0.489)  Acc@1: 87.5000 (87.5000)  Acc@5: 98.9583 (98.9583)LR: 2.152e-02
2024-11-18 06:34:10,100 -                train: [    INFO] - Train: 146 [ 200/520]  Loss: 0.2871 (0.464)  Acc@1: 93.7500 (89.0599)  Acc@5: 100.0000 (99.6631)LR: 2.152e-02
2024-11-18 06:34:54,953 -                train: [    INFO] - Train: 146 [ 400/520]  Loss: 0.5743 (0.472)  Acc@1: 85.4167 (88.6430)  Acc@5: 98.9583 (99.6000)LR: 2.152e-02
2024-11-18 06:35:21,663 -                train: [    INFO] - Train: 146 [ 520/520]  Loss: 0.4902 (0.478)  Acc@1: 90.0000 (88.5860)  Acc@5: 100.0000 (99.5920)LR: 2.152e-02
2024-11-18 06:35:23,386 -                train: [    INFO] - Valid: 146 [   0/104]  Loss: 0.1832 (0.183)  Acc@1: 92.7083 (92.7083)  Acc@5: 100.0000 (100.0000)
2024-11-18 06:35:28,785 -                train: [    INFO] - Valid: 146 [ 104/104]  Loss: 0.3293 (0.255)  Acc@1: 93.7500 (91.7600)  Acc@5: 100.0000 (99.7600)
2024-11-18 06:35:28,819 -                train: [    INFO] - valid_acc 91.760002 - best_valid_acc 92.180003
2024-11-18 06:35:29,223 -                train: [    INFO] - Train: 147 [   0/520]  Loss: 0.4172 (0.417)  Acc@1: 90.6250 (90.6250)  Acc@5: 100.0000 (100.0000)LR: 2.148e-02
2024-11-18 06:36:14,494 -                train: [    INFO] - Train: 147 [ 200/520]  Loss: 0.4324 (0.472)  Acc@1: 90.6250 (88.3603)  Acc@5: 100.0000 (99.6217)LR: 2.148e-02
2024-11-18 06:36:58,977 -                train: [    INFO] - Train: 147 [ 400/520]  Loss: 0.4487 (0.478)  Acc@1: 88.5417 (88.3832)  Acc@5: 100.0000 (99.5480)LR: 2.148e-02
2024-11-18 06:37:25,739 -                train: [    INFO] - Train: 147 [ 520/520]  Loss: 0.4111 (0.479)  Acc@1: 91.2500 (88.3940)  Acc@5: 100.0000 (99.5580)LR: 2.148e-02
2024-11-18 06:37:26,098 -                train: [    INFO] - Valid: 147 [   0/104]  Loss: 0.2754 (0.275)  Acc@1: 90.6250 (90.6250)  Acc@5: 100.0000 (100.0000)
2024-11-18 06:37:31,411 -                train: [    INFO] - Valid: 147 [ 104/104]  Loss: 0.4743 (0.250)  Acc@1: 93.7500 (91.8200)  Acc@5: 100.0000 (99.7000)
2024-11-18 06:37:31,440 -                train: [    INFO] - valid_acc 91.820003 - best_valid_acc 92.180003
2024-11-18 06:37:31,833 -                train: [    INFO] - Train: 148 [   0/520]  Loss: 0.3166 (0.317)  Acc@1: 94.7917 (94.7917)  Acc@5: 100.0000 (100.0000)LR: 2.143e-02
2024-11-18 06:38:16,372 -                train: [    INFO] - Train: 148 [ 200/520]  Loss: 0.4448 (0.452)  Acc@1: 87.5000 (89.0133)  Acc@5: 100.0000 (99.6942)LR: 2.143e-02
2024-11-18 06:39:01,079 -                train: [    INFO] - Train: 148 [ 400/520]  Loss: 0.4153 (0.471)  Acc@1: 90.6250 (88.4845)  Acc@5: 100.0000 (99.6415)LR: 2.143e-02
2024-11-18 06:39:28,095 -                train: [    INFO] - Train: 148 [ 520/520]  Loss: 0.3713 (0.477)  Acc@1: 91.2500 (88.3800)  Acc@5: 100.0000 (99.6000)LR: 2.143e-02
2024-11-18 06:39:28,424 -                train: [    INFO] - Valid: 148 [   0/104]  Loss: 0.2955 (0.295)  Acc@1: 92.7083 (92.7083)  Acc@5: 98.9583 (98.9583)
2024-11-18 06:39:33,898 -                train: [    INFO] - Valid: 148 [ 104/104]  Loss: 0.5742 (0.315)  Acc@1: 81.2500 (89.5200)  Acc@5: 100.0000 (99.6700)
2024-11-18 06:39:33,937 -                train: [    INFO] - valid_acc 89.520003 - best_valid_acc 92.180003
2024-11-18 06:39:34,393 -                train: [    INFO] - Train: 149 [   0/520]  Loss: 0.5953 (0.595)  Acc@1: 84.3750 (84.3750)  Acc@5: 97.9167 (97.9167)LR: 2.138e-02
2024-11-18 06:40:19,628 -                train: [    INFO] - Train: 149 [ 200/520]  Loss: 0.4467 (0.467)  Acc@1: 90.6250 (88.7490)  Acc@5: 100.0000 (99.5699)LR: 2.138e-02
2024-11-18 06:41:04,648 -                train: [    INFO] - Train: 149 [ 400/520]  Loss: 0.4016 (0.470)  Acc@1: 89.5833 (88.6690)  Acc@5: 100.0000 (99.6000)LR: 2.138e-02
2024-11-18 06:41:31,881 -                train: [    INFO] - Train: 149 [ 520/520]  Loss: 0.2027 (0.472)  Acc@1: 98.7500 (88.7040)  Acc@5: 100.0000 (99.5840)LR: 2.138e-02
2024-11-18 06:41:32,159 -                train: [    INFO] - Valid: 149 [   0/104]  Loss: 0.2847 (0.285)  Acc@1: 87.5000 (87.5000)  Acc@5: 100.0000 (100.0000)
2024-11-18 06:41:37,575 -                train: [    INFO] - Valid: 149 [ 104/104]  Loss: 0.1172 (0.261)  Acc@1: 93.7500 (91.3000)  Acc@5: 100.0000 (99.7200)
2024-11-18 06:41:37,629 -                train: [    INFO] - valid_acc 91.300003 - best_valid_acc 92.180003
2024-11-18 06:41:38,280 -                train: [    INFO] - Train: 150 [   0/520]  Loss: 0.7493 (0.749)  Acc@1: 82.2917 (82.2917)  Acc@5: 98.9583 (98.9583)LR: 2.134e-02
2024-11-18 06:42:23,304 -                train: [    INFO] - Train: 150 [ 200/520]  Loss: 0.5012 (0.482)  Acc@1: 89.5833 (88.3862)  Acc@5: 100.0000 (99.6113)LR: 2.134e-02
2024-11-18 06:43:08,386 -                train: [    INFO] - Train: 150 [ 400/520]  Loss: 0.2988 (0.481)  Acc@1: 92.7083 (88.4533)  Acc@5: 100.0000 (99.6259)LR: 2.134e-02
2024-11-18 06:43:35,656 -                train: [    INFO] - Train: 150 [ 520/520]  Loss: 0.4498 (0.482)  Acc@1: 90.0000 (88.3580)  Acc@5: 100.0000 (99.6040)LR: 2.134e-02
2024-11-18 06:43:35,958 -                train: [    INFO] - Valid: 150 [   0/104]  Loss: 0.4720 (0.472)  Acc@1: 85.4167 (85.4167)  Acc@5: 100.0000 (100.0000)
2024-11-18 06:43:41,319 -                train: [    INFO] - Valid: 150 [ 104/104]  Loss: 0.1106 (0.358)  Acc@1: 93.7500 (88.7700)  Acc@5: 100.0000 (99.6100)
2024-11-18 06:43:41,356 -                train: [    INFO] - valid_acc 88.770003 - best_valid_acc 92.180003
2024-11-18 06:43:41,825 -                train: [    INFO] - Train: 151 [   0/520]  Loss: 0.5778 (0.578)  Acc@1: 88.5417 (88.5417)  Acc@5: 98.9583 (98.9583)LR: 2.129e-02
2024-11-18 06:44:27,631 -                train: [    INFO] - Train: 151 [ 200/520]  Loss: 0.3131 (0.463)  Acc@1: 91.6667 (89.0806)  Acc@5: 100.0000 (99.6683)LR: 2.129e-02
2024-11-18 06:45:13,573 -                train: [    INFO] - Train: 151 [ 400/520]  Loss: 0.4742 (0.476)  Acc@1: 89.5833 (88.5676)  Acc@5: 100.0000 (99.5662)LR: 2.129e-02
2024-11-18 06:45:40,840 -                train: [    INFO] - Train: 151 [ 520/520]  Loss: 0.5829 (0.475)  Acc@1: 86.2500 (88.6620)  Acc@5: 100.0000 (99.5840)LR: 2.129e-02
2024-11-18 06:45:41,179 -                train: [    INFO] - Valid: 151 [   0/104]  Loss: 0.2079 (0.208)  Acc@1: 94.7917 (94.7917)  Acc@5: 100.0000 (100.0000)
2024-11-18 06:45:46,588 -                train: [    INFO] - Valid: 151 [ 104/104]  Loss: 0.4012 (0.246)  Acc@1: 87.5000 (91.7400)  Acc@5: 100.0000 (99.8200)
2024-11-18 06:45:46,632 -                train: [    INFO] - valid_acc 91.740003 - best_valid_acc 92.180003
2024-11-18 06:45:47,088 -                train: [    INFO] - Train: 152 [   0/520]  Loss: 0.3822 (0.382)  Acc@1: 88.5417 (88.5417)  Acc@5: 98.9583 (98.9583)LR: 2.125e-02
2024-11-18 06:46:32,156 -                train: [    INFO] - Train: 152 [ 200/520]  Loss: 0.3276 (0.468)  Acc@1: 94.7917 (88.9614)  Acc@5: 98.9583 (99.5647)LR: 2.125e-02
2024-11-18 06:47:16,870 -                train: [    INFO] - Train: 152 [ 400/520]  Loss: 0.3796 (0.468)  Acc@1: 92.7083 (88.9755)  Acc@5: 100.0000 (99.5922)LR: 2.125e-02
2024-11-18 06:47:43,782 -                train: [    INFO] - Train: 152 [ 520/520]  Loss: 0.3558 (0.476)  Acc@1: 92.5000 (88.7040)  Acc@5: 100.0000 (99.6020)LR: 2.125e-02
2024-11-18 06:47:44,036 -                train: [    INFO] - Valid: 152 [   0/104]  Loss: 0.2041 (0.204)  Acc@1: 92.7083 (92.7083)  Acc@5: 100.0000 (100.0000)
2024-11-18 06:47:49,359 -                train: [    INFO] - Valid: 152 [ 104/104]  Loss: 0.1720 (0.294)  Acc@1: 93.7500 (90.3900)  Acc@5: 100.0000 (99.6100)
2024-11-18 06:47:49,388 -                train: [    INFO] - valid_acc 90.390002 - best_valid_acc 92.180003
2024-11-18 06:47:49,881 -                train: [    INFO] - Train: 153 [   0/520]  Loss: 0.5632 (0.563)  Acc@1: 86.4583 (86.4583)  Acc@5: 100.0000 (100.0000)LR: 2.120e-02
2024-11-18 06:48:35,017 -                train: [    INFO] - Train: 153 [ 200/520]  Loss: 0.4090 (0.466)  Acc@1: 89.5833 (88.6453)  Acc@5: 100.0000 (99.5958)LR: 2.120e-02
2024-11-18 06:49:20,410 -                train: [    INFO] - Train: 153 [ 400/520]  Loss: 0.4299 (0.471)  Acc@1: 91.6667 (88.6534)  Acc@5: 98.9583 (99.5662)LR: 2.120e-02
2024-11-18 06:49:47,696 -                train: [    INFO] - Train: 153 [ 520/520]  Loss: 0.6344 (0.474)  Acc@1: 87.5000 (88.6380)  Acc@5: 100.0000 (99.5560)LR: 2.120e-02
2024-11-18 06:49:47,952 -                train: [    INFO] - Valid: 153 [   0/104]  Loss: 0.3419 (0.342)  Acc@1: 88.5417 (88.5417)  Acc@5: 100.0000 (100.0000)
2024-11-18 06:49:53,268 -                train: [    INFO] - Valid: 153 [ 104/104]  Loss: 0.3190 (0.307)  Acc@1: 93.7500 (90.2300)  Acc@5: 100.0000 (99.5500)
2024-11-18 06:49:53,296 -                train: [    INFO] - valid_acc 90.230003 - best_valid_acc 92.180003
2024-11-18 06:49:53,704 -                train: [    INFO] - Train: 154 [   0/520]  Loss: 0.3335 (0.333)  Acc@1: 95.8333 (95.8333)  Acc@5: 100.0000 (100.0000)LR: 2.115e-02
2024-11-18 06:50:38,298 -                train: [    INFO] - Train: 154 [ 200/520]  Loss: 0.3939 (0.469)  Acc@1: 93.7500 (88.6401)  Acc@5: 100.0000 (99.6165)LR: 2.115e-02
2024-11-18 06:51:23,434 -                train: [    INFO] - Train: 154 [ 400/520]  Loss: 0.3512 (0.473)  Acc@1: 92.7083 (88.4845)  Acc@5: 100.0000 (99.5636)LR: 2.115e-02
2024-11-18 06:51:50,304 -                train: [    INFO] - Train: 154 [ 520/520]  Loss: 0.7512 (0.476)  Acc@1: 81.2500 (88.4880)  Acc@5: 100.0000 (99.5620)LR: 2.115e-02
2024-11-18 06:51:50,619 -                train: [    INFO] - Valid: 154 [   0/104]  Loss: 0.3850 (0.385)  Acc@1: 85.4167 (85.4167)  Acc@5: 100.0000 (100.0000)
2024-11-18 06:51:56,054 -                train: [    INFO] - Valid: 154 [ 104/104]  Loss: 0.2303 (0.354)  Acc@1: 93.7500 (88.6700)  Acc@5: 100.0000 (99.5400)
2024-11-18 06:51:56,109 -                train: [    INFO] - valid_acc 88.670002 - best_valid_acc 92.180003
2024-11-18 06:51:56,548 -                train: [    INFO] - Train: 155 [   0/520]  Loss: 0.5678 (0.568)  Acc@1: 85.4167 (85.4167)  Acc@5: 100.0000 (100.0000)LR: 2.110e-02
2024-11-18 06:52:42,296 -                train: [    INFO] - Train: 155 [ 200/520]  Loss: 0.5753 (0.470)  Acc@1: 85.4167 (88.8215)  Acc@5: 100.0000 (99.5750)LR: 2.110e-02
2024-11-18 06:53:26,752 -                train: [    INFO] - Train: 155 [ 400/520]  Loss: 0.3301 (0.475)  Acc@1: 93.7500 (88.6586)  Acc@5: 100.0000 (99.5532)LR: 2.110e-02
2024-11-18 06:53:53,620 -                train: [    INFO] - Train: 155 [ 520/520]  Loss: 0.5152 (0.474)  Acc@1: 85.0000 (88.6340)  Acc@5: 100.0000 (99.5380)LR: 2.110e-02
2024-11-18 06:53:53,893 -                train: [    INFO] - Valid: 155 [   0/104]  Loss: 0.1028 (0.103)  Acc@1: 96.8750 (96.8750)  Acc@5: 100.0000 (100.0000)
2024-11-18 06:53:59,207 -                train: [    INFO] - Valid: 155 [ 104/104]  Loss: 0.4864 (0.278)  Acc@1: 87.5000 (90.6500)  Acc@5: 100.0000 (99.6800)
2024-11-18 06:53:59,252 -                train: [    INFO] - valid_acc 90.650002 - best_valid_acc 92.180003
2024-11-18 06:53:59,733 -                train: [    INFO] - Train: 156 [   0/520]  Loss: 0.4905 (0.490)  Acc@1: 87.5000 (87.5000)  Acc@5: 98.9583 (98.9583)LR: 2.106e-02
2024-11-18 06:54:45,445 -                train: [    INFO] - Train: 156 [ 200/520]  Loss: 0.4061 (0.467)  Acc@1: 92.7083 (88.6816)  Acc@5: 98.9583 (99.6528)LR: 2.106e-02
2024-11-18 06:55:30,204 -                train: [    INFO] - Train: 156 [ 400/520]  Loss: 0.5504 (0.478)  Acc@1: 83.3333 (88.4949)  Acc@5: 100.0000 (99.6026)LR: 2.106e-02
2024-11-18 06:55:57,283 -                train: [    INFO] - Train: 156 [ 520/520]  Loss: 0.4390 (0.485)  Acc@1: 90.0000 (88.3880)  Acc@5: 100.0000 (99.5920)LR: 2.106e-02
2024-11-18 06:55:57,533 -                train: [    INFO] - Valid: 156 [   0/104]  Loss: 0.2199 (0.220)  Acc@1: 93.7500 (93.7500)  Acc@5: 100.0000 (100.0000)
2024-11-18 06:56:02,927 -                train: [    INFO] - Valid: 156 [ 104/104]  Loss: 0.4097 (0.278)  Acc@1: 93.7500 (91.2900)  Acc@5: 100.0000 (99.7400)
2024-11-18 06:56:02,958 -                train: [    INFO] - valid_acc 91.290002 - best_valid_acc 92.180003
2024-11-18 06:56:03,448 -                train: [    INFO] - Train: 157 [   0/520]  Loss: 0.4792 (0.479)  Acc@1: 85.4167 (85.4167)  Acc@5: 100.0000 (100.0000)LR: 2.101e-02
2024-11-18 06:56:49,074 -                train: [    INFO] - Train: 157 [ 200/520]  Loss: 0.4315 (0.464)  Acc@1: 88.5417 (88.7438)  Acc@5: 100.0000 (99.5854)LR: 2.101e-02
2024-11-18 06:57:34,005 -                train: [    INFO] - Train: 157 [ 400/520]  Loss: 0.4826 (0.464)  Acc@1: 89.5833 (88.7131)  Acc@5: 100.0000 (99.6104)LR: 2.101e-02
2024-11-18 06:58:02,098 -                train: [    INFO] - Train: 157 [ 520/520]  Loss: 0.5652 (0.467)  Acc@1: 88.7500 (88.7240)  Acc@5: 100.0000 (99.6020)LR: 2.101e-02
2024-11-18 06:58:02,396 -                train: [    INFO] - Valid: 157 [   0/104]  Loss: 0.1914 (0.191)  Acc@1: 91.6667 (91.6667)  Acc@5: 100.0000 (100.0000)
2024-11-18 06:58:07,794 -                train: [    INFO] - Valid: 157 [ 104/104]  Loss: 0.06127 (0.233)  Acc@1: 100.0000 (92.4500)  Acc@5: 100.0000 (99.7800)
2024-11-18 06:58:08,391 -                train: [    INFO] - valid_acc 92.450003 - best_valid_acc 92.450003
2024-11-18 06:58:08,856 -                train: [    INFO] - Train: 158 [   0/520]  Loss: 0.4835 (0.483)  Acc@1: 90.6250 (90.6250)  Acc@5: 100.0000 (100.0000)LR: 2.096e-02
2024-11-18 06:58:54,301 -                train: [    INFO] - Train: 158 [ 200/520]  Loss: 0.8196 (0.471)  Acc@1: 81.2500 (88.6246)  Acc@5: 97.9167 (99.5802)LR: 2.096e-02
2024-11-18 06:59:39,065 -                train: [    INFO] - Train: 158 [ 400/520]  Loss: 0.4450 (0.469)  Acc@1: 89.5833 (88.7079)  Acc@5: 100.0000 (99.5610)LR: 2.096e-02
2024-11-18 07:00:06,076 -                train: [    INFO] - Train: 158 [ 520/520]  Loss: 0.5052 (0.467)  Acc@1: 86.2500 (88.7060)  Acc@5: 100.0000 (99.5700)LR: 2.096e-02
2024-11-18 07:00:06,392 -                train: [    INFO] - Valid: 158 [   0/104]  Loss: 0.3259 (0.326)  Acc@1: 90.6250 (90.6250)  Acc@5: 100.0000 (100.0000)
2024-11-18 07:00:11,724 -                train: [    INFO] - Valid: 158 [ 104/104]  Loss: 0.3649 (0.291)  Acc@1: 93.7500 (90.8200)  Acc@5: 100.0000 (99.7500)
2024-11-18 07:00:11,767 -                train: [    INFO] - valid_acc 90.820002 - best_valid_acc 92.450003
2024-11-18 07:00:12,195 -                train: [    INFO] - Train: 159 [   0/520]  Loss: 0.4921 (0.492)  Acc@1: 90.6250 (90.6250)  Acc@5: 100.0000 (100.0000)LR: 2.091e-02
2024-11-18 07:00:57,282 -                train: [    INFO] - Train: 159 [ 200/520]  Loss: 0.3735 (0.473)  Acc@1: 90.6250 (88.7593)  Acc@5: 100.0000 (99.5543)LR: 2.091e-02
2024-11-18 07:01:41,160 -                train: [    INFO] - Train: 159 [ 400/520]  Loss: 0.5720 (0.480)  Acc@1: 85.4167 (88.5702)  Acc@5: 98.9583 (99.5272)LR: 2.091e-02
2024-11-18 07:02:07,733 -                train: [    INFO] - Train: 159 [ 520/520]  Loss: 0.6372 (0.481)  Acc@1: 88.7500 (88.4540)  Acc@5: 100.0000 (99.5420)LR: 2.091e-02
2024-11-18 07:02:07,986 -                train: [    INFO] - Valid: 159 [   0/104]  Loss: 0.2211 (0.221)  Acc@1: 92.7083 (92.7083)  Acc@5: 98.9583 (98.9583)
2024-11-18 07:02:13,264 -                train: [    INFO] - Valid: 159 [ 104/104]  Loss: 0.09623 (0.259)  Acc@1: 93.7500 (91.2800)  Acc@5: 100.0000 (99.8200)
2024-11-18 07:02:13,292 -                train: [    INFO] - valid_acc 91.280003 - best_valid_acc 92.450003
2024-11-18 07:02:13,720 -                train: [    INFO] - Train: 160 [   0/520]  Loss: 0.3266 (0.327)  Acc@1: 92.7083 (92.7083)  Acc@5: 100.0000 (100.0000)LR: 2.086e-02
2024-11-18 07:02:58,332 -                train: [    INFO] - Train: 160 [ 200/520]  Loss: 0.5692 (0.465)  Acc@1: 88.5417 (88.8682)  Acc@5: 100.0000 (99.6839)LR: 2.086e-02
2024-11-18 07:03:43,599 -                train: [    INFO] - Train: 160 [ 400/520]  Loss: 0.5271 (0.461)  Acc@1: 83.3333 (88.9157)  Acc@5: 100.0000 (99.6207)LR: 2.086e-02
2024-11-18 07:04:10,492 -                train: [    INFO] - Train: 160 [ 520/520]  Loss: 0.4681 (0.469)  Acc@1: 85.0000 (88.7240)  Acc@5: 100.0000 (99.6140)LR: 2.086e-02
2024-11-18 07:04:11,990 -                train: [    INFO] - Valid: 160 [   0/104]  Loss: 0.3401 (0.340)  Acc@1: 86.4583 (86.4583)  Acc@5: 98.9583 (98.9583)
2024-11-18 07:04:17,333 -                train: [    INFO] - Valid: 160 [ 104/104]  Loss: 0.3649 (0.308)  Acc@1: 81.2500 (90.0400)  Acc@5: 100.0000 (99.6600)
2024-11-18 07:04:17,370 -                train: [    INFO] - valid_acc 90.040003 - best_valid_acc 92.450003
2024-11-18 07:04:17,847 -                train: [    INFO] - Train: 161 [   0/520]  Loss: 0.5250 (0.525)  Acc@1: 87.5000 (87.5000)  Acc@5: 100.0000 (100.0000)LR: 2.082e-02
2024-11-18 07:05:05,420 -                train: [    INFO] - Train: 161 [ 200/520]  Loss: 0.3972 (0.477)  Acc@1: 91.6667 (88.4536)  Acc@5: 100.0000 (99.5543)LR: 2.082e-02
2024-11-18 07:05:53,954 -                train: [    INFO] - Train: 161 [ 400/520]  Loss: 0.5581 (0.472)  Acc@1: 85.4167 (88.5754)  Acc@5: 100.0000 (99.5506)LR: 2.082e-02
2024-11-18 07:06:21,562 -                train: [    INFO] - Train: 161 [ 520/520]  Loss: 0.3101 (0.476)  Acc@1: 93.7500 (88.4620)  Acc@5: 100.0000 (99.5640)LR: 2.082e-02
2024-11-18 07:06:21,978 -                train: [    INFO] - Valid: 161 [   0/104]  Loss: 0.1847 (0.185)  Acc@1: 93.7500 (93.7500)  Acc@5: 100.0000 (100.0000)
2024-11-18 07:06:27,399 -                train: [    INFO] - Valid: 161 [ 104/104]  Loss: 0.4485 (0.266)  Acc@1: 93.7500 (91.3000)  Acc@5: 100.0000 (99.7200)
2024-11-18 07:06:27,480 -                train: [    INFO] - valid_acc 91.300003 - best_valid_acc 92.450003
2024-11-18 07:06:27,991 -                train: [    INFO] - Train: 162 [   0/520]  Loss: 0.4095 (0.410)  Acc@1: 88.5417 (88.5417)  Acc@5: 100.0000 (100.0000)LR: 2.077e-02
2024-11-18 07:07:14,991 -                train: [    INFO] - Train: 162 [ 200/520]  Loss: 0.4993 (0.445)  Acc@1: 87.5000 (89.1895)  Acc@5: 100.0000 (99.6580)LR: 2.077e-02
2024-11-18 07:08:00,836 -                train: [    INFO] - Train: 162 [ 400/520]  Loss: 0.3547 (0.452)  Acc@1: 90.6250 (89.1391)  Acc@5: 100.0000 (99.5948)LR: 2.077e-02
2024-11-18 07:08:27,721 -                train: [    INFO] - Train: 162 [ 520/520]  Loss: 0.3365 (0.463)  Acc@1: 92.5000 (88.9660)  Acc@5: 100.0000 (99.5800)LR: 2.077e-02
2024-11-18 07:08:29,210 -                train: [    INFO] - Valid: 162 [   0/104]  Loss: 0.3194 (0.319)  Acc@1: 88.5417 (88.5417)  Acc@5: 98.9583 (98.9583)
2024-11-18 07:08:34,567 -                train: [    INFO] - Valid: 162 [ 104/104]  Loss: 0.5368 (0.288)  Acc@1: 87.5000 (90.4000)  Acc@5: 100.0000 (99.6700)
2024-11-18 07:08:34,621 -                train: [    INFO] - valid_acc 90.400002 - best_valid_acc 92.450003
2024-11-18 07:08:35,079 -                train: [    INFO] - Train: 163 [   0/520]  Loss: 0.4293 (0.429)  Acc@1: 88.5417 (88.5417)  Acc@5: 98.9583 (98.9583)LR: 2.072e-02
2024-11-18 07:09:21,033 -                train: [    INFO] - Train: 163 [ 200/520]  Loss: 0.4802 (0.455)  Acc@1: 89.5833 (89.0340)  Acc@5: 100.0000 (99.6061)LR: 2.072e-02
2024-11-18 07:10:06,708 -                train: [    INFO] - Train: 163 [ 400/520]  Loss: 0.4007 (0.463)  Acc@1: 92.7083 (88.9079)  Acc@5: 100.0000 (99.5870)LR: 2.072e-02
2024-11-18 07:10:33,730 -                train: [    INFO] - Train: 163 [ 520/520]  Loss: 0.6726 (0.467)  Acc@1: 83.7500 (88.8300)  Acc@5: 100.0000 (99.5700)LR: 2.072e-02
2024-11-18 07:10:34,104 -                train: [    INFO] - Valid: 163 [   0/104]  Loss: 0.3040 (0.304)  Acc@1: 92.7083 (92.7083)  Acc@5: 100.0000 (100.0000)
2024-11-18 07:10:39,461 -                train: [    INFO] - Valid: 163 [ 104/104]  Loss: 0.4614 (0.310)  Acc@1: 81.2500 (90.1300)  Acc@5: 100.0000 (99.5900)
2024-11-18 07:10:39,493 -                train: [    INFO] - valid_acc 90.130002 - best_valid_acc 92.450003
2024-11-18 07:10:39,963 -                train: [    INFO] - Train: 164 [   0/520]  Loss: 0.4434 (0.443)  Acc@1: 87.5000 (87.5000)  Acc@5: 100.0000 (100.0000)LR: 2.067e-02
2024-11-18 07:11:25,057 -                train: [    INFO] - Train: 164 [ 200/520]  Loss: 0.3443 (0.464)  Acc@1: 94.7917 (88.9770)  Acc@5: 100.0000 (99.5802)LR: 2.067e-02
2024-11-18 07:12:10,089 -                train: [    INFO] - Train: 164 [ 400/520]  Loss: 0.4677 (0.468)  Acc@1: 87.5000 (88.8950)  Acc@5: 100.0000 (99.5688)LR: 2.067e-02
2024-11-18 07:12:37,077 -                train: [    INFO] - Train: 164 [ 520/520]  Loss: 0.6172 (0.465)  Acc@1: 86.2500 (89.0360)  Acc@5: 97.5000 (99.5640)LR: 2.067e-02
2024-11-18 07:12:37,363 -                train: [    INFO] - Valid: 164 [   0/104]  Loss: 0.2611 (0.261)  Acc@1: 89.5833 (89.5833)  Acc@5: 98.9583 (98.9583)
2024-11-18 07:12:42,704 -                train: [    INFO] - Valid: 164 [ 104/104]  Loss: 0.6760 (0.303)  Acc@1: 87.5000 (90.3800)  Acc@5: 100.0000 (99.7500)
2024-11-18 07:12:42,734 -                train: [    INFO] - valid_acc 90.380003 - best_valid_acc 92.450003
2024-11-18 07:12:43,216 -                train: [    INFO] - Train: 165 [   0/520]  Loss: 0.4701 (0.470)  Acc@1: 85.4167 (85.4167)  Acc@5: 100.0000 (100.0000)LR: 2.062e-02
2024-11-18 07:13:27,908 -                train: [    INFO] - Train: 165 [ 200/520]  Loss: 0.1825 (0.468)  Acc@1: 95.8333 (88.7852)  Acc@5: 100.0000 (99.6113)LR: 2.062e-02
2024-11-18 07:14:13,006 -                train: [    INFO] - Train: 165 [ 400/520]  Loss: 0.4244 (0.471)  Acc@1: 88.5417 (88.6975)  Acc@5: 100.0000 (99.6207)LR: 2.062e-02
2024-11-18 07:14:39,859 -                train: [    INFO] - Train: 165 [ 520/520]  Loss: 0.4891 (0.467)  Acc@1: 85.0000 (88.7600)  Acc@5: 100.0000 (99.5940)LR: 2.062e-02
2024-11-18 07:14:40,147 -                train: [    INFO] - Valid: 165 [   0/104]  Loss: 0.2543 (0.254)  Acc@1: 89.5833 (89.5833)  Acc@5: 100.0000 (100.0000)
2024-11-18 07:14:45,518 -                train: [    INFO] - Valid: 165 [ 104/104]  Loss: 0.3714 (0.237)  Acc@1: 87.5000 (92.2300)  Acc@5: 100.0000 (99.7700)
2024-11-18 07:14:45,577 -                train: [    INFO] - valid_acc 92.230002 - best_valid_acc 92.450003
2024-11-18 07:14:46,074 -                train: [    INFO] - Train: 166 [   0/520]  Loss: 0.3678 (0.368)  Acc@1: 92.7083 (92.7083)  Acc@5: 100.0000 (100.0000)LR: 2.057e-02
2024-11-18 07:15:31,319 -                train: [    INFO] - Train: 166 [ 200/520]  Loss: 0.3160 (0.459)  Acc@1: 90.6250 (88.9304)  Acc@5: 100.0000 (99.6269)LR: 2.057e-02
2024-11-18 07:16:16,754 -                train: [    INFO] - Train: 166 [ 400/520]  Loss: 0.3896 (0.468)  Acc@1: 93.7500 (88.6560)  Acc@5: 98.9583 (99.5766)LR: 2.057e-02
2024-11-18 07:16:43,917 -                train: [    INFO] - Train: 166 [ 520/520]  Loss: 0.5423 (0.471)  Acc@1: 87.5000 (88.6300)  Acc@5: 98.7500 (99.5740)LR: 2.057e-02
2024-11-18 07:16:44,222 -                train: [    INFO] - Valid: 166 [   0/104]  Loss: 0.1881 (0.188)  Acc@1: 92.7083 (92.7083)  Acc@5: 100.0000 (100.0000)
2024-11-18 07:16:49,554 -                train: [    INFO] - Valid: 166 [ 104/104]  Loss: 0.2731 (0.246)  Acc@1: 81.2500 (91.8600)  Acc@5: 100.0000 (99.7400)
2024-11-18 07:16:49,592 -                train: [    INFO] - valid_acc 91.860002 - best_valid_acc 92.450003
2024-11-18 07:16:50,068 -                train: [    INFO] - Train: 167 [   0/520]  Loss: 0.4047 (0.405)  Acc@1: 91.6667 (91.6667)  Acc@5: 97.9167 (97.9167)LR: 2.052e-02
2024-11-18 07:17:36,817 -                train: [    INFO] - Train: 167 [ 200/520]  Loss: 0.5235 (0.457)  Acc@1: 90.6250 (89.0495)  Acc@5: 98.9583 (99.6320)LR: 2.052e-02
2024-11-18 07:18:21,938 -                train: [    INFO] - Train: 167 [ 400/520]  Loss: 0.3562 (0.459)  Acc@1: 90.6250 (88.8066)  Acc@5: 100.0000 (99.6337)LR: 2.052e-02
2024-11-18 07:18:48,836 -                train: [    INFO] - Train: 167 [ 520/520]  Loss: 0.4326 (0.469)  Acc@1: 91.2500 (88.6560)  Acc@5: 98.7500 (99.5900)LR: 2.052e-02
2024-11-18 07:18:49,097 -                train: [    INFO] - Valid: 167 [   0/104]  Loss: 0.1629 (0.163)  Acc@1: 93.7500 (93.7500)  Acc@5: 100.0000 (100.0000)
2024-11-18 07:18:54,416 -                train: [    INFO] - Valid: 167 [ 104/104]  Loss: 0.07452 (0.253)  Acc@1: 100.0000 (91.6300)  Acc@5: 100.0000 (99.8100)
2024-11-18 07:18:54,473 -                train: [    INFO] - valid_acc 91.630002 - best_valid_acc 92.450003
2024-11-18 07:18:54,978 -                train: [    INFO] - Train: 168 [   0/520]  Loss: 0.4436 (0.444)  Acc@1: 89.5833 (89.5833)  Acc@5: 100.0000 (100.0000)LR: 2.047e-02
2024-11-18 07:19:39,784 -                train: [    INFO] - Train: 168 [ 200/520]  Loss: 0.5206 (0.465)  Acc@1: 88.5417 (88.8422)  Acc@5: 100.0000 (99.6528)LR: 2.047e-02
2024-11-18 07:20:24,898 -                train: [    INFO] - Train: 168 [ 400/520]  Loss: 0.5528 (0.467)  Acc@1: 86.4583 (88.7625)  Acc@5: 98.9583 (99.6233)LR: 2.047e-02
2024-11-18 07:20:51,720 -                train: [    INFO] - Train: 168 [ 520/520]  Loss: 0.5281 (0.467)  Acc@1: 86.2500 (88.7700)  Acc@5: 100.0000 (99.6100)LR: 2.047e-02
2024-11-18 07:20:51,960 -                train: [    INFO] - Valid: 168 [   0/104]  Loss: 0.2243 (0.224)  Acc@1: 92.7083 (92.7083)  Acc@5: 100.0000 (100.0000)
2024-11-18 07:20:57,280 -                train: [    INFO] - Valid: 168 [ 104/104]  Loss: 0.5166 (0.366)  Acc@1: 75.0000 (88.5600)  Acc@5: 100.0000 (99.6000)
2024-11-18 07:20:57,316 -                train: [    INFO] - valid_acc 88.560003 - best_valid_acc 92.450003
2024-11-18 07:20:57,825 -                train: [    INFO] - Train: 169 [   0/520]  Loss: 0.2689 (0.269)  Acc@1: 92.7083 (92.7083)  Acc@5: 100.0000 (100.0000)LR: 2.042e-02
2024-11-18 07:21:42,771 -                train: [    INFO] - Train: 169 [ 200/520]  Loss: 0.4377 (0.463)  Acc@1: 90.6250 (88.8889)  Acc@5: 100.0000 (99.6010)LR: 2.042e-02
2024-11-18 07:22:27,579 -                train: [    INFO] - Train: 169 [ 400/520]  Loss: 0.5114 (0.459)  Acc@1: 89.5833 (88.9469)  Acc@5: 100.0000 (99.6078)LR: 2.042e-02
2024-11-18 07:22:55,086 -                train: [    INFO] - Train: 169 [ 520/520]  Loss: 0.4862 (0.461)  Acc@1: 87.5000 (88.7980)  Acc@5: 98.7500 (99.6060)LR: 2.042e-02
2024-11-18 07:22:55,422 -                train: [    INFO] - Valid: 169 [   0/104]  Loss: 0.2914 (0.291)  Acc@1: 91.6667 (91.6667)  Acc@5: 100.0000 (100.0000)
2024-11-18 07:23:00,772 -                train: [    INFO] - Valid: 169 [ 104/104]  Loss: 0.4856 (0.310)  Acc@1: 87.5000 (90.5700)  Acc@5: 100.0000 (99.7800)
2024-11-18 07:23:00,811 -                train: [    INFO] - valid_acc 90.570002 - best_valid_acc 92.450003
2024-11-18 07:23:01,229 -                train: [    INFO] - Train: 170 [   0/520]  Loss: 0.3977 (0.398)  Acc@1: 89.5833 (89.5833)  Acc@5: 100.0000 (100.0000)LR: 2.037e-02
2024-11-18 07:23:46,181 -                train: [    INFO] - Train: 170 [ 200/520]  Loss: 0.3087 (0.475)  Acc@1: 93.7500 (88.5158)  Acc@5: 100.0000 (99.5388)LR: 2.037e-02
2024-11-18 07:24:30,965 -                train: [    INFO] - Train: 170 [ 400/520]  Loss: 0.7053 (0.476)  Acc@1: 81.2500 (88.5313)  Acc@5: 100.0000 (99.5558)LR: 2.037e-02
2024-11-18 07:24:57,849 -                train: [    INFO] - Train: 170 [ 520/520]  Loss: 0.2994 (0.472)  Acc@1: 93.7500 (88.6120)  Acc@5: 100.0000 (99.5840)LR: 2.037e-02
2024-11-18 07:24:58,099 -                train: [    INFO] - Valid: 170 [   0/104]  Loss: 0.2383 (0.238)  Acc@1: 94.7917 (94.7917)  Acc@5: 98.9583 (98.9583)
2024-11-18 07:25:03,439 -                train: [    INFO] - Valid: 170 [ 104/104]  Loss: 0.4405 (0.268)  Acc@1: 87.5000 (91.4000)  Acc@5: 100.0000 (99.7700)
2024-11-18 07:25:03,465 -                train: [    INFO] - valid_acc 91.400003 - best_valid_acc 92.450003
2024-11-18 07:25:03,899 -                train: [    INFO] - Train: 171 [   0/520]  Loss: 0.6595 (0.659)  Acc@1: 85.4167 (85.4167)  Acc@5: 100.0000 (100.0000)LR: 2.032e-02
2024-11-18 07:25:49,389 -                train: [    INFO] - Train: 171 [ 200/520]  Loss: 0.5140 (0.466)  Acc@1: 87.5000 (88.8163)  Acc@5: 100.0000 (99.5439)LR: 2.032e-02
2024-11-18 07:26:34,149 -                train: [    INFO] - Train: 171 [ 400/520]  Loss: 0.3632 (0.465)  Acc@1: 92.7083 (88.7884)  Acc@5: 100.0000 (99.5558)LR: 2.032e-02
2024-11-18 07:27:01,222 -                train: [    INFO] - Train: 171 [ 520/520]  Loss: 0.4905 (0.467)  Acc@1: 90.0000 (88.8200)  Acc@5: 100.0000 (99.5340)LR: 2.032e-02
2024-11-18 07:27:01,527 -                train: [    INFO] - Valid: 171 [   0/104]  Loss: 0.2879 (0.288)  Acc@1: 91.6667 (91.6667)  Acc@5: 100.0000 (100.0000)
2024-11-18 07:27:06,898 -                train: [    INFO] - Valid: 171 [ 104/104]  Loss: 0.3993 (0.238)  Acc@1: 93.7500 (92.3100)  Acc@5: 100.0000 (99.7600)
2024-11-18 07:27:06,945 -                train: [    INFO] - valid_acc 92.310003 - best_valid_acc 92.450003
2024-11-18 07:27:07,591 -                train: [    INFO] - Train: 172 [   0/520]  Loss: 0.6334 (0.633)  Acc@1: 86.4583 (86.4583)  Acc@5: 98.9583 (98.9583)LR: 2.026e-02
2024-11-18 07:27:53,042 -                train: [    INFO] - Train: 172 [ 200/520]  Loss: 0.4691 (0.460)  Acc@1: 87.5000 (88.9511)  Acc@5: 98.9583 (99.6839)LR: 2.026e-02
2024-11-18 07:28:39,050 -                train: [    INFO] - Train: 172 [ 400/520]  Loss: 0.6985 (0.461)  Acc@1: 81.2500 (88.9209)  Acc@5: 98.9583 (99.6259)LR: 2.026e-02
2024-11-18 07:29:06,727 -                train: [    INFO] - Train: 172 [ 520/520]  Loss: 0.5836 (0.461)  Acc@1: 85.0000 (88.9120)  Acc@5: 100.0000 (99.6020)LR: 2.026e-02
2024-11-18 07:29:07,045 -                train: [    INFO] - Valid: 172 [   0/104]  Loss: 0.2875 (0.288)  Acc@1: 90.6250 (90.6250)  Acc@5: 100.0000 (100.0000)
2024-11-18 07:29:12,447 -                train: [    INFO] - Valid: 172 [ 104/104]  Loss: 0.1927 (0.288)  Acc@1: 93.7500 (90.5900)  Acc@5: 100.0000 (99.6600)
2024-11-18 07:29:12,498 -                train: [    INFO] - valid_acc 90.590003 - best_valid_acc 92.450003
2024-11-18 07:29:12,915 -                train: [    INFO] - Train: 173 [   0/520]  Loss: 0.5821 (0.582)  Acc@1: 85.4167 (85.4167)  Acc@5: 100.0000 (100.0000)LR: 2.021e-02
2024-11-18 07:29:58,419 -                train: [    INFO] - Train: 173 [ 200/520]  Loss: 0.5481 (0.459)  Acc@1: 86.4583 (89.0288)  Acc@5: 100.0000 (99.4973)LR: 2.021e-02
2024-11-18 07:30:44,292 -                train: [    INFO] - Train: 173 [ 400/520]  Loss: 0.7472 (0.466)  Acc@1: 80.2083 (88.7235)  Acc@5: 98.9583 (99.5220)LR: 2.021e-02
2024-11-18 07:31:11,088 -                train: [    INFO] - Train: 173 [ 520/520]  Loss: 0.3623 (0.463)  Acc@1: 93.7500 (88.8680)  Acc@5: 100.0000 (99.5340)LR: 2.021e-02
2024-11-18 07:31:11,394 -                train: [    INFO] - Valid: 173 [   0/104]  Loss: 0.2809 (0.281)  Acc@1: 92.7083 (92.7083)  Acc@5: 100.0000 (100.0000)
2024-11-18 07:31:16,722 -                train: [    INFO] - Valid: 173 [ 104/104]  Loss: 0.2005 (0.246)  Acc@1: 93.7500 (92.4100)  Acc@5: 100.0000 (99.7400)
2024-11-18 07:31:16,765 -                train: [    INFO] - valid_acc 92.410003 - best_valid_acc 92.450003
2024-11-18 07:31:17,214 -                train: [    INFO] - Train: 174 [   0/520]  Loss: 0.5218 (0.522)  Acc@1: 87.5000 (87.5000)  Acc@5: 100.0000 (100.0000)LR: 2.016e-02
2024-11-18 07:32:02,038 -                train: [    INFO] - Train: 174 [ 200/520]  Loss: 0.4883 (0.470)  Acc@1: 88.5417 (88.5572)  Acc@5: 100.0000 (99.6113)LR: 2.016e-02
2024-11-18 07:32:46,849 -                train: [    INFO] - Train: 174 [ 400/520]  Loss: 0.3764 (0.465)  Acc@1: 92.7083 (88.7703)  Acc@5: 100.0000 (99.5766)LR: 2.016e-02
2024-11-18 07:33:13,853 -                train: [    INFO] - Train: 174 [ 520/520]  Loss: 0.4096 (0.464)  Acc@1: 92.5000 (88.8420)  Acc@5: 100.0000 (99.5820)LR: 2.016e-02
2024-11-18 07:33:14,153 -                train: [    INFO] - Valid: 174 [   0/104]  Loss: 0.3023 (0.302)  Acc@1: 89.5833 (89.5833)  Acc@5: 100.0000 (100.0000)
2024-11-18 07:33:19,751 -                train: [    INFO] - Valid: 174 [ 104/104]  Loss: 0.3476 (0.272)  Acc@1: 81.2500 (91.1200)  Acc@5: 100.0000 (99.7600)
2024-11-18 07:33:20,587 -                train: [    INFO] - valid_acc 91.120003 - best_valid_acc 92.450003
2024-11-18 07:33:21,121 -                train: [    INFO] - Train: 175 [   0/520]  Loss: 0.4736 (0.474)  Acc@1: 84.3750 (84.3750)  Acc@5: 100.0000 (100.0000)LR: 2.011e-02
2024-11-18 07:34:06,376 -                train: [    INFO] - Train: 175 [ 200/520]  Loss: 0.4081 (0.451)  Acc@1: 90.6250 (89.2983)  Acc@5: 100.0000 (99.6320)LR: 2.011e-02
2024-11-18 07:34:50,907 -                train: [    INFO] - Train: 175 [ 400/520]  Loss: 0.4187 (0.456)  Acc@1: 89.5833 (89.1443)  Acc@5: 100.0000 (99.5844)LR: 2.011e-02
2024-11-18 07:35:17,732 -                train: [    INFO] - Train: 175 [ 520/520]  Loss: 0.5794 (0.459)  Acc@1: 85.0000 (89.0560)  Acc@5: 97.5000 (99.5660)LR: 2.011e-02
2024-11-18 07:35:18,004 -                train: [    INFO] - Valid: 175 [   0/104]  Loss: 0.3363 (0.336)  Acc@1: 88.5417 (88.5417)  Acc@5: 98.9583 (98.9583)
2024-11-18 07:35:23,324 -                train: [    INFO] - Valid: 175 [ 104/104]  Loss: 0.2646 (0.268)  Acc@1: 87.5000 (91.3200)  Acc@5: 100.0000 (99.6400)
2024-11-18 07:35:23,756 -                train: [    INFO] - valid_acc 91.320002 - best_valid_acc 92.450003
2024-11-18 07:35:24,202 -                train: [    INFO] - Train: 176 [   0/520]  Loss: 0.3254 (0.325)  Acc@1: 92.7083 (92.7083)  Acc@5: 100.0000 (100.0000)LR: 2.006e-02
2024-11-18 07:36:10,001 -                train: [    INFO] - Train: 176 [ 200/520]  Loss: 0.4889 (0.461)  Acc@1: 86.4583 (89.1532)  Acc@5: 96.8750 (99.6061)LR: 2.006e-02
2024-11-18 07:36:55,213 -                train: [    INFO] - Train: 176 [ 400/520]  Loss: 0.3761 (0.462)  Acc@1: 92.7083 (88.9625)  Acc@5: 100.0000 (99.5896)LR: 2.006e-02
2024-11-18 07:37:21,870 -                train: [    INFO] - Train: 176 [ 520/520]  Loss: 0.3994 (0.460)  Acc@1: 91.2500 (89.0680)  Acc@5: 98.7500 (99.6000)LR: 2.006e-02
2024-11-18 07:37:22,152 -                train: [    INFO] - Valid: 176 [   0/104]  Loss: 0.4093 (0.409)  Acc@1: 86.4583 (86.4583)  Acc@5: 100.0000 (100.0000)
2024-11-18 07:37:27,475 -                train: [    INFO] - Valid: 176 [ 104/104]  Loss: 0.1100 (0.350)  Acc@1: 93.7500 (88.7700)  Acc@5: 100.0000 (99.7300)
2024-11-18 07:37:27,516 -                train: [    INFO] - valid_acc 88.770002 - best_valid_acc 92.450003
2024-11-18 07:37:27,934 -                train: [    INFO] - Train: 177 [   0/520]  Loss: 0.3833 (0.383)  Acc@1: 87.5000 (87.5000)  Acc@5: 100.0000 (100.0000)LR: 2.001e-02
2024-11-18 07:38:12,702 -                train: [    INFO] - Train: 177 [ 200/520]  Loss: 0.3578 (0.456)  Acc@1: 90.6250 (89.0599)  Acc@5: 100.0000 (99.5129)LR: 2.001e-02
2024-11-18 07:38:57,375 -                train: [    INFO] - Train: 177 [ 400/520]  Loss: 0.8015 (0.456)  Acc@1: 77.0833 (89.0560)  Acc@5: 98.9583 (99.5922)LR: 2.001e-02
2024-11-18 07:39:24,261 -                train: [    INFO] - Train: 177 [ 520/520]  Loss: 0.5129 (0.457)  Acc@1: 90.0000 (89.0620)  Acc@5: 98.7500 (99.6060)LR: 2.001e-02
2024-11-18 07:39:24,779 -                train: [    INFO] - Valid: 177 [   0/104]  Loss: 0.2160 (0.216)  Acc@1: 91.6667 (91.6667)  Acc@5: 100.0000 (100.0000)
2024-11-18 07:39:30,119 -                train: [    INFO] - Valid: 177 [ 104/104]  Loss: 0.4932 (0.244)  Acc@1: 93.7500 (91.5600)  Acc@5: 100.0000 (99.7600)
2024-11-18 07:39:30,167 -                train: [    INFO] - valid_acc 91.560003 - best_valid_acc 92.450003
2024-11-18 07:39:30,676 -                train: [    INFO] - Train: 178 [   0/520]  Loss: 0.3784 (0.378)  Acc@1: 88.5417 (88.5417)  Acc@5: 100.0000 (100.0000)LR: 1.995e-02
2024-11-18 07:40:17,947 -                train: [    INFO] - Train: 178 [ 200/520]  Loss: 0.5641 (0.453)  Acc@1: 83.3333 (88.9304)  Acc@5: 98.9583 (99.6113)LR: 1.995e-02
2024-11-18 07:41:03,782 -                train: [    INFO] - Train: 178 [ 400/520]  Loss: 0.5310 (0.450)  Acc@1: 87.5000 (89.1054)  Acc@5: 100.0000 (99.6026)LR: 1.995e-02
2024-11-18 07:41:31,716 -                train: [    INFO] - Train: 178 [ 520/520]  Loss: 0.4101 (0.457)  Acc@1: 91.2500 (88.9620)  Acc@5: 100.0000 (99.5860)LR: 1.995e-02
2024-11-18 07:41:32,035 -                train: [    INFO] - Valid: 178 [   0/104]  Loss: 0.3640 (0.364)  Acc@1: 89.5833 (89.5833)  Acc@5: 98.9583 (98.9583)
2024-11-18 07:41:37,331 -                train: [    INFO] - Valid: 178 [ 104/104]  Loss: 0.3400 (0.262)  Acc@1: 87.5000 (91.5700)  Acc@5: 100.0000 (99.7200)
2024-11-18 07:41:37,362 -                train: [    INFO] - valid_acc 91.570003 - best_valid_acc 92.450003
2024-11-18 07:41:37,825 -                train: [    INFO] - Train: 179 [   0/520]  Loss: 0.3392 (0.339)  Acc@1: 89.5833 (89.5833)  Acc@5: 100.0000 (100.0000)LR: 1.990e-02
2024-11-18 07:42:23,734 -                train: [    INFO] - Train: 179 [ 200/520]  Loss: 0.4243 (0.453)  Acc@1: 89.5833 (89.2568)  Acc@5: 100.0000 (99.5750)LR: 1.990e-02
2024-11-18 07:43:08,639 -                train: [    INFO] - Train: 179 [ 400/520]  Loss: 0.4792 (0.456)  Acc@1: 89.5833 (89.1184)  Acc@5: 98.9583 (99.5714)LR: 1.990e-02
2024-11-18 07:43:35,513 -                train: [    INFO] - Train: 179 [ 520/520]  Loss: 0.3805 (0.459)  Acc@1: 91.2500 (89.1040)  Acc@5: 100.0000 (99.5880)LR: 1.990e-02
2024-11-18 07:43:35,827 -                train: [    INFO] - Valid: 179 [   0/104]  Loss: 0.2028 (0.203)  Acc@1: 92.7083 (92.7083)  Acc@5: 100.0000 (100.0000)
2024-11-18 07:43:41,092 -                train: [    INFO] - Valid: 179 [ 104/104]  Loss: 0.3723 (0.235)  Acc@1: 87.5000 (92.2900)  Acc@5: 100.0000 (99.7500)
2024-11-18 07:43:41,139 -                train: [    INFO] - valid_acc 92.290002 - best_valid_acc 92.450003
2024-11-18 07:43:41,607 -                train: [    INFO] - Train: 180 [   0/520]  Loss: 0.5720 (0.572)  Acc@1: 84.3750 (84.3750)  Acc@5: 97.9167 (97.9167)LR: 1.985e-02
2024-11-18 07:44:27,444 -                train: [    INFO] - Train: 180 [ 200/520]  Loss: 0.2794 (0.452)  Acc@1: 95.8333 (89.1376)  Acc@5: 100.0000 (99.5750)LR: 1.985e-02
2024-11-18 07:45:13,337 -                train: [    INFO] - Train: 180 [ 400/520]  Loss: 0.5871 (0.456)  Acc@1: 87.5000 (89.1339)  Acc@5: 98.9583 (99.6000)LR: 1.985e-02
2024-11-18 07:45:40,820 -                train: [    INFO] - Train: 180 [ 520/520]  Loss: 0.5377 (0.459)  Acc@1: 86.2500 (89.0560)  Acc@5: 98.7500 (99.5820)LR: 1.985e-02
2024-11-18 07:45:41,119 -                train: [    INFO] - Valid: 180 [   0/104]  Loss: 0.2470 (0.247)  Acc@1: 92.7083 (92.7083)  Acc@5: 100.0000 (100.0000)
2024-11-18 07:45:46,577 -                train: [    INFO] - Valid: 180 [ 104/104]  Loss: 0.4282 (0.253)  Acc@1: 93.7500 (91.6100)  Acc@5: 100.0000 (99.8400)
2024-11-18 07:45:46,619 -                train: [    INFO] - valid_acc 91.610003 - best_valid_acc 92.450003
2024-11-18 07:45:47,100 -                train: [    INFO] - Train: 181 [   0/520]  Loss: 0.5209 (0.521)  Acc@1: 87.5000 (87.5000)  Acc@5: 100.0000 (100.0000)LR: 1.979e-02
2024-11-18 07:46:32,252 -                train: [    INFO] - Train: 181 [ 200/520]  Loss: 0.2695 (0.440)  Acc@1: 95.8333 (89.4279)  Acc@5: 100.0000 (99.6476)LR: 1.979e-02
2024-11-18 07:47:17,239 -                train: [    INFO] - Train: 181 [ 400/520]  Loss: 0.6270 (0.445)  Acc@1: 85.4167 (89.2690)  Acc@5: 98.9583 (99.6493)LR: 1.979e-02
2024-11-18 07:47:43,870 -                train: [    INFO] - Train: 181 [ 520/520]  Loss: 0.6266 (0.451)  Acc@1: 87.5000 (89.1500)  Acc@5: 100.0000 (99.6240)LR: 1.979e-02
2024-11-18 07:47:44,173 -                train: [    INFO] - Valid: 181 [   0/104]  Loss: 0.4957 (0.496)  Acc@1: 84.3750 (84.3750)  Acc@5: 100.0000 (100.0000)
2024-11-18 07:47:49,436 -                train: [    INFO] - Valid: 181 [ 104/104]  Loss: 0.6759 (0.348)  Acc@1: 81.2500 (89.2200)  Acc@5: 100.0000 (99.7400)
2024-11-18 07:47:50,138 -                train: [    INFO] - valid_acc 89.220003 - best_valid_acc 92.450003
2024-11-18 07:47:50,577 -                train: [    INFO] - Train: 182 [   0/520]  Loss: 0.3534 (0.353)  Acc@1: 90.6250 (90.6250)  Acc@5: 100.0000 (100.0000)LR: 1.974e-02
2024-11-18 07:48:36,567 -                train: [    INFO] - Train: 182 [ 200/520]  Loss: 0.4392 (0.455)  Acc@1: 85.4167 (89.0806)  Acc@5: 100.0000 (99.6372)LR: 1.974e-02
2024-11-18 07:49:21,630 -                train: [    INFO] - Train: 182 [ 400/520]  Loss: 0.3362 (0.457)  Acc@1: 91.6667 (88.9911)  Acc@5: 100.0000 (99.6207)LR: 1.974e-02
2024-11-18 07:49:48,268 -                train: [    INFO] - Train: 182 [ 520/520]  Loss: 0.4323 (0.459)  Acc@1: 90.0000 (88.9680)  Acc@5: 100.0000 (99.5860)LR: 1.974e-02
2024-11-18 07:49:48,554 -                train: [    INFO] - Valid: 182 [   0/104]  Loss: 0.2067 (0.207)  Acc@1: 90.6250 (90.6250)  Acc@5: 100.0000 (100.0000)
2024-11-18 07:49:53,871 -                train: [    INFO] - Valid: 182 [ 104/104]  Loss: 0.3285 (0.308)  Acc@1: 93.7500 (90.5700)  Acc@5: 100.0000 (99.6200)
2024-11-18 07:49:53,900 -                train: [    INFO] - valid_acc 90.570003 - best_valid_acc 92.450003
2024-11-18 07:49:54,347 -                train: [    INFO] - Train: 183 [   0/520]  Loss: 0.2542 (0.254)  Acc@1: 91.6667 (91.6667)  Acc@5: 100.0000 (100.0000)LR: 1.969e-02
2024-11-18 07:50:39,081 -                train: [    INFO] - Train: 183 [ 200/520]  Loss: 0.4022 (0.437)  Acc@1: 92.7083 (89.5160)  Acc@5: 100.0000 (99.6683)LR: 1.969e-02
2024-11-18 07:51:23,793 -                train: [    INFO] - Train: 183 [ 400/520]  Loss: 0.4424 (0.449)  Acc@1: 88.5417 (89.2197)  Acc@5: 100.0000 (99.6363)LR: 1.969e-02
2024-11-18 07:51:50,572 -                train: [    INFO] - Train: 183 [ 520/520]  Loss: 0.3056 (0.453)  Acc@1: 92.5000 (89.1140)  Acc@5: 100.0000 (99.6440)LR: 1.969e-02
2024-11-18 07:51:50,838 -                train: [    INFO] - Valid: 183 [   0/104]  Loss: 0.2440 (0.244)  Acc@1: 92.7083 (92.7083)  Acc@5: 100.0000 (100.0000)
2024-11-18 07:51:56,302 -                train: [    INFO] - Valid: 183 [ 104/104]  Loss: 0.5067 (0.278)  Acc@1: 81.2500 (90.9900)  Acc@5: 100.0000 (99.7600)
2024-11-18 07:51:56,354 -                train: [    INFO] - valid_acc 90.990002 - best_valid_acc 92.450003
2024-11-18 07:51:56,841 -                train: [    INFO] - Train: 184 [   0/520]  Loss: 0.4485 (0.448)  Acc@1: 89.5833 (89.5833)  Acc@5: 100.0000 (100.0000)LR: 1.963e-02
2024-11-18 07:52:42,701 -                train: [    INFO] - Train: 184 [ 200/520]  Loss: 0.3576 (0.439)  Acc@1: 93.7500 (89.6092)  Acc@5: 100.0000 (99.6891)LR: 1.963e-02
2024-11-18 07:53:28,655 -                train: [    INFO] - Train: 184 [ 400/520]  Loss: 0.6632 (0.450)  Acc@1: 83.3333 (89.2976)  Acc@5: 98.9583 (99.6701)LR: 1.963e-02
2024-11-18 07:53:55,488 -                train: [    INFO] - Train: 184 [ 520/520]  Loss: 0.6078 (0.455)  Acc@1: 86.2500 (89.1100)  Acc@5: 100.0000 (99.6440)LR: 1.963e-02
2024-11-18 07:53:55,808 -                train: [    INFO] - Valid: 184 [   0/104]  Loss: 0.3452 (0.345)  Acc@1: 87.5000 (87.5000)  Acc@5: 98.9583 (98.9583)
2024-11-18 07:54:01,179 -                train: [    INFO] - Valid: 184 [ 104/104]  Loss: 0.5252 (0.334)  Acc@1: 87.5000 (89.6700)  Acc@5: 100.0000 (99.5700)
2024-11-18 07:54:01,219 -                train: [    INFO] - valid_acc 89.670002 - best_valid_acc 92.450003
2024-11-18 07:54:01,739 -                train: [    INFO] - Train: 185 [   0/520]  Loss: 0.2658 (0.266)  Acc@1: 95.8333 (95.8333)  Acc@5: 98.9583 (98.9583)LR: 1.958e-02
2024-11-18 07:54:48,799 -                train: [    INFO] - Train: 185 [ 200/520]  Loss: 0.4827 (0.445)  Acc@1: 88.5417 (89.3087)  Acc@5: 100.0000 (99.6165)LR: 1.958e-02
2024-11-18 07:55:34,730 -                train: [    INFO] - Train: 185 [ 400/520]  Loss: 0.2886 (0.447)  Acc@1: 94.7917 (89.1833)  Acc@5: 100.0000 (99.6155)LR: 1.958e-02
2024-11-18 07:56:02,812 -                train: [    INFO] - Train: 185 [ 520/520]  Loss: 0.5097 (0.454)  Acc@1: 90.0000 (89.0140)  Acc@5: 100.0000 (99.6200)LR: 1.958e-02
2024-11-18 07:56:04,160 -                train: [    INFO] - Valid: 185 [   0/104]  Loss: 0.2001 (0.200)  Acc@1: 92.7083 (92.7083)  Acc@5: 100.0000 (100.0000)
2024-11-18 07:56:09,486 -                train: [    INFO] - Valid: 185 [ 104/104]  Loss: 0.2891 (0.259)  Acc@1: 93.7500 (91.7500)  Acc@5: 100.0000 (99.6700)
2024-11-18 07:56:09,533 -                train: [    INFO] - valid_acc 91.750002 - best_valid_acc 92.450003
2024-11-18 07:56:09,971 -                train: [    INFO] - Train: 186 [   0/520]  Loss: 0.5714 (0.571)  Acc@1: 89.5833 (89.5833)  Acc@5: 98.9583 (98.9583)LR: 1.953e-02
2024-11-18 07:56:55,229 -                train: [    INFO] - Train: 186 [ 200/520]  Loss: 0.4915 (0.444)  Acc@1: 85.4167 (89.1791)  Acc@5: 98.9583 (99.6010)LR: 1.953e-02
2024-11-18 07:57:40,287 -                train: [    INFO] - Train: 186 [ 400/520]  Loss: 0.4287 (0.449)  Acc@1: 90.6250 (89.1703)  Acc@5: 100.0000 (99.6181)LR: 1.953e-02
2024-11-18 07:58:07,570 -                train: [    INFO] - Train: 186 [ 520/520]  Loss: 0.4649 (0.454)  Acc@1: 85.0000 (89.1100)  Acc@5: 100.0000 (99.6000)LR: 1.953e-02
2024-11-18 07:58:07,902 -                train: [    INFO] - Valid: 186 [   0/104]  Loss: 0.2859 (0.286)  Acc@1: 90.6250 (90.6250)  Acc@5: 100.0000 (100.0000)
2024-11-18 07:58:13,244 -                train: [    INFO] - Valid: 186 [ 104/104]  Loss: 0.1794 (0.245)  Acc@1: 87.5000 (92.1400)  Acc@5: 100.0000 (99.7600)
2024-11-18 07:58:13,282 -                train: [    INFO] - valid_acc 92.140002 - best_valid_acc 92.450003
2024-11-18 07:58:13,761 -                train: [    INFO] - Train: 187 [   0/520]  Loss: 0.4448 (0.445)  Acc@1: 88.5417 (88.5417)  Acc@5: 100.0000 (100.0000)LR: 1.947e-02
2024-11-18 07:58:59,253 -                train: [    INFO] - Train: 187 [ 200/520]  Loss: 0.4683 (0.437)  Acc@1: 87.5000 (89.4797)  Acc@5: 100.0000 (99.6320)LR: 1.947e-02
2024-11-18 07:59:44,498 -                train: [    INFO] - Train: 187 [ 400/520]  Loss: 0.4383 (0.444)  Acc@1: 85.4167 (89.3392)  Acc@5: 100.0000 (99.6181)LR: 1.947e-02
2024-11-18 08:00:11,299 -                train: [    INFO] - Train: 187 [ 520/520]  Loss: 0.4246 (0.452)  Acc@1: 91.2500 (89.1500)  Acc@5: 100.0000 (99.5960)LR: 1.947e-02
2024-11-18 08:00:11,560 -                train: [    INFO] - Valid: 187 [   0/104]  Loss: 0.2642 (0.264)  Acc@1: 92.7083 (92.7083)  Acc@5: 100.0000 (100.0000)
2024-11-18 08:00:16,871 -                train: [    INFO] - Valid: 187 [ 104/104]  Loss: 0.4063 (0.242)  Acc@1: 87.5000 (92.0400)  Acc@5: 100.0000 (99.7700)
2024-11-18 08:00:16,909 -                train: [    INFO] - valid_acc 92.040002 - best_valid_acc 92.450003
2024-11-18 08:00:17,344 -                train: [    INFO] - Train: 188 [   0/520]  Loss: 0.6564 (0.656)  Acc@1: 85.4167 (85.4167)  Acc@5: 100.0000 (100.0000)LR: 1.942e-02
2024-11-18 08:01:01,954 -                train: [    INFO] - Train: 188 [ 200/520]  Loss: 0.4585 (0.453)  Acc@1: 84.3750 (88.9614)  Acc@5: 100.0000 (99.6839)LR: 1.942e-02
2024-11-18 08:01:46,575 -                train: [    INFO] - Train: 188 [ 400/520]  Loss: 0.2733 (0.452)  Acc@1: 93.7500 (89.0196)  Acc@5: 100.0000 (99.6545)LR: 1.942e-02
2024-11-18 08:02:13,301 -                train: [    INFO] - Train: 188 [ 520/520]  Loss: 0.2729 (0.453)  Acc@1: 93.7500 (89.0580)  Acc@5: 100.0000 (99.6300)LR: 1.942e-02
2024-11-18 08:02:13,599 -                train: [    INFO] - Valid: 188 [   0/104]  Loss: 0.3746 (0.375)  Acc@1: 92.7083 (92.7083)  Acc@5: 100.0000 (100.0000)
2024-11-18 08:02:18,944 -                train: [    INFO] - Valid: 188 [ 104/104]  Loss: 0.2136 (0.270)  Acc@1: 93.7500 (91.4900)  Acc@5: 100.0000 (99.6800)
2024-11-18 08:02:18,984 -                train: [    INFO] - valid_acc 91.490003 - best_valid_acc 92.450003
2024-11-18 08:02:19,484 -                train: [    INFO] - Train: 189 [   0/520]  Loss: 0.2564 (0.256)  Acc@1: 92.7083 (92.7083)  Acc@5: 100.0000 (100.0000)LR: 1.936e-02
2024-11-18 08:03:05,592 -                train: [    INFO] - Train: 189 [ 200/520]  Loss: 0.4831 (0.447)  Acc@1: 92.7083 (89.0755)  Acc@5: 100.0000 (99.6580)LR: 1.936e-02
2024-11-18 08:03:51,430 -                train: [    INFO] - Train: 189 [ 400/520]  Loss: 0.3775 (0.454)  Acc@1: 90.6250 (89.1028)  Acc@5: 100.0000 (99.6545)LR: 1.936e-02
2024-11-18 08:04:19,014 -                train: [    INFO] - Train: 189 [ 520/520]  Loss: 0.4116 (0.459)  Acc@1: 95.0000 (88.9520)  Acc@5: 100.0000 (99.6560)LR: 1.936e-02
2024-11-18 08:04:19,350 -                train: [    INFO] - Valid: 189 [   0/104]  Loss: 0.2755 (0.276)  Acc@1: 88.5417 (88.5417)  Acc@5: 100.0000 (100.0000)
2024-11-18 08:04:24,676 -                train: [    INFO] - Valid: 189 [ 104/104]  Loss: 0.6544 (0.260)  Acc@1: 81.2500 (91.6800)  Acc@5: 100.0000 (99.7900)
2024-11-18 08:04:26,457 -                train: [    INFO] - valid_acc 91.680003 - best_valid_acc 92.450003
2024-11-18 08:04:27,002 -                train: [    INFO] - Train: 190 [   0/520]  Loss: 0.3645 (0.365)  Acc@1: 91.6667 (91.6667)  Acc@5: 100.0000 (100.0000)LR: 1.931e-02
2024-11-18 08:05:12,285 -                train: [    INFO] - Train: 190 [ 200/520]  Loss: 0.6235 (0.454)  Acc@1: 83.3333 (89.1998)  Acc@5: 98.9583 (99.6217)LR: 1.931e-02
2024-11-18 08:05:57,094 -                train: [    INFO] - Train: 190 [ 400/520]  Loss: 0.4339 (0.453)  Acc@1: 91.6667 (89.2327)  Acc@5: 100.0000 (99.6363)LR: 1.931e-02
2024-11-18 08:06:23,777 -                train: [    INFO] - Train: 190 [ 520/520]  Loss: 0.4619 (0.453)  Acc@1: 88.7500 (89.2320)  Acc@5: 100.0000 (99.6300)LR: 1.931e-02
2024-11-18 08:06:24,091 -                train: [    INFO] - Valid: 190 [   0/104]  Loss: 0.2695 (0.269)  Acc@1: 89.5833 (89.5833)  Acc@5: 100.0000 (100.0000)
2024-11-18 08:06:29,387 -                train: [    INFO] - Valid: 190 [ 104/104]  Loss: 0.2710 (0.274)  Acc@1: 87.5000 (90.8300)  Acc@5: 100.0000 (99.7600)
2024-11-18 08:06:29,422 -                train: [    INFO] - valid_acc 90.830003 - best_valid_acc 92.450003
2024-11-18 08:06:29,949 -                train: [    INFO] - Train: 191 [   0/520]  Loss: 0.4980 (0.498)  Acc@1: 86.4583 (86.4583)  Acc@5: 100.0000 (100.0000)LR: 1.925e-02
2024-11-18 08:07:15,212 -                train: [    INFO] - Train: 191 [ 200/520]  Loss: 0.5083 (0.443)  Acc@1: 87.5000 (89.5989)  Acc@5: 97.9167 (99.6942)LR: 1.925e-02
2024-11-18 08:07:59,899 -                train: [    INFO] - Train: 191 [ 400/520]  Loss: 0.3911 (0.447)  Acc@1: 89.5833 (89.3677)  Acc@5: 100.0000 (99.6727)LR: 1.925e-02
2024-11-18 08:08:26,656 -                train: [    INFO] - Train: 191 [ 520/520]  Loss: 0.4466 (0.452)  Acc@1: 90.0000 (89.1880)  Acc@5: 100.0000 (99.6200)LR: 1.925e-02
2024-11-18 08:08:27,029 -                train: [    INFO] - Valid: 191 [   0/104]  Loss: 0.1526 (0.153)  Acc@1: 94.7917 (94.7917)  Acc@5: 100.0000 (100.0000)
2024-11-18 08:08:32,361 -                train: [    INFO] - Valid: 191 [ 104/104]  Loss: 0.3142 (0.207)  Acc@1: 93.7500 (93.1900)  Acc@5: 100.0000 (99.8200)
2024-11-18 08:08:32,966 -                train: [    INFO] - valid_acc 93.190003 - best_valid_acc 93.190003
2024-11-18 08:08:33,460 -                train: [    INFO] - Train: 192 [   0/520]  Loss: 0.3825 (0.383)  Acc@1: 92.7083 (92.7083)  Acc@5: 100.0000 (100.0000)LR: 1.920e-02
2024-11-18 08:09:18,008 -                train: [    INFO] - Train: 192 [ 200/520]  Loss: 0.4887 (0.442)  Acc@1: 86.4583 (89.5263)  Acc@5: 100.0000 (99.5958)LR: 1.920e-02
2024-11-18 08:10:02,851 -                train: [    INFO] - Train: 192 [ 400/520]  Loss: 0.5826 (0.450)  Acc@1: 88.5417 (89.3989)  Acc@5: 100.0000 (99.6026)LR: 1.920e-02
2024-11-18 08:10:29,444 -                train: [    INFO] - Train: 192 [ 520/520]  Loss: 0.5989 (0.450)  Acc@1: 88.7500 (89.4500)  Acc@5: 98.7500 (99.6240)LR: 1.920e-02
2024-11-18 08:10:29,784 -                train: [    INFO] - Valid: 192 [   0/104]  Loss: 0.1977 (0.198)  Acc@1: 93.7500 (93.7500)  Acc@5: 100.0000 (100.0000)
2024-11-18 08:10:35,099 -                train: [    INFO] - Valid: 192 [ 104/104]  Loss: 0.3215 (0.227)  Acc@1: 87.5000 (92.4900)  Acc@5: 100.0000 (99.8800)
2024-11-18 08:10:35,151 -                train: [    INFO] - valid_acc 92.490002 - best_valid_acc 93.190003
2024-11-18 08:10:35,623 -                train: [    INFO] - Train: 193 [   0/520]  Loss: 0.4272 (0.427)  Acc@1: 89.5833 (89.5833)  Acc@5: 100.0000 (100.0000)LR: 1.914e-02
2024-11-18 08:11:20,220 -                train: [    INFO] - Train: 193 [ 200/520]  Loss: 0.4511 (0.423)  Acc@1: 90.6250 (90.0394)  Acc@5: 98.9583 (99.6580)LR: 1.914e-02
2024-11-18 08:12:04,808 -                train: [    INFO] - Train: 193 [ 400/520]  Loss: 0.4217 (0.438)  Acc@1: 91.6667 (89.6872)  Acc@5: 98.9583 (99.6285)LR: 1.914e-02
2024-11-18 08:12:31,567 -                train: [    INFO] - Train: 193 [ 520/520]  Loss: 0.4058 (0.443)  Acc@1: 91.2500 (89.5640)  Acc@5: 100.0000 (99.6080)LR: 1.914e-02
2024-11-18 08:12:31,841 -                train: [    INFO] - Valid: 193 [   0/104]  Loss: 0.2570 (0.257)  Acc@1: 89.5833 (89.5833)  Acc@5: 100.0000 (100.0000)
2024-11-18 08:12:37,141 -                train: [    INFO] - Valid: 193 [ 104/104]  Loss: 0.5965 (0.242)  Acc@1: 87.5000 (91.7300)  Acc@5: 100.0000 (99.8500)
2024-11-18 08:12:37,176 -                train: [    INFO] - valid_acc 91.730003 - best_valid_acc 93.190003
2024-11-18 08:12:37,606 -                train: [    INFO] - Train: 194 [   0/520]  Loss: 0.2499 (0.250)  Acc@1: 94.7917 (94.7917)  Acc@5: 98.9583 (98.9583)LR: 1.909e-02
2024-11-18 08:13:22,250 -                train: [    INFO] - Train: 194 [ 200/520]  Loss: 0.5478 (0.442)  Acc@1: 89.5833 (89.6300)  Acc@5: 100.0000 (99.5647)LR: 1.909e-02
2024-11-18 08:14:06,979 -                train: [    INFO] - Train: 194 [ 400/520]  Loss: 0.5600 (0.444)  Acc@1: 87.5000 (89.4535)  Acc@5: 100.0000 (99.5896)LR: 1.909e-02
2024-11-18 08:14:33,681 -                train: [    INFO] - Train: 194 [ 520/520]  Loss: 0.4231 (0.445)  Acc@1: 88.7500 (89.4020)  Acc@5: 100.0000 (99.5820)LR: 1.909e-02
2024-11-18 08:14:34,087 -                train: [    INFO] - Valid: 194 [   0/104]  Loss: 0.1674 (0.167)  Acc@1: 92.7083 (92.7083)  Acc@5: 100.0000 (100.0000)
2024-11-18 08:14:39,407 -                train: [    INFO] - Valid: 194 [ 104/104]  Loss: 0.3491 (0.242)  Acc@1: 93.7500 (91.9800)  Acc@5: 100.0000 (99.8300)
2024-11-18 08:14:39,454 -                train: [    INFO] - valid_acc 91.980003 - best_valid_acc 93.190003
2024-11-18 08:14:39,928 -                train: [    INFO] - Train: 195 [   0/520]  Loss: 0.2842 (0.284)  Acc@1: 93.7500 (93.7500)  Acc@5: 100.0000 (100.0000)LR: 1.903e-02
2024-11-18 08:15:24,262 -                train: [    INFO] - Train: 195 [ 200/520]  Loss: 0.4314 (0.448)  Acc@1: 88.5417 (89.3398)  Acc@5: 100.0000 (99.5699)LR: 1.903e-02
2024-11-18 08:16:08,776 -                train: [    INFO] - Train: 195 [ 400/520]  Loss: 0.5643 (0.444)  Acc@1: 84.3750 (89.4794)  Acc@5: 100.0000 (99.6052)LR: 1.903e-02
2024-11-18 08:16:35,475 -                train: [    INFO] - Train: 195 [ 520/520]  Loss: 0.4125 (0.451)  Acc@1: 87.5000 (89.2680)  Acc@5: 100.0000 (99.6020)LR: 1.903e-02
2024-11-18 08:16:35,767 -                train: [    INFO] - Valid: 195 [   0/104]  Loss: 0.2999 (0.300)  Acc@1: 89.5833 (89.5833)  Acc@5: 100.0000 (100.0000)
2024-11-18 08:16:41,070 -                train: [    INFO] - Valid: 195 [ 104/104]  Loss: 0.4600 (0.235)  Acc@1: 81.2500 (92.1700)  Acc@5: 100.0000 (99.7200)
2024-11-18 08:16:41,106 -                train: [    INFO] - valid_acc 92.170003 - best_valid_acc 93.190003
2024-11-18 08:16:41,542 -                train: [    INFO] - Train: 196 [   0/520]  Loss: 0.4193 (0.419)  Acc@1: 91.6667 (91.6667)  Acc@5: 100.0000 (100.0000)LR: 1.898e-02
2024-11-18 08:17:27,440 -                train: [    INFO] - Train: 196 [ 200/520]  Loss: 0.5079 (0.427)  Acc@1: 89.5833 (89.8943)  Acc@5: 98.9583 (99.6320)LR: 1.898e-02
2024-11-18 08:18:13,040 -                train: [    INFO] - Train: 196 [ 400/520]  Loss: 0.5060 (0.441)  Acc@1: 82.2917 (89.5184)  Acc@5: 100.0000 (99.6104)LR: 1.898e-02
2024-11-18 08:18:39,871 -                train: [    INFO] - Train: 196 [ 520/520]  Loss: 0.4999 (0.444)  Acc@1: 90.0000 (89.3980)  Acc@5: 98.7500 (99.6000)LR: 1.898e-02
2024-11-18 08:18:42,199 -                train: [    INFO] - Valid: 196 [   0/104]  Loss: 0.2864 (0.286)  Acc@1: 90.6250 (90.6250)  Acc@5: 98.9583 (98.9583)
2024-11-18 08:18:47,611 -                train: [    INFO] - Valid: 196 [ 104/104]  Loss: 0.2641 (0.261)  Acc@1: 93.7500 (91.6600)  Acc@5: 100.0000 (99.7500)
2024-11-18 08:18:47,653 -                train: [    INFO] - valid_acc 91.660003 - best_valid_acc 93.190003
2024-11-18 08:18:48,212 -                train: [    INFO] - Train: 197 [   0/520]  Loss: 0.5253 (0.525)  Acc@1: 87.5000 (87.5000)  Acc@5: 98.9583 (98.9583)LR: 1.892e-02
2024-11-18 08:19:35,603 -                train: [    INFO] - Train: 197 [ 200/520]  Loss: 0.3000 (0.435)  Acc@1: 94.7917 (89.3812)  Acc@5: 98.9583 (99.6424)LR: 1.892e-02
2024-11-18 08:20:20,997 -                train: [    INFO] - Train: 197 [ 400/520]  Loss: 0.3360 (0.446)  Acc@1: 90.6250 (89.2560)  Acc@5: 100.0000 (99.6233)LR: 1.892e-02
2024-11-18 08:20:48,340 -                train: [    INFO] - Train: 197 [ 520/520]  Loss: 0.3825 (0.447)  Acc@1: 91.2500 (89.2160)  Acc@5: 100.0000 (99.6280)LR: 1.892e-02
2024-11-18 08:20:48,607 -                train: [    INFO] - Valid: 197 [   0/104]  Loss: 0.4426 (0.443)  Acc@1: 88.5417 (88.5417)  Acc@5: 100.0000 (100.0000)
2024-11-18 08:20:53,942 -                train: [    INFO] - Valid: 197 [ 104/104]  Loss: 0.5390 (0.228)  Acc@1: 93.7500 (92.4400)  Acc@5: 100.0000 (99.7700)
2024-11-18 08:20:54,876 -                train: [    INFO] - valid_acc 92.440003 - best_valid_acc 93.190003
2024-11-18 08:20:55,359 -                train: [    INFO] - Train: 198 [   0/520]  Loss: 0.5062 (0.506)  Acc@1: 87.5000 (87.5000)  Acc@5: 100.0000 (100.0000)LR: 1.886e-02
2024-11-18 08:21:41,538 -                train: [    INFO] - Train: 198 [ 200/520]  Loss: 0.5271 (0.431)  Acc@1: 85.4167 (89.7181)  Acc@5: 100.0000 (99.6839)LR: 1.886e-02
2024-11-18 08:22:27,567 -                train: [    INFO] - Train: 198 [ 400/520]  Loss: 0.5069 (0.442)  Acc@1: 85.4167 (89.3937)  Acc@5: 98.9583 (99.6805)LR: 1.886e-02
2024-11-18 08:22:54,279 -                train: [    INFO] - Train: 198 [ 520/520]  Loss: 0.3967 (0.446)  Acc@1: 90.0000 (89.2820)  Acc@5: 100.0000 (99.6560)LR: 1.886e-02
2024-11-18 08:22:54,551 -                train: [    INFO] - Valid: 198 [   0/104]  Loss: 0.1646 (0.165)  Acc@1: 94.7917 (94.7917)  Acc@5: 100.0000 (100.0000)
2024-11-18 08:22:59,880 -                train: [    INFO] - Valid: 198 [ 104/104]  Loss: 0.4162 (0.237)  Acc@1: 93.7500 (92.2100)  Acc@5: 100.0000 (99.8000)
2024-11-18 08:22:59,923 -                train: [    INFO] - valid_acc 92.210003 - best_valid_acc 93.190003
2024-11-18 08:23:00,373 -                train: [    INFO] - Train: 199 [   0/520]  Loss: 0.4327 (0.433)  Acc@1: 91.6667 (91.6667)  Acc@5: 100.0000 (100.0000)LR: 1.881e-02
2024-11-18 08:23:45,575 -                train: [    INFO] - Train: 199 [ 200/520]  Loss: 0.5025 (0.428)  Acc@1: 88.5417 (89.6352)  Acc@5: 100.0000 (99.6580)LR: 1.881e-02
2024-11-18 08:24:30,415 -                train: [    INFO] - Train: 199 [ 400/520]  Loss: 0.2895 (0.437)  Acc@1: 92.7083 (89.5470)  Acc@5: 100.0000 (99.6363)LR: 1.881e-02
2024-11-18 08:24:57,279 -                train: [    INFO] - Train: 199 [ 520/520]  Loss: 0.4352 (0.440)  Acc@1: 88.7500 (89.4960)  Acc@5: 100.0000 (99.6400)LR: 1.881e-02
2024-11-18 08:24:57,566 -                train: [    INFO] - Valid: 199 [   0/104]  Loss: 0.3046 (0.305)  Acc@1: 89.5833 (89.5833)  Acc@5: 100.0000 (100.0000)
2024-11-18 08:25:02,884 -                train: [    INFO] - Valid: 199 [ 104/104]  Loss: 0.01895 (0.263)  Acc@1: 100.0000 (91.6000)  Acc@5: 100.0000 (99.7100)
2024-11-18 08:25:02,931 -                train: [    INFO] - valid_acc 91.600003 - best_valid_acc 93.190003
2024-11-18 08:25:03,350 -                train: [    INFO] - Train: 200 [   0/520]  Loss: 0.3681 (0.368)  Acc@1: 90.6250 (90.6250)  Acc@5: 100.0000 (100.0000)LR: 1.875e-02
2024-11-18 08:25:48,039 -                train: [    INFO] - Train: 200 [ 200/520]  Loss: 0.4589 (0.443)  Acc@1: 93.7500 (89.5678)  Acc@5: 98.9583 (99.6217)LR: 1.875e-02
2024-11-18 08:26:33,116 -                train: [    INFO] - Train: 200 [ 400/520]  Loss: 0.3797 (0.449)  Acc@1: 91.6667 (89.3859)  Acc@5: 100.0000 (99.6285)LR: 1.875e-02
2024-11-18 08:27:00,011 -                train: [    INFO] - Train: 200 [ 520/520]  Loss: 0.3883 (0.451)  Acc@1: 87.5000 (89.2420)  Acc@5: 100.0000 (99.6240)LR: 1.875e-02
2024-11-18 08:27:00,294 -                train: [    INFO] - Valid: 200 [   0/104]  Loss: 0.3018 (0.302)  Acc@1: 91.6667 (91.6667)  Acc@5: 100.0000 (100.0000)
2024-11-18 08:27:05,719 -                train: [    INFO] - Valid: 200 [ 104/104]  Loss: 0.2898 (0.270)  Acc@1: 81.2500 (91.2200)  Acc@5: 100.0000 (99.7500)
2024-11-18 08:27:05,765 -                train: [    INFO] - valid_acc 91.220002 - best_valid_acc 93.190003
2024-11-18 08:27:06,192 -                train: [    INFO] - Train: 201 [   0/520]  Loss: 0.4468 (0.447)  Acc@1: 88.5417 (88.5417)  Acc@5: 100.0000 (100.0000)LR: 1.869e-02
2024-11-18 08:27:52,083 -                train: [    INFO] - Train: 201 [ 200/520]  Loss: 0.6834 (0.431)  Acc@1: 82.2917 (89.6196)  Acc@5: 97.9167 (99.6787)LR: 1.869e-02
2024-11-18 08:28:37,164 -                train: [    INFO] - Train: 201 [ 400/520]  Loss: 0.5755 (0.439)  Acc@1: 89.5833 (89.4638)  Acc@5: 96.8750 (99.6493)LR: 1.869e-02
2024-11-18 08:29:04,244 -                train: [    INFO] - Train: 201 [ 520/520]  Loss: 0.4569 (0.437)  Acc@1: 90.0000 (89.5200)  Acc@5: 98.7500 (99.6480)LR: 1.869e-02
2024-11-18 08:29:04,536 -                train: [    INFO] - Valid: 201 [   0/104]  Loss: 0.2131 (0.213)  Acc@1: 92.7083 (92.7083)  Acc@5: 98.9583 (98.9583)
2024-11-18 08:29:09,853 -                train: [    INFO] - Valid: 201 [ 104/104]  Loss: 0.3423 (0.248)  Acc@1: 87.5000 (91.9000)  Acc@5: 100.0000 (99.7100)
2024-11-18 08:29:10,058 -                train: [    INFO] - valid_acc 91.900002 - best_valid_acc 93.190003
2024-11-18 08:29:10,507 -                train: [    INFO] - Train: 202 [   0/520]  Loss: 0.4758 (0.476)  Acc@1: 86.4583 (86.4583)  Acc@5: 100.0000 (100.0000)LR: 1.864e-02
2024-11-18 08:29:56,887 -                train: [    INFO] - Train: 202 [ 200/520]  Loss: 0.4438 (0.441)  Acc@1: 89.5833 (89.6248)  Acc@5: 100.0000 (99.6269)LR: 1.864e-02
2024-11-18 08:30:42,267 -                train: [    INFO] - Train: 202 [ 400/520]  Loss: 0.3009 (0.443)  Acc@1: 91.6667 (89.4483)  Acc@5: 100.0000 (99.6363)LR: 1.864e-02
2024-11-18 08:31:09,553 -                train: [    INFO] - Train: 202 [ 520/520]  Loss: 0.3770 (0.441)  Acc@1: 91.2500 (89.4720)  Acc@5: 100.0000 (99.6320)LR: 1.864e-02
2024-11-18 08:31:10,445 -                train: [    INFO] - Valid: 202 [   0/104]  Loss: 0.3114 (0.311)  Acc@1: 91.6667 (91.6667)  Acc@5: 100.0000 (100.0000)
2024-11-18 08:31:15,821 -                train: [    INFO] - Valid: 202 [ 104/104]  Loss: 0.4072 (0.245)  Acc@1: 93.7500 (92.1500)  Acc@5: 100.0000 (99.8200)
2024-11-18 08:31:15,879 -                train: [    INFO] - valid_acc 92.150003 - best_valid_acc 93.190003
2024-11-18 08:31:16,453 -                train: [    INFO] - Train: 203 [   0/520]  Loss: 0.5141 (0.514)  Acc@1: 87.5000 (87.5000)  Acc@5: 100.0000 (100.0000)LR: 1.858e-02
2024-11-18 08:32:02,550 -                train: [    INFO] - Train: 203 [ 200/520]  Loss: 0.3662 (0.451)  Acc@1: 91.6667 (89.2931)  Acc@5: 98.9583 (99.5543)LR: 1.858e-02
2024-11-18 08:32:47,663 -                train: [    INFO] - Train: 203 [ 400/520]  Loss: 0.3818 (0.448)  Acc@1: 90.6250 (89.3573)  Acc@5: 100.0000 (99.6000)LR: 1.858e-02
2024-11-18 08:33:14,813 -                train: [    INFO] - Train: 203 [ 520/520]  Loss: 0.4170 (0.451)  Acc@1: 83.7500 (89.2740)  Acc@5: 100.0000 (99.6240)LR: 1.858e-02
2024-11-18 08:33:15,163 -                train: [    INFO] - Valid: 203 [   0/104]  Loss: 0.2522 (0.252)  Acc@1: 94.7917 (94.7917)  Acc@5: 100.0000 (100.0000)
2024-11-18 08:33:20,561 -                train: [    INFO] - Valid: 203 [ 104/104]  Loss: 0.3975 (0.214)  Acc@1: 93.7500 (93.2700)  Acc@5: 100.0000 (99.8200)
2024-11-18 08:33:21,117 -                train: [    INFO] - valid_acc 93.270002 - best_valid_acc 93.270002
2024-11-18 08:33:21,632 -                train: [    INFO] - Train: 204 [   0/520]  Loss: 0.4913 (0.491)  Acc@1: 87.5000 (87.5000)  Acc@5: 100.0000 (100.0000)LR: 1.852e-02
2024-11-18 08:34:06,967 -                train: [    INFO] - Train: 204 [ 200/520]  Loss: 0.2626 (0.432)  Acc@1: 95.8333 (89.8373)  Acc@5: 100.0000 (99.6476)LR: 1.852e-02
2024-11-18 08:34:51,635 -                train: [    INFO] - Train: 204 [ 400/520]  Loss: 0.3654 (0.438)  Acc@1: 89.5833 (89.4794)  Acc@5: 100.0000 (99.6623)LR: 1.852e-02
2024-11-18 08:35:18,307 -                train: [    INFO] - Train: 204 [ 520/520]  Loss: 0.4902 (0.438)  Acc@1: 87.5000 (89.5620)  Acc@5: 100.0000 (99.6540)LR: 1.852e-02
2024-11-18 08:35:18,597 -                train: [    INFO] - Valid: 204 [   0/104]  Loss: 0.1717 (0.172)  Acc@1: 95.8333 (95.8333)  Acc@5: 100.0000 (100.0000)
2024-11-18 08:35:23,904 -                train: [    INFO] - Valid: 204 [ 104/104]  Loss: 0.4261 (0.281)  Acc@1: 81.2500 (90.8700)  Acc@5: 100.0000 (99.6900)
2024-11-18 08:35:23,943 -                train: [    INFO] - valid_acc 90.870003 - best_valid_acc 93.270002
2024-11-18 08:35:24,364 -                train: [    INFO] - Train: 205 [   0/520]  Loss: 0.5326 (0.533)  Acc@1: 85.4167 (85.4167)  Acc@5: 100.0000 (100.0000)LR: 1.846e-02
2024-11-18 08:36:09,107 -                train: [    INFO] - Train: 205 [ 200/520]  Loss: 0.5319 (0.436)  Acc@1: 87.5000 (89.4641)  Acc@5: 98.9583 (99.6269)LR: 1.846e-02
2024-11-18 08:36:53,595 -                train: [    INFO] - Train: 205 [ 400/520]  Loss: 0.4118 (0.438)  Acc@1: 90.6250 (89.5054)  Acc@5: 100.0000 (99.6467)LR: 1.846e-02
2024-11-18 08:37:20,361 -                train: [    INFO] - Train: 205 [ 520/520]  Loss: 0.4419 (0.440)  Acc@1: 88.7500 (89.4800)  Acc@5: 98.7500 (99.6460)LR: 1.846e-02
2024-11-18 08:37:20,611 -                train: [    INFO] - Valid: 205 [   0/104]  Loss: 0.1899 (0.190)  Acc@1: 93.7500 (93.7500)  Acc@5: 100.0000 (100.0000)
2024-11-18 08:37:25,931 -                train: [    INFO] - Valid: 205 [ 104/104]  Loss: 0.4371 (0.304)  Acc@1: 87.5000 (90.7000)  Acc@5: 100.0000 (99.7100)
2024-11-18 08:37:25,962 -                train: [    INFO] - valid_acc 90.700002 - best_valid_acc 93.270002
2024-11-18 08:37:26,394 -                train: [    INFO] - Train: 206 [   0/520]  Loss: 0.5272 (0.527)  Acc@1: 88.5417 (88.5417)  Acc@5: 100.0000 (100.0000)LR: 1.841e-02
2024-11-18 08:38:11,184 -                train: [    INFO] - Train: 206 [ 200/520]  Loss: 0.3907 (0.435)  Acc@1: 93.7500 (89.7077)  Acc@5: 98.9583 (99.6631)LR: 1.841e-02
2024-11-18 08:38:56,209 -                train: [    INFO] - Train: 206 [ 400/520]  Loss: 0.3447 (0.434)  Acc@1: 94.7917 (89.6301)  Acc@5: 100.0000 (99.6727)LR: 1.841e-02
2024-11-18 08:39:23,296 -                train: [    INFO] - Train: 206 [ 520/520]  Loss: 0.3973 (0.434)  Acc@1: 90.0000 (89.6380)  Acc@5: 100.0000 (99.6780)LR: 1.841e-02
2024-11-18 08:39:23,610 -                train: [    INFO] - Valid: 206 [   0/104]  Loss: 0.2543 (0.254)  Acc@1: 87.5000 (87.5000)  Acc@5: 100.0000 (100.0000)
2024-11-18 08:39:28,933 -                train: [    INFO] - Valid: 206 [ 104/104]  Loss: 0.5429 (0.235)  Acc@1: 93.7500 (92.3000)  Acc@5: 100.0000 (99.8100)
2024-11-18 08:39:28,970 -                train: [    INFO] - valid_acc 92.300002 - best_valid_acc 93.270002
2024-11-18 08:39:29,510 -                train: [    INFO] - Train: 207 [   0/520]  Loss: 0.3779 (0.378)  Acc@1: 89.5833 (89.5833)  Acc@5: 98.9583 (98.9583)LR: 1.835e-02
2024-11-18 08:40:14,559 -                train: [    INFO] - Train: 207 [ 200/520]  Loss: 0.4032 (0.440)  Acc@1: 87.5000 (89.5833)  Acc@5: 100.0000 (99.6891)LR: 1.835e-02
2024-11-18 08:40:59,367 -                train: [    INFO] - Train: 207 [ 400/520]  Loss: 0.4341 (0.443)  Acc@1: 90.6250 (89.4197)  Acc@5: 100.0000 (99.6311)LR: 1.835e-02
2024-11-18 08:41:26,189 -                train: [    INFO] - Train: 207 [ 520/520]  Loss: 0.3301 (0.441)  Acc@1: 92.5000 (89.5060)  Acc@5: 98.7500 (99.6340)LR: 1.835e-02
2024-11-18 08:41:26,488 -                train: [    INFO] - Valid: 207 [   0/104]  Loss: 0.2181 (0.218)  Acc@1: 94.7917 (94.7917)  Acc@5: 100.0000 (100.0000)
2024-11-18 08:41:31,773 -                train: [    INFO] - Valid: 207 [ 104/104]  Loss: 0.4854 (0.233)  Acc@1: 93.7500 (92.5100)  Acc@5: 100.0000 (99.8600)
2024-11-18 08:41:32,459 -                train: [    INFO] - valid_acc 92.510002 - best_valid_acc 93.270002
2024-11-18 08:41:32,908 -                train: [    INFO] - Train: 208 [   0/520]  Loss: 0.2747 (0.275)  Acc@1: 94.7917 (94.7917)  Acc@5: 100.0000 (100.0000)LR: 1.829e-02
2024-11-18 08:42:17,619 -                train: [    INFO] - Train: 208 [ 200/520]  Loss: 0.3312 (0.430)  Acc@1: 91.6667 (89.5678)  Acc@5: 100.0000 (99.6217)LR: 1.829e-02
2024-11-18 08:43:02,965 -                train: [    INFO] - Train: 208 [ 400/520]  Loss: 0.3572 (0.436)  Acc@1: 92.7083 (89.3937)  Acc@5: 100.0000 (99.6337)LR: 1.829e-02
2024-11-18 08:43:30,372 -                train: [    INFO] - Train: 208 [ 520/520]  Loss: 0.4125 (0.435)  Acc@1: 86.2500 (89.5100)  Acc@5: 100.0000 (99.6300)LR: 1.829e-02
2024-11-18 08:43:30,697 -                train: [    INFO] - Valid: 208 [   0/104]  Loss: 0.3424 (0.342)  Acc@1: 89.5833 (89.5833)  Acc@5: 100.0000 (100.0000)
2024-11-18 08:43:36,145 -                train: [    INFO] - Valid: 208 [ 104/104]  Loss: 0.2439 (0.268)  Acc@1: 87.5000 (91.3700)  Acc@5: 100.0000 (99.7900)
2024-11-18 08:43:36,185 -                train: [    INFO] - valid_acc 91.370002 - best_valid_acc 93.270002
2024-11-18 08:43:36,644 -                train: [    INFO] - Train: 209 [   0/520]  Loss: 0.5920 (0.592)  Acc@1: 86.4583 (86.4583)  Acc@5: 100.0000 (100.0000)LR: 1.823e-02
2024-11-18 08:44:21,547 -                train: [    INFO] - Train: 209 [ 200/520]  Loss: 0.4019 (0.438)  Acc@1: 91.6667 (89.3812)  Acc@5: 100.0000 (99.6528)LR: 1.823e-02
2024-11-18 08:45:07,305 -                train: [    INFO] - Train: 209 [ 400/520]  Loss: 0.3215 (0.442)  Acc@1: 91.6667 (89.3418)  Acc@5: 100.0000 (99.6233)LR: 1.823e-02
2024-11-18 08:45:34,920 -                train: [    INFO] - Train: 209 [ 520/520]  Loss: 0.5507 (0.444)  Acc@1: 86.2500 (89.4200)  Acc@5: 97.5000 (99.6200)LR: 1.823e-02
2024-11-18 08:45:35,210 -                train: [    INFO] - Valid: 209 [   0/104]  Loss: 0.2543 (0.254)  Acc@1: 90.6250 (90.6250)  Acc@5: 100.0000 (100.0000)
2024-11-18 08:45:40,629 -                train: [    INFO] - Valid: 209 [ 104/104]  Loss: 0.1307 (0.228)  Acc@1: 93.7500 (92.4200)  Acc@5: 100.0000 (99.7900)
2024-11-18 08:45:40,675 -                train: [    INFO] - valid_acc 92.420002 - best_valid_acc 93.270002
2024-11-18 08:45:41,189 -                train: [    INFO] - Train: 210 [   0/520]  Loss: 0.3554 (0.355)  Acc@1: 92.7083 (92.7083)  Acc@5: 100.0000 (100.0000)LR: 1.817e-02
2024-11-18 08:46:26,435 -                train: [    INFO] - Train: 210 [ 200/520]  Loss: 0.4356 (0.423)  Acc@1: 92.7083 (89.9306)  Acc@5: 100.0000 (99.6424)LR: 1.817e-02
2024-11-18 08:47:11,267 -                train: [    INFO] - Train: 210 [ 400/520]  Loss: 0.4820 (0.435)  Acc@1: 86.4583 (89.5989)  Acc@5: 97.9167 (99.6337)LR: 1.817e-02
2024-11-18 08:47:37,907 -                train: [    INFO] - Train: 210 [ 520/520]  Loss: 0.3474 (0.437)  Acc@1: 93.7500 (89.5300)  Acc@5: 100.0000 (99.6440)LR: 1.817e-02
2024-11-18 08:47:39,176 -                train: [    INFO] - Valid: 210 [   0/104]  Loss: 0.2535 (0.254)  Acc@1: 94.7917 (94.7917)  Acc@5: 100.0000 (100.0000)
2024-11-18 08:47:44,460 -                train: [    INFO] - Valid: 210 [ 104/104]  Loss: 0.06687 (0.258)  Acc@1: 100.0000 (91.9800)  Acc@5: 100.0000 (99.7600)
2024-11-18 08:47:44,508 -                train: [    INFO] - valid_acc 91.980002 - best_valid_acc 93.270002
2024-11-18 08:47:44,941 -                train: [    INFO] - Train: 211 [   0/520]  Loss: 0.4721 (0.472)  Acc@1: 83.3333 (83.3333)  Acc@5: 100.0000 (100.0000)LR: 1.812e-02
2024-11-18 08:48:29,480 -                train: [    INFO] - Train: 211 [ 200/520]  Loss: 0.3776 (0.432)  Acc@1: 90.6250 (89.7284)  Acc@5: 100.0000 (99.6424)LR: 1.812e-02
2024-11-18 08:49:13,837 -                train: [    INFO] - Train: 211 [ 400/520]  Loss: 0.4000 (0.433)  Acc@1: 89.5833 (89.7730)  Acc@5: 100.0000 (99.6285)LR: 1.812e-02
2024-11-18 08:49:40,354 -                train: [    INFO] - Train: 211 [ 520/520]  Loss: 0.5997 (0.437)  Acc@1: 85.0000 (89.6180)  Acc@5: 98.7500 (99.6160)LR: 1.812e-02
2024-11-18 08:49:40,602 -                train: [    INFO] - Valid: 211 [   0/104]  Loss: 0.2559 (0.256)  Acc@1: 92.7083 (92.7083)  Acc@5: 100.0000 (100.0000)
2024-11-18 08:49:45,893 -                train: [    INFO] - Valid: 211 [ 104/104]  Loss: 0.2128 (0.213)  Acc@1: 87.5000 (93.1600)  Acc@5: 100.0000 (99.7700)
2024-11-18 08:49:45,926 -                train: [    INFO] - valid_acc 93.160002 - best_valid_acc 93.270002
2024-11-18 08:49:46,395 -                train: [    INFO] - Train: 212 [   0/520]  Loss: 0.4356 (0.436)  Acc@1: 91.6667 (91.6667)  Acc@5: 98.9583 (98.9583)LR: 1.806e-02
2024-11-18 08:50:31,424 -                train: [    INFO] - Train: 212 [ 200/520]  Loss: 0.4643 (0.436)  Acc@1: 90.6250 (89.7544)  Acc@5: 100.0000 (99.6891)LR: 1.806e-02
2024-11-18 08:51:16,789 -                train: [    INFO] - Train: 212 [ 400/520]  Loss: 0.4270 (0.433)  Acc@1: 89.5833 (89.8275)  Acc@5: 100.0000 (99.6493)LR: 1.806e-02
2024-11-18 08:51:44,041 -                train: [    INFO] - Train: 212 [ 520/520]  Loss: 0.4552 (0.434)  Acc@1: 88.7500 (89.7640)  Acc@5: 100.0000 (99.6400)LR: 1.806e-02
2024-11-18 08:51:44,376 -                train: [    INFO] - Valid: 212 [   0/104]  Loss: 0.2918 (0.292)  Acc@1: 92.7083 (92.7083)  Acc@5: 100.0000 (100.0000)
2024-11-18 08:51:49,772 -                train: [    INFO] - Valid: 212 [ 104/104]  Loss: 0.3545 (0.281)  Acc@1: 87.5000 (91.3300)  Acc@5: 100.0000 (99.6700)
2024-11-18 08:51:49,859 -                train: [    INFO] - valid_acc 91.330002 - best_valid_acc 93.270002
2024-11-18 08:51:50,304 -                train: [    INFO] - Train: 213 [   0/520]  Loss: 0.4604 (0.460)  Acc@1: 88.5417 (88.5417)  Acc@5: 100.0000 (100.0000)LR: 1.800e-02
2024-11-18 08:52:35,758 -                train: [    INFO] - Train: 213 [ 200/520]  Loss: 0.6420 (0.435)  Acc@1: 85.4167 (89.4849)  Acc@5: 98.9583 (99.6891)LR: 1.800e-02
2024-11-18 08:53:20,969 -                train: [    INFO] - Train: 213 [ 400/520]  Loss: 0.4574 (0.439)  Acc@1: 87.5000 (89.3599)  Acc@5: 100.0000 (99.6571)LR: 1.800e-02
2024-11-18 08:53:47,987 -                train: [    INFO] - Train: 213 [ 520/520]  Loss: 0.4510 (0.443)  Acc@1: 87.5000 (89.3760)  Acc@5: 100.0000 (99.6300)LR: 1.800e-02
2024-11-18 08:53:48,254 -                train: [    INFO] - Valid: 213 [   0/104]  Loss: 0.4186 (0.419)  Acc@1: 91.6667 (91.6667)  Acc@5: 100.0000 (100.0000)
2024-11-18 08:53:53,563 -                train: [    INFO] - Valid: 213 [ 104/104]  Loss: 0.4771 (0.245)  Acc@1: 81.2500 (92.2200)  Acc@5: 100.0000 (99.8000)
2024-11-18 08:53:53,623 -                train: [    INFO] - valid_acc 92.220003 - best_valid_acc 93.270002
2024-11-18 08:53:54,056 -                train: [    INFO] - Train: 214 [   0/520]  Loss: 0.5286 (0.529)  Acc@1: 85.4167 (85.4167)  Acc@5: 100.0000 (100.0000)LR: 1.794e-02
2024-11-18 08:54:40,393 -                train: [    INFO] - Train: 214 [ 200/520]  Loss: 0.6806 (0.436)  Acc@1: 83.3333 (89.5471)  Acc@5: 97.9167 (99.7201)LR: 1.794e-02
2024-11-18 08:55:25,766 -                train: [    INFO] - Train: 214 [ 400/520]  Loss: 0.3577 (0.439)  Acc@1: 90.6250 (89.4353)  Acc@5: 100.0000 (99.6415)LR: 1.794e-02
2024-11-18 08:55:53,116 -                train: [    INFO] - Train: 214 [ 520/520]  Loss: 0.3372 (0.437)  Acc@1: 88.7500 (89.5340)  Acc@5: 100.0000 (99.6380)LR: 1.794e-02
2024-11-18 08:55:53,420 -                train: [    INFO] - Valid: 214 [   0/104]  Loss: 0.2598 (0.260)  Acc@1: 89.5833 (89.5833)  Acc@5: 100.0000 (100.0000)
2024-11-18 08:55:58,794 -                train: [    INFO] - Valid: 214 [ 104/104]  Loss: 0.4416 (0.234)  Acc@1: 93.7500 (92.0800)  Acc@5: 100.0000 (99.8900)
2024-11-18 08:55:58,834 -                train: [    INFO] - valid_acc 92.080003 - best_valid_acc 93.270002
2024-11-18 08:55:59,373 -                train: [    INFO] - Train: 215 [   0/520]  Loss: 0.4364 (0.436)  Acc@1: 91.6667 (91.6667)  Acc@5: 100.0000 (100.0000)LR: 1.788e-02
2024-11-18 08:56:46,757 -                train: [    INFO] - Train: 215 [ 200/520]  Loss: 0.3524 (0.444)  Acc@1: 91.6667 (89.2931)  Acc@5: 100.0000 (99.6010)LR: 1.788e-02
2024-11-18 08:57:31,776 -                train: [    INFO] - Train: 215 [ 400/520]  Loss: 0.3735 (0.436)  Acc@1: 90.6250 (89.4249)  Acc@5: 100.0000 (99.6389)LR: 1.788e-02
2024-11-18 08:57:59,209 -                train: [    INFO] - Train: 215 [ 520/520]  Loss: 0.3018 (0.437)  Acc@1: 95.0000 (89.4360)  Acc@5: 100.0000 (99.6240)LR: 1.788e-02
2024-11-18 08:57:59,489 -                train: [    INFO] - Valid: 215 [   0/104]  Loss: 0.2406 (0.241)  Acc@1: 94.7917 (94.7917)  Acc@5: 100.0000 (100.0000)
2024-11-18 08:58:04,933 -                train: [    INFO] - Valid: 215 [ 104/104]  Loss: 0.5147 (0.253)  Acc@1: 81.2500 (91.7700)  Acc@5: 100.0000 (99.8700)
2024-11-18 08:58:04,980 -                train: [    INFO] - valid_acc 91.770003 - best_valid_acc 93.270002
2024-11-18 08:58:05,509 -                train: [    INFO] - Train: 216 [   0/520]  Loss: 0.3218 (0.322)  Acc@1: 91.6667 (91.6667)  Acc@5: 100.0000 (100.0000)LR: 1.782e-02
2024-11-18 08:58:50,495 -                train: [    INFO] - Train: 216 [ 200/520]  Loss: 0.5123 (0.416)  Acc@1: 88.5417 (90.1016)  Acc@5: 100.0000 (99.6061)LR: 1.782e-02
2024-11-18 08:59:35,263 -                train: [    INFO] - Train: 216 [ 400/520]  Loss: 0.6461 (0.427)  Acc@1: 81.2500 (89.8977)  Acc@5: 100.0000 (99.5948)LR: 1.782e-02
2024-11-18 09:00:02,120 -                train: [    INFO] - Train: 216 [ 520/520]  Loss: 0.4638 (0.432)  Acc@1: 91.2500 (89.7480)  Acc@5: 100.0000 (99.5840)LR: 1.782e-02
2024-11-18 09:00:02,370 -                train: [    INFO] - Valid: 216 [   0/104]  Loss: 0.3049 (0.305)  Acc@1: 90.6250 (90.6250)  Acc@5: 100.0000 (100.0000)
2024-11-18 09:00:07,714 -                train: [    INFO] - Valid: 216 [ 104/104]  Loss: 0.5030 (0.254)  Acc@1: 87.5000 (91.5100)  Acc@5: 100.0000 (99.7400)
2024-11-18 09:00:07,821 -                train: [    INFO] - valid_acc 91.510002 - best_valid_acc 93.270002
2024-11-18 09:00:08,288 -                train: [    INFO] - Train: 217 [   0/520]  Loss: 0.4817 (0.482)  Acc@1: 90.6250 (90.6250)  Acc@5: 98.9583 (98.9583)LR: 1.776e-02
2024-11-18 09:00:53,125 -                train: [    INFO] - Train: 217 [ 200/520]  Loss: 0.4296 (0.429)  Acc@1: 90.6250 (89.9565)  Acc@5: 100.0000 (99.5854)LR: 1.776e-02
2024-11-18 09:01:37,996 -                train: [    INFO] - Train: 217 [ 400/520]  Loss: 0.2271 (0.436)  Acc@1: 95.8333 (89.8093)  Acc@5: 100.0000 (99.5688)LR: 1.776e-02
2024-11-18 09:02:05,121 -                train: [    INFO] - Train: 217 [ 520/520]  Loss: 0.5473 (0.436)  Acc@1: 86.2500 (89.7540)  Acc@5: 98.7500 (99.5860)LR: 1.776e-02
2024-11-18 09:02:05,398 -                train: [    INFO] - Valid: 217 [   0/104]  Loss: 0.1890 (0.189)  Acc@1: 91.6667 (91.6667)  Acc@5: 98.9583 (98.9583)
2024-11-18 09:02:10,742 -                train: [    INFO] - Valid: 217 [ 104/104]  Loss: 0.09892 (0.240)  Acc@1: 93.7500 (92.3600)  Acc@5: 100.0000 (99.8000)
2024-11-18 09:02:10,791 -                train: [    INFO] - valid_acc 92.360002 - best_valid_acc 93.270002
2024-11-18 09:02:11,209 -                train: [    INFO] - Train: 218 [   0/520]  Loss: 0.4368 (0.437)  Acc@1: 89.5833 (89.5833)  Acc@5: 97.9167 (97.9167)LR: 1.770e-02
2024-11-18 09:02:56,489 -                train: [    INFO] - Train: 218 [ 200/520]  Loss: 0.4559 (0.423)  Acc@1: 89.5833 (90.0964)  Acc@5: 98.9583 (99.6372)LR: 1.770e-02
2024-11-18 09:03:41,780 -                train: [    INFO] - Train: 218 [ 400/520]  Loss: 0.7458 (0.430)  Acc@1: 81.2500 (89.7963)  Acc@5: 98.9583 (99.6207)LR: 1.770e-02
2024-11-18 09:04:08,684 -                train: [    INFO] - Train: 218 [ 520/520]  Loss: 0.3202 (0.430)  Acc@1: 92.5000 (89.7280)  Acc@5: 100.0000 (99.6520)LR: 1.770e-02
2024-11-18 09:04:08,969 -                train: [    INFO] - Valid: 218 [   0/104]  Loss: 0.2227 (0.223)  Acc@1: 92.7083 (92.7083)  Acc@5: 100.0000 (100.0000)
2024-11-18 09:04:14,366 -                train: [    INFO] - Valid: 218 [ 104/104]  Loss: 0.6776 (0.256)  Acc@1: 87.5000 (92.1300)  Acc@5: 100.0000 (99.6900)
2024-11-18 09:04:14,399 -                train: [    INFO] - valid_acc 92.130002 - best_valid_acc 93.270002
2024-11-18 09:04:14,825 -                train: [    INFO] - Train: 219 [   0/520]  Loss: 0.3632 (0.363)  Acc@1: 89.5833 (89.5833)  Acc@5: 100.0000 (100.0000)LR: 1.764e-02
2024-11-18 09:04:59,791 -                train: [    INFO] - Train: 219 [ 200/520]  Loss: 0.2829 (0.422)  Acc@1: 92.7083 (89.9150)  Acc@5: 100.0000 (99.6683)LR: 1.764e-02
2024-11-18 09:05:44,551 -                train: [    INFO] - Train: 219 [ 400/520]  Loss: 0.3978 (0.434)  Acc@1: 89.5833 (89.6275)  Acc@5: 98.9583 (99.6415)LR: 1.764e-02
2024-11-18 09:06:11,853 -                train: [    INFO] - Train: 219 [ 520/520]  Loss: 0.5644 (0.432)  Acc@1: 88.7500 (89.7140)  Acc@5: 100.0000 (99.6440)LR: 1.764e-02
2024-11-18 09:06:12,217 -                train: [    INFO] - Valid: 219 [   0/104]  Loss: 0.2747 (0.275)  Acc@1: 93.7500 (93.7500)  Acc@5: 100.0000 (100.0000)
2024-11-18 09:06:17,652 -                train: [    INFO] - Valid: 219 [ 104/104]  Loss: 0.5662 (0.275)  Acc@1: 81.2500 (91.3600)  Acc@5: 100.0000 (99.7300)
2024-11-18 09:06:17,700 -                train: [    INFO] - valid_acc 91.360002 - best_valid_acc 93.270002
2024-11-18 09:06:18,250 -                train: [    INFO] - Train: 220 [   0/520]  Loss: 0.3066 (0.307)  Acc@1: 92.7083 (92.7083)  Acc@5: 100.0000 (100.0000)LR: 1.758e-02
2024-11-18 09:07:04,291 -                train: [    INFO] - Train: 220 [ 200/520]  Loss: 0.5393 (0.419)  Acc@1: 85.4167 (90.1068)  Acc@5: 100.0000 (99.6994)LR: 1.758e-02
2024-11-18 09:07:49,511 -                train: [    INFO] - Train: 220 [ 400/520]  Loss: 0.5014 (0.430)  Acc@1: 88.5417 (89.8327)  Acc@5: 98.9583 (99.6727)LR: 1.758e-02
2024-11-18 09:08:16,718 -                train: [    INFO] - Train: 220 [ 520/520]  Loss: 0.4186 (0.430)  Acc@1: 90.0000 (89.8180)  Acc@5: 100.0000 (99.6560)LR: 1.758e-02
2024-11-18 09:08:16,996 -                train: [    INFO] - Valid: 220 [   0/104]  Loss: 0.2185 (0.219)  Acc@1: 91.6667 (91.6667)  Acc@5: 100.0000 (100.0000)
2024-11-18 09:08:22,318 -                train: [    INFO] - Valid: 220 [ 104/104]  Loss: 0.3996 (0.216)  Acc@1: 93.7500 (92.7700)  Acc@5: 100.0000 (99.8000)
2024-11-18 09:08:22,359 -                train: [    INFO] - valid_acc 92.770003 - best_valid_acc 93.270002
2024-11-18 09:08:22,797 -                train: [    INFO] - Train: 221 [   0/520]  Loss: 0.4477 (0.448)  Acc@1: 86.4583 (86.4583)  Acc@5: 100.0000 (100.0000)LR: 1.752e-02
2024-11-18 09:09:08,377 -                train: [    INFO] - Train: 221 [ 200/520]  Loss: 0.4443 (0.421)  Acc@1: 88.5417 (89.8891)  Acc@5: 100.0000 (99.6269)LR: 1.752e-02
2024-11-18 09:09:53,950 -                train: [    INFO] - Train: 221 [ 400/520]  Loss: 0.6359 (0.430)  Acc@1: 85.4167 (89.6275)  Acc@5: 98.9583 (99.6104)LR: 1.752e-02
2024-11-18 09:10:21,027 -                train: [    INFO] - Train: 221 [ 520/520]  Loss: 0.2329 (0.434)  Acc@1: 95.0000 (89.5380)  Acc@5: 100.0000 (99.6220)LR: 1.752e-02
2024-11-18 09:10:21,261 -                train: [    INFO] - Valid: 221 [   0/104]  Loss: 0.1546 (0.155)  Acc@1: 95.8333 (95.8333)  Acc@5: 100.0000 (100.0000)
2024-11-18 09:10:26,596 -                train: [    INFO] - Valid: 221 [ 104/104]  Loss: 0.1739 (0.227)  Acc@1: 93.7500 (92.6000)  Acc@5: 100.0000 (99.8000)
2024-11-18 09:10:26,659 -                train: [    INFO] - valid_acc 92.600003 - best_valid_acc 93.270002
2024-11-18 09:10:27,115 -                train: [    INFO] - Train: 222 [   0/520]  Loss: 0.5183 (0.518)  Acc@1: 83.3333 (83.3333)  Acc@5: 100.0000 (100.0000)LR: 1.746e-02
2024-11-18 09:11:12,765 -                train: [    INFO] - Train: 222 [ 200/520]  Loss: 0.5704 (0.422)  Acc@1: 87.5000 (89.9876)  Acc@5: 98.9583 (99.6683)LR: 1.746e-02
2024-11-18 09:11:57,720 -                train: [    INFO] - Train: 222 [ 400/520]  Loss: 0.5094 (0.431)  Acc@1: 89.5833 (89.7652)  Acc@5: 100.0000 (99.6779)LR: 1.746e-02
2024-11-18 09:12:24,318 -                train: [    INFO] - Train: 222 [ 520/520]  Loss: 0.5609 (0.432)  Acc@1: 83.7500 (89.7220)  Acc@5: 100.0000 (99.6700)LR: 1.746e-02
2024-11-18 09:12:24,602 -                train: [    INFO] - Valid: 222 [   0/104]  Loss: 0.3578 (0.358)  Acc@1: 88.5417 (88.5417)  Acc@5: 100.0000 (100.0000)
2024-11-18 09:12:29,875 -                train: [    INFO] - Valid: 222 [ 104/104]  Loss: 0.4584 (0.233)  Acc@1: 93.7500 (92.4100)  Acc@5: 100.0000 (99.8300)
2024-11-18 09:12:29,913 -                train: [    INFO] - valid_acc 92.410002 - best_valid_acc 93.270002
2024-11-18 09:12:30,345 -                train: [    INFO] - Train: 223 [   0/520]  Loss: 0.3041 (0.304)  Acc@1: 93.7500 (93.7500)  Acc@5: 100.0000 (100.0000)LR: 1.740e-02
2024-11-18 09:13:15,244 -                train: [    INFO] - Train: 223 [ 200/520]  Loss: 0.3321 (0.417)  Acc@1: 91.6667 (90.2208)  Acc@5: 98.9583 (99.6787)LR: 1.740e-02
2024-11-18 09:14:00,739 -                train: [    INFO] - Train: 223 [ 400/520]  Loss: 0.4364 (0.426)  Acc@1: 90.6250 (89.7834)  Acc@5: 100.0000 (99.6779)LR: 1.740e-02
2024-11-18 09:14:27,605 -                train: [    INFO] - Train: 223 [ 520/520]  Loss: 0.5438 (0.429)  Acc@1: 87.5000 (89.7680)  Acc@5: 98.7500 (99.6620)LR: 1.740e-02
2024-11-18 09:14:27,890 -                train: [    INFO] - Valid: 223 [   0/104]  Loss: 0.2346 (0.235)  Acc@1: 92.7083 (92.7083)  Acc@5: 100.0000 (100.0000)
2024-11-18 09:14:33,207 -                train: [    INFO] - Valid: 223 [ 104/104]  Loss: 0.7123 (0.269)  Acc@1: 81.2500 (91.1300)  Acc@5: 93.7500 (99.7400)
2024-11-18 09:14:33,236 -                train: [    INFO] - valid_acc 91.130003 - best_valid_acc 93.270002
2024-11-18 09:14:33,699 -                train: [    INFO] - Train: 224 [   0/520]  Loss: 0.5017 (0.502)  Acc@1: 86.4583 (86.4583)  Acc@5: 100.0000 (100.0000)LR: 1.734e-02
2024-11-18 09:15:18,747 -                train: [    INFO] - Train: 224 [ 200/520]  Loss: 0.3705 (0.429)  Acc@1: 88.5417 (89.9927)  Acc@5: 98.9583 (99.6320)LR: 1.734e-02
2024-11-18 09:16:03,658 -                train: [    INFO] - Train: 224 [ 400/520]  Loss: 0.4960 (0.430)  Acc@1: 88.5417 (89.8743)  Acc@5: 98.9583 (99.6363)LR: 1.734e-02
2024-11-18 09:16:30,916 -                train: [    INFO] - Train: 224 [ 520/520]  Loss: 0.4896 (0.434)  Acc@1: 87.5000 (89.7420)  Acc@5: 100.0000 (99.6260)LR: 1.734e-02
2024-11-18 09:16:31,194 -                train: [    INFO] - Valid: 224 [   0/104]  Loss: 0.3286 (0.329)  Acc@1: 91.6667 (91.6667)  Acc@5: 100.0000 (100.0000)
2024-11-18 09:16:36,556 -                train: [    INFO] - Valid: 224 [ 104/104]  Loss: 0.2714 (0.243)  Acc@1: 93.7500 (92.0500)  Acc@5: 100.0000 (99.7900)
2024-11-18 09:16:36,593 -                train: [    INFO] - valid_acc 92.050003 - best_valid_acc 93.270002
2024-11-18 09:16:37,122 -                train: [    INFO] - Train: 225 [   0/520]  Loss: 0.3139 (0.314)  Acc@1: 95.8333 (95.8333)  Acc@5: 100.0000 (100.0000)LR: 1.728e-02
2024-11-18 09:17:24,056 -                train: [    INFO] - Train: 225 [ 200/520]  Loss: 0.2696 (0.427)  Acc@1: 91.6667 (89.6455)  Acc@5: 100.0000 (99.6580)LR: 1.728e-02
2024-11-18 09:18:09,334 -                train: [    INFO] - Train: 225 [ 400/520]  Loss: 0.2719 (0.430)  Acc@1: 95.8333 (89.6743)  Acc@5: 100.0000 (99.6701)LR: 1.728e-02
2024-11-18 09:18:36,249 -                train: [    INFO] - Train: 225 [ 520/520]  Loss: 0.3703 (0.426)  Acc@1: 88.7500 (89.8280)  Acc@5: 100.0000 (99.6740)LR: 1.728e-02
2024-11-18 09:18:37,071 -                train: [    INFO] - Valid: 225 [   0/104]  Loss: 0.3065 (0.306)  Acc@1: 91.6667 (91.6667)  Acc@5: 100.0000 (100.0000)
2024-11-18 09:18:42,423 -                train: [    INFO] - Valid: 225 [ 104/104]  Loss: 0.3417 (0.227)  Acc@1: 87.5000 (92.6900)  Acc@5: 100.0000 (99.7400)
2024-11-18 09:18:42,455 -                train: [    INFO] - valid_acc 92.690003 - best_valid_acc 93.270002
2024-11-18 09:18:42,893 -                train: [    INFO] - Train: 226 [   0/520]  Loss: 0.4341 (0.434)  Acc@1: 92.7083 (92.7083)  Acc@5: 100.0000 (100.0000)LR: 1.722e-02
2024-11-18 09:19:28,248 -                train: [    INFO] - Train: 226 [ 200/520]  Loss: 0.4684 (0.415)  Acc@1: 85.4167 (90.2311)  Acc@5: 100.0000 (99.6217)LR: 1.722e-02
2024-11-18 09:20:13,119 -                train: [    INFO] - Train: 226 [ 400/520]  Loss: 0.3877 (0.424)  Acc@1: 91.6667 (90.0509)  Acc@5: 100.0000 (99.6207)LR: 1.722e-02
2024-11-18 09:20:40,018 -                train: [    INFO] - Train: 226 [ 520/520]  Loss: 0.3294 (0.427)  Acc@1: 88.7500 (89.9420)  Acc@5: 100.0000 (99.6400)LR: 1.722e-02
2024-11-18 09:20:41,597 -                train: [    INFO] - Valid: 226 [   0/104]  Loss: 0.2436 (0.244)  Acc@1: 90.6250 (90.6250)  Acc@5: 98.9583 (98.9583)
2024-11-18 09:20:46,916 -                train: [    INFO] - Valid: 226 [ 104/104]  Loss: 0.04414 (0.259)  Acc@1: 100.0000 (91.8200)  Acc@5: 100.0000 (99.6900)
2024-11-18 09:20:46,949 -                train: [    INFO] - valid_acc 91.820002 - best_valid_acc 93.270002
2024-11-18 09:20:47,379 -                train: [    INFO] - Train: 227 [   0/520]  Loss: 0.6091 (0.609)  Acc@1: 89.5833 (89.5833)  Acc@5: 100.0000 (100.0000)LR: 1.716e-02
2024-11-18 09:21:32,195 -                train: [    INFO] - Train: 227 [ 200/520]  Loss: 0.5283 (0.414)  Acc@1: 90.6250 (90.0653)  Acc@5: 98.9583 (99.7201)LR: 1.716e-02
2024-11-18 09:22:16,532 -                train: [    INFO] - Train: 227 [ 400/520]  Loss: 0.4951 (0.421)  Acc@1: 88.5417 (90.0327)  Acc@5: 100.0000 (99.6857)LR: 1.716e-02
2024-11-18 09:22:43,200 -                train: [    INFO] - Train: 227 [ 520/520]  Loss: 0.4501 (0.426)  Acc@1: 92.5000 (89.9180)  Acc@5: 100.0000 (99.6560)LR: 1.716e-02
2024-11-18 09:22:43,504 -                train: [    INFO] - Valid: 227 [   0/104]  Loss: 0.2599 (0.260)  Acc@1: 91.6667 (91.6667)  Acc@5: 100.0000 (100.0000)
2024-11-18 09:22:48,810 -                train: [    INFO] - Valid: 227 [ 104/104]  Loss: 0.5238 (0.273)  Acc@1: 81.2500 (91.2300)  Acc@5: 100.0000 (99.6700)
2024-11-18 09:22:48,861 -                train: [    INFO] - valid_acc 91.230003 - best_valid_acc 93.270002
2024-11-18 09:22:49,334 -                train: [    INFO] - Train: 228 [   0/520]  Loss: 0.5459 (0.546)  Acc@1: 87.5000 (87.5000)  Acc@5: 97.9167 (97.9167)LR: 1.710e-02
2024-11-18 09:23:35,029 -                train: [    INFO] - Train: 228 [ 200/520]  Loss: 0.2975 (0.418)  Acc@1: 95.8333 (90.1119)  Acc@5: 100.0000 (99.6424)LR: 1.710e-02
2024-11-18 09:24:21,077 -                train: [    INFO] - Train: 228 [ 400/520]  Loss: 0.6267 (0.426)  Acc@1: 87.5000 (89.9262)  Acc@5: 100.0000 (99.6597)LR: 1.710e-02
2024-11-18 09:24:48,591 -                train: [    INFO] - Train: 228 [ 520/520]  Loss: 0.3591 (0.428)  Acc@1: 91.2500 (89.8460)  Acc@5: 100.0000 (99.6720)LR: 1.710e-02
2024-11-18 09:24:48,851 -                train: [    INFO] - Valid: 228 [   0/104]  Loss: 0.2456 (0.246)  Acc@1: 92.7083 (92.7083)  Acc@5: 100.0000 (100.0000)
2024-11-18 09:24:54,214 -                train: [    INFO] - Valid: 228 [ 104/104]  Loss: 0.2396 (0.300)  Acc@1: 87.5000 (90.4300)  Acc@5: 100.0000 (99.7200)
2024-11-18 09:24:54,296 -                train: [    INFO] - valid_acc 90.430002 - best_valid_acc 93.270002
2024-11-18 09:24:54,741 -                train: [    INFO] - Train: 229 [   0/520]  Loss: 0.3545 (0.354)  Acc@1: 93.7500 (93.7500)  Acc@5: 98.9583 (98.9583)LR: 1.704e-02
2024-11-18 09:25:39,555 -                train: [    INFO] - Train: 229 [ 200/520]  Loss: 0.4132 (0.415)  Acc@1: 87.5000 (90.2726)  Acc@5: 100.0000 (99.6269)LR: 1.704e-02
2024-11-18 09:26:24,483 -                train: [    INFO] - Train: 229 [ 400/520]  Loss: 0.4174 (0.425)  Acc@1: 88.5417 (89.9704)  Acc@5: 100.0000 (99.6389)LR: 1.704e-02
2024-11-18 09:26:52,000 -                train: [    INFO] - Train: 229 [ 520/520]  Loss: 0.4249 (0.424)  Acc@1: 87.5000 (89.9740)  Acc@5: 100.0000 (99.6260)LR: 1.704e-02
2024-11-18 09:26:52,317 -                train: [    INFO] - Valid: 229 [   0/104]  Loss: 0.2416 (0.242)  Acc@1: 90.6250 (90.6250)  Acc@5: 100.0000 (100.0000)
2024-11-18 09:26:57,660 -                train: [    INFO] - Valid: 229 [ 104/104]  Loss: 0.3749 (0.240)  Acc@1: 93.7500 (92.4100)  Acc@5: 100.0000 (99.7800)
2024-11-18 09:26:57,701 -                train: [    INFO] - valid_acc 92.410003 - best_valid_acc 93.270002
2024-11-18 09:26:58,201 -                train: [    INFO] - Train: 230 [   0/520]  Loss: 0.2812 (0.281)  Acc@1: 91.6667 (91.6667)  Acc@5: 100.0000 (100.0000)LR: 1.698e-02
2024-11-18 09:27:43,540 -                train: [    INFO] - Train: 230 [ 200/520]  Loss: 0.3722 (0.398)  Acc@1: 90.6250 (90.5214)  Acc@5: 100.0000 (99.6994)LR: 1.698e-02
2024-11-18 09:28:28,123 -                train: [    INFO] - Train: 230 [ 400/520]  Loss: 0.4479 (0.420)  Acc@1: 88.5417 (90.0171)  Acc@5: 100.0000 (99.6701)LR: 1.698e-02
2024-11-18 09:28:54,796 -                train: [    INFO] - Train: 230 [ 520/520]  Loss: 0.5878 (0.427)  Acc@1: 85.0000 (89.8200)  Acc@5: 98.7500 (99.6620)LR: 1.698e-02
2024-11-18 09:28:55,136 -                train: [    INFO] - Valid: 230 [   0/104]  Loss: 0.2897 (0.290)  Acc@1: 88.5417 (88.5417)  Acc@5: 100.0000 (100.0000)
2024-11-18 09:29:00,472 -                train: [    INFO] - Valid: 230 [ 104/104]  Loss: 0.4422 (0.267)  Acc@1: 81.2500 (91.5000)  Acc@5: 100.0000 (99.6000)
2024-11-18 09:29:00,512 -                train: [    INFO] - valid_acc 91.500003 - best_valid_acc 93.270002
2024-11-18 09:29:00,951 -                train: [    INFO] - Train: 231 [   0/520]  Loss: 0.3999 (0.400)  Acc@1: 89.5833 (89.5833)  Acc@5: 100.0000 (100.0000)LR: 1.692e-02
2024-11-18 09:29:45,572 -                train: [    INFO] - Train: 231 [ 200/520]  Loss: 0.4350 (0.406)  Acc@1: 88.5417 (90.3296)  Acc@5: 100.0000 (99.7305)LR: 1.692e-02
2024-11-18 09:30:30,119 -                train: [    INFO] - Train: 231 [ 400/520]  Loss: 0.3306 (0.414)  Acc@1: 92.7083 (90.1912)  Acc@5: 100.0000 (99.6987)LR: 1.692e-02
2024-11-18 09:30:56,886 -                train: [    INFO] - Train: 231 [ 520/520]  Loss: 0.6249 (0.416)  Acc@1: 85.0000 (90.1360)  Acc@5: 97.5000 (99.6900)LR: 1.692e-02
2024-11-18 09:30:57,178 -                train: [    INFO] - Valid: 231 [   0/104]  Loss: 0.1187 (0.119)  Acc@1: 94.7917 (94.7917)  Acc@5: 100.0000 (100.0000)
2024-11-18 09:31:02,513 -                train: [    INFO] - Valid: 231 [ 104/104]  Loss: 0.3502 (0.234)  Acc@1: 81.2500 (92.4400)  Acc@5: 100.0000 (99.7400)
2024-11-18 09:31:02,552 -                train: [    INFO] - valid_acc 92.440002 - best_valid_acc 93.270002
2024-11-18 09:31:03,097 -                train: [    INFO] - Train: 232 [   0/520]  Loss: 0.3004 (0.300)  Acc@1: 90.6250 (90.6250)  Acc@5: 100.0000 (100.0000)LR: 1.686e-02
2024-11-18 09:31:47,828 -                train: [    INFO] - Train: 232 [ 200/520]  Loss: 0.4609 (0.410)  Acc@1: 91.6667 (90.1275)  Acc@5: 100.0000 (99.7046)LR: 1.686e-02
2024-11-18 09:32:32,363 -                train: [    INFO] - Train: 232 [ 400/520]  Loss: 0.3087 (0.423)  Acc@1: 90.6250 (89.9314)  Acc@5: 100.0000 (99.6649)LR: 1.686e-02
2024-11-18 09:32:58,936 -                train: [    INFO] - Train: 232 [ 520/520]  Loss: 0.3649 (0.426)  Acc@1: 90.0000 (89.8360)  Acc@5: 100.0000 (99.6640)LR: 1.686e-02
2024-11-18 09:32:59,212 -                train: [    INFO] - Valid: 232 [   0/104]  Loss: 0.2341 (0.234)  Acc@1: 90.6250 (90.6250)  Acc@5: 100.0000 (100.0000)
2024-11-18 09:33:04,499 -                train: [    INFO] - Valid: 232 [ 104/104]  Loss: 0.3130 (0.223)  Acc@1: 81.2500 (92.9600)  Acc@5: 100.0000 (99.8200)
2024-11-18 09:33:04,531 -                train: [    INFO] - valid_acc 92.960002 - best_valid_acc 93.270002
2024-11-18 09:33:05,015 -                train: [    INFO] - Train: 233 [   0/520]  Loss: 0.5777 (0.578)  Acc@1: 85.4167 (85.4167)  Acc@5: 98.9583 (98.9583)LR: 1.680e-02
2024-11-18 09:33:51,550 -                train: [    INFO] - Train: 233 [ 200/520]  Loss: 0.3519 (0.415)  Acc@1: 89.5833 (90.0912)  Acc@5: 100.0000 (99.6735)LR: 1.680e-02
2024-11-18 09:34:36,594 -                train: [    INFO] - Train: 233 [ 400/520]  Loss: 0.2711 (0.421)  Acc@1: 92.7083 (89.9522)  Acc@5: 98.9583 (99.6545)LR: 1.680e-02
2024-11-18 09:35:03,497 -                train: [    INFO] - Train: 233 [ 520/520]  Loss: 0.7785 (0.431)  Acc@1: 82.5000 (89.6360)  Acc@5: 97.5000 (99.6380)LR: 1.680e-02
2024-11-18 09:35:03,736 -                train: [    INFO] - Valid: 233 [   0/104]  Loss: 0.2155 (0.216)  Acc@1: 94.7917 (94.7917)  Acc@5: 100.0000 (100.0000)
2024-11-18 09:35:09,103 -                train: [    INFO] - Valid: 233 [ 104/104]  Loss: 0.4202 (0.270)  Acc@1: 81.2500 (90.9400)  Acc@5: 100.0000 (99.8700)
2024-11-18 09:35:09,152 -                train: [    INFO] - valid_acc 90.940003 - best_valid_acc 93.270002
2024-11-18 09:35:09,591 -                train: [    INFO] - Train: 234 [   0/520]  Loss: 0.4689 (0.469)  Acc@1: 84.3750 (84.3750)  Acc@5: 98.9583 (98.9583)LR: 1.673e-02
2024-11-18 09:35:54,199 -                train: [    INFO] - Train: 234 [ 200/520]  Loss: 0.4020 (0.418)  Acc@1: 89.5833 (89.9720)  Acc@5: 98.9583 (99.6891)LR: 1.673e-02
2024-11-18 09:36:38,885 -                train: [    INFO] - Train: 234 [ 400/520]  Loss: 0.3757 (0.422)  Acc@1: 90.6250 (90.0769)  Acc@5: 100.0000 (99.6649)LR: 1.673e-02
2024-11-18 09:37:05,583 -                train: [    INFO] - Train: 234 [ 520/520]  Loss: 0.4279 (0.422)  Acc@1: 87.5000 (90.0520)  Acc@5: 100.0000 (99.6360)LR: 1.673e-02
2024-11-18 09:37:05,852 -                train: [    INFO] - Valid: 234 [   0/104]  Loss: 0.3075 (0.308)  Acc@1: 88.5417 (88.5417)  Acc@5: 98.9583 (98.9583)
2024-11-18 09:37:11,182 -                train: [    INFO] - Valid: 234 [ 104/104]  Loss: 0.4843 (0.220)  Acc@1: 87.5000 (92.8000)  Acc@5: 100.0000 (99.8400)
2024-11-18 09:37:11,211 -                train: [    INFO] - valid_acc 92.800003 - best_valid_acc 93.270002
2024-11-18 09:37:11,676 -                train: [    INFO] - Train: 235 [   0/520]  Loss: 0.3464 (0.346)  Acc@1: 88.5417 (88.5417)  Acc@5: 100.0000 (100.0000)LR: 1.667e-02
2024-11-18 09:37:56,910 -                train: [    INFO] - Train: 235 [ 200/520]  Loss: 0.2274 (0.395)  Acc@1: 94.7917 (90.7131)  Acc@5: 100.0000 (99.7046)LR: 1.667e-02
2024-11-18 09:38:40,953 -                train: [    INFO] - Train: 235 [ 400/520]  Loss: 0.6862 (0.412)  Acc@1: 86.4583 (90.2509)  Acc@5: 100.0000 (99.6805)LR: 1.667e-02
2024-11-18 09:39:07,272 -                train: [    INFO] - Train: 235 [ 520/520]  Loss: 0.5851 (0.416)  Acc@1: 87.5000 (90.1140)  Acc@5: 98.7500 (99.6740)LR: 1.667e-02
2024-11-18 09:39:07,587 -                train: [    INFO] - Valid: 235 [   0/104]  Loss: 0.1865 (0.186)  Acc@1: 92.7083 (92.7083)  Acc@5: 100.0000 (100.0000)
2024-11-18 09:39:12,957 -                train: [    INFO] - Valid: 235 [ 104/104]  Loss: 0.07179 (0.260)  Acc@1: 100.0000 (91.4800)  Acc@5: 100.0000 (99.7800)
2024-11-18 09:39:12,998 -                train: [    INFO] - valid_acc 91.480003 - best_valid_acc 93.270002
2024-11-18 09:39:13,477 -                train: [    INFO] - Train: 236 [   0/520]  Loss: 0.5254 (0.525)  Acc@1: 87.5000 (87.5000)  Acc@5: 100.0000 (100.0000)LR: 1.661e-02
2024-11-18 09:39:57,769 -                train: [    INFO] - Train: 236 [ 200/520]  Loss: 0.4768 (0.414)  Acc@1: 92.7083 (89.9772)  Acc@5: 98.9583 (99.6528)LR: 1.661e-02
2024-11-18 09:40:42,669 -                train: [    INFO] - Train: 236 [ 400/520]  Loss: 0.8953 (0.420)  Acc@1: 82.2917 (89.8171)  Acc@5: 95.8333 (99.6233)LR: 1.661e-02
2024-11-18 09:41:09,770 -                train: [    INFO] - Train: 236 [ 520/520]  Loss: 1.072 (0.425)  Acc@1: 70.0000 (89.7380)  Acc@5: 100.0000 (99.6460)LR: 1.661e-02
2024-11-18 09:41:10,041 -                train: [    INFO] - Valid: 236 [   0/104]  Loss: 0.2224 (0.222)  Acc@1: 93.7500 (93.7500)  Acc@5: 100.0000 (100.0000)
2024-11-18 09:41:15,384 -                train: [    INFO] - Valid: 236 [ 104/104]  Loss: 0.4041 (0.225)  Acc@1: 93.7500 (92.6400)  Acc@5: 100.0000 (99.8400)
2024-11-18 09:41:15,427 -                train: [    INFO] - valid_acc 92.640002 - best_valid_acc 93.270002
2024-11-18 09:41:15,900 -                train: [    INFO] - Train: 237 [   0/520]  Loss: 0.2610 (0.261)  Acc@1: 94.7917 (94.7917)  Acc@5: 100.0000 (100.0000)LR: 1.655e-02
2024-11-18 09:42:02,156 -                train: [    INFO] - Train: 237 [ 200/520]  Loss: 0.4982 (0.412)  Acc@1: 88.5417 (90.2156)  Acc@5: 98.9583 (99.6476)LR: 1.655e-02
2024-11-18 09:42:48,880 -                train: [    INFO] - Train: 237 [ 400/520]  Loss: 0.3511 (0.416)  Acc@1: 91.6667 (90.1262)  Acc@5: 100.0000 (99.6337)LR: 1.655e-02
2024-11-18 09:43:16,454 -                train: [    INFO] - Train: 237 [ 520/520]  Loss: 0.3197 (0.424)  Acc@1: 92.5000 (89.9380)  Acc@5: 100.0000 (99.6320)LR: 1.655e-02
2024-11-18 09:43:16,834 -                train: [    INFO] - Valid: 237 [   0/104]  Loss: 0.2096 (0.210)  Acc@1: 91.6667 (91.6667)  Acc@5: 100.0000 (100.0000)
2024-11-18 09:43:22,239 -                train: [    INFO] - Valid: 237 [ 104/104]  Loss: 0.07643 (0.240)  Acc@1: 93.7500 (92.2000)  Acc@5: 100.0000 (99.8100)
2024-11-18 09:43:22,280 -                train: [    INFO] - valid_acc 92.200002 - best_valid_acc 93.270002
2024-11-18 09:43:22,732 -                train: [    INFO] - Train: 238 [   0/520]  Loss: 0.2971 (0.297)  Acc@1: 94.7917 (94.7917)  Acc@5: 97.9167 (97.9167)LR: 1.649e-02
2024-11-18 09:44:07,713 -                train: [    INFO] - Train: 238 [ 200/520]  Loss: 0.5301 (0.405)  Acc@1: 87.5000 (90.5058)  Acc@5: 100.0000 (99.6683)LR: 1.649e-02
2024-11-18 09:44:52,554 -                train: [    INFO] - Train: 238 [ 400/520]  Loss: 0.4060 (0.410)  Acc@1: 91.6667 (90.3003)  Acc@5: 100.0000 (99.6727)LR: 1.649e-02
2024-11-18 09:45:19,396 -                train: [    INFO] - Train: 238 [ 520/520]  Loss: 0.3826 (0.415)  Acc@1: 92.5000 (90.1660)  Acc@5: 100.0000 (99.6840)LR: 1.649e-02
2024-11-18 09:45:19,739 -                train: [    INFO] - Valid: 238 [   0/104]  Loss: 0.2249 (0.225)  Acc@1: 89.5833 (89.5833)  Acc@5: 100.0000 (100.0000)
2024-11-18 09:45:25,111 -                train: [    INFO] - Valid: 238 [ 104/104]  Loss: 0.2375 (0.224)  Acc@1: 93.7500 (92.4800)  Acc@5: 100.0000 (99.8800)
2024-11-18 09:45:25,165 -                train: [    INFO] - valid_acc 92.480003 - best_valid_acc 93.270002
2024-11-18 09:45:25,679 -                train: [    INFO] - Train: 239 [   0/520]  Loss: 0.2569 (0.257)  Acc@1: 95.8333 (95.8333)  Acc@5: 100.0000 (100.0000)LR: 1.642e-02
2024-11-18 09:46:10,230 -                train: [    INFO] - Train: 239 [ 200/520]  Loss: 0.2346 (0.424)  Acc@1: 95.8333 (89.9513)  Acc@5: 100.0000 (99.6528)LR: 1.642e-02
2024-11-18 09:46:54,771 -                train: [    INFO] - Train: 239 [ 400/520]  Loss: 0.6180 (0.421)  Acc@1: 88.5417 (90.0873)  Acc@5: 100.0000 (99.6649)LR: 1.642e-02
2024-11-18 09:47:21,433 -                train: [    INFO] - Train: 239 [ 520/520]  Loss: 0.2935 (0.423)  Acc@1: 95.0000 (90.0140)  Acc@5: 100.0000 (99.6580)LR: 1.642e-02
2024-11-18 09:47:23,845 -                train: [    INFO] - Valid: 239 [   0/104]  Loss: 0.3715 (0.372)  Acc@1: 87.5000 (87.5000)  Acc@5: 100.0000 (100.0000)
2024-11-18 09:47:29,183 -                train: [    INFO] - Valid: 239 [ 104/104]  Loss: 0.2792 (0.229)  Acc@1: 93.7500 (92.8000)  Acc@5: 100.0000 (99.8400)
2024-11-18 09:47:29,267 -                train: [    INFO] - valid_acc 92.800002 - best_valid_acc 93.270002
2024-11-18 09:47:29,697 -                train: [    INFO] - Train: 240 [   0/520]  Loss: 0.3231 (0.323)  Acc@1: 92.7083 (92.7083)  Acc@5: 98.9583 (98.9583)LR: 1.636e-02
2024-11-18 09:48:15,291 -                train: [    INFO] - Train: 240 [ 200/520]  Loss: 0.3415 (0.404)  Acc@1: 92.7083 (90.4695)  Acc@5: 100.0000 (99.6735)LR: 1.636e-02
2024-11-18 09:49:00,838 -                train: [    INFO] - Train: 240 [ 400/520]  Loss: 0.5252 (0.416)  Acc@1: 88.5417 (90.0509)  Acc@5: 98.9583 (99.6779)LR: 1.636e-02
2024-11-18 09:49:27,874 -                train: [    INFO] - Train: 240 [ 520/520]  Loss: 0.3128 (0.416)  Acc@1: 92.5000 (90.0220)  Acc@5: 100.0000 (99.6720)LR: 1.636e-02
2024-11-18 09:49:29,107 -                train: [    INFO] - Valid: 240 [   0/104]  Loss: 0.4197 (0.420)  Acc@1: 89.5833 (89.5833)  Acc@5: 100.0000 (100.0000)
2024-11-18 09:49:34,416 -                train: [    INFO] - Valid: 240 [ 104/104]  Loss: 0.1926 (0.263)  Acc@1: 93.7500 (92.0600)  Acc@5: 100.0000 (99.7400)
2024-11-18 09:49:34,459 -                train: [    INFO] - valid_acc 92.060003 - best_valid_acc 93.270002
2024-11-18 09:49:34,991 -                train: [    INFO] - Train: 241 [   0/520]  Loss: 0.4207 (0.421)  Acc@1: 89.5833 (89.5833)  Acc@5: 100.0000 (100.0000)LR: 1.630e-02
2024-11-18 09:50:23,799 -                train: [    INFO] - Train: 241 [ 200/520]  Loss: 0.4469 (0.407)  Acc@1: 89.5833 (90.3348)  Acc@5: 100.0000 (99.7150)LR: 1.630e-02
2024-11-18 09:51:10,119 -                train: [    INFO] - Train: 241 [ 400/520]  Loss: 0.3503 (0.419)  Acc@1: 90.6250 (90.0899)  Acc@5: 100.0000 (99.6701)LR: 1.630e-02
2024-11-18 09:51:37,451 -                train: [    INFO] - Train: 241 [ 520/520]  Loss: 0.3329 (0.420)  Acc@1: 91.2500 (90.0160)  Acc@5: 100.0000 (99.6780)LR: 1.630e-02
2024-11-18 09:51:37,760 -                train: [    INFO] - Valid: 241 [   0/104]  Loss: 0.2573 (0.257)  Acc@1: 90.6250 (90.6250)  Acc@5: 100.0000 (100.0000)
2024-11-18 09:51:43,142 -                train: [    INFO] - Valid: 241 [ 104/104]  Loss: 0.2077 (0.223)  Acc@1: 93.7500 (92.7400)  Acc@5: 100.0000 (99.7700)
2024-11-18 09:51:43,767 -                train: [    INFO] - valid_acc 92.740003 - best_valid_acc 93.270002
2024-11-18 09:51:44,272 -                train: [    INFO] - Train: 242 [   0/520]  Loss: 0.4323 (0.432)  Acc@1: 90.6250 (90.6250)  Acc@5: 100.0000 (100.0000)LR: 1.624e-02
2024-11-18 09:52:28,884 -                train: [    INFO] - Train: 242 [ 200/520]  Loss: 0.4509 (0.409)  Acc@1: 84.3750 (90.2881)  Acc@5: 100.0000 (99.6424)LR: 1.624e-02
2024-11-18 09:53:13,322 -                train: [    INFO] - Train: 242 [ 400/520]  Loss: 0.6103 (0.411)  Acc@1: 82.2917 (90.2535)  Acc@5: 100.0000 (99.6935)LR: 1.624e-02
2024-11-18 09:53:40,166 -                train: [    INFO] - Train: 242 [ 520/520]  Loss: 0.3298 (0.414)  Acc@1: 90.0000 (90.2300)  Acc@5: 100.0000 (99.6840)LR: 1.624e-02
2024-11-18 09:53:40,434 -                train: [    INFO] - Valid: 242 [   0/104]  Loss: 0.2181 (0.218)  Acc@1: 90.6250 (90.6250)  Acc@5: 100.0000 (100.0000)
2024-11-18 09:53:45,765 -                train: [    INFO] - Valid: 242 [ 104/104]  Loss: 0.2514 (0.212)  Acc@1: 87.5000 (92.9500)  Acc@5: 100.0000 (99.8400)
2024-11-18 09:53:45,804 -                train: [    INFO] - valid_acc 92.950003 - best_valid_acc 93.270002
2024-11-18 09:53:46,299 -                train: [    INFO] - Train: 243 [   0/520]  Loss: 0.3014 (0.301)  Acc@1: 91.6667 (91.6667)  Acc@5: 100.0000 (100.0000)LR: 1.618e-02
2024-11-18 09:54:33,559 -                train: [    INFO] - Train: 243 [ 200/520]  Loss: 0.3901 (0.409)  Acc@1: 90.6250 (90.3141)  Acc@5: 100.0000 (99.6528)LR: 1.618e-02
2024-11-18 09:55:19,514 -                train: [    INFO] - Train: 243 [ 400/520]  Loss: 0.4119 (0.419)  Acc@1: 89.5833 (90.1470)  Acc@5: 98.9583 (99.6129)LR: 1.618e-02
2024-11-18 09:55:46,829 -                train: [    INFO] - Train: 243 [ 520/520]  Loss: 0.3387 (0.422)  Acc@1: 92.5000 (90.1080)  Acc@5: 100.0000 (99.6360)LR: 1.618e-02
2024-11-18 09:55:47,104 -                train: [    INFO] - Valid: 243 [   0/104]  Loss: 0.2610 (0.261)  Acc@1: 90.6250 (90.6250)  Acc@5: 100.0000 (100.0000)
2024-11-18 09:55:52,425 -                train: [    INFO] - Valid: 243 [ 104/104]  Loss: 0.6201 (0.209)  Acc@1: 87.5000 (93.2400)  Acc@5: 100.0000 (99.8100)
2024-11-18 09:55:52,457 -                train: [    INFO] - valid_acc 93.240003 - best_valid_acc 93.270002
2024-11-18 09:55:52,893 -                train: [    INFO] - Train: 244 [   0/520]  Loss: 0.5266 (0.527)  Acc@1: 85.4167 (85.4167)  Acc@5: 100.0000 (100.0000)LR: 1.611e-02
2024-11-18 09:56:37,575 -                train: [    INFO] - Train: 244 [ 200/520]  Loss: 0.5854 (0.397)  Acc@1: 85.4167 (90.3970)  Acc@5: 98.9583 (99.7305)LR: 1.611e-02
2024-11-18 09:57:22,145 -                train: [    INFO] - Train: 244 [ 400/520]  Loss: 0.4915 (0.407)  Acc@1: 87.5000 (90.1938)  Acc@5: 98.9583 (99.6779)LR: 1.611e-02
2024-11-18 09:57:48,869 -                train: [    INFO] - Train: 244 [ 520/520]  Loss: 0.5056 (0.413)  Acc@1: 86.2500 (90.0600)  Acc@5: 100.0000 (99.6660)LR: 1.611e-02
2024-11-18 09:57:49,131 -                train: [    INFO] - Valid: 244 [   0/104]  Loss: 0.1973 (0.197)  Acc@1: 93.7500 (93.7500)  Acc@5: 100.0000 (100.0000)
2024-11-18 09:57:54,405 -                train: [    INFO] - Valid: 244 [ 104/104]  Loss: 0.4271 (0.191)  Acc@1: 93.7500 (93.7700)  Acc@5: 100.0000 (99.8600)
2024-11-18 09:57:54,901 -                train: [    INFO] - valid_acc 93.770003 - best_valid_acc 93.770003
2024-11-18 09:57:55,377 -                train: [    INFO] - Train: 245 [   0/520]  Loss: 0.4779 (0.478)  Acc@1: 89.5833 (89.5833)  Acc@5: 100.0000 (100.0000)LR: 1.605e-02
2024-11-18 09:58:39,913 -                train: [    INFO] - Train: 245 [ 200/520]  Loss: 0.4737 (0.411)  Acc@1: 91.6667 (90.1068)  Acc@5: 100.0000 (99.7616)LR: 1.605e-02
2024-11-18 09:59:24,611 -                train: [    INFO] - Train: 245 [ 400/520]  Loss: 0.5315 (0.415)  Acc@1: 86.4583 (90.1600)  Acc@5: 98.9583 (99.7065)LR: 1.605e-02
2024-11-18 09:59:51,346 -                train: [    INFO] - Train: 245 [ 520/520]  Loss: 0.3134 (0.417)  Acc@1: 91.2500 (90.1380)  Acc@5: 100.0000 (99.7120)LR: 1.605e-02
2024-11-18 09:59:51,628 -                train: [    INFO] - Valid: 245 [   0/104]  Loss: 0.2760 (0.276)  Acc@1: 89.5833 (89.5833)  Acc@5: 100.0000 (100.0000)
2024-11-18 09:59:56,955 -                train: [    INFO] - Valid: 245 [ 104/104]  Loss: 0.1079 (0.284)  Acc@1: 93.7500 (91.1600)  Acc@5: 100.0000 (99.6600)
2024-11-18 09:59:56,999 -                train: [    INFO] - valid_acc 91.160003 - best_valid_acc 93.770003
2024-11-18 09:59:57,433 -                train: [    INFO] - Train: 246 [   0/520]  Loss: 0.4299 (0.430)  Acc@1: 89.5833 (89.5833)  Acc@5: 100.0000 (100.0000)LR: 1.599e-02
2024-11-18 10:00:42,043 -                train: [    INFO] - Train: 246 [ 200/520]  Loss: 0.2957 (0.400)  Acc@1: 92.7083 (90.4643)  Acc@5: 100.0000 (99.6891)LR: 1.599e-02
2024-11-18 10:01:26,569 -                train: [    INFO] - Train: 246 [ 400/520]  Loss: 0.6841 (0.415)  Acc@1: 85.4167 (90.0899)  Acc@5: 97.9167 (99.6779)LR: 1.599e-02
2024-11-18 10:01:53,368 -                train: [    INFO] - Train: 246 [ 520/520]  Loss: 0.2767 (0.418)  Acc@1: 97.5000 (90.0080)  Acc@5: 100.0000 (99.6660)LR: 1.599e-02
2024-11-18 10:01:54,458 -                train: [    INFO] - Valid: 246 [   0/104]  Loss: 0.3034 (0.303)  Acc@1: 89.5833 (89.5833)  Acc@5: 100.0000 (100.0000)
2024-11-18 10:01:59,770 -                train: [    INFO] - Valid: 246 [ 104/104]  Loss: 0.1370 (0.218)  Acc@1: 93.7500 (93.0200)  Acc@5: 100.0000 (99.7900)
2024-11-18 10:01:59,808 -                train: [    INFO] - valid_acc 93.020002 - best_valid_acc 93.770003
2024-11-18 10:02:00,292 -                train: [    INFO] - Train: 247 [   0/520]  Loss: 0.4574 (0.457)  Acc@1: 89.5833 (89.5833)  Acc@5: 98.9583 (98.9583)LR: 1.592e-02
2024-11-18 10:02:46,982 -                train: [    INFO] - Train: 247 [ 200/520]  Loss: 0.4093 (0.396)  Acc@1: 93.7500 (90.4954)  Acc@5: 98.9583 (99.7409)LR: 1.592e-02
2024-11-18 10:03:33,150 -                train: [    INFO] - Train: 247 [ 400/520]  Loss: 0.6067 (0.402)  Acc@1: 84.3750 (90.3834)  Acc@5: 98.9583 (99.6753)LR: 1.592e-02
2024-11-18 10:04:00,467 -                train: [    INFO] - Train: 247 [ 520/520]  Loss: 0.4716 (0.408)  Acc@1: 87.5000 (90.2780)  Acc@5: 100.0000 (99.6660)LR: 1.592e-02
2024-11-18 10:04:00,937 -                train: [    INFO] - Valid: 247 [   0/104]  Loss: 0.3379 (0.338)  Acc@1: 91.6667 (91.6667)  Acc@5: 100.0000 (100.0000)
2024-11-18 10:04:06,254 -                train: [    INFO] - Valid: 247 [ 104/104]  Loss: 0.3617 (0.246)  Acc@1: 87.5000 (91.8100)  Acc@5: 100.0000 (99.8500)
2024-11-18 10:04:06,390 -                train: [    INFO] - valid_acc 91.810003 - best_valid_acc 93.770003
2024-11-18 10:04:06,852 -                train: [    INFO] - Train: 248 [   0/520]  Loss: 0.2935 (0.294)  Acc@1: 90.6250 (90.6250)  Acc@5: 100.0000 (100.0000)LR: 1.586e-02
2024-11-18 10:04:53,222 -                train: [    INFO] - Train: 248 [ 200/520]  Loss: 0.3181 (0.406)  Acc@1: 90.6250 (90.1068)  Acc@5: 100.0000 (99.6580)LR: 1.586e-02
2024-11-18 10:05:38,404 -                train: [    INFO] - Train: 248 [ 400/520]  Loss: 0.2840 (0.411)  Acc@1: 91.6667 (90.0951)  Acc@5: 100.0000 (99.6467)LR: 1.586e-02
2024-11-18 10:06:05,348 -                train: [    INFO] - Train: 248 [ 520/520]  Loss: 0.4763 (0.413)  Acc@1: 90.0000 (90.0720)  Acc@5: 98.7500 (99.6400)LR: 1.586e-02
2024-11-18 10:06:05,763 -                train: [    INFO] - Valid: 248 [   0/104]  Loss: 0.2270 (0.227)  Acc@1: 89.5833 (89.5833)  Acc@5: 100.0000 (100.0000)
2024-11-18 10:06:11,073 -                train: [    INFO] - Valid: 248 [ 104/104]  Loss: 0.3007 (0.229)  Acc@1: 87.5000 (92.7700)  Acc@5: 100.0000 (99.7700)
2024-11-18 10:06:11,173 -                train: [    INFO] - valid_acc 92.770003 - best_valid_acc 93.770003
2024-11-18 10:06:11,610 -                train: [    INFO] - Train: 249 [   0/520]  Loss: 0.4239 (0.424)  Acc@1: 92.7083 (92.7083)  Acc@5: 98.9583 (98.9583)LR: 1.580e-02
2024-11-18 10:06:56,816 -                train: [    INFO] - Train: 249 [ 200/520]  Loss: 0.5543 (0.418)  Acc@1: 87.5000 (90.0394)  Acc@5: 100.0000 (99.7098)LR: 1.580e-02
2024-11-18 10:07:42,714 -                train: [    INFO] - Train: 249 [ 400/520]  Loss: 0.3419 (0.414)  Acc@1: 90.6250 (90.0405)  Acc@5: 100.0000 (99.7117)LR: 1.580e-02
2024-11-18 10:08:10,330 -                train: [    INFO] - Train: 249 [ 520/520]  Loss: 0.5432 (0.413)  Acc@1: 86.2500 (90.1080)  Acc@5: 100.0000 (99.7060)LR: 1.580e-02
2024-11-18 10:08:10,632 -                train: [    INFO] - Valid: 249 [   0/104]  Loss: 0.2174 (0.217)  Acc@1: 95.8333 (95.8333)  Acc@5: 98.9583 (98.9583)
2024-11-18 10:08:16,034 -                train: [    INFO] - Valid: 249 [ 104/104]  Loss: 0.07591 (0.201)  Acc@1: 93.7500 (93.5100)  Acc@5: 100.0000 (99.8200)
2024-11-18 10:08:16,084 -                train: [    INFO] - valid_acc 93.510003 - best_valid_acc 93.770003
2024-11-18 10:08:16,588 -                train: [    INFO] - Train: 250 [   0/520]  Loss: 0.4511 (0.451)  Acc@1: 88.5417 (88.5417)  Acc@5: 100.0000 (100.0000)LR: 1.574e-02
2024-11-18 10:09:01,436 -                train: [    INFO] - Train: 250 [ 200/520]  Loss: 0.3842 (0.411)  Acc@1: 88.5417 (90.0757)  Acc@5: 98.9583 (99.6269)LR: 1.574e-02
2024-11-18 10:09:46,358 -                train: [    INFO] - Train: 250 [ 400/520]  Loss: 0.5867 (0.421)  Acc@1: 84.3750 (89.9808)  Acc@5: 97.9167 (99.6181)LR: 1.574e-02
2024-11-18 10:10:13,131 -                train: [    INFO] - Train: 250 [ 520/520]  Loss: 0.3770 (0.418)  Acc@1: 93.7500 (90.0460)  Acc@5: 100.0000 (99.6480)LR: 1.574e-02
2024-11-18 10:10:13,416 -                train: [    INFO] - Valid: 250 [   0/104]  Loss: 0.2147 (0.215)  Acc@1: 92.7083 (92.7083)  Acc@5: 100.0000 (100.0000)
2024-11-18 10:10:18,791 -                train: [    INFO] - Valid: 250 [ 104/104]  Loss: 0.05305 (0.219)  Acc@1: 100.0000 (92.9400)  Acc@5: 100.0000 (99.8100)
2024-11-18 10:10:18,856 -                train: [    INFO] - valid_acc 92.940003 - best_valid_acc 93.770003
2024-11-18 10:10:19,293 -                train: [    INFO] - Train: 251 [   0/520]  Loss: 0.3816 (0.382)  Acc@1: 90.6250 (90.6250)  Acc@5: 100.0000 (100.0000)LR: 1.567e-02
2024-11-18 10:11:03,747 -                train: [    INFO] - Train: 251 [ 200/520]  Loss: 0.5827 (0.398)  Acc@1: 85.4167 (90.5369)  Acc@5: 100.0000 (99.7823)LR: 1.567e-02
2024-11-18 10:11:48,469 -                train: [    INFO] - Train: 251 [ 400/520]  Loss: 0.3230 (0.409)  Acc@1: 91.6667 (90.2328)  Acc@5: 98.9583 (99.7246)LR: 1.567e-02
2024-11-18 10:12:15,301 -                train: [    INFO] - Train: 251 [ 520/520]  Loss: 0.4949 (0.408)  Acc@1: 90.0000 (90.2500)  Acc@5: 100.0000 (99.7240)LR: 1.567e-02
2024-11-18 10:12:15,672 -                train: [    INFO] - Valid: 251 [   0/104]  Loss: 0.1958 (0.196)  Acc@1: 94.7917 (94.7917)  Acc@5: 100.0000 (100.0000)
2024-11-18 10:12:20,987 -                train: [    INFO] - Valid: 251 [ 104/104]  Loss: 0.2470 (0.217)  Acc@1: 93.7500 (93.0500)  Acc@5: 100.0000 (99.8400)
2024-11-18 10:12:22,132 -                train: [    INFO] - valid_acc 93.050003 - best_valid_acc 93.770003
2024-11-18 10:12:22,640 -                train: [    INFO] - Train: 252 [   0/520]  Loss: 0.3465 (0.347)  Acc@1: 92.7083 (92.7083)  Acc@5: 100.0000 (100.0000)LR: 1.561e-02
2024-11-18 10:13:07,088 -                train: [    INFO] - Train: 252 [ 200/520]  Loss: 0.5181 (0.409)  Acc@1: 88.5417 (90.1016)  Acc@5: 100.0000 (99.7564)LR: 1.561e-02
2024-11-18 10:13:51,680 -                train: [    INFO] - Train: 252 [ 400/520]  Loss: 0.5940 (0.408)  Acc@1: 89.5833 (90.1626)  Acc@5: 98.9583 (99.7376)LR: 1.561e-02
2024-11-18 10:14:18,695 -                train: [    INFO] - Train: 252 [ 520/520]  Loss: 0.4608 (0.409)  Acc@1: 87.5000 (90.1740)  Acc@5: 100.0000 (99.7160)LR: 1.561e-02
2024-11-18 10:14:19,033 -                train: [    INFO] - Valid: 252 [   0/104]  Loss: 0.1567 (0.157)  Acc@1: 95.8333 (95.8333)  Acc@5: 100.0000 (100.0000)
2024-11-18 10:14:24,403 -                train: [    INFO] - Valid: 252 [ 104/104]  Loss: 0.2678 (0.213)  Acc@1: 87.5000 (93.1900)  Acc@5: 100.0000 (99.7600)
2024-11-18 10:14:24,455 -                train: [    INFO] - valid_acc 93.190002 - best_valid_acc 93.770003
2024-11-18 10:14:24,961 -                train: [    INFO] - Train: 253 [   0/520]  Loss: 0.4661 (0.466)  Acc@1: 90.6250 (90.6250)  Acc@5: 100.0000 (100.0000)LR: 1.555e-02
2024-11-18 10:15:09,541 -                train: [    INFO] - Train: 253 [ 200/520]  Loss: 0.5786 (0.401)  Acc@1: 83.3333 (90.5058)  Acc@5: 100.0000 (99.6631)LR: 1.555e-02
2024-11-18 10:15:54,099 -                train: [    INFO] - Train: 253 [ 400/520]  Loss: 0.2097 (0.407)  Acc@1: 95.8333 (90.2717)  Acc@5: 100.0000 (99.6623)LR: 1.555e-02
2024-11-18 10:16:21,006 -                train: [    INFO] - Train: 253 [ 520/520]  Loss: 0.2708 (0.410)  Acc@1: 97.5000 (90.2720)  Acc@5: 100.0000 (99.6820)LR: 1.555e-02
2024-11-18 10:16:21,456 -                train: [    INFO] - Valid: 253 [   0/104]  Loss: 0.2436 (0.244)  Acc@1: 91.6667 (91.6667)  Acc@5: 100.0000 (100.0000)
2024-11-18 10:16:26,779 -                train: [    INFO] - Valid: 253 [ 104/104]  Loss: 0.2461 (0.243)  Acc@1: 93.7500 (92.0300)  Acc@5: 100.0000 (99.7900)
2024-11-18 10:16:26,822 -                train: [    INFO] - valid_acc 92.030002 - best_valid_acc 93.770003
2024-11-18 10:16:27,358 -                train: [    INFO] - Train: 254 [   0/520]  Loss: 0.6471 (0.647)  Acc@1: 80.2083 (80.2083)  Acc@5: 100.0000 (100.0000)LR: 1.548e-02
2024-11-18 10:17:12,037 -                train: [    INFO] - Train: 254 [ 200/520]  Loss: 0.5418 (0.407)  Acc@1: 88.5417 (90.4281)  Acc@5: 98.9583 (99.7668)LR: 1.548e-02
2024-11-18 10:17:56,531 -                train: [    INFO] - Train: 254 [ 400/520]  Loss: 0.5573 (0.407)  Acc@1: 88.5417 (90.3159)  Acc@5: 98.9583 (99.7143)LR: 1.548e-02
2024-11-18 10:18:23,622 -                train: [    INFO] - Train: 254 [ 520/520]  Loss: 0.3422 (0.408)  Acc@1: 91.2500 (90.3100)  Acc@5: 100.0000 (99.7080)LR: 1.548e-02
2024-11-18 10:18:23,957 -                train: [    INFO] - Valid: 254 [   0/104]  Loss: 0.2195 (0.219)  Acc@1: 95.8333 (95.8333)  Acc@5: 100.0000 (100.0000)
2024-11-18 10:18:29,270 -                train: [    INFO] - Valid: 254 [ 104/104]  Loss: 0.2778 (0.227)  Acc@1: 87.5000 (92.6200)  Acc@5: 100.0000 (99.8200)
2024-11-18 10:18:29,302 -                train: [    INFO] - valid_acc 92.620003 - best_valid_acc 93.770003
2024-11-18 10:18:29,736 -                train: [    INFO] - Train: 255 [   0/520]  Loss: 0.2691 (0.269)  Acc@1: 94.7917 (94.7917)  Acc@5: 100.0000 (100.0000)LR: 1.542e-02
2024-11-18 10:19:16,541 -                train: [    INFO] - Train: 255 [ 200/520]  Loss: 0.5049 (0.406)  Acc@1: 86.4583 (90.4799)  Acc@5: 98.9583 (99.5750)LR: 1.542e-02
2024-11-18 10:20:02,195 -                train: [    INFO] - Train: 255 [ 400/520]  Loss: 0.2728 (0.403)  Acc@1: 96.8750 (90.5575)  Acc@5: 100.0000 (99.6233)LR: 1.542e-02
2024-11-18 10:20:29,141 -                train: [    INFO] - Train: 255 [ 520/520]  Loss: 0.3586 (0.403)  Acc@1: 93.7500 (90.4900)  Acc@5: 98.7500 (99.6320)LR: 1.542e-02
2024-11-18 10:20:29,428 -                train: [    INFO] - Valid: 255 [   0/104]  Loss: 0.08173 (0.0817)  Acc@1: 97.9167 (97.9167)  Acc@5: 100.0000 (100.0000)
2024-11-18 10:20:34,773 -                train: [    INFO] - Valid: 255 [ 104/104]  Loss: 0.07818 (0.212)  Acc@1: 93.7500 (93.2500)  Acc@5: 100.0000 (99.8200)
2024-11-18 10:20:34,813 -                train: [    INFO] - valid_acc 93.250002 - best_valid_acc 93.770003
2024-11-18 10:20:35,357 -                train: [    INFO] - Train: 256 [   0/520]  Loss: 0.2948 (0.295)  Acc@1: 91.6667 (91.6667)  Acc@5: 100.0000 (100.0000)LR: 1.535e-02
2024-11-18 10:21:22,398 -                train: [    INFO] - Train: 256 [ 200/520]  Loss: 0.5219 (0.409)  Acc@1: 86.4583 (90.2467)  Acc@5: 98.9583 (99.6476)LR: 1.535e-02
2024-11-18 10:22:08,040 -                train: [    INFO] - Train: 256 [ 400/520]  Loss: 0.4421 (0.407)  Acc@1: 91.6667 (90.2665)  Acc@5: 100.0000 (99.6831)LR: 1.535e-02
2024-11-18 10:22:35,176 -                train: [    INFO] - Train: 256 [ 520/520]  Loss: 0.3698 (0.408)  Acc@1: 88.7500 (90.2900)  Acc@5: 100.0000 (99.6860)LR: 1.535e-02
2024-11-18 10:22:35,479 -                train: [    INFO] - Valid: 256 [   0/104]  Loss: 0.1740 (0.174)  Acc@1: 94.7917 (94.7917)  Acc@5: 100.0000 (100.0000)
2024-11-18 10:22:40,816 -                train: [    INFO] - Valid: 256 [ 104/104]  Loss: 0.1668 (0.190)  Acc@1: 93.7500 (93.8300)  Acc@5: 100.0000 (99.9000)
2024-11-18 10:22:41,305 -                train: [    INFO] - valid_acc 93.830002 - best_valid_acc 93.830002
2024-11-18 10:22:41,781 -                train: [    INFO] - Train: 257 [   0/520]  Loss: 0.3089 (0.309)  Acc@1: 91.6667 (91.6667)  Acc@5: 100.0000 (100.0000)LR: 1.529e-02
2024-11-18 10:23:26,515 -                train: [    INFO] - Train: 257 [ 200/520]  Loss: 0.2229 (0.405)  Acc@1: 92.7083 (90.3918)  Acc@5: 100.0000 (99.6424)LR: 1.529e-02
2024-11-18 10:24:11,024 -                train: [    INFO] - Train: 257 [ 400/520]  Loss: 0.3730 (0.404)  Acc@1: 95.8333 (90.4068)  Acc@5: 100.0000 (99.6493)LR: 1.529e-02
2024-11-18 10:24:37,762 -                train: [    INFO] - Train: 257 [ 520/520]  Loss: 0.2967 (0.406)  Acc@1: 96.2500 (90.3320)  Acc@5: 100.0000 (99.6660)LR: 1.529e-02
2024-11-18 10:24:38,043 -                train: [    INFO] - Valid: 257 [   0/104]  Loss: 0.1687 (0.169)  Acc@1: 93.7500 (93.7500)  Acc@5: 100.0000 (100.0000)
2024-11-18 10:24:43,332 -                train: [    INFO] - Valid: 257 [ 104/104]  Loss: 0.06110 (0.200)  Acc@1: 100.0000 (93.4500)  Acc@5: 100.0000 (99.8700)
2024-11-18 10:24:43,393 -                train: [    INFO] - valid_acc 93.450002 - best_valid_acc 93.830002
2024-11-18 10:24:43,824 -                train: [    INFO] - Train: 258 [   0/520]  Loss: 0.3574 (0.357)  Acc@1: 89.5833 (89.5833)  Acc@5: 100.0000 (100.0000)LR: 1.523e-02
2024-11-18 10:25:28,627 -                train: [    INFO] - Train: 258 [ 200/520]  Loss: 0.3022 (0.388)  Acc@1: 92.7083 (90.8997)  Acc@5: 100.0000 (99.7253)LR: 1.523e-02
2024-11-18 10:26:13,327 -                train: [    INFO] - Train: 258 [ 400/520]  Loss: 0.2670 (0.397)  Acc@1: 93.7500 (90.5523)  Acc@5: 100.0000 (99.7143)LR: 1.523e-02
2024-11-18 10:26:40,019 -                train: [    INFO] - Train: 258 [ 520/520]  Loss: 0.4747 (0.402)  Acc@1: 86.2500 (90.4120)  Acc@5: 100.0000 (99.7020)LR: 1.523e-02
2024-11-18 10:26:40,350 -                train: [    INFO] - Valid: 258 [   0/104]  Loss: 0.2497 (0.250)  Acc@1: 90.6250 (90.6250)  Acc@5: 100.0000 (100.0000)
2024-11-18 10:26:45,663 -                train: [    INFO] - Valid: 258 [ 104/104]  Loss: 0.2436 (0.209)  Acc@1: 93.7500 (93.3400)  Acc@5: 100.0000 (99.8200)
2024-11-18 10:26:45,713 -                train: [    INFO] - valid_acc 93.340003 - best_valid_acc 93.830002
2024-11-18 10:26:46,371 -                train: [    INFO] - Train: 259 [   0/520]  Loss: 0.4639 (0.464)  Acc@1: 86.4583 (86.4583)  Acc@5: 100.0000 (100.0000)LR: 1.516e-02
2024-11-18 10:27:31,002 -                train: [    INFO] - Train: 259 [ 200/520]  Loss: 0.5962 (0.387)  Acc@1: 85.4167 (90.8634)  Acc@5: 100.0000 (99.6631)LR: 1.516e-02
2024-11-18 10:28:15,395 -                train: [    INFO] - Train: 259 [ 400/520]  Loss: 0.3297 (0.406)  Acc@1: 95.8333 (90.3289)  Acc@5: 100.0000 (99.6649)LR: 1.516e-02
2024-11-18 10:28:42,040 -                train: [    INFO] - Train: 259 [ 520/520]  Loss: 0.3355 (0.404)  Acc@1: 92.5000 (90.4200)  Acc@5: 98.7500 (99.6780)LR: 1.516e-02
2024-11-18 10:28:44,085 -                train: [    INFO] - Valid: 259 [   0/104]  Loss: 0.2337 (0.234)  Acc@1: 89.5833 (89.5833)  Acc@5: 100.0000 (100.0000)
2024-11-18 10:28:49,471 -                train: [    INFO] - Valid: 259 [ 104/104]  Loss: 0.09240 (0.203)  Acc@1: 100.0000 (93.3600)  Acc@5: 100.0000 (99.8300)
2024-11-18 10:28:49,556 -                train: [    INFO] - valid_acc 93.360003 - best_valid_acc 93.830002
2024-11-18 10:28:50,000 -                train: [    INFO] - Train: 260 [   0/520]  Loss: 0.3346 (0.335)  Acc@1: 93.7500 (93.7500)  Acc@5: 100.0000 (100.0000)LR: 1.510e-02
2024-11-18 10:29:35,015 -                train: [    INFO] - Train: 260 [ 200/520]  Loss: 0.1450 (0.380)  Acc@1: 97.9167 (91.0551)  Acc@5: 100.0000 (99.7305)LR: 1.510e-02
2024-11-18 10:30:19,537 -                train: [    INFO] - Train: 260 [ 400/520]  Loss: 0.5012 (0.390)  Acc@1: 91.6667 (90.7601)  Acc@5: 100.0000 (99.7428)LR: 1.510e-02
2024-11-18 10:30:46,487 -                train: [    INFO] - Train: 260 [ 520/520]  Loss: 0.4770 (0.396)  Acc@1: 86.2500 (90.6600)  Acc@5: 100.0000 (99.7220)LR: 1.510e-02
2024-11-18 10:30:48,570 -                train: [    INFO] - Valid: 260 [   0/104]  Loss: 0.1268 (0.127)  Acc@1: 94.7917 (94.7917)  Acc@5: 100.0000 (100.0000)
2024-11-18 10:30:53,909 -                train: [    INFO] - Valid: 260 [ 104/104]  Loss: 0.3232 (0.219)  Acc@1: 93.7500 (92.5900)  Acc@5: 100.0000 (99.8700)
2024-11-18 10:30:53,966 -                train: [    INFO] - valid_acc 92.590003 - best_valid_acc 93.830002
2024-11-18 10:30:54,446 -                train: [    INFO] - Train: 261 [   0/520]  Loss: 0.3401 (0.340)  Acc@1: 90.6250 (90.6250)  Acc@5: 100.0000 (100.0000)LR: 1.503e-02
2024-11-18 10:31:41,951 -                train: [    INFO] - Train: 261 [ 200/520]  Loss: 0.5226 (0.399)  Acc@1: 88.5417 (90.5058)  Acc@5: 98.9583 (99.7357)LR: 1.503e-02
2024-11-18 10:32:27,177 -                train: [    INFO] - Train: 261 [ 400/520]  Loss: 0.4045 (0.403)  Acc@1: 88.5417 (90.4665)  Acc@5: 100.0000 (99.6857)LR: 1.503e-02
2024-11-18 10:32:54,048 -                train: [    INFO] - Train: 261 [ 520/520]  Loss: 0.4582 (0.404)  Acc@1: 87.5000 (90.5100)  Acc@5: 100.0000 (99.6820)LR: 1.503e-02
2024-11-18 10:32:54,948 -                train: [    INFO] - Valid: 261 [   0/104]  Loss: 0.1309 (0.131)  Acc@1: 93.7500 (93.7500)  Acc@5: 100.0000 (100.0000)
2024-11-18 10:33:00,226 -                train: [    INFO] - Valid: 261 [ 104/104]  Loss: 0.4910 (0.224)  Acc@1: 93.7500 (92.8100)  Acc@5: 100.0000 (99.8600)
2024-11-18 10:33:00,291 -                train: [    INFO] - valid_acc 92.810003 - best_valid_acc 93.830002
2024-11-18 10:33:00,781 -                train: [    INFO] - Train: 262 [   0/520]  Loss: 0.3528 (0.353)  Acc@1: 92.7083 (92.7083)  Acc@5: 100.0000 (100.0000)LR: 1.497e-02
2024-11-18 10:33:45,150 -                train: [    INFO] - Train: 262 [ 200/520]  Loss: 0.4558 (0.390)  Acc@1: 89.5833 (90.8375)  Acc@5: 100.0000 (99.7512)LR: 1.497e-02
2024-11-18 10:34:29,983 -                train: [    INFO] - Train: 262 [ 400/520]  Loss: 0.5688 (0.407)  Acc@1: 85.4167 (90.5081)  Acc@5: 98.9583 (99.7091)LR: 1.497e-02
2024-11-18 10:34:56,743 -                train: [    INFO] - Train: 262 [ 520/520]  Loss: 0.2871 (0.408)  Acc@1: 95.0000 (90.4600)  Acc@5: 100.0000 (99.6860)LR: 1.497e-02
2024-11-18 10:34:57,827 -                train: [    INFO] - Valid: 262 [   0/104]  Loss: 0.1849 (0.185)  Acc@1: 95.8333 (95.8333)  Acc@5: 100.0000 (100.0000)
2024-11-18 10:35:03,146 -                train: [    INFO] - Valid: 262 [ 104/104]  Loss: 0.2474 (0.196)  Acc@1: 93.7500 (93.7500)  Acc@5: 100.0000 (99.7900)
2024-11-18 10:35:03,191 -                train: [    INFO] - valid_acc 93.750002 - best_valid_acc 93.830002
2024-11-18 10:35:03,612 -                train: [    INFO] - Train: 263 [   0/520]  Loss: 0.4257 (0.426)  Acc@1: 87.5000 (87.5000)  Acc@5: 100.0000 (100.0000)LR: 1.491e-02
2024-11-18 10:35:48,456 -                train: [    INFO] - Train: 263 [ 200/520]  Loss: 0.6142 (0.415)  Acc@1: 88.5417 (90.1223)  Acc@5: 97.9167 (99.7409)LR: 1.491e-02
2024-11-18 10:36:32,840 -                train: [    INFO] - Train: 263 [ 400/520]  Loss: 0.4546 (0.410)  Acc@1: 87.5000 (90.2172)  Acc@5: 100.0000 (99.7195)LR: 1.491e-02
2024-11-18 10:36:59,310 -                train: [    INFO] - Train: 263 [ 520/520]  Loss: 0.4372 (0.406)  Acc@1: 87.5000 (90.3420)  Acc@5: 100.0000 (99.7220)LR: 1.491e-02
2024-11-18 10:36:59,608 -                train: [    INFO] - Valid: 263 [   0/104]  Loss: 0.1671 (0.167)  Acc@1: 92.7083 (92.7083)  Acc@5: 98.9583 (98.9583)
2024-11-18 10:37:04,978 -                train: [    INFO] - Valid: 263 [ 104/104]  Loss: 0.3382 (0.194)  Acc@1: 93.7500 (93.6200)  Acc@5: 100.0000 (99.8200)
2024-11-18 10:37:05,047 -                train: [    INFO] - valid_acc 93.620003 - best_valid_acc 93.830002
2024-11-18 10:37:05,585 -                train: [    INFO] - Train: 264 [   0/520]  Loss: 0.4103 (0.410)  Acc@1: 88.5417 (88.5417)  Acc@5: 100.0000 (100.0000)LR: 1.484e-02
2024-11-18 10:37:51,967 -                train: [    INFO] - Train: 264 [ 200/520]  Loss: 0.4908 (0.397)  Acc@1: 91.6667 (90.3918)  Acc@5: 100.0000 (99.6942)LR: 1.484e-02
2024-11-18 10:38:36,642 -                train: [    INFO] - Train: 264 [ 400/520]  Loss: 0.4201 (0.400)  Acc@1: 90.6250 (90.4484)  Acc@5: 100.0000 (99.6935)LR: 1.484e-02
2024-11-18 10:39:03,240 -                train: [    INFO] - Train: 264 [ 520/520]  Loss: 0.2751 (0.401)  Acc@1: 95.0000 (90.4640)  Acc@5: 100.0000 (99.6780)LR: 1.484e-02
2024-11-18 10:39:03,524 -                train: [    INFO] - Valid: 264 [   0/104]  Loss: 0.1768 (0.177)  Acc@1: 91.6667 (91.6667)  Acc@5: 100.0000 (100.0000)
2024-11-18 10:39:08,862 -                train: [    INFO] - Valid: 264 [ 104/104]  Loss: 0.05710 (0.193)  Acc@1: 100.0000 (93.6400)  Acc@5: 100.0000 (99.8600)
2024-11-18 10:39:08,899 -                train: [    INFO] - valid_acc 93.640002 - best_valid_acc 93.830002
2024-11-18 10:39:09,352 -                train: [    INFO] - Train: 265 [   0/520]  Loss: 0.4133 (0.413)  Acc@1: 90.6250 (90.6250)  Acc@5: 100.0000 (100.0000)LR: 1.478e-02
2024-11-18 10:39:54,362 -                train: [    INFO] - Train: 265 [ 200/520]  Loss: 0.2928 (0.392)  Acc@1: 91.6667 (90.7649)  Acc@5: 100.0000 (99.6580)LR: 1.478e-02
2024-11-18 10:40:39,143 -                train: [    INFO] - Train: 265 [ 400/520]  Loss: 0.4680 (0.404)  Acc@1: 90.6250 (90.5263)  Acc@5: 100.0000 (99.6727)LR: 1.478e-02
2024-11-18 10:41:06,056 -                train: [    INFO] - Train: 265 [ 520/520]  Loss: 0.4612 (0.401)  Acc@1: 91.2500 (90.6000)  Acc@5: 100.0000 (99.6840)LR: 1.478e-02
2024-11-18 10:41:06,403 -                train: [    INFO] - Valid: 265 [   0/104]  Loss: 0.1493 (0.149)  Acc@1: 93.7500 (93.7500)  Acc@5: 100.0000 (100.0000)
2024-11-18 10:41:11,729 -                train: [    INFO] - Valid: 265 [ 104/104]  Loss: 0.1818 (0.211)  Acc@1: 93.7500 (93.4700)  Acc@5: 100.0000 (99.7900)
2024-11-18 10:41:11,767 -                train: [    INFO] - valid_acc 93.470002 - best_valid_acc 93.830002
2024-11-18 10:41:12,254 -                train: [    INFO] - Train: 266 [   0/520]  Loss: 0.3053 (0.305)  Acc@1: 92.7083 (92.7083)  Acc@5: 100.0000 (100.0000)LR: 1.471e-02
2024-11-18 10:41:59,484 -                train: [    INFO] - Train: 266 [ 200/520]  Loss: 0.4502 (0.390)  Acc@1: 89.5833 (90.8997)  Acc@5: 100.0000 (99.6631)LR: 1.471e-02
2024-11-18 10:42:46,314 -                train: [    INFO] - Train: 266 [ 400/520]  Loss: 0.4213 (0.400)  Acc@1: 91.6667 (90.6120)  Acc@5: 97.9167 (99.6883)LR: 1.471e-02
2024-11-18 10:43:14,321 -                train: [    INFO] - Train: 266 [ 520/520]  Loss: 0.3357 (0.399)  Acc@1: 92.5000 (90.6420)  Acc@5: 100.0000 (99.6720)LR: 1.471e-02
2024-11-18 10:43:15,296 -                train: [    INFO] - Valid: 266 [   0/104]  Loss: 0.2618 (0.262)  Acc@1: 91.6667 (91.6667)  Acc@5: 100.0000 (100.0000)
2024-11-18 10:43:20,811 -                train: [    INFO] - Valid: 266 [ 104/104]  Loss: 0.6180 (0.247)  Acc@1: 87.5000 (91.9600)  Acc@5: 100.0000 (99.8300)
2024-11-18 10:43:20,851 -                train: [    INFO] - valid_acc 91.960003 - best_valid_acc 93.830002
2024-11-18 10:43:21,328 -                train: [    INFO] - Train: 267 [   0/520]  Loss: 0.4093 (0.409)  Acc@1: 90.6250 (90.6250)  Acc@5: 98.9583 (98.9583)LR: 1.465e-02
2024-11-18 10:44:08,216 -                train: [    INFO] - Train: 267 [ 200/520]  Loss: 0.4510 (0.387)  Acc@1: 92.7083 (91.0966)  Acc@5: 98.9583 (99.6942)LR: 1.465e-02
2024-11-18 10:44:54,201 -                train: [    INFO] - Train: 267 [ 400/520]  Loss: 0.3242 (0.393)  Acc@1: 88.5417 (90.8120)  Acc@5: 100.0000 (99.7480)LR: 1.465e-02
2024-11-18 10:45:21,034 -                train: [    INFO] - Train: 267 [ 520/520]  Loss: 0.5070 (0.396)  Acc@1: 87.5000 (90.6720)  Acc@5: 100.0000 (99.7280)LR: 1.465e-02
2024-11-18 10:45:21,369 -                train: [    INFO] - Valid: 267 [   0/104]  Loss: 0.2741 (0.274)  Acc@1: 89.5833 (89.5833)  Acc@5: 100.0000 (100.0000)
2024-11-18 10:45:26,696 -                train: [    INFO] - Valid: 267 [ 104/104]  Loss: 0.1669 (0.214)  Acc@1: 93.7500 (93.0800)  Acc@5: 100.0000 (99.7900)
2024-11-18 10:45:26,727 -                train: [    INFO] - valid_acc 93.080003 - best_valid_acc 93.830002
2024-11-18 10:45:27,183 -                train: [    INFO] - Train: 268 [   0/520]  Loss: 0.4465 (0.447)  Acc@1: 89.5833 (89.5833)  Acc@5: 100.0000 (100.0000)LR: 1.458e-02
2024-11-18 10:46:12,556 -                train: [    INFO] - Train: 268 [ 200/520]  Loss: 0.4343 (0.386)  Acc@1: 89.5833 (90.7753)  Acc@5: 100.0000 (99.7409)LR: 1.458e-02
2024-11-18 10:46:57,385 -                train: [    INFO] - Train: 268 [ 400/520]  Loss: 0.3370 (0.387)  Acc@1: 91.6667 (90.7133)  Acc@5: 98.9583 (99.7220)LR: 1.458e-02
2024-11-18 10:47:24,189 -                train: [    INFO] - Train: 268 [ 520/520]  Loss: 0.5439 (0.396)  Acc@1: 90.0000 (90.5580)  Acc@5: 98.7500 (99.7140)LR: 1.458e-02
2024-11-18 10:47:24,490 -                train: [    INFO] - Valid: 268 [   0/104]  Loss: 0.07193 (0.0719)  Acc@1: 96.8750 (96.8750)  Acc@5: 100.0000 (100.0000)
2024-11-18 10:47:29,819 -                train: [    INFO] - Valid: 268 [ 104/104]  Loss: 0.1506 (0.199)  Acc@1: 93.7500 (93.6500)  Acc@5: 100.0000 (99.8700)
2024-11-18 10:47:29,865 -                train: [    INFO] - valid_acc 93.650002 - best_valid_acc 93.830002
2024-11-18 10:47:30,288 -                train: [    INFO] - Train: 269 [   0/520]  Loss: 0.4279 (0.428)  Acc@1: 88.5417 (88.5417)  Acc@5: 100.0000 (100.0000)LR: 1.452e-02
2024-11-18 10:48:15,520 -                train: [    INFO] - Train: 269 [ 200/520]  Loss: 0.3370 (0.381)  Acc@1: 91.6667 (90.9930)  Acc@5: 100.0000 (99.7253)LR: 1.452e-02
2024-11-18 10:49:00,932 -                train: [    INFO] - Train: 269 [ 400/520]  Loss: 0.4404 (0.398)  Acc@1: 89.5833 (90.5938)  Acc@5: 98.9583 (99.6935)LR: 1.452e-02
2024-11-18 10:49:28,470 -                train: [    INFO] - Train: 269 [ 520/520]  Loss: 0.4624 (0.394)  Acc@1: 88.7500 (90.6520)  Acc@5: 100.0000 (99.7020)LR: 1.452e-02
2024-11-18 10:49:28,778 -                train: [    INFO] - Valid: 269 [   0/104]  Loss: 0.09785 (0.0978)  Acc@1: 97.9167 (97.9167)  Acc@5: 100.0000 (100.0000)
2024-11-18 10:49:34,126 -                train: [    INFO] - Valid: 269 [ 104/104]  Loss: 0.07739 (0.216)  Acc@1: 93.7500 (93.0500)  Acc@5: 100.0000 (99.8400)
2024-11-18 10:49:34,173 -                train: [    INFO] - valid_acc 93.050002 - best_valid_acc 93.830002
2024-11-18 10:49:34,670 -                train: [    INFO] - Train: 270 [   0/520]  Loss: 0.3455 (0.346)  Acc@1: 91.6667 (91.6667)  Acc@5: 98.9583 (98.9583)LR: 1.446e-02
2024-11-18 10:50:21,672 -                train: [    INFO] - Train: 270 [ 200/520]  Loss: 0.6489 (0.388)  Acc@1: 81.2500 (90.8530)  Acc@5: 100.0000 (99.7253)LR: 1.446e-02
2024-11-18 10:51:07,337 -                train: [    INFO] - Train: 270 [ 400/520]  Loss: 0.4216 (0.391)  Acc@1: 87.5000 (90.6796)  Acc@5: 100.0000 (99.7143)LR: 1.446e-02
2024-11-18 10:51:34,886 -                train: [    INFO] - Train: 270 [ 520/520]  Loss: 0.2982 (0.395)  Acc@1: 93.7500 (90.6400)  Acc@5: 100.0000 (99.7160)LR: 1.446e-02
2024-11-18 10:51:35,212 -                train: [    INFO] - Valid: 270 [   0/104]  Loss: 0.1092 (0.109)  Acc@1: 97.9167 (97.9167)  Acc@5: 100.0000 (100.0000)
2024-11-18 10:51:40,539 -                train: [    INFO] - Valid: 270 [ 104/104]  Loss: 0.2144 (0.245)  Acc@1: 93.7500 (92.5000)  Acc@5: 100.0000 (99.8000)
2024-11-18 10:51:40,574 -                train: [    INFO] - valid_acc 92.500002 - best_valid_acc 93.830002
2024-11-18 10:51:41,023 -                train: [    INFO] - Train: 271 [   0/520]  Loss: 0.2423 (0.242)  Acc@1: 93.7500 (93.7500)  Acc@5: 100.0000 (100.0000)LR: 1.439e-02
2024-11-18 10:52:26,973 -                train: [    INFO] - Train: 271 [ 200/520]  Loss: 0.3499 (0.378)  Acc@1: 94.7917 (91.1484)  Acc@5: 100.0000 (99.7616)LR: 1.439e-02
2024-11-18 10:53:12,049 -                train: [    INFO] - Train: 271 [ 400/520]  Loss: 0.2952 (0.387)  Acc@1: 93.7500 (90.8172)  Acc@5: 98.9583 (99.7195)LR: 1.439e-02
2024-11-18 10:53:39,442 -                train: [    INFO] - Train: 271 [ 520/520]  Loss: 0.3331 (0.391)  Acc@1: 88.7500 (90.7280)  Acc@5: 100.0000 (99.7140)LR: 1.439e-02
2024-11-18 10:53:39,742 -                train: [    INFO] - Valid: 271 [   0/104]  Loss: 0.2193 (0.219)  Acc@1: 93.7500 (93.7500)  Acc@5: 100.0000 (100.0000)
2024-11-18 10:53:45,075 -                train: [    INFO] - Valid: 271 [ 104/104]  Loss: 0.1356 (0.236)  Acc@1: 87.5000 (92.3000)  Acc@5: 100.0000 (99.8700)
2024-11-18 10:53:45,109 -                train: [    INFO] - valid_acc 92.300003 - best_valid_acc 93.830002
2024-11-18 10:53:45,621 -                train: [    INFO] - Train: 272 [   0/520]  Loss: 0.2281 (0.228)  Acc@1: 96.8750 (96.8750)  Acc@5: 100.0000 (100.0000)LR: 1.433e-02
2024-11-18 10:54:30,915 -                train: [    INFO] - Train: 272 [ 200/520]  Loss: 0.2528 (0.383)  Acc@1: 93.7500 (90.8478)  Acc@5: 100.0000 (99.7253)LR: 1.433e-02
2024-11-18 10:55:16,026 -                train: [    INFO] - Train: 272 [ 400/520]  Loss: 0.5193 (0.390)  Acc@1: 86.4583 (90.7055)  Acc@5: 100.0000 (99.6545)LR: 1.433e-02
2024-11-18 10:55:43,141 -                train: [    INFO] - Train: 272 [ 520/520]  Loss: 0.2419 (0.393)  Acc@1: 95.0000 (90.7100)  Acc@5: 100.0000 (99.6600)LR: 1.433e-02
2024-11-18 10:55:43,449 -                train: [    INFO] - Valid: 272 [   0/104]  Loss: 0.2760 (0.276)  Acc@1: 90.6250 (90.6250)  Acc@5: 100.0000 (100.0000)
2024-11-18 10:55:48,947 -                train: [    INFO] - Valid: 272 [ 104/104]  Loss: 0.4188 (0.225)  Acc@1: 87.5000 (92.7800)  Acc@5: 100.0000 (99.7800)
2024-11-18 10:55:48,984 -                train: [    INFO] - valid_acc 92.780002 - best_valid_acc 93.830002
2024-11-18 10:55:49,500 -                train: [    INFO] - Train: 273 [   0/520]  Loss: 0.3346 (0.335)  Acc@1: 92.7083 (92.7083)  Acc@5: 100.0000 (100.0000)LR: 1.426e-02
2024-11-18 10:56:36,363 -                train: [    INFO] - Train: 273 [ 200/520]  Loss: 0.6685 (0.399)  Acc@1: 84.3750 (90.4177)  Acc@5: 98.9583 (99.7046)LR: 1.426e-02
2024-11-18 10:57:21,968 -                train: [    INFO] - Train: 273 [ 400/520]  Loss: 0.1696 (0.394)  Acc@1: 95.8333 (90.5912)  Acc@5: 100.0000 (99.7376)LR: 1.426e-02
2024-11-18 10:57:48,897 -                train: [    INFO] - Train: 273 [ 520/520]  Loss: 0.2813 (0.396)  Acc@1: 91.2500 (90.5920)  Acc@5: 100.0000 (99.7260)LR: 1.426e-02
2024-11-18 10:57:49,158 -                train: [    INFO] - Valid: 273 [   0/104]  Loss: 0.2400 (0.240)  Acc@1: 92.7083 (92.7083)  Acc@5: 100.0000 (100.0000)
2024-11-18 10:57:54,491 -                train: [    INFO] - Valid: 273 [ 104/104]  Loss: 0.02461 (0.217)  Acc@1: 100.0000 (92.8000)  Acc@5: 100.0000 (99.8900)
2024-11-18 10:57:54,535 -                train: [    INFO] - valid_acc 92.800003 - best_valid_acc 93.830002
2024-11-18 10:57:55,009 -                train: [    INFO] - Train: 274 [   0/520]  Loss: 0.3666 (0.367)  Acc@1: 89.5833 (89.5833)  Acc@5: 100.0000 (100.0000)LR: 1.420e-02
2024-11-18 10:58:40,522 -                train: [    INFO] - Train: 274 [ 200/520]  Loss: 0.4732 (0.396)  Acc@1: 91.6667 (90.5265)  Acc@5: 100.0000 (99.6787)LR: 1.420e-02
2024-11-18 10:59:25,377 -                train: [    INFO] - Train: 274 [ 400/520]  Loss: 0.2258 (0.400)  Acc@1: 95.8333 (90.4276)  Acc@5: 100.0000 (99.6831)LR: 1.420e-02
2024-11-18 10:59:52,332 -                train: [    INFO] - Train: 274 [ 520/520]  Loss: 0.3578 (0.400)  Acc@1: 92.5000 (90.5000)  Acc@5: 100.0000 (99.6880)LR: 1.420e-02
2024-11-18 10:59:52,587 -                train: [    INFO] - Valid: 274 [   0/104]  Loss: 0.2710 (0.271)  Acc@1: 89.5833 (89.5833)  Acc@5: 100.0000 (100.0000)
2024-11-18 10:59:57,907 -                train: [    INFO] - Valid: 274 [ 104/104]  Loss: 0.4868 (0.193)  Acc@1: 81.2500 (93.7300)  Acc@5: 100.0000 (99.8200)
2024-11-18 10:59:57,935 -                train: [    INFO] - valid_acc 93.730003 - best_valid_acc 93.830002
2024-11-18 10:59:58,376 -                train: [    INFO] - Train: 275 [   0/520]  Loss: 0.2520 (0.252)  Acc@1: 92.7083 (92.7083)  Acc@5: 100.0000 (100.0000)LR: 1.413e-02
2024-11-18 11:00:43,550 -                train: [    INFO] - Train: 275 [ 200/520]  Loss: 0.6449 (0.396)  Acc@1: 83.3333 (90.6509)  Acc@5: 97.9167 (99.6787)LR: 1.413e-02
2024-11-18 11:01:29,315 -                train: [    INFO] - Train: 275 [ 400/520]  Loss: 0.5257 (0.393)  Acc@1: 88.5417 (90.7627)  Acc@5: 98.9583 (99.6961)LR: 1.413e-02
2024-11-18 11:01:56,723 -                train: [    INFO] - Train: 275 [ 520/520]  Loss: 0.3285 (0.396)  Acc@1: 93.7500 (90.7500)  Acc@5: 100.0000 (99.6980)LR: 1.413e-02
2024-11-18 11:01:57,057 -                train: [    INFO] - Valid: 275 [   0/104]  Loss: 0.3524 (0.352)  Acc@1: 87.5000 (87.5000)  Acc@5: 100.0000 (100.0000)
2024-11-18 11:02:02,407 -                train: [    INFO] - Valid: 275 [ 104/104]  Loss: 0.1257 (0.221)  Acc@1: 93.7500 (93.1600)  Acc@5: 100.0000 (99.8100)
2024-11-18 11:02:02,642 -                train: [    INFO] - valid_acc 93.160003 - best_valid_acc 93.830002
2024-11-18 11:02:03,114 -                train: [    INFO] - Train: 276 [   0/520]  Loss: 0.3436 (0.344)  Acc@1: 92.7083 (92.7083)  Acc@5: 100.0000 (100.0000)LR: 1.407e-02
2024-11-18 11:02:48,373 -                train: [    INFO] - Train: 276 [ 200/520]  Loss: 0.3824 (0.374)  Acc@1: 88.5417 (91.1951)  Acc@5: 98.9583 (99.7150)LR: 1.407e-02
2024-11-18 11:03:33,685 -                train: [    INFO] - Train: 276 [ 400/520]  Loss: 0.3066 (0.388)  Acc@1: 90.6250 (90.8328)  Acc@5: 100.0000 (99.6857)LR: 1.407e-02
2024-11-18 11:04:00,489 -                train: [    INFO] - Train: 276 [ 520/520]  Loss: 0.5562 (0.391)  Acc@1: 85.0000 (90.7520)  Acc@5: 100.0000 (99.6840)LR: 1.407e-02
2024-11-18 11:04:00,764 -                train: [    INFO] - Valid: 276 [   0/104]  Loss: 0.2553 (0.255)  Acc@1: 95.8333 (95.8333)  Acc@5: 100.0000 (100.0000)
2024-11-18 11:04:06,015 -                train: [    INFO] - Valid: 276 [ 104/104]  Loss: 0.5835 (0.234)  Acc@1: 81.2500 (92.6000)  Acc@5: 100.0000 (99.8400)
2024-11-18 11:04:06,999 -                train: [    INFO] - valid_acc 92.600003 - best_valid_acc 93.830002
2024-11-18 11:04:07,476 -                train: [    INFO] - Train: 277 [   0/520]  Loss: 0.3387 (0.339)  Acc@1: 93.7500 (93.7500)  Acc@5: 98.9583 (98.9583)LR: 1.400e-02
2024-11-18 11:04:52,857 -                train: [    INFO] - Train: 277 [ 200/520]  Loss: 0.2613 (0.379)  Acc@1: 95.8333 (90.9152)  Acc@5: 98.9583 (99.7357)LR: 1.400e-02
2024-11-18 11:05:37,596 -                train: [    INFO] - Train: 277 [ 400/520]  Loss: 0.5575 (0.386)  Acc@1: 83.3333 (90.8172)  Acc@5: 98.9583 (99.7143)LR: 1.400e-02
2024-11-18 11:06:04,544 -                train: [    INFO] - Train: 277 [ 520/520]  Loss: 0.4313 (0.386)  Acc@1: 88.7500 (90.8380)  Acc@5: 98.7500 (99.7000)LR: 1.400e-02
2024-11-18 11:06:04,997 -                train: [    INFO] - Valid: 277 [   0/104]  Loss: 0.1615 (0.161)  Acc@1: 96.8750 (96.8750)  Acc@5: 98.9583 (98.9583)
2024-11-18 11:06:10,374 -                train: [    INFO] - Valid: 277 [ 104/104]  Loss: 0.3201 (0.194)  Acc@1: 93.7500 (93.6000)  Acc@5: 100.0000 (99.8100)
2024-11-18 11:06:10,419 -                train: [    INFO] - valid_acc 93.600002 - best_valid_acc 93.830002
2024-11-18 11:06:10,927 -                train: [    INFO] - Train: 278 [   0/520]  Loss: 0.2452 (0.245)  Acc@1: 93.7500 (93.7500)  Acc@5: 100.0000 (100.0000)LR: 1.394e-02
2024-11-18 11:06:56,289 -                train: [    INFO] - Train: 278 [ 200/520]  Loss: 0.4179 (0.387)  Acc@1: 89.5833 (90.6613)  Acc@5: 97.9167 (99.6735)LR: 1.394e-02
2024-11-18 11:07:41,241 -                train: [    INFO] - Train: 278 [ 400/520]  Loss: 0.5128 (0.387)  Acc@1: 88.5417 (90.8354)  Acc@5: 98.9583 (99.6961)LR: 1.394e-02
2024-11-18 11:08:08,046 -                train: [    INFO] - Train: 278 [ 520/520]  Loss: 0.2144 (0.390)  Acc@1: 96.2500 (90.7740)  Acc@5: 100.0000 (99.6680)LR: 1.394e-02
2024-11-18 11:08:08,404 -                train: [    INFO] - Valid: 278 [   0/104]  Loss: 0.1748 (0.175)  Acc@1: 95.8333 (95.8333)  Acc@5: 100.0000 (100.0000)
2024-11-18 11:08:13,770 -                train: [    INFO] - Valid: 278 [ 104/104]  Loss: 0.1904 (0.197)  Acc@1: 93.7500 (93.5300)  Acc@5: 100.0000 (99.8100)
2024-11-18 11:08:13,812 -                train: [    INFO] - valid_acc 93.530003 - best_valid_acc 93.830002
2024-11-18 11:08:14,238 -                train: [    INFO] - Train: 279 [   0/520]  Loss: 0.2259 (0.226)  Acc@1: 95.8333 (95.8333)  Acc@5: 100.0000 (100.0000)LR: 1.387e-02
2024-11-18 11:08:59,535 -                train: [    INFO] - Train: 279 [ 200/520]  Loss: 0.4495 (0.391)  Acc@1: 87.5000 (90.5991)  Acc@5: 100.0000 (99.7046)LR: 1.387e-02
2024-11-18 11:09:44,235 -                train: [    INFO] - Train: 279 [ 400/520]  Loss: 0.3113 (0.386)  Acc@1: 90.6250 (90.7964)  Acc@5: 100.0000 (99.7220)LR: 1.387e-02
2024-11-18 11:10:10,925 -                train: [    INFO] - Train: 279 [ 520/520]  Loss: 0.4391 (0.387)  Acc@1: 85.0000 (90.8380)  Acc@5: 100.0000 (99.7240)LR: 1.387e-02
2024-11-18 11:10:11,162 -                train: [    INFO] - Valid: 279 [   0/104]  Loss: 0.1167 (0.117)  Acc@1: 94.7917 (94.7917)  Acc@5: 100.0000 (100.0000)
2024-11-18 11:10:16,497 -                train: [    INFO] - Valid: 279 [ 104/104]  Loss: 0.2895 (0.203)  Acc@1: 87.5000 (93.5200)  Acc@5: 100.0000 (99.8300)
2024-11-18 11:10:16,531 -                train: [    INFO] - valid_acc 93.520003 - best_valid_acc 93.830002
2024-11-18 11:10:16,957 -                train: [    INFO] - Train: 280 [   0/520]  Loss: 0.4170 (0.417)  Acc@1: 88.5417 (88.5417)  Acc@5: 100.0000 (100.0000)LR: 1.381e-02
2024-11-18 11:11:01,758 -                train: [    INFO] - Train: 280 [ 200/520]  Loss: 0.3288 (0.385)  Acc@1: 94.7917 (90.8478)  Acc@5: 100.0000 (99.6994)LR: 1.381e-02
2024-11-18 11:11:45,988 -                train: [    INFO] - Train: 280 [ 400/520]  Loss: 0.4957 (0.390)  Acc@1: 87.5000 (90.6536)  Acc@5: 100.0000 (99.7143)LR: 1.381e-02
2024-11-18 11:12:12,620 -                train: [    INFO] - Train: 280 [ 520/520]  Loss: 0.3601 (0.391)  Acc@1: 93.7500 (90.6680)  Acc@5: 98.7500 (99.7020)LR: 1.381e-02
2024-11-18 11:12:12,906 -                train: [    INFO] - Valid: 280 [   0/104]  Loss: 0.2102 (0.210)  Acc@1: 93.7500 (93.7500)  Acc@5: 100.0000 (100.0000)
2024-11-18 11:12:18,225 -                train: [    INFO] - Valid: 280 [ 104/104]  Loss: 0.07186 (0.195)  Acc@1: 100.0000 (93.7600)  Acc@5: 100.0000 (99.9000)
2024-11-18 11:12:18,261 -                train: [    INFO] - valid_acc 93.760003 - best_valid_acc 93.830002
2024-11-18 11:12:18,765 -                train: [    INFO] - Train: 281 [   0/520]  Loss: 0.3757 (0.376)  Acc@1: 89.5833 (89.5833)  Acc@5: 100.0000 (100.0000)LR: 1.374e-02
2024-11-18 11:13:04,177 -                train: [    INFO] - Train: 281 [ 200/520]  Loss: 0.4562 (0.378)  Acc@1: 87.5000 (90.9619)  Acc@5: 100.0000 (99.7305)LR: 1.374e-02
2024-11-18 11:13:49,833 -                train: [    INFO] - Train: 281 [ 400/520]  Loss: 0.4206 (0.387)  Acc@1: 89.5833 (90.8744)  Acc@5: 98.9583 (99.7091)LR: 1.374e-02
2024-11-18 11:14:16,950 -                train: [    INFO] - Train: 281 [ 520/520]  Loss: 0.3349 (0.389)  Acc@1: 92.5000 (90.8240)  Acc@5: 100.0000 (99.7160)LR: 1.374e-02
2024-11-18 11:14:17,193 -                train: [    INFO] - Valid: 281 [   0/104]  Loss: 0.1981 (0.198)  Acc@1: 94.7917 (94.7917)  Acc@5: 100.0000 (100.0000)
2024-11-18 11:14:22,581 -                train: [    INFO] - Valid: 281 [ 104/104]  Loss: 0.1929 (0.194)  Acc@1: 93.7500 (94.0600)  Acc@5: 100.0000 (99.8800)
2024-11-18 11:14:23,119 -                train: [    INFO] - valid_acc 94.060003 - best_valid_acc 94.060003
2024-11-18 11:14:23,787 -                train: [    INFO] - Train: 282 [   0/520]  Loss: 0.4454 (0.445)  Acc@1: 89.5833 (89.5833)  Acc@5: 98.9583 (98.9583)LR: 1.368e-02
2024-11-18 11:15:09,281 -                train: [    INFO] - Train: 282 [ 200/520]  Loss: 0.3604 (0.383)  Acc@1: 91.6667 (90.8478)  Acc@5: 98.9583 (99.7772)LR: 1.368e-02
2024-11-18 11:15:54,959 -                train: [    INFO] - Train: 282 [ 400/520]  Loss: 0.2039 (0.384)  Acc@1: 95.8333 (90.7964)  Acc@5: 100.0000 (99.7195)LR: 1.368e-02
2024-11-18 11:16:21,914 -                train: [    INFO] - Train: 282 [ 520/520]  Loss: 0.2668 (0.387)  Acc@1: 93.7500 (90.8040)  Acc@5: 100.0000 (99.7060)LR: 1.368e-02
2024-11-18 11:16:22,189 -                train: [    INFO] - Valid: 282 [   0/104]  Loss: 0.2577 (0.258)  Acc@1: 92.7083 (92.7083)  Acc@5: 100.0000 (100.0000)
2024-11-18 11:16:27,586 -                train: [    INFO] - Valid: 282 [ 104/104]  Loss: 0.3343 (0.210)  Acc@1: 93.7500 (93.4000)  Acc@5: 100.0000 (99.8500)
2024-11-18 11:16:27,625 -                train: [    INFO] - valid_acc 93.400002 - best_valid_acc 94.060003
2024-11-18 11:16:28,087 -                train: [    INFO] - Train: 283 [   0/520]  Loss: 0.3770 (0.377)  Acc@1: 91.6667 (91.6667)  Acc@5: 98.9583 (98.9583)LR: 1.361e-02
2024-11-18 11:17:15,838 -                train: [    INFO] - Train: 283 [ 200/520]  Loss: 0.3243 (0.380)  Acc@1: 91.6667 (91.2262)  Acc@5: 100.0000 (99.7668)LR: 1.361e-02
2024-11-18 11:18:02,005 -                train: [    INFO] - Train: 283 [ 400/520]  Loss: 0.3570 (0.380)  Acc@1: 93.7500 (91.1705)  Acc@5: 100.0000 (99.7428)LR: 1.361e-02
2024-11-18 11:18:29,569 -                train: [    INFO] - Train: 283 [ 520/520]  Loss: 0.5506 (0.389)  Acc@1: 81.2500 (90.9020)  Acc@5: 100.0000 (99.7380)LR: 1.361e-02
2024-11-18 11:18:29,912 -                train: [    INFO] - Valid: 283 [   0/104]  Loss: 0.2533 (0.253)  Acc@1: 92.7083 (92.7083)  Acc@5: 100.0000 (100.0000)
2024-11-18 11:18:35,285 -                train: [    INFO] - Valid: 283 [ 104/104]  Loss: 0.2906 (0.223)  Acc@1: 87.5000 (92.9300)  Acc@5: 100.0000 (99.7400)
2024-11-18 11:18:35,328 -                train: [    INFO] - valid_acc 92.930003 - best_valid_acc 94.060003
2024-11-18 11:18:35,796 -                train: [    INFO] - Train: 284 [   0/520]  Loss: 0.5430 (0.543)  Acc@1: 88.5417 (88.5417)  Acc@5: 98.9583 (98.9583)LR: 1.355e-02
2024-11-18 11:19:20,873 -                train: [    INFO] - Train: 284 [ 200/520]  Loss: 0.2222 (0.392)  Acc@1: 96.8750 (90.6976)  Acc@5: 100.0000 (99.6891)LR: 1.355e-02
2024-11-18 11:20:05,348 -                train: [    INFO] - Train: 284 [ 400/520]  Loss: 0.3232 (0.384)  Acc@1: 94.7917 (90.9185)  Acc@5: 100.0000 (99.7117)LR: 1.355e-02
2024-11-18 11:20:32,078 -                train: [    INFO] - Train: 284 [ 520/520]  Loss: 0.5096 (0.383)  Acc@1: 90.0000 (90.9680)  Acc@5: 100.0000 (99.7140)LR: 1.355e-02
2024-11-18 11:20:32,343 -                train: [    INFO] - Valid: 284 [   0/104]  Loss: 0.1445 (0.144)  Acc@1: 94.7917 (94.7917)  Acc@5: 100.0000 (100.0000)
2024-11-18 11:20:37,653 -                train: [    INFO] - Valid: 284 [ 104/104]  Loss: 0.2319 (0.218)  Acc@1: 87.5000 (93.1000)  Acc@5: 100.0000 (99.8200)
2024-11-18 11:20:37,693 -                train: [    INFO] - valid_acc 93.100002 - best_valid_acc 94.060003
2024-11-18 11:20:38,187 -                train: [    INFO] - Train: 285 [   0/520]  Loss: 0.2740 (0.274)  Acc@1: 94.7917 (94.7917)  Acc@5: 100.0000 (100.0000)LR: 1.348e-02
2024-11-18 11:21:23,114 -                train: [    INFO] - Train: 285 [ 200/520]  Loss: 0.3977 (0.369)  Acc@1: 86.4583 (91.3143)  Acc@5: 98.9583 (99.7979)LR: 1.348e-02
2024-11-18 11:22:07,800 -                train: [    INFO] - Train: 285 [ 400/520]  Loss: 0.4577 (0.380)  Acc@1: 87.5000 (91.0017)  Acc@5: 100.0000 (99.7636)LR: 1.348e-02
2024-11-18 11:22:34,613 -                train: [    INFO] - Train: 285 [ 520/520]  Loss: 0.4148 (0.386)  Acc@1: 90.0000 (90.8520)  Acc@5: 100.0000 (99.7500)LR: 1.348e-02
2024-11-18 11:22:34,895 -                train: [    INFO] - Valid: 285 [   0/104]  Loss: 0.2635 (0.264)  Acc@1: 89.5833 (89.5833)  Acc@5: 100.0000 (100.0000)
2024-11-18 11:22:40,214 -                train: [    INFO] - Valid: 285 [ 104/104]  Loss: 0.1799 (0.188)  Acc@1: 93.7500 (93.7500)  Acc@5: 100.0000 (99.8700)
2024-11-18 11:22:40,249 -                train: [    INFO] - valid_acc 93.750002 - best_valid_acc 94.060003
2024-11-18 11:22:40,709 -                train: [    INFO] - Train: 286 [   0/520]  Loss: 0.2493 (0.249)  Acc@1: 95.8333 (95.8333)  Acc@5: 100.0000 (100.0000)LR: 1.342e-02
2024-11-18 11:23:26,600 -                train: [    INFO] - Train: 286 [ 200/520]  Loss: 0.2372 (0.374)  Acc@1: 95.8333 (91.1847)  Acc@5: 100.0000 (99.7409)LR: 1.342e-02
2024-11-18 11:24:12,937 -                train: [    INFO] - Train: 286 [ 400/520]  Loss: 0.2724 (0.383)  Acc@1: 94.7917 (90.9705)  Acc@5: 100.0000 (99.7298)LR: 1.342e-02
2024-11-18 11:24:40,910 -                train: [    INFO] - Train: 286 [ 520/520]  Loss: 0.3772 (0.385)  Acc@1: 92.5000 (90.9380)  Acc@5: 100.0000 (99.7040)LR: 1.342e-02
2024-11-18 11:24:41,519 -                train: [    INFO] - Valid: 286 [   0/104]  Loss: 0.3482 (0.348)  Acc@1: 87.5000 (87.5000)  Acc@5: 100.0000 (100.0000)
2024-11-18 11:24:46,854 -                train: [    INFO] - Valid: 286 [ 104/104]  Loss: 0.3573 (0.189)  Acc@1: 93.7500 (93.9100)  Acc@5: 100.0000 (99.8600)
2024-11-18 11:24:48,528 -                train: [    INFO] - valid_acc 93.910003 - best_valid_acc 94.060003
2024-11-18 11:24:49,032 -                train: [    INFO] - Train: 287 [   0/520]  Loss: 0.3718 (0.372)  Acc@1: 93.7500 (93.7500)  Acc@5: 100.0000 (100.0000)LR: 1.335e-02
2024-11-18 11:25:37,131 -                train: [    INFO] - Train: 287 [ 200/520]  Loss: 0.6333 (0.375)  Acc@1: 85.4167 (91.1743)  Acc@5: 100.0000 (99.8031)LR: 1.335e-02
2024-11-18 11:26:22,650 -                train: [    INFO] - Train: 287 [ 400/520]  Loss: 0.3757 (0.386)  Acc@1: 88.5417 (90.8822)  Acc@5: 100.0000 (99.7220)LR: 1.335e-02
2024-11-18 11:26:49,533 -                train: [    INFO] - Train: 287 [ 520/520]  Loss: 0.2630 (0.386)  Acc@1: 95.0000 (90.8780)  Acc@5: 100.0000 (99.7400)LR: 1.335e-02
2024-11-18 11:26:49,842 -                train: [    INFO] - Valid: 287 [   0/104]  Loss: 0.2832 (0.283)  Acc@1: 93.7500 (93.7500)  Acc@5: 100.0000 (100.0000)
2024-11-18 11:26:55,190 -                train: [    INFO] - Valid: 287 [ 104/104]  Loss: 0.2173 (0.222)  Acc@1: 93.7500 (92.9200)  Acc@5: 100.0000 (99.8000)
2024-11-18 11:26:55,263 -                train: [    INFO] - valid_acc 92.920003 - best_valid_acc 94.060003
2024-11-18 11:26:55,750 -                train: [    INFO] - Train: 288 [   0/520]  Loss: 0.5136 (0.514)  Acc@1: 87.5000 (87.5000)  Acc@5: 98.9583 (98.9583)LR: 1.328e-02
2024-11-18 11:27:40,331 -                train: [    INFO] - Train: 288 [ 200/520]  Loss: 0.5124 (0.372)  Acc@1: 87.5000 (91.1692)  Acc@5: 98.9583 (99.7409)LR: 1.328e-02
2024-11-18 11:28:25,031 -                train: [    INFO] - Train: 288 [ 400/520]  Loss: 0.4321 (0.382)  Acc@1: 88.5417 (90.8848)  Acc@5: 98.9583 (99.7272)LR: 1.328e-02
2024-11-18 11:28:51,936 -                train: [    INFO] - Train: 288 [ 520/520]  Loss: 0.5011 (0.382)  Acc@1: 87.5000 (90.8740)  Acc@5: 100.0000 (99.7240)LR: 1.328e-02
2024-11-18 11:28:52,245 -                train: [    INFO] - Valid: 288 [   0/104]  Loss: 0.1976 (0.198)  Acc@1: 93.7500 (93.7500)  Acc@5: 100.0000 (100.0000)
2024-11-18 11:28:57,665 -                train: [    INFO] - Valid: 288 [ 104/104]  Loss: 0.1600 (0.227)  Acc@1: 87.5000 (92.8700)  Acc@5: 100.0000 (99.7200)
2024-11-18 11:28:57,711 -                train: [    INFO] - valid_acc 92.870003 - best_valid_acc 94.060003
2024-11-18 11:28:58,213 -                train: [    INFO] - Train: 289 [   0/520]  Loss: 0.6208 (0.621)  Acc@1: 84.3750 (84.3750)  Acc@5: 100.0000 (100.0000)LR: 1.322e-02
2024-11-18 11:29:43,050 -                train: [    INFO] - Train: 289 [ 200/520]  Loss: 0.3067 (0.382)  Acc@1: 96.8750 (91.1277)  Acc@5: 100.0000 (99.7512)LR: 1.322e-02
2024-11-18 11:30:27,697 -                train: [    INFO] - Train: 289 [ 400/520]  Loss: 0.3986 (0.378)  Acc@1: 90.6250 (91.1004)  Acc@5: 100.0000 (99.7532)LR: 1.322e-02
2024-11-18 11:30:54,363 -                train: [    INFO] - Train: 289 [ 520/520]  Loss: 0.3410 (0.380)  Acc@1: 92.5000 (91.0020)  Acc@5: 100.0000 (99.7580)LR: 1.322e-02
2024-11-18 11:30:55,103 -                train: [    INFO] - Valid: 289 [   0/104]  Loss: 0.1643 (0.164)  Acc@1: 94.7917 (94.7917)  Acc@5: 100.0000 (100.0000)
2024-11-18 11:31:00,424 -                train: [    INFO] - Valid: 289 [ 104/104]  Loss: 0.2472 (0.216)  Acc@1: 93.7500 (93.4200)  Acc@5: 100.0000 (99.8200)
2024-11-18 11:31:00,484 -                train: [    INFO] - valid_acc 93.420002 - best_valid_acc 94.060003
2024-11-18 11:31:00,902 -                train: [    INFO] - Train: 290 [   0/520]  Loss: 0.3375 (0.338)  Acc@1: 94.7917 (94.7917)  Acc@5: 100.0000 (100.0000)LR: 1.315e-02
2024-11-18 11:31:45,764 -                train: [    INFO] - Train: 290 [ 200/520]  Loss: 0.4790 (0.377)  Acc@1: 87.5000 (91.2832)  Acc@5: 100.0000 (99.6994)LR: 1.315e-02
2024-11-18 11:32:30,203 -                train: [    INFO] - Train: 290 [ 400/520]  Loss: 0.4959 (0.378)  Acc@1: 85.4167 (91.1056)  Acc@5: 100.0000 (99.7324)LR: 1.315e-02
2024-11-18 11:32:56,882 -                train: [    INFO] - Train: 290 [ 520/520]  Loss: 0.4782 (0.386)  Acc@1: 83.7500 (90.9400)  Acc@5: 100.0000 (99.7140)LR: 1.315e-02
2024-11-18 11:32:57,127 -                train: [    INFO] - Valid: 290 [   0/104]  Loss: 0.1938 (0.194)  Acc@1: 89.5833 (89.5833)  Acc@5: 100.0000 (100.0000)
2024-11-18 11:33:02,416 -                train: [    INFO] - Valid: 290 [ 104/104]  Loss: 0.2889 (0.187)  Acc@1: 81.2500 (93.8100)  Acc@5: 100.0000 (99.7900)
2024-11-18 11:33:02,459 -                train: [    INFO] - valid_acc 93.810002 - best_valid_acc 94.060003
2024-11-18 11:33:02,878 -                train: [    INFO] - Train: 291 [   0/520]  Loss: 0.3814 (0.381)  Acc@1: 89.5833 (89.5833)  Acc@5: 100.0000 (100.0000)LR: 1.309e-02
2024-11-18 11:33:48,002 -                train: [    INFO] - Train: 291 [ 200/520]  Loss: 0.5104 (0.376)  Acc@1: 88.5417 (91.1743)  Acc@5: 98.9583 (99.7357)LR: 1.309e-02
2024-11-18 11:34:32,749 -                train: [    INFO] - Train: 291 [ 400/520]  Loss: 0.3877 (0.376)  Acc@1: 92.7083 (91.2796)  Acc@5: 100.0000 (99.7298)LR: 1.309e-02
2024-11-18 11:34:59,546 -                train: [    INFO] - Train: 291 [ 520/520]  Loss: 0.4357 (0.377)  Acc@1: 87.5000 (91.2180)  Acc@5: 100.0000 (99.7240)LR: 1.309e-02
2024-11-18 11:35:00,103 -                train: [    INFO] - Valid: 291 [   0/104]  Loss: 0.2133 (0.213)  Acc@1: 94.7917 (94.7917)  Acc@5: 98.9583 (98.9583)
2024-11-18 11:35:05,449 -                train: [    INFO] - Valid: 291 [ 104/104]  Loss: 0.3256 (0.185)  Acc@1: 93.7500 (93.9700)  Acc@5: 100.0000 (99.8400)
2024-11-18 11:35:05,502 -                train: [    INFO] - valid_acc 93.970002 - best_valid_acc 94.060003
2024-11-18 11:35:05,998 -                train: [    INFO] - Train: 292 [   0/520]  Loss: 0.3981 (0.398)  Acc@1: 89.5833 (89.5833)  Acc@5: 98.9583 (98.9583)LR: 1.302e-02
2024-11-18 11:35:51,582 -                train: [    INFO] - Train: 292 [ 200/520]  Loss: 0.4764 (0.370)  Acc@1: 87.5000 (91.4179)  Acc@5: 98.9583 (99.7720)LR: 1.302e-02
2024-11-18 11:36:37,696 -                train: [    INFO] - Train: 292 [ 400/520]  Loss: 0.2057 (0.375)  Acc@1: 96.8750 (91.2536)  Acc@5: 100.0000 (99.7454)LR: 1.302e-02
2024-11-18 11:37:04,367 -                train: [    INFO] - Train: 292 [ 520/520]  Loss: 0.2952 (0.375)  Acc@1: 92.5000 (91.2560)  Acc@5: 100.0000 (99.7340)LR: 1.302e-02
2024-11-18 11:37:04,621 -                train: [    INFO] - Valid: 292 [   0/104]  Loss: 0.2060 (0.206)  Acc@1: 93.7500 (93.7500)  Acc@5: 98.9583 (98.9583)
2024-11-18 11:37:09,983 -                train: [    INFO] - Valid: 292 [ 104/104]  Loss: 0.2915 (0.220)  Acc@1: 93.7500 (93.0200)  Acc@5: 100.0000 (99.7900)
2024-11-18 11:37:10,032 -                train: [    INFO] - valid_acc 93.020002 - best_valid_acc 94.060003
2024-11-18 11:37:10,513 -                train: [    INFO] - Train: 293 [   0/520]  Loss: 0.4273 (0.427)  Acc@1: 88.5417 (88.5417)  Acc@5: 100.0000 (100.0000)LR: 1.296e-02
2024-11-18 11:37:55,342 -                train: [    INFO] - Train: 293 [ 200/520]  Loss: 0.1977 (0.380)  Acc@1: 94.7917 (91.1173)  Acc@5: 100.0000 (99.7253)LR: 1.296e-02
2024-11-18 11:38:39,973 -                train: [    INFO] - Train: 293 [ 400/520]  Loss: 0.3746 (0.383)  Acc@1: 91.6667 (90.9341)  Acc@5: 100.0000 (99.6935)LR: 1.296e-02
2024-11-18 11:39:06,943 -                train: [    INFO] - Train: 293 [ 520/520]  Loss: 0.3298 (0.378)  Acc@1: 93.7500 (91.0940)  Acc@5: 100.0000 (99.7160)LR: 1.296e-02
2024-11-18 11:39:07,331 -                train: [    INFO] - Valid: 293 [   0/104]  Loss: 0.06293 (0.0629)  Acc@1: 97.9167 (97.9167)  Acc@5: 100.0000 (100.0000)
2024-11-18 11:39:12,710 -                train: [    INFO] - Valid: 293 [ 104/104]  Loss: 0.3065 (0.191)  Acc@1: 81.2500 (93.9100)  Acc@5: 100.0000 (99.8700)
2024-11-18 11:39:12,756 -                train: [    INFO] - valid_acc 93.910002 - best_valid_acc 94.060003
2024-11-18 11:39:13,253 -                train: [    INFO] - Train: 294 [   0/520]  Loss: 0.2492 (0.249)  Acc@1: 93.7500 (93.7500)  Acc@5: 100.0000 (100.0000)LR: 1.289e-02
2024-11-18 11:39:58,007 -                train: [    INFO] - Train: 294 [ 200/520]  Loss: 0.4148 (0.366)  Acc@1: 90.6250 (91.2884)  Acc@5: 100.0000 (99.7616)LR: 1.289e-02
2024-11-18 11:40:42,781 -                train: [    INFO] - Train: 294 [ 400/520]  Loss: 0.3266 (0.364)  Acc@1: 91.6667 (91.3783)  Acc@5: 100.0000 (99.7480)LR: 1.289e-02
2024-11-18 11:41:09,691 -                train: [    INFO] - Train: 294 [ 520/520]  Loss: 0.5790 (0.371)  Acc@1: 86.2500 (91.2180)  Acc@5: 100.0000 (99.7460)LR: 1.289e-02
2024-11-18 11:41:10,098 -                train: [    INFO] - Valid: 294 [   0/104]  Loss: 0.1270 (0.127)  Acc@1: 94.7917 (94.7917)  Acc@5: 100.0000 (100.0000)
2024-11-18 11:41:15,349 -                train: [    INFO] - Valid: 294 [ 104/104]  Loss: 0.5512 (0.194)  Acc@1: 87.5000 (93.9400)  Acc@5: 100.0000 (99.8400)
2024-11-18 11:41:15,406 -                train: [    INFO] - valid_acc 93.940003 - best_valid_acc 94.060003
2024-11-18 11:41:15,895 -                train: [    INFO] - Train: 295 [   0/520]  Loss: 0.2519 (0.252)  Acc@1: 95.8333 (95.8333)  Acc@5: 98.9583 (98.9583)LR: 1.283e-02
2024-11-18 11:42:03,222 -                train: [    INFO] - Train: 295 [ 200/520]  Loss: 0.3194 (0.358)  Acc@1: 91.6667 (91.6356)  Acc@5: 100.0000 (99.7409)LR: 1.283e-02
2024-11-18 11:42:50,232 -                train: [    INFO] - Train: 295 [ 400/520]  Loss: 0.3698 (0.369)  Acc@1: 93.7500 (91.2614)  Acc@5: 100.0000 (99.7065)LR: 1.283e-02
2024-11-18 11:43:17,516 -                train: [    INFO] - Train: 295 [ 520/520]  Loss: 0.2789 (0.374)  Acc@1: 93.7500 (91.1460)  Acc@5: 100.0000 (99.6920)LR: 1.283e-02
2024-11-18 11:43:17,842 -                train: [    INFO] - Valid: 295 [   0/104]  Loss: 0.2464 (0.246)  Acc@1: 94.7917 (94.7917)  Acc@5: 100.0000 (100.0000)
2024-11-18 11:43:23,204 -                train: [    INFO] - Valid: 295 [ 104/104]  Loss: 0.2508 (0.177)  Acc@1: 93.7500 (94.2700)  Acc@5: 100.0000 (99.8600)
2024-11-18 11:43:23,847 -                train: [    INFO] - valid_acc 94.270003 - best_valid_acc 94.270003
2024-11-18 11:43:24,343 -                train: [    INFO] - Train: 296 [   0/520]  Loss: 0.2926 (0.293)  Acc@1: 91.6667 (91.6667)  Acc@5: 100.0000 (100.0000)LR: 1.276e-02
2024-11-18 11:44:10,981 -                train: [    INFO] - Train: 296 [ 200/520]  Loss: 0.5013 (0.365)  Acc@1: 86.4583 (91.1847)  Acc@5: 98.9583 (99.7305)LR: 1.276e-02
2024-11-18 11:44:56,641 -                train: [    INFO] - Train: 296 [ 400/520]  Loss: 0.2962 (0.361)  Acc@1: 92.7083 (91.1861)  Acc@5: 100.0000 (99.7792)LR: 1.276e-02
2024-11-18 11:45:23,495 -                train: [    INFO] - Train: 296 [ 520/520]  Loss: 0.2371 (0.373)  Acc@1: 93.7500 (91.0500)  Acc@5: 100.0000 (99.7680)LR: 1.276e-02
2024-11-18 11:45:23,815 -                train: [    INFO] - Valid: 296 [   0/104]  Loss: 0.3181 (0.318)  Acc@1: 92.7083 (92.7083)  Acc@5: 98.9583 (98.9583)
2024-11-18 11:45:29,165 -                train: [    INFO] - Valid: 296 [ 104/104]  Loss: 0.4010 (0.201)  Acc@1: 93.7500 (93.4000)  Acc@5: 100.0000 (99.8300)
2024-11-18 11:45:29,192 -                train: [    INFO] - valid_acc 93.400002 - best_valid_acc 94.270003
2024-11-18 11:45:29,596 -                train: [    INFO] - Train: 297 [   0/520]  Loss: 0.2667 (0.267)  Acc@1: 93.7500 (93.7500)  Acc@5: 100.0000 (100.0000)LR: 1.270e-02
2024-11-18 11:46:14,633 -                train: [    INFO] - Train: 297 [ 200/520]  Loss: 0.4037 (0.368)  Acc@1: 91.6667 (91.6459)  Acc@5: 100.0000 (99.7875)LR: 1.270e-02
2024-11-18 11:46:59,794 -                train: [    INFO] - Train: 297 [ 400/520]  Loss: 0.3605 (0.368)  Acc@1: 90.6250 (91.4329)  Acc@5: 98.9583 (99.7610)LR: 1.270e-02
2024-11-18 11:47:26,465 -                train: [    INFO] - Train: 297 [ 520/520]  Loss: 0.1914 (0.370)  Acc@1: 96.2500 (91.3040)  Acc@5: 100.0000 (99.7580)LR: 1.270e-02
2024-11-18 11:47:26,730 -                train: [    INFO] - Valid: 297 [   0/104]  Loss: 0.1344 (0.134)  Acc@1: 93.7500 (93.7500)  Acc@5: 100.0000 (100.0000)
2024-11-18 11:47:32,109 -                train: [    INFO] - Valid: 297 [ 104/104]  Loss: 0.4064 (0.196)  Acc@1: 93.7500 (93.4900)  Acc@5: 100.0000 (99.8300)
2024-11-18 11:47:32,146 -                train: [    INFO] - valid_acc 93.490003 - best_valid_acc 94.270003
2024-11-18 11:47:32,577 -                train: [    INFO] - Train: 298 [   0/520]  Loss: 0.4976 (0.498)  Acc@1: 89.5833 (89.5833)  Acc@5: 100.0000 (100.0000)LR: 1.263e-02
2024-11-18 11:48:17,848 -                train: [    INFO] - Train: 298 [ 200/520]  Loss: 0.2712 (0.369)  Acc@1: 93.7500 (91.4179)  Acc@5: 100.0000 (99.7616)LR: 1.263e-02
2024-11-18 11:49:02,992 -                train: [    INFO] - Train: 298 [ 400/520]  Loss: 0.4097 (0.375)  Acc@1: 88.5417 (91.2848)  Acc@5: 100.0000 (99.7532)LR: 1.263e-02
2024-11-18 11:49:29,588 -                train: [    INFO] - Train: 298 [ 520/520]  Loss: 0.5225 (0.375)  Acc@1: 87.5000 (91.1620)  Acc@5: 98.7500 (99.7260)LR: 1.263e-02
2024-11-18 11:49:29,851 -                train: [    INFO] - Valid: 298 [   0/104]  Loss: 0.1841 (0.184)  Acc@1: 94.7917 (94.7917)  Acc@5: 100.0000 (100.0000)
2024-11-18 11:49:35,199 -                train: [    INFO] - Valid: 298 [ 104/104]  Loss: 0.01727 (0.179)  Acc@1: 100.0000 (94.3300)  Acc@5: 100.0000 (99.8500)
2024-11-18 11:49:35,914 -                train: [    INFO] - valid_acc 94.330003 - best_valid_acc 94.330003
2024-11-18 11:49:36,440 -                train: [    INFO] - Train: 299 [   0/520]  Loss: 0.4229 (0.423)  Acc@1: 90.6250 (90.6250)  Acc@5: 100.0000 (100.0000)LR: 1.257e-02
2024-11-18 11:50:21,516 -                train: [    INFO] - Train: 299 [ 200/520]  Loss: 0.4453 (0.356)  Acc@1: 88.5417 (91.7340)  Acc@5: 98.9583 (99.8497)LR: 1.257e-02
2024-11-18 11:51:06,745 -                train: [    INFO] - Train: 299 [ 400/520]  Loss: 0.5433 (0.366)  Acc@1: 86.4583 (91.3965)  Acc@5: 100.0000 (99.7662)LR: 1.257e-02
2024-11-18 11:51:33,996 -                train: [    INFO] - Train: 299 [ 520/520]  Loss: 0.3828 (0.368)  Acc@1: 91.2500 (91.2580)  Acc@5: 100.0000 (99.7820)LR: 1.257e-02
2024-11-18 11:51:34,292 -                train: [    INFO] - Valid: 299 [   0/104]  Loss: 0.3109 (0.311)  Acc@1: 91.6667 (91.6667)  Acc@5: 100.0000 (100.0000)
2024-11-18 11:51:39,697 -                train: [    INFO] - Valid: 299 [ 104/104]  Loss: 0.1138 (0.221)  Acc@1: 87.5000 (93.0100)  Acc@5: 100.0000 (99.8800)
2024-11-18 11:51:39,743 -                train: [    INFO] - valid_acc 93.010003 - best_valid_acc 94.330003
2024-11-18 11:51:40,210 -                train: [    INFO] - Train: 300 [   0/520]  Loss: 0.2292 (0.229)  Acc@1: 91.6667 (91.6667)  Acc@5: 100.0000 (100.0000)LR: 1.250e-02
2024-11-18 11:52:25,736 -                train: [    INFO] - Train: 300 [ 200/520]  Loss: 0.4542 (0.369)  Acc@1: 87.5000 (91.2521)  Acc@5: 100.0000 (99.7720)LR: 1.250e-02
2024-11-18 11:53:11,466 -                train: [    INFO] - Train: 300 [ 400/520]  Loss: 0.5513 (0.370)  Acc@1: 85.4167 (91.3108)  Acc@5: 100.0000 (99.7220)LR: 1.250e-02
2024-11-18 11:53:38,330 -                train: [    INFO] - Train: 300 [ 520/520]  Loss: 0.2739 (0.369)  Acc@1: 95.0000 (91.3180)  Acc@5: 100.0000 (99.7320)LR: 1.250e-02
2024-11-18 11:53:39,736 -                train: [    INFO] - Valid: 300 [   0/104]  Loss: 0.1656 (0.166)  Acc@1: 93.7500 (93.7500)  Acc@5: 100.0000 (100.0000)
2024-11-18 11:53:45,107 -                train: [    INFO] - Valid: 300 [ 104/104]  Loss: 0.01947 (0.206)  Acc@1: 100.0000 (93.3500)  Acc@5: 100.0000 (99.8400)
2024-11-18 11:53:45,142 -                train: [    INFO] - valid_acc 93.350003 - best_valid_acc 94.330003
2024-11-18 11:53:45,666 -                train: [    INFO] - Train: 301 [   0/520]  Loss: 0.2070 (0.207)  Acc@1: 93.7500 (93.7500)  Acc@5: 100.0000 (100.0000)LR: 1.243e-02
2024-11-18 11:54:30,998 -                train: [    INFO] - Train: 301 [ 200/520]  Loss: 0.3910 (0.365)  Acc@1: 88.5417 (91.5734)  Acc@5: 100.0000 (99.8083)LR: 1.243e-02
2024-11-18 11:55:16,144 -                train: [    INFO] - Train: 301 [ 400/520]  Loss: 0.4856 (0.365)  Acc@1: 86.4583 (91.4563)  Acc@5: 100.0000 (99.7740)LR: 1.243e-02
2024-11-18 11:55:43,190 -                train: [    INFO] - Train: 301 [ 520/520]  Loss: 0.3297 (0.368)  Acc@1: 93.7500 (91.3760)  Acc@5: 98.7500 (99.7560)LR: 1.243e-02
2024-11-18 11:55:43,481 -                train: [    INFO] - Valid: 301 [   0/104]  Loss: 0.1584 (0.158)  Acc@1: 93.7500 (93.7500)  Acc@5: 100.0000 (100.0000)
2024-11-18 11:55:48,798 -                train: [    INFO] - Valid: 301 [ 104/104]  Loss: 0.3159 (0.190)  Acc@1: 87.5000 (94.1000)  Acc@5: 100.0000 (99.8500)
2024-11-18 11:55:48,838 -                train: [    INFO] - valid_acc 94.100002 - best_valid_acc 94.330003
2024-11-18 11:55:49,265 -                train: [    INFO] - Train: 302 [   0/520]  Loss: 0.1947 (0.195)  Acc@1: 95.8333 (95.8333)  Acc@5: 100.0000 (100.0000)LR: 1.237e-02
2024-11-18 11:56:34,642 -                train: [    INFO] - Train: 302 [ 200/520]  Loss: 0.4893 (0.358)  Acc@1: 88.5417 (91.5319)  Acc@5: 100.0000 (99.7150)LR: 1.237e-02
2024-11-18 11:57:19,454 -                train: [    INFO] - Train: 302 [ 400/520]  Loss: 0.4056 (0.360)  Acc@1: 89.5833 (91.5160)  Acc@5: 100.0000 (99.7454)LR: 1.237e-02
2024-11-18 11:57:46,177 -                train: [    INFO] - Train: 302 [ 520/520]  Loss: 0.3512 (0.364)  Acc@1: 90.0000 (91.3460)  Acc@5: 100.0000 (99.7360)LR: 1.237e-02
2024-11-18 11:57:46,434 -                train: [    INFO] - Valid: 302 [   0/104]  Loss: 0.1129 (0.113)  Acc@1: 95.8333 (95.8333)  Acc@5: 100.0000 (100.0000)
2024-11-18 11:57:51,739 -                train: [    INFO] - Valid: 302 [ 104/104]  Loss: 0.1207 (0.207)  Acc@1: 100.0000 (93.6500)  Acc@5: 100.0000 (99.8200)
2024-11-18 11:57:52,017 -                train: [    INFO] - valid_acc 93.650002 - best_valid_acc 94.330003
2024-11-18 11:57:52,437 -                train: [    INFO] - Train: 303 [   0/520]  Loss: 0.2936 (0.294)  Acc@1: 92.7083 (92.7083)  Acc@5: 100.0000 (100.0000)LR: 1.230e-02
2024-11-18 11:58:37,153 -                train: [    INFO] - Train: 303 [ 200/520]  Loss: 0.5770 (0.357)  Acc@1: 85.4167 (91.5630)  Acc@5: 100.0000 (99.7616)LR: 1.230e-02
2024-11-18 11:59:21,688 -                train: [    INFO] - Train: 303 [ 400/520]  Loss: 0.5128 (0.366)  Acc@1: 88.5417 (91.3420)  Acc@5: 100.0000 (99.7558)LR: 1.230e-02
2024-11-18 11:59:48,455 -                train: [    INFO] - Train: 303 [ 520/520]  Loss: 0.2811 (0.370)  Acc@1: 91.2500 (91.2400)  Acc@5: 100.0000 (99.7500)LR: 1.230e-02
2024-11-18 11:59:48,747 -                train: [    INFO] - Valid: 303 [   0/104]  Loss: 0.1166 (0.117)  Acc@1: 96.8750 (96.8750)  Acc@5: 100.0000 (100.0000)
2024-11-18 11:59:54,056 -                train: [    INFO] - Valid: 303 [ 104/104]  Loss: 0.5394 (0.181)  Acc@1: 93.7500 (94.4600)  Acc@5: 100.0000 (99.8900)
2024-11-18 11:59:54,620 -                train: [    INFO] - valid_acc 94.460002 - best_valid_acc 94.460002
2024-11-18 11:59:55,101 -                train: [    INFO] - Train: 304 [   0/520]  Loss: 0.4242 (0.424)  Acc@1: 88.5417 (88.5417)  Acc@5: 98.9583 (98.9583)LR: 1.224e-02
2024-11-18 12:00:40,257 -                train: [    INFO] - Train: 304 [ 200/520]  Loss: 0.3328 (0.357)  Acc@1: 93.7500 (91.6148)  Acc@5: 100.0000 (99.7616)LR: 1.224e-02
2024-11-18 12:01:25,420 -                train: [    INFO] - Train: 304 [ 400/520]  Loss: 0.3338 (0.365)  Acc@1: 92.7083 (91.4874)  Acc@5: 100.0000 (99.7532)LR: 1.224e-02
2024-11-18 12:01:52,252 -                train: [    INFO] - Train: 304 [ 520/520]  Loss: 0.5371 (0.374)  Acc@1: 85.0000 (91.2960)  Acc@5: 100.0000 (99.7280)LR: 1.224e-02
2024-11-18 12:01:52,566 -                train: [    INFO] - Valid: 304 [   0/104]  Loss: 0.1576 (0.158)  Acc@1: 95.8333 (95.8333)  Acc@5: 100.0000 (100.0000)
2024-11-18 12:01:57,881 -                train: [    INFO] - Valid: 304 [ 104/104]  Loss: 0.3910 (0.198)  Acc@1: 93.7500 (93.4300)  Acc@5: 100.0000 (99.8100)
2024-11-18 12:01:57,914 -                train: [    INFO] - valid_acc 93.430003 - best_valid_acc 94.460002
2024-11-18 12:01:58,496 -                train: [    INFO] - Train: 305 [   0/520]  Loss: 0.3245 (0.324)  Acc@1: 92.7083 (92.7083)  Acc@5: 100.0000 (100.0000)LR: 1.217e-02
2024-11-18 12:02:44,067 -                train: [    INFO] - Train: 305 [ 200/520]  Loss: 0.2678 (0.344)  Acc@1: 94.7917 (92.0398)  Acc@5: 100.0000 (99.7823)LR: 1.217e-02
2024-11-18 12:03:29,042 -                train: [    INFO] - Train: 305 [ 400/520]  Loss: 0.4110 (0.358)  Acc@1: 89.5833 (91.6381)  Acc@5: 100.0000 (99.7610)LR: 1.217e-02
2024-11-18 12:03:55,781 -                train: [    INFO] - Train: 305 [ 520/520]  Loss: 0.3058 (0.364)  Acc@1: 90.0000 (91.4180)  Acc@5: 100.0000 (99.7580)LR: 1.217e-02
2024-11-18 12:03:56,094 -                train: [    INFO] - Valid: 305 [   0/104]  Loss: 0.1347 (0.135)  Acc@1: 96.8750 (96.8750)  Acc@5: 100.0000 (100.0000)
2024-11-18 12:04:01,484 -                train: [    INFO] - Valid: 305 [ 104/104]  Loss: 0.1911 (0.205)  Acc@1: 81.2500 (93.1500)  Acc@5: 100.0000 (99.8800)
2024-11-18 12:04:01,529 -                train: [    INFO] - valid_acc 93.150002 - best_valid_acc 94.460002
2024-11-18 12:04:02,002 -                train: [    INFO] - Train: 306 [   0/520]  Loss: 0.4797 (0.480)  Acc@1: 86.4583 (86.4583)  Acc@5: 98.9583 (98.9583)LR: 1.211e-02
2024-11-18 12:04:48,358 -                train: [    INFO] - Train: 306 [ 200/520]  Loss: 0.2744 (0.362)  Acc@1: 90.6250 (91.4646)  Acc@5: 100.0000 (99.7668)LR: 1.211e-02
2024-11-18 12:05:33,706 -                train: [    INFO] - Train: 306 [ 400/520]  Loss: 0.5168 (0.367)  Acc@1: 85.4167 (91.4718)  Acc@5: 100.0000 (99.7039)LR: 1.211e-02
2024-11-18 12:06:01,016 -                train: [    INFO] - Train: 306 [ 520/520]  Loss: 0.4672 (0.368)  Acc@1: 88.7500 (91.4260)  Acc@5: 100.0000 (99.7280)LR: 1.211e-02
2024-11-18 12:06:01,314 -                train: [    INFO] - Valid: 306 [   0/104]  Loss: 0.2212 (0.221)  Acc@1: 93.7500 (93.7500)  Acc@5: 100.0000 (100.0000)
2024-11-18 12:06:06,646 -                train: [    INFO] - Valid: 306 [ 104/104]  Loss: 0.04987 (0.201)  Acc@1: 100.0000 (93.5700)  Acc@5: 100.0000 (99.8200)
2024-11-18 12:06:06,682 -                train: [    INFO] - valid_acc 93.570003 - best_valid_acc 94.460002
2024-11-18 12:06:07,126 -                train: [    INFO] - Train: 307 [   0/520]  Loss: 0.1378 (0.138)  Acc@1: 96.8750 (96.8750)  Acc@5: 100.0000 (100.0000)LR: 1.204e-02
2024-11-18 12:06:52,475 -                train: [    INFO] - Train: 307 [ 200/520]  Loss: 0.3470 (0.362)  Acc@1: 90.6250 (91.5786)  Acc@5: 100.0000 (99.7305)LR: 1.204e-02
2024-11-18 12:07:37,773 -                train: [    INFO] - Train: 307 [ 400/520]  Loss: 0.2354 (0.358)  Acc@1: 95.8333 (91.6485)  Acc@5: 100.0000 (99.7662)LR: 1.204e-02
2024-11-18 12:08:04,717 -                train: [    INFO] - Train: 307 [ 520/520]  Loss: 0.6109 (0.367)  Acc@1: 86.2500 (91.4620)  Acc@5: 100.0000 (99.7700)LR: 1.204e-02
2024-11-18 12:08:04,988 -                train: [    INFO] - Valid: 307 [   0/104]  Loss: 0.2210 (0.221)  Acc@1: 90.6250 (90.6250)  Acc@5: 100.0000 (100.0000)
2024-11-18 12:08:10,269 -                train: [    INFO] - Valid: 307 [ 104/104]  Loss: 0.1087 (0.202)  Acc@1: 100.0000 (93.5100)  Acc@5: 100.0000 (99.8900)
2024-11-18 12:08:10,301 -                train: [    INFO] - valid_acc 93.510002 - best_valid_acc 94.460002
2024-11-18 12:08:10,793 -                train: [    INFO] - Train: 308 [   0/520]  Loss: 0.4312 (0.431)  Acc@1: 90.6250 (90.6250)  Acc@5: 100.0000 (100.0000)LR: 1.198e-02
2024-11-18 12:08:55,428 -                train: [    INFO] - Train: 308 [ 200/520]  Loss: 0.3323 (0.367)  Acc@1: 91.6667 (91.2573)  Acc@5: 100.0000 (99.7305)LR: 1.198e-02
2024-11-18 12:09:40,141 -                train: [    INFO] - Train: 308 [ 400/520]  Loss: 0.4034 (0.363)  Acc@1: 92.7083 (91.4225)  Acc@5: 100.0000 (99.7376)LR: 1.198e-02
2024-11-18 12:10:06,946 -                train: [    INFO] - Train: 308 [ 520/520]  Loss: 0.2503 (0.368)  Acc@1: 92.5000 (91.2940)  Acc@5: 100.0000 (99.7340)LR: 1.198e-02
2024-11-18 12:10:07,237 -                train: [    INFO] - Valid: 308 [   0/104]  Loss: 0.2044 (0.204)  Acc@1: 94.7917 (94.7917)  Acc@5: 100.0000 (100.0000)
2024-11-18 12:10:12,549 -                train: [    INFO] - Valid: 308 [ 104/104]  Loss: 0.3583 (0.212)  Acc@1: 93.7500 (93.1500)  Acc@5: 100.0000 (99.9200)
2024-11-18 12:10:12,585 -                train: [    INFO] - valid_acc 93.150002 - best_valid_acc 94.460002
2024-11-18 12:10:13,009 -                train: [    INFO] - Train: 309 [   0/520]  Loss: 0.3520 (0.352)  Acc@1: 91.6667 (91.6667)  Acc@5: 100.0000 (100.0000)LR: 1.191e-02
2024-11-18 12:10:58,112 -                train: [    INFO] - Train: 309 [ 200/520]  Loss: 0.4235 (0.357)  Acc@1: 91.6667 (91.6719)  Acc@5: 100.0000 (99.8031)LR: 1.191e-02
2024-11-18 12:11:43,042 -                train: [    INFO] - Train: 309 [ 400/520]  Loss: 0.3093 (0.361)  Acc@1: 92.7083 (91.5654)  Acc@5: 98.9583 (99.7584)LR: 1.191e-02
2024-11-18 12:12:10,518 -                train: [    INFO] - Train: 309 [ 520/520]  Loss: 0.4839 (0.364)  Acc@1: 88.7500 (91.4400)  Acc@5: 100.0000 (99.7360)LR: 1.191e-02
2024-11-18 12:12:10,800 -                train: [    INFO] - Valid: 309 [   0/104]  Loss: 0.1993 (0.199)  Acc@1: 92.7083 (92.7083)  Acc@5: 100.0000 (100.0000)
2024-11-18 12:12:16,294 -                train: [    INFO] - Valid: 309 [ 104/104]  Loss: 0.4858 (0.206)  Acc@1: 87.5000 (93.4700)  Acc@5: 100.0000 (99.8300)
2024-11-18 12:12:16,348 -                train: [    INFO] - valid_acc 93.470003 - best_valid_acc 94.460002
2024-11-18 12:12:16,876 -                train: [    INFO] - Train: 310 [   0/520]  Loss: 0.2814 (0.281)  Acc@1: 93.7500 (93.7500)  Acc@5: 98.9583 (98.9583)LR: 1.185e-02
2024-11-18 12:13:02,457 -                train: [    INFO] - Train: 310 [ 200/520]  Loss: 0.3882 (0.349)  Acc@1: 91.6667 (91.8377)  Acc@5: 100.0000 (99.8186)LR: 1.185e-02
2024-11-18 12:13:47,994 -                train: [    INFO] - Train: 310 [ 400/520]  Loss: 0.4463 (0.357)  Acc@1: 90.6250 (91.6459)  Acc@5: 97.9167 (99.8000)LR: 1.185e-02
2024-11-18 12:14:14,990 -                train: [    INFO] - Train: 310 [ 520/520]  Loss: 0.4025 (0.356)  Acc@1: 88.7500 (91.6640)  Acc@5: 100.0000 (99.7880)LR: 1.185e-02
2024-11-18 12:14:15,250 -                train: [    INFO] - Valid: 310 [   0/104]  Loss: 0.08231 (0.0823)  Acc@1: 97.9167 (97.9167)  Acc@5: 100.0000 (100.0000)
2024-11-18 12:14:20,751 -                train: [    INFO] - Valid: 310 [ 104/104]  Loss: 0.04723 (0.188)  Acc@1: 100.0000 (94.0700)  Acc@5: 100.0000 (99.8300)
2024-11-18 12:14:20,786 -                train: [    INFO] - valid_acc 94.070003 - best_valid_acc 94.460002
2024-11-18 12:14:21,241 -                train: [    INFO] - Train: 311 [   0/520]  Loss: 0.3100 (0.310)  Acc@1: 94.7917 (94.7917)  Acc@5: 100.0000 (100.0000)LR: 1.178e-02
2024-11-18 12:15:06,887 -                train: [    INFO] - Train: 311 [ 200/520]  Loss: 0.2773 (0.356)  Acc@1: 92.7083 (91.6874)  Acc@5: 98.9583 (99.7772)LR: 1.178e-02
2024-11-18 12:15:52,452 -                train: [    INFO] - Train: 311 [ 400/520]  Loss: 0.3682 (0.360)  Acc@1: 93.7500 (91.5861)  Acc@5: 98.9583 (99.7506)LR: 1.178e-02
2024-11-18 12:16:19,859 -                train: [    INFO] - Train: 311 [ 520/520]  Loss: 0.3753 (0.361)  Acc@1: 90.0000 (91.5800)  Acc@5: 100.0000 (99.7560)LR: 1.178e-02
2024-11-18 12:16:20,218 -                train: [    INFO] - Valid: 311 [   0/104]  Loss: 0.2943 (0.294)  Acc@1: 90.6250 (90.6250)  Acc@5: 100.0000 (100.0000)
2024-11-18 12:16:25,572 -                train: [    INFO] - Valid: 311 [ 104/104]  Loss: 0.2223 (0.193)  Acc@1: 93.7500 (93.9700)  Acc@5: 100.0000 (99.8700)
2024-11-18 12:16:25,619 -                train: [    INFO] - valid_acc 93.970003 - best_valid_acc 94.460002
2024-11-18 12:16:26,067 -                train: [    INFO] - Train: 312 [   0/520]  Loss: 0.2524 (0.252)  Acc@1: 95.8333 (95.8333)  Acc@5: 100.0000 (100.0000)LR: 1.172e-02
2024-11-18 12:17:13,766 -                train: [    INFO] - Train: 312 [ 200/520]  Loss: 0.4162 (0.351)  Acc@1: 85.4167 (91.8429)  Acc@5: 100.0000 (99.8186)LR: 1.172e-02
2024-11-18 12:17:59,520 -                train: [    INFO] - Train: 312 [ 400/520]  Loss: 0.4195 (0.355)  Acc@1: 89.5833 (91.6459)  Acc@5: 100.0000 (99.7948)LR: 1.172e-02
2024-11-18 12:18:26,613 -                train: [    INFO] - Train: 312 [ 520/520]  Loss: 0.4459 (0.359)  Acc@1: 91.2500 (91.5160)  Acc@5: 100.0000 (99.7880)LR: 1.172e-02
2024-11-18 12:18:26,955 -                train: [    INFO] - Valid: 312 [   0/104]  Loss: 0.1204 (0.120)  Acc@1: 96.8750 (96.8750)  Acc@5: 100.0000 (100.0000)
2024-11-18 12:18:32,277 -                train: [    INFO] - Valid: 312 [ 104/104]  Loss: 0.1205 (0.175)  Acc@1: 93.7500 (94.2900)  Acc@5: 100.0000 (99.8500)
2024-11-18 12:18:32,319 -                train: [    INFO] - valid_acc 94.290002 - best_valid_acc 94.460002
2024-11-18 12:18:32,773 -                train: [    INFO] - Train: 313 [   0/520]  Loss: 0.4523 (0.452)  Acc@1: 89.5833 (89.5833)  Acc@5: 100.0000 (100.0000)LR: 1.165e-02
2024-11-18 12:19:18,009 -                train: [    INFO] - Train: 313 [ 200/520]  Loss: 0.2794 (0.354)  Acc@1: 92.7083 (91.7600)  Acc@5: 100.0000 (99.7409)LR: 1.165e-02
2024-11-18 12:20:03,463 -                train: [    INFO] - Train: 313 [ 400/520]  Loss: 0.1957 (0.359)  Acc@1: 95.8333 (91.6303)  Acc@5: 100.0000 (99.7428)LR: 1.165e-02
2024-11-18 12:20:30,591 -                train: [    INFO] - Train: 313 [ 520/520]  Loss: 0.1695 (0.367)  Acc@1: 97.5000 (91.4140)  Acc@5: 100.0000 (99.7280)LR: 1.165e-02
2024-11-18 12:20:31,622 -                train: [    INFO] - Valid: 313 [   0/104]  Loss: 0.2339 (0.234)  Acc@1: 93.7500 (93.7500)  Acc@5: 100.0000 (100.0000)
2024-11-18 12:20:36,928 -                train: [    INFO] - Valid: 313 [ 104/104]  Loss: 0.1830 (0.171)  Acc@1: 87.5000 (94.6000)  Acc@5: 100.0000 (99.8800)
2024-11-18 12:20:37,510 -                train: [    INFO] - valid_acc 94.600002 - best_valid_acc 94.600002
2024-11-18 12:20:37,987 -                train: [    INFO] - Train: 314 [   0/520]  Loss: 0.2363 (0.236)  Acc@1: 94.7917 (94.7917)  Acc@5: 100.0000 (100.0000)LR: 1.158e-02
2024-11-18 12:21:23,078 -                train: [    INFO] - Train: 314 [ 200/520]  Loss: 0.2380 (0.351)  Acc@1: 94.7917 (91.8118)  Acc@5: 100.0000 (99.7875)LR: 1.158e-02
2024-11-18 12:22:07,924 -                train: [    INFO] - Train: 314 [ 400/520]  Loss: 0.2653 (0.358)  Acc@1: 93.7500 (91.6043)  Acc@5: 100.0000 (99.7948)LR: 1.158e-02
2024-11-18 12:22:34,742 -                train: [    INFO] - Train: 314 [ 520/520]  Loss: 0.3950 (0.357)  Acc@1: 88.7500 (91.6300)  Acc@5: 100.0000 (99.7760)LR: 1.158e-02
2024-11-18 12:22:34,986 -                train: [    INFO] - Valid: 314 [   0/104]  Loss: 0.1520 (0.152)  Acc@1: 96.8750 (96.8750)  Acc@5: 100.0000 (100.0000)
2024-11-18 12:22:40,307 -                train: [    INFO] - Valid: 314 [ 104/104]  Loss: 0.3907 (0.223)  Acc@1: 93.7500 (93.0100)  Acc@5: 100.0000 (99.8600)
2024-11-18 12:22:40,340 -                train: [    INFO] - valid_acc 93.010003 - best_valid_acc 94.600002
2024-11-18 12:22:40,775 -                train: [    INFO] - Train: 315 [   0/520]  Loss: 0.3217 (0.322)  Acc@1: 93.7500 (93.7500)  Acc@5: 100.0000 (100.0000)LR: 1.152e-02
2024-11-18 12:23:26,265 -                train: [    INFO] - Train: 315 [ 200/520]  Loss: 0.2320 (0.345)  Acc@1: 95.8333 (91.7392)  Acc@5: 100.0000 (99.8031)LR: 1.152e-02
2024-11-18 12:24:11,107 -                train: [    INFO] - Train: 315 [ 400/520]  Loss: 0.3369 (0.347)  Acc@1: 90.6250 (91.7966)  Acc@5: 100.0000 (99.7870)LR: 1.152e-02
2024-11-18 12:24:38,444 -                train: [    INFO] - Train: 315 [ 520/520]  Loss: 0.3174 (0.350)  Acc@1: 90.0000 (91.7420)  Acc@5: 98.7500 (99.8000)LR: 1.152e-02
2024-11-18 12:24:38,831 -                train: [    INFO] - Valid: 315 [   0/104]  Loss: 0.2461 (0.246)  Acc@1: 92.7083 (92.7083)  Acc@5: 100.0000 (100.0000)
2024-11-18 12:24:44,327 -                train: [    INFO] - Valid: 315 [ 104/104]  Loss: 0.2740 (0.206)  Acc@1: 93.7500 (93.4900)  Acc@5: 100.0000 (99.8400)
2024-11-18 12:24:44,361 -                train: [    INFO] - valid_acc 93.490003 - best_valid_acc 94.600002
2024-11-18 12:24:44,793 -                train: [    INFO] - Train: 316 [   0/520]  Loss: 0.5281 (0.528)  Acc@1: 87.5000 (87.5000)  Acc@5: 100.0000 (100.0000)LR: 1.145e-02
2024-11-18 12:25:30,397 -                train: [    INFO] - Train: 316 [ 200/520]  Loss: 0.4308 (0.353)  Acc@1: 91.6667 (91.7237)  Acc@5: 100.0000 (99.7357)LR: 1.145e-02
2024-11-18 12:26:15,467 -                train: [    INFO] - Train: 316 [ 400/520]  Loss: 0.3942 (0.357)  Acc@1: 90.6250 (91.6693)  Acc@5: 100.0000 (99.7636)LR: 1.145e-02
2024-11-18 12:26:42,598 -                train: [    INFO] - Train: 316 [ 520/520]  Loss: 0.3591 (0.357)  Acc@1: 92.5000 (91.6040)  Acc@5: 98.7500 (99.7760)LR: 1.145e-02
2024-11-18 12:26:42,923 -                train: [    INFO] - Valid: 316 [   0/104]  Loss: 0.3199 (0.320)  Acc@1: 93.7500 (93.7500)  Acc@5: 100.0000 (100.0000)
2024-11-18 12:26:48,338 -                train: [    INFO] - Valid: 316 [ 104/104]  Loss: 0.3590 (0.193)  Acc@1: 93.7500 (93.9300)  Acc@5: 100.0000 (99.9100)
2024-11-18 12:26:48,388 -                train: [    INFO] - valid_acc 93.930003 - best_valid_acc 94.600002
2024-11-18 12:26:48,839 -                train: [    INFO] - Train: 317 [   0/520]  Loss: 0.2785 (0.279)  Acc@1: 92.7083 (92.7083)  Acc@5: 100.0000 (100.0000)LR: 1.139e-02
2024-11-18 12:27:34,514 -                train: [    INFO] - Train: 317 [ 200/520]  Loss: 0.3632 (0.334)  Acc@1: 90.6250 (92.1797)  Acc@5: 100.0000 (99.7772)LR: 1.139e-02
2024-11-18 12:28:18,891 -                train: [    INFO] - Train: 317 [ 400/520]  Loss: 0.4589 (0.342)  Acc@1: 87.5000 (92.0667)  Acc@5: 100.0000 (99.7792)LR: 1.139e-02
2024-11-18 12:28:45,641 -                train: [    INFO] - Train: 317 [ 520/520]  Loss: 0.3041 (0.351)  Acc@1: 91.2500 (91.8220)  Acc@5: 100.0000 (99.7660)LR: 1.139e-02
2024-11-18 12:28:46,048 -                train: [    INFO] - Valid: 317 [   0/104]  Loss: 0.3431 (0.343)  Acc@1: 90.6250 (90.6250)  Acc@5: 100.0000 (100.0000)
2024-11-18 12:28:51,389 -                train: [    INFO] - Valid: 317 [ 104/104]  Loss: 0.2941 (0.197)  Acc@1: 93.7500 (93.9000)  Acc@5: 100.0000 (99.7900)
2024-11-18 12:28:51,436 -                train: [    INFO] - valid_acc 93.900003 - best_valid_acc 94.600002
2024-11-18 12:28:51,874 -                train: [    INFO] - Train: 318 [   0/520]  Loss: 0.3684 (0.368)  Acc@1: 88.5417 (88.5417)  Acc@5: 100.0000 (100.0000)LR: 1.132e-02
2024-11-18 12:29:36,443 -                train: [    INFO] - Train: 318 [ 200/520]  Loss: 0.3877 (0.341)  Acc@1: 92.7083 (92.1590)  Acc@5: 98.9583 (99.7564)LR: 1.132e-02
2024-11-18 12:30:20,897 -                train: [    INFO] - Train: 318 [ 400/520]  Loss: 0.4662 (0.344)  Acc@1: 86.4583 (92.0200)  Acc@5: 100.0000 (99.7662)LR: 1.132e-02
2024-11-18 12:30:47,676 -                train: [    INFO] - Train: 318 [ 520/520]  Loss: 0.4259 (0.346)  Acc@1: 90.0000 (91.9860)  Acc@5: 98.7500 (99.7480)LR: 1.132e-02
2024-11-18 12:30:47,947 -                train: [    INFO] - Valid: 318 [   0/104]  Loss: 0.2515 (0.251)  Acc@1: 93.7500 (93.7500)  Acc@5: 100.0000 (100.0000)
2024-11-18 12:30:53,310 -                train: [    INFO] - Valid: 318 [ 104/104]  Loss: 0.2117 (0.194)  Acc@1: 87.5000 (94.0300)  Acc@5: 100.0000 (99.8700)
2024-11-18 12:30:53,355 -                train: [    INFO] - valid_acc 94.030002 - best_valid_acc 94.600002
2024-11-18 12:30:53,853 -                train: [    INFO] - Train: 319 [   0/520]  Loss: 0.3796 (0.380)  Acc@1: 88.5417 (88.5417)  Acc@5: 100.0000 (100.0000)LR: 1.126e-02
2024-11-18 12:31:40,164 -                train: [    INFO] - Train: 319 [ 200/520]  Loss: 0.2625 (0.355)  Acc@1: 94.7917 (91.6304)  Acc@5: 100.0000 (99.7512)LR: 1.126e-02
2024-11-18 12:32:25,011 -                train: [    INFO] - Train: 319 [ 400/520]  Loss: 0.2378 (0.348)  Acc@1: 94.7917 (91.8797)  Acc@5: 100.0000 (99.7636)LR: 1.126e-02
2024-11-18 12:32:51,863 -                train: [    INFO] - Train: 319 [ 520/520]  Loss: 0.4009 (0.350)  Acc@1: 95.0000 (91.8320)  Acc@5: 100.0000 (99.7460)LR: 1.126e-02
2024-11-18 12:32:52,152 -                train: [    INFO] - Valid: 319 [   0/104]  Loss: 0.3035 (0.303)  Acc@1: 91.6667 (91.6667)  Acc@5: 100.0000 (100.0000)
2024-11-18 12:32:57,466 -                train: [    INFO] - Valid: 319 [ 104/104]  Loss: 0.3025 (0.211)  Acc@1: 87.5000 (93.3600)  Acc@5: 100.0000 (99.8100)
2024-11-18 12:32:57,503 -                train: [    INFO] - valid_acc 93.360002 - best_valid_acc 94.600002
2024-11-18 12:32:57,942 -                train: [    INFO] - Train: 320 [   0/520]  Loss: 0.4867 (0.487)  Acc@1: 88.5417 (88.5417)  Acc@5: 100.0000 (100.0000)LR: 1.119e-02
2024-11-18 12:33:42,549 -                train: [    INFO] - Train: 320 [ 200/520]  Loss: 0.2702 (0.347)  Acc@1: 93.7500 (91.9206)  Acc@5: 100.0000 (99.7305)LR: 1.119e-02
2024-11-18 12:34:26,995 -                train: [    INFO] - Train: 320 [ 400/520]  Loss: 0.2628 (0.346)  Acc@1: 93.7500 (91.9316)  Acc@5: 100.0000 (99.7350)LR: 1.119e-02
2024-11-18 12:34:53,669 -                train: [    INFO] - Train: 320 [ 520/520]  Loss: 0.3592 (0.351)  Acc@1: 92.5000 (91.8300)  Acc@5: 100.0000 (99.7080)LR: 1.119e-02
2024-11-18 12:34:53,918 -                train: [    INFO] - Valid: 320 [   0/104]  Loss: 0.2046 (0.205)  Acc@1: 92.7083 (92.7083)  Acc@5: 100.0000 (100.0000)
2024-11-18 12:34:59,218 -                train: [    INFO] - Valid: 320 [ 104/104]  Loss: 0.5569 (0.205)  Acc@1: 81.2500 (93.6600)  Acc@5: 100.0000 (99.7700)
2024-11-18 12:34:59,255 -                train: [    INFO] - valid_acc 93.660003 - best_valid_acc 94.600002
2024-11-18 12:34:59,668 -                train: [    INFO] - Train: 321 [   0/520]  Loss: 0.3191 (0.319)  Acc@1: 92.7083 (92.7083)  Acc@5: 98.9583 (98.9583)LR: 1.113e-02
2024-11-18 12:35:44,184 -                train: [    INFO] - Train: 321 [ 200/520]  Loss: 0.2432 (0.335)  Acc@1: 95.8333 (92.2108)  Acc@5: 100.0000 (99.8290)LR: 1.113e-02
2024-11-18 12:36:28,792 -                train: [    INFO] - Train: 321 [ 400/520]  Loss: 0.4736 (0.346)  Acc@1: 90.6250 (91.9031)  Acc@5: 100.0000 (99.7844)LR: 1.113e-02
2024-11-18 12:36:55,541 -                train: [    INFO] - Train: 321 [ 520/520]  Loss: 0.1456 (0.349)  Acc@1: 98.7500 (91.7860)  Acc@5: 100.0000 (99.7700)LR: 1.113e-02
2024-11-18 12:36:55,876 -                train: [    INFO] - Valid: 321 [   0/104]  Loss: 0.2597 (0.260)  Acc@1: 90.6250 (90.6250)  Acc@5: 100.0000 (100.0000)
2024-11-18 12:37:01,271 -                train: [    INFO] - Valid: 321 [ 104/104]  Loss: 0.02156 (0.194)  Acc@1: 100.0000 (93.8200)  Acc@5: 100.0000 (99.8600)
2024-11-18 12:37:01,325 -                train: [    INFO] - valid_acc 93.820002 - best_valid_acc 94.600002
2024-11-18 12:37:01,806 -                train: [    INFO] - Train: 322 [   0/520]  Loss: 0.2952 (0.295)  Acc@1: 92.7083 (92.7083)  Acc@5: 100.0000 (100.0000)LR: 1.106e-02
2024-11-18 12:37:46,557 -                train: [    INFO] - Train: 322 [ 200/520]  Loss: 0.2359 (0.341)  Acc@1: 93.7500 (91.9413)  Acc@5: 100.0000 (99.8290)LR: 1.106e-02
2024-11-18 12:38:31,073 -                train: [    INFO] - Train: 322 [ 400/520]  Loss: 0.5741 (0.349)  Acc@1: 89.5833 (91.7212)  Acc@5: 100.0000 (99.8156)LR: 1.106e-02
2024-11-18 12:38:57,942 -                train: [    INFO] - Train: 322 [ 520/520]  Loss: 0.2990 (0.350)  Acc@1: 95.0000 (91.7220)  Acc@5: 100.0000 (99.7920)LR: 1.106e-02
2024-11-18 12:38:58,268 -                train: [    INFO] - Valid: 322 [   0/104]  Loss: 0.2969 (0.297)  Acc@1: 92.7083 (92.7083)  Acc@5: 98.9583 (98.9583)
2024-11-18 12:39:03,591 -                train: [    INFO] - Valid: 322 [ 104/104]  Loss: 0.5294 (0.192)  Acc@1: 87.5000 (93.8900)  Acc@5: 100.0000 (99.8800)
2024-11-18 12:39:03,631 -                train: [    INFO] - valid_acc 93.890003 - best_valid_acc 94.600002
2024-11-18 12:39:04,103 -                train: [    INFO] - Train: 323 [   0/520]  Loss: 0.3831 (0.383)  Acc@1: 92.7083 (92.7083)  Acc@5: 100.0000 (100.0000)LR: 1.100e-02
2024-11-18 12:39:51,258 -                train: [    INFO] - Train: 323 [ 200/520]  Loss: 0.4882 (0.345)  Acc@1: 87.5000 (91.7289)  Acc@5: 98.9583 (99.7772)LR: 1.100e-02
2024-11-18 12:40:36,301 -                train: [    INFO] - Train: 323 [ 400/520]  Loss: 0.2999 (0.345)  Acc@1: 93.7500 (91.8147)  Acc@5: 100.0000 (99.7454)LR: 1.100e-02
2024-11-18 12:41:03,218 -                train: [    INFO] - Train: 323 [ 520/520]  Loss: 0.3827 (0.347)  Acc@1: 85.0000 (91.7600)  Acc@5: 98.7500 (99.7540)LR: 1.100e-02
2024-11-18 12:41:03,532 -                train: [    INFO] - Valid: 323 [   0/104]  Loss: 0.3053 (0.305)  Acc@1: 93.7500 (93.7500)  Acc@5: 100.0000 (100.0000)
2024-11-18 12:41:08,848 -                train: [    INFO] - Valid: 323 [ 104/104]  Loss: 0.02087 (0.202)  Acc@1: 100.0000 (93.9600)  Acc@5: 100.0000 (99.9300)
2024-11-18 12:41:11,145 -                train: [    INFO] - valid_acc 93.960002 - best_valid_acc 94.600002
2024-11-18 12:41:11,627 -                train: [    INFO] - Train: 324 [   0/520]  Loss: 0.2702 (0.270)  Acc@1: 94.7917 (94.7917)  Acc@5: 100.0000 (100.0000)LR: 1.093e-02
2024-11-18 12:41:56,489 -                train: [    INFO] - Train: 324 [ 200/520]  Loss: 0.3624 (0.339)  Acc@1: 91.6667 (91.9051)  Acc@5: 98.9583 (99.7409)LR: 1.093e-02
2024-11-18 12:42:41,380 -                train: [    INFO] - Train: 324 [ 400/520]  Loss: 0.2129 (0.343)  Acc@1: 93.7500 (91.8927)  Acc@5: 100.0000 (99.7454)LR: 1.093e-02
2024-11-18 12:43:08,110 -                train: [    INFO] - Train: 324 [ 520/520]  Loss: 0.3286 (0.347)  Acc@1: 96.2500 (91.7820)  Acc@5: 100.0000 (99.7380)LR: 1.093e-02
2024-11-18 12:43:08,387 -                train: [    INFO] - Valid: 324 [   0/104]  Loss: 0.1835 (0.184)  Acc@1: 94.7917 (94.7917)  Acc@5: 100.0000 (100.0000)
2024-11-18 12:43:13,698 -                train: [    INFO] - Valid: 324 [ 104/104]  Loss: 0.3774 (0.197)  Acc@1: 93.7500 (93.5600)  Acc@5: 100.0000 (99.8800)
2024-11-18 12:43:13,748 -                train: [    INFO] - valid_acc 93.560003 - best_valid_acc 94.600002
2024-11-18 12:43:14,225 -                train: [    INFO] - Train: 325 [   0/520]  Loss: 0.4879 (0.488)  Acc@1: 90.6250 (90.6250)  Acc@5: 98.9583 (98.9583)LR: 1.087e-02
2024-11-18 12:43:59,528 -                train: [    INFO] - Train: 325 [ 200/520]  Loss: 0.3250 (0.354)  Acc@1: 88.5417 (91.5267)  Acc@5: 100.0000 (99.8031)LR: 1.087e-02
2024-11-18 12:44:44,380 -                train: [    INFO] - Train: 325 [ 400/520]  Loss: 0.3911 (0.356)  Acc@1: 89.5833 (91.6147)  Acc@5: 100.0000 (99.7818)LR: 1.087e-02
2024-11-18 12:45:11,166 -                train: [    INFO] - Train: 325 [ 520/520]  Loss: 0.4983 (0.358)  Acc@1: 88.7500 (91.5620)  Acc@5: 98.7500 (99.7860)LR: 1.087e-02
2024-11-18 12:45:11,441 -                train: [    INFO] - Valid: 325 [   0/104]  Loss: 0.1130 (0.113)  Acc@1: 95.8333 (95.8333)  Acc@5: 100.0000 (100.0000)
2024-11-18 12:45:16,766 -                train: [    INFO] - Valid: 325 [ 104/104]  Loss: 0.05903 (0.204)  Acc@1: 100.0000 (93.7600)  Acc@5: 100.0000 (99.6900)
2024-11-18 12:45:16,801 -                train: [    INFO] - valid_acc 93.760003 - best_valid_acc 94.600002
2024-11-18 12:45:17,272 -                train: [    INFO] - Train: 326 [   0/520]  Loss: 0.3962 (0.396)  Acc@1: 88.5417 (88.5417)  Acc@5: 100.0000 (100.0000)LR: 1.080e-02
2024-11-18 12:46:02,441 -                train: [    INFO] - Train: 326 [ 200/520]  Loss: 0.2014 (0.342)  Acc@1: 96.8750 (91.9362)  Acc@5: 100.0000 (99.7461)LR: 1.080e-02
2024-11-18 12:46:47,188 -                train: [    INFO] - Train: 326 [ 400/520]  Loss: 0.3791 (0.346)  Acc@1: 91.6667 (91.8641)  Acc@5: 100.0000 (99.7662)LR: 1.080e-02
2024-11-18 12:47:13,842 -                train: [    INFO] - Train: 326 [ 520/520]  Loss: 0.3231 (0.349)  Acc@1: 92.5000 (91.7560)  Acc@5: 100.0000 (99.7820)LR: 1.080e-02
2024-11-18 12:47:14,115 -                train: [    INFO] - Valid: 326 [   0/104]  Loss: 0.1425 (0.143)  Acc@1: 93.7500 (93.7500)  Acc@5: 100.0000 (100.0000)
2024-11-18 12:47:19,456 -                train: [    INFO] - Valid: 326 [ 104/104]  Loss: 0.01848 (0.176)  Acc@1: 100.0000 (94.3900)  Acc@5: 100.0000 (99.9000)
2024-11-18 12:47:19,583 -                train: [    INFO] - valid_acc 94.390003 - best_valid_acc 94.600002
2024-11-18 12:47:20,014 -                train: [    INFO] - Train: 327 [   0/520]  Loss: 0.5508 (0.551)  Acc@1: 86.4583 (86.4583)  Acc@5: 98.9583 (98.9583)LR: 1.074e-02
2024-11-18 12:48:06,356 -                train: [    INFO] - Train: 327 [ 200/520]  Loss: 0.3150 (0.341)  Acc@1: 89.5833 (92.0398)  Acc@5: 100.0000 (99.7979)LR: 1.074e-02
2024-11-18 12:48:51,461 -                train: [    INFO] - Train: 327 [ 400/520]  Loss: 0.2618 (0.343)  Acc@1: 92.7083 (91.9836)  Acc@5: 100.0000 (99.7272)LR: 1.074e-02
2024-11-18 12:49:18,199 -                train: [    INFO] - Train: 327 [ 520/520]  Loss: 0.3699 (0.346)  Acc@1: 91.2500 (91.8680)  Acc@5: 100.0000 (99.7520)LR: 1.074e-02
2024-11-18 12:49:18,522 -                train: [    INFO] - Valid: 327 [   0/104]  Loss: 0.1873 (0.187)  Acc@1: 94.7917 (94.7917)  Acc@5: 100.0000 (100.0000)
2024-11-18 12:49:23,879 -                train: [    INFO] - Valid: 327 [ 104/104]  Loss: 0.1251 (0.166)  Acc@1: 93.7500 (94.7500)  Acc@5: 100.0000 (99.8600)
2024-11-18 12:49:24,841 -                train: [    INFO] - valid_acc 94.750002 - best_valid_acc 94.750002
2024-11-18 12:49:25,343 -                train: [    INFO] - Train: 328 [   0/520]  Loss: 0.3110 (0.311)  Acc@1: 92.7083 (92.7083)  Acc@5: 100.0000 (100.0000)LR: 1.067e-02
2024-11-18 12:50:12,736 -                train: [    INFO] - Train: 328 [ 200/520]  Loss: 0.2759 (0.342)  Acc@1: 91.6667 (92.0294)  Acc@5: 100.0000 (99.7979)LR: 1.067e-02
2024-11-18 12:50:57,586 -                train: [    INFO] - Train: 328 [ 400/520]  Loss: 0.4323 (0.346)  Acc@1: 89.5833 (91.8771)  Acc@5: 100.0000 (99.7896)LR: 1.067e-02
2024-11-18 12:51:24,394 -                train: [    INFO] - Train: 328 [ 520/520]  Loss: 0.3590 (0.348)  Acc@1: 92.5000 (91.7720)  Acc@5: 98.7500 (99.7900)LR: 1.067e-02
2024-11-18 12:51:24,669 -                train: [    INFO] - Valid: 328 [   0/104]  Loss: 0.1485 (0.149)  Acc@1: 95.8333 (95.8333)  Acc@5: 100.0000 (100.0000)
2024-11-18 12:51:29,917 -                train: [    INFO] - Valid: 328 [ 104/104]  Loss: 0.5134 (0.172)  Acc@1: 87.5000 (94.7100)  Acc@5: 100.0000 (99.8800)
2024-11-18 12:51:29,968 -                train: [    INFO] - valid_acc 94.710003 - best_valid_acc 94.750002
2024-11-18 12:51:30,396 -                train: [    INFO] - Train: 329 [   0/520]  Loss: 0.2507 (0.251)  Acc@1: 95.8333 (95.8333)  Acc@5: 98.9583 (98.9583)LR: 1.061e-02
2024-11-18 12:52:16,732 -                train: [    INFO] - Train: 329 [ 200/520]  Loss: 0.3122 (0.335)  Acc@1: 91.6667 (92.2264)  Acc@5: 100.0000 (99.7616)LR: 1.061e-02
2024-11-18 12:53:01,241 -                train: [    INFO] - Train: 329 [ 400/520]  Loss: 0.3620 (0.342)  Acc@1: 94.7917 (91.9160)  Acc@5: 98.9583 (99.7558)LR: 1.061e-02
2024-11-18 12:53:27,918 -                train: [    INFO] - Train: 329 [ 520/520]  Loss: 0.4061 (0.342)  Acc@1: 88.7500 (91.8880)  Acc@5: 100.0000 (99.7560)LR: 1.061e-02
2024-11-18 12:53:28,282 -                train: [    INFO] - Valid: 329 [   0/104]  Loss: 0.2989 (0.299)  Acc@1: 91.6667 (91.6667)  Acc@5: 100.0000 (100.0000)
2024-11-18 12:53:33,630 -                train: [    INFO] - Valid: 329 [ 104/104]  Loss: 0.3689 (0.196)  Acc@1: 93.7500 (94.0700)  Acc@5: 100.0000 (99.8000)
2024-11-18 12:53:33,674 -                train: [    INFO] - valid_acc 94.070003 - best_valid_acc 94.750002
2024-11-18 12:53:34,122 -                train: [    INFO] - Train: 330 [   0/520]  Loss: 0.2576 (0.258)  Acc@1: 95.8333 (95.8333)  Acc@5: 100.0000 (100.0000)LR: 1.054e-02
2024-11-18 12:54:18,918 -                train: [    INFO] - Train: 330 [ 200/520]  Loss: 0.2395 (0.327)  Acc@1: 93.7500 (92.4492)  Acc@5: 100.0000 (99.7927)LR: 1.054e-02
2024-11-18 12:55:03,770 -                train: [    INFO] - Train: 330 [ 400/520]  Loss: 0.3537 (0.334)  Acc@1: 93.7500 (92.2408)  Acc@5: 100.0000 (99.7714)LR: 1.054e-02
2024-11-18 12:55:30,681 -                train: [    INFO] - Train: 330 [ 520/520]  Loss: 0.3283 (0.338)  Acc@1: 91.2500 (92.1620)  Acc@5: 100.0000 (99.7740)LR: 1.054e-02
2024-11-18 12:55:30,957 -                train: [    INFO] - Valid: 330 [   0/104]  Loss: 0.1223 (0.122)  Acc@1: 94.7917 (94.7917)  Acc@5: 100.0000 (100.0000)
2024-11-18 12:55:36,261 -                train: [    INFO] - Valid: 330 [ 104/104]  Loss: 0.09479 (0.167)  Acc@1: 93.7500 (94.6900)  Acc@5: 100.0000 (99.8800)
2024-11-18 12:55:36,298 -                train: [    INFO] - valid_acc 94.690003 - best_valid_acc 94.750002
2024-11-18 12:55:36,766 -                train: [    INFO] - Train: 331 [   0/520]  Loss: 0.2652 (0.265)  Acc@1: 95.8333 (95.8333)  Acc@5: 100.0000 (100.0000)LR: 1.048e-02
2024-11-18 12:56:21,333 -                train: [    INFO] - Train: 331 [ 200/520]  Loss: 0.1748 (0.339)  Acc@1: 95.8333 (92.0864)  Acc@5: 100.0000 (99.7150)LR: 1.048e-02
2024-11-18 12:57:05,791 -                train: [    INFO] - Train: 331 [ 400/520]  Loss: 0.3936 (0.338)  Acc@1: 91.6667 (92.1031)  Acc@5: 100.0000 (99.7662)LR: 1.048e-02
2024-11-18 12:57:32,487 -                train: [    INFO] - Train: 331 [ 520/520]  Loss: 0.3765 (0.339)  Acc@1: 92.5000 (92.0960)  Acc@5: 100.0000 (99.7640)LR: 1.048e-02
2024-11-18 12:57:32,751 -                train: [    INFO] - Valid: 331 [   0/104]  Loss: 0.1245 (0.125)  Acc@1: 96.8750 (96.8750)  Acc@5: 100.0000 (100.0000)
2024-11-18 12:57:38,064 -                train: [    INFO] - Valid: 331 [ 104/104]  Loss: 0.1294 (0.174)  Acc@1: 100.0000 (94.2800)  Acc@5: 100.0000 (99.8800)
2024-11-18 12:57:38,105 -                train: [    INFO] - valid_acc 94.280003 - best_valid_acc 94.750002
2024-11-18 12:57:38,542 -                train: [    INFO] - Train: 332 [   0/520]  Loss: 0.1981 (0.198)  Acc@1: 95.8333 (95.8333)  Acc@5: 100.0000 (100.0000)LR: 1.042e-02
2024-11-18 12:58:22,994 -                train: [    INFO] - Train: 332 [ 200/520]  Loss: 0.5277 (0.336)  Acc@1: 86.4583 (92.2782)  Acc@5: 100.0000 (99.7564)LR: 1.042e-02
2024-11-18 12:59:07,370 -                train: [    INFO] - Train: 332 [ 400/520]  Loss: 0.1987 (0.340)  Acc@1: 93.7500 (92.1161)  Acc@5: 100.0000 (99.7818)LR: 1.042e-02
2024-11-18 12:59:33,912 -                train: [    INFO] - Train: 332 [ 520/520]  Loss: 0.3827 (0.338)  Acc@1: 90.0000 (92.1320)  Acc@5: 100.0000 (99.7880)LR: 1.042e-02
2024-11-18 12:59:34,283 -                train: [    INFO] - Valid: 332 [   0/104]  Loss: 0.2220 (0.222)  Acc@1: 93.7500 (93.7500)  Acc@5: 100.0000 (100.0000)
2024-11-18 12:59:39,653 -                train: [    INFO] - Valid: 332 [ 104/104]  Loss: 0.2431 (0.189)  Acc@1: 93.7500 (93.9800)  Acc@5: 100.0000 (99.8600)
2024-11-18 12:59:39,691 -                train: [    INFO] - valid_acc 93.980003 - best_valid_acc 94.750002
2024-11-18 12:59:40,186 -                train: [    INFO] - Train: 333 [   0/520]  Loss: 0.2852 (0.285)  Acc@1: 95.8333 (95.8333)  Acc@5: 100.0000 (100.0000)LR: 1.035e-02
2024-11-18 13:00:27,569 -                train: [    INFO] - Train: 333 [ 200/520]  Loss: 0.4450 (0.333)  Acc@1: 87.5000 (92.2678)  Acc@5: 100.0000 (99.7979)LR: 1.035e-02
2024-11-18 13:01:13,484 -                train: [    INFO] - Train: 333 [ 400/520]  Loss: 0.3844 (0.341)  Acc@1: 89.5833 (92.0070)  Acc@5: 100.0000 (99.7870)LR: 1.035e-02
2024-11-18 13:01:40,755 -                train: [    INFO] - Train: 333 [ 520/520]  Loss: 0.2727 (0.342)  Acc@1: 93.7500 (92.0080)  Acc@5: 98.7500 (99.7860)LR: 1.035e-02
2024-11-18 13:01:45,428 -                train: [    INFO] - Valid: 333 [   0/104]  Loss: 0.1949 (0.195)  Acc@1: 91.6667 (91.6667)  Acc@5: 100.0000 (100.0000)
2024-11-18 13:01:50,854 -                train: [    INFO] - Valid: 333 [ 104/104]  Loss: 0.5494 (0.181)  Acc@1: 81.2500 (94.5500)  Acc@5: 100.0000 (99.8700)
2024-11-18 13:01:50,899 -                train: [    INFO] - valid_acc 94.550003 - best_valid_acc 94.750002
2024-11-18 13:01:51,349 -                train: [    INFO] - Train: 334 [   0/520]  Loss: 0.2710 (0.271)  Acc@1: 93.7500 (93.7500)  Acc@5: 100.0000 (100.0000)LR: 1.029e-02
2024-11-18 13:02:38,035 -                train: [    INFO] - Train: 334 [ 200/520]  Loss: 0.2199 (0.332)  Acc@1: 94.7917 (92.2056)  Acc@5: 100.0000 (99.7927)LR: 1.029e-02
2024-11-18 13:03:24,009 -                train: [    INFO] - Train: 334 [ 400/520]  Loss: 0.3605 (0.332)  Acc@1: 92.7083 (92.2096)  Acc@5: 100.0000 (99.8000)LR: 1.029e-02
2024-11-18 13:03:51,247 -                train: [    INFO] - Train: 334 [ 520/520]  Loss: 0.5331 (0.338)  Acc@1: 87.5000 (92.0280)  Acc@5: 97.5000 (99.7780)LR: 1.029e-02
2024-11-18 13:03:51,512 -                train: [    INFO] - Valid: 334 [   0/104]  Loss: 0.2989 (0.299)  Acc@1: 90.6250 (90.6250)  Acc@5: 100.0000 (100.0000)
2024-11-18 13:03:56,822 -                train: [    INFO] - Valid: 334 [ 104/104]  Loss: 0.4136 (0.202)  Acc@1: 93.7500 (93.6200)  Acc@5: 100.0000 (99.8500)
2024-11-18 13:03:56,867 -                train: [    INFO] - valid_acc 93.620003 - best_valid_acc 94.750002
2024-11-18 13:03:57,418 -                train: [    INFO] - Train: 335 [   0/520]  Loss: 0.2426 (0.243)  Acc@1: 95.8333 (95.8333)  Acc@5: 100.0000 (100.0000)LR: 1.022e-02
2024-11-18 13:04:42,200 -                train: [    INFO] - Train: 335 [ 200/520]  Loss: 0.4748 (0.322)  Acc@1: 91.6667 (92.5114)  Acc@5: 100.0000 (99.8393)LR: 1.022e-02
2024-11-18 13:05:27,598 -                train: [    INFO] - Train: 335 [ 400/520]  Loss: 0.2482 (0.329)  Acc@1: 92.7083 (92.2511)  Acc@5: 100.0000 (99.8363)LR: 1.022e-02
2024-11-18 13:05:54,367 -                train: [    INFO] - Train: 335 [ 520/520]  Loss: 0.3464 (0.335)  Acc@1: 93.7500 (92.1140)  Acc@5: 100.0000 (99.8040)LR: 1.022e-02
2024-11-18 13:05:54,724 -                train: [    INFO] - Valid: 335 [   0/104]  Loss: 0.1843 (0.184)  Acc@1: 94.7917 (94.7917)  Acc@5: 100.0000 (100.0000)
2024-11-18 13:06:00,105 -                train: [    INFO] - Valid: 335 [ 104/104]  Loss: 0.05166 (0.177)  Acc@1: 100.0000 (94.4200)  Acc@5: 100.0000 (99.8900)
2024-11-18 13:06:00,164 -                train: [    INFO] - valid_acc 94.420003 - best_valid_acc 94.750002
2024-11-18 13:06:00,563 -                train: [    INFO] - Train: 336 [   0/520]  Loss: 0.2470 (0.247)  Acc@1: 93.7500 (93.7500)  Acc@5: 100.0000 (100.0000)LR: 1.016e-02
2024-11-18 13:06:45,826 -                train: [    INFO] - Train: 336 [ 200/520]  Loss: 0.2081 (0.321)  Acc@1: 95.8333 (92.5218)  Acc@5: 100.0000 (99.8393)LR: 1.016e-02
2024-11-18 13:07:30,954 -                train: [    INFO] - Train: 336 [ 400/520]  Loss: 0.3325 (0.328)  Acc@1: 92.7083 (92.3343)  Acc@5: 98.9583 (99.8208)LR: 1.016e-02
2024-11-18 13:07:58,018 -                train: [    INFO] - Train: 336 [ 520/520]  Loss: 0.4683 (0.329)  Acc@1: 87.5000 (92.3080)  Acc@5: 100.0000 (99.8140)LR: 1.016e-02
2024-11-18 13:07:58,277 -                train: [    INFO] - Valid: 336 [   0/104]  Loss: 0.1239 (0.124)  Acc@1: 95.8333 (95.8333)  Acc@5: 100.0000 (100.0000)
2024-11-18 13:08:03,604 -                train: [    INFO] - Valid: 336 [ 104/104]  Loss: 0.4344 (0.173)  Acc@1: 87.5000 (94.6100)  Acc@5: 100.0000 (99.8900)
2024-11-18 13:08:03,631 -                train: [    INFO] - valid_acc 94.610002 - best_valid_acc 94.750002
2024-11-18 13:08:04,073 -                train: [    INFO] - Train: 337 [   0/520]  Loss: 0.3369 (0.337)  Acc@1: 89.5833 (89.5833)  Acc@5: 100.0000 (100.0000)LR: 1.009e-02
2024-11-18 13:08:48,771 -                train: [    INFO] - Train: 337 [ 200/520]  Loss: 0.5431 (0.323)  Acc@1: 88.5417 (92.5684)  Acc@5: 100.0000 (99.8186)LR: 1.009e-02
2024-11-18 13:09:33,287 -                train: [    INFO] - Train: 337 [ 400/520]  Loss: 0.3338 (0.332)  Acc@1: 92.7083 (92.3551)  Acc@5: 100.0000 (99.7948)LR: 1.009e-02
2024-11-18 13:09:59,924 -                train: [    INFO] - Train: 337 [ 520/520]  Loss: 0.3412 (0.333)  Acc@1: 91.2500 (92.3240)  Acc@5: 98.7500 (99.7960)LR: 1.009e-02
2024-11-18 13:10:00,173 -                train: [    INFO] - Valid: 337 [   0/104]  Loss: 0.1475 (0.148)  Acc@1: 95.8333 (95.8333)  Acc@5: 100.0000 (100.0000)
2024-11-18 13:10:05,472 -                train: [    INFO] - Valid: 337 [ 104/104]  Loss: 0.5757 (0.178)  Acc@1: 87.5000 (94.3200)  Acc@5: 100.0000 (99.8900)
2024-11-18 13:10:05,513 -                train: [    INFO] - valid_acc 94.320003 - best_valid_acc 94.750002
2024-11-18 13:10:05,922 -                train: [    INFO] - Train: 338 [   0/520]  Loss: 0.3303 (0.330)  Acc@1: 90.6250 (90.6250)  Acc@5: 100.0000 (100.0000)LR: 1.003e-02
2024-11-18 13:10:50,622 -                train: [    INFO] - Train: 338 [ 200/520]  Loss: 0.3678 (0.315)  Acc@1: 92.7083 (92.6047)  Acc@5: 98.9583 (99.8342)LR: 1.003e-02
2024-11-18 13:11:35,802 -                train: [    INFO] - Train: 338 [ 400/520]  Loss: 0.3051 (0.337)  Acc@1: 91.6667 (91.9966)  Acc@5: 100.0000 (99.7922)LR: 1.003e-02
2024-11-18 13:12:02,902 -                train: [    INFO] - Train: 338 [ 520/520]  Loss: 0.2493 (0.338)  Acc@1: 92.5000 (91.9700)  Acc@5: 100.0000 (99.7860)LR: 1.003e-02
2024-11-18 13:12:03,220 -                train: [    INFO] - Valid: 338 [   0/104]  Loss: 0.1277 (0.128)  Acc@1: 96.8750 (96.8750)  Acc@5: 100.0000 (100.0000)
2024-11-18 13:12:08,596 -                train: [    INFO] - Valid: 338 [ 104/104]  Loss: 0.2672 (0.187)  Acc@1: 87.5000 (94.0100)  Acc@5: 100.0000 (99.8700)
2024-11-18 13:12:08,630 -                train: [    INFO] - valid_acc 94.010003 - best_valid_acc 94.750002
2024-11-18 13:12:09,090 -                train: [    INFO] - Train: 339 [   0/520]  Loss: 0.2778 (0.278)  Acc@1: 91.6667 (91.6667)  Acc@5: 100.0000 (100.0000)LR: 9.965e-03
2024-11-18 13:12:54,637 -                train: [    INFO] - Train: 339 [ 200/520]  Loss: 0.2721 (0.324)  Acc@1: 90.6250 (92.5321)  Acc@5: 100.0000 (99.7875)LR: 9.965e-03
2024-11-18 13:13:39,078 -                train: [    INFO] - Train: 339 [ 400/520]  Loss: 0.3936 (0.332)  Acc@1: 90.6250 (92.2226)  Acc@5: 100.0000 (99.8026)LR: 9.965e-03
2024-11-18 13:14:06,136 -                train: [    INFO] - Train: 339 [ 520/520]  Loss: 0.2217 (0.334)  Acc@1: 95.0000 (92.1920)  Acc@5: 100.0000 (99.7980)LR: 9.965e-03
2024-11-18 13:14:07,308 -                train: [    INFO] - Valid: 339 [   0/104]  Loss: 0.1609 (0.161)  Acc@1: 94.7917 (94.7917)  Acc@5: 100.0000 (100.0000)
2024-11-18 13:14:12,641 -                train: [    INFO] - Valid: 339 [ 104/104]  Loss: 0.2944 (0.178)  Acc@1: 93.7500 (94.6700)  Acc@5: 100.0000 (99.9100)
2024-11-18 13:14:12,672 -                train: [    INFO] - valid_acc 94.670002 - best_valid_acc 94.750002
2024-11-18 13:14:13,123 -                train: [    INFO] - Train: 340 [   0/520]  Loss: 0.3982 (0.398)  Acc@1: 87.5000 (87.5000)  Acc@5: 100.0000 (100.0000)LR: 9.901e-03
2024-11-18 13:14:58,322 -                train: [    INFO] - Train: 340 [ 200/520]  Loss: 0.3300 (0.324)  Acc@1: 89.5833 (92.4699)  Acc@5: 100.0000 (99.7927)LR: 9.901e-03
2024-11-18 13:15:43,175 -                train: [    INFO] - Train: 340 [ 400/520]  Loss: 0.3080 (0.330)  Acc@1: 92.7083 (92.3083)  Acc@5: 100.0000 (99.7844)LR: 9.901e-03
2024-11-18 13:16:10,455 -                train: [    INFO] - Train: 340 [ 520/520]  Loss: 0.3700 (0.333)  Acc@1: 90.0000 (92.2260)  Acc@5: 100.0000 (99.7840)LR: 9.901e-03
2024-11-18 13:16:14,698 -                train: [    INFO] - Valid: 340 [   0/104]  Loss: 0.2106 (0.211)  Acc@1: 93.7500 (93.7500)  Acc@5: 100.0000 (100.0000)
2024-11-18 13:16:20,053 -                train: [    INFO] - Valid: 340 [ 104/104]  Loss: 0.3494 (0.192)  Acc@1: 93.7500 (93.9200)  Acc@5: 100.0000 (99.9300)
2024-11-18 13:16:20,092 -                train: [    INFO] - valid_acc 93.920003 - best_valid_acc 94.750002
2024-11-18 13:16:20,560 -                train: [    INFO] - Train: 341 [   0/520]  Loss: 0.8309 (0.831)  Acc@1: 86.4583 (86.4583)  Acc@5: 97.9167 (97.9167)LR: 9.837e-03
2024-11-18 13:17:08,657 -                train: [    INFO] - Train: 341 [ 200/520]  Loss: 0.2083 (0.325)  Acc@1: 95.8333 (92.3404)  Acc@5: 100.0000 (99.8186)LR: 9.837e-03
2024-11-18 13:17:54,778 -                train: [    INFO] - Train: 341 [ 400/520]  Loss: 0.3846 (0.326)  Acc@1: 90.6250 (92.4590)  Acc@5: 100.0000 (99.7688)LR: 9.837e-03
2024-11-18 13:18:22,849 -                train: [    INFO] - Train: 341 [ 520/520]  Loss: 0.1698 (0.326)  Acc@1: 96.2500 (92.4240)  Acc@5: 100.0000 (99.7820)LR: 9.837e-03
2024-11-18 13:18:23,106 -                train: [    INFO] - Valid: 341 [   0/104]  Loss: 0.1480 (0.148)  Acc@1: 95.8333 (95.8333)  Acc@5: 100.0000 (100.0000)
2024-11-18 13:18:28,431 -                train: [    INFO] - Valid: 341 [ 104/104]  Loss: 0.4888 (0.190)  Acc@1: 93.7500 (94.0600)  Acc@5: 100.0000 (99.8400)
2024-11-18 13:18:28,487 -                train: [    INFO] - valid_acc 94.060003 - best_valid_acc 94.750002
2024-11-18 13:18:28,989 -                train: [    INFO] - Train: 342 [   0/520]  Loss: 0.1908 (0.191)  Acc@1: 97.9167 (97.9167)  Acc@5: 100.0000 (100.0000)LR: 9.773e-03
2024-11-18 13:19:14,631 -                train: [    INFO] - Train: 342 [ 200/520]  Loss: 0.3052 (0.321)  Acc@1: 91.6667 (92.5736)  Acc@5: 100.0000 (99.7927)LR: 9.773e-03
2024-11-18 13:19:59,298 -                train: [    INFO] - Train: 342 [ 400/520]  Loss: 0.2829 (0.320)  Acc@1: 92.7083 (92.5655)  Acc@5: 97.9167 (99.8000)LR: 9.773e-03
2024-11-18 13:20:26,254 -                train: [    INFO] - Train: 342 [ 520/520]  Loss: 0.8242 (0.329)  Acc@1: 81.2500 (92.3860)  Acc@5: 98.7500 (99.7760)LR: 9.773e-03
2024-11-18 13:20:26,503 -                train: [    INFO] - Valid: 342 [   0/104]  Loss: 0.2056 (0.206)  Acc@1: 93.7500 (93.7500)  Acc@5: 100.0000 (100.0000)
2024-11-18 13:20:31,842 -                train: [    INFO] - Valid: 342 [ 104/104]  Loss: 0.3482 (0.171)  Acc@1: 93.7500 (94.4500)  Acc@5: 100.0000 (99.8100)
2024-11-18 13:20:31,875 -                train: [    INFO] - valid_acc 94.450002 - best_valid_acc 94.750002
2024-11-18 13:20:32,310 -                train: [    INFO] - Train: 343 [   0/520]  Loss: 0.5025 (0.502)  Acc@1: 88.5417 (88.5417)  Acc@5: 100.0000 (100.0000)LR: 9.709e-03
2024-11-18 13:21:18,636 -                train: [    INFO] - Train: 343 [ 200/520]  Loss: 0.3321 (0.316)  Acc@1: 94.7917 (92.5321)  Acc@5: 100.0000 (99.8342)LR: 9.709e-03
2024-11-18 13:22:04,449 -                train: [    INFO] - Train: 343 [ 400/520]  Loss: 0.2277 (0.326)  Acc@1: 93.7500 (92.4044)  Acc@5: 100.0000 (99.7766)LR: 9.709e-03
2024-11-18 13:22:31,475 -                train: [    INFO] - Train: 343 [ 520/520]  Loss: 0.3733 (0.330)  Acc@1: 91.2500 (92.3580)  Acc@5: 100.0000 (99.7760)LR: 9.709e-03
2024-11-18 13:22:31,762 -                train: [    INFO] - Valid: 343 [   0/104]  Loss: 0.1960 (0.196)  Acc@1: 92.7083 (92.7083)  Acc@5: 100.0000 (100.0000)
2024-11-18 13:22:37,066 -                train: [    INFO] - Valid: 343 [ 104/104]  Loss: 0.04997 (0.178)  Acc@1: 100.0000 (94.3500)  Acc@5: 100.0000 (99.9000)
2024-11-18 13:22:37,093 -                train: [    INFO] - valid_acc 94.350002 - best_valid_acc 94.750002
2024-11-18 13:22:37,543 -                train: [    INFO] - Train: 344 [   0/520]  Loss: 0.2920 (0.292)  Acc@1: 92.7083 (92.7083)  Acc@5: 100.0000 (100.0000)LR: 9.646e-03
2024-11-18 13:23:22,450 -                train: [    INFO] - Train: 344 [ 200/520]  Loss: 0.1924 (0.311)  Acc@1: 96.8750 (92.9105)  Acc@5: 100.0000 (99.8186)LR: 9.646e-03
2024-11-18 13:24:07,250 -                train: [    INFO] - Train: 344 [ 400/520]  Loss: 0.5448 (0.324)  Acc@1: 86.4583 (92.5421)  Acc@5: 100.0000 (99.7922)LR: 9.646e-03
2024-11-18 13:24:34,237 -                train: [    INFO] - Train: 344 [ 520/520]  Loss: 0.5008 (0.328)  Acc@1: 90.0000 (92.4080)  Acc@5: 100.0000 (99.7880)LR: 9.646e-03
2024-11-18 13:24:34,482 -                train: [    INFO] - Valid: 344 [   0/104]  Loss: 0.2079 (0.208)  Acc@1: 91.6667 (91.6667)  Acc@5: 100.0000 (100.0000)
2024-11-18 13:24:39,788 -                train: [    INFO] - Valid: 344 [ 104/104]  Loss: 0.01017 (0.190)  Acc@1: 100.0000 (94.2900)  Acc@5: 100.0000 (99.8900)
2024-11-18 13:24:39,827 -                train: [    INFO] - valid_acc 94.290002 - best_valid_acc 94.750002
2024-11-18 13:24:40,406 -                train: [    INFO] - Train: 345 [   0/520]  Loss: 0.5089 (0.509)  Acc@1: 86.4583 (86.4583)  Acc@5: 100.0000 (100.0000)LR: 9.582e-03
2024-11-18 13:25:25,682 -                train: [    INFO] - Train: 345 [ 200/520]  Loss: 0.1741 (0.329)  Acc@1: 95.8333 (92.2160)  Acc@5: 100.0000 (99.8238)LR: 9.582e-03
2024-11-18 13:26:10,651 -                train: [    INFO] - Train: 345 [ 400/520]  Loss: 0.3082 (0.326)  Acc@1: 92.7083 (92.4018)  Acc@5: 100.0000 (99.8182)LR: 9.582e-03
2024-11-18 13:26:37,827 -                train: [    INFO] - Train: 345 [ 520/520]  Loss: 0.3220 (0.329)  Acc@1: 88.7500 (92.3000)  Acc@5: 100.0000 (99.8000)LR: 9.582e-03
2024-11-18 13:26:38,193 -                train: [    INFO] - Valid: 345 [   0/104]  Loss: 0.1646 (0.165)  Acc@1: 95.8333 (95.8333)  Acc@5: 100.0000 (100.0000)
2024-11-18 13:26:43,532 -                train: [    INFO] - Valid: 345 [ 104/104]  Loss: 0.4278 (0.170)  Acc@1: 93.7500 (94.7800)  Acc@5: 100.0000 (99.8900)
2024-11-18 13:26:44,090 -                train: [    INFO] - valid_acc 94.780003 - best_valid_acc 94.780003
2024-11-18 13:26:44,553 -                train: [    INFO] - Train: 346 [   0/520]  Loss: 0.5459 (0.546)  Acc@1: 87.5000 (87.5000)  Acc@5: 100.0000 (100.0000)LR: 9.518e-03
2024-11-18 13:27:29,786 -                train: [    INFO] - Train: 346 [ 200/520]  Loss: 0.2071 (0.328)  Acc@1: 96.8750 (92.0605)  Acc@5: 100.0000 (99.8238)LR: 9.518e-03
2024-11-18 13:28:14,694 -                train: [    INFO] - Train: 346 [ 400/520]  Loss: 0.2576 (0.327)  Acc@1: 94.7917 (92.2070)  Acc@5: 98.9583 (99.7948)LR: 9.518e-03
2024-11-18 13:28:41,632 -                train: [    INFO] - Train: 346 [ 520/520]  Loss: 0.4069 (0.328)  Acc@1: 88.7500 (92.1720)  Acc@5: 100.0000 (99.7860)LR: 9.518e-03
2024-11-18 13:28:41,920 -                train: [    INFO] - Valid: 346 [   0/104]  Loss: 0.1592 (0.159)  Acc@1: 94.7917 (94.7917)  Acc@5: 100.0000 (100.0000)
2024-11-18 13:28:47,238 -                train: [    INFO] - Valid: 346 [ 104/104]  Loss: 0.1336 (0.172)  Acc@1: 93.7500 (94.7900)  Acc@5: 100.0000 (99.8600)
2024-11-18 13:28:48,032 -                train: [    INFO] - valid_acc 94.790003 - best_valid_acc 94.790003
2024-11-18 13:28:48,478 -                train: [    INFO] - Train: 347 [   0/520]  Loss: 0.1489 (0.149)  Acc@1: 95.8333 (95.8333)  Acc@5: 100.0000 (100.0000)LR: 9.455e-03
2024-11-18 13:29:33,998 -                train: [    INFO] - Train: 347 [ 200/520]  Loss: 0.5788 (0.324)  Acc@1: 85.4167 (92.3093)  Acc@5: 100.0000 (99.8290)LR: 9.455e-03
2024-11-18 13:30:19,325 -                train: [    INFO] - Train: 347 [ 400/520]  Loss: 0.2419 (0.321)  Acc@1: 96.8750 (92.4408)  Acc@5: 100.0000 (99.8078)LR: 9.455e-03
2024-11-18 13:30:46,107 -                train: [    INFO] - Train: 347 [ 520/520]  Loss: 0.4413 (0.324)  Acc@1: 88.7500 (92.3900)  Acc@5: 100.0000 (99.8000)LR: 9.455e-03
2024-11-18 13:30:46,405 -                train: [    INFO] - Valid: 347 [   0/104]  Loss: 0.1436 (0.144)  Acc@1: 92.7083 (92.7083)  Acc@5: 100.0000 (100.0000)
2024-11-18 13:30:51,722 -                train: [    INFO] - Valid: 347 [ 104/104]  Loss: 0.09367 (0.193)  Acc@1: 93.7500 (93.8500)  Acc@5: 100.0000 (99.8900)
2024-11-18 13:30:51,771 -                train: [    INFO] - valid_acc 93.850003 - best_valid_acc 94.790003
2024-11-18 13:30:52,254 -                train: [    INFO] - Train: 348 [   0/520]  Loss: 0.2023 (0.202)  Acc@1: 92.7083 (92.7083)  Acc@5: 100.0000 (100.0000)LR: 9.391e-03
2024-11-18 13:31:37,239 -                train: [    INFO] - Train: 348 [ 200/520]  Loss: 0.3806 (0.323)  Acc@1: 91.6667 (92.6306)  Acc@5: 97.9167 (99.7772)LR: 9.391e-03
2024-11-18 13:32:21,891 -                train: [    INFO] - Train: 348 [ 400/520]  Loss: 0.5485 (0.326)  Acc@1: 83.3333 (92.4616)  Acc@5: 100.0000 (99.8052)LR: 9.391e-03
2024-11-18 13:32:48,746 -                train: [    INFO] - Train: 348 [ 520/520]  Loss: 0.2650 (0.326)  Acc@1: 95.0000 (92.4820)  Acc@5: 100.0000 (99.7920)LR: 9.391e-03
2024-11-18 13:32:48,992 -                train: [    INFO] - Valid: 348 [   0/104]  Loss: 0.1822 (0.182)  Acc@1: 93.7500 (93.7500)  Acc@5: 100.0000 (100.0000)
2024-11-18 13:32:54,302 -                train: [    INFO] - Valid: 348 [ 104/104]  Loss: 0.05450 (0.176)  Acc@1: 93.7500 (94.3300)  Acc@5: 100.0000 (99.8800)
2024-11-18 13:32:54,331 -                train: [    INFO] - valid_acc 94.330002 - best_valid_acc 94.790003
2024-11-18 13:32:54,734 -                train: [    INFO] - Train: 349 [   0/520]  Loss: 0.3606 (0.361)  Acc@1: 91.6667 (91.6667)  Acc@5: 100.0000 (100.0000)LR: 9.328e-03
2024-11-18 13:33:39,570 -                train: [    INFO] - Train: 349 [ 200/520]  Loss: 0.5486 (0.319)  Acc@1: 89.5833 (92.3922)  Acc@5: 98.9583 (99.8290)LR: 9.328e-03
2024-11-18 13:34:24,486 -                train: [    INFO] - Train: 349 [ 400/520]  Loss: 0.1937 (0.318)  Acc@1: 95.8333 (92.5317)  Acc@5: 100.0000 (99.8000)LR: 9.328e-03
2024-11-18 13:34:51,448 -                train: [    INFO] - Train: 349 [ 520/520]  Loss: 0.3791 (0.317)  Acc@1: 90.0000 (92.6260)  Acc@5: 100.0000 (99.8020)LR: 9.328e-03
2024-11-18 13:34:52,756 -                train: [    INFO] - Valid: 349 [   0/104]  Loss: 0.1940 (0.194)  Acc@1: 92.7083 (92.7083)  Acc@5: 100.0000 (100.0000)
2024-11-18 13:34:58,532 -                train: [    INFO] - Valid: 349 [ 104/104]  Loss: 0.01027 (0.171)  Acc@1: 100.0000 (94.4300)  Acc@5: 100.0000 (99.9500)
2024-11-18 13:34:59,507 -                train: [    INFO] - valid_acc 94.430003 - best_valid_acc 94.790003
2024-11-18 13:35:00,022 -                train: [    INFO] - Train: 350 [   0/520]  Loss: 0.2160 (0.216)  Acc@1: 97.9167 (97.9167)  Acc@5: 100.0000 (100.0000)LR: 9.265e-03
2024-11-18 13:35:47,488 -                train: [    INFO] - Train: 350 [ 200/520]  Loss: 0.3201 (0.317)  Acc@1: 92.7083 (92.6772)  Acc@5: 100.0000 (99.7461)LR: 9.265e-03
2024-11-18 13:36:33,665 -                train: [    INFO] - Train: 350 [ 400/520]  Loss: 0.2525 (0.319)  Acc@1: 92.7083 (92.5759)  Acc@5: 100.0000 (99.7740)LR: 9.265e-03
2024-11-18 13:37:00,855 -                train: [    INFO] - Train: 350 [ 520/520]  Loss: 0.1856 (0.322)  Acc@1: 96.2500 (92.4800)  Acc@5: 100.0000 (99.7820)LR: 9.265e-03
2024-11-18 13:37:01,139 -                train: [    INFO] - Valid: 350 [   0/104]  Loss: 0.3873 (0.387)  Acc@1: 89.5833 (89.5833)  Acc@5: 100.0000 (100.0000)
2024-11-18 13:37:06,462 -                train: [    INFO] - Valid: 350 [ 104/104]  Loss: 0.1080 (0.185)  Acc@1: 93.7500 (94.1800)  Acc@5: 100.0000 (99.8900)
2024-11-18 13:37:06,497 -                train: [    INFO] - valid_acc 94.180003 - best_valid_acc 94.790003
2024-11-18 13:37:06,935 -                train: [    INFO] - Train: 351 [   0/520]  Loss: 0.4471 (0.447)  Acc@1: 90.6250 (90.6250)  Acc@5: 100.0000 (100.0000)LR: 9.202e-03
2024-11-18 13:37:52,136 -                train: [    INFO] - Train: 351 [ 200/520]  Loss: 0.3846 (0.317)  Acc@1: 90.6250 (92.7809)  Acc@5: 100.0000 (99.7201)LR: 9.202e-03
2024-11-18 13:38:37,477 -                train: [    INFO] - Train: 351 [ 400/520]  Loss: 0.3467 (0.322)  Acc@1: 92.7083 (92.5395)  Acc@5: 100.0000 (99.7402)LR: 9.202e-03
2024-11-18 13:39:04,410 -                train: [    INFO] - Train: 351 [ 520/520]  Loss: 0.4214 (0.319)  Acc@1: 92.5000 (92.6160)  Acc@5: 100.0000 (99.7640)LR: 9.202e-03
2024-11-18 13:39:04,701 -                train: [    INFO] - Valid: 351 [   0/104]  Loss: 0.1508 (0.151)  Acc@1: 93.7500 (93.7500)  Acc@5: 100.0000 (100.0000)
2024-11-18 13:39:10,171 -                train: [    INFO] - Valid: 351 [ 104/104]  Loss: 0.2480 (0.179)  Acc@1: 93.7500 (94.4000)  Acc@5: 100.0000 (99.8600)
2024-11-18 13:39:10,201 -                train: [    INFO] - valid_acc 94.400003 - best_valid_acc 94.790003
2024-11-18 13:39:10,664 -                train: [    INFO] - Train: 352 [   0/520]  Loss: 0.1891 (0.189)  Acc@1: 96.8750 (96.8750)  Acc@5: 100.0000 (100.0000)LR: 9.139e-03
2024-11-18 13:39:56,159 -                train: [    INFO] - Train: 352 [ 200/520]  Loss: 0.2962 (0.306)  Acc@1: 91.6667 (92.8068)  Acc@5: 98.9583 (99.7720)LR: 9.139e-03
2024-11-18 13:40:41,204 -                train: [    INFO] - Train: 352 [ 400/520]  Loss: 0.2826 (0.316)  Acc@1: 91.6667 (92.5473)  Acc@5: 100.0000 (99.8156)LR: 9.139e-03
2024-11-18 13:41:08,451 -                train: [    INFO] - Train: 352 [ 520/520]  Loss: 0.5798 (0.317)  Acc@1: 90.0000 (92.5500)  Acc@5: 98.7500 (99.8080)LR: 9.139e-03
2024-11-18 13:41:08,739 -                train: [    INFO] - Valid: 352 [   0/104]  Loss: 0.2462 (0.246)  Acc@1: 91.6667 (91.6667)  Acc@5: 100.0000 (100.0000)
2024-11-18 13:41:14,041 -                train: [    INFO] - Valid: 352 [ 104/104]  Loss: 0.3622 (0.191)  Acc@1: 93.7500 (94.1100)  Acc@5: 100.0000 (99.8600)
2024-11-18 13:41:14,076 -                train: [    INFO] - valid_acc 94.110002 - best_valid_acc 94.790003
2024-11-18 13:41:14,541 -                train: [    INFO] - Train: 353 [   0/520]  Loss: 0.2197 (0.220)  Acc@1: 95.8333 (95.8333)  Acc@5: 100.0000 (100.0000)LR: 9.076e-03
2024-11-18 13:41:59,895 -                train: [    INFO] - Train: 353 [ 200/520]  Loss: 0.2221 (0.302)  Acc@1: 96.8750 (92.8794)  Acc@5: 100.0000 (99.8134)LR: 9.076e-03
2024-11-18 13:42:45,002 -                train: [    INFO] - Train: 353 [ 400/520]  Loss: 0.3491 (0.311)  Acc@1: 92.7083 (92.6278)  Acc@5: 97.9167 (99.8312)LR: 9.076e-03
2024-11-18 13:43:11,779 -                train: [    INFO] - Train: 353 [ 520/520]  Loss: 0.3060 (0.313)  Acc@1: 93.7500 (92.6300)  Acc@5: 100.0000 (99.8200)LR: 9.076e-03
2024-11-18 13:43:12,107 -                train: [    INFO] - Valid: 353 [   0/104]  Loss: 0.1453 (0.145)  Acc@1: 92.7083 (92.7083)  Acc@5: 100.0000 (100.0000)
2024-11-18 13:43:17,462 -                train: [    INFO] - Valid: 353 [ 104/104]  Loss: 0.2720 (0.170)  Acc@1: 93.7500 (94.3400)  Acc@5: 100.0000 (99.9200)
2024-11-18 13:43:17,537 -                train: [    INFO] - valid_acc 94.340002 - best_valid_acc 94.790003
2024-11-18 13:43:17,961 -                train: [    INFO] - Train: 354 [   0/520]  Loss: 0.2656 (0.266)  Acc@1: 95.8333 (95.8333)  Acc@5: 100.0000 (100.0000)LR: 9.013e-03
2024-11-18 13:44:02,672 -                train: [    INFO] - Train: 354 [ 200/520]  Loss: 0.3058 (0.319)  Acc@1: 92.7083 (92.4388)  Acc@5: 100.0000 (99.8290)LR: 9.013e-03
2024-11-18 13:44:47,421 -                train: [    INFO] - Train: 354 [ 400/520]  Loss: 0.2549 (0.324)  Acc@1: 94.7917 (92.4693)  Acc@5: 98.9583 (99.8078)LR: 9.013e-03
2024-11-18 13:45:14,087 -                train: [    INFO] - Train: 354 [ 520/520]  Loss: 0.3083 (0.323)  Acc@1: 93.7500 (92.5160)  Acc@5: 100.0000 (99.8160)LR: 9.013e-03
2024-11-18 13:45:14,326 -                train: [    INFO] - Valid: 354 [   0/104]  Loss: 0.2992 (0.299)  Acc@1: 91.6667 (91.6667)  Acc@5: 100.0000 (100.0000)
2024-11-18 13:45:19,659 -                train: [    INFO] - Valid: 354 [ 104/104]  Loss: 0.1020 (0.169)  Acc@1: 93.7500 (94.5400)  Acc@5: 100.0000 (99.8900)
2024-11-18 13:45:19,689 -                train: [    INFO] - valid_acc 94.540003 - best_valid_acc 94.790003
2024-11-18 13:45:20,133 -                train: [    INFO] - Train: 355 [   0/520]  Loss: 0.2164 (0.216)  Acc@1: 98.9583 (98.9583)  Acc@5: 100.0000 (100.0000)LR: 8.950e-03
2024-11-18 13:46:05,606 -                train: [    INFO] - Train: 355 [ 200/520]  Loss: 0.3479 (0.304)  Acc@1: 91.6667 (92.8483)  Acc@5: 100.0000 (99.8342)LR: 8.950e-03
2024-11-18 13:46:50,880 -                train: [    INFO] - Train: 355 [ 400/520]  Loss: 0.2071 (0.309)  Acc@1: 94.7917 (92.7265)  Acc@5: 100.0000 (99.7948)LR: 8.950e-03
2024-11-18 13:47:18,084 -                train: [    INFO] - Train: 355 [ 520/520]  Loss: 0.5924 (0.315)  Acc@1: 86.2500 (92.5380)  Acc@5: 98.7500 (99.8020)LR: 8.950e-03
2024-11-18 13:47:18,361 -                train: [    INFO] - Valid: 355 [   0/104]  Loss: 0.1947 (0.195)  Acc@1: 94.7917 (94.7917)  Acc@5: 100.0000 (100.0000)
2024-11-18 13:47:23,735 -                train: [    INFO] - Valid: 355 [ 104/104]  Loss: 0.1608 (0.165)  Acc@1: 93.7500 (94.6400)  Acc@5: 100.0000 (99.9300)
2024-11-18 13:47:23,790 -                train: [    INFO] - valid_acc 94.640003 - best_valid_acc 94.790003
2024-11-18 13:47:24,295 -                train: [    INFO] - Train: 356 [   0/520]  Loss: 0.3035 (0.304)  Acc@1: 94.7917 (94.7917)  Acc@5: 100.0000 (100.0000)LR: 8.887e-03
2024-11-18 13:48:12,281 -                train: [    INFO] - Train: 356 [ 200/520]  Loss: 0.2915 (0.306)  Acc@1: 93.7500 (92.9519)  Acc@5: 100.0000 (99.8083)LR: 8.887e-03
2024-11-18 13:48:57,977 -                train: [    INFO] - Train: 356 [ 400/520]  Loss: 0.3659 (0.316)  Acc@1: 91.6667 (92.6226)  Acc@5: 98.9583 (99.8026)LR: 8.887e-03
2024-11-18 13:49:25,323 -                train: [    INFO] - Train: 356 [ 520/520]  Loss: 0.3105 (0.314)  Acc@1: 96.2500 (92.7100)  Acc@5: 100.0000 (99.8180)LR: 8.887e-03
2024-11-18 13:49:25,633 -                train: [    INFO] - Valid: 356 [   0/104]  Loss: 0.1791 (0.179)  Acc@1: 92.7083 (92.7083)  Acc@5: 100.0000 (100.0000)
2024-11-18 13:49:31,087 -                train: [    INFO] - Valid: 356 [ 104/104]  Loss: 0.04448 (0.172)  Acc@1: 100.0000 (94.6300)  Acc@5: 100.0000 (99.9000)
2024-11-18 13:49:31,122 -                train: [    INFO] - valid_acc 94.630002 - best_valid_acc 94.790003
2024-11-18 13:49:31,587 -                train: [    INFO] - Train: 357 [   0/520]  Loss: 0.3093 (0.309)  Acc@1: 91.6667 (91.6667)  Acc@5: 100.0000 (100.0000)LR: 8.824e-03
2024-11-18 13:50:17,446 -                train: [    INFO] - Train: 357 [ 200/520]  Loss: 0.3537 (0.308)  Acc@1: 90.6250 (92.8690)  Acc@5: 100.0000 (99.7823)LR: 8.824e-03
2024-11-18 13:51:02,807 -                train: [    INFO] - Train: 357 [ 400/520]  Loss: 0.2281 (0.312)  Acc@1: 94.7917 (92.8019)  Acc@5: 100.0000 (99.8026)LR: 8.824e-03
2024-11-18 13:51:29,560 -                train: [    INFO] - Train: 357 [ 520/520]  Loss: 0.2540 (0.314)  Acc@1: 95.0000 (92.7060)  Acc@5: 100.0000 (99.8140)LR: 8.824e-03
2024-11-18 13:51:29,848 -                train: [    INFO] - Valid: 357 [   0/104]  Loss: 0.1513 (0.151)  Acc@1: 95.8333 (95.8333)  Acc@5: 100.0000 (100.0000)
2024-11-18 13:51:35,259 -                train: [    INFO] - Valid: 357 [ 104/104]  Loss: 0.02197 (0.159)  Acc@1: 100.0000 (94.8900)  Acc@5: 100.0000 (99.9100)
2024-11-18 13:51:36,050 -                train: [    INFO] - valid_acc 94.890002 - best_valid_acc 94.890002
2024-11-18 13:51:36,551 -                train: [    INFO] - Train: 358 [   0/520]  Loss: 0.4380 (0.438)  Acc@1: 89.5833 (89.5833)  Acc@5: 98.9583 (98.9583)LR: 8.762e-03
2024-11-18 13:52:21,194 -                train: [    INFO] - Train: 358 [ 200/520]  Loss: 0.3244 (0.301)  Acc@1: 94.7917 (93.0037)  Acc@5: 100.0000 (99.8342)LR: 8.762e-03
2024-11-18 13:53:05,979 -                train: [    INFO] - Train: 358 [ 400/520]  Loss: 0.2686 (0.308)  Acc@1: 93.7500 (92.7317)  Acc@5: 100.0000 (99.8415)LR: 8.762e-03
2024-11-18 13:53:32,677 -                train: [    INFO] - Train: 358 [ 520/520]  Loss: 0.4837 (0.311)  Acc@1: 88.7500 (92.7200)  Acc@5: 98.7500 (99.8420)LR: 8.762e-03
2024-11-18 13:53:33,008 -                train: [    INFO] - Valid: 358 [   0/104]  Loss: 0.2263 (0.226)  Acc@1: 92.7083 (92.7083)  Acc@5: 100.0000 (100.0000)
2024-11-18 13:53:38,370 -                train: [    INFO] - Valid: 358 [ 104/104]  Loss: 0.3050 (0.170)  Acc@1: 93.7500 (94.6100)  Acc@5: 100.0000 (99.8500)
2024-11-18 13:53:38,401 -                train: [    INFO] - valid_acc 94.610003 - best_valid_acc 94.890002
2024-11-18 13:53:38,874 -                train: [    INFO] - Train: 359 [   0/520]  Loss: 0.1621 (0.162)  Acc@1: 95.8333 (95.8333)  Acc@5: 100.0000 (100.0000)LR: 8.700e-03
2024-11-18 13:54:23,418 -                train: [    INFO] - Train: 359 [ 200/520]  Loss: 0.3484 (0.306)  Acc@1: 93.7500 (92.9726)  Acc@5: 100.0000 (99.8290)LR: 8.700e-03
2024-11-18 13:55:08,017 -                train: [    INFO] - Train: 359 [ 400/520]  Loss: 0.2652 (0.313)  Acc@1: 92.7083 (92.7343)  Acc@5: 98.9583 (99.8156)LR: 8.700e-03
2024-11-18 13:55:34,484 -                train: [    INFO] - Train: 359 [ 520/520]  Loss: 0.2764 (0.316)  Acc@1: 92.5000 (92.6520)  Acc@5: 100.0000 (99.8120)LR: 8.700e-03
2024-11-18 13:55:35,636 -                train: [    INFO] - Valid: 359 [   0/104]  Loss: 0.1307 (0.131)  Acc@1: 94.7917 (94.7917)  Acc@5: 100.0000 (100.0000)
2024-11-18 13:55:40,967 -                train: [    INFO] - Valid: 359 [ 104/104]  Loss: 0.1857 (0.167)  Acc@1: 93.7500 (94.7300)  Acc@5: 100.0000 (99.8800)
2024-11-18 13:55:41,015 -                train: [    INFO] - valid_acc 94.730003 - best_valid_acc 94.890002
2024-11-18 13:55:41,481 -                train: [    INFO] - Train: 360 [   0/520]  Loss: 0.3656 (0.366)  Acc@1: 92.7083 (92.7083)  Acc@5: 100.0000 (100.0000)LR: 8.637e-03
2024-11-18 13:56:25,995 -                train: [    INFO] - Train: 360 [ 200/520]  Loss: 0.3232 (0.305)  Acc@1: 89.5833 (93.0245)  Acc@5: 100.0000 (99.8601)LR: 8.637e-03
2024-11-18 13:57:10,623 -                train: [    INFO] - Train: 360 [ 400/520]  Loss: 0.08883 (0.306)  Acc@1: 98.9583 (92.9369)  Acc@5: 100.0000 (99.8337)LR: 8.637e-03
2024-11-18 13:57:37,322 -                train: [    INFO] - Train: 360 [ 520/520]  Loss: 0.3472 (0.307)  Acc@1: 90.0000 (92.9020)  Acc@5: 100.0000 (99.8380)LR: 8.637e-03
2024-11-18 13:57:37,630 -                train: [    INFO] - Valid: 360 [   0/104]  Loss: 0.2862 (0.286)  Acc@1: 91.6667 (91.6667)  Acc@5: 100.0000 (100.0000)
2024-11-18 13:57:42,937 -                train: [    INFO] - Valid: 360 [ 104/104]  Loss: 0.1237 (0.176)  Acc@1: 93.7500 (94.5700)  Acc@5: 100.0000 (99.8900)
2024-11-18 13:57:42,969 -                train: [    INFO] - valid_acc 94.570003 - best_valid_acc 94.890002
2024-11-18 13:57:43,419 -                train: [    INFO] - Train: 361 [   0/520]  Loss: 0.3272 (0.327)  Acc@1: 89.5833 (89.5833)  Acc@5: 100.0000 (100.0000)LR: 8.575e-03
2024-11-18 13:58:27,844 -                train: [    INFO] - Train: 361 [ 200/520]  Loss: 0.1724 (0.300)  Acc@1: 96.8750 (93.0970)  Acc@5: 100.0000 (99.8186)LR: 8.575e-03
2024-11-18 13:59:12,430 -                train: [    INFO] - Train: 361 [ 400/520]  Loss: 0.2533 (0.308)  Acc@1: 93.7500 (92.8200)  Acc@5: 100.0000 (99.8130)LR: 8.575e-03
2024-11-18 13:59:39,266 -                train: [    INFO] - Train: 361 [ 520/520]  Loss: 0.3701 (0.310)  Acc@1: 88.7500 (92.7360)  Acc@5: 100.0000 (99.7900)LR: 8.575e-03
2024-11-18 13:59:39,624 -                train: [    INFO] - Valid: 361 [   0/104]  Loss: 0.1224 (0.122)  Acc@1: 94.7917 (94.7917)  Acc@5: 100.0000 (100.0000)
2024-11-18 13:59:44,981 -                train: [    INFO] - Valid: 361 [ 104/104]  Loss: 0.04092 (0.164)  Acc@1: 100.0000 (95.0800)  Acc@5: 100.0000 (99.8800)
2024-11-18 13:59:46,284 -                train: [    INFO] - valid_acc 95.080003 - best_valid_acc 95.080003
2024-11-18 13:59:46,767 -                train: [    INFO] - Train: 362 [   0/520]  Loss: 0.4196 (0.420)  Acc@1: 91.6667 (91.6667)  Acc@5: 100.0000 (100.0000)LR: 8.513e-03
2024-11-18 14:00:33,042 -                train: [    INFO] - Train: 362 [ 200/520]  Loss: 0.3766 (0.293)  Acc@1: 90.6250 (93.1748)  Acc@5: 100.0000 (99.8653)LR: 8.513e-03
2024-11-18 14:01:18,689 -                train: [    INFO] - Train: 362 [ 400/520]  Loss: 0.2793 (0.300)  Acc@1: 92.7083 (93.0460)  Acc@5: 100.0000 (99.8286)LR: 8.513e-03
2024-11-18 14:01:45,857 -                train: [    INFO] - Train: 362 [ 520/520]  Loss: 0.3327 (0.305)  Acc@1: 90.0000 (92.9460)  Acc@5: 100.0000 (99.8140)LR: 8.513e-03
2024-11-18 14:01:46,196 -                train: [    INFO] - Valid: 362 [   0/104]  Loss: 0.2413 (0.241)  Acc@1: 92.7083 (92.7083)  Acc@5: 100.0000 (100.0000)
2024-11-18 14:01:51,499 -                train: [    INFO] - Valid: 362 [ 104/104]  Loss: 0.07312 (0.169)  Acc@1: 100.0000 (94.5900)  Acc@5: 100.0000 (99.9200)
2024-11-18 14:01:51,537 -                train: [    INFO] - valid_acc 94.590002 - best_valid_acc 95.080003
2024-11-18 14:01:52,053 -                train: [    INFO] - Train: 363 [   0/520]  Loss: 0.3835 (0.383)  Acc@1: 93.7500 (93.7500)  Acc@5: 97.9167 (97.9167)LR: 8.451e-03
2024-11-18 14:02:36,836 -                train: [    INFO] - Train: 363 [ 200/520]  Loss: 0.3781 (0.293)  Acc@1: 91.6667 (93.3147)  Acc@5: 100.0000 (99.8238)LR: 8.451e-03
2024-11-18 14:03:21,503 -                train: [    INFO] - Train: 363 [ 400/520]  Loss: 0.2008 (0.307)  Acc@1: 96.8750 (92.9291)  Acc@5: 100.0000 (99.8182)LR: 8.451e-03
2024-11-18 14:03:48,369 -                train: [    INFO] - Train: 363 [ 520/520]  Loss: 0.2982 (0.311)  Acc@1: 92.5000 (92.8400)  Acc@5: 100.0000 (99.8200)LR: 8.451e-03
2024-11-18 14:03:48,676 -                train: [    INFO] - Valid: 363 [   0/104]  Loss: 0.1558 (0.156)  Acc@1: 95.8333 (95.8333)  Acc@5: 100.0000 (100.0000)
2024-11-18 14:03:53,988 -                train: [    INFO] - Valid: 363 [ 104/104]  Loss: 0.2737 (0.177)  Acc@1: 87.5000 (94.3200)  Acc@5: 100.0000 (99.8900)
2024-11-18 14:03:54,020 -                train: [    INFO] - valid_acc 94.320002 - best_valid_acc 95.080003
2024-11-18 14:03:54,433 -                train: [    INFO] - Train: 364 [   0/520]  Loss: 0.1847 (0.185)  Acc@1: 97.9167 (97.9167)  Acc@5: 100.0000 (100.0000)LR: 8.389e-03
2024-11-18 14:04:38,856 -                train: [    INFO] - Train: 364 [ 200/520]  Loss: 0.2574 (0.297)  Acc@1: 92.7083 (93.2058)  Acc@5: 100.0000 (99.8290)LR: 8.389e-03
2024-11-18 14:05:23,077 -                train: [    INFO] - Train: 364 [ 400/520]  Loss: 0.3554 (0.300)  Acc@1: 92.7083 (93.0772)  Acc@5: 100.0000 (99.8208)LR: 8.389e-03
2024-11-18 14:05:49,609 -                train: [    INFO] - Train: 364 [ 520/520]  Loss: 0.4189 (0.302)  Acc@1: 92.5000 (93.0280)  Acc@5: 100.0000 (99.7980)LR: 8.389e-03
2024-11-18 14:05:49,918 -                train: [    INFO] - Valid: 364 [   0/104]  Loss: 0.2013 (0.201)  Acc@1: 94.7917 (94.7917)  Acc@5: 100.0000 (100.0000)
2024-11-18 14:05:55,171 -                train: [    INFO] - Valid: 364 [ 104/104]  Loss: 0.3253 (0.168)  Acc@1: 93.7500 (94.5900)  Acc@5: 100.0000 (99.9300)
2024-11-18 14:05:55,201 -                train: [    INFO] - valid_acc 94.590002 - best_valid_acc 95.080003
2024-11-18 14:05:55,698 -                train: [    INFO] - Train: 365 [   0/520]  Loss: 0.2841 (0.284)  Acc@1: 89.5833 (89.5833)  Acc@5: 100.0000 (100.0000)LR: 8.327e-03
2024-11-18 14:06:41,507 -                train: [    INFO] - Train: 365 [ 200/520]  Loss: 0.1756 (0.289)  Acc@1: 95.8333 (93.3717)  Acc@5: 100.0000 (99.8186)LR: 8.327e-03
2024-11-18 14:07:26,978 -                train: [    INFO] - Train: 365 [ 400/520]  Loss: 0.1727 (0.301)  Acc@1: 96.8750 (93.0850)  Acc@5: 100.0000 (99.8078)LR: 8.327e-03
2024-11-18 14:07:54,078 -                train: [    INFO] - Train: 365 [ 520/520]  Loss: 0.4009 (0.302)  Acc@1: 90.0000 (93.0280)  Acc@5: 100.0000 (99.8240)LR: 8.327e-03
2024-11-18 14:07:55,748 -                train: [    INFO] - Valid: 365 [   0/104]  Loss: 0.07639 (0.0764)  Acc@1: 95.8333 (95.8333)  Acc@5: 100.0000 (100.0000)
2024-11-18 14:08:01,071 -                train: [    INFO] - Valid: 365 [ 104/104]  Loss: 0.4087 (0.169)  Acc@1: 93.7500 (94.8000)  Acc@5: 100.0000 (99.9000)
2024-11-18 14:08:01,138 -                train: [    INFO] - valid_acc 94.800002 - best_valid_acc 95.080003
2024-11-18 14:08:01,566 -                train: [    INFO] - Train: 366 [   0/520]  Loss: 0.3229 (0.323)  Acc@1: 93.7500 (93.7500)  Acc@5: 100.0000 (100.0000)LR: 8.266e-03
2024-11-18 14:08:46,274 -                train: [    INFO] - Train: 366 [ 200/520]  Loss: 0.2663 (0.297)  Acc@1: 94.7917 (93.0348)  Acc@5: 100.0000 (99.8342)LR: 8.266e-03
2024-11-18 14:09:30,691 -                train: [    INFO] - Train: 366 [ 400/520]  Loss: 0.4027 (0.297)  Acc@1: 89.5833 (93.1370)  Acc@5: 98.9583 (99.8545)LR: 8.266e-03
2024-11-18 14:09:57,417 -                train: [    INFO] - Train: 366 [ 520/520]  Loss: 0.3359 (0.297)  Acc@1: 88.7500 (93.1700)  Acc@5: 100.0000 (99.8420)LR: 8.266e-03
2024-11-18 14:09:57,725 -                train: [    INFO] - Valid: 366 [   0/104]  Loss: 0.2018 (0.202)  Acc@1: 94.7917 (94.7917)  Acc@5: 100.0000 (100.0000)
2024-11-18 14:10:03,027 -                train: [    INFO] - Valid: 366 [ 104/104]  Loss: 0.2582 (0.159)  Acc@1: 93.7500 (95.2600)  Acc@5: 100.0000 (99.8600)
2024-11-18 14:10:06,246 -                train: [    INFO] - valid_acc 95.260003 - best_valid_acc 95.260003
2024-11-18 14:10:06,829 -                train: [    INFO] - Train: 367 [   0/520]  Loss: 0.3343 (0.334)  Acc@1: 94.7917 (94.7917)  Acc@5: 98.9583 (98.9583)LR: 8.204e-03
2024-11-18 14:10:51,233 -                train: [    INFO] - Train: 367 [ 200/520]  Loss: 0.1204 (0.299)  Acc@1: 97.9167 (92.9830)  Acc@5: 100.0000 (99.8497)LR: 8.204e-03
2024-11-18 14:11:35,965 -                train: [    INFO] - Train: 367 [ 400/520]  Loss: 0.4405 (0.304)  Acc@1: 90.6250 (92.8694)  Acc@5: 100.0000 (99.8156)LR: 8.204e-03
2024-11-18 14:12:02,695 -                train: [    INFO] - Train: 367 [ 520/520]  Loss: 0.3138 (0.303)  Acc@1: 91.2500 (92.9380)  Acc@5: 100.0000 (99.8140)LR: 8.204e-03
2024-11-18 14:12:04,577 -                train: [    INFO] - Valid: 367 [   0/104]  Loss: 0.2410 (0.241)  Acc@1: 91.6667 (91.6667)  Acc@5: 100.0000 (100.0000)
2024-11-18 14:12:09,883 -                train: [    INFO] - Valid: 367 [ 104/104]  Loss: 0.3303 (0.165)  Acc@1: 93.7500 (94.8900)  Acc@5: 100.0000 (99.8800)
2024-11-18 14:12:09,925 -                train: [    INFO] - valid_acc 94.890002 - best_valid_acc 95.260003
2024-11-18 14:12:10,426 -                train: [    INFO] - Train: 368 [   0/520]  Loss: 0.3977 (0.398)  Acc@1: 91.6667 (91.6667)  Acc@5: 98.9583 (98.9583)LR: 8.143e-03
2024-11-18 14:12:58,480 -                train: [    INFO] - Train: 368 [ 200/520]  Loss: 0.2259 (0.294)  Acc@1: 93.7500 (93.3872)  Acc@5: 100.0000 (99.8186)LR: 8.143e-03
2024-11-18 14:13:45,177 -                train: [    INFO] - Train: 368 [ 400/520]  Loss: 0.1943 (0.300)  Acc@1: 94.7917 (93.1032)  Acc@5: 100.0000 (99.8182)LR: 8.143e-03
2024-11-18 14:14:12,634 -                train: [    INFO] - Train: 368 [ 520/520]  Loss: 0.2431 (0.306)  Acc@1: 96.2500 (92.9400)  Acc@5: 98.7500 (99.8100)LR: 8.143e-03
2024-11-18 14:14:16,205 -                train: [    INFO] - Valid: 368 [   0/104]  Loss: 0.2407 (0.241)  Acc@1: 94.7917 (94.7917)  Acc@5: 100.0000 (100.0000)
2024-11-18 14:14:21,672 -                train: [    INFO] - Valid: 368 [ 104/104]  Loss: 0.3574 (0.169)  Acc@1: 93.7500 (94.8500)  Acc@5: 100.0000 (99.8700)
2024-11-18 14:14:21,877 -                train: [    INFO] - valid_acc 94.850002 - best_valid_acc 95.260003
2024-11-18 14:14:22,396 -                train: [    INFO] - Train: 369 [   0/520]  Loss: 0.2289 (0.229)  Acc@1: 93.7500 (93.7500)  Acc@5: 100.0000 (100.0000)LR: 8.082e-03
2024-11-18 14:15:07,617 -                train: [    INFO] - Train: 369 [ 200/520]  Loss: 0.2078 (0.290)  Acc@1: 96.8750 (93.2525)  Acc@5: 100.0000 (99.8238)LR: 8.082e-03
2024-11-18 14:15:52,605 -                train: [    INFO] - Train: 369 [ 400/520]  Loss: 0.4061 (0.294)  Acc@1: 87.5000 (93.2590)  Acc@5: 100.0000 (99.8260)LR: 8.082e-03
2024-11-18 14:16:19,707 -                train: [    INFO] - Train: 369 [ 520/520]  Loss: 0.3582 (0.297)  Acc@1: 92.5000 (93.1640)  Acc@5: 100.0000 (99.8140)LR: 8.082e-03
2024-11-18 14:16:23,620 -                train: [    INFO] - Valid: 369 [   0/104]  Loss: 0.1440 (0.144)  Acc@1: 95.8333 (95.8333)  Acc@5: 100.0000 (100.0000)
2024-11-18 14:16:28,973 -                train: [    INFO] - Valid: 369 [ 104/104]  Loss: 0.09357 (0.165)  Acc@1: 93.7500 (94.9300)  Acc@5: 100.0000 (99.8600)
2024-11-18 14:16:29,108 -                train: [    INFO] - valid_acc 94.930002 - best_valid_acc 95.260003
2024-11-18 14:16:29,603 -                train: [    INFO] - Train: 370 [   0/520]  Loss: 0.2880 (0.288)  Acc@1: 93.7500 (93.7500)  Acc@5: 100.0000 (100.0000)LR: 8.020e-03
2024-11-18 14:17:14,668 -                train: [    INFO] - Train: 370 [ 200/520]  Loss: 0.2407 (0.303)  Acc@1: 92.7083 (92.9312)  Acc@5: 98.9583 (99.8601)LR: 8.020e-03
2024-11-18 14:17:59,976 -                train: [    INFO] - Train: 370 [ 400/520]  Loss: 0.3685 (0.302)  Acc@1: 89.5833 (92.9759)  Acc@5: 98.9583 (99.8182)LR: 8.020e-03
2024-11-18 14:18:26,882 -                train: [    INFO] - Train: 370 [ 520/520]  Loss: 0.1435 (0.302)  Acc@1: 98.7500 (93.0020)  Acc@5: 100.0000 (99.8120)LR: 8.020e-03
2024-11-18 14:18:27,159 -                train: [    INFO] - Valid: 370 [   0/104]  Loss: 0.1442 (0.144)  Acc@1: 92.7083 (92.7083)  Acc@5: 100.0000 (100.0000)
2024-11-18 14:18:32,490 -                train: [    INFO] - Valid: 370 [ 104/104]  Loss: 0.02198 (0.161)  Acc@1: 100.0000 (95.3000)  Acc@5: 100.0000 (99.9000)
2024-11-18 14:18:33,033 -                train: [    INFO] - valid_acc 95.300003 - best_valid_acc 95.300003
2024-11-18 14:18:33,499 -                train: [    INFO] - Train: 371 [   0/520]  Loss: 0.4281 (0.428)  Acc@1: 90.6250 (90.6250)  Acc@5: 100.0000 (100.0000)LR: 7.959e-03
2024-11-18 14:19:18,780 -                train: [    INFO] - Train: 371 [ 200/520]  Loss: 0.3086 (0.291)  Acc@1: 92.7083 (93.2369)  Acc@5: 100.0000 (99.8445)LR: 7.959e-03
2024-11-18 14:20:03,408 -                train: [    INFO] - Train: 371 [ 400/520]  Loss: 0.4438 (0.300)  Acc@1: 86.4583 (93.0616)  Acc@5: 100.0000 (99.8156)LR: 7.959e-03
2024-11-18 14:20:30,250 -                train: [    INFO] - Train: 371 [ 520/520]  Loss: 0.5514 (0.302)  Acc@1: 87.5000 (92.9980)  Acc@5: 100.0000 (99.8060)LR: 7.959e-03
2024-11-18 14:20:30,503 -                train: [    INFO] - Valid: 371 [   0/104]  Loss: 0.2095 (0.209)  Acc@1: 93.7500 (93.7500)  Acc@5: 100.0000 (100.0000)
2024-11-18 14:20:35,822 -                train: [    INFO] - Valid: 371 [ 104/104]  Loss: 0.4275 (0.166)  Acc@1: 93.7500 (94.8400)  Acc@5: 100.0000 (99.8500)
2024-11-18 14:20:35,886 -                train: [    INFO] - valid_acc 94.840002 - best_valid_acc 95.300003
2024-11-18 14:20:36,398 -                train: [    INFO] - Train: 372 [   0/520]  Loss: 0.1950 (0.195)  Acc@1: 96.8750 (96.8750)  Acc@5: 100.0000 (100.0000)LR: 7.898e-03
2024-11-18 14:21:21,295 -                train: [    INFO] - Train: 372 [ 200/520]  Loss: 0.2009 (0.287)  Acc@1: 96.8750 (93.3924)  Acc@5: 100.0000 (99.8238)LR: 7.898e-03
2024-11-18 14:22:05,932 -                train: [    INFO] - Train: 372 [ 400/520]  Loss: 0.3623 (0.293)  Acc@1: 91.6667 (93.1240)  Acc@5: 100.0000 (99.8312)LR: 7.898e-03
2024-11-18 14:22:32,770 -                train: [    INFO] - Train: 372 [ 520/520]  Loss: 0.2246 (0.296)  Acc@1: 97.5000 (93.0680)  Acc@5: 100.0000 (99.8320)LR: 7.898e-03
2024-11-18 14:22:33,048 -                train: [    INFO] - Valid: 372 [   0/104]  Loss: 0.2208 (0.221)  Acc@1: 94.7917 (94.7917)  Acc@5: 100.0000 (100.0000)
2024-11-18 14:22:38,453 -                train: [    INFO] - Valid: 372 [ 104/104]  Loss: 0.3112 (0.155)  Acc@1: 93.7500 (95.1800)  Acc@5: 100.0000 (99.9100)
2024-11-18 14:22:38,531 -                train: [    INFO] - valid_acc 95.180003 - best_valid_acc 95.300003
2024-11-18 14:22:38,973 -                train: [    INFO] - Train: 373 [   0/520]  Loss: 0.3557 (0.356)  Acc@1: 94.7917 (94.7917)  Acc@5: 100.0000 (100.0000)LR: 7.838e-03
2024-11-18 14:23:24,034 -                train: [    INFO] - Train: 373 [ 200/520]  Loss: 0.2639 (0.292)  Acc@1: 94.7917 (93.1333)  Acc@5: 100.0000 (99.8549)LR: 7.838e-03
2024-11-18 14:24:09,108 -                train: [    INFO] - Train: 373 [ 400/520]  Loss: 0.2062 (0.293)  Acc@1: 95.8333 (93.1447)  Acc@5: 98.9583 (99.8389)LR: 7.838e-03
2024-11-18 14:24:36,048 -                train: [    INFO] - Train: 373 [ 520/520]  Loss: 0.2198 (0.294)  Acc@1: 95.0000 (93.0560)  Acc@5: 100.0000 (99.8340)LR: 7.838e-03
2024-11-18 14:24:36,380 -                train: [    INFO] - Valid: 373 [   0/104]  Loss: 0.06670 (0.0667)  Acc@1: 97.9167 (97.9167)  Acc@5: 100.0000 (100.0000)
2024-11-18 14:24:41,754 -                train: [    INFO] - Valid: 373 [ 104/104]  Loss: 0.1635 (0.157)  Acc@1: 93.7500 (95.2000)  Acc@5: 100.0000 (99.9000)
2024-11-18 14:24:41,789 -                train: [    INFO] - valid_acc 95.200003 - best_valid_acc 95.300003
2024-11-18 14:24:42,329 -                train: [    INFO] - Train: 374 [   0/520]  Loss: 0.2893 (0.289)  Acc@1: 91.6667 (91.6667)  Acc@5: 100.0000 (100.0000)LR: 7.777e-03
2024-11-18 14:25:27,519 -                train: [    INFO] - Train: 374 [ 200/520]  Loss: 0.2486 (0.288)  Acc@1: 93.7500 (93.4494)  Acc@5: 98.9583 (99.8549)LR: 7.777e-03
2024-11-18 14:26:12,618 -                train: [    INFO] - Train: 374 [ 400/520]  Loss: 0.2098 (0.294)  Acc@1: 96.8750 (93.3136)  Acc@5: 100.0000 (99.8519)LR: 7.777e-03
2024-11-18 14:26:39,504 -                train: [    INFO] - Train: 374 [ 520/520]  Loss: 0.4583 (0.295)  Acc@1: 88.7500 (93.2380)  Acc@5: 100.0000 (99.8440)LR: 7.777e-03
2024-11-18 14:26:39,761 -                train: [    INFO] - Valid: 374 [   0/104]  Loss: 0.1921 (0.192)  Acc@1: 95.8333 (95.8333)  Acc@5: 100.0000 (100.0000)
2024-11-18 14:26:45,117 -                train: [    INFO] - Valid: 374 [ 104/104]  Loss: 0.08691 (0.198)  Acc@1: 93.7500 (94.1800)  Acc@5: 100.0000 (99.8700)
2024-11-18 14:26:45,147 -                train: [    INFO] - valid_acc 94.180003 - best_valid_acc 95.300003
2024-11-18 14:26:45,625 -                train: [    INFO] - Train: 375 [   0/520]  Loss: 0.3455 (0.345)  Acc@1: 92.7083 (92.7083)  Acc@5: 100.0000 (100.0000)LR: 7.716e-03
2024-11-18 14:27:31,071 -                train: [    INFO] - Train: 375 [ 200/520]  Loss: 0.3082 (0.275)  Acc@1: 90.6250 (93.7655)  Acc@5: 100.0000 (99.9015)LR: 7.716e-03
2024-11-18 14:28:15,817 -                train: [    INFO] - Train: 375 [ 400/520]  Loss: 0.2706 (0.289)  Acc@1: 92.7083 (93.3370)  Acc@5: 100.0000 (99.8623)LR: 7.716e-03
2024-11-18 14:28:42,854 -                train: [    INFO] - Train: 375 [ 520/520]  Loss: 0.1914 (0.292)  Acc@1: 93.7500 (93.2880)  Acc@5: 100.0000 (99.8700)LR: 7.716e-03
2024-11-18 14:28:43,198 -                train: [    INFO] - Valid: 375 [   0/104]  Loss: 0.1799 (0.180)  Acc@1: 96.8750 (96.8750)  Acc@5: 100.0000 (100.0000)
2024-11-18 14:28:48,533 -                train: [    INFO] - Valid: 375 [ 104/104]  Loss: 0.2717 (0.158)  Acc@1: 87.5000 (95.3100)  Acc@5: 100.0000 (99.8900)
2024-11-18 14:28:49,235 -                train: [    INFO] - valid_acc 95.310002 - best_valid_acc 95.310002
2024-11-18 14:28:49,684 -                train: [    INFO] - Train: 376 [   0/520]  Loss: 0.3114 (0.311)  Acc@1: 90.6250 (90.6250)  Acc@5: 100.0000 (100.0000)LR: 7.656e-03
2024-11-18 14:29:34,632 -                train: [    INFO] - Train: 376 [ 200/520]  Loss: 0.2409 (0.282)  Acc@1: 94.7917 (93.4961)  Acc@5: 100.0000 (99.8964)LR: 7.656e-03
2024-11-18 14:30:19,415 -                train: [    INFO] - Train: 376 [ 400/520]  Loss: 0.3396 (0.283)  Acc@1: 91.6667 (93.4876)  Acc@5: 100.0000 (99.8649)LR: 7.656e-03
2024-11-18 14:30:46,242 -                train: [    INFO] - Train: 376 [ 520/520]  Loss: 0.3513 (0.287)  Acc@1: 92.5000 (93.3700)  Acc@5: 100.0000 (99.8600)LR: 7.656e-03
2024-11-18 14:30:46,490 -                train: [    INFO] - Valid: 376 [   0/104]  Loss: 0.1225 (0.122)  Acc@1: 95.8333 (95.8333)  Acc@5: 100.0000 (100.0000)
2024-11-18 14:30:51,803 -                train: [    INFO] - Valid: 376 [ 104/104]  Loss: 0.1764 (0.171)  Acc@1: 87.5000 (94.8300)  Acc@5: 100.0000 (99.9100)
2024-11-18 14:30:51,979 -                train: [    INFO] - valid_acc 94.830003 - best_valid_acc 95.310002
2024-11-18 14:30:52,384 -                train: [    INFO] - Train: 377 [   0/520]  Loss: 0.4227 (0.423)  Acc@1: 89.5833 (89.5833)  Acc@5: 98.9583 (98.9583)LR: 7.596e-03
2024-11-18 14:31:36,993 -                train: [    INFO] - Train: 377 [ 200/520]  Loss: 0.2943 (0.293)  Acc@1: 92.7083 (93.0815)  Acc@5: 100.0000 (99.8186)LR: 7.596e-03
2024-11-18 14:32:21,654 -                train: [    INFO] - Train: 377 [ 400/520]  Loss: 0.3140 (0.295)  Acc@1: 90.6250 (93.0850)  Acc@5: 100.0000 (99.8208)LR: 7.596e-03
2024-11-18 14:32:48,476 -                train: [    INFO] - Train: 377 [ 520/520]  Loss: 0.3383 (0.296)  Acc@1: 91.2500 (93.0540)  Acc@5: 100.0000 (99.8160)LR: 7.596e-03
2024-11-18 14:32:48,739 -                train: [    INFO] - Valid: 377 [   0/104]  Loss: 0.2917 (0.292)  Acc@1: 91.6667 (91.6667)  Acc@5: 100.0000 (100.0000)
2024-11-18 14:32:54,094 -                train: [    INFO] - Valid: 377 [ 104/104]  Loss: 0.3802 (0.172)  Acc@1: 93.7500 (94.7700)  Acc@5: 100.0000 (99.9200)
2024-11-18 14:32:55,224 -                train: [    INFO] - valid_acc 94.770003 - best_valid_acc 95.310002
2024-11-18 14:32:55,660 -                train: [    INFO] - Train: 378 [   0/520]  Loss: 0.2285 (0.229)  Acc@1: 94.7917 (94.7917)  Acc@5: 100.0000 (100.0000)LR: 7.536e-03
2024-11-18 14:33:41,111 -                train: [    INFO] - Train: 378 [ 200/520]  Loss: 0.2818 (0.279)  Acc@1: 92.7083 (93.6464)  Acc@5: 100.0000 (99.8238)LR: 7.536e-03
2024-11-18 14:34:26,689 -                train: [    INFO] - Train: 378 [ 400/520]  Loss: 0.1254 (0.280)  Acc@1: 97.9167 (93.5812)  Acc@5: 100.0000 (99.8286)LR: 7.536e-03
2024-11-18 14:34:53,560 -                train: [    INFO] - Train: 378 [ 520/520]  Loss: 0.5394 (0.283)  Acc@1: 91.2500 (93.4920)  Acc@5: 98.7500 (99.8260)LR: 7.536e-03
2024-11-18 14:34:53,851 -                train: [    INFO] - Valid: 378 [   0/104]  Loss: 0.1881 (0.188)  Acc@1: 94.7917 (94.7917)  Acc@5: 100.0000 (100.0000)
2024-11-18 14:34:59,169 -                train: [    INFO] - Valid: 378 [ 104/104]  Loss: 0.03998 (0.172)  Acc@1: 100.0000 (94.9400)  Acc@5: 100.0000 (99.9100)
2024-11-18 14:34:59,204 -                train: [    INFO] - valid_acc 94.940003 - best_valid_acc 95.310002
2024-11-18 14:34:59,684 -                train: [    INFO] - Train: 379 [   0/520]  Loss: 0.4505 (0.451)  Acc@1: 87.5000 (87.5000)  Acc@5: 100.0000 (100.0000)LR: 7.476e-03
2024-11-18 14:35:45,260 -                train: [    INFO] - Train: 379 [ 200/520]  Loss: 0.2020 (0.287)  Acc@1: 97.9167 (93.6567)  Acc@5: 100.0000 (99.8704)LR: 7.476e-03
2024-11-18 14:36:30,681 -                train: [    INFO] - Train: 379 [ 400/520]  Loss: 0.2468 (0.285)  Acc@1: 94.7917 (93.5682)  Acc@5: 100.0000 (99.8753)LR: 7.476e-03
2024-11-18 14:36:57,717 -                train: [    INFO] - Train: 379 [ 520/520]  Loss: 0.2239 (0.287)  Acc@1: 96.2500 (93.4340)  Acc@5: 98.7500 (99.8660)LR: 7.476e-03
2024-11-18 14:36:58,016 -                train: [    INFO] - Valid: 379 [   0/104]  Loss: 0.1629 (0.163)  Acc@1: 94.7917 (94.7917)  Acc@5: 100.0000 (100.0000)
2024-11-18 14:37:03,374 -                train: [    INFO] - Valid: 379 [ 104/104]  Loss: 0.5350 (0.166)  Acc@1: 93.7500 (94.9600)  Acc@5: 100.0000 (99.9200)
2024-11-18 14:37:03,408 -                train: [    INFO] - valid_acc 94.960003 - best_valid_acc 95.310002
2024-11-18 14:37:03,881 -                train: [    INFO] - Train: 380 [   0/520]  Loss: 0.2392 (0.239)  Acc@1: 93.7500 (93.7500)  Acc@5: 100.0000 (100.0000)LR: 7.416e-03
2024-11-18 14:37:48,744 -                train: [    INFO] - Train: 380 [ 200/520]  Loss: 0.4858 (0.272)  Acc@1: 89.5833 (93.6049)  Acc@5: 100.0000 (99.8497)LR: 7.416e-03
2024-11-18 14:38:33,869 -                train: [    INFO] - Train: 380 [ 400/520]  Loss: 0.3139 (0.288)  Acc@1: 94.7917 (93.3136)  Acc@5: 100.0000 (99.8260)LR: 7.416e-03
2024-11-18 14:39:00,540 -                train: [    INFO] - Train: 380 [ 520/520]  Loss: 0.2396 (0.288)  Acc@1: 93.7500 (93.3180)  Acc@5: 100.0000 (99.8200)LR: 7.416e-03
2024-11-18 14:39:00,857 -                train: [    INFO] - Valid: 380 [   0/104]  Loss: 0.1402 (0.140)  Acc@1: 94.7917 (94.7917)  Acc@5: 100.0000 (100.0000)
2024-11-18 14:39:06,171 -                train: [    INFO] - Valid: 380 [ 104/104]  Loss: 0.2551 (0.160)  Acc@1: 93.7500 (95.0100)  Acc@5: 100.0000 (99.9500)
2024-11-18 14:39:06,223 -                train: [    INFO] - valid_acc 95.010002 - best_valid_acc 95.310002
2024-11-18 14:39:06,695 -                train: [    INFO] - Train: 381 [   0/520]  Loss: 0.3016 (0.302)  Acc@1: 92.7083 (92.7083)  Acc@5: 100.0000 (100.0000)LR: 7.356e-03
2024-11-18 14:39:51,636 -                train: [    INFO] - Train: 381 [ 200/520]  Loss: 0.2340 (0.289)  Acc@1: 92.7083 (93.1333)  Acc@5: 100.0000 (99.8393)LR: 7.356e-03
2024-11-18 14:40:36,434 -                train: [    INFO] - Train: 381 [ 400/520]  Loss: 0.1840 (0.291)  Acc@1: 95.8333 (93.1499)  Acc@5: 100.0000 (99.8649)LR: 7.356e-03
2024-11-18 14:41:03,307 -                train: [    INFO] - Train: 381 [ 520/520]  Loss: 0.3200 (0.289)  Acc@1: 93.7500 (93.2400)  Acc@5: 98.7500 (99.8740)LR: 7.356e-03
2024-11-18 14:41:03,607 -                train: [    INFO] - Valid: 381 [   0/104]  Loss: 0.1007 (0.101)  Acc@1: 95.8333 (95.8333)  Acc@5: 100.0000 (100.0000)
2024-11-18 14:41:09,040 -                train: [    INFO] - Valid: 381 [ 104/104]  Loss: 0.1184 (0.150)  Acc@1: 93.7500 (95.3200)  Acc@5: 100.0000 (99.9000)
2024-11-18 14:41:09,542 -                train: [    INFO] - valid_acc 95.320003 - best_valid_acc 95.320003
2024-11-18 14:41:10,035 -                train: [    INFO] - Train: 382 [   0/520]  Loss: 0.2787 (0.279)  Acc@1: 94.7917 (94.7917)  Acc@5: 100.0000 (100.0000)LR: 7.296e-03
2024-11-18 14:41:56,671 -                train: [    INFO] - Train: 382 [ 200/520]  Loss: 0.2843 (0.281)  Acc@1: 90.6250 (93.6049)  Acc@5: 100.0000 (99.8704)LR: 7.296e-03
2024-11-18 14:42:41,531 -                train: [    INFO] - Train: 382 [ 400/520]  Loss: 0.4460 (0.281)  Acc@1: 90.6250 (93.5344)  Acc@5: 100.0000 (99.8675)LR: 7.296e-03
2024-11-18 14:43:08,286 -                train: [    INFO] - Train: 382 [ 520/520]  Loss: 0.4360 (0.283)  Acc@1: 90.0000 (93.4900)  Acc@5: 100.0000 (99.8460)LR: 7.296e-03
2024-11-18 14:43:08,537 -                train: [    INFO] - Valid: 382 [   0/104]  Loss: 0.1949 (0.195)  Acc@1: 91.6667 (91.6667)  Acc@5: 100.0000 (100.0000)
2024-11-18 14:43:13,839 -                train: [    INFO] - Valid: 382 [ 104/104]  Loss: 0.4459 (0.157)  Acc@1: 93.7500 (95.1500)  Acc@5: 100.0000 (99.9200)
2024-11-18 14:43:13,869 -                train: [    INFO] - valid_acc 95.150003 - best_valid_acc 95.320003
2024-11-18 14:43:14,276 -                train: [    INFO] - Train: 383 [   0/520]  Loss: 0.1131 (0.113)  Acc@1: 97.9167 (97.9167)  Acc@5: 100.0000 (100.0000)LR: 7.237e-03
2024-11-18 14:43:58,974 -                train: [    INFO] - Train: 383 [ 200/520]  Loss: 0.1455 (0.269)  Acc@1: 96.8750 (93.8433)  Acc@5: 100.0000 (99.8704)LR: 7.237e-03
2024-11-18 14:44:43,601 -                train: [    INFO] - Train: 383 [ 400/520]  Loss: 0.3781 (0.278)  Acc@1: 90.6250 (93.5188)  Acc@5: 100.0000 (99.8493)LR: 7.237e-03
2024-11-18 14:45:10,548 -                train: [    INFO] - Train: 383 [ 520/520]  Loss: 0.4036 (0.284)  Acc@1: 92.5000 (93.4200)  Acc@5: 100.0000 (99.8480)LR: 7.237e-03
2024-11-18 14:45:10,798 -                train: [    INFO] - Valid: 383 [   0/104]  Loss: 0.1642 (0.164)  Acc@1: 94.7917 (94.7917)  Acc@5: 98.9583 (98.9583)
2024-11-18 14:45:16,256 -                train: [    INFO] - Valid: 383 [ 104/104]  Loss: 0.1358 (0.168)  Acc@1: 93.7500 (94.6100)  Acc@5: 100.0000 (99.8600)
2024-11-18 14:45:16,339 -                train: [    INFO] - valid_acc 94.610003 - best_valid_acc 95.320003
2024-11-18 14:45:16,766 -                train: [    INFO] - Train: 384 [   0/520]  Loss: 0.3645 (0.365)  Acc@1: 91.6667 (91.6667)  Acc@5: 100.0000 (100.0000)LR: 7.178e-03
2024-11-18 14:46:01,534 -                train: [    INFO] - Train: 384 [ 200/520]  Loss: 0.2671 (0.281)  Acc@1: 94.7917 (93.4961)  Acc@5: 100.0000 (99.8704)LR: 7.178e-03
2024-11-18 14:46:46,554 -                train: [    INFO] - Train: 384 [ 400/520]  Loss: 0.3201 (0.276)  Acc@1: 92.7083 (93.6955)  Acc@5: 98.9583 (99.8597)LR: 7.178e-03
2024-11-18 14:47:13,690 -                train: [    INFO] - Train: 384 [ 520/520]  Loss: 0.2647 (0.275)  Acc@1: 96.2500 (93.7040)  Acc@5: 100.0000 (99.8760)LR: 7.178e-03
2024-11-18 14:47:13,967 -                train: [    INFO] - Valid: 384 [   0/104]  Loss: 0.1676 (0.168)  Acc@1: 95.8333 (95.8333)  Acc@5: 100.0000 (100.0000)
2024-11-18 14:47:19,328 -                train: [    INFO] - Valid: 384 [ 104/104]  Loss: 0.02011 (0.159)  Acc@1: 100.0000 (95.0300)  Acc@5: 100.0000 (99.9600)
2024-11-18 14:47:19,358 -                train: [    INFO] - valid_acc 95.030002 - best_valid_acc 95.320003
2024-11-18 14:47:19,788 -                train: [    INFO] - Train: 385 [   0/520]  Loss: 0.3322 (0.332)  Acc@1: 89.5833 (89.5833)  Acc@5: 100.0000 (100.0000)LR: 7.119e-03
2024-11-18 14:48:04,475 -                train: [    INFO] - Train: 385 [ 200/520]  Loss: 0.2241 (0.267)  Acc@1: 93.7500 (93.7448)  Acc@5: 100.0000 (99.8601)LR: 7.119e-03
2024-11-18 14:48:49,293 -                train: [    INFO] - Train: 385 [ 400/520]  Loss: 0.2038 (0.275)  Acc@1: 96.8750 (93.6305)  Acc@5: 100.0000 (99.8467)LR: 7.119e-03
2024-11-18 14:49:15,886 -                train: [    INFO] - Train: 385 [ 520/520]  Loss: 0.2769 (0.275)  Acc@1: 95.0000 (93.6280)  Acc@5: 100.0000 (99.8480)LR: 7.119e-03
2024-11-18 14:49:16,396 -                train: [    INFO] - Valid: 385 [   0/104]  Loss: 0.2794 (0.279)  Acc@1: 92.7083 (92.7083)  Acc@5: 100.0000 (100.0000)
2024-11-18 14:49:21,710 -                train: [    INFO] - Valid: 385 [ 104/104]  Loss: 0.4563 (0.162)  Acc@1: 87.5000 (95.0000)  Acc@5: 100.0000 (99.9400)
2024-11-18 14:49:21,746 -                train: [    INFO] - valid_acc 95.000003 - best_valid_acc 95.320003
2024-11-18 14:49:22,199 -                train: [    INFO] - Train: 386 [   0/520]  Loss: 0.2345 (0.234)  Acc@1: 96.8750 (96.8750)  Acc@5: 100.0000 (100.0000)LR: 7.060e-03
2024-11-18 14:50:06,658 -                train: [    INFO] - Train: 386 [ 200/520]  Loss: 0.1732 (0.276)  Acc@1: 95.8333 (93.5583)  Acc@5: 100.0000 (99.8756)LR: 7.060e-03
2024-11-18 14:50:51,045 -                train: [    INFO] - Train: 386 [ 400/520]  Loss: 0.2481 (0.275)  Acc@1: 93.7500 (93.6227)  Acc@5: 100.0000 (99.8987)LR: 7.060e-03
2024-11-18 14:51:18,385 -                train: [    INFO] - Train: 386 [ 520/520]  Loss: 0.2836 (0.277)  Acc@1: 93.7500 (93.5260)  Acc@5: 100.0000 (99.8900)LR: 7.060e-03
2024-11-18 14:51:18,704 -                train: [    INFO] - Valid: 386 [   0/104]  Loss: 0.1993 (0.199)  Acc@1: 92.7083 (92.7083)  Acc@5: 100.0000 (100.0000)
2024-11-18 14:51:24,087 -                train: [    INFO] - Valid: 386 [ 104/104]  Loss: 0.3588 (0.157)  Acc@1: 93.7500 (95.1800)  Acc@5: 100.0000 (99.9300)
2024-11-18 14:51:24,156 -                train: [    INFO] - valid_acc 95.180002 - best_valid_acc 95.320003
2024-11-18 14:51:24,657 -                train: [    INFO] - Train: 387 [   0/520]  Loss: 0.2246 (0.225)  Acc@1: 95.8333 (95.8333)  Acc@5: 100.0000 (100.0000)LR: 7.001e-03
2024-11-18 14:52:09,399 -                train: [    INFO] - Train: 387 [ 200/520]  Loss: 0.2630 (0.285)  Acc@1: 94.7917 (93.3250)  Acc@5: 100.0000 (99.8290)LR: 7.001e-03
2024-11-18 14:52:53,889 -                train: [    INFO] - Train: 387 [ 400/520]  Loss: 0.2951 (0.282)  Acc@1: 91.6667 (93.4435)  Acc@5: 100.0000 (99.8623)LR: 7.001e-03
2024-11-18 14:53:20,676 -                train: [    INFO] - Train: 387 [ 520/520]  Loss: 0.4533 (0.283)  Acc@1: 86.2500 (93.4040)  Acc@5: 100.0000 (99.8680)LR: 7.001e-03
2024-11-18 14:53:21,061 -                train: [    INFO] - Valid: 387 [   0/104]  Loss: 0.1123 (0.112)  Acc@1: 96.8750 (96.8750)  Acc@5: 100.0000 (100.0000)
2024-11-18 14:53:26,491 -                train: [    INFO] - Valid: 387 [ 104/104]  Loss: 0.3246 (0.160)  Acc@1: 93.7500 (95.0800)  Acc@5: 100.0000 (99.8900)
2024-11-18 14:53:26,528 -                train: [    INFO] - valid_acc 95.080002 - best_valid_acc 95.320003
2024-11-18 14:53:27,037 -                train: [    INFO] - Train: 388 [   0/520]  Loss: 0.2726 (0.273)  Acc@1: 93.7500 (93.7500)  Acc@5: 100.0000 (100.0000)LR: 6.942e-03
2024-11-18 14:54:12,094 -                train: [    INFO] - Train: 388 [ 200/520]  Loss: 0.1024 (0.275)  Acc@1: 97.9167 (93.6204)  Acc@5: 100.0000 (99.8342)LR: 6.942e-03
2024-11-18 14:54:56,819 -                train: [    INFO] - Train: 388 [ 400/520]  Loss: 0.1956 (0.275)  Acc@1: 96.8750 (93.6747)  Acc@5: 100.0000 (99.8415)LR: 6.942e-03
2024-11-18 14:55:23,323 -                train: [    INFO] - Train: 388 [ 520/520]  Loss: 0.5480 (0.273)  Acc@1: 91.2500 (93.6720)  Acc@5: 100.0000 (99.8460)LR: 6.942e-03
2024-11-18 14:55:23,647 -                train: [    INFO] - Valid: 388 [   0/104]  Loss: 0.1415 (0.141)  Acc@1: 95.8333 (95.8333)  Acc@5: 100.0000 (100.0000)
2024-11-18 14:55:28,935 -                train: [    INFO] - Valid: 388 [ 104/104]  Loss: 0.1388 (0.177)  Acc@1: 93.7500 (94.9200)  Acc@5: 100.0000 (99.8700)
2024-11-18 14:55:28,969 -                train: [    INFO] - valid_acc 94.920003 - best_valid_acc 95.320003
2024-11-18 14:55:29,407 -                train: [    INFO] - Train: 389 [   0/520]  Loss: 0.2036 (0.204)  Acc@1: 96.8750 (96.8750)  Acc@5: 100.0000 (100.0000)LR: 6.884e-03
2024-11-18 14:56:13,654 -                train: [    INFO] - Train: 389 [ 200/520]  Loss: 0.2664 (0.264)  Acc@1: 93.7500 (93.9728)  Acc@5: 98.9583 (99.8342)LR: 6.884e-03
2024-11-18 14:56:58,350 -                train: [    INFO] - Train: 389 [ 400/520]  Loss: 0.3403 (0.271)  Acc@1: 92.7083 (93.7656)  Acc@5: 98.9583 (99.8337)LR: 6.884e-03
2024-11-18 14:57:25,022 -                train: [    INFO] - Train: 389 [ 520/520]  Loss: 0.1510 (0.277)  Acc@1: 95.0000 (93.6080)  Acc@5: 100.0000 (99.8420)LR: 6.884e-03
2024-11-18 14:57:25,370 -                train: [    INFO] - Valid: 389 [   0/104]  Loss: 0.1383 (0.138)  Acc@1: 94.7917 (94.7917)  Acc@5: 100.0000 (100.0000)
2024-11-18 14:57:30,692 -                train: [    INFO] - Valid: 389 [ 104/104]  Loss: 0.5390 (0.166)  Acc@1: 93.7500 (94.7500)  Acc@5: 100.0000 (99.9400)
2024-11-18 14:57:31,590 -                train: [    INFO] - valid_acc 94.750003 - best_valid_acc 95.320003
2024-11-18 14:57:32,041 -                train: [    INFO] - Train: 390 [   0/520]  Loss: 0.3628 (0.363)  Acc@1: 92.7083 (92.7083)  Acc@5: 100.0000 (100.0000)LR: 6.825e-03
2024-11-18 14:58:17,017 -                train: [    INFO] - Train: 390 [ 200/520]  Loss: 0.2586 (0.279)  Acc@1: 92.7083 (93.5531)  Acc@5: 100.0000 (99.8549)LR: 6.825e-03
2024-11-18 14:59:01,624 -                train: [    INFO] - Train: 390 [ 400/520]  Loss: 0.1850 (0.281)  Acc@1: 95.8333 (93.5708)  Acc@5: 100.0000 (99.8441)LR: 6.825e-03
2024-11-18 14:59:28,272 -                train: [    INFO] - Train: 390 [ 520/520]  Loss: 0.3167 (0.282)  Acc@1: 92.5000 (93.4920)  Acc@5: 98.7500 (99.8300)LR: 6.825e-03
2024-11-18 14:59:28,585 -                train: [    INFO] - Valid: 390 [   0/104]  Loss: 0.1651 (0.165)  Acc@1: 94.7917 (94.7917)  Acc@5: 100.0000 (100.0000)
2024-11-18 14:59:33,859 -                train: [    INFO] - Valid: 390 [ 104/104]  Loss: 0.5254 (0.171)  Acc@1: 93.7500 (94.9400)  Acc@5: 100.0000 (99.8900)
2024-11-18 14:59:33,893 -                train: [    INFO] - valid_acc 94.940002 - best_valid_acc 95.320003
2024-11-18 14:59:34,374 -                train: [    INFO] - Train: 391 [   0/520]  Loss: 0.1425 (0.143)  Acc@1: 97.9167 (97.9167)  Acc@5: 100.0000 (100.0000)LR: 6.767e-03
2024-11-18 15:00:18,805 -                train: [    INFO] - Train: 391 [ 200/520]  Loss: 0.2781 (0.268)  Acc@1: 92.7083 (93.8537)  Acc@5: 100.0000 (99.8497)LR: 6.767e-03
2024-11-18 15:01:03,638 -                train: [    INFO] - Train: 391 [ 400/520]  Loss: 0.3153 (0.271)  Acc@1: 91.6667 (93.8097)  Acc@5: 100.0000 (99.8415)LR: 6.767e-03
2024-11-18 15:01:30,143 -                train: [    INFO] - Train: 391 [ 520/520]  Loss: 0.3051 (0.276)  Acc@1: 93.7500 (93.6540)  Acc@5: 100.0000 (99.8460)LR: 6.767e-03
2024-11-18 15:01:30,423 -                train: [    INFO] - Valid: 391 [   0/104]  Loss: 0.1739 (0.174)  Acc@1: 94.7917 (94.7917)  Acc@5: 100.0000 (100.0000)
2024-11-18 15:01:35,832 -                train: [    INFO] - Valid: 391 [ 104/104]  Loss: 0.3918 (0.155)  Acc@1: 87.5000 (95.2900)  Acc@5: 100.0000 (99.9200)
2024-11-18 15:01:35,876 -                train: [    INFO] - valid_acc 95.290003 - best_valid_acc 95.320003
2024-11-18 15:01:36,415 -                train: [    INFO] - Train: 392 [   0/520]  Loss: 0.2721 (0.272)  Acc@1: 95.8333 (95.8333)  Acc@5: 100.0000 (100.0000)LR: 6.709e-03
2024-11-18 15:02:23,933 -                train: [    INFO] - Train: 392 [ 200/520]  Loss: 0.2265 (0.272)  Acc@1: 95.8333 (93.9366)  Acc@5: 100.0000 (99.7927)LR: 6.709e-03
2024-11-18 15:03:10,444 -                train: [    INFO] - Train: 392 [ 400/520]  Loss: 0.2255 (0.279)  Acc@1: 96.8750 (93.6903)  Acc@5: 100.0000 (99.8441)LR: 6.709e-03
2024-11-18 15:03:38,070 -                train: [    INFO] - Train: 392 [ 520/520]  Loss: 0.5768 (0.278)  Acc@1: 90.0000 (93.7120)  Acc@5: 100.0000 (99.8580)LR: 6.709e-03
2024-11-18 15:03:38,935 -                train: [    INFO] - Valid: 392 [   0/104]  Loss: 0.1741 (0.174)  Acc@1: 96.8750 (96.8750)  Acc@5: 100.0000 (100.0000)
2024-11-18 15:03:44,440 -                train: [    INFO] - Valid: 392 [ 104/104]  Loss: 0.4423 (0.174)  Acc@1: 93.7500 (94.7300)  Acc@5: 100.0000 (99.9100)
2024-11-18 15:03:44,480 -                train: [    INFO] - valid_acc 94.730002 - best_valid_acc 95.320003
2024-11-18 15:03:44,973 -                train: [    INFO] - Train: 393 [   0/520]  Loss: 0.1736 (0.174)  Acc@1: 93.7500 (93.7500)  Acc@5: 100.0000 (100.0000)LR: 6.651e-03
2024-11-18 15:04:29,630 -                train: [    INFO] - Train: 393 [ 200/520]  Loss: 0.2776 (0.273)  Acc@1: 93.7500 (93.6826)  Acc@5: 100.0000 (99.8342)LR: 6.651e-03
2024-11-18 15:05:14,083 -                train: [    INFO] - Train: 393 [ 400/520]  Loss: 0.2859 (0.277)  Acc@1: 90.6250 (93.4824)  Acc@5: 100.0000 (99.8519)LR: 6.651e-03
2024-11-18 15:05:40,800 -                train: [    INFO] - Train: 393 [ 520/520]  Loss: 0.2792 (0.274)  Acc@1: 93.7500 (93.6000)  Acc@5: 100.0000 (99.8640)LR: 6.651e-03
2024-11-18 15:05:41,111 -                train: [    INFO] - Valid: 393 [   0/104]  Loss: 0.1720 (0.172)  Acc@1: 95.8333 (95.8333)  Acc@5: 100.0000 (100.0000)
2024-11-18 15:05:46,480 -                train: [    INFO] - Valid: 393 [ 104/104]  Loss: 0.3755 (0.151)  Acc@1: 93.7500 (95.3300)  Acc@5: 100.0000 (99.9400)
2024-11-18 15:05:46,982 -                train: [    INFO] - valid_acc 95.330002 - best_valid_acc 95.330002
2024-11-18 15:05:47,504 -                train: [    INFO] - Train: 394 [   0/520]  Loss: 0.1765 (0.177)  Acc@1: 95.8333 (95.8333)  Acc@5: 100.0000 (100.0000)LR: 6.593e-03
2024-11-18 15:06:32,444 -                train: [    INFO] - Train: 394 [ 200/520]  Loss: 0.1377 (0.260)  Acc@1: 96.8750 (94.0713)  Acc@5: 100.0000 (99.8601)LR: 6.593e-03
2024-11-18 15:07:17,770 -                train: [    INFO] - Train: 394 [ 400/520]  Loss: 0.2586 (0.268)  Acc@1: 94.7917 (93.8669)  Acc@5: 100.0000 (99.8312)LR: 6.593e-03
2024-11-18 15:07:44,577 -                train: [    INFO] - Train: 394 [ 520/520]  Loss: 0.5037 (0.267)  Acc@1: 88.7500 (93.8720)  Acc@5: 100.0000 (99.8300)LR: 6.593e-03
2024-11-18 15:07:44,843 -                train: [    INFO] - Valid: 394 [   0/104]  Loss: 0.1132 (0.113)  Acc@1: 95.8333 (95.8333)  Acc@5: 100.0000 (100.0000)
2024-11-18 15:07:50,170 -                train: [    INFO] - Valid: 394 [ 104/104]  Loss: 0.6495 (0.147)  Acc@1: 87.5000 (95.5900)  Acc@5: 100.0000 (99.9100)
2024-11-18 15:07:50,673 -                train: [    INFO] - valid_acc 95.590003 - best_valid_acc 95.590003
2024-11-18 15:07:51,165 -                train: [    INFO] - Train: 395 [   0/520]  Loss: 0.2656 (0.266)  Acc@1: 93.7500 (93.7500)  Acc@5: 98.9583 (98.9583)LR: 6.536e-03
2024-11-18 15:08:35,635 -                train: [    INFO] - Train: 395 [ 200/520]  Loss: 0.5888 (0.273)  Acc@1: 87.5000 (93.6930)  Acc@5: 100.0000 (99.8497)LR: 6.536e-03
2024-11-18 15:09:20,138 -                train: [    INFO] - Train: 395 [ 400/520]  Loss: 0.1964 (0.278)  Acc@1: 95.8333 (93.6955)  Acc@5: 100.0000 (99.8493)LR: 6.536e-03
2024-11-18 15:09:46,963 -                train: [    INFO] - Train: 395 [ 520/520]  Loss: 0.2712 (0.275)  Acc@1: 90.0000 (93.7320)  Acc@5: 100.0000 (99.8560)LR: 6.536e-03
2024-11-18 15:09:47,250 -                train: [    INFO] - Valid: 395 [   0/104]  Loss: 0.1773 (0.177)  Acc@1: 92.7083 (92.7083)  Acc@5: 100.0000 (100.0000)
2024-11-18 15:09:52,556 -                train: [    INFO] - Valid: 395 [ 104/104]  Loss: 0.2710 (0.158)  Acc@1: 93.7500 (95.0800)  Acc@5: 100.0000 (99.8800)
2024-11-18 15:09:52,602 -                train: [    INFO] - valid_acc 95.080003 - best_valid_acc 95.590003
2024-11-18 15:09:53,060 -                train: [    INFO] - Train: 396 [   0/520]  Loss: 0.3414 (0.341)  Acc@1: 90.6250 (90.6250)  Acc@5: 100.0000 (100.0000)LR: 6.478e-03
2024-11-18 15:10:37,542 -                train: [    INFO] - Train: 396 [ 200/520]  Loss: 0.3284 (0.268)  Acc@1: 91.6667 (93.7396)  Acc@5: 100.0000 (99.8601)LR: 6.478e-03
2024-11-18 15:11:22,481 -                train: [    INFO] - Train: 396 [ 400/520]  Loss: 0.2762 (0.270)  Acc@1: 93.7500 (93.6747)  Acc@5: 100.0000 (99.8597)LR: 6.478e-03
2024-11-18 15:11:49,402 -                train: [    INFO] - Train: 396 [ 520/520]  Loss: 0.3927 (0.271)  Acc@1: 91.2500 (93.6560)  Acc@5: 100.0000 (99.8680)LR: 6.478e-03
2024-11-18 15:11:49,698 -                train: [    INFO] - Valid: 396 [   0/104]  Loss: 0.2003 (0.200)  Acc@1: 93.7500 (93.7500)  Acc@5: 100.0000 (100.0000)
2024-11-18 15:11:55,016 -                train: [    INFO] - Valid: 396 [ 104/104]  Loss: 0.04669 (0.159)  Acc@1: 100.0000 (95.1000)  Acc@5: 100.0000 (99.9300)
2024-11-18 15:11:55,073 -                train: [    INFO] - valid_acc 95.100003 - best_valid_acc 95.590003
2024-11-18 15:11:55,625 -                train: [    INFO] - Train: 397 [   0/520]  Loss: 0.3347 (0.335)  Acc@1: 90.6250 (90.6250)  Acc@5: 98.9583 (98.9583)LR: 6.421e-03
2024-11-18 15:12:40,454 -                train: [    INFO] - Train: 397 [ 200/520]  Loss: 0.3351 (0.257)  Acc@1: 92.7083 (94.0972)  Acc@5: 100.0000 (99.8912)LR: 6.421e-03
2024-11-18 15:13:25,145 -                train: [    INFO] - Train: 397 [ 400/520]  Loss: 0.1577 (0.262)  Acc@1: 95.8333 (93.9526)  Acc@5: 100.0000 (99.8675)LR: 6.421e-03
2024-11-18 15:13:51,939 -                train: [    INFO] - Train: 397 [ 520/520]  Loss: 0.2192 (0.266)  Acc@1: 95.0000 (93.8420)  Acc@5: 100.0000 (99.8680)LR: 6.421e-03
2024-11-18 15:13:52,228 -                train: [    INFO] - Valid: 397 [   0/104]  Loss: 0.2962 (0.296)  Acc@1: 91.6667 (91.6667)  Acc@5: 100.0000 (100.0000)
2024-11-18 15:13:57,662 -                train: [    INFO] - Valid: 397 [ 104/104]  Loss: 0.09988 (0.168)  Acc@1: 93.7500 (94.8200)  Acc@5: 100.0000 (99.9100)
2024-11-18 15:13:57,699 -                train: [    INFO] - valid_acc 94.820003 - best_valid_acc 95.590003
2024-11-18 15:13:58,177 -                train: [    INFO] - Train: 398 [   0/520]  Loss: 0.1415 (0.142)  Acc@1: 95.8333 (95.8333)  Acc@5: 100.0000 (100.0000)LR: 6.364e-03
2024-11-18 15:14:43,046 -                train: [    INFO] - Train: 398 [ 200/520]  Loss: 0.2875 (0.255)  Acc@1: 91.6667 (94.0195)  Acc@5: 98.9583 (99.9015)LR: 6.364e-03
2024-11-18 15:15:27,682 -                train: [    INFO] - Train: 398 [ 400/520]  Loss: 0.3532 (0.265)  Acc@1: 89.5833 (93.7578)  Acc@5: 100.0000 (99.8545)LR: 6.364e-03
2024-11-18 15:15:54,407 -                train: [    INFO] - Train: 398 [ 520/520]  Loss: 0.3036 (0.266)  Acc@1: 95.0000 (93.7960)  Acc@5: 100.0000 (99.8620)LR: 6.364e-03
2024-11-18 15:15:54,725 -                train: [    INFO] - Valid: 398 [   0/104]  Loss: 0.1419 (0.142)  Acc@1: 95.8333 (95.8333)  Acc@5: 100.0000 (100.0000)
2024-11-18 15:16:00,149 -                train: [    INFO] - Valid: 398 [ 104/104]  Loss: 0.06775 (0.156)  Acc@1: 93.7500 (95.2800)  Acc@5: 100.0000 (99.9000)
2024-11-18 15:16:00,194 -                train: [    INFO] - valid_acc 95.280002 - best_valid_acc 95.590003
2024-11-18 15:16:00,676 -                train: [    INFO] - Train: 399 [   0/520]  Loss: 0.1593 (0.159)  Acc@1: 97.9167 (97.9167)  Acc@5: 100.0000 (100.0000)LR: 6.307e-03
2024-11-18 15:16:45,857 -                train: [    INFO] - Train: 399 [ 200/520]  Loss: 0.2994 (0.261)  Acc@1: 92.7083 (94.0350)  Acc@5: 100.0000 (99.8912)LR: 6.307e-03
2024-11-18 15:17:30,258 -                train: [    INFO] - Train: 399 [ 400/520]  Loss: 0.2615 (0.260)  Acc@1: 93.7500 (94.1007)  Acc@5: 100.0000 (99.8831)LR: 6.307e-03
2024-11-18 15:17:57,303 -                train: [    INFO] - Train: 399 [ 520/520]  Loss: 0.2822 (0.263)  Acc@1: 90.0000 (94.0240)  Acc@5: 100.0000 (99.8740)LR: 6.307e-03
2024-11-18 15:17:57,641 -                train: [    INFO] - Valid: 399 [   0/104]  Loss: 0.2065 (0.207)  Acc@1: 93.7500 (93.7500)  Acc@5: 100.0000 (100.0000)
2024-11-18 15:18:02,952 -                train: [    INFO] - Valid: 399 [ 104/104]  Loss: 0.2096 (0.166)  Acc@1: 93.7500 (95.0600)  Acc@5: 100.0000 (99.9300)
2024-11-18 15:18:02,987 -                train: [    INFO] - valid_acc 95.060002 - best_valid_acc 95.590003
2024-11-18 15:18:03,497 -                train: [    INFO] - Train: 400 [   0/520]  Loss: 0.2144 (0.214)  Acc@1: 95.8333 (95.8333)  Acc@5: 100.0000 (100.0000)LR: 6.250e-03
2024-11-18 15:18:48,306 -                train: [    INFO] - Train: 400 [ 200/520]  Loss: 0.4075 (0.252)  Acc@1: 88.5417 (94.2216)  Acc@5: 100.0000 (99.8186)LR: 6.250e-03
2024-11-18 15:19:32,789 -                train: [    INFO] - Train: 400 [ 400/520]  Loss: 0.2922 (0.258)  Acc@1: 92.7083 (94.0487)  Acc@5: 100.0000 (99.8519)LR: 6.250e-03
2024-11-18 15:19:59,475 -                train: [    INFO] - Train: 400 [ 520/520]  Loss: 0.3037 (0.260)  Acc@1: 92.5000 (94.0200)  Acc@5: 100.0000 (99.8460)LR: 6.250e-03
2024-11-18 15:19:59,780 -                train: [    INFO] - Valid: 400 [   0/104]  Loss: 0.1682 (0.168)  Acc@1: 92.7083 (92.7083)  Acc@5: 100.0000 (100.0000)
2024-11-18 15:20:05,081 -                train: [    INFO] - Valid: 400 [ 104/104]  Loss: 0.2105 (0.162)  Acc@1: 87.5000 (95.3300)  Acc@5: 100.0000 (99.8900)
2024-11-18 15:20:10,452 -                train: [    INFO] - valid_acc 95.330002 - best_valid_acc 95.590003
2024-11-18 15:20:10,903 -                train: [    INFO] - Train: 401 [   0/520]  Loss: 0.2978 (0.298)  Acc@1: 92.7083 (92.7083)  Acc@5: 100.0000 (100.0000)LR: 6.193e-03
2024-11-18 15:20:55,489 -                train: [    INFO] - Train: 401 [ 200/520]  Loss: 0.2734 (0.258)  Acc@1: 95.8333 (94.0402)  Acc@5: 100.0000 (99.8912)LR: 6.193e-03
2024-11-18 15:21:40,023 -                train: [    INFO] - Train: 401 [ 400/520]  Loss: 0.1781 (0.258)  Acc@1: 96.8750 (94.1397)  Acc@5: 100.0000 (99.8805)LR: 6.193e-03
2024-11-18 15:22:06,698 -                train: [    INFO] - Train: 401 [ 520/520]  Loss: 0.1964 (0.261)  Acc@1: 95.0000 (93.9660)  Acc@5: 100.0000 (99.8880)LR: 6.193e-03
2024-11-18 15:22:06,968 -                train: [    INFO] - Valid: 401 [   0/104]  Loss: 0.1289 (0.129)  Acc@1: 95.8333 (95.8333)  Acc@5: 100.0000 (100.0000)
2024-11-18 15:22:12,279 -                train: [    INFO] - Valid: 401 [ 104/104]  Loss: 0.01318 (0.165)  Acc@1: 100.0000 (94.9700)  Acc@5: 100.0000 (99.9200)
2024-11-18 15:22:12,354 -                train: [    INFO] - valid_acc 94.970002 - best_valid_acc 95.590003
2024-11-18 15:22:12,813 -                train: [    INFO] - Train: 402 [   0/520]  Loss: 0.2726 (0.273)  Acc@1: 94.7917 (94.7917)  Acc@5: 100.0000 (100.0000)LR: 6.137e-03
2024-11-18 15:22:58,902 -                train: [    INFO] - Train: 402 [ 200/520]  Loss: 0.2222 (0.269)  Acc@1: 95.8333 (93.9677)  Acc@5: 100.0000 (99.8342)LR: 6.137e-03
2024-11-18 15:23:43,551 -                train: [    INFO] - Train: 402 [ 400/520]  Loss: 0.1936 (0.263)  Acc@1: 94.7917 (94.0695)  Acc@5: 100.0000 (99.8389)LR: 6.137e-03
2024-11-18 15:24:10,178 -                train: [    INFO] - Train: 402 [ 520/520]  Loss: 0.3634 (0.261)  Acc@1: 91.2500 (94.1300)  Acc@5: 100.0000 (99.8440)LR: 6.137e-03
2024-11-18 15:24:10,488 -                train: [    INFO] - Valid: 402 [   0/104]  Loss: 0.2800 (0.280)  Acc@1: 90.6250 (90.6250)  Acc@5: 100.0000 (100.0000)
2024-11-18 15:24:15,836 -                train: [    INFO] - Valid: 402 [ 104/104]  Loss: 0.1590 (0.166)  Acc@1: 93.7500 (95.0600)  Acc@5: 100.0000 (99.9100)
2024-11-18 15:24:16,753 -                train: [    INFO] - valid_acc 95.060003 - best_valid_acc 95.590003
2024-11-18 15:24:17,225 -                train: [    INFO] - Train: 403 [   0/520]  Loss: 0.2006 (0.201)  Acc@1: 94.7917 (94.7917)  Acc@5: 100.0000 (100.0000)LR: 6.081e-03
2024-11-18 15:25:01,717 -                train: [    INFO] - Train: 403 [ 200/520]  Loss: 0.3082 (0.253)  Acc@1: 92.7083 (94.2942)  Acc@5: 100.0000 (99.8808)LR: 6.081e-03
2024-11-18 15:25:46,537 -                train: [    INFO] - Train: 403 [ 400/520]  Loss: 0.4434 (0.254)  Acc@1: 90.6250 (94.1968)  Acc@5: 98.9583 (99.8779)LR: 6.081e-03
2024-11-18 15:26:13,287 -                train: [    INFO] - Train: 403 [ 520/520]  Loss: 0.3158 (0.258)  Acc@1: 92.5000 (94.1280)  Acc@5: 100.0000 (99.8740)LR: 6.081e-03
2024-11-18 15:26:13,594 -                train: [    INFO] - Valid: 403 [   0/104]  Loss: 0.1323 (0.132)  Acc@1: 95.8333 (95.8333)  Acc@5: 100.0000 (100.0000)
2024-11-18 15:26:18,939 -                train: [    INFO] - Valid: 403 [ 104/104]  Loss: 0.07008 (0.152)  Acc@1: 100.0000 (95.5000)  Acc@5: 100.0000 (99.8200)
2024-11-18 15:26:18,979 -                train: [    INFO] - valid_acc 95.500003 - best_valid_acc 95.590003
2024-11-18 15:26:19,464 -                train: [    INFO] - Train: 404 [   0/520]  Loss: 0.2773 (0.277)  Acc@1: 93.7500 (93.7500)  Acc@5: 100.0000 (100.0000)LR: 6.025e-03
2024-11-18 15:27:06,895 -                train: [    INFO] - Train: 404 [ 200/520]  Loss: 0.3473 (0.256)  Acc@1: 92.7083 (94.0299)  Acc@5: 100.0000 (99.8808)LR: 6.025e-03
2024-11-18 15:27:52,749 -                train: [    INFO] - Train: 404 [ 400/520]  Loss: 0.1492 (0.257)  Acc@1: 95.8333 (94.1137)  Acc@5: 100.0000 (99.8727)LR: 6.025e-03
2024-11-18 15:28:19,800 -                train: [    INFO] - Train: 404 [ 520/520]  Loss: 0.2614 (0.261)  Acc@1: 90.0000 (94.0440)  Acc@5: 100.0000 (99.8580)LR: 6.025e-03
2024-11-18 15:28:20,098 -                train: [    INFO] - Valid: 404 [   0/104]  Loss: 0.1688 (0.169)  Acc@1: 93.7500 (93.7500)  Acc@5: 100.0000 (100.0000)
2024-11-18 15:28:25,439 -                train: [    INFO] - Valid: 404 [ 104/104]  Loss: 0.1877 (0.159)  Acc@1: 93.7500 (95.4100)  Acc@5: 100.0000 (99.9200)
2024-11-18 15:28:25,479 -                train: [    INFO] - valid_acc 95.410002 - best_valid_acc 95.590003
2024-11-18 15:28:26,005 -                train: [    INFO] - Train: 405 [   0/520]  Loss: 0.2036 (0.204)  Acc@1: 95.8333 (95.8333)  Acc@5: 100.0000 (100.0000)LR: 5.969e-03
2024-11-18 15:29:11,901 -                train: [    INFO] - Train: 405 [ 200/520]  Loss: 0.1838 (0.241)  Acc@1: 96.8750 (94.4911)  Acc@5: 100.0000 (99.8964)LR: 5.969e-03
2024-11-18 15:29:57,603 -                train: [    INFO] - Train: 405 [ 400/520]  Loss: 0.2485 (0.249)  Acc@1: 93.7500 (94.3241)  Acc@5: 100.0000 (99.8857)LR: 5.969e-03
2024-11-18 15:30:24,635 -                train: [    INFO] - Train: 405 [ 520/520]  Loss: 0.3139 (0.250)  Acc@1: 95.0000 (94.3500)  Acc@5: 100.0000 (99.8800)LR: 5.969e-03
2024-11-18 15:30:24,898 -                train: [    INFO] - Valid: 405 [   0/104]  Loss: 0.1885 (0.189)  Acc@1: 94.7917 (94.7917)  Acc@5: 100.0000 (100.0000)
2024-11-18 15:30:30,226 -                train: [    INFO] - Valid: 405 [ 104/104]  Loss: 0.03890 (0.155)  Acc@1: 100.0000 (95.3700)  Acc@5: 100.0000 (99.8800)
2024-11-18 15:30:30,305 -                train: [    INFO] - valid_acc 95.370003 - best_valid_acc 95.590003
2024-11-18 15:30:30,758 -                train: [    INFO] - Train: 406 [   0/520]  Loss: 0.1999 (0.200)  Acc@1: 95.8333 (95.8333)  Acc@5: 100.0000 (100.0000)LR: 5.913e-03
2024-11-18 15:31:15,649 -                train: [    INFO] - Train: 406 [ 200/520]  Loss: 0.2749 (0.247)  Acc@1: 94.7917 (94.3149)  Acc@5: 100.0000 (99.8860)LR: 5.913e-03
2024-11-18 15:32:00,339 -                train: [    INFO] - Train: 406 [ 400/520]  Loss: 0.2151 (0.255)  Acc@1: 94.7917 (94.1189)  Acc@5: 100.0000 (99.8779)LR: 5.913e-03
2024-11-18 15:32:27,099 -                train: [    INFO] - Train: 406 [ 520/520]  Loss: 0.3045 (0.255)  Acc@1: 92.5000 (94.1020)  Acc@5: 98.7500 (99.8740)LR: 5.913e-03
2024-11-18 15:32:29,591 -                train: [    INFO] - Valid: 406 [   0/104]  Loss: 0.09553 (0.0955)  Acc@1: 96.8750 (96.8750)  Acc@5: 100.0000 (100.0000)
2024-11-18 15:32:34,930 -                train: [    INFO] - Valid: 406 [ 104/104]  Loss: 0.1918 (0.152)  Acc@1: 93.7500 (95.4300)  Acc@5: 100.0000 (99.9000)
2024-11-18 15:32:34,978 -                train: [    INFO] - valid_acc 95.430003 - best_valid_acc 95.590003
2024-11-18 15:32:35,456 -                train: [    INFO] - Train: 407 [   0/520]  Loss: 0.2838 (0.284)  Acc@1: 91.6667 (91.6667)  Acc@5: 100.0000 (100.0000)LR: 5.858e-03
2024-11-18 15:33:20,112 -                train: [    INFO] - Train: 407 [ 200/520]  Loss: 0.1887 (0.242)  Acc@1: 93.7500 (94.4082)  Acc@5: 100.0000 (99.8601)LR: 5.858e-03
2024-11-18 15:34:04,672 -                train: [    INFO] - Train: 407 [ 400/520]  Loss: 0.3006 (0.249)  Acc@1: 92.7083 (94.3111)  Acc@5: 100.0000 (99.8675)LR: 5.858e-03
2024-11-18 15:34:31,186 -                train: [    INFO] - Train: 407 [ 520/520]  Loss: 0.6590 (0.251)  Acc@1: 85.0000 (94.2740)  Acc@5: 98.7500 (99.8700)LR: 5.858e-03
2024-11-18 15:34:31,498 -                train: [    INFO] - Valid: 407 [   0/104]  Loss: 0.1058 (0.106)  Acc@1: 96.8750 (96.8750)  Acc@5: 100.0000 (100.0000)
2024-11-18 15:34:36,806 -                train: [    INFO] - Valid: 407 [ 104/104]  Loss: 0.5539 (0.148)  Acc@1: 93.7500 (95.7300)  Acc@5: 100.0000 (99.9300)
2024-11-18 15:34:37,437 -                train: [    INFO] - valid_acc 95.730002 - best_valid_acc 95.730002
2024-11-18 15:34:37,890 -                train: [    INFO] - Train: 408 [   0/520]  Loss: 0.3595 (0.360)  Acc@1: 90.6250 (90.6250)  Acc@5: 100.0000 (100.0000)LR: 5.802e-03
2024-11-18 15:35:22,372 -                train: [    INFO] - Train: 408 [ 200/520]  Loss: 0.3340 (0.250)  Acc@1: 91.6667 (94.3149)  Acc@5: 100.0000 (99.8756)LR: 5.802e-03
2024-11-18 15:36:06,865 -                train: [    INFO] - Train: 408 [ 400/520]  Loss: 0.2026 (0.253)  Acc@1: 95.8333 (94.2773)  Acc@5: 100.0000 (99.8727)LR: 5.802e-03
2024-11-18 15:36:33,211 -                train: [    INFO] - Train: 408 [ 520/520]  Loss: 0.3057 (0.252)  Acc@1: 91.2500 (94.2340)  Acc@5: 100.0000 (99.8740)LR: 5.802e-03
2024-11-18 15:36:33,533 -                train: [    INFO] - Valid: 408 [   0/104]  Loss: 0.07551 (0.0755)  Acc@1: 96.8750 (96.8750)  Acc@5: 100.0000 (100.0000)
2024-11-18 15:36:38,786 -                train: [    INFO] - Valid: 408 [ 104/104]  Loss: 0.1018 (0.153)  Acc@1: 93.7500 (95.3900)  Acc@5: 100.0000 (99.9400)
2024-11-18 15:36:38,833 -                train: [    INFO] - valid_acc 95.390002 - best_valid_acc 95.730002
2024-11-18 15:36:39,316 -                train: [    INFO] - Train: 409 [   0/520]  Loss: 0.2534 (0.253)  Acc@1: 95.8333 (95.8333)  Acc@5: 98.9583 (98.9583)LR: 5.747e-03
2024-11-18 15:37:24,187 -                train: [    INFO] - Train: 409 [ 200/520]  Loss: 0.3619 (0.240)  Acc@1: 93.7500 (94.6310)  Acc@5: 100.0000 (99.8393)LR: 5.747e-03
2024-11-18 15:38:08,999 -                train: [    INFO] - Train: 409 [ 400/520]  Loss: 0.2580 (0.242)  Acc@1: 92.7083 (94.5241)  Acc@5: 97.9167 (99.8623)LR: 5.747e-03
2024-11-18 15:38:35,809 -                train: [    INFO] - Train: 409 [ 520/520]  Loss: 0.2616 (0.243)  Acc@1: 92.5000 (94.4820)  Acc@5: 100.0000 (99.8720)LR: 5.747e-03
2024-11-18 15:38:36,131 -                train: [    INFO] - Valid: 409 [   0/104]  Loss: 0.08705 (0.0871)  Acc@1: 95.8333 (95.8333)  Acc@5: 100.0000 (100.0000)
2024-11-18 15:38:41,481 -                train: [    INFO] - Valid: 409 [ 104/104]  Loss: 0.4615 (0.158)  Acc@1: 93.7500 (95.2300)  Acc@5: 100.0000 (99.9300)
2024-11-18 15:38:41,515 -                train: [    INFO] - valid_acc 95.230003 - best_valid_acc 95.730002
2024-11-18 15:38:42,020 -                train: [    INFO] - Train: 410 [   0/520]  Loss: 0.3217 (0.322)  Acc@1: 91.6667 (91.6667)  Acc@5: 100.0000 (100.0000)LR: 5.692e-03
2024-11-18 15:39:26,945 -                train: [    INFO] - Train: 410 [ 200/520]  Loss: 0.1577 (0.244)  Acc@1: 96.8750 (94.5688)  Acc@5: 100.0000 (99.8808)LR: 5.692e-03
2024-11-18 15:40:11,950 -                train: [    INFO] - Train: 410 [ 400/520]  Loss: 0.3554 (0.251)  Acc@1: 93.7500 (94.3942)  Acc@5: 97.9167 (99.8649)LR: 5.692e-03
2024-11-18 15:40:39,306 -                train: [    INFO] - Train: 410 [ 520/520]  Loss: 0.4238 (0.251)  Acc@1: 92.5000 (94.3260)  Acc@5: 100.0000 (99.8760)LR: 5.692e-03
2024-11-18 15:40:39,584 -                train: [    INFO] - Valid: 410 [   0/104]  Loss: 0.1955 (0.195)  Acc@1: 93.7500 (93.7500)  Acc@5: 100.0000 (100.0000)
2024-11-18 15:40:44,878 -                train: [    INFO] - Valid: 410 [ 104/104]  Loss: 0.2590 (0.157)  Acc@1: 93.7500 (95.5300)  Acc@5: 100.0000 (99.8500)
2024-11-18 15:40:44,932 -                train: [    INFO] - valid_acc 95.530002 - best_valid_acc 95.730002
2024-11-18 15:40:45,464 -                train: [    INFO] - Train: 411 [   0/520]  Loss: 0.5504 (0.550)  Acc@1: 84.3750 (84.3750)  Acc@5: 100.0000 (100.0000)LR: 5.637e-03
2024-11-18 15:41:30,137 -                train: [    INFO] - Train: 411 [ 200/520]  Loss: 0.2103 (0.245)  Acc@1: 94.7917 (94.4444)  Acc@5: 100.0000 (99.8964)LR: 5.637e-03
2024-11-18 15:42:14,776 -                train: [    INFO] - Train: 411 [ 400/520]  Loss: 0.3469 (0.249)  Acc@1: 88.5417 (94.3371)  Acc@5: 100.0000 (99.8623)LR: 5.637e-03
2024-11-18 15:42:41,465 -                train: [    INFO] - Train: 411 [ 520/520]  Loss: 0.3633 (0.247)  Acc@1: 92.5000 (94.3720)  Acc@5: 100.0000 (99.8720)LR: 5.637e-03
2024-11-18 15:42:41,792 -                train: [    INFO] - Valid: 411 [   0/104]  Loss: 0.1831 (0.183)  Acc@1: 95.8333 (95.8333)  Acc@5: 100.0000 (100.0000)
2024-11-18 15:42:47,096 -                train: [    INFO] - Valid: 411 [ 104/104]  Loss: 0.2275 (0.157)  Acc@1: 93.7500 (95.6000)  Acc@5: 100.0000 (99.8700)
2024-11-18 15:42:47,342 -                train: [    INFO] - valid_acc 95.600003 - best_valid_acc 95.730002
2024-11-18 15:42:47,767 -                train: [    INFO] - Train: 412 [   0/520]  Loss: 0.2587 (0.259)  Acc@1: 92.7083 (92.7083)  Acc@5: 100.0000 (100.0000)LR: 5.583e-03
2024-11-18 15:43:33,055 -                train: [    INFO] - Train: 412 [ 200/520]  Loss: 0.1247 (0.241)  Acc@1: 97.9167 (94.4755)  Acc@5: 100.0000 (99.8756)LR: 5.583e-03
2024-11-18 15:44:17,751 -                train: [    INFO] - Train: 412 [ 400/520]  Loss: 0.2809 (0.244)  Acc@1: 92.7083 (94.3553)  Acc@5: 100.0000 (99.8961)LR: 5.583e-03
2024-11-18 15:44:44,336 -                train: [    INFO] - Train: 412 [ 520/520]  Loss: 0.2358 (0.245)  Acc@1: 95.0000 (94.3460)  Acc@5: 100.0000 (99.9040)LR: 5.583e-03
2024-11-18 15:44:44,577 -                train: [    INFO] - Valid: 412 [   0/104]  Loss: 0.1236 (0.124)  Acc@1: 94.7917 (94.7917)  Acc@5: 100.0000 (100.0000)
2024-11-18 15:44:49,893 -                train: [    INFO] - Valid: 412 [ 104/104]  Loss: 0.6029 (0.141)  Acc@1: 93.7500 (95.7100)  Acc@5: 100.0000 (99.8800)
2024-11-18 15:44:49,944 -                train: [    INFO] - valid_acc 95.710002 - best_valid_acc 95.730002
2024-11-18 15:44:50,364 -                train: [    INFO] - Train: 413 [   0/520]  Loss: 0.2688 (0.269)  Acc@1: 91.6667 (91.6667)  Acc@5: 100.0000 (100.0000)LR: 5.528e-03
2024-11-18 15:45:35,693 -                train: [    INFO] - Train: 413 [ 200/520]  Loss: 0.1581 (0.243)  Acc@1: 95.8333 (94.4341)  Acc@5: 100.0000 (99.8756)LR: 5.528e-03
2024-11-18 15:46:20,817 -                train: [    INFO] - Train: 413 [ 400/520]  Loss: 0.3637 (0.247)  Acc@1: 92.7083 (94.3267)  Acc@5: 98.9583 (99.8805)LR: 5.528e-03
2024-11-18 15:46:47,543 -                train: [    INFO] - Train: 413 [ 520/520]  Loss: 0.2369 (0.245)  Acc@1: 96.2500 (94.3880)  Acc@5: 100.0000 (99.8920)LR: 5.528e-03
2024-11-18 15:46:47,851 -                train: [    INFO] - Valid: 413 [   0/104]  Loss: 0.1051 (0.105)  Acc@1: 94.7917 (94.7917)  Acc@5: 100.0000 (100.0000)
2024-11-18 15:46:53,136 -                train: [    INFO] - Valid: 413 [ 104/104]  Loss: 0.002219 (0.163)  Acc@1: 100.0000 (95.0700)  Acc@5: 100.0000 (99.8700)
2024-11-18 15:46:53,183 -                train: [    INFO] - valid_acc 95.070002 - best_valid_acc 95.730002
2024-11-18 15:46:53,617 -                train: [    INFO] - Train: 414 [   0/520]  Loss: 0.2769 (0.277)  Acc@1: 95.8333 (95.8333)  Acc@5: 100.0000 (100.0000)LR: 5.474e-03
2024-11-18 15:47:38,019 -                train: [    INFO] - Train: 414 [ 200/520]  Loss: 0.3542 (0.236)  Acc@1: 90.6250 (94.6880)  Acc@5: 100.0000 (99.8912)LR: 5.474e-03
2024-11-18 15:48:22,668 -                train: [    INFO] - Train: 414 [ 400/520]  Loss: 0.2486 (0.243)  Acc@1: 95.8333 (94.4799)  Acc@5: 100.0000 (99.8857)LR: 5.474e-03
2024-11-18 15:48:49,531 -                train: [    INFO] - Train: 414 [ 520/520]  Loss: 0.3439 (0.246)  Acc@1: 90.0000 (94.3640)  Acc@5: 100.0000 (99.8860)LR: 5.474e-03
2024-11-18 15:48:49,821 -                train: [    INFO] - Valid: 414 [   0/104]  Loss: 0.09544 (0.0954)  Acc@1: 97.9167 (97.9167)  Acc@5: 100.0000 (100.0000)
2024-11-18 15:48:55,149 -                train: [    INFO] - Valid: 414 [ 104/104]  Loss: 0.2187 (0.159)  Acc@1: 93.7500 (95.2500)  Acc@5: 100.0000 (99.8800)
2024-11-18 15:48:55,191 -                train: [    INFO] - valid_acc 95.250003 - best_valid_acc 95.730002
2024-11-18 15:48:55,674 -                train: [    INFO] - Train: 415 [   0/520]  Loss: 0.1516 (0.152)  Acc@1: 97.9167 (97.9167)  Acc@5: 98.9583 (98.9583)LR: 5.420e-03
2024-11-18 15:49:42,050 -                train: [    INFO] - Train: 415 [ 200/520]  Loss: 0.2358 (0.238)  Acc@1: 97.9167 (94.5688)  Acc@5: 100.0000 (99.9067)LR: 5.420e-03
2024-11-18 15:50:26,996 -                train: [    INFO] - Train: 415 [ 400/520]  Loss: 0.1841 (0.235)  Acc@1: 96.8750 (94.6956)  Acc@5: 98.9583 (99.8961)LR: 5.420e-03
2024-11-18 15:50:53,658 -                train: [    INFO] - Train: 415 [ 520/520]  Loss: 0.1867 (0.237)  Acc@1: 95.0000 (94.6080)  Acc@5: 100.0000 (99.8960)LR: 5.420e-03
2024-11-18 15:50:53,945 -                train: [    INFO] - Valid: 415 [   0/104]  Loss: 0.05152 (0.0515)  Acc@1: 98.9583 (98.9583)  Acc@5: 100.0000 (100.0000)
2024-11-18 15:50:59,298 -                train: [    INFO] - Valid: 415 [ 104/104]  Loss: 0.04423 (0.165)  Acc@1: 100.0000 (95.4500)  Acc@5: 100.0000 (99.9400)
2024-11-18 15:50:59,349 -                train: [    INFO] - valid_acc 95.450003 - best_valid_acc 95.730002
2024-11-18 15:50:59,840 -                train: [    INFO] - Train: 416 [   0/520]  Loss: 0.2848 (0.285)  Acc@1: 93.7500 (93.7500)  Acc@5: 100.0000 (100.0000)LR: 5.366e-03
2024-11-18 15:51:44,291 -                train: [    INFO] - Train: 416 [ 200/520]  Loss: 0.1357 (0.235)  Acc@1: 96.8750 (94.5377)  Acc@5: 100.0000 (99.8653)LR: 5.366e-03
2024-11-18 15:52:28,766 -                train: [    INFO] - Train: 416 [ 400/520]  Loss: 0.2174 (0.238)  Acc@1: 93.7500 (94.5085)  Acc@5: 100.0000 (99.8727)LR: 5.366e-03
2024-11-18 15:52:55,537 -                train: [    INFO] - Train: 416 [ 520/520]  Loss: 0.2902 (0.238)  Acc@1: 95.0000 (94.4980)  Acc@5: 100.0000 (99.8900)LR: 5.366e-03
2024-11-18 15:52:55,893 -                train: [    INFO] - Valid: 416 [   0/104]  Loss: 0.1075 (0.108)  Acc@1: 96.8750 (96.8750)  Acc@5: 100.0000 (100.0000)
2024-11-18 15:53:01,262 -                train: [    INFO] - Valid: 416 [ 104/104]  Loss: 0.2765 (0.148)  Acc@1: 93.7500 (95.7800)  Acc@5: 100.0000 (99.9700)
2024-11-18 15:53:01,767 -                train: [    INFO] - valid_acc 95.780003 - best_valid_acc 95.780003
2024-11-18 15:53:02,250 -                train: [    INFO] - Train: 417 [   0/520]  Loss: 0.2224 (0.222)  Acc@1: 94.7917 (94.7917)  Acc@5: 100.0000 (100.0000)LR: 5.312e-03
2024-11-18 15:53:46,912 -                train: [    INFO] - Train: 417 [ 200/520]  Loss: 0.2871 (0.234)  Acc@1: 92.7083 (94.5429)  Acc@5: 100.0000 (99.8808)LR: 5.312e-03
2024-11-18 15:54:31,563 -                train: [    INFO] - Train: 417 [ 400/520]  Loss: 0.1343 (0.237)  Acc@1: 96.8750 (94.6124)  Acc@5: 100.0000 (99.8623)LR: 5.312e-03
2024-11-18 15:54:58,214 -                train: [    INFO] - Train: 417 [ 520/520]  Loss: 0.1899 (0.240)  Acc@1: 96.2500 (94.5480)  Acc@5: 100.0000 (99.8600)LR: 5.312e-03
2024-11-18 15:54:58,508 -                train: [    INFO] - Valid: 417 [   0/104]  Loss: 0.1282 (0.128)  Acc@1: 94.7917 (94.7917)  Acc@5: 100.0000 (100.0000)
2024-11-18 15:55:03,868 -                train: [    INFO] - Valid: 417 [ 104/104]  Loss: 0.5762 (0.144)  Acc@1: 93.7500 (95.6400)  Acc@5: 100.0000 (99.9200)
2024-11-18 15:55:03,906 -                train: [    INFO] - valid_acc 95.640003 - best_valid_acc 95.780003
2024-11-18 15:55:04,387 -                train: [    INFO] - Train: 418 [   0/520]  Loss: 0.3056 (0.306)  Acc@1: 90.6250 (90.6250)  Acc@5: 100.0000 (100.0000)LR: 5.259e-03
2024-11-18 15:55:49,221 -                train: [    INFO] - Train: 418 [ 200/520]  Loss: 0.2032 (0.230)  Acc@1: 96.8750 (94.7036)  Acc@5: 100.0000 (99.9378)LR: 5.259e-03
2024-11-18 15:56:33,752 -                train: [    INFO] - Train: 418 [ 400/520]  Loss: 0.2590 (0.231)  Acc@1: 93.7500 (94.7501)  Acc@5: 100.0000 (99.9065)LR: 5.259e-03
2024-11-18 15:57:00,463 -                train: [    INFO] - Train: 418 [ 520/520]  Loss: 0.09429 (0.233)  Acc@1: 98.7500 (94.6940)  Acc@5: 100.0000 (99.9060)LR: 5.259e-03
2024-11-18 15:57:00,720 -                train: [    INFO] - Valid: 418 [   0/104]  Loss: 0.09744 (0.0974)  Acc@1: 96.8750 (96.8750)  Acc@5: 100.0000 (100.0000)
2024-11-18 15:57:06,047 -                train: [    INFO] - Valid: 418 [ 104/104]  Loss: 0.4113 (0.164)  Acc@1: 93.7500 (95.1400)  Acc@5: 100.0000 (99.8900)
2024-11-18 15:57:06,100 -                train: [    INFO] - valid_acc 95.140003 - best_valid_acc 95.780003
2024-11-18 15:57:06,568 -                train: [    INFO] - Train: 419 [   0/520]  Loss: 0.3438 (0.344)  Acc@1: 91.6667 (91.6667)  Acc@5: 100.0000 (100.0000)LR: 5.206e-03
2024-11-18 15:57:52,405 -                train: [    INFO] - Train: 419 [ 200/520]  Loss: 0.1606 (0.237)  Acc@1: 96.8750 (94.6466)  Acc@5: 100.0000 (99.8756)LR: 5.206e-03
2024-11-18 15:58:37,283 -                train: [    INFO] - Train: 419 [ 400/520]  Loss: 0.3872 (0.235)  Acc@1: 92.7083 (94.6566)  Acc@5: 98.9583 (99.8805)LR: 5.206e-03
2024-11-18 15:59:03,984 -                train: [    INFO] - Train: 419 [ 520/520]  Loss: 0.4061 (0.236)  Acc@1: 86.2500 (94.5920)  Acc@5: 100.0000 (99.8780)LR: 5.206e-03
2024-11-18 15:59:04,298 -                train: [    INFO] - Valid: 419 [   0/104]  Loss: 0.09818 (0.0982)  Acc@1: 97.9167 (97.9167)  Acc@5: 100.0000 (100.0000)
2024-11-18 15:59:09,609 -                train: [    INFO] - Valid: 419 [ 104/104]  Loss: 0.09815 (0.154)  Acc@1: 93.7500 (95.4600)  Acc@5: 100.0000 (99.9200)
2024-11-18 15:59:09,654 -                train: [    INFO] - valid_acc 95.460002 - best_valid_acc 95.780003
2024-11-18 15:59:10,132 -                train: [    INFO] - Train: 420 [   0/520]  Loss: 0.2807 (0.281)  Acc@1: 92.7083 (92.7083)  Acc@5: 100.0000 (100.0000)LR: 5.153e-03
2024-11-18 15:59:55,542 -                train: [    INFO] - Train: 420 [ 200/520]  Loss: 0.1572 (0.236)  Acc@1: 96.8750 (94.6828)  Acc@5: 100.0000 (99.9274)LR: 5.153e-03
2024-11-18 16:00:40,497 -                train: [    INFO] - Train: 420 [ 400/520]  Loss: 0.1924 (0.234)  Acc@1: 94.7917 (94.6904)  Acc@5: 100.0000 (99.9273)LR: 5.153e-03
2024-11-18 16:01:07,358 -                train: [    INFO] - Train: 420 [ 520/520]  Loss: 0.1498 (0.235)  Acc@1: 93.7500 (94.6780)  Acc@5: 100.0000 (99.9320)LR: 5.153e-03
2024-11-18 16:01:07,853 -                train: [    INFO] - Valid: 420 [   0/104]  Loss: 0.05459 (0.0546)  Acc@1: 97.9167 (97.9167)  Acc@5: 100.0000 (100.0000)
2024-11-18 16:01:13,165 -                train: [    INFO] - Valid: 420 [ 104/104]  Loss: 0.4109 (0.150)  Acc@1: 93.7500 (95.4900)  Acc@5: 100.0000 (99.9100)
2024-11-18 16:01:13,223 -                train: [    INFO] - valid_acc 95.490002 - best_valid_acc 95.780003
2024-11-18 16:01:13,665 -                train: [    INFO] - Train: 421 [   0/520]  Loss: 0.08603 (0.0860)  Acc@1: 100.0000 (100.0000)  Acc@5: 100.0000 (100.0000)LR: 5.100e-03
2024-11-18 16:01:58,266 -                train: [    INFO] - Train: 421 [ 200/520]  Loss: 0.1662 (0.228)  Acc@1: 95.8333 (94.8487)  Acc@5: 98.9583 (99.9223)LR: 5.100e-03
2024-11-18 16:02:42,649 -                train: [    INFO] - Train: 421 [ 400/520]  Loss: 0.1805 (0.233)  Acc@1: 97.9167 (94.7371)  Acc@5: 100.0000 (99.9065)LR: 5.100e-03
2024-11-18 16:03:09,406 -                train: [    INFO] - Train: 421 [ 520/520]  Loss: 0.3249 (0.233)  Acc@1: 93.7500 (94.7300)  Acc@5: 98.7500 (99.9000)LR: 5.100e-03
2024-11-18 16:03:09,752 -                train: [    INFO] - Valid: 421 [   0/104]  Loss: 0.09880 (0.0988)  Acc@1: 96.8750 (96.8750)  Acc@5: 100.0000 (100.0000)
2024-11-18 16:03:15,061 -                train: [    INFO] - Valid: 421 [ 104/104]  Loss: 0.2082 (0.147)  Acc@1: 93.7500 (95.9400)  Acc@5: 100.0000 (99.9200)
2024-11-18 16:03:15,533 -                train: [    INFO] - valid_acc 95.940003 - best_valid_acc 95.940003
2024-11-18 16:03:16,057 -                train: [    INFO] - Train: 422 [   0/520]  Loss: 0.3108 (0.311)  Acc@1: 95.8333 (95.8333)  Acc@5: 100.0000 (100.0000)LR: 5.047e-03
2024-11-18 16:04:00,883 -                train: [    INFO] - Train: 422 [ 200/520]  Loss: 0.1677 (0.231)  Acc@1: 95.8333 (94.6310)  Acc@5: 100.0000 (99.8704)LR: 5.047e-03
2024-11-18 16:04:45,844 -                train: [    INFO] - Train: 422 [ 400/520]  Loss: 0.1648 (0.239)  Acc@1: 96.8750 (94.5033)  Acc@5: 100.0000 (99.8961)LR: 5.047e-03
2024-11-18 16:05:12,660 -                train: [    INFO] - Train: 422 [ 520/520]  Loss: 0.3015 (0.237)  Acc@1: 92.5000 (94.5340)  Acc@5: 100.0000 (99.9000)LR: 5.047e-03
2024-11-18 16:05:12,962 -                train: [    INFO] - Valid: 422 [   0/104]  Loss: 0.09288 (0.0929)  Acc@1: 96.8750 (96.8750)  Acc@5: 100.0000 (100.0000)
2024-11-18 16:05:18,359 -                train: [    INFO] - Valid: 422 [ 104/104]  Loss: 0.2413 (0.159)  Acc@1: 87.5000 (95.3600)  Acc@5: 100.0000 (99.8400)
2024-11-18 16:05:18,397 -                train: [    INFO] - valid_acc 95.360002 - best_valid_acc 95.940003
2024-11-18 16:05:18,923 -                train: [    INFO] - Train: 423 [   0/520]  Loss: 0.2592 (0.259)  Acc@1: 93.7500 (93.7500)  Acc@5: 100.0000 (100.0000)LR: 4.995e-03
2024-11-18 16:06:04,021 -                train: [    INFO] - Train: 423 [ 200/520]  Loss: 0.3535 (0.237)  Acc@1: 93.7500 (94.6725)  Acc@5: 100.0000 (99.8912)LR: 4.995e-03
2024-11-18 16:06:48,500 -                train: [    INFO] - Train: 423 [ 400/520]  Loss: 0.2333 (0.239)  Acc@1: 93.7500 (94.5085)  Acc@5: 100.0000 (99.9065)LR: 4.995e-03
2024-11-18 16:07:15,123 -                train: [    INFO] - Train: 423 [ 520/520]  Loss: 0.1903 (0.237)  Acc@1: 93.7500 (94.5960)  Acc@5: 100.0000 (99.9140)LR: 4.995e-03
2024-11-18 16:07:15,455 -                train: [    INFO] - Valid: 423 [   0/104]  Loss: 0.1190 (0.119)  Acc@1: 96.8750 (96.8750)  Acc@5: 100.0000 (100.0000)
2024-11-18 16:07:20,808 -                train: [    INFO] - Valid: 423 [ 104/104]  Loss: 0.4357 (0.142)  Acc@1: 93.7500 (95.7000)  Acc@5: 100.0000 (99.8700)
2024-11-18 16:07:20,843 -                train: [    INFO] - valid_acc 95.700002 - best_valid_acc 95.940003
2024-11-18 16:07:21,270 -                train: [    INFO] - Train: 424 [   0/520]  Loss: 0.2637 (0.264)  Acc@1: 95.8333 (95.8333)  Acc@5: 100.0000 (100.0000)LR: 4.943e-03
2024-11-18 16:08:06,342 -                train: [    INFO] - Train: 424 [ 200/520]  Loss: 0.1614 (0.228)  Acc@1: 97.9167 (95.0197)  Acc@5: 100.0000 (99.8964)LR: 4.943e-03
2024-11-18 16:08:51,209 -                train: [    INFO] - Train: 424 [ 400/520]  Loss: 0.2104 (0.224)  Acc@1: 94.7917 (95.0073)  Acc@5: 98.9583 (99.8727)LR: 4.943e-03
2024-11-18 16:09:17,820 -                train: [    INFO] - Train: 424 [ 520/520]  Loss: 0.2144 (0.227)  Acc@1: 93.7500 (94.9040)  Acc@5: 100.0000 (99.8600)LR: 4.943e-03
2024-11-18 16:09:18,120 -                train: [    INFO] - Valid: 424 [   0/104]  Loss: 0.04854 (0.0485)  Acc@1: 98.9583 (98.9583)  Acc@5: 100.0000 (100.0000)
2024-11-18 16:09:23,437 -                train: [    INFO] - Valid: 424 [ 104/104]  Loss: 0.1642 (0.160)  Acc@1: 93.7500 (95.2800)  Acc@5: 100.0000 (99.9100)
2024-11-18 16:09:23,496 -                train: [    INFO] - valid_acc 95.280003 - best_valid_acc 95.940003
2024-11-18 16:09:23,936 -                train: [    INFO] - Train: 425 [   0/520]  Loss: 0.1843 (0.184)  Acc@1: 95.8333 (95.8333)  Acc@5: 100.0000 (100.0000)LR: 4.890e-03
2024-11-18 16:10:08,726 -                train: [    INFO] - Train: 425 [ 200/520]  Loss: 0.2766 (0.226)  Acc@1: 93.7500 (94.9316)  Acc@5: 100.0000 (99.9171)LR: 4.890e-03
2024-11-18 16:10:53,573 -                train: [    INFO] - Train: 425 [ 400/520]  Loss: 0.2540 (0.230)  Acc@1: 94.7917 (94.8384)  Acc@5: 100.0000 (99.9013)LR: 4.890e-03
2024-11-18 16:11:20,509 -                train: [    INFO] - Train: 425 [ 520/520]  Loss: 0.1343 (0.228)  Acc@1: 97.5000 (94.8900)  Acc@5: 100.0000 (99.9060)LR: 4.890e-03
2024-11-18 16:11:20,822 -                train: [    INFO] - Valid: 425 [   0/104]  Loss: 0.09602 (0.0960)  Acc@1: 96.8750 (96.8750)  Acc@5: 100.0000 (100.0000)
2024-11-18 16:11:26,188 -                train: [    INFO] - Valid: 425 [ 104/104]  Loss: 0.3243 (0.149)  Acc@1: 93.7500 (95.6300)  Acc@5: 100.0000 (99.9100)
2024-11-18 16:11:26,238 -                train: [    INFO] - valid_acc 95.630002 - best_valid_acc 95.940003
2024-11-18 16:11:26,760 -                train: [    INFO] - Train: 426 [   0/520]  Loss: 0.2563 (0.256)  Acc@1: 93.7500 (93.7500)  Acc@5: 98.9583 (98.9583)LR: 4.839e-03
2024-11-18 16:12:11,609 -                train: [    INFO] - Train: 426 [ 200/520]  Loss: 0.08778 (0.224)  Acc@1: 98.9583 (95.0093)  Acc@5: 100.0000 (99.9067)LR: 4.839e-03
2024-11-18 16:12:56,499 -                train: [    INFO] - Train: 426 [ 400/520]  Loss: 0.3941 (0.231)  Acc@1: 88.5417 (94.8800)  Acc@5: 97.9167 (99.8883)LR: 4.839e-03
2024-11-18 16:13:23,256 -                train: [    INFO] - Train: 426 [ 520/520]  Loss: 0.2030 (0.235)  Acc@1: 93.7500 (94.7760)  Acc@5: 100.0000 (99.8840)LR: 4.839e-03
2024-11-18 16:13:23,539 -                train: [    INFO] - Valid: 426 [   0/104]  Loss: 0.07224 (0.0722)  Acc@1: 96.8750 (96.8750)  Acc@5: 100.0000 (100.0000)
2024-11-18 16:13:28,839 -                train: [    INFO] - Valid: 426 [ 104/104]  Loss: 0.4810 (0.160)  Acc@1: 87.5000 (95.0200)  Acc@5: 100.0000 (99.9400)
2024-11-18 16:13:28,870 -                train: [    INFO] - valid_acc 95.020002 - best_valid_acc 95.940003
2024-11-18 16:13:29,367 -                train: [    INFO] - Train: 427 [   0/520]  Loss: 0.1622 (0.162)  Acc@1: 96.8750 (96.8750)  Acc@5: 100.0000 (100.0000)LR: 4.787e-03
2024-11-18 16:14:16,639 -                train: [    INFO] - Train: 427 [ 200/520]  Loss: 0.07348 (0.215)  Acc@1: 100.0000 (95.0922)  Acc@5: 100.0000 (99.9223)LR: 4.787e-03
2024-11-18 16:15:04,595 -                train: [    INFO] - Train: 427 [ 400/520]  Loss: 0.1864 (0.216)  Acc@1: 93.7500 (95.0800)  Acc@5: 100.0000 (99.9325)LR: 4.787e-03
2024-11-18 16:15:32,910 -                train: [    INFO] - Train: 427 [ 520/520]  Loss: 0.2934 (0.219)  Acc@1: 92.5000 (94.9920)  Acc@5: 100.0000 (99.9280)LR: 4.787e-03
2024-11-18 16:15:37,294 -                train: [    INFO] - Valid: 427 [   0/104]  Loss: 0.1410 (0.141)  Acc@1: 94.7917 (94.7917)  Acc@5: 100.0000 (100.0000)
2024-11-18 16:15:42,620 -                train: [    INFO] - Valid: 427 [ 104/104]  Loss: 0.03632 (0.147)  Acc@1: 100.0000 (95.7100)  Acc@5: 100.0000 (99.9000)
2024-11-18 16:15:42,662 -                train: [    INFO] - valid_acc 95.710003 - best_valid_acc 95.940003
2024-11-18 16:15:43,104 -                train: [    INFO] - Train: 428 [   0/520]  Loss: 0.3639 (0.364)  Acc@1: 92.7083 (92.7083)  Acc@5: 100.0000 (100.0000)LR: 4.736e-03
2024-11-18 16:16:28,175 -                train: [    INFO] - Train: 428 [ 200/520]  Loss: 0.06496 (0.219)  Acc@1: 100.0000 (95.1389)  Acc@5: 100.0000 (99.8756)LR: 4.736e-03
2024-11-18 16:17:12,921 -                train: [    INFO] - Train: 428 [ 400/520]  Loss: 0.1867 (0.225)  Acc@1: 95.8333 (95.0359)  Acc@5: 100.0000 (99.8857)LR: 4.736e-03
2024-11-18 16:17:39,563 -                train: [    INFO] - Train: 428 [ 520/520]  Loss: 0.1936 (0.222)  Acc@1: 96.2500 (95.1000)  Acc@5: 100.0000 (99.8780)LR: 4.736e-03
2024-11-18 16:17:39,870 -                train: [    INFO] - Valid: 428 [   0/104]  Loss: 0.1268 (0.127)  Acc@1: 94.7917 (94.7917)  Acc@5: 100.0000 (100.0000)
2024-11-18 16:17:45,206 -                train: [    INFO] - Valid: 428 [ 104/104]  Loss: 0.3260 (0.143)  Acc@1: 93.7500 (95.7000)  Acc@5: 100.0000 (99.9300)
2024-11-18 16:17:45,240 -                train: [    INFO] - valid_acc 95.700002 - best_valid_acc 95.940003
2024-11-18 16:17:45,805 -                train: [    INFO] - Train: 429 [   0/520]  Loss: 0.2799 (0.280)  Acc@1: 91.6667 (91.6667)  Acc@5: 100.0000 (100.0000)LR: 4.684e-03
2024-11-18 16:18:30,362 -                train: [    INFO] - Train: 429 [ 200/520]  Loss: 0.2461 (0.214)  Acc@1: 92.7083 (95.1285)  Acc@5: 100.0000 (99.9326)LR: 4.684e-03
2024-11-18 16:19:14,786 -                train: [    INFO] - Train: 429 [ 400/520]  Loss: 0.2194 (0.220)  Acc@1: 93.7500 (94.9865)  Acc@5: 100.0000 (99.9221)LR: 4.684e-03
2024-11-18 16:19:41,439 -                train: [    INFO] - Train: 429 [ 520/520]  Loss: 0.2675 (0.219)  Acc@1: 92.5000 (95.0240)  Acc@5: 100.0000 (99.9020)LR: 4.684e-03
2024-11-18 16:19:41,704 -                train: [    INFO] - Valid: 429 [   0/104]  Loss: 0.1604 (0.160)  Acc@1: 95.8333 (95.8333)  Acc@5: 100.0000 (100.0000)
2024-11-18 16:19:47,020 -                train: [    INFO] - Valid: 429 [ 104/104]  Loss: 0.3444 (0.143)  Acc@1: 87.5000 (96.1000)  Acc@5: 100.0000 (99.8800)
2024-11-18 16:19:47,507 -                train: [    INFO] - valid_acc 96.100002 - best_valid_acc 96.100002
2024-11-18 16:19:47,945 -                train: [    INFO] - Train: 430 [   0/520]  Loss: 0.1600 (0.160)  Acc@1: 93.7500 (93.7500)  Acc@5: 100.0000 (100.0000)LR: 4.633e-03
2024-11-18 16:20:32,426 -                train: [    INFO] - Train: 430 [ 200/520]  Loss: 0.2931 (0.228)  Acc@1: 93.7500 (94.8901)  Acc@5: 100.0000 (99.9378)LR: 4.633e-03
2024-11-18 16:21:16,837 -                train: [    INFO] - Train: 430 [ 400/520]  Loss: 0.2580 (0.230)  Acc@1: 93.7500 (94.8099)  Acc@5: 100.0000 (99.9117)LR: 4.633e-03
2024-11-18 16:21:43,532 -                train: [    INFO] - Train: 430 [ 520/520]  Loss: 0.1518 (0.229)  Acc@1: 96.2500 (94.7920)  Acc@5: 100.0000 (99.9060)LR: 4.633e-03
2024-11-18 16:21:43,834 -                train: [    INFO] - Valid: 430 [   0/104]  Loss: 0.1756 (0.176)  Acc@1: 93.7500 (93.7500)  Acc@5: 100.0000 (100.0000)
2024-11-18 16:21:49,158 -                train: [    INFO] - Valid: 430 [ 104/104]  Loss: 0.3419 (0.155)  Acc@1: 87.5000 (95.5700)  Acc@5: 100.0000 (99.9100)
2024-11-18 16:21:49,192 -                train: [    INFO] - valid_acc 95.570003 - best_valid_acc 96.100002
2024-11-18 16:21:49,640 -                train: [    INFO] - Train: 431 [   0/520]  Loss: 0.1299 (0.130)  Acc@1: 95.8333 (95.8333)  Acc@5: 100.0000 (100.0000)LR: 4.583e-03
2024-11-18 16:22:34,956 -                train: [    INFO] - Train: 431 [ 200/520]  Loss: 0.1448 (0.216)  Acc@1: 96.8750 (94.9160)  Acc@5: 100.0000 (99.9015)LR: 4.583e-03
2024-11-18 16:23:19,477 -                train: [    INFO] - Train: 431 [ 400/520]  Loss: 0.2368 (0.220)  Acc@1: 97.9167 (94.9683)  Acc@5: 100.0000 (99.8805)LR: 4.583e-03
2024-11-18 16:23:46,388 -                train: [    INFO] - Train: 431 [ 520/520]  Loss: 0.4487 (0.222)  Acc@1: 90.0000 (94.8760)  Acc@5: 100.0000 (99.8780)LR: 4.583e-03
2024-11-18 16:23:46,723 -                train: [    INFO] - Valid: 431 [   0/104]  Loss: 0.1111 (0.111)  Acc@1: 95.8333 (95.8333)  Acc@5: 100.0000 (100.0000)
2024-11-18 16:23:52,026 -                train: [    INFO] - Valid: 431 [ 104/104]  Loss: 0.3767 (0.156)  Acc@1: 87.5000 (95.7400)  Acc@5: 100.0000 (99.9100)
2024-11-18 16:23:52,120 -                train: [    INFO] - valid_acc 95.740003 - best_valid_acc 96.100002
2024-11-18 16:23:52,600 -                train: [    INFO] - Train: 432 [   0/520]  Loss: 0.2499 (0.250)  Acc@1: 92.7083 (92.7083)  Acc@5: 100.0000 (100.0000)LR: 4.532e-03
2024-11-18 16:24:37,058 -                train: [    INFO] - Train: 432 [ 200/520]  Loss: 0.2526 (0.217)  Acc@1: 94.7917 (95.0767)  Acc@5: 100.0000 (99.8912)LR: 4.532e-03
2024-11-18 16:25:21,634 -                train: [    INFO] - Train: 432 [ 400/520]  Loss: 0.3097 (0.215)  Acc@1: 92.7083 (95.1424)  Acc@5: 100.0000 (99.9143)LR: 4.532e-03
2024-11-18 16:25:48,522 -                train: [    INFO] - Train: 432 [ 520/520]  Loss: 0.1806 (0.215)  Acc@1: 93.7500 (95.1240)  Acc@5: 100.0000 (99.9140)LR: 4.532e-03
2024-11-18 16:25:48,859 -                train: [    INFO] - Valid: 432 [   0/104]  Loss: 0.1854 (0.185)  Acc@1: 96.8750 (96.8750)  Acc@5: 100.0000 (100.0000)
2024-11-18 16:25:54,283 -                train: [    INFO] - Valid: 432 [ 104/104]  Loss: 0.4711 (0.154)  Acc@1: 87.5000 (95.5800)  Acc@5: 100.0000 (99.9000)
2024-11-18 16:25:54,325 -                train: [    INFO] - valid_acc 95.580003 - best_valid_acc 96.100002
2024-11-18 16:25:54,822 -                train: [    INFO] - Train: 433 [   0/520]  Loss: 0.2304 (0.230)  Acc@1: 94.7917 (94.7917)  Acc@5: 100.0000 (100.0000)LR: 4.482e-03
2024-11-18 16:26:40,608 -                train: [    INFO] - Train: 433 [ 200/520]  Loss: 0.3261 (0.203)  Acc@1: 93.7500 (95.6312)  Acc@5: 98.9583 (99.9067)LR: 4.482e-03
2024-11-18 16:27:25,592 -                train: [    INFO] - Train: 433 [ 400/520]  Loss: 0.1575 (0.214)  Acc@1: 91.6667 (95.2151)  Acc@5: 100.0000 (99.9039)LR: 4.482e-03
2024-11-18 16:27:52,593 -                train: [    INFO] - Train: 433 [ 520/520]  Loss: 0.2061 (0.217)  Acc@1: 95.0000 (95.1080)  Acc@5: 100.0000 (99.9040)LR: 4.482e-03
2024-11-18 16:27:52,893 -                train: [    INFO] - Valid: 433 [   0/104]  Loss: 0.1259 (0.126)  Acc@1: 96.8750 (96.8750)  Acc@5: 100.0000 (100.0000)
2024-11-18 16:27:58,231 -                train: [    INFO] - Valid: 433 [ 104/104]  Loss: 0.3284 (0.144)  Acc@1: 93.7500 (95.7800)  Acc@5: 100.0000 (99.9100)
2024-11-18 16:27:58,268 -                train: [    INFO] - valid_acc 95.780002 - best_valid_acc 96.100002
2024-11-18 16:27:58,778 -                train: [    INFO] - Train: 434 [   0/520]  Loss: 0.1699 (0.170)  Acc@1: 95.8333 (95.8333)  Acc@5: 100.0000 (100.0000)LR: 4.432e-03
2024-11-18 16:28:43,746 -                train: [    INFO] - Train: 434 [ 200/520]  Loss: 0.1699 (0.217)  Acc@1: 97.9167 (95.1182)  Acc@5: 100.0000 (99.8704)LR: 4.432e-03
2024-11-18 16:29:28,729 -                train: [    INFO] - Train: 434 [ 400/520]  Loss: 0.2829 (0.218)  Acc@1: 92.7083 (95.0384)  Acc@5: 100.0000 (99.8909)LR: 4.432e-03
2024-11-18 16:29:55,502 -                train: [    INFO] - Train: 434 [ 520/520]  Loss: 0.2186 (0.219)  Acc@1: 97.5000 (95.0480)  Acc@5: 100.0000 (99.8900)LR: 4.432e-03
2024-11-18 16:29:55,780 -                train: [    INFO] - Valid: 434 [   0/104]  Loss: 0.1558 (0.156)  Acc@1: 93.7500 (93.7500)  Acc@5: 100.0000 (100.0000)
2024-11-18 16:30:01,090 -                train: [    INFO] - Valid: 434 [ 104/104]  Loss: 0.1458 (0.145)  Acc@1: 93.7500 (95.6400)  Acc@5: 100.0000 (99.9200)
2024-11-18 16:30:02,009 -                train: [    INFO] - valid_acc 95.640003 - best_valid_acc 96.100002
2024-11-18 16:30:02,430 -                train: [    INFO] - Train: 435 [   0/520]  Loss: 0.2496 (0.250)  Acc@1: 94.7917 (94.7917)  Acc@5: 100.0000 (100.0000)LR: 4.382e-03
2024-11-18 16:30:46,891 -                train: [    INFO] - Train: 435 [ 200/520]  Loss: 0.09210 (0.209)  Acc@1: 98.9583 (95.5017)  Acc@5: 100.0000 (99.9015)LR: 4.382e-03
2024-11-18 16:31:31,479 -                train: [    INFO] - Train: 435 [ 400/520]  Loss: 0.2391 (0.212)  Acc@1: 95.8333 (95.4125)  Acc@5: 100.0000 (99.9039)LR: 4.382e-03
2024-11-18 16:31:58,046 -                train: [    INFO] - Train: 435 [ 520/520]  Loss: 0.09485 (0.213)  Acc@1: 98.7500 (95.3520)  Acc@5: 100.0000 (99.9160)LR: 4.382e-03
2024-11-18 16:31:58,327 -                train: [    INFO] - Valid: 435 [   0/104]  Loss: 0.1216 (0.122)  Acc@1: 95.8333 (95.8333)  Acc@5: 100.0000 (100.0000)
2024-11-18 16:32:03,596 -                train: [    INFO] - Valid: 435 [ 104/104]  Loss: 0.2323 (0.146)  Acc@1: 93.7500 (95.5900)  Acc@5: 100.0000 (99.9000)
2024-11-18 16:32:03,651 -                train: [    INFO] - valid_acc 95.590003 - best_valid_acc 96.100002
2024-11-18 16:32:04,088 -                train: [    INFO] - Train: 436 [   0/520]  Loss: 0.04855 (0.0486)  Acc@1: 98.9583 (98.9583)  Acc@5: 100.0000 (100.0000)LR: 4.332e-03
2024-11-18 16:32:49,303 -                train: [    INFO] - Train: 436 [ 200/520]  Loss: 0.2683 (0.206)  Acc@1: 93.7500 (95.4187)  Acc@5: 98.9583 (99.9326)LR: 4.332e-03
2024-11-18 16:33:34,906 -                train: [    INFO] - Train: 436 [ 400/520]  Loss: 0.2997 (0.210)  Acc@1: 93.7500 (95.2670)  Acc@5: 100.0000 (99.9195)LR: 4.332e-03
2024-11-18 16:34:02,247 -                train: [    INFO] - Train: 436 [ 520/520]  Loss: 0.1867 (0.209)  Acc@1: 96.2500 (95.3200)  Acc@5: 100.0000 (99.9220)LR: 4.332e-03
2024-11-18 16:34:02,531 -                train: [    INFO] - Valid: 436 [   0/104]  Loss: 0.1393 (0.139)  Acc@1: 96.8750 (96.8750)  Acc@5: 100.0000 (100.0000)
2024-11-18 16:34:07,836 -                train: [    INFO] - Valid: 436 [ 104/104]  Loss: 0.5582 (0.142)  Acc@1: 93.7500 (95.9900)  Acc@5: 100.0000 (99.9200)
2024-11-18 16:34:07,874 -                train: [    INFO] - valid_acc 95.990003 - best_valid_acc 96.100002
2024-11-18 16:34:08,338 -                train: [    INFO] - Train: 437 [   0/520]  Loss: 0.2450 (0.245)  Acc@1: 93.7500 (93.7500)  Acc@5: 100.0000 (100.0000)LR: 4.283e-03
2024-11-18 16:34:53,789 -                train: [    INFO] - Train: 437 [ 200/520]  Loss: 0.1541 (0.200)  Acc@1: 95.8333 (95.2944)  Acc@5: 100.0000 (99.9689)LR: 4.283e-03
2024-11-18 16:35:38,593 -                train: [    INFO] - Train: 437 [ 400/520]  Loss: 0.2767 (0.207)  Acc@1: 93.7500 (95.1813)  Acc@5: 100.0000 (99.9532)LR: 4.283e-03
2024-11-18 16:36:05,436 -                train: [    INFO] - Train: 437 [ 520/520]  Loss: 0.1682 (0.208)  Acc@1: 96.2500 (95.2180)  Acc@5: 100.0000 (99.9480)LR: 4.283e-03
2024-11-18 16:36:05,782 -                train: [    INFO] - Valid: 437 [   0/104]  Loss: 0.1705 (0.170)  Acc@1: 94.7917 (94.7917)  Acc@5: 100.0000 (100.0000)
2024-11-18 16:36:11,149 -                train: [    INFO] - Valid: 437 [ 104/104]  Loss: 0.2187 (0.156)  Acc@1: 93.7500 (95.6400)  Acc@5: 100.0000 (99.8700)
2024-11-18 16:36:11,201 -                train: [    INFO] - valid_acc 95.640003 - best_valid_acc 96.100002
2024-11-18 16:36:11,635 -                train: [    INFO] - Train: 438 [   0/520]  Loss: 0.07698 (0.0770)  Acc@1: 98.9583 (98.9583)  Acc@5: 100.0000 (100.0000)LR: 4.234e-03
2024-11-18 16:36:56,205 -                train: [    INFO] - Train: 438 [ 200/520]  Loss: 0.2706 (0.213)  Acc@1: 93.7500 (95.3099)  Acc@5: 100.0000 (99.8912)LR: 4.234e-03
2024-11-18 16:37:40,994 -                train: [    INFO] - Train: 438 [ 400/520]  Loss: 0.2087 (0.209)  Acc@1: 93.7500 (95.3268)  Acc@5: 100.0000 (99.9065)LR: 4.234e-03
2024-11-18 16:38:07,899 -                train: [    INFO] - Train: 438 [ 520/520]  Loss: 0.1447 (0.211)  Acc@1: 96.2500 (95.2280)  Acc@5: 100.0000 (99.8920)LR: 4.234e-03
2024-11-18 16:38:08,187 -                train: [    INFO] - Valid: 438 [   0/104]  Loss: 0.1373 (0.137)  Acc@1: 95.8333 (95.8333)  Acc@5: 100.0000 (100.0000)
2024-11-18 16:38:13,525 -                train: [    INFO] - Valid: 438 [ 104/104]  Loss: 0.3776 (0.140)  Acc@1: 87.5000 (95.9800)  Acc@5: 100.0000 (99.9100)
2024-11-18 16:38:13,564 -                train: [    INFO] - valid_acc 95.980002 - best_valid_acc 96.100002
2024-11-18 16:38:14,055 -                train: [    INFO] - Train: 439 [   0/520]  Loss: 0.2185 (0.218)  Acc@1: 95.8333 (95.8333)  Acc@5: 100.0000 (100.0000)LR: 4.185e-03
2024-11-18 16:38:58,873 -                train: [    INFO] - Train: 439 [ 200/520]  Loss: 0.1594 (0.216)  Acc@1: 97.9167 (95.1959)  Acc@5: 100.0000 (99.9171)LR: 4.185e-03
2024-11-18 16:39:43,812 -                train: [    INFO] - Train: 439 [ 400/520]  Loss: 0.1764 (0.215)  Acc@1: 94.7917 (95.1501)  Acc@5: 100.0000 (99.9117)LR: 4.185e-03
2024-11-18 16:40:10,596 -                train: [    INFO] - Train: 439 [ 520/520]  Loss: 0.2257 (0.214)  Acc@1: 95.0000 (95.1740)  Acc@5: 100.0000 (99.9180)LR: 4.185e-03
2024-11-18 16:40:10,877 -                train: [    INFO] - Valid: 439 [   0/104]  Loss: 0.1709 (0.171)  Acc@1: 93.7500 (93.7500)  Acc@5: 100.0000 (100.0000)
2024-11-18 16:40:16,184 -                train: [    INFO] - Valid: 439 [ 104/104]  Loss: 0.6385 (0.148)  Acc@1: 93.7500 (95.8800)  Acc@5: 100.0000 (99.9100)
2024-11-18 16:40:16,216 -                train: [    INFO] - valid_acc 95.880002 - best_valid_acc 96.100002
2024-11-18 16:40:16,641 -                train: [    INFO] - Train: 440 [   0/520]  Loss: 0.1409 (0.141)  Acc@1: 95.8333 (95.8333)  Acc@5: 100.0000 (100.0000)LR: 4.136e-03
2024-11-18 16:41:01,083 -                train: [    INFO] - Train: 440 [ 200/520]  Loss: 0.1605 (0.206)  Acc@1: 96.8750 (95.2477)  Acc@5: 100.0000 (99.9223)LR: 4.136e-03
2024-11-18 16:41:45,504 -                train: [    INFO] - Train: 440 [ 400/520]  Loss: 0.1796 (0.209)  Acc@1: 95.8333 (95.1787)  Acc@5: 100.0000 (99.9299)LR: 4.136e-03
2024-11-18 16:42:12,220 -                train: [    INFO] - Train: 440 [ 520/520]  Loss: 0.1676 (0.209)  Acc@1: 95.0000 (95.1560)  Acc@5: 100.0000 (99.9340)LR: 4.136e-03
2024-11-18 16:42:12,542 -                train: [    INFO] - Valid: 440 [   0/104]  Loss: 0.2689 (0.269)  Acc@1: 91.6667 (91.6667)  Acc@5: 100.0000 (100.0000)
2024-11-18 16:42:17,859 -                train: [    INFO] - Valid: 440 [ 104/104]  Loss: 0.3201 (0.151)  Acc@1: 93.7500 (95.8000)  Acc@5: 100.0000 (99.9200)
2024-11-18 16:42:17,925 -                train: [    INFO] - valid_acc 95.800002 - best_valid_acc 96.100002
2024-11-18 16:42:18,353 -                train: [    INFO] - Train: 441 [   0/520]  Loss: 0.1578 (0.158)  Acc@1: 97.9167 (97.9167)  Acc@5: 100.0000 (100.0000)LR: 4.087e-03
2024-11-18 16:43:02,919 -                train: [    INFO] - Train: 441 [ 200/520]  Loss: 0.2711 (0.202)  Acc@1: 93.7500 (95.4032)  Acc@5: 100.0000 (99.9171)LR: 4.087e-03
2024-11-18 16:43:47,745 -                train: [    INFO] - Train: 441 [ 400/520]  Loss: 0.09318 (0.205)  Acc@1: 98.9583 (95.2722)  Acc@5: 98.9583 (99.9117)LR: 4.087e-03
2024-11-18 16:44:14,512 -                train: [    INFO] - Train: 441 [ 520/520]  Loss: 0.2046 (0.208)  Acc@1: 93.7500 (95.2300)  Acc@5: 100.0000 (99.9060)LR: 4.087e-03
2024-11-18 16:44:14,756 -                train: [    INFO] - Valid: 441 [   0/104]  Loss: 0.1594 (0.159)  Acc@1: 96.8750 (96.8750)  Acc@5: 100.0000 (100.0000)
2024-11-18 16:44:20,077 -                train: [    INFO] - Valid: 441 [ 104/104]  Loss: 0.1716 (0.140)  Acc@1: 93.7500 (95.9700)  Acc@5: 100.0000 (99.9300)
2024-11-18 16:44:20,111 -                train: [    INFO] - valid_acc 95.970003 - best_valid_acc 96.100002
2024-11-18 16:44:20,527 -                train: [    INFO] - Train: 442 [   0/520]  Loss: 0.1127 (0.113)  Acc@1: 97.9167 (97.9167)  Acc@5: 100.0000 (100.0000)LR: 4.039e-03
2024-11-18 16:45:05,203 -                train: [    INFO] - Train: 442 [ 200/520]  Loss: 0.2373 (0.199)  Acc@1: 96.8750 (95.5949)  Acc@5: 100.0000 (99.9274)LR: 4.039e-03
2024-11-18 16:45:49,770 -                train: [    INFO] - Train: 442 [ 400/520]  Loss: 0.1954 (0.203)  Acc@1: 95.8333 (95.5112)  Acc@5: 100.0000 (99.9247)LR: 4.039e-03
2024-11-18 16:46:16,398 -                train: [    INFO] - Train: 442 [ 520/520]  Loss: 0.2565 (0.205)  Acc@1: 96.2500 (95.4860)  Acc@5: 100.0000 (99.9120)LR: 4.039e-03
2024-11-18 16:46:16,716 -                train: [    INFO] - Valid: 442 [   0/104]  Loss: 0.1257 (0.126)  Acc@1: 96.8750 (96.8750)  Acc@5: 100.0000 (100.0000)
2024-11-18 16:46:22,050 -                train: [    INFO] - Valid: 442 [ 104/104]  Loss: 0.1699 (0.143)  Acc@1: 93.7500 (95.7900)  Acc@5: 100.0000 (99.9400)
2024-11-18 16:46:22,112 -                train: [    INFO] - valid_acc 95.790003 - best_valid_acc 96.100002
2024-11-18 16:46:22,625 -                train: [    INFO] - Train: 443 [   0/520]  Loss: 0.2318 (0.232)  Acc@1: 93.7500 (93.7500)  Acc@5: 100.0000 (100.0000)LR: 3.991e-03
2024-11-18 16:47:08,562 -                train: [    INFO] - Train: 443 [ 200/520]  Loss: 0.1519 (0.205)  Acc@1: 96.8750 (95.4187)  Acc@5: 100.0000 (99.9534)LR: 3.991e-03
2024-11-18 16:47:54,121 -                train: [    INFO] - Train: 443 [ 400/520]  Loss: 0.2080 (0.201)  Acc@1: 94.7917 (95.4775)  Acc@5: 98.9583 (99.9325)LR: 3.991e-03
2024-11-18 16:48:21,038 -                train: [    INFO] - Train: 443 [ 520/520]  Loss: 0.1362 (0.202)  Acc@1: 97.5000 (95.4560)  Acc@5: 100.0000 (99.9300)LR: 3.991e-03
2024-11-18 16:48:21,327 -                train: [    INFO] - Valid: 443 [   0/104]  Loss: 0.1256 (0.126)  Acc@1: 96.8750 (96.8750)  Acc@5: 100.0000 (100.0000)
2024-11-18 16:48:26,641 -                train: [    INFO] - Valid: 443 [ 104/104]  Loss: 0.2379 (0.140)  Acc@1: 93.7500 (96.0600)  Acc@5: 100.0000 (99.9100)
2024-11-18 16:48:26,690 -                train: [    INFO] - valid_acc 96.060002 - best_valid_acc 96.100002
2024-11-18 16:48:27,164 -                train: [    INFO] - Train: 444 [   0/520]  Loss: 0.3383 (0.338)  Acc@1: 92.7083 (92.7083)  Acc@5: 100.0000 (100.0000)LR: 3.943e-03
2024-11-18 16:49:13,570 -                train: [    INFO] - Train: 444 [ 200/520]  Loss: 0.1740 (0.196)  Acc@1: 97.9167 (95.5898)  Acc@5: 100.0000 (99.9119)LR: 3.943e-03
2024-11-18 16:49:59,145 -                train: [    INFO] - Train: 444 [ 400/520]  Loss: 0.1753 (0.202)  Acc@1: 95.8333 (95.4956)  Acc@5: 98.9583 (99.9013)LR: 3.943e-03
2024-11-18 16:50:25,867 -                train: [    INFO] - Train: 444 [ 520/520]  Loss: 0.1982 (0.203)  Acc@1: 95.0000 (95.4980)  Acc@5: 100.0000 (99.9060)LR: 3.943e-03
2024-11-18 16:50:26,154 -                train: [    INFO] - Valid: 444 [   0/104]  Loss: 0.09309 (0.0931)  Acc@1: 96.8750 (96.8750)  Acc@5: 100.0000 (100.0000)
2024-11-18 16:50:31,461 -                train: [    INFO] - Valid: 444 [ 104/104]  Loss: 0.3800 (0.137)  Acc@1: 87.5000 (95.8600)  Acc@5: 100.0000 (99.8900)
2024-11-18 16:50:31,495 -                train: [    INFO] - valid_acc 95.860002 - best_valid_acc 96.100002
2024-11-18 16:50:31,948 -                train: [    INFO] - Train: 445 [   0/520]  Loss: 0.2552 (0.255)  Acc@1: 92.7083 (92.7083)  Acc@5: 100.0000 (100.0000)LR: 3.896e-03
2024-11-18 16:51:17,121 -                train: [    INFO] - Train: 445 [ 200/520]  Loss: 0.3448 (0.202)  Acc@1: 92.7083 (95.3721)  Acc@5: 100.0000 (99.8704)LR: 3.896e-03
2024-11-18 16:52:01,472 -                train: [    INFO] - Train: 445 [ 400/520]  Loss: 0.1503 (0.196)  Acc@1: 95.8333 (95.5372)  Acc@5: 100.0000 (99.8753)LR: 3.896e-03
2024-11-18 16:52:28,278 -                train: [    INFO] - Train: 445 [ 520/520]  Loss: 0.3790 (0.197)  Acc@1: 95.0000 (95.5020)  Acc@5: 100.0000 (99.8900)LR: 3.896e-03
2024-11-18 16:52:28,586 -                train: [    INFO] - Valid: 445 [   0/104]  Loss: 0.1178 (0.118)  Acc@1: 95.8333 (95.8333)  Acc@5: 100.0000 (100.0000)
2024-11-18 16:52:33,931 -                train: [    INFO] - Valid: 445 [ 104/104]  Loss: 0.5695 (0.153)  Acc@1: 93.7500 (95.7800)  Acc@5: 100.0000 (99.9000)
2024-11-18 16:52:34,948 -                train: [    INFO] - valid_acc 95.780002 - best_valid_acc 96.100002
2024-11-18 16:52:35,513 -                train: [    INFO] - Train: 446 [   0/520]  Loss: 0.2000 (0.200)  Acc@1: 95.8333 (95.8333)  Acc@5: 100.0000 (100.0000)LR: 3.848e-03
2024-11-18 16:53:20,058 -                train: [    INFO] - Train: 446 [ 200/520]  Loss: 0.2537 (0.195)  Acc@1: 94.7917 (95.5535)  Acc@5: 100.0000 (99.9326)LR: 3.848e-03
2024-11-18 16:54:04,550 -                train: [    INFO] - Train: 446 [ 400/520]  Loss: 0.1627 (0.195)  Acc@1: 96.8750 (95.6541)  Acc@5: 100.0000 (99.9221)LR: 3.848e-03
2024-11-18 16:54:31,371 -                train: [    INFO] - Train: 446 [ 520/520]  Loss: 0.1317 (0.198)  Acc@1: 97.5000 (95.5540)  Acc@5: 100.0000 (99.9300)LR: 3.848e-03
2024-11-18 16:54:31,656 -                train: [    INFO] - Valid: 446 [   0/104]  Loss: 0.1192 (0.119)  Acc@1: 97.9167 (97.9167)  Acc@5: 100.0000 (100.0000)
2024-11-18 16:54:36,988 -                train: [    INFO] - Valid: 446 [ 104/104]  Loss: 0.3333 (0.138)  Acc@1: 93.7500 (96.1600)  Acc@5: 100.0000 (99.9600)
2024-11-18 16:54:37,454 -                train: [    INFO] - valid_acc 96.160003 - best_valid_acc 96.160003
2024-11-18 16:54:37,881 -                train: [    INFO] - Train: 447 [   0/520]  Loss: 0.1316 (0.132)  Acc@1: 96.8750 (96.8750)  Acc@5: 100.0000 (100.0000)LR: 3.801e-03
2024-11-18 16:55:22,499 -                train: [    INFO] - Train: 447 [ 200/520]  Loss: 0.1642 (0.187)  Acc@1: 95.8333 (95.9266)  Acc@5: 100.0000 (99.9171)LR: 3.801e-03
2024-11-18 16:56:07,344 -                train: [    INFO] - Train: 447 [ 400/520]  Loss: 0.1240 (0.193)  Acc@1: 96.8750 (95.7554)  Acc@5: 100.0000 (99.9195)LR: 3.801e-03
2024-11-18 16:56:34,101 -                train: [    INFO] - Train: 447 [ 520/520]  Loss: 0.2091 (0.194)  Acc@1: 95.0000 (95.6960)  Acc@5: 100.0000 (99.9280)LR: 3.801e-03
2024-11-18 16:56:34,404 -                train: [    INFO] - Valid: 447 [   0/104]  Loss: 0.1345 (0.135)  Acc@1: 97.9167 (97.9167)  Acc@5: 100.0000 (100.0000)
2024-11-18 16:56:39,752 -                train: [    INFO] - Valid: 447 [ 104/104]  Loss: 0.3866 (0.145)  Acc@1: 93.7500 (95.8900)  Acc@5: 100.0000 (99.9800)
2024-11-18 16:56:39,786 -                train: [    INFO] - valid_acc 95.890003 - best_valid_acc 96.160003
2024-11-18 16:56:40,246 -                train: [    INFO] - Train: 448 [   0/520]  Loss: 0.2811 (0.281)  Acc@1: 90.6250 (90.6250)  Acc@5: 100.0000 (100.0000)LR: 3.754e-03
2024-11-18 16:57:24,794 -                train: [    INFO] - Train: 448 [ 200/520]  Loss: 0.1245 (0.192)  Acc@1: 97.9167 (95.7141)  Acc@5: 100.0000 (99.9430)LR: 3.754e-03
2024-11-18 16:58:09,159 -                train: [    INFO] - Train: 448 [ 400/520]  Loss: 0.1488 (0.198)  Acc@1: 96.8750 (95.6177)  Acc@5: 100.0000 (99.9091)LR: 3.754e-03
2024-11-18 16:58:35,865 -                train: [    INFO] - Train: 448 [ 520/520]  Loss: 0.2989 (0.201)  Acc@1: 93.7500 (95.5500)  Acc@5: 100.0000 (99.9080)LR: 3.754e-03
2024-11-18 16:58:36,184 -                train: [    INFO] - Valid: 448 [   0/104]  Loss: 0.05460 (0.0546)  Acc@1: 97.9167 (97.9167)  Acc@5: 100.0000 (100.0000)
2024-11-18 16:58:41,538 -                train: [    INFO] - Valid: 448 [ 104/104]  Loss: 0.03578 (0.145)  Acc@1: 100.0000 (95.7900)  Acc@5: 100.0000 (99.9200)
2024-11-18 16:58:41,572 -                train: [    INFO] - valid_acc 95.790003 - best_valid_acc 96.160003
2024-11-18 16:58:42,099 -                train: [    INFO] - Train: 449 [   0/520]  Loss: 0.2012 (0.201)  Acc@1: 95.8333 (95.8333)  Acc@5: 100.0000 (100.0000)LR: 3.708e-03
2024-11-18 16:59:27,442 -                train: [    INFO] - Train: 449 [ 200/520]  Loss: 0.2373 (0.188)  Acc@1: 93.7500 (95.9422)  Acc@5: 100.0000 (99.9534)LR: 3.708e-03
2024-11-18 17:00:12,348 -                train: [    INFO] - Train: 449 [ 400/520]  Loss: 0.1017 (0.189)  Acc@1: 100.0000 (95.8489)  Acc@5: 100.0000 (99.9273)LR: 3.708e-03
2024-11-18 17:00:39,099 -                train: [    INFO] - Train: 449 [ 520/520]  Loss: 0.3388 (0.192)  Acc@1: 92.5000 (95.7380)  Acc@5: 100.0000 (99.9220)LR: 3.708e-03
2024-11-18 17:00:39,391 -                train: [    INFO] - Valid: 449 [   0/104]  Loss: 0.1244 (0.124)  Acc@1: 95.8333 (95.8333)  Acc@5: 100.0000 (100.0000)
2024-11-18 17:00:44,685 -                train: [    INFO] - Valid: 449 [ 104/104]  Loss: 0.3987 (0.142)  Acc@1: 93.7500 (95.9300)  Acc@5: 100.0000 (99.9300)
2024-11-18 17:00:44,734 -                train: [    INFO] - valid_acc 95.930003 - best_valid_acc 96.160003
2024-11-18 17:00:45,188 -                train: [    INFO] - Train: 450 [   0/520]  Loss: 0.2056 (0.206)  Acc@1: 95.8333 (95.8333)  Acc@5: 100.0000 (100.0000)LR: 3.661e-03
2024-11-18 17:01:29,469 -                train: [    INFO] - Train: 450 [ 200/520]  Loss: 0.1389 (0.194)  Acc@1: 96.8750 (95.7090)  Acc@5: 100.0000 (99.9171)LR: 3.661e-03
2024-11-18 17:02:14,388 -                train: [    INFO] - Train: 450 [ 400/520]  Loss: 0.1977 (0.194)  Acc@1: 94.7917 (95.7112)  Acc@5: 100.0000 (99.9221)LR: 3.661e-03
2024-11-18 17:02:41,093 -                train: [    INFO] - Train: 450 [ 520/520]  Loss: 0.08376 (0.193)  Acc@1: 98.7500 (95.7320)  Acc@5: 100.0000 (99.9200)LR: 3.661e-03
2024-11-18 17:02:41,405 -                train: [    INFO] - Valid: 450 [   0/104]  Loss: 0.05512 (0.0551)  Acc@1: 97.9167 (97.9167)  Acc@5: 100.0000 (100.0000)
2024-11-18 17:02:46,717 -                train: [    INFO] - Valid: 450 [ 104/104]  Loss: 0.5670 (0.145)  Acc@1: 93.7500 (96.0900)  Acc@5: 100.0000 (99.9200)
2024-11-18 17:02:46,757 -                train: [    INFO] - valid_acc 96.090003 - best_valid_acc 96.160003
2024-11-18 17:02:47,275 -                train: [    INFO] - Train: 451 [   0/520]  Loss: 0.1389 (0.139)  Acc@1: 96.8750 (96.8750)  Acc@5: 100.0000 (100.0000)LR: 3.615e-03
2024-11-18 17:03:32,232 -                train: [    INFO] - Train: 451 [ 200/520]  Loss: 0.2256 (0.199)  Acc@1: 94.7917 (95.3825)  Acc@5: 100.0000 (99.9326)LR: 3.615e-03
2024-11-18 17:04:16,760 -                train: [    INFO] - Train: 451 [ 400/520]  Loss: 0.1591 (0.194)  Acc@1: 95.8333 (95.4852)  Acc@5: 100.0000 (99.9403)LR: 3.615e-03
2024-11-18 17:04:43,470 -                train: [    INFO] - Train: 451 [ 520/520]  Loss: 0.1436 (0.193)  Acc@1: 96.2500 (95.5540)  Acc@5: 100.0000 (99.9380)LR: 3.615e-03
2024-11-18 17:04:43,781 -                train: [    INFO] - Valid: 451 [   0/104]  Loss: 0.07396 (0.0740)  Acc@1: 97.9167 (97.9167)  Acc@5: 100.0000 (100.0000)
2024-11-18 17:04:49,179 -                train: [    INFO] - Valid: 451 [ 104/104]  Loss: 0.07040 (0.132)  Acc@1: 93.7500 (96.3100)  Acc@5: 100.0000 (99.8900)
2024-11-18 17:04:49,766 -                train: [    INFO] - valid_acc 96.310003 - best_valid_acc 96.310003
2024-11-18 17:04:50,220 -                train: [    INFO] - Train: 452 [   0/520]  Loss: 0.1261 (0.126)  Acc@1: 97.9167 (97.9167)  Acc@5: 100.0000 (100.0000)LR: 3.569e-03
2024-11-18 17:05:34,741 -                train: [    INFO] - Train: 452 [ 200/520]  Loss: 0.3814 (0.187)  Acc@1: 89.5833 (95.8852)  Acc@5: 100.0000 (99.9067)LR: 3.569e-03
2024-11-18 17:06:19,340 -                train: [    INFO] - Train: 452 [ 400/520]  Loss: 0.1394 (0.191)  Acc@1: 97.9167 (95.7060)  Acc@5: 100.0000 (99.9143)LR: 3.569e-03
2024-11-18 17:06:46,006 -                train: [    INFO] - Train: 452 [ 520/520]  Loss: 0.1045 (0.191)  Acc@1: 98.7500 (95.6800)  Acc@5: 100.0000 (99.9240)LR: 3.569e-03
2024-11-18 17:06:46,269 -                train: [    INFO] - Valid: 452 [   0/104]  Loss: 0.09805 (0.0981)  Acc@1: 95.8333 (95.8333)  Acc@5: 100.0000 (100.0000)
2024-11-18 17:06:51,585 -                train: [    INFO] - Valid: 452 [ 104/104]  Loss: 0.3372 (0.133)  Acc@1: 93.7500 (96.1700)  Acc@5: 100.0000 (99.9400)
2024-11-18 17:06:51,615 -                train: [    INFO] - valid_acc 96.170003 - best_valid_acc 96.310003
2024-11-18 17:06:52,051 -                train: [    INFO] - Train: 453 [   0/520]  Loss: 0.2756 (0.276)  Acc@1: 91.6667 (91.6667)  Acc@5: 100.0000 (100.0000)LR: 3.523e-03
2024-11-18 17:07:37,008 -                train: [    INFO] - Train: 453 [ 200/520]  Loss: 0.1943 (0.188)  Acc@1: 97.9167 (95.9888)  Acc@5: 98.9583 (99.9326)LR: 3.523e-03
2024-11-18 17:08:21,612 -                train: [    INFO] - Train: 453 [ 400/520]  Loss: 0.2785 (0.185)  Acc@1: 92.7083 (95.9606)  Acc@5: 100.0000 (99.9325)LR: 3.523e-03
2024-11-18 17:08:48,423 -                train: [    INFO] - Train: 453 [ 520/520]  Loss: 0.07259 (0.187)  Acc@1: 98.7500 (95.8800)  Acc@5: 100.0000 (99.9280)LR: 3.523e-03
2024-11-18 17:08:48,685 -                train: [    INFO] - Valid: 453 [   0/104]  Loss: 0.08265 (0.0827)  Acc@1: 96.8750 (96.8750)  Acc@5: 100.0000 (100.0000)
2024-11-18 17:08:54,051 -                train: [    INFO] - Valid: 453 [ 104/104]  Loss: 0.1913 (0.138)  Acc@1: 93.7500 (95.9600)  Acc@5: 100.0000 (99.9200)
2024-11-18 17:08:54,120 -                train: [    INFO] - valid_acc 95.960003 - best_valid_acc 96.310003
2024-11-18 17:08:54,537 -                train: [    INFO] - Train: 454 [   0/520]  Loss: 0.2031 (0.203)  Acc@1: 95.8333 (95.8333)  Acc@5: 100.0000 (100.0000)LR: 3.478e-03
2024-11-18 17:09:40,728 -                train: [    INFO] - Train: 454 [ 200/520]  Loss: 0.1309 (0.193)  Acc@1: 96.8750 (95.7349)  Acc@5: 100.0000 (99.9274)LR: 3.478e-03
2024-11-18 17:10:25,856 -                train: [    INFO] - Train: 454 [ 400/520]  Loss: 0.07412 (0.191)  Acc@1: 98.9583 (95.7944)  Acc@5: 100.0000 (99.9039)LR: 3.478e-03
2024-11-18 17:10:52,607 -                train: [    INFO] - Train: 454 [ 520/520]  Loss: 0.1920 (0.193)  Acc@1: 95.0000 (95.7760)  Acc@5: 100.0000 (99.8980)LR: 3.478e-03
2024-11-18 17:10:52,903 -                train: [    INFO] - Valid: 454 [   0/104]  Loss: 0.08657 (0.0866)  Acc@1: 94.7917 (94.7917)  Acc@5: 100.0000 (100.0000)
2024-11-18 17:10:58,238 -                train: [    INFO] - Valid: 454 [ 104/104]  Loss: 0.3366 (0.137)  Acc@1: 93.7500 (95.9500)  Acc@5: 100.0000 (99.9400)
2024-11-18 17:10:58,271 -                train: [    INFO] - valid_acc 95.950003 - best_valid_acc 96.310003
2024-11-18 17:10:58,731 -                train: [    INFO] - Train: 455 [   0/520]  Loss: 0.1442 (0.144)  Acc@1: 94.7917 (94.7917)  Acc@5: 100.0000 (100.0000)LR: 3.433e-03
2024-11-18 17:11:44,073 -                train: [    INFO] - Train: 455 [ 200/520]  Loss: 0.2354 (0.183)  Acc@1: 94.7917 (96.0614)  Acc@5: 100.0000 (99.9274)LR: 3.433e-03
2024-11-18 17:12:28,730 -                train: [    INFO] - Train: 455 [ 400/520]  Loss: 0.1339 (0.184)  Acc@1: 96.8750 (96.0282)  Acc@5: 100.0000 (99.9377)LR: 3.433e-03
2024-11-18 17:12:55,342 -                train: [    INFO] - Train: 455 [ 520/520]  Loss: 0.1350 (0.183)  Acc@1: 97.5000 (96.0520)  Acc@5: 100.0000 (99.9340)LR: 3.433e-03
2024-11-18 17:12:55,705 -                train: [    INFO] - Valid: 455 [   0/104]  Loss: 0.09688 (0.0969)  Acc@1: 94.7917 (94.7917)  Acc@5: 100.0000 (100.0000)
2024-11-18 17:13:01,037 -                train: [    INFO] - Valid: 455 [ 104/104]  Loss: 0.3549 (0.147)  Acc@1: 93.7500 (96.1000)  Acc@5: 100.0000 (99.9700)
2024-11-18 17:13:01,597 -                train: [    INFO] - valid_acc 96.100003 - best_valid_acc 96.310003
2024-11-18 17:13:02,151 -                train: [    INFO] - Train: 456 [   0/520]  Loss: 0.1817 (0.182)  Acc@1: 96.8750 (96.8750)  Acc@5: 100.0000 (100.0000)LR: 3.388e-03
2024-11-18 17:13:48,564 -                train: [    INFO] - Train: 456 [ 200/520]  Loss: 0.2456 (0.175)  Acc@1: 94.7917 (96.1909)  Acc@5: 100.0000 (99.9326)LR: 3.388e-03
2024-11-18 17:14:33,381 -                train: [    INFO] - Train: 456 [ 400/520]  Loss: 0.2560 (0.182)  Acc@1: 95.8333 (96.0386)  Acc@5: 100.0000 (99.9377)LR: 3.388e-03
2024-11-18 17:15:00,179 -                train: [    INFO] - Train: 456 [ 520/520]  Loss: 0.1838 (0.184)  Acc@1: 96.2500 (96.0100)  Acc@5: 100.0000 (99.9300)LR: 3.388e-03
2024-11-18 17:15:00,518 -                train: [    INFO] - Valid: 456 [   0/104]  Loss: 0.07261 (0.0726)  Acc@1: 97.9167 (97.9167)  Acc@5: 100.0000 (100.0000)
2024-11-18 17:15:05,853 -                train: [    INFO] - Valid: 456 [ 104/104]  Loss: 0.3241 (0.152)  Acc@1: 93.7500 (95.9000)  Acc@5: 100.0000 (99.9000)
2024-11-18 17:15:05,898 -                train: [    INFO] - valid_acc 95.900002 - best_valid_acc 96.310003
2024-11-18 17:15:06,315 -                train: [    INFO] - Train: 457 [   0/520]  Loss: 0.1478 (0.148)  Acc@1: 96.8750 (96.8750)  Acc@5: 100.0000 (100.0000)LR: 3.343e-03
2024-11-18 17:15:51,064 -                train: [    INFO] - Train: 457 [ 200/520]  Loss: 0.1755 (0.180)  Acc@1: 95.8333 (96.0510)  Acc@5: 100.0000 (99.9326)LR: 3.343e-03
2024-11-18 17:16:35,766 -                train: [    INFO] - Train: 457 [ 400/520]  Loss: 0.2229 (0.181)  Acc@1: 94.7917 (96.0048)  Acc@5: 100.0000 (99.9273)LR: 3.343e-03
2024-11-18 17:17:02,757 -                train: [    INFO] - Train: 457 [ 520/520]  Loss: 0.1180 (0.183)  Acc@1: 96.2500 (95.9420)  Acc@5: 100.0000 (99.9340)LR: 3.343e-03
2024-11-18 17:17:03,032 -                train: [    INFO] - Valid: 457 [   0/104]  Loss: 0.09545 (0.0955)  Acc@1: 96.8750 (96.8750)  Acc@5: 100.0000 (100.0000)
2024-11-18 17:17:08,356 -                train: [    INFO] - Valid: 457 [ 104/104]  Loss: 0.2497 (0.132)  Acc@1: 93.7500 (96.1900)  Acc@5: 100.0000 (99.9300)
2024-11-18 17:17:08,388 -                train: [    INFO] - valid_acc 96.190003 - best_valid_acc 96.310003
2024-11-18 17:17:08,875 -                train: [    INFO] - Train: 458 [   0/520]  Loss: 0.2175 (0.217)  Acc@1: 94.7917 (94.7917)  Acc@5: 100.0000 (100.0000)LR: 3.299e-03
2024-11-18 17:17:53,544 -                train: [    INFO] - Train: 458 [ 200/520]  Loss: 0.1243 (0.180)  Acc@1: 95.8333 (96.0562)  Acc@5: 100.0000 (99.9171)LR: 3.299e-03
2024-11-18 17:18:38,475 -                train: [    INFO] - Train: 458 [ 400/520]  Loss: 0.1554 (0.181)  Acc@1: 97.9167 (95.9606)  Acc@5: 100.0000 (99.9273)LR: 3.299e-03
2024-11-18 17:19:05,352 -                train: [    INFO] - Train: 458 [ 520/520]  Loss: 0.1477 (0.182)  Acc@1: 96.2500 (95.9600)  Acc@5: 100.0000 (99.9160)LR: 3.299e-03
2024-11-18 17:19:05,649 -                train: [    INFO] - Valid: 458 [   0/104]  Loss: 0.1135 (0.114)  Acc@1: 95.8333 (95.8333)  Acc@5: 100.0000 (100.0000)
2024-11-18 17:19:10,964 -                train: [    INFO] - Valid: 458 [ 104/104]  Loss: 0.2135 (0.135)  Acc@1: 93.7500 (96.1900)  Acc@5: 100.0000 (99.9500)
2024-11-18 17:19:11,007 -                train: [    INFO] - valid_acc 96.190003 - best_valid_acc 96.310003
2024-11-18 17:19:11,465 -                train: [    INFO] - Train: 459 [   0/520]  Loss: 0.4190 (0.419)  Acc@1: 90.6250 (90.6250)  Acc@5: 100.0000 (100.0000)LR: 3.255e-03
2024-11-18 17:19:56,549 -                train: [    INFO] - Train: 459 [ 200/520]  Loss: 0.1268 (0.183)  Acc@1: 97.9167 (95.9266)  Acc@5: 100.0000 (99.9067)LR: 3.255e-03
2024-11-18 17:20:40,939 -                train: [    INFO] - Train: 459 [ 400/520]  Loss: 0.2609 (0.181)  Acc@1: 94.7917 (96.0126)  Acc@5: 98.9583 (99.9195)LR: 3.255e-03
2024-11-18 17:21:07,875 -                train: [    INFO] - Train: 459 [ 520/520]  Loss: 0.1440 (0.179)  Acc@1: 96.2500 (96.0700)  Acc@5: 100.0000 (99.9300)LR: 3.255e-03
2024-11-18 17:21:08,242 -                train: [    INFO] - Valid: 459 [   0/104]  Loss: 0.1140 (0.114)  Acc@1: 96.8750 (96.8750)  Acc@5: 100.0000 (100.0000)
2024-11-18 17:21:13,530 -                train: [    INFO] - Valid: 459 [ 104/104]  Loss: 0.5819 (0.144)  Acc@1: 93.7500 (96.1800)  Acc@5: 100.0000 (99.9500)
2024-11-18 17:21:13,572 -                train: [    INFO] - valid_acc 96.180003 - best_valid_acc 96.310003
2024-11-18 17:21:14,092 -                train: [    INFO] - Train: 460 [   0/520]  Loss: 0.4602 (0.460)  Acc@1: 90.6250 (90.6250)  Acc@5: 100.0000 (100.0000)LR: 3.211e-03
2024-11-18 17:22:00,174 -                train: [    INFO] - Train: 460 [ 200/520]  Loss: 0.1939 (0.184)  Acc@1: 96.8750 (95.9214)  Acc@5: 100.0000 (99.9326)LR: 3.211e-03
2024-11-18 17:22:45,717 -                train: [    INFO] - Train: 460 [ 400/520]  Loss: 0.1735 (0.179)  Acc@1: 96.8750 (96.0619)  Acc@5: 98.9583 (99.9273)LR: 3.211e-03
2024-11-18 17:23:13,408 -                train: [    INFO] - Train: 460 [ 520/520]  Loss: 0.1394 (0.179)  Acc@1: 97.5000 (96.1060)  Acc@5: 100.0000 (99.9400)LR: 3.211e-03
2024-11-18 17:23:13,710 -                train: [    INFO] - Valid: 460 [   0/104]  Loss: 0.1816 (0.182)  Acc@1: 94.7917 (94.7917)  Acc@5: 100.0000 (100.0000)
2024-11-18 17:23:19,119 -                train: [    INFO] - Valid: 460 [ 104/104]  Loss: 0.2932 (0.135)  Acc@1: 93.7500 (96.1800)  Acc@5: 100.0000 (99.9200)
2024-11-18 17:23:19,146 -                train: [    INFO] - valid_acc 96.180002 - best_valid_acc 96.310003
2024-11-18 17:23:19,594 -                train: [    INFO] - Train: 461 [   0/520]  Loss: 0.1619 (0.162)  Acc@1: 95.8333 (95.8333)  Acc@5: 100.0000 (100.0000)LR: 3.167e-03
2024-11-18 17:24:07,435 -                train: [    INFO] - Train: 461 [ 200/520]  Loss: 0.1190 (0.171)  Acc@1: 98.9583 (96.2479)  Acc@5: 100.0000 (99.9689)LR: 3.167e-03
2024-11-18 17:24:53,523 -                train: [    INFO] - Train: 461 [ 400/520]  Loss: 0.3156 (0.176)  Acc@1: 92.7083 (96.0723)  Acc@5: 100.0000 (99.9636)LR: 3.167e-03
2024-11-18 17:25:20,624 -                train: [    INFO] - Train: 461 [ 520/520]  Loss: 0.3780 (0.178)  Acc@1: 95.0000 (96.0560)  Acc@5: 98.7500 (99.9480)LR: 3.167e-03
2024-11-18 17:25:20,916 -                train: [    INFO] - Valid: 461 [   0/104]  Loss: 0.1142 (0.114)  Acc@1: 96.8750 (96.8750)  Acc@5: 100.0000 (100.0000)
2024-11-18 17:25:26,231 -                train: [    INFO] - Valid: 461 [ 104/104]  Loss: 0.4251 (0.140)  Acc@1: 93.7500 (96.2000)  Acc@5: 100.0000 (99.9400)
2024-11-18 17:25:26,280 -                train: [    INFO] - valid_acc 96.200003 - best_valid_acc 96.310003
2024-11-18 17:25:26,865 -                train: [    INFO] - Train: 462 [   0/520]  Loss: 0.1113 (0.111)  Acc@1: 95.8333 (95.8333)  Acc@5: 100.0000 (100.0000)LR: 3.124e-03
2024-11-18 17:26:11,646 -                train: [    INFO] - Train: 462 [ 200/520]  Loss: 0.1430 (0.171)  Acc@1: 97.9167 (96.2790)  Acc@5: 100.0000 (99.9067)LR: 3.124e-03
2024-11-18 17:26:55,723 -                train: [    INFO] - Train: 462 [ 400/520]  Loss: 0.1196 (0.173)  Acc@1: 95.8333 (96.1996)  Acc@5: 100.0000 (99.9065)LR: 3.124e-03
2024-11-18 17:27:22,635 -                train: [    INFO] - Train: 462 [ 520/520]  Loss: 0.1948 (0.177)  Acc@1: 96.2500 (96.1220)  Acc@5: 100.0000 (99.9160)LR: 3.124e-03
2024-11-18 17:27:22,939 -                train: [    INFO] - Valid: 462 [   0/104]  Loss: 0.08052 (0.0805)  Acc@1: 96.8750 (96.8750)  Acc@5: 100.0000 (100.0000)
2024-11-18 17:27:28,291 -                train: [    INFO] - Valid: 462 [ 104/104]  Loss: 0.005260 (0.137)  Acc@1: 100.0000 (96.4100)  Acc@5: 100.0000 (99.9100)
2024-11-18 17:27:28,763 -                train: [    INFO] - valid_acc 96.410003 - best_valid_acc 96.410003
2024-11-18 17:27:29,336 -                train: [    INFO] - Train: 463 [   0/520]  Loss: 0.1330 (0.133)  Acc@1: 96.8750 (96.8750)  Acc@5: 100.0000 (100.0000)LR: 3.080e-03
2024-11-18 17:28:14,104 -                train: [    INFO] - Train: 463 [ 200/520]  Loss: 0.1309 (0.179)  Acc@1: 98.9583 (96.1028)  Acc@5: 100.0000 (99.9223)LR: 3.080e-03
2024-11-18 17:28:59,047 -                train: [    INFO] - Train: 463 [ 400/520]  Loss: 0.1168 (0.179)  Acc@1: 95.8333 (96.0957)  Acc@5: 100.0000 (99.9377)LR: 3.080e-03
2024-11-18 17:29:25,705 -                train: [    INFO] - Train: 463 [ 520/520]  Loss: 0.03164 (0.180)  Acc@1: 100.0000 (96.0320)  Acc@5: 100.0000 (99.9420)LR: 3.080e-03
2024-11-18 17:29:26,040 -                train: [    INFO] - Valid: 463 [   0/104]  Loss: 0.08251 (0.0825)  Acc@1: 96.8750 (96.8750)  Acc@5: 100.0000 (100.0000)
2024-11-18 17:29:31,340 -                train: [    INFO] - Valid: 463 [ 104/104]  Loss: 0.1787 (0.138)  Acc@1: 93.7500 (96.2200)  Acc@5: 100.0000 (99.9100)
2024-11-18 17:29:31,382 -                train: [    INFO] - valid_acc 96.220003 - best_valid_acc 96.410003
2024-11-18 17:29:31,792 -                train: [    INFO] - Train: 464 [   0/520]  Loss: 0.2119 (0.212)  Acc@1: 92.7083 (92.7083)  Acc@5: 100.0000 (100.0000)LR: 3.038e-03
2024-11-18 17:30:16,438 -                train: [    INFO] - Train: 464 [ 200/520]  Loss: 0.1391 (0.167)  Acc@1: 96.8750 (96.3879)  Acc@5: 100.0000 (99.9534)LR: 3.038e-03
2024-11-18 17:31:01,031 -                train: [    INFO] - Train: 464 [ 400/520]  Loss: 0.4060 (0.171)  Acc@1: 92.7083 (96.2542)  Acc@5: 100.0000 (99.9351)LR: 3.038e-03
2024-11-18 17:31:27,656 -                train: [    INFO] - Train: 464 [ 520/520]  Loss: 0.1570 (0.173)  Acc@1: 97.5000 (96.1980)  Acc@5: 100.0000 (99.9340)LR: 3.038e-03
2024-11-18 17:31:27,953 -                train: [    INFO] - Valid: 464 [   0/104]  Loss: 0.1576 (0.158)  Acc@1: 95.8333 (95.8333)  Acc@5: 100.0000 (100.0000)
2024-11-18 17:31:33,263 -                train: [    INFO] - Valid: 464 [ 104/104]  Loss: 0.05465 (0.140)  Acc@1: 93.7500 (96.5700)  Acc@5: 100.0000 (99.9400)
2024-11-18 17:31:33,894 -                train: [    INFO] - valid_acc 96.570003 - best_valid_acc 96.570003
2024-11-18 17:31:34,355 -                train: [    INFO] - Train: 465 [   0/520]  Loss: 0.06093 (0.0609)  Acc@1: 98.9583 (98.9583)  Acc@5: 100.0000 (100.0000)LR: 2.995e-03
2024-11-18 17:32:19,709 -                train: [    INFO] - Train: 465 [ 200/520]  Loss: 0.07697 (0.166)  Acc@1: 98.9583 (96.3257)  Acc@5: 100.0000 (99.9534)LR: 2.995e-03
2024-11-18 17:33:04,305 -                train: [    INFO] - Train: 465 [ 400/520]  Loss: 0.2932 (0.171)  Acc@1: 95.8333 (96.2438)  Acc@5: 100.0000 (99.9532)LR: 2.995e-03
2024-11-18 17:33:30,989 -                train: [    INFO] - Train: 465 [ 520/520]  Loss: 0.2734 (0.174)  Acc@1: 91.2500 (96.1800)  Acc@5: 100.0000 (99.9440)LR: 2.995e-03
2024-11-18 17:33:31,308 -                train: [    INFO] - Valid: 465 [   0/104]  Loss: 0.1761 (0.176)  Acc@1: 94.7917 (94.7917)  Acc@5: 100.0000 (100.0000)
2024-11-18 17:33:36,652 -                train: [    INFO] - Valid: 465 [ 104/104]  Loss: 0.2166 (0.133)  Acc@1: 93.7500 (96.5700)  Acc@5: 100.0000 (99.9300)
2024-11-18 17:33:37,174 -                train: [    INFO] - valid_acc 96.570003 - best_valid_acc 96.570003
2024-11-18 17:33:37,742 -                train: [    INFO] - Train: 466 [   0/520]  Loss: 0.1242 (0.124)  Acc@1: 98.9583 (98.9583)  Acc@5: 100.0000 (100.0000)LR: 2.953e-03
2024-11-18 17:34:22,768 -                train: [    INFO] - Train: 466 [ 200/520]  Loss: 0.09961 (0.167)  Acc@1: 98.9583 (96.3930)  Acc@5: 100.0000 (99.9482)LR: 2.953e-03
2024-11-18 17:35:07,492 -                train: [    INFO] - Train: 466 [ 400/520]  Loss: 0.1501 (0.170)  Acc@1: 95.8333 (96.3269)  Acc@5: 100.0000 (99.9195)LR: 2.953e-03
2024-11-18 17:35:34,257 -                train: [    INFO] - Train: 466 [ 520/520]  Loss: 0.1707 (0.170)  Acc@1: 95.0000 (96.3100)  Acc@5: 100.0000 (99.9220)LR: 2.953e-03
2024-11-18 17:35:34,588 -                train: [    INFO] - Valid: 466 [   0/104]  Loss: 0.1638 (0.164)  Acc@1: 95.8333 (95.8333)  Acc@5: 100.0000 (100.0000)
2024-11-18 17:35:39,905 -                train: [    INFO] - Valid: 466 [ 104/104]  Loss: 0.3695 (0.134)  Acc@1: 93.7500 (96.5000)  Acc@5: 100.0000 (99.9500)
2024-11-18 17:35:39,943 -                train: [    INFO] - valid_acc 96.500003 - best_valid_acc 96.570003
2024-11-18 17:35:40,448 -                train: [    INFO] - Train: 467 [   0/520]  Loss: 0.1978 (0.198)  Acc@1: 96.8750 (96.8750)  Acc@5: 100.0000 (100.0000)LR: 2.910e-03
2024-11-18 17:36:25,217 -                train: [    INFO] - Train: 467 [ 200/520]  Loss: 0.2672 (0.171)  Acc@1: 94.7917 (96.3101)  Acc@5: 100.0000 (99.9430)LR: 2.910e-03
2024-11-18 17:37:09,804 -                train: [    INFO] - Train: 467 [ 400/520]  Loss: 0.1347 (0.169)  Acc@1: 97.9167 (96.3347)  Acc@5: 100.0000 (99.9454)LR: 2.910e-03
2024-11-18 17:37:36,796 -                train: [    INFO] - Train: 467 [ 520/520]  Loss: 0.1532 (0.169)  Acc@1: 96.2500 (96.2900)  Acc@5: 100.0000 (99.9520)LR: 2.910e-03
2024-11-18 17:37:37,108 -                train: [    INFO] - Valid: 467 [   0/104]  Loss: 0.09928 (0.0993)  Acc@1: 96.8750 (96.8750)  Acc@5: 100.0000 (100.0000)
2024-11-18 17:37:42,474 -                train: [    INFO] - Valid: 467 [ 104/104]  Loss: 0.01682 (0.134)  Acc@1: 100.0000 (96.5100)  Acc@5: 100.0000 (99.9200)
2024-11-18 17:37:42,512 -                train: [    INFO] - valid_acc 96.510003 - best_valid_acc 96.570003
2024-11-18 17:37:42,956 -                train: [    INFO] - Train: 468 [   0/520]  Loss: 0.1398 (0.140)  Acc@1: 98.9583 (98.9583)  Acc@5: 100.0000 (100.0000)LR: 2.869e-03
2024-11-18 17:38:27,609 -                train: [    INFO] - Train: 468 [ 200/520]  Loss: 0.1574 (0.168)  Acc@1: 94.7917 (96.2168)  Acc@5: 100.0000 (99.9430)LR: 2.869e-03
2024-11-18 17:39:13,392 -                train: [    INFO] - Train: 468 [ 400/520]  Loss: 0.1703 (0.168)  Acc@1: 96.8750 (96.2723)  Acc@5: 100.0000 (99.9454)LR: 2.869e-03
2024-11-18 17:39:40,699 -                train: [    INFO] - Train: 468 [ 520/520]  Loss: 0.2366 (0.170)  Acc@1: 95.0000 (96.2720)  Acc@5: 100.0000 (99.9400)LR: 2.869e-03
2024-11-18 17:39:40,995 -                train: [    INFO] - Valid: 468 [   0/104]  Loss: 0.09862 (0.0986)  Acc@1: 96.8750 (96.8750)  Acc@5: 100.0000 (100.0000)
2024-11-18 17:39:46,381 -                train: [    INFO] - Valid: 468 [ 104/104]  Loss: 0.4935 (0.134)  Acc@1: 93.7500 (96.3200)  Acc@5: 100.0000 (99.9400)
2024-11-18 17:39:46,419 -                train: [    INFO] - valid_acc 96.320003 - best_valid_acc 96.570003
2024-11-18 17:39:46,916 -                train: [    INFO] - Train: 469 [   0/520]  Loss: 0.08564 (0.0856)  Acc@1: 98.9583 (98.9583)  Acc@5: 100.0000 (100.0000)LR: 2.827e-03
2024-11-18 17:40:32,138 -                train: [    INFO] - Train: 469 [ 200/520]  Loss: 0.1194 (0.164)  Acc@1: 96.8750 (96.4189)  Acc@5: 100.0000 (99.9378)LR: 2.827e-03
2024-11-18 17:41:17,074 -                train: [    INFO] - Train: 469 [ 400/520]  Loss: 0.2388 (0.163)  Acc@1: 95.8333 (96.4204)  Acc@5: 100.0000 (99.9351)LR: 2.827e-03
2024-11-18 17:41:43,837 -                train: [    INFO] - Train: 469 [ 520/520]  Loss: 0.1173 (0.164)  Acc@1: 97.5000 (96.3880)  Acc@5: 100.0000 (99.9480)LR: 2.827e-03
2024-11-18 17:41:44,097 -                train: [    INFO] - Valid: 469 [   0/104]  Loss: 0.1045 (0.105)  Acc@1: 96.8750 (96.8750)  Acc@5: 100.0000 (100.0000)
2024-11-18 17:41:49,423 -                train: [    INFO] - Valid: 469 [ 104/104]  Loss: 0.1992 (0.131)  Acc@1: 93.7500 (96.6400)  Acc@5: 100.0000 (99.9600)
2024-11-18 17:41:51,838 -                train: [    INFO] - valid_acc 96.640002 - best_valid_acc 96.640002
2024-11-18 17:41:52,331 -                train: [    INFO] - Train: 470 [   0/520]  Loss: 0.08560 (0.0856)  Acc@1: 96.8750 (96.8750)  Acc@5: 100.0000 (100.0000)LR: 2.786e-03
2024-11-18 17:42:37,696 -                train: [    INFO] - Train: 470 [ 200/520]  Loss: 0.1251 (0.165)  Acc@1: 97.9167 (96.2738)  Acc@5: 100.0000 (99.9689)LR: 2.786e-03
2024-11-18 17:43:22,353 -                train: [    INFO] - Train: 470 [ 400/520]  Loss: 0.2731 (0.164)  Acc@1: 95.8333 (96.3762)  Acc@5: 100.0000 (99.9480)LR: 2.786e-03
2024-11-18 17:43:49,094 -                train: [    INFO] - Train: 470 [ 520/520]  Loss: 0.1396 (0.163)  Acc@1: 97.5000 (96.4140)  Acc@5: 98.7500 (99.9460)LR: 2.786e-03
2024-11-18 17:43:49,383 -                train: [    INFO] - Valid: 470 [   0/104]  Loss: 0.1011 (0.101)  Acc@1: 95.8333 (95.8333)  Acc@5: 100.0000 (100.0000)
2024-11-18 17:43:54,711 -                train: [    INFO] - Valid: 470 [ 104/104]  Loss: 0.007509 (0.142)  Acc@1: 100.0000 (96.2000)  Acc@5: 100.0000 (99.9300)
2024-11-18 17:43:54,754 -                train: [    INFO] - valid_acc 96.200003 - best_valid_acc 96.640002
2024-11-18 17:43:55,213 -                train: [    INFO] - Train: 471 [   0/520]  Loss: 0.1234 (0.123)  Acc@1: 96.8750 (96.8750)  Acc@5: 100.0000 (100.0000)LR: 2.745e-03
2024-11-18 17:44:39,937 -                train: [    INFO] - Train: 471 [ 200/520]  Loss: 0.1542 (0.164)  Acc@1: 95.8333 (96.5278)  Acc@5: 100.0000 (99.9171)LR: 2.745e-03
2024-11-18 17:45:24,483 -                train: [    INFO] - Train: 471 [ 400/520]  Loss: 0.1613 (0.165)  Acc@1: 95.8333 (96.3633)  Acc@5: 100.0000 (99.9195)LR: 2.745e-03
2024-11-18 17:45:51,182 -                train: [    INFO] - Train: 471 [ 520/520]  Loss: 0.1430 (0.165)  Acc@1: 96.2500 (96.3600)  Acc@5: 100.0000 (99.9260)LR: 2.745e-03
2024-11-18 17:45:51,466 -                train: [    INFO] - Valid: 471 [   0/104]  Loss: 0.09581 (0.0958)  Acc@1: 96.8750 (96.8750)  Acc@5: 100.0000 (100.0000)
2024-11-18 17:45:56,819 -                train: [    INFO] - Valid: 471 [ 104/104]  Loss: 0.2033 (0.139)  Acc@1: 93.7500 (96.4300)  Acc@5: 100.0000 (99.9600)
2024-11-18 17:45:56,857 -                train: [    INFO] - valid_acc 96.430003 - best_valid_acc 96.640002
2024-11-18 17:45:57,333 -                train: [    INFO] - Train: 472 [   0/520]  Loss: 0.1631 (0.163)  Acc@1: 95.8333 (95.8333)  Acc@5: 100.0000 (100.0000)LR: 2.704e-03
2024-11-18 17:46:43,908 -                train: [    INFO] - Train: 472 [ 200/520]  Loss: 0.2704 (0.162)  Acc@1: 95.8333 (96.5537)  Acc@5: 100.0000 (99.9637)LR: 2.704e-03
2024-11-18 17:47:29,498 -                train: [    INFO] - Train: 472 [ 400/520]  Loss: 0.06728 (0.165)  Acc@1: 98.9583 (96.3659)  Acc@5: 100.0000 (99.9403)LR: 2.704e-03
2024-11-18 17:47:57,168 -                train: [    INFO] - Train: 472 [ 520/520]  Loss: 0.1955 (0.166)  Acc@1: 93.7500 (96.3520)  Acc@5: 100.0000 (99.9300)LR: 2.704e-03
2024-11-18 17:47:57,477 -                train: [    INFO] - Valid: 472 [   0/104]  Loss: 0.1171 (0.117)  Acc@1: 95.8333 (95.8333)  Acc@5: 100.0000 (100.0000)
2024-11-18 17:48:02,791 -                train: [    INFO] - Valid: 472 [ 104/104]  Loss: 0.02342 (0.136)  Acc@1: 100.0000 (96.5200)  Acc@5: 100.0000 (99.9100)
2024-11-18 17:48:03,412 -                train: [    INFO] - valid_acc 96.520003 - best_valid_acc 96.640002
2024-11-18 17:48:03,829 -                train: [    INFO] - Train: 473 [   0/520]  Loss: 0.06505 (0.0651)  Acc@1: 98.9583 (98.9583)  Acc@5: 100.0000 (100.0000)LR: 2.663e-03
2024-11-18 17:48:48,744 -                train: [    INFO] - Train: 473 [ 200/520]  Loss: 0.2677 (0.155)  Acc@1: 93.7500 (96.7143)  Acc@5: 100.0000 (99.9430)LR: 2.663e-03
2024-11-18 17:49:33,798 -                train: [    INFO] - Train: 473 [ 400/520]  Loss: 0.1090 (0.156)  Acc@1: 96.8750 (96.6672)  Acc@5: 100.0000 (99.9403)LR: 2.663e-03
2024-11-18 17:50:00,556 -                train: [    INFO] - Train: 473 [ 520/520]  Loss: 0.1803 (0.156)  Acc@1: 96.2500 (96.6220)  Acc@5: 100.0000 (99.9460)LR: 2.663e-03
2024-11-18 17:50:00,895 -                train: [    INFO] - Valid: 473 [   0/104]  Loss: 0.09072 (0.0907)  Acc@1: 95.8333 (95.8333)  Acc@5: 100.0000 (100.0000)
2024-11-18 17:50:06,214 -                train: [    INFO] - Valid: 473 [ 104/104]  Loss: 0.3486 (0.133)  Acc@1: 93.7500 (96.5800)  Acc@5: 100.0000 (99.9400)
2024-11-18 17:50:06,287 -                train: [    INFO] - valid_acc 96.580003 - best_valid_acc 96.640002
2024-11-18 17:50:06,833 -                train: [    INFO] - Train: 474 [   0/520]  Loss: 0.1498 (0.150)  Acc@1: 96.8750 (96.8750)  Acc@5: 100.0000 (100.0000)LR: 2.623e-03
2024-11-18 17:50:51,695 -                train: [    INFO] - Train: 474 [ 200/520]  Loss: 0.2413 (0.149)  Acc@1: 94.7917 (96.8180)  Acc@5: 100.0000 (99.9171)LR: 2.623e-03
2024-11-18 17:51:35,460 -                train: [    INFO] - Train: 474 [ 400/520]  Loss: 0.2611 (0.158)  Acc@1: 92.7083 (96.5945)  Acc@5: 100.0000 (99.9377)LR: 2.623e-03
2024-11-18 17:52:01,788 -                train: [    INFO] - Train: 474 [ 520/520]  Loss: 0.1002 (0.162)  Acc@1: 96.2500 (96.4920)  Acc@5: 100.0000 (99.9400)LR: 2.623e-03
2024-11-18 17:52:03,089 -                train: [    INFO] - Valid: 474 [   0/104]  Loss: 0.1428 (0.143)  Acc@1: 96.8750 (96.8750)  Acc@5: 100.0000 (100.0000)
2024-11-18 17:52:08,307 -                train: [    INFO] - Valid: 474 [ 104/104]  Loss: 0.3064 (0.134)  Acc@1: 93.7500 (96.3100)  Acc@5: 100.0000 (99.9400)
2024-11-18 17:52:12,014 -                train: [    INFO] - valid_acc 96.310002 - best_valid_acc 96.640002
2024-11-18 17:52:12,553 -                train: [    INFO] - Train: 475 [   0/520]  Loss: 0.2250 (0.225)  Acc@1: 94.7917 (94.7917)  Acc@5: 100.0000 (100.0000)LR: 2.583e-03
2024-11-18 17:52:58,276 -                train: [    INFO] - Train: 475 [ 200/520]  Loss: 0.1734 (0.152)  Acc@1: 98.9583 (96.7921)  Acc@5: 100.0000 (99.9326)LR: 2.583e-03
2024-11-18 17:53:43,373 -                train: [    INFO] - Train: 475 [ 400/520]  Loss: 0.1088 (0.153)  Acc@1: 95.8333 (96.7451)  Acc@5: 100.0000 (99.9403)LR: 2.583e-03
2024-11-18 17:54:10,055 -                train: [    INFO] - Train: 475 [ 520/520]  Loss: 0.1389 (0.155)  Acc@1: 97.5000 (96.6860)  Acc@5: 100.0000 (99.9440)LR: 2.583e-03
2024-11-18 17:54:10,356 -                train: [    INFO] - Valid: 475 [   0/104]  Loss: 0.1174 (0.117)  Acc@1: 94.7917 (94.7917)  Acc@5: 100.0000 (100.0000)
2024-11-18 17:54:15,671 -                train: [    INFO] - Valid: 475 [ 104/104]  Loss: 0.5029 (0.135)  Acc@1: 93.7500 (96.4400)  Acc@5: 100.0000 (99.9500)
2024-11-18 17:54:15,750 -                train: [    INFO] - valid_acc 96.440003 - best_valid_acc 96.640002
2024-11-18 17:54:16,199 -                train: [    INFO] - Train: 476 [   0/520]  Loss: 0.1046 (0.105)  Acc@1: 97.9167 (97.9167)  Acc@5: 100.0000 (100.0000)LR: 2.543e-03
2024-11-18 17:55:00,680 -                train: [    INFO] - Train: 476 [ 200/520]  Loss: 0.1210 (0.153)  Acc@1: 95.8333 (96.5433)  Acc@5: 100.0000 (99.9637)LR: 2.543e-03
2024-11-18 17:55:45,396 -                train: [    INFO] - Train: 476 [ 400/520]  Loss: 0.1672 (0.155)  Acc@1: 96.8750 (96.5295)  Acc@5: 100.0000 (99.9584)LR: 2.543e-03
2024-11-18 17:56:12,077 -                train: [    INFO] - Train: 476 [ 520/520]  Loss: 0.2007 (0.156)  Acc@1: 96.2500 (96.5000)  Acc@5: 100.0000 (99.9600)LR: 2.543e-03
2024-11-18 17:56:12,345 -                train: [    INFO] - Valid: 476 [   0/104]  Loss: 0.07523 (0.0752)  Acc@1: 97.9167 (97.9167)  Acc@5: 100.0000 (100.0000)
2024-11-18 17:56:17,719 -                train: [    INFO] - Valid: 476 [ 104/104]  Loss: 0.4407 (0.139)  Acc@1: 93.7500 (96.3400)  Acc@5: 100.0000 (99.9300)
2024-11-18 17:56:17,755 -                train: [    INFO] - valid_acc 96.340003 - best_valid_acc 96.640002
2024-11-18 17:56:18,224 -                train: [    INFO] - Train: 477 [   0/520]  Loss: 0.07060 (0.0706)  Acc@1: 100.0000 (100.0000)  Acc@5: 100.0000 (100.0000)LR: 2.504e-03
2024-11-18 17:57:04,669 -                train: [    INFO] - Train: 477 [ 200/520]  Loss: 0.06237 (0.153)  Acc@1: 100.0000 (96.7247)  Acc@5: 100.0000 (99.9741)LR: 2.504e-03
2024-11-18 17:57:50,052 -                train: [    INFO] - Train: 477 [ 400/520]  Loss: 0.1240 (0.157)  Acc@1: 97.9167 (96.6230)  Acc@5: 100.0000 (99.9662)LR: 2.504e-03
2024-11-18 17:58:16,823 -                train: [    INFO] - Train: 477 [ 520/520]  Loss: 0.2997 (0.157)  Acc@1: 96.2500 (96.5980)  Acc@5: 98.7500 (99.9520)LR: 2.504e-03
2024-11-18 17:58:17,136 -                train: [    INFO] - Valid: 477 [   0/104]  Loss: 0.09146 (0.0915)  Acc@1: 96.8750 (96.8750)  Acc@5: 100.0000 (100.0000)
2024-11-18 17:58:22,510 -                train: [    INFO] - Valid: 477 [ 104/104]  Loss: 0.4269 (0.135)  Acc@1: 93.7500 (96.3300)  Acc@5: 100.0000 (99.9600)
2024-11-18 17:58:22,551 -                train: [    INFO] - valid_acc 96.330003 - best_valid_acc 96.640002
2024-11-18 17:58:22,985 -                train: [    INFO] - Train: 478 [   0/520]  Loss: 0.1347 (0.135)  Acc@1: 96.8750 (96.8750)  Acc@5: 100.0000 (100.0000)LR: 2.465e-03
2024-11-18 17:59:07,767 -                train: [    INFO] - Train: 478 [ 200/520]  Loss: 0.2028 (0.157)  Acc@1: 95.8333 (96.5226)  Acc@5: 100.0000 (99.9637)LR: 2.465e-03
2024-11-18 17:59:52,406 -                train: [    INFO] - Train: 478 [ 400/520]  Loss: 0.1390 (0.151)  Acc@1: 96.8750 (96.6490)  Acc@5: 100.0000 (99.9584)LR: 2.465e-03
2024-11-18 18:00:19,560 -                train: [    INFO] - Train: 478 [ 520/520]  Loss: 0.2209 (0.154)  Acc@1: 95.0000 (96.6120)  Acc@5: 100.0000 (99.9460)LR: 2.465e-03
2024-11-18 18:00:19,912 -                train: [    INFO] - Valid: 478 [   0/104]  Loss: 0.1519 (0.152)  Acc@1: 95.8333 (95.8333)  Acc@5: 100.0000 (100.0000)
2024-11-18 18:00:25,249 -                train: [    INFO] - Valid: 478 [ 104/104]  Loss: 0.2201 (0.133)  Acc@1: 93.7500 (96.5700)  Acc@5: 100.0000 (99.9500)
2024-11-18 18:00:25,290 -                train: [    INFO] - valid_acc 96.570002 - best_valid_acc 96.640002
2024-11-18 18:00:25,732 -                train: [    INFO] - Train: 479 [   0/520]  Loss: 0.07178 (0.0718)  Acc@1: 98.9583 (98.9583)  Acc@5: 100.0000 (100.0000)LR: 2.426e-03
2024-11-18 18:01:10,644 -                train: [    INFO] - Train: 479 [ 200/520]  Loss: 0.2191 (0.154)  Acc@1: 95.8333 (96.6003)  Acc@5: 100.0000 (99.9585)LR: 2.426e-03
2024-11-18 18:01:55,404 -                train: [    INFO] - Train: 479 [ 400/520]  Loss: 0.04216 (0.151)  Acc@1: 98.9583 (96.6776)  Acc@5: 100.0000 (99.9636)LR: 2.426e-03
2024-11-18 18:02:22,162 -                train: [    INFO] - Train: 479 [ 520/520]  Loss: 0.1450 (0.153)  Acc@1: 95.0000 (96.6220)  Acc@5: 100.0000 (99.9580)LR: 2.426e-03
2024-11-18 18:02:22,474 -                train: [    INFO] - Valid: 479 [   0/104]  Loss: 0.1023 (0.102)  Acc@1: 95.8333 (95.8333)  Acc@5: 100.0000 (100.0000)
2024-11-18 18:02:27,821 -                train: [    INFO] - Valid: 479 [ 104/104]  Loss: 0.03308 (0.152)  Acc@1: 100.0000 (96.1500)  Acc@5: 100.0000 (99.9100)
2024-11-18 18:02:27,878 -                train: [    INFO] - valid_acc 96.150002 - best_valid_acc 96.640002
2024-11-18 18:02:28,357 -                train: [    INFO] - Train: 480 [   0/520]  Loss: 0.1276 (0.128)  Acc@1: 96.8750 (96.8750)  Acc@5: 100.0000 (100.0000)LR: 2.387e-03
2024-11-18 18:03:14,095 -                train: [    INFO] - Train: 480 [ 200/520]  Loss: 0.04980 (0.142)  Acc@1: 100.0000 (96.8335)  Acc@5: 100.0000 (99.9793)LR: 2.387e-03
2024-11-18 18:03:58,586 -                train: [    INFO] - Train: 480 [ 400/520]  Loss: 0.1578 (0.149)  Acc@1: 93.7500 (96.6776)  Acc@5: 100.0000 (99.9636)LR: 2.387e-03
2024-11-18 18:04:25,305 -                train: [    INFO] - Train: 480 [ 520/520]  Loss: 0.2837 (0.152)  Acc@1: 93.7500 (96.6320)  Acc@5: 100.0000 (99.9500)LR: 2.387e-03
2024-11-18 18:04:25,591 -                train: [    INFO] - Valid: 480 [   0/104]  Loss: 0.1565 (0.157)  Acc@1: 96.8750 (96.8750)  Acc@5: 100.0000 (100.0000)
2024-11-18 18:04:30,938 -                train: [    INFO] - Valid: 480 [ 104/104]  Loss: 0.3479 (0.134)  Acc@1: 93.7500 (96.4900)  Acc@5: 100.0000 (99.9800)
2024-11-18 18:04:30,986 -                train: [    INFO] - valid_acc 96.490003 - best_valid_acc 96.640002
2024-11-18 18:04:31,527 -                train: [    INFO] - Train: 481 [   0/520]  Loss: 0.2149 (0.215)  Acc@1: 95.8333 (95.8333)  Acc@5: 100.0000 (100.0000)LR: 2.349e-03
2024-11-18 18:05:17,396 -                train: [    INFO] - Train: 481 [ 200/520]  Loss: 0.04908 (0.155)  Acc@1: 100.0000 (96.5433)  Acc@5: 100.0000 (99.9793)LR: 2.349e-03
2024-11-18 18:06:02,180 -                train: [    INFO] - Train: 481 [ 400/520]  Loss: 0.09497 (0.155)  Acc@1: 98.9583 (96.6152)  Acc@5: 100.0000 (99.9766)LR: 2.349e-03
2024-11-18 18:06:28,930 -                train: [    INFO] - Train: 481 [ 520/520]  Loss: 0.06495 (0.153)  Acc@1: 98.7500 (96.6840)  Acc@5: 100.0000 (99.9740)LR: 2.349e-03
2024-11-18 18:06:29,224 -                train: [    INFO] - Valid: 481 [   0/104]  Loss: 0.1013 (0.101)  Acc@1: 96.8750 (96.8750)  Acc@5: 100.0000 (100.0000)
2024-11-18 18:06:34,543 -                train: [    INFO] - Valid: 481 [ 104/104]  Loss: 0.3410 (0.129)  Acc@1: 93.7500 (96.5700)  Acc@5: 100.0000 (99.9600)
2024-11-18 18:06:34,586 -                train: [    INFO] - valid_acc 96.570002 - best_valid_acc 96.640002
2024-11-18 18:06:35,031 -                train: [    INFO] - Train: 482 [   0/520]  Loss: 0.2520 (0.252)  Acc@1: 94.7917 (94.7917)  Acc@5: 100.0000 (100.0000)LR: 2.311e-03
2024-11-18 18:07:19,650 -                train: [    INFO] - Train: 482 [ 200/520]  Loss: 0.1935 (0.153)  Acc@1: 96.8750 (96.6988)  Acc@5: 100.0000 (99.9430)LR: 2.311e-03
2024-11-18 18:08:04,193 -                train: [    INFO] - Train: 482 [ 400/520]  Loss: 0.08330 (0.152)  Acc@1: 100.0000 (96.6672)  Acc@5: 100.0000 (99.9454)LR: 2.311e-03
2024-11-18 18:08:30,944 -                train: [    INFO] - Train: 482 [ 520/520]  Loss: 0.2307 (0.152)  Acc@1: 96.2500 (96.6560)  Acc@5: 100.0000 (99.9460)LR: 2.311e-03
2024-11-18 18:08:31,270 -                train: [    INFO] - Valid: 482 [   0/104]  Loss: 0.07842 (0.0784)  Acc@1: 96.8750 (96.8750)  Acc@5: 100.0000 (100.0000)
2024-11-18 18:08:36,562 -                train: [    INFO] - Valid: 482 [ 104/104]  Loss: 0.07988 (0.126)  Acc@1: 93.7500 (96.5400)  Acc@5: 100.0000 (99.9400)
2024-11-18 18:08:36,603 -                train: [    INFO] - valid_acc 96.540003 - best_valid_acc 96.640002
2024-11-18 18:08:37,073 -                train: [    INFO] - Train: 483 [   0/520]  Loss: 0.1121 (0.112)  Acc@1: 97.9167 (97.9167)  Acc@5: 100.0000 (100.0000)LR: 2.273e-03
2024-11-18 18:09:21,636 -                train: [    INFO] - Train: 483 [ 200/520]  Loss: 0.08712 (0.146)  Acc@1: 98.9583 (96.7662)  Acc@5: 100.0000 (99.9637)LR: 2.273e-03
2024-11-18 18:10:06,336 -                train: [    INFO] - Train: 483 [ 400/520]  Loss: 0.1349 (0.148)  Acc@1: 95.8333 (96.7763)  Acc@5: 100.0000 (99.9714)LR: 2.273e-03
2024-11-18 18:10:32,811 -                train: [    INFO] - Train: 483 [ 520/520]  Loss: 0.1634 (0.149)  Acc@1: 96.2500 (96.7460)  Acc@5: 100.0000 (99.9700)LR: 2.273e-03
2024-11-18 18:10:33,168 -                train: [    INFO] - Valid: 483 [   0/104]  Loss: 0.08573 (0.0857)  Acc@1: 96.8750 (96.8750)  Acc@5: 100.0000 (100.0000)
2024-11-18 18:10:38,563 -                train: [    INFO] - Valid: 483 [ 104/104]  Loss: 0.1996 (0.130)  Acc@1: 93.7500 (96.5700)  Acc@5: 100.0000 (99.9800)
2024-11-18 18:10:38,605 -                train: [    INFO] - valid_acc 96.570003 - best_valid_acc 96.640002
2024-11-18 18:10:39,098 -                train: [    INFO] - Train: 484 [   0/520]  Loss: 0.1193 (0.119)  Acc@1: 96.8750 (96.8750)  Acc@5: 100.0000 (100.0000)LR: 2.236e-03
2024-11-18 18:11:23,561 -                train: [    INFO] - Train: 484 [ 200/520]  Loss: 0.08139 (0.141)  Acc@1: 97.9167 (96.9787)  Acc@5: 100.0000 (99.9430)LR: 2.236e-03
2024-11-18 18:12:08,402 -                train: [    INFO] - Train: 484 [ 400/520]  Loss: 0.1676 (0.148)  Acc@1: 96.8750 (96.8412)  Acc@5: 98.9583 (99.9506)LR: 2.236e-03
2024-11-18 18:12:35,082 -                train: [    INFO] - Train: 484 [ 520/520]  Loss: 0.1723 (0.149)  Acc@1: 97.5000 (96.7900)  Acc@5: 100.0000 (99.9540)LR: 2.236e-03
2024-11-18 18:12:35,383 -                train: [    INFO] - Valid: 484 [   0/104]  Loss: 0.07688 (0.0769)  Acc@1: 96.8750 (96.8750)  Acc@5: 100.0000 (100.0000)
2024-11-18 18:12:40,810 -                train: [    INFO] - Valid: 484 [ 104/104]  Loss: 0.01735 (0.130)  Acc@1: 100.0000 (96.4700)  Acc@5: 100.0000 (99.9400)
2024-11-18 18:12:40,859 -                train: [    INFO] - valid_acc 96.470003 - best_valid_acc 96.640002
2024-11-18 18:12:41,282 -                train: [    INFO] - Train: 485 [   0/520]  Loss: 0.1327 (0.133)  Acc@1: 96.8750 (96.8750)  Acc@5: 100.0000 (100.0000)LR: 2.198e-03
2024-11-18 18:13:29,807 -                train: [    INFO] - Train: 485 [ 200/520]  Loss: 0.1275 (0.151)  Acc@1: 97.9167 (96.5900)  Acc@5: 100.0000 (99.9430)LR: 2.198e-03
2024-11-18 18:14:17,232 -                train: [    INFO] - Train: 485 [ 400/520]  Loss: 0.1395 (0.149)  Acc@1: 97.9167 (96.7321)  Acc@5: 100.0000 (99.9480)LR: 2.198e-03
2024-11-18 18:14:45,527 -                train: [    INFO] - Train: 485 [ 520/520]  Loss: 0.1382 (0.148)  Acc@1: 97.5000 (96.7900)  Acc@5: 100.0000 (99.9480)LR: 2.198e-03
2024-11-18 18:14:45,873 -                train: [    INFO] - Valid: 485 [   0/104]  Loss: 0.1372 (0.137)  Acc@1: 96.8750 (96.8750)  Acc@5: 100.0000 (100.0000)
2024-11-18 18:14:51,225 -                train: [    INFO] - Valid: 485 [ 104/104]  Loss: 0.04783 (0.136)  Acc@1: 93.7500 (96.4500)  Acc@5: 100.0000 (99.9400)
2024-11-18 18:14:51,878 -                train: [    INFO] - valid_acc 96.450002 - best_valid_acc 96.640002
2024-11-18 18:14:52,322 -                train: [    INFO] - Train: 486 [   0/520]  Loss: 0.09629 (0.0963)  Acc@1: 97.9167 (97.9167)  Acc@5: 100.0000 (100.0000)LR: 2.161e-03
2024-11-18 18:15:37,383 -                train: [    INFO] - Train: 486 [ 200/520]  Loss: 0.07320 (0.143)  Acc@1: 98.9583 (96.8750)  Acc@5: 100.0000 (99.9585)LR: 2.161e-03
2024-11-18 18:16:21,981 -                train: [    INFO] - Train: 486 [ 400/520]  Loss: 0.08367 (0.144)  Acc@1: 98.9583 (96.8568)  Acc@5: 100.0000 (99.9584)LR: 2.161e-03
2024-11-18 18:16:48,915 -                train: [    INFO] - Train: 486 [ 520/520]  Loss: 0.08634 (0.145)  Acc@1: 98.7500 (96.8420)  Acc@5: 100.0000 (99.9540)LR: 2.161e-03
2024-11-18 18:16:49,281 -                train: [    INFO] - Valid: 486 [   0/104]  Loss: 0.1962 (0.196)  Acc@1: 95.8333 (95.8333)  Acc@5: 100.0000 (100.0000)
2024-11-18 18:16:54,616 -                train: [    INFO] - Valid: 486 [ 104/104]  Loss: 0.04742 (0.127)  Acc@1: 93.7500 (96.7000)  Acc@5: 100.0000 (99.9800)
2024-11-18 18:16:55,142 -                train: [    INFO] - valid_acc 96.700003 - best_valid_acc 96.700003
2024-11-18 18:16:55,636 -                train: [    INFO] - Train: 487 [   0/520]  Loss: 0.08649 (0.0865)  Acc@1: 98.9583 (98.9583)  Acc@5: 100.0000 (100.0000)LR: 2.125e-03
2024-11-18 18:17:40,398 -                train: [    INFO] - Train: 487 [ 200/520]  Loss: 0.1327 (0.135)  Acc@1: 94.7917 (97.2274)  Acc@5: 100.0000 (99.9171)LR: 2.125e-03
2024-11-18 18:18:25,197 -                train: [    INFO] - Train: 487 [ 400/520]  Loss: 0.1019 (0.143)  Acc@1: 96.8750 (96.9737)  Acc@5: 100.0000 (99.9169)LR: 2.125e-03
2024-11-18 18:18:51,834 -                train: [    INFO] - Train: 487 [ 520/520]  Loss: 0.1163 (0.144)  Acc@1: 97.5000 (96.9240)  Acc@5: 100.0000 (99.9260)LR: 2.125e-03
2024-11-18 18:18:52,091 -                train: [    INFO] - Valid: 487 [   0/104]  Loss: 0.1419 (0.142)  Acc@1: 95.8333 (95.8333)  Acc@5: 100.0000 (100.0000)
2024-11-18 18:18:57,405 -                train: [    INFO] - Valid: 487 [ 104/104]  Loss: 0.03131 (0.135)  Acc@1: 100.0000 (96.5100)  Acc@5: 100.0000 (99.9500)
2024-11-18 18:18:57,441 -                train: [    INFO] - valid_acc 96.510003 - best_valid_acc 96.700003
2024-11-18 18:18:57,883 -                train: [    INFO] - Train: 488 [   0/520]  Loss: 0.1322 (0.132)  Acc@1: 95.8333 (95.8333)  Acc@5: 100.0000 (100.0000)LR: 2.088e-03
2024-11-18 18:19:43,175 -                train: [    INFO] - Train: 488 [ 200/520]  Loss: 0.1565 (0.146)  Acc@1: 97.9167 (96.8698)  Acc@5: 100.0000 (99.9793)LR: 2.088e-03
2024-11-18 18:20:28,054 -                train: [    INFO] - Train: 488 [ 400/520]  Loss: 0.1131 (0.142)  Acc@1: 96.8750 (96.8906)  Acc@5: 100.0000 (99.9688)LR: 2.088e-03
2024-11-18 18:20:54,944 -                train: [    INFO] - Train: 488 [ 520/520]  Loss: 0.1037 (0.142)  Acc@1: 97.5000 (96.9220)  Acc@5: 100.0000 (99.9640)LR: 2.088e-03
2024-11-18 18:20:55,280 -                train: [    INFO] - Valid: 488 [   0/104]  Loss: 0.1345 (0.135)  Acc@1: 95.8333 (95.8333)  Acc@5: 100.0000 (100.0000)
2024-11-18 18:21:00,660 -                train: [    INFO] - Valid: 488 [ 104/104]  Loss: 0.1963 (0.123)  Acc@1: 93.7500 (96.7700)  Acc@5: 100.0000 (99.9500)
2024-11-18 18:21:01,131 -                train: [    INFO] - valid_acc 96.770003 - best_valid_acc 96.770003
2024-11-18 18:21:01,579 -                train: [    INFO] - Train: 489 [   0/520]  Loss: 0.2086 (0.209)  Acc@1: 93.7500 (93.7500)  Acc@5: 100.0000 (100.0000)LR: 2.052e-03
2024-11-18 18:21:46,734 -                train: [    INFO] - Train: 489 [ 200/520]  Loss: 0.08870 (0.139)  Acc@1: 97.9167 (97.0097)  Acc@5: 100.0000 (99.9585)LR: 2.052e-03
2024-11-18 18:22:31,357 -                train: [    INFO] - Train: 489 [ 400/520]  Loss: 0.1545 (0.142)  Acc@1: 97.9167 (96.9971)  Acc@5: 100.0000 (99.9688)LR: 2.052e-03
2024-11-18 18:22:58,374 -                train: [    INFO] - Train: 489 [ 520/520]  Loss: 0.1538 (0.143)  Acc@1: 95.0000 (96.9600)  Acc@5: 100.0000 (99.9600)LR: 2.052e-03
2024-11-18 18:22:58,671 -                train: [    INFO] - Valid: 489 [   0/104]  Loss: 0.09370 (0.0937)  Acc@1: 94.7917 (94.7917)  Acc@5: 100.0000 (100.0000)
2024-11-18 18:23:04,093 -                train: [    INFO] - Valid: 489 [ 104/104]  Loss: 0.1259 (0.117)  Acc@1: 93.7500 (96.7200)  Acc@5: 100.0000 (99.9500)
2024-11-18 18:23:04,123 -                train: [    INFO] - valid_acc 96.720003 - best_valid_acc 96.770003
2024-11-18 18:23:04,575 -                train: [    INFO] - Train: 490 [   0/520]  Loss: 0.1187 (0.119)  Acc@1: 96.8750 (96.8750)  Acc@5: 100.0000 (100.0000)LR: 2.017e-03
2024-11-18 18:23:49,297 -                train: [    INFO] - Train: 490 [ 200/520]  Loss: 0.08635 (0.136)  Acc@1: 98.9583 (97.0357)  Acc@5: 100.0000 (99.9637)LR: 2.017e-03
2024-11-18 18:24:33,824 -                train: [    INFO] - Train: 490 [ 400/520]  Loss: 0.1089 (0.137)  Acc@1: 96.8750 (97.0490)  Acc@5: 100.0000 (99.9688)LR: 2.017e-03
2024-11-18 18:25:00,432 -                train: [    INFO] - Train: 490 [ 520/520]  Loss: 0.06844 (0.137)  Acc@1: 100.0000 (97.0360)  Acc@5: 100.0000 (99.9620)LR: 2.017e-03
2024-11-18 18:25:00,820 -                train: [    INFO] - Valid: 490 [   0/104]  Loss: 0.07898 (0.0790)  Acc@1: 96.8750 (96.8750)  Acc@5: 100.0000 (100.0000)
2024-11-18 18:25:06,122 -                train: [    INFO] - Valid: 490 [ 104/104]  Loss: 0.01371 (0.133)  Acc@1: 100.0000 (96.6500)  Acc@5: 100.0000 (99.9400)
2024-11-18 18:25:06,171 -                train: [    INFO] - valid_acc 96.650003 - best_valid_acc 96.770003
2024-11-18 18:25:06,707 -                train: [    INFO] - Train: 491 [   0/520]  Loss: 0.1217 (0.122)  Acc@1: 96.8750 (96.8750)  Acc@5: 100.0000 (100.0000)LR: 1.981e-03
2024-11-18 18:25:52,729 -                train: [    INFO] - Train: 491 [ 200/520]  Loss: 0.1382 (0.136)  Acc@1: 97.9167 (97.0875)  Acc@5: 100.0000 (99.9845)LR: 1.981e-03
2024-11-18 18:26:38,432 -                train: [    INFO] - Train: 491 [ 400/520]  Loss: 0.1042 (0.136)  Acc@1: 98.9583 (97.0750)  Acc@5: 100.0000 (99.9636)LR: 1.981e-03
2024-11-18 18:27:05,521 -                train: [    INFO] - Train: 491 [ 520/520]  Loss: 0.1741 (0.139)  Acc@1: 97.5000 (97.0080)  Acc@5: 100.0000 (99.9600)LR: 1.981e-03
2024-11-18 18:27:05,869 -                train: [    INFO] - Valid: 491 [   0/104]  Loss: 0.1601 (0.160)  Acc@1: 95.8333 (95.8333)  Acc@5: 100.0000 (100.0000)
2024-11-18 18:27:11,272 -                train: [    INFO] - Valid: 491 [ 104/104]  Loss: 0.1760 (0.136)  Acc@1: 93.7500 (96.4500)  Acc@5: 100.0000 (99.9400)
2024-11-18 18:27:11,316 -                train: [    INFO] - valid_acc 96.450002 - best_valid_acc 96.770003
2024-11-18 18:27:11,774 -                train: [    INFO] - Train: 492 [   0/520]  Loss: 0.2217 (0.222)  Acc@1: 94.7917 (94.7917)  Acc@5: 100.0000 (100.0000)LR: 1.946e-03
2024-11-18 18:27:58,860 -                train: [    INFO] - Train: 492 [ 200/520]  Loss: 0.06682 (0.133)  Acc@1: 98.9583 (97.1497)  Acc@5: 100.0000 (99.9689)LR: 1.946e-03
2024-11-18 18:28:46,222 -                train: [    INFO] - Train: 492 [ 400/520]  Loss: 0.2606 (0.137)  Acc@1: 92.7083 (97.0698)  Acc@5: 100.0000 (99.9636)LR: 1.946e-03
2024-11-18 18:29:13,281 -                train: [    INFO] - Train: 492 [ 520/520]  Loss: 0.09820 (0.138)  Acc@1: 96.2500 (97.0400)  Acc@5: 100.0000 (99.9640)LR: 1.946e-03
2024-11-18 18:29:13,578 -                train: [    INFO] - Valid: 492 [   0/104]  Loss: 0.1120 (0.112)  Acc@1: 95.8333 (95.8333)  Acc@5: 100.0000 (100.0000)
2024-11-18 18:29:18,890 -                train: [    INFO] - Valid: 492 [ 104/104]  Loss: 0.1727 (0.132)  Acc@1: 93.7500 (96.7900)  Acc@5: 100.0000 (99.9500)
2024-11-18 18:29:19,707 -                train: [    INFO] - valid_acc 96.790002 - best_valid_acc 96.790002
2024-11-18 18:29:20,207 -                train: [    INFO] - Train: 493 [   0/520]  Loss: 0.1252 (0.125)  Acc@1: 97.9167 (97.9167)  Acc@5: 100.0000 (100.0000)LR: 1.911e-03
2024-11-18 18:30:04,901 -                train: [    INFO] - Train: 493 [ 200/520]  Loss: 0.09206 (0.136)  Acc@1: 96.8750 (97.0978)  Acc@5: 100.0000 (99.9534)LR: 1.911e-03
2024-11-18 18:30:49,347 -                train: [    INFO] - Train: 493 [ 400/520]  Loss: 0.1725 (0.137)  Acc@1: 97.9167 (97.0958)  Acc@5: 100.0000 (99.9506)LR: 1.911e-03
2024-11-18 18:31:16,353 -                train: [    INFO] - Train: 493 [ 520/520]  Loss: 0.1513 (0.137)  Acc@1: 98.7500 (97.0260)  Acc@5: 100.0000 (99.9520)LR: 1.911e-03
2024-11-18 18:31:16,674 -                train: [    INFO] - Valid: 493 [   0/104]  Loss: 0.1046 (0.105)  Acc@1: 97.9167 (97.9167)  Acc@5: 100.0000 (100.0000)
2024-11-18 18:31:21,998 -                train: [    INFO] - Valid: 493 [ 104/104]  Loss: 0.1367 (0.137)  Acc@1: 93.7500 (96.6300)  Acc@5: 100.0000 (99.9400)
2024-11-18 18:31:22,077 -                train: [    INFO] - valid_acc 96.630002 - best_valid_acc 96.790002
2024-11-18 18:31:22,552 -                train: [    INFO] - Train: 494 [   0/520]  Loss: 0.09304 (0.0930)  Acc@1: 97.9167 (97.9167)  Acc@5: 100.0000 (100.0000)LR: 1.876e-03
2024-11-18 18:32:07,173 -                train: [    INFO] - Train: 494 [ 200/520]  Loss: 0.1976 (0.134)  Acc@1: 96.8750 (97.1756)  Acc@5: 100.0000 (99.9585)LR: 1.876e-03
2024-11-18 18:32:51,735 -                train: [    INFO] - Train: 494 [ 400/520]  Loss: 0.1803 (0.133)  Acc@1: 95.8333 (97.2075)  Acc@5: 100.0000 (99.9558)LR: 1.876e-03
2024-11-18 18:33:18,703 -                train: [    INFO] - Train: 494 [ 520/520]  Loss: 0.06901 (0.134)  Acc@1: 98.7500 (97.1800)  Acc@5: 100.0000 (99.9520)LR: 1.876e-03
2024-11-18 18:33:19,519 -                train: [    INFO] - Valid: 494 [   0/104]  Loss: 0.1252 (0.125)  Acc@1: 95.8333 (95.8333)  Acc@5: 100.0000 (100.0000)
2024-11-18 18:33:24,858 -                train: [    INFO] - Valid: 494 [ 104/104]  Loss: 0.3371 (0.134)  Acc@1: 93.7500 (96.7000)  Acc@5: 100.0000 (99.9400)
2024-11-18 18:33:24,894 -                train: [    INFO] - valid_acc 96.700003 - best_valid_acc 96.790002
2024-11-18 18:33:25,435 -                train: [    INFO] - Train: 495 [   0/520]  Loss: 0.07327 (0.0733)  Acc@1: 98.9583 (98.9583)  Acc@5: 100.0000 (100.0000)LR: 1.842e-03
2024-11-18 18:34:12,211 -                train: [    INFO] - Train: 495 [ 200/520]  Loss: 0.1964 (0.130)  Acc@1: 95.8333 (97.0719)  Acc@5: 100.0000 (99.9845)LR: 1.842e-03
2024-11-18 18:34:57,192 -                train: [    INFO] - Train: 495 [ 400/520]  Loss: 0.1009 (0.132)  Acc@1: 98.9583 (97.1010)  Acc@5: 100.0000 (99.9688)LR: 1.842e-03
2024-11-18 18:35:23,951 -                train: [    INFO] - Train: 495 [ 520/520]  Loss: 0.09598 (0.132)  Acc@1: 96.2500 (97.0820)  Acc@5: 100.0000 (99.9660)LR: 1.842e-03
2024-11-18 18:35:24,275 -                train: [    INFO] - Valid: 495 [   0/104]  Loss: 0.09668 (0.0967)  Acc@1: 96.8750 (96.8750)  Acc@5: 100.0000 (100.0000)
2024-11-18 18:35:29,655 -                train: [    INFO] - Valid: 495 [ 104/104]  Loss: 0.4732 (0.129)  Acc@1: 93.7500 (96.6000)  Acc@5: 100.0000 (99.9700)
2024-11-18 18:35:29,695 -                train: [    INFO] - valid_acc 96.600003 - best_valid_acc 96.790002
2024-11-18 18:35:30,201 -                train: [    INFO] - Train: 496 [   0/520]  Loss: 0.08594 (0.0859)  Acc@1: 97.9167 (97.9167)  Acc@5: 100.0000 (100.0000)LR: 1.808e-03
2024-11-18 18:36:15,475 -                train: [    INFO] - Train: 496 [ 200/520]  Loss: 0.1572 (0.134)  Acc@1: 94.7917 (97.2740)  Acc@5: 100.0000 (99.9482)LR: 1.808e-03
2024-11-18 18:37:00,268 -                train: [    INFO] - Train: 496 [ 400/520]  Loss: 0.1421 (0.132)  Acc@1: 96.8750 (97.2621)  Acc@5: 100.0000 (99.9610)LR: 1.808e-03
2024-11-18 18:37:26,713 -                train: [    INFO] - Train: 496 [ 520/520]  Loss: 0.04837 (0.133)  Acc@1: 98.7500 (97.2320)  Acc@5: 100.0000 (99.9600)LR: 1.808e-03
2024-11-18 18:37:27,092 -                train: [    INFO] - Valid: 496 [   0/104]  Loss: 0.1167 (0.117)  Acc@1: 96.8750 (96.8750)  Acc@5: 100.0000 (100.0000)
2024-11-18 18:37:32,469 -                train: [    INFO] - Valid: 496 [ 104/104]  Loss: 0.3739 (0.131)  Acc@1: 93.7500 (96.7100)  Acc@5: 100.0000 (99.9500)
2024-11-18 18:37:32,506 -                train: [    INFO] - valid_acc 96.710003 - best_valid_acc 96.790002
2024-11-18 18:37:32,947 -                train: [    INFO] - Train: 497 [   0/520]  Loss: 0.09165 (0.0916)  Acc@1: 96.8750 (96.8750)  Acc@5: 100.0000 (100.0000)LR: 1.774e-03
2024-11-18 18:38:17,871 -                train: [    INFO] - Train: 497 [ 200/520]  Loss: 0.1650 (0.132)  Acc@1: 95.8333 (97.2119)  Acc@5: 100.0000 (99.9430)LR: 1.774e-03
2024-11-18 18:39:02,206 -                train: [    INFO] - Train: 497 [ 400/520]  Loss: 0.1594 (0.130)  Acc@1: 95.8333 (97.2335)  Acc@5: 100.0000 (99.9662)LR: 1.774e-03
2024-11-18 18:39:28,890 -                train: [    INFO] - Train: 497 [ 520/520]  Loss: 0.1550 (0.134)  Acc@1: 96.2500 (97.1360)  Acc@5: 100.0000 (99.9740)LR: 1.774e-03
2024-11-18 18:39:29,190 -                train: [    INFO] - Valid: 497 [   0/104]  Loss: 0.1707 (0.171)  Acc@1: 96.8750 (96.8750)  Acc@5: 100.0000 (100.0000)
2024-11-18 18:39:34,496 -                train: [    INFO] - Valid: 497 [ 104/104]  Loss: 0.4833 (0.132)  Acc@1: 93.7500 (96.7800)  Acc@5: 100.0000 (99.9600)
2024-11-18 18:39:34,532 -                train: [    INFO] - valid_acc 96.780002 - best_valid_acc 96.790002
2024-11-18 18:39:35,013 -                train: [    INFO] - Train: 498 [   0/520]  Loss: 0.06807 (0.0681)  Acc@1: 97.9167 (97.9167)  Acc@5: 100.0000 (100.0000)LR: 1.741e-03
2024-11-18 18:40:19,657 -                train: [    INFO] - Train: 498 [ 200/520]  Loss: 0.1209 (0.126)  Acc@1: 95.8333 (97.2430)  Acc@5: 100.0000 (99.9534)LR: 1.741e-03
2024-11-18 18:41:03,941 -                train: [    INFO] - Train: 498 [ 400/520]  Loss: 0.1001 (0.130)  Acc@1: 97.9167 (97.2101)  Acc@5: 100.0000 (99.9610)LR: 1.741e-03
2024-11-18 18:41:30,476 -                train: [    INFO] - Train: 498 [ 520/520]  Loss: 0.1661 (0.129)  Acc@1: 96.2500 (97.2280)  Acc@5: 100.0000 (99.9680)LR: 1.741e-03
2024-11-18 18:41:30,759 -                train: [    INFO] - Valid: 498 [   0/104]  Loss: 0.1183 (0.118)  Acc@1: 95.8333 (95.8333)  Acc@5: 100.0000 (100.0000)
2024-11-18 18:41:36,016 -                train: [    INFO] - Valid: 498 [ 104/104]  Loss: 0.3910 (0.139)  Acc@1: 93.7500 (96.5200)  Acc@5: 100.0000 (99.9200)
2024-11-18 18:41:36,052 -                train: [    INFO] - valid_acc 96.520003 - best_valid_acc 96.790002
2024-11-18 18:41:36,479 -                train: [    INFO] - Train: 499 [   0/520]  Loss: 0.1510 (0.151)  Acc@1: 97.9167 (97.9167)  Acc@5: 100.0000 (100.0000)LR: 1.708e-03
2024-11-18 18:42:20,868 -                train: [    INFO] - Train: 499 [ 200/520]  Loss: 0.05192 (0.127)  Acc@1: 98.9583 (97.2533)  Acc@5: 100.0000 (99.9793)LR: 1.708e-03
2024-11-18 18:43:05,322 -                train: [    INFO] - Train: 499 [ 400/520]  Loss: 0.09734 (0.127)  Acc@1: 97.9167 (97.2309)  Acc@5: 100.0000 (99.9688)LR: 1.708e-03
2024-11-18 18:43:32,317 -                train: [    INFO] - Train: 499 [ 520/520]  Loss: 0.1267 (0.127)  Acc@1: 95.0000 (97.2320)  Acc@5: 100.0000 (99.9680)LR: 1.708e-03
2024-11-18 18:43:32,652 -                train: [    INFO] - Valid: 499 [   0/104]  Loss: 0.1025 (0.102)  Acc@1: 95.8333 (95.8333)  Acc@5: 100.0000 (100.0000)
2024-11-18 18:43:37,997 -                train: [    INFO] - Valid: 499 [ 104/104]  Loss: 0.4172 (0.137)  Acc@1: 93.7500 (96.6100)  Acc@5: 100.0000 (99.9300)
2024-11-18 18:43:38,029 -                train: [    INFO] - valid_acc 96.610003 - best_valid_acc 96.790002
2024-11-18 18:43:38,452 -                train: [    INFO] - Train: 500 [   0/520]  Loss: 0.1391 (0.139)  Acc@1: 97.9167 (97.9167)  Acc@5: 100.0000 (100.0000)LR: 1.675e-03
2024-11-18 18:44:23,045 -                train: [    INFO] - Train: 500 [ 200/520]  Loss: 0.1843 (0.123)  Acc@1: 96.8750 (97.3881)  Acc@5: 100.0000 (99.9741)LR: 1.675e-03
2024-11-18 18:45:07,476 -                train: [    INFO] - Train: 500 [ 400/520]  Loss: 0.07757 (0.124)  Acc@1: 98.9583 (97.4283)  Acc@5: 100.0000 (99.9636)LR: 1.675e-03
2024-11-18 18:45:34,072 -                train: [    INFO] - Train: 500 [ 520/520]  Loss: 0.05862 (0.125)  Acc@1: 97.5000 (97.3940)  Acc@5: 100.0000 (99.9600)LR: 1.675e-03
2024-11-18 18:45:34,383 -                train: [    INFO] - Valid: 500 [   0/104]  Loss: 0.08457 (0.0846)  Acc@1: 96.8750 (96.8750)  Acc@5: 100.0000 (100.0000)
2024-11-18 18:45:39,723 -                train: [    INFO] - Valid: 500 [ 104/104]  Loss: 0.1140 (0.126)  Acc@1: 93.7500 (96.7100)  Acc@5: 100.0000 (99.9600)
2024-11-18 18:45:39,762 -                train: [    INFO] - valid_acc 96.710003 - best_valid_acc 96.790002
2024-11-18 18:45:40,261 -                train: [    INFO] - Train: 501 [   0/520]  Loss: 0.1374 (0.137)  Acc@1: 96.8750 (96.8750)  Acc@5: 100.0000 (100.0000)LR: 1.642e-03
2024-11-18 18:46:27,264 -                train: [    INFO] - Train: 501 [ 200/520]  Loss: 0.1581 (0.127)  Acc@1: 94.7917 (97.4969)  Acc@5: 100.0000 (99.9741)LR: 1.642e-03
2024-11-18 18:47:12,382 -                train: [    INFO] - Train: 501 [ 400/520]  Loss: 0.08568 (0.127)  Acc@1: 96.8750 (97.3919)  Acc@5: 100.0000 (99.9688)LR: 1.642e-03
2024-11-18 18:47:39,717 -                train: [    INFO] - Train: 501 [ 520/520]  Loss: 0.1175 (0.127)  Acc@1: 97.5000 (97.3880)  Acc@5: 100.0000 (99.9680)LR: 1.642e-03
2024-11-18 18:47:40,002 -                train: [    INFO] - Valid: 501 [   0/104]  Loss: 0.1340 (0.134)  Acc@1: 96.8750 (96.8750)  Acc@5: 100.0000 (100.0000)
2024-11-18 18:47:45,377 -                train: [    INFO] - Valid: 501 [ 104/104]  Loss: 0.1342 (0.136)  Acc@1: 93.7500 (96.6100)  Acc@5: 100.0000 (99.9700)
2024-11-18 18:47:45,418 -                train: [    INFO] - valid_acc 96.610002 - best_valid_acc 96.790002
2024-11-18 18:47:45,911 -                train: [    INFO] - Train: 502 [   0/520]  Loss: 0.1278 (0.128)  Acc@1: 97.9167 (97.9167)  Acc@5: 100.0000 (100.0000)LR: 1.610e-03
2024-11-18 18:48:30,648 -                train: [    INFO] - Train: 502 [ 200/520]  Loss: 0.09298 (0.114)  Acc@1: 96.8750 (97.6368)  Acc@5: 100.0000 (99.9482)LR: 1.610e-03
2024-11-18 18:49:15,147 -                train: [    INFO] - Train: 502 [ 400/520]  Loss: 0.1312 (0.120)  Acc@1: 96.8750 (97.5088)  Acc@5: 100.0000 (99.9584)LR: 1.610e-03
2024-11-18 18:49:41,868 -                train: [    INFO] - Train: 502 [ 520/520]  Loss: 0.2420 (0.121)  Acc@1: 95.0000 (97.4960)  Acc@5: 100.0000 (99.9540)LR: 1.610e-03
2024-11-18 18:49:42,155 -                train: [    INFO] - Valid: 502 [   0/104]  Loss: 0.09134 (0.0913)  Acc@1: 97.9167 (97.9167)  Acc@5: 100.0000 (100.0000)
2024-11-18 18:49:47,555 -                train: [    INFO] - Valid: 502 [ 104/104]  Loss: 0.2375 (0.128)  Acc@1: 93.7500 (96.9200)  Acc@5: 100.0000 (99.9500)
2024-11-18 18:49:49,495 -                train: [    INFO] - valid_acc 96.920003 - best_valid_acc 96.920003
2024-11-18 18:49:49,961 -                train: [    INFO] - Train: 503 [   0/520]  Loss: 0.1273 (0.127)  Acc@1: 94.7917 (94.7917)  Acc@5: 100.0000 (100.0000)LR: 1.578e-03
2024-11-18 18:50:34,578 -                train: [    INFO] - Train: 503 [ 200/520]  Loss: 0.2225 (0.114)  Acc@1: 94.7917 (97.5435)  Acc@5: 100.0000 (99.9637)LR: 1.578e-03
2024-11-18 18:51:19,275 -                train: [    INFO] - Train: 503 [ 400/520]  Loss: 0.1335 (0.120)  Acc@1: 96.8750 (97.4751)  Acc@5: 100.0000 (99.9558)LR: 1.578e-03
2024-11-18 18:51:46,008 -                train: [    INFO] - Train: 503 [ 520/520]  Loss: 0.05152 (0.121)  Acc@1: 98.7500 (97.4400)  Acc@5: 100.0000 (99.9600)LR: 1.578e-03
2024-11-18 18:51:46,359 -                train: [    INFO] - Valid: 503 [   0/104]  Loss: 0.1916 (0.192)  Acc@1: 96.8750 (96.8750)  Acc@5: 100.0000 (100.0000)
2024-11-18 18:51:51,659 -                train: [    INFO] - Valid: 503 [ 104/104]  Loss: 0.1493 (0.131)  Acc@1: 93.7500 (96.9300)  Acc@5: 100.0000 (99.9800)
2024-11-18 18:51:53,627 -                train: [    INFO] - valid_acc 96.930003 - best_valid_acc 96.930003
2024-11-18 18:51:54,117 -                train: [    INFO] - Train: 504 [   0/520]  Loss: 0.2492 (0.249)  Acc@1: 94.7917 (94.7917)  Acc@5: 98.9583 (98.9583)LR: 1.546e-03
2024-11-18 18:52:38,549 -                train: [    INFO] - Train: 504 [ 200/520]  Loss: 0.05618 (0.123)  Acc@1: 100.0000 (97.4658)  Acc@5: 100.0000 (99.9741)LR: 1.546e-03
2024-11-18 18:53:23,197 -                train: [    INFO] - Train: 504 [ 400/520]  Loss: 0.06530 (0.123)  Acc@1: 97.9167 (97.4673)  Acc@5: 100.0000 (99.9766)LR: 1.546e-03
2024-11-18 18:53:49,990 -                train: [    INFO] - Train: 504 [ 520/520]  Loss: 0.1169 (0.123)  Acc@1: 98.7500 (97.4400)  Acc@5: 100.0000 (99.9760)LR: 1.546e-03
2024-11-18 18:53:50,260 -                train: [    INFO] - Valid: 504 [   0/104]  Loss: 0.1545 (0.155)  Acc@1: 96.8750 (96.8750)  Acc@5: 100.0000 (100.0000)
2024-11-18 18:53:55,588 -                train: [    INFO] - Valid: 504 [ 104/104]  Loss: 0.3305 (0.137)  Acc@1: 93.7500 (96.6800)  Acc@5: 100.0000 (99.9500)
2024-11-18 18:53:55,637 -                train: [    INFO] - valid_acc 96.680003 - best_valid_acc 96.930003
2024-11-18 18:53:56,067 -                train: [    INFO] - Train: 505 [   0/520]  Loss: 0.06508 (0.0651)  Acc@1: 98.9583 (98.9583)  Acc@5: 100.0000 (100.0000)LR: 1.515e-03
2024-11-18 18:54:41,114 -                train: [    INFO] - Train: 505 [ 200/520]  Loss: 0.1098 (0.123)  Acc@1: 96.8750 (97.4451)  Acc@5: 100.0000 (99.9585)LR: 1.515e-03
2024-11-18 18:55:25,949 -                train: [    INFO] - Train: 505 [ 400/520]  Loss: 0.2169 (0.123)  Acc@1: 96.8750 (97.4413)  Acc@5: 100.0000 (99.9584)LR: 1.515e-03
2024-11-18 18:55:52,592 -                train: [    INFO] - Train: 505 [ 520/520]  Loss: 0.06190 (0.126)  Acc@1: 98.7500 (97.3740)  Acc@5: 100.0000 (99.9620)LR: 1.515e-03
2024-11-18 18:55:52,879 -                train: [    INFO] - Valid: 505 [   0/104]  Loss: 0.1109 (0.111)  Acc@1: 97.9167 (97.9167)  Acc@5: 100.0000 (100.0000)
2024-11-18 18:55:58,185 -                train: [    INFO] - Valid: 505 [ 104/104]  Loss: 0.1763 (0.131)  Acc@1: 93.7500 (96.8100)  Acc@5: 100.0000 (99.9400)
2024-11-18 18:55:58,223 -                train: [    INFO] - valid_acc 96.810003 - best_valid_acc 96.930003
2024-11-18 18:55:58,634 -                train: [    INFO] - Train: 506 [   0/520]  Loss: 0.09246 (0.0925)  Acc@1: 98.9583 (98.9583)  Acc@5: 100.0000 (100.0000)LR: 1.484e-03
2024-11-18 18:56:43,257 -                train: [    INFO] - Train: 506 [ 200/520]  Loss: 0.2859 (0.115)  Acc@1: 94.7917 (97.6005)  Acc@5: 100.0000 (99.9585)LR: 1.484e-03
2024-11-18 18:57:28,144 -                train: [    INFO] - Train: 506 [ 400/520]  Loss: 0.1582 (0.118)  Acc@1: 96.8750 (97.5036)  Acc@5: 100.0000 (99.9558)LR: 1.484e-03
2024-11-18 18:57:54,940 -                train: [    INFO] - Train: 506 [ 520/520]  Loss: 0.06083 (0.119)  Acc@1: 97.5000 (97.4720)  Acc@5: 100.0000 (99.9540)LR: 1.484e-03
2024-11-18 18:57:55,256 -                train: [    INFO] - Valid: 506 [   0/104]  Loss: 0.1257 (0.126)  Acc@1: 94.7917 (94.7917)  Acc@5: 100.0000 (100.0000)
2024-11-18 18:58:00,599 -                train: [    INFO] - Valid: 506 [ 104/104]  Loss: 0.1838 (0.129)  Acc@1: 93.7500 (96.7200)  Acc@5: 100.0000 (99.9800)
2024-11-18 18:58:00,634 -                train: [    INFO] - valid_acc 96.720002 - best_valid_acc 96.930003
2024-11-18 18:58:01,084 -                train: [    INFO] - Train: 507 [   0/520]  Loss: 0.06669 (0.0667)  Acc@1: 97.9167 (97.9167)  Acc@5: 100.0000 (100.0000)LR: 1.453e-03
2024-11-18 18:58:45,823 -                train: [    INFO] - Train: 507 [ 200/520]  Loss: 0.05595 (0.113)  Acc@1: 98.9583 (97.6265)  Acc@5: 100.0000 (99.9637)LR: 1.453e-03
2024-11-18 18:59:30,181 -                train: [    INFO] - Train: 507 [ 400/520]  Loss: 0.04271 (0.116)  Acc@1: 100.0000 (97.5764)  Acc@5: 100.0000 (99.9688)LR: 1.453e-03
2024-11-18 18:59:56,847 -                train: [    INFO] - Train: 507 [ 520/520]  Loss: 0.1654 (0.118)  Acc@1: 96.2500 (97.5520)  Acc@5: 100.0000 (99.9680)LR: 1.453e-03
2024-11-18 18:59:57,271 -                train: [    INFO] - Valid: 507 [   0/104]  Loss: 0.1236 (0.124)  Acc@1: 95.8333 (95.8333)  Acc@5: 100.0000 (100.0000)
2024-11-18 19:00:02,633 -                train: [    INFO] - Valid: 507 [ 104/104]  Loss: 0.2954 (0.125)  Acc@1: 93.7500 (96.8000)  Acc@5: 100.0000 (99.9700)
2024-11-18 19:00:02,671 -                train: [    INFO] - valid_acc 96.800003 - best_valid_acc 96.930003
2024-11-18 19:00:03,153 -                train: [    INFO] - Train: 508 [   0/520]  Loss: 0.1829 (0.183)  Acc@1: 96.8750 (96.8750)  Acc@5: 100.0000 (100.0000)LR: 1.422e-03
2024-11-18 19:00:47,980 -                train: [    INFO] - Train: 508 [ 200/520]  Loss: 0.1042 (0.117)  Acc@1: 96.8750 (97.5591)  Acc@5: 100.0000 (99.9534)LR: 1.422e-03
2024-11-18 19:01:33,968 -                train: [    INFO] - Train: 508 [ 400/520]  Loss: 0.09508 (0.117)  Acc@1: 97.9167 (97.4829)  Acc@5: 100.0000 (99.9558)LR: 1.422e-03
2024-11-18 19:02:00,767 -                train: [    INFO] - Train: 508 [ 520/520]  Loss: 0.09532 (0.116)  Acc@1: 98.7500 (97.5020)  Acc@5: 100.0000 (99.9580)LR: 1.422e-03
2024-11-18 19:02:01,045 -                train: [    INFO] - Valid: 508 [   0/104]  Loss: 0.1457 (0.146)  Acc@1: 96.8750 (96.8750)  Acc@5: 100.0000 (100.0000)
2024-11-18 19:02:06,466 -                train: [    INFO] - Valid: 508 [ 104/104]  Loss: 0.3495 (0.128)  Acc@1: 93.7500 (96.9500)  Acc@5: 100.0000 (99.9300)
2024-11-18 19:02:07,113 -                train: [    INFO] - valid_acc 96.950003 - best_valid_acc 96.950003
2024-11-18 19:02:07,602 -                train: [    INFO] - Train: 509 [   0/520]  Loss: 0.07411 (0.0741)  Acc@1: 97.9167 (97.9167)  Acc@5: 100.0000 (100.0000)LR: 1.392e-03
2024-11-18 19:02:52,955 -                train: [    INFO] - Train: 509 [ 200/520]  Loss: 0.07055 (0.115)  Acc@1: 98.9583 (97.6057)  Acc@5: 100.0000 (99.9534)LR: 1.392e-03
2024-11-18 19:03:37,212 -                train: [    INFO] - Train: 509 [ 400/520]  Loss: 0.07479 (0.116)  Acc@1: 97.9167 (97.5582)  Acc@5: 100.0000 (99.9558)LR: 1.392e-03
2024-11-18 19:04:04,000 -                train: [    INFO] - Train: 509 [ 520/520]  Loss: 0.1435 (0.117)  Acc@1: 96.2500 (97.5140)  Acc@5: 100.0000 (99.9600)LR: 1.392e-03
2024-11-18 19:04:04,264 -                train: [    INFO] - Valid: 509 [   0/104]  Loss: 0.1758 (0.176)  Acc@1: 95.8333 (95.8333)  Acc@5: 100.0000 (100.0000)
2024-11-18 19:04:09,578 -                train: [    INFO] - Valid: 509 [ 104/104]  Loss: 0.1513 (0.130)  Acc@1: 93.7500 (96.7200)  Acc@5: 100.0000 (99.9300)
2024-11-18 19:04:09,616 -                train: [    INFO] - valid_acc 96.720002 - best_valid_acc 96.950003
2024-11-18 19:04:10,052 -                train: [    INFO] - Train: 510 [   0/520]  Loss: 0.1096 (0.110)  Acc@1: 96.8750 (96.8750)  Acc@5: 100.0000 (100.0000)LR: 1.362e-03
2024-11-18 19:04:55,685 -                train: [    INFO] - Train: 510 [ 200/520]  Loss: 0.2531 (0.119)  Acc@1: 96.8750 (97.5124)  Acc@5: 100.0000 (99.9637)LR: 1.362e-03
2024-11-18 19:05:40,272 -                train: [    INFO] - Train: 510 [ 400/520]  Loss: 0.1247 (0.119)  Acc@1: 98.9583 (97.4855)  Acc@5: 100.0000 (99.9662)LR: 1.362e-03
2024-11-18 19:06:06,968 -                train: [    INFO] - Train: 510 [ 520/520]  Loss: 0.07243 (0.118)  Acc@1: 98.7500 (97.5420)  Acc@5: 100.0000 (99.9700)LR: 1.362e-03
2024-11-18 19:06:07,233 -                train: [    INFO] - Valid: 510 [   0/104]  Loss: 0.1718 (0.172)  Acc@1: 95.8333 (95.8333)  Acc@5: 100.0000 (100.0000)
2024-11-18 19:06:12,542 -                train: [    INFO] - Valid: 510 [ 104/104]  Loss: 0.1647 (0.126)  Acc@1: 93.7500 (96.9500)  Acc@5: 100.0000 (99.9300)
2024-11-18 19:06:12,575 -                train: [    INFO] - valid_acc 96.950003 - best_valid_acc 96.950003
2024-11-18 19:06:12,994 -                train: [    INFO] - Train: 511 [   0/520]  Loss: 0.1384 (0.138)  Acc@1: 97.9167 (97.9167)  Acc@5: 100.0000 (100.0000)LR: 1.333e-03
2024-11-18 19:06:57,773 -                train: [    INFO] - Train: 511 [ 200/520]  Loss: 0.1306 (0.114)  Acc@1: 96.8750 (97.4451)  Acc@5: 100.0000 (99.9741)LR: 1.333e-03
2024-11-18 19:07:43,489 -                train: [    INFO] - Train: 511 [ 400/520]  Loss: 0.07784 (0.117)  Acc@1: 98.9583 (97.4699)  Acc@5: 100.0000 (99.9610)LR: 1.333e-03
2024-11-18 19:08:10,740 -                train: [    INFO] - Train: 511 [ 520/520]  Loss: 0.1395 (0.117)  Acc@1: 96.2500 (97.4960)  Acc@5: 100.0000 (99.9600)LR: 1.333e-03
2024-11-18 19:08:10,998 -                train: [    INFO] - Valid: 511 [   0/104]  Loss: 0.1491 (0.149)  Acc@1: 94.7917 (94.7917)  Acc@5: 100.0000 (100.0000)
2024-11-18 19:08:16,339 -                train: [    INFO] - Valid: 511 [ 104/104]  Loss: 0.2341 (0.133)  Acc@1: 93.7500 (96.8400)  Acc@5: 100.0000 (99.9100)
2024-11-18 19:08:16,369 -                train: [    INFO] - valid_acc 96.840002 - best_valid_acc 96.950003
2024-11-18 19:08:16,818 -                train: [    INFO] - Train: 512 [   0/520]  Loss: 0.1258 (0.126)  Acc@1: 95.8333 (95.8333)  Acc@5: 100.0000 (100.0000)LR: 1.304e-03
2024-11-18 19:09:01,822 -                train: [    INFO] - Train: 512 [ 200/520]  Loss: 0.08953 (0.121)  Acc@1: 97.9167 (97.4606)  Acc@5: 100.0000 (99.9896)LR: 1.304e-03
2024-11-18 19:09:46,517 -                train: [    INFO] - Train: 512 [ 400/520]  Loss: 0.1082 (0.117)  Acc@1: 96.8750 (97.5608)  Acc@5: 100.0000 (99.9714)LR: 1.304e-03
2024-11-18 19:10:13,513 -                train: [    INFO] - Train: 512 [ 520/520]  Loss: 0.1959 (0.117)  Acc@1: 96.2500 (97.5600)  Acc@5: 100.0000 (99.9660)LR: 1.304e-03
2024-11-18 19:10:15,214 -                train: [    INFO] - Valid: 512 [   0/104]  Loss: 0.1973 (0.197)  Acc@1: 96.8750 (96.8750)  Acc@5: 100.0000 (100.0000)
2024-11-18 19:10:20,625 -                train: [    INFO] - Valid: 512 [ 104/104]  Loss: 0.1225 (0.128)  Acc@1: 93.7500 (96.9800)  Acc@5: 100.0000 (99.9600)
2024-11-18 19:10:21,229 -                train: [    INFO] - valid_acc 96.980003 - best_valid_acc 96.980003
2024-11-18 19:10:21,703 -                train: [    INFO] - Train: 513 [   0/520]  Loss: 0.1892 (0.189)  Acc@1: 97.9167 (97.9167)  Acc@5: 100.0000 (100.0000)LR: 1.275e-03
2024-11-18 19:11:08,348 -                train: [    INFO] - Train: 513 [ 200/520]  Loss: 0.1160 (0.108)  Acc@1: 97.9167 (97.7923)  Acc@5: 100.0000 (99.9793)LR: 1.275e-03
2024-11-18 19:11:55,847 -                train: [    INFO] - Train: 513 [ 400/520]  Loss: 0.1555 (0.114)  Acc@1: 97.9167 (97.6127)  Acc@5: 100.0000 (99.9766)LR: 1.275e-03
2024-11-18 19:12:24,489 -                train: [    INFO] - Train: 513 [ 520/520]  Loss: 0.1151 (0.115)  Acc@1: 96.2500 (97.6060)  Acc@5: 100.0000 (99.9780)LR: 1.275e-03
2024-11-18 19:12:24,771 -                train: [    INFO] - Valid: 513 [   0/104]  Loss: 0.2068 (0.207)  Acc@1: 96.8750 (96.8750)  Acc@5: 100.0000 (100.0000)
2024-11-18 19:12:30,102 -                train: [    INFO] - Valid: 513 [ 104/104]  Loss: 0.3135 (0.138)  Acc@1: 93.7500 (96.8200)  Acc@5: 100.0000 (99.9400)
2024-11-18 19:12:30,144 -                train: [    INFO] - valid_acc 96.820003 - best_valid_acc 96.980003
2024-11-18 19:12:30,608 -                train: [    INFO] - Train: 514 [   0/520]  Loss: 0.06976 (0.0698)  Acc@1: 100.0000 (100.0000)  Acc@5: 100.0000 (100.0000)LR: 1.246e-03
2024-11-18 19:13:16,144 -                train: [    INFO] - Train: 514 [ 200/520]  Loss: 0.08185 (0.113)  Acc@1: 96.8750 (97.6316)  Acc@5: 100.0000 (99.9482)LR: 1.246e-03
2024-11-18 19:14:01,107 -                train: [    INFO] - Train: 514 [ 400/520]  Loss: 0.1513 (0.118)  Acc@1: 98.9583 (97.6127)  Acc@5: 100.0000 (99.9532)LR: 1.246e-03
2024-11-18 19:14:27,725 -                train: [    INFO] - Train: 514 [ 520/520]  Loss: 0.06968 (0.116)  Acc@1: 98.7500 (97.6360)  Acc@5: 100.0000 (99.9560)LR: 1.246e-03
2024-11-18 19:14:30,386 -                train: [    INFO] - Valid: 514 [   0/104]  Loss: 0.1373 (0.137)  Acc@1: 96.8750 (96.8750)  Acc@5: 100.0000 (100.0000)
2024-11-18 19:14:35,714 -                train: [    INFO] - Valid: 514 [ 104/104]  Loss: 0.3868 (0.132)  Acc@1: 93.7500 (96.8400)  Acc@5: 100.0000 (99.9600)
2024-11-18 19:14:35,775 -                train: [    INFO] - valid_acc 96.840003 - best_valid_acc 96.980003
2024-11-18 19:14:36,359 -                train: [    INFO] - Train: 515 [   0/520]  Loss: 0.1030 (0.103)  Acc@1: 97.9167 (97.9167)  Acc@5: 100.0000 (100.0000)LR: 1.218e-03
2024-11-18 19:15:22,307 -                train: [    INFO] - Train: 515 [ 200/520]  Loss: 0.1233 (0.112)  Acc@1: 96.8750 (97.6368)  Acc@5: 100.0000 (99.9793)LR: 1.218e-03
2024-11-18 19:16:09,621 -                train: [    INFO] - Train: 515 [ 400/520]  Loss: 0.1177 (0.111)  Acc@1: 98.9583 (97.6413)  Acc@5: 100.0000 (99.9740)LR: 1.218e-03
2024-11-18 19:16:36,943 -                train: [    INFO] - Train: 515 [ 520/520]  Loss: 0.07323 (0.112)  Acc@1: 98.7500 (97.6540)  Acc@5: 100.0000 (99.9720)LR: 1.218e-03
2024-11-18 19:16:37,298 -                train: [    INFO] - Valid: 515 [   0/104]  Loss: 0.1252 (0.125)  Acc@1: 95.8333 (95.8333)  Acc@5: 100.0000 (100.0000)
2024-11-18 19:16:42,644 -                train: [    INFO] - Valid: 515 [ 104/104]  Loss: 0.2185 (0.131)  Acc@1: 93.7500 (96.8600)  Acc@5: 100.0000 (99.9500)
2024-11-18 19:16:42,677 -                train: [    INFO] - valid_acc 96.860003 - best_valid_acc 96.980003
2024-11-18 19:16:43,112 -                train: [    INFO] - Train: 516 [   0/520]  Loss: 0.1037 (0.104)  Acc@1: 97.9167 (97.9167)  Acc@5: 100.0000 (100.0000)LR: 1.190e-03
2024-11-18 19:17:28,197 -                train: [    INFO] - Train: 516 [ 200/520]  Loss: 0.06690 (0.115)  Acc@1: 98.9583 (97.5280)  Acc@5: 100.0000 (99.9689)LR: 1.190e-03
2024-11-18 19:18:12,764 -                train: [    INFO] - Train: 516 [ 400/520]  Loss: 0.1226 (0.110)  Acc@1: 95.8333 (97.6335)  Acc@5: 100.0000 (99.9792)LR: 1.190e-03
2024-11-18 19:18:39,427 -                train: [    INFO] - Train: 516 [ 520/520]  Loss: 0.08793 (0.109)  Acc@1: 98.7500 (97.6780)  Acc@5: 100.0000 (99.9780)LR: 1.190e-03
2024-11-18 19:18:39,724 -                train: [    INFO] - Valid: 516 [   0/104]  Loss: 0.2124 (0.212)  Acc@1: 96.8750 (96.8750)  Acc@5: 100.0000 (100.0000)
2024-11-18 19:18:45,007 -                train: [    INFO] - Valid: 516 [ 104/104]  Loss: 0.2710 (0.127)  Acc@1: 93.7500 (96.9400)  Acc@5: 100.0000 (99.9500)
2024-11-18 19:18:45,039 -                train: [    INFO] - valid_acc 96.940003 - best_valid_acc 96.980003
2024-11-18 19:18:45,546 -                train: [    INFO] - Train: 517 [   0/520]  Loss: 0.1395 (0.139)  Acc@1: 97.9167 (97.9167)  Acc@5: 100.0000 (100.0000)LR: 1.162e-03
2024-11-18 19:19:29,869 -                train: [    INFO] - Train: 517 [ 200/520]  Loss: 0.1666 (0.109)  Acc@1: 95.8333 (97.7353)  Acc@5: 100.0000 (99.9689)LR: 1.162e-03
2024-11-18 19:20:14,387 -                train: [    INFO] - Train: 517 [ 400/520]  Loss: 0.06063 (0.108)  Acc@1: 98.9583 (97.7478)  Acc@5: 100.0000 (99.9662)LR: 1.162e-03
2024-11-18 19:20:41,070 -                train: [    INFO] - Train: 517 [ 520/520]  Loss: 0.1428 (0.108)  Acc@1: 96.2500 (97.7720)  Acc@5: 100.0000 (99.9600)LR: 1.162e-03
2024-11-18 19:20:41,370 -                train: [    INFO] - Valid: 517 [   0/104]  Loss: 0.1403 (0.140)  Acc@1: 96.8750 (96.8750)  Acc@5: 100.0000 (100.0000)
2024-11-18 19:20:46,693 -                train: [    INFO] - Valid: 517 [ 104/104]  Loss: 0.2547 (0.129)  Acc@1: 93.7500 (96.8800)  Acc@5: 100.0000 (99.9500)
2024-11-18 19:20:46,728 -                train: [    INFO] - valid_acc 96.880002 - best_valid_acc 96.980003
2024-11-18 19:20:47,302 -                train: [    INFO] - Train: 518 [   0/520]  Loss: 0.07058 (0.0706)  Acc@1: 97.9167 (97.9167)  Acc@5: 100.0000 (100.0000)LR: 1.135e-03
2024-11-18 19:21:31,863 -                train: [    INFO] - Train: 518 [ 200/520]  Loss: 0.1029 (0.114)  Acc@1: 96.8750 (97.7301)  Acc@5: 100.0000 (99.9482)LR: 1.135e-03
2024-11-18 19:22:16,567 -                train: [    INFO] - Train: 518 [ 400/520]  Loss: 0.06024 (0.109)  Acc@1: 98.9583 (97.7400)  Acc@5: 100.0000 (99.9610)LR: 1.135e-03
2024-11-18 19:22:43,046 -                train: [    INFO] - Train: 518 [ 520/520]  Loss: 0.05193 (0.109)  Acc@1: 100.0000 (97.7400)  Acc@5: 100.0000 (99.9600)LR: 1.135e-03
2024-11-18 19:22:43,494 -                train: [    INFO] - Valid: 518 [   0/104]  Loss: 0.1831 (0.183)  Acc@1: 95.8333 (95.8333)  Acc@5: 100.0000 (100.0000)
2024-11-18 19:22:48,761 -                train: [    INFO] - Valid: 518 [ 104/104]  Loss: 0.2290 (0.127)  Acc@1: 93.7500 (97.0000)  Acc@5: 100.0000 (99.9200)
2024-11-18 19:22:49,500 -                train: [    INFO] - valid_acc 97.000003 - best_valid_acc 97.000003
2024-11-18 19:22:50,000 -                train: [    INFO] - Train: 519 [   0/520]  Loss: 0.1942 (0.194)  Acc@1: 93.7500 (93.7500)  Acc@5: 100.0000 (100.0000)LR: 1.107e-03
2024-11-18 19:23:35,667 -                train: [    INFO] - Train: 519 [ 200/520]  Loss: 0.1107 (0.111)  Acc@1: 96.8750 (97.6731)  Acc@5: 100.0000 (99.9637)LR: 1.107e-03
2024-11-18 19:24:20,189 -                train: [    INFO] - Train: 519 [ 400/520]  Loss: 0.1562 (0.109)  Acc@1: 94.7917 (97.6907)  Acc@5: 100.0000 (99.9636)LR: 1.107e-03
2024-11-18 19:24:47,141 -                train: [    INFO] - Train: 519 [ 520/520]  Loss: 0.1013 (0.108)  Acc@1: 98.7500 (97.7100)  Acc@5: 98.7500 (99.9620)LR: 1.107e-03
2024-11-18 19:24:47,426 -                train: [    INFO] - Valid: 519 [   0/104]  Loss: 0.1372 (0.137)  Acc@1: 97.9167 (97.9167)  Acc@5: 100.0000 (100.0000)
2024-11-18 19:24:52,847 -                train: [    INFO] - Valid: 519 [ 104/104]  Loss: 0.1900 (0.126)  Acc@1: 93.7500 (97.0100)  Acc@5: 100.0000 (99.9200)
2024-11-18 19:24:53,312 -                train: [    INFO] - valid_acc 97.010003 - best_valid_acc 97.010003
2024-11-18 19:24:53,806 -                train: [    INFO] - Train: 520 [   0/520]  Loss: 0.1814 (0.181)  Acc@1: 96.8750 (96.8750)  Acc@5: 100.0000 (100.0000)LR: 1.081e-03
2024-11-18 19:25:39,688 -                train: [    INFO] - Train: 520 [ 200/520]  Loss: 0.09027 (0.106)  Acc@1: 97.9167 (97.7146)  Acc@5: 100.0000 (99.9741)LR: 1.081e-03
2024-11-18 19:26:25,339 -                train: [    INFO] - Train: 520 [ 400/520]  Loss: 0.01860 (0.108)  Acc@1: 100.0000 (97.7556)  Acc@5: 100.0000 (99.9714)LR: 1.081e-03
2024-11-18 19:26:52,926 -                train: [    INFO] - Train: 520 [ 520/520]  Loss: 0.1688 (0.108)  Acc@1: 97.5000 (97.7860)  Acc@5: 100.0000 (99.9740)LR: 1.081e-03
2024-11-18 19:26:53,207 -                train: [    INFO] - Valid: 520 [   0/104]  Loss: 0.1832 (0.183)  Acc@1: 96.8750 (96.8750)  Acc@5: 100.0000 (100.0000)
2024-11-18 19:26:58,535 -                train: [    INFO] - Valid: 520 [ 104/104]  Loss: 0.07518 (0.132)  Acc@1: 93.7500 (96.9600)  Acc@5: 100.0000 (99.9300)
2024-11-18 19:26:58,586 -                train: [    INFO] - valid_acc 96.960002 - best_valid_acc 97.010003
2024-11-18 19:26:59,189 -                train: [    INFO] - Train: 521 [   0/520]  Loss: 0.07143 (0.0714)  Acc@1: 98.9583 (98.9583)  Acc@5: 100.0000 (100.0000)LR: 1.054e-03
2024-11-18 19:27:43,909 -                train: [    INFO] - Train: 521 [ 200/520]  Loss: 0.08610 (0.106)  Acc@1: 97.9167 (97.7716)  Acc@5: 100.0000 (99.9896)LR: 1.054e-03
2024-11-18 19:28:28,584 -                train: [    INFO] - Train: 521 [ 400/520]  Loss: 0.08502 (0.105)  Acc@1: 98.9583 (97.8258)  Acc@5: 100.0000 (99.9870)LR: 1.054e-03
2024-11-18 19:28:55,274 -                train: [    INFO] - Train: 521 [ 520/520]  Loss: 0.05741 (0.106)  Acc@1: 98.7500 (97.8140)  Acc@5: 100.0000 (99.9860)LR: 1.054e-03
2024-11-18 19:28:55,589 -                train: [    INFO] - Valid: 521 [   0/104]  Loss: 0.1546 (0.155)  Acc@1: 96.8750 (96.8750)  Acc@5: 100.0000 (100.0000)
2024-11-18 19:29:00,847 -                train: [    INFO] - Valid: 521 [ 104/104]  Loss: 0.2725 (0.125)  Acc@1: 93.7500 (96.9000)  Acc@5: 100.0000 (99.9500)
2024-11-18 19:29:00,881 -                train: [    INFO] - valid_acc 96.900002 - best_valid_acc 97.010003
2024-11-18 19:29:01,352 -                train: [    INFO] - Train: 522 [   0/520]  Loss: 0.04763 (0.0476)  Acc@1: 98.9583 (98.9583)  Acc@5: 100.0000 (100.0000)LR: 1.028e-03
2024-11-18 19:29:45,716 -                train: [    INFO] - Train: 522 [ 200/520]  Loss: 0.1981 (0.107)  Acc@1: 94.7917 (97.8027)  Acc@5: 100.0000 (99.9430)LR: 1.028e-03
2024-11-18 19:30:30,361 -                train: [    INFO] - Train: 522 [ 400/520]  Loss: 0.1730 (0.108)  Acc@1: 95.8333 (97.7556)  Acc@5: 100.0000 (99.9636)LR: 1.028e-03
2024-11-18 19:30:57,105 -                train: [    INFO] - Train: 522 [ 520/520]  Loss: 0.04730 (0.108)  Acc@1: 98.7500 (97.7340)  Acc@5: 100.0000 (99.9700)LR: 1.028e-03
2024-11-18 19:30:57,368 -                train: [    INFO] - Valid: 522 [   0/104]  Loss: 0.1372 (0.137)  Acc@1: 96.8750 (96.8750)  Acc@5: 100.0000 (100.0000)
2024-11-18 19:31:02,654 -                train: [    INFO] - Valid: 522 [ 104/104]  Loss: 0.1750 (0.125)  Acc@1: 93.7500 (97.1300)  Acc@5: 100.0000 (99.9400)
2024-11-18 19:31:04,924 -                train: [    INFO] - valid_acc 97.130003 - best_valid_acc 97.130003
2024-11-18 19:31:05,396 -                train: [    INFO] - Train: 523 [   0/520]  Loss: 0.07847 (0.0785)  Acc@1: 98.9583 (98.9583)  Acc@5: 100.0000 (100.0000)LR: 1.002e-03
2024-11-18 19:31:49,644 -                train: [    INFO] - Train: 523 [ 200/520]  Loss: 0.1224 (0.0983)  Acc@1: 95.8333 (97.9478)  Acc@5: 100.0000 (99.9689)LR: 1.002e-03
2024-11-18 19:32:34,119 -                train: [    INFO] - Train: 523 [ 400/520]  Loss: 0.1856 (0.100)  Acc@1: 96.8750 (97.9141)  Acc@5: 100.0000 (99.9766)LR: 1.002e-03
2024-11-18 19:33:00,712 -                train: [    INFO] - Train: 523 [ 520/520]  Loss: 0.1823 (0.0998)  Acc@1: 96.2500 (97.9180)  Acc@5: 100.0000 (99.9780)LR: 1.002e-03
2024-11-18 19:33:00,999 -                train: [    INFO] - Valid: 523 [   0/104]  Loss: 0.1802 (0.180)  Acc@1: 96.8750 (96.8750)  Acc@5: 100.0000 (100.0000)
2024-11-18 19:33:06,349 -                train: [    INFO] - Valid: 523 [ 104/104]  Loss: 0.2827 (0.124)  Acc@1: 93.7500 (97.2300)  Acc@5: 100.0000 (99.9400)
2024-11-18 19:33:07,085 -                train: [    INFO] - valid_acc 97.230003 - best_valid_acc 97.230003
2024-11-18 19:33:07,647 -                train: [    INFO] - Train: 524 [   0/520]  Loss: 0.1447 (0.145)  Acc@1: 97.9167 (97.9167)  Acc@5: 100.0000 (100.0000)LR: 9.767e-04
2024-11-18 19:33:52,060 -                train: [    INFO] - Train: 524 [ 200/520]  Loss: 0.08765 (0.0968)  Acc@1: 96.8750 (98.0410)  Acc@5: 100.0000 (99.9637)LR: 9.767e-04
2024-11-18 19:34:36,700 -                train: [    INFO] - Train: 524 [ 400/520]  Loss: 0.07837 (0.0984)  Acc@1: 98.9583 (98.0180)  Acc@5: 100.0000 (99.9558)LR: 9.767e-04
2024-11-18 19:35:03,588 -                train: [    INFO] - Train: 524 [ 520/520]  Loss: 0.1086 (0.0995)  Acc@1: 98.7500 (97.9680)  Acc@5: 100.0000 (99.9660)LR: 9.767e-04
2024-11-18 19:35:03,889 -                train: [    INFO] - Valid: 524 [   0/104]  Loss: 0.1005 (0.101)  Acc@1: 96.8750 (96.8750)  Acc@5: 100.0000 (100.0000)
2024-11-18 19:35:09,245 -                train: [    INFO] - Valid: 524 [ 104/104]  Loss: 0.1427 (0.123)  Acc@1: 93.7500 (97.0800)  Acc@5: 100.0000 (99.9500)
2024-11-18 19:35:09,280 -                train: [    INFO] - valid_acc 97.080003 - best_valid_acc 97.230003
2024-11-18 19:35:09,742 -                train: [    INFO] - Train: 525 [   0/520]  Loss: 0.1446 (0.145)  Acc@1: 96.8750 (96.8750)  Acc@5: 100.0000 (100.0000)LR: 9.515e-04
2024-11-18 19:35:54,257 -                train: [    INFO] - Train: 525 [ 200/520]  Loss: 0.1248 (0.105)  Acc@1: 95.8333 (97.9322)  Acc@5: 100.0000 (99.9637)LR: 9.515e-04
2024-11-18 19:36:39,080 -                train: [    INFO] - Train: 525 [ 400/520]  Loss: 0.1610 (0.104)  Acc@1: 97.9167 (97.8959)  Acc@5: 100.0000 (99.9740)LR: 9.515e-04
2024-11-18 19:37:05,722 -                train: [    INFO] - Train: 525 [ 520/520]  Loss: 0.09881 (0.103)  Acc@1: 98.7500 (97.9320)  Acc@5: 100.0000 (99.9700)LR: 9.515e-04
2024-11-18 19:37:06,024 -                train: [    INFO] - Valid: 525 [   0/104]  Loss: 0.1066 (0.107)  Acc@1: 96.8750 (96.8750)  Acc@5: 100.0000 (100.0000)
2024-11-18 19:37:11,371 -                train: [    INFO] - Valid: 525 [ 104/104]  Loss: 0.1829 (0.126)  Acc@1: 93.7500 (97.1400)  Acc@5: 100.0000 (99.9300)
2024-11-18 19:37:11,418 -                train: [    INFO] - valid_acc 97.140003 - best_valid_acc 97.230003
2024-11-18 19:37:11,843 -                train: [    INFO] - Train: 526 [   0/520]  Loss: 0.03040 (0.0304)  Acc@1: 98.9583 (98.9583)  Acc@5: 100.0000 (100.0000)LR: 9.266e-04
2024-11-18 19:37:56,334 -                train: [    INFO] - Train: 526 [ 200/520]  Loss: 0.09995 (0.107)  Acc@1: 98.9583 (97.8182)  Acc@5: 100.0000 (99.9637)LR: 9.266e-04
2024-11-18 19:38:41,154 -                train: [    INFO] - Train: 526 [ 400/520]  Loss: 0.09656 (0.104)  Acc@1: 97.9167 (97.8777)  Acc@5: 100.0000 (99.9636)LR: 9.266e-04
2024-11-18 19:39:07,717 -                train: [    INFO] - Train: 526 [ 520/520]  Loss: 0.1107 (0.103)  Acc@1: 96.2500 (97.8980)  Acc@5: 100.0000 (99.9700)LR: 9.266e-04
2024-11-18 19:39:08,029 -                train: [    INFO] - Valid: 526 [   0/104]  Loss: 0.1246 (0.125)  Acc@1: 96.8750 (96.8750)  Acc@5: 100.0000 (100.0000)
2024-11-18 19:39:13,329 -                train: [    INFO] - Valid: 526 [ 104/104]  Loss: 0.1654 (0.130)  Acc@1: 93.7500 (96.9100)  Acc@5: 100.0000 (99.9500)
2024-11-18 19:39:13,398 -                train: [    INFO] - valid_acc 96.910002 - best_valid_acc 97.230003
2024-11-18 19:39:13,849 -                train: [    INFO] - Train: 527 [   0/520]  Loss: 0.06789 (0.0679)  Acc@1: 98.9583 (98.9583)  Acc@5: 100.0000 (100.0000)LR: 9.020e-04
2024-11-18 19:39:58,461 -                train: [    INFO] - Train: 527 [ 200/520]  Loss: 0.03757 (0.0996)  Acc@1: 100.0000 (97.9115)  Acc@5: 100.0000 (99.9793)LR: 9.020e-04
2024-11-18 19:40:43,074 -                train: [    INFO] - Train: 527 [ 400/520]  Loss: 0.08580 (0.100)  Acc@1: 97.9167 (97.9063)  Acc@5: 100.0000 (99.9818)LR: 9.020e-04
2024-11-18 19:41:09,830 -                train: [    INFO] - Train: 527 [ 520/520]  Loss: 0.03973 (0.101)  Acc@1: 100.0000 (97.9040)  Acc@5: 100.0000 (99.9780)LR: 9.020e-04
2024-11-18 19:41:10,077 -                train: [    INFO] - Valid: 527 [   0/104]  Loss: 0.1134 (0.113)  Acc@1: 96.8750 (96.8750)  Acc@5: 100.0000 (100.0000)
2024-11-18 19:41:15,393 -                train: [    INFO] - Valid: 527 [ 104/104]  Loss: 0.2930 (0.128)  Acc@1: 93.7500 (97.0500)  Acc@5: 100.0000 (99.9300)
2024-11-18 19:41:15,440 -                train: [    INFO] - valid_acc 97.050002 - best_valid_acc 97.230003
2024-11-18 19:41:15,929 -                train: [    INFO] - Train: 528 [   0/520]  Loss: 0.1104 (0.110)  Acc@1: 96.8750 (96.8750)  Acc@5: 100.0000 (100.0000)LR: 8.778e-04
2024-11-18 19:42:01,702 -                train: [    INFO] - Train: 528 [ 200/520]  Loss: 0.1497 (0.103)  Acc@1: 98.9583 (97.9063)  Acc@5: 100.0000 (99.9793)LR: 8.778e-04
2024-11-18 19:42:47,479 -                train: [    INFO] - Train: 528 [ 400/520]  Loss: 0.1023 (0.104)  Acc@1: 97.9167 (97.8439)  Acc@5: 100.0000 (99.9818)LR: 8.778e-04
2024-11-18 19:43:14,489 -                train: [    INFO] - Train: 528 [ 520/520]  Loss: 0.09476 (0.102)  Acc@1: 98.7500 (97.9120)  Acc@5: 100.0000 (99.9800)LR: 8.778e-04
2024-11-18 19:43:15,890 -                train: [    INFO] - Valid: 528 [   0/104]  Loss: 0.1298 (0.130)  Acc@1: 96.8750 (96.8750)  Acc@5: 100.0000 (100.0000)
2024-11-18 19:43:21,252 -                train: [    INFO] - Valid: 528 [ 104/104]  Loss: 0.2546 (0.130)  Acc@1: 93.7500 (97.0500)  Acc@5: 100.0000 (99.9500)
2024-11-18 19:43:21,287 -                train: [    INFO] - valid_acc 97.050003 - best_valid_acc 97.230003
2024-11-18 19:43:21,738 -                train: [    INFO] - Train: 529 [   0/520]  Loss: 0.05561 (0.0556)  Acc@1: 98.9583 (98.9583)  Acc@5: 100.0000 (100.0000)LR: 8.539e-04
2024-11-18 19:44:06,308 -                train: [    INFO] - Train: 529 [ 200/520]  Loss: 0.05796 (0.102)  Acc@1: 98.9583 (97.8130)  Acc@5: 100.0000 (99.9689)LR: 8.539e-04
2024-11-18 19:44:50,884 -                train: [    INFO] - Train: 529 [ 400/520]  Loss: 0.08229 (0.101)  Acc@1: 97.9167 (97.8413)  Acc@5: 100.0000 (99.9818)LR: 8.539e-04
2024-11-18 19:45:17,582 -                train: [    INFO] - Train: 529 [ 520/520]  Loss: 0.02211 (0.0993)  Acc@1: 100.0000 (97.9140)  Acc@5: 100.0000 (99.9800)LR: 8.539e-04
2024-11-18 19:45:17,891 -                train: [    INFO] - Valid: 529 [   0/104]  Loss: 0.1912 (0.191)  Acc@1: 95.8333 (95.8333)  Acc@5: 100.0000 (100.0000)
2024-11-18 19:45:23,186 -                train: [    INFO] - Valid: 529 [ 104/104]  Loss: 0.08193 (0.129)  Acc@1: 93.7500 (97.0400)  Acc@5: 100.0000 (99.9400)
2024-11-18 19:45:23,462 -                train: [    INFO] - valid_acc 97.040003 - best_valid_acc 97.230003
2024-11-18 19:45:23,893 -                train: [    INFO] - Train: 530 [   0/520]  Loss: 0.05824 (0.0582)  Acc@1: 100.0000 (100.0000)  Acc@5: 100.0000 (100.0000)LR: 8.302e-04
2024-11-18 19:46:09,740 -                train: [    INFO] - Train: 530 [ 200/520]  Loss: 0.08668 (0.0922)  Acc@1: 97.9167 (98.1343)  Acc@5: 100.0000 (99.9689)LR: 8.302e-04
2024-11-18 19:46:55,072 -                train: [    INFO] - Train: 530 [ 400/520]  Loss: 0.1489 (0.0962)  Acc@1: 95.8333 (97.9972)  Acc@5: 100.0000 (99.9792)LR: 8.302e-04
2024-11-18 19:47:22,583 -                train: [    INFO] - Train: 530 [ 520/520]  Loss: 0.06273 (0.0961)  Acc@1: 98.7500 (98.0080)  Acc@5: 100.0000 (99.9740)LR: 8.302e-04
2024-11-18 19:47:22,893 -                train: [    INFO] - Valid: 530 [   0/104]  Loss: 0.1620 (0.162)  Acc@1: 96.8750 (96.8750)  Acc@5: 100.0000 (100.0000)
2024-11-18 19:47:28,209 -                train: [    INFO] - Valid: 530 [ 104/104]  Loss: 0.2759 (0.126)  Acc@1: 93.7500 (97.1000)  Acc@5: 100.0000 (99.9400)
2024-11-18 19:47:28,244 -                train: [    INFO] - valid_acc 97.100002 - best_valid_acc 97.230003
2024-11-18 19:47:28,780 -                train: [    INFO] - Train: 531 [   0/520]  Loss: 0.09660 (0.0966)  Acc@1: 96.8750 (96.8750)  Acc@5: 100.0000 (100.0000)LR: 8.069e-04
2024-11-18 19:48:14,908 -                train: [    INFO] - Train: 531 [ 200/520]  Loss: 0.09438 (0.0945)  Acc@1: 97.9167 (98.1136)  Acc@5: 100.0000 (99.9741)LR: 8.069e-04
2024-11-18 19:49:00,154 -                train: [    INFO] - Train: 531 [ 400/520]  Loss: 0.08223 (0.0991)  Acc@1: 98.9583 (98.0258)  Acc@5: 100.0000 (99.9740)LR: 8.069e-04
2024-11-18 19:49:26,795 -                train: [    INFO] - Train: 531 [ 520/520]  Loss: 0.1634 (0.101)  Acc@1: 97.5000 (97.9960)  Acc@5: 100.0000 (99.9740)LR: 8.069e-04
2024-11-18 19:49:27,061 -                train: [    INFO] - Valid: 531 [   0/104]  Loss: 0.1666 (0.167)  Acc@1: 95.8333 (95.8333)  Acc@5: 100.0000 (100.0000)
2024-11-18 19:49:32,404 -                train: [    INFO] - Valid: 531 [ 104/104]  Loss: 0.1089 (0.128)  Acc@1: 93.7500 (97.0800)  Acc@5: 100.0000 (99.9200)
2024-11-18 19:49:32,439 -                train: [    INFO] - valid_acc 97.080002 - best_valid_acc 97.230003
2024-11-18 19:49:32,964 -                train: [    INFO] - Train: 532 [   0/520]  Loss: 0.1070 (0.107)  Acc@1: 97.9167 (97.9167)  Acc@5: 100.0000 (100.0000)LR: 7.840e-04
2024-11-18 19:50:20,812 -                train: [    INFO] - Train: 532 [ 200/520]  Loss: 0.07106 (0.0962)  Acc@1: 100.0000 (98.0462)  Acc@5: 100.0000 (99.9896)LR: 7.840e-04
2024-11-18 19:51:07,304 -                train: [    INFO] - Train: 532 [ 400/520]  Loss: 0.1117 (0.0941)  Acc@1: 95.8333 (98.0517)  Acc@5: 100.0000 (99.9896)LR: 7.840e-04
2024-11-18 19:51:35,514 -                train: [    INFO] - Train: 532 [ 520/520]  Loss: 0.07081 (0.0945)  Acc@1: 98.7500 (98.0520)  Acc@5: 100.0000 (99.9860)LR: 7.840e-04
2024-11-18 19:51:35,853 -                train: [    INFO] - Valid: 532 [   0/104]  Loss: 0.1701 (0.170)  Acc@1: 96.8750 (96.8750)  Acc@5: 100.0000 (100.0000)
2024-11-18 19:51:41,159 -                train: [    INFO] - Valid: 532 [ 104/104]  Loss: 0.2899 (0.129)  Acc@1: 93.7500 (97.0400)  Acc@5: 100.0000 (99.9200)
2024-11-18 19:51:41,195 -                train: [    INFO] - valid_acc 97.040002 - best_valid_acc 97.230003
2024-11-18 19:51:41,687 -                train: [    INFO] - Train: 533 [   0/520]  Loss: 0.1778 (0.178)  Acc@1: 96.8750 (96.8750)  Acc@5: 100.0000 (100.0000)LR: 7.613e-04
2024-11-18 19:52:27,960 -                train: [    INFO] - Train: 533 [ 200/520]  Loss: 0.09426 (0.0954)  Acc@1: 97.9167 (98.1136)  Acc@5: 100.0000 (99.9689)LR: 7.613e-04
2024-11-18 19:53:12,866 -                train: [    INFO] - Train: 533 [ 400/520]  Loss: 0.1178 (0.0936)  Acc@1: 98.9583 (98.1219)  Acc@5: 100.0000 (99.9740)LR: 7.613e-04
2024-11-18 19:53:39,700 -                train: [    INFO] - Train: 533 [ 520/520]  Loss: 0.06104 (0.0933)  Acc@1: 97.5000 (98.1460)  Acc@5: 100.0000 (99.9760)LR: 7.613e-04
2024-11-18 19:53:40,046 -                train: [    INFO] - Valid: 533 [   0/104]  Loss: 0.1721 (0.172)  Acc@1: 95.8333 (95.8333)  Acc@5: 100.0000 (100.0000)
2024-11-18 19:53:45,368 -                train: [    INFO] - Valid: 533 [ 104/104]  Loss: 0.3151 (0.131)  Acc@1: 93.7500 (96.9000)  Acc@5: 100.0000 (99.9400)
2024-11-18 19:53:45,400 -                train: [    INFO] - valid_acc 96.900002 - best_valid_acc 97.230003
2024-11-18 19:53:45,853 -                train: [    INFO] - Train: 534 [   0/520]  Loss: 0.1852 (0.185)  Acc@1: 95.8333 (95.8333)  Acc@5: 100.0000 (100.0000)LR: 7.390e-04
2024-11-18 19:54:30,805 -                train: [    INFO] - Train: 534 [ 200/520]  Loss: 0.04357 (0.0925)  Acc@1: 100.0000 (98.1913)  Acc@5: 100.0000 (99.9793)LR: 7.390e-04
2024-11-18 19:55:15,424 -                train: [    INFO] - Train: 534 [ 400/520]  Loss: 0.08183 (0.0934)  Acc@1: 98.9583 (98.1920)  Acc@5: 100.0000 (99.9818)LR: 7.390e-04
2024-11-18 19:55:42,097 -                train: [    INFO] - Train: 534 [ 520/520]  Loss: 0.06815 (0.0913)  Acc@1: 98.7500 (98.1960)  Acc@5: 100.0000 (99.9840)LR: 7.390e-04
2024-11-18 19:55:42,386 -                train: [    INFO] - Valid: 534 [   0/104]  Loss: 0.1531 (0.153)  Acc@1: 96.8750 (96.8750)  Acc@5: 100.0000 (100.0000)
2024-11-18 19:55:47,733 -                train: [    INFO] - Valid: 534 [ 104/104]  Loss: 0.3272 (0.129)  Acc@1: 93.7500 (97.0000)  Acc@5: 100.0000 (99.9600)
2024-11-18 19:55:47,766 -                train: [    INFO] - valid_acc 97.000003 - best_valid_acc 97.230003
2024-11-18 19:55:48,387 -                train: [    INFO] - Train: 535 [   0/520]  Loss: 0.05192 (0.0519)  Acc@1: 98.9583 (98.9583)  Acc@5: 100.0000 (100.0000)LR: 7.170e-04
2024-11-18 19:56:33,352 -                train: [    INFO] - Train: 535 [ 200/520]  Loss: 0.03662 (0.0989)  Acc@1: 98.9583 (97.9633)  Acc@5: 100.0000 (99.9534)LR: 7.170e-04
2024-11-18 19:57:18,093 -                train: [    INFO] - Train: 535 [ 400/520]  Loss: 0.09136 (0.0970)  Acc@1: 98.9583 (98.0725)  Acc@5: 100.0000 (99.9714)LR: 7.170e-04
2024-11-18 19:57:45,043 -                train: [    INFO] - Train: 535 [ 520/520]  Loss: 0.08393 (0.0973)  Acc@1: 97.5000 (98.0580)  Acc@5: 100.0000 (99.9760)LR: 7.170e-04
2024-11-18 19:57:45,415 -                train: [    INFO] - Valid: 535 [   0/104]  Loss: 0.1460 (0.146)  Acc@1: 95.8333 (95.8333)  Acc@5: 100.0000 (100.0000)
2024-11-18 19:57:50,815 -                train: [    INFO] - Valid: 535 [ 104/104]  Loss: 0.3596 (0.126)  Acc@1: 93.7500 (97.1700)  Acc@5: 100.0000 (99.9400)
2024-11-18 19:57:50,853 -                train: [    INFO] - valid_acc 97.170002 - best_valid_acc 97.230003
2024-11-18 19:57:51,387 -                train: [    INFO] - Train: 536 [   0/520]  Loss: 0.06780 (0.0678)  Acc@1: 98.9583 (98.9583)  Acc@5: 100.0000 (100.0000)LR: 6.953e-04
2024-11-18 19:58:36,095 -                train: [    INFO] - Train: 536 [ 200/520]  Loss: 0.1688 (0.0925)  Acc@1: 96.8750 (98.0514)  Acc@5: 100.0000 (99.9845)LR: 6.953e-04
2024-11-18 19:59:20,800 -                train: [    INFO] - Train: 536 [ 400/520]  Loss: 0.04298 (0.0916)  Acc@1: 98.9583 (98.1193)  Acc@5: 100.0000 (99.9792)LR: 6.953e-04
2024-11-18 19:59:47,670 -                train: [    INFO] - Train: 536 [ 520/520]  Loss: 0.05380 (0.0950)  Acc@1: 98.7500 (98.0740)  Acc@5: 100.0000 (99.9740)LR: 6.953e-04
2024-11-18 19:59:47,968 -                train: [    INFO] - Valid: 536 [   0/104]  Loss: 0.1871 (0.187)  Acc@1: 95.8333 (95.8333)  Acc@5: 100.0000 (100.0000)
2024-11-18 19:59:53,317 -                train: [    INFO] - Valid: 536 [ 104/104]  Loss: 0.4002 (0.126)  Acc@1: 93.7500 (97.0500)  Acc@5: 100.0000 (99.9600)
2024-11-18 19:59:53,354 -                train: [    INFO] - valid_acc 97.050002 - best_valid_acc 97.230003
2024-11-18 19:59:53,813 -                train: [    INFO] - Train: 537 [   0/520]  Loss: 0.1533 (0.153)  Acc@1: 96.8750 (96.8750)  Acc@5: 100.0000 (100.0000)LR: 6.739e-04
2024-11-18 20:00:39,693 -                train: [    INFO] - Train: 537 [ 200/520]  Loss: 0.02735 (0.0884)  Acc@1: 100.0000 (98.2483)  Acc@5: 100.0000 (99.9741)LR: 6.739e-04
2024-11-18 20:01:24,212 -                train: [    INFO] - Train: 537 [ 400/520]  Loss: 0.04443 (0.0879)  Acc@1: 100.0000 (98.3089)  Acc@5: 100.0000 (99.9818)LR: 6.739e-04
2024-11-18 20:01:51,559 -                train: [    INFO] - Train: 537 [ 520/520]  Loss: 0.1073 (0.0901)  Acc@1: 98.7500 (98.2660)  Acc@5: 100.0000 (99.9840)LR: 6.739e-04
2024-11-18 20:01:51,909 -                train: [    INFO] - Valid: 537 [   0/104]  Loss: 0.1864 (0.186)  Acc@1: 95.8333 (95.8333)  Acc@5: 100.0000 (100.0000)
2024-11-18 20:01:57,296 -                train: [    INFO] - Valid: 537 [ 104/104]  Loss: 0.2387 (0.124)  Acc@1: 93.7500 (97.1000)  Acc@5: 100.0000 (99.9600)
2024-11-18 20:01:57,339 -                train: [    INFO] - valid_acc 97.100003 - best_valid_acc 97.230003
2024-11-18 20:01:57,804 -                train: [    INFO] - Train: 538 [   0/520]  Loss: 0.02918 (0.0292)  Acc@1: 100.0000 (100.0000)  Acc@5: 100.0000 (100.0000)LR: 6.529e-04
2024-11-18 20:02:46,261 -                train: [    INFO] - Train: 538 [ 200/520]  Loss: 0.08449 (0.0894)  Acc@1: 96.8750 (98.1706)  Acc@5: 100.0000 (99.9689)LR: 6.529e-04
2024-11-18 20:03:33,602 -                train: [    INFO] - Train: 538 [ 400/520]  Loss: 0.1336 (0.0903)  Acc@1: 97.9167 (98.2206)  Acc@5: 100.0000 (99.9714)LR: 6.529e-04
2024-11-18 20:04:01,342 -                train: [    INFO] - Train: 538 [ 520/520]  Loss: 0.02153 (0.0914)  Acc@1: 100.0000 (98.1580)  Acc@5: 100.0000 (99.9700)LR: 6.529e-04
2024-11-18 20:04:01,681 -                train: [    INFO] - Valid: 538 [   0/104]  Loss: 0.1247 (0.125)  Acc@1: 95.8333 (95.8333)  Acc@5: 100.0000 (100.0000)
2024-11-18 20:04:07,033 -                train: [    INFO] - Valid: 538 [ 104/104]  Loss: 0.3617 (0.121)  Acc@1: 93.7500 (97.1700)  Acc@5: 100.0000 (99.9700)
2024-11-18 20:04:07,095 -                train: [    INFO] - valid_acc 97.170003 - best_valid_acc 97.230003
2024-11-18 20:04:07,634 -                train: [    INFO] - Train: 539 [   0/520]  Loss: 0.07494 (0.0749)  Acc@1: 98.9583 (98.9583)  Acc@5: 100.0000 (100.0000)LR: 6.322e-04
2024-11-18 20:04:55,925 -                train: [    INFO] - Train: 539 [ 200/520]  Loss: 0.09124 (0.0940)  Acc@1: 97.9167 (98.0981)  Acc@5: 100.0000 (99.9637)LR: 6.322e-04
2024-11-18 20:05:42,536 -                train: [    INFO] - Train: 539 [ 400/520]  Loss: 0.1028 (0.0899)  Acc@1: 98.9583 (98.1686)  Acc@5: 100.0000 (99.9792)LR: 6.322e-04
2024-11-18 20:06:10,358 -                train: [    INFO] - Train: 539 [ 520/520]  Loss: 0.06256 (0.0893)  Acc@1: 98.7500 (98.1980)  Acc@5: 100.0000 (99.9760)LR: 6.322e-04
2024-11-18 20:06:10,641 -                train: [    INFO] - Valid: 539 [   0/104]  Loss: 0.1421 (0.142)  Acc@1: 96.8750 (96.8750)  Acc@5: 100.0000 (100.0000)
2024-11-18 20:06:15,957 -                train: [    INFO] - Valid: 539 [ 104/104]  Loss: 0.2396 (0.125)  Acc@1: 93.7500 (97.2200)  Acc@5: 100.0000 (99.9500)
2024-11-18 20:06:16,026 -                train: [    INFO] - valid_acc 97.220003 - best_valid_acc 97.230003
2024-11-18 20:06:16,524 -                train: [    INFO] - Train: 540 [   0/520]  Loss: 0.1862 (0.186)  Acc@1: 95.8333 (95.8333)  Acc@5: 100.0000 (100.0000)LR: 6.118e-04
2024-11-18 20:07:04,298 -                train: [    INFO] - Train: 540 [ 200/520]  Loss: 0.04923 (0.0841)  Acc@1: 98.9583 (98.2432)  Acc@5: 100.0000 (99.9793)LR: 6.118e-04
2024-11-18 20:07:50,758 -                train: [    INFO] - Train: 540 [ 400/520]  Loss: 0.08392 (0.0853)  Acc@1: 98.9583 (98.3401)  Acc@5: 100.0000 (99.9766)LR: 6.118e-04
2024-11-18 20:08:18,619 -                train: [    INFO] - Train: 540 [ 520/520]  Loss: 0.04680 (0.0848)  Acc@1: 98.7500 (98.3460)  Acc@5: 100.0000 (99.9760)LR: 6.118e-04
2024-11-18 20:08:18,952 -                train: [    INFO] - Valid: 540 [   0/104]  Loss: 0.1442 (0.144)  Acc@1: 96.8750 (96.8750)  Acc@5: 100.0000 (100.0000)
2024-11-18 20:08:24,350 -                train: [    INFO] - Valid: 540 [ 104/104]  Loss: 0.2854 (0.128)  Acc@1: 93.7500 (97.1000)  Acc@5: 100.0000 (99.9500)
2024-11-18 20:08:24,408 -                train: [    INFO] - valid_acc 97.100003 - best_valid_acc 97.230003
2024-11-18 20:08:24,981 -                train: [    INFO] - Train: 541 [   0/520]  Loss: 0.1506 (0.151)  Acc@1: 96.8750 (96.8750)  Acc@5: 100.0000 (100.0000)LR: 5.917e-04
2024-11-18 20:09:11,629 -                train: [    INFO] - Train: 541 [ 200/520]  Loss: 0.1415 (0.0877)  Acc@1: 96.8750 (98.2587)  Acc@5: 100.0000 (99.9845)LR: 5.917e-04
2024-11-18 20:09:58,344 -                train: [    INFO] - Train: 541 [ 400/520]  Loss: 0.06436 (0.0884)  Acc@1: 98.9583 (98.2414)  Acc@5: 100.0000 (99.9870)LR: 5.917e-04
2024-11-18 20:10:25,702 -                train: [    INFO] - Train: 541 [ 520/520]  Loss: 0.2186 (0.0878)  Acc@1: 95.0000 (98.2560)  Acc@5: 100.0000 (99.9860)LR: 5.917e-04
2024-11-18 20:10:26,057 -                train: [    INFO] - Valid: 541 [   0/104]  Loss: 0.1667 (0.167)  Acc@1: 95.8333 (95.8333)  Acc@5: 100.0000 (100.0000)
2024-11-18 20:10:31,446 -                train: [    INFO] - Valid: 541 [ 104/104]  Loss: 0.2706 (0.126)  Acc@1: 93.7500 (97.1000)  Acc@5: 100.0000 (99.9700)
2024-11-18 20:10:31,582 -                train: [    INFO] - valid_acc 97.100003 - best_valid_acc 97.230003
2024-11-18 20:10:32,115 -                train: [    INFO] - Train: 542 [   0/520]  Loss: 0.06287 (0.0629)  Acc@1: 98.9583 (98.9583)  Acc@5: 100.0000 (100.0000)LR: 5.720e-04
2024-11-18 20:11:18,414 -                train: [    INFO] - Train: 542 [ 200/520]  Loss: 0.2183 (0.0933)  Acc@1: 95.8333 (98.1084)  Acc@5: 98.9583 (99.9482)LR: 5.720e-04
2024-11-18 20:12:04,947 -                train: [    INFO] - Train: 542 [ 400/520]  Loss: 0.08333 (0.0903)  Acc@1: 98.9583 (98.1998)  Acc@5: 100.0000 (99.9584)LR: 5.720e-04
2024-11-18 20:12:32,849 -                train: [    INFO] - Train: 542 [ 520/520]  Loss: 0.06089 (0.0919)  Acc@1: 97.5000 (98.1740)  Acc@5: 100.0000 (99.9600)LR: 5.720e-04
2024-11-18 20:12:33,260 -                train: [    INFO] - Valid: 542 [   0/104]  Loss: 0.1275 (0.127)  Acc@1: 95.8333 (95.8333)  Acc@5: 100.0000 (100.0000)
2024-11-18 20:12:38,632 -                train: [    INFO] - Valid: 542 [ 104/104]  Loss: 0.4070 (0.124)  Acc@1: 93.7500 (97.2100)  Acc@5: 100.0000 (99.9500)
2024-11-18 20:12:38,673 -                train: [    INFO] - valid_acc 97.210002 - best_valid_acc 97.230003
2024-11-18 20:12:39,162 -                train: [    INFO] - Train: 543 [   0/520]  Loss: 0.1180 (0.118)  Acc@1: 96.8750 (96.8750)  Acc@5: 100.0000 (100.0000)LR: 5.526e-04
2024-11-18 20:13:24,792 -                train: [    INFO] - Train: 543 [ 200/520]  Loss: 0.04994 (0.0942)  Acc@1: 98.9583 (98.0618)  Acc@5: 100.0000 (99.9793)LR: 5.526e-04
2024-11-18 20:14:10,330 -                train: [    INFO] - Train: 543 [ 400/520]  Loss: 0.08827 (0.0931)  Acc@1: 98.9583 (98.0959)  Acc@5: 100.0000 (99.9740)LR: 5.526e-04
2024-11-18 20:14:37,674 -                train: [    INFO] - Train: 543 [ 520/520]  Loss: 0.1022 (0.0927)  Acc@1: 97.5000 (98.1260)  Acc@5: 100.0000 (99.9740)LR: 5.526e-04
2024-11-18 20:14:38,072 -                train: [    INFO] - Valid: 543 [   0/104]  Loss: 0.1098 (0.110)  Acc@1: 96.8750 (96.8750)  Acc@5: 100.0000 (100.0000)
2024-11-18 20:14:43,439 -                train: [    INFO] - Valid: 543 [ 104/104]  Loss: 0.3269 (0.124)  Acc@1: 93.7500 (97.2300)  Acc@5: 100.0000 (99.9500)
2024-11-18 20:14:44,022 -                train: [    INFO] - valid_acc 97.230003 - best_valid_acc 97.230003
2024-11-18 20:14:44,501 -                train: [    INFO] - Train: 544 [   0/520]  Loss: 0.03026 (0.0303)  Acc@1: 100.0000 (100.0000)  Acc@5: 100.0000 (100.0000)LR: 5.335e-04
2024-11-18 20:15:30,333 -                train: [    INFO] - Train: 544 [ 200/520]  Loss: 0.03815 (0.0830)  Acc@1: 100.0000 (98.2743)  Acc@5: 100.0000 (99.9896)LR: 5.335e-04
2024-11-18 20:16:15,861 -                train: [    INFO] - Train: 544 [ 400/520]  Loss: 0.08050 (0.0855)  Acc@1: 98.9583 (98.2388)  Acc@5: 100.0000 (99.9870)LR: 5.335e-04
2024-11-18 20:16:42,946 -                train: [    INFO] - Train: 544 [ 520/520]  Loss: 0.1665 (0.0865)  Acc@1: 96.2500 (98.2460)  Acc@5: 100.0000 (99.9860)LR: 5.335e-04
2024-11-18 20:16:43,302 -                train: [    INFO] - Valid: 544 [   0/104]  Loss: 0.1196 (0.120)  Acc@1: 95.8333 (95.8333)  Acc@5: 100.0000 (100.0000)
2024-11-18 20:16:48,661 -                train: [    INFO] - Valid: 544 [ 104/104]  Loss: 0.4460 (0.131)  Acc@1: 93.7500 (97.1500)  Acc@5: 100.0000 (99.9400)
2024-11-18 20:16:48,753 -                train: [    INFO] - valid_acc 97.150003 - best_valid_acc 97.230003
2024-11-18 20:16:49,303 -                train: [    INFO] - Train: 545 [   0/520]  Loss: 0.1214 (0.121)  Acc@1: 96.8750 (96.8750)  Acc@5: 100.0000 (100.0000)LR: 5.148e-04
2024-11-18 20:17:37,378 -                train: [    INFO] - Train: 545 [ 200/520]  Loss: 0.04461 (0.0935)  Acc@1: 100.0000 (98.1551)  Acc@5: 100.0000 (99.9793)LR: 5.148e-04
2024-11-18 20:18:24,750 -                train: [    INFO] - Train: 545 [ 400/520]  Loss: 0.05576 (0.0901)  Acc@1: 98.9583 (98.1764)  Acc@5: 100.0000 (99.9818)LR: 5.148e-04
2024-11-18 20:18:52,695 -                train: [    INFO] - Train: 545 [ 520/520]  Loss: 0.06000 (0.0917)  Acc@1: 98.7500 (98.1420)  Acc@5: 100.0000 (99.9820)LR: 5.148e-04
2024-11-18 20:18:53,081 -                train: [    INFO] - Valid: 545 [   0/104]  Loss: 0.1108 (0.111)  Acc@1: 95.8333 (95.8333)  Acc@5: 100.0000 (100.0000)
2024-11-18 20:18:58,416 -                train: [    INFO] - Valid: 545 [ 104/104]  Loss: 0.4195 (0.126)  Acc@1: 93.7500 (97.0600)  Acc@5: 100.0000 (99.9600)
2024-11-18 20:18:58,485 -                train: [    INFO] - valid_acc 97.060002 - best_valid_acc 97.230003
2024-11-18 20:18:58,957 -                train: [    INFO] - Train: 546 [   0/520]  Loss: 0.04841 (0.0484)  Acc@1: 98.9583 (98.9583)  Acc@5: 100.0000 (100.0000)LR: 4.963e-04
2024-11-18 20:19:46,054 -                train: [    INFO] - Train: 546 [ 200/520]  Loss: 0.1839 (0.0839)  Acc@1: 95.8333 (98.3105)  Acc@5: 100.0000 (99.9948)LR: 4.963e-04
2024-11-18 20:20:31,830 -                train: [    INFO] - Train: 546 [ 400/520]  Loss: 0.1776 (0.0864)  Acc@1: 95.8333 (98.2388)  Acc@5: 100.0000 (99.9922)LR: 4.963e-04
2024-11-18 20:20:59,389 -                train: [    INFO] - Train: 546 [ 520/520]  Loss: 0.1017 (0.0873)  Acc@1: 98.7500 (98.2380)  Acc@5: 100.0000 (99.9840)LR: 4.963e-04
2024-11-18 20:20:59,826 -                train: [    INFO] - Valid: 546 [   0/104]  Loss: 0.1228 (0.123)  Acc@1: 95.8333 (95.8333)  Acc@5: 100.0000 (100.0000)
2024-11-18 20:21:05,231 -                train: [    INFO] - Valid: 546 [ 104/104]  Loss: 0.3041 (0.127)  Acc@1: 93.7500 (97.0800)  Acc@5: 100.0000 (99.9500)
2024-11-18 20:21:05,291 -                train: [    INFO] - valid_acc 97.080002 - best_valid_acc 97.230003
2024-11-18 20:21:05,783 -                train: [    INFO] - Train: 547 [   0/520]  Loss: 0.2436 (0.244)  Acc@1: 95.8333 (95.8333)  Acc@5: 100.0000 (100.0000)LR: 4.782e-04
2024-11-18 20:21:51,559 -                train: [    INFO] - Train: 547 [ 200/520]  Loss: 0.1035 (0.0862)  Acc@1: 97.9167 (98.3572)  Acc@5: 100.0000 (99.9741)LR: 4.782e-04
2024-11-18 20:22:37,108 -                train: [    INFO] - Train: 547 [ 400/520]  Loss: 0.09942 (0.0850)  Acc@1: 97.9167 (98.3557)  Acc@5: 100.0000 (99.9714)LR: 4.782e-04
2024-11-18 20:23:04,392 -                train: [    INFO] - Train: 547 [ 520/520]  Loss: 0.1157 (0.0840)  Acc@1: 97.5000 (98.4020)  Acc@5: 100.0000 (99.9760)LR: 4.782e-04
2024-11-18 20:23:04,756 -                train: [    INFO] - Valid: 547 [   0/104]  Loss: 0.1315 (0.131)  Acc@1: 95.8333 (95.8333)  Acc@5: 100.0000 (100.0000)
2024-11-18 20:23:10,089 -                train: [    INFO] - Valid: 547 [ 104/104]  Loss: 0.5141 (0.125)  Acc@1: 93.7500 (97.1800)  Acc@5: 100.0000 (99.9500)
2024-11-18 20:23:10,135 -                train: [    INFO] - valid_acc 97.180003 - best_valid_acc 97.230003
2024-11-18 20:23:10,642 -                train: [    INFO] - Train: 548 [   0/520]  Loss: 0.1008 (0.101)  Acc@1: 96.8750 (96.8750)  Acc@5: 100.0000 (100.0000)LR: 4.605e-04
2024-11-18 20:23:56,676 -                train: [    INFO] - Train: 548 [ 200/520]  Loss: 0.08929 (0.0856)  Acc@1: 98.9583 (98.2172)  Acc@5: 100.0000 (99.9896)LR: 4.605e-04
2024-11-18 20:24:42,219 -                train: [    INFO] - Train: 548 [ 400/520]  Loss: 0.04099 (0.0845)  Acc@1: 98.9583 (98.2674)  Acc@5: 100.0000 (99.9896)LR: 4.605e-04
2024-11-18 20:25:09,787 -                train: [    INFO] - Train: 548 [ 520/520]  Loss: 0.05411 (0.0840)  Acc@1: 98.7500 (98.2820)  Acc@5: 100.0000 (99.9880)LR: 4.605e-04
2024-11-18 20:25:10,174 -                train: [    INFO] - Valid: 548 [   0/104]  Loss: 0.1399 (0.140)  Acc@1: 96.8750 (96.8750)  Acc@5: 100.0000 (100.0000)
2024-11-18 20:25:15,516 -                train: [    INFO] - Valid: 548 [ 104/104]  Loss: 0.4609 (0.129)  Acc@1: 93.7500 (97.0400)  Acc@5: 100.0000 (99.9300)
2024-11-18 20:25:15,550 -                train: [    INFO] - valid_acc 97.040003 - best_valid_acc 97.230003
2024-11-18 20:25:16,099 -                train: [    INFO] - Train: 549 [   0/520]  Loss: 0.03686 (0.0369)  Acc@1: 100.0000 (100.0000)  Acc@5: 100.0000 (100.0000)LR: 4.430e-04
2024-11-18 20:26:01,776 -                train: [    INFO] - Train: 549 [ 200/520]  Loss: 0.1386 (0.0891)  Acc@1: 96.8750 (98.2743)  Acc@5: 100.0000 (99.9793)LR: 4.430e-04
2024-11-18 20:26:47,572 -                train: [    INFO] - Train: 549 [ 400/520]  Loss: 0.05221 (0.0851)  Acc@1: 98.9583 (98.3089)  Acc@5: 100.0000 (99.9740)LR: 4.430e-04
2024-11-18 20:27:15,041 -                train: [    INFO] - Train: 549 [ 520/520]  Loss: 0.07462 (0.0836)  Acc@1: 97.5000 (98.3600)  Acc@5: 100.0000 (99.9740)LR: 4.430e-04
2024-11-18 20:27:15,360 -                train: [    INFO] - Valid: 549 [   0/104]  Loss: 0.1301 (0.130)  Acc@1: 95.8333 (95.8333)  Acc@5: 100.0000 (100.0000)
2024-11-18 20:27:20,695 -                train: [    INFO] - Valid: 549 [ 104/104]  Loss: 0.4569 (0.126)  Acc@1: 93.7500 (97.1600)  Acc@5: 100.0000 (99.9500)
2024-11-18 20:27:20,738 -                train: [    INFO] - valid_acc 97.160003 - best_valid_acc 97.230003
2024-11-18 20:27:21,247 -                train: [    INFO] - Train: 550 [   0/520]  Loss: 0.05597 (0.0560)  Acc@1: 100.0000 (100.0000)  Acc@5: 100.0000 (100.0000)LR: 4.259e-04
2024-11-18 20:28:06,527 -                train: [    INFO] - Train: 550 [ 200/520]  Loss: 0.1151 (0.0825)  Acc@1: 97.9167 (98.3831)  Acc@5: 100.0000 (99.9896)LR: 4.259e-04
2024-11-18 20:28:52,051 -                train: [    INFO] - Train: 550 [ 400/520]  Loss: 0.1128 (0.0834)  Acc@1: 96.8750 (98.3245)  Acc@5: 100.0000 (99.9844)LR: 4.259e-04
2024-11-18 20:29:18,899 -                train: [    INFO] - Train: 550 [ 520/520]  Loss: 0.07942 (0.0840)  Acc@1: 97.5000 (98.2980)  Acc@5: 100.0000 (99.9860)LR: 4.259e-04
2024-11-18 20:29:19,278 -                train: [    INFO] - Valid: 550 [   0/104]  Loss: 0.1368 (0.137)  Acc@1: 96.8750 (96.8750)  Acc@5: 100.0000 (100.0000)
2024-11-18 20:29:24,744 -                train: [    INFO] - Valid: 550 [ 104/104]  Loss: 0.3019 (0.127)  Acc@1: 93.7500 (97.0700)  Acc@5: 100.0000 (99.9400)
2024-11-18 20:29:24,773 -                train: [    INFO] - valid_acc 97.070003 - best_valid_acc 97.230003
2024-11-18 20:29:25,299 -                train: [    INFO] - Train: 551 [   0/520]  Loss: 0.08431 (0.0843)  Acc@1: 96.8750 (96.8750)  Acc@5: 100.0000 (100.0000)LR: 4.092e-04
2024-11-18 20:30:10,654 -                train: [    INFO] - Train: 551 [ 200/520]  Loss: 0.07205 (0.0811)  Acc@1: 98.9583 (98.3572)  Acc@5: 100.0000 (99.9741)LR: 4.092e-04
2024-11-18 20:30:55,837 -                train: [    INFO] - Train: 551 [ 400/520]  Loss: 0.05814 (0.0828)  Acc@1: 97.9167 (98.3427)  Acc@5: 100.0000 (99.9818)LR: 4.092e-04
2024-11-18 20:31:22,776 -                train: [    INFO] - Train: 551 [ 520/520]  Loss: 0.1112 (0.0829)  Acc@1: 98.7500 (98.3480)  Acc@5: 100.0000 (99.9800)LR: 4.092e-04
2024-11-18 20:31:23,076 -                train: [    INFO] - Valid: 551 [   0/104]  Loss: 0.1283 (0.128)  Acc@1: 96.8750 (96.8750)  Acc@5: 100.0000 (100.0000)
2024-11-18 20:31:28,457 -                train: [    INFO] - Valid: 551 [ 104/104]  Loss: 0.2904 (0.125)  Acc@1: 93.7500 (97.2400)  Acc@5: 100.0000 (99.9200)
2024-11-18 20:31:29,050 -                train: [    INFO] - valid_acc 97.240003 - best_valid_acc 97.240003
2024-11-18 20:31:29,595 -                train: [    INFO] - Train: 552 [   0/520]  Loss: 0.1385 (0.138)  Acc@1: 96.8750 (96.8750)  Acc@5: 100.0000 (100.0000)LR: 3.927e-04
2024-11-18 20:32:15,195 -                train: [    INFO] - Train: 552 [ 200/520]  Loss: 0.1044 (0.0867)  Acc@1: 95.8333 (98.2069)  Acc@5: 100.0000 (99.9741)LR: 3.927e-04
2024-11-18 20:33:00,428 -                train: [    INFO] - Train: 552 [ 400/520]  Loss: 0.08587 (0.0827)  Acc@1: 97.9167 (98.3167)  Acc@5: 100.0000 (99.9766)LR: 3.927e-04
2024-11-18 20:33:28,150 -                train: [    INFO] - Train: 552 [ 520/520]  Loss: 0.05716 (0.0833)  Acc@1: 97.5000 (98.3120)  Acc@5: 100.0000 (99.9820)LR: 3.927e-04
2024-11-18 20:33:28,464 -                train: [    INFO] - Valid: 552 [   0/104]  Loss: 0.1121 (0.112)  Acc@1: 96.8750 (96.8750)  Acc@5: 100.0000 (100.0000)
2024-11-18 20:33:33,877 -                train: [    INFO] - Valid: 552 [ 104/104]  Loss: 0.3593 (0.128)  Acc@1: 93.7500 (97.2200)  Acc@5: 100.0000 (99.9600)
2024-11-18 20:33:33,914 -                train: [    INFO] - valid_acc 97.220003 - best_valid_acc 97.240003
2024-11-18 20:33:34,350 -                train: [    INFO] - Train: 553 [   0/520]  Loss: 0.09401 (0.0940)  Acc@1: 96.8750 (96.8750)  Acc@5: 100.0000 (100.0000)LR: 3.766e-04
2024-11-18 20:34:20,571 -                train: [    INFO] - Train: 553 [ 200/520]  Loss: 0.1246 (0.0803)  Acc@1: 96.8750 (98.4764)  Acc@5: 100.0000 (99.9896)LR: 3.766e-04
2024-11-18 20:35:05,797 -                train: [    INFO] - Train: 553 [ 400/520]  Loss: 0.1052 (0.0810)  Acc@1: 96.8750 (98.4778)  Acc@5: 100.0000 (99.9948)LR: 3.766e-04
2024-11-18 20:35:32,924 -                train: [    INFO] - Train: 553 [ 520/520]  Loss: 0.04301 (0.0810)  Acc@1: 98.7500 (98.4640)  Acc@5: 100.0000 (99.9920)LR: 3.766e-04
2024-11-18 20:35:33,283 -                train: [    INFO] - Valid: 553 [   0/104]  Loss: 0.09643 (0.0964)  Acc@1: 96.8750 (96.8750)  Acc@5: 100.0000 (100.0000)
2024-11-18 20:35:38,614 -                train: [    INFO] - Valid: 553 [ 104/104]  Loss: 0.2897 (0.127)  Acc@1: 93.7500 (97.1900)  Acc@5: 100.0000 (99.9600)
2024-11-18 20:35:38,653 -                train: [    INFO] - valid_acc 97.190003 - best_valid_acc 97.240003
2024-11-18 20:35:39,123 -                train: [    INFO] - Train: 554 [   0/520]  Loss: 0.1057 (0.106)  Acc@1: 97.9167 (97.9167)  Acc@5: 100.0000 (100.0000)LR: 3.608e-04
2024-11-18 20:36:26,088 -                train: [    INFO] - Train: 554 [ 200/520]  Loss: 0.1410 (0.0822)  Acc@1: 96.8750 (98.4608)  Acc@5: 100.0000 (99.9741)LR: 3.608e-04
2024-11-18 20:37:11,253 -                train: [    INFO] - Train: 554 [ 400/520]  Loss: 0.02971 (0.0829)  Acc@1: 100.0000 (98.4310)  Acc@5: 100.0000 (99.9740)LR: 3.608e-04
2024-11-18 20:37:38,544 -                train: [    INFO] - Train: 554 [ 520/520]  Loss: 0.04606 (0.0816)  Acc@1: 100.0000 (98.4640)  Acc@5: 100.0000 (99.9800)LR: 3.608e-04
2024-11-18 20:37:39,965 -                train: [    INFO] - Valid: 554 [   0/104]  Loss: 0.1038 (0.104)  Acc@1: 96.8750 (96.8750)  Acc@5: 100.0000 (100.0000)
2024-11-18 20:37:45,448 -                train: [    INFO] - Valid: 554 [ 104/104]  Loss: 0.3624 (0.126)  Acc@1: 93.7500 (97.1500)  Acc@5: 100.0000 (99.9700)
2024-11-18 20:37:46,063 -                train: [    INFO] - valid_acc 97.150003 - best_valid_acc 97.240003
2024-11-18 20:37:46,582 -                train: [    INFO] - Train: 555 [   0/520]  Loss: 0.04873 (0.0487)  Acc@1: 100.0000 (100.0000)  Acc@5: 100.0000 (100.0000)LR: 3.454e-04
2024-11-18 20:38:33,547 -                train: [    INFO] - Train: 555 [ 200/520]  Loss: 0.1517 (0.0777)  Acc@1: 97.9167 (98.5023)  Acc@5: 100.0000 (99.9896)LR: 3.454e-04
2024-11-18 20:39:19,029 -                train: [    INFO] - Train: 555 [ 400/520]  Loss: 0.08809 (0.0776)  Acc@1: 97.9167 (98.4778)  Acc@5: 100.0000 (99.9870)LR: 3.454e-04
2024-11-18 20:39:46,178 -                train: [    INFO] - Train: 555 [ 520/520]  Loss: 0.1048 (0.0782)  Acc@1: 97.5000 (98.4660)  Acc@5: 100.0000 (99.9880)LR: 3.454e-04
2024-11-18 20:39:46,464 -                train: [    INFO] - Valid: 555 [   0/104]  Loss: 0.1119 (0.112)  Acc@1: 96.8750 (96.8750)  Acc@5: 100.0000 (100.0000)
2024-11-18 20:39:51,854 -                train: [    INFO] - Valid: 555 [ 104/104]  Loss: 0.3590 (0.129)  Acc@1: 93.7500 (97.1900)  Acc@5: 100.0000 (99.9700)
2024-11-18 20:39:51,890 -                train: [    INFO] - valid_acc 97.190003 - best_valid_acc 97.240003
2024-11-18 20:39:52,382 -                train: [    INFO] - Train: 556 [   0/520]  Loss: 0.09183 (0.0918)  Acc@1: 97.9167 (97.9167)  Acc@5: 100.0000 (100.0000)LR: 3.303e-04
2024-11-18 20:40:38,587 -                train: [    INFO] - Train: 556 [ 200/520]  Loss: 0.06181 (0.0873)  Acc@1: 98.9583 (98.2432)  Acc@5: 100.0000 (99.9896)LR: 3.303e-04
2024-11-18 20:41:25,102 -                train: [    INFO] - Train: 556 [ 400/520]  Loss: 0.03964 (0.0861)  Acc@1: 98.9583 (98.2777)  Acc@5: 100.0000 (99.9766)LR: 3.303e-04
2024-11-18 20:41:53,260 -                train: [    INFO] - Train: 556 [ 520/520]  Loss: 0.2204 (0.0851)  Acc@1: 97.5000 (98.3120)  Acc@5: 100.0000 (99.9700)LR: 3.303e-04
2024-11-18 20:41:53,549 -                train: [    INFO] - Valid: 556 [   0/104]  Loss: 0.1307 (0.131)  Acc@1: 96.8750 (96.8750)  Acc@5: 100.0000 (100.0000)
2024-11-18 20:41:58,968 -                train: [    INFO] - Valid: 556 [ 104/104]  Loss: 0.4339 (0.124)  Acc@1: 93.7500 (97.2000)  Acc@5: 100.0000 (99.9600)
2024-11-18 20:41:59,011 -                train: [    INFO] - valid_acc 97.200003 - best_valid_acc 97.240003
2024-11-18 20:41:59,481 -                train: [    INFO] - Train: 557 [   0/520]  Loss: 0.05921 (0.0592)  Acc@1: 98.9583 (98.9583)  Acc@5: 100.0000 (100.0000)LR: 3.155e-04
2024-11-18 20:42:45,725 -                train: [    INFO] - Train: 557 [ 200/520]  Loss: 0.05452 (0.0836)  Acc@1: 98.9583 (98.2743)  Acc@5: 100.0000 (99.9896)LR: 3.155e-04
2024-11-18 20:43:31,194 -                train: [    INFO] - Train: 557 [ 400/520]  Loss: 0.05018 (0.0822)  Acc@1: 100.0000 (98.3349)  Acc@5: 100.0000 (99.9818)LR: 3.155e-04
2024-11-18 20:43:58,478 -                train: [    INFO] - Train: 557 [ 520/520]  Loss: 0.03157 (0.0811)  Acc@1: 98.7500 (98.3740)  Acc@5: 100.0000 (99.9820)LR: 3.155e-04
2024-11-18 20:43:58,729 -                train: [    INFO] - Valid: 557 [   0/104]  Loss: 0.1023 (0.102)  Acc@1: 96.8750 (96.8750)  Acc@5: 100.0000 (100.0000)
2024-11-18 20:44:04,046 -                train: [    INFO] - Valid: 557 [ 104/104]  Loss: 0.3972 (0.126)  Acc@1: 93.7500 (97.3100)  Acc@5: 100.0000 (99.9600)
2024-11-18 20:44:04,639 -                train: [    INFO] - valid_acc 97.310002 - best_valid_acc 97.310002
2024-11-18 20:44:05,115 -                train: [    INFO] - Train: 558 [   0/520]  Loss: 0.09770 (0.0977)  Acc@1: 100.0000 (100.0000)  Acc@5: 100.0000 (100.0000)LR: 3.010e-04
2024-11-18 20:44:50,398 -                train: [    INFO] - Train: 558 [ 200/520]  Loss: 0.08990 (0.0847)  Acc@1: 98.9583 (98.3416)  Acc@5: 100.0000 (99.9793)LR: 3.010e-04
2024-11-18 20:45:35,509 -                train: [    INFO] - Train: 558 [ 400/520]  Loss: 0.1269 (0.0826)  Acc@1: 95.8333 (98.3349)  Acc@5: 100.0000 (99.9792)LR: 3.010e-04
2024-11-18 20:46:02,396 -                train: [    INFO] - Train: 558 [ 520/520]  Loss: 0.06090 (0.0826)  Acc@1: 98.7500 (98.3340)  Acc@5: 100.0000 (99.9820)LR: 3.010e-04
2024-11-18 20:46:02,652 -                train: [    INFO] - Valid: 558 [   0/104]  Loss: 0.09043 (0.0904)  Acc@1: 95.8333 (95.8333)  Acc@5: 100.0000 (100.0000)
2024-11-18 20:46:07,971 -                train: [    INFO] - Valid: 558 [ 104/104]  Loss: 0.4825 (0.125)  Acc@1: 93.7500 (97.2200)  Acc@5: 100.0000 (99.9700)
2024-11-18 20:46:08,008 -                train: [    INFO] - valid_acc 97.220003 - best_valid_acc 97.310002
2024-11-18 20:46:08,467 -                train: [    INFO] - Train: 559 [   0/520]  Loss: 0.05708 (0.0571)  Acc@1: 100.0000 (100.0000)  Acc@5: 100.0000 (100.0000)LR: 2.869e-04
2024-11-18 20:46:56,947 -                train: [    INFO] - Train: 559 [ 200/520]  Loss: 0.1733 (0.0755)  Acc@1: 95.8333 (98.5697)  Acc@5: 100.0000 (99.9793)LR: 2.869e-04
2024-11-18 20:47:44,749 -                train: [    INFO] - Train: 559 [ 400/520]  Loss: 0.08491 (0.0791)  Acc@1: 97.9167 (98.4466)  Acc@5: 100.0000 (99.9766)LR: 2.869e-04
2024-11-18 20:48:13,789 -                train: [    INFO] - Train: 559 [ 520/520]  Loss: 0.03475 (0.0781)  Acc@1: 98.7500 (98.4840)  Acc@5: 100.0000 (99.9780)LR: 2.869e-04
2024-11-18 20:48:14,093 -                train: [    INFO] - Valid: 559 [   0/104]  Loss: 0.1158 (0.116)  Acc@1: 96.8750 (96.8750)  Acc@5: 100.0000 (100.0000)
2024-11-18 20:48:19,471 -                train: [    INFO] - Valid: 559 [ 104/104]  Loss: 0.4270 (0.126)  Acc@1: 93.7500 (97.2200)  Acc@5: 100.0000 (99.9700)
2024-11-18 20:48:19,516 -                train: [    INFO] - valid_acc 97.220003 - best_valid_acc 97.310002
2024-11-18 20:48:20,030 -                train: [    INFO] - Train: 560 [   0/520]  Loss: 0.07635 (0.0764)  Acc@1: 96.8750 (96.8750)  Acc@5: 100.0000 (100.0000)LR: 2.732e-04
2024-11-18 20:49:07,796 -                train: [    INFO] - Train: 560 [ 200/520]  Loss: 0.05644 (0.0810)  Acc@1: 98.9583 (98.4919)  Acc@5: 100.0000 (99.9689)LR: 2.732e-04
2024-11-18 20:49:54,841 -                train: [    INFO] - Train: 560 [ 400/520]  Loss: 0.03582 (0.0816)  Acc@1: 100.0000 (98.4388)  Acc@5: 100.0000 (99.9792)LR: 2.732e-04
2024-11-18 20:50:23,299 -                train: [    INFO] - Train: 560 [ 520/520]  Loss: 0.05649 (0.0806)  Acc@1: 100.0000 (98.4540)  Acc@5: 100.0000 (99.9820)LR: 2.732e-04
2024-11-18 20:50:23,601 -                train: [    INFO] - Valid: 560 [   0/104]  Loss: 0.1097 (0.110)  Acc@1: 95.8333 (95.8333)  Acc@5: 100.0000 (100.0000)
2024-11-18 20:50:28,960 -                train: [    INFO] - Valid: 560 [ 104/104]  Loss: 0.4843 (0.125)  Acc@1: 93.7500 (97.2300)  Acc@5: 100.0000 (99.9600)
2024-11-18 20:50:28,995 -                train: [    INFO] - valid_acc 97.230003 - best_valid_acc 97.310002
2024-11-18 20:50:29,515 -                train: [    INFO] - Train: 561 [   0/520]  Loss: 0.03930 (0.0393)  Acc@1: 98.9583 (98.9583)  Acc@5: 100.0000 (100.0000)LR: 2.597e-04
2024-11-18 20:51:17,753 -                train: [    INFO] - Train: 561 [ 200/520]  Loss: 0.07789 (0.0787)  Acc@1: 98.9583 (98.3779)  Acc@5: 100.0000 (99.9793)LR: 2.597e-04
2024-11-18 20:52:04,733 -                train: [    INFO] - Train: 561 [ 400/520]  Loss: 0.1241 (0.0800)  Acc@1: 97.9167 (98.3972)  Acc@5: 100.0000 (99.9844)LR: 2.597e-04
2024-11-18 20:52:32,711 -                train: [    INFO] - Train: 561 [ 520/520]  Loss: 0.1216 (0.0807)  Acc@1: 97.5000 (98.4020)  Acc@5: 100.0000 (99.9880)LR: 2.597e-04
2024-11-18 20:52:33,013 -                train: [    INFO] - Valid: 561 [   0/104]  Loss: 0.1303 (0.130)  Acc@1: 95.8333 (95.8333)  Acc@5: 100.0000 (100.0000)
2024-11-18 20:52:38,392 -                train: [    INFO] - Valid: 561 [ 104/104]  Loss: 0.4888 (0.127)  Acc@1: 93.7500 (97.2500)  Acc@5: 100.0000 (99.9700)
2024-11-18 20:52:38,432 -                train: [    INFO] - valid_acc 97.250003 - best_valid_acc 97.310002
2024-11-18 20:52:38,979 -                train: [    INFO] - Train: 562 [   0/520]  Loss: 0.08800 (0.0880)  Acc@1: 97.9167 (97.9167)  Acc@5: 100.0000 (100.0000)LR: 2.466e-04
2024-11-18 20:53:27,066 -                train: [    INFO] - Train: 562 [ 200/520]  Loss: 0.03012 (0.0829)  Acc@1: 100.0000 (98.4349)  Acc@5: 100.0000 (99.9896)LR: 2.466e-04
2024-11-18 20:54:15,821 -                train: [    INFO] - Train: 562 [ 400/520]  Loss: 0.08108 (0.0826)  Acc@1: 96.8750 (98.3791)  Acc@5: 100.0000 (99.9844)LR: 2.466e-04
2024-11-18 20:54:45,193 -                train: [    INFO] - Train: 562 [ 520/520]  Loss: 0.09786 (0.0826)  Acc@1: 98.7500 (98.3940)  Acc@5: 100.0000 (99.9800)LR: 2.466e-04
2024-11-18 20:54:45,552 -                train: [    INFO] - Valid: 562 [   0/104]  Loss: 0.1579 (0.158)  Acc@1: 95.8333 (95.8333)  Acc@5: 100.0000 (100.0000)
2024-11-18 20:54:50,952 -                train: [    INFO] - Valid: 562 [ 104/104]  Loss: 0.4512 (0.125)  Acc@1: 93.7500 (97.2200)  Acc@5: 100.0000 (99.9400)
2024-11-18 20:54:51,025 -                train: [    INFO] - valid_acc 97.220003 - best_valid_acc 97.310002
2024-11-18 20:54:51,552 -                train: [    INFO] - Train: 563 [   0/520]  Loss: 0.1773 (0.177)  Acc@1: 96.8750 (96.8750)  Acc@5: 100.0000 (100.0000)LR: 2.338e-04
2024-11-18 20:55:38,057 -                train: [    INFO] - Train: 563 [ 200/520]  Loss: 0.1856 (0.0815)  Acc@1: 96.8750 (98.3779)  Acc@5: 100.0000 (99.9793)LR: 2.338e-04
2024-11-18 20:56:24,204 -                train: [    INFO] - Train: 563 [ 400/520]  Loss: 0.1627 (0.0822)  Acc@1: 94.7917 (98.3557)  Acc@5: 100.0000 (99.9844)LR: 2.338e-04
2024-11-18 20:56:52,114 -                train: [    INFO] - Train: 563 [ 520/520]  Loss: 0.1403 (0.0811)  Acc@1: 97.5000 (98.3800)  Acc@5: 100.0000 (99.9860)LR: 2.338e-04
2024-11-18 20:56:52,418 -                train: [    INFO] - Valid: 563 [   0/104]  Loss: 0.1181 (0.118)  Acc@1: 96.8750 (96.8750)  Acc@5: 100.0000 (100.0000)
2024-11-18 20:56:57,824 -                train: [    INFO] - Valid: 563 [ 104/104]  Loss: 0.3792 (0.126)  Acc@1: 93.7500 (97.2200)  Acc@5: 100.0000 (99.9600)
2024-11-18 20:56:57,865 -                train: [    INFO] - valid_acc 97.220002 - best_valid_acc 97.310002
2024-11-18 20:56:58,352 -                train: [    INFO] - Train: 564 [   0/520]  Loss: 0.06082 (0.0608)  Acc@1: 97.9167 (97.9167)  Acc@5: 100.0000 (100.0000)LR: 2.214e-04
2024-11-18 20:57:44,663 -                train: [    INFO] - Train: 564 [ 200/520]  Loss: 0.05064 (0.0801)  Acc@1: 100.0000 (98.3313)  Acc@5: 100.0000 (99.9689)LR: 2.214e-04
2024-11-18 20:58:30,912 -                train: [    INFO] - Train: 564 [ 400/520]  Loss: 0.04429 (0.0802)  Acc@1: 100.0000 (98.3765)  Acc@5: 100.0000 (99.9740)LR: 2.214e-04
2024-11-18 20:58:58,695 -                train: [    INFO] - Train: 564 [ 520/520]  Loss: 0.1412 (0.0789)  Acc@1: 97.5000 (98.4060)  Acc@5: 100.0000 (99.9780)LR: 2.214e-04
2024-11-18 20:58:58,988 -                train: [    INFO] - Valid: 564 [   0/104]  Loss: 0.1246 (0.125)  Acc@1: 95.8333 (95.8333)  Acc@5: 100.0000 (100.0000)
2024-11-18 20:59:04,363 -                train: [    INFO] - Valid: 564 [ 104/104]  Loss: 0.4398 (0.126)  Acc@1: 93.7500 (97.2200)  Acc@5: 100.0000 (99.9500)
2024-11-18 20:59:04,400 -                train: [    INFO] - valid_acc 97.220003 - best_valid_acc 97.310002
2024-11-18 20:59:04,891 -                train: [    INFO] - Train: 565 [   0/520]  Loss: 0.02917 (0.0292)  Acc@1: 100.0000 (100.0000)  Acc@5: 100.0000 (100.0000)LR: 2.093e-04
2024-11-18 20:59:52,108 -                train: [    INFO] - Train: 565 [ 200/520]  Loss: 0.06015 (0.0771)  Acc@1: 98.9583 (98.4971)  Acc@5: 100.0000 (99.9845)LR: 2.093e-04
2024-11-18 21:00:39,694 -                train: [    INFO] - Train: 565 [ 400/520]  Loss: 0.06487 (0.0787)  Acc@1: 98.9583 (98.4674)  Acc@5: 100.0000 (99.9870)LR: 2.093e-04
2024-11-18 21:01:08,041 -                train: [    INFO] - Train: 565 [ 520/520]  Loss: 0.07325 (0.0792)  Acc@1: 98.7500 (98.4620)  Acc@5: 100.0000 (99.9840)LR: 2.093e-04
2024-11-18 21:01:08,324 -                train: [    INFO] - Valid: 565 [   0/104]  Loss: 0.1389 (0.139)  Acc@1: 95.8333 (95.8333)  Acc@5: 100.0000 (100.0000)
2024-11-18 21:01:13,696 -                train: [    INFO] - Valid: 565 [ 104/104]  Loss: 0.4449 (0.127)  Acc@1: 93.7500 (97.1700)  Acc@5: 100.0000 (99.9600)
2024-11-18 21:01:13,728 -                train: [    INFO] - valid_acc 97.170003 - best_valid_acc 97.310002
2024-11-18 21:01:14,171 -                train: [    INFO] - Train: 566 [   0/520]  Loss: 0.1095 (0.109)  Acc@1: 96.8750 (96.8750)  Acc@5: 100.0000 (100.0000)LR: 1.976e-04
2024-11-18 21:02:00,097 -                train: [    INFO] - Train: 566 [ 200/520]  Loss: 0.06332 (0.0756)  Acc@1: 100.0000 (98.5489)  Acc@5: 100.0000 (99.9845)LR: 1.976e-04
2024-11-18 21:02:47,297 -                train: [    INFO] - Train: 566 [ 400/520]  Loss: 0.05430 (0.0742)  Acc@1: 100.0000 (98.5739)  Acc@5: 100.0000 (99.9766)LR: 1.976e-04
2024-11-18 21:03:15,508 -                train: [    INFO] - Train: 566 [ 520/520]  Loss: 0.01793 (0.0762)  Acc@1: 100.0000 (98.5200)  Acc@5: 100.0000 (99.9800)LR: 1.976e-04
2024-11-18 21:03:15,841 -                train: [    INFO] - Valid: 566 [   0/104]  Loss: 0.1425 (0.142)  Acc@1: 96.8750 (96.8750)  Acc@5: 100.0000 (100.0000)
2024-11-18 21:03:21,280 -                train: [    INFO] - Valid: 566 [ 104/104]  Loss: 0.4429 (0.127)  Acc@1: 93.7500 (97.2300)  Acc@5: 100.0000 (99.9500)
2024-11-18 21:03:21,322 -                train: [    INFO] - valid_acc 97.230003 - best_valid_acc 97.310002
2024-11-18 21:03:21,849 -                train: [    INFO] - Train: 567 [   0/520]  Loss: 0.1136 (0.114)  Acc@1: 96.8750 (96.8750)  Acc@5: 100.0000 (100.0000)LR: 1.861e-04
2024-11-18 21:04:08,281 -                train: [    INFO] - Train: 567 [ 200/520]  Loss: 0.06587 (0.0738)  Acc@1: 98.9583 (98.5697)  Acc@5: 100.0000 (99.9793)LR: 1.861e-04
2024-11-18 21:04:55,014 -                train: [    INFO] - Train: 567 [ 400/520]  Loss: 0.03012 (0.0746)  Acc@1: 100.0000 (98.5167)  Acc@5: 100.0000 (99.9870)LR: 1.861e-04
2024-11-18 21:05:23,144 -                train: [    INFO] - Train: 567 [ 520/520]  Loss: 0.07126 (0.0739)  Acc@1: 97.5000 (98.5560)  Acc@5: 100.0000 (99.9840)LR: 1.861e-04
2024-11-18 21:05:23,484 -                train: [    INFO] - Valid: 567 [   0/104]  Loss: 0.1482 (0.148)  Acc@1: 96.8750 (96.8750)  Acc@5: 100.0000 (100.0000)
2024-11-18 21:05:28,918 -                train: [    INFO] - Valid: 567 [ 104/104]  Loss: 0.4247 (0.127)  Acc@1: 93.7500 (97.2800)  Acc@5: 100.0000 (99.9600)
2024-11-18 21:05:28,983 -                train: [    INFO] - valid_acc 97.280003 - best_valid_acc 97.310002
2024-11-18 21:05:29,416 -                train: [    INFO] - Train: 568 [   0/520]  Loss: 0.2383 (0.238)  Acc@1: 95.8333 (95.8333)  Acc@5: 98.9583 (98.9583)LR: 1.750e-04
2024-11-18 21:06:16,890 -                train: [    INFO] - Train: 568 [ 200/520]  Loss: 0.05101 (0.0812)  Acc@1: 98.9583 (98.4038)  Acc@5: 100.0000 (99.9845)LR: 1.750e-04
2024-11-18 21:07:03,616 -                train: [    INFO] - Train: 568 [ 400/520]  Loss: 0.06701 (0.0796)  Acc@1: 98.9583 (98.4362)  Acc@5: 100.0000 (99.9844)LR: 1.750e-04
2024-11-18 21:07:31,238 -                train: [    INFO] - Train: 568 [ 520/520]  Loss: 0.04116 (0.0786)  Acc@1: 98.7500 (98.4700)  Acc@5: 100.0000 (99.9880)LR: 1.750e-04
2024-11-18 21:07:31,584 -                train: [    INFO] - Valid: 568 [   0/104]  Loss: 0.1430 (0.143)  Acc@1: 96.8750 (96.8750)  Acc@5: 100.0000 (100.0000)
2024-11-18 21:07:37,040 -                train: [    INFO] - Valid: 568 [ 104/104]  Loss: 0.4228 (0.127)  Acc@1: 93.7500 (97.3000)  Acc@5: 100.0000 (99.9500)
2024-11-18 21:07:37,092 -                train: [    INFO] - valid_acc 97.300003 - best_valid_acc 97.310002
2024-11-18 21:07:37,629 -                train: [    INFO] - Train: 569 [   0/520]  Loss: 0.07216 (0.0722)  Acc@1: 98.9583 (98.9583)  Acc@5: 100.0000 (100.0000)LR: 1.643e-04
2024-11-18 21:08:26,253 -                train: [    INFO] - Train: 569 [ 200/520]  Loss: 0.1388 (0.0751)  Acc@1: 95.8333 (98.4764)  Acc@5: 100.0000 (99.9896)LR: 1.643e-04
2024-11-18 21:09:13,236 -                train: [    INFO] - Train: 569 [ 400/520]  Loss: 0.04554 (0.0747)  Acc@1: 97.9167 (98.4830)  Acc@5: 100.0000 (99.9870)LR: 1.643e-04
2024-11-18 21:09:40,814 -                train: [    INFO] - Train: 569 [ 520/520]  Loss: 0.05666 (0.0747)  Acc@1: 100.0000 (98.5100)  Acc@5: 100.0000 (99.9860)LR: 1.643e-04
2024-11-18 21:09:41,689 -                train: [    INFO] - Valid: 569 [   0/104]  Loss: 0.1466 (0.147)  Acc@1: 96.8750 (96.8750)  Acc@5: 100.0000 (100.0000)
2024-11-18 21:09:47,014 -                train: [    INFO] - Valid: 569 [ 104/104]  Loss: 0.4738 (0.125)  Acc@1: 93.7500 (97.2800)  Acc@5: 100.0000 (99.9600)
2024-11-18 21:09:47,058 -                train: [    INFO] - valid_acc 97.280003 - best_valid_acc 97.310002
2024-11-18 21:09:47,506 -                train: [    INFO] - Train: 570 [   0/520]  Loss: 0.1296 (0.130)  Acc@1: 95.8333 (95.8333)  Acc@5: 100.0000 (100.0000)LR: 1.539e-04
2024-11-18 21:10:33,181 -                train: [    INFO] - Train: 570 [ 200/520]  Loss: 0.03618 (0.0760)  Acc@1: 98.9583 (98.5178)  Acc@5: 100.0000 (99.9845)LR: 1.539e-04
2024-11-18 21:11:18,716 -                train: [    INFO] - Train: 570 [ 400/520]  Loss: 0.02241 (0.0757)  Acc@1: 100.0000 (98.5089)  Acc@5: 100.0000 (99.9870)LR: 1.539e-04
2024-11-18 21:11:46,123 -                train: [    INFO] - Train: 570 [ 520/520]  Loss: 0.06718 (0.0761)  Acc@1: 98.7500 (98.5000)  Acc@5: 100.0000 (99.9900)LR: 1.539e-04
2024-11-18 21:11:46,407 -                train: [    INFO] - Valid: 570 [   0/104]  Loss: 0.1497 (0.150)  Acc@1: 96.8750 (96.8750)  Acc@5: 100.0000 (100.0000)
2024-11-18 21:11:51,791 -                train: [    INFO] - Valid: 570 [ 104/104]  Loss: 0.4340 (0.126)  Acc@1: 93.7500 (97.3200)  Acc@5: 100.0000 (99.9500)
2024-11-18 21:11:52,296 -                train: [    INFO] - valid_acc 97.320003 - best_valid_acc 97.320003
2024-11-18 21:11:53,013 -                train: [    INFO] - Train: 571 [   0/520]  Loss: 1.906 (1.91)  Acc@1: 98.9583 (98.9583)  Acc@5: 100.0000 (100.0000)LR: 1.438e-04
2024-11-18 21:12:38,443 -                train: [    INFO] - Train: 571 [ 200/520]  Loss: 0.2741 (0.706)  Acc@1: 98.9583 (98.7821)  Acc@5: 100.0000 (99.9896)LR: 1.438e-04
2024-11-18 21:13:23,709 -                train: [    INFO] - Train: 571 [ 400/520]  Loss: 0.1962 (0.476)  Acc@1: 97.9167 (98.7427)  Acc@5: 100.0000 (99.9870)LR: 1.438e-04
2024-11-18 21:13:50,720 -                train: [    INFO] - Train: 571 [ 520/520]  Loss: 0.2581 (0.413)  Acc@1: 97.5000 (98.7260)  Acc@5: 100.0000 (99.9880)LR: 1.438e-04
2024-11-18 21:13:51,091 -                train: [    INFO] - Valid: 571 [   0/104]  Loss: 0.06051 (0.0605)  Acc@1: 96.8750 (96.8750)  Acc@5: 100.0000 (100.0000)
2024-11-18 21:13:56,453 -                train: [    INFO] - Valid: 571 [ 104/104]  Loss: 0.008198 (0.112)  Acc@1: 100.0000 (97.4400)  Acc@5: 100.0000 (99.9400)
2024-11-18 21:13:57,099 -                train: [    INFO] - valid_acc 97.440003 - best_valid_acc 97.440003
2024-11-18 21:13:57,631 -                train: [    INFO] - Train: 572 [   0/520]  Loss: 0.1565 (0.156)  Acc@1: 98.9583 (98.9583)  Acc@5: 100.0000 (100.0000)LR: 1.341e-04
2024-11-18 21:14:43,845 -                train: [    INFO] - Train: 572 [ 200/520]  Loss: 0.2277 (0.173)  Acc@1: 96.8750 (98.6681)  Acc@5: 100.0000 (99.9948)LR: 1.341e-04
2024-11-18 21:15:29,307 -                train: [    INFO] - Train: 572 [ 400/520]  Loss: 0.1675 (0.165)  Acc@1: 98.9583 (98.7453)  Acc@5: 100.0000 (99.9922)LR: 1.341e-04
2024-11-18 21:15:56,568 -                train: [    INFO] - Train: 572 [ 520/520]  Loss: 0.2289 (0.161)  Acc@1: 96.2500 (98.7160)  Acc@5: 100.0000 (99.9880)LR: 1.341e-04
2024-11-18 21:15:56,861 -                train: [    INFO] - Valid: 572 [   0/104]  Loss: 0.05702 (0.0570)  Acc@1: 96.8750 (96.8750)  Acc@5: 100.0000 (100.0000)
2024-11-18 21:16:02,194 -                train: [    INFO] - Valid: 572 [ 104/104]  Loss: 0.06260 (0.111)  Acc@1: 93.7500 (97.5400)  Acc@5: 100.0000 (99.9300)
2024-11-18 21:16:02,693 -                train: [    INFO] - valid_acc 97.540003 - best_valid_acc 97.540003
2024-11-18 21:16:03,219 -                train: [    INFO] - Train: 573 [   0/520]  Loss: 0.1486 (0.149)  Acc@1: 100.0000 (100.0000)  Acc@5: 100.0000 (100.0000)LR: 1.247e-04
2024-11-18 21:16:50,414 -                train: [    INFO] - Train: 573 [ 200/520]  Loss: 0.09790 (0.144)  Acc@1: 98.9583 (98.6837)  Acc@5: 100.0000 (99.9948)LR: 1.247e-04
2024-11-18 21:17:36,636 -                train: [    INFO] - Train: 573 [ 400/520]  Loss: 0.09235 (0.142)  Acc@1: 100.0000 (98.7090)  Acc@5: 100.0000 (99.9922)LR: 1.247e-04
2024-11-18 21:18:04,644 -                train: [    INFO] - Train: 573 [ 520/520]  Loss: 0.1999 (0.140)  Acc@1: 98.7500 (98.7380)  Acc@5: 100.0000 (99.9940)LR: 1.247e-04
2024-11-18 21:18:04,946 -                train: [    INFO] - Valid: 573 [   0/104]  Loss: 0.05197 (0.0520)  Acc@1: 96.8750 (96.8750)  Acc@5: 100.0000 (100.0000)
2024-11-18 21:18:10,318 -                train: [    INFO] - Valid: 573 [ 104/104]  Loss: 0.08103 (0.113)  Acc@1: 93.7500 (97.4200)  Acc@5: 100.0000 (99.9400)
2024-11-18 21:18:10,359 -                train: [    INFO] - valid_acc 97.420003 - best_valid_acc 97.540003
2024-11-18 21:18:10,857 -                train: [    INFO] - Train: 574 [   0/520]  Loss: 0.1043 (0.104)  Acc@1: 100.0000 (100.0000)  Acc@5: 100.0000 (100.0000)LR: 1.157e-04
2024-11-18 21:18:56,122 -                train: [    INFO] - Train: 574 [ 200/520]  Loss: 0.05990 (0.136)  Acc@1: 100.0000 (98.6733)  Acc@5: 100.0000 (99.9585)LR: 1.157e-04
2024-11-18 21:19:41,521 -                train: [    INFO] - Train: 574 [ 400/520]  Loss: 0.1964 (0.133)  Acc@1: 98.9583 (98.6986)  Acc@5: 100.0000 (99.9662)LR: 1.157e-04
2024-11-18 21:20:08,734 -                train: [    INFO] - Train: 574 [ 520/520]  Loss: 0.1179 (0.130)  Acc@1: 98.7500 (98.7420)  Acc@5: 100.0000 (99.9740)LR: 1.157e-04
2024-11-18 21:20:09,064 -                train: [    INFO] - Valid: 574 [   0/104]  Loss: 0.03666 (0.0367)  Acc@1: 96.8750 (96.8750)  Acc@5: 100.0000 (100.0000)
2024-11-18 21:20:14,380 -                train: [    INFO] - Valid: 574 [ 104/104]  Loss: 0.04262 (0.113)  Acc@1: 100.0000 (97.5100)  Acc@5: 100.0000 (99.9400)
2024-11-18 21:20:14,420 -                train: [    INFO] - valid_acc 97.510003 - best_valid_acc 97.540003
2024-11-18 21:20:14,913 -                train: [    INFO] - Train: 575 [   0/520]  Loss: 0.08212 (0.0821)  Acc@1: 98.9583 (98.9583)  Acc@5: 100.0000 (100.0000)LR: 1.069e-04
2024-11-18 21:21:01,780 -                train: [    INFO] - Train: 575 [ 200/520]  Loss: 0.1877 (0.122)  Acc@1: 97.9167 (98.8651)  Acc@5: 100.0000 (99.9845)LR: 1.069e-04
2024-11-18 21:21:47,985 -                train: [    INFO] - Train: 575 [ 400/520]  Loss: 0.06528 (0.121)  Acc@1: 100.0000 (98.8285)  Acc@5: 100.0000 (99.9896)LR: 1.069e-04
2024-11-18 21:22:15,323 -                train: [    INFO] - Train: 575 [ 520/520]  Loss: 0.1561 (0.122)  Acc@1: 98.7500 (98.7960)  Acc@5: 100.0000 (99.9900)LR: 1.069e-04
2024-11-18 21:22:15,619 -                train: [    INFO] - Valid: 575 [   0/104]  Loss: 0.03410 (0.0341)  Acc@1: 97.9167 (97.9167)  Acc@5: 100.0000 (100.0000)
2024-11-18 21:22:21,022 -                train: [    INFO] - Valid: 575 [ 104/104]  Loss: 0.03381 (0.113)  Acc@1: 100.0000 (97.5000)  Acc@5: 100.0000 (99.9400)
2024-11-18 21:22:21,059 -                train: [    INFO] - valid_acc 97.500003 - best_valid_acc 97.540003
2024-11-18 21:22:21,565 -                train: [    INFO] - Train: 576 [   0/520]  Loss: 0.1028 (0.103)  Acc@1: 97.9167 (97.9167)  Acc@5: 100.0000 (100.0000)LR: 9.857e-05
2024-11-18 21:23:09,940 -                train: [    INFO] - Train: 576 [ 200/520]  Loss: 0.1125 (0.120)  Acc@1: 98.9583 (98.6888)  Acc@5: 100.0000 (99.9741)LR: 9.857e-05
2024-11-18 21:23:57,555 -                train: [    INFO] - Train: 576 [ 400/520]  Loss: 0.06520 (0.117)  Acc@1: 98.9583 (98.7271)  Acc@5: 100.0000 (99.9844)LR: 9.857e-05
2024-11-18 21:24:25,253 -                train: [    INFO] - Train: 576 [ 520/520]  Loss: 0.1039 (0.116)  Acc@1: 98.7500 (98.7420)  Acc@5: 100.0000 (99.9840)LR: 9.857e-05
2024-11-18 21:24:25,570 -                train: [    INFO] - Valid: 576 [   0/104]  Loss: 0.03612 (0.0361)  Acc@1: 97.9167 (97.9167)  Acc@5: 100.0000 (100.0000)
2024-11-18 21:24:31,008 -                train: [    INFO] - Valid: 576 [ 104/104]  Loss: 0.04378 (0.110)  Acc@1: 100.0000 (97.5600)  Acc@5: 100.0000 (99.9400)
2024-11-18 21:24:31,772 -                train: [    INFO] - valid_acc 97.560003 - best_valid_acc 97.560003
2024-11-18 21:24:32,259 -                train: [    INFO] - Train: 577 [   0/520]  Loss: 0.1308 (0.131)  Acc@1: 98.9583 (98.9583)  Acc@5: 100.0000 (100.0000)LR: 9.053e-05
2024-11-18 21:25:20,235 -                train: [    INFO] - Train: 577 [ 200/520]  Loss: 0.08851 (0.121)  Acc@1: 100.0000 (98.6267)  Acc@5: 100.0000 (99.9793)LR: 9.053e-05
2024-11-18 21:26:07,551 -                train: [    INFO] - Train: 577 [ 400/520]  Loss: 0.1177 (0.120)  Acc@1: 98.9583 (98.6596)  Acc@5: 100.0000 (99.9792)LR: 9.053e-05
2024-11-18 21:26:35,095 -                train: [    INFO] - Train: 577 [ 520/520]  Loss: 0.05379 (0.119)  Acc@1: 100.0000 (98.6560)  Acc@5: 100.0000 (99.9840)LR: 9.053e-05
2024-11-18 21:26:35,350 -                train: [    INFO] - Valid: 577 [   0/104]  Loss: 0.03311 (0.0331)  Acc@1: 97.9167 (97.9167)  Acc@5: 100.0000 (100.0000)
2024-11-18 21:26:40,777 -                train: [    INFO] - Valid: 577 [ 104/104]  Loss: 0.03389 (0.110)  Acc@1: 100.0000 (97.5100)  Acc@5: 100.0000 (99.9400)
2024-11-18 21:26:40,814 -                train: [    INFO] - valid_acc 97.510002 - best_valid_acc 97.560003
2024-11-18 21:26:41,362 -                train: [    INFO] - Train: 578 [   0/520]  Loss: 0.1017 (0.102)  Acc@1: 97.9167 (97.9167)  Acc@5: 100.0000 (100.0000)LR: 8.284e-05
2024-11-18 21:27:26,524 -                train: [    INFO] - Train: 578 [ 200/520]  Loss: 0.1031 (0.114)  Acc@1: 97.9167 (98.7666)  Acc@5: 100.0000 (99.9689)LR: 8.284e-05
2024-11-18 21:28:12,002 -                train: [    INFO] - Train: 578 [ 400/520]  Loss: 0.2349 (0.114)  Acc@1: 95.8333 (98.6934)  Acc@5: 100.0000 (99.9818)LR: 8.284e-05
2024-11-18 21:28:39,751 -                train: [    INFO] - Train: 578 [ 520/520]  Loss: 0.05053 (0.113)  Acc@1: 100.0000 (98.7200)  Acc@5: 100.0000 (99.9800)LR: 8.284e-05
2024-11-18 21:28:40,010 -                train: [    INFO] - Valid: 578 [   0/104]  Loss: 0.04625 (0.0462)  Acc@1: 96.8750 (96.8750)  Acc@5: 100.0000 (100.0000)
2024-11-18 21:28:45,356 -                train: [    INFO] - Valid: 578 [ 104/104]  Loss: 0.05280 (0.111)  Acc@1: 100.0000 (97.4800)  Acc@5: 100.0000 (99.9400)
2024-11-18 21:28:45,392 -                train: [    INFO] - valid_acc 97.480003 - best_valid_acc 97.560003
2024-11-18 21:28:45,875 -                train: [    INFO] - Train: 579 [   0/520]  Loss: 0.1032 (0.103)  Acc@1: 100.0000 (100.0000)  Acc@5: 100.0000 (100.0000)LR: 7.549e-05
2024-11-18 21:29:34,289 -                train: [    INFO] - Train: 579 [ 200/520]  Loss: 0.04945 (0.114)  Acc@1: 98.9583 (98.6681)  Acc@5: 100.0000 (99.9741)LR: 7.549e-05
2024-11-18 21:30:21,401 -                train: [    INFO] - Train: 579 [ 400/520]  Loss: 0.1091 (0.112)  Acc@1: 98.9583 (98.7349)  Acc@5: 100.0000 (99.9818)LR: 7.549e-05
2024-11-18 21:30:49,289 -                train: [    INFO] - Train: 579 [ 520/520]  Loss: 0.1038 (0.111)  Acc@1: 97.5000 (98.7300)  Acc@5: 100.0000 (99.9840)LR: 7.549e-05
2024-11-18 21:30:49,581 -                train: [    INFO] - Valid: 579 [   0/104]  Loss: 0.03840 (0.0384)  Acc@1: 96.8750 (96.8750)  Acc@5: 100.0000 (100.0000)
2024-11-18 21:30:55,005 -                train: [    INFO] - Valid: 579 [ 104/104]  Loss: 0.1087 (0.111)  Acc@1: 93.7500 (97.4400)  Acc@5: 100.0000 (99.9500)
2024-11-18 21:30:55,056 -                train: [    INFO] - valid_acc 97.440002 - best_valid_acc 97.560003
2024-11-18 21:30:55,524 -                train: [    INFO] - Train: 580 [   0/520]  Loss: 0.1291 (0.129)  Acc@1: 97.9167 (97.9167)  Acc@5: 100.0000 (100.0000)LR: 6.848e-05
2024-11-18 21:31:42,194 -                train: [    INFO] - Train: 580 [ 200/520]  Loss: 0.1393 (0.113)  Acc@1: 98.9583 (98.6940)  Acc@5: 100.0000 (99.9741)LR: 6.848e-05
2024-11-18 21:32:28,919 -                train: [    INFO] - Train: 580 [ 400/520]  Loss: 0.09721 (0.112)  Acc@1: 100.0000 (98.6596)  Acc@5: 100.0000 (99.9844)LR: 6.848e-05
2024-11-18 21:32:55,818 -                train: [    INFO] - Train: 580 [ 520/520]  Loss: 0.1350 (0.111)  Acc@1: 98.7500 (98.6740)  Acc@5: 100.0000 (99.9780)LR: 6.848e-05
2024-11-18 21:32:56,160 -                train: [    INFO] - Valid: 580 [   0/104]  Loss: 0.04203 (0.0420)  Acc@1: 98.9583 (98.9583)  Acc@5: 100.0000 (100.0000)
2024-11-18 21:33:01,538 -                train: [    INFO] - Valid: 580 [ 104/104]  Loss: 0.05015 (0.111)  Acc@1: 100.0000 (97.5100)  Acc@5: 100.0000 (99.9300)
2024-11-18 21:33:01,574 -                train: [    INFO] - valid_acc 97.510002 - best_valid_acc 97.560003
2024-11-18 21:33:02,156 -                train: [    INFO] - Train: 581 [   0/520]  Loss: 0.06373 (0.0637)  Acc@1: 100.0000 (100.0000)  Acc@5: 100.0000 (100.0000)LR: 6.181e-05
2024-11-18 21:33:46,777 -                train: [    INFO] - Train: 581 [ 200/520]  Loss: 0.1543 (0.110)  Acc@1: 98.9583 (98.7459)  Acc@5: 100.0000 (99.9896)LR: 6.181e-05
2024-11-18 21:34:31,179 -                train: [    INFO] - Train: 581 [ 400/520]  Loss: 0.07381 (0.111)  Acc@1: 98.9583 (98.7271)  Acc@5: 100.0000 (99.9870)LR: 6.181e-05
2024-11-18 21:34:58,099 -                train: [    INFO] - Train: 581 [ 520/520]  Loss: 0.1246 (0.109)  Acc@1: 98.7500 (98.7400)  Acc@5: 100.0000 (99.9880)LR: 6.181e-05
2024-11-18 21:34:58,410 -                train: [    INFO] - Valid: 581 [   0/104]  Loss: 0.05192 (0.0519)  Acc@1: 96.8750 (96.8750)  Acc@5: 100.0000 (100.0000)
2024-11-18 21:35:03,776 -                train: [    INFO] - Valid: 581 [ 104/104]  Loss: 0.05958 (0.112)  Acc@1: 93.7500 (97.4500)  Acc@5: 100.0000 (99.9300)
2024-11-18 21:35:03,824 -                train: [    INFO] - valid_acc 97.450002 - best_valid_acc 97.560003
2024-11-18 21:35:04,361 -                train: [    INFO] - Train: 582 [   0/520]  Loss: 0.09439 (0.0944)  Acc@1: 98.9583 (98.9583)  Acc@5: 100.0000 (100.0000)LR: 5.548e-05
2024-11-18 21:35:49,703 -                train: [    INFO] - Train: 582 [ 200/520]  Loss: 0.1025 (0.105)  Acc@1: 100.0000 (98.7407)  Acc@5: 100.0000 (99.9896)LR: 5.548e-05
2024-11-18 21:36:34,902 -                train: [    INFO] - Train: 582 [ 400/520]  Loss: 0.08902 (0.106)  Acc@1: 97.9167 (98.6934)  Acc@5: 100.0000 (99.9896)LR: 5.548e-05
2024-11-18 21:37:02,034 -                train: [    INFO] - Train: 582 [ 520/520]  Loss: 0.1026 (0.104)  Acc@1: 98.7500 (98.7160)  Acc@5: 100.0000 (99.9900)LR: 5.548e-05
2024-11-18 21:37:02,291 -                train: [    INFO] - Valid: 582 [   0/104]  Loss: 0.04473 (0.0447)  Acc@1: 96.8750 (96.8750)  Acc@5: 100.0000 (100.0000)
2024-11-18 21:37:07,678 -                train: [    INFO] - Valid: 582 [ 104/104]  Loss: 0.05951 (0.111)  Acc@1: 100.0000 (97.5000)  Acc@5: 100.0000 (99.9500)
2024-11-18 21:37:07,720 -                train: [    INFO] - valid_acc 97.500003 - best_valid_acc 97.560003
2024-11-18 21:37:08,242 -                train: [    INFO] - Train: 583 [   0/520]  Loss: 0.09759 (0.0976)  Acc@1: 98.9583 (98.9583)  Acc@5: 100.0000 (100.0000)LR: 4.949e-05
2024-11-18 21:37:56,409 -                train: [    INFO] - Train: 583 [ 200/520]  Loss: 0.1886 (0.111)  Acc@1: 96.8750 (98.7510)  Acc@5: 100.0000 (99.9896)LR: 4.949e-05
2024-11-18 21:38:44,407 -                train: [    INFO] - Train: 583 [ 400/520]  Loss: 0.04027 (0.106)  Acc@1: 100.0000 (98.7193)  Acc@5: 100.0000 (99.9870)LR: 4.949e-05
2024-11-18 21:39:11,697 -                train: [    INFO] - Train: 583 [ 520/520]  Loss: 0.04364 (0.105)  Acc@1: 100.0000 (98.7420)  Acc@5: 100.0000 (99.9900)LR: 4.949e-05
2024-11-18 21:39:12,012 -                train: [    INFO] - Valid: 583 [   0/104]  Loss: 0.04116 (0.0412)  Acc@1: 97.9167 (97.9167)  Acc@5: 100.0000 (100.0000)
2024-11-18 21:39:17,498 -                train: [    INFO] - Valid: 583 [ 104/104]  Loss: 0.05564 (0.113)  Acc@1: 100.0000 (97.4200)  Acc@5: 100.0000 (99.9400)
2024-11-18 21:39:17,533 -                train: [    INFO] - valid_acc 97.420003 - best_valid_acc 97.560003
2024-11-18 21:39:17,981 -                train: [    INFO] - Train: 584 [   0/520]  Loss: 0.1600 (0.160)  Acc@1: 96.8750 (96.8750)  Acc@5: 100.0000 (100.0000)LR: 4.384e-05
2024-11-18 21:40:05,418 -                train: [    INFO] - Train: 584 [ 200/520]  Loss: 0.06660 (0.109)  Acc@1: 100.0000 (98.6163)  Acc@5: 100.0000 (99.9845)LR: 4.384e-05
2024-11-18 21:40:51,850 -                train: [    INFO] - Train: 584 [ 400/520]  Loss: 0.1179 (0.106)  Acc@1: 98.9583 (98.7064)  Acc@5: 100.0000 (99.9844)LR: 4.384e-05
2024-11-18 21:41:19,578 -                train: [    INFO] - Train: 584 [ 520/520]  Loss: 0.07171 (0.104)  Acc@1: 97.5000 (98.7120)  Acc@5: 100.0000 (99.9880)LR: 4.384e-05
2024-11-18 21:41:19,917 -                train: [    INFO] - Valid: 584 [   0/104]  Loss: 0.04735 (0.0473)  Acc@1: 97.9167 (97.9167)  Acc@5: 100.0000 (100.0000)
2024-11-18 21:41:25,325 -                train: [    INFO] - Valid: 584 [ 104/104]  Loss: 0.04705 (0.111)  Acc@1: 100.0000 (97.4800)  Acc@5: 100.0000 (99.9400)
2024-11-18 21:41:25,364 -                train: [    INFO] - valid_acc 97.480003 - best_valid_acc 97.560003
2024-11-18 21:41:25,851 -                train: [    INFO] - Train: 585 [   0/520]  Loss: 0.1012 (0.101)  Acc@1: 98.9583 (98.9583)  Acc@5: 100.0000 (100.0000)LR: 3.853e-05
2024-11-18 21:42:10,978 -                train: [    INFO] - Train: 585 [ 200/520]  Loss: 0.1001 (0.103)  Acc@1: 98.9583 (98.7614)  Acc@5: 100.0000 (99.9793)LR: 3.853e-05
2024-11-18 21:42:55,762 -                train: [    INFO] - Train: 585 [ 400/520]  Loss: 0.1077 (0.104)  Acc@1: 98.9583 (98.7479)  Acc@5: 100.0000 (99.9818)LR: 3.853e-05
2024-11-18 21:43:22,710 -                train: [    INFO] - Train: 585 [ 520/520]  Loss: 0.05143 (0.105)  Acc@1: 100.0000 (98.7340)  Acc@5: 100.0000 (99.9820)LR: 3.853e-05
2024-11-18 21:43:22,975 -                train: [    INFO] - Valid: 585 [   0/104]  Loss: 0.04028 (0.0403)  Acc@1: 96.8750 (96.8750)  Acc@5: 100.0000 (100.0000)
2024-11-18 21:43:28,375 -                train: [    INFO] - Valid: 585 [ 104/104]  Loss: 0.04912 (0.111)  Acc@1: 100.0000 (97.5000)  Acc@5: 100.0000 (99.9300)
2024-11-18 21:43:28,409 -                train: [    INFO] - valid_acc 97.500003 - best_valid_acc 97.560003
2024-11-18 21:43:28,870 -                train: [    INFO] - Train: 586 [   0/520]  Loss: 0.02829 (0.0283)  Acc@1: 100.0000 (100.0000)  Acc@5: 100.0000 (100.0000)LR: 3.357e-05
2024-11-18 21:44:17,546 -                train: [    INFO] - Train: 586 [ 200/520]  Loss: 0.08082 (0.0999)  Acc@1: 98.9583 (98.8029)  Acc@5: 100.0000 (99.9948)LR: 3.357e-05
2024-11-18 21:45:04,238 -                train: [    INFO] - Train: 586 [ 400/520]  Loss: 0.06208 (0.103)  Acc@1: 100.0000 (98.7817)  Acc@5: 100.0000 (99.9974)LR: 3.357e-05
2024-11-18 21:45:32,146 -                train: [    INFO] - Train: 586 [ 520/520]  Loss: 0.1859 (0.103)  Acc@1: 96.2500 (98.7700)  Acc@5: 100.0000 (99.9980)LR: 3.357e-05
2024-11-18 21:45:32,436 -                train: [    INFO] - Valid: 586 [   0/104]  Loss: 0.04153 (0.0415)  Acc@1: 98.9583 (98.9583)  Acc@5: 100.0000 (100.0000)
2024-11-18 21:45:37,839 -                train: [    INFO] - Valid: 586 [ 104/104]  Loss: 0.04626 (0.111)  Acc@1: 100.0000 (97.5200)  Acc@5: 100.0000 (99.9200)
2024-11-18 21:45:38,007 -                train: [    INFO] - valid_acc 97.520003 - best_valid_acc 97.560003
2024-11-18 21:45:38,544 -                train: [    INFO] - Train: 587 [   0/520]  Loss: 0.04201 (0.0420)  Acc@1: 100.0000 (100.0000)  Acc@5: 100.0000 (100.0000)LR: 2.895e-05
2024-11-18 21:46:26,415 -                train: [    INFO] - Train: 587 [ 200/520]  Loss: 0.06955 (0.102)  Acc@1: 98.9583 (98.6422)  Acc@5: 100.0000 (99.9948)LR: 2.895e-05
2024-11-18 21:47:13,213 -                train: [    INFO] - Train: 587 [ 400/520]  Loss: 0.08986 (0.101)  Acc@1: 98.9583 (98.6960)  Acc@5: 100.0000 (99.9922)LR: 2.895e-05
2024-11-18 21:47:40,131 -                train: [    INFO] - Train: 587 [ 520/520]  Loss: 0.1521 (0.0993)  Acc@1: 98.7500 (98.7260)  Acc@5: 100.0000 (99.9920)LR: 2.895e-05
2024-11-18 21:47:40,458 -                train: [    INFO] - Valid: 587 [   0/104]  Loss: 0.04750 (0.0475)  Acc@1: 97.9167 (97.9167)  Acc@5: 100.0000 (100.0000)
2024-11-18 21:47:45,958 -                train: [    INFO] - Valid: 587 [ 104/104]  Loss: 0.05272 (0.111)  Acc@1: 100.0000 (97.4800)  Acc@5: 100.0000 (99.9300)
2024-11-18 21:47:45,996 -                train: [    INFO] - valid_acc 97.480003 - best_valid_acc 97.560003
2024-11-18 21:47:46,518 -                train: [    INFO] - Train: 588 [   0/520]  Loss: 0.1768 (0.177)  Acc@1: 96.8750 (96.8750)  Acc@5: 100.0000 (100.0000)LR: 2.467e-05
2024-11-18 21:48:34,538 -                train: [    INFO] - Train: 588 [ 200/520]  Loss: 0.01995 (0.104)  Acc@1: 100.0000 (98.6578)  Acc@5: 100.0000 (99.9948)LR: 2.467e-05
2024-11-18 21:49:20,325 -                train: [    INFO] - Train: 588 [ 400/520]  Loss: 0.1446 (0.106)  Acc@1: 96.8750 (98.6232)  Acc@5: 100.0000 (99.9896)LR: 2.467e-05
2024-11-18 21:49:47,282 -                train: [    INFO] - Train: 588 [ 520/520]  Loss: 0.05825 (0.104)  Acc@1: 100.0000 (98.6940)  Acc@5: 100.0000 (99.9900)LR: 2.467e-05
2024-11-18 21:49:47,640 -                train: [    INFO] - Valid: 588 [   0/104]  Loss: 0.04729 (0.0473)  Acc@1: 97.9167 (97.9167)  Acc@5: 100.0000 (100.0000)
2024-11-18 21:49:52,979 -                train: [    INFO] - Valid: 588 [ 104/104]  Loss: 0.04155 (0.111)  Acc@1: 100.0000 (97.5000)  Acc@5: 100.0000 (99.9300)
2024-11-18 21:49:53,019 -                train: [    INFO] - valid_acc 97.500003 - best_valid_acc 97.560003
2024-11-18 21:49:53,497 -                train: [    INFO] - Train: 589 [   0/520]  Loss: 0.1787 (0.179)  Acc@1: 97.9167 (97.9167)  Acc@5: 100.0000 (100.0000)LR: 2.073e-05
2024-11-18 21:50:39,105 -                train: [    INFO] - Train: 589 [ 200/520]  Loss: 0.1171 (0.0968)  Acc@1: 97.9167 (98.7821)  Acc@5: 100.0000 (99.9793)LR: 2.073e-05
2024-11-18 21:51:24,141 -                train: [    INFO] - Train: 589 [ 400/520]  Loss: 0.03832 (0.0975)  Acc@1: 98.9583 (98.7869)  Acc@5: 100.0000 (99.9870)LR: 2.073e-05
2024-11-18 21:51:51,363 -                train: [    INFO] - Train: 589 [ 520/520]  Loss: 0.05321 (0.0990)  Acc@1: 100.0000 (98.7500)  Acc@5: 100.0000 (99.9880)LR: 2.073e-05
2024-11-18 21:51:51,698 -                train: [    INFO] - Valid: 589 [   0/104]  Loss: 0.04369 (0.0437)  Acc@1: 97.9167 (97.9167)  Acc@5: 100.0000 (100.0000)
2024-11-18 21:51:57,014 -                train: [    INFO] - Valid: 589 [ 104/104]  Loss: 0.04479 (0.111)  Acc@1: 100.0000 (97.5100)  Acc@5: 100.0000 (99.9200)
2024-11-18 21:51:57,069 -                train: [    INFO] - valid_acc 97.510002 - best_valid_acc 97.560003
2024-11-18 21:51:57,606 -                train: [    INFO] - Train: 590 [   0/520]  Loss: 0.08408 (0.0841)  Acc@1: 97.9167 (97.9167)  Acc@5: 100.0000 (100.0000)LR: 1.713e-05
2024-11-18 21:52:43,919 -                train: [    INFO] - Train: 590 [ 200/520]  Loss: 0.1326 (0.103)  Acc@1: 96.8750 (98.7355)  Acc@5: 100.0000 (99.9948)LR: 1.713e-05
2024-11-18 21:53:29,480 -                train: [    INFO] - Train: 590 [ 400/520]  Loss: 0.05978 (0.102)  Acc@1: 100.0000 (98.7505)  Acc@5: 100.0000 (99.9974)LR: 1.713e-05
2024-11-18 21:53:56,647 -                train: [    INFO] - Train: 590 [ 520/520]  Loss: 0.1560 (0.100)  Acc@1: 96.2500 (98.7680)  Acc@5: 100.0000 (99.9960)LR: 1.713e-05
2024-11-18 21:53:57,006 -                train: [    INFO] - Valid: 590 [   0/104]  Loss: 0.03709 (0.0371)  Acc@1: 98.9583 (98.9583)  Acc@5: 100.0000 (100.0000)
2024-11-18 21:54:02,415 -                train: [    INFO] - Valid: 590 [ 104/104]  Loss: 0.03057 (0.110)  Acc@1: 100.0000 (97.4900)  Acc@5: 100.0000 (99.9300)
2024-11-18 21:54:02,455 -                train: [    INFO] - valid_acc 97.490003 - best_valid_acc 97.560003
2024-11-18 21:54:02,972 -                train: [    INFO] - Train: 591 [   0/520]  Loss: 0.1040 (0.104)  Acc@1: 96.8750 (96.8750)  Acc@5: 100.0000 (100.0000)LR: 1.388e-05
2024-11-18 21:54:49,593 -                train: [    INFO] - Train: 591 [ 200/520]  Loss: 0.07448 (0.106)  Acc@1: 100.0000 (98.6526)  Acc@5: 100.0000 (99.9793)LR: 1.388e-05
2024-11-18 21:55:34,344 -                train: [    INFO] - Train: 591 [ 400/520]  Loss: 0.1202 (0.102)  Acc@1: 98.9583 (98.7219)  Acc@5: 100.0000 (99.9844)LR: 1.388e-05
2024-11-18 21:56:01,141 -                train: [    INFO] - Train: 591 [ 520/520]  Loss: 0.05400 (0.102)  Acc@1: 100.0000 (98.7320)  Acc@5: 100.0000 (99.9860)LR: 1.388e-05
2024-11-18 21:56:01,465 -                train: [    INFO] - Valid: 591 [   0/104]  Loss: 0.05214 (0.0521)  Acc@1: 97.9167 (97.9167)  Acc@5: 100.0000 (100.0000)
2024-11-18 21:56:06,760 -                train: [    INFO] - Valid: 591 [ 104/104]  Loss: 0.03941 (0.111)  Acc@1: 100.0000 (97.4300)  Acc@5: 100.0000 (99.9400)
2024-11-18 21:56:07,187 -                train: [    INFO] - valid_acc 97.430003 - best_valid_acc 97.560003
2024-11-18 21:56:07,729 -                train: [    INFO] - Train: 592 [   0/520]  Loss: 0.07459 (0.0746)  Acc@1: 98.9583 (98.9583)  Acc@5: 100.0000 (100.0000)LR: 1.096e-05
2024-11-18 21:56:52,518 -                train: [    INFO] - Train: 592 [ 200/520]  Loss: 0.2022 (0.0994)  Acc@1: 98.9583 (98.7666)  Acc@5: 100.0000 (99.9845)LR: 1.096e-05
2024-11-18 21:57:37,107 -                train: [    INFO] - Train: 592 [ 400/520]  Loss: 0.06419 (0.102)  Acc@1: 98.9583 (98.7193)  Acc@5: 100.0000 (99.9792)LR: 1.096e-05
2024-11-18 21:58:03,665 -                train: [    INFO] - Train: 592 [ 520/520]  Loss: 0.2250 (0.103)  Acc@1: 97.5000 (98.7180)  Acc@5: 100.0000 (99.9800)LR: 1.096e-05
2024-11-18 21:58:04,004 -                train: [    INFO] - Valid: 592 [   0/104]  Loss: 0.04046 (0.0405)  Acc@1: 96.8750 (96.8750)  Acc@5: 100.0000 (100.0000)
2024-11-18 21:58:09,335 -                train: [    INFO] - Valid: 592 [ 104/104]  Loss: 0.05525 (0.111)  Acc@1: 100.0000 (97.5000)  Acc@5: 100.0000 (99.9300)
2024-11-18 21:58:09,371 -                train: [    INFO] - valid_acc 97.500003 - best_valid_acc 97.560003
2024-11-18 21:58:09,868 -                train: [    INFO] - Train: 593 [   0/520]  Loss: 0.1429 (0.143)  Acc@1: 96.8750 (96.8750)  Acc@5: 100.0000 (100.0000)LR: 8.395e-06
2024-11-18 21:58:54,744 -                train: [    INFO] - Train: 593 [ 200/520]  Loss: 0.03486 (0.105)  Acc@1: 100.0000 (98.5645)  Acc@5: 100.0000 (100.0000)LR: 8.395e-06
2024-11-18 21:59:39,093 -                train: [    INFO] - Train: 593 [ 400/520]  Loss: 0.1190 (0.104)  Acc@1: 100.0000 (98.6336)  Acc@5: 100.0000 (99.9896)LR: 8.395e-06
2024-11-18 22:00:06,010 -                train: [    INFO] - Train: 593 [ 520/520]  Loss: 0.08882 (0.103)  Acc@1: 100.0000 (98.6640)  Acc@5: 100.0000 (99.9900)LR: 8.395e-06
2024-11-18 22:00:07,265 -                train: [    INFO] - Valid: 593 [   0/104]  Loss: 0.04443 (0.0444)  Acc@1: 97.9167 (97.9167)  Acc@5: 100.0000 (100.0000)
2024-11-18 22:00:12,619 -                train: [    INFO] - Valid: 593 [ 104/104]  Loss: 0.04551 (0.111)  Acc@1: 100.0000 (97.4900)  Acc@5: 100.0000 (99.9600)
2024-11-18 22:00:14,084 -                train: [    INFO] - valid_acc 97.490003 - best_valid_acc 97.560003
2024-11-18 22:00:14,866 -                train: [    INFO] - Train: 594 [   0/520]  Loss: 0.07928 (0.0793)  Acc@1: 98.9583 (98.9583)  Acc@5: 100.0000 (100.0000)LR: 6.168e-06
2024-11-18 22:00:59,556 -                train: [    INFO] - Train: 594 [ 200/520]  Loss: 0.1953 (0.102)  Acc@1: 96.8750 (98.7407)  Acc@5: 100.0000 (99.9896)LR: 6.168e-06
2024-11-18 22:01:44,562 -                train: [    INFO] - Train: 594 [ 400/520]  Loss: 0.1462 (0.103)  Acc@1: 97.9167 (98.7168)  Acc@5: 100.0000 (99.9818)LR: 6.168e-06
2024-11-18 22:02:12,928 -                train: [    INFO] - Train: 594 [ 520/520]  Loss: 0.09812 (0.103)  Acc@1: 98.7500 (98.6960)  Acc@5: 100.0000 (99.9840)LR: 6.168e-06
2024-11-18 22:02:13,321 -                train: [    INFO] - Valid: 594 [   0/104]  Loss: 0.04127 (0.0413)  Acc@1: 97.9167 (97.9167)  Acc@5: 100.0000 (100.0000)
2024-11-18 22:02:18,625 -                train: [    INFO] - Valid: 594 [ 104/104]  Loss: 0.03780 (0.111)  Acc@1: 100.0000 (97.4700)  Acc@5: 100.0000 (99.9300)
2024-11-18 22:02:18,738 -                train: [    INFO] - valid_acc 97.470003 - best_valid_acc 97.560003
2024-11-18 22:02:19,266 -                train: [    INFO] - Train: 595 [   0/520]  Loss: 0.08262 (0.0826)  Acc@1: 97.9167 (97.9167)  Acc@5: 100.0000 (100.0000)LR: 4.283e-06
2024-11-18 22:03:08,970 -                train: [    INFO] - Train: 595 [ 200/520]  Loss: 0.03534 (0.0978)  Acc@1: 100.0000 (98.8443)  Acc@5: 100.0000 (99.9845)LR: 4.283e-06
2024-11-18 22:03:57,667 -                train: [    INFO] - Train: 595 [ 400/520]  Loss: 0.1518 (0.100)  Acc@1: 98.9583 (98.7713)  Acc@5: 100.0000 (99.9792)LR: 4.283e-06
2024-11-18 22:04:25,697 -                train: [    INFO] - Train: 595 [ 520/520]  Loss: 0.08002 (0.100)  Acc@1: 100.0000 (98.7620)  Acc@5: 100.0000 (99.9820)LR: 4.283e-06
2024-11-18 22:04:26,358 -                train: [    INFO] - Valid: 595 [   0/104]  Loss: 0.04356 (0.0436)  Acc@1: 97.9167 (97.9167)  Acc@5: 100.0000 (100.0000)
2024-11-18 22:04:31,731 -                train: [    INFO] - Valid: 595 [ 104/104]  Loss: 0.03765 (0.112)  Acc@1: 100.0000 (97.4900)  Acc@5: 100.0000 (99.9300)
2024-11-18 22:04:31,816 -                train: [    INFO] - valid_acc 97.490002 - best_valid_acc 97.560003
2024-11-18 22:04:32,365 -                train: [    INFO] - Train: 596 [   0/520]  Loss: 0.05998 (0.0600)  Acc@1: 100.0000 (100.0000)  Acc@5: 100.0000 (100.0000)LR: 2.741e-06
2024-11-18 22:05:18,652 -                train: [    INFO] - Train: 596 [ 200/520]  Loss: 0.06635 (0.0991)  Acc@1: 100.0000 (98.7925)  Acc@5: 100.0000 (99.9948)LR: 2.741e-06
2024-11-18 22:06:04,427 -                train: [    INFO] - Train: 596 [ 400/520]  Loss: 0.07639 (0.0992)  Acc@1: 98.9583 (98.7349)  Acc@5: 100.0000 (99.9948)LR: 2.741e-06
2024-11-18 22:06:31,832 -                train: [    INFO] - Train: 596 [ 520/520]  Loss: 0.1572 (0.0997)  Acc@1: 98.7500 (98.7380)  Acc@5: 100.0000 (99.9900)LR: 2.741e-06
2024-11-18 22:06:32,309 -                train: [    INFO] - Valid: 596 [   0/104]  Loss: 0.04382 (0.0438)  Acc@1: 96.8750 (96.8750)  Acc@5: 100.0000 (100.0000)
2024-11-18 22:06:37,689 -                train: [    INFO] - Valid: 596 [ 104/104]  Loss: 0.05269 (0.111)  Acc@1: 100.0000 (97.5200)  Acc@5: 100.0000 (99.9500)
2024-11-18 22:06:37,801 -                train: [    INFO] - valid_acc 97.520002 - best_valid_acc 97.560003
2024-11-18 22:06:38,350 -                train: [    INFO] - Train: 597 [   0/520]  Loss: 0.1309 (0.131)  Acc@1: 100.0000 (100.0000)  Acc@5: 100.0000 (100.0000)LR: 1.542e-06
2024-11-18 22:07:23,947 -                train: [    INFO] - Train: 597 [ 200/520]  Loss: 0.03864 (0.0923)  Acc@1: 100.0000 (98.9583)  Acc@5: 100.0000 (99.9845)LR: 1.542e-06
2024-11-18 22:08:09,547 -                train: [    INFO] - Train: 597 [ 400/520]  Loss: 0.06372 (0.0954)  Acc@1: 97.9167 (98.8934)  Acc@5: 100.0000 (99.9896)LR: 1.542e-06
2024-11-18 22:08:36,944 -                train: [    INFO] - Train: 597 [ 520/520]  Loss: 0.09312 (0.0968)  Acc@1: 98.7500 (98.8580)  Acc@5: 100.0000 (99.9920)LR: 1.542e-06
2024-11-18 22:08:37,321 -                train: [    INFO] - Valid: 597 [   0/104]  Loss: 0.04775 (0.0477)  Acc@1: 97.9167 (97.9167)  Acc@5: 100.0000 (100.0000)
2024-11-18 22:08:42,683 -                train: [    INFO] - Valid: 597 [ 104/104]  Loss: 0.05434 (0.112)  Acc@1: 100.0000 (97.4100)  Acc@5: 100.0000 (99.9400)
2024-11-18 22:08:42,734 -                train: [    INFO] - valid_acc 97.410003 - best_valid_acc 97.560003
2024-11-18 22:08:43,278 -                train: [    INFO] - Train: 598 [   0/520]  Loss: 0.1307 (0.131)  Acc@1: 98.9583 (98.9583)  Acc@5: 100.0000 (100.0000)LR: 6.854e-07
2024-11-18 22:09:29,285 -                train: [    INFO] - Train: 598 [ 200/520]  Loss: 0.1145 (0.101)  Acc@1: 97.9167 (98.8391)  Acc@5: 100.0000 (99.9948)LR: 6.854e-07
2024-11-18 22:10:15,118 -                train: [    INFO] - Train: 598 [ 400/520]  Loss: 0.08158 (0.101)  Acc@1: 97.9167 (98.7843)  Acc@5: 100.0000 (99.9896)LR: 6.854e-07
2024-11-18 22:10:42,526 -                train: [    INFO] - Train: 598 [ 520/520]  Loss: 0.08630 (0.101)  Acc@1: 98.7500 (98.7700)  Acc@5: 100.0000 (99.9920)LR: 6.854e-07
2024-11-18 22:10:42,922 -                train: [    INFO] - Valid: 598 [   0/104]  Loss: 0.04380 (0.0438)  Acc@1: 97.9167 (97.9167)  Acc@5: 100.0000 (100.0000)
2024-11-18 22:10:48,413 -                train: [    INFO] - Valid: 598 [ 104/104]  Loss: 0.03544 (0.111)  Acc@1: 100.0000 (97.5200)  Acc@5: 100.0000 (99.9400)
2024-11-18 22:10:48,464 -                train: [    INFO] - valid_acc 97.520003 - best_valid_acc 97.560003
2024-11-18 22:10:48,974 -                train: [    INFO] - Train: 599 [   0/520]  Loss: 0.1266 (0.127)  Acc@1: 97.9167 (97.9167)  Acc@5: 100.0000 (100.0000)LR: 1.713e-07
2024-11-18 22:11:35,443 -                train: [    INFO] - Train: 599 [ 200/520]  Loss: 0.09671 (0.101)  Acc@1: 97.9167 (98.7096)  Acc@5: 100.0000 (99.9845)LR: 1.713e-07
2024-11-18 22:12:21,686 -                train: [    INFO] - Train: 599 [ 400/520]  Loss: 0.1621 (0.104)  Acc@1: 95.8333 (98.6622)  Acc@5: 100.0000 (99.9870)LR: 1.713e-07
2024-11-18 22:12:49,578 -                train: [    INFO] - Train: 599 [ 520/520]  Loss: 0.07902 (0.103)  Acc@1: 98.7500 (98.7120)  Acc@5: 100.0000 (99.9820)LR: 1.713e-07
2024-11-18 22:12:49,957 -                train: [    INFO] - Valid: 599 [   0/104]  Loss: 0.03723 (0.0372)  Acc@1: 97.9167 (97.9167)  Acc@5: 100.0000 (100.0000)
2024-11-18 22:12:55,265 -                train: [    INFO] - Valid: 599 [ 104/104]  Loss: 0.05331 (0.112)  Acc@1: 100.0000 (97.5000)  Acc@5: 100.0000 (99.9500)
2024-11-18 22:12:55,304 -                train: [    INFO] - valid_acc 97.500002 - best_valid_acc 97.560003
