2024-11-17 03:25:50,649 -         train_search: [    INFO] - Training with a single process on 1 GPUs.
2024-11-17 03:25:50,914 -     timm.data.config: [    INFO] - Data processing configuration for current model + dataset:
2024-11-17 03:25:50,914 -     timm.data.config: [    INFO] - 	input_size: (3, 32, 32)
2024-11-17 03:25:50,914 -     timm.data.config: [    INFO] - 	interpolation: bilinear
2024-11-17 03:25:50,914 -     timm.data.config: [    INFO] - 	mean: (0.49139968, 0.48215827, 0.44653124)
2024-11-17 03:25:50,914 -     timm.data.config: [    INFO] - 	std: (0.24703233, 0.24348505, 0.26158768)
2024-11-17 03:25:50,914 -     timm.data.config: [    INFO] - 	crop_pct: 1.0
2024-11-17 03:25:50,914 -     timm.data.config: [    INFO] - 	crop_mode: center
2024-11-17 03:25:50,940 -         train_search: [    INFO] - 
-------------------------------
Learnable parameters
Student: 1.72M
Extra: 0.00M
-------------------------------
2024-11-17 03:25:51,894 -         train_search: [    INFO] - Scheduled epochs: 50
2024-11-17 03:25:51,894 -         train_search: [    INFO] - p_max: 0.2
2024-11-17 03:25:51,894 -         train_search: [    INFO] - grow_mode: middle
2024-11-17 03:25:51,894 -         train_search: [    INFO] - search_space = NAS
2024-11-17 03:25:53,464 -         train_search: [    INFO] - Train: 0 [   0/390]  Loss: 2.389 (2.39)  Acc@1:  9.3750 ( 9.3750)  Acc@5: 42.1875 (42.1875)LR: 2.500e-02
2024-11-17 03:26:05,984 -         train_search: [    INFO] - Train: 0 [  50/390]  Loss: 2.147 (2.18)  Acc@1: 18.7500 (18.3211)  Acc@5: 75.0000 (66.2990)LR: 2.500e-02
2024-11-17 03:26:17,902 -         train_search: [    INFO] - Train: 0 [ 100/390]  Loss: 2.093 (2.11)  Acc@1: 18.7500 (20.4053)  Acc@5: 75.0000 (71.4573)LR: 2.500e-02
2024-11-17 03:26:29,893 -         train_search: [    INFO] - Train: 0 [ 150/390]  Loss: 2.025 (2.07)  Acc@1: 23.4375 (22.4027)  Acc@5: 79.6875 (74.2343)LR: 2.500e-02
2024-11-17 03:26:42,047 -         train_search: [    INFO] - Train: 0 [ 200/390]  Loss: 2.076 (2.03)  Acc@1: 18.7500 (23.8029)  Acc@5: 79.6875 (75.7851)LR: 2.500e-02
2024-11-17 03:26:53,797 -         train_search: [    INFO] - Train: 0 [ 250/390]  Loss: 1.966 (2.01)  Acc@1: 20.3125 (24.7821)  Acc@5: 87.5000 (77.1352)LR: 2.500e-02
2024-11-17 03:27:05,979 -         train_search: [    INFO] - Train: 0 [ 300/390]  Loss: 1.719 (1.98)  Acc@1: 34.3750 (25.7423)  Acc@5: 92.1875 (78.2963)LR: 2.500e-02
2024-11-17 03:27:17,879 -         train_search: [    INFO] - Train: 0 [ 350/390]  Loss: 1.776 (1.96)  Acc@1: 29.6875 (26.5313)  Acc@5: 89.0625 (79.0287)LR: 2.500e-02
2024-11-17 03:27:27,423 -         train_search: [    INFO] - Train: 0 [ 390/390]  Loss: 1.984 (1.95)  Acc@1: 27.5000 (27.0400)  Acc@5: 82.5000 (79.5760)LR: 2.500e-02
2024-11-17 03:27:27,481 -         train_search: [    INFO] - train_acc 27.040000
2024-11-17 03:27:27,887 -         train_search: [    INFO] - Valid: 0 [   0/390]  Loss: 1.748 (1.75)  Acc@1: 29.6875 (29.6875)  Acc@5: 85.9375 (85.9375)
2024-11-17 03:27:30,471 -         train_search: [    INFO] - Valid: 0 [  50/390]  Loss: 1.918 (1.78)  Acc@1: 34.3750 (33.4559)  Acc@5: 75.0000 (85.6924)
2024-11-17 03:27:32,872 -         train_search: [    INFO] - Valid: 0 [ 100/390]  Loss: 1.756 (1.79)  Acc@1: 32.8125 (33.4623)  Acc@5: 84.3750 (85.6281)
2024-11-17 03:27:35,277 -         train_search: [    INFO] - Valid: 0 [ 150/390]  Loss: 1.884 (1.79)  Acc@1: 25.0000 (33.1643)  Acc@5: 84.3750 (85.7099)
2024-11-17 03:27:37,836 -         train_search: [    INFO] - Valid: 0 [ 200/390]  Loss: 1.730 (1.80)  Acc@1: 37.5000 (32.5871)  Acc@5: 89.0625 (85.3156)
2024-11-17 03:27:40,046 -         train_search: [    INFO] - Valid: 0 [ 250/390]  Loss: 1.747 (1.80)  Acc@1: 32.8125 (32.7565)  Acc@5: 84.3750 (85.1407)
2024-11-17 03:27:42,392 -         train_search: [    INFO] - Valid: 0 [ 300/390]  Loss: 1.729 (1.80)  Acc@1: 40.6250 (32.8956)  Acc@5: 90.6250 (85.1588)
2024-11-17 03:27:44,819 -         train_search: [    INFO] - Valid: 0 [ 350/390]  Loss: 1.551 (1.80)  Acc@1: 40.6250 (33.0440)  Acc@5: 93.7500 (85.1540)
2024-11-17 03:27:46,827 -         train_search: [    INFO] - Valid: 0 [ 390/390]  Loss: 1.993 (1.80)  Acc@1: 25.0000 (33.1120)  Acc@5: 77.5000 (85.1360)
2024-11-17 03:27:46,889 -         train_search: [    INFO] - valid_acc 33.112000
2024-11-17 03:27:46,890 -         train_search: [    INFO] - epoch = 0   
 genotype = |skip_connect~0|+|skip_connect~0|nor_conv_1x1~1|+|skip_connect~0|skip_connect~1|skip_connect~2|
2024-11-17 03:27:46,948 -         train_search: [    INFO] - alphas_normal = 
 tensor([[0.1996, 0.2023, 0.1976, 0.1994, 0.2011],
        [0.1994, 0.2033, 0.1983, 0.2012, 0.1979],
        [0.2005, 0.1996, 0.1959, 0.2023, 0.2018],
        [0.1953, 0.2045, 0.1998, 0.2001, 0.2004],
        [0.2016, 0.2024, 0.1971, 0.1994, 0.1994],
        [0.2027, 0.2024, 0.1970, 0.1997, 0.1983]], device='cuda:0',
       grad_fn=<SoftmaxBackward0>)
2024-11-17 03:27:47,600 -         train_search: [    INFO] - Train: 1 [   0/390]  Loss: 1.821 (1.82)  Acc@1: 31.2500 (31.2500)  Acc@5: 82.8125 (82.8125)LR: 2.498e-02
2024-11-17 03:27:59,523 -         train_search: [    INFO] - Train: 1 [  50/390]  Loss: 1.902 (1.80)  Acc@1: 35.9375 (33.3027)  Acc@5: 79.6875 (84.7733)LR: 2.498e-02
2024-11-17 03:28:12,231 -         train_search: [    INFO] - Train: 1 [ 100/390]  Loss: 1.536 (1.79)  Acc@1: 42.1875 (33.7098)  Acc@5: 85.9375 (84.9165)LR: 2.498e-02
2024-11-17 03:28:24,536 -         train_search: [    INFO] - Train: 1 [ 150/390]  Loss: 1.560 (1.79)  Acc@1: 37.5000 (33.2988)  Acc@5: 89.0625 (85.1304)LR: 2.498e-02
2024-11-17 03:28:36,468 -         train_search: [    INFO] - Train: 1 [ 200/390]  Loss: 1.836 (1.78)  Acc@1: 28.1250 (33.4577)  Acc@5: 84.3750 (85.4167)LR: 2.498e-02
2024-11-17 03:28:48,472 -         train_search: [    INFO] - Train: 1 [ 250/390]  Loss: 1.714 (1.77)  Acc@1: 29.6875 (33.7089)  Acc@5: 93.7500 (85.5889)LR: 2.498e-02
2024-11-17 03:29:00,910 -         train_search: [    INFO] - Train: 1 [ 300/390]  Loss: 1.622 (1.77)  Acc@1: 42.1875 (33.8715)  Acc@5: 90.6250 (85.8129)LR: 2.498e-02
2024-11-17 03:29:12,961 -         train_search: [    INFO] - Train: 1 [ 350/390]  Loss: 1.787 (1.76)  Acc@1: 35.9375 (33.8987)  Acc@5: 87.5000 (85.9776)LR: 2.498e-02
2024-11-17 03:29:23,211 -         train_search: [    INFO] - Train: 1 [ 390/390]  Loss: 1.764 (1.76)  Acc@1: 25.0000 (34.0920)  Acc@5: 82.5000 (86.1720)LR: 2.498e-02
2024-11-17 03:29:23,298 -         train_search: [    INFO] - train_acc 34.092000
2024-11-17 03:29:23,721 -         train_search: [    INFO] - Valid: 1 [   0/390]  Loss: 1.779 (1.78)  Acc@1: 42.1875 (42.1875)  Acc@5: 85.9375 (85.9375)
2024-11-17 03:29:26,197 -         train_search: [    INFO] - Valid: 1 [  50/390]  Loss: 1.707 (1.73)  Acc@1: 32.8125 (35.6924)  Acc@5: 93.7500 (87.6838)
2024-11-17 03:29:28,482 -         train_search: [    INFO] - Valid: 1 [ 100/390]  Loss: 1.758 (1.74)  Acc@1: 37.5000 (35.3651)  Acc@5: 90.6250 (86.7574)
2024-11-17 03:29:30,924 -         train_search: [    INFO] - Valid: 1 [ 150/390]  Loss: 1.707 (1.73)  Acc@1: 31.2500 (35.6167)  Acc@5: 87.5000 (86.8998)
2024-11-17 03:29:33,286 -         train_search: [    INFO] - Valid: 1 [ 200/390]  Loss: 1.726 (1.73)  Acc@1: 31.2500 (35.6887)  Acc@5: 89.0625 (87.0180)
2024-11-17 03:29:35,568 -         train_search: [    INFO] - Valid: 1 [ 250/390]  Loss: 1.550 (1.72)  Acc@1: 43.7500 (35.9998)  Acc@5: 92.1875 (87.1701)
2024-11-17 03:29:37,851 -         train_search: [    INFO] - Valid: 1 [ 300/390]  Loss: 1.622 (1.72)  Acc@1: 35.9375 (35.9946)  Acc@5: 84.3750 (87.2145)
2024-11-17 03:29:40,154 -         train_search: [    INFO] - Valid: 1 [ 350/390]  Loss: 1.567 (1.72)  Acc@1: 39.0625 (35.9909)  Acc@5: 95.3125 (87.2329)
2024-11-17 03:29:42,018 -         train_search: [    INFO] - Valid: 1 [ 390/390]  Loss: 1.619 (1.72)  Acc@1: 30.0000 (36.0040)  Acc@5: 92.5000 (87.1400)
2024-11-17 03:29:42,072 -         train_search: [    INFO] - valid_acc 36.004000
2024-11-17 03:29:42,072 -         train_search: [    INFO] - epoch = 1   
 genotype = |nor_conv_3x3~0|+|skip_connect~0|nor_conv_3x3~1|+|skip_connect~0|skip_connect~1|skip_connect~2|
2024-11-17 03:29:42,074 -         train_search: [    INFO] - alphas_normal = 
 tensor([[0.1997, 0.2039, 0.1910, 0.1987, 0.2067],
        [0.1991, 0.2055, 0.1931, 0.2024, 0.1999],
        [0.2013, 0.1979, 0.1885, 0.2033, 0.2090],
        [0.1926, 0.2092, 0.1953, 0.2006, 0.2023],
        [0.2022, 0.2044, 0.1927, 0.2013, 0.1994],
        [0.2039, 0.2033, 0.1914, 0.2004, 0.2011]], device='cuda:0',
       grad_fn=<SoftmaxBackward0>)
2024-11-17 03:29:42,765 -         train_search: [    INFO] - Train: 2 [   0/390]  Loss: 1.810 (1.81)  Acc@1: 31.2500 (31.2500)  Acc@5: 90.6250 (90.6250)LR: 2.491e-02
2024-11-17 03:29:54,947 -         train_search: [    INFO] - Train: 2 [  50/390]  Loss: 1.615 (1.70)  Acc@1: 40.6250 (36.7341)  Acc@5: 92.1875 (87.4081)LR: 2.491e-02
2024-11-17 03:30:06,948 -         train_search: [    INFO] - Train: 2 [ 100/390]  Loss: 1.806 (1.70)  Acc@1: 42.1875 (37.0204)  Acc@5: 81.2500 (87.5309)LR: 2.491e-02
2024-11-17 03:30:19,323 -         train_search: [    INFO] - Train: 2 [ 150/390]  Loss: 1.637 (1.70)  Acc@1: 37.5000 (36.6929)  Acc@5: 90.6250 (87.4793)LR: 2.491e-02
2024-11-17 03:30:31,668 -         train_search: [    INFO] - Train: 2 [ 200/390]  Loss: 1.674 (1.69)  Acc@1: 43.7500 (36.9481)  Acc@5: 92.1875 (87.9353)LR: 2.491e-02
2024-11-17 03:30:43,420 -         train_search: [    INFO] - Train: 2 [ 250/390]  Loss: 1.591 (1.68)  Acc@1: 43.7500 (37.3630)  Acc@5: 92.1875 (88.0665)LR: 2.491e-02
2024-11-17 03:30:55,245 -         train_search: [    INFO] - Train: 2 [ 300/390]  Loss: 1.691 (1.68)  Acc@1: 35.9375 (37.6557)  Acc@5: 92.1875 (88.1800)LR: 2.491e-02
2024-11-17 03:31:07,183 -         train_search: [    INFO] - Train: 2 [ 350/390]  Loss: 1.535 (1.67)  Acc@1: 51.5625 (38.0075)  Acc@5: 93.7500 (88.2479)LR: 2.491e-02
2024-11-17 03:31:16,893 -         train_search: [    INFO] - Train: 2 [ 390/390]  Loss: 1.709 (1.67)  Acc@1: 42.5000 (38.1320)  Acc@5: 90.0000 (88.3440)LR: 2.491e-02
2024-11-17 03:31:16,963 -         train_search: [    INFO] - train_acc 38.132000
2024-11-17 03:31:17,221 -         train_search: [    INFO] - Valid: 2 [   0/390]  Loss: 1.594 (1.59)  Acc@1: 42.1875 (42.1875)  Acc@5: 93.7500 (93.7500)
2024-11-17 03:31:19,643 -         train_search: [    INFO] - Valid: 2 [  50/390]  Loss: 1.708 (1.62)  Acc@1: 39.0625 (39.8284)  Acc@5: 85.9375 (89.7059)
2024-11-17 03:31:21,916 -         train_search: [    INFO] - Valid: 2 [ 100/390]  Loss: 1.697 (1.64)  Acc@1: 35.9375 (39.4183)  Acc@5: 85.9375 (89.0625)
2024-11-17 03:31:24,148 -         train_search: [    INFO] - Valid: 2 [ 150/390]  Loss: 1.405 (1.63)  Acc@1: 53.1250 (39.9317)  Acc@5: 89.0625 (89.1763)
2024-11-17 03:31:26,474 -         train_search: [    INFO] - Valid: 2 [ 200/390]  Loss: 1.416 (1.63)  Acc@1: 45.3125 (40.0886)  Acc@5: 93.7500 (89.3346)
2024-11-17 03:31:28,714 -         train_search: [    INFO] - Valid: 2 [ 250/390]  Loss: 1.539 (1.64)  Acc@1: 39.0625 (39.8406)  Acc@5: 90.6250 (89.2742)
2024-11-17 03:31:30,957 -         train_search: [    INFO] - Valid: 2 [ 300/390]  Loss: 1.616 (1.63)  Acc@1: 39.0625 (39.7685)  Acc@5: 84.3750 (89.3272)
2024-11-17 03:31:33,235 -         train_search: [    INFO] - Valid: 2 [ 350/390]  Loss: 1.552 (1.63)  Acc@1: 48.4375 (39.7124)  Acc@5: 92.1875 (89.1560)
2024-11-17 03:31:35,045 -         train_search: [    INFO] - Valid: 2 [ 390/390]  Loss: 1.763 (1.63)  Acc@1: 35.0000 (39.6960)  Acc@5: 82.5000 (89.2240)
2024-11-17 03:31:35,071 -         train_search: [    INFO] - valid_acc 39.696000
2024-11-17 03:31:35,072 -         train_search: [    INFO] - epoch = 2   
 genotype = |nor_conv_3x3~0|+|skip_connect~0|nor_conv_3x3~1|+|skip_connect~0|skip_connect~1|skip_connect~2|
2024-11-17 03:31:35,074 -         train_search: [    INFO] - alphas_normal = 
 tensor([[0.1964, 0.2081, 0.1863, 0.1983, 0.2108],
        [0.1961, 0.2128, 0.1909, 0.2019, 0.1984],
        [0.2031, 0.2006, 0.1844, 0.2026, 0.2093],
        [0.1870, 0.2183, 0.1938, 0.1991, 0.2018],
        [0.2026, 0.2084, 0.1897, 0.1999, 0.1994],
        [0.2079, 0.2060, 0.1865, 0.1999, 0.1996]], device='cuda:0',
       grad_fn=<SoftmaxBackward0>)
2024-11-17 03:31:35,863 -         train_search: [    INFO] - Train: 3 [   0/390]  Loss: 1.597 (1.60)  Acc@1: 43.7500 (43.7500)  Acc@5: 84.3750 (84.3750)LR: 2.479e-02
2024-11-17 03:31:47,702 -         train_search: [    INFO] - Train: 3 [  50/390]  Loss: 1.793 (1.62)  Acc@1: 29.6875 (40.8088)  Acc@5: 79.6875 (88.7255)LR: 2.479e-02
2024-11-17 03:31:59,955 -         train_search: [    INFO] - Train: 3 [ 100/390]  Loss: 1.773 (1.61)  Acc@1: 34.3750 (40.2847)  Acc@5: 81.2500 (89.2791)LR: 2.479e-02
2024-11-17 03:32:12,618 -         train_search: [    INFO] - Train: 3 [ 150/390]  Loss: 1.560 (1.60)  Acc@1: 42.1875 (40.7906)  Acc@5: 87.5000 (89.5281)LR: 2.479e-02
2024-11-17 03:32:25,148 -         train_search: [    INFO] - Train: 3 [ 200/390]  Loss: 1.636 (1.60)  Acc@1: 34.3750 (40.6328)  Acc@5: 87.5000 (89.6300)LR: 2.479e-02
2024-11-17 03:32:37,679 -         train_search: [    INFO] - Train: 3 [ 250/390]  Loss: 1.769 (1.60)  Acc@1: 32.8125 (40.7869)  Acc@5: 90.6250 (89.6975)LR: 2.479e-02
2024-11-17 03:32:49,873 -         train_search: [    INFO] - Train: 3 [ 300/390]  Loss: 1.812 (1.60)  Acc@1: 35.9375 (40.7652)  Acc@5: 87.5000 (89.7737)LR: 2.479e-02
2024-11-17 03:33:03,101 -         train_search: [    INFO] - Train: 3 [ 350/390]  Loss: 1.464 (1.59)  Acc@1: 42.1875 (41.0167)  Acc@5: 92.1875 (89.9217)LR: 2.479e-02
2024-11-17 03:33:13,630 -         train_search: [    INFO] - Train: 3 [ 390/390]  Loss: 1.400 (1.59)  Acc@1: 52.5000 (41.1480)  Acc@5: 92.5000 (89.9800)LR: 2.479e-02
2024-11-17 03:33:13,712 -         train_search: [    INFO] - train_acc 41.148000
2024-11-17 03:33:14,000 -         train_search: [    INFO] - Valid: 3 [   0/390]  Loss: 1.386 (1.39)  Acc@1: 50.0000 (50.0000)  Acc@5: 89.0625 (89.0625)
2024-11-17 03:33:16,517 -         train_search: [    INFO] - Valid: 3 [  50/390]  Loss: 1.603 (1.58)  Acc@1: 37.5000 (41.6360)  Acc@5: 92.1875 (90.8395)
2024-11-17 03:33:18,998 -         train_search: [    INFO] - Valid: 3 [ 100/390]  Loss: 1.731 (1.56)  Acc@1: 29.6875 (42.2958)  Acc@5: 90.6250 (91.3212)
2024-11-17 03:33:21,440 -         train_search: [    INFO] - Valid: 3 [ 150/390]  Loss: 1.551 (1.57)  Acc@1: 31.2500 (41.9185)  Acc@5: 96.8750 (91.1113)
2024-11-17 03:33:23,906 -         train_search: [    INFO] - Valid: 3 [ 200/390]  Loss: 1.727 (1.57)  Acc@1: 35.9375 (41.9621)  Acc@5: 87.5000 (90.9282)
2024-11-17 03:33:26,336 -         train_search: [    INFO] - Valid: 3 [ 250/390]  Loss: 1.565 (1.57)  Acc@1: 32.8125 (42.1377)  Acc@5: 96.8750 (91.0545)
2024-11-17 03:33:28,794 -         train_search: [    INFO] - Valid: 3 [ 300/390]  Loss: 1.861 (1.58)  Acc@1: 29.6875 (41.6684)  Acc@5: 84.3750 (90.9520)
2024-11-17 03:33:31,269 -         train_search: [    INFO] - Valid: 3 [ 350/390]  Loss: 1.493 (1.57)  Acc@1: 40.6250 (41.6489)  Acc@5: 95.3125 (90.9856)
2024-11-17 03:33:33,268 -         train_search: [    INFO] - Valid: 3 [ 390/390]  Loss: 1.234 (1.58)  Acc@1: 62.5000 (41.5120)  Acc@5: 97.5000 (91.0120)
2024-11-17 03:33:33,303 -         train_search: [    INFO] - valid_acc 41.512000
2024-11-17 03:33:33,303 -         train_search: [    INFO] - epoch = 3   
 genotype = |skip_connect~0|+|skip_connect~0|nor_conv_3x3~1|+|skip_connect~0|skip_connect~1|skip_connect~2|
2024-11-17 03:33:33,306 -         train_search: [    INFO] - alphas_normal = 
 tensor([[0.1930, 0.2148, 0.1827, 0.1976, 0.2120],
        [0.1904, 0.2185, 0.1868, 0.2045, 0.1998],
        [0.2075, 0.2027, 0.1785, 0.2008, 0.2106],
        [0.1792, 0.2295, 0.1927, 0.1994, 0.1991],
        [0.2048, 0.2151, 0.1866, 0.1972, 0.1963],
        [0.2131, 0.2110, 0.1816, 0.1973, 0.1970]], device='cuda:0',
       grad_fn=<SoftmaxBackward0>)
2024-11-17 03:33:33,962 -         train_search: [    INFO] - Train: 4 [   0/390]  Loss: 1.730 (1.73)  Acc@1: 26.5625 (26.5625)  Acc@5: 89.0625 (89.0625)LR: 2.462e-02
2024-11-17 03:33:46,956 -         train_search: [    INFO] - Train: 4 [  50/390]  Loss: 1.301 (1.50)  Acc@1: 43.7500 (45.1593)  Acc@5: 96.8750 (91.5135)LR: 2.462e-02
2024-11-17 03:34:00,263 -         train_search: [    INFO] - Train: 4 [ 100/390]  Loss: 1.453 (1.50)  Acc@1: 53.1250 (45.1733)  Acc@5: 92.1875 (91.8626)LR: 2.462e-02
2024-11-17 03:34:13,274 -         train_search: [    INFO] - Train: 4 [ 150/390]  Loss: 1.218 (1.48)  Acc@1: 53.1250 (45.8713)  Acc@5: 92.1875 (92.0530)LR: 2.462e-02
2024-11-17 03:34:26,109 -         train_search: [    INFO] - Train: 4 [ 200/390]  Loss: 1.325 (1.47)  Acc@1: 48.4375 (45.9655)  Acc@5: 93.7500 (92.0476)LR: 2.462e-02
2024-11-17 03:34:39,150 -         train_search: [    INFO] - Train: 4 [ 250/390]  Loss: 1.370 (1.47)  Acc@1: 50.0000 (46.1965)  Acc@5: 93.7500 (91.8513)LR: 2.462e-02
2024-11-17 03:34:51,880 -         train_search: [    INFO] - Train: 4 [ 300/390]  Loss: 1.361 (1.48)  Acc@1: 56.2500 (45.9406)  Acc@5: 89.0625 (91.8293)LR: 2.462e-02
2024-11-17 03:35:04,804 -         train_search: [    INFO] - Train: 4 [ 350/390]  Loss: 1.427 (1.47)  Acc@1: 56.2500 (46.3186)  Acc@5: 93.7500 (91.8714)LR: 2.462e-02
2024-11-17 03:35:15,070 -         train_search: [    INFO] - Train: 4 [ 390/390]  Loss: 1.432 (1.47)  Acc@1: 50.0000 (46.3960)  Acc@5: 90.0000 (91.9240)LR: 2.462e-02
2024-11-17 03:35:15,157 -         train_search: [    INFO] - train_acc 46.396000
2024-11-17 03:35:15,595 -         train_search: [    INFO] - Valid: 4 [   0/390]  Loss: 1.302 (1.30)  Acc@1: 50.0000 (50.0000)  Acc@5: 93.7500 (93.7500)
2024-11-17 03:35:18,020 -         train_search: [    INFO] - Valid: 4 [  50/390]  Loss: 1.621 (1.41)  Acc@1: 39.0625 (49.1115)  Acc@5: 90.6250 (92.8615)
2024-11-17 03:35:20,394 -         train_search: [    INFO] - Valid: 4 [ 100/390]  Loss: 1.407 (1.43)  Acc@1: 43.7500 (47.0297)  Acc@5: 93.7500 (92.7290)
2024-11-17 03:35:22,836 -         train_search: [    INFO] - Valid: 4 [ 150/390]  Loss: 1.585 (1.43)  Acc@1: 39.0625 (47.2889)  Acc@5: 92.1875 (92.6221)
2024-11-17 03:35:25,074 -         train_search: [    INFO] - Valid: 4 [ 200/390]  Loss: 1.271 (1.42)  Acc@1: 50.0000 (47.9244)  Acc@5: 93.7500 (92.8794)
2024-11-17 03:35:27,513 -         train_search: [    INFO] - Valid: 4 [ 250/390]  Loss: 1.239 (1.41)  Acc@1: 60.9375 (48.1387)  Acc@5: 93.7500 (93.0466)
2024-11-17 03:35:29,797 -         train_search: [    INFO] - Valid: 4 [ 300/390]  Loss: 1.418 (1.41)  Acc@1: 51.5625 (48.2714)  Acc@5: 89.0625 (93.1063)
2024-11-17 03:35:32,033 -         train_search: [    INFO] - Valid: 4 [ 350/390]  Loss: 1.240 (1.41)  Acc@1: 53.1250 (48.3307)  Acc@5: 93.7500 (92.9843)
2024-11-17 03:35:33,850 -         train_search: [    INFO] - Valid: 4 [ 390/390]  Loss: 1.361 (1.41)  Acc@1: 45.0000 (48.3880)  Acc@5: 95.0000 (92.9600)
2024-11-17 03:35:33,909 -         train_search: [    INFO] - valid_acc 48.388000
2024-11-17 03:35:33,910 -         train_search: [    INFO] - epoch = 4   
 genotype = |skip_connect~0|+|skip_connect~0|nor_conv_3x3~1|+|skip_connect~0|skip_connect~1|skip_connect~2|
2024-11-17 03:35:33,913 -         train_search: [    INFO] - alphas_normal = 
 tensor([[0.1908, 0.2199, 0.1762, 0.1974, 0.2157],
        [0.1869, 0.2259, 0.1809, 0.2044, 0.2019],
        [0.2101, 0.2028, 0.1702, 0.2028, 0.2141],
        [0.1738, 0.2437, 0.1890, 0.1974, 0.1961],
        [0.2040, 0.2190, 0.1802, 0.2011, 0.1958],
        [0.2179, 0.2154, 0.1742, 0.1965, 0.1960]], device='cuda:0',
       grad_fn=<SoftmaxBackward0>)
2024-11-17 03:35:34,604 -         train_search: [    INFO] - Train: 5 [   0/390]  Loss: 1.665 (1.66)  Acc@1: 37.5000 (37.5000)  Acc@5: 93.7500 (93.7500)LR: 2.441e-02
2024-11-17 03:35:46,958 -         train_search: [    INFO] - Train: 5 [  50/390]  Loss: 1.396 (1.44)  Acc@1: 53.1250 (46.7218)  Acc@5: 90.6250 (91.7279)LR: 2.441e-02
2024-11-17 03:35:59,850 -         train_search: [    INFO] - Train: 5 [ 100/390]  Loss: 1.379 (1.41)  Acc@1: 53.1250 (48.0507)  Acc@5: 90.6250 (92.6207)LR: 2.441e-02
2024-11-17 03:36:12,343 -         train_search: [    INFO] - Train: 5 [ 150/390]  Loss: 1.337 (1.38)  Acc@1: 54.6875 (49.3171)  Acc@5: 92.1875 (92.6118)LR: 2.441e-02
2024-11-17 03:36:25,014 -         train_search: [    INFO] - Train: 5 [ 200/390]  Loss: 1.355 (1.37)  Acc@1: 53.1250 (49.5647)  Acc@5: 93.7500 (92.9260)LR: 2.441e-02
2024-11-17 03:36:37,758 -         train_search: [    INFO] - Train: 5 [ 250/390]  Loss: 1.382 (1.37)  Acc@1: 48.4375 (50.1432)  Acc@5: 93.7500 (93.0154)LR: 2.441e-02
2024-11-17 03:36:50,501 -         train_search: [    INFO] - Train: 5 [ 300/390]  Loss: 1.289 (1.37)  Acc@1: 56.2500 (49.8962)  Acc@5: 90.6250 (93.0129)LR: 2.441e-02
2024-11-17 03:37:02,938 -         train_search: [    INFO] - Train: 5 [ 350/390]  Loss: 1.394 (1.36)  Acc@1: 48.4375 (50.2894)  Acc@5: 90.6250 (93.1134)LR: 2.441e-02
2024-11-17 03:37:12,862 -         train_search: [    INFO] - Train: 5 [ 390/390]  Loss: 1.399 (1.35)  Acc@1: 50.0000 (50.7000)  Acc@5: 100.0000 (93.2280)LR: 2.441e-02
2024-11-17 03:37:12,952 -         train_search: [    INFO] - train_acc 50.700000
2024-11-17 03:37:13,249 -         train_search: [    INFO] - Valid: 5 [   0/390]  Loss: 1.336 (1.34)  Acc@1: 56.2500 (56.2500)  Acc@5: 87.5000 (87.5000)
2024-11-17 03:37:15,659 -         train_search: [    INFO] - Valid: 5 [  50/390]  Loss: 1.174 (1.30)  Acc@1: 65.6250 (53.0637)  Acc@5: 93.7500 (94.5466)
2024-11-17 03:37:18,014 -         train_search: [    INFO] - Valid: 5 [ 100/390]  Loss: 1.541 (1.31)  Acc@1: 43.7500 (52.5062)  Acc@5: 87.5000 (94.4462)
2024-11-17 03:37:20,323 -         train_search: [    INFO] - Valid: 5 [ 150/390]  Loss: 1.330 (1.30)  Acc@1: 50.0000 (52.8974)  Acc@5: 98.4375 (94.4950)
2024-11-17 03:37:22,803 -         train_search: [    INFO] - Valid: 5 [ 200/390]  Loss: 1.242 (1.29)  Acc@1: 51.5625 (52.9462)  Acc@5: 98.4375 (94.6129)
2024-11-17 03:37:25,141 -         train_search: [    INFO] - Valid: 5 [ 250/390]  Loss: 1.332 (1.30)  Acc@1: 53.1250 (52.8324)  Acc@5: 90.6250 (94.4783)
2024-11-17 03:37:27,652 -         train_search: [    INFO] - Valid: 5 [ 300/390]  Loss: 1.419 (1.29)  Acc@1: 39.0625 (52.8291)  Acc@5: 93.7500 (94.4248)
2024-11-17 03:37:29,891 -         train_search: [    INFO] - Valid: 5 [ 350/390]  Loss: 1.092 (1.29)  Acc@1: 64.0625 (53.0671)  Acc@5: 100.0000 (94.3866)
2024-11-17 03:37:31,695 -         train_search: [    INFO] - Valid: 5 [ 390/390]  Loss: 1.208 (1.29)  Acc@1: 52.5000 (53.0080)  Acc@5: 95.0000 (94.3240)
2024-11-17 03:37:31,731 -         train_search: [    INFO] - valid_acc 53.008000
2024-11-17 03:37:31,733 -         train_search: [    INFO] - epoch = 5   
 genotype = |skip_connect~0|+|skip_connect~0|nor_conv_3x3~1|+|skip_connect~0|skip_connect~1|skip_connect~2|
2024-11-17 03:37:31,736 -         train_search: [    INFO] - alphas_normal = 
 tensor([[0.1909, 0.2221, 0.1697, 0.1962, 0.2210],
        [0.1842, 0.2307, 0.1757, 0.2047, 0.2048],
        [0.2123, 0.2019, 0.1637, 0.2032, 0.2188],
        [0.1702, 0.2531, 0.1837, 0.1965, 0.1965],
        [0.2065, 0.2230, 0.1743, 0.1998, 0.1965],
        [0.2193, 0.2184, 0.1685, 0.1940, 0.1997]], device='cuda:0',
       grad_fn=<SoftmaxBackward0>)
2024-11-17 03:37:32,644 -         train_search: [    INFO] - Train: 6 [   0/390]  Loss: 1.426 (1.43)  Acc@1: 46.8750 (46.8750)  Acc@5: 89.0625 (89.0625)LR: 2.416e-02
2024-11-17 03:37:45,773 -         train_search: [    INFO] - Train: 6 [  50/390]  Loss: 1.371 (1.30)  Acc@1: 53.1250 (53.6152)  Acc@5: 92.1875 (93.1679)LR: 2.416e-02
2024-11-17 03:37:58,363 -         train_search: [    INFO] - Train: 6 [ 100/390]  Loss: 1.181 (1.27)  Acc@1: 57.8125 (54.4090)  Acc@5: 98.4375 (94.1368)LR: 2.416e-02
2024-11-17 03:38:11,410 -         train_search: [    INFO] - Train: 6 [ 150/390]  Loss: 1.242 (1.25)  Acc@1: 54.6875 (54.9979)  Acc@5: 93.7500 (94.3398)LR: 2.416e-02
2024-11-17 03:38:24,502 -         train_search: [    INFO] - Train: 6 [ 200/390]  Loss: 1.179 (1.25)  Acc@1: 56.2500 (55.0917)  Acc@5: 95.3125 (94.5274)LR: 2.416e-02
2024-11-17 03:38:37,228 -         train_search: [    INFO] - Train: 6 [ 250/390]  Loss: 1.235 (1.24)  Acc@1: 51.5625 (55.3972)  Acc@5: 95.3125 (94.4908)LR: 2.416e-02
2024-11-17 03:38:50,324 -         train_search: [    INFO] - Train: 6 [ 300/390]  Loss: 1.425 (1.23)  Acc@1: 46.8750 (55.8140)  Acc@5: 93.7500 (94.5494)LR: 2.416e-02
2024-11-17 03:39:03,220 -         train_search: [    INFO] - Train: 6 [ 350/390]  Loss: 1.103 (1.23)  Acc@1: 62.5000 (55.8449)  Acc@5: 93.7500 (94.6314)LR: 2.416e-02
2024-11-17 03:39:13,299 -         train_search: [    INFO] - Train: 6 [ 390/390]  Loss: 1.226 (1.23)  Acc@1: 60.0000 (56.0280)  Acc@5: 97.5000 (94.6400)LR: 2.416e-02
2024-11-17 03:39:13,388 -         train_search: [    INFO] - train_acc 56.028000
2024-11-17 03:39:13,829 -         train_search: [    INFO] - Valid: 6 [   0/390]  Loss: 1.306 (1.31)  Acc@1: 56.2500 (56.2500)  Acc@5: 90.6250 (90.6250)
2024-11-17 03:39:16,342 -         train_search: [    INFO] - Valid: 6 [  50/390]  Loss: 1.372 (1.24)  Acc@1: 53.1250 (56.4338)  Acc@5: 92.1875 (93.7194)
2024-11-17 03:39:18,849 -         train_search: [    INFO] - Valid: 6 [ 100/390]  Loss: 1.376 (1.23)  Acc@1: 57.8125 (57.1318)  Acc@5: 89.0625 (93.8428)
2024-11-17 03:39:21,301 -         train_search: [    INFO] - Valid: 6 [ 150/390]  Loss: 1.230 (1.23)  Acc@1: 53.1250 (56.5087)  Acc@5: 90.6250 (94.0708)
2024-11-17 03:39:23,856 -         train_search: [    INFO] - Valid: 6 [ 200/390]  Loss: 0.8917 (1.22)  Acc@1: 70.3125 (56.3044)  Acc@5: 98.4375 (94.2864)
2024-11-17 03:39:26,155 -         train_search: [    INFO] - Valid: 6 [ 250/390]  Loss: 1.042 (1.22)  Acc@1: 62.5000 (56.3185)  Acc@5: 93.7500 (94.3787)
2024-11-17 03:39:28,722 -         train_search: [    INFO] - Valid: 6 [ 300/390]  Loss: 1.202 (1.22)  Acc@1: 57.8125 (56.1669)  Acc@5: 96.8750 (94.3677)
2024-11-17 03:39:30,920 -         train_search: [    INFO] - Valid: 6 [ 350/390]  Loss: 1.233 (1.23)  Acc@1: 54.6875 (55.8805)  Acc@5: 92.1875 (94.2931)
2024-11-17 03:39:32,666 -         train_search: [    INFO] - Valid: 6 [ 390/390]  Loss: 1.437 (1.23)  Acc@1: 45.0000 (55.6680)  Acc@5: 95.0000 (94.3240)
2024-11-17 03:39:32,719 -         train_search: [    INFO] - valid_acc 55.668000
2024-11-17 03:39:32,720 -         train_search: [    INFO] - epoch = 6   
 genotype = |skip_connect~0|+|skip_connect~0|nor_conv_3x3~1|+|skip_connect~0|skip_connect~1|skip_connect~2|
2024-11-17 03:39:32,723 -         train_search: [    INFO] - alphas_normal = 
 tensor([[0.1905, 0.2258, 0.1642, 0.1954, 0.2240],
        [0.1831, 0.2368, 0.1703, 0.2049, 0.2048],
        [0.2138, 0.2019, 0.1567, 0.2056, 0.2221],
        [0.1659, 0.2633, 0.1775, 0.1967, 0.1967],
        [0.2096, 0.2276, 0.1670, 0.1999, 0.1959],
        [0.2236, 0.2201, 0.1605, 0.1934, 0.2024]], device='cuda:0',
       grad_fn=<SoftmaxBackward0>)
2024-11-17 03:39:33,406 -         train_search: [    INFO] - Train: 7 [   0/390]  Loss: 1.155 (1.15)  Acc@1: 62.5000 (62.5000)  Acc@5: 95.3125 (95.3125)LR: 2.386e-02
2024-11-17 03:39:46,545 -         train_search: [    INFO] - Train: 7 [  50/390]  Loss: 1.336 (1.20)  Acc@1: 54.6875 (57.5368)  Acc@5: 93.7500 (94.0870)LR: 2.386e-02
2024-11-17 03:39:59,692 -         train_search: [    INFO] - Train: 7 [ 100/390]  Loss: 1.289 (1.20)  Acc@1: 48.4375 (57.6578)  Acc@5: 92.1875 (94.6318)LR: 2.386e-02
2024-11-17 03:40:12,751 -         train_search: [    INFO] - Train: 7 [ 150/390]  Loss: 1.116 (1.20)  Acc@1: 62.5000 (57.3986)  Acc@5: 96.8750 (94.7434)LR: 2.386e-02
2024-11-17 03:40:25,971 -         train_search: [    INFO] - Train: 7 [ 200/390]  Loss: 1.135 (1.19)  Acc@1: 65.6250 (57.4860)  Acc@5: 93.7500 (95.0016)LR: 2.386e-02
2024-11-17 03:40:38,791 -         train_search: [    INFO] - Train: 7 [ 250/390]  Loss: 1.060 (1.18)  Acc@1: 60.9375 (57.5759)  Acc@5: 98.4375 (95.1071)LR: 2.386e-02
2024-11-17 03:40:51,456 -         train_search: [    INFO] - Train: 7 [ 300/390]  Loss: 1.138 (1.17)  Acc@1: 56.2500 (57.8904)  Acc@5: 92.1875 (95.1256)LR: 2.386e-02
2024-11-17 03:41:04,388 -         train_search: [    INFO] - Train: 7 [ 350/390]  Loss: 0.9950 (1.17)  Acc@1: 67.1875 (58.1909)  Acc@5: 96.8750 (95.2279)LR: 2.386e-02
2024-11-17 03:41:14,952 -         train_search: [    INFO] - Train: 7 [ 390/390]  Loss: 1.021 (1.16)  Acc@1: 60.0000 (58.4280)  Acc@5: 95.0000 (95.2640)LR: 2.386e-02
2024-11-17 03:41:15,021 -         train_search: [    INFO] - train_acc 58.428000
2024-11-17 03:41:15,309 -         train_search: [    INFO] - Valid: 7 [   0/390]  Loss: 1.299 (1.30)  Acc@1: 59.3750 (59.3750)  Acc@5: 90.6250 (90.6250)
2024-11-17 03:41:17,696 -         train_search: [    INFO] - Valid: 7 [  50/390]  Loss: 1.085 (1.12)  Acc@1: 60.9375 (59.3444)  Acc@5: 95.3125 (95.7721)
2024-11-17 03:41:20,068 -         train_search: [    INFO] - Valid: 7 [ 100/390]  Loss: 0.9234 (1.12)  Acc@1: 70.3125 (59.8082)  Acc@5: 92.1875 (95.6064)
2024-11-17 03:41:22,429 -         train_search: [    INFO] - Valid: 7 [ 150/390]  Loss: 1.060 (1.12)  Acc@1: 59.3750 (59.7993)  Acc@5: 98.4375 (95.6954)
2024-11-17 03:41:24,904 -         train_search: [    INFO] - Valid: 7 [ 200/390]  Loss: 1.036 (1.11)  Acc@1: 68.7500 (60.0435)  Acc@5: 95.3125 (95.7400)
2024-11-17 03:41:27,441 -         train_search: [    INFO] - Valid: 7 [ 250/390]  Loss: 1.234 (1.11)  Acc@1: 57.8125 (60.1220)  Acc@5: 93.7500 (95.7109)
2024-11-17 03:41:29,986 -         train_search: [    INFO] - Valid: 7 [ 300/390]  Loss: 0.8774 (1.10)  Acc@1: 71.8750 (60.3457)  Acc@5: 93.7500 (95.7330)
2024-11-17 03:41:32,482 -         train_search: [    INFO] - Valid: 7 [ 350/390]  Loss: 1.207 (1.10)  Acc@1: 60.9375 (60.2920)  Acc@5: 95.3125 (95.7488)
2024-11-17 03:41:34,428 -         train_search: [    INFO] - Valid: 7 [ 390/390]  Loss: 0.8735 (1.11)  Acc@1: 77.5000 (60.2080)  Acc@5: 95.0000 (95.7160)
2024-11-17 03:41:34,460 -         train_search: [    INFO] - valid_acc 60.208000
2024-11-17 03:41:34,461 -         train_search: [    INFO] - epoch = 7   
 genotype = |skip_connect~0|+|skip_connect~0|nor_conv_3x3~1|+|skip_connect~0|skip_connect~1|skip_connect~2|
2024-11-17 03:41:34,463 -         train_search: [    INFO] - alphas_normal = 
 tensor([[0.1884, 0.2296, 0.1609, 0.1949, 0.2263],
        [0.1812, 0.2433, 0.1679, 0.2031, 0.2044],
        [0.2150, 0.2019, 0.1526, 0.2055, 0.2250],
        [0.1609, 0.2749, 0.1744, 0.1954, 0.1943],
        [0.2128, 0.2348, 0.1632, 0.1969, 0.1923],
        [0.2286, 0.2249, 0.1566, 0.1894, 0.2006]], device='cuda:0',
       grad_fn=<SoftmaxBackward0>)
2024-11-17 03:41:35,429 -         train_search: [    INFO] - Train: 8 [   0/390]  Loss: 0.9797 (0.980)  Acc@1: 62.5000 (62.5000)  Acc@5: 95.3125 (95.3125)LR: 2.352e-02
2024-11-17 03:41:48,185 -         train_search: [    INFO] - Train: 8 [  50/390]  Loss: 1.083 (1.08)  Acc@1: 56.2500 (61.7341)  Acc@5: 96.8750 (95.7414)LR: 2.352e-02
2024-11-17 03:42:01,235 -         train_search: [    INFO] - Train: 8 [ 100/390]  Loss: 1.125 (1.11)  Acc@1: 59.3750 (60.5972)  Acc@5: 93.7500 (95.6683)LR: 2.352e-02
2024-11-17 03:42:14,590 -         train_search: [    INFO] - Train: 8 [ 150/390]  Loss: 1.104 (1.10)  Acc@1: 62.5000 (60.8547)  Acc@5: 92.1875 (95.6436)LR: 2.352e-02
2024-11-17 03:42:27,378 -         train_search: [    INFO] - Train: 8 [ 200/390]  Loss: 1.128 (1.10)  Acc@1: 65.6250 (60.9608)  Acc@5: 93.7500 (95.6779)LR: 2.352e-02
2024-11-17 03:42:40,385 -         train_search: [    INFO] - Train: 8 [ 250/390]  Loss: 1.262 (1.11)  Acc@1: 59.3750 (60.5889)  Acc@5: 95.3125 (95.7918)LR: 2.352e-02
2024-11-17 03:42:53,024 -         train_search: [    INFO] - Train: 8 [ 300/390]  Loss: 1.140 (1.10)  Acc@1: 59.3750 (60.6987)  Acc@5: 95.3125 (95.7537)LR: 2.352e-02
2024-11-17 03:43:06,067 -         train_search: [    INFO] - Train: 8 [ 350/390]  Loss: 1.075 (1.10)  Acc@1: 56.2500 (60.9642)  Acc@5: 98.4375 (95.7933)LR: 2.352e-02
2024-11-17 03:43:16,102 -         train_search: [    INFO] - Train: 8 [ 390/390]  Loss: 1.145 (1.09)  Acc@1: 67.5000 (61.0840)  Acc@5: 97.5000 (95.8440)LR: 2.352e-02
2024-11-17 03:43:16,183 -         train_search: [    INFO] - train_acc 61.084000
2024-11-17 03:43:16,481 -         train_search: [    INFO] - Valid: 8 [   0/390]  Loss: 1.091 (1.09)  Acc@1: 68.7500 (68.7500)  Acc@5: 92.1875 (92.1875)
2024-11-17 03:43:18,893 -         train_search: [    INFO] - Valid: 8 [  50/390]  Loss: 0.7939 (1.04)  Acc@1: 73.4375 (63.2353)  Acc@5: 98.4375 (96.8444)
2024-11-17 03:43:21,319 -         train_search: [    INFO] - Valid: 8 [ 100/390]  Loss: 1.060 (1.05)  Acc@1: 64.0625 (62.8713)  Acc@5: 95.3125 (96.6429)
2024-11-17 03:43:23,837 -         train_search: [    INFO] - Valid: 8 [ 150/390]  Loss: 0.8117 (1.05)  Acc@1: 70.3125 (62.8415)  Acc@5: 100.0000 (96.4921)
2024-11-17 03:43:26,272 -         train_search: [    INFO] - Valid: 8 [ 200/390]  Loss: 1.333 (1.05)  Acc@1: 48.4375 (62.5777)  Acc@5: 93.7500 (96.4941)
2024-11-17 03:43:28,837 -         train_search: [    INFO] - Valid: 8 [ 250/390]  Loss: 0.9885 (1.05)  Acc@1: 59.3750 (62.3444)  Acc@5: 100.0000 (96.5139)
2024-11-17 03:43:31,310 -         train_search: [    INFO] - Valid: 8 [ 300/390]  Loss: 0.9430 (1.05)  Acc@1: 64.0625 (62.5779)  Acc@5: 95.3125 (96.3351)
2024-11-17 03:43:33,754 -         train_search: [    INFO] - Valid: 8 [ 350/390]  Loss: 1.241 (1.05)  Acc@1: 51.5625 (62.2952)  Acc@5: 95.3125 (96.3097)
2024-11-17 03:43:35,641 -         train_search: [    INFO] - Valid: 8 [ 390/390]  Loss: 1.318 (1.05)  Acc@1: 60.0000 (62.3520)  Acc@5: 95.0000 (96.3560)
2024-11-17 03:43:35,702 -         train_search: [    INFO] - valid_acc 62.352000
2024-11-17 03:43:35,703 -         train_search: [    INFO] - epoch = 8   
 genotype = |skip_connect~0|+|skip_connect~0|nor_conv_3x3~1|+|skip_connect~0|skip_connect~1|skip_connect~2|
2024-11-17 03:43:35,705 -         train_search: [    INFO] - alphas_normal = 
 tensor([[0.1876, 0.2332, 0.1582, 0.1940, 0.2270],
        [0.1804, 0.2483, 0.1652, 0.2027, 0.2035],
        [0.2149, 0.2012, 0.1488, 0.2051, 0.2300],
        [0.1580, 0.2863, 0.1712, 0.1930, 0.1914],
        [0.2143, 0.2383, 0.1590, 0.1968, 0.1915],
        [0.2311, 0.2287, 0.1523, 0.1850, 0.2028]], device='cuda:0',
       grad_fn=<SoftmaxBackward0>)
2024-11-17 03:43:36,356 -         train_search: [    INFO] - Train: 9 [   0/390]  Loss: 0.8413 (0.841)  Acc@1: 70.3125 (70.3125)  Acc@5: 98.4375 (98.4375)LR: 2.313e-02
2024-11-17 03:43:48,867 -         train_search: [    INFO] - Train: 9 [  50/390]  Loss: 1.321 (1.08)  Acc@1: 56.2500 (61.7034)  Acc@5: 98.4375 (96.2010)LR: 2.313e-02
2024-11-17 03:44:01,820 -         train_search: [    INFO] - Train: 9 [ 100/390]  Loss: 1.285 (1.07)  Acc@1: 51.5625 (61.7420)  Acc@5: 95.3125 (96.2562)LR: 2.313e-02
2024-11-17 03:44:14,407 -         train_search: [    INFO] - Train: 9 [ 150/390]  Loss: 0.8859 (1.06)  Acc@1: 65.6250 (62.0757)  Acc@5: 100.0000 (96.4094)LR: 2.313e-02
2024-11-17 03:44:27,080 -         train_search: [    INFO] - Train: 9 [ 200/390]  Loss: 1.202 (1.06)  Acc@1: 56.2500 (61.8392)  Acc@5: 98.4375 (96.3853)LR: 2.313e-02
2024-11-17 03:44:39,769 -         train_search: [    INFO] - Train: 9 [ 250/390]  Loss: 1.083 (1.06)  Acc@1: 62.5000 (61.9273)  Acc@5: 95.3125 (96.3832)LR: 2.313e-02
2024-11-17 03:44:52,301 -         train_search: [    INFO] - Train: 9 [ 300/390]  Loss: 0.9587 (1.06)  Acc@1: 64.0625 (61.9030)  Acc@5: 98.4375 (96.3870)LR: 2.313e-02
2024-11-17 03:45:04,879 -         train_search: [    INFO] - Train: 9 [ 350/390]  Loss: 1.164 (1.05)  Acc@1: 64.0625 (62.3264)  Acc@5: 90.6250 (96.4120)LR: 2.313e-02
2024-11-17 03:45:14,936 -         train_search: [    INFO] - Train: 9 [ 390/390]  Loss: 0.8897 (1.05)  Acc@1: 62.5000 (62.5000)  Acc@5: 97.5000 (96.4080)LR: 2.313e-02
2024-11-17 03:45:15,023 -         train_search: [    INFO] - train_acc 62.500000
2024-11-17 03:45:15,365 -         train_search: [    INFO] - Valid: 9 [   0/390]  Loss: 0.7187 (0.719)  Acc@1: 70.3125 (70.3125)  Acc@5: 98.4375 (98.4375)
2024-11-17 03:45:17,896 -         train_search: [    INFO] - Valid: 9 [  50/390]  Loss: 0.7742 (0.958)  Acc@1: 79.6875 (65.8088)  Acc@5: 98.4375 (97.4265)
2024-11-17 03:45:20,357 -         train_search: [    INFO] - Valid: 9 [ 100/390]  Loss: 0.7524 (0.965)  Acc@1: 76.5625 (65.6250)  Acc@5: 98.4375 (97.0606)
2024-11-17 03:45:22,843 -         train_search: [    INFO] - Valid: 9 [ 150/390]  Loss: 0.8639 (0.978)  Acc@1: 73.4375 (65.3663)  Acc@5: 95.3125 (96.9474)
2024-11-17 03:45:25,291 -         train_search: [    INFO] - Valid: 9 [ 200/390]  Loss: 1.284 (0.981)  Acc@1: 60.9375 (65.1586)  Acc@5: 93.7500 (96.8983)
2024-11-17 03:45:27,825 -         train_search: [    INFO] - Valid: 9 [ 250/390]  Loss: 1.032 (0.984)  Acc@1: 62.5000 (65.0710)  Acc@5: 93.7500 (96.7941)
2024-11-17 03:45:30,250 -         train_search: [    INFO] - Valid: 9 [ 300/390]  Loss: 1.240 (0.987)  Acc@1: 56.2500 (64.8879)  Acc@5: 95.3125 (96.8179)
2024-11-17 03:45:32,714 -         train_search: [    INFO] - Valid: 9 [ 350/390]  Loss: 0.8748 (0.988)  Acc@1: 71.8750 (64.8816)  Acc@5: 98.4375 (96.8527)
2024-11-17 03:45:34,646 -         train_search: [    INFO] - Valid: 9 [ 390/390]  Loss: 0.8316 (0.987)  Acc@1: 67.5000 (64.9200)  Acc@5: 100.0000 (96.8520)
2024-11-17 03:45:34,710 -         train_search: [    INFO] - valid_acc 64.920000
2024-11-17 03:45:34,710 -         train_search: [    INFO] - epoch = 9   
 genotype = |skip_connect~0|+|skip_connect~0|nor_conv_3x3~1|+|skip_connect~0|skip_connect~1|skip_connect~2|
2024-11-17 03:45:34,712 -         train_search: [    INFO] - alphas_normal = 
 tensor([[0.1871, 0.2363, 0.1555, 0.1930, 0.2281],
        [0.1804, 0.2553, 0.1635, 0.1989, 0.2019],
        [0.2157, 0.2019, 0.1462, 0.2051, 0.2311],
        [0.1548, 0.2963, 0.1670, 0.1924, 0.1894],
        [0.2147, 0.2398, 0.1548, 0.1972, 0.1935],
        [0.2365, 0.2302, 0.1468, 0.1833, 0.2032]], device='cuda:0',
       grad_fn=<SoftmaxBackward0>)
2024-11-17 03:45:35,562 -         train_search: [    INFO] - Train: 10 [   0/390]  Loss: 0.9561 (0.956)  Acc@1: 71.8750 (71.8750)  Acc@5: 93.7500 (93.7500)LR: 2.271e-02
2024-11-17 03:45:48,642 -         train_search: [    INFO] - Train: 10 [  50/390]  Loss: 1.129 (1.02)  Acc@1: 57.8125 (63.0208)  Acc@5: 96.8750 (96.4154)LR: 2.271e-02
2024-11-17 03:46:01,533 -         train_search: [    INFO] - Train: 10 [ 100/390]  Loss: 0.9326 (1.01)  Acc@1: 67.1875 (63.6448)  Acc@5: 96.8750 (96.6894)LR: 2.271e-02
2024-11-17 03:46:14,437 -         train_search: [    INFO] - Train: 10 [ 150/390]  Loss: 1.037 (1.00)  Acc@1: 64.0625 (63.9901)  Acc@5: 96.8750 (96.6267)LR: 2.271e-02
2024-11-17 03:46:27,320 -         train_search: [    INFO] - Train: 10 [ 200/390]  Loss: 0.8226 (1.01)  Acc@1: 71.8750 (63.9226)  Acc@5: 96.8750 (96.6496)LR: 2.271e-02
2024-11-17 03:46:40,245 -         train_search: [    INFO] - Train: 10 [ 250/390]  Loss: 0.9080 (1.00)  Acc@1: 68.7500 (64.1932)  Acc@5: 98.4375 (96.6509)LR: 2.271e-02
2024-11-17 03:46:53,236 -         train_search: [    INFO] - Train: 10 [ 300/390]  Loss: 1.058 (1.00)  Acc@1: 60.9375 (64.2857)  Acc@5: 95.3125 (96.6518)LR: 2.271e-02
2024-11-17 03:47:06,271 -         train_search: [    INFO] - Train: 10 [ 350/390]  Loss: 0.9389 (0.996)  Acc@1: 68.7500 (64.4809)  Acc@5: 98.4375 (96.6880)LR: 2.271e-02
2024-11-17 03:47:16,514 -         train_search: [    INFO] - Train: 10 [ 390/390]  Loss: 0.6772 (0.995)  Acc@1: 75.0000 (64.4000)  Acc@5: 100.0000 (96.7480)LR: 2.271e-02
2024-11-17 03:47:16,589 -         train_search: [    INFO] - train_acc 64.400000
2024-11-17 03:47:16,854 -         train_search: [    INFO] - Valid: 10 [   0/390]  Loss: 0.9996 (1.00)  Acc@1: 60.9375 (60.9375)  Acc@5: 95.3125 (95.3125)
2024-11-17 03:47:19,175 -         train_search: [    INFO] - Valid: 10 [  50/390]  Loss: 0.9010 (0.996)  Acc@1: 70.3125 (64.3995)  Acc@5: 95.3125 (96.0172)
2024-11-17 03:47:21,472 -         train_search: [    INFO] - Valid: 10 [ 100/390]  Loss: 0.9943 (0.991)  Acc@1: 53.1250 (64.8051)  Acc@5: 96.8750 (96.3026)
2024-11-17 03:47:23,790 -         train_search: [    INFO] - Valid: 10 [ 150/390]  Loss: 1.110 (0.995)  Acc@1: 62.5000 (64.1970)  Acc@5: 96.8750 (96.3887)
2024-11-17 03:47:26,216 -         train_search: [    INFO] - Valid: 10 [ 200/390]  Loss: 0.8481 (0.989)  Acc@1: 71.8750 (64.5367)  Acc@5: 98.4375 (96.5330)
2024-11-17 03:47:28,500 -         train_search: [    INFO] - Valid: 10 [ 250/390]  Loss: 1.006 (0.985)  Acc@1: 65.6250 (64.6414)  Acc@5: 98.4375 (96.6198)
2024-11-17 03:47:30,824 -         train_search: [    INFO] - Valid: 10 [ 300/390]  Loss: 0.8359 (0.987)  Acc@1: 70.3125 (64.5972)  Acc@5: 98.4375 (96.6206)
2024-11-17 03:47:33,153 -         train_search: [    INFO] - Valid: 10 [ 350/390]  Loss: 1.134 (0.992)  Acc@1: 57.8125 (64.3786)  Acc@5: 96.8750 (96.6302)
2024-11-17 03:47:34,894 -         train_search: [    INFO] - Valid: 10 [ 390/390]  Loss: 1.048 (0.994)  Acc@1: 62.5000 (64.2360)  Acc@5: 100.0000 (96.6200)
2024-11-17 03:47:34,921 -         train_search: [    INFO] - valid_acc 64.236000
2024-11-17 03:47:34,922 -         train_search: [    INFO] - epoch = 10   
 genotype = |skip_connect~0|+|skip_connect~0|nor_conv_3x3~1|+|skip_connect~0|skip_connect~1|skip_connect~2|
2024-11-17 03:47:34,924 -         train_search: [    INFO] - alphas_normal = 
 tensor([[0.1879, 0.2393, 0.1522, 0.1904, 0.2302],
        [0.1804, 0.2598, 0.1603, 0.1972, 0.2024],
        [0.2163, 0.2012, 0.1422, 0.2025, 0.2378],
        [0.1525, 0.3047, 0.1625, 0.1910, 0.1894],
        [0.2177, 0.2424, 0.1500, 0.1941, 0.1958],
        [0.2401, 0.2325, 0.1423, 0.1788, 0.2064]], device='cuda:0',
       grad_fn=<SoftmaxBackward0>)
2024-11-17 03:47:35,593 -         train_search: [    INFO] - Train: 11 [   0/390]  Loss: 1.054 (1.05)  Acc@1: 57.8125 (57.8125)  Acc@5: 96.8750 (96.8750)LR: 2.225e-02
2024-11-17 03:47:48,592 -         train_search: [    INFO] - Train: 11 [  50/390]  Loss: 0.7738 (0.936)  Acc@1: 73.4375 (65.7475)  Acc@5: 100.0000 (96.9975)LR: 2.225e-02
2024-11-17 03:48:02,481 -         train_search: [    INFO] - Train: 11 [ 100/390]  Loss: 0.9851 (0.959)  Acc@1: 60.9375 (65.4084)  Acc@5: 96.8750 (96.4882)LR: 2.225e-02
2024-11-17 03:48:16,284 -         train_search: [    INFO] - Train: 11 [ 150/390]  Loss: 1.073 (0.962)  Acc@1: 60.9375 (65.5008)  Acc@5: 95.3125 (96.6060)LR: 2.225e-02
2024-11-17 03:48:28,938 -         train_search: [    INFO] - Train: 11 [ 200/390]  Loss: 0.8062 (0.964)  Acc@1: 71.8750 (65.4540)  Acc@5: 100.0000 (96.7739)LR: 2.225e-02
2024-11-17 03:48:41,422 -         train_search: [    INFO] - Train: 11 [ 250/390]  Loss: 0.7789 (0.957)  Acc@1: 70.3125 (65.6437)  Acc@5: 98.4375 (96.8501)LR: 2.225e-02
2024-11-17 03:48:53,843 -         train_search: [    INFO] - Train: 11 [ 300/390]  Loss: 0.7276 (0.951)  Acc@1: 75.0000 (65.9105)  Acc@5: 98.4375 (96.9113)LR: 2.225e-02
2024-11-17 03:49:06,059 -         train_search: [    INFO] - Train: 11 [ 350/390]  Loss: 0.7470 (0.951)  Acc@1: 68.7500 (66.0568)  Acc@5: 98.4375 (96.9284)LR: 2.225e-02
2024-11-17 03:49:15,780 -         train_search: [    INFO] - Train: 11 [ 390/390]  Loss: 0.6528 (0.951)  Acc@1: 85.0000 (66.0400)  Acc@5: 97.5000 (96.9040)LR: 2.225e-02
2024-11-17 03:49:15,853 -         train_search: [    INFO] - train_acc 66.040000
2024-11-17 03:49:16,145 -         train_search: [    INFO] - Valid: 11 [   0/390]  Loss: 0.8989 (0.899)  Acc@1: 75.0000 (75.0000)  Acc@5: 98.4375 (98.4375)
2024-11-17 03:49:18,606 -         train_search: [    INFO] - Valid: 11 [  50/390]  Loss: 1.092 (0.917)  Acc@1: 59.3750 (68.1985)  Acc@5: 95.3125 (97.5490)
2024-11-17 03:49:21,097 -         train_search: [    INFO] - Valid: 11 [ 100/390]  Loss: 0.7198 (0.908)  Acc@1: 75.0000 (67.9455)  Acc@5: 100.0000 (97.5402)
2024-11-17 03:49:23,641 -         train_search: [    INFO] - Valid: 11 [ 150/390]  Loss: 1.097 (0.915)  Acc@1: 60.9375 (67.5083)  Acc@5: 96.8750 (97.4441)
2024-11-17 03:49:26,107 -         train_search: [    INFO] - Valid: 11 [ 200/390]  Loss: 0.8093 (0.912)  Acc@1: 76.5625 (67.8172)  Acc@5: 98.4375 (97.4580)
2024-11-17 03:49:28,628 -         train_search: [    INFO] - Valid: 11 [ 250/390]  Loss: 0.9312 (0.910)  Acc@1: 64.0625 (67.9158)  Acc@5: 100.0000 (97.4851)
2024-11-17 03:49:31,195 -         train_search: [    INFO] - Valid: 11 [ 300/390]  Loss: 0.9153 (0.911)  Acc@1: 64.0625 (67.8364)  Acc@5: 96.8750 (97.4875)
2024-11-17 03:49:33,705 -         train_search: [    INFO] - Valid: 11 [ 350/390]  Loss: 0.9573 (0.910)  Acc@1: 67.1875 (67.8864)  Acc@5: 98.4375 (97.4493)
2024-11-17 03:49:35,562 -         train_search: [    INFO] - Valid: 11 [ 390/390]  Loss: 0.9655 (0.910)  Acc@1: 65.0000 (67.9200)  Acc@5: 100.0000 (97.4360)
2024-11-17 03:49:35,603 -         train_search: [    INFO] - valid_acc 67.920000
2024-11-17 03:49:35,604 -         train_search: [    INFO] - epoch = 11   
 genotype = |skip_connect~0|+|skip_connect~0|nor_conv_3x3~1|+|skip_connect~0|skip_connect~1|skip_connect~2|
2024-11-17 03:49:35,607 -         train_search: [    INFO] - alphas_normal = 
 tensor([[0.1860, 0.2427, 0.1497, 0.1903, 0.2312],
        [0.1783, 0.2658, 0.1584, 0.1967, 0.2008],
        [0.2183, 0.2035, 0.1401, 0.1986, 0.2396],
        [0.1485, 0.3162, 0.1595, 0.1898, 0.1860],
        [0.2218, 0.2480, 0.1462, 0.1910, 0.1930],
        [0.2448, 0.2356, 0.1386, 0.1745, 0.2065]], device='cuda:0',
       grad_fn=<SoftmaxBackward0>)
2024-11-17 03:49:36,301 -         train_search: [    INFO] - Train: 12 [   0/390]  Loss: 0.8999 (0.900)  Acc@1: 68.7500 (68.7500)  Acc@5: 96.8750 (96.8750)LR: 2.175e-02
2024-11-17 03:49:48,803 -         train_search: [    INFO] - Train: 12 [  50/390]  Loss: 1.066 (0.909)  Acc@1: 71.8750 (68.4743)  Acc@5: 96.8750 (97.7328)LR: 2.175e-02
2024-11-17 03:50:01,774 -         train_search: [    INFO] - Train: 12 [ 100/390]  Loss: 0.8422 (0.903)  Acc@1: 68.7500 (68.8119)  Acc@5: 98.4375 (97.5557)LR: 2.175e-02
2024-11-17 03:50:14,477 -         train_search: [    INFO] - Train: 12 [ 150/390]  Loss: 0.8360 (0.927)  Acc@1: 64.0625 (67.5807)  Acc@5: 100.0000 (97.1440)LR: 2.175e-02
2024-11-17 03:50:27,129 -         train_search: [    INFO] - Train: 12 [ 200/390]  Loss: 1.003 (0.927)  Acc@1: 68.7500 (67.6539)  Acc@5: 98.4375 (97.1393)LR: 2.175e-02
2024-11-17 03:50:39,571 -         train_search: [    INFO] - Train: 12 [ 250/390]  Loss: 0.9707 (0.918)  Acc@1: 56.2500 (67.7166)  Acc@5: 100.0000 (97.2423)LR: 2.175e-02
2024-11-17 03:50:52,235 -         train_search: [    INFO] - Train: 12 [ 300/390]  Loss: 1.098 (0.916)  Acc@1: 54.6875 (67.7689)  Acc@5: 98.4375 (97.2643)LR: 2.175e-02
2024-11-17 03:51:04,757 -         train_search: [    INFO] - Train: 12 [ 350/390]  Loss: 0.7191 (0.914)  Acc@1: 70.3125 (67.8641)  Acc@5: 98.4375 (97.2712)LR: 2.175e-02
2024-11-17 03:51:14,362 -         train_search: [    INFO] - Train: 12 [ 390/390]  Loss: 0.7900 (0.910)  Acc@1: 70.0000 (68.0280)  Acc@5: 97.5000 (97.3560)LR: 2.175e-02
2024-11-17 03:51:14,427 -         train_search: [    INFO] - train_acc 68.028000
2024-11-17 03:51:14,712 -         train_search: [    INFO] - Valid: 12 [   0/390]  Loss: 0.9102 (0.910)  Acc@1: 71.8750 (71.8750)  Acc@5: 95.3125 (95.3125)
2024-11-17 03:51:17,215 -         train_search: [    INFO] - Valid: 12 [  50/390]  Loss: 0.7984 (0.905)  Acc@1: 73.4375 (67.3713)  Acc@5: 100.0000 (97.7941)
2024-11-17 03:51:19,720 -         train_search: [    INFO] - Valid: 12 [ 100/390]  Loss: 0.8864 (0.896)  Acc@1: 70.3125 (68.4097)  Acc@5: 96.8750 (97.5866)
2024-11-17 03:51:22,430 -         train_search: [    INFO] - Valid: 12 [ 150/390]  Loss: 0.7587 (0.894)  Acc@1: 76.5625 (68.7810)  Acc@5: 98.4375 (97.4648)
2024-11-17 03:51:24,854 -         train_search: [    INFO] - Valid: 12 [ 200/390]  Loss: 0.8266 (0.896)  Acc@1: 73.4375 (68.4157)  Acc@5: 96.8750 (97.4502)
2024-11-17 03:51:27,376 -         train_search: [    INFO] - Valid: 12 [ 250/390]  Loss: 1.057 (0.900)  Acc@1: 67.1875 (68.3454)  Acc@5: 98.4375 (97.4290)
2024-11-17 03:51:29,983 -         train_search: [    INFO] - Valid: 12 [ 300/390]  Loss: 1.007 (0.899)  Acc@1: 70.3125 (68.4645)  Acc@5: 96.8750 (97.3733)
2024-11-17 03:51:32,662 -         train_search: [    INFO] - Valid: 12 [ 350/390]  Loss: 0.9383 (0.897)  Acc@1: 64.0625 (68.4696)  Acc@5: 100.0000 (97.4003)
2024-11-17 03:51:34,552 -         train_search: [    INFO] - Valid: 12 [ 390/390]  Loss: 0.7595 (0.901)  Acc@1: 70.0000 (68.3080)  Acc@5: 100.0000 (97.3640)
2024-11-17 03:51:34,586 -         train_search: [    INFO] - valid_acc 68.308000
2024-11-17 03:51:34,587 -         train_search: [    INFO] - epoch = 12   
 genotype = |skip_connect~0|+|skip_connect~0|nor_conv_3x3~1|+|skip_connect~0|skip_connect~1|skip_connect~2|
2024-11-17 03:51:34,589 -         train_search: [    INFO] - alphas_normal = 
 tensor([[0.1874, 0.2446, 0.1477, 0.1869, 0.2334],
        [0.1800, 0.2667, 0.1547, 0.1958, 0.2029],
        [0.2175, 0.2019, 0.1365, 0.1988, 0.2454],
        [0.1475, 0.3239, 0.1562, 0.1878, 0.1847],
        [0.2245, 0.2491, 0.1427, 0.1884, 0.1952],
        [0.2486, 0.2367, 0.1354, 0.1706, 0.2087]], device='cuda:0',
       grad_fn=<SoftmaxBackward0>)
2024-11-17 03:51:35,406 -         train_search: [    INFO] - Train: 13 [   0/390]  Loss: 0.8237 (0.824)  Acc@1: 68.7500 (68.7500)  Acc@5: 96.8750 (96.8750)LR: 2.121e-02
2024-11-17 03:51:47,918 -         train_search: [    INFO] - Train: 13 [  50/390]  Loss: 0.9235 (0.899)  Acc@1: 60.9375 (67.6777)  Acc@5: 100.0000 (97.7941)LR: 2.121e-02
2024-11-17 03:52:00,712 -         train_search: [    INFO] - Train: 13 [ 100/390]  Loss: 0.9839 (0.881)  Acc@1: 65.6250 (68.7036)  Acc@5: 98.4375 (97.8032)LR: 2.121e-02
2024-11-17 03:52:14,022 -         train_search: [    INFO] - Train: 13 [ 150/390]  Loss: 0.9801 (0.895)  Acc@1: 68.7500 (68.2844)  Acc@5: 96.8750 (97.7339)LR: 2.121e-02
2024-11-17 03:52:26,742 -         train_search: [    INFO] - Train: 13 [ 200/390]  Loss: 0.8013 (0.888)  Acc@1: 73.4375 (68.5945)  Acc@5: 98.4375 (97.6524)LR: 2.121e-02
2024-11-17 03:52:39,395 -         train_search: [    INFO] - Train: 13 [ 250/390]  Loss: 0.9592 (0.879)  Acc@1: 71.8750 (68.8932)  Acc@5: 95.3125 (97.6531)LR: 2.121e-02
2024-11-17 03:52:51,565 -         train_search: [    INFO] - Train: 13 [ 300/390]  Loss: 0.8684 (0.881)  Acc@1: 67.1875 (68.7085)  Acc@5: 96.8750 (97.6588)LR: 2.121e-02
2024-11-17 03:53:04,367 -         train_search: [    INFO] - Train: 13 [ 350/390]  Loss: 0.8909 (0.883)  Acc@1: 64.0625 (68.6343)  Acc@5: 96.8750 (97.6407)LR: 2.121e-02
2024-11-17 03:53:14,385 -         train_search: [    INFO] - Train: 13 [ 390/390]  Loss: 1.455 (0.881)  Acc@1: 47.5000 (68.7000)  Acc@5: 95.0000 (97.6720)LR: 2.121e-02
2024-11-17 03:53:14,462 -         train_search: [    INFO] - train_acc 68.700000
2024-11-17 03:53:14,729 -         train_search: [    INFO] - Valid: 13 [   0/390]  Loss: 0.7339 (0.734)  Acc@1: 76.5625 (76.5625)  Acc@5: 100.0000 (100.0000)
2024-11-17 03:53:17,041 -         train_search: [    INFO] - Valid: 13 [  50/390]  Loss: 0.9811 (0.877)  Acc@1: 64.0625 (69.0870)  Acc@5: 96.8750 (97.2426)
2024-11-17 03:53:19,252 -         train_search: [    INFO] - Valid: 13 [ 100/390]  Loss: 0.8278 (0.878)  Acc@1: 75.0000 (69.2605)  Acc@5: 100.0000 (97.5712)
2024-11-17 03:53:21,623 -         train_search: [    INFO] - Valid: 13 [ 150/390]  Loss: 0.9161 (0.882)  Acc@1: 64.0625 (68.9156)  Acc@5: 100.0000 (97.4752)
2024-11-17 03:53:23,972 -         train_search: [    INFO] - Valid: 13 [ 200/390]  Loss: 0.7752 (0.883)  Acc@1: 71.8750 (68.8355)  Acc@5: 98.4375 (97.5979)
2024-11-17 03:53:26,323 -         train_search: [    INFO] - Valid: 13 [ 250/390]  Loss: 1.136 (0.886)  Acc@1: 60.9375 (68.6815)  Acc@5: 93.7500 (97.5847)
2024-11-17 03:53:28,716 -         train_search: [    INFO] - Valid: 13 [ 300/390]  Loss: 0.7733 (0.891)  Acc@1: 65.6250 (68.5424)  Acc@5: 100.0000 (97.5862)
2024-11-17 03:53:31,000 -         train_search: [    INFO] - Valid: 13 [ 350/390]  Loss: 0.9207 (0.890)  Acc@1: 65.6250 (68.5897)  Acc@5: 96.8750 (97.5650)
2024-11-17 03:53:32,835 -         train_search: [    INFO] - Valid: 13 [ 390/390]  Loss: 0.7192 (0.892)  Acc@1: 77.5000 (68.5040)  Acc@5: 97.5000 (97.5160)
2024-11-17 03:53:32,869 -         train_search: [    INFO] - valid_acc 68.504000
2024-11-17 03:53:32,870 -         train_search: [    INFO] - epoch = 13   
 genotype = |skip_connect~0|+|skip_connect~0|nor_conv_3x3~1|+|skip_connect~0|skip_connect~1|skip_connect~2|
2024-11-17 03:53:32,872 -         train_search: [    INFO] - alphas_normal = 
 tensor([[0.1874, 0.2432, 0.1437, 0.1875, 0.2382],
        [0.1824, 0.2687, 0.1517, 0.1919, 0.2052],
        [0.2155, 0.2009, 0.1349, 0.1963, 0.2524],
        [0.1470, 0.3317, 0.1521, 0.1849, 0.1843],
        [0.2269, 0.2519, 0.1399, 0.1842, 0.1972],
        [0.2493, 0.2372, 0.1326, 0.1693, 0.2116]], device='cuda:0',
       grad_fn=<SoftmaxBackward0>)
2024-11-17 03:53:33,651 -         train_search: [    INFO] - Train: 14 [   0/390]  Loss: 0.9307 (0.931)  Acc@1: 65.6250 (65.6250)  Acc@5: 96.8750 (96.8750)LR: 2.065e-02
2024-11-17 03:53:46,599 -         train_search: [    INFO] - Train: 14 [  50/390]  Loss: 0.7431 (0.824)  Acc@1: 73.4375 (71.3235)  Acc@5: 96.8750 (97.8554)LR: 2.065e-02
2024-11-17 03:54:00,024 -         train_search: [    INFO] - Train: 14 [ 100/390]  Loss: 0.9092 (0.822)  Acc@1: 64.0625 (70.9313)  Acc@5: 98.4375 (97.9270)LR: 2.065e-02
2024-11-17 03:54:12,796 -         train_search: [    INFO] - Train: 14 [ 150/390]  Loss: 0.8486 (0.837)  Acc@1: 67.1875 (70.5401)  Acc@5: 98.4375 (97.8270)LR: 2.065e-02
2024-11-17 03:54:25,546 -         train_search: [    INFO] - Train: 14 [ 200/390]  Loss: 0.7424 (0.843)  Acc@1: 78.1250 (70.4213)  Acc@5: 96.8750 (97.7534)LR: 2.065e-02
2024-11-17 03:54:38,071 -         train_search: [    INFO] - Train: 14 [ 250/390]  Loss: 0.8622 (0.839)  Acc@1: 70.3125 (70.6238)  Acc@5: 98.4375 (97.7527)LR: 2.065e-02
2024-11-17 03:54:50,816 -         train_search: [    INFO] - Train: 14 [ 300/390]  Loss: 1.065 (0.842)  Acc@1: 64.0625 (70.5565)  Acc@5: 96.8750 (97.7004)LR: 2.065e-02
2024-11-17 03:55:03,745 -         train_search: [    INFO] - Train: 14 [ 350/390]  Loss: 0.9649 (0.845)  Acc@1: 67.1875 (70.4149)  Acc@5: 95.3125 (97.6540)LR: 2.065e-02
2024-11-17 03:55:13,754 -         train_search: [    INFO] - Train: 14 [ 390/390]  Loss: 0.9393 (0.845)  Acc@1: 62.5000 (70.3320)  Acc@5: 100.0000 (97.6920)LR: 2.065e-02
2024-11-17 03:55:13,846 -         train_search: [    INFO] - train_acc 70.332000
2024-11-17 03:55:14,146 -         train_search: [    INFO] - Valid: 14 [   0/390]  Loss: 0.7324 (0.732)  Acc@1: 75.0000 (75.0000)  Acc@5: 98.4375 (98.4375)
2024-11-17 03:55:16,458 -         train_search: [    INFO] - Valid: 14 [  50/390]  Loss: 0.9643 (0.837)  Acc@1: 68.7500 (70.7414)  Acc@5: 96.8750 (97.6103)
2024-11-17 03:55:18,747 -         train_search: [    INFO] - Valid: 14 [ 100/390]  Loss: 0.7799 (0.846)  Acc@1: 75.0000 (70.3744)  Acc@5: 98.4375 (97.8032)
2024-11-17 03:55:21,200 -         train_search: [    INFO] - Valid: 14 [ 150/390]  Loss: 0.9116 (0.841)  Acc@1: 71.8750 (70.4781)  Acc@5: 93.7500 (97.7442)
2024-11-17 03:55:23,465 -         train_search: [    INFO] - Valid: 14 [ 200/390]  Loss: 0.6304 (0.849)  Acc@1: 78.1250 (70.2970)  Acc@5: 100.0000 (97.6757)
2024-11-17 03:55:25,787 -         train_search: [    INFO] - Valid: 14 [ 250/390]  Loss: 0.9338 (0.849)  Acc@1: 65.6250 (70.3623)  Acc@5: 98.4375 (97.6967)
2024-11-17 03:55:28,256 -         train_search: [    INFO] - Valid: 14 [ 300/390]  Loss: 0.6729 (0.847)  Acc@1: 76.5625 (70.2658)  Acc@5: 98.4375 (97.7679)
2024-11-17 03:55:30,626 -         train_search: [    INFO] - Valid: 14 [ 350/390]  Loss: 0.8201 (0.848)  Acc@1: 68.7500 (70.2769)  Acc@5: 100.0000 (97.6718)
2024-11-17 03:55:32,451 -         train_search: [    INFO] - Valid: 14 [ 390/390]  Loss: 0.7782 (0.847)  Acc@1: 72.5000 (70.2800)  Acc@5: 100.0000 (97.6880)
2024-11-17 03:55:32,486 -         train_search: [    INFO] - valid_acc 70.280000
2024-11-17 03:55:32,487 -         train_search: [    INFO] - epoch = 14   
 genotype = |skip_connect~0|+|skip_connect~0|nor_conv_3x3~1|+|skip_connect~0|skip_connect~1|skip_connect~2|
2024-11-17 03:55:32,489 -         train_search: [    INFO] - alphas_normal = 
 tensor([[0.1884, 0.2439, 0.1410, 0.1867, 0.2400],
        [0.1840, 0.2744, 0.1511, 0.1861, 0.2044],
        [0.2162, 0.2008, 0.1328, 0.1946, 0.2557],
        [0.1456, 0.3394, 0.1490, 0.1826, 0.1834],
        [0.2294, 0.2525, 0.1361, 0.1830, 0.1990],
        [0.2521, 0.2348, 0.1284, 0.1680, 0.2167]], device='cuda:0',
       grad_fn=<SoftmaxBackward0>)
2024-11-17 03:55:33,188 -         train_search: [    INFO] - Train: 15 [   0/390]  Loss: 0.8017 (0.802)  Acc@1: 73.4375 (73.4375)  Acc@5: 98.4375 (98.4375)LR: 2.005e-02
2024-11-17 03:55:46,721 -         train_search: [    INFO] - Train: 15 [  50/390]  Loss: 0.6010 (0.822)  Acc@1: 78.1250 (70.8027)  Acc@5: 100.0000 (97.8248)LR: 2.005e-02
2024-11-17 03:55:59,977 -         train_search: [    INFO] - Train: 15 [ 100/390]  Loss: 0.9520 (0.820)  Acc@1: 67.1875 (70.9932)  Acc@5: 93.7500 (97.8496)LR: 2.005e-02
2024-11-17 03:56:12,972 -         train_search: [    INFO] - Train: 15 [ 150/390]  Loss: 0.5136 (0.807)  Acc@1: 84.3750 (71.6060)  Acc@5: 100.0000 (97.8891)LR: 2.005e-02
2024-11-17 03:56:25,482 -         train_search: [    INFO] - Train: 15 [ 200/390]  Loss: 0.6104 (0.804)  Acc@1: 79.6875 (71.7195)  Acc@5: 98.4375 (98.0255)LR: 2.005e-02
2024-11-17 03:56:38,335 -         train_search: [    INFO] - Train: 15 [ 250/390]  Loss: 0.6287 (0.803)  Acc@1: 78.1250 (71.9310)  Acc@5: 98.4375 (98.0204)LR: 2.005e-02
2024-11-17 03:56:51,197 -         train_search: [    INFO] - Train: 15 [ 300/390]  Loss: 0.8603 (0.804)  Acc@1: 68.7500 (71.8335)  Acc@5: 95.3125 (97.9963)LR: 2.005e-02
2024-11-17 03:57:04,237 -         train_search: [    INFO] - Train: 15 [ 350/390]  Loss: 0.8755 (0.808)  Acc@1: 67.1875 (71.6613)  Acc@5: 98.4375 (97.9968)LR: 2.005e-02
2024-11-17 03:57:14,463 -         train_search: [    INFO] - Train: 15 [ 390/390]  Loss: 0.6739 (0.812)  Acc@1: 80.0000 (71.5720)  Acc@5: 97.5000 (97.9520)LR: 2.005e-02
2024-11-17 03:57:14,542 -         train_search: [    INFO] - train_acc 71.572000
2024-11-17 03:57:14,831 -         train_search: [    INFO] - Valid: 15 [   0/390]  Loss: 0.7974 (0.797)  Acc@1: 65.6250 (65.6250)  Acc@5: 98.4375 (98.4375)
2024-11-17 03:57:17,215 -         train_search: [    INFO] - Valid: 15 [  50/390]  Loss: 1.024 (0.836)  Acc@1: 67.1875 (70.2206)  Acc@5: 96.8750 (97.7635)
2024-11-17 03:57:19,587 -         train_search: [    INFO] - Valid: 15 [ 100/390]  Loss: 0.8024 (0.838)  Acc@1: 68.7500 (70.6374)  Acc@5: 96.8750 (97.6795)
2024-11-17 03:57:22,128 -         train_search: [    INFO] - Valid: 15 [ 150/390]  Loss: 0.6365 (0.840)  Acc@1: 71.8750 (70.4263)  Acc@5: 100.0000 (97.7649)
2024-11-17 03:57:24,537 -         train_search: [    INFO] - Valid: 15 [ 200/390]  Loss: 0.8343 (0.842)  Acc@1: 70.3125 (70.4136)  Acc@5: 96.8750 (97.8078)
2024-11-17 03:57:26,956 -         train_search: [    INFO] - Valid: 15 [ 250/390]  Loss: 0.8966 (0.845)  Acc@1: 64.0625 (70.3312)  Acc@5: 93.7500 (97.7901)
2024-11-17 03:57:29,462 -         train_search: [    INFO] - Valid: 15 [ 300/390]  Loss: 0.8283 (0.849)  Acc@1: 70.3125 (70.1983)  Acc@5: 100.0000 (97.8353)
2024-11-17 03:57:31,857 -         train_search: [    INFO] - Valid: 15 [ 350/390]  Loss: 0.6725 (0.848)  Acc@1: 78.1250 (70.1344)  Acc@5: 100.0000 (97.8365)
2024-11-17 03:57:33,735 -         train_search: [    INFO] - Valid: 15 [ 390/390]  Loss: 0.8902 (0.850)  Acc@1: 65.0000 (70.1600)  Acc@5: 95.0000 (97.8200)
2024-11-17 03:57:33,767 -         train_search: [    INFO] - valid_acc 70.160000
2024-11-17 03:57:33,768 -         train_search: [    INFO] - epoch = 15   
 genotype = |skip_connect~0|+|skip_connect~0|nor_conv_3x3~1|+|skip_connect~0|skip_connect~1|skip_connect~2|
2024-11-17 03:57:33,770 -         train_search: [    INFO] - alphas_normal = 
 tensor([[0.1869, 0.2469, 0.1396, 0.1841, 0.2424],
        [0.1833, 0.2789, 0.1499, 0.1843, 0.2037],
        [0.2170, 0.2021, 0.1320, 0.1923, 0.2567],
        [0.1429, 0.3503, 0.1475, 0.1789, 0.1804],
        [0.2316, 0.2566, 0.1347, 0.1793, 0.1977],
        [0.2562, 0.2368, 0.1265, 0.1638, 0.2166]], device='cuda:0',
       grad_fn=<SoftmaxBackward0>)
2024-11-17 03:57:34,666 -         train_search: [    INFO] - Train: 16 [   0/390]  Loss: 0.6672 (0.667)  Acc@1: 75.0000 (75.0000)  Acc@5: 100.0000 (100.0000)LR: 1.943e-02
2024-11-17 03:57:47,351 -         train_search: [    INFO] - Train: 16 [  50/390]  Loss: 0.8711 (0.776)  Acc@1: 76.5625 (72.4265)  Acc@5: 95.3125 (98.2843)LR: 1.943e-02
2024-11-17 03:58:00,347 -         train_search: [    INFO] - Train: 16 [ 100/390]  Loss: 0.8448 (0.768)  Acc@1: 73.4375 (72.8651)  Acc@5: 98.4375 (98.3911)LR: 1.943e-02
2024-11-17 03:58:13,038 -         train_search: [    INFO] - Train: 16 [ 150/390]  Loss: 1.031 (0.776)  Acc@1: 68.7500 (72.6614)  Acc@5: 96.8750 (98.1788)LR: 1.943e-02
2024-11-17 03:58:25,607 -         train_search: [    INFO] - Train: 16 [ 200/390]  Loss: 0.7950 (0.776)  Acc@1: 70.3125 (72.7301)  Acc@5: 98.4375 (98.1343)LR: 1.943e-02
2024-11-17 03:58:38,219 -         train_search: [    INFO] - Train: 16 [ 250/390]  Loss: 0.7573 (0.775)  Acc@1: 76.5625 (72.7776)  Acc@5: 98.4375 (98.2009)LR: 1.943e-02
2024-11-17 03:58:50,866 -         train_search: [    INFO] - Train: 16 [ 300/390]  Loss: 0.8505 (0.775)  Acc@1: 65.6250 (72.7575)  Acc@5: 98.4375 (98.1987)LR: 1.943e-02
2024-11-17 03:59:03,347 -         train_search: [    INFO] - Train: 16 [ 350/390]  Loss: 0.9104 (0.781)  Acc@1: 65.6250 (72.4760)  Acc@5: 98.4375 (98.2105)LR: 1.943e-02
2024-11-17 03:59:13,346 -         train_search: [    INFO] - Train: 16 [ 390/390]  Loss: 0.9146 (0.778)  Acc@1: 72.5000 (72.6840)  Acc@5: 95.0000 (98.1760)LR: 1.943e-02
2024-11-17 03:59:13,454 -         train_search: [    INFO] - train_acc 72.684000
2024-11-17 03:59:13,751 -         train_search: [    INFO] - Valid: 16 [   0/390]  Loss: 0.9641 (0.964)  Acc@1: 65.6250 (65.6250)  Acc@5: 95.3125 (95.3125)
2024-11-17 03:59:16,119 -         train_search: [    INFO] - Valid: 16 [  50/390]  Loss: 0.7912 (0.809)  Acc@1: 78.1250 (72.1201)  Acc@5: 100.0000 (98.0699)
2024-11-17 03:59:18,559 -         train_search: [    INFO] - Valid: 16 [ 100/390]  Loss: 0.8304 (0.796)  Acc@1: 73.4375 (72.2927)  Acc@5: 98.4375 (98.0353)
2024-11-17 03:59:21,019 -         train_search: [    INFO] - Valid: 16 [ 150/390]  Loss: 0.9407 (0.789)  Acc@1: 65.6250 (72.4338)  Acc@5: 100.0000 (98.0650)
2024-11-17 03:59:23,452 -         train_search: [    INFO] - Valid: 16 [ 200/390]  Loss: 0.7813 (0.786)  Acc@1: 73.4375 (72.5669)  Acc@5: 96.8750 (98.0644)
2024-11-17 03:59:25,820 -         train_search: [    INFO] - Valid: 16 [ 250/390]  Loss: 0.7185 (0.784)  Acc@1: 70.3125 (72.6220)  Acc@5: 100.0000 (98.1449)
2024-11-17 03:59:28,216 -         train_search: [    INFO] - Valid: 16 [ 300/390]  Loss: 0.7373 (0.785)  Acc@1: 76.5625 (72.6225)  Acc@5: 96.8750 (98.1001)
2024-11-17 03:59:30,592 -         train_search: [    INFO] - Valid: 16 [ 350/390]  Loss: 0.9681 (0.791)  Acc@1: 71.8750 (72.5962)  Acc@5: 95.3125 (97.9923)
2024-11-17 03:59:32,521 -         train_search: [    INFO] - Valid: 16 [ 390/390]  Loss: 0.8001 (0.795)  Acc@1: 75.0000 (72.4280)  Acc@5: 95.0000 (97.9400)
2024-11-17 03:59:32,554 -         train_search: [    INFO] - valid_acc 72.428000
2024-11-17 03:59:32,555 -         train_search: [    INFO] - epoch = 16   
 genotype = |skip_connect~0|+|skip_connect~0|nor_conv_3x3~1|+|skip_connect~0|skip_connect~1|skip_connect~2|
2024-11-17 03:59:32,557 -         train_search: [    INFO] - alphas_normal = 
 tensor([[0.1871, 0.2491, 0.1377, 0.1822, 0.2439],
        [0.1826, 0.2824, 0.1473, 0.1844, 0.2033],
        [0.2186, 0.2028, 0.1297, 0.1909, 0.2580],
        [0.1409, 0.3584, 0.1447, 0.1777, 0.1783],
        [0.2326, 0.2572, 0.1320, 0.1803, 0.1980],
        [0.2606, 0.2373, 0.1234, 0.1622, 0.2165]], device='cuda:0',
       grad_fn=<SoftmaxBackward0>)
2024-11-17 03:59:33,207 -         train_search: [    INFO] - Train: 17 [   0/390]  Loss: 2.323 (2.32)  Acc@1: 42.1875 (42.1875)  Acc@5: 75.0000 (75.0000)LR: 1.878e-02
2024-11-17 03:59:46,279 -         train_search: [    INFO] - Train: 17 [  50/390]  Loss: 0.9543 (1.51)  Acc@1: 68.7500 (48.4681)  Acc@5: 100.0000 (90.3186)LR: 1.878e-02
2024-11-17 03:59:59,183 -         train_search: [    INFO] - Train: 17 [ 100/390]  Loss: 1.164 (1.40)  Acc@1: 60.9375 (50.9437)  Acc@5: 93.7500 (92.3267)LR: 1.878e-02
2024-11-17 04:00:12,244 -         train_search: [    INFO] - Train: 17 [ 150/390]  Loss: 1.086 (1.34)  Acc@1: 67.1875 (53.1974)  Acc@5: 93.7500 (93.2430)LR: 1.878e-02
2024-11-17 04:00:25,422 -         train_search: [    INFO] - Train: 17 [ 200/390]  Loss: 0.9841 (1.29)  Acc@1: 70.3125 (54.9829)  Acc@5: 95.3125 (93.8200)LR: 1.878e-02
2024-11-17 04:00:38,778 -         train_search: [    INFO] - Train: 17 [ 250/390]  Loss: 0.8933 (1.25)  Acc@1: 67.1875 (56.2687)  Acc@5: 96.8750 (94.1173)LR: 1.878e-02
2024-11-17 04:00:51,891 -         train_search: [    INFO] - Train: 17 [ 300/390]  Loss: 1.045 (1.22)  Acc@1: 65.6250 (57.2519)  Acc@5: 96.8750 (94.3262)LR: 1.878e-02
2024-11-17 04:01:04,779 -         train_search: [    INFO] - Train: 17 [ 350/390]  Loss: 0.8969 (1.20)  Acc@1: 73.4375 (58.3556)  Acc@5: 100.0000 (94.5513)LR: 1.878e-02
2024-11-17 04:01:15,253 -         train_search: [    INFO] - Train: 17 [ 390/390]  Loss: 0.9912 (1.18)  Acc@1: 65.0000 (58.8760)  Acc@5: 95.0000 (94.6720)LR: 1.878e-02
2024-11-17 04:01:15,344 -         train_search: [    INFO] - train_acc 58.876000
2024-11-17 04:01:15,613 -         train_search: [    INFO] - Valid: 17 [   0/390]  Loss: 1.024 (1.02)  Acc@1: 60.9375 (60.9375)  Acc@5: 98.4375 (98.4375)
2024-11-17 04:01:18,083 -         train_search: [    INFO] - Valid: 17 [  50/390]  Loss: 0.8562 (0.946)  Acc@1: 73.4375 (66.9730)  Acc@5: 98.4375 (97.3346)
2024-11-17 04:01:20,576 -         train_search: [    INFO] - Valid: 17 [ 100/390]  Loss: 0.9441 (0.956)  Acc@1: 70.3125 (66.6770)  Acc@5: 96.8750 (97.1844)
2024-11-17 04:01:23,171 -         train_search: [    INFO] - Valid: 17 [ 150/390]  Loss: 0.8840 (0.946)  Acc@1: 71.8750 (67.2082)  Acc@5: 96.8750 (97.1026)
2024-11-17 04:01:25,644 -         train_search: [    INFO] - Valid: 17 [ 200/390]  Loss: 0.9210 (0.952)  Acc@1: 67.1875 (66.7833)  Acc@5: 96.8750 (97.0849)
2024-11-17 04:01:28,220 -         train_search: [    INFO] - Valid: 17 [ 250/390]  Loss: 0.9363 (0.949)  Acc@1: 67.1875 (66.8949)  Acc@5: 98.4375 (97.1116)
2024-11-17 04:01:30,792 -         train_search: [    INFO] - Valid: 17 [ 300/390]  Loss: 1.152 (0.946)  Acc@1: 62.5000 (66.9487)  Acc@5: 92.1875 (97.1294)
2024-11-17 04:01:33,201 -         train_search: [    INFO] - Valid: 17 [ 350/390]  Loss: 0.8764 (0.947)  Acc@1: 67.1875 (66.9249)  Acc@5: 100.0000 (97.1644)
2024-11-17 04:01:35,167 -         train_search: [    INFO] - Valid: 17 [ 390/390]  Loss: 0.7929 (0.945)  Acc@1: 70.0000 (66.8320)  Acc@5: 100.0000 (97.1680)
2024-11-17 04:01:35,203 -         train_search: [    INFO] - valid_acc 66.832000
2024-11-17 04:01:35,204 -         train_search: [    INFO] - epoch = 17   
 genotype = |nor_conv_3x3~0|+|skip_connect~0|nor_conv_3x3~1|+|skip_connect~0|skip_connect~1|nor_conv_3x3~2|
2024-11-17 04:01:35,206 -         train_search: [    INFO] - alphas_normal = 
 tensor([[0.1945, 0.2357, 0.1238, 0.1787, 0.2673],
        [0.1965, 0.2670, 0.1309, 0.1837, 0.2218],
        [0.2066, 0.1937, 0.1194, 0.1900, 0.2903],
        [0.1551, 0.3495, 0.1280, 0.1811, 0.1862],
        [0.2259, 0.2461, 0.1212, 0.1867, 0.2200],
        [0.2496, 0.2310, 0.1141, 0.1657, 0.2395]], device='cuda:0',
       grad_fn=<SoftmaxBackward0>)
2024-11-17 04:01:36,065 -         train_search: [    INFO] - Train: 18 [   0/390]  Loss: 1.082 (1.08)  Acc@1: 68.7500 (68.7500)  Acc@5: 95.3125 (95.3125)LR: 1.811e-02
2024-11-17 04:01:48,974 -         train_search: [    INFO] - Train: 18 [  50/390]  Loss: 0.7710 (1.00)  Acc@1: 76.5625 (64.9816)  Acc@5: 98.4375 (96.5380)LR: 1.811e-02
2024-11-17 04:02:02,030 -         train_search: [    INFO] - Train: 18 [ 100/390]  Loss: 1.044 (0.999)  Acc@1: 65.6250 (65.0681)  Acc@5: 92.1875 (96.4573)LR: 1.811e-02
2024-11-17 04:02:15,011 -         train_search: [    INFO] - Train: 18 [ 150/390]  Loss: 0.9693 (0.997)  Acc@1: 64.0625 (65.1490)  Acc@5: 95.3125 (96.5025)LR: 1.811e-02
2024-11-17 04:02:28,089 -         train_search: [    INFO] - Train: 18 [ 200/390]  Loss: 1.079 (0.992)  Acc@1: 59.3750 (65.4384)  Acc@5: 98.4375 (96.6573)LR: 1.811e-02
2024-11-17 04:02:41,076 -         train_search: [    INFO] - Train: 18 [ 250/390]  Loss: 0.9304 (0.978)  Acc@1: 65.6250 (65.9985)  Acc@5: 100.0000 (96.7318)LR: 1.811e-02
2024-11-17 04:02:54,335 -         train_search: [    INFO] - Train: 18 [ 300/390]  Loss: 1.018 (0.975)  Acc@1: 60.9375 (66.0766)  Acc@5: 98.4375 (96.7608)LR: 1.811e-02
2024-11-17 04:03:07,492 -         train_search: [    INFO] - Train: 18 [ 350/390]  Loss: 0.9830 (0.977)  Acc@1: 64.0625 (65.9099)  Acc@5: 96.8750 (96.7815)LR: 1.811e-02
2024-11-17 04:03:17,903 -         train_search: [    INFO] - Train: 18 [ 390/390]  Loss: 0.9226 (0.975)  Acc@1: 67.5000 (66.0360)  Acc@5: 100.0000 (96.7560)LR: 1.811e-02
2024-11-17 04:03:18,001 -         train_search: [    INFO] - train_acc 66.036000
2024-11-17 04:03:18,278 -         train_search: [    INFO] - Valid: 18 [   0/390]  Loss: 0.8869 (0.887)  Acc@1: 68.7500 (68.7500)  Acc@5: 96.8750 (96.8750)
2024-11-17 04:03:20,867 -         train_search: [    INFO] - Valid: 18 [  50/390]  Loss: 0.8436 (0.844)  Acc@1: 73.4375 (70.9865)  Acc@5: 96.8750 (97.5184)
2024-11-17 04:03:23,303 -         train_search: [    INFO] - Valid: 18 [ 100/390]  Loss: 0.6880 (0.836)  Acc@1: 68.7500 (71.2252)  Acc@5: 100.0000 (97.7877)
2024-11-17 04:03:25,777 -         train_search: [    INFO] - Valid: 18 [ 150/390]  Loss: 0.9800 (0.846)  Acc@1: 60.9375 (70.9437)  Acc@5: 98.4375 (97.7339)
2024-11-17 04:03:28,175 -         train_search: [    INFO] - Valid: 18 [ 200/390]  Loss: 1.004 (0.854)  Acc@1: 60.9375 (70.4680)  Acc@5: 96.8750 (97.6601)
2024-11-17 04:03:30,575 -         train_search: [    INFO] - Valid: 18 [ 250/390]  Loss: 1.246 (0.857)  Acc@1: 56.2500 (70.5366)  Acc@5: 96.8750 (97.6843)
2024-11-17 04:03:33,102 -         train_search: [    INFO] - Valid: 18 [ 300/390]  Loss: 0.7586 (0.855)  Acc@1: 67.1875 (70.6395)  Acc@5: 100.0000 (97.7159)
2024-11-17 04:03:35,539 -         train_search: [    INFO] - Valid: 18 [ 350/390]  Loss: 0.9782 (0.857)  Acc@1: 65.6250 (70.4639)  Acc@5: 96.8750 (97.6852)
2024-11-17 04:03:37,525 -         train_search: [    INFO] - Valid: 18 [ 390/390]  Loss: 1.009 (0.859)  Acc@1: 65.0000 (70.3200)  Acc@5: 95.0000 (97.6960)
2024-11-17 04:03:37,572 -         train_search: [    INFO] - valid_acc 70.320000
2024-11-17 04:03:37,573 -         train_search: [    INFO] - epoch = 18   
 genotype = |nor_conv_3x3~0|+|skip_connect~0|nor_conv_3x3~1|+|skip_connect~0|skip_connect~1|nor_conv_3x3~2|
2024-11-17 04:03:37,578 -         train_search: [    INFO] - alphas_normal = 
 tensor([[0.1990, 0.2262, 0.1138, 0.1798, 0.2812],
        [0.2085, 0.2574, 0.1197, 0.1832, 0.2313],
        [0.1953, 0.1856, 0.1114, 0.1907, 0.3171],
        [0.1656, 0.3475, 0.1166, 0.1817, 0.1886],
        [0.2221, 0.2380, 0.1124, 0.1944, 0.2332],
        [0.2403, 0.2278, 0.1067, 0.1701, 0.2551]], device='cuda:0',
       grad_fn=<SoftmaxBackward0>)
2024-11-17 04:03:38,476 -         train_search: [    INFO] - Train: 19 [   0/390]  Loss: 0.8424 (0.842)  Acc@1: 73.4375 (73.4375)  Acc@5: 98.4375 (98.4375)LR: 1.742e-02
2024-11-17 04:03:51,446 -         train_search: [    INFO] - Train: 19 [  50/390]  Loss: 0.9970 (0.939)  Acc@1: 65.6250 (67.7083)  Acc@5: 98.4375 (96.8444)LR: 1.742e-02
2024-11-17 04:04:04,323 -         train_search: [    INFO] - Train: 19 [ 100/390]  Loss: 0.9379 (0.933)  Acc@1: 68.7500 (67.6361)  Acc@5: 96.8750 (97.1999)LR: 1.742e-02
2024-11-17 04:04:17,252 -         train_search: [    INFO] - Train: 19 [ 150/390]  Loss: 0.8889 (0.922)  Acc@1: 73.4375 (67.8291)  Acc@5: 98.4375 (97.2579)LR: 1.742e-02
2024-11-17 04:04:30,136 -         train_search: [    INFO] - Train: 19 [ 200/390]  Loss: 1.222 (0.920)  Acc@1: 57.8125 (68.0581)  Acc@5: 92.1875 (97.2481)LR: 1.742e-02
2024-11-17 04:04:43,297 -         train_search: [    INFO] - Train: 19 [ 250/390]  Loss: 0.7629 (0.924)  Acc@1: 76.5625 (68.0154)  Acc@5: 98.4375 (97.2298)LR: 1.742e-02
2024-11-17 04:04:56,134 -         train_search: [    INFO] - Train: 19 [ 300/390]  Loss: 0.9783 (0.925)  Acc@1: 62.5000 (67.9039)  Acc@5: 96.8750 (97.2488)LR: 1.742e-02
2024-11-17 04:05:08,907 -         train_search: [    INFO] - Train: 19 [ 350/390]  Loss: 0.8536 (0.922)  Acc@1: 70.3125 (67.9888)  Acc@5: 98.4375 (97.2222)LR: 1.742e-02
2024-11-17 04:05:19,275 -         train_search: [    INFO] - Train: 19 [ 390/390]  Loss: 0.8063 (0.918)  Acc@1: 67.5000 (68.0720)  Acc@5: 100.0000 (97.2320)LR: 1.742e-02
2024-11-17 04:05:19,350 -         train_search: [    INFO] - train_acc 68.072000
2024-11-17 04:05:19,792 -         train_search: [    INFO] - Valid: 19 [   0/390]  Loss: 0.7988 (0.799)  Acc@1: 71.8750 (71.8750)  Acc@5: 98.4375 (98.4375)
2024-11-17 04:05:22,275 -         train_search: [    INFO] - Valid: 19 [  50/390]  Loss: 0.8517 (0.802)  Acc@1: 68.7500 (71.6912)  Acc@5: 95.3125 (97.9167)
2024-11-17 04:05:24,736 -         train_search: [    INFO] - Valid: 19 [ 100/390]  Loss: 0.8287 (0.813)  Acc@1: 68.7500 (71.9059)  Acc@5: 100.0000 (97.8342)
2024-11-17 04:05:27,163 -         train_search: [    INFO] - Valid: 19 [ 150/390]  Loss: 1.003 (0.812)  Acc@1: 64.0625 (71.8026)  Acc@5: 98.4375 (97.9408)
2024-11-17 04:05:29,552 -         train_search: [    INFO] - Valid: 19 [ 200/390]  Loss: 0.8619 (0.815)  Acc@1: 67.1875 (71.5874)  Acc@5: 96.8750 (97.9789)
2024-11-17 04:05:32,009 -         train_search: [    INFO] - Valid: 19 [ 250/390]  Loss: 0.6104 (0.812)  Acc@1: 79.6875 (71.5886)  Acc@5: 100.0000 (97.9582)
2024-11-17 04:05:34,425 -         train_search: [    INFO] - Valid: 19 [ 300/390]  Loss: 0.8969 (0.815)  Acc@1: 70.3125 (71.5324)  Acc@5: 96.8750 (97.9599)
2024-11-17 04:05:36,792 -         train_search: [    INFO] - Valid: 19 [ 350/390]  Loss: 0.7066 (0.813)  Acc@1: 73.4375 (71.5322)  Acc@5: 100.0000 (97.9968)
2024-11-17 04:05:38,655 -         train_search: [    INFO] - Valid: 19 [ 390/390]  Loss: 0.8334 (0.815)  Acc@1: 72.5000 (71.4320)  Acc@5: 92.5000 (97.9240)
2024-11-17 04:05:38,725 -         train_search: [    INFO] - valid_acc 71.432000
2024-11-17 04:05:38,726 -         train_search: [    INFO] - epoch = 19   
 genotype = |nor_conv_3x3~0|+|skip_connect~0|nor_conv_3x3~1|+|skip_connect~0|nor_conv_3x3~1|nor_conv_3x3~2|
2024-11-17 04:05:38,728 -         train_search: [    INFO] - alphas_normal = 
 tensor([[0.2049, 0.2191, 0.1064, 0.1783, 0.2914],
        [0.2185, 0.2473, 0.1108, 0.1846, 0.2388],
        [0.1861, 0.1764, 0.1041, 0.1912, 0.3422],
        [0.1737, 0.3451, 0.1078, 0.1830, 0.1904],
        [0.2197, 0.2297, 0.1050, 0.1994, 0.2462],
        [0.2314, 0.2251, 0.1009, 0.1730, 0.2696]], device='cuda:0',
       grad_fn=<SoftmaxBackward0>)
2024-11-17 04:05:39,392 -         train_search: [    INFO] - Train: 20 [   0/390]  Loss: 0.8549 (0.855)  Acc@1: 71.8750 (71.8750)  Acc@5: 100.0000 (100.0000)LR: 1.671e-02
2024-11-17 04:05:52,771 -         train_search: [    INFO] - Train: 20 [  50/390]  Loss: 0.7247 (0.912)  Acc@1: 73.4375 (68.2598)  Acc@5: 100.0000 (97.5797)LR: 1.671e-02
2024-11-17 04:06:06,020 -         train_search: [    INFO] - Train: 20 [ 100/390]  Loss: 1.095 (0.901)  Acc@1: 65.6250 (68.3323)  Acc@5: 92.1875 (97.5712)LR: 1.671e-02
2024-11-17 04:06:18,921 -         train_search: [    INFO] - Train: 20 [ 150/390]  Loss: 1.254 (0.902)  Acc@1: 62.5000 (68.6672)  Acc@5: 92.1875 (97.3613)LR: 1.671e-02
2024-11-17 04:06:31,897 -         train_search: [    INFO] - Train: 20 [ 200/390]  Loss: 0.7244 (0.898)  Acc@1: 73.4375 (68.8899)  Acc@5: 98.4375 (97.3259)LR: 1.671e-02
2024-11-17 04:06:45,453 -         train_search: [    INFO] - Train: 20 [ 250/390]  Loss: 0.9686 (0.899)  Acc@1: 70.3125 (68.7562)  Acc@5: 96.8750 (97.2547)LR: 1.671e-02
2024-11-17 04:06:58,622 -         train_search: [    INFO] - Train: 20 [ 300/390]  Loss: 0.8659 (0.893)  Acc@1: 70.3125 (68.7552)  Acc@5: 98.4375 (97.3370)LR: 1.671e-02
2024-11-17 04:07:11,685 -         train_search: [    INFO] - Train: 20 [ 350/390]  Loss: 0.8069 (0.887)  Acc@1: 68.7500 (68.8969)  Acc@5: 96.8750 (97.3469)LR: 1.671e-02
2024-11-17 04:07:22,144 -         train_search: [    INFO] - Train: 20 [ 390/390]  Loss: 0.9222 (0.886)  Acc@1: 67.5000 (68.9960)  Acc@5: 92.5000 (97.3360)LR: 1.671e-02
2024-11-17 04:07:22,222 -         train_search: [    INFO] - train_acc 68.996000
2024-11-17 04:07:22,547 -         train_search: [    INFO] - Valid: 20 [   0/390]  Loss: 0.7700 (0.770)  Acc@1: 71.8750 (71.8750)  Acc@5: 100.0000 (100.0000)
2024-11-17 04:07:24,989 -         train_search: [    INFO] - Valid: 20 [  50/390]  Loss: 0.7619 (0.823)  Acc@1: 79.6875 (71.7218)  Acc@5: 95.3125 (98.1005)
2024-11-17 04:07:27,360 -         train_search: [    INFO] - Valid: 20 [ 100/390]  Loss: 0.5872 (0.805)  Acc@1: 85.9375 (72.5248)  Acc@5: 96.8750 (97.9115)
2024-11-17 04:07:29,707 -         train_search: [    INFO] - Valid: 20 [ 150/390]  Loss: 0.6814 (0.798)  Acc@1: 79.6875 (72.4855)  Acc@5: 100.0000 (97.9201)
2024-11-17 04:07:32,215 -         train_search: [    INFO] - Valid: 20 [ 200/390]  Loss: 0.8916 (0.795)  Acc@1: 71.8750 (72.6057)  Acc@5: 98.4375 (97.9400)
2024-11-17 04:07:34,738 -         train_search: [    INFO] - Valid: 20 [ 250/390]  Loss: 0.7060 (0.800)  Acc@1: 75.0000 (72.2921)  Acc@5: 100.0000 (97.9084)
2024-11-17 04:07:37,200 -         train_search: [    INFO] - Valid: 20 [ 300/390]  Loss: 0.6212 (0.798)  Acc@1: 78.1250 (72.4149)  Acc@5: 100.0000 (97.8821)
2024-11-17 04:07:39,634 -         train_search: [    INFO] - Valid: 20 [ 350/390]  Loss: 0.8365 (0.800)  Acc@1: 70.3125 (72.3469)  Acc@5: 100.0000 (97.8677)
2024-11-17 04:07:41,622 -         train_search: [    INFO] - Valid: 20 [ 390/390]  Loss: 0.7553 (0.799)  Acc@1: 70.0000 (72.3320)  Acc@5: 100.0000 (97.8680)
2024-11-17 04:07:41,653 -         train_search: [    INFO] - valid_acc 72.332000
2024-11-17 04:07:41,654 -         train_search: [    INFO] - epoch = 20   
 genotype = |nor_conv_3x3~0|+|nor_conv_3x3~0|nor_conv_3x3~1|+|skip_connect~0|nor_conv_3x3~1|nor_conv_3x3~2|
2024-11-17 04:07:41,656 -         train_search: [    INFO] - alphas_normal = 
 tensor([[0.2093, 0.2116, 0.1008, 0.1781, 0.3003],
        [0.2300, 0.2401, 0.1046, 0.1830, 0.2423],
        [0.1782, 0.1695, 0.0991, 0.1906, 0.3625],
        [0.1821, 0.3434, 0.1018, 0.1829, 0.1898],
        [0.2161, 0.2215, 0.0997, 0.2053, 0.2573],
        [0.2259, 0.2209, 0.0961, 0.1762, 0.2808]], device='cuda:0',
       grad_fn=<SoftmaxBackward0>)
2024-11-17 04:07:42,513 -         train_search: [    INFO] - Train: 21 [   0/390]  Loss: 0.8428 (0.843)  Acc@1: 68.7500 (68.7500)  Acc@5: 98.4375 (98.4375)LR: 1.598e-02
2024-11-17 04:07:55,242 -         train_search: [    INFO] - Train: 21 [  50/390]  Loss: 0.9326 (0.913)  Acc@1: 64.0625 (68.7194)  Acc@5: 96.8750 (96.9975)LR: 1.598e-02
2024-11-17 04:08:08,058 -         train_search: [    INFO] - Train: 21 [ 100/390]  Loss: 0.7567 (0.875)  Acc@1: 70.3125 (69.6782)  Acc@5: 100.0000 (97.4938)LR: 1.598e-02
2024-11-17 04:08:20,890 -         train_search: [    INFO] - Train: 21 [ 150/390]  Loss: 0.7135 (0.867)  Acc@1: 70.3125 (69.9193)  Acc@5: 100.0000 (97.5166)LR: 1.598e-02
2024-11-17 04:08:33,741 -         train_search: [    INFO] - Train: 21 [ 200/390]  Loss: 0.8553 (0.864)  Acc@1: 68.7500 (70.2114)  Acc@5: 98.4375 (97.5358)LR: 1.598e-02
2024-11-17 04:08:46,614 -         train_search: [    INFO] - Train: 21 [ 250/390]  Loss: 0.8062 (0.855)  Acc@1: 71.8750 (70.5740)  Acc@5: 96.8750 (97.6096)LR: 1.598e-02
2024-11-17 04:08:59,672 -         train_search: [    INFO] - Train: 21 [ 300/390]  Loss: 1.023 (0.854)  Acc@1: 62.5000 (70.5617)  Acc@5: 96.8750 (97.6329)LR: 1.598e-02
2024-11-17 04:09:12,508 -         train_search: [    INFO] - Train: 21 [ 350/390]  Loss: 0.8787 (0.854)  Acc@1: 65.6250 (70.5306)  Acc@5: 96.8750 (97.6674)LR: 1.598e-02
2024-11-17 04:09:22,778 -         train_search: [    INFO] - Train: 21 [ 390/390]  Loss: 0.7278 (0.854)  Acc@1: 67.5000 (70.4880)  Acc@5: 100.0000 (97.6360)LR: 1.598e-02
2024-11-17 04:09:25,009 -         train_search: [    INFO] - train_acc 70.488000
2024-11-17 04:09:25,360 -         train_search: [    INFO] - Valid: 21 [   0/390]  Loss: 0.8952 (0.895)  Acc@1: 68.7500 (68.7500)  Acc@5: 95.3125 (95.3125)
2024-11-17 04:09:27,730 -         train_search: [    INFO] - Valid: 21 [  50/390]  Loss: 0.6555 (0.761)  Acc@1: 75.0000 (73.2230)  Acc@5: 100.0000 (98.2537)
2024-11-17 04:09:30,110 -         train_search: [    INFO] - Valid: 21 [ 100/390]  Loss: 0.7914 (0.784)  Acc@1: 76.5625 (72.6176)  Acc@5: 95.3125 (98.1281)
2024-11-17 04:09:32,588 -         train_search: [    INFO] - Valid: 21 [ 150/390]  Loss: 0.7021 (0.779)  Acc@1: 78.1250 (72.5269)  Acc@5: 100.0000 (98.2409)
2024-11-17 04:09:34,972 -         train_search: [    INFO] - Valid: 21 [ 200/390]  Loss: 0.7163 (0.773)  Acc@1: 76.5625 (72.7923)  Acc@5: 98.4375 (98.2898)
2024-11-17 04:09:37,312 -         train_search: [    INFO] - Valid: 21 [ 250/390]  Loss: 0.7828 (0.776)  Acc@1: 75.0000 (72.8959)  Acc@5: 98.4375 (98.1636)
2024-11-17 04:09:39,759 -         train_search: [    INFO] - Valid: 21 [ 300/390]  Loss: 0.6144 (0.777)  Acc@1: 78.1250 (72.9288)  Acc@5: 100.0000 (98.1364)
2024-11-17 04:09:42,220 -         train_search: [    INFO] - Valid: 21 [ 350/390]  Loss: 0.8628 (0.779)  Acc@1: 65.6250 (72.7609)  Acc@5: 100.0000 (98.1437)
2024-11-17 04:09:44,185 -         train_search: [    INFO] - Valid: 21 [ 390/390]  Loss: 0.8867 (0.780)  Acc@1: 72.5000 (72.6960)  Acc@5: 95.0000 (98.1440)
2024-11-17 04:09:44,223 -         train_search: [    INFO] - valid_acc 72.696000
2024-11-17 04:09:44,224 -         train_search: [    INFO] - epoch = 21   
 genotype = |nor_conv_3x3~0|+|nor_conv_3x3~0|nor_conv_3x3~1|+|skip_connect~0|nor_conv_3x3~1|nor_conv_3x3~2|
2024-11-17 04:09:44,226 -         train_search: [    INFO] - alphas_normal = 
 tensor([[0.2135, 0.2068, 0.0956, 0.1771, 0.3070],
        [0.2399, 0.2318, 0.0980, 0.1844, 0.2459],
        [0.1706, 0.1622, 0.0938, 0.1882, 0.3853],
        [0.1902, 0.3438, 0.0954, 0.1815, 0.1892],
        [0.2134, 0.2142, 0.0941, 0.2096, 0.2687],
        [0.2185, 0.2183, 0.0915, 0.1779, 0.2938]], device='cuda:0',
       grad_fn=<SoftmaxBackward0>)
2024-11-17 04:09:44,909 -         train_search: [    INFO] - Train: 22 [   0/390]  Loss: 1.169 (1.17)  Acc@1: 56.2500 (56.2500)  Acc@5: 95.3125 (95.3125)LR: 1.525e-02
2024-11-17 04:09:58,362 -         train_search: [    INFO] - Train: 22 [  50/390]  Loss: 0.9930 (0.836)  Acc@1: 70.3125 (70.8027)  Acc@5: 98.4375 (97.7022)LR: 1.525e-02
2024-11-17 04:10:11,524 -         train_search: [    INFO] - Train: 22 [ 100/390]  Loss: 0.7258 (0.819)  Acc@1: 71.8750 (71.4418)  Acc@5: 96.8750 (97.9115)LR: 1.525e-02
2024-11-17 04:10:24,829 -         train_search: [    INFO] - Train: 22 [ 150/390]  Loss: 0.8205 (0.822)  Acc@1: 75.0000 (71.2955)  Acc@5: 96.8750 (97.8580)LR: 1.525e-02
2024-11-17 04:10:37,813 -         train_search: [    INFO] - Train: 22 [ 200/390]  Loss: 0.8866 (0.826)  Acc@1: 68.7500 (71.1521)  Acc@5: 95.3125 (97.8467)LR: 1.525e-02
2024-11-17 04:10:50,727 -         train_search: [    INFO] - Train: 22 [ 250/390]  Loss: 0.9326 (0.819)  Acc@1: 68.7500 (71.3583)  Acc@5: 98.4375 (97.8835)LR: 1.525e-02
2024-11-17 04:11:03,531 -         train_search: [    INFO] - Train: 22 [ 300/390]  Loss: 0.8592 (0.819)  Acc@1: 67.1875 (71.4701)  Acc@5: 98.4375 (97.8042)LR: 1.525e-02
2024-11-17 04:11:16,456 -         train_search: [    INFO] - Train: 22 [ 350/390]  Loss: 0.7382 (0.822)  Acc@1: 76.5625 (71.3497)  Acc@5: 98.4375 (97.8321)LR: 1.525e-02
2024-11-17 04:11:26,705 -         train_search: [    INFO] - Train: 22 [ 390/390]  Loss: 0.8484 (0.824)  Acc@1: 70.0000 (71.3360)  Acc@5: 95.0000 (97.8040)LR: 1.525e-02
2024-11-17 04:11:26,772 -         train_search: [    INFO] - train_acc 71.336000
2024-11-17 04:11:27,090 -         train_search: [    INFO] - Valid: 22 [   0/390]  Loss: 0.7972 (0.797)  Acc@1: 75.0000 (75.0000)  Acc@5: 98.4375 (98.4375)
2024-11-17 04:11:29,418 -         train_search: [    INFO] - Valid: 22 [  50/390]  Loss: 0.7813 (0.782)  Acc@1: 70.3125 (73.1618)  Acc@5: 98.4375 (97.9779)
2024-11-17 04:11:31,830 -         train_search: [    INFO] - Valid: 22 [ 100/390]  Loss: 0.5927 (0.760)  Acc@1: 75.0000 (73.8397)  Acc@5: 100.0000 (98.2828)
2024-11-17 04:11:34,243 -         train_search: [    INFO] - Valid: 22 [ 150/390]  Loss: 0.6775 (0.765)  Acc@1: 81.2500 (73.6341)  Acc@5: 96.8750 (98.2202)
2024-11-17 04:11:36,736 -         train_search: [    INFO] - Valid: 22 [ 200/390]  Loss: 0.8621 (0.763)  Acc@1: 70.3125 (73.8340)  Acc@5: 98.4375 (98.2820)
2024-11-17 04:11:39,148 -         train_search: [    INFO] - Valid: 22 [ 250/390]  Loss: 0.5481 (0.769)  Acc@1: 84.3750 (73.7176)  Acc@5: 98.4375 (98.1076)
2024-11-17 04:11:41,537 -         train_search: [    INFO] - Valid: 22 [ 300/390]  Loss: 0.7960 (0.773)  Acc@1: 75.0000 (73.4946)  Acc@5: 96.8750 (97.9911)
2024-11-17 04:11:44,019 -         train_search: [    INFO] - Valid: 22 [ 350/390]  Loss: 0.7651 (0.773)  Acc@1: 67.1875 (73.4241)  Acc@5: 100.0000 (97.9745)
2024-11-17 04:11:45,843 -         train_search: [    INFO] - Valid: 22 [ 390/390]  Loss: 0.9658 (0.775)  Acc@1: 72.5000 (73.3680)  Acc@5: 100.0000 (97.9360)
2024-11-17 04:11:45,871 -         train_search: [    INFO] - valid_acc 73.368000
2024-11-17 04:11:45,872 -         train_search: [    INFO] - epoch = 22   
 genotype = |nor_conv_3x3~0|+|nor_conv_3x3~0|nor_conv_3x3~1|+|skip_connect~0|nor_conv_3x3~1|nor_conv_3x3~2|
2024-11-17 04:11:45,874 -         train_search: [    INFO] - alphas_normal = 
 tensor([[0.2156, 0.2034, 0.0910, 0.1752, 0.3147],
        [0.2488, 0.2257, 0.0926, 0.1848, 0.2481],
        [0.1640, 0.1561, 0.0891, 0.1850, 0.4059],
        [0.1977, 0.3443, 0.0899, 0.1801, 0.1880],
        [0.2105, 0.2090, 0.0892, 0.2123, 0.2790],
        [0.2115, 0.2154, 0.0872, 0.1813, 0.3046]], device='cuda:0',
       grad_fn=<SoftmaxBackward0>)
2024-11-17 04:11:46,732 -         train_search: [    INFO] - Train: 23 [   0/390]  Loss: 0.8598 (0.860)  Acc@1: 71.8750 (71.8750)  Acc@5: 96.8750 (96.8750)LR: 1.450e-02
2024-11-17 04:11:59,310 -         train_search: [    INFO] - Train: 23 [  50/390]  Loss: 0.7117 (0.797)  Acc@1: 75.0000 (71.7525)  Acc@5: 95.3125 (98.1924)LR: 1.450e-02
2024-11-17 04:12:12,038 -         train_search: [    INFO] - Train: 23 [ 100/390]  Loss: 0.8274 (0.795)  Acc@1: 71.8750 (71.8286)  Acc@5: 100.0000 (98.2364)LR: 1.450e-02
2024-11-17 04:12:24,617 -         train_search: [    INFO] - Train: 23 [ 150/390]  Loss: 0.8188 (0.802)  Acc@1: 68.7500 (71.7198)  Acc@5: 100.0000 (97.9201)LR: 1.450e-02
2024-11-17 04:12:37,226 -         train_search: [    INFO] - Train: 23 [ 200/390]  Loss: 0.6936 (0.801)  Acc@1: 75.0000 (71.9139)  Acc@5: 98.4375 (97.9011)LR: 1.450e-02
2024-11-17 04:12:49,926 -         train_search: [    INFO] - Train: 23 [ 250/390]  Loss: 0.7802 (0.804)  Acc@1: 68.7500 (71.8439)  Acc@5: 98.4375 (97.9146)LR: 1.450e-02
2024-11-17 04:13:02,729 -         train_search: [    INFO] - Train: 23 [ 300/390]  Loss: 0.8144 (0.802)  Acc@1: 68.7500 (71.8646)  Acc@5: 96.8750 (97.8821)LR: 1.450e-02
2024-11-17 04:13:15,331 -         train_search: [    INFO] - Train: 23 [ 350/390]  Loss: 0.6473 (0.797)  Acc@1: 75.0000 (71.9329)  Acc@5: 96.8750 (97.8855)LR: 1.450e-02
2024-11-17 04:13:25,436 -         train_search: [    INFO] - Train: 23 [ 390/390]  Loss: 0.4666 (0.793)  Acc@1: 82.5000 (72.1240)  Acc@5: 100.0000 (97.8800)LR: 1.450e-02
2024-11-17 04:13:25,517 -         train_search: [    INFO] - train_acc 72.124000
2024-11-17 04:13:25,786 -         train_search: [    INFO] - Valid: 23 [   0/390]  Loss: 0.8084 (0.808)  Acc@1: 65.6250 (65.6250)  Acc@5: 98.4375 (98.4375)
2024-11-17 04:13:28,073 -         train_search: [    INFO] - Valid: 23 [  50/390]  Loss: 0.9475 (0.758)  Acc@1: 65.6250 (73.2843)  Acc@5: 96.8750 (98.1924)
2024-11-17 04:13:30,305 -         train_search: [    INFO] - Valid: 23 [ 100/390]  Loss: 0.9656 (0.742)  Acc@1: 70.3125 (74.1491)  Acc@5: 95.3125 (98.2054)
2024-11-17 04:13:32,621 -         train_search: [    INFO] - Valid: 23 [ 150/390]  Loss: 0.7461 (0.742)  Acc@1: 75.0000 (74.3998)  Acc@5: 95.3125 (98.1271)
2024-11-17 04:13:35,017 -         train_search: [    INFO] - Valid: 23 [ 200/390]  Loss: 0.6167 (0.745)  Acc@1: 79.6875 (74.2149)  Acc@5: 96.8750 (98.2432)
2024-11-17 04:13:37,383 -         train_search: [    INFO] - Valid: 23 [ 250/390]  Loss: 0.6843 (0.746)  Acc@1: 78.1250 (74.2841)  Acc@5: 100.0000 (98.2009)
2024-11-17 04:13:39,677 -         train_search: [    INFO] - Valid: 23 [ 300/390]  Loss: 0.7609 (0.751)  Acc@1: 68.7500 (74.1642)  Acc@5: 100.0000 (98.1728)
2024-11-17 04:13:42,137 -         train_search: [    INFO] - Valid: 23 [ 350/390]  Loss: 0.6305 (0.750)  Acc@1: 76.5625 (74.2521)  Acc@5: 100.0000 (98.2105)
2024-11-17 04:13:44,016 -         train_search: [    INFO] - Valid: 23 [ 390/390]  Loss: 0.9145 (0.752)  Acc@1: 70.0000 (74.1840)  Acc@5: 95.0000 (98.1440)
2024-11-17 04:13:44,050 -         train_search: [    INFO] - valid_acc 74.184000
2024-11-17 04:13:44,050 -         train_search: [    INFO] - epoch = 23   
 genotype = |nor_conv_3x3~0|+|nor_conv_3x3~0|nor_conv_3x3~1|+|skip_connect~0|nor_conv_3x3~1|nor_conv_3x3~2|
2024-11-17 04:13:44,052 -         train_search: [    INFO] - alphas_normal = 
 tensor([[0.2157, 0.2013, 0.0869, 0.1759, 0.3202],
        [0.2551, 0.2216, 0.0881, 0.1852, 0.2500],
        [0.1590, 0.1517, 0.0850, 0.1834, 0.4209],
        [0.2020, 0.3456, 0.0855, 0.1811, 0.1858],
        [0.2092, 0.2067, 0.0852, 0.2137, 0.2852],
        [0.2065, 0.2135, 0.0834, 0.1834, 0.3132]], device='cuda:0',
       grad_fn=<SoftmaxBackward0>)
2024-11-17 04:13:44,924 -         train_search: [    INFO] - Train: 24 [   0/390]  Loss: 0.8148 (0.815)  Acc@1: 75.0000 (75.0000)  Acc@5: 96.8750 (96.8750)LR: 1.375e-02
2024-11-17 04:13:58,328 -         train_search: [    INFO] - Train: 24 [  50/390]  Loss: 0.7901 (0.779)  Acc@1: 75.0000 (73.1924)  Acc@5: 98.4375 (97.9473)LR: 1.375e-02
2024-11-17 04:14:11,456 -         train_search: [    INFO] - Train: 24 [ 100/390]  Loss: 0.4662 (0.768)  Acc@1: 82.8125 (73.3911)  Acc@5: 100.0000 (97.8960)LR: 1.375e-02
2024-11-17 04:14:23,785 -         train_search: [    INFO] - Train: 24 [ 150/390]  Loss: 0.5918 (0.776)  Acc@1: 79.6875 (73.0650)  Acc@5: 100.0000 (97.8787)LR: 1.375e-02
2024-11-17 04:14:36,125 -         train_search: [    INFO] - Train: 24 [ 200/390]  Loss: 0.9151 (0.775)  Acc@1: 67.1875 (73.1654)  Acc@5: 96.8750 (97.8623)LR: 1.375e-02
2024-11-17 04:14:48,342 -         train_search: [    INFO] - Train: 24 [ 250/390]  Loss: 0.6305 (0.768)  Acc@1: 79.6875 (73.4188)  Acc@5: 98.4375 (97.9333)LR: 1.375e-02
2024-11-17 04:15:00,516 -         train_search: [    INFO] - Train: 24 [ 300/390]  Loss: 0.7182 (0.767)  Acc@1: 71.8750 (73.3908)  Acc@5: 98.4375 (97.9444)LR: 1.375e-02
2024-11-17 04:15:12,820 -         train_search: [    INFO] - Train: 24 [ 350/390]  Loss: 0.6865 (0.764)  Acc@1: 78.1250 (73.5577)  Acc@5: 96.8750 (98.0146)LR: 1.375e-02
2024-11-17 04:15:23,210 -         train_search: [    INFO] - Train: 24 [ 390/390]  Loss: 0.9752 (0.763)  Acc@1: 70.0000 (73.5760)  Acc@5: 97.5000 (98.0440)LR: 1.375e-02
2024-11-17 04:15:23,281 -         train_search: [    INFO] - train_acc 73.576000
2024-11-17 04:15:23,710 -         train_search: [    INFO] - Valid: 24 [   0/390]  Loss: 0.7238 (0.724)  Acc@1: 79.6875 (79.6875)  Acc@5: 98.4375 (98.4375)
2024-11-17 04:15:26,135 -         train_search: [    INFO] - Valid: 24 [  50/390]  Loss: 0.9393 (0.748)  Acc@1: 75.0000 (74.8162)  Acc@5: 95.3125 (97.8248)
2024-11-17 04:15:28,412 -         train_search: [    INFO] - Valid: 24 [ 100/390]  Loss: 0.7281 (0.729)  Acc@1: 76.5625 (75.1856)  Acc@5: 98.4375 (98.1745)
2024-11-17 04:15:30,794 -         train_search: [    INFO] - Valid: 24 [ 150/390]  Loss: 0.7476 (0.715)  Acc@1: 76.5625 (75.5588)  Acc@5: 100.0000 (98.3030)
2024-11-17 04:15:33,234 -         train_search: [    INFO] - Valid: 24 [ 200/390]  Loss: 0.6051 (0.708)  Acc@1: 79.6875 (75.5986)  Acc@5: 98.4375 (98.3520)
2024-11-17 04:15:35,553 -         train_search: [    INFO] - Valid: 24 [ 250/390]  Loss: 0.6417 (0.707)  Acc@1: 81.2500 (75.6661)  Acc@5: 100.0000 (98.3752)
2024-11-17 04:15:38,085 -         train_search: [    INFO] - Valid: 24 [ 300/390]  Loss: 0.6763 (0.708)  Acc@1: 78.1250 (75.5451)  Acc@5: 98.4375 (98.4271)
2024-11-17 04:15:40,514 -         train_search: [    INFO] - Valid: 24 [ 350/390]  Loss: 0.8359 (0.714)  Acc@1: 73.4375 (75.3561)  Acc@5: 98.4375 (98.3618)
2024-11-17 04:15:42,327 -         train_search: [    INFO] - Valid: 24 [ 390/390]  Loss: 0.8549 (0.711)  Acc@1: 67.5000 (75.3200)  Acc@5: 95.0000 (98.3440)
2024-11-17 04:15:42,365 -         train_search: [    INFO] - valid_acc 75.320000
2024-11-17 04:15:42,366 -         train_search: [    INFO] - epoch = 24   
 genotype = |nor_conv_3x3~0|+|nor_conv_3x3~0|nor_conv_3x3~1|+|skip_connect~0|nor_conv_3x3~1|nor_conv_3x3~2|
2024-11-17 04:15:42,371 -         train_search: [    INFO] - alphas_normal = 
 tensor([[0.2156, 0.1984, 0.0820, 0.1775, 0.3264],
        [0.2597, 0.2160, 0.0831, 0.1886, 0.2525],
        [0.1535, 0.1466, 0.0807, 0.1839, 0.4353],
        [0.2071, 0.3485, 0.0804, 0.1811, 0.1829],
        [0.2098, 0.2056, 0.0807, 0.2149, 0.2890],
        [0.1992, 0.2133, 0.0796, 0.1853, 0.3226]], device='cuda:0',
       grad_fn=<SoftmaxBackward0>)
2024-11-17 04:15:43,087 -         train_search: [    INFO] - Train: 25 [   0/390]  Loss: 0.6210 (0.621)  Acc@1: 75.0000 (75.0000)  Acc@5: 100.0000 (100.0000)LR: 1.300e-02
2024-11-17 04:15:55,414 -         train_search: [    INFO] - Train: 25 [  50/390]  Loss: 0.7431 (0.733)  Acc@1: 75.0000 (74.2341)  Acc@5: 96.8750 (98.1924)LR: 1.300e-02
2024-11-17 04:16:08,428 -         train_search: [    INFO] - Train: 25 [ 100/390]  Loss: 0.6961 (0.752)  Acc@1: 75.0000 (73.7005)  Acc@5: 98.4375 (98.1436)LR: 1.300e-02
2024-11-17 04:16:22,060 -         train_search: [    INFO] - Train: 25 [ 150/390]  Loss: 0.7284 (0.756)  Acc@1: 75.0000 (73.7065)  Acc@5: 96.8750 (98.0650)LR: 1.300e-02
2024-11-17 04:16:35,802 -         train_search: [    INFO] - Train: 25 [ 200/390]  Loss: 0.6957 (0.752)  Acc@1: 73.4375 (73.7951)  Acc@5: 98.4375 (98.1732)LR: 1.300e-02
2024-11-17 04:16:49,160 -         train_search: [    INFO] - Train: 25 [ 250/390]  Loss: 0.7978 (0.747)  Acc@1: 70.3125 (73.8982)  Acc@5: 96.8750 (98.2258)LR: 1.300e-02
2024-11-17 04:17:02,553 -         train_search: [    INFO] - Train: 25 [ 300/390]  Loss: 0.8117 (0.747)  Acc@1: 73.4375 (73.9151)  Acc@5: 100.0000 (98.2558)LR: 1.300e-02
2024-11-17 04:17:15,495 -         train_search: [    INFO] - Train: 25 [ 350/390]  Loss: 0.5964 (0.746)  Acc@1: 76.5625 (74.1052)  Acc@5: 100.0000 (98.2461)LR: 1.300e-02
2024-11-17 04:17:25,560 -         train_search: [    INFO] - Train: 25 [ 390/390]  Loss: 0.9368 (0.745)  Acc@1: 75.0000 (74.0520)  Acc@5: 100.0000 (98.2640)LR: 1.300e-02
2024-11-17 04:17:25,660 -         train_search: [    INFO] - train_acc 74.052000
2024-11-17 04:17:25,930 -         train_search: [    INFO] - Valid: 25 [   0/390]  Loss: 0.5809 (0.581)  Acc@1: 82.8125 (82.8125)  Acc@5: 98.4375 (98.4375)
2024-11-17 04:17:28,212 -         train_search: [    INFO] - Valid: 25 [  50/390]  Loss: 0.6552 (0.738)  Acc@1: 76.5625 (75.4902)  Acc@5: 96.8750 (98.0086)
2024-11-17 04:17:30,611 -         train_search: [    INFO] - Valid: 25 [ 100/390]  Loss: 0.7652 (0.727)  Acc@1: 75.0000 (75.3403)  Acc@5: 98.4375 (98.3601)
2024-11-17 04:17:33,013 -         train_search: [    INFO] - Valid: 25 [ 150/390]  Loss: 0.5139 (0.711)  Acc@1: 82.8125 (75.7140)  Acc@5: 96.8750 (98.4996)
2024-11-17 04:17:35,397 -         train_search: [    INFO] - Valid: 25 [ 200/390]  Loss: 0.6498 (0.702)  Acc@1: 79.6875 (75.8396)  Acc@5: 96.8750 (98.5230)
2024-11-17 04:17:37,832 -         train_search: [    INFO] - Valid: 25 [ 250/390]  Loss: 0.7149 (0.704)  Acc@1: 81.2500 (75.8279)  Acc@5: 98.4375 (98.4935)
2024-11-17 04:17:40,174 -         train_search: [    INFO] - Valid: 25 [ 300/390]  Loss: 0.7606 (0.706)  Acc@1: 68.7500 (75.7735)  Acc@5: 100.0000 (98.4375)
2024-11-17 04:17:42,671 -         train_search: [    INFO] - Valid: 25 [ 350/390]  Loss: 0.4122 (0.706)  Acc@1: 90.6250 (75.8013)  Acc@5: 100.0000 (98.4687)
2024-11-17 04:17:44,613 -         train_search: [    INFO] - Valid: 25 [ 390/390]  Loss: 0.7410 (0.705)  Acc@1: 67.5000 (75.7440)  Acc@5: 100.0000 (98.4480)
2024-11-17 04:17:45,347 -         train_search: [    INFO] - valid_acc 75.744000
2024-11-17 04:17:45,348 -         train_search: [    INFO] - epoch = 25   
 genotype = |nor_conv_3x3~0|+|nor_conv_3x3~0|nor_conv_3x3~1|+|skip_connect~0|nor_conv_3x3~1|nor_conv_3x3~2|
2024-11-17 04:17:45,351 -         train_search: [    INFO] - alphas_normal = 
 tensor([[0.2172, 0.1967, 0.0787, 0.1797, 0.3278],
        [0.2632, 0.2110, 0.0795, 0.1907, 0.2557],
        [0.1501, 0.1429, 0.0774, 0.1838, 0.4458],
        [0.2095, 0.3475, 0.0768, 0.1843, 0.1819],
        [0.2094, 0.2018, 0.0769, 0.2207, 0.2912],
        [0.1954, 0.2124, 0.0763, 0.1859, 0.3301]], device='cuda:0',
       grad_fn=<SoftmaxBackward0>)
2024-11-17 04:17:46,345 -         train_search: [    INFO] - Train: 26 [   0/390]  Loss: 0.8453 (0.845)  Acc@1: 68.7500 (68.7500)  Acc@5: 98.4375 (98.4375)LR: 1.225e-02
2024-11-17 04:17:59,025 -         train_search: [    INFO] - Train: 26 [  50/390]  Loss: 0.5247 (0.733)  Acc@1: 81.2500 (74.5711)  Acc@5: 98.4375 (98.2230)LR: 1.225e-02
2024-11-17 04:18:11,716 -         train_search: [    INFO] - Train: 26 [ 100/390]  Loss: 0.8728 (0.739)  Acc@1: 68.7500 (74.2420)  Acc@5: 98.4375 (98.1590)LR: 1.225e-02
2024-11-17 04:18:24,371 -         train_search: [    INFO] - Train: 26 [ 150/390]  Loss: 0.6740 (0.729)  Acc@1: 75.0000 (74.5757)  Acc@5: 100.0000 (98.2616)LR: 1.225e-02
2024-11-17 04:18:37,076 -         train_search: [    INFO] - Train: 26 [ 200/390]  Loss: 0.7682 (0.736)  Acc@1: 75.0000 (74.4947)  Acc@5: 98.4375 (98.1343)LR: 1.225e-02
2024-11-17 04:18:50,032 -         train_search: [    INFO] - Train: 26 [ 250/390]  Loss: 0.7364 (0.731)  Acc@1: 76.5625 (74.7261)  Acc@5: 95.3125 (98.1449)LR: 1.225e-02
2024-11-17 04:19:02,723 -         train_search: [    INFO] - Train: 26 [ 300/390]  Loss: 0.6358 (0.731)  Acc@1: 78.1250 (74.7716)  Acc@5: 98.4375 (98.2039)LR: 1.225e-02
2024-11-17 04:19:15,227 -         train_search: [    INFO] - Train: 26 [ 350/390]  Loss: 0.6921 (0.727)  Acc@1: 70.3125 (74.7952)  Acc@5: 98.4375 (98.2105)LR: 1.225e-02
2024-11-17 04:19:25,270 -         train_search: [    INFO] - Train: 26 [ 390/390]  Loss: 0.7955 (0.725)  Acc@1: 75.0000 (74.9160)  Acc@5: 92.5000 (98.2120)LR: 1.225e-02
2024-11-17 04:19:25,371 -         train_search: [    INFO] - train_acc 74.916000
2024-11-17 04:19:25,624 -         train_search: [    INFO] - Valid: 26 [   0/390]  Loss: 0.9692 (0.969)  Acc@1: 62.5000 (62.5000)  Acc@5: 95.3125 (95.3125)
2024-11-17 04:19:27,870 -         train_search: [    INFO] - Valid: 26 [  50/390]  Loss: 0.7377 (0.686)  Acc@1: 71.8750 (75.9498)  Acc@5: 100.0000 (98.6520)
2024-11-17 04:19:30,054 -         train_search: [    INFO] - Valid: 26 [ 100/390]  Loss: 0.6641 (0.683)  Acc@1: 79.6875 (76.4078)  Acc@5: 100.0000 (98.6850)
2024-11-17 04:19:32,249 -         train_search: [    INFO] - Valid: 26 [ 150/390]  Loss: 0.7044 (0.682)  Acc@1: 75.0000 (76.0865)  Acc@5: 100.0000 (98.6548)
2024-11-17 04:19:34,521 -         train_search: [    INFO] - Valid: 26 [ 200/390]  Loss: 0.7399 (0.687)  Acc@1: 79.6875 (75.8940)  Acc@5: 96.8750 (98.6474)
2024-11-17 04:19:36,857 -         train_search: [    INFO] - Valid: 26 [ 250/390]  Loss: 0.5059 (0.695)  Acc@1: 81.2500 (75.7719)  Acc@5: 100.0000 (98.5184)
2024-11-17 04:19:39,128 -         train_search: [    INFO] - Valid: 26 [ 300/390]  Loss: 0.5837 (0.699)  Acc@1: 81.2500 (75.6437)  Acc@5: 100.0000 (98.4894)
2024-11-17 04:19:41,355 -         train_search: [    INFO] - Valid: 26 [ 350/390]  Loss: 0.6534 (0.699)  Acc@1: 75.0000 (75.6811)  Acc@5: 98.4375 (98.4998)
2024-11-17 04:19:43,107 -         train_search: [    INFO] - Valid: 26 [ 390/390]  Loss: 0.8385 (0.698)  Acc@1: 65.0000 (75.7440)  Acc@5: 100.0000 (98.4880)
2024-11-17 04:19:43,135 -         train_search: [    INFO] - valid_acc 75.744000
2024-11-17 04:19:43,137 -         train_search: [    INFO] - epoch = 26   
 genotype = |nor_conv_3x3~0|+|nor_conv_3x3~0|nor_conv_3x3~1|+|skip_connect~0|nor_conv_3x3~1|nor_conv_3x3~2|
2024-11-17 04:19:43,139 -         train_search: [    INFO] - alphas_normal = 
 tensor([[0.2172, 0.1944, 0.0751, 0.1819, 0.3315],
        [0.2660, 0.2072, 0.0757, 0.1904, 0.2607],
        [0.1465, 0.1394, 0.0740, 0.1840, 0.4561],
        [0.2141, 0.3489, 0.0726, 0.1851, 0.1793],
        [0.2082, 0.1991, 0.0731, 0.2259, 0.2937],
        [0.1912, 0.2129, 0.0731, 0.1873, 0.3356]], device='cuda:0',
       grad_fn=<SoftmaxBackward0>)
2024-11-17 04:19:43,840 -         train_search: [    INFO] - Train: 27 [   0/390]  Loss: 0.6701 (0.670)  Acc@1: 76.5625 (76.5625)  Acc@5: 96.8750 (96.8750)LR: 1.150e-02
2024-11-17 04:19:56,200 -         train_search: [    INFO] - Train: 27 [  50/390]  Loss: 0.6376 (0.683)  Acc@1: 75.0000 (76.9608)  Acc@5: 98.4375 (98.7439)LR: 1.150e-02
2024-11-17 04:20:09,100 -         train_search: [    INFO] - Train: 27 [ 100/390]  Loss: 0.5203 (0.692)  Acc@1: 87.5000 (76.7172)  Acc@5: 98.4375 (98.5767)LR: 1.150e-02
2024-11-17 04:20:21,960 -         train_search: [    INFO] - Train: 27 [ 150/390]  Loss: 0.4382 (0.692)  Acc@1: 84.3750 (76.5522)  Acc@5: 100.0000 (98.5617)LR: 1.150e-02
2024-11-17 04:20:34,115 -         train_search: [    INFO] - Train: 27 [ 200/390]  Loss: 0.4096 (0.696)  Acc@1: 84.3750 (76.1583)  Acc@5: 100.0000 (98.4841)LR: 1.150e-02
2024-11-17 04:20:46,432 -         train_search: [    INFO] - Train: 27 [ 250/390]  Loss: 0.6150 (0.697)  Acc@1: 84.3750 (76.1143)  Acc@5: 98.4375 (98.5184)LR: 1.150e-02
2024-11-17 04:20:58,804 -         train_search: [    INFO] - Train: 27 [ 300/390]  Loss: 0.8012 (0.697)  Acc@1: 75.0000 (76.0538)  Acc@5: 98.4375 (98.4894)LR: 1.150e-02
2024-11-17 04:21:11,234 -         train_search: [    INFO] - Train: 27 [ 350/390]  Loss: 0.8208 (0.703)  Acc@1: 71.8750 (75.9571)  Acc@5: 100.0000 (98.4598)LR: 1.150e-02
2024-11-17 04:21:21,115 -         train_search: [    INFO] - Train: 27 [ 390/390]  Loss: 0.4617 (0.706)  Acc@1: 85.0000 (75.8080)  Acc@5: 97.5000 (98.4240)LR: 1.150e-02
2024-11-17 04:21:21,210 -         train_search: [    INFO] - train_acc 75.808000
2024-11-17 04:21:21,731 -         train_search: [    INFO] - Valid: 27 [   0/390]  Loss: 0.5657 (0.566)  Acc@1: 81.2500 (81.2500)  Acc@5: 100.0000 (100.0000)
2024-11-17 04:21:24,067 -         train_search: [    INFO] - Valid: 27 [  50/390]  Loss: 0.7669 (0.675)  Acc@1: 76.5625 (77.0527)  Acc@5: 96.8750 (98.4988)
2024-11-17 04:21:26,489 -         train_search: [    INFO] - Valid: 27 [ 100/390]  Loss: 0.7284 (0.673)  Acc@1: 71.8750 (77.0885)  Acc@5: 98.4375 (98.6386)
2024-11-17 04:21:28,761 -         train_search: [    INFO] - Valid: 27 [ 150/390]  Loss: 0.7250 (0.681)  Acc@1: 71.8750 (76.5211)  Acc@5: 100.0000 (98.5410)
2024-11-17 04:21:31,047 -         train_search: [    INFO] - Valid: 27 [ 200/390]  Loss: 0.9622 (0.682)  Acc@1: 64.0625 (76.5236)  Acc@5: 98.4375 (98.5697)
2024-11-17 04:21:33,501 -         train_search: [    INFO] - Valid: 27 [ 250/390]  Loss: 0.6254 (0.674)  Acc@1: 78.1250 (76.7679)  Acc@5: 100.0000 (98.6305)
2024-11-17 04:21:36,096 -         train_search: [    INFO] - Valid: 27 [ 300/390]  Loss: 0.7462 (0.671)  Acc@1: 73.4375 (76.8895)  Acc@5: 96.8750 (98.6400)
2024-11-17 04:21:38,552 -         train_search: [    INFO] - Valid: 27 [ 350/390]  Loss: 0.7537 (0.674)  Acc@1: 68.7500 (76.7673)  Acc@5: 98.4375 (98.5800)
2024-11-17 04:21:40,690 -         train_search: [    INFO] - Valid: 27 [ 390/390]  Loss: 0.8623 (0.677)  Acc@1: 65.0000 (76.6040)  Acc@5: 97.5000 (98.5480)
2024-11-17 04:21:40,743 -         train_search: [    INFO] - valid_acc 76.604000
2024-11-17 04:21:40,745 -         train_search: [    INFO] - epoch = 27   
 genotype = |nor_conv_3x3~0|+|nor_conv_3x3~0|nor_conv_3x3~1|+|skip_connect~0|nor_conv_3x3~1|nor_conv_3x3~2|
2024-11-17 04:21:40,750 -         train_search: [    INFO] - alphas_normal = 
 tensor([[0.2181, 0.1938, 0.0723, 0.1843, 0.3315],
        [0.2692, 0.2055, 0.0730, 0.1922, 0.2601],
        [0.1449, 0.1376, 0.0717, 0.1815, 0.4642],
        [0.2166, 0.3464, 0.0698, 0.1883, 0.1790],
        [0.2059, 0.1940, 0.0701, 0.2307, 0.2993],
        [0.1905, 0.2092, 0.0699, 0.1911, 0.3393]], device='cuda:0',
       grad_fn=<SoftmaxBackward0>)
2024-11-17 04:21:41,480 -         train_search: [    INFO] - Train: 28 [   0/390]  Loss: 0.6518 (0.652)  Acc@1: 70.3125 (70.3125)  Acc@5: 98.4375 (98.4375)LR: 1.075e-02
2024-11-17 04:21:54,862 -         train_search: [    INFO] - Train: 28 [  50/390]  Loss: 0.6837 (0.676)  Acc@1: 75.0000 (77.4510)  Acc@5: 100.0000 (98.4069)LR: 1.075e-02
2024-11-17 04:22:08,333 -         train_search: [    INFO] - Train: 28 [ 100/390]  Loss: 0.6844 (0.691)  Acc@1: 79.6875 (76.8255)  Acc@5: 100.0000 (98.4066)LR: 1.075e-02
2024-11-17 04:22:21,663 -         train_search: [    INFO] - Train: 28 [ 150/390]  Loss: 0.7382 (0.691)  Acc@1: 78.1250 (76.5211)  Acc@5: 95.3125 (98.3340)LR: 1.075e-02
2024-11-17 04:22:34,587 -         train_search: [    INFO] - Train: 28 [ 200/390]  Loss: 0.5085 (0.695)  Acc@1: 82.8125 (76.2826)  Acc@5: 100.0000 (98.3053)LR: 1.075e-02
2024-11-17 04:22:47,911 -         train_search: [    INFO] - Train: 28 [ 250/390]  Loss: 0.6307 (0.701)  Acc@1: 71.8750 (75.9898)  Acc@5: 100.0000 (98.2694)LR: 1.075e-02
2024-11-17 04:23:01,457 -         train_search: [    INFO] - Train: 28 [ 300/390]  Loss: 0.5594 (0.695)  Acc@1: 79.6875 (76.1836)  Acc@5: 100.0000 (98.3285)LR: 1.075e-02
2024-11-17 04:23:14,414 -         train_search: [    INFO] - Train: 28 [ 350/390]  Loss: 0.7385 (0.692)  Acc@1: 71.8750 (76.3043)  Acc@5: 96.8750 (98.3485)LR: 1.075e-02
2024-11-17 04:23:24,664 -         train_search: [    INFO] - Train: 28 [ 390/390]  Loss: 0.7872 (0.692)  Acc@1: 65.0000 (76.2440)  Acc@5: 95.0000 (98.4040)LR: 1.075e-02
2024-11-17 04:23:24,745 -         train_search: [    INFO] - train_acc 76.244000
2024-11-17 04:23:25,005 -         train_search: [    INFO] - Valid: 28 [   0/390]  Loss: 0.6682 (0.668)  Acc@1: 76.5625 (76.5625)  Acc@5: 98.4375 (98.4375)
2024-11-17 04:23:27,558 -         train_search: [    INFO] - Valid: 28 [  50/390]  Loss: 0.8436 (0.651)  Acc@1: 75.0000 (77.7880)  Acc@5: 98.4375 (98.4681)
2024-11-17 04:23:29,959 -         train_search: [    INFO] - Valid: 28 [ 100/390]  Loss: 0.8341 (0.647)  Acc@1: 71.8750 (77.5062)  Acc@5: 96.8750 (98.5613)
2024-11-17 04:23:32,416 -         train_search: [    INFO] - Valid: 28 [ 150/390]  Loss: 0.4380 (0.651)  Acc@1: 85.9375 (77.3489)  Acc@5: 100.0000 (98.3858)
2024-11-17 04:23:34,930 -         train_search: [    INFO] - Valid: 28 [ 200/390]  Loss: 0.7904 (0.656)  Acc@1: 79.6875 (77.3010)  Acc@5: 93.7500 (98.3753)
2024-11-17 04:23:37,350 -         train_search: [    INFO] - Valid: 28 [ 250/390]  Loss: 0.8519 (0.664)  Acc@1: 73.4375 (77.0418)  Acc@5: 95.3125 (98.4001)
2024-11-17 04:23:39,858 -         train_search: [    INFO] - Valid: 28 [ 300/390]  Loss: 0.5019 (0.663)  Acc@1: 85.9375 (76.9882)  Acc@5: 98.4375 (98.4427)
2024-11-17 04:23:42,214 -         train_search: [    INFO] - Valid: 28 [ 350/390]  Loss: 0.5737 (0.658)  Acc@1: 79.6875 (77.1189)  Acc@5: 100.0000 (98.5043)
2024-11-17 04:23:44,171 -         train_search: [    INFO] - Valid: 28 [ 390/390]  Loss: 1.149 (0.660)  Acc@1: 65.0000 (77.0720)  Acc@5: 97.5000 (98.4920)
2024-11-17 04:23:44,214 -         train_search: [    INFO] - valid_acc 77.072000
2024-11-17 04:23:44,215 -         train_search: [    INFO] - epoch = 28   
 genotype = |nor_conv_3x3~0|+|nor_conv_3x3~0|nor_conv_3x3~1|+|skip_connect~0|nor_conv_3x3~1|nor_conv_3x3~2|
2024-11-17 04:23:44,217 -         train_search: [    INFO] - alphas_normal = 
 tensor([[0.2173, 0.1936, 0.0694, 0.1851, 0.3345],
        [0.2732, 0.2030, 0.0702, 0.1932, 0.2604],
        [0.1420, 0.1345, 0.0687, 0.1796, 0.4752],
        [0.2209, 0.3437, 0.0666, 0.1902, 0.1786],
        [0.2029, 0.1911, 0.0669, 0.2327, 0.3063],
        [0.1877, 0.2075, 0.0667, 0.1917, 0.3464]], device='cuda:0',
       grad_fn=<SoftmaxBackward0>)
2024-11-17 04:23:45,169 -         train_search: [    INFO] - Train: 29 [   0/390]  Loss: 0.6199 (0.620)  Acc@1: 78.1250 (78.1250)  Acc@5: 98.4375 (98.4375)LR: 1.002e-02
2024-11-17 04:23:58,446 -         train_search: [    INFO] - Train: 29 [  50/390]  Loss: 0.8541 (0.677)  Acc@1: 67.1875 (76.1642)  Acc@5: 100.0000 (98.7439)LR: 1.002e-02
2024-11-17 04:24:11,738 -         train_search: [    INFO] - Train: 29 [ 100/390]  Loss: 0.7610 (0.677)  Acc@1: 75.0000 (76.3150)  Acc@5: 96.8750 (98.6077)LR: 1.002e-02
2024-11-17 04:24:24,966 -         train_search: [    INFO] - Train: 29 [ 150/390]  Loss: 0.9167 (0.676)  Acc@1: 73.4375 (76.3866)  Acc@5: 95.3125 (98.5927)LR: 1.002e-02
2024-11-17 04:24:38,034 -         train_search: [    INFO] - Train: 29 [ 200/390]  Loss: 0.6221 (0.677)  Acc@1: 73.4375 (76.4226)  Acc@5: 98.4375 (98.5697)LR: 1.002e-02
2024-11-17 04:24:50,966 -         train_search: [    INFO] - Train: 29 [ 250/390]  Loss: 0.6965 (0.673)  Acc@1: 75.0000 (76.5750)  Acc@5: 98.4375 (98.6678)LR: 1.002e-02
2024-11-17 04:25:04,248 -         train_search: [    INFO] - Train: 29 [ 300/390]  Loss: 0.6618 (0.679)  Acc@1: 73.4375 (76.3445)  Acc@5: 98.4375 (98.6555)LR: 1.002e-02
2024-11-17 04:25:17,026 -         train_search: [    INFO] - Train: 29 [ 350/390]  Loss: 0.5922 (0.678)  Acc@1: 76.5625 (76.3488)  Acc@5: 100.0000 (98.6601)LR: 1.002e-02
2024-11-17 04:25:27,436 -         train_search: [    INFO] - Train: 29 [ 390/390]  Loss: 0.7628 (0.675)  Acc@1: 65.0000 (76.4760)  Acc@5: 97.5000 (98.6600)LR: 1.002e-02
2024-11-17 04:25:27,511 -         train_search: [    INFO] - train_acc 76.476000
2024-11-17 04:25:28,059 -         train_search: [    INFO] - Valid: 29 [   0/390]  Loss: 0.6176 (0.618)  Acc@1: 81.2500 (81.2500)  Acc@5: 98.4375 (98.4375)
2024-11-17 04:25:30,481 -         train_search: [    INFO] - Valid: 29 [  50/390]  Loss: 0.5436 (0.632)  Acc@1: 87.5000 (78.2475)  Acc@5: 98.4375 (98.5907)
2024-11-17 04:25:32,853 -         train_search: [    INFO] - Valid: 29 [ 100/390]  Loss: 0.6835 (0.620)  Acc@1: 76.5625 (78.7902)  Acc@5: 100.0000 (98.7624)
2024-11-17 04:25:35,394 -         train_search: [    INFO] - Valid: 29 [ 150/390]  Loss: 0.4613 (0.619)  Acc@1: 82.8125 (78.8079)  Acc@5: 100.0000 (98.7169)
2024-11-17 04:25:37,951 -         train_search: [    INFO] - Valid: 29 [ 200/390]  Loss: 0.6271 (0.627)  Acc@1: 76.5625 (78.7080)  Acc@5: 100.0000 (98.6940)
2024-11-17 04:25:40,436 -         train_search: [    INFO] - Valid: 29 [ 250/390]  Loss: 0.7562 (0.626)  Acc@1: 70.3125 (78.7600)  Acc@5: 96.8750 (98.6678)
2024-11-17 04:25:42,861 -         train_search: [    INFO] - Valid: 29 [ 300/390]  Loss: 0.6001 (0.626)  Acc@1: 73.4375 (78.6181)  Acc@5: 100.0000 (98.7126)
2024-11-17 04:25:45,616 -         train_search: [    INFO] - Valid: 29 [ 350/390]  Loss: 0.5475 (0.630)  Acc@1: 85.9375 (78.5212)  Acc@5: 100.0000 (98.6512)
2024-11-17 04:25:47,539 -         train_search: [    INFO] - Valid: 29 [ 390/390]  Loss: 0.6369 (0.632)  Acc@1: 77.5000 (78.4240)  Acc@5: 100.0000 (98.6640)
2024-11-17 04:25:47,586 -         train_search: [    INFO] - valid_acc 78.424000
2024-11-17 04:25:47,586 -         train_search: [    INFO] - epoch = 29   
 genotype = |nor_conv_3x3~0|+|nor_conv_3x3~0|nor_conv_3x3~1|+|skip_connect~0|nor_conv_3x3~1|nor_conv_3x3~2|
2024-11-17 04:25:47,589 -         train_search: [    INFO] - alphas_normal = 
 tensor([[0.2169, 0.1907, 0.0665, 0.1884, 0.3376],
        [0.2758, 0.2008, 0.0678, 0.1943, 0.2613],
        [0.1404, 0.1328, 0.0666, 0.1798, 0.4803],
        [0.2219, 0.3418, 0.0640, 0.1934, 0.1790],
        [0.2014, 0.1885, 0.0643, 0.2360, 0.3098],
        [0.1865, 0.2049, 0.0642, 0.1935, 0.3508]], device='cuda:0',
       grad_fn=<SoftmaxBackward0>)
2024-11-17 04:25:48,249 -         train_search: [    INFO] - Train: 30 [   0/390]  Loss: 0.7373 (0.737)  Acc@1: 79.6875 (79.6875)  Acc@5: 98.4375 (98.4375)LR: 9.292e-03
2024-11-17 04:26:01,482 -         train_search: [    INFO] - Train: 30 [  50/390]  Loss: 0.7169 (0.629)  Acc@1: 75.0000 (79.1054)  Acc@5: 100.0000 (98.7745)LR: 9.292e-03
2024-11-17 04:26:14,333 -         train_search: [    INFO] - Train: 30 [ 100/390]  Loss: 0.4646 (0.637)  Acc@1: 89.0625 (78.3880)  Acc@5: 100.0000 (98.5767)LR: 9.292e-03
2024-11-17 04:26:27,079 -         train_search: [    INFO] - Train: 30 [ 150/390]  Loss: 0.7299 (0.647)  Acc@1: 75.0000 (78.0733)  Acc@5: 100.0000 (98.5513)LR: 9.292e-03
2024-11-17 04:26:39,979 -         train_search: [    INFO] - Train: 30 [ 200/390]  Loss: 0.9171 (0.658)  Acc@1: 70.3125 (77.6042)  Acc@5: 96.8750 (98.4453)LR: 9.292e-03
2024-11-17 04:26:52,941 -         train_search: [    INFO] - Train: 30 [ 250/390]  Loss: 0.7804 (0.658)  Acc@1: 75.0000 (77.5647)  Acc@5: 98.4375 (98.5060)LR: 9.292e-03
2024-11-17 04:27:05,686 -         train_search: [    INFO] - Train: 30 [ 300/390]  Loss: 0.6539 (0.659)  Acc@1: 78.1250 (77.5436)  Acc@5: 96.8750 (98.5309)LR: 9.292e-03
2024-11-17 04:27:18,293 -         train_search: [    INFO] - Train: 30 [ 350/390]  Loss: 0.7734 (0.656)  Acc@1: 65.6250 (77.4840)  Acc@5: 98.4375 (98.5532)LR: 9.292e-03
2024-11-17 04:27:28,190 -         train_search: [    INFO] - Train: 30 [ 390/390]  Loss: 0.6821 (0.656)  Acc@1: 80.0000 (77.5400)  Acc@5: 97.5000 (98.5600)LR: 9.292e-03
2024-11-17 04:27:28,286 -         train_search: [    INFO] - train_acc 77.540000
2024-11-17 04:27:28,579 -         train_search: [    INFO] - Valid: 30 [   0/390]  Loss: 0.6176 (0.618)  Acc@1: 79.6875 (79.6875)  Acc@5: 98.4375 (98.4375)
2024-11-17 04:27:31,112 -         train_search: [    INFO] - Valid: 30 [  50/390]  Loss: 0.6509 (0.646)  Acc@1: 78.1250 (77.9412)  Acc@5: 98.4375 (98.6826)
2024-11-17 04:27:33,453 -         train_search: [    INFO] - Valid: 30 [ 100/390]  Loss: 0.5501 (0.645)  Acc@1: 82.8125 (78.1095)  Acc@5: 100.0000 (98.4994)
2024-11-17 04:27:35,927 -         train_search: [    INFO] - Valid: 30 [ 150/390]  Loss: 0.4225 (0.638)  Acc@1: 82.8125 (78.3320)  Acc@5: 98.4375 (98.5513)
2024-11-17 04:27:38,178 -         train_search: [    INFO] - Valid: 30 [ 200/390]  Loss: 0.6364 (0.633)  Acc@1: 84.3750 (78.4359)  Acc@5: 98.4375 (98.5930)
2024-11-17 04:27:40,420 -         train_search: [    INFO] - Valid: 30 [ 250/390]  Loss: 0.5450 (0.630)  Acc@1: 82.8125 (78.3242)  Acc@5: 98.4375 (98.6180)
2024-11-17 04:27:42,696 -         train_search: [    INFO] - Valid: 30 [ 300/390]  Loss: 0.6685 (0.629)  Acc@1: 79.6875 (78.3171)  Acc@5: 98.4375 (98.6763)
2024-11-17 04:27:44,986 -         train_search: [    INFO] - Valid: 30 [ 350/390]  Loss: 0.5356 (0.630)  Acc@1: 76.5625 (78.3520)  Acc@5: 100.0000 (98.6868)
2024-11-17 04:27:46,743 -         train_search: [    INFO] - Valid: 30 [ 390/390]  Loss: 0.5394 (0.630)  Acc@1: 85.0000 (78.3240)  Acc@5: 92.5000 (98.6680)
2024-11-17 04:27:46,784 -         train_search: [    INFO] - valid_acc 78.324000
2024-11-17 04:27:46,785 -         train_search: [    INFO] - epoch = 30   
 genotype = |nor_conv_3x3~0|+|nor_conv_3x3~0|nor_conv_3x3~1|+|skip_connect~0|nor_conv_3x3~1|nor_conv_3x3~2|
2024-11-17 04:27:46,787 -         train_search: [    INFO] - alphas_normal = 
 tensor([[0.2177, 0.1878, 0.0639, 0.1902, 0.3405],
        [0.2785, 0.1971, 0.0653, 0.1964, 0.2627],
        [0.1380, 0.1301, 0.0643, 0.1800, 0.4876],
        [0.2239, 0.3405, 0.0615, 0.1928, 0.1813],
        [0.2007, 0.1853, 0.0617, 0.2398, 0.3126],
        [0.1844, 0.2047, 0.0621, 0.1938, 0.3550]], device='cuda:0',
       grad_fn=<SoftmaxBackward0>)
2024-11-17 04:27:47,590 -         train_search: [    INFO] - Train: 31 [   0/390]  Loss: 0.7605 (0.761)  Acc@1: 70.3125 (70.3125)  Acc@5: 98.4375 (98.4375)LR: 8.583e-03
2024-11-17 04:28:00,102 -         train_search: [    INFO] - Train: 31 [  50/390]  Loss: 0.6392 (0.617)  Acc@1: 78.1250 (78.4926)  Acc@5: 98.4375 (98.9277)LR: 8.583e-03
2024-11-17 04:28:12,720 -         train_search: [    INFO] - Train: 31 [ 100/390]  Loss: 0.6945 (0.637)  Acc@1: 79.6875 (77.8620)  Acc@5: 98.4375 (98.7624)LR: 8.583e-03
2024-11-17 04:28:24,849 -         train_search: [    INFO] - Train: 31 [ 150/390]  Loss: 0.5654 (0.633)  Acc@1: 78.1250 (77.8042)  Acc@5: 100.0000 (98.8928)LR: 8.583e-03
2024-11-17 04:28:37,004 -         train_search: [    INFO] - Train: 31 [ 200/390]  Loss: 0.6047 (0.635)  Acc@1: 76.5625 (77.6897)  Acc@5: 98.4375 (98.9039)LR: 8.583e-03
2024-11-17 04:28:49,291 -         train_search: [    INFO] - Train: 31 [ 250/390]  Loss: 0.8081 (0.636)  Acc@1: 67.1875 (77.6145)  Acc@5: 100.0000 (98.8421)LR: 8.583e-03
2024-11-17 04:29:02,075 -         train_search: [    INFO] - Train: 31 [ 300/390]  Loss: 0.6521 (0.640)  Acc@1: 75.0000 (77.6422)  Acc@5: 100.0000 (98.7853)LR: 8.583e-03
2024-11-17 04:29:14,308 -         train_search: [    INFO] - Train: 31 [ 350/390]  Loss: 0.3954 (0.637)  Acc@1: 89.0625 (77.8401)  Acc@5: 100.0000 (98.8025)LR: 8.583e-03
2024-11-17 04:29:24,311 -         train_search: [    INFO] - Train: 31 [ 390/390]  Loss: 0.7123 (0.635)  Acc@1: 75.0000 (77.9480)  Acc@5: 97.5000 (98.8120)LR: 8.583e-03
2024-11-17 04:29:24,386 -         train_search: [    INFO] - train_acc 77.948000
2024-11-17 04:29:24,822 -         train_search: [    INFO] - Valid: 31 [   0/390]  Loss: 0.5952 (0.595)  Acc@1: 78.1250 (78.1250)  Acc@5: 100.0000 (100.0000)
2024-11-17 04:29:27,240 -         train_search: [    INFO] - Valid: 31 [  50/390]  Loss: 0.5180 (0.614)  Acc@1: 85.9375 (79.2279)  Acc@5: 100.0000 (98.8971)
2024-11-17 04:29:29,483 -         train_search: [    INFO] - Valid: 31 [ 100/390]  Loss: 0.5947 (0.637)  Acc@1: 78.1250 (78.5736)  Acc@5: 98.4375 (98.7469)
2024-11-17 04:29:31,965 -         train_search: [    INFO] - Valid: 31 [ 150/390]  Loss: 0.6404 (0.634)  Acc@1: 76.5625 (78.4251)  Acc@5: 98.4375 (98.8307)
2024-11-17 04:29:34,226 -         train_search: [    INFO] - Valid: 31 [ 200/390]  Loss: 0.6487 (0.623)  Acc@1: 78.1250 (78.6070)  Acc@5: 100.0000 (98.8184)
2024-11-17 04:29:36,625 -         train_search: [    INFO] - Valid: 31 [ 250/390]  Loss: 0.6810 (0.615)  Acc@1: 73.4375 (78.9218)  Acc@5: 98.4375 (98.7986)
2024-11-17 04:29:38,823 -         train_search: [    INFO] - Valid: 31 [ 300/390]  Loss: 0.7646 (0.622)  Acc@1: 71.8750 (78.6908)  Acc@5: 100.0000 (98.7490)
2024-11-17 04:29:41,083 -         train_search: [    INFO] - Valid: 31 [ 350/390]  Loss: 0.5937 (0.622)  Acc@1: 79.6875 (78.6681)  Acc@5: 100.0000 (98.7625)
2024-11-17 04:29:42,855 -         train_search: [    INFO] - Valid: 31 [ 390/390]  Loss: 0.5252 (0.619)  Acc@1: 82.5000 (78.7000)  Acc@5: 100.0000 (98.8000)
2024-11-17 04:29:42,903 -         train_search: [    INFO] - valid_acc 78.700000
2024-11-17 04:29:42,904 -         train_search: [    INFO] - epoch = 31   
 genotype = |nor_conv_3x3~0|+|nor_conv_3x3~0|nor_conv_3x3~1|+|skip_connect~0|nor_conv_3x3~1|nor_conv_3x3~2|
2024-11-17 04:29:42,906 -         train_search: [    INFO] - alphas_normal = 
 tensor([[0.2188, 0.1866, 0.0618, 0.1920, 0.3408],
        [0.2803, 0.1924, 0.0631, 0.1993, 0.2649],
        [0.1360, 0.1273, 0.0623, 0.1790, 0.4954],
        [0.2273, 0.3379, 0.0592, 0.1954, 0.1802],
        [0.2003, 0.1824, 0.0593, 0.2437, 0.3143],
        [0.1819, 0.2041, 0.0601, 0.1955, 0.3583]], device='cuda:0',
       grad_fn=<SoftmaxBackward0>)
2024-11-17 04:29:43,592 -         train_search: [    INFO] - Train: 32 [   0/390]  Loss: 0.4952 (0.495)  Acc@1: 81.2500 (81.2500)  Acc@5: 100.0000 (100.0000)LR: 7.891e-03
2024-11-17 04:29:55,560 -         train_search: [    INFO] - Train: 32 [  50/390]  Loss: 0.5136 (0.612)  Acc@1: 79.6875 (78.6765)  Acc@5: 100.0000 (98.8664)LR: 7.891e-03
2024-11-17 04:30:08,087 -         train_search: [    INFO] - Train: 32 [ 100/390]  Loss: 0.6729 (0.614)  Acc@1: 75.0000 (78.8057)  Acc@5: 98.4375 (98.9171)LR: 7.891e-03
2024-11-17 04:30:20,617 -         train_search: [    INFO] - Train: 32 [ 150/390]  Loss: 0.7659 (0.617)  Acc@1: 81.2500 (78.4768)  Acc@5: 100.0000 (98.8514)LR: 7.891e-03
2024-11-17 04:30:32,697 -         train_search: [    INFO] - Train: 32 [ 200/390]  Loss: 0.4620 (0.616)  Acc@1: 84.3750 (78.6925)  Acc@5: 96.8750 (98.8106)LR: 7.891e-03
2024-11-17 04:30:44,848 -         train_search: [    INFO] - Train: 32 [ 250/390]  Loss: 0.8321 (0.622)  Acc@1: 70.3125 (78.3118)  Acc@5: 96.8750 (98.7986)LR: 7.891e-03
2024-11-17 04:30:57,314 -         train_search: [    INFO] - Train: 32 [ 300/390]  Loss: 0.6593 (0.623)  Acc@1: 75.0000 (78.3326)  Acc@5: 100.0000 (98.7749)LR: 7.891e-03
2024-11-17 04:31:09,858 -         train_search: [    INFO] - Train: 32 [ 350/390]  Loss: 0.4389 (0.621)  Acc@1: 81.2500 (78.4054)  Acc@5: 100.0000 (98.7669)LR: 7.891e-03
2024-11-17 04:31:20,362 -         train_search: [    INFO] - Train: 32 [ 390/390]  Loss: 0.5661 (0.623)  Acc@1: 82.5000 (78.2200)  Acc@5: 100.0000 (98.7840)LR: 7.891e-03
2024-11-17 04:31:20,473 -         train_search: [    INFO] - train_acc 78.220000
2024-11-17 04:31:20,942 -         train_search: [    INFO] - Valid: 32 [   0/390]  Loss: 0.6810 (0.681)  Acc@1: 70.3125 (70.3125)  Acc@5: 96.8750 (96.8750)
2024-11-17 04:31:23,126 -         train_search: [    INFO] - Valid: 32 [  50/390]  Loss: 0.6959 (0.620)  Acc@1: 79.6875 (78.7377)  Acc@5: 98.4375 (98.6826)
2024-11-17 04:31:25,323 -         train_search: [    INFO] - Valid: 32 [ 100/390]  Loss: 0.5581 (0.619)  Acc@1: 81.2500 (78.6046)  Acc@5: 98.4375 (98.7624)
2024-11-17 04:31:27,631 -         train_search: [    INFO] - Valid: 32 [ 150/390]  Loss: 0.6511 (0.632)  Acc@1: 79.6875 (78.2906)  Acc@5: 100.0000 (98.7376)
2024-11-17 04:31:29,791 -         train_search: [    INFO] - Valid: 32 [ 200/390]  Loss: 0.5580 (0.633)  Acc@1: 76.5625 (78.2338)  Acc@5: 100.0000 (98.7251)
2024-11-17 04:31:32,214 -         train_search: [    INFO] - Valid: 32 [ 250/390]  Loss: 0.4520 (0.628)  Acc@1: 82.8125 (78.3118)  Acc@5: 100.0000 (98.7425)
2024-11-17 04:31:34,653 -         train_search: [    INFO] - Valid: 32 [ 300/390]  Loss: 0.4504 (0.631)  Acc@1: 84.3750 (78.4105)  Acc@5: 100.0000 (98.7282)
2024-11-17 04:31:36,927 -         train_search: [    INFO] - Valid: 32 [ 350/390]  Loss: 0.6082 (0.630)  Acc@1: 78.1250 (78.4989)  Acc@5: 100.0000 (98.7358)
2024-11-17 04:31:38,691 -         train_search: [    INFO] - Valid: 32 [ 390/390]  Loss: 0.6609 (0.631)  Acc@1: 77.5000 (78.4440)  Acc@5: 95.0000 (98.6960)
2024-11-17 04:31:38,726 -         train_search: [    INFO] - valid_acc 78.444000
2024-11-17 04:31:38,727 -         train_search: [    INFO] - epoch = 32   
 genotype = |nor_conv_3x3~0|+|nor_conv_3x3~0|nor_conv_3x3~1|+|skip_connect~0|nor_conv_3x3~1|nor_conv_3x3~2|
2024-11-17 04:31:38,729 -         train_search: [    INFO] - alphas_normal = 
 tensor([[0.2172, 0.1852, 0.0596, 0.1934, 0.3445],
        [0.2823, 0.1892, 0.0608, 0.2012, 0.2665],
        [0.1347, 0.1259, 0.0604, 0.1766, 0.5024],
        [0.2297, 0.3353, 0.0569, 0.1982, 0.1798],
        [0.1981, 0.1808, 0.0571, 0.2472, 0.3167],
        [0.1819, 0.2031, 0.0578, 0.1980, 0.3592]], device='cuda:0',
       grad_fn=<SoftmaxBackward0>)
2024-11-17 04:31:39,357 -         train_search: [    INFO] - Train: 33 [   0/390]  Loss: 0.4383 (0.438)  Acc@1: 87.5000 (87.5000)  Acc@5: 98.4375 (98.4375)LR: 7.219e-03
2024-11-17 04:31:51,896 -         train_search: [    INFO] - Train: 33 [  50/390]  Loss: 0.8324 (0.620)  Acc@1: 67.1875 (78.6152)  Acc@5: 96.8750 (98.8358)LR: 7.219e-03
2024-11-17 04:32:04,742 -         train_search: [    INFO] - Train: 33 [ 100/390]  Loss: 0.4706 (0.600)  Acc@1: 84.3750 (79.3781)  Acc@5: 100.0000 (99.0563)LR: 7.219e-03
2024-11-17 04:32:17,348 -         train_search: [    INFO] - Train: 33 [ 150/390]  Loss: 0.7379 (0.605)  Acc@1: 70.3125 (79.1494)  Acc@5: 100.0000 (98.9445)LR: 7.219e-03
2024-11-17 04:32:30,061 -         train_search: [    INFO] - Train: 33 [ 200/390]  Loss: 0.6580 (0.595)  Acc@1: 78.1250 (79.6409)  Acc@5: 95.3125 (98.9039)LR: 7.219e-03
2024-11-17 04:32:43,225 -         train_search: [    INFO] - Train: 33 [ 250/390]  Loss: 0.6296 (0.594)  Acc@1: 75.0000 (79.5319)  Acc@5: 98.4375 (98.9231)LR: 7.219e-03
2024-11-17 04:32:55,635 -         train_search: [    INFO] - Train: 33 [ 300/390]  Loss: 0.5494 (0.596)  Acc@1: 85.9375 (79.3086)  Acc@5: 96.8750 (98.8995)LR: 7.219e-03
2024-11-17 04:33:08,273 -         train_search: [    INFO] - Train: 33 [ 350/390]  Loss: 0.6778 (0.599)  Acc@1: 78.1250 (79.1800)  Acc@5: 96.8750 (98.8916)LR: 7.219e-03
2024-11-17 04:33:18,318 -         train_search: [    INFO] - Train: 33 [ 390/390]  Loss: 0.7244 (0.598)  Acc@1: 77.5000 (79.3080)  Acc@5: 100.0000 (98.8560)LR: 7.219e-03
2024-11-17 04:33:18,390 -         train_search: [    INFO] - train_acc 79.308000
2024-11-17 04:33:18,648 -         train_search: [    INFO] - Valid: 33 [   0/390]  Loss: 0.3495 (0.350)  Acc@1: 90.6250 (90.6250)  Acc@5: 100.0000 (100.0000)
2024-11-17 04:33:21,293 -         train_search: [    INFO] - Valid: 33 [  50/390]  Loss: 0.8189 (0.598)  Acc@1: 68.7500 (79.4730)  Acc@5: 95.3125 (98.7745)
2024-11-17 04:33:23,664 -         train_search: [    INFO] - Valid: 33 [ 100/390]  Loss: 0.7107 (0.599)  Acc@1: 76.5625 (79.5637)  Acc@5: 96.8750 (98.7778)
2024-11-17 04:33:26,162 -         train_search: [    INFO] - Valid: 33 [ 150/390]  Loss: 0.6228 (0.600)  Acc@1: 82.8125 (79.3874)  Acc@5: 100.0000 (98.7479)
2024-11-17 04:33:28,447 -         train_search: [    INFO] - Valid: 33 [ 200/390]  Loss: 0.5844 (0.596)  Acc@1: 82.8125 (79.4854)  Acc@5: 98.4375 (98.7251)
2024-11-17 04:33:30,940 -         train_search: [    INFO] - Valid: 33 [ 250/390]  Loss: 0.5854 (0.598)  Acc@1: 76.5625 (79.4447)  Acc@5: 98.4375 (98.6803)
2024-11-17 04:33:33,182 -         train_search: [    INFO] - Valid: 33 [ 300/390]  Loss: 0.5212 (0.598)  Acc@1: 82.8125 (79.4435)  Acc@5: 98.4375 (98.6867)
2024-11-17 04:33:35,613 -         train_search: [    INFO] - Valid: 33 [ 350/390]  Loss: 0.7108 (0.599)  Acc@1: 75.0000 (79.3091)  Acc@5: 96.8750 (98.7402)
2024-11-17 04:33:37,384 -         train_search: [    INFO] - Valid: 33 [ 390/390]  Loss: 0.4726 (0.598)  Acc@1: 87.5000 (79.3440)  Acc@5: 97.5000 (98.7840)
2024-11-17 04:33:37,413 -         train_search: [    INFO] - valid_acc 79.344000
2024-11-17 04:33:37,413 -         train_search: [    INFO] - epoch = 33   
 genotype = |nor_conv_3x3~0|+|nor_conv_3x3~0|nor_conv_3x3~1|+|skip_connect~0|nor_conv_3x3~1|nor_conv_3x3~2|
2024-11-17 04:33:37,415 -         train_search: [    INFO] - alphas_normal = 
 tensor([[0.2161, 0.1836, 0.0576, 0.1939, 0.3489],
        [0.2832, 0.1847, 0.0587, 0.2023, 0.2711],
        [0.1330, 0.1238, 0.0585, 0.1765, 0.5082],
        [0.2302, 0.3334, 0.0548, 0.2020, 0.1797],
        [0.1972, 0.1802, 0.0553, 0.2510, 0.3163],
        [0.1792, 0.2022, 0.0555, 0.2012, 0.3619]], device='cuda:0',
       grad_fn=<SoftmaxBackward0>)
2024-11-17 04:33:38,212 -         train_search: [    INFO] - Train: 34 [   0/390]  Loss: 0.4135 (0.414)  Acc@1: 82.8125 (82.8125)  Acc@5: 100.0000 (100.0000)LR: 6.570e-03
2024-11-17 04:33:50,775 -         train_search: [    INFO] - Train: 34 [  50/390]  Loss: 0.5799 (0.514)  Acc@1: 78.1250 (82.2917)  Acc@5: 98.4375 (99.1422)LR: 6.570e-03
2024-11-17 04:34:03,236 -         train_search: [    INFO] - Train: 34 [ 100/390]  Loss: 0.5837 (0.515)  Acc@1: 75.0000 (82.3020)  Acc@5: 100.0000 (99.1491)LR: 6.570e-03
2024-11-17 04:34:15,819 -         train_search: [    INFO] - Train: 34 [ 150/390]  Loss: 0.4800 (0.518)  Acc@1: 84.3750 (82.2848)  Acc@5: 100.0000 (99.0791)LR: 6.570e-03
2024-11-17 04:34:28,175 -         train_search: [    INFO] - Train: 34 [ 200/390]  Loss: 0.5801 (0.513)  Acc@1: 78.1250 (82.3461)  Acc@5: 100.0000 (99.1604)LR: 6.570e-03
2024-11-17 04:34:40,551 -         train_search: [    INFO] - Train: 34 [ 250/390]  Loss: 0.5226 (0.514)  Acc@1: 82.8125 (82.3581)  Acc@5: 96.8750 (99.1409)LR: 6.570e-03
2024-11-17 04:34:52,809 -         train_search: [    INFO] - Train: 34 [ 300/390]  Loss: 0.5762 (0.511)  Acc@1: 79.6875 (82.4336)  Acc@5: 98.4375 (99.1487)LR: 6.570e-03
2024-11-17 04:35:04,876 -         train_search: [    INFO] - Train: 34 [ 350/390]  Loss: 0.4649 (0.513)  Acc@1: 84.3750 (82.3807)  Acc@5: 98.4375 (99.1453)LR: 6.570e-03
2024-11-17 04:35:14,648 -         train_search: [    INFO] - Train: 34 [ 390/390]  Loss: 0.3440 (0.512)  Acc@1: 90.0000 (82.4040)  Acc@5: 100.0000 (99.1560)LR: 6.570e-03
2024-11-17 04:35:14,742 -         train_search: [    INFO] - train_acc 82.404000
2024-11-17 04:35:15,050 -         train_search: [    INFO] - Valid: 34 [   0/390]  Loss: 0.6933 (0.693)  Acc@1: 79.6875 (79.6875)  Acc@5: 96.8750 (96.8750)
2024-11-17 04:35:17,367 -         train_search: [    INFO] - Valid: 34 [  50/390]  Loss: 0.5781 (0.603)  Acc@1: 78.1250 (79.5343)  Acc@5: 98.4375 (99.0196)
2024-11-17 04:35:19,754 -         train_search: [    INFO] - Valid: 34 [ 100/390]  Loss: 0.4587 (0.570)  Acc@1: 82.8125 (80.6776)  Acc@5: 100.0000 (98.9171)
2024-11-17 04:35:22,265 -         train_search: [    INFO] - Valid: 34 [ 150/390]  Loss: 0.6048 (0.562)  Acc@1: 82.8125 (80.8361)  Acc@5: 95.3125 (99.0066)
2024-11-17 04:35:24,670 -         train_search: [    INFO] - Valid: 34 [ 200/390]  Loss: 0.9419 (0.572)  Acc@1: 67.1875 (80.5037)  Acc@5: 96.8750 (98.9039)
2024-11-17 04:35:27,100 -         train_search: [    INFO] - Valid: 34 [ 250/390]  Loss: 0.3761 (0.573)  Acc@1: 85.9375 (80.4283)  Acc@5: 98.4375 (98.9044)
2024-11-17 04:35:29,508 -         train_search: [    INFO] - Valid: 34 [ 300/390]  Loss: 0.6010 (0.577)  Acc@1: 81.2500 (80.2066)  Acc@5: 98.4375 (98.8995)
2024-11-17 04:35:31,797 -         train_search: [    INFO] - Valid: 34 [ 350/390]  Loss: 0.5104 (0.573)  Acc@1: 84.3750 (80.2929)  Acc@5: 98.4375 (98.9316)
2024-11-17 04:35:33,511 -         train_search: [    INFO] - Valid: 34 [ 390/390]  Loss: 0.4114 (0.572)  Acc@1: 82.5000 (80.3280)  Acc@5: 100.0000 (98.9520)
2024-11-17 04:35:33,539 -         train_search: [    INFO] - valid_acc 80.328000
2024-11-17 04:35:33,539 -         train_search: [    INFO] - epoch = 34   
 genotype = |nor_conv_3x3~0|+|nor_conv_3x3~0|nor_conv_3x3~1|+|skip_connect~0|nor_conv_3x3~1|nor_conv_3x3~2|
2024-11-17 04:35:33,541 -         train_search: [    INFO] - alphas_normal = 
 tensor([[0.2139, 0.1843, 0.0573, 0.1951, 0.3494],
        [0.2804, 0.1883, 0.0594, 0.2050, 0.2668],
        [0.1340, 0.1246, 0.0588, 0.1772, 0.5055],
        [0.2269, 0.3387, 0.0549, 0.2028, 0.1767],
        [0.2005, 0.1843, 0.0555, 0.2499, 0.3099],
        [0.1805, 0.2053, 0.0558, 0.1994, 0.3590]], device='cuda:0',
       grad_fn=<SoftmaxBackward0>)
2024-11-17 04:35:34,152 -         train_search: [    INFO] - Train: 35 [   0/390]  Loss: 0.3728 (0.373)  Acc@1: 84.3750 (84.3750)  Acc@5: 100.0000 (100.0000)LR: 5.947e-03
2024-11-17 04:35:46,401 -         train_search: [    INFO] - Train: 35 [  50/390]  Loss: 0.6434 (0.505)  Acc@1: 71.8750 (81.8015)  Acc@5: 98.4375 (99.2034)LR: 5.947e-03
2024-11-17 04:35:58,839 -         train_search: [    INFO] - Train: 35 [ 100/390]  Loss: 0.3732 (0.495)  Acc@1: 87.5000 (82.2556)  Acc@5: 100.0000 (99.3348)LR: 5.947e-03
2024-11-17 04:36:10,968 -         train_search: [    INFO] - Train: 35 [ 150/390]  Loss: 0.3645 (0.499)  Acc@1: 85.9375 (82.4814)  Acc@5: 100.0000 (99.3584)LR: 5.947e-03
2024-11-17 04:36:22,939 -         train_search: [    INFO] - Train: 35 [ 200/390]  Loss: 0.4312 (0.502)  Acc@1: 85.9375 (82.4394)  Acc@5: 100.0000 (99.2537)LR: 5.947e-03
2024-11-17 04:36:34,697 -         train_search: [    INFO] - Train: 35 [ 250/390]  Loss: 0.4060 (0.496)  Acc@1: 82.8125 (82.6444)  Acc@5: 100.0000 (99.2654)LR: 5.947e-03
2024-11-17 04:36:46,670 -         train_search: [    INFO] - Train: 35 [ 300/390]  Loss: 0.5617 (0.494)  Acc@1: 84.3750 (82.7087)  Acc@5: 96.8750 (99.2525)LR: 5.947e-03
2024-11-17 04:36:58,640 -         train_search: [    INFO] - Train: 35 [ 350/390]  Loss: 0.4606 (0.497)  Acc@1: 81.2500 (82.6611)  Acc@5: 100.0000 (99.2610)LR: 5.947e-03
2024-11-17 04:37:08,545 -         train_search: [    INFO] - Train: 35 [ 390/390]  Loss: 0.6350 (0.497)  Acc@1: 77.5000 (82.6680)  Acc@5: 100.0000 (99.2640)LR: 5.947e-03
2024-11-17 04:37:08,615 -         train_search: [    INFO] - train_acc 82.668000
2024-11-17 04:37:08,879 -         train_search: [    INFO] - Valid: 35 [   0/390]  Loss: 0.7407 (0.741)  Acc@1: 71.8750 (71.8750)  Acc@5: 98.4375 (98.4375)
2024-11-17 04:37:11,206 -         train_search: [    INFO] - Valid: 35 [  50/390]  Loss: 0.6060 (0.569)  Acc@1: 81.2500 (80.9436)  Acc@5: 96.8750 (98.7745)
2024-11-17 04:37:13,578 -         train_search: [    INFO] - Valid: 35 [ 100/390]  Loss: 0.5401 (0.571)  Acc@1: 78.1250 (80.4610)  Acc@5: 100.0000 (98.7933)
2024-11-17 04:37:15,746 -         train_search: [    INFO] - Valid: 35 [ 150/390]  Loss: 0.7362 (0.575)  Acc@1: 73.4375 (80.1738)  Acc@5: 100.0000 (98.8721)
2024-11-17 04:37:18,066 -         train_search: [    INFO] - Valid: 35 [ 200/390]  Loss: 0.4696 (0.577)  Acc@1: 79.6875 (80.1539)  Acc@5: 98.4375 (98.8728)
2024-11-17 04:37:20,216 -         train_search: [    INFO] - Valid: 35 [ 250/390]  Loss: 0.7110 (0.570)  Acc@1: 78.1250 (80.4158)  Acc@5: 96.8750 (98.9355)
2024-11-17 04:37:22,631 -         train_search: [    INFO] - Valid: 35 [ 300/390]  Loss: 0.7266 (0.575)  Acc@1: 78.1250 (80.3520)  Acc@5: 96.8750 (98.9099)
2024-11-17 04:37:24,873 -         train_search: [    INFO] - Valid: 35 [ 350/390]  Loss: 0.4134 (0.577)  Acc@1: 85.9375 (80.1861)  Acc@5: 100.0000 (98.9094)
2024-11-17 04:37:26,693 -         train_search: [    INFO] - Valid: 35 [ 390/390]  Loss: 0.6900 (0.578)  Acc@1: 70.0000 (80.1640)  Acc@5: 100.0000 (98.8680)
2024-11-17 04:37:26,726 -         train_search: [    INFO] - valid_acc 80.164000
2024-11-17 04:37:26,727 -         train_search: [    INFO] - epoch = 35   
 genotype = |nor_conv_3x3~0|+|nor_conv_3x3~0|nor_conv_3x3~1|+|skip_connect~0|nor_conv_3x3~1|nor_conv_3x3~2|
2024-11-17 04:37:26,729 -         train_search: [    INFO] - alphas_normal = 
 tensor([[0.2134, 0.1870, 0.0573, 0.1951, 0.3472],
        [0.2783, 0.1913, 0.0598, 0.2041, 0.2665],
        [0.1346, 0.1252, 0.0588, 0.1775, 0.5039],
        [0.2241, 0.3471, 0.0546, 0.2024, 0.1718],
        [0.2030, 0.1859, 0.0550, 0.2508, 0.3054],
        [0.1805, 0.2064, 0.0555, 0.2003, 0.3572]], device='cuda:0',
       grad_fn=<SoftmaxBackward0>)
2024-11-17 04:37:27,564 -         train_search: [    INFO] - Train: 36 [   0/390]  Loss: 0.2982 (0.298)  Acc@1: 89.0625 (89.0625)  Acc@5: 100.0000 (100.0000)LR: 5.351e-03
2024-11-17 04:37:39,858 -         train_search: [    INFO] - Train: 36 [  50/390]  Loss: 0.2691 (0.449)  Acc@1: 90.6250 (84.7733)  Acc@5: 100.0000 (99.2647)LR: 5.351e-03
2024-11-17 04:37:52,068 -         train_search: [    INFO] - Train: 36 [ 100/390]  Loss: 0.4081 (0.445)  Acc@1: 87.5000 (85.1330)  Acc@5: 100.0000 (99.3502)LR: 5.351e-03
2024-11-17 04:38:04,114 -         train_search: [    INFO] - Train: 36 [ 150/390]  Loss: 0.4994 (0.453)  Acc@1: 84.3750 (84.6854)  Acc@5: 98.4375 (99.3481)LR: 5.351e-03
2024-11-17 04:38:16,051 -         train_search: [    INFO] - Train: 36 [ 200/390]  Loss: 0.4128 (0.463)  Acc@1: 85.9375 (84.2273)  Acc@5: 98.4375 (99.3081)LR: 5.351e-03
2024-11-17 04:38:28,171 -         train_search: [    INFO] - Train: 36 [ 250/390]  Loss: 0.5811 (0.465)  Acc@1: 81.2500 (84.0451)  Acc@5: 98.4375 (99.2717)LR: 5.351e-03
2024-11-17 04:38:40,457 -         train_search: [    INFO] - Train: 36 [ 300/390]  Loss: 0.5319 (0.466)  Acc@1: 75.0000 (83.9026)  Acc@5: 100.0000 (99.2888)LR: 5.351e-03
2024-11-17 04:38:52,770 -         train_search: [    INFO] - Train: 36 [ 350/390]  Loss: 0.6194 (0.467)  Acc@1: 78.1250 (83.7918)  Acc@5: 96.8750 (99.2699)LR: 5.351e-03
2024-11-17 04:39:02,392 -         train_search: [    INFO] - Train: 36 [ 390/390]  Loss: 0.5361 (0.471)  Acc@1: 82.5000 (83.6520)  Acc@5: 100.0000 (99.2840)LR: 5.351e-03
2024-11-17 04:39:02,462 -         train_search: [    INFO] - train_acc 83.652000
2024-11-17 04:39:02,761 -         train_search: [    INFO] - Valid: 36 [   0/390]  Loss: 0.3913 (0.391)  Acc@1: 85.9375 (85.9375)  Acc@5: 100.0000 (100.0000)
2024-11-17 04:39:05,112 -         train_search: [    INFO] - Valid: 36 [  50/390]  Loss: 0.5168 (0.579)  Acc@1: 85.9375 (80.1777)  Acc@5: 100.0000 (98.9583)
2024-11-17 04:39:07,477 -         train_search: [    INFO] - Valid: 36 [ 100/390]  Loss: 0.8816 (0.577)  Acc@1: 70.3125 (80.1052)  Acc@5: 95.3125 (98.9635)
2024-11-17 04:39:09,865 -         train_search: [    INFO] - Valid: 36 [ 150/390]  Loss: 0.6391 (0.578)  Acc@1: 76.5625 (80.1635)  Acc@5: 100.0000 (98.9342)
2024-11-17 04:39:12,195 -         train_search: [    INFO] - Valid: 36 [ 200/390]  Loss: 0.7221 (0.574)  Acc@1: 76.5625 (80.4260)  Acc@5: 100.0000 (98.9583)
2024-11-17 04:39:14,650 -         train_search: [    INFO] - Valid: 36 [ 250/390]  Loss: 0.7508 (0.572)  Acc@1: 78.1250 (80.5154)  Acc@5: 96.8750 (98.9480)
2024-11-17 04:39:16,950 -         train_search: [    INFO] - Valid: 36 [ 300/390]  Loss: 0.4453 (0.566)  Acc@1: 84.3750 (80.6011)  Acc@5: 98.4375 (98.9566)
2024-11-17 04:39:19,415 -         train_search: [    INFO] - Valid: 36 [ 350/390]  Loss: 0.6886 (0.568)  Acc@1: 75.0000 (80.5645)  Acc@5: 95.3125 (98.9227)
2024-11-17 04:39:21,275 -         train_search: [    INFO] - Valid: 36 [ 390/390]  Loss: 0.7717 (0.569)  Acc@1: 72.5000 (80.5120)  Acc@5: 100.0000 (98.9280)
2024-11-17 04:39:21,303 -         train_search: [    INFO] - valid_acc 80.512000
2024-11-17 04:39:21,304 -         train_search: [    INFO] - epoch = 36   
 genotype = |nor_conv_3x3~0|+|nor_conv_3x3~0|nor_conv_3x3~1|+|skip_connect~0|nor_conv_3x3~1|nor_conv_3x3~2|
2024-11-17 04:39:21,307 -         train_search: [    INFO] - alphas_normal = 
 tensor([[0.2114, 0.1888, 0.0572, 0.1945, 0.3480],
        [0.2763, 0.1960, 0.0603, 0.2045, 0.2630],
        [0.1348, 0.1255, 0.0590, 0.1779, 0.5028],
        [0.2209, 0.3564, 0.0542, 0.2010, 0.1674],
        [0.2053, 0.1895, 0.0548, 0.2514, 0.2990],
        [0.1807, 0.2097, 0.0554, 0.2004, 0.3538]], device='cuda:0',
       grad_fn=<SoftmaxBackward0>)
2024-11-17 04:39:22,233 -         train_search: [    INFO] - Train: 37 [   0/390]  Loss: 0.4050 (0.405)  Acc@1: 84.3750 (84.3750)  Acc@5: 100.0000 (100.0000)LR: 4.785e-03
2024-11-17 04:39:34,563 -         train_search: [    INFO] - Train: 37 [  50/390]  Loss: 0.5397 (0.462)  Acc@1: 81.2500 (84.3137)  Acc@5: 100.0000 (99.6324)LR: 4.785e-03
2024-11-17 04:39:46,885 -         train_search: [    INFO] - Train: 37 [ 100/390]  Loss: 0.5801 (0.452)  Acc@1: 75.0000 (84.2203)  Acc@5: 100.0000 (99.6132)LR: 4.785e-03
2024-11-17 04:39:59,403 -         train_search: [    INFO] - Train: 37 [ 150/390]  Loss: 0.4287 (0.444)  Acc@1: 89.0625 (84.5199)  Acc@5: 98.4375 (99.4826)LR: 4.785e-03
2024-11-17 04:40:11,978 -         train_search: [    INFO] - Train: 37 [ 200/390]  Loss: 0.6154 (0.444)  Acc@1: 75.0000 (84.6315)  Acc@5: 98.4375 (99.4014)LR: 4.785e-03
2024-11-17 04:40:25,100 -         train_search: [    INFO] - Train: 37 [ 250/390]  Loss: 0.4288 (0.445)  Acc@1: 82.8125 (84.5306)  Acc@5: 100.0000 (99.4024)LR: 4.785e-03
2024-11-17 04:40:37,398 -         train_search: [    INFO] - Train: 37 [ 300/390]  Loss: 0.5195 (0.445)  Acc@1: 82.8125 (84.4788)  Acc@5: 98.4375 (99.3926)LR: 4.785e-03
2024-11-17 04:40:50,087 -         train_search: [    INFO] - Train: 37 [ 350/390]  Loss: 0.5072 (0.447)  Acc@1: 82.8125 (84.4729)  Acc@5: 100.0000 (99.3812)LR: 4.785e-03
2024-11-17 04:40:59,964 -         train_search: [    INFO] - Train: 37 [ 390/390]  Loss: 0.3112 (0.451)  Acc@1: 90.0000 (84.3280)  Acc@5: 100.0000 (99.3360)LR: 4.785e-03
2024-11-17 04:41:00,049 -         train_search: [    INFO] - train_acc 84.328000
2024-11-17 04:41:00,345 -         train_search: [    INFO] - Valid: 37 [   0/390]  Loss: 0.5180 (0.518)  Acc@1: 82.8125 (82.8125)  Acc@5: 100.0000 (100.0000)
2024-11-17 04:41:02,649 -         train_search: [    INFO] - Valid: 37 [  50/390]  Loss: 0.3391 (0.553)  Acc@1: 90.6250 (81.0355)  Acc@5: 100.0000 (99.1115)
2024-11-17 04:41:05,008 -         train_search: [    INFO] - Valid: 37 [ 100/390]  Loss: 0.7037 (0.565)  Acc@1: 75.0000 (80.6621)  Acc@5: 95.3125 (98.7314)
2024-11-17 04:41:07,364 -         train_search: [    INFO] - Valid: 37 [ 150/390]  Loss: 0.4380 (0.555)  Acc@1: 84.3750 (80.7119)  Acc@5: 100.0000 (98.8928)
2024-11-17 04:41:09,770 -         train_search: [    INFO] - Valid: 37 [ 200/390]  Loss: 0.5468 (0.555)  Acc@1: 81.2500 (80.5737)  Acc@5: 96.8750 (98.9661)
2024-11-17 04:41:12,076 -         train_search: [    INFO] - Valid: 37 [ 250/390]  Loss: 0.5410 (0.559)  Acc@1: 78.1250 (80.4221)  Acc@5: 100.0000 (98.9853)
2024-11-17 04:41:14,344 -         train_search: [    INFO] - Valid: 37 [ 300/390]  Loss: 0.5341 (0.556)  Acc@1: 85.9375 (80.6478)  Acc@5: 95.3125 (99.0033)
2024-11-17 04:41:16,637 -         train_search: [    INFO] - Valid: 37 [ 350/390]  Loss: 0.6270 (0.552)  Acc@1: 82.8125 (80.8226)  Acc@5: 98.4375 (98.9984)
2024-11-17 04:41:18,413 -         train_search: [    INFO] - Valid: 37 [ 390/390]  Loss: 0.5665 (0.550)  Acc@1: 85.0000 (80.9280)  Acc@5: 100.0000 (99.0240)
2024-11-17 04:41:18,440 -         train_search: [    INFO] - valid_acc 80.928000
2024-11-17 04:41:18,441 -         train_search: [    INFO] - epoch = 37   
 genotype = |nor_conv_3x3~0|+|nor_conv_3x3~0|nor_conv_3x3~1|+|skip_connect~0|nor_conv_3x3~1|nor_conv_3x3~2|
2024-11-17 04:41:18,443 -         train_search: [    INFO] - alphas_normal = 
 tensor([[0.2097, 0.1912, 0.0574, 0.1969, 0.3447],
        [0.2751, 0.1983, 0.0608, 0.2030, 0.2628],
        [0.1349, 0.1254, 0.0589, 0.1797, 0.5011],
        [0.2183, 0.3645, 0.0543, 0.1992, 0.1636],
        [0.2075, 0.1933, 0.0547, 0.2541, 0.2904],
        [0.1810, 0.2122, 0.0556, 0.2011, 0.3501]], device='cuda:0',
       grad_fn=<SoftmaxBackward0>)
2024-11-17 04:41:19,075 -         train_search: [    INFO] - Train: 38 [   0/390]  Loss: 0.3148 (0.315)  Acc@1: 90.6250 (90.6250)  Acc@5: 100.0000 (100.0000)LR: 4.252e-03
2024-11-17 04:41:31,212 -         train_search: [    INFO] - Train: 38 [  50/390]  Loss: 0.3977 (0.428)  Acc@1: 87.5000 (85.9988)  Acc@5: 100.0000 (99.4792)LR: 4.252e-03
2024-11-17 04:41:45,311 -         train_search: [    INFO] - Train: 38 [ 100/390]  Loss: 0.5886 (0.439)  Acc@1: 82.8125 (85.0557)  Acc@5: 96.8750 (99.3657)LR: 4.252e-03
2024-11-17 04:41:57,919 -         train_search: [    INFO] - Train: 38 [ 150/390]  Loss: 0.4528 (0.434)  Acc@1: 81.2500 (85.1200)  Acc@5: 98.4375 (99.3688)LR: 4.252e-03
2024-11-17 04:42:10,503 -         train_search: [    INFO] - Train: 38 [ 200/390]  Loss: 0.2600 (0.440)  Acc@1: 90.6250 (84.9891)  Acc@5: 100.0000 (99.3548)LR: 4.252e-03
2024-11-17 04:42:23,099 -         train_search: [    INFO] - Train: 38 [ 250/390]  Loss: 0.5468 (0.437)  Acc@1: 85.9375 (85.0224)  Acc@5: 98.4375 (99.3650)LR: 4.252e-03
2024-11-17 04:42:35,669 -         train_search: [    INFO] - Train: 38 [ 300/390]  Loss: 0.4233 (0.436)  Acc@1: 85.9375 (85.0187)  Acc@5: 98.4375 (99.3667)LR: 4.252e-03
2024-11-17 04:42:48,208 -         train_search: [    INFO] - Train: 38 [ 350/390]  Loss: 0.3180 (0.438)  Acc@1: 89.0625 (84.9181)  Acc@5: 100.0000 (99.3412)LR: 4.252e-03
2024-11-17 04:42:58,910 -         train_search: [    INFO] - Train: 38 [ 390/390]  Loss: 0.4454 (0.440)  Acc@1: 85.0000 (84.8560)  Acc@5: 100.0000 (99.3280)LR: 4.252e-03
2024-11-17 04:42:59,021 -         train_search: [    INFO] - train_acc 84.856000
2024-11-17 04:42:59,379 -         train_search: [    INFO] - Valid: 38 [   0/390]  Loss: 0.5727 (0.573)  Acc@1: 78.1250 (78.1250)  Acc@5: 98.4375 (98.4375)
2024-11-17 04:43:01,919 -         train_search: [    INFO] - Valid: 38 [  50/390]  Loss: 0.4019 (0.556)  Acc@1: 84.3750 (80.6373)  Acc@5: 100.0000 (99.0196)
2024-11-17 04:43:04,358 -         train_search: [    INFO] - Valid: 38 [ 100/390]  Loss: 0.4566 (0.575)  Acc@1: 87.5000 (80.1671)  Acc@5: 98.4375 (98.9325)
2024-11-17 04:43:06,965 -         train_search: [    INFO] - Valid: 38 [ 150/390]  Loss: 0.4606 (0.557)  Acc@1: 85.9375 (80.7637)  Acc@5: 100.0000 (98.9031)
2024-11-17 04:43:09,396 -         train_search: [    INFO] - Valid: 38 [ 200/390]  Loss: 0.4408 (0.557)  Acc@1: 85.9375 (80.8147)  Acc@5: 98.4375 (98.9506)
2024-11-17 04:43:11,923 -         train_search: [    INFO] - Valid: 38 [ 250/390]  Loss: 0.6894 (0.551)  Acc@1: 76.5625 (81.0321)  Acc@5: 96.8750 (99.0227)
2024-11-17 04:43:14,416 -         train_search: [    INFO] - Valid: 38 [ 300/390]  Loss: 0.4293 (0.548)  Acc@1: 84.3750 (81.1721)  Acc@5: 96.8750 (99.0449)
2024-11-17 04:43:16,704 -         train_search: [    INFO] - Valid: 38 [ 350/390]  Loss: 0.4942 (0.546)  Acc@1: 84.3750 (81.3212)  Acc@5: 98.4375 (99.0563)
2024-11-17 04:43:18,678 -         train_search: [    INFO] - Valid: 38 [ 390/390]  Loss: 0.2742 (0.543)  Acc@1: 95.0000 (81.3320)  Acc@5: 100.0000 (99.0640)
2024-11-17 04:43:18,719 -         train_search: [    INFO] - valid_acc 81.332000
2024-11-17 04:43:18,720 -         train_search: [    INFO] - epoch = 38   
 genotype = |nor_conv_3x3~0|+|nor_conv_3x3~0|nor_conv_3x3~1|+|skip_connect~0|nor_conv_3x3~1|nor_conv_3x3~2|
2024-11-17 04:43:18,722 -         train_search: [    INFO] - alphas_normal = 
 tensor([[0.2080, 0.1931, 0.0577, 0.1986, 0.3426],
        [0.2731, 0.2017, 0.0614, 0.2060, 0.2577],
        [0.1358, 0.1268, 0.0595, 0.1818, 0.4962],
        [0.2155, 0.3735, 0.0545, 0.1966, 0.1600],
        [0.2093, 0.1958, 0.0548, 0.2560, 0.2841],
        [0.1815, 0.2132, 0.0555, 0.2022, 0.3476]], device='cuda:0',
       grad_fn=<SoftmaxBackward0>)
2024-11-17 04:43:19,412 -         train_search: [    INFO] - Train: 39 [   0/390]  Loss: 0.4485 (0.448)  Acc@1: 87.5000 (87.5000)  Acc@5: 98.4375 (98.4375)LR: 3.754e-03
2024-11-17 04:43:31,553 -         train_search: [    INFO] - Train: 39 [  50/390]  Loss: 0.3435 (0.416)  Acc@1: 93.7500 (85.9069)  Acc@5: 98.4375 (99.5098)LR: 3.754e-03
2024-11-17 04:43:43,808 -         train_search: [    INFO] - Train: 39 [ 100/390]  Loss: 0.3932 (0.425)  Acc@1: 85.9375 (85.3496)  Acc@5: 100.0000 (99.3812)LR: 3.754e-03
2024-11-17 04:43:56,253 -         train_search: [    INFO] - Train: 39 [ 150/390]  Loss: 0.4566 (0.428)  Acc@1: 82.8125 (85.3270)  Acc@5: 98.4375 (99.4412)LR: 3.754e-03
2024-11-17 04:44:08,651 -         train_search: [    INFO] - Train: 39 [ 200/390]  Loss: 0.2995 (0.429)  Acc@1: 89.0625 (85.2456)  Acc@5: 100.0000 (99.4325)LR: 3.754e-03
2024-11-17 04:44:21,641 -         train_search: [    INFO] - Train: 39 [ 250/390]  Loss: 0.4136 (0.429)  Acc@1: 87.5000 (85.1345)  Acc@5: 98.4375 (99.4460)LR: 3.754e-03
2024-11-17 04:44:33,659 -         train_search: [    INFO] - Train: 39 [ 300/390]  Loss: 0.3736 (0.429)  Acc@1: 84.3750 (85.1640)  Acc@5: 100.0000 (99.4186)LR: 3.754e-03
2024-11-17 04:44:46,005 -         train_search: [    INFO] - Train: 39 [ 350/390]  Loss: 0.4659 (0.428)  Acc@1: 85.9375 (85.2119)  Acc@5: 100.0000 (99.4168)LR: 3.754e-03
2024-11-17 04:44:55,556 -         train_search: [    INFO] - Train: 39 [ 390/390]  Loss: 0.5539 (0.425)  Acc@1: 82.5000 (85.2000)  Acc@5: 100.0000 (99.4400)LR: 3.754e-03
2024-11-17 04:44:55,742 -         train_search: [    INFO] - train_acc 85.200000
2024-11-17 04:44:56,068 -         train_search: [    INFO] - Valid: 39 [   0/390]  Loss: 0.4023 (0.402)  Acc@1: 87.5000 (87.5000)  Acc@5: 100.0000 (100.0000)
2024-11-17 04:44:58,303 -         train_search: [    INFO] - Valid: 39 [  50/390]  Loss: 0.6773 (0.533)  Acc@1: 76.5625 (82.0466)  Acc@5: 98.4375 (99.3566)
2024-11-17 04:45:00,600 -         train_search: [    INFO] - Valid: 39 [ 100/390]  Loss: 0.5455 (0.520)  Acc@1: 79.6875 (82.3175)  Acc@5: 100.0000 (99.2265)
2024-11-17 04:45:02,964 -         train_search: [    INFO] - Valid: 39 [ 150/390]  Loss: 0.5789 (0.530)  Acc@1: 81.2500 (82.0882)  Acc@5: 100.0000 (99.1515)
2024-11-17 04:45:05,188 -         train_search: [    INFO] - Valid: 39 [ 200/390]  Loss: 0.7211 (0.526)  Acc@1: 78.1250 (82.0429)  Acc@5: 98.4375 (99.1838)
2024-11-17 04:45:07,387 -         train_search: [    INFO] - Valid: 39 [ 250/390]  Loss: 0.5051 (0.529)  Acc@1: 79.6875 (82.0779)  Acc@5: 100.0000 (99.1534)
2024-11-17 04:45:09,595 -         train_search: [    INFO] - Valid: 39 [ 300/390]  Loss: 0.4626 (0.528)  Acc@1: 78.1250 (82.1273)  Acc@5: 100.0000 (99.1642)
2024-11-17 04:45:11,944 -         train_search: [    INFO] - Valid: 39 [ 350/390]  Loss: 0.5185 (0.533)  Acc@1: 85.9375 (81.9133)  Acc@5: 98.4375 (99.1542)
2024-11-17 04:45:13,847 -         train_search: [    INFO] - Valid: 39 [ 390/390]  Loss: 0.6374 (0.533)  Acc@1: 80.0000 (81.9200)  Acc@5: 100.0000 (99.1280)
2024-11-17 04:45:13,884 -         train_search: [    INFO] - valid_acc 81.920000
2024-11-17 04:45:13,885 -         train_search: [    INFO] - epoch = 39   
 genotype = |nor_conv_3x3~0|+|nor_conv_3x3~0|nor_conv_3x3~1|+|skip_connect~0|nor_conv_3x3~1|nor_conv_3x3~2|
2024-11-17 04:45:13,887 -         train_search: [    INFO] - alphas_normal = 
 tensor([[0.2052, 0.1922, 0.0570, 0.2033, 0.3423],
        [0.2715, 0.2035, 0.0614, 0.2055, 0.2581],
        [0.1359, 0.1272, 0.0593, 0.1830, 0.4946],
        [0.2123, 0.3824, 0.0543, 0.1948, 0.1562],
        [0.2094, 0.1989, 0.0547, 0.2558, 0.2812],
        [0.1817, 0.2157, 0.0549, 0.2015, 0.3462]], device='cuda:0',
       grad_fn=<SoftmaxBackward0>)
2024-11-17 04:45:14,702 -         train_search: [    INFO] - Train: 40 [   0/390]  Loss: 0.4144 (0.414)  Acc@1: 85.9375 (85.9375)  Acc@5: 100.0000 (100.0000)LR: 3.292e-03
2024-11-17 04:45:27,009 -         train_search: [    INFO] - Train: 40 [  50/390]  Loss: 0.3938 (0.376)  Acc@1: 84.3750 (86.6422)  Acc@5: 100.0000 (99.7855)LR: 3.292e-03
2024-11-17 04:45:39,063 -         train_search: [    INFO] - Train: 40 [ 100/390]  Loss: 0.4748 (0.404)  Acc@1: 82.8125 (85.9530)  Acc@5: 96.8750 (99.5668)LR: 3.292e-03
2024-11-17 04:45:51,424 -         train_search: [    INFO] - Train: 40 [ 150/390]  Loss: 0.3235 (0.411)  Acc@1: 87.5000 (85.8651)  Acc@5: 98.4375 (99.4723)LR: 3.292e-03
2024-11-17 04:46:03,893 -         train_search: [    INFO] - Train: 40 [ 200/390]  Loss: 0.3805 (0.414)  Acc@1: 87.5000 (85.6421)  Acc@5: 100.0000 (99.4014)LR: 3.292e-03
2024-11-17 04:46:16,350 -         train_search: [    INFO] - Train: 40 [ 250/390]  Loss: 0.4006 (0.411)  Acc@1: 85.9375 (85.7383)  Acc@5: 100.0000 (99.4584)LR: 3.292e-03
2024-11-17 04:46:28,548 -         train_search: [    INFO] - Train: 40 [ 300/390]  Loss: 0.5327 (0.412)  Acc@1: 81.2500 (85.6468)  Acc@5: 100.0000 (99.5069)LR: 3.292e-03
2024-11-17 04:46:40,564 -         train_search: [    INFO] - Train: 40 [ 350/390]  Loss: 0.4136 (0.412)  Acc@1: 87.5000 (85.7327)  Acc@5: 100.0000 (99.5148)LR: 3.292e-03
2024-11-17 04:46:50,030 -         train_search: [    INFO] - Train: 40 [ 390/390]  Loss: 0.4892 (0.412)  Acc@1: 82.5000 (85.7360)  Acc@5: 100.0000 (99.5000)LR: 3.292e-03
2024-11-17 04:46:50,106 -         train_search: [    INFO] - train_acc 85.736000
2024-11-17 04:46:50,428 -         train_search: [    INFO] - Valid: 40 [   0/390]  Loss: 0.4314 (0.431)  Acc@1: 84.3750 (84.3750)  Acc@5: 100.0000 (100.0000)
2024-11-17 04:46:52,774 -         train_search: [    INFO] - Valid: 40 [  50/390]  Loss: 0.8524 (0.524)  Acc@1: 75.0000 (82.1998)  Acc@5: 96.8750 (99.2034)
2024-11-17 04:46:55,076 -         train_search: [    INFO] - Valid: 40 [ 100/390]  Loss: 0.5161 (0.524)  Acc@1: 85.9375 (82.1163)  Acc@5: 98.4375 (99.0408)
2024-11-17 04:46:57,465 -         train_search: [    INFO] - Valid: 40 [ 150/390]  Loss: 0.4420 (0.521)  Acc@1: 76.5625 (82.0778)  Acc@5: 100.0000 (99.0791)
2024-11-17 04:46:59,816 -         train_search: [    INFO] - Valid: 40 [ 200/390]  Loss: 0.4776 (0.522)  Acc@1: 84.3750 (82.0196)  Acc@5: 98.4375 (99.0672)
2024-11-17 04:47:02,349 -         train_search: [    INFO] - Valid: 40 [ 250/390]  Loss: 0.6120 (0.519)  Acc@1: 79.6875 (82.0966)  Acc@5: 98.4375 (99.0849)
2024-11-17 04:47:04,663 -         train_search: [    INFO] - Valid: 40 [ 300/390]  Loss: 0.4522 (0.519)  Acc@1: 85.9375 (82.1013)  Acc@5: 100.0000 (99.0916)
2024-11-17 04:47:07,017 -         train_search: [    INFO] - Valid: 40 [ 350/390]  Loss: 0.3007 (0.517)  Acc@1: 90.6250 (82.2293)  Acc@5: 100.0000 (99.0741)
2024-11-17 04:47:08,779 -         train_search: [    INFO] - Valid: 40 [ 390/390]  Loss: 0.6318 (0.519)  Acc@1: 72.5000 (82.1800)  Acc@5: 100.0000 (99.0560)
2024-11-17 04:47:08,826 -         train_search: [    INFO] - valid_acc 82.180000
2024-11-17 04:47:08,827 -         train_search: [    INFO] - epoch = 40   
 genotype = |nor_conv_3x3~0|+|nor_conv_3x3~0|nor_conv_3x3~1|+|skip_connect~0|nor_conv_3x3~1|nor_conv_3x3~2|
2024-11-17 04:47:08,829 -         train_search: [    INFO] - alphas_normal = 
 tensor([[0.2012, 0.1951, 0.0573, 0.2068, 0.3396],
        [0.2680, 0.2074, 0.0619, 0.2065, 0.2562],
        [0.1378, 0.1291, 0.0599, 0.1829, 0.4904],
        [0.2063, 0.3952, 0.0541, 0.1934, 0.1509],
        [0.2100, 0.2052, 0.0550, 0.2545, 0.2753],
        [0.1849, 0.2186, 0.0546, 0.2002, 0.3417]], device='cuda:0',
       grad_fn=<SoftmaxBackward0>)
2024-11-17 04:47:09,658 -         train_search: [    INFO] - Train: 41 [   0/390]  Loss: 0.2602 (0.260)  Acc@1: 87.5000 (87.5000)  Acc@5: 100.0000 (100.0000)LR: 2.868e-03
2024-11-17 04:47:21,938 -         train_search: [    INFO] - Train: 41 [  50/390]  Loss: 0.5349 (0.399)  Acc@1: 79.6875 (86.3051)  Acc@5: 100.0000 (99.5711)LR: 2.868e-03
2024-11-17 04:47:34,942 -         train_search: [    INFO] - Train: 41 [ 100/390]  Loss: 0.3791 (0.385)  Acc@1: 85.9375 (86.8657)  Acc@5: 100.0000 (99.5204)LR: 2.868e-03
2024-11-17 04:47:46,995 -         train_search: [    INFO] - Train: 41 [ 150/390]  Loss: 0.3376 (0.395)  Acc@1: 85.9375 (86.2893)  Acc@5: 98.4375 (99.4723)LR: 2.868e-03
2024-11-17 04:47:58,672 -         train_search: [    INFO] - Train: 41 [ 200/390]  Loss: 0.3730 (0.388)  Acc@1: 87.5000 (86.4661)  Acc@5: 100.0000 (99.5025)LR: 2.868e-03
2024-11-17 04:48:10,797 -         train_search: [    INFO] - Train: 41 [ 250/390]  Loss: 0.2304 (0.388)  Acc@1: 93.7500 (86.4231)  Acc@5: 100.0000 (99.4895)LR: 2.868e-03
2024-11-17 04:48:22,981 -         train_search: [    INFO] - Train: 41 [ 300/390]  Loss: 0.6391 (0.390)  Acc@1: 76.5625 (86.2801)  Acc@5: 98.4375 (99.4653)LR: 2.868e-03
2024-11-17 04:48:35,236 -         train_search: [    INFO] - Train: 41 [ 350/390]  Loss: 0.4528 (0.392)  Acc@1: 85.9375 (86.2224)  Acc@5: 96.8750 (99.4881)LR: 2.868e-03
2024-11-17 04:48:44,534 -         train_search: [    INFO] - Train: 41 [ 390/390]  Loss: 0.4596 (0.393)  Acc@1: 90.0000 (86.2400)  Acc@5: 95.0000 (99.4520)LR: 2.868e-03
2024-11-17 04:48:44,635 -         train_search: [    INFO] - train_acc 86.240000
2024-11-17 04:48:44,912 -         train_search: [    INFO] - Valid: 41 [   0/390]  Loss: 0.7381 (0.738)  Acc@1: 70.3125 (70.3125)  Acc@5: 100.0000 (100.0000)
2024-11-17 04:48:47,265 -         train_search: [    INFO] - Valid: 41 [  50/390]  Loss: 0.7202 (0.493)  Acc@1: 73.4375 (83.0882)  Acc@5: 98.4375 (99.3873)
2024-11-17 04:48:49,599 -         train_search: [    INFO] - Valid: 41 [ 100/390]  Loss: 0.5078 (0.512)  Acc@1: 84.3750 (82.5650)  Acc@5: 98.4375 (99.3193)
2024-11-17 04:48:52,044 -         train_search: [    INFO] - Valid: 41 [ 150/390]  Loss: 0.5113 (0.525)  Acc@1: 81.2500 (81.9536)  Acc@5: 100.0000 (99.2343)
2024-11-17 04:48:54,434 -         train_search: [    INFO] - Valid: 41 [ 200/390]  Loss: 0.3922 (0.520)  Acc@1: 81.2500 (82.0196)  Acc@5: 100.0000 (99.1915)
2024-11-17 04:48:56,784 -         train_search: [    INFO] - Valid: 41 [ 250/390]  Loss: 0.5413 (0.519)  Acc@1: 79.6875 (82.1091)  Acc@5: 98.4375 (99.1721)
2024-11-17 04:48:59,236 -         train_search: [    INFO] - Valid: 41 [ 300/390]  Loss: 0.7135 (0.520)  Acc@1: 81.2500 (82.1896)  Acc@5: 100.0000 (99.1798)
2024-11-17 04:49:01,813 -         train_search: [    INFO] - Valid: 41 [ 350/390]  Loss: 0.6908 (0.525)  Acc@1: 73.4375 (82.0557)  Acc@5: 98.4375 (99.1364)
2024-11-17 04:49:03,685 -         train_search: [    INFO] - Valid: 41 [ 390/390]  Loss: 0.6067 (0.527)  Acc@1: 82.5000 (81.9680)  Acc@5: 97.5000 (99.1280)
2024-11-17 04:49:03,730 -         train_search: [    INFO] - valid_acc 81.968000
2024-11-17 04:49:03,730 -         train_search: [    INFO] - epoch = 41   
 genotype = |nor_conv_3x3~0|+|nor_conv_3x3~0|nor_conv_3x3~1|+|skip_connect~0|nor_conv_3x3~1|nor_conv_3x3~2|
2024-11-17 04:49:03,732 -         train_search: [    INFO] - alphas_normal = 
 tensor([[0.1977, 0.1967, 0.0570, 0.2100, 0.3386],
        [0.2655, 0.2107, 0.0623, 0.2069, 0.2546],
        [0.1386, 0.1304, 0.0601, 0.1845, 0.4864],
        [0.2010, 0.4066, 0.0538, 0.1920, 0.1466],
        [0.2098, 0.2098, 0.0549, 0.2570, 0.2685],
        [0.1868, 0.2223, 0.0543, 0.1985, 0.3381]], device='cuda:0',
       grad_fn=<SoftmaxBackward0>)
2024-11-17 04:49:04,358 -         train_search: [    INFO] - Train: 42 [   0/390]  Loss: 0.3545 (0.355)  Acc@1: 84.3750 (84.3750)  Acc@5: 100.0000 (100.0000)LR: 2.484e-03
2024-11-17 04:49:16,767 -         train_search: [    INFO] - Train: 42 [  50/390]  Loss: 0.4694 (0.374)  Acc@1: 81.2500 (87.0098)  Acc@5: 100.0000 (99.7243)LR: 2.484e-03
2024-11-17 04:49:29,160 -         train_search: [    INFO] - Train: 42 [ 100/390]  Loss: 0.3607 (0.384)  Acc@1: 89.0625 (86.8348)  Acc@5: 98.4375 (99.5978)LR: 2.484e-03
2024-11-17 04:49:41,623 -         train_search: [    INFO] - Train: 42 [ 150/390]  Loss: 0.3292 (0.385)  Acc@1: 84.3750 (86.7032)  Acc@5: 100.0000 (99.5757)LR: 2.484e-03
2024-11-17 04:49:54,464 -         train_search: [    INFO] - Train: 42 [ 200/390]  Loss: 0.3900 (0.385)  Acc@1: 87.5000 (86.5672)  Acc@5: 98.4375 (99.5180)LR: 2.484e-03
2024-11-17 04:50:07,262 -         train_search: [    INFO] - Train: 42 [ 250/390]  Loss: 0.3942 (0.382)  Acc@1: 85.9375 (86.7405)  Acc@5: 100.0000 (99.5207)LR: 2.484e-03
2024-11-17 04:50:20,099 -         train_search: [    INFO] - Train: 42 [ 300/390]  Loss: 0.3558 (0.380)  Acc@1: 87.5000 (86.7681)  Acc@5: 100.0000 (99.5172)LR: 2.484e-03
2024-11-17 04:50:32,477 -         train_search: [    INFO] - Train: 42 [ 350/390]  Loss: 0.3416 (0.379)  Acc@1: 89.0625 (86.7877)  Acc@5: 98.4375 (99.5059)LR: 2.484e-03
2024-11-17 04:50:42,736 -         train_search: [    INFO] - Train: 42 [ 390/390]  Loss: 0.6073 (0.384)  Acc@1: 77.5000 (86.6240)  Acc@5: 97.5000 (99.4880)LR: 2.484e-03
2024-11-17 04:50:42,824 -         train_search: [    INFO] - train_acc 86.624000
2024-11-17 04:50:43,075 -         train_search: [    INFO] - Valid: 42 [   0/390]  Loss: 0.8153 (0.815)  Acc@1: 73.4375 (73.4375)  Acc@5: 98.4375 (98.4375)
2024-11-17 04:50:45,451 -         train_search: [    INFO] - Valid: 42 [  50/390]  Loss: 0.3884 (0.511)  Acc@1: 84.3750 (82.3223)  Acc@5: 98.4375 (99.1728)
2024-11-17 04:50:47,842 -         train_search: [    INFO] - Valid: 42 [ 100/390]  Loss: 0.3297 (0.497)  Acc@1: 87.5000 (82.5495)  Acc@5: 100.0000 (99.2729)
2024-11-17 04:50:50,075 -         train_search: [    INFO] - Valid: 42 [ 150/390]  Loss: 0.6879 (0.507)  Acc@1: 79.6875 (82.4400)  Acc@5: 100.0000 (99.2032)
2024-11-17 04:50:52,597 -         train_search: [    INFO] - Valid: 42 [ 200/390]  Loss: 0.2833 (0.507)  Acc@1: 89.0625 (82.6493)  Acc@5: 100.0000 (99.2149)
2024-11-17 04:50:54,832 -         train_search: [    INFO] - Valid: 42 [ 250/390]  Loss: 0.4886 (0.509)  Acc@1: 79.6875 (82.6195)  Acc@5: 98.4375 (99.2094)
2024-11-17 04:50:57,183 -         train_search: [    INFO] - Valid: 42 [ 300/390]  Loss: 0.4986 (0.507)  Acc@1: 85.9375 (82.8073)  Acc@5: 100.0000 (99.1850)
2024-11-17 04:50:59,470 -         train_search: [    INFO] - Valid: 42 [ 350/390]  Loss: 0.6266 (0.509)  Acc@1: 78.1250 (82.6879)  Acc@5: 100.0000 (99.2076)
2024-11-17 04:51:01,484 -         train_search: [    INFO] - Valid: 42 [ 390/390]  Loss: 0.5293 (0.507)  Acc@1: 80.0000 (82.6720)  Acc@5: 97.5000 (99.2200)
2024-11-17 04:51:01,517 -         train_search: [    INFO] - valid_acc 82.672000
2024-11-17 04:51:01,518 -         train_search: [    INFO] - epoch = 42   
 genotype = |nor_conv_3x3~0|+|nor_conv_3x3~0|nor_conv_3x3~1|+|skip_connect~0|nor_conv_3x3~1|nor_conv_3x3~2|
2024-11-17 04:51:01,522 -         train_search: [    INFO] - alphas_normal = 
 tensor([[0.1972, 0.1977, 0.0576, 0.2116, 0.3360],
        [0.2628, 0.2132, 0.0631, 0.2081, 0.2527],
        [0.1400, 0.1313, 0.0608, 0.1866, 0.4812],
        [0.1963, 0.4185, 0.0541, 0.1891, 0.1420],
        [0.2114, 0.2119, 0.0550, 0.2583, 0.2635],
        [0.1886, 0.2246, 0.0547, 0.1968, 0.3353]], device='cuda:0',
       grad_fn=<SoftmaxBackward0>)
2024-11-17 04:51:02,282 -         train_search: [    INFO] - Train: 43 [   0/390]  Loss: 0.4413 (0.441)  Acc@1: 85.9375 (85.9375)  Acc@5: 98.4375 (98.4375)LR: 2.142e-03
2024-11-17 04:51:14,444 -         train_search: [    INFO] - Train: 43 [  50/390]  Loss: 0.2811 (0.372)  Acc@1: 89.0625 (87.1324)  Acc@5: 100.0000 (99.7243)LR: 2.142e-03
2024-11-17 04:51:26,506 -         train_search: [    INFO] - Train: 43 [ 100/390]  Loss: 0.4512 (0.369)  Acc@1: 84.3750 (87.3762)  Acc@5: 100.0000 (99.6132)LR: 2.142e-03
2024-11-17 04:51:38,493 -         train_search: [    INFO] - Train: 43 [ 150/390]  Loss: 0.4160 (0.362)  Acc@1: 89.0625 (87.3862)  Acc@5: 100.0000 (99.6482)LR: 2.142e-03
2024-11-17 04:51:50,727 -         train_search: [    INFO] - Train: 43 [ 200/390]  Loss: 0.3445 (0.370)  Acc@1: 93.7500 (87.1813)  Acc@5: 98.4375 (99.5880)LR: 2.142e-03
2024-11-17 04:52:03,040 -         train_search: [    INFO] - Train: 43 [ 250/390]  Loss: 0.3994 (0.370)  Acc@1: 85.9375 (87.2697)  Acc@5: 100.0000 (99.5954)LR: 2.142e-03
2024-11-17 04:52:15,238 -         train_search: [    INFO] - Train: 43 [ 300/390]  Loss: 0.4197 (0.369)  Acc@1: 84.3750 (87.2768)  Acc@5: 100.0000 (99.6003)LR: 2.142e-03
2024-11-17 04:52:28,133 -         train_search: [    INFO] - Train: 43 [ 350/390]  Loss: 0.4152 (0.371)  Acc@1: 89.0625 (87.1706)  Acc@5: 98.4375 (99.5816)LR: 2.142e-03
2024-11-17 04:52:37,907 -         train_search: [    INFO] - Train: 43 [ 390/390]  Loss: 0.2295 (0.370)  Acc@1: 92.5000 (87.2480)  Acc@5: 100.0000 (99.5880)LR: 2.142e-03
2024-11-17 04:52:37,976 -         train_search: [    INFO] - train_acc 87.248000
2024-11-17 04:52:38,242 -         train_search: [    INFO] - Valid: 43 [   0/390]  Loss: 0.6130 (0.613)  Acc@1: 81.2500 (81.2500)  Acc@5: 98.4375 (98.4375)
2024-11-17 04:52:40,713 -         train_search: [    INFO] - Valid: 43 [  50/390]  Loss: 0.4935 (0.527)  Acc@1: 81.2500 (82.5980)  Acc@5: 100.0000 (98.9583)
2024-11-17 04:52:43,303 -         train_search: [    INFO] - Valid: 43 [ 100/390]  Loss: 0.8665 (0.516)  Acc@1: 76.5625 (82.6578)  Acc@5: 98.4375 (99.0099)
2024-11-17 04:52:45,870 -         train_search: [    INFO] - Valid: 43 [ 150/390]  Loss: 0.4930 (0.514)  Acc@1: 85.9375 (82.5538)  Acc@5: 100.0000 (99.1101)
2024-11-17 04:52:48,356 -         train_search: [    INFO] - Valid: 43 [ 200/390]  Loss: 0.3956 (0.503)  Acc@1: 85.9375 (82.8436)  Acc@5: 100.0000 (99.1449)
2024-11-17 04:52:50,827 -         train_search: [    INFO] - Valid: 43 [ 250/390]  Loss: 0.5500 (0.508)  Acc@1: 82.8125 (82.9183)  Acc@5: 96.8750 (99.0725)
2024-11-17 04:52:53,276 -         train_search: [    INFO] - Valid: 43 [ 300/390]  Loss: 0.5042 (0.511)  Acc@1: 78.1250 (82.8021)  Acc@5: 100.0000 (99.1071)
2024-11-17 04:52:55,763 -         train_search: [    INFO] - Valid: 43 [ 350/390]  Loss: 0.3805 (0.511)  Acc@1: 84.3750 (82.7101)  Acc@5: 100.0000 (99.1008)
2024-11-17 04:52:57,872 -         train_search: [    INFO] - Valid: 43 [ 390/390]  Loss: 0.5611 (0.511)  Acc@1: 77.5000 (82.7240)  Acc@5: 100.0000 (99.1200)
2024-11-17 04:52:57,904 -         train_search: [    INFO] - valid_acc 82.724000
2024-11-17 04:52:57,905 -         train_search: [    INFO] - epoch = 43   
 genotype = |nor_conv_3x3~0|+|nor_conv_3x3~0|nor_conv_3x3~1|+|skip_connect~0|nor_conv_1x1~1|nor_conv_3x3~2|
2024-11-17 04:52:57,907 -         train_search: [    INFO] - alphas_normal = 
 tensor([[0.1941, 0.1988, 0.0580, 0.2160, 0.3332],
        [0.2612, 0.2154, 0.0636, 0.2090, 0.2507],
        [0.1397, 0.1318, 0.0610, 0.1866, 0.4809],
        [0.1928, 0.4274, 0.0542, 0.1878, 0.1378],
        [0.2120, 0.2169, 0.0553, 0.2581, 0.2577],
        [0.1890, 0.2297, 0.0554, 0.1952, 0.3307]], device='cuda:0',
       grad_fn=<SoftmaxBackward0>)
2024-11-17 04:52:58,807 -         train_search: [    INFO] - Train: 44 [   0/390]  Loss: 0.2819 (0.282)  Acc@1: 90.6250 (90.6250)  Acc@5: 100.0000 (100.0000)LR: 1.843e-03
2024-11-17 04:53:11,719 -         train_search: [    INFO] - Train: 44 [  50/390]  Loss: 0.4313 (0.357)  Acc@1: 87.5000 (87.6838)  Acc@5: 98.4375 (99.5404)LR: 1.843e-03
2024-11-17 04:53:24,834 -         train_search: [    INFO] - Train: 44 [ 100/390]  Loss: 0.2030 (0.351)  Acc@1: 95.3125 (87.9177)  Acc@5: 100.0000 (99.5204)LR: 1.843e-03
2024-11-17 04:53:38,011 -         train_search: [    INFO] - Train: 44 [ 150/390]  Loss: 0.2264 (0.361)  Acc@1: 93.7500 (87.7070)  Acc@5: 100.0000 (99.5654)LR: 1.843e-03
2024-11-17 04:53:50,704 -         train_search: [    INFO] - Train: 44 [ 200/390]  Loss: 0.4004 (0.355)  Acc@1: 84.3750 (87.9198)  Acc@5: 98.4375 (99.6035)LR: 1.843e-03
2024-11-17 04:54:03,378 -         train_search: [    INFO] - Train: 44 [ 250/390]  Loss: 0.4242 (0.359)  Acc@1: 84.3750 (87.6868)  Acc@5: 100.0000 (99.6203)LR: 1.843e-03
2024-11-17 04:54:16,148 -         train_search: [    INFO] - Train: 44 [ 300/390]  Loss: 0.3478 (0.363)  Acc@1: 89.0625 (87.4689)  Acc@5: 100.0000 (99.6159)LR: 1.843e-03
2024-11-17 04:54:28,498 -         train_search: [    INFO] - Train: 44 [ 350/390]  Loss: 0.3283 (0.359)  Acc@1: 90.6250 (87.6291)  Acc@5: 98.4375 (99.6127)LR: 1.843e-03
2024-11-17 04:54:38,747 -         train_search: [    INFO] - Train: 44 [ 390/390]  Loss: 0.2325 (0.360)  Acc@1: 92.5000 (87.6600)  Acc@5: 100.0000 (99.6160)LR: 1.843e-03
2024-11-17 04:54:38,819 -         train_search: [    INFO] - train_acc 87.660000
2024-11-17 04:54:39,072 -         train_search: [    INFO] - Valid: 44 [   0/390]  Loss: 0.4408 (0.441)  Acc@1: 78.1250 (78.1250)  Acc@5: 100.0000 (100.0000)
2024-11-17 04:54:41,399 -         train_search: [    INFO] - Valid: 44 [  50/390]  Loss: 0.4448 (0.526)  Acc@1: 81.2500 (82.0772)  Acc@5: 98.4375 (98.9890)
2024-11-17 04:54:43,607 -         train_search: [    INFO] - Valid: 44 [ 100/390]  Loss: 0.5534 (0.516)  Acc@1: 85.9375 (82.2865)  Acc@5: 98.4375 (99.2110)
2024-11-17 04:54:45,813 -         train_search: [    INFO] - Valid: 44 [ 150/390]  Loss: 0.4059 (0.508)  Acc@1: 89.0625 (82.5124)  Acc@5: 100.0000 (99.2239)
2024-11-17 04:54:48,141 -         train_search: [    INFO] - Valid: 44 [ 200/390]  Loss: 0.5286 (0.508)  Acc@1: 84.3750 (82.7659)  Acc@5: 98.4375 (99.1760)
2024-11-17 04:54:50,430 -         train_search: [    INFO] - Valid: 44 [ 250/390]  Loss: 0.4631 (0.508)  Acc@1: 78.1250 (82.7316)  Acc@5: 100.0000 (99.1472)
2024-11-17 04:54:52,962 -         train_search: [    INFO] - Valid: 44 [ 300/390]  Loss: 0.4478 (0.513)  Acc@1: 85.9375 (82.6568)  Acc@5: 98.4375 (99.1020)
2024-11-17 04:54:55,444 -         train_search: [    INFO] - Valid: 44 [ 350/390]  Loss: 0.6000 (0.513)  Acc@1: 82.8125 (82.6968)  Acc@5: 98.4375 (99.1008)
2024-11-17 04:54:57,355 -         train_search: [    INFO] - Valid: 44 [ 390/390]  Loss: 0.5873 (0.514)  Acc@1: 80.0000 (82.6040)  Acc@5: 100.0000 (99.1040)
2024-11-17 04:54:57,381 -         train_search: [    INFO] - valid_acc 82.604000
2024-11-17 04:54:57,381 -         train_search: [    INFO] - epoch = 44   
 genotype = |nor_conv_3x3~0|+|nor_conv_3x3~0|nor_conv_3x3~1|+|skip_connect~0|nor_conv_1x1~1|nor_conv_3x3~2|
2024-11-17 04:54:57,383 -         train_search: [    INFO] - alphas_normal = 
 tensor([[0.1933, 0.2001, 0.0581, 0.2168, 0.3317],
        [0.2599, 0.2190, 0.0643, 0.2092, 0.2476],
        [0.1403, 0.1320, 0.0608, 0.1851, 0.4818],
        [0.1888, 0.4361, 0.0540, 0.1867, 0.1345],
        [0.2120, 0.2184, 0.0550, 0.2592, 0.2554],
        [0.1907, 0.2316, 0.0553, 0.1926, 0.3298]], device='cuda:0',
       grad_fn=<SoftmaxBackward0>)
2024-11-17 04:54:58,206 -         train_search: [    INFO] - Train: 45 [   0/390]  Loss: 0.2536 (0.254)  Acc@1: 95.3125 (95.3125)  Acc@5: 100.0000 (100.0000)LR: 1.587e-03
2024-11-17 04:55:10,405 -         train_search: [    INFO] - Train: 45 [  50/390]  Loss: 0.4675 (0.334)  Acc@1: 82.8125 (88.2659)  Acc@5: 100.0000 (99.6324)LR: 1.587e-03
2024-11-17 04:55:22,737 -         train_search: [    INFO] - Train: 45 [ 100/390]  Loss: 0.3392 (0.346)  Acc@1: 89.0625 (87.7630)  Acc@5: 100.0000 (99.4585)LR: 1.587e-03
2024-11-17 04:55:35,695 -         train_search: [    INFO] - Train: 45 [ 150/390]  Loss: 0.1996 (0.348)  Acc@1: 90.6250 (87.6656)  Acc@5: 100.0000 (99.5654)LR: 1.587e-03
2024-11-17 04:55:48,815 -         train_search: [    INFO] - Train: 45 [ 200/390]  Loss: 0.3891 (0.353)  Acc@1: 82.8125 (87.6011)  Acc@5: 100.0000 (99.5880)LR: 1.587e-03
2024-11-17 04:56:01,272 -         train_search: [    INFO] - Train: 45 [ 250/390]  Loss: 0.2750 (0.354)  Acc@1: 90.6250 (87.6307)  Acc@5: 100.0000 (99.6016)LR: 1.587e-03
2024-11-17 04:56:13,739 -         train_search: [    INFO] - Train: 45 [ 300/390]  Loss: 0.3793 (0.354)  Acc@1: 87.5000 (87.6350)  Acc@5: 100.0000 (99.6107)LR: 1.587e-03
2024-11-17 04:56:25,979 -         train_search: [    INFO] - Train: 45 [ 350/390]  Loss: 0.2518 (0.353)  Acc@1: 90.6250 (87.6736)  Acc@5: 100.0000 (99.6172)LR: 1.587e-03
2024-11-17 04:56:35,667 -         train_search: [    INFO] - Train: 45 [ 390/390]  Loss: 0.4526 (0.351)  Acc@1: 85.0000 (87.7680)  Acc@5: 100.0000 (99.6320)LR: 1.587e-03
2024-11-17 04:56:35,756 -         train_search: [    INFO] - train_acc 87.768000
2024-11-17 04:56:36,204 -         train_search: [    INFO] - Valid: 45 [   0/390]  Loss: 0.7248 (0.725)  Acc@1: 75.0000 (75.0000)  Acc@5: 96.8750 (96.8750)
2024-11-17 04:56:38,457 -         train_search: [    INFO] - Valid: 45 [  50/390]  Loss: 0.3331 (0.495)  Acc@1: 84.3750 (83.4252)  Acc@5: 100.0000 (99.0196)
2024-11-17 04:56:40,848 -         train_search: [    INFO] - Valid: 45 [ 100/390]  Loss: 0.7227 (0.486)  Acc@1: 79.6875 (83.5396)  Acc@5: 96.8750 (99.0254)
2024-11-17 04:56:43,183 -         train_search: [    INFO] - Valid: 45 [ 150/390]  Loss: 0.4205 (0.501)  Acc@1: 84.3750 (83.1954)  Acc@5: 100.0000 (99.1411)
2024-11-17 04:56:45,471 -         train_search: [    INFO] - Valid: 45 [ 200/390]  Loss: 0.2309 (0.497)  Acc@1: 90.6250 (83.3800)  Acc@5: 100.0000 (99.1604)
2024-11-17 04:56:47,694 -         train_search: [    INFO] - Valid: 45 [ 250/390]  Loss: 0.4886 (0.501)  Acc@1: 82.8125 (83.2483)  Acc@5: 98.4375 (99.0974)
2024-11-17 04:56:49,900 -         train_search: [    INFO] - Valid: 45 [ 300/390]  Loss: 0.4513 (0.501)  Acc@1: 85.9375 (83.2278)  Acc@5: 100.0000 (99.1539)
2024-11-17 04:56:52,133 -         train_search: [    INFO] - Valid: 45 [ 350/390]  Loss: 0.3488 (0.504)  Acc@1: 90.6250 (83.1108)  Acc@5: 100.0000 (99.1275)
2024-11-17 04:56:53,939 -         train_search: [    INFO] - Valid: 45 [ 390/390]  Loss: 0.4986 (0.502)  Acc@1: 82.5000 (83.1560)  Acc@5: 97.5000 (99.1280)
2024-11-17 04:56:53,972 -         train_search: [    INFO] - valid_acc 83.156000
2024-11-17 04:56:53,973 -         train_search: [    INFO] - epoch = 45   
 genotype = |nor_conv_3x3~0|+|nor_conv_3x3~0|nor_conv_3x3~1|+|skip_connect~0|nor_conv_1x1~1|nor_conv_3x3~2|
2024-11-17 04:56:53,975 -         train_search: [    INFO] - alphas_normal = 
 tensor([[0.1908, 0.2019, 0.0584, 0.2189, 0.3300],
        [0.2582, 0.2212, 0.0646, 0.2100, 0.2459],
        [0.1410, 0.1327, 0.0611, 0.1873, 0.4779],
        [0.1853, 0.4421, 0.0539, 0.1871, 0.1315],
        [0.2115, 0.2220, 0.0553, 0.2613, 0.2500],
        [0.1928, 0.2347, 0.0555, 0.1898, 0.3272]], device='cuda:0',
       grad_fn=<SoftmaxBackward0>)
2024-11-17 04:56:54,606 -         train_search: [    INFO] - Train: 46 [   0/390]  Loss: 0.5345 (0.534)  Acc@1: 81.2500 (81.2500)  Acc@5: 100.0000 (100.0000)LR: 1.377e-03
2024-11-17 04:57:06,897 -         train_search: [    INFO] - Train: 46 [  50/390]  Loss: 0.3478 (0.329)  Acc@1: 89.0625 (88.7561)  Acc@5: 100.0000 (99.8468)LR: 1.377e-03
2024-11-17 04:57:19,038 -         train_search: [    INFO] - Train: 46 [ 100/390]  Loss: 0.3531 (0.329)  Acc@1: 89.0625 (88.4127)  Acc@5: 100.0000 (99.7679)LR: 1.377e-03
2024-11-17 04:57:31,998 -         train_search: [    INFO] - Train: 46 [ 150/390]  Loss: 0.2456 (0.334)  Acc@1: 92.1875 (88.4106)  Acc@5: 100.0000 (99.7206)LR: 1.377e-03
2024-11-17 04:57:44,890 -         train_search: [    INFO] - Train: 46 [ 200/390]  Loss: 0.3345 (0.340)  Acc@1: 87.5000 (88.3629)  Acc@5: 100.0000 (99.6813)LR: 1.377e-03
2024-11-17 04:57:57,505 -         train_search: [    INFO] - Train: 46 [ 250/390]  Loss: 0.5142 (0.341)  Acc@1: 82.8125 (88.2595)  Acc@5: 100.0000 (99.7136)LR: 1.377e-03
2024-11-17 04:58:09,968 -         train_search: [    INFO] - Train: 46 [ 300/390]  Loss: 0.2207 (0.338)  Acc@1: 95.3125 (88.3773)  Acc@5: 98.4375 (99.7145)LR: 1.377e-03
2024-11-17 04:58:22,733 -         train_search: [    INFO] - Train: 46 [ 350/390]  Loss: 0.3460 (0.344)  Acc@1: 92.1875 (88.1499)  Acc@5: 98.4375 (99.6928)LR: 1.377e-03
2024-11-17 04:58:33,053 -         train_search: [    INFO] - Train: 46 [ 390/390]  Loss: 0.4892 (0.345)  Acc@1: 80.0000 (88.0040)  Acc@5: 100.0000 (99.6800)LR: 1.377e-03
2024-11-17 04:58:33,120 -         train_search: [    INFO] - train_acc 88.004000
2024-11-17 04:58:33,372 -         train_search: [    INFO] - Valid: 46 [   0/390]  Loss: 0.5028 (0.503)  Acc@1: 84.3750 (84.3750)  Acc@5: 100.0000 (100.0000)
2024-11-17 04:58:35,668 -         train_search: [    INFO] - Valid: 46 [  50/390]  Loss: 0.3058 (0.499)  Acc@1: 85.9375 (82.6593)  Acc@5: 100.0000 (99.1422)
2024-11-17 04:58:38,024 -         train_search: [    INFO] - Valid: 46 [ 100/390]  Loss: 0.4417 (0.503)  Acc@1: 85.9375 (82.4722)  Acc@5: 98.4375 (99.1646)
2024-11-17 04:58:40,393 -         train_search: [    INFO] - Valid: 46 [ 150/390]  Loss: 0.4530 (0.494)  Acc@1: 81.2500 (82.7711)  Acc@5: 96.8750 (99.1722)
2024-11-17 04:58:42,787 -         train_search: [    INFO] - Valid: 46 [ 200/390]  Loss: 0.4484 (0.493)  Acc@1: 84.3750 (82.9602)  Acc@5: 100.0000 (99.1838)
2024-11-17 04:58:45,170 -         train_search: [    INFO] - Valid: 46 [ 250/390]  Loss: 0.3799 (0.498)  Acc@1: 82.8125 (82.8685)  Acc@5: 100.0000 (99.1285)
2024-11-17 04:58:47,539 -         train_search: [    INFO] - Valid: 46 [ 300/390]  Loss: 0.5342 (0.501)  Acc@1: 85.9375 (82.7554)  Acc@5: 100.0000 (99.1435)
2024-11-17 04:58:49,959 -         train_search: [    INFO] - Valid: 46 [ 350/390]  Loss: 0.6754 (0.500)  Acc@1: 78.1250 (82.7858)  Acc@5: 98.4375 (99.1676)
2024-11-17 04:58:51,846 -         train_search: [    INFO] - Valid: 46 [ 390/390]  Loss: 0.4838 (0.503)  Acc@1: 82.5000 (82.7280)  Acc@5: 100.0000 (99.1480)
2024-11-17 04:58:51,873 -         train_search: [    INFO] - valid_acc 82.728000
2024-11-17 04:58:51,874 -         train_search: [    INFO] - epoch = 46   
 genotype = |nor_conv_3x3~0|+|nor_conv_3x3~0|nor_conv_3x3~1|+|skip_connect~0|nor_conv_1x1~1|nor_conv_3x3~2|
2024-11-17 04:58:51,876 -         train_search: [    INFO] - alphas_normal = 
 tensor([[0.1892, 0.2028, 0.0582, 0.2215, 0.3283],
        [0.2569, 0.2201, 0.0640, 0.2116, 0.2474],
        [0.1410, 0.1325, 0.0607, 0.1872, 0.4786],
        [0.1833, 0.4488, 0.0531, 0.1862, 0.1286],
        [0.2116, 0.2252, 0.0549, 0.2616, 0.2468],
        [0.1938, 0.2377, 0.0555, 0.1882, 0.3247]], device='cuda:0',
       grad_fn=<SoftmaxBackward0>)
2024-11-17 04:58:52,733 -         train_search: [    INFO] - Train: 47 [   0/390]  Loss: 0.1217 (0.122)  Acc@1: 98.4375 (98.4375)  Acc@5: 100.0000 (100.0000)LR: 1.213e-03
2024-11-17 04:59:05,354 -         train_search: [    INFO] - Train: 47 [  50/390]  Loss: 0.2843 (0.328)  Acc@1: 89.0625 (88.8480)  Acc@5: 100.0000 (99.7549)LR: 1.213e-03
2024-11-17 04:59:18,040 -         train_search: [    INFO] - Train: 47 [ 100/390]  Loss: 0.5846 (0.338)  Acc@1: 81.2500 (88.7067)  Acc@5: 96.8750 (99.7061)LR: 1.213e-03
2024-11-17 04:59:30,467 -         train_search: [    INFO] - Train: 47 [ 150/390]  Loss: 0.3724 (0.336)  Acc@1: 84.3750 (88.6279)  Acc@5: 100.0000 (99.6689)LR: 1.213e-03
2024-11-17 04:59:42,610 -         train_search: [    INFO] - Train: 47 [ 200/390]  Loss: 0.4128 (0.335)  Acc@1: 85.9375 (88.5494)  Acc@5: 100.0000 (99.6502)LR: 1.213e-03
2024-11-17 04:59:54,950 -         train_search: [    INFO] - Train: 47 [ 250/390]  Loss: 0.2678 (0.335)  Acc@1: 92.1875 (88.6579)  Acc@5: 100.0000 (99.6638)LR: 1.213e-03
2024-11-17 05:00:07,481 -         train_search: [    INFO] - Train: 47 [ 300/390]  Loss: 0.2637 (0.334)  Acc@1: 93.7500 (88.6213)  Acc@5: 100.0000 (99.6470)LR: 1.213e-03
2024-11-17 05:00:19,689 -         train_search: [    INFO] - Train: 47 [ 350/390]  Loss: 0.2293 (0.332)  Acc@1: 92.1875 (88.7553)  Acc@5: 100.0000 (99.6528)LR: 1.213e-03
2024-11-17 05:00:30,060 -         train_search: [    INFO] - Train: 47 [ 390/390]  Loss: 0.3086 (0.334)  Acc@1: 92.5000 (88.6200)  Acc@5: 100.0000 (99.6600)LR: 1.213e-03
2024-11-17 05:00:30,147 -         train_search: [    INFO] - train_acc 88.620000
2024-11-17 05:00:30,607 -         train_search: [    INFO] - Valid: 47 [   0/390]  Loss: 0.4799 (0.480)  Acc@1: 84.3750 (84.3750)  Acc@5: 98.4375 (98.4375)
2024-11-17 05:00:33,018 -         train_search: [    INFO] - Valid: 47 [  50/390]  Loss: 0.5931 (0.529)  Acc@1: 81.2500 (82.2304)  Acc@5: 98.4375 (98.9890)
2024-11-17 05:00:35,328 -         train_search: [    INFO] - Valid: 47 [ 100/390]  Loss: 0.4489 (0.527)  Acc@1: 84.3750 (82.6114)  Acc@5: 98.4375 (98.8707)
2024-11-17 05:00:37,691 -         train_search: [    INFO] - Valid: 47 [ 150/390]  Loss: 0.4214 (0.514)  Acc@1: 90.6250 (82.8435)  Acc@5: 98.4375 (98.9756)
2024-11-17 05:00:39,984 -         train_search: [    INFO] - Valid: 47 [ 200/390]  Loss: 0.5076 (0.513)  Acc@1: 84.3750 (82.7814)  Acc@5: 96.8750 (99.0050)
2024-11-17 05:00:42,342 -         train_search: [    INFO] - Valid: 47 [ 250/390]  Loss: 0.4388 (0.518)  Acc@1: 87.5000 (82.4514)  Acc@5: 100.0000 (99.0227)
2024-11-17 05:00:44,698 -         train_search: [    INFO] - Valid: 47 [ 300/390]  Loss: 0.5444 (0.514)  Acc@1: 79.6875 (82.5789)  Acc@5: 96.8750 (99.0397)
2024-11-17 05:00:46,961 -         train_search: [    INFO] - Valid: 47 [ 350/390]  Loss: 0.6918 (0.513)  Acc@1: 75.0000 (82.6211)  Acc@5: 98.4375 (99.0563)
2024-11-17 05:00:48,900 -         train_search: [    INFO] - Valid: 47 [ 390/390]  Loss: 0.4696 (0.509)  Acc@1: 82.5000 (82.6960)  Acc@5: 100.0000 (99.0840)
2024-11-17 05:00:48,933 -         train_search: [    INFO] - valid_acc 82.696000
2024-11-17 05:00:48,933 -         train_search: [    INFO] - epoch = 47   
 genotype = |nor_conv_3x3~0|+|nor_conv_3x3~0|nor_conv_3x3~1|+|skip_connect~0|nor_conv_1x1~1|nor_conv_3x3~2|
2024-11-17 05:00:48,935 -         train_search: [    INFO] - alphas_normal = 
 tensor([[0.1873, 0.2055, 0.0584, 0.2231, 0.3257],
        [0.2557, 0.2234, 0.0641, 0.2105, 0.2463],
        [0.1415, 0.1339, 0.0611, 0.1880, 0.4756],
        [0.1807, 0.4568, 0.0525, 0.1859, 0.1241],
        [0.2126, 0.2287, 0.0544, 0.2639, 0.2404],
        [0.1951, 0.2399, 0.0553, 0.1851, 0.3247]], device='cuda:0',
       grad_fn=<SoftmaxBackward0>)
2024-11-17 05:00:49,588 -         train_search: [    INFO] - Train: 48 [   0/390]  Loss: 0.2244 (0.224)  Acc@1: 92.1875 (92.1875)  Acc@5: 100.0000 (100.0000)LR: 1.095e-03
2024-11-17 05:01:02,126 -         train_search: [    INFO] - Train: 48 [  50/390]  Loss: 0.3576 (0.334)  Acc@1: 90.6250 (88.6336)  Acc@5: 100.0000 (99.4792)LR: 1.095e-03
2024-11-17 05:01:14,363 -         train_search: [    INFO] - Train: 48 [ 100/390]  Loss: 0.3607 (0.322)  Acc@1: 87.5000 (88.6912)  Acc@5: 100.0000 (99.5978)LR: 1.095e-03
2024-11-17 05:01:26,971 -         train_search: [    INFO] - Train: 48 [ 150/390]  Loss: 0.3001 (0.326)  Acc@1: 92.1875 (88.6486)  Acc@5: 100.0000 (99.5861)LR: 1.095e-03
2024-11-17 05:01:39,194 -         train_search: [    INFO] - Train: 48 [ 200/390]  Loss: 0.4564 (0.332)  Acc@1: 81.2500 (88.3784)  Acc@5: 100.0000 (99.6035)LR: 1.095e-03
2024-11-17 05:01:51,238 -         train_search: [    INFO] - Train: 48 [ 250/390]  Loss: 0.3350 (0.329)  Acc@1: 85.9375 (88.4711)  Acc@5: 100.0000 (99.6576)LR: 1.095e-03
2024-11-17 05:02:03,135 -         train_search: [    INFO] - Train: 48 [ 300/390]  Loss: 0.3881 (0.332)  Acc@1: 85.9375 (88.4188)  Acc@5: 100.0000 (99.6314)LR: 1.095e-03
2024-11-17 05:02:15,240 -         train_search: [    INFO] - Train: 48 [ 350/390]  Loss: 0.3576 (0.332)  Acc@1: 85.9375 (88.4571)  Acc@5: 98.4375 (99.6483)LR: 1.095e-03
2024-11-17 05:02:25,045 -         train_search: [    INFO] - Train: 48 [ 390/390]  Loss: 0.2939 (0.333)  Acc@1: 87.5000 (88.4440)  Acc@5: 100.0000 (99.6520)LR: 1.095e-03
2024-11-17 05:02:25,114 -         train_search: [    INFO] - train_acc 88.444000
2024-11-17 05:02:25,399 -         train_search: [    INFO] - Valid: 48 [   0/390]  Loss: 0.6438 (0.644)  Acc@1: 81.2500 (81.2500)  Acc@5: 100.0000 (100.0000)
2024-11-17 05:02:27,587 -         train_search: [    INFO] - Valid: 48 [  50/390]  Loss: 0.6003 (0.520)  Acc@1: 73.4375 (82.2610)  Acc@5: 100.0000 (99.4485)
2024-11-17 05:02:29,929 -         train_search: [    INFO] - Valid: 48 [ 100/390]  Loss: 0.8575 (0.512)  Acc@1: 67.1875 (82.6887)  Acc@5: 98.4375 (99.3967)
2024-11-17 05:02:32,141 -         train_search: [    INFO] - Valid: 48 [ 150/390]  Loss: 0.7205 (0.511)  Acc@1: 76.5625 (82.6055)  Acc@5: 98.4375 (99.3377)
2024-11-17 05:02:34,328 -         train_search: [    INFO] - Valid: 48 [ 200/390]  Loss: 0.6675 (0.514)  Acc@1: 81.2500 (82.5871)  Acc@5: 98.4375 (99.3081)
2024-11-17 05:02:36,624 -         train_search: [    INFO] - Valid: 48 [ 250/390]  Loss: 0.4613 (0.513)  Acc@1: 78.1250 (82.4701)  Acc@5: 100.0000 (99.2530)
2024-11-17 05:02:39,020 -         train_search: [    INFO] - Valid: 48 [ 300/390]  Loss: 0.4027 (0.509)  Acc@1: 81.2500 (82.6360)  Acc@5: 98.4375 (99.2473)
2024-11-17 05:02:41,287 -         train_search: [    INFO] - Valid: 48 [ 350/390]  Loss: 0.6897 (0.507)  Acc@1: 73.4375 (82.7057)  Acc@5: 100.0000 (99.2566)
2024-11-17 05:02:43,136 -         train_search: [    INFO] - Valid: 48 [ 390/390]  Loss: 0.4474 (0.506)  Acc@1: 87.5000 (82.8360)  Acc@5: 100.0000 (99.2280)
2024-11-17 05:02:43,186 -         train_search: [    INFO] - valid_acc 82.836000
2024-11-17 05:02:43,187 -         train_search: [    INFO] - epoch = 48   
 genotype = |nor_conv_3x3~0|+|nor_conv_3x3~0|nor_conv_3x3~1|+|skip_connect~0|nor_conv_1x1~1|nor_conv_3x3~2|
2024-11-17 05:02:43,188 -         train_search: [    INFO] - alphas_normal = 
 tensor([[0.1854, 0.2066, 0.0588, 0.2247, 0.3245],
        [0.2551, 0.2247, 0.0643, 0.2104, 0.2455],
        [0.1424, 0.1350, 0.0612, 0.1890, 0.4724],
        [0.1771, 0.4625, 0.0524, 0.1856, 0.1223],
        [0.2118, 0.2313, 0.0543, 0.2657, 0.2369],
        [0.1982, 0.2409, 0.0552, 0.1850, 0.3207]], device='cuda:0',
       grad_fn=<SoftmaxBackward0>)
2024-11-17 05:02:43,985 -         train_search: [    INFO] - Train: 49 [   0/390]  Loss: 0.3040 (0.304)  Acc@1: 92.1875 (92.1875)  Acc@5: 100.0000 (100.0000)LR: 1.024e-03
2024-11-17 05:02:55,864 -         train_search: [    INFO] - Train: 49 [  50/390]  Loss: 0.1993 (0.333)  Acc@1: 98.4375 (88.6336)  Acc@5: 98.4375 (99.5404)LR: 1.024e-03
2024-11-17 05:03:07,622 -         train_search: [    INFO] - Train: 49 [ 100/390]  Loss: 0.3081 (0.334)  Acc@1: 89.0625 (88.5365)  Acc@5: 100.0000 (99.5359)LR: 1.024e-03
2024-11-17 05:03:19,505 -         train_search: [    INFO] - Train: 49 [ 150/390]  Loss: 0.2803 (0.332)  Acc@1: 89.0625 (88.5969)  Acc@5: 100.0000 (99.6068)LR: 1.024e-03
2024-11-17 05:03:31,931 -         train_search: [    INFO] - Train: 49 [ 200/390]  Loss: 0.2758 (0.335)  Acc@1: 85.9375 (88.4950)  Acc@5: 100.0000 (99.6424)LR: 1.024e-03
2024-11-17 05:03:43,957 -         train_search: [    INFO] - Train: 49 [ 250/390]  Loss: 0.1896 (0.335)  Acc@1: 90.6250 (88.4898)  Acc@5: 100.0000 (99.6638)LR: 1.024e-03
2024-11-17 05:03:55,711 -         train_search: [    INFO] - Train: 49 [ 300/390]  Loss: 0.3597 (0.333)  Acc@1: 85.9375 (88.5071)  Acc@5: 100.0000 (99.6574)LR: 1.024e-03
2024-11-17 05:04:07,854 -         train_search: [    INFO] - Train: 49 [ 350/390]  Loss: 0.2235 (0.330)  Acc@1: 92.1875 (88.5728)  Acc@5: 100.0000 (99.6839)LR: 1.024e-03
2024-11-17 05:04:17,511 -         train_search: [    INFO] - Train: 49 [ 390/390]  Loss: 0.2395 (0.330)  Acc@1: 90.0000 (88.5240)  Acc@5: 100.0000 (99.6840)LR: 1.024e-03
2024-11-17 05:04:17,630 -         train_search: [    INFO] - train_acc 88.524000
2024-11-17 05:04:17,950 -         train_search: [    INFO] - Valid: 49 [   0/390]  Loss: 0.4513 (0.451)  Acc@1: 82.8125 (82.8125)  Acc@5: 100.0000 (100.0000)
2024-11-17 05:04:20,353 -         train_search: [    INFO] - Valid: 49 [  50/390]  Loss: 0.5364 (0.483)  Acc@1: 81.2500 (83.6091)  Acc@5: 100.0000 (99.2953)
2024-11-17 05:04:22,722 -         train_search: [    INFO] - Valid: 49 [ 100/390]  Loss: 0.6820 (0.479)  Acc@1: 73.4375 (83.7252)  Acc@5: 100.0000 (99.3038)
2024-11-17 05:04:25,054 -         train_search: [    INFO] - Valid: 49 [ 150/390]  Loss: 0.3124 (0.489)  Acc@1: 84.3750 (83.4437)  Acc@5: 100.0000 (99.2653)
2024-11-17 05:04:27,317 -         train_search: [    INFO] - Valid: 49 [ 200/390]  Loss: 0.5933 (0.498)  Acc@1: 81.2500 (83.2090)  Acc@5: 98.4375 (99.2382)
2024-11-17 05:04:29,525 -         train_search: [    INFO] - Valid: 49 [ 250/390]  Loss: 0.4851 (0.500)  Acc@1: 85.9375 (83.0926)  Acc@5: 100.0000 (99.2094)
2024-11-17 05:04:31,838 -         train_search: [    INFO] - Valid: 49 [ 300/390]  Loss: 0.4135 (0.495)  Acc@1: 82.8125 (83.1032)  Acc@5: 100.0000 (99.2369)
2024-11-17 05:04:34,168 -         train_search: [    INFO] - Valid: 49 [ 350/390]  Loss: 0.3752 (0.494)  Acc@1: 87.5000 (83.0840)  Acc@5: 100.0000 (99.2388)
2024-11-17 05:04:36,017 -         train_search: [    INFO] - Valid: 49 [ 390/390]  Loss: 0.6020 (0.499)  Acc@1: 82.5000 (82.9560)  Acc@5: 100.0000 (99.2400)
2024-11-17 05:04:36,043 -         train_search: [    INFO] - valid_acc 82.956000
2024-11-17 05:04:36,044 -         train_search: [    INFO] - epoch = 49   
 genotype = |nor_conv_3x3~0|+|nor_conv_3x3~0|nor_conv_3x3~1|+|skip_connect~0|nor_conv_1x1~1|nor_conv_3x3~2|
2024-11-17 05:04:36,046 -         train_search: [    INFO] - alphas_normal = 
 tensor([[0.1816, 0.2067, 0.0588, 0.2289, 0.3240],
        [0.2543, 0.2273, 0.0649, 0.2100, 0.2436],
        [0.1432, 0.1372, 0.0622, 0.1890, 0.4685],
        [0.1746, 0.4700, 0.0524, 0.1830, 0.1199],
        [0.2090, 0.2342, 0.0548, 0.2673, 0.2347],
        [0.1995, 0.2415, 0.0550, 0.1830, 0.3210]], device='cuda:0',
       grad_fn=<SoftmaxBackward0>)
