2024-11-17 04:02:27,263 -         train_search: [    INFO] - Training with a single process on 1 GPUs.
2024-11-17 04:02:27,517 -     timm.data.config: [    INFO] - Data processing configuration for current model + dataset:
2024-11-17 04:02:27,518 -     timm.data.config: [    INFO] - 	input_size: (3, 32, 32)
2024-11-17 04:02:27,518 -     timm.data.config: [    INFO] - 	interpolation: bilinear
2024-11-17 04:02:27,518 -     timm.data.config: [    INFO] - 	mean: (0.49139968, 0.48215827, 0.44653124)
2024-11-17 04:02:27,518 -     timm.data.config: [    INFO] - 	std: (0.24703233, 0.24348505, 0.26158768)
2024-11-17 04:02:27,518 -     timm.data.config: [    INFO] - 	crop_pct: 1.0
2024-11-17 04:02:27,518 -     timm.data.config: [    INFO] - 	crop_mode: center
2024-11-17 04:02:27,542 -         train_search: [    INFO] - 
-------------------------------
Learnable parameters
Student: 1.72M
Extra: 0.00M
-------------------------------
2024-11-17 04:02:28,420 -         train_search: [    INFO] - Scheduled epochs: 50
2024-11-17 04:02:28,421 -         train_search: [    INFO] - p_max: 0.2
2024-11-17 04:02:28,421 -         train_search: [    INFO] - grow_mode: late
2024-11-17 04:02:28,421 -         train_search: [    INFO] - search_space = NAS
2024-11-17 04:02:30,043 -         train_search: [    INFO] - Train: 0 [   0/390]  Loss: 2.303 (2.30)  Acc@1: 12.5000 (12.5000)  Acc@5: 53.1250 (53.1250)LR: 2.500e-02
2024-11-17 04:02:42,409 -         train_search: [    INFO] - Train: 0 [  50/390]  Loss: 2.076 (2.20)  Acc@1: 25.0000 (16.7586)  Acc@5: 75.0000 (66.2990)LR: 2.500e-02
2024-11-17 04:02:54,021 -         train_search: [    INFO] - Train: 0 [ 100/390]  Loss: 1.996 (2.12)  Acc@1: 18.7500 (19.3224)  Acc@5: 81.2500 (71.6894)LR: 2.500e-02
2024-11-17 04:03:05,528 -         train_search: [    INFO] - Train: 0 [ 150/390]  Loss: 2.092 (2.08)  Acc@1: 23.4375 (20.8713)  Acc@5: 75.0000 (73.8100)LR: 2.500e-02
2024-11-17 04:03:17,531 -         train_search: [    INFO] - Train: 0 [ 200/390]  Loss: 1.880 (2.04)  Acc@1: 23.4375 (22.3570)  Acc@5: 82.8125 (75.7929)LR: 2.500e-02
2024-11-17 04:03:29,542 -         train_search: [    INFO] - Train: 0 [ 250/390]  Loss: 1.971 (2.02)  Acc@1: 23.4375 (23.4998)  Acc@5: 78.1250 (77.0045)LR: 2.500e-02
2024-11-17 04:03:41,108 -         train_search: [    INFO] - Train: 0 [ 300/390]  Loss: 1.809 (1.99)  Acc@1: 29.6875 (24.7041)  Acc@5: 84.3750 (78.0056)LR: 2.500e-02
2024-11-17 04:03:52,852 -         train_search: [    INFO] - Train: 0 [ 350/390]  Loss: 1.798 (1.97)  Acc@1: 37.5000 (25.5030)  Acc@5: 81.2500 (78.8417)LR: 2.500e-02
2024-11-17 04:04:02,476 -         train_search: [    INFO] - Train: 0 [ 390/390]  Loss: 1.792 (1.96)  Acc@1: 22.5000 (25.9600)  Acc@5: 80.0000 (79.3840)LR: 2.500e-02
2024-11-17 04:04:02,546 -         train_search: [    INFO] - train_acc 25.960000
2024-11-17 04:04:03,019 -         train_search: [    INFO] - Valid: 0 [   0/390]  Loss: 1.920 (1.92)  Acc@1: 26.5625 (26.5625)  Acc@5: 82.8125 (82.8125)
2024-11-17 04:04:05,212 -         train_search: [    INFO] - Valid: 0 [  50/390]  Loss: 1.682 (1.86)  Acc@1: 26.5625 (28.2169)  Acc@5: 87.5000 (84.4975)
2024-11-17 04:04:07,419 -         train_search: [    INFO] - Valid: 0 [ 100/390]  Loss: 1.926 (1.86)  Acc@1: 26.5625 (27.7692)  Acc@5: 78.1250 (84.2358)
2024-11-17 04:04:09,720 -         train_search: [    INFO] - Valid: 0 [ 150/390]  Loss: 1.794 (1.85)  Acc@1: 32.8125 (28.6527)  Acc@5: 81.2500 (84.3750)
2024-11-17 04:04:11,864 -         train_search: [    INFO] - Valid: 0 [ 200/390]  Loss: 1.839 (1.86)  Acc@1: 35.9375 (28.8013)  Acc@5: 85.9375 (84.1651)
2024-11-17 04:04:14,016 -         train_search: [    INFO] - Valid: 0 [ 250/390]  Loss: 1.826 (1.86)  Acc@1: 28.1250 (28.7724)  Acc@5: 78.1250 (84.2194)
2024-11-17 04:04:16,177 -         train_search: [    INFO] - Valid: 0 [ 300/390]  Loss: 1.732 (1.86)  Acc@1: 35.9375 (28.6752)  Acc@5: 90.6250 (84.1154)
2024-11-17 04:04:18,450 -         train_search: [    INFO] - Valid: 0 [ 350/390]  Loss: 1.909 (1.86)  Acc@1: 25.0000 (28.8194)  Acc@5: 81.2500 (84.0678)
2024-11-17 04:04:20,189 -         train_search: [    INFO] - Valid: 0 [ 390/390]  Loss: 1.862 (1.86)  Acc@1: 35.0000 (29.0120)  Acc@5: 85.0000 (84.0040)
2024-11-17 04:04:20,247 -         train_search: [    INFO] - valid_acc 29.012000
2024-11-17 04:04:20,248 -         train_search: [    INFO] - epoch = 0   
 genotype = |skip_connect~0|+|skip_connect~0|skip_connect~1|+|skip_connect~0|skip_connect~1|skip_connect~2|
2024-11-17 04:04:20,312 -         train_search: [    INFO] - alphas_normal = 
 tensor([[0.1986, 0.2034, 0.1980, 0.1992, 0.2008],
        [0.1963, 0.2040, 0.1988, 0.2013, 0.1996],
        [0.2020, 0.2014, 0.1971, 0.1992, 0.2003],
        [0.1955, 0.2045, 0.2005, 0.1994, 0.2001],
        [0.2021, 0.2026, 0.1987, 0.1983, 0.1984],
        [0.2007, 0.2024, 0.1990, 0.2005, 0.1973]], device='cuda:0',
       grad_fn=<SoftmaxBackward0>)
2024-11-17 04:04:21,008 -         train_search: [    INFO] - Train: 1 [   0/390]  Loss: 2.026 (2.03)  Acc@1: 26.5625 (26.5625)  Acc@5: 76.5625 (76.5625)LR: 2.498e-02
2024-11-17 04:04:32,767 -         train_search: [    INFO] - Train: 1 [  50/390]  Loss: 1.901 (1.80)  Acc@1: 25.0000 (31.8015)  Acc@5: 84.3750 (85.4473)LR: 2.498e-02
2024-11-17 04:04:44,631 -         train_search: [    INFO] - Train: 1 [ 100/390]  Loss: 1.841 (1.81)  Acc@1: 29.6875 (31.7760)  Acc@5: 82.8125 (85.0402)LR: 2.498e-02
2024-11-17 04:04:56,672 -         train_search: [    INFO] - Train: 1 [ 150/390]  Loss: 1.851 (1.79)  Acc@1: 29.6875 (32.0261)  Acc@5: 87.5000 (85.6167)LR: 2.498e-02
2024-11-17 04:05:08,418 -         train_search: [    INFO] - Train: 1 [ 200/390]  Loss: 1.799 (1.79)  Acc@1: 34.3750 (32.3694)  Acc@5: 81.2500 (85.6576)LR: 2.498e-02
2024-11-17 04:05:20,023 -         train_search: [    INFO] - Train: 1 [ 250/390]  Loss: 1.894 (1.78)  Acc@1: 25.0000 (32.7378)  Acc@5: 84.3750 (86.0247)LR: 2.498e-02
2024-11-17 04:05:31,917 -         train_search: [    INFO] - Train: 1 [ 300/390]  Loss: 1.674 (1.77)  Acc@1: 39.0625 (33.0617)  Acc@5: 90.6250 (86.1451)LR: 2.498e-02
2024-11-17 04:05:43,929 -         train_search: [    INFO] - Train: 1 [ 350/390]  Loss: 1.643 (1.77)  Acc@1: 34.3750 (33.1508)  Acc@5: 89.0625 (86.2936)LR: 2.498e-02
2024-11-17 04:05:53,595 -         train_search: [    INFO] - Train: 1 [ 390/390]  Loss: 1.633 (1.77)  Acc@1: 30.0000 (33.3800)  Acc@5: 90.0000 (86.3000)LR: 2.498e-02
2024-11-17 04:05:53,686 -         train_search: [    INFO] - train_acc 33.380000
2024-11-17 04:05:54,053 -         train_search: [    INFO] - Valid: 1 [   0/390]  Loss: 1.598 (1.60)  Acc@1: 37.5000 (37.5000)  Acc@5: 98.4375 (98.4375)
2024-11-17 04:05:56,741 -         train_search: [    INFO] - Valid: 1 [  50/390]  Loss: 1.638 (1.76)  Acc@1: 40.6250 (33.0576)  Acc@5: 89.0625 (86.8260)
2024-11-17 04:05:59,669 -         train_search: [    INFO] - Valid: 1 [ 100/390]  Loss: 1.807 (1.75)  Acc@1: 35.9375 (33.5396)  Acc@5: 82.8125 (86.8038)
2024-11-17 04:06:01,889 -         train_search: [    INFO] - Valid: 1 [ 150/390]  Loss: 1.889 (1.76)  Acc@1: 31.2500 (33.6714)  Acc@5: 89.0625 (86.5273)
2024-11-17 04:06:04,052 -         train_search: [    INFO] - Valid: 1 [ 200/390]  Loss: 1.830 (1.76)  Acc@1: 29.6875 (33.7920)  Acc@5: 89.0625 (86.6449)
2024-11-17 04:06:06,298 -         train_search: [    INFO] - Valid: 1 [ 250/390]  Loss: 1.732 (1.76)  Acc@1: 25.0000 (33.6467)  Acc@5: 89.0625 (86.7405)
2024-11-17 04:06:08,765 -         train_search: [    INFO] - Valid: 1 [ 300/390]  Loss: 1.727 (1.76)  Acc@1: 32.8125 (33.9286)  Acc@5: 85.9375 (86.6850)
2024-11-17 04:06:11,040 -         train_search: [    INFO] - Valid: 1 [ 350/390]  Loss: 1.631 (1.76)  Acc@1: 39.0625 (33.8898)  Acc@5: 92.1875 (86.7343)
2024-11-17 04:06:12,881 -         train_search: [    INFO] - Valid: 1 [ 390/390]  Loss: 1.551 (1.76)  Acc@1: 37.5000 (33.7640)  Acc@5: 97.5000 (86.7520)
2024-11-17 04:06:12,920 -         train_search: [    INFO] - valid_acc 33.764000
2024-11-17 04:06:12,921 -         train_search: [    INFO] - epoch = 1   
 genotype = |skip_connect~0|+|skip_connect~0|skip_connect~1|+|skip_connect~0|skip_connect~1|skip_connect~2|
2024-11-17 04:06:12,927 -         train_search: [    INFO] - alphas_normal = 
 tensor([[0.1953, 0.2103, 0.1973, 0.1979, 0.1992],
        [0.1908, 0.2115, 0.1992, 0.1994, 0.1990],
        [0.2054, 0.2047, 0.1935, 0.1993, 0.1970],
        [0.1877, 0.2127, 0.2024, 0.1986, 0.1986],
        [0.2059, 0.2077, 0.1974, 0.1950, 0.1940],
        [0.2047, 0.2061, 0.1962, 0.2003, 0.1928]], device='cuda:0',
       grad_fn=<SoftmaxBackward0>)
2024-11-17 04:06:13,786 -         train_search: [    INFO] - Train: 2 [   0/390]  Loss: 1.835 (1.83)  Acc@1: 29.6875 (29.6875)  Acc@5: 82.8125 (82.8125)LR: 2.491e-02
2024-11-17 04:06:25,774 -         train_search: [    INFO] - Train: 2 [  50/390]  Loss: 1.645 (1.71)  Acc@1: 39.0625 (34.5588)  Acc@5: 90.6250 (88.2659)LR: 2.491e-02
2024-11-17 04:06:37,932 -         train_search: [    INFO] - Train: 2 [ 100/390]  Loss: 1.571 (1.70)  Acc@1: 42.1875 (35.9839)  Acc@5: 90.6250 (88.0569)LR: 2.491e-02
2024-11-17 04:06:50,122 -         train_search: [    INFO] - Train: 2 [ 150/390]  Loss: 1.650 (1.70)  Acc@1: 32.8125 (36.0513)  Acc@5: 90.6250 (88.2036)LR: 2.491e-02
2024-11-17 04:07:01,925 -         train_search: [    INFO] - Train: 2 [ 200/390]  Loss: 1.686 (1.69)  Acc@1: 34.3750 (35.8364)  Acc@5: 85.9375 (88.3784)LR: 2.491e-02
2024-11-17 04:07:14,359 -         train_search: [    INFO] - Train: 2 [ 250/390]  Loss: 1.528 (1.69)  Acc@1: 34.3750 (35.8939)  Acc@5: 92.1875 (88.2532)LR: 2.491e-02
2024-11-17 04:07:26,063 -         train_search: [    INFO] - Train: 2 [ 300/390]  Loss: 1.734 (1.69)  Acc@1: 46.8750 (36.3216)  Acc@5: 87.5000 (88.2112)LR: 2.491e-02
2024-11-17 04:07:38,247 -         train_search: [    INFO] - Train: 2 [ 350/390]  Loss: 1.672 (1.69)  Acc@1: 31.2500 (36.3203)  Acc@5: 87.5000 (88.3547)LR: 2.491e-02
2024-11-17 04:07:47,877 -         train_search: [    INFO] - Train: 2 [ 390/390]  Loss: 1.625 (1.68)  Acc@1: 32.5000 (36.5520)  Acc@5: 87.5000 (88.4480)LR: 2.491e-02
2024-11-17 04:07:47,991 -         train_search: [    INFO] - train_acc 36.552000
2024-11-17 04:07:48,343 -         train_search: [    INFO] - Valid: 2 [   0/390]  Loss: 1.590 (1.59)  Acc@1: 45.3125 (45.3125)  Acc@5: 90.6250 (90.6250)
2024-11-17 04:07:50,598 -         train_search: [    INFO] - Valid: 2 [  50/390]  Loss: 1.570 (1.60)  Acc@1: 39.0625 (39.6140)  Acc@5: 93.7500 (90.7475)
2024-11-17 04:07:52,785 -         train_search: [    INFO] - Valid: 2 [ 100/390]  Loss: 1.585 (1.60)  Acc@1: 40.6250 (39.7587)  Acc@5: 90.6250 (90.5476)
2024-11-17 04:07:54,968 -         train_search: [    INFO] - Valid: 2 [ 150/390]  Loss: 1.682 (1.61)  Acc@1: 34.3750 (39.1142)  Acc@5: 89.0625 (90.0559)
2024-11-17 04:07:57,187 -         train_search: [    INFO] - Valid: 2 [ 200/390]  Loss: 1.692 (1.61)  Acc@1: 34.3750 (38.8915)  Acc@5: 87.5000 (89.9254)
2024-11-17 04:07:59,435 -         train_search: [    INFO] - Valid: 2 [ 250/390]  Loss: 1.716 (1.61)  Acc@1: 31.2500 (38.8446)  Acc@5: 89.0625 (89.7597)
2024-11-17 04:08:01,615 -         train_search: [    INFO] - Valid: 2 [ 300/390]  Loss: 1.557 (1.61)  Acc@1: 42.1875 (38.9068)  Acc@5: 89.0625 (89.7114)
2024-11-17 04:08:03,798 -         train_search: [    INFO] - Valid: 2 [ 350/390]  Loss: 1.621 (1.61)  Acc@1: 37.5000 (38.8889)  Acc@5: 92.1875 (89.6857)
2024-11-17 04:08:05,523 -         train_search: [    INFO] - Valid: 2 [ 390/390]  Loss: 1.973 (1.61)  Acc@1: 25.0000 (38.8040)  Acc@5: 75.0000 (89.7000)
2024-11-17 04:08:05,561 -         train_search: [    INFO] - valid_acc 38.804000
2024-11-17 04:08:05,562 -         train_search: [    INFO] - epoch = 2   
 genotype = |skip_connect~0|+|skip_connect~0|skip_connect~1|+|skip_connect~0|skip_connect~1|skip_connect~2|
2024-11-17 04:08:05,564 -         train_search: [    INFO] - alphas_normal = 
 tensor([[0.1929, 0.2138, 0.1924, 0.1988, 0.2020],
        [0.1881, 0.2162, 0.1953, 0.2014, 0.1991],
        [0.2075, 0.2072, 0.1887, 0.1971, 0.1995],
        [0.1828, 0.2185, 0.2001, 0.1988, 0.1998],
        [0.2062, 0.2112, 0.1946, 0.1946, 0.1934],
        [0.2093, 0.2089, 0.1916, 0.1990, 0.1912]], device='cuda:0',
       grad_fn=<SoftmaxBackward0>)
2024-11-17 04:08:06,474 -         train_search: [    INFO] - Train: 3 [   0/390]  Loss: 1.670 (1.67)  Acc@1: 39.0625 (39.0625)  Acc@5: 84.3750 (84.3750)LR: 2.479e-02
2024-11-17 04:08:18,551 -         train_search: [    INFO] - Train: 3 [  50/390]  Loss: 1.868 (1.63)  Acc@1: 31.2500 (39.6752)  Acc@5: 85.9375 (89.5527)LR: 2.479e-02
2024-11-17 04:08:30,811 -         train_search: [    INFO] - Train: 3 [ 100/390]  Loss: 1.615 (1.64)  Acc@1: 43.7500 (39.5421)  Acc@5: 89.0625 (88.9078)LR: 2.479e-02
2024-11-17 04:08:43,015 -         train_search: [    INFO] - Train: 3 [ 150/390]  Loss: 1.808 (1.62)  Acc@1: 37.5000 (39.7144)  Acc@5: 87.5000 (89.2074)LR: 2.479e-02
2024-11-17 04:08:54,888 -         train_search: [    INFO] - Train: 3 [ 200/390]  Loss: 1.471 (1.61)  Acc@1: 42.1875 (40.2674)  Acc@5: 93.7500 (89.3812)LR: 2.479e-02
2024-11-17 04:09:06,538 -         train_search: [    INFO] - Train: 3 [ 250/390]  Loss: 1.707 (1.61)  Acc@1: 34.3750 (40.0087)  Acc@5: 84.3750 (89.3302)LR: 2.479e-02
2024-11-17 04:09:18,946 -         train_search: [    INFO] - Train: 3 [ 300/390]  Loss: 1.549 (1.60)  Acc@1: 39.0625 (40.1370)  Acc@5: 92.1875 (89.5505)LR: 2.479e-02
2024-11-17 04:09:31,362 -         train_search: [    INFO] - Train: 3 [ 350/390]  Loss: 1.546 (1.59)  Acc@1: 34.3750 (40.3312)  Acc@5: 95.3125 (89.8682)LR: 2.479e-02
2024-11-17 04:09:41,080 -         train_search: [    INFO] - Train: 3 [ 390/390]  Loss: 1.698 (1.59)  Acc@1: 42.5000 (40.4920)  Acc@5: 85.0000 (89.9960)LR: 2.479e-02
2024-11-17 04:09:41,195 -         train_search: [    INFO] - train_acc 40.492000
2024-11-17 04:09:41,501 -         train_search: [    INFO] - Valid: 3 [   0/390]  Loss: 1.220 (1.22)  Acc@1: 56.2500 (56.2500)  Acc@5: 92.1875 (92.1875)
2024-11-17 04:09:43,677 -         train_search: [    INFO] - Valid: 3 [  50/390]  Loss: 1.279 (1.49)  Acc@1: 54.6875 (45.9559)  Acc@5: 95.3125 (90.6556)
2024-11-17 04:09:45,853 -         train_search: [    INFO] - Valid: 3 [ 100/390]  Loss: 1.330 (1.51)  Acc@1: 51.5625 (44.1368)  Acc@5: 93.7500 (90.8106)
2024-11-17 04:09:48,037 -         train_search: [    INFO] - Valid: 3 [ 150/390]  Loss: 1.666 (1.52)  Acc@1: 39.0625 (43.5224)  Acc@5: 96.8750 (90.9251)
2024-11-17 04:09:50,197 -         train_search: [    INFO] - Valid: 3 [ 200/390]  Loss: 1.338 (1.52)  Acc@1: 50.0000 (43.3458)  Acc@5: 96.8750 (90.9437)
2024-11-17 04:09:52,377 -         train_search: [    INFO] - Valid: 3 [ 250/390]  Loss: 1.527 (1.52)  Acc@1: 46.8750 (43.4014)  Acc@5: 92.1875 (91.1106)
2024-11-17 04:09:54,555 -         train_search: [    INFO] - Valid: 3 [ 300/390]  Loss: 1.306 (1.52)  Acc@1: 57.8125 (43.3659)  Acc@5: 95.3125 (91.1233)
2024-11-17 04:09:56,722 -         train_search: [    INFO] - Valid: 3 [ 350/390]  Loss: 1.420 (1.52)  Acc@1: 45.3125 (43.4918)  Acc@5: 95.3125 (91.1903)
2024-11-17 04:09:58,455 -         train_search: [    INFO] - Valid: 3 [ 390/390]  Loss: 1.668 (1.52)  Acc@1: 37.5000 (43.3720)  Acc@5: 85.0000 (91.2080)
2024-11-17 04:09:58,493 -         train_search: [    INFO] - valid_acc 43.372000
2024-11-17 04:09:58,495 -         train_search: [    INFO] - epoch = 3   
 genotype = |skip_connect~0|+|skip_connect~0|skip_connect~1|+|skip_connect~0|skip_connect~1|skip_connect~2|
2024-11-17 04:09:58,499 -         train_search: [    INFO] - alphas_normal = 
 tensor([[0.1907, 0.2181, 0.1874, 0.2009, 0.2030],
        [0.1854, 0.2218, 0.1908, 0.2004, 0.2017],
        [0.2092, 0.2091, 0.1830, 0.1960, 0.2027],
        [0.1774, 0.2260, 0.1975, 0.1999, 0.1992],
        [0.2087, 0.2157, 0.1905, 0.1913, 0.1938],
        [0.2124, 0.2125, 0.1871, 0.1974, 0.1906]], device='cuda:0',
       grad_fn=<SoftmaxBackward0>)
2024-11-17 04:09:59,217 -         train_search: [    INFO] - Train: 4 [   0/390]  Loss: 1.554 (1.55)  Acc@1: 45.3125 (45.3125)  Acc@5: 92.1875 (92.1875)LR: 2.462e-02
2024-11-17 04:10:11,460 -         train_search: [    INFO] - Train: 4 [  50/390]  Loss: 1.366 (1.51)  Acc@1: 50.0000 (44.3627)  Acc@5: 90.6250 (91.4522)LR: 2.462e-02
2024-11-17 04:10:23,400 -         train_search: [    INFO] - Train: 4 [ 100/390]  Loss: 1.650 (1.50)  Acc@1: 35.9375 (44.3688)  Acc@5: 82.8125 (91.4295)LR: 2.462e-02
2024-11-17 04:10:35,185 -         train_search: [    INFO] - Train: 4 [ 150/390]  Loss: 1.569 (1.49)  Acc@1: 40.6250 (44.9089)  Acc@5: 87.5000 (91.6908)LR: 2.462e-02
2024-11-17 04:10:47,166 -         train_search: [    INFO] - Train: 4 [ 200/390]  Loss: 1.403 (1.49)  Acc@1: 46.8750 (44.8927)  Acc@5: 95.3125 (91.7755)LR: 2.462e-02
2024-11-17 04:10:59,191 -         train_search: [    INFO] - Train: 4 [ 250/390]  Loss: 1.635 (1.49)  Acc@1: 40.6250 (44.9514)  Acc@5: 92.1875 (91.6957)LR: 2.462e-02
2024-11-17 04:11:11,518 -         train_search: [    INFO] - Train: 4 [ 300/390]  Loss: 1.542 (1.48)  Acc@1: 46.8750 (45.2814)  Acc@5: 87.5000 (91.8241)LR: 2.462e-02
2024-11-17 04:11:23,628 -         train_search: [    INFO] - Train: 4 [ 350/390]  Loss: 1.377 (1.48)  Acc@1: 51.5625 (45.4772)  Acc@5: 89.0625 (91.8403)LR: 2.462e-02
2024-11-17 04:11:33,166 -         train_search: [    INFO] - Train: 4 [ 390/390]  Loss: 1.230 (1.47)  Acc@1: 52.5000 (45.5000)  Acc@5: 97.5000 (91.9000)LR: 2.462e-02
2024-11-17 04:11:33,270 -         train_search: [    INFO] - train_acc 45.500000
2024-11-17 04:11:33,655 -         train_search: [    INFO] - Valid: 4 [   0/390]  Loss: 1.494 (1.49)  Acc@1: 46.8750 (46.8750)  Acc@5: 90.6250 (90.6250)
2024-11-17 04:11:35,998 -         train_search: [    INFO] - Valid: 4 [  50/390]  Loss: 1.320 (1.42)  Acc@1: 50.0000 (47.7328)  Acc@5: 90.6250 (92.5858)
2024-11-17 04:11:38,270 -         train_search: [    INFO] - Valid: 4 [ 100/390]  Loss: 1.429 (1.41)  Acc@1: 56.2500 (47.9425)  Acc@5: 98.4375 (92.8373)
2024-11-17 04:11:40,461 -         train_search: [    INFO] - Valid: 4 [ 150/390]  Loss: 1.724 (1.42)  Acc@1: 35.9375 (47.5269)  Acc@5: 89.0625 (92.8084)
2024-11-17 04:11:42,627 -         train_search: [    INFO] - Valid: 4 [ 200/390]  Loss: 1.351 (1.42)  Acc@1: 45.3125 (47.3881)  Acc@5: 96.8750 (92.7006)
2024-11-17 04:11:44,790 -         train_search: [    INFO] - Valid: 4 [ 250/390]  Loss: 1.472 (1.42)  Acc@1: 42.1875 (47.4104)  Acc@5: 93.7500 (92.7353)
2024-11-17 04:11:47,021 -         train_search: [    INFO] - Valid: 4 [ 300/390]  Loss: 1.517 (1.42)  Acc@1: 53.1250 (47.4824)  Acc@5: 89.0625 (92.7118)
2024-11-17 04:11:49,232 -         train_search: [    INFO] - Valid: 4 [ 350/390]  Loss: 1.449 (1.42)  Acc@1: 45.3125 (47.3246)  Acc@5: 95.3125 (92.6861)
2024-11-17 04:11:50,990 -         train_search: [    INFO] - Valid: 4 [ 390/390]  Loss: 1.780 (1.42)  Acc@1: 42.5000 (47.4600)  Acc@5: 80.0000 (92.6960)
2024-11-17 04:11:51,024 -         train_search: [    INFO] - valid_acc 47.460000
2024-11-17 04:11:51,025 -         train_search: [    INFO] - epoch = 4   
 genotype = |skip_connect~0|+|skip_connect~0|skip_connect~1|+|skip_connect~0|skip_connect~1|skip_connect~2|
2024-11-17 04:11:51,027 -         train_search: [    INFO] - alphas_normal = 
 tensor([[0.1875, 0.2260, 0.1828, 0.1987, 0.2050],
        [0.1808, 0.2309, 0.1870, 0.1981, 0.2032],
        [0.2123, 0.2114, 0.1757, 0.1973, 0.2034],
        [0.1696, 0.2381, 0.1955, 0.1969, 0.1999],
        [0.2137, 0.2226, 0.1854, 0.1883, 0.1900],
        [0.2161, 0.2176, 0.1815, 0.1938, 0.1910]], device='cuda:0',
       grad_fn=<SoftmaxBackward0>)
2024-11-17 04:11:51,845 -         train_search: [    INFO] - Train: 5 [   0/390]  Loss: 1.464 (1.46)  Acc@1: 45.3125 (45.3125)  Acc@5: 92.1875 (92.1875)LR: 2.441e-02
2024-11-17 04:12:04,370 -         train_search: [    INFO] - Train: 5 [  50/390]  Loss: 1.490 (1.43)  Acc@1: 50.0000 (47.9473)  Acc@5: 92.1875 (92.6471)LR: 2.441e-02
2024-11-17 04:12:16,773 -         train_search: [    INFO] - Train: 5 [ 100/390]  Loss: 1.377 (1.42)  Acc@1: 46.8750 (48.8397)  Acc@5: 93.7500 (92.3731)LR: 2.441e-02
2024-11-17 04:12:29,770 -         train_search: [    INFO] - Train: 5 [ 150/390]  Loss: 1.254 (1.41)  Acc@1: 51.5625 (48.9445)  Acc@5: 96.8750 (92.4462)LR: 2.441e-02
2024-11-17 04:12:42,409 -         train_search: [    INFO] - Train: 5 [ 200/390]  Loss: 1.073 (1.40)  Acc@1: 57.8125 (49.2848)  Acc@5: 96.8750 (92.6695)LR: 2.441e-02
2024-11-17 04:12:55,814 -         train_search: [    INFO] - Train: 5 [ 250/390]  Loss: 1.536 (1.39)  Acc@1: 53.1250 (49.2903)  Acc@5: 84.3750 (92.5921)LR: 2.441e-02
2024-11-17 04:13:08,529 -         train_search: [    INFO] - Train: 5 [ 300/390]  Loss: 1.418 (1.38)  Acc@1: 45.3125 (49.5380)  Acc@5: 95.3125 (92.7949)LR: 2.441e-02
2024-11-17 04:13:20,877 -         train_search: [    INFO] - Train: 5 [ 350/390]  Loss: 1.266 (1.38)  Acc@1: 57.8125 (49.7106)  Acc@5: 90.6250 (92.8330)LR: 2.441e-02
2024-11-17 04:13:30,579 -         train_search: [    INFO] - Train: 5 [ 390/390]  Loss: 1.331 (1.38)  Acc@1: 47.5000 (49.9440)  Acc@5: 95.0000 (92.9920)LR: 2.441e-02
2024-11-17 04:13:30,697 -         train_search: [    INFO] - train_acc 49.944000
2024-11-17 04:13:31,029 -         train_search: [    INFO] - Valid: 5 [   0/390]  Loss: 1.328 (1.33)  Acc@1: 48.4375 (48.4375)  Acc@5: 98.4375 (98.4375)
2024-11-17 04:13:33,344 -         train_search: [    INFO] - Valid: 5 [  50/390]  Loss: 1.406 (1.32)  Acc@1: 43.7500 (52.0833)  Acc@5: 95.3125 (93.3824)
2024-11-17 04:13:35,531 -         train_search: [    INFO] - Valid: 5 [ 100/390]  Loss: 1.196 (1.29)  Acc@1: 57.8125 (53.1559)  Acc@5: 90.6250 (93.8583)
2024-11-17 04:13:37,737 -         train_search: [    INFO] - Valid: 5 [ 150/390]  Loss: 1.297 (1.30)  Acc@1: 56.2500 (52.8663)  Acc@5: 93.7500 (93.8224)
2024-11-17 04:13:39,930 -         train_search: [    INFO] - Valid: 5 [ 200/390]  Loss: 1.292 (1.28)  Acc@1: 51.5625 (53.5215)  Acc@5: 93.7500 (93.9443)
2024-11-17 04:13:42,130 -         train_search: [    INFO] - Valid: 5 [ 250/390]  Loss: 1.338 (1.28)  Acc@1: 59.3750 (53.7973)  Acc@5: 95.3125 (93.8994)
2024-11-17 04:13:44,400 -         train_search: [    INFO] - Valid: 5 [ 300/390]  Loss: 1.346 (1.28)  Acc@1: 54.6875 (53.7687)  Acc@5: 96.8750 (93.8902)
2024-11-17 04:13:46,582 -         train_search: [    INFO] - Valid: 5 [ 350/390]  Loss: 1.295 (1.28)  Acc@1: 50.0000 (53.5702)  Acc@5: 93.7500 (94.0037)
2024-11-17 04:13:48,317 -         train_search: [    INFO] - Valid: 5 [ 390/390]  Loss: 1.199 (1.28)  Acc@1: 47.5000 (53.5920)  Acc@5: 97.5000 (93.9960)
2024-11-17 04:13:48,353 -         train_search: [    INFO] - valid_acc 53.592000
2024-11-17 04:13:48,354 -         train_search: [    INFO] - epoch = 5   
 genotype = |skip_connect~0|+|skip_connect~0|skip_connect~1|+|skip_connect~0|skip_connect~1|skip_connect~2|
2024-11-17 04:13:48,356 -         train_search: [    INFO] - alphas_normal = 
 tensor([[0.1855, 0.2294, 0.1762, 0.2003, 0.2086],
        [0.1773, 0.2354, 0.1810, 0.2001, 0.2063],
        [0.2172, 0.2137, 0.1690, 0.1960, 0.2042],
        [0.1648, 0.2465, 0.1903, 0.1959, 0.2024],
        [0.2150, 0.2271, 0.1793, 0.1886, 0.1899],
        [0.2220, 0.2197, 0.1737, 0.1939, 0.1907]], device='cuda:0',
       grad_fn=<SoftmaxBackward0>)
2024-11-17 04:13:49,191 -         train_search: [    INFO] - Train: 6 [   0/390]  Loss: 1.246 (1.25)  Acc@1: 53.1250 (53.1250)  Acc@5: 92.1875 (92.1875)LR: 2.416e-02
2024-11-17 04:14:00,971 -         train_search: [    INFO] - Train: 6 [  50/390]  Loss: 1.001 (1.29)  Acc@1: 60.9375 (53.9522)  Acc@5: 96.8750 (93.8419)LR: 2.416e-02
2024-11-17 04:14:13,324 -         train_search: [    INFO] - Train: 6 [ 100/390]  Loss: 1.208 (1.30)  Acc@1: 53.1250 (52.9703)  Acc@5: 95.3125 (93.8892)LR: 2.416e-02
2024-11-17 04:14:25,245 -         train_search: [    INFO] - Train: 6 [ 150/390]  Loss: 1.204 (1.30)  Acc@1: 56.2500 (53.2285)  Acc@5: 95.3125 (93.9363)LR: 2.416e-02
2024-11-17 04:14:37,418 -         train_search: [    INFO] - Train: 6 [ 200/390]  Loss: 1.228 (1.28)  Acc@1: 50.0000 (53.3349)  Acc@5: 92.1875 (94.0843)LR: 2.416e-02
2024-11-17 04:14:49,269 -         train_search: [    INFO] - Train: 6 [ 250/390]  Loss: 1.252 (1.28)  Acc@1: 54.6875 (53.3118)  Acc@5: 90.6250 (94.0924)LR: 2.416e-02
2024-11-17 04:15:01,571 -         train_search: [    INFO] - Train: 6 [ 300/390]  Loss: 1.317 (1.27)  Acc@1: 48.4375 (53.5662)  Acc@5: 92.1875 (94.1289)LR: 2.416e-02
2024-11-17 04:15:13,948 -         train_search: [    INFO] - Train: 6 [ 350/390]  Loss: 1.209 (1.27)  Acc@1: 54.6875 (53.8373)  Acc@5: 92.1875 (94.1863)LR: 2.416e-02
2024-11-17 04:15:23,538 -         train_search: [    INFO] - Train: 6 [ 390/390]  Loss: 1.348 (1.27)  Acc@1: 55.0000 (53.9000)  Acc@5: 90.0000 (94.1560)LR: 2.416e-02
2024-11-17 04:15:23,648 -         train_search: [    INFO] - train_acc 53.900000
2024-11-17 04:15:23,927 -         train_search: [    INFO] - Valid: 6 [   0/390]  Loss: 1.396 (1.40)  Acc@1: 45.3125 (45.3125)  Acc@5: 93.7500 (93.7500)
2024-11-17 04:15:26,093 -         train_search: [    INFO] - Valid: 6 [  50/390]  Loss: 1.315 (1.28)  Acc@1: 45.3125 (53.4007)  Acc@5: 93.7500 (93.3211)
2024-11-17 04:15:28,440 -         train_search: [    INFO] - Valid: 6 [ 100/390]  Loss: 1.409 (1.26)  Acc@1: 45.3125 (54.6101)  Acc@5: 92.1875 (93.8583)
2024-11-17 04:15:30,627 -         train_search: [    INFO] - Valid: 6 [ 150/390]  Loss: 1.420 (1.27)  Acc@1: 40.6250 (53.9632)  Acc@5: 93.7500 (94.0604)
2024-11-17 04:15:32,827 -         train_search: [    INFO] - Valid: 6 [ 200/390]  Loss: 1.276 (1.26)  Acc@1: 48.4375 (54.1123)  Acc@5: 90.6250 (94.0143)
2024-11-17 04:15:35,018 -         train_search: [    INFO] - Valid: 6 [ 250/390]  Loss: 1.205 (1.27)  Acc@1: 56.2500 (53.9031)  Acc@5: 92.1875 (93.9243)
2024-11-17 04:15:37,309 -         train_search: [    INFO] - Valid: 6 [ 300/390]  Loss: 1.473 (1.26)  Acc@1: 51.5625 (54.1788)  Acc@5: 92.1875 (93.9992)
2024-11-17 04:15:39,710 -         train_search: [    INFO] - Valid: 6 [ 350/390]  Loss: 1.162 (1.26)  Acc@1: 60.9375 (54.2067)  Acc@5: 96.8750 (94.0661)
2024-11-17 04:15:41,447 -         train_search: [    INFO] - Valid: 6 [ 390/390]  Loss: 1.424 (1.26)  Acc@1: 55.0000 (54.2240)  Acc@5: 92.5000 (94.1560)
2024-11-17 04:15:41,485 -         train_search: [    INFO] - valid_acc 54.224000
2024-11-17 04:15:41,487 -         train_search: [    INFO] - epoch = 6   
 genotype = |skip_connect~0|+|skip_connect~0|skip_connect~1|+|skip_connect~0|skip_connect~1|skip_connect~2|
2024-11-17 04:15:41,490 -         train_search: [    INFO] - alphas_normal = 
 tensor([[0.1838, 0.2349, 0.1722, 0.1989, 0.2101],
        [0.1762, 0.2406, 0.1763, 0.1995, 0.2074],
        [0.2193, 0.2158, 0.1639, 0.1933, 0.2077],
        [0.1614, 0.2536, 0.1852, 0.1965, 0.2032],
        [0.2182, 0.2314, 0.1736, 0.1866, 0.1903],
        [0.2269, 0.2205, 0.1667, 0.1929, 0.1930]], device='cuda:0',
       grad_fn=<SoftmaxBackward0>)
2024-11-17 04:15:42,374 -         train_search: [    INFO] - Train: 7 [   0/390]  Loss: 1.198 (1.20)  Acc@1: 56.2500 (56.2500)  Acc@5: 93.7500 (93.7500)LR: 2.386e-02
2024-11-17 04:15:54,312 -         train_search: [    INFO] - Train: 7 [  50/390]  Loss: 1.310 (1.21)  Acc@1: 51.5625 (56.1581)  Acc@5: 93.7500 (95.0368)LR: 2.386e-02
2024-11-17 04:16:06,334 -         train_search: [    INFO] - Train: 7 [ 100/390]  Loss: 1.165 (1.22)  Acc@1: 54.6875 (55.8478)  Acc@5: 93.7500 (94.9103)LR: 2.386e-02
2024-11-17 04:16:18,683 -         train_search: [    INFO] - Train: 7 [ 150/390]  Loss: 1.181 (1.22)  Acc@1: 56.2500 (56.1879)  Acc@5: 93.7500 (94.8262)LR: 2.386e-02
2024-11-17 04:16:30,732 -         train_search: [    INFO] - Train: 7 [ 200/390]  Loss: 0.9712 (1.21)  Acc@1: 64.0625 (56.3588)  Acc@5: 98.4375 (94.8927)LR: 2.386e-02
2024-11-17 04:16:42,898 -         train_search: [    INFO] - Train: 7 [ 250/390]  Loss: 1.135 (1.21)  Acc@1: 57.8125 (56.7044)  Acc@5: 93.7500 (94.9328)LR: 2.386e-02
2024-11-17 04:16:54,670 -         train_search: [    INFO] - Train: 7 [ 300/390]  Loss: 1.474 (1.21)  Acc@1: 48.4375 (56.7795)  Acc@5: 90.6250 (94.9336)LR: 2.386e-02
2024-11-17 04:17:07,142 -         train_search: [    INFO] - Train: 7 [ 350/390]  Loss: 0.9945 (1.21)  Acc@1: 64.0625 (56.6284)  Acc@5: 96.8750 (94.8584)LR: 2.386e-02
2024-11-17 04:17:16,854 -         train_search: [    INFO] - Train: 7 [ 390/390]  Loss: 1.263 (1.21)  Acc@1: 52.5000 (56.7920)  Acc@5: 90.0000 (94.8560)LR: 2.386e-02
2024-11-17 04:17:16,966 -         train_search: [    INFO] - train_acc 56.792000
2024-11-17 04:17:17,457 -         train_search: [    INFO] - Valid: 7 [   0/390]  Loss: 1.136 (1.14)  Acc@1: 62.5000 (62.5000)  Acc@5: 96.8750 (96.8750)
2024-11-17 04:17:19,815 -         train_search: [    INFO] - Valid: 7 [  50/390]  Loss: 1.104 (1.21)  Acc@1: 54.6875 (54.9020)  Acc@5: 98.4375 (94.8223)
2024-11-17 04:17:22,053 -         train_search: [    INFO] - Valid: 7 [ 100/390]  Loss: 1.000 (1.19)  Acc@1: 64.0625 (55.9561)  Acc@5: 98.4375 (95.1578)
2024-11-17 04:17:24,347 -         train_search: [    INFO] - Valid: 7 [ 150/390]  Loss: 1.104 (1.17)  Acc@1: 57.8125 (56.7777)  Acc@5: 96.8750 (95.3332)
2024-11-17 04:17:26,578 -         train_search: [    INFO] - Valid: 7 [ 200/390]  Loss: 1.192 (1.17)  Acc@1: 51.5625 (56.5687)  Acc@5: 96.8750 (95.2503)
2024-11-17 04:17:28,799 -         train_search: [    INFO] - Valid: 7 [ 250/390]  Loss: 1.210 (1.18)  Acc@1: 53.1250 (56.5301)  Acc@5: 95.3125 (95.1693)
2024-11-17 04:17:31,031 -         train_search: [    INFO] - Valid: 7 [ 300/390]  Loss: 1.172 (1.18)  Acc@1: 50.0000 (56.4057)  Acc@5: 95.3125 (95.1620)
2024-11-17 04:17:33,237 -         train_search: [    INFO] - Valid: 7 [ 350/390]  Loss: 0.9171 (1.18)  Acc@1: 64.0625 (56.3835)  Acc@5: 100.0000 (95.2101)
2024-11-17 04:17:34,975 -         train_search: [    INFO] - Valid: 7 [ 390/390]  Loss: 1.002 (1.18)  Acc@1: 70.0000 (56.2800)  Acc@5: 95.0000 (95.2400)
2024-11-17 04:17:35,030 -         train_search: [    INFO] - valid_acc 56.280000
2024-11-17 04:17:35,031 -         train_search: [    INFO] - epoch = 7   
 genotype = |skip_connect~0|+|skip_connect~0|skip_connect~1|+|skip_connect~0|skip_connect~1|skip_connect~2|
2024-11-17 04:17:35,032 -         train_search: [    INFO] - alphas_normal = 
 tensor([[0.1825, 0.2368, 0.1675, 0.2003, 0.2128],
        [0.1758, 0.2430, 0.1724, 0.2016, 0.2072],
        [0.2208, 0.2166, 0.1605, 0.1916, 0.2106],
        [0.1576, 0.2577, 0.1816, 0.1984, 0.2046],
        [0.2189, 0.2346, 0.1706, 0.1863, 0.1895],
        [0.2314, 0.2211, 0.1622, 0.1910, 0.1942]], device='cuda:0',
       grad_fn=<SoftmaxBackward0>)
2024-11-17 04:17:35,746 -         train_search: [    INFO] - Train: 8 [   0/390]  Loss: 1.244 (1.24)  Acc@1: 60.9375 (60.9375)  Acc@5: 92.1875 (92.1875)LR: 2.352e-02
2024-11-17 04:17:48,248 -         train_search: [    INFO] - Train: 8 [  50/390]  Loss: 1.066 (1.17)  Acc@1: 62.5000 (56.9547)  Acc@5: 96.8750 (95.3431)LR: 2.352e-02
2024-11-17 04:18:00,343 -         train_search: [    INFO] - Train: 8 [ 100/390]  Loss: 1.091 (1.16)  Acc@1: 64.0625 (58.0136)  Acc@5: 96.8750 (95.2197)LR: 2.352e-02
2024-11-17 04:18:13,514 -         train_search: [    INFO] - Train: 8 [ 150/390]  Loss: 1.421 (1.17)  Acc@1: 57.8125 (57.7815)  Acc@5: 92.1875 (95.1055)LR: 2.352e-02
2024-11-17 04:18:26,332 -         train_search: [    INFO] - Train: 8 [ 200/390]  Loss: 1.349 (1.17)  Acc@1: 54.6875 (58.1234)  Acc@5: 92.1875 (95.1415)LR: 2.352e-02
2024-11-17 04:18:38,769 -         train_search: [    INFO] - Train: 8 [ 250/390]  Loss: 1.279 (1.16)  Acc@1: 53.1250 (58.1798)  Acc@5: 96.8750 (95.2129)LR: 2.352e-02
2024-11-17 04:18:50,997 -         train_search: [    INFO] - Train: 8 [ 300/390]  Loss: 1.014 (1.16)  Acc@1: 62.5000 (58.5444)  Acc@5: 98.4375 (95.2865)LR: 2.352e-02
2024-11-17 04:19:03,134 -         train_search: [    INFO] - Train: 8 [ 350/390]  Loss: 1.060 (1.16)  Acc@1: 64.0625 (58.4446)  Acc@5: 93.7500 (95.2546)LR: 2.352e-02
2024-11-17 04:19:12,972 -         train_search: [    INFO] - Train: 8 [ 390/390]  Loss: 0.9824 (1.15)  Acc@1: 67.5000 (58.5480)  Acc@5: 95.0000 (95.3080)LR: 2.352e-02
2024-11-17 04:19:13,078 -         train_search: [    INFO] - train_acc 58.548000
2024-11-17 04:19:13,562 -         train_search: [    INFO] - Valid: 8 [   0/390]  Loss: 1.267 (1.27)  Acc@1: 53.1250 (53.1250)  Acc@5: 93.7500 (93.7500)
2024-11-17 04:19:15,835 -         train_search: [    INFO] - Valid: 8 [  50/390]  Loss: 1.198 (1.15)  Acc@1: 50.0000 (58.3027)  Acc@5: 98.4375 (95.4350)
2024-11-17 04:19:18,221 -         train_search: [    INFO] - Valid: 8 [ 100/390]  Loss: 1.143 (1.14)  Acc@1: 59.3750 (58.5087)  Acc@5: 95.3125 (95.7147)
2024-11-17 04:19:20,614 -         train_search: [    INFO] - Valid: 8 [ 150/390]  Loss: 1.028 (1.13)  Acc@1: 62.5000 (58.7024)  Acc@5: 96.8750 (95.8713)
2024-11-17 04:19:22,888 -         train_search: [    INFO] - Valid: 8 [ 200/390]  Loss: 1.137 (1.13)  Acc@1: 51.5625 (58.7920)  Acc@5: 98.4375 (95.9810)
2024-11-17 04:19:25,286 -         train_search: [    INFO] - Valid: 8 [ 250/390]  Loss: 1.381 (1.14)  Acc@1: 46.8750 (58.3977)  Acc@5: 95.3125 (95.8603)
2024-11-17 04:19:27,681 -         train_search: [    INFO] - Valid: 8 [ 300/390]  Loss: 1.226 (1.13)  Acc@1: 53.1250 (58.5548)  Acc@5: 90.6250 (95.8316)
2024-11-17 04:19:30,040 -         train_search: [    INFO] - Valid: 8 [ 350/390]  Loss: 1.103 (1.12)  Acc@1: 57.8125 (58.7963)  Acc@5: 98.4375 (95.8868)
2024-11-17 04:19:32,173 -         train_search: [    INFO] - Valid: 8 [ 390/390]  Loss: 1.142 (1.12)  Acc@1: 52.5000 (58.8600)  Acc@5: 97.5000 (95.8960)
2024-11-17 04:19:32,235 -         train_search: [    INFO] - valid_acc 58.860000
2024-11-17 04:19:32,236 -         train_search: [    INFO] - epoch = 8   
 genotype = |skip_connect~0|+|skip_connect~0|skip_connect~1|+|skip_connect~0|skip_connect~1|skip_connect~2|
2024-11-17 04:19:32,238 -         train_search: [    INFO] - alphas_normal = 
 tensor([[0.1821, 0.2401, 0.1638, 0.2004, 0.2136],
        [0.1739, 0.2484, 0.1696, 0.2020, 0.2062],
        [0.2229, 0.2170, 0.1558, 0.1932, 0.2112],
        [0.1537, 0.2644, 0.1779, 0.1995, 0.2045],
        [0.2228, 0.2383, 0.1660, 0.1846, 0.1883],
        [0.2353, 0.2228, 0.1568, 0.1910, 0.1941]], device='cuda:0',
       grad_fn=<SoftmaxBackward0>)
2024-11-17 04:19:32,904 -         train_search: [    INFO] - Train: 9 [   0/390]  Loss: 1.217 (1.22)  Acc@1: 57.8125 (57.8125)  Acc@5: 95.3125 (95.3125)LR: 2.313e-02
2024-11-17 04:19:45,111 -         train_search: [    INFO] - Train: 9 [  50/390]  Loss: 1.219 (1.11)  Acc@1: 57.8125 (59.6507)  Acc@5: 95.3125 (95.0368)LR: 2.313e-02
2024-11-17 04:19:57,483 -         train_search: [    INFO] - Train: 9 [ 100/390]  Loss: 1.279 (1.10)  Acc@1: 50.0000 (59.6689)  Acc@5: 96.8750 (95.6683)LR: 2.313e-02
2024-11-17 04:20:09,871 -         train_search: [    INFO] - Train: 9 [ 150/390]  Loss: 1.008 (1.11)  Acc@1: 62.5000 (59.5613)  Acc@5: 93.7500 (95.7988)LR: 2.313e-02
2024-11-17 04:20:22,305 -         train_search: [    INFO] - Train: 9 [ 200/390]  Loss: 1.196 (1.11)  Acc@1: 64.0625 (60.0435)  Acc@5: 95.3125 (95.6856)LR: 2.313e-02
2024-11-17 04:20:34,811 -         train_search: [    INFO] - Train: 9 [ 250/390]  Loss: 0.9150 (1.11)  Acc@1: 64.0625 (60.2403)  Acc@5: 100.0000 (95.8043)LR: 2.313e-02
2024-11-17 04:20:47,195 -         train_search: [    INFO] - Train: 9 [ 300/390]  Loss: 1.316 (1.11)  Acc@1: 50.0000 (60.2211)  Acc@5: 95.3125 (95.7901)LR: 2.313e-02
2024-11-17 04:20:59,462 -         train_search: [    INFO] - Train: 9 [ 350/390]  Loss: 0.8588 (1.10)  Acc@1: 75.0000 (60.3543)  Acc@5: 100.0000 (95.8600)LR: 2.313e-02
2024-11-17 04:21:09,522 -         train_search: [    INFO] - Train: 9 [ 390/390]  Loss: 1.293 (1.10)  Acc@1: 47.5000 (60.4720)  Acc@5: 97.5000 (95.9280)LR: 2.313e-02
2024-11-17 04:21:09,634 -         train_search: [    INFO] - train_acc 60.472000
2024-11-17 04:21:09,918 -         train_search: [    INFO] - Valid: 9 [   0/390]  Loss: 0.9994 (0.999)  Acc@1: 62.5000 (62.5000)  Acc@5: 96.8750 (96.8750)
2024-11-17 04:21:12,121 -         train_search: [    INFO] - Valid: 9 [  50/390]  Loss: 1.100 (1.06)  Acc@1: 62.5000 (62.2855)  Acc@5: 96.8750 (96.1091)
2024-11-17 04:21:14,314 -         train_search: [    INFO] - Valid: 9 [ 100/390]  Loss: 1.291 (1.06)  Acc@1: 48.4375 (61.9276)  Acc@5: 95.3125 (96.0396)
2024-11-17 04:21:16,493 -         train_search: [    INFO] - Valid: 9 [ 150/390]  Loss: 1.003 (1.08)  Acc@1: 60.9375 (61.0720)  Acc@5: 95.3125 (96.2024)
2024-11-17 04:21:18,686 -         train_search: [    INFO] - Valid: 9 [ 200/390]  Loss: 0.9027 (1.07)  Acc@1: 68.7500 (61.2018)  Acc@5: 100.0000 (96.3386)
2024-11-17 04:21:20,870 -         train_search: [    INFO] - Valid: 9 [ 250/390]  Loss: 1.149 (1.08)  Acc@1: 60.9375 (60.9437)  Acc@5: 93.7500 (96.3832)
2024-11-17 04:21:23,042 -         train_search: [    INFO] - Valid: 9 [ 300/390]  Loss: 1.133 (1.08)  Acc@1: 57.8125 (60.7143)  Acc@5: 93.7500 (96.3611)
2024-11-17 04:21:25,318 -         train_search: [    INFO] - Valid: 9 [ 350/390]  Loss: 1.239 (1.08)  Acc@1: 57.8125 (60.7817)  Acc@5: 95.3125 (96.2874)
2024-11-17 04:21:27,156 -         train_search: [    INFO] - Valid: 9 [ 390/390]  Loss: 1.023 (1.08)  Acc@1: 57.5000 (60.8040)  Acc@5: 97.5000 (96.2000)
2024-11-17 04:21:27,218 -         train_search: [    INFO] - valid_acc 60.804000
2024-11-17 04:21:27,220 -         train_search: [    INFO] - epoch = 9   
 genotype = |skip_connect~0|+|skip_connect~0|skip_connect~1|+|skip_connect~0|skip_connect~1|skip_connect~2|
2024-11-17 04:21:27,225 -         train_search: [    INFO] - alphas_normal = 
 tensor([[0.1801, 0.2445, 0.1616, 0.1998, 0.2141],
        [0.1721, 0.2539, 0.1674, 0.2002, 0.2064],
        [0.2263, 0.2192, 0.1524, 0.1899, 0.2123],
        [0.1501, 0.2708, 0.1754, 0.1977, 0.2060],
        [0.2237, 0.2425, 0.1628, 0.1818, 0.1892],
        [0.2400, 0.2233, 0.1525, 0.1888, 0.1953]], device='cuda:0',
       grad_fn=<SoftmaxBackward0>)
2024-11-17 04:21:28,207 -         train_search: [    INFO] - Train: 10 [   0/390]  Loss: 0.8078 (0.808)  Acc@1: 73.4375 (73.4375)  Acc@5: 100.0000 (100.0000)LR: 2.271e-02
2024-11-17 04:21:40,173 -         train_search: [    INFO] - Train: 10 [  50/390]  Loss: 1.026 (0.988)  Acc@1: 59.3750 (63.9093)  Acc@5: 93.7500 (96.6605)LR: 2.271e-02
2024-11-17 04:21:52,309 -         train_search: [    INFO] - Train: 10 [ 100/390]  Loss: 0.8605 (1.00)  Acc@1: 70.3125 (63.1652)  Acc@5: 96.8750 (96.4418)LR: 2.271e-02
2024-11-17 04:22:04,056 -         train_search: [    INFO] - Train: 10 [ 150/390]  Loss: 1.147 (1.01)  Acc@1: 56.2500 (63.5141)  Acc@5: 93.7500 (96.4300)LR: 2.271e-02
2024-11-17 04:22:16,395 -         train_search: [    INFO] - Train: 10 [ 200/390]  Loss: 1.312 (1.04)  Acc@1: 51.5625 (62.6322)  Acc@5: 93.7500 (96.2998)LR: 2.271e-02
2024-11-17 04:22:28,298 -         train_search: [    INFO] - Train: 10 [ 250/390]  Loss: 1.242 (1.04)  Acc@1: 54.6875 (62.6121)  Acc@5: 98.4375 (96.2774)LR: 2.271e-02
2024-11-17 04:22:40,768 -         train_search: [    INFO] - Train: 10 [ 300/390]  Loss: 1.076 (1.04)  Acc@1: 64.0625 (62.5831)  Acc@5: 98.4375 (96.2521)LR: 2.271e-02
2024-11-17 04:22:52,739 -         train_search: [    INFO] - Train: 10 [ 350/390]  Loss: 1.318 (1.04)  Acc@1: 59.3750 (62.5445)  Acc@5: 92.1875 (96.2740)LR: 2.271e-02
2024-11-17 04:23:02,443 -         train_search: [    INFO] - Train: 10 [ 390/390]  Loss: 1.014 (1.04)  Acc@1: 55.0000 (62.6600)  Acc@5: 97.5000 (96.2960)LR: 2.271e-02
2024-11-17 04:23:04,529 -         train_search: [    INFO] - train_acc 62.660000
2024-11-17 04:23:04,872 -         train_search: [    INFO] - Valid: 10 [   0/390]  Loss: 0.9379 (0.938)  Acc@1: 70.3125 (70.3125)  Acc@5: 96.8750 (96.8750)
2024-11-17 04:23:07,180 -         train_search: [    INFO] - Valid: 10 [  50/390]  Loss: 0.9929 (1.03)  Acc@1: 64.0625 (62.7451)  Acc@5: 98.4375 (96.6605)
2024-11-17 04:23:09,350 -         train_search: [    INFO] - Valid: 10 [ 100/390]  Loss: 1.108 (1.03)  Acc@1: 56.2500 (62.4226)  Acc@5: 93.7500 (96.8131)
2024-11-17 04:23:11,562 -         train_search: [    INFO] - Valid: 10 [ 150/390]  Loss: 1.066 (1.04)  Acc@1: 62.5000 (62.1275)  Acc@5: 98.4375 (96.6474)
2024-11-17 04:23:13,890 -         train_search: [    INFO] - Valid: 10 [ 200/390]  Loss: 0.8731 (1.04)  Acc@1: 67.1875 (62.0569)  Acc@5: 98.4375 (96.7428)
2024-11-17 04:23:16,043 -         train_search: [    INFO] - Valid: 10 [ 250/390]  Loss: 0.8272 (1.04)  Acc@1: 71.8750 (62.2883)  Acc@5: 96.8750 (96.6509)
2024-11-17 04:23:18,399 -         train_search: [    INFO] - Valid: 10 [ 300/390]  Loss: 1.122 (1.05)  Acc@1: 64.0625 (61.9394)  Acc@5: 93.7500 (96.5324)
2024-11-17 04:23:20,557 -         train_search: [    INFO] - Valid: 10 [ 350/390]  Loss: 0.8975 (1.05)  Acc@1: 70.3125 (61.7610)  Acc@5: 98.4375 (96.5545)
2024-11-17 04:23:22,286 -         train_search: [    INFO] - Valid: 10 [ 390/390]  Loss: 1.039 (1.05)  Acc@1: 67.5000 (61.8040)  Acc@5: 97.5000 (96.5400)
2024-11-17 04:23:22,323 -         train_search: [    INFO] - valid_acc 61.804000
2024-11-17 04:23:22,324 -         train_search: [    INFO] - epoch = 10   
 genotype = |skip_connect~0|+|skip_connect~0|skip_connect~1|+|skip_connect~0|skip_connect~1|skip_connect~2|
2024-11-17 04:23:22,326 -         train_search: [    INFO] - alphas_normal = 
 tensor([[0.1785, 0.2480, 0.1584, 0.2005, 0.2146],
        [0.1726, 0.2600, 0.1644, 0.1965, 0.2065],
        [0.2269, 0.2205, 0.1486, 0.1878, 0.2162],
        [0.1473, 0.2772, 0.1726, 0.1985, 0.2044],
        [0.2259, 0.2464, 0.1589, 0.1806, 0.1882],
        [0.2441, 0.2230, 0.1473, 0.1896, 0.1959]], device='cuda:0',
       grad_fn=<SoftmaxBackward0>)
2024-11-17 04:23:23,035 -         train_search: [    INFO] - Train: 11 [   0/390]  Loss: 1.068 (1.07)  Acc@1: 64.0625 (64.0625)  Acc@5: 93.7500 (93.7500)LR: 2.225e-02
2024-11-17 04:23:35,185 -         train_search: [    INFO] - Train: 11 [  50/390]  Loss: 0.8118 (0.996)  Acc@1: 67.1875 (63.8787)  Acc@5: 98.4375 (96.0784)LR: 2.225e-02
2024-11-17 04:23:47,129 -         train_search: [    INFO] - Train: 11 [ 100/390]  Loss: 1.017 (1.02)  Acc@1: 65.6250 (63.0879)  Acc@5: 92.1875 (96.1634)LR: 2.225e-02
2024-11-17 04:23:59,250 -         train_search: [    INFO] - Train: 11 [ 150/390]  Loss: 1.019 (1.02)  Acc@1: 56.2500 (63.0381)  Acc@5: 100.0000 (96.3887)LR: 2.225e-02
2024-11-17 04:24:11,862 -         train_search: [    INFO] - Train: 11 [ 200/390]  Loss: 0.8439 (1.03)  Acc@1: 70.3125 (62.9509)  Acc@5: 96.8750 (96.2842)LR: 2.225e-02
2024-11-17 04:24:24,529 -         train_search: [    INFO] - Train: 11 [ 250/390]  Loss: 0.9998 (1.02)  Acc@1: 65.6250 (63.2159)  Acc@5: 98.4375 (96.4392)LR: 2.225e-02
2024-11-17 04:24:37,218 -         train_search: [    INFO] - Train: 11 [ 300/390]  Loss: 1.072 (1.01)  Acc@1: 60.9375 (63.6109)  Acc@5: 98.4375 (96.4909)LR: 2.225e-02
2024-11-17 04:24:50,770 -         train_search: [    INFO] - Train: 11 [ 350/390]  Loss: 1.139 (1.01)  Acc@1: 65.6250 (63.6574)  Acc@5: 95.3125 (96.4966)LR: 2.225e-02
2024-11-17 04:25:01,529 -         train_search: [    INFO] - Train: 11 [ 390/390]  Loss: 0.8367 (1.01)  Acc@1: 67.5000 (63.6880)  Acc@5: 95.0000 (96.5600)LR: 2.225e-02
2024-11-17 04:25:01,627 -         train_search: [    INFO] - train_acc 63.688000
2024-11-17 04:25:01,920 -         train_search: [    INFO] - Valid: 11 [   0/390]  Loss: 0.7877 (0.788)  Acc@1: 70.3125 (70.3125)  Acc@5: 98.4375 (98.4375)
2024-11-17 04:25:04,329 -         train_search: [    INFO] - Valid: 11 [  50/390]  Loss: 1.025 (0.977)  Acc@1: 59.3750 (64.2157)  Acc@5: 98.4375 (97.0282)
2024-11-17 04:25:06,652 -         train_search: [    INFO] - Valid: 11 [ 100/390]  Loss: 0.9573 (0.979)  Acc@1: 65.6250 (64.3255)  Acc@5: 95.3125 (96.8441)
2024-11-17 04:25:09,222 -         train_search: [    INFO] - Valid: 11 [ 150/390]  Loss: 0.8344 (0.984)  Acc@1: 73.4375 (64.7454)  Acc@5: 95.3125 (96.5646)
2024-11-17 04:25:11,612 -         train_search: [    INFO] - Valid: 11 [ 200/390]  Loss: 0.9731 (0.978)  Acc@1: 65.6250 (64.7466)  Acc@5: 92.1875 (96.7428)
2024-11-17 04:25:13,821 -         train_search: [    INFO] - Valid: 11 [ 250/390]  Loss: 0.7797 (0.981)  Acc@1: 75.0000 (64.7659)  Acc@5: 98.4375 (96.6820)
2024-11-17 04:25:16,046 -         train_search: [    INFO] - Valid: 11 [ 300/390]  Loss: 1.205 (0.977)  Acc@1: 53.1250 (64.9917)  Acc@5: 96.8750 (96.7297)
2024-11-17 04:25:18,303 -         train_search: [    INFO] - Valid: 11 [ 350/390]  Loss: 0.9049 (0.981)  Acc@1: 60.9375 (64.8326)  Acc@5: 98.4375 (96.7415)
2024-11-17 04:25:20,149 -         train_search: [    INFO] - Valid: 11 [ 390/390]  Loss: 0.9709 (0.983)  Acc@1: 75.0000 (64.8520)  Acc@5: 95.0000 (96.7360)
2024-11-17 04:25:20,185 -         train_search: [    INFO] - valid_acc 64.852000
2024-11-17 04:25:20,186 -         train_search: [    INFO] - epoch = 11   
 genotype = |skip_connect~0|+|skip_connect~0|skip_connect~1|+|skip_connect~0|skip_connect~1|skip_connect~2|
2024-11-17 04:25:20,188 -         train_search: [    INFO] - alphas_normal = 
 tensor([[0.1775, 0.2515, 0.1552, 0.1998, 0.2160],
        [0.1722, 0.2662, 0.1618, 0.1925, 0.2073],
        [0.2276, 0.2213, 0.1453, 0.1849, 0.2209],
        [0.1447, 0.2869, 0.1697, 0.1964, 0.2023],
        [0.2297, 0.2509, 0.1552, 0.1766, 0.1877],
        [0.2470, 0.2244, 0.1431, 0.1877, 0.1978]], device='cuda:0',
       grad_fn=<SoftmaxBackward0>)
2024-11-17 04:25:21,034 -         train_search: [    INFO] - Train: 12 [   0/390]  Loss: 0.8881 (0.888)  Acc@1: 68.7500 (68.7500)  Acc@5: 100.0000 (100.0000)LR: 2.175e-02
2024-11-17 04:25:33,388 -         train_search: [    INFO] - Train: 12 [  50/390]  Loss: 1.216 (0.959)  Acc@1: 59.3750 (65.8088)  Acc@5: 95.3125 (97.2120)LR: 2.175e-02
2024-11-17 04:25:46,258 -         train_search: [    INFO] - Train: 12 [ 100/390]  Loss: 1.199 (0.947)  Acc@1: 62.5000 (65.8416)  Acc@5: 95.3125 (97.3391)LR: 2.175e-02
2024-11-17 04:25:58,616 -         train_search: [    INFO] - Train: 12 [ 150/390]  Loss: 0.9932 (0.964)  Acc@1: 65.6250 (65.5940)  Acc@5: 96.8750 (97.0820)LR: 2.175e-02
2024-11-17 04:26:11,021 -         train_search: [    INFO] - Train: 12 [ 200/390]  Loss: 1.057 (0.955)  Acc@1: 57.8125 (65.8349)  Acc@5: 90.6250 (97.0538)LR: 2.175e-02
2024-11-17 04:26:23,109 -         train_search: [    INFO] - Train: 12 [ 250/390]  Loss: 0.7462 (0.963)  Acc@1: 76.5625 (65.6748)  Acc@5: 98.4375 (97.0244)LR: 2.175e-02
2024-11-17 04:26:35,278 -         train_search: [    INFO] - Train: 12 [ 300/390]  Loss: 0.8249 (0.962)  Acc@1: 70.3125 (65.6977)  Acc@5: 96.8750 (97.0411)LR: 2.175e-02
2024-11-17 04:26:47,270 -         train_search: [    INFO] - Train: 12 [ 350/390]  Loss: 0.8904 (0.958)  Acc@1: 65.6250 (65.8164)  Acc@5: 98.4375 (97.1154)LR: 2.175e-02
2024-11-17 04:26:56,674 -         train_search: [    INFO] - Train: 12 [ 390/390]  Loss: 1.012 (0.958)  Acc@1: 65.0000 (65.8360)  Acc@5: 100.0000 (97.1200)LR: 2.175e-02
2024-11-17 04:26:56,790 -         train_search: [    INFO] - train_acc 65.836000
2024-11-17 04:26:57,100 -         train_search: [    INFO] - Valid: 12 [   0/390]  Loss: 1.079 (1.08)  Acc@1: 54.6875 (54.6875)  Acc@5: 98.4375 (98.4375)
2024-11-17 04:26:59,282 -         train_search: [    INFO] - Valid: 12 [  50/390]  Loss: 0.7499 (0.993)  Acc@1: 71.8750 (64.3076)  Acc@5: 98.4375 (96.8750)
2024-11-17 04:27:01,460 -         train_search: [    INFO] - Valid: 12 [ 100/390]  Loss: 1.055 (1.00)  Acc@1: 62.5000 (64.3564)  Acc@5: 93.7500 (96.7976)
2024-11-17 04:27:03,664 -         train_search: [    INFO] - Valid: 12 [ 150/390]  Loss: 0.8390 (0.987)  Acc@1: 68.7500 (64.9421)  Acc@5: 100.0000 (96.8853)
2024-11-17 04:27:05,798 -         train_search: [    INFO] - Valid: 12 [ 200/390]  Loss: 0.9380 (0.986)  Acc@1: 65.6250 (64.9331)  Acc@5: 98.4375 (96.9216)
2024-11-17 04:27:07,981 -         train_search: [    INFO] - Valid: 12 [ 250/390]  Loss: 1.004 (0.979)  Acc@1: 65.6250 (65.1083)  Acc@5: 100.0000 (97.0306)
2024-11-17 04:27:10,151 -         train_search: [    INFO] - Valid: 12 [ 300/390]  Loss: 0.8351 (0.982)  Acc@1: 70.3125 (65.1734)  Acc@5: 100.0000 (97.0048)
2024-11-17 04:27:12,316 -         train_search: [    INFO] - Valid: 12 [ 350/390]  Loss: 0.6549 (0.977)  Acc@1: 76.5625 (65.3446)  Acc@5: 98.4375 (97.0397)
2024-11-17 04:27:14,050 -         train_search: [    INFO] - Valid: 12 [ 390/390]  Loss: 0.9531 (0.978)  Acc@1: 65.0000 (65.2800)  Acc@5: 100.0000 (97.0960)
2024-11-17 04:27:14,087 -         train_search: [    INFO] - valid_acc 65.280000
2024-11-17 04:27:14,089 -         train_search: [    INFO] - epoch = 12   
 genotype = |skip_connect~0|+|skip_connect~0|nor_conv_3x3~1|+|skip_connect~0|skip_connect~1|skip_connect~2|
2024-11-17 04:27:14,093 -         train_search: [    INFO] - alphas_normal = 
 tensor([[0.1782, 0.2545, 0.1527, 0.1993, 0.2153],
        [0.1712, 0.2692, 0.1590, 0.1918, 0.2088],
        [0.2294, 0.2206, 0.1419, 0.1837, 0.2244],
        [0.1419, 0.2924, 0.1680, 0.1971, 0.2005],
        [0.2313, 0.2522, 0.1526, 0.1768, 0.1871],
        [0.2508, 0.2261, 0.1405, 0.1864, 0.1962]], device='cuda:0',
       grad_fn=<SoftmaxBackward0>)
2024-11-17 04:27:14,780 -         train_search: [    INFO] - Train: 13 [   0/390]  Loss: 0.9769 (0.977)  Acc@1: 64.0625 (64.0625)  Acc@5: 100.0000 (100.0000)LR: 2.121e-02
2024-11-17 04:27:27,097 -         train_search: [    INFO] - Train: 13 [  50/390]  Loss: 0.9874 (0.932)  Acc@1: 62.5000 (66.4522)  Acc@5: 96.8750 (97.0282)LR: 2.121e-02
2024-11-17 04:27:39,274 -         train_search: [    INFO] - Train: 13 [ 100/390]  Loss: 0.9259 (0.932)  Acc@1: 64.0625 (66.0272)  Acc@5: 100.0000 (97.4010)LR: 2.121e-02
2024-11-17 04:27:51,176 -         train_search: [    INFO] - Train: 13 [ 150/390]  Loss: 0.9888 (0.936)  Acc@1: 64.0625 (66.2976)  Acc@5: 96.8750 (97.3096)LR: 2.121e-02
2024-11-17 04:28:03,338 -         train_search: [    INFO] - Train: 13 [ 200/390]  Loss: 1.116 (0.935)  Acc@1: 62.5000 (66.5190)  Acc@5: 95.3125 (97.2870)LR: 2.121e-02
2024-11-17 04:28:15,545 -         train_search: [    INFO] - Train: 13 [ 250/390]  Loss: 0.9318 (0.927)  Acc@1: 60.9375 (66.8015)  Acc@5: 98.4375 (97.3170)LR: 2.121e-02
2024-11-17 04:28:27,506 -         train_search: [    INFO] - Train: 13 [ 300/390]  Loss: 1.015 (0.926)  Acc@1: 64.0625 (66.9176)  Acc@5: 89.0625 (97.3422)LR: 2.121e-02
2024-11-17 04:28:39,683 -         train_search: [    INFO] - Train: 13 [ 350/390]  Loss: 1.239 (0.933)  Acc@1: 57.8125 (66.7067)  Acc@5: 98.4375 (97.2445)LR: 2.121e-02
2024-11-17 04:28:49,046 -         train_search: [    INFO] - Train: 13 [ 390/390]  Loss: 0.7467 (0.929)  Acc@1: 75.0000 (66.9640)  Acc@5: 97.5000 (97.2520)LR: 2.121e-02
2024-11-17 04:28:49,134 -         train_search: [    INFO] - train_acc 66.964000
2024-11-17 04:28:49,506 -         train_search: [    INFO] - Valid: 13 [   0/390]  Loss: 0.9951 (0.995)  Acc@1: 64.0625 (64.0625)  Acc@5: 98.4375 (98.4375)
2024-11-17 04:28:51,712 -         train_search: [    INFO] - Valid: 13 [  50/390]  Loss: 0.9217 (0.955)  Acc@1: 67.1875 (65.6250)  Acc@5: 100.0000 (96.7831)
2024-11-17 04:28:53,901 -         train_search: [    INFO] - Valid: 13 [ 100/390]  Loss: 0.8226 (0.943)  Acc@1: 70.3125 (65.9344)  Acc@5: 96.8750 (97.0142)
2024-11-17 04:28:56,076 -         train_search: [    INFO] - Valid: 13 [ 150/390]  Loss: 1.045 (0.920)  Acc@1: 60.9375 (66.9702)  Acc@5: 92.1875 (97.2475)
2024-11-17 04:28:58,369 -         train_search: [    INFO] - Valid: 13 [ 200/390]  Loss: 1.081 (0.919)  Acc@1: 67.1875 (67.1875)  Acc@5: 98.4375 (97.2715)
2024-11-17 04:29:00,590 -         train_search: [    INFO] - Valid: 13 [ 250/390]  Loss: 0.8232 (0.925)  Acc@1: 73.4375 (66.9945)  Acc@5: 95.3125 (97.2236)
2024-11-17 04:29:02,758 -         train_search: [    INFO] - Valid: 13 [ 300/390]  Loss: 1.042 (0.928)  Acc@1: 59.3750 (66.8760)  Acc@5: 95.3125 (97.2228)
2024-11-17 04:29:05,005 -         train_search: [    INFO] - Valid: 13 [ 350/390]  Loss: 0.7933 (0.934)  Acc@1: 73.4375 (66.6934)  Acc@5: 98.4375 (97.1510)
2024-11-17 04:29:06,835 -         train_search: [    INFO] - Valid: 13 [ 390/390]  Loss: 1.091 (0.937)  Acc@1: 67.5000 (66.6840)  Acc@5: 100.0000 (97.1080)
2024-11-17 04:29:06,887 -         train_search: [    INFO] - valid_acc 66.684000
2024-11-17 04:29:06,887 -         train_search: [    INFO] - epoch = 13   
 genotype = |skip_connect~0|+|skip_connect~0|nor_conv_3x3~1|+|skip_connect~0|skip_connect~1|skip_connect~2|
2024-11-17 04:29:06,889 -         train_search: [    INFO] - alphas_normal = 
 tensor([[0.1775, 0.2542, 0.1484, 0.2004, 0.2194],
        [0.1713, 0.2746, 0.1564, 0.1878, 0.2098],
        [0.2311, 0.2218, 0.1393, 0.1804, 0.2274],
        [0.1402, 0.2998, 0.1648, 0.1957, 0.1995],
        [0.2309, 0.2543, 0.1495, 0.1747, 0.1905],
        [0.2557, 0.2257, 0.1367, 0.1840, 0.1980]], device='cuda:0',
       grad_fn=<SoftmaxBackward0>)
2024-11-17 04:29:07,809 -         train_search: [    INFO] - Train: 14 [   0/390]  Loss: 0.8186 (0.819)  Acc@1: 67.1875 (67.1875)  Acc@5: 100.0000 (100.0000)LR: 2.065e-02
2024-11-17 04:29:20,031 -         train_search: [    INFO] - Train: 14 [  50/390]  Loss: 0.8103 (0.901)  Acc@1: 68.7500 (68.4130)  Acc@5: 98.4375 (97.0282)LR: 2.065e-02
2024-11-17 04:29:32,033 -         train_search: [    INFO] - Train: 14 [ 100/390]  Loss: 0.8378 (0.880)  Acc@1: 70.3125 (69.5235)  Acc@5: 100.0000 (97.2927)LR: 2.065e-02
2024-11-17 04:29:43,762 -         train_search: [    INFO] - Train: 14 [ 150/390]  Loss: 0.7478 (0.895)  Acc@1: 78.1250 (68.7190)  Acc@5: 98.4375 (97.3510)LR: 2.065e-02
2024-11-17 04:29:56,137 -         train_search: [    INFO] - Train: 14 [ 200/390]  Loss: 0.9949 (0.892)  Acc@1: 64.0625 (68.5012)  Acc@5: 98.4375 (97.4036)LR: 2.065e-02
2024-11-17 04:30:08,729 -         train_search: [    INFO] - Train: 14 [ 250/390]  Loss: 0.8247 (0.889)  Acc@1: 68.7500 (68.5944)  Acc@5: 100.0000 (97.4415)LR: 2.065e-02
2024-11-17 04:30:21,063 -         train_search: [    INFO] - Train: 14 [ 300/390]  Loss: 1.046 (0.894)  Acc@1: 54.6875 (68.4593)  Acc@5: 98.4375 (97.4149)LR: 2.065e-02
2024-11-17 04:30:33,323 -         train_search: [    INFO] - Train: 14 [ 350/390]  Loss: 0.7319 (0.889)  Acc@1: 73.4375 (68.5675)  Acc@5: 96.8750 (97.4537)LR: 2.065e-02
2024-11-17 04:30:42,986 -         train_search: [    INFO] - Train: 14 [ 390/390]  Loss: 0.8215 (0.895)  Acc@1: 77.5000 (68.3440)  Acc@5: 95.0000 (97.3880)LR: 2.065e-02
2024-11-17 04:30:43,098 -         train_search: [    INFO] - train_acc 68.344000
2024-11-17 04:30:43,412 -         train_search: [    INFO] - Valid: 14 [   0/390]  Loss: 0.8180 (0.818)  Acc@1: 70.3125 (70.3125)  Acc@5: 100.0000 (100.0000)
2024-11-17 04:30:45,664 -         train_search: [    INFO] - Valid: 14 [  50/390]  Loss: 0.8427 (0.901)  Acc@1: 65.6250 (67.4326)  Acc@5: 98.4375 (97.8248)
2024-11-17 04:30:47,948 -         train_search: [    INFO] - Valid: 14 [ 100/390]  Loss: 0.7512 (0.886)  Acc@1: 75.0000 (68.3787)  Acc@5: 100.0000 (97.7723)
2024-11-17 04:30:50,319 -         train_search: [    INFO] - Valid: 14 [ 150/390]  Loss: 0.8109 (0.907)  Acc@1: 71.8750 (67.7566)  Acc@5: 96.8750 (97.5166)
2024-11-17 04:30:52,507 -         train_search: [    INFO] - Valid: 14 [ 200/390]  Loss: 1.060 (0.899)  Acc@1: 64.0625 (68.0504)  Acc@5: 95.3125 (97.5979)
2024-11-17 04:30:54,688 -         train_search: [    INFO] - Valid: 14 [ 250/390]  Loss: 1.048 (0.899)  Acc@1: 67.1875 (68.0652)  Acc@5: 100.0000 (97.6033)
2024-11-17 04:30:56,914 -         train_search: [    INFO] - Valid: 14 [ 300/390]  Loss: 0.8220 (0.899)  Acc@1: 65.6250 (68.1063)  Acc@5: 98.4375 (97.4875)
2024-11-17 04:30:59,223 -         train_search: [    INFO] - Valid: 14 [ 350/390]  Loss: 0.9732 (0.899)  Acc@1: 65.6250 (68.0912)  Acc@5: 96.8750 (97.4804)
2024-11-17 04:31:00,961 -         train_search: [    INFO] - Valid: 14 [ 390/390]  Loss: 1.026 (0.902)  Acc@1: 65.0000 (67.9920)  Acc@5: 97.5000 (97.4880)
2024-11-17 04:31:00,996 -         train_search: [    INFO] - valid_acc 67.992000
2024-11-17 04:31:00,996 -         train_search: [    INFO] - epoch = 14   
 genotype = |skip_connect~0|+|skip_connect~0|nor_conv_3x3~1|+|skip_connect~0|skip_connect~1|skip_connect~2|
2024-11-17 04:31:00,998 -         train_search: [    INFO] - alphas_normal = 
 tensor([[0.1788, 0.2564, 0.1447, 0.1997, 0.2204],
        [0.1718, 0.2759, 0.1524, 0.1875, 0.2123],
        [0.2313, 0.2201, 0.1355, 0.1795, 0.2337],
        [0.1385, 0.3058, 0.1614, 0.1951, 0.1991],
        [0.2341, 0.2557, 0.1456, 0.1739, 0.1908],
        [0.2566, 0.2259, 0.1330, 0.1839, 0.2006]], device='cuda:0',
       grad_fn=<SoftmaxBackward0>)
2024-11-17 04:31:01,782 -         train_search: [    INFO] - Train: 15 [   0/390]  Loss: 0.7738 (0.774)  Acc@1: 73.4375 (73.4375)  Acc@5: 95.3125 (95.3125)LR: 2.005e-02
2024-11-17 04:31:14,406 -         train_search: [    INFO] - Train: 15 [  50/390]  Loss: 0.9791 (0.874)  Acc@1: 56.2500 (70.0061)  Acc@5: 96.8750 (97.1507)LR: 2.005e-02
2024-11-17 04:31:27,694 -         train_search: [    INFO] - Train: 15 [ 100/390]  Loss: 0.7732 (0.874)  Acc@1: 73.4375 (69.9722)  Acc@5: 98.4375 (97.3700)LR: 2.005e-02
2024-11-17 04:31:40,683 -         train_search: [    INFO] - Train: 15 [ 150/390]  Loss: 1.128 (0.875)  Acc@1: 62.5000 (69.6606)  Acc@5: 95.3125 (97.3820)LR: 2.005e-02
2024-11-17 04:31:53,401 -         train_search: [    INFO] - Train: 15 [ 200/390]  Loss: 0.7647 (0.871)  Acc@1: 67.1875 (69.6906)  Acc@5: 98.4375 (97.4813)LR: 2.005e-02
2024-11-17 04:32:06,117 -         train_search: [    INFO] - Train: 15 [ 250/390]  Loss: 1.018 (0.870)  Acc@1: 68.7500 (69.5219)  Acc@5: 96.8750 (97.5971)LR: 2.005e-02
2024-11-17 04:32:19,188 -         train_search: [    INFO] - Train: 15 [ 300/390]  Loss: 0.7149 (0.862)  Acc@1: 73.4375 (69.6584)  Acc@5: 96.8750 (97.5706)LR: 2.005e-02
2024-11-17 04:32:31,577 -         train_search: [    INFO] - Train: 15 [ 350/390]  Loss: 0.6838 (0.866)  Acc@1: 76.5625 (69.4801)  Acc@5: 96.8750 (97.5383)LR: 2.005e-02
2024-11-17 04:32:41,382 -         train_search: [    INFO] - Train: 15 [ 390/390]  Loss: 0.8243 (0.865)  Acc@1: 70.0000 (69.5560)  Acc@5: 100.0000 (97.5320)LR: 2.005e-02
2024-11-17 04:32:41,468 -         train_search: [    INFO] - train_acc 69.556000
2024-11-17 04:32:41,902 -         train_search: [    INFO] - Valid: 15 [   0/390]  Loss: 0.7323 (0.732)  Acc@1: 73.4375 (73.4375)  Acc@5: 98.4375 (98.4375)
2024-11-17 04:32:44,088 -         train_search: [    INFO] - Valid: 15 [  50/390]  Loss: 0.8329 (0.907)  Acc@1: 68.7500 (67.2181)  Acc@5: 96.8750 (97.5797)
2024-11-17 04:32:46,229 -         train_search: [    INFO] - Valid: 15 [ 100/390]  Loss: 0.7623 (0.896)  Acc@1: 71.8750 (68.2395)  Acc@5: 96.8750 (97.6330)
2024-11-17 04:32:48,455 -         train_search: [    INFO] - Valid: 15 [ 150/390]  Loss: 0.9027 (0.895)  Acc@1: 71.8750 (68.3361)  Acc@5: 93.7500 (97.5476)
2024-11-17 04:32:50,628 -         train_search: [    INFO] - Valid: 15 [ 200/390]  Loss: 0.8829 (0.897)  Acc@1: 64.0625 (68.1825)  Acc@5: 100.0000 (97.5591)
2024-11-17 04:32:52,804 -         train_search: [    INFO] - Valid: 15 [ 250/390]  Loss: 0.9849 (0.899)  Acc@1: 64.0625 (68.1897)  Acc@5: 95.3125 (97.4975)
2024-11-17 04:32:54,962 -         train_search: [    INFO] - Valid: 15 [ 300/390]  Loss: 0.8374 (0.904)  Acc@1: 67.1875 (67.8312)  Acc@5: 98.4375 (97.4979)
2024-11-17 04:32:57,104 -         train_search: [    INFO] - Valid: 15 [ 350/390]  Loss: 0.9307 (0.905)  Acc@1: 70.3125 (67.8686)  Acc@5: 96.8750 (97.4003)
2024-11-17 04:32:58,810 -         train_search: [    INFO] - Valid: 15 [ 390/390]  Loss: 1.420 (0.906)  Acc@1: 47.5000 (67.8960)  Acc@5: 92.5000 (97.4040)
2024-11-17 04:32:58,863 -         train_search: [    INFO] - valid_acc 67.896000
2024-11-17 04:32:58,865 -         train_search: [    INFO] - epoch = 15   
 genotype = |skip_connect~0|+|skip_connect~0|nor_conv_3x3~1|+|skip_connect~0|skip_connect~1|skip_connect~2|
2024-11-17 04:32:58,870 -         train_search: [    INFO] - alphas_normal = 
 tensor([[0.1776, 0.2600, 0.1417, 0.1981, 0.2225],
        [0.1732, 0.2797, 0.1492, 0.1850, 0.2129],
        [0.2311, 0.2204, 0.1329, 0.1780, 0.2375],
        [0.1369, 0.3145, 0.1588, 0.1937, 0.1961],
        [0.2372, 0.2602, 0.1430, 0.1698, 0.1898],
        [0.2592, 0.2246, 0.1293, 0.1846, 0.2023]], device='cuda:0',
       grad_fn=<SoftmaxBackward0>)
2024-11-17 04:32:59,631 -         train_search: [    INFO] - Train: 16 [   0/390]  Loss: 0.9369 (0.937)  Acc@1: 75.0000 (75.0000)  Acc@5: 95.3125 (95.3125)LR: 1.943e-02
2024-11-17 04:33:11,719 -         train_search: [    INFO] - Train: 16 [  50/390]  Loss: 0.7362 (0.818)  Acc@1: 76.5625 (71.4154)  Acc@5: 100.0000 (97.9167)LR: 1.943e-02
2024-11-17 04:33:23,251 -         train_search: [    INFO] - Train: 16 [ 100/390]  Loss: 0.8343 (0.833)  Acc@1: 73.4375 (70.8540)  Acc@5: 98.4375 (97.8342)LR: 1.943e-02
2024-11-17 04:33:36,320 -         train_search: [    INFO] - Train: 16 [ 150/390]  Loss: 0.6780 (0.833)  Acc@1: 73.4375 (70.9334)  Acc@5: 98.4375 (97.9305)LR: 1.943e-02
2024-11-17 04:33:48,445 -         train_search: [    INFO] - Train: 16 [ 200/390]  Loss: 1.341 (0.838)  Acc@1: 48.4375 (70.7711)  Acc@5: 98.4375 (97.8778)LR: 1.943e-02
2024-11-17 04:34:00,181 -         train_search: [    INFO] - Train: 16 [ 250/390]  Loss: 0.7789 (0.842)  Acc@1: 75.0000 (70.6238)  Acc@5: 98.4375 (97.8399)LR: 1.943e-02
2024-11-17 04:34:12,219 -         train_search: [    INFO] - Train: 16 [ 300/390]  Loss: 0.9844 (0.840)  Acc@1: 64.0625 (70.5409)  Acc@5: 95.3125 (97.8717)LR: 1.943e-02
2024-11-17 04:34:24,409 -         train_search: [    INFO] - Train: 16 [ 350/390]  Loss: 1.111 (0.838)  Acc@1: 73.4375 (70.7265)  Acc@5: 96.8750 (97.8276)LR: 1.943e-02
2024-11-17 04:34:34,322 -         train_search: [    INFO] - Train: 16 [ 390/390]  Loss: 0.6960 (0.836)  Acc@1: 75.0000 (70.7200)  Acc@5: 97.5000 (97.8120)LR: 1.943e-02
2024-11-17 04:34:34,390 -         train_search: [    INFO] - train_acc 70.720000
2024-11-17 04:34:34,656 -         train_search: [    INFO] - Valid: 16 [   0/390]  Loss: 0.8846 (0.885)  Acc@1: 68.7500 (68.7500)  Acc@5: 96.8750 (96.8750)
2024-11-17 04:34:36,941 -         train_search: [    INFO] - Valid: 16 [  50/390]  Loss: 0.5958 (0.815)  Acc@1: 79.6875 (70.8640)  Acc@5: 100.0000 (97.8248)
2024-11-17 04:34:39,161 -         train_search: [    INFO] - Valid: 16 [ 100/390]  Loss: 0.8733 (0.801)  Acc@1: 75.0000 (72.0916)  Acc@5: 96.8750 (97.7259)
2024-11-17 04:34:41,310 -         train_search: [    INFO] - Valid: 16 [ 150/390]  Loss: 0.8626 (0.806)  Acc@1: 65.6250 (71.8026)  Acc@5: 98.4375 (97.6925)
2024-11-17 04:34:43,558 -         train_search: [    INFO] - Valid: 16 [ 200/390]  Loss: 1.044 (0.807)  Acc@1: 67.1875 (71.8750)  Acc@5: 95.3125 (97.7301)
2024-11-17 04:34:45,812 -         train_search: [    INFO] - Valid: 16 [ 250/390]  Loss: 0.7545 (0.807)  Acc@1: 75.0000 (71.6820)  Acc@5: 100.0000 (97.8150)
2024-11-17 04:34:48,134 -         train_search: [    INFO] - Valid: 16 [ 300/390]  Loss: 0.9242 (0.812)  Acc@1: 78.1250 (71.4390)  Acc@5: 96.8750 (97.7315)
2024-11-17 04:34:50,521 -         train_search: [    INFO] - Valid: 16 [ 350/390]  Loss: 1.013 (0.815)  Acc@1: 68.7500 (71.4387)  Acc@5: 96.8750 (97.6763)
2024-11-17 04:34:52,351 -         train_search: [    INFO] - Valid: 16 [ 390/390]  Loss: 0.8280 (0.813)  Acc@1: 70.0000 (71.4200)  Acc@5: 100.0000 (97.7520)
2024-11-17 04:34:52,399 -         train_search: [    INFO] - valid_acc 71.420000
2024-11-17 04:34:52,400 -         train_search: [    INFO] - epoch = 16   
 genotype = |skip_connect~0|+|skip_connect~0|nor_conv_3x3~1|+|skip_connect~0|skip_connect~1|skip_connect~2|
2024-11-17 04:34:52,404 -         train_search: [    INFO] - alphas_normal = 
 tensor([[0.1768, 0.2633, 0.1388, 0.1976, 0.2235],
        [0.1750, 0.2854, 0.1468, 0.1806, 0.2122],
        [0.2314, 0.2210, 0.1306, 0.1757, 0.2413],
        [0.1353, 0.3239, 0.1550, 0.1925, 0.1933],
        [0.2405, 0.2636, 0.1387, 0.1682, 0.1890],
        [0.2624, 0.2222, 0.1244, 0.1856, 0.2055]], device='cuda:0',
       grad_fn=<SoftmaxBackward0>)
2024-11-17 04:34:53,229 -         train_search: [    INFO] - Train: 17 [   0/390]  Loss: 0.7800 (0.780)  Acc@1: 81.2500 (81.2500)  Acc@5: 98.4375 (98.4375)LR: 1.878e-02
2024-11-17 04:35:05,249 -         train_search: [    INFO] - Train: 17 [  50/390]  Loss: 0.7077 (0.800)  Acc@1: 73.4375 (72.7941)  Acc@5: 100.0000 (98.1005)LR: 1.878e-02
2024-11-17 04:35:17,526 -         train_search: [    INFO] - Train: 17 [ 100/390]  Loss: 0.7212 (0.799)  Acc@1: 78.1250 (72.6485)  Acc@5: 100.0000 (98.0507)LR: 1.878e-02
2024-11-17 04:35:29,787 -         train_search: [    INFO] - Train: 17 [ 150/390]  Loss: 0.9294 (0.804)  Acc@1: 70.3125 (72.1233)  Acc@5: 95.3125 (98.0339)LR: 1.878e-02
2024-11-17 04:35:42,113 -         train_search: [    INFO] - Train: 17 [ 200/390]  Loss: 0.7279 (0.798)  Acc@1: 78.1250 (72.3958)  Acc@5: 96.8750 (98.0255)LR: 1.878e-02
2024-11-17 04:35:54,288 -         train_search: [    INFO] - Train: 17 [ 250/390]  Loss: 0.7342 (0.805)  Acc@1: 71.8750 (72.1302)  Acc@5: 96.8750 (98.0578)LR: 1.878e-02
2024-11-17 04:36:06,178 -         train_search: [    INFO] - Train: 17 [ 300/390]  Loss: 0.8352 (0.804)  Acc@1: 76.5625 (72.2124)  Acc@5: 98.4375 (98.0274)LR: 1.878e-02
2024-11-17 04:36:18,986 -         train_search: [    INFO] - Train: 17 [ 350/390]  Loss: 0.9049 (0.807)  Acc@1: 71.8750 (72.0620)  Acc@5: 100.0000 (97.9523)LR: 1.878e-02
2024-11-17 04:36:29,045 -         train_search: [    INFO] - Train: 17 [ 390/390]  Loss: 0.8175 (0.808)  Acc@1: 72.5000 (71.9600)  Acc@5: 97.5000 (97.9640)LR: 1.878e-02
2024-11-17 04:36:29,163 -         train_search: [    INFO] - train_acc 71.960000
2024-11-17 04:36:29,427 -         train_search: [    INFO] - Valid: 17 [   0/390]  Loss: 0.7199 (0.720)  Acc@1: 68.7500 (68.7500)  Acc@5: 100.0000 (100.0000)
2024-11-17 04:36:31,601 -         train_search: [    INFO] - Valid: 17 [  50/390]  Loss: 0.9123 (0.810)  Acc@1: 70.3125 (71.4767)  Acc@5: 93.7500 (98.1311)
2024-11-17 04:36:33,785 -         train_search: [    INFO] - Valid: 17 [ 100/390]  Loss: 0.6116 (0.801)  Acc@1: 75.0000 (71.7976)  Acc@5: 100.0000 (97.9734)
2024-11-17 04:36:35,952 -         train_search: [    INFO] - Valid: 17 [ 150/390]  Loss: 0.8943 (0.809)  Acc@1: 65.6250 (71.5956)  Acc@5: 96.8750 (97.9408)
2024-11-17 04:36:38,329 -         train_search: [    INFO] - Valid: 17 [ 200/390]  Loss: 0.7038 (0.812)  Acc@1: 75.0000 (71.4164)  Acc@5: 96.8750 (97.9711)
2024-11-17 04:36:40,481 -         train_search: [    INFO] - Valid: 17 [ 250/390]  Loss: 0.5941 (0.805)  Acc@1: 78.1250 (71.6447)  Acc@5: 100.0000 (98.0017)
2024-11-17 04:36:42,623 -         train_search: [    INFO] - Valid: 17 [ 300/390]  Loss: 0.9829 (0.806)  Acc@1: 67.1875 (71.6725)  Acc@5: 96.8750 (97.9184)
2024-11-17 04:36:44,878 -         train_search: [    INFO] - Valid: 17 [ 350/390]  Loss: 0.7804 (0.807)  Acc@1: 73.4375 (71.6079)  Acc@5: 100.0000 (97.9078)
2024-11-17 04:36:46,730 -         train_search: [    INFO] - Valid: 17 [ 390/390]  Loss: 0.7179 (0.806)  Acc@1: 80.0000 (71.7360)  Acc@5: 95.0000 (97.8880)
2024-11-17 04:36:46,782 -         train_search: [    INFO] - valid_acc 71.736000
2024-11-17 04:36:46,783 -         train_search: [    INFO] - epoch = 17   
 genotype = |skip_connect~0|+|skip_connect~0|nor_conv_3x3~1|+|skip_connect~0|skip_connect~1|skip_connect~2|
2024-11-17 04:36:46,785 -         train_search: [    INFO] - alphas_normal = 
 tensor([[0.1764, 0.2664, 0.1379, 0.1949, 0.2244],
        [0.1757, 0.2876, 0.1452, 0.1786, 0.2129],
        [0.2317, 0.2208, 0.1292, 0.1762, 0.2421],
        [0.1344, 0.3307, 0.1541, 0.1900, 0.1907],
        [0.2419, 0.2661, 0.1373, 0.1667, 0.1879],
        [0.2644, 0.2213, 0.1226, 0.1847, 0.2071]], device='cuda:0',
       grad_fn=<SoftmaxBackward0>)
2024-11-17 04:36:47,449 -         train_search: [    INFO] - Train: 18 [   0/390]  Loss: 0.6097 (0.610)  Acc@1: 81.2500 (81.2500)  Acc@5: 98.4375 (98.4375)LR: 1.811e-02
2024-11-17 04:36:59,250 -         train_search: [    INFO] - Train: 18 [  50/390]  Loss: 0.8540 (0.755)  Acc@1: 73.4375 (73.3456)  Acc@5: 95.3125 (97.8860)LR: 1.811e-02
2024-11-17 04:37:11,654 -         train_search: [    INFO] - Train: 18 [ 100/390]  Loss: 0.7371 (0.774)  Acc@1: 76.5625 (72.7413)  Acc@5: 98.4375 (97.9425)LR: 1.811e-02
2024-11-17 04:37:23,587 -         train_search: [    INFO] - Train: 18 [ 150/390]  Loss: 0.6763 (0.769)  Acc@1: 78.1250 (73.2305)  Acc@5: 98.4375 (98.0132)LR: 1.811e-02
2024-11-17 04:37:35,493 -         train_search: [    INFO] - Train: 18 [ 200/390]  Loss: 0.6875 (0.766)  Acc@1: 75.0000 (73.1732)  Acc@5: 98.4375 (98.1499)LR: 1.811e-02
2024-11-17 04:37:47,689 -         train_search: [    INFO] - Train: 18 [ 250/390]  Loss: 0.6525 (0.770)  Acc@1: 78.1250 (73.1885)  Acc@5: 98.4375 (98.0889)LR: 1.811e-02
2024-11-17 04:37:59,460 -         train_search: [    INFO] - Train: 18 [ 300/390]  Loss: 0.9364 (0.770)  Acc@1: 65.6250 (73.2143)  Acc@5: 98.4375 (98.0534)LR: 1.811e-02
2024-11-17 04:38:11,869 -         train_search: [    INFO] - Train: 18 [ 350/390]  Loss: 0.6602 (0.766)  Acc@1: 79.6875 (73.4598)  Acc@5: 96.8750 (98.1081)LR: 1.811e-02
2024-11-17 04:38:21,433 -         train_search: [    INFO] - Train: 18 [ 390/390]  Loss: 1.288 (0.771)  Acc@1: 55.0000 (73.3000)  Acc@5: 90.0000 (98.0640)LR: 1.811e-02
2024-11-17 04:38:21,526 -         train_search: [    INFO] - train_acc 73.300000
2024-11-17 04:38:21,796 -         train_search: [    INFO] - Valid: 18 [   0/390]  Loss: 0.7473 (0.747)  Acc@1: 71.8750 (71.8750)  Acc@5: 96.8750 (96.8750)
2024-11-17 04:38:23,952 -         train_search: [    INFO] - Valid: 18 [  50/390]  Loss: 1.079 (0.813)  Acc@1: 60.9375 (72.4265)  Acc@5: 93.7500 (97.3958)
2024-11-17 04:38:26,170 -         train_search: [    INFO] - Valid: 18 [ 100/390]  Loss: 0.7747 (0.820)  Acc@1: 75.0000 (72.2153)  Acc@5: 96.8750 (97.4629)
2024-11-17 04:38:28,560 -         train_search: [    INFO] - Valid: 18 [ 150/390]  Loss: 0.6393 (0.816)  Acc@1: 76.5625 (72.0923)  Acc@5: 100.0000 (97.4648)
2024-11-17 04:38:30,716 -         train_search: [    INFO] - Valid: 18 [ 200/390]  Loss: 0.5067 (0.806)  Acc@1: 79.6875 (72.2248)  Acc@5: 98.4375 (97.6213)
2024-11-17 04:38:32,879 -         train_search: [    INFO] - Valid: 18 [ 250/390]  Loss: 0.7875 (0.806)  Acc@1: 73.4375 (72.0244)  Acc@5: 98.4375 (97.7278)
2024-11-17 04:38:35,037 -         train_search: [    INFO] - Valid: 18 [ 300/390]  Loss: 1.029 (0.807)  Acc@1: 67.1875 (72.1138)  Acc@5: 96.8750 (97.7471)
2024-11-17 04:38:37,204 -         train_search: [    INFO] - Valid: 18 [ 350/390]  Loss: 0.6236 (0.813)  Acc@1: 84.3750 (71.9106)  Acc@5: 98.4375 (97.7698)
2024-11-17 04:38:39,019 -         train_search: [    INFO] - Valid: 18 [ 390/390]  Loss: 1.153 (0.811)  Acc@1: 67.5000 (72.0280)  Acc@5: 100.0000 (97.7560)
2024-11-17 04:38:39,083 -         train_search: [    INFO] - valid_acc 72.028000
2024-11-17 04:38:39,084 -         train_search: [    INFO] - epoch = 18   
 genotype = |skip_connect~0|+|skip_connect~0|nor_conv_3x3~1|+|skip_connect~0|skip_connect~1|skip_connect~2|
2024-11-17 04:38:39,086 -         train_search: [    INFO] - alphas_normal = 
 tensor([[0.1779, 0.2660, 0.1349, 0.1936, 0.2276],
        [0.1783, 0.2891, 0.1427, 0.1776, 0.2122],
        [0.2306, 0.2189, 0.1268, 0.1771, 0.2467],
        [0.1346, 0.3351, 0.1513, 0.1887, 0.1902],
        [0.2428, 0.2661, 0.1343, 0.1673, 0.1896],
        [0.2652, 0.2189, 0.1198, 0.1847, 0.2113]], device='cuda:0',
       grad_fn=<SoftmaxBackward0>)
2024-11-17 04:38:39,993 -         train_search: [    INFO] - Train: 19 [   0/390]  Loss: 0.6796 (0.680)  Acc@1: 78.1250 (78.1250)  Acc@5: 96.8750 (96.8750)LR: 1.742e-02
2024-11-17 04:38:51,867 -         train_search: [    INFO] - Train: 19 [  50/390]  Loss: 0.7279 (0.749)  Acc@1: 73.4375 (74.0809)  Acc@5: 100.0000 (98.1924)LR: 1.742e-02
2024-11-17 04:39:03,979 -         train_search: [    INFO] - Train: 19 [ 100/390]  Loss: 1.011 (0.757)  Acc@1: 65.6250 (73.7469)  Acc@5: 95.3125 (98.1745)LR: 1.742e-02
2024-11-17 04:39:15,977 -         train_search: [    INFO] - Train: 19 [ 150/390]  Loss: 0.8541 (0.750)  Acc@1: 67.1875 (74.1101)  Acc@5: 96.8750 (98.1995)LR: 1.742e-02
2024-11-17 04:39:28,201 -         train_search: [    INFO] - Train: 19 [ 200/390]  Loss: 0.6876 (0.746)  Acc@1: 78.1250 (74.3626)  Acc@5: 98.4375 (98.2743)LR: 1.742e-02
2024-11-17 04:39:40,387 -         train_search: [    INFO] - Train: 19 [ 250/390]  Loss: 0.6149 (0.741)  Acc@1: 81.2500 (74.3650)  Acc@5: 96.8750 (98.3317)LR: 1.742e-02
2024-11-17 04:39:52,220 -         train_search: [    INFO] - Train: 19 [ 300/390]  Loss: 0.7419 (0.741)  Acc@1: 73.4375 (74.3615)  Acc@5: 100.0000 (98.4219)LR: 1.742e-02
2024-11-17 04:40:04,065 -         train_search: [    INFO] - Train: 19 [ 350/390]  Loss: 0.8153 (0.742)  Acc@1: 70.3125 (74.3634)  Acc@5: 98.4375 (98.3930)LR: 1.742e-02
2024-11-17 04:40:13,956 -         train_search: [    INFO] - Train: 19 [ 390/390]  Loss: 0.7390 (0.744)  Acc@1: 77.5000 (74.1760)  Acc@5: 97.5000 (98.3920)LR: 1.742e-02
2024-11-17 04:40:14,072 -         train_search: [    INFO] - train_acc 74.176000
2024-11-17 04:40:14,439 -         train_search: [    INFO] - Valid: 19 [   0/390]  Loss: 1.035 (1.03)  Acc@1: 59.3750 (59.3750)  Acc@5: 95.3125 (95.3125)
2024-11-17 04:40:16,700 -         train_search: [    INFO] - Valid: 19 [  50/390]  Loss: 0.8811 (0.796)  Acc@1: 67.1875 (70.6801)  Acc@5: 96.8750 (98.0699)
2024-11-17 04:40:18,905 -         train_search: [    INFO] - Valid: 19 [ 100/390]  Loss: 0.8012 (0.781)  Acc@1: 75.0000 (71.8750)  Acc@5: 100.0000 (98.2209)
2024-11-17 04:40:21,113 -         train_search: [    INFO] - Valid: 19 [ 150/390]  Loss: 0.7525 (0.784)  Acc@1: 75.0000 (71.8750)  Acc@5: 96.8750 (98.2719)
2024-11-17 04:40:23,288 -         train_search: [    INFO] - Valid: 19 [ 200/390]  Loss: 0.7956 (0.781)  Acc@1: 73.4375 (71.9994)  Acc@5: 96.8750 (98.3364)
2024-11-17 04:40:25,524 -         train_search: [    INFO] - Valid: 19 [ 250/390]  Loss: 1.096 (0.782)  Acc@1: 64.0625 (71.9746)  Acc@5: 92.1875 (98.3379)
2024-11-17 04:40:27,712 -         train_search: [    INFO] - Valid: 19 [ 300/390]  Loss: 0.7637 (0.777)  Acc@1: 73.4375 (72.2903)  Acc@5: 98.4375 (98.3596)
2024-11-17 04:40:29,918 -         train_search: [    INFO] - Valid: 19 [ 350/390]  Loss: 1.020 (0.779)  Acc@1: 70.3125 (72.2667)  Acc@5: 95.3125 (98.2505)
2024-11-17 04:40:31,659 -         train_search: [    INFO] - Valid: 19 [ 390/390]  Loss: 0.6393 (0.777)  Acc@1: 80.0000 (72.4760)  Acc@5: 100.0000 (98.2520)
2024-11-17 04:40:31,698 -         train_search: [    INFO] - valid_acc 72.476000
2024-11-17 04:40:31,699 -         train_search: [    INFO] - epoch = 19   
 genotype = |skip_connect~0|+|skip_connect~0|nor_conv_3x3~1|+|skip_connect~0|skip_connect~1|skip_connect~2|
2024-11-17 04:40:31,701 -         train_search: [    INFO] - alphas_normal = 
 tensor([[0.1771, 0.2671, 0.1326, 0.1942, 0.2290],
        [0.1779, 0.2910, 0.1402, 0.1771, 0.2137],
        [0.2312, 0.2188, 0.1248, 0.1773, 0.2480],
        [0.1335, 0.3408, 0.1494, 0.1861, 0.1903],
        [0.2430, 0.2686, 0.1329, 0.1658, 0.1896],
        [0.2676, 0.2196, 0.1181, 0.1841, 0.2106]], device='cuda:0',
       grad_fn=<SoftmaxBackward0>)
2024-11-17 04:40:32,604 -         train_search: [    INFO] - Train: 20 [   0/390]  Loss: 0.6262 (0.626)  Acc@1: 78.1250 (78.1250)  Acc@5: 96.8750 (96.8750)LR: 1.671e-02
2024-11-17 04:40:46,420 -         train_search: [    INFO] - Train: 20 [  50/390]  Loss: 1.028 (0.714)  Acc@1: 64.0625 (74.7243)  Acc@5: 96.8750 (98.4375)LR: 1.671e-02
2024-11-17 04:40:59,511 -         train_search: [    INFO] - Train: 20 [ 100/390]  Loss: 0.6789 (0.715)  Acc@1: 79.6875 (74.5668)  Acc@5: 100.0000 (98.5613)LR: 1.671e-02
2024-11-17 04:41:12,451 -         train_search: [    INFO] - Train: 20 [ 150/390]  Loss: 0.7749 (0.719)  Acc@1: 76.5625 (74.6792)  Acc@5: 93.7500 (98.4478)LR: 1.671e-02
2024-11-17 04:41:25,078 -         train_search: [    INFO] - Train: 20 [ 200/390]  Loss: 0.5780 (0.723)  Acc@1: 81.2500 (74.6657)  Acc@5: 100.0000 (98.3986)LR: 1.671e-02
2024-11-17 04:41:38,006 -         train_search: [    INFO] - Train: 20 [ 250/390]  Loss: 0.6314 (0.715)  Acc@1: 75.0000 (74.9626)  Acc@5: 100.0000 (98.4375)LR: 1.671e-02
2024-11-17 04:41:50,791 -         train_search: [    INFO] - Train: 20 [ 300/390]  Loss: 0.8150 (0.716)  Acc@1: 68.7500 (75.0467)  Acc@5: 100.0000 (98.4271)LR: 1.671e-02
2024-11-17 04:42:03,259 -         train_search: [    INFO] - Train: 20 [ 350/390]  Loss: 0.7019 (0.718)  Acc@1: 75.0000 (74.9154)  Acc@5: 98.4375 (98.4330)LR: 1.671e-02
2024-11-17 04:42:13,549 -         train_search: [    INFO] - Train: 20 [ 390/390]  Loss: 0.4895 (0.724)  Acc@1: 82.5000 (74.7160)  Acc@5: 97.5000 (98.3920)LR: 1.671e-02
2024-11-17 04:42:13,647 -         train_search: [    INFO] - train_acc 74.716000
2024-11-17 04:42:14,109 -         train_search: [    INFO] - Valid: 20 [   0/390]  Loss: 0.6659 (0.666)  Acc@1: 81.2500 (81.2500)  Acc@5: 98.4375 (98.4375)
2024-11-17 04:42:16,314 -         train_search: [    INFO] - Valid: 20 [  50/390]  Loss: 0.8498 (0.747)  Acc@1: 67.1875 (74.2647)  Acc@5: 96.8750 (98.0086)
2024-11-17 04:42:18,535 -         train_search: [    INFO] - Valid: 20 [ 100/390]  Loss: 0.7630 (0.742)  Acc@1: 76.5625 (74.5978)  Acc@5: 100.0000 (98.0043)
2024-11-17 04:42:20,730 -         train_search: [    INFO] - Valid: 20 [ 150/390]  Loss: 0.7276 (0.750)  Acc@1: 71.8750 (74.2550)  Acc@5: 100.0000 (97.9408)
2024-11-17 04:42:22,999 -         train_search: [    INFO] - Valid: 20 [ 200/390]  Loss: 0.9442 (0.757)  Acc@1: 68.7500 (73.8340)  Acc@5: 95.3125 (98.0022)
2024-11-17 04:42:25,148 -         train_search: [    INFO] - Valid: 20 [ 250/390]  Loss: 0.8229 (0.759)  Acc@1: 68.7500 (73.6927)  Acc@5: 98.4375 (97.9831)
2024-11-17 04:42:27,440 -         train_search: [    INFO] - Valid: 20 [ 300/390]  Loss: 0.8094 (0.755)  Acc@1: 75.0000 (73.7957)  Acc@5: 98.4375 (98.0949)
2024-11-17 04:42:29,631 -         train_search: [    INFO] - Valid: 20 [ 350/390]  Loss: 0.6232 (0.760)  Acc@1: 71.8750 (73.6200)  Acc@5: 100.0000 (98.0680)
2024-11-17 04:42:31,362 -         train_search: [    INFO] - Valid: 20 [ 390/390]  Loss: 0.7533 (0.757)  Acc@1: 77.5000 (73.7000)  Acc@5: 97.5000 (98.1040)
2024-11-17 04:42:31,416 -         train_search: [    INFO] - valid_acc 73.700000
2024-11-17 04:42:31,416 -         train_search: [    INFO] - epoch = 20   
 genotype = |skip_connect~0|+|skip_connect~0|nor_conv_3x3~1|+|skip_connect~0|skip_connect~1|skip_connect~2|
2024-11-17 04:42:31,418 -         train_search: [    INFO] - alphas_normal = 
 tensor([[0.1757, 0.2710, 0.1309, 0.1944, 0.2280],
        [0.1775, 0.2967, 0.1387, 0.1741, 0.2130],
        [0.2326, 0.2187, 0.1222, 0.1767, 0.2498],
        [0.1305, 0.3518, 0.1474, 0.1830, 0.1873],
        [0.2450, 0.2730, 0.1301, 0.1646, 0.1874],
        [0.2719, 0.2194, 0.1148, 0.1832, 0.2107]], device='cuda:0',
       grad_fn=<SoftmaxBackward0>)
2024-11-17 04:42:32,138 -         train_search: [    INFO] - Train: 21 [   0/390]  Loss: 0.4735 (0.474)  Acc@1: 85.9375 (85.9375)  Acc@5: 100.0000 (100.0000)LR: 1.598e-02
2024-11-17 04:42:44,447 -         train_search: [    INFO] - Train: 21 [  50/390]  Loss: 0.7959 (0.701)  Acc@1: 68.7500 (76.1949)  Acc@5: 98.4375 (98.4681)LR: 1.598e-02
2024-11-17 04:42:56,781 -         train_search: [    INFO] - Train: 21 [ 100/390]  Loss: 0.6152 (0.690)  Acc@1: 76.5625 (76.0210)  Acc@5: 100.0000 (98.4066)LR: 1.598e-02
2024-11-17 04:43:09,247 -         train_search: [    INFO] - Train: 21 [ 150/390]  Loss: 0.6549 (0.693)  Acc@1: 78.1250 (75.7657)  Acc@5: 98.4375 (98.4582)LR: 1.598e-02
2024-11-17 04:43:21,344 -         train_search: [    INFO] - Train: 21 [ 200/390]  Loss: 0.5197 (0.697)  Acc@1: 78.1250 (75.6608)  Acc@5: 100.0000 (98.4686)LR: 1.598e-02
2024-11-17 04:43:33,585 -         train_search: [    INFO] - Train: 21 [ 250/390]  Loss: 0.6878 (0.698)  Acc@1: 76.5625 (75.7470)  Acc@5: 100.0000 (98.4624)LR: 1.598e-02
2024-11-17 04:43:45,926 -         train_search: [    INFO] - Train: 21 [ 300/390]  Loss: 0.7055 (0.696)  Acc@1: 75.0000 (75.7527)  Acc@5: 100.0000 (98.4790)LR: 1.598e-02
2024-11-17 04:43:58,125 -         train_search: [    INFO] - Train: 21 [ 350/390]  Loss: 0.4981 (0.695)  Acc@1: 79.6875 (75.8235)  Acc@5: 100.0000 (98.4642)LR: 1.598e-02
2024-11-17 04:44:07,848 -         train_search: [    INFO] - Train: 21 [ 390/390]  Loss: 0.5776 (0.696)  Acc@1: 77.5000 (75.8080)  Acc@5: 100.0000 (98.4400)LR: 1.598e-02
2024-11-17 04:44:07,950 -         train_search: [    INFO] - train_acc 75.808000
2024-11-17 04:44:08,226 -         train_search: [    INFO] - Valid: 21 [   0/390]  Loss: 0.9560 (0.956)  Acc@1: 67.1875 (67.1875)  Acc@5: 96.8750 (96.8750)
2024-11-17 04:44:10,414 -         train_search: [    INFO] - Valid: 21 [  50/390]  Loss: 0.6944 (0.734)  Acc@1: 71.8750 (73.9583)  Acc@5: 98.4375 (98.4069)
2024-11-17 04:44:12,711 -         train_search: [    INFO] - Valid: 21 [ 100/390]  Loss: 0.6027 (0.733)  Acc@1: 78.1250 (74.4740)  Acc@5: 98.4375 (98.4994)
2024-11-17 04:44:14,979 -         train_search: [    INFO] - Valid: 21 [ 150/390]  Loss: 0.5880 (0.729)  Acc@1: 76.5625 (74.4516)  Acc@5: 100.0000 (98.4996)
2024-11-17 04:44:17,226 -         train_search: [    INFO] - Valid: 21 [ 200/390]  Loss: 0.6006 (0.734)  Acc@1: 78.1250 (74.5414)  Acc@5: 100.0000 (98.4608)
2024-11-17 04:44:19,506 -         train_search: [    INFO] - Valid: 21 [ 250/390]  Loss: 0.9693 (0.736)  Acc@1: 65.6250 (74.4646)  Acc@5: 98.4375 (98.4250)
2024-11-17 04:44:21,855 -         train_search: [    INFO] - Valid: 21 [ 300/390]  Loss: 0.8019 (0.735)  Acc@1: 70.3125 (74.4394)  Acc@5: 95.3125 (98.3441)
2024-11-17 04:44:24,056 -         train_search: [    INFO] - Valid: 21 [ 350/390]  Loss: 0.6443 (0.734)  Acc@1: 75.0000 (74.4970)  Acc@5: 100.0000 (98.3218)
2024-11-17 04:44:25,893 -         train_search: [    INFO] - Valid: 21 [ 390/390]  Loss: 0.8751 (0.736)  Acc@1: 72.5000 (74.4320)  Acc@5: 95.0000 (98.3160)
2024-11-17 04:44:25,929 -         train_search: [    INFO] - valid_acc 74.432000
2024-11-17 04:44:25,930 -         train_search: [    INFO] - epoch = 21   
 genotype = |skip_connect~0|+|skip_connect~0|nor_conv_3x3~1|+|skip_connect~0|skip_connect~1|skip_connect~2|
2024-11-17 04:44:25,932 -         train_search: [    INFO] - alphas_normal = 
 tensor([[0.1764, 0.2731, 0.1294, 0.1928, 0.2282],
        [0.1770, 0.2971, 0.1362, 0.1733, 0.2163],
        [0.2329, 0.2177, 0.1198, 0.1749, 0.2546],
        [0.1295, 0.3577, 0.1449, 0.1814, 0.1865],
        [0.2464, 0.2740, 0.1276, 0.1636, 0.1884],
        [0.2730, 0.2209, 0.1131, 0.1819, 0.2110]], device='cuda:0',
       grad_fn=<SoftmaxBackward0>)
2024-11-17 04:44:26,777 -         train_search: [    INFO] - Train: 22 [   0/390]  Loss: 0.7188 (0.719)  Acc@1: 79.6875 (79.6875)  Acc@5: 100.0000 (100.0000)LR: 1.525e-02
2024-11-17 04:44:39,436 -         train_search: [    INFO] - Train: 22 [  50/390]  Loss: 0.6499 (0.683)  Acc@1: 71.8750 (76.4706)  Acc@5: 96.8750 (98.4988)LR: 1.525e-02
2024-11-17 04:44:51,835 -         train_search: [    INFO] - Train: 22 [ 100/390]  Loss: 0.5194 (0.679)  Acc@1: 89.0625 (76.7017)  Acc@5: 98.4375 (98.6386)LR: 1.525e-02
2024-11-17 04:45:04,311 -         train_search: [    INFO] - Train: 22 [ 150/390]  Loss: 0.8126 (0.672)  Acc@1: 68.7500 (77.0075)  Acc@5: 96.8750 (98.5927)LR: 1.525e-02
2024-11-17 04:45:16,433 -         train_search: [    INFO] - Train: 22 [ 200/390]  Loss: 0.7520 (0.676)  Acc@1: 70.3125 (76.6947)  Acc@5: 98.4375 (98.5619)LR: 1.525e-02
2024-11-17 04:45:29,019 -         train_search: [    INFO] - Train: 22 [ 250/390]  Loss: 0.7106 (0.677)  Acc@1: 75.0000 (76.5376)  Acc@5: 100.0000 (98.6180)LR: 1.525e-02
2024-11-17 04:45:41,970 -         train_search: [    INFO] - Train: 22 [ 300/390]  Loss: 0.7159 (0.671)  Acc@1: 64.0625 (76.8169)  Acc@5: 95.3125 (98.5880)LR: 1.525e-02
2024-11-17 04:45:54,005 -         train_search: [    INFO] - Train: 22 [ 350/390]  Loss: 0.6019 (0.671)  Acc@1: 81.2500 (76.9186)  Acc@5: 96.8750 (98.5800)LR: 1.525e-02
2024-11-17 04:46:04,025 -         train_search: [    INFO] - Train: 22 [ 390/390]  Loss: 0.4269 (0.673)  Acc@1: 80.0000 (76.8800)  Acc@5: 100.0000 (98.5880)LR: 1.525e-02
2024-11-17 04:46:04,152 -         train_search: [    INFO] - train_acc 76.880000
2024-11-17 04:46:04,462 -         train_search: [    INFO] - Valid: 22 [   0/390]  Loss: 0.7477 (0.748)  Acc@1: 75.0000 (75.0000)  Acc@5: 98.4375 (98.4375)
2024-11-17 04:46:07,067 -         train_search: [    INFO] - Valid: 22 [  50/390]  Loss: 0.6308 (0.700)  Acc@1: 82.8125 (75.8885)  Acc@5: 100.0000 (98.2230)
2024-11-17 04:46:09,283 -         train_search: [    INFO] - Valid: 22 [ 100/390]  Loss: 0.7384 (0.694)  Acc@1: 73.4375 (76.2531)  Acc@5: 95.3125 (98.3292)
2024-11-17 04:46:11,462 -         train_search: [    INFO] - Valid: 22 [ 150/390]  Loss: 0.5665 (0.687)  Acc@1: 84.3750 (76.5418)  Acc@5: 98.4375 (98.4685)
2024-11-17 04:46:13,646 -         train_search: [    INFO] - Valid: 22 [ 200/390]  Loss: 0.5337 (0.683)  Acc@1: 84.3750 (76.5081)  Acc@5: 98.4375 (98.5386)
2024-11-17 04:46:15,810 -         train_search: [    INFO] - Valid: 22 [ 250/390]  Loss: 0.5908 (0.684)  Acc@1: 79.6875 (76.4380)  Acc@5: 100.0000 (98.5184)
2024-11-17 04:46:18,132 -         train_search: [    INFO] - Valid: 22 [ 300/390]  Loss: 0.7458 (0.685)  Acc@1: 75.0000 (76.4794)  Acc@5: 100.0000 (98.5154)
2024-11-17 04:46:20,289 -         train_search: [    INFO] - Valid: 22 [ 350/390]  Loss: 0.5174 (0.682)  Acc@1: 84.3750 (76.7005)  Acc@5: 96.8750 (98.5043)
2024-11-17 04:46:21,997 -         train_search: [    INFO] - Valid: 22 [ 390/390]  Loss: 0.5608 (0.680)  Acc@1: 80.0000 (76.7960)  Acc@5: 100.0000 (98.5480)
2024-11-17 04:46:22,036 -         train_search: [    INFO] - valid_acc 76.796000
2024-11-17 04:46:22,036 -         train_search: [    INFO] - epoch = 22   
 genotype = |skip_connect~0|+|skip_connect~0|nor_conv_3x3~1|+|skip_connect~0|skip_connect~1|skip_connect~2|
2024-11-17 04:46:22,038 -         train_search: [    INFO] - alphas_normal = 
 tensor([[0.1754, 0.2752, 0.1276, 0.1915, 0.2303],
        [0.1774, 0.2993, 0.1343, 0.1716, 0.2174],
        [0.2325, 0.2174, 0.1177, 0.1739, 0.2585],
        [0.1287, 0.3663, 0.1420, 0.1799, 0.1831],
        [0.2475, 0.2773, 0.1248, 0.1631, 0.1872],
        [0.2738, 0.2211, 0.1105, 0.1814, 0.2131]], device='cuda:0',
       grad_fn=<SoftmaxBackward0>)
2024-11-17 04:46:22,704 -         train_search: [    INFO] - Train: 23 [   0/390]  Loss: 0.8213 (0.821)  Acc@1: 70.3125 (70.3125)  Acc@5: 96.8750 (96.8750)LR: 1.450e-02
2024-11-17 04:46:35,113 -         train_search: [    INFO] - Train: 23 [  50/390]  Loss: 0.5816 (0.666)  Acc@1: 78.1250 (76.9914)  Acc@5: 98.4375 (98.7439)LR: 1.450e-02
2024-11-17 04:46:47,152 -         train_search: [    INFO] - Train: 23 [ 100/390]  Loss: 0.5065 (0.639)  Acc@1: 82.8125 (77.5835)  Acc@5: 98.4375 (98.8707)LR: 1.450e-02
2024-11-17 04:46:59,277 -         train_search: [    INFO] - Train: 23 [ 150/390]  Loss: 0.5317 (0.634)  Acc@1: 82.8125 (77.7007)  Acc@5: 98.4375 (98.8721)LR: 1.450e-02
2024-11-17 04:47:11,609 -         train_search: [    INFO] - Train: 23 [ 200/390]  Loss: 0.5226 (0.645)  Acc@1: 84.3750 (77.4720)  Acc@5: 98.4375 (98.7562)LR: 1.450e-02
2024-11-17 04:47:23,678 -         train_search: [    INFO] - Train: 23 [ 250/390]  Loss: 0.5300 (0.654)  Acc@1: 78.1250 (77.1663)  Acc@5: 100.0000 (98.7052)LR: 1.450e-02
2024-11-17 04:47:35,636 -         train_search: [    INFO] - Train: 23 [ 300/390]  Loss: 0.6573 (0.652)  Acc@1: 76.5625 (77.1491)  Acc@5: 100.0000 (98.7386)LR: 1.450e-02
2024-11-17 04:47:47,488 -         train_search: [    INFO] - Train: 23 [ 350/390]  Loss: 0.4825 (0.647)  Acc@1: 84.3750 (77.4217)  Acc@5: 100.0000 (98.7580)LR: 1.450e-02
2024-11-17 04:47:57,082 -         train_search: [    INFO] - Train: 23 [ 390/390]  Loss: 0.3962 (0.647)  Acc@1: 87.5000 (77.4440)  Acc@5: 100.0000 (98.7400)LR: 1.450e-02
2024-11-17 04:47:57,171 -         train_search: [    INFO] - train_acc 77.444000
2024-11-17 04:47:57,610 -         train_search: [    INFO] - Valid: 23 [   0/390]  Loss: 0.8930 (0.893)  Acc@1: 71.8750 (71.8750)  Acc@5: 95.3125 (95.3125)
2024-11-17 04:47:59,801 -         train_search: [    INFO] - Valid: 23 [  50/390]  Loss: 0.6328 (0.713)  Acc@1: 76.5625 (75.4596)  Acc@5: 96.8750 (98.3150)
2024-11-17 04:48:01,986 -         train_search: [    INFO] - Valid: 23 [ 100/390]  Loss: 0.6073 (0.713)  Acc@1: 79.6875 (75.4177)  Acc@5: 96.8750 (98.4839)
2024-11-17 04:48:04,156 -         train_search: [    INFO] - Valid: 23 [ 150/390]  Loss: 0.5120 (0.700)  Acc@1: 82.8125 (75.8589)  Acc@5: 96.8750 (98.4478)
2024-11-17 04:48:06,334 -         train_search: [    INFO] - Valid: 23 [ 200/390]  Loss: 0.7400 (0.698)  Acc@1: 76.5625 (76.0572)  Acc@5: 98.4375 (98.4841)
2024-11-17 04:48:08,532 -         train_search: [    INFO] - Valid: 23 [ 250/390]  Loss: 0.5928 (0.699)  Acc@1: 70.3125 (75.9151)  Acc@5: 100.0000 (98.4250)
2024-11-17 04:48:10,699 -         train_search: [    INFO] - Valid: 23 [ 300/390]  Loss: 0.4568 (0.701)  Acc@1: 85.9375 (75.9292)  Acc@5: 100.0000 (98.4115)
2024-11-17 04:48:12,867 -         train_search: [    INFO] - Valid: 23 [ 350/390]  Loss: 0.6253 (0.696)  Acc@1: 76.5625 (76.0595)  Acc@5: 96.8750 (98.4375)
2024-11-17 04:48:14,591 -         train_search: [    INFO] - Valid: 23 [ 390/390]  Loss: 0.6386 (0.697)  Acc@1: 75.0000 (75.9360)  Acc@5: 100.0000 (98.4520)
2024-11-17 04:48:14,641 -         train_search: [    INFO] - valid_acc 75.936000
2024-11-17 04:48:14,641 -         train_search: [    INFO] - epoch = 23   
 genotype = |skip_connect~0|+|skip_connect~0|nor_conv_3x3~1|+|skip_connect~0|skip_connect~1|skip_connect~2|
2024-11-17 04:48:14,643 -         train_search: [    INFO] - alphas_normal = 
 tensor([[0.1762, 0.2778, 0.1257, 0.1904, 0.2299],
        [0.1778, 0.3006, 0.1314, 0.1710, 0.2192],
        [0.2331, 0.2155, 0.1149, 0.1739, 0.2626],
        [0.1276, 0.3735, 0.1388, 0.1785, 0.1816],
        [0.2495, 0.2790, 0.1218, 0.1632, 0.1864],
        [0.2768, 0.2210, 0.1075, 0.1816, 0.2131]], device='cuda:0',
       grad_fn=<SoftmaxBackward0>)
2024-11-17 04:48:15,326 -         train_search: [    INFO] - Train: 24 [   0/390]  Loss: 0.4724 (0.472)  Acc@1: 84.3750 (84.3750)  Acc@5: 96.8750 (96.8750)LR: 1.375e-02
2024-11-17 04:48:27,852 -         train_search: [    INFO] - Train: 24 [  50/390]  Loss: 0.6107 (0.572)  Acc@1: 82.8125 (80.0858)  Acc@5: 100.0000 (99.0196)LR: 1.375e-02
2024-11-17 04:48:40,269 -         train_search: [    INFO] - Train: 24 [ 100/390]  Loss: 0.8658 (0.612)  Acc@1: 76.5625 (78.7283)  Acc@5: 96.8750 (98.7933)LR: 1.375e-02
2024-11-17 04:48:52,735 -         train_search: [    INFO] - Train: 24 [ 150/390]  Loss: 0.5407 (0.620)  Acc@1: 79.6875 (78.4044)  Acc@5: 96.8750 (98.7583)LR: 1.375e-02
2024-11-17 04:49:04,738 -         train_search: [    INFO] - Train: 24 [ 200/390]  Loss: 0.9424 (0.632)  Acc@1: 68.7500 (78.0628)  Acc@5: 93.7500 (98.7096)LR: 1.375e-02
2024-11-17 04:49:17,935 -         train_search: [    INFO] - Train: 24 [ 250/390]  Loss: 0.5863 (0.632)  Acc@1: 79.6875 (78.0939)  Acc@5: 100.0000 (98.6865)LR: 1.375e-02
2024-11-17 04:49:30,874 -         train_search: [    INFO] - Train: 24 [ 300/390]  Loss: 0.6669 (0.629)  Acc@1: 76.5625 (78.1925)  Acc@5: 98.4375 (98.7645)LR: 1.375e-02
2024-11-17 04:49:42,908 -         train_search: [    INFO] - Train: 24 [ 350/390]  Loss: 0.4775 (0.626)  Acc@1: 81.2500 (78.4099)  Acc@5: 100.0000 (98.7714)LR: 1.375e-02
2024-11-17 04:49:52,445 -         train_search: [    INFO] - Train: 24 [ 390/390]  Loss: 0.8125 (0.629)  Acc@1: 67.5000 (78.3720)  Acc@5: 100.0000 (98.7800)LR: 1.375e-02
2024-11-17 04:49:52,537 -         train_search: [    INFO] - train_acc 78.372000
2024-11-17 04:49:52,864 -         train_search: [    INFO] - Valid: 24 [   0/390]  Loss: 0.8312 (0.831)  Acc@1: 73.4375 (73.4375)  Acc@5: 95.3125 (95.3125)
2024-11-17 04:49:55,110 -         train_search: [    INFO] - Valid: 24 [  50/390]  Loss: 0.7252 (0.704)  Acc@1: 67.1875 (75.2145)  Acc@5: 100.0000 (98.4681)
2024-11-17 04:49:57,420 -         train_search: [    INFO] - Valid: 24 [ 100/390]  Loss: 0.7851 (0.698)  Acc@1: 71.8750 (75.2166)  Acc@5: 100.0000 (98.4375)
2024-11-17 04:49:59,624 -         train_search: [    INFO] - Valid: 24 [ 150/390]  Loss: 0.8383 (0.695)  Acc@1: 68.7500 (75.2587)  Acc@5: 96.8750 (98.5617)
2024-11-17 04:50:01,844 -         train_search: [    INFO] - Valid: 24 [ 200/390]  Loss: 0.5752 (0.698)  Acc@1: 82.8125 (75.2099)  Acc@5: 100.0000 (98.5152)
2024-11-17 04:50:04,038 -         train_search: [    INFO] - Valid: 24 [ 250/390]  Loss: 0.5746 (0.696)  Acc@1: 79.6875 (75.4358)  Acc@5: 98.4375 (98.5060)
2024-11-17 04:50:06,248 -         train_search: [    INFO] - Valid: 24 [ 300/390]  Loss: 0.8596 (0.695)  Acc@1: 70.3125 (75.4880)  Acc@5: 95.3125 (98.4842)
2024-11-17 04:50:08,710 -         train_search: [    INFO] - Valid: 24 [ 350/390]  Loss: 0.4667 (0.700)  Acc@1: 89.0625 (75.3828)  Acc@5: 98.4375 (98.4063)
2024-11-17 04:50:10,447 -         train_search: [    INFO] - Valid: 24 [ 390/390]  Loss: 0.4491 (0.700)  Acc@1: 80.0000 (75.4280)  Acc@5: 97.5000 (98.4040)
2024-11-17 04:50:10,885 -         train_search: [    INFO] - valid_acc 75.428000
2024-11-17 04:50:10,886 -         train_search: [    INFO] - epoch = 24   
 genotype = |skip_connect~0|+|skip_connect~0|nor_conv_3x3~1|+|skip_connect~0|skip_connect~1|skip_connect~2|
2024-11-17 04:50:10,888 -         train_search: [    INFO] - alphas_normal = 
 tensor([[0.1763, 0.2809, 0.1242, 0.1886, 0.2300],
        [0.1776, 0.2998, 0.1288, 0.1716, 0.2222],
        [0.2334, 0.2145, 0.1124, 0.1733, 0.2664],
        [0.1270, 0.3806, 0.1359, 0.1763, 0.1802],
        [0.2496, 0.2802, 0.1188, 0.1644, 0.1869],
        [0.2781, 0.2217, 0.1052, 0.1801, 0.2149]], device='cuda:0',
       grad_fn=<SoftmaxBackward0>)
2024-11-17 04:50:11,824 -         train_search: [    INFO] - Train: 25 [   0/390]  Loss: 0.6720 (0.672)  Acc@1: 73.4375 (73.4375)  Acc@5: 100.0000 (100.0000)LR: 1.300e-02
2024-11-17 04:50:24,321 -         train_search: [    INFO] - Train: 25 [  50/390]  Loss: 0.5990 (0.604)  Acc@1: 82.8125 (79.4118)  Acc@5: 96.8750 (99.1115)LR: 1.300e-02
2024-11-17 04:50:36,555 -         train_search: [    INFO] - Train: 25 [ 100/390]  Loss: 0.6853 (0.625)  Acc@1: 78.1250 (78.5118)  Acc@5: 98.4375 (98.7624)LR: 1.300e-02
2024-11-17 04:50:48,926 -         train_search: [    INFO] - Train: 25 [ 150/390]  Loss: 0.5093 (0.614)  Acc@1: 82.8125 (78.6734)  Acc@5: 98.4375 (98.8514)LR: 1.300e-02
2024-11-17 04:51:01,406 -         train_search: [    INFO] - Train: 25 [ 200/390]  Loss: 0.4245 (0.615)  Acc@1: 85.9375 (78.6769)  Acc@5: 98.4375 (98.8340)LR: 1.300e-02
2024-11-17 04:51:13,756 -         train_search: [    INFO] - Train: 25 [ 250/390]  Loss: 0.4466 (0.617)  Acc@1: 84.3750 (78.7102)  Acc@5: 98.4375 (98.8484)LR: 1.300e-02
2024-11-17 04:51:25,719 -         train_search: [    INFO] - Train: 25 [ 300/390]  Loss: 0.6897 (0.611)  Acc@1: 70.3125 (78.8881)  Acc@5: 98.4375 (98.8891)LR: 1.300e-02
2024-11-17 04:51:38,043 -         train_search: [    INFO] - Train: 25 [ 350/390]  Loss: 0.5937 (0.616)  Acc@1: 78.1250 (78.6681)  Acc@5: 100.0000 (98.8782)LR: 1.300e-02
2024-11-17 04:51:47,685 -         train_search: [    INFO] - Train: 25 [ 390/390]  Loss: 0.5189 (0.618)  Acc@1: 87.5000 (78.6480)  Acc@5: 97.5000 (98.8080)LR: 1.300e-02
2024-11-17 04:51:47,787 -         train_search: [    INFO] - train_acc 78.648000
2024-11-17 04:51:48,186 -         train_search: [    INFO] - Valid: 25 [   0/390]  Loss: 0.7927 (0.793)  Acc@1: 70.3125 (70.3125)  Acc@5: 98.4375 (98.4375)
2024-11-17 04:51:50,397 -         train_search: [    INFO] - Valid: 25 [  50/390]  Loss: 0.8502 (0.742)  Acc@1: 76.5625 (74.4485)  Acc@5: 93.7500 (98.4681)
2024-11-17 04:51:52,590 -         train_search: [    INFO] - Valid: 25 [ 100/390]  Loss: 0.7732 (0.699)  Acc@1: 76.5625 (76.5316)  Acc@5: 100.0000 (98.3447)
2024-11-17 04:51:54,804 -         train_search: [    INFO] - Valid: 25 [ 150/390]  Loss: 0.6068 (0.696)  Acc@1: 76.5625 (76.4901)  Acc@5: 98.4375 (98.3858)
2024-11-17 04:51:56,996 -         train_search: [    INFO] - Valid: 25 [ 200/390]  Loss: 0.6198 (0.694)  Acc@1: 76.5625 (76.4925)  Acc@5: 96.8750 (98.3909)
2024-11-17 04:51:59,186 -         train_search: [    INFO] - Valid: 25 [ 250/390]  Loss: 0.5135 (0.689)  Acc@1: 81.2500 (76.5563)  Acc@5: 100.0000 (98.4126)
2024-11-17 04:52:01,347 -         train_search: [    INFO] - Valid: 25 [ 300/390]  Loss: 0.7528 (0.689)  Acc@1: 70.3125 (76.4275)  Acc@5: 100.0000 (98.4271)
2024-11-17 04:52:03,633 -         train_search: [    INFO] - Valid: 25 [ 350/390]  Loss: 0.5806 (0.688)  Acc@1: 81.2500 (76.4423)  Acc@5: 98.4375 (98.4553)
2024-11-17 04:52:05,389 -         train_search: [    INFO] - Valid: 25 [ 390/390]  Loss: 0.3936 (0.686)  Acc@1: 85.0000 (76.4400)  Acc@5: 100.0000 (98.4600)
2024-11-17 04:52:05,425 -         train_search: [    INFO] - valid_acc 76.440000
2024-11-17 04:52:05,426 -         train_search: [    INFO] - epoch = 25   
 genotype = |skip_connect~0|+|skip_connect~0|nor_conv_3x3~1|+|skip_connect~0|skip_connect~1|skip_connect~2|
2024-11-17 04:52:05,429 -         train_search: [    INFO] - alphas_normal = 
 tensor([[0.1752, 0.2831, 0.1228, 0.1900, 0.2290],
        [0.1770, 0.3043, 0.1280, 0.1686, 0.2221],
        [0.2343, 0.2160, 0.1118, 0.1722, 0.2657],
        [0.1254, 0.3893, 0.1339, 0.1729, 0.1786],
        [0.2513, 0.2827, 0.1167, 0.1637, 0.1856],
        [0.2810, 0.2219, 0.1030, 0.1803, 0.2138]], device='cuda:0',
       grad_fn=<SoftmaxBackward0>)
2024-11-17 04:52:06,174 -         train_search: [    INFO] - Train: 26 [   0/390]  Loss: 0.7189 (0.719)  Acc@1: 78.1250 (78.1250)  Acc@5: 98.4375 (98.4375)LR: 1.225e-02
2024-11-17 04:52:18,890 -         train_search: [    INFO] - Train: 26 [  50/390]  Loss: 0.6424 (0.589)  Acc@1: 76.5625 (79.7181)  Acc@5: 98.4375 (98.8971)LR: 1.225e-02
2024-11-17 04:52:31,158 -         train_search: [    INFO] - Train: 26 [ 100/390]  Loss: 0.5919 (0.580)  Acc@1: 75.0000 (79.8113)  Acc@5: 100.0000 (98.9944)LR: 1.225e-02
2024-11-17 04:52:43,218 -         train_search: [    INFO] - Train: 26 [ 150/390]  Loss: 0.7126 (0.587)  Acc@1: 73.4375 (79.7496)  Acc@5: 96.8750 (98.9756)LR: 1.225e-02
2024-11-17 04:52:55,263 -         train_search: [    INFO] - Train: 26 [ 200/390]  Loss: 0.5534 (0.584)  Acc@1: 76.5625 (79.8352)  Acc@5: 98.4375 (98.9039)LR: 1.225e-02
2024-11-17 04:53:07,160 -         train_search: [    INFO] - Train: 26 [ 250/390]  Loss: 0.4487 (0.586)  Acc@1: 87.5000 (79.8929)  Acc@5: 100.0000 (98.8733)LR: 1.225e-02
2024-11-17 04:53:19,139 -         train_search: [    INFO] - Train: 26 [ 300/390]  Loss: 0.4990 (0.585)  Acc@1: 79.6875 (79.9782)  Acc@5: 100.0000 (98.9410)LR: 1.225e-02
2024-11-17 04:53:31,088 -         train_search: [    INFO] - Train: 26 [ 350/390]  Loss: 0.5317 (0.583)  Acc@1: 78.1250 (79.9457)  Acc@5: 100.0000 (98.9272)LR: 1.225e-02
2024-11-17 04:53:40,575 -         train_search: [    INFO] - Train: 26 [ 390/390]  Loss: 0.5185 (0.583)  Acc@1: 80.0000 (79.9160)  Acc@5: 100.0000 (98.9560)LR: 1.225e-02
2024-11-17 04:53:40,671 -         train_search: [    INFO] - train_acc 79.916000
2024-11-17 04:53:41,118 -         train_search: [    INFO] - Valid: 26 [   0/390]  Loss: 0.6192 (0.619)  Acc@1: 73.4375 (73.4375)  Acc@5: 100.0000 (100.0000)
2024-11-17 04:53:43,277 -         train_search: [    INFO] - Valid: 26 [  50/390]  Loss: 0.5823 (0.644)  Acc@1: 79.6875 (78.4620)  Acc@5: 100.0000 (98.4988)
2024-11-17 04:53:45,413 -         train_search: [    INFO] - Valid: 26 [ 100/390]  Loss: 0.6368 (0.662)  Acc@1: 81.2500 (77.4598)  Acc@5: 96.8750 (98.5458)
2024-11-17 04:53:47,677 -         train_search: [    INFO] - Valid: 26 [ 150/390]  Loss: 0.4693 (0.653)  Acc@1: 79.6875 (77.8353)  Acc@5: 100.0000 (98.5617)
2024-11-17 04:53:49,835 -         train_search: [    INFO] - Valid: 26 [ 200/390]  Loss: 0.7091 (0.651)  Acc@1: 79.6875 (77.9462)  Acc@5: 98.4375 (98.5386)
2024-11-17 04:53:52,026 -         train_search: [    INFO] - Valid: 26 [ 250/390]  Loss: 0.4739 (0.647)  Acc@1: 82.8125 (78.0690)  Acc@5: 100.0000 (98.5558)
2024-11-17 04:53:54,261 -         train_search: [    INFO] - Valid: 26 [ 300/390]  Loss: 0.4871 (0.643)  Acc@1: 81.2500 (78.0368)  Acc@5: 100.0000 (98.5569)
2024-11-17 04:53:56,431 -         train_search: [    INFO] - Valid: 26 [ 350/390]  Loss: 0.6765 (0.646)  Acc@1: 79.6875 (77.8757)  Acc@5: 96.8750 (98.5933)
2024-11-17 04:53:58,177 -         train_search: [    INFO] - Valid: 26 [ 390/390]  Loss: 0.5930 (0.648)  Acc@1: 85.0000 (77.8640)  Acc@5: 100.0000 (98.5880)
2024-11-17 04:53:58,233 -         train_search: [    INFO] - valid_acc 77.864000
2024-11-17 04:53:58,234 -         train_search: [    INFO] - epoch = 26   
 genotype = |skip_connect~0|+|skip_connect~0|nor_conv_3x3~1|+|skip_connect~0|skip_connect~1|skip_connect~2|
2024-11-17 04:53:58,235 -         train_search: [    INFO] - alphas_normal = 
 tensor([[0.1735, 0.2836, 0.1208, 0.1930, 0.2291],
        [0.1757, 0.3059, 0.1265, 0.1683, 0.2235],
        [0.2364, 0.2173, 0.1109, 0.1719, 0.2634],
        [0.1233, 0.3920, 0.1317, 0.1736, 0.1794],
        [0.2503, 0.2854, 0.1153, 0.1650, 0.1840],
        [0.2863, 0.2228, 0.1009, 0.1786, 0.2114]], device='cuda:0',
       grad_fn=<SoftmaxBackward0>)
2024-11-17 04:53:58,870 -         train_search: [    INFO] - Train: 27 [   0/390]  Loss: 0.4573 (0.457)  Acc@1: 85.9375 (85.9375)  Acc@5: 98.4375 (98.4375)LR: 1.150e-02
2024-11-17 04:54:11,217 -         train_search: [    INFO] - Train: 27 [  50/390]  Loss: 0.4834 (0.562)  Acc@1: 85.9375 (80.4228)  Acc@5: 100.0000 (99.0502)LR: 1.150e-02
2024-11-17 04:54:23,505 -         train_search: [    INFO] - Train: 27 [ 100/390]  Loss: 0.4478 (0.548)  Acc@1: 85.9375 (81.3119)  Acc@5: 100.0000 (99.1027)LR: 1.150e-02
2024-11-17 04:54:35,887 -         train_search: [    INFO] - Train: 27 [ 150/390]  Loss: 0.8754 (0.558)  Acc@1: 70.3125 (80.8982)  Acc@5: 98.4375 (99.0273)LR: 1.150e-02
2024-11-17 04:54:47,815 -         train_search: [    INFO] - Train: 27 [ 200/390]  Loss: 0.5215 (0.565)  Acc@1: 82.8125 (80.6981)  Acc@5: 100.0000 (99.0516)LR: 1.150e-02
2024-11-17 04:54:59,823 -         train_search: [    INFO] - Train: 27 [ 250/390]  Loss: 0.3642 (0.565)  Acc@1: 87.5000 (80.7707)  Acc@5: 98.4375 (99.0538)LR: 1.150e-02
2024-11-17 04:55:11,777 -         train_search: [    INFO] - Train: 27 [ 300/390]  Loss: 0.6990 (0.565)  Acc@1: 82.8125 (80.7672)  Acc@5: 96.8750 (99.0345)LR: 1.150e-02
2024-11-17 04:55:23,618 -         train_search: [    INFO] - Train: 27 [ 350/390]  Loss: 0.5194 (0.566)  Acc@1: 87.5000 (80.6446)  Acc@5: 98.4375 (99.0385)LR: 1.150e-02
2024-11-17 04:55:33,561 -         train_search: [    INFO] - Train: 27 [ 390/390]  Loss: 0.3369 (0.568)  Acc@1: 82.5000 (80.5680)  Acc@5: 100.0000 (98.9880)LR: 1.150e-02
2024-11-17 04:55:33,659 -         train_search: [    INFO] - train_acc 80.568000
2024-11-17 04:55:34,063 -         train_search: [    INFO] - Valid: 27 [   0/390]  Loss: 0.6362 (0.636)  Acc@1: 75.0000 (75.0000)  Acc@5: 98.4375 (98.4375)
2024-11-17 04:55:36,289 -         train_search: [    INFO] - Valid: 27 [  50/390]  Loss: 0.8575 (0.656)  Acc@1: 75.0000 (77.0833)  Acc@5: 92.1875 (98.4681)
2024-11-17 04:55:38,476 -         train_search: [    INFO] - Valid: 27 [ 100/390]  Loss: 0.5995 (0.638)  Acc@1: 81.2500 (78.0322)  Acc@5: 100.0000 (98.4994)
2024-11-17 04:55:40,682 -         train_search: [    INFO] - Valid: 27 [ 150/390]  Loss: 0.5363 (0.644)  Acc@1: 78.1250 (77.7007)  Acc@5: 100.0000 (98.5099)
2024-11-17 04:55:42,861 -         train_search: [    INFO] - Valid: 27 [ 200/390]  Loss: 0.6818 (0.631)  Acc@1: 81.2500 (78.0006)  Acc@5: 96.8750 (98.6707)
2024-11-17 04:55:45,080 -         train_search: [    INFO] - Valid: 27 [ 250/390]  Loss: 0.6026 (0.635)  Acc@1: 82.8125 (78.0690)  Acc@5: 98.4375 (98.6554)
2024-11-17 04:55:47,266 -         train_search: [    INFO] - Valid: 27 [ 300/390]  Loss: 0.4482 (0.635)  Acc@1: 82.8125 (78.0679)  Acc@5: 100.0000 (98.6503)
2024-11-17 04:55:49,444 -         train_search: [    INFO] - Valid: 27 [ 350/390]  Loss: 0.5820 (0.636)  Acc@1: 76.5625 (78.0538)  Acc@5: 100.0000 (98.6645)
2024-11-17 04:55:51,258 -         train_search: [    INFO] - Valid: 27 [ 390/390]  Loss: 0.4916 (0.638)  Acc@1: 82.5000 (78.0640)  Acc@5: 100.0000 (98.6520)
2024-11-17 04:55:51,295 -         train_search: [    INFO] - valid_acc 78.064000
2024-11-17 04:55:51,296 -         train_search: [    INFO] - epoch = 27   
 genotype = |skip_connect~0|+|skip_connect~0|nor_conv_3x3~1|+|skip_connect~0|skip_connect~1|skip_connect~2|
2024-11-17 04:55:51,297 -         train_search: [    INFO] - alphas_normal = 
 tensor([[0.1727, 0.2863, 0.1200, 0.1928, 0.2282],
        [0.1754, 0.3082, 0.1256, 0.1672, 0.2236],
        [0.2366, 0.2172, 0.1097, 0.1719, 0.2645],
        [0.1220, 0.3993, 0.1308, 0.1697, 0.1781],
        [0.2529, 0.2891, 0.1140, 0.1609, 0.1832],
        [0.2883, 0.2235, 0.1001, 0.1784, 0.2097]], device='cuda:0',
       grad_fn=<SoftmaxBackward0>)
2024-11-17 04:55:52,075 -         train_search: [    INFO] - Train: 28 [   0/390]  Loss: 0.4313 (0.431)  Acc@1: 79.6875 (79.6875)  Acc@5: 100.0000 (100.0000)LR: 1.075e-02
2024-11-17 04:56:04,745 -         train_search: [    INFO] - Train: 28 [  50/390]  Loss: 0.4846 (0.545)  Acc@1: 78.1250 (80.7598)  Acc@5: 100.0000 (99.2953)LR: 1.075e-02
2024-11-17 04:56:16,855 -         train_search: [    INFO] - Train: 28 [ 100/390]  Loss: 0.3644 (0.541)  Acc@1: 82.8125 (81.1572)  Acc@5: 100.0000 (99.3038)LR: 1.075e-02
2024-11-17 04:56:29,434 -         train_search: [    INFO] - Train: 28 [ 150/390]  Loss: 0.5567 (0.550)  Acc@1: 79.6875 (80.7119)  Acc@5: 98.4375 (99.1825)LR: 1.075e-02
2024-11-17 04:56:41,393 -         train_search: [    INFO] - Train: 28 [ 200/390]  Loss: 0.6084 (0.543)  Acc@1: 76.5625 (80.8302)  Acc@5: 100.0000 (99.1915)LR: 1.075e-02
2024-11-17 04:56:53,303 -         train_search: [    INFO] - Train: 28 [ 250/390]  Loss: 0.6551 (0.542)  Acc@1: 75.0000 (80.9263)  Acc@5: 100.0000 (99.2343)LR: 1.075e-02
2024-11-17 04:57:05,426 -         train_search: [    INFO] - Train: 28 [ 300/390]  Loss: 0.4827 (0.543)  Acc@1: 79.6875 (81.0424)  Acc@5: 100.0000 (99.2006)LR: 1.075e-02
2024-11-17 04:57:18,052 -         train_search: [    INFO] - Train: 28 [ 350/390]  Loss: 0.4448 (0.544)  Acc@1: 82.8125 (81.0586)  Acc@5: 100.0000 (99.1987)LR: 1.075e-02
2024-11-17 04:57:27,905 -         train_search: [    INFO] - Train: 28 [ 390/390]  Loss: 0.7494 (0.547)  Acc@1: 75.0000 (80.9280)  Acc@5: 97.5000 (99.1560)LR: 1.075e-02
2024-11-17 04:57:28,337 -         train_search: [    INFO] - train_acc 80.928000
2024-11-17 04:57:28,701 -         train_search: [    INFO] - Valid: 28 [   0/390]  Loss: 0.6570 (0.657)  Acc@1: 78.1250 (78.1250)  Acc@5: 98.4375 (98.4375)
2024-11-17 04:57:31,046 -         train_search: [    INFO] - Valid: 28 [  50/390]  Loss: 0.5636 (0.617)  Acc@1: 84.3750 (79.2586)  Acc@5: 100.0000 (98.8051)
2024-11-17 04:57:33,318 -         train_search: [    INFO] - Valid: 28 [ 100/390]  Loss: 0.5553 (0.609)  Acc@1: 81.2500 (79.4554)  Acc@5: 100.0000 (98.8397)
2024-11-17 04:57:35,593 -         train_search: [    INFO] - Valid: 28 [ 150/390]  Loss: 0.7749 (0.620)  Acc@1: 71.8750 (79.1184)  Acc@5: 100.0000 (98.8928)
2024-11-17 04:57:37,875 -         train_search: [    INFO] - Valid: 28 [ 200/390]  Loss: 0.4414 (0.616)  Acc@1: 85.9375 (79.2522)  Acc@5: 98.4375 (98.8884)
2024-11-17 04:57:40,052 -         train_search: [    INFO] - Valid: 28 [ 250/390]  Loss: 0.8425 (0.616)  Acc@1: 67.1875 (79.1584)  Acc@5: 98.4375 (98.8421)
2024-11-17 04:57:42,235 -         train_search: [    INFO] - Valid: 28 [ 300/390]  Loss: 0.7052 (0.621)  Acc@1: 75.0000 (79.0438)  Acc@5: 98.4375 (98.7645)
2024-11-17 04:57:44,436 -         train_search: [    INFO] - Valid: 28 [ 350/390]  Loss: 0.6340 (0.620)  Acc@1: 81.2500 (79.0598)  Acc@5: 96.8750 (98.7803)
2024-11-17 04:57:46,208 -         train_search: [    INFO] - Valid: 28 [ 390/390]  Loss: 0.7132 (0.620)  Acc@1: 77.5000 (79.0320)  Acc@5: 100.0000 (98.7720)
2024-11-17 04:57:46,256 -         train_search: [    INFO] - valid_acc 79.032000
2024-11-17 04:57:46,257 -         train_search: [    INFO] - epoch = 28   
 genotype = |skip_connect~0|+|skip_connect~0|nor_conv_3x3~1|+|skip_connect~0|skip_connect~1|skip_connect~2|
2024-11-17 04:57:46,259 -         train_search: [    INFO] - alphas_normal = 
 tensor([[0.1707, 0.2903, 0.1193, 0.1918, 0.2279],
        [0.1736, 0.3118, 0.1252, 0.1666, 0.2228],
        [0.2376, 0.2192, 0.1094, 0.1710, 0.2628],
        [0.1195, 0.4067, 0.1294, 0.1691, 0.1753],
        [0.2533, 0.2929, 0.1126, 0.1594, 0.1818],
        [0.2911, 0.2256, 0.0990, 0.1767, 0.2076]], device='cuda:0',
       grad_fn=<SoftmaxBackward0>)
2024-11-17 04:57:47,017 -         train_search: [    INFO] - Train: 29 [   0/390]  Loss: 0.5851 (0.585)  Acc@1: 79.6875 (79.6875)  Acc@5: 98.4375 (98.4375)LR: 1.002e-02
2024-11-17 04:57:59,938 -         train_search: [    INFO] - Train: 29 [  50/390]  Loss: 0.4143 (0.517)  Acc@1: 89.0625 (81.7402)  Acc@5: 96.8750 (99.3873)LR: 1.002e-02
2024-11-17 04:58:12,877 -         train_search: [    INFO] - Train: 29 [ 100/390]  Loss: 0.5784 (0.525)  Acc@1: 82.8125 (81.7141)  Acc@5: 96.8750 (99.2884)LR: 1.002e-02
2024-11-17 04:58:25,470 -         train_search: [    INFO] - Train: 29 [ 150/390]  Loss: 0.7057 (0.532)  Acc@1: 70.3125 (81.4156)  Acc@5: 100.0000 (99.2757)LR: 1.002e-02
2024-11-17 04:58:38,178 -         train_search: [    INFO] - Train: 29 [ 200/390]  Loss: 0.4792 (0.528)  Acc@1: 84.3750 (81.5920)  Acc@5: 98.4375 (99.2226)LR: 1.002e-02
2024-11-17 04:58:51,030 -         train_search: [    INFO] - Train: 29 [ 250/390]  Loss: 0.6563 (0.523)  Acc@1: 70.3125 (81.8040)  Acc@5: 100.0000 (99.2405)LR: 1.002e-02
2024-11-17 04:59:03,715 -         train_search: [    INFO] - Train: 29 [ 300/390]  Loss: 0.4499 (0.526)  Acc@1: 82.8125 (81.5978)  Acc@5: 100.0000 (99.1902)LR: 1.002e-02
2024-11-17 04:59:16,312 -         train_search: [    INFO] - Train: 29 [ 350/390]  Loss: 0.7258 (0.526)  Acc@1: 84.3750 (81.6239)  Acc@5: 96.8750 (99.1631)LR: 1.002e-02
2024-11-17 04:59:26,196 -         train_search: [    INFO] - Train: 29 [ 390/390]  Loss: 0.8387 (0.525)  Acc@1: 75.0000 (81.6960)  Acc@5: 97.5000 (99.1720)LR: 1.002e-02
2024-11-17 04:59:26,295 -         train_search: [    INFO] - train_acc 81.696000
2024-11-17 04:59:26,641 -         train_search: [    INFO] - Valid: 29 [   0/390]  Loss: 0.7351 (0.735)  Acc@1: 75.0000 (75.0000)  Acc@5: 100.0000 (100.0000)
2024-11-17 04:59:28,879 -         train_search: [    INFO] - Valid: 29 [  50/390]  Loss: 0.6197 (0.591)  Acc@1: 73.4375 (80.3002)  Acc@5: 100.0000 (99.1115)
2024-11-17 04:59:31,074 -         train_search: [    INFO] - Valid: 29 [ 100/390]  Loss: 0.7458 (0.598)  Acc@1: 73.4375 (79.4864)  Acc@5: 100.0000 (99.0563)
2024-11-17 04:59:33,286 -         train_search: [    INFO] - Valid: 29 [ 150/390]  Loss: 0.5272 (0.597)  Acc@1: 78.1250 (79.7082)  Acc@5: 98.4375 (98.9549)
2024-11-17 04:59:35,492 -         train_search: [    INFO] - Valid: 29 [ 200/390]  Loss: 0.5761 (0.593)  Acc@1: 81.2500 (79.8041)  Acc@5: 100.0000 (98.9195)
2024-11-17 04:59:37,757 -         train_search: [    INFO] - Valid: 29 [ 250/390]  Loss: 0.5919 (0.592)  Acc@1: 82.8125 (79.8182)  Acc@5: 96.8750 (98.9106)
2024-11-17 04:59:39,944 -         train_search: [    INFO] - Valid: 29 [ 300/390]  Loss: 0.3644 (0.592)  Acc@1: 81.2500 (79.8380)  Acc@5: 100.0000 (98.8632)
2024-11-17 04:59:42,163 -         train_search: [    INFO] - Valid: 29 [ 350/390]  Loss: 0.5231 (0.594)  Acc@1: 85.9375 (79.7899)  Acc@5: 100.0000 (98.8159)
2024-11-17 04:59:43,933 -         train_search: [    INFO] - Valid: 29 [ 390/390]  Loss: 0.3661 (0.592)  Acc@1: 85.0000 (79.7920)  Acc@5: 100.0000 (98.8800)
2024-11-17 04:59:43,994 -         train_search: [    INFO] - valid_acc 79.792000
2024-11-17 04:59:43,995 -         train_search: [    INFO] - epoch = 29   
 genotype = |skip_connect~0|+|skip_connect~0|nor_conv_3x3~1|+|skip_connect~0|skip_connect~1|skip_connect~2|
2024-11-17 04:59:43,997 -         train_search: [    INFO] - alphas_normal = 
 tensor([[0.1684, 0.2931, 0.1192, 0.1928, 0.2265],
        [0.1723, 0.3157, 0.1253, 0.1652, 0.2215],
        [0.2390, 0.2209, 0.1095, 0.1705, 0.2601],
        [0.1171, 0.4126, 0.1288, 0.1680, 0.1735],
        [0.2525, 0.2969, 0.1126, 0.1580, 0.1800],
        [0.2949, 0.2268, 0.0982, 0.1763, 0.2038]], device='cuda:0',
       grad_fn=<SoftmaxBackward0>)
2024-11-17 04:59:44,889 -         train_search: [    INFO] - Train: 30 [   0/390]  Loss: 0.5942 (0.594)  Acc@1: 79.6875 (79.6875)  Acc@5: 98.4375 (98.4375)LR: 9.292e-03
2024-11-17 04:59:56,889 -         train_search: [    INFO] - Train: 30 [  50/390]  Loss: 0.5112 (0.487)  Acc@1: 84.3750 (83.6397)  Acc@5: 98.4375 (99.2034)LR: 9.292e-03
2024-11-17 05:00:09,123 -         train_search: [    INFO] - Train: 30 [ 100/390]  Loss: 0.5313 (0.496)  Acc@1: 81.2500 (83.0291)  Acc@5: 100.0000 (99.1337)LR: 9.292e-03
2024-11-17 05:00:21,249 -         train_search: [    INFO] - Train: 30 [ 150/390]  Loss: 0.4806 (0.502)  Acc@1: 90.6250 (82.9056)  Acc@5: 98.4375 (99.1515)LR: 9.292e-03
2024-11-17 05:00:33,035 -         train_search: [    INFO] - Train: 30 [ 200/390]  Loss: 0.7043 (0.511)  Acc@1: 81.2500 (82.5404)  Acc@5: 98.4375 (99.1371)LR: 9.292e-03
2024-11-17 05:00:45,030 -         train_search: [    INFO] - Train: 30 [ 250/390]  Loss: 0.6259 (0.511)  Acc@1: 71.8750 (82.4328)  Acc@5: 96.8750 (99.1285)LR: 9.292e-03
2024-11-17 05:00:57,463 -         train_search: [    INFO] - Train: 30 [ 300/390]  Loss: 0.6977 (0.512)  Acc@1: 68.7500 (82.3194)  Acc@5: 98.4375 (99.1227)LR: 9.292e-03
2024-11-17 05:01:09,836 -         train_search: [    INFO] - Train: 30 [ 350/390]  Loss: 0.4530 (0.512)  Acc@1: 85.9375 (82.3451)  Acc@5: 100.0000 (99.1408)LR: 9.292e-03
2024-11-17 05:01:19,371 -         train_search: [    INFO] - Train: 30 [ 390/390]  Loss: 0.3681 (0.512)  Acc@1: 85.0000 (82.3520)  Acc@5: 100.0000 (99.1440)LR: 9.292e-03
2024-11-17 05:01:19,487 -         train_search: [    INFO] - train_acc 82.352000
2024-11-17 05:01:19,748 -         train_search: [    INFO] - Valid: 30 [   0/390]  Loss: 0.7057 (0.706)  Acc@1: 81.2500 (81.2500)  Acc@5: 100.0000 (100.0000)
2024-11-17 05:01:22,000 -         train_search: [    INFO] - Valid: 30 [  50/390]  Loss: 0.8781 (0.573)  Acc@1: 67.1875 (80.3922)  Acc@5: 98.4375 (98.9583)
2024-11-17 05:01:24,206 -         train_search: [    INFO] - Valid: 30 [ 100/390]  Loss: 0.4251 (0.577)  Acc@1: 84.3750 (80.2290)  Acc@5: 98.4375 (99.0718)
2024-11-17 05:01:26,358 -         train_search: [    INFO] - Valid: 30 [ 150/390]  Loss: 0.4650 (0.588)  Acc@1: 85.9375 (79.8634)  Acc@5: 98.4375 (98.9342)
2024-11-17 05:01:28,535 -         train_search: [    INFO] - Valid: 30 [ 200/390]  Loss: 0.6503 (0.594)  Acc@1: 73.4375 (79.6253)  Acc@5: 100.0000 (98.9583)
2024-11-17 05:01:30,696 -         train_search: [    INFO] - Valid: 30 [ 250/390]  Loss: 0.7306 (0.594)  Acc@1: 75.0000 (79.5194)  Acc@5: 98.4375 (98.9480)
2024-11-17 05:01:32,864 -         train_search: [    INFO] - Valid: 30 [ 300/390]  Loss: 0.5265 (0.587)  Acc@1: 89.0625 (79.8380)  Acc@5: 96.8750 (98.9358)
2024-11-17 05:01:35,025 -         train_search: [    INFO] - Valid: 30 [ 350/390]  Loss: 0.4846 (0.586)  Acc@1: 84.3750 (79.8300)  Acc@5: 100.0000 (98.9494)
2024-11-17 05:01:36,941 -         train_search: [    INFO] - Valid: 30 [ 390/390]  Loss: 0.7505 (0.588)  Acc@1: 72.5000 (79.8160)  Acc@5: 97.5000 (98.9240)
2024-11-17 05:01:36,987 -         train_search: [    INFO] - valid_acc 79.816000
2024-11-17 05:01:36,988 -         train_search: [    INFO] - epoch = 30   
 genotype = |skip_connect~0|+|skip_connect~0|nor_conv_3x3~1|+|skip_connect~0|skip_connect~1|skip_connect~2|
2024-11-17 05:01:36,989 -         train_search: [    INFO] - alphas_normal = 
 tensor([[0.1668, 0.2966, 0.1188, 0.1929, 0.2248],
        [0.1709, 0.3194, 0.1247, 0.1633, 0.2218],
        [0.2409, 0.2236, 0.1094, 0.1678, 0.2583],
        [0.1152, 0.4178, 0.1283, 0.1664, 0.1723],
        [0.2541, 0.3003, 0.1119, 0.1568, 0.1769],
        [0.2989, 0.2275, 0.0971, 0.1746, 0.2018]], device='cuda:0',
       grad_fn=<SoftmaxBackward0>)
2024-11-17 05:01:37,861 -         train_search: [    INFO] - Train: 31 [   0/390]  Loss: 0.4915 (0.492)  Acc@1: 84.3750 (84.3750)  Acc@5: 98.4375 (98.4375)LR: 8.583e-03
2024-11-17 05:01:49,855 -         train_search: [    INFO] - Train: 31 [  50/390]  Loss: 0.5204 (0.495)  Acc@1: 81.2500 (82.8125)  Acc@5: 100.0000 (99.3566)LR: 8.583e-03
2024-11-17 05:02:01,791 -         train_search: [    INFO] - Train: 31 [ 100/390]  Loss: 0.4583 (0.489)  Acc@1: 85.9375 (82.8899)  Acc@5: 98.4375 (99.3502)LR: 8.583e-03
2024-11-17 05:02:14,262 -         train_search: [    INFO] - Train: 31 [ 150/390]  Loss: 0.5343 (0.496)  Acc@1: 76.5625 (82.4917)  Acc@5: 98.4375 (99.3377)LR: 8.583e-03
2024-11-17 05:02:26,204 -         train_search: [    INFO] - Train: 31 [ 200/390]  Loss: 0.5143 (0.489)  Acc@1: 79.6875 (82.9058)  Acc@5: 100.0000 (99.3548)LR: 8.583e-03
2024-11-17 05:02:39,130 -         train_search: [    INFO] - Train: 31 [ 250/390]  Loss: 0.5707 (0.485)  Acc@1: 85.9375 (83.0615)  Acc@5: 98.4375 (99.3775)LR: 8.583e-03
2024-11-17 05:02:50,753 -         train_search: [    INFO] - Train: 31 [ 300/390]  Loss: 0.3358 (0.484)  Acc@1: 85.9375 (83.1292)  Acc@5: 100.0000 (99.3615)LR: 8.583e-03
2024-11-17 05:03:02,766 -         train_search: [    INFO] - Train: 31 [ 350/390]  Loss: 0.4694 (0.487)  Acc@1: 82.8125 (83.1152)  Acc@5: 100.0000 (99.3323)LR: 8.583e-03
2024-11-17 05:03:13,093 -         train_search: [    INFO] - Train: 31 [ 390/390]  Loss: 0.5461 (0.490)  Acc@1: 75.0000 (82.9720)  Acc@5: 100.0000 (99.3280)LR: 8.583e-03
2024-11-17 05:03:13,151 -         train_search: [    INFO] - train_acc 82.972000
2024-11-17 05:03:13,396 -         train_search: [    INFO] - Valid: 31 [   0/390]  Loss: 0.6718 (0.672)  Acc@1: 81.2500 (81.2500)  Acc@5: 96.8750 (96.8750)
2024-11-17 05:03:15,648 -         train_search: [    INFO] - Valid: 31 [  50/390]  Loss: 0.8331 (0.583)  Acc@1: 73.4375 (80.2696)  Acc@5: 98.4375 (98.7745)
2024-11-17 05:03:17,821 -         train_search: [    INFO] - Valid: 31 [ 100/390]  Loss: 0.5948 (0.568)  Acc@1: 81.2500 (80.7395)  Acc@5: 100.0000 (98.8397)
2024-11-17 05:03:19,999 -         train_search: [    INFO] - Valid: 31 [ 150/390]  Loss: 0.3570 (0.574)  Acc@1: 85.9375 (80.3808)  Acc@5: 98.4375 (98.8618)
2024-11-17 05:03:22,180 -         train_search: [    INFO] - Valid: 31 [ 200/390]  Loss: 0.7956 (0.575)  Acc@1: 73.4375 (80.2550)  Acc@5: 96.8750 (98.8650)
2024-11-17 05:03:24,464 -         train_search: [    INFO] - Valid: 31 [ 250/390]  Loss: 0.6000 (0.577)  Acc@1: 79.6875 (80.0921)  Acc@5: 98.4375 (98.8857)
2024-11-17 05:03:26,735 -         train_search: [    INFO] - Valid: 31 [ 300/390]  Loss: 0.4292 (0.574)  Acc@1: 89.0625 (80.2533)  Acc@5: 100.0000 (98.9462)
2024-11-17 05:03:28,888 -         train_search: [    INFO] - Valid: 31 [ 350/390]  Loss: 0.6201 (0.577)  Acc@1: 78.1250 (80.2172)  Acc@5: 98.4375 (98.9405)
2024-11-17 05:03:30,665 -         train_search: [    INFO] - Valid: 31 [ 390/390]  Loss: 0.6052 (0.579)  Acc@1: 80.0000 (80.1800)  Acc@5: 100.0000 (98.9040)
2024-11-17 05:03:30,706 -         train_search: [    INFO] - valid_acc 80.180000
2024-11-17 05:03:30,707 -         train_search: [    INFO] - epoch = 31   
 genotype = |skip_connect~0|+|skip_connect~0|nor_conv_3x3~1|+|skip_connect~0|skip_connect~1|skip_connect~2|
2024-11-17 05:03:30,708 -         train_search: [    INFO] - alphas_normal = 
 tensor([[0.1675, 0.2970, 0.1177, 0.1917, 0.2261],
        [0.1701, 0.3219, 0.1242, 0.1619, 0.2220],
        [0.2417, 0.2239, 0.1091, 0.1674, 0.2579],
        [0.1154, 0.4204, 0.1259, 0.1671, 0.1712],
        [0.2537, 0.2999, 0.1102, 0.1576, 0.1785],
        [0.2993, 0.2277, 0.0962, 0.1743, 0.2026]], device='cuda:0',
       grad_fn=<SoftmaxBackward0>)
2024-11-17 05:03:31,369 -         train_search: [    INFO] - Train: 32 [   0/390]  Loss: 0.2526 (0.253)  Acc@1: 89.0625 (89.0625)  Acc@5: 100.0000 (100.0000)LR: 7.891e-03
2024-11-17 05:03:43,680 -         train_search: [    INFO] - Train: 32 [  50/390]  Loss: 0.4191 (0.463)  Acc@1: 87.5000 (84.8039)  Acc@5: 100.0000 (99.2953)LR: 7.891e-03
2024-11-17 05:03:55,903 -         train_search: [    INFO] - Train: 32 [ 100/390]  Loss: 0.3966 (0.456)  Acc@1: 89.0625 (84.6689)  Acc@5: 100.0000 (99.3038)LR: 7.891e-03
2024-11-17 05:04:08,426 -         train_search: [    INFO] - Train: 32 [ 150/390]  Loss: 0.5026 (0.463)  Acc@1: 84.3750 (84.3440)  Acc@5: 100.0000 (99.2757)LR: 7.891e-03
2024-11-17 05:04:20,083 -         train_search: [    INFO] - Train: 32 [ 200/390]  Loss: 0.6015 (0.471)  Acc@1: 76.5625 (83.8775)  Acc@5: 98.4375 (99.2848)LR: 7.891e-03
2024-11-17 05:04:31,965 -         train_search: [    INFO] - Train: 32 [ 250/390]  Loss: 0.4932 (0.472)  Acc@1: 82.8125 (83.8894)  Acc@5: 100.0000 (99.2654)LR: 7.891e-03
2024-11-17 05:04:43,751 -         train_search: [    INFO] - Train: 32 [ 300/390]  Loss: 0.6138 (0.475)  Acc@1: 71.8750 (83.7313)  Acc@5: 98.4375 (99.2784)LR: 7.891e-03
2024-11-17 05:04:55,734 -         train_search: [    INFO] - Train: 32 [ 350/390]  Loss: 0.5706 (0.476)  Acc@1: 79.6875 (83.6761)  Acc@5: 100.0000 (99.2922)LR: 7.891e-03
2024-11-17 05:05:05,183 -         train_search: [    INFO] - Train: 32 [ 390/390]  Loss: 0.5139 (0.474)  Acc@1: 80.0000 (83.7280)  Acc@5: 100.0000 (99.3240)LR: 7.891e-03
2024-11-17 05:05:05,271 -         train_search: [    INFO] - train_acc 83.728000
2024-11-17 05:05:05,733 -         train_search: [    INFO] - Valid: 32 [   0/390]  Loss: 0.3915 (0.392)  Acc@1: 93.7500 (93.7500)  Acc@5: 100.0000 (100.0000)
2024-11-17 05:05:08,027 -         train_search: [    INFO] - Valid: 32 [  50/390]  Loss: 0.7055 (0.581)  Acc@1: 76.5625 (79.6262)  Acc@5: 98.4375 (98.9890)
2024-11-17 05:05:10,268 -         train_search: [    INFO] - Valid: 32 [ 100/390]  Loss: 0.6318 (0.571)  Acc@1: 75.0000 (80.2599)  Acc@5: 98.4375 (99.1027)
2024-11-17 05:05:12,480 -         train_search: [    INFO] - Valid: 32 [ 150/390]  Loss: 0.4130 (0.565)  Acc@1: 85.9375 (80.6188)  Acc@5: 100.0000 (99.1411)
2024-11-17 05:05:14,660 -         train_search: [    INFO] - Valid: 32 [ 200/390]  Loss: 0.6184 (0.565)  Acc@1: 76.5625 (80.5271)  Acc@5: 96.8750 (99.0672)
2024-11-17 05:05:16,915 -         train_search: [    INFO] - Valid: 32 [ 250/390]  Loss: 0.4176 (0.566)  Acc@1: 82.8125 (80.5964)  Acc@5: 100.0000 (99.0164)
2024-11-17 05:05:19,177 -         train_search: [    INFO] - Valid: 32 [ 300/390]  Loss: 0.5496 (0.570)  Acc@1: 76.5625 (80.5181)  Acc@5: 100.0000 (99.0137)
2024-11-17 05:05:21,484 -         train_search: [    INFO] - Valid: 32 [ 350/390]  Loss: 0.5329 (0.569)  Acc@1: 85.9375 (80.6090)  Acc@5: 100.0000 (98.9939)
2024-11-17 05:05:23,210 -         train_search: [    INFO] - Valid: 32 [ 390/390]  Loss: 0.4166 (0.566)  Acc@1: 87.5000 (80.6720)  Acc@5: 100.0000 (99.0160)
2024-11-17 05:05:23,263 -         train_search: [    INFO] - valid_acc 80.672000
2024-11-17 05:05:23,264 -         train_search: [    INFO] - epoch = 32   
 genotype = |skip_connect~0|+|skip_connect~0|nor_conv_3x3~1|+|skip_connect~0|skip_connect~1|skip_connect~2|
2024-11-17 05:05:23,266 -         train_search: [    INFO] - alphas_normal = 
 tensor([[0.1649, 0.2998, 0.1165, 0.1905, 0.2283],
        [0.1677, 0.3262, 0.1231, 0.1609, 0.2222],
        [0.2427, 0.2254, 0.1080, 0.1675, 0.2564],
        [0.1134, 0.4278, 0.1243, 0.1663, 0.1682],
        [0.2523, 0.3048, 0.1094, 0.1575, 0.1761],
        [0.3018, 0.2306, 0.0956, 0.1724, 0.1995]], device='cuda:0',
       grad_fn=<SoftmaxBackward0>)
2024-11-17 05:05:24,029 -         train_search: [    INFO] - Train: 33 [   0/390]  Loss: 0.2921 (0.292)  Acc@1: 90.6250 (90.6250)  Acc@5: 100.0000 (100.0000)LR: 7.219e-03
2024-11-17 05:05:36,040 -         train_search: [    INFO] - Train: 33 [  50/390]  Loss: 0.5865 (0.429)  Acc@1: 85.9375 (85.5392)  Acc@5: 96.8750 (99.3873)LR: 7.219e-03
2024-11-17 05:05:47,807 -         train_search: [    INFO] - Train: 33 [ 100/390]  Loss: 0.5576 (0.441)  Acc@1: 79.6875 (84.5761)  Acc@5: 100.0000 (99.2884)LR: 7.219e-03
2024-11-17 05:05:59,836 -         train_search: [    INFO] - Train: 33 [ 150/390]  Loss: 0.5745 (0.448)  Acc@1: 76.5625 (84.2094)  Acc@5: 98.4375 (99.3067)LR: 7.219e-03
2024-11-17 05:06:12,059 -         train_search: [    INFO] - Train: 33 [ 200/390]  Loss: 0.5502 (0.449)  Acc@1: 78.1250 (84.1962)  Acc@5: 98.4375 (99.3159)LR: 7.219e-03
2024-11-17 05:06:24,061 -         train_search: [    INFO] - Train: 33 [ 250/390]  Loss: 0.3867 (0.447)  Acc@1: 82.8125 (84.2629)  Acc@5: 100.0000 (99.3152)LR: 7.219e-03
2024-11-17 05:06:36,474 -         train_search: [    INFO] - Train: 33 [ 300/390]  Loss: 0.4503 (0.448)  Acc@1: 84.3750 (84.2660)  Acc@5: 100.0000 (99.3511)LR: 7.219e-03
2024-11-17 05:06:49,023 -         train_search: [    INFO] - Train: 33 [ 350/390]  Loss: 0.3485 (0.450)  Acc@1: 85.9375 (84.2815)  Acc@5: 100.0000 (99.3590)LR: 7.219e-03
2024-11-17 05:06:58,468 -         train_search: [    INFO] - Train: 33 [ 390/390]  Loss: 0.3647 (0.453)  Acc@1: 92.5000 (84.1400)  Acc@5: 100.0000 (99.3840)LR: 7.219e-03
2024-11-17 05:06:58,571 -         train_search: [    INFO] - train_acc 84.140000
2024-11-17 05:06:59,014 -         train_search: [    INFO] - Valid: 33 [   0/390]  Loss: 0.5983 (0.598)  Acc@1: 79.6875 (79.6875)  Acc@5: 98.4375 (98.4375)
2024-11-17 05:07:01,296 -         train_search: [    INFO] - Valid: 33 [  50/390]  Loss: 0.4998 (0.568)  Acc@1: 79.6875 (80.7292)  Acc@5: 100.0000 (98.7439)
2024-11-17 05:07:03,568 -         train_search: [    INFO] - Valid: 33 [ 100/390]  Loss: 0.5786 (0.553)  Acc@1: 84.3750 (80.8787)  Acc@5: 100.0000 (98.8552)
2024-11-17 05:07:05,848 -         train_search: [    INFO] - Valid: 33 [ 150/390]  Loss: 0.5810 (0.554)  Acc@1: 73.4375 (80.7119)  Acc@5: 100.0000 (98.8411)
2024-11-17 05:07:08,176 -         train_search: [    INFO] - Valid: 33 [ 200/390]  Loss: 0.6909 (0.555)  Acc@1: 71.8750 (80.7991)  Acc@5: 100.0000 (98.8884)
2024-11-17 05:07:10,472 -         train_search: [    INFO] - Valid: 33 [ 250/390]  Loss: 0.4503 (0.562)  Acc@1: 85.9375 (80.6026)  Acc@5: 98.4375 (98.8484)
2024-11-17 05:07:12,704 -         train_search: [    INFO] - Valid: 33 [ 300/390]  Loss: 0.2334 (0.562)  Acc@1: 95.3125 (80.6375)  Acc@5: 100.0000 (98.8839)
2024-11-17 05:07:14,893 -         train_search: [    INFO] - Valid: 33 [ 350/390]  Loss: 0.5160 (0.565)  Acc@1: 78.1250 (80.6223)  Acc@5: 100.0000 (98.8827)
2024-11-17 05:07:16,697 -         train_search: [    INFO] - Valid: 33 [ 390/390]  Loss: 0.4650 (0.562)  Acc@1: 82.5000 (80.6680)  Acc@5: 100.0000 (98.8880)
2024-11-17 05:07:16,754 -         train_search: [    INFO] - valid_acc 80.668000
2024-11-17 05:07:16,756 -         train_search: [    INFO] - epoch = 33   
 genotype = |skip_connect~0|+|skip_connect~0|nor_conv_3x3~1|+|skip_connect~0|skip_connect~1|skip_connect~2|
2024-11-17 05:07:16,760 -         train_search: [    INFO] - alphas_normal = 
 tensor([[0.1631, 0.3011, 0.1157, 0.1913, 0.2287],
        [0.1660, 0.3298, 0.1222, 0.1598, 0.2222],
        [0.2438, 0.2272, 0.1073, 0.1671, 0.2546],
        [0.1121, 0.4325, 0.1228, 0.1647, 0.1679],
        [0.2520, 0.3086, 0.1083, 0.1558, 0.1752],
        [0.3036, 0.2323, 0.0948, 0.1707, 0.1986]], device='cuda:0',
       grad_fn=<SoftmaxBackward0>)
2024-11-17 05:07:17,509 -         train_search: [    INFO] - Train: 34 [   0/390]  Loss: 2.984 (2.98)  Acc@1: 14.0625 (14.0625)  Acc@5: 70.3125 (70.3125)LR: 6.570e-03
2024-11-17 05:07:30,232 -         train_search: [    INFO] - Train: 34 [  50/390]  Loss: 1.102 (1.89)  Acc@1: 60.9375 (42.4632)  Acc@5: 95.3125 (85.3860)LR: 6.570e-03
2024-11-17 05:07:42,762 -         train_search: [    INFO] - Train: 34 [ 100/390]  Loss: 1.141 (1.62)  Acc@1: 59.3750 (48.4684)  Acc@5: 95.3125 (89.0006)LR: 6.570e-03
2024-11-17 05:07:55,369 -         train_search: [    INFO] - Train: 34 [ 150/390]  Loss: 1.267 (1.47)  Acc@1: 54.6875 (52.4938)  Acc@5: 96.8750 (91.0389)LR: 6.570e-03
2024-11-17 05:08:07,991 -         train_search: [    INFO] - Train: 34 [ 200/390]  Loss: 0.8589 (1.35)  Acc@1: 73.4375 (55.6670)  Acc@5: 98.4375 (92.3430)LR: 6.570e-03
2024-11-17 05:08:20,417 -         train_search: [    INFO] - Train: 34 [ 250/390]  Loss: 0.7880 (1.28)  Acc@1: 73.4375 (57.7378)  Acc@5: 100.0000 (93.2084)LR: 6.570e-03
2024-11-17 05:08:33,107 -         train_search: [    INFO] - Train: 34 [ 300/390]  Loss: 1.030 (1.22)  Acc@1: 67.1875 (59.5307)  Acc@5: 93.7500 (93.8486)LR: 6.570e-03
2024-11-17 05:08:45,931 -         train_search: [    INFO] - Train: 34 [ 350/390]  Loss: 1.035 (1.17)  Acc@1: 64.0625 (60.8396)  Acc@5: 100.0000 (94.3332)LR: 6.570e-03
2024-11-17 05:08:56,201 -         train_search: [    INFO] - Train: 34 [ 390/390]  Loss: 0.7646 (1.14)  Acc@1: 70.0000 (61.8280)  Acc@5: 97.5000 (94.6520)LR: 6.570e-03
2024-11-17 05:08:56,298 -         train_search: [    INFO] - train_acc 61.828000
2024-11-17 05:08:56,587 -         train_search: [    INFO] - Valid: 34 [   0/390]  Loss: 0.7151 (0.715)  Acc@1: 78.1250 (78.1250)  Acc@5: 100.0000 (100.0000)
2024-11-17 05:08:58,918 -         train_search: [    INFO] - Valid: 34 [  50/390]  Loss: 0.8438 (0.705)  Acc@1: 73.4375 (75.8578)  Acc@5: 96.8750 (98.1924)
2024-11-17 05:09:01,555 -         train_search: [    INFO] - Valid: 34 [ 100/390]  Loss: 0.5782 (0.690)  Acc@1: 82.8125 (76.2840)  Acc@5: 96.8750 (98.3911)
2024-11-17 05:09:03,739 -         train_search: [    INFO] - Valid: 34 [ 150/390]  Loss: 0.7658 (0.696)  Acc@1: 75.0000 (75.9727)  Acc@5: 98.4375 (98.3133)
2024-11-17 05:09:05,894 -         train_search: [    INFO] - Valid: 34 [ 200/390]  Loss: 0.7536 (0.694)  Acc@1: 71.8750 (75.9562)  Acc@5: 98.4375 (98.3986)
2024-11-17 05:09:08,295 -         train_search: [    INFO] - Valid: 34 [ 250/390]  Loss: 0.5904 (0.691)  Acc@1: 81.2500 (76.0085)  Acc@5: 100.0000 (98.3939)
2024-11-17 05:09:10,682 -         train_search: [    INFO] - Valid: 34 [ 300/390]  Loss: 0.7840 (0.686)  Acc@1: 78.1250 (76.1887)  Acc@5: 96.8750 (98.4375)
2024-11-17 05:09:12,850 -         train_search: [    INFO] - Valid: 34 [ 350/390]  Loss: 0.7571 (0.688)  Acc@1: 76.5625 (76.2642)  Acc@5: 98.4375 (98.4197)
2024-11-17 05:09:14,639 -         train_search: [    INFO] - Valid: 34 [ 390/390]  Loss: 0.6253 (0.687)  Acc@1: 82.5000 (76.3240)  Acc@5: 97.5000 (98.4280)
2024-11-17 05:09:14,676 -         train_search: [    INFO] - valid_acc 76.324000
2024-11-17 05:09:14,678 -         train_search: [    INFO] - epoch = 34   
 genotype = |skip_connect~0|+|skip_connect~0|nor_conv_3x3~1|+|skip_connect~0|skip_connect~1|skip_connect~2|
2024-11-17 05:09:14,682 -         train_search: [    INFO] - alphas_normal = 
 tensor([[0.1681, 0.2860, 0.1067, 0.1956, 0.2437],
        [0.1744, 0.3078, 0.1114, 0.1649, 0.2415],
        [0.2322, 0.2175, 0.1018, 0.1702, 0.2783],
        [0.1247, 0.4177, 0.1119, 0.1666, 0.1791],
        [0.2447, 0.2992, 0.1020, 0.1617, 0.1924],
        [0.2837, 0.2289, 0.0907, 0.1789, 0.2177]], device='cuda:0',
       grad_fn=<SoftmaxBackward0>)
2024-11-17 05:09:15,578 -         train_search: [    INFO] - Train: 35 [   0/390]  Loss: 0.8641 (0.864)  Acc@1: 71.8750 (71.8750)  Acc@5: 92.1875 (92.1875)LR: 5.947e-03
2024-11-17 05:09:27,680 -         train_search: [    INFO] - Train: 35 [  50/390]  Loss: 0.9299 (0.834)  Acc@1: 68.7500 (71.2010)  Acc@5: 95.3125 (98.0699)LR: 5.947e-03
2024-11-17 05:09:40,251 -         train_search: [    INFO] - Train: 35 [ 100/390]  Loss: 0.8517 (0.830)  Acc@1: 70.3125 (71.7048)  Acc@5: 98.4375 (97.7568)LR: 5.947e-03
2024-11-17 05:09:52,537 -         train_search: [    INFO] - Train: 35 [ 150/390]  Loss: 0.8053 (0.821)  Acc@1: 76.5625 (71.8750)  Acc@5: 98.4375 (97.7959)LR: 5.947e-03
2024-11-17 05:10:04,956 -         train_search: [    INFO] - Train: 35 [ 200/390]  Loss: 0.7974 (0.818)  Acc@1: 68.7500 (72.0149)  Acc@5: 96.8750 (97.7767)LR: 5.947e-03
2024-11-17 05:10:17,337 -         train_search: [    INFO] - Train: 35 [ 250/390]  Loss: 0.6901 (0.809)  Acc@1: 81.2500 (72.2298)  Acc@5: 98.4375 (97.8710)LR: 5.947e-03
2024-11-17 05:10:30,227 -         train_search: [    INFO] - Train: 35 [ 300/390]  Loss: 0.8623 (0.803)  Acc@1: 71.8750 (72.5083)  Acc@5: 98.4375 (97.8561)LR: 5.947e-03
2024-11-17 05:10:43,020 -         train_search: [    INFO] - Train: 35 [ 350/390]  Loss: 0.9881 (0.798)  Acc@1: 67.1875 (72.7653)  Acc@5: 95.3125 (97.8454)LR: 5.947e-03
2024-11-17 05:10:52,743 -         train_search: [    INFO] - Train: 35 [ 390/390]  Loss: 0.6529 (0.794)  Acc@1: 80.0000 (72.8240)  Acc@5: 100.0000 (97.8680)LR: 5.947e-03
2024-11-17 05:10:52,828 -         train_search: [    INFO] - train_acc 72.824000
2024-11-17 05:10:53,267 -         train_search: [    INFO] - Valid: 35 [   0/390]  Loss: 0.6697 (0.670)  Acc@1: 75.0000 (75.0000)  Acc@5: 100.0000 (100.0000)
2024-11-17 05:10:55,443 -         train_search: [    INFO] - Valid: 35 [  50/390]  Loss: 0.6886 (0.653)  Acc@1: 70.3125 (77.7574)  Acc@5: 100.0000 (98.4375)
2024-11-17 05:10:57,621 -         train_search: [    INFO] - Valid: 35 [ 100/390]  Loss: 0.5134 (0.648)  Acc@1: 84.3750 (78.2178)  Acc@5: 100.0000 (98.6850)
2024-11-17 05:10:59,810 -         train_search: [    INFO] - Valid: 35 [ 150/390]  Loss: 0.9070 (0.655)  Acc@1: 71.8750 (77.7732)  Acc@5: 96.8750 (98.6031)
2024-11-17 05:11:01,998 -         train_search: [    INFO] - Valid: 35 [ 200/390]  Loss: 0.8306 (0.656)  Acc@1: 71.8750 (77.5264)  Acc@5: 96.8750 (98.6241)
2024-11-17 05:11:04,292 -         train_search: [    INFO] - Valid: 35 [ 250/390]  Loss: 0.6991 (0.655)  Acc@1: 70.3125 (77.4153)  Acc@5: 100.0000 (98.6367)
2024-11-17 05:11:06,483 -         train_search: [    INFO] - Valid: 35 [ 300/390]  Loss: 0.3023 (0.653)  Acc@1: 92.1875 (77.3619)  Acc@5: 100.0000 (98.6400)
2024-11-17 05:11:08,792 -         train_search: [    INFO] - Valid: 35 [ 350/390]  Loss: 0.5446 (0.652)  Acc@1: 81.2500 (77.4083)  Acc@5: 100.0000 (98.5978)
2024-11-17 05:11:10,502 -         train_search: [    INFO] - Valid: 35 [ 390/390]  Loss: 0.7153 (0.652)  Acc@1: 77.5000 (77.4360)  Acc@5: 97.5000 (98.6160)
2024-11-17 05:11:10,559 -         train_search: [    INFO] - valid_acc 77.436000
2024-11-17 05:11:10,560 -         train_search: [    INFO] - epoch = 35   
 genotype = |skip_connect~0|+|skip_connect~0|nor_conv_3x3~1|+|skip_connect~0|skip_connect~1|nor_conv_3x3~2|
2024-11-17 05:11:10,561 -         train_search: [    INFO] - alphas_normal = 
 tensor([[0.1728, 0.2739, 0.0996, 0.1983, 0.2554],
        [0.1814, 0.2921, 0.1028, 0.1680, 0.2556],
        [0.2239, 0.2099, 0.0966, 0.1714, 0.2982],
        [0.1359, 0.4050, 0.1033, 0.1697, 0.1861],
        [0.2373, 0.2886, 0.0964, 0.1690, 0.2087],
        [0.2697, 0.2240, 0.0860, 0.1849, 0.2355]], device='cuda:0',
       grad_fn=<SoftmaxBackward0>)
2024-11-17 05:11:11,223 -         train_search: [    INFO] - Train: 36 [   0/390]  Loss: 0.8821 (0.882)  Acc@1: 67.1875 (67.1875)  Acc@5: 98.4375 (98.4375)LR: 5.351e-03
2024-11-17 05:11:23,556 -         train_search: [    INFO] - Train: 36 [  50/390]  Loss: 0.7655 (0.719)  Acc@1: 76.5625 (74.7549)  Acc@5: 98.4375 (98.6520)LR: 5.351e-03
2024-11-17 05:11:35,867 -         train_search: [    INFO] - Train: 36 [ 100/390]  Loss: 0.7130 (0.699)  Acc@1: 68.7500 (76.0675)  Acc@5: 100.0000 (98.4839)LR: 5.351e-03
2024-11-17 05:11:48,787 -         train_search: [    INFO] - Train: 36 [ 150/390]  Loss: 0.7585 (0.708)  Acc@1: 75.0000 (75.8175)  Acc@5: 98.4375 (98.3961)LR: 5.351e-03
2024-11-17 05:12:00,987 -         train_search: [    INFO] - Train: 36 [ 200/390]  Loss: 0.8188 (0.704)  Acc@1: 70.3125 (75.9251)  Acc@5: 96.8750 (98.4142)LR: 5.351e-03
2024-11-17 05:12:13,443 -         train_search: [    INFO] - Train: 36 [ 250/390]  Loss: 0.8865 (0.716)  Acc@1: 75.0000 (75.4233)  Acc@5: 93.7500 (98.3317)LR: 5.351e-03
2024-11-17 05:12:25,833 -         train_search: [    INFO] - Train: 36 [ 300/390]  Loss: 0.7015 (0.720)  Acc@1: 76.5625 (75.2699)  Acc@5: 98.4375 (98.3233)LR: 5.351e-03
2024-11-17 05:12:38,238 -         train_search: [    INFO] - Train: 36 [ 350/390]  Loss: 0.6283 (0.716)  Acc@1: 75.0000 (75.4318)  Acc@5: 100.0000 (98.3173)LR: 5.351e-03
2024-11-17 05:12:47,815 -         train_search: [    INFO] - Train: 36 [ 390/390]  Loss: 0.6163 (0.715)  Acc@1: 77.5000 (75.4520)  Acc@5: 97.5000 (98.3240)LR: 5.351e-03
2024-11-17 05:12:47,926 -         train_search: [    INFO] - train_acc 75.452000
2024-11-17 05:12:48,231 -         train_search: [    INFO] - Valid: 36 [   0/390]  Loss: 0.5685 (0.568)  Acc@1: 79.6875 (79.6875)  Acc@5: 100.0000 (100.0000)
2024-11-17 05:12:50,454 -         train_search: [    INFO] - Valid: 36 [  50/390]  Loss: 0.6624 (0.606)  Acc@1: 75.0000 (78.8603)  Acc@5: 96.8750 (99.0809)
2024-11-17 05:12:52,626 -         train_search: [    INFO] - Valid: 36 [ 100/390]  Loss: 0.6576 (0.611)  Acc@1: 75.0000 (78.6355)  Acc@5: 98.4375 (98.8243)
2024-11-17 05:12:54,782 -         train_search: [    INFO] - Valid: 36 [ 150/390]  Loss: 0.5031 (0.609)  Acc@1: 81.2500 (79.0046)  Acc@5: 98.4375 (98.7893)
2024-11-17 05:12:56,935 -         train_search: [    INFO] - Valid: 36 [ 200/390]  Loss: 0.8450 (0.615)  Acc@1: 75.0000 (79.0034)  Acc@5: 93.7500 (98.7640)
2024-11-17 05:12:59,120 -         train_search: [    INFO] - Valid: 36 [ 250/390]  Loss: 0.4755 (0.617)  Acc@1: 81.2500 (78.7973)  Acc@5: 98.4375 (98.7301)
2024-11-17 05:13:01,295 -         train_search: [    INFO] - Valid: 36 [ 300/390]  Loss: 0.6231 (0.618)  Acc@1: 76.5625 (78.7791)  Acc@5: 96.8750 (98.7386)
2024-11-17 05:13:03,461 -         train_search: [    INFO] - Valid: 36 [ 350/390]  Loss: 0.6760 (0.620)  Acc@1: 78.1250 (78.6903)  Acc@5: 96.8750 (98.7224)
2024-11-17 05:13:05,163 -         train_search: [    INFO] - Valid: 36 [ 390/390]  Loss: 0.9280 (0.617)  Acc@1: 62.5000 (78.8440)  Acc@5: 95.0000 (98.7240)
2024-11-17 05:13:05,203 -         train_search: [    INFO] - valid_acc 78.844000
2024-11-17 05:13:05,204 -         train_search: [    INFO] - epoch = 36   
 genotype = |nor_conv_3x3~0|+|skip_connect~0|nor_conv_3x3~1|+|skip_connect~0|skip_connect~1|nor_conv_3x3~2|
2024-11-17 05:13:05,206 -         train_search: [    INFO] - alphas_normal = 
 tensor([[0.1757, 0.2634, 0.0935, 0.2009, 0.2665],
        [0.1876, 0.2802, 0.0962, 0.1695, 0.2664],
        [0.2158, 0.2030, 0.0920, 0.1710, 0.3182],
        [0.1456, 0.3961, 0.0965, 0.1716, 0.1902],
        [0.2309, 0.2808, 0.0915, 0.1746, 0.2222],
        [0.2575, 0.2201, 0.0818, 0.1909, 0.2496]], device='cuda:0',
       grad_fn=<SoftmaxBackward0>)
2024-11-17 05:13:06,094 -         train_search: [    INFO] - Train: 37 [   0/390]  Loss: 0.6866 (0.687)  Acc@1: 75.0000 (75.0000)  Acc@5: 96.8750 (96.8750)LR: 4.785e-03
2024-11-17 05:13:18,938 -         train_search: [    INFO] - Train: 37 [  50/390]  Loss: 0.5240 (0.679)  Acc@1: 79.6875 (76.5012)  Acc@5: 96.8750 (98.6826)LR: 4.785e-03
2024-11-17 05:13:32,095 -         train_search: [    INFO] - Train: 37 [ 100/390]  Loss: 0.6718 (0.661)  Acc@1: 75.0000 (77.5681)  Acc@5: 100.0000 (98.9016)LR: 4.785e-03
2024-11-17 05:13:44,558 -         train_search: [    INFO] - Train: 37 [ 150/390]  Loss: 0.5005 (0.672)  Acc@1: 84.3750 (77.1937)  Acc@5: 98.4375 (98.6341)LR: 4.785e-03
2024-11-17 05:13:57,437 -         train_search: [    INFO] - Train: 37 [ 200/390]  Loss: 0.9198 (0.674)  Acc@1: 67.1875 (77.0678)  Acc@5: 96.8750 (98.6318)LR: 4.785e-03
2024-11-17 05:14:10,097 -         train_search: [    INFO] - Train: 37 [ 250/390]  Loss: 0.4882 (0.674)  Acc@1: 84.3750 (76.9983)  Acc@5: 100.0000 (98.6305)LR: 4.785e-03
2024-11-17 05:14:22,508 -         train_search: [    INFO] - Train: 37 [ 300/390]  Loss: 0.5402 (0.669)  Acc@1: 84.3750 (77.1750)  Acc@5: 100.0000 (98.6503)LR: 4.785e-03
2024-11-17 05:14:35,239 -         train_search: [    INFO] - Train: 37 [ 350/390]  Loss: 0.6484 (0.666)  Acc@1: 79.6875 (77.2569)  Acc@5: 98.4375 (98.6779)LR: 4.785e-03
2024-11-17 05:14:45,116 -         train_search: [    INFO] - Train: 37 [ 390/390]  Loss: 0.5999 (0.659)  Acc@1: 82.5000 (77.4280)  Acc@5: 95.0000 (98.6680)LR: 4.785e-03
2024-11-17 05:14:45,231 -         train_search: [    INFO] - train_acc 77.428000
2024-11-17 05:14:45,576 -         train_search: [    INFO] - Valid: 37 [   0/390]  Loss: 0.3786 (0.379)  Acc@1: 92.1875 (92.1875)  Acc@5: 98.4375 (98.4375)
2024-11-17 05:14:47,888 -         train_search: [    INFO] - Valid: 37 [  50/390]  Loss: 0.7230 (0.580)  Acc@1: 76.5625 (80.6373)  Acc@5: 100.0000 (98.6826)
2024-11-17 05:14:50,034 -         train_search: [    INFO] - Valid: 37 [ 100/390]  Loss: 0.5796 (0.579)  Acc@1: 81.2500 (80.2754)  Acc@5: 100.0000 (98.9171)
2024-11-17 05:14:52,196 -         train_search: [    INFO] - Valid: 37 [ 150/390]  Loss: 0.7457 (0.586)  Acc@1: 76.5625 (80.0393)  Acc@5: 95.3125 (98.8204)
2024-11-17 05:14:54,342 -         train_search: [    INFO] - Valid: 37 [ 200/390]  Loss: 0.5699 (0.584)  Acc@1: 82.8125 (80.1073)  Acc@5: 100.0000 (98.8340)
2024-11-17 05:14:56,648 -         train_search: [    INFO] - Valid: 37 [ 250/390]  Loss: 0.5328 (0.588)  Acc@1: 79.6875 (79.9178)  Acc@5: 98.4375 (98.7923)
2024-11-17 05:14:58,932 -         train_search: [    INFO] - Valid: 37 [ 300/390]  Loss: 0.7013 (0.586)  Acc@1: 76.5625 (80.0042)  Acc@5: 96.8750 (98.8009)
2024-11-17 05:15:01,115 -         train_search: [    INFO] - Valid: 37 [ 350/390]  Loss: 0.6114 (0.589)  Acc@1: 79.6875 (79.9012)  Acc@5: 98.4375 (98.7536)
2024-11-17 05:15:02,905 -         train_search: [    INFO] - Valid: 37 [ 390/390]  Loss: 0.5458 (0.589)  Acc@1: 82.5000 (79.8640)  Acc@5: 100.0000 (98.7480)
2024-11-17 05:15:02,942 -         train_search: [    INFO] - valid_acc 79.864000
2024-11-17 05:15:02,944 -         train_search: [    INFO] - epoch = 37   
 genotype = |nor_conv_3x3~0|+|nor_conv_3x3~0|nor_conv_3x3~1|+|skip_connect~0|skip_connect~1|nor_conv_3x3~2|
2024-11-17 05:15:02,948 -         train_search: [    INFO] - alphas_normal = 
 tensor([[0.1778, 0.2561, 0.0889, 0.2023, 0.2749],
        [0.1947, 0.2703, 0.0909, 0.1689, 0.2752],
        [0.2079, 0.1966, 0.0883, 0.1707, 0.3366],
        [0.1538, 0.3897, 0.0911, 0.1737, 0.1917],
        [0.2260, 0.2745, 0.0873, 0.1790, 0.2332],
        [0.2480, 0.2172, 0.0783, 0.1953, 0.2612]], device='cuda:0',
       grad_fn=<SoftmaxBackward0>)
2024-11-17 05:15:03,649 -         train_search: [    INFO] - Train: 38 [   0/390]  Loss: 0.3134 (0.313)  Acc@1: 92.1875 (92.1875)  Acc@5: 100.0000 (100.0000)LR: 4.252e-03
2024-11-17 05:15:16,488 -         train_search: [    INFO] - Train: 38 [  50/390]  Loss: 0.7059 (0.623)  Acc@1: 81.2500 (78.7377)  Acc@5: 98.4375 (98.6826)LR: 4.252e-03
2024-11-17 05:15:29,014 -         train_search: [    INFO] - Train: 38 [ 100/390]  Loss: 0.5050 (0.629)  Acc@1: 84.3750 (78.2797)  Acc@5: 100.0000 (98.5767)LR: 4.252e-03
2024-11-17 05:15:41,224 -         train_search: [    INFO] - Train: 38 [ 150/390]  Loss: 0.8635 (0.632)  Acc@1: 64.0625 (78.1353)  Acc@5: 96.8750 (98.5824)LR: 4.252e-03
2024-11-17 05:15:53,535 -         train_search: [    INFO] - Train: 38 [ 200/390]  Loss: 0.4941 (0.633)  Acc@1: 82.8125 (78.1639)  Acc@5: 98.4375 (98.6007)LR: 4.252e-03
2024-11-17 05:16:05,987 -         train_search: [    INFO] - Train: 38 [ 250/390]  Loss: 0.6166 (0.632)  Acc@1: 75.0000 (78.2806)  Acc@5: 98.4375 (98.6180)LR: 4.252e-03
2024-11-17 05:16:19,127 -         train_search: [    INFO] - Train: 38 [ 300/390]  Loss: 0.5676 (0.629)  Acc@1: 81.2500 (78.2911)  Acc@5: 98.4375 (98.6140)LR: 4.252e-03
2024-11-17 05:16:31,625 -         train_search: [    INFO] - Train: 38 [ 350/390]  Loss: 0.6853 (0.632)  Acc@1: 76.5625 (78.1339)  Acc@5: 96.8750 (98.6200)LR: 4.252e-03
2024-11-17 05:16:42,264 -         train_search: [    INFO] - Train: 38 [ 390/390]  Loss: 0.7608 (0.630)  Acc@1: 75.0000 (78.2800)  Acc@5: 100.0000 (98.6520)LR: 4.252e-03
2024-11-17 05:16:42,385 -         train_search: [    INFO] - train_acc 78.280000
2024-11-17 05:16:42,702 -         train_search: [    INFO] - Valid: 38 [   0/390]  Loss: 0.6594 (0.659)  Acc@1: 75.0000 (75.0000)  Acc@5: 100.0000 (100.0000)
2024-11-17 05:16:45,010 -         train_search: [    INFO] - Valid: 38 [  50/390]  Loss: 0.6764 (0.558)  Acc@1: 73.4375 (80.6373)  Acc@5: 98.4375 (99.2034)
2024-11-17 05:16:47,153 -         train_search: [    INFO] - Valid: 38 [ 100/390]  Loss: 0.5328 (0.563)  Acc@1: 84.3750 (80.4455)  Acc@5: 98.4375 (99.1027)
2024-11-17 05:16:49,457 -         train_search: [    INFO] - Valid: 38 [ 150/390]  Loss: 0.7389 (0.566)  Acc@1: 73.4375 (80.2877)  Acc@5: 98.4375 (98.9549)
2024-11-17 05:16:51,895 -         train_search: [    INFO] - Valid: 38 [ 200/390]  Loss: 0.4022 (0.572)  Acc@1: 89.0625 (80.1228)  Acc@5: 98.4375 (98.8961)
2024-11-17 05:16:54,325 -         train_search: [    INFO] - Valid: 38 [ 250/390]  Loss: 0.7926 (0.583)  Acc@1: 70.3125 (79.8929)  Acc@5: 98.4375 (98.8484)
2024-11-17 05:16:56,605 -         train_search: [    INFO] - Valid: 38 [ 300/390]  Loss: 0.6087 (0.578)  Acc@1: 78.1250 (80.0301)  Acc@5: 98.4375 (98.8891)
2024-11-17 05:16:59,014 -         train_search: [    INFO] - Valid: 38 [ 350/390]  Loss: 0.6353 (0.576)  Acc@1: 79.6875 (80.1950)  Acc@5: 96.8750 (98.8604)
2024-11-17 05:17:00,906 -         train_search: [    INFO] - Valid: 38 [ 390/390]  Loss: 0.6623 (0.577)  Acc@1: 82.5000 (80.1760)  Acc@5: 100.0000 (98.8520)
2024-11-17 05:17:01,662 -         train_search: [    INFO] - valid_acc 80.176000
2024-11-17 05:17:01,663 -         train_search: [    INFO] - epoch = 38   
 genotype = |nor_conv_3x3~0|+|nor_conv_3x3~0|nor_conv_3x3~1|+|skip_connect~0|skip_connect~1|nor_conv_3x3~2|
2024-11-17 05:17:01,666 -         train_search: [    INFO] - alphas_normal = 
 tensor([[0.1793, 0.2499, 0.0847, 0.2039, 0.2822],
        [0.2004, 0.2619, 0.0864, 0.1682, 0.2831],
        [0.2013, 0.1909, 0.0848, 0.1706, 0.3524],
        [0.1616, 0.3828, 0.0864, 0.1746, 0.1946],
        [0.2209, 0.2683, 0.0835, 0.1839, 0.2434],
        [0.2386, 0.2138, 0.0748, 0.1997, 0.2732]], device='cuda:0',
       grad_fn=<SoftmaxBackward0>)
2024-11-17 05:17:02,525 -         train_search: [    INFO] - Train: 39 [   0/390]  Loss: 0.5896 (0.590)  Acc@1: 82.8125 (82.8125)  Acc@5: 96.8750 (96.8750)LR: 3.754e-03
2024-11-17 05:17:15,237 -         train_search: [    INFO] - Train: 39 [  50/390]  Loss: 0.7803 (0.597)  Acc@1: 71.8750 (79.1973)  Acc@5: 96.8750 (98.5600)LR: 3.754e-03
2024-11-17 05:17:28,216 -         train_search: [    INFO] - Train: 39 [ 100/390]  Loss: 0.8493 (0.599)  Acc@1: 71.8750 (79.4709)  Acc@5: 98.4375 (98.7005)LR: 3.754e-03
2024-11-17 05:17:40,798 -         train_search: [    INFO] - Train: 39 [ 150/390]  Loss: 0.4929 (0.604)  Acc@1: 84.3750 (79.4392)  Acc@5: 100.0000 (98.8307)LR: 3.754e-03
2024-11-17 05:17:53,700 -         train_search: [    INFO] - Train: 39 [ 200/390]  Loss: 0.7786 (0.602)  Acc@1: 76.5625 (79.5476)  Acc@5: 100.0000 (98.8417)LR: 3.754e-03
2024-11-17 05:18:06,309 -         train_search: [    INFO] - Train: 39 [ 250/390]  Loss: 0.6455 (0.600)  Acc@1: 78.1250 (79.6501)  Acc@5: 98.4375 (98.7799)LR: 3.754e-03
2024-11-17 05:18:19,023 -         train_search: [    INFO] - Train: 39 [ 300/390]  Loss: 0.5548 (0.598)  Acc@1: 81.2500 (79.6512)  Acc@5: 98.4375 (98.8372)LR: 3.754e-03
2024-11-17 05:18:31,506 -         train_search: [    INFO] - Train: 39 [ 350/390]  Loss: 0.6547 (0.602)  Acc@1: 79.6875 (79.4516)  Acc@5: 100.0000 (98.8292)LR: 3.754e-03
2024-11-17 05:18:41,404 -         train_search: [    INFO] - Train: 39 [ 390/390]  Loss: 0.7485 (0.602)  Acc@1: 77.5000 (79.3840)  Acc@5: 97.5000 (98.8560)LR: 3.754e-03
2024-11-17 05:18:41,516 -         train_search: [    INFO] - train_acc 79.384000
2024-11-17 05:18:41,802 -         train_search: [    INFO] - Valid: 39 [   0/390]  Loss: 0.4944 (0.494)  Acc@1: 78.1250 (78.1250)  Acc@5: 100.0000 (100.0000)
2024-11-17 05:18:43,989 -         train_search: [    INFO] - Valid: 39 [  50/390]  Loss: 0.7703 (0.559)  Acc@1: 81.2500 (81.4951)  Acc@5: 98.4375 (98.9890)
2024-11-17 05:18:46,178 -         train_search: [    INFO] - Valid: 39 [ 100/390]  Loss: 0.4702 (0.543)  Acc@1: 84.3750 (81.8533)  Acc@5: 100.0000 (99.1027)
2024-11-17 05:18:48,468 -         train_search: [    INFO] - Valid: 39 [ 150/390]  Loss: 0.4682 (0.556)  Acc@1: 79.6875 (81.1362)  Acc@5: 100.0000 (99.0584)
2024-11-17 05:18:50,675 -         train_search: [    INFO] - Valid: 39 [ 200/390]  Loss: 0.7115 (0.560)  Acc@1: 73.4375 (81.0168)  Acc@5: 96.8750 (99.0361)
2024-11-17 05:18:52,853 -         train_search: [    INFO] - Valid: 39 [ 250/390]  Loss: 0.5516 (0.560)  Acc@1: 78.1250 (80.9761)  Acc@5: 98.4375 (99.0351)
2024-11-17 05:18:55,155 -         train_search: [    INFO] - Valid: 39 [ 300/390]  Loss: 0.6148 (0.556)  Acc@1: 82.8125 (81.1358)  Acc@5: 98.4375 (99.0449)
2024-11-17 05:18:57,453 -         train_search: [    INFO] - Valid: 39 [ 350/390]  Loss: 0.6636 (0.561)  Acc@1: 78.1250 (80.9384)  Acc@5: 98.4375 (98.9761)
2024-11-17 05:18:59,178 -         train_search: [    INFO] - Valid: 39 [ 390/390]  Loss: 0.7510 (0.560)  Acc@1: 75.0000 (80.9680)  Acc@5: 100.0000 (98.9560)
2024-11-17 05:18:59,221 -         train_search: [    INFO] - valid_acc 80.968000
2024-11-17 05:18:59,223 -         train_search: [    INFO] - epoch = 39   
 genotype = |nor_conv_3x3~0|+|nor_conv_3x3~0|nor_conv_3x3~1|+|skip_connect~0|skip_connect~1|nor_conv_3x3~2|
2024-11-17 05:18:59,228 -         train_search: [    INFO] - alphas_normal = 
 tensor([[0.1806, 0.2448, 0.0809, 0.2063, 0.2873],
        [0.2061, 0.2536, 0.0823, 0.1664, 0.2915],
        [0.1948, 0.1846, 0.0814, 0.1722, 0.3670],
        [0.1702, 0.3742, 0.0822, 0.1761, 0.1974],
        [0.2162, 0.2629, 0.0800, 0.1887, 0.2521],
        [0.2287, 0.2097, 0.0715, 0.2044, 0.2856]], device='cuda:0',
       grad_fn=<SoftmaxBackward0>)
2024-11-17 05:19:00,167 -         train_search: [    INFO] - Train: 40 [   0/390]  Loss: 0.4134 (0.413)  Acc@1: 89.0625 (89.0625)  Acc@5: 100.0000 (100.0000)LR: 3.292e-03
2024-11-17 05:19:12,716 -         train_search: [    INFO] - Train: 40 [  50/390]  Loss: 0.5972 (0.572)  Acc@1: 79.6875 (81.1275)  Acc@5: 100.0000 (99.2034)LR: 3.292e-03
2024-11-17 05:19:24,861 -         train_search: [    INFO] - Train: 40 [ 100/390]  Loss: 0.7058 (0.580)  Acc@1: 78.1250 (80.2599)  Acc@5: 100.0000 (99.1646)LR: 3.292e-03
2024-11-17 05:19:37,617 -         train_search: [    INFO] - Train: 40 [ 150/390]  Loss: 0.6657 (0.590)  Acc@1: 73.4375 (80.0393)  Acc@5: 98.4375 (99.0480)LR: 3.292e-03
2024-11-17 05:19:50,155 -         train_search: [    INFO] - Train: 40 [ 200/390]  Loss: 0.6841 (0.587)  Acc@1: 75.0000 (80.1695)  Acc@5: 96.8750 (99.0205)LR: 3.292e-03
2024-11-17 05:20:02,642 -         train_search: [    INFO] - Train: 40 [ 250/390]  Loss: 0.4293 (0.582)  Acc@1: 85.9375 (80.2478)  Acc@5: 100.0000 (99.0164)LR: 3.292e-03
2024-11-17 05:20:15,563 -         train_search: [    INFO] - Train: 40 [ 300/390]  Loss: 0.6104 (0.581)  Acc@1: 81.2500 (80.2533)  Acc@5: 100.0000 (99.0293)LR: 3.292e-03
2024-11-17 05:20:28,323 -         train_search: [    INFO] - Train: 40 [ 350/390]  Loss: 0.4371 (0.579)  Acc@1: 89.0625 (80.3018)  Acc@5: 100.0000 (99.0207)LR: 3.292e-03
2024-11-17 05:20:38,567 -         train_search: [    INFO] - Train: 40 [ 390/390]  Loss: 0.6407 (0.576)  Acc@1: 72.5000 (80.3040)  Acc@5: 100.0000 (99.0280)LR: 3.292e-03
2024-11-17 05:20:38,672 -         train_search: [    INFO] - train_acc 80.304000
2024-11-17 05:20:38,949 -         train_search: [    INFO] - Valid: 40 [   0/390]  Loss: 0.6068 (0.607)  Acc@1: 87.5000 (87.5000)  Acc@5: 96.8750 (96.8750)
2024-11-17 05:20:41,112 -         train_search: [    INFO] - Valid: 40 [  50/390]  Loss: 0.7253 (0.554)  Acc@1: 78.1250 (81.3113)  Acc@5: 100.0000 (99.0196)
2024-11-17 05:20:43,448 -         train_search: [    INFO] - Valid: 40 [ 100/390]  Loss: 0.6755 (0.545)  Acc@1: 81.2500 (81.8533)  Acc@5: 100.0000 (99.0099)
2024-11-17 05:20:45,628 -         train_search: [    INFO] - Valid: 40 [ 150/390]  Loss: 0.4037 (0.555)  Acc@1: 89.0625 (81.3224)  Acc@5: 100.0000 (98.9031)
2024-11-17 05:20:48,044 -         train_search: [    INFO] - Valid: 40 [ 200/390]  Loss: 0.5009 (0.549)  Acc@1: 79.6875 (81.3822)  Acc@5: 100.0000 (98.9195)
2024-11-17 05:20:50,230 -         train_search: [    INFO] - Valid: 40 [ 250/390]  Loss: 0.6690 (0.547)  Acc@1: 78.1250 (81.4181)  Acc@5: 98.4375 (98.9729)
2024-11-17 05:20:52,486 -         train_search: [    INFO] - Valid: 40 [ 300/390]  Loss: 0.4633 (0.549)  Acc@1: 84.3750 (81.2552)  Acc@5: 98.4375 (98.9826)
2024-11-17 05:20:54,775 -         train_search: [    INFO] - Valid: 40 [ 350/390]  Loss: 0.3967 (0.545)  Acc@1: 82.8125 (81.4281)  Acc@5: 100.0000 (98.9850)
2024-11-17 05:20:56,536 -         train_search: [    INFO] - Valid: 40 [ 390/390]  Loss: 0.5279 (0.545)  Acc@1: 80.0000 (81.4160)  Acc@5: 100.0000 (98.9880)
2024-11-17 05:20:56,579 -         train_search: [    INFO] - valid_acc 81.416000
2024-11-17 05:20:56,580 -         train_search: [    INFO] - epoch = 40   
 genotype = |nor_conv_3x3~0|+|nor_conv_3x3~0|nor_conv_3x3~1|+|skip_connect~0|nor_conv_3x3~1|nor_conv_3x3~2|
2024-11-17 05:20:56,585 -         train_search: [    INFO] - alphas_normal = 
 tensor([[0.1815, 0.2415, 0.0779, 0.2079, 0.2912],
        [0.2114, 0.2474, 0.0787, 0.1653, 0.2972],
        [0.1893, 0.1798, 0.0784, 0.1729, 0.3795],
        [0.1774, 0.3689, 0.0784, 0.1778, 0.1975],
        [0.2122, 0.2579, 0.0769, 0.1928, 0.2603],
        [0.2208, 0.2056, 0.0686, 0.2089, 0.2961]], device='cuda:0',
       grad_fn=<SoftmaxBackward0>)
2024-11-17 05:20:57,535 -         train_search: [    INFO] - Train: 41 [   0/390]  Loss: 0.4931 (0.493)  Acc@1: 81.2500 (81.2500)  Acc@5: 100.0000 (100.0000)LR: 2.868e-03
2024-11-17 05:21:10,404 -         train_search: [    INFO] - Train: 41 [  50/390]  Loss: 0.5055 (0.533)  Acc@1: 85.9375 (81.6483)  Acc@5: 100.0000 (98.8971)LR: 2.868e-03
2024-11-17 05:21:22,515 -         train_search: [    INFO] - Train: 41 [ 100/390]  Loss: 0.5511 (0.548)  Acc@1: 78.1250 (80.9561)  Acc@5: 98.4375 (98.9790)LR: 2.868e-03
2024-11-17 05:21:34,558 -         train_search: [    INFO] - Train: 41 [ 150/390]  Loss: 0.5919 (0.556)  Acc@1: 79.6875 (80.6084)  Acc@5: 95.3125 (98.9445)LR: 2.868e-03
2024-11-17 05:21:47,238 -         train_search: [    INFO] - Train: 41 [ 200/390]  Loss: 0.6052 (0.550)  Acc@1: 82.8125 (80.9701)  Acc@5: 98.4375 (98.9894)LR: 2.868e-03
2024-11-17 05:21:59,397 -         train_search: [    INFO] - Train: 41 [ 250/390]  Loss: 0.6233 (0.546)  Acc@1: 76.5625 (81.1130)  Acc@5: 98.4375 (99.0351)LR: 2.868e-03
2024-11-17 05:22:11,679 -         train_search: [    INFO] - Train: 41 [ 300/390]  Loss: 0.4953 (0.547)  Acc@1: 81.2500 (81.1098)  Acc@5: 100.0000 (99.0345)LR: 2.868e-03
2024-11-17 05:22:23,798 -         train_search: [    INFO] - Train: 41 [ 350/390]  Loss: 0.4301 (0.545)  Acc@1: 84.3750 (81.0986)  Acc@5: 98.4375 (99.0830)LR: 2.868e-03
2024-11-17 05:22:33,738 -         train_search: [    INFO] - Train: 41 [ 390/390]  Loss: 0.5695 (0.549)  Acc@1: 77.5000 (80.9920)  Acc@5: 100.0000 (99.0560)LR: 2.868e-03
2024-11-17 05:22:33,830 -         train_search: [    INFO] - train_acc 80.992000
2024-11-17 05:22:34,253 -         train_search: [    INFO] - Valid: 41 [   0/390]  Loss: 0.4537 (0.454)  Acc@1: 85.9375 (85.9375)  Acc@5: 100.0000 (100.0000)
2024-11-17 05:22:36,648 -         train_search: [    INFO] - Valid: 41 [  50/390]  Loss: 0.4974 (0.551)  Acc@1: 82.8125 (81.2500)  Acc@5: 100.0000 (98.9583)
2024-11-17 05:22:39,022 -         train_search: [    INFO] - Valid: 41 [ 100/390]  Loss: 0.4523 (0.536)  Acc@1: 79.6875 (81.6058)  Acc@5: 100.0000 (99.0563)
2024-11-17 05:22:41,559 -         train_search: [    INFO] - Valid: 41 [ 150/390]  Loss: 0.5088 (0.535)  Acc@1: 87.5000 (81.5190)  Acc@5: 96.8750 (99.0170)
2024-11-17 05:22:43,803 -         train_search: [    INFO] - Valid: 41 [ 200/390]  Loss: 0.6610 (0.537)  Acc@1: 75.0000 (81.5221)  Acc@5: 100.0000 (99.0594)
2024-11-17 05:22:46,106 -         train_search: [    INFO] - Valid: 41 [ 250/390]  Loss: 0.3595 (0.533)  Acc@1: 87.5000 (81.7107)  Acc@5: 100.0000 (99.0413)
2024-11-17 05:22:48,727 -         train_search: [    INFO] - Valid: 41 [ 300/390]  Loss: 0.6820 (0.536)  Acc@1: 79.6875 (81.6809)  Acc@5: 98.4375 (98.9877)
2024-11-17 05:22:51,170 -         train_search: [    INFO] - Valid: 41 [ 350/390]  Loss: 0.6861 (0.539)  Acc@1: 75.0000 (81.4904)  Acc@5: 98.4375 (98.9316)
2024-11-17 05:22:52,907 -         train_search: [    INFO] - Valid: 41 [ 390/390]  Loss: 0.5782 (0.539)  Acc@1: 85.0000 (81.6040)  Acc@5: 100.0000 (98.9200)
2024-11-17 05:22:52,959 -         train_search: [    INFO] - valid_acc 81.604000
2024-11-17 05:22:52,960 -         train_search: [    INFO] - epoch = 41   
 genotype = |nor_conv_3x3~0|+|nor_conv_3x3~0|nor_conv_3x3~1|+|skip_connect~0|nor_conv_3x3~1|nor_conv_3x3~2|
2024-11-17 05:22:52,962 -         train_search: [    INFO] - alphas_normal = 
 tensor([[0.1817, 0.2400, 0.0755, 0.2088, 0.2940],
        [0.2144, 0.2421, 0.0758, 0.1660, 0.3016],
        [0.1853, 0.1762, 0.0760, 0.1740, 0.3885],
        [0.1837, 0.3653, 0.0751, 0.1793, 0.1966],
        [0.2088, 0.2544, 0.0740, 0.1970, 0.2658],
        [0.2134, 0.2019, 0.0661, 0.2126, 0.3059]], device='cuda:0',
       grad_fn=<SoftmaxBackward0>)
2024-11-17 05:22:53,672 -         train_search: [    INFO] - Train: 42 [   0/390]  Loss: 0.5612 (0.561)  Acc@1: 81.2500 (81.2500)  Acc@5: 100.0000 (100.0000)LR: 2.484e-03
2024-11-17 05:23:05,838 -         train_search: [    INFO] - Train: 42 [  50/390]  Loss: 0.4359 (0.524)  Acc@1: 87.5000 (81.8321)  Acc@5: 100.0000 (98.9890)LR: 2.484e-03
2024-11-17 05:23:18,916 -         train_search: [    INFO] - Train: 42 [ 100/390]  Loss: 0.6011 (0.531)  Acc@1: 78.1250 (81.8069)  Acc@5: 98.4375 (98.9790)LR: 2.484e-03
2024-11-17 05:23:31,583 -         train_search: [    INFO] - Train: 42 [ 150/390]  Loss: 0.5834 (0.534)  Acc@1: 76.5625 (81.6846)  Acc@5: 98.4375 (98.9963)LR: 2.484e-03
2024-11-17 05:23:43,887 -         train_search: [    INFO] - Train: 42 [ 200/390]  Loss: 0.3794 (0.535)  Acc@1: 90.6250 (81.8408)  Acc@5: 100.0000 (99.0438)LR: 2.484e-03
2024-11-17 05:23:56,067 -         train_search: [    INFO] - Train: 42 [ 250/390]  Loss: 0.5781 (0.535)  Acc@1: 82.8125 (81.8538)  Acc@5: 100.0000 (99.0164)LR: 2.484e-03
2024-11-17 05:24:08,447 -         train_search: [    INFO] - Train: 42 [ 300/390]  Loss: 0.5388 (0.535)  Acc@1: 79.6875 (81.7380)  Acc@5: 100.0000 (99.0916)LR: 2.484e-03
2024-11-17 05:24:21,002 -         train_search: [    INFO] - Train: 42 [ 350/390]  Loss: 0.4440 (0.529)  Acc@1: 87.5000 (81.9355)  Acc@5: 98.4375 (99.1364)LR: 2.484e-03
2024-11-17 05:24:30,901 -         train_search: [    INFO] - Train: 42 [ 390/390]  Loss: 0.5387 (0.527)  Acc@1: 85.0000 (82.0120)  Acc@5: 100.0000 (99.1440)LR: 2.484e-03
2024-11-17 05:24:30,988 -         train_search: [    INFO] - train_acc 82.012000
2024-11-17 05:24:31,315 -         train_search: [    INFO] - Valid: 42 [   0/390]  Loss: 0.6428 (0.643)  Acc@1: 76.5625 (76.5625)  Acc@5: 100.0000 (100.0000)
2024-11-17 05:24:33,544 -         train_search: [    INFO] - Valid: 42 [  50/390]  Loss: 0.4174 (0.536)  Acc@1: 87.5000 (81.7096)  Acc@5: 98.4375 (98.9890)
2024-11-17 05:24:35,704 -         train_search: [    INFO] - Valid: 42 [ 100/390]  Loss: 0.5400 (0.535)  Acc@1: 82.8125 (81.8533)  Acc@5: 100.0000 (98.9790)
2024-11-17 05:24:37,890 -         train_search: [    INFO] - Valid: 42 [ 150/390]  Loss: 0.4608 (0.535)  Acc@1: 84.3750 (81.6846)  Acc@5: 100.0000 (99.0066)
2024-11-17 05:24:40,129 -         train_search: [    INFO] - Valid: 42 [ 200/390]  Loss: 0.5385 (0.534)  Acc@1: 82.8125 (81.8952)  Acc@5: 100.0000 (99.0516)
2024-11-17 05:24:42,317 -         train_search: [    INFO] - Valid: 42 [ 250/390]  Loss: 0.6079 (0.529)  Acc@1: 87.5000 (82.1651)  Acc@5: 96.8750 (99.0351)
2024-11-17 05:24:44,538 -         train_search: [    INFO] - Valid: 42 [ 300/390]  Loss: 0.6957 (0.527)  Acc@1: 78.1250 (82.2259)  Acc@5: 100.0000 (99.0397)
2024-11-17 05:24:46,857 -         train_search: [    INFO] - Valid: 42 [ 350/390]  Loss: 0.6314 (0.529)  Acc@1: 76.5625 (82.1492)  Acc@5: 98.4375 (99.0296)
2024-11-17 05:24:48,663 -         train_search: [    INFO] - Valid: 42 [ 390/390]  Loss: 0.5833 (0.529)  Acc@1: 82.5000 (82.2120)  Acc@5: 100.0000 (99.0680)
2024-11-17 05:24:48,704 -         train_search: [    INFO] - valid_acc 82.212000
2024-11-17 05:24:48,705 -         train_search: [    INFO] - epoch = 42   
 genotype = |nor_conv_3x3~0|+|nor_conv_3x3~0|nor_conv_3x3~1|+|skip_connect~0|nor_conv_3x3~1|nor_conv_3x3~2|
2024-11-17 05:24:48,710 -         train_search: [    INFO] - alphas_normal = 
 tensor([[0.1817, 0.2394, 0.0730, 0.2117, 0.2942],
        [0.2152, 0.2390, 0.0731, 0.1673, 0.3054],
        [0.1818, 0.1728, 0.0735, 0.1750, 0.3969],
        [0.1878, 0.3639, 0.0718, 0.1809, 0.1956],
        [0.2062, 0.2521, 0.0713, 0.2010, 0.2694],
        [0.2076, 0.2012, 0.0638, 0.2146, 0.3128]], device='cuda:0',
       grad_fn=<SoftmaxBackward0>)
2024-11-17 05:24:49,777 -         train_search: [    INFO] - Train: 43 [   0/390]  Loss: 0.2892 (0.289)  Acc@1: 89.0625 (89.0625)  Acc@5: 100.0000 (100.0000)LR: 2.142e-03
2024-11-17 05:25:02,675 -         train_search: [    INFO] - Train: 43 [  50/390]  Loss: 0.7013 (0.514)  Acc@1: 82.8125 (82.1385)  Acc@5: 95.3125 (99.3260)LR: 2.142e-03
2024-11-17 05:25:15,882 -         train_search: [    INFO] - Train: 43 [ 100/390]  Loss: 0.6026 (0.506)  Acc@1: 79.6875 (82.6114)  Acc@5: 98.4375 (99.1646)LR: 2.142e-03
2024-11-17 05:25:28,898 -         train_search: [    INFO] - Train: 43 [ 150/390]  Loss: 0.4204 (0.508)  Acc@1: 92.1875 (82.4607)  Acc@5: 98.4375 (99.1411)LR: 2.142e-03
2024-11-17 05:25:41,672 -         train_search: [    INFO] - Train: 43 [ 200/390]  Loss: 0.4068 (0.510)  Acc@1: 87.5000 (82.4938)  Acc@5: 100.0000 (99.0905)LR: 2.142e-03
2024-11-17 05:25:54,874 -         train_search: [    INFO] - Train: 43 [ 250/390]  Loss: 0.3905 (0.512)  Acc@1: 85.9375 (82.4328)  Acc@5: 98.4375 (99.1347)LR: 2.142e-03
2024-11-17 05:26:08,032 -         train_search: [    INFO] - Train: 43 [ 300/390]  Loss: 0.4042 (0.510)  Acc@1: 85.9375 (82.5841)  Acc@5: 100.0000 (99.1175)LR: 2.142e-03
2024-11-17 05:26:20,852 -         train_search: [    INFO] - Train: 43 [ 350/390]  Loss: 0.4237 (0.512)  Acc@1: 84.3750 (82.4386)  Acc@5: 100.0000 (99.1275)LR: 2.142e-03
2024-11-17 05:26:31,065 -         train_search: [    INFO] - Train: 43 [ 390/390]  Loss: 0.3835 (0.514)  Acc@1: 82.5000 (82.2960)  Acc@5: 100.0000 (99.1360)LR: 2.142e-03
2024-11-17 05:26:31,159 -         train_search: [    INFO] - train_acc 82.296000
2024-11-17 05:26:31,493 -         train_search: [    INFO] - Valid: 43 [   0/390]  Loss: 0.5985 (0.599)  Acc@1: 78.1250 (78.1250)  Acc@5: 100.0000 (100.0000)
2024-11-17 05:26:33,713 -         train_search: [    INFO] - Valid: 43 [  50/390]  Loss: 0.6776 (0.526)  Acc@1: 76.5625 (82.5368)  Acc@5: 98.4375 (98.8664)
2024-11-17 05:26:35,908 -         train_search: [    INFO] - Valid: 43 [ 100/390]  Loss: 0.5836 (0.523)  Acc@1: 76.5625 (82.5031)  Acc@5: 100.0000 (98.9944)
2024-11-17 05:26:38,313 -         train_search: [    INFO] - Valid: 43 [ 150/390]  Loss: 0.5286 (0.524)  Acc@1: 81.2500 (82.2434)  Acc@5: 100.0000 (99.0687)
2024-11-17 05:26:40,480 -         train_search: [    INFO] - Valid: 43 [ 200/390]  Loss: 0.4893 (0.529)  Acc@1: 82.8125 (82.1751)  Acc@5: 100.0000 (99.0594)
2024-11-17 05:26:42,655 -         train_search: [    INFO] - Valid: 43 [ 250/390]  Loss: 0.7024 (0.530)  Acc@1: 79.6875 (82.0842)  Acc@5: 98.4375 (99.0849)
2024-11-17 05:26:44,969 -         train_search: [    INFO] - Valid: 43 [ 300/390]  Loss: 0.5172 (0.526)  Acc@1: 82.8125 (82.2986)  Acc@5: 100.0000 (99.0708)
2024-11-17 05:26:47,183 -         train_search: [    INFO] - Valid: 43 [ 350/390]  Loss: 0.6256 (0.525)  Acc@1: 78.1250 (82.2961)  Acc@5: 98.4375 (99.0607)
2024-11-17 05:26:48,921 -         train_search: [    INFO] - Valid: 43 [ 390/390]  Loss: 0.5547 (0.524)  Acc@1: 82.5000 (82.3240)  Acc@5: 100.0000 (99.0760)
2024-11-17 05:26:48,960 -         train_search: [    INFO] - valid_acc 82.324000
2024-11-17 05:26:48,961 -         train_search: [    INFO] - epoch = 43   
 genotype = |nor_conv_3x3~0|+|nor_conv_3x3~0|nor_conv_3x3~1|+|skip_connect~0|nor_conv_3x3~1|nor_conv_3x3~2|
2024-11-17 05:26:48,963 -         train_search: [    INFO] - alphas_normal = 
 tensor([[0.1823, 0.2363, 0.0710, 0.2131, 0.2972],
        [0.2165, 0.2350, 0.0711, 0.1675, 0.3099],
        [0.1799, 0.1708, 0.0720, 0.1746, 0.4026],
        [0.1931, 0.3593, 0.0694, 0.1833, 0.1948],
        [0.2034, 0.2479, 0.0690, 0.2045, 0.2751],
        [0.2029, 0.1978, 0.0615, 0.2156, 0.3222]], device='cuda:0',
       grad_fn=<SoftmaxBackward0>)
2024-11-17 05:26:49,662 -         train_search: [    INFO] - Train: 44 [   0/390]  Loss: 0.4661 (0.466)  Acc@1: 85.9375 (85.9375)  Acc@5: 98.4375 (98.4375)LR: 1.843e-03
2024-11-17 05:27:02,424 -         train_search: [    INFO] - Train: 44 [  50/390]  Loss: 0.5246 (0.467)  Acc@1: 85.9375 (84.4056)  Acc@5: 100.0000 (99.2953)LR: 1.843e-03
2024-11-17 05:27:15,172 -         train_search: [    INFO] - Train: 44 [ 100/390]  Loss: 0.4286 (0.504)  Acc@1: 82.8125 (83.0446)  Acc@5: 100.0000 (99.2420)LR: 1.843e-03
2024-11-17 05:27:27,903 -         train_search: [    INFO] - Train: 44 [ 150/390]  Loss: 0.7547 (0.513)  Acc@1: 76.5625 (82.4917)  Acc@5: 100.0000 (99.1515)LR: 1.843e-03
2024-11-17 05:27:40,003 -         train_search: [    INFO] - Train: 44 [ 200/390]  Loss: 0.5983 (0.509)  Acc@1: 76.5625 (82.5404)  Acc@5: 96.8750 (99.2382)LR: 1.843e-03
2024-11-17 05:27:52,624 -         train_search: [    INFO] - Train: 44 [ 250/390]  Loss: 0.4219 (0.507)  Acc@1: 87.5000 (82.5573)  Acc@5: 98.4375 (99.2094)LR: 1.843e-03
2024-11-17 05:28:05,542 -         train_search: [    INFO] - Train: 44 [ 300/390]  Loss: 0.3879 (0.505)  Acc@1: 81.2500 (82.6464)  Acc@5: 100.0000 (99.2006)LR: 1.843e-03
2024-11-17 05:28:18,431 -         train_search: [    INFO] - Train: 44 [ 350/390]  Loss: 0.4576 (0.508)  Acc@1: 85.9375 (82.6255)  Acc@5: 100.0000 (99.1987)LR: 1.843e-03
2024-11-17 05:28:28,514 -         train_search: [    INFO] - Train: 44 [ 390/390]  Loss: 0.7069 (0.506)  Acc@1: 75.0000 (82.7040)  Acc@5: 97.5000 (99.2120)LR: 1.843e-03
2024-11-17 05:28:28,623 -         train_search: [    INFO] - train_acc 82.704000
2024-11-17 05:28:29,113 -         train_search: [    INFO] - Valid: 44 [   0/390]  Loss: 0.6722 (0.672)  Acc@1: 76.5625 (76.5625)  Acc@5: 98.4375 (98.4375)
2024-11-17 05:28:31,308 -         train_search: [    INFO] - Valid: 44 [  50/390]  Loss: 0.4013 (0.554)  Acc@1: 90.6250 (80.4534)  Acc@5: 100.0000 (99.2034)
2024-11-17 05:28:33,597 -         train_search: [    INFO] - Valid: 44 [ 100/390]  Loss: 0.5935 (0.544)  Acc@1: 75.0000 (81.1572)  Acc@5: 100.0000 (98.9944)
2024-11-17 05:28:35,952 -         train_search: [    INFO] - Valid: 44 [ 150/390]  Loss: 0.3653 (0.526)  Acc@1: 82.8125 (81.9743)  Acc@5: 100.0000 (99.0273)
2024-11-17 05:28:38,305 -         train_search: [    INFO] - Valid: 44 [ 200/390]  Loss: 0.5735 (0.523)  Acc@1: 79.6875 (82.1517)  Acc@5: 98.4375 (98.9506)
2024-11-17 05:28:40,653 -         train_search: [    INFO] - Valid: 44 [ 250/390]  Loss: 0.4320 (0.524)  Acc@1: 85.9375 (82.0904)  Acc@5: 98.4375 (99.0102)
2024-11-17 05:28:42,980 -         train_search: [    INFO] - Valid: 44 [ 300/390]  Loss: 0.5144 (0.520)  Acc@1: 78.1250 (82.2415)  Acc@5: 100.0000 (99.0241)
2024-11-17 05:28:45,511 -         train_search: [    INFO] - Valid: 44 [ 350/390]  Loss: 0.3739 (0.519)  Acc@1: 82.8125 (82.2694)  Acc@5: 100.0000 (99.0340)
2024-11-17 05:28:47,327 -         train_search: [    INFO] - Valid: 44 [ 390/390]  Loss: 0.3237 (0.515)  Acc@1: 87.5000 (82.3880)  Acc@5: 100.0000 (99.0520)
2024-11-17 05:28:47,382 -         train_search: [    INFO] - valid_acc 82.388000
2024-11-17 05:28:47,384 -         train_search: [    INFO] - epoch = 44   
 genotype = |nor_conv_3x3~0|+|nor_conv_3x3~0|nor_conv_3x3~1|+|skip_connect~0|nor_conv_3x3~1|nor_conv_3x3~2|
2024-11-17 05:28:47,389 -         train_search: [    INFO] - alphas_normal = 
 tensor([[0.1838, 0.2339, 0.0691, 0.2146, 0.2985],
        [0.2153, 0.2338, 0.0696, 0.1691, 0.3122],
        [0.1796, 0.1694, 0.0706, 0.1743, 0.4061],
        [0.1962, 0.3568, 0.0671, 0.1862, 0.1937],
        [0.2027, 0.2445, 0.0669, 0.2080, 0.2779],
        [0.1985, 0.1942, 0.0595, 0.2197, 0.3282]], device='cuda:0',
       grad_fn=<SoftmaxBackward0>)
2024-11-17 05:28:48,128 -         train_search: [    INFO] - Train: 45 [   0/390]  Loss: 0.3417 (0.342)  Acc@1: 87.5000 (87.5000)  Acc@5: 100.0000 (100.0000)LR: 1.587e-03
2024-11-17 05:29:00,542 -         train_search: [    INFO] - Train: 45 [  50/390]  Loss: 0.7926 (0.454)  Acc@1: 76.5625 (83.9461)  Acc@5: 100.0000 (99.3566)LR: 1.587e-03
2024-11-17 05:29:12,960 -         train_search: [    INFO] - Train: 45 [ 100/390]  Loss: 0.3302 (0.455)  Acc@1: 92.1875 (84.2822)  Acc@5: 100.0000 (99.3038)LR: 1.587e-03
2024-11-17 05:29:25,117 -         train_search: [    INFO] - Train: 45 [ 150/390]  Loss: 0.3831 (0.463)  Acc@1: 89.0625 (84.0749)  Acc@5: 100.0000 (99.2757)LR: 1.587e-03
2024-11-17 05:29:37,391 -         train_search: [    INFO] - Train: 45 [ 200/390]  Loss: 0.7394 (0.470)  Acc@1: 75.0000 (83.9475)  Acc@5: 96.8750 (99.2537)LR: 1.587e-03
2024-11-17 05:29:49,843 -         train_search: [    INFO] - Train: 45 [ 250/390]  Loss: 0.5868 (0.475)  Acc@1: 82.8125 (83.8459)  Acc@5: 98.4375 (99.2156)LR: 1.587e-03
2024-11-17 05:30:02,074 -         train_search: [    INFO] - Train: 45 [ 300/390]  Loss: 0.5021 (0.481)  Acc@1: 82.8125 (83.5704)  Acc@5: 100.0000 (99.1850)LR: 1.587e-03
2024-11-17 05:30:14,812 -         train_search: [    INFO] - Train: 45 [ 350/390]  Loss: 0.3998 (0.482)  Acc@1: 87.5000 (83.4580)  Acc@5: 100.0000 (99.2032)LR: 1.587e-03
2024-11-17 05:30:24,643 -         train_search: [    INFO] - Train: 45 [ 390/390]  Loss: 0.8087 (0.483)  Acc@1: 65.0000 (83.4200)  Acc@5: 95.0000 (99.2160)LR: 1.587e-03
2024-11-17 05:30:24,738 -         train_search: [    INFO] - train_acc 83.420000
2024-11-17 05:30:25,082 -         train_search: [    INFO] - Valid: 45 [   0/390]  Loss: 0.8440 (0.844)  Acc@1: 71.8750 (71.8750)  Acc@5: 100.0000 (100.0000)
2024-11-17 05:30:27,421 -         train_search: [    INFO] - Valid: 45 [  50/390]  Loss: 0.4714 (0.504)  Acc@1: 89.0625 (83.0270)  Acc@5: 100.0000 (99.3260)
2024-11-17 05:30:29,594 -         train_search: [    INFO] - Valid: 45 [ 100/390]  Loss: 0.9259 (0.518)  Acc@1: 71.8750 (82.4412)  Acc@5: 95.3125 (99.1801)
2024-11-17 05:30:31,779 -         train_search: [    INFO] - Valid: 45 [ 150/390]  Loss: 0.6417 (0.523)  Acc@1: 78.1250 (82.3158)  Acc@5: 98.4375 (99.1204)
2024-11-17 05:30:33,958 -         train_search: [    INFO] - Valid: 45 [ 200/390]  Loss: 0.5962 (0.513)  Acc@1: 81.2500 (82.5093)  Acc@5: 100.0000 (99.1915)
2024-11-17 05:30:36,288 -         train_search: [    INFO] - Valid: 45 [ 250/390]  Loss: 0.5014 (0.515)  Acc@1: 87.5000 (82.4577)  Acc@5: 100.0000 (99.1596)
2024-11-17 05:30:38,605 -         train_search: [    INFO] - Valid: 45 [ 300/390]  Loss: 0.4730 (0.512)  Acc@1: 82.8125 (82.5426)  Acc@5: 100.0000 (99.1331)
2024-11-17 05:30:40,781 -         train_search: [    INFO] - Valid: 45 [ 350/390]  Loss: 0.5012 (0.509)  Acc@1: 84.3750 (82.5677)  Acc@5: 98.4375 (99.1364)
2024-11-17 05:30:42,523 -         train_search: [    INFO] - Valid: 45 [ 390/390]  Loss: 0.4926 (0.509)  Acc@1: 82.5000 (82.5480)  Acc@5: 97.5000 (99.1160)
2024-11-17 05:30:43,121 -         train_search: [    INFO] - valid_acc 82.548000
2024-11-17 05:30:43,123 -         train_search: [    INFO] - epoch = 45   
 genotype = |nor_conv_3x3~0|+|nor_conv_3x3~0|nor_conv_3x3~1|+|skip_connect~0|nor_conv_3x3~1|nor_conv_3x3~2|
2024-11-17 05:30:43,127 -         train_search: [    INFO] - alphas_normal = 
 tensor([[0.1847, 0.2330, 0.0677, 0.2141, 0.3006],
        [0.2171, 0.2314, 0.0681, 0.1702, 0.3134],
        [0.1768, 0.1664, 0.0688, 0.1761, 0.4119],
        [0.2018, 0.3514, 0.0650, 0.1902, 0.1916],
        [0.1999, 0.2404, 0.0648, 0.2126, 0.2823],
        [0.1925, 0.1909, 0.0577, 0.2221, 0.3369]], device='cuda:0',
       grad_fn=<SoftmaxBackward0>)
2024-11-17 05:30:44,001 -         train_search: [    INFO] - Train: 46 [   0/390]  Loss: 0.4566 (0.457)  Acc@1: 89.0625 (89.0625)  Acc@5: 98.4375 (98.4375)LR: 1.377e-03
2024-11-17 05:30:56,378 -         train_search: [    INFO] - Train: 46 [  50/390]  Loss: 0.5933 (0.456)  Acc@1: 82.8125 (84.1605)  Acc@5: 100.0000 (99.2647)LR: 1.377e-03
2024-11-17 05:31:08,826 -         train_search: [    INFO] - Train: 46 [ 100/390]  Loss: 0.4668 (0.471)  Acc@1: 81.2500 (83.8026)  Acc@5: 100.0000 (99.2110)LR: 1.377e-03
2024-11-17 05:31:21,199 -         train_search: [    INFO] - Train: 46 [ 150/390]  Loss: 0.4868 (0.474)  Acc@1: 84.3750 (83.8266)  Acc@5: 100.0000 (99.2550)LR: 1.377e-03
2024-11-17 05:31:33,434 -         train_search: [    INFO] - Train: 46 [ 200/390]  Loss: 0.5671 (0.474)  Acc@1: 78.1250 (83.7531)  Acc@5: 100.0000 (99.3004)LR: 1.377e-03
2024-11-17 05:31:45,886 -         train_search: [    INFO] - Train: 46 [ 250/390]  Loss: 0.3990 (0.470)  Acc@1: 85.9375 (83.9641)  Acc@5: 98.4375 (99.2779)LR: 1.377e-03
2024-11-17 05:31:58,548 -         train_search: [    INFO] - Train: 46 [ 300/390]  Loss: 0.3667 (0.470)  Acc@1: 90.6250 (83.8196)  Acc@5: 100.0000 (99.2940)LR: 1.377e-03
2024-11-17 05:32:10,853 -         train_search: [    INFO] - Train: 46 [ 350/390]  Loss: 0.2905 (0.470)  Acc@1: 89.0625 (83.8453)  Acc@5: 100.0000 (99.3011)LR: 1.377e-03
2024-11-17 05:32:20,646 -         train_search: [    INFO] - Train: 46 [ 390/390]  Loss: 0.3765 (0.468)  Acc@1: 90.0000 (83.9000)  Acc@5: 100.0000 (99.3000)LR: 1.377e-03
2024-11-17 05:32:20,735 -         train_search: [    INFO] - train_acc 83.900000
2024-11-17 05:32:21,103 -         train_search: [    INFO] - Valid: 46 [   0/390]  Loss: 0.4349 (0.435)  Acc@1: 85.9375 (85.9375)  Acc@5: 100.0000 (100.0000)
2024-11-17 05:32:23,394 -         train_search: [    INFO] - Valid: 46 [  50/390]  Loss: 0.5203 (0.507)  Acc@1: 85.9375 (83.0576)  Acc@5: 98.4375 (98.9583)
2024-11-17 05:32:25,677 -         train_search: [    INFO] - Valid: 46 [ 100/390]  Loss: 0.4250 (0.498)  Acc@1: 84.3750 (83.1374)  Acc@5: 100.0000 (99.0563)
2024-11-17 05:32:27,989 -         train_search: [    INFO] - Valid: 46 [ 150/390]  Loss: 0.5275 (0.509)  Acc@1: 82.8125 (83.0401)  Acc@5: 98.4375 (99.0584)
2024-11-17 05:32:30,234 -         train_search: [    INFO] - Valid: 46 [ 200/390]  Loss: 0.3909 (0.513)  Acc@1: 85.9375 (82.7425)  Acc@5: 100.0000 (99.0905)
2024-11-17 05:32:32,480 -         train_search: [    INFO] - Valid: 46 [ 250/390]  Loss: 0.6506 (0.512)  Acc@1: 78.1250 (82.6008)  Acc@5: 98.4375 (99.0725)
2024-11-17 05:32:34,682 -         train_search: [    INFO] - Valid: 46 [ 300/390]  Loss: 0.6155 (0.506)  Acc@1: 84.3750 (82.7917)  Acc@5: 96.8750 (99.1123)
2024-11-17 05:32:36,869 -         train_search: [    INFO] - Valid: 46 [ 350/390]  Loss: 0.6768 (0.507)  Acc@1: 73.4375 (82.7680)  Acc@5: 100.0000 (99.0785)
2024-11-17 05:32:38,585 -         train_search: [    INFO] - Valid: 46 [ 390/390]  Loss: 0.5341 (0.508)  Acc@1: 85.0000 (82.7680)  Acc@5: 97.5000 (99.0720)
2024-11-17 05:32:38,621 -         train_search: [    INFO] - valid_acc 82.768000
2024-11-17 05:32:38,622 -         train_search: [    INFO] - epoch = 46   
 genotype = |nor_conv_3x3~0|+|nor_conv_3x3~0|nor_conv_3x3~1|+|skip_connect~0|nor_conv_3x3~1|nor_conv_3x3~2|
2024-11-17 05:32:38,624 -         train_search: [    INFO] - alphas_normal = 
 tensor([[0.1849, 0.2312, 0.0660, 0.2164, 0.3016],
        [0.2173, 0.2282, 0.0663, 0.1717, 0.3165],
        [0.1751, 0.1637, 0.0670, 0.1779, 0.4163],
        [0.2057, 0.3482, 0.0629, 0.1938, 0.1894],
        [0.1967, 0.2373, 0.0628, 0.2171, 0.2861],
        [0.1887, 0.1887, 0.0557, 0.2257, 0.3413]], device='cuda:0',
       grad_fn=<SoftmaxBackward0>)
2024-11-17 05:32:39,332 -         train_search: [    INFO] - Train: 47 [   0/390]  Loss: 0.3900 (0.390)  Acc@1: 87.5000 (87.5000)  Acc@5: 98.4375 (98.4375)LR: 1.213e-03
2024-11-17 05:32:52,019 -         train_search: [    INFO] - Train: 47 [  50/390]  Loss: 0.6082 (0.471)  Acc@1: 79.6875 (83.4559)  Acc@5: 100.0000 (99.3873)LR: 1.213e-03
2024-11-17 05:33:04,235 -         train_search: [    INFO] - Train: 47 [ 100/390]  Loss: 0.6567 (0.464)  Acc@1: 79.6875 (83.7717)  Acc@5: 98.4375 (99.4276)LR: 1.213e-03
2024-11-17 05:33:16,697 -         train_search: [    INFO] - Train: 47 [ 150/390]  Loss: 0.3772 (0.465)  Acc@1: 87.5000 (83.6817)  Acc@5: 100.0000 (99.4205)LR: 1.213e-03
2024-11-17 05:33:29,140 -         train_search: [    INFO] - Train: 47 [ 200/390]  Loss: 0.3584 (0.457)  Acc@1: 90.6250 (84.0641)  Acc@5: 100.0000 (99.4325)LR: 1.213e-03
2024-11-17 05:33:41,229 -         train_search: [    INFO] - Train: 47 [ 250/390]  Loss: 0.3440 (0.459)  Acc@1: 92.1875 (84.0451)  Acc@5: 100.0000 (99.4211)LR: 1.213e-03
2024-11-17 05:33:53,863 -         train_search: [    INFO] - Train: 47 [ 300/390]  Loss: 0.3884 (0.458)  Acc@1: 85.9375 (84.2764)  Acc@5: 98.4375 (99.3719)LR: 1.213e-03
2024-11-17 05:34:06,293 -         train_search: [    INFO] - Train: 47 [ 350/390]  Loss: 0.5197 (0.461)  Acc@1: 79.6875 (84.1880)  Acc@5: 100.0000 (99.3679)LR: 1.213e-03
2024-11-17 05:34:16,483 -         train_search: [    INFO] - Train: 47 [ 390/390]  Loss: 0.7834 (0.460)  Acc@1: 75.0000 (84.2240)  Acc@5: 100.0000 (99.3560)LR: 1.213e-03
2024-11-17 05:34:16,582 -         train_search: [    INFO] - train_acc 84.224000
2024-11-17 05:34:16,939 -         train_search: [    INFO] - Valid: 47 [   0/390]  Loss: 0.4471 (0.447)  Acc@1: 85.9375 (85.9375)  Acc@5: 96.8750 (96.8750)
2024-11-17 05:34:19,191 -         train_search: [    INFO] - Valid: 47 [  50/390]  Loss: 0.3980 (0.496)  Acc@1: 90.6250 (83.5172)  Acc@5: 100.0000 (99.2953)
2024-11-17 05:34:21,618 -         train_search: [    INFO] - Valid: 47 [ 100/390]  Loss: 0.3444 (0.476)  Acc@1: 90.6250 (84.0347)  Acc@5: 98.4375 (99.2729)
2024-11-17 05:34:23,939 -         train_search: [    INFO] - Valid: 47 [ 150/390]  Loss: 0.5522 (0.484)  Acc@1: 81.2500 (83.5575)  Acc@5: 98.4375 (99.1411)
2024-11-17 05:34:26,200 -         train_search: [    INFO] - Valid: 47 [ 200/390]  Loss: 0.5145 (0.491)  Acc@1: 81.2500 (83.2634)  Acc@5: 100.0000 (99.1604)
2024-11-17 05:34:28,694 -         train_search: [    INFO] - Valid: 47 [ 250/390]  Loss: 0.4075 (0.495)  Acc@1: 85.9375 (83.1487)  Acc@5: 100.0000 (99.1347)
2024-11-17 05:34:30,912 -         train_search: [    INFO] - Valid: 47 [ 300/390]  Loss: 0.3407 (0.490)  Acc@1: 92.1875 (83.2693)  Acc@5: 98.4375 (99.1798)
2024-11-17 05:34:33,429 -         train_search: [    INFO] - Valid: 47 [ 350/390]  Loss: 0.5787 (0.498)  Acc@1: 76.5625 (82.9728)  Acc@5: 100.0000 (99.1809)
2024-11-17 05:34:35,435 -         train_search: [    INFO] - Valid: 47 [ 390/390]  Loss: 0.4646 (0.502)  Acc@1: 82.5000 (82.8200)  Acc@5: 100.0000 (99.1480)
2024-11-17 05:34:35,473 -         train_search: [    INFO] - valid_acc 82.820000
2024-11-17 05:34:35,474 -         train_search: [    INFO] - epoch = 47   
 genotype = |nor_conv_3x3~0|+|nor_conv_3x3~0|nor_conv_3x3~1|+|skip_connect~0|nor_conv_3x3~1|nor_conv_3x3~2|
2024-11-17 05:34:35,476 -         train_search: [    INFO] - alphas_normal = 
 tensor([[0.1846, 0.2307, 0.0638, 0.2188, 0.3020],
        [0.2178, 0.2270, 0.0644, 0.1736, 0.3172],
        [0.1732, 0.1615, 0.0652, 0.1798, 0.4202],
        [0.2086, 0.3471, 0.0606, 0.1971, 0.1865],
        [0.1952, 0.2361, 0.0609, 0.2207, 0.2872],
        [0.1844, 0.1862, 0.0537, 0.2253, 0.3503]], device='cuda:0',
       grad_fn=<SoftmaxBackward0>)
2024-11-17 05:34:36,399 -         train_search: [    INFO] - Train: 48 [   0/390]  Loss: 0.5192 (0.519)  Acc@1: 79.6875 (79.6875)  Acc@5: 100.0000 (100.0000)LR: 1.095e-03
2024-11-17 05:34:50,207 -         train_search: [    INFO] - Train: 48 [  50/390]  Loss: 0.5708 (0.464)  Acc@1: 79.6875 (83.5478)  Acc@5: 98.4375 (99.2034)LR: 1.095e-03
2024-11-17 05:35:03,248 -         train_search: [    INFO] - Train: 48 [ 100/390]  Loss: 0.2852 (0.456)  Acc@1: 89.0625 (84.0037)  Acc@5: 100.0000 (99.1955)LR: 1.095e-03
2024-11-17 05:35:17,092 -         train_search: [    INFO] - Train: 48 [ 150/390]  Loss: 0.4073 (0.467)  Acc@1: 84.3750 (83.5472)  Acc@5: 100.0000 (99.1308)LR: 1.095e-03
2024-11-17 05:35:29,912 -         train_search: [    INFO] - Train: 48 [ 200/390]  Loss: 0.3488 (0.468)  Acc@1: 89.0625 (83.5432)  Acc@5: 100.0000 (99.1138)LR: 1.095e-03
2024-11-17 05:35:42,954 -         train_search: [    INFO] - Train: 48 [ 250/390]  Loss: 0.5491 (0.462)  Acc@1: 84.3750 (83.9455)  Acc@5: 100.0000 (99.1783)LR: 1.095e-03
2024-11-17 05:35:55,583 -         train_search: [    INFO] - Train: 48 [ 300/390]  Loss: 0.4144 (0.457)  Acc@1: 85.9375 (84.1466)  Acc@5: 100.0000 (99.2681)LR: 1.095e-03
2024-11-17 05:36:08,590 -         train_search: [    INFO] - Train: 48 [ 350/390]  Loss: 0.4966 (0.457)  Acc@1: 81.2500 (84.1969)  Acc@5: 100.0000 (99.2922)LR: 1.095e-03
2024-11-17 05:36:18,557 -         train_search: [    INFO] - Train: 48 [ 390/390]  Loss: 0.4840 (0.460)  Acc@1: 85.0000 (84.0720)  Acc@5: 100.0000 (99.2840)LR: 1.095e-03
2024-11-17 05:36:18,666 -         train_search: [    INFO] - train_acc 84.072000
2024-11-17 05:36:19,035 -         train_search: [    INFO] - Valid: 48 [   0/390]  Loss: 0.3559 (0.356)  Acc@1: 89.0625 (89.0625)  Acc@5: 100.0000 (100.0000)
2024-11-17 05:36:21,237 -         train_search: [    INFO] - Valid: 48 [  50/390]  Loss: 0.5505 (0.524)  Acc@1: 76.5625 (82.3529)  Acc@5: 98.4375 (99.1422)
2024-11-17 05:36:23,427 -         train_search: [    INFO] - Valid: 48 [ 100/390]  Loss: 0.8237 (0.528)  Acc@1: 71.8750 (81.9926)  Acc@5: 100.0000 (99.1182)
2024-11-17 05:36:25,590 -         train_search: [    INFO] - Valid: 48 [ 150/390]  Loss: 0.3228 (0.518)  Acc@1: 87.5000 (82.2744)  Acc@5: 100.0000 (99.0273)
2024-11-17 05:36:28,022 -         train_search: [    INFO] - Valid: 48 [ 200/390]  Loss: 0.3692 (0.507)  Acc@1: 84.3750 (82.6726)  Acc@5: 100.0000 (99.0983)
2024-11-17 05:36:30,236 -         train_search: [    INFO] - Valid: 48 [ 250/390]  Loss: 0.6224 (0.501)  Acc@1: 79.6875 (82.9681)  Acc@5: 96.8750 (99.1098)
2024-11-17 05:36:32,433 -         train_search: [    INFO] - Valid: 48 [ 300/390]  Loss: 0.5544 (0.501)  Acc@1: 78.1250 (82.9682)  Acc@5: 100.0000 (99.1331)
2024-11-17 05:36:34,623 -         train_search: [    INFO] - Valid: 48 [ 350/390]  Loss: 0.4037 (0.502)  Acc@1: 87.5000 (82.9238)  Acc@5: 100.0000 (99.1097)
2024-11-17 05:36:36,357 -         train_search: [    INFO] - Valid: 48 [ 390/390]  Loss: 0.7279 (0.502)  Acc@1: 70.0000 (82.9400)  Acc@5: 100.0000 (99.1280)
2024-11-17 05:36:36,400 -         train_search: [    INFO] - valid_acc 82.940000
2024-11-17 05:36:36,401 -         train_search: [    INFO] - epoch = 48   
 genotype = |nor_conv_3x3~0|+|nor_conv_3x3~0|nor_conv_3x3~1|+|skip_connect~0|nor_conv_3x3~1|nor_conv_3x3~2|
2024-11-17 05:36:36,402 -         train_search: [    INFO] - alphas_normal = 
 tensor([[0.1859, 0.2331, 0.0627, 0.2189, 0.2993],
        [0.2186, 0.2267, 0.0634, 0.1753, 0.3161],
        [0.1725, 0.1594, 0.0637, 0.1813, 0.4231],
        [0.2092, 0.3446, 0.0589, 0.2028, 0.1845],
        [0.1947, 0.2340, 0.0591, 0.2224, 0.2899],
        [0.1823, 0.1830, 0.0518, 0.2278, 0.3551]], device='cuda:0',
       grad_fn=<SoftmaxBackward0>)
2024-11-17 05:36:37,244 -         train_search: [    INFO] - Train: 49 [   0/390]  Loss: 0.3436 (0.344)  Acc@1: 87.5000 (87.5000)  Acc@5: 100.0000 (100.0000)LR: 1.024e-03
2024-11-17 05:36:49,868 -         train_search: [    INFO] - Train: 49 [  50/390]  Loss: 0.3569 (0.456)  Acc@1: 89.0625 (84.7120)  Acc@5: 100.0000 (99.1422)LR: 1.024e-03
2024-11-17 05:37:02,136 -         train_search: [    INFO] - Train: 49 [ 100/390]  Loss: 0.2909 (0.459)  Acc@1: 90.6250 (84.1894)  Acc@5: 100.0000 (99.3657)LR: 1.024e-03
2024-11-17 05:37:14,781 -         train_search: [    INFO] - Train: 49 [ 150/390]  Loss: 0.5437 (0.460)  Acc@1: 82.8125 (84.2301)  Acc@5: 100.0000 (99.4102)LR: 1.024e-03
2024-11-17 05:37:27,287 -         train_search: [    INFO] - Train: 49 [ 200/390]  Loss: 0.5429 (0.453)  Acc@1: 79.6875 (84.3128)  Acc@5: 100.0000 (99.3937)LR: 1.024e-03
2024-11-17 05:37:39,251 -         train_search: [    INFO] - Train: 49 [ 250/390]  Loss: 0.3669 (0.457)  Acc@1: 90.6250 (84.2505)  Acc@5: 100.0000 (99.3962)LR: 1.024e-03
2024-11-17 05:37:51,189 -         train_search: [    INFO] - Train: 49 [ 300/390]  Loss: 0.4804 (0.454)  Acc@1: 84.3750 (84.4010)  Acc@5: 98.4375 (99.3511)LR: 1.024e-03
2024-11-17 05:38:03,144 -         train_search: [    INFO] - Train: 49 [ 350/390]  Loss: 0.2859 (0.454)  Acc@1: 89.0625 (84.3795)  Acc@5: 100.0000 (99.3412)LR: 1.024e-03
2024-11-17 05:38:13,320 -         train_search: [    INFO] - Train: 49 [ 390/390]  Loss: 0.4545 (0.453)  Acc@1: 85.0000 (84.4480)  Acc@5: 100.0000 (99.3160)LR: 1.024e-03
2024-11-17 05:38:13,412 -         train_search: [    INFO] - train_acc 84.448000
2024-11-17 05:38:13,753 -         train_search: [    INFO] - Valid: 49 [   0/390]  Loss: 0.7941 (0.794)  Acc@1: 73.4375 (73.4375)  Acc@5: 98.4375 (98.4375)
2024-11-17 05:38:15,962 -         train_search: [    INFO] - Valid: 49 [  50/390]  Loss: 0.3589 (0.499)  Acc@1: 89.0625 (83.1189)  Acc@5: 100.0000 (99.3566)
2024-11-17 05:38:18,221 -         train_search: [    INFO] - Valid: 49 [ 100/390]  Loss: 0.4327 (0.504)  Acc@1: 85.9375 (82.8744)  Acc@5: 96.8750 (99.1955)
2024-11-17 05:38:20,432 -         train_search: [    INFO] - Valid: 49 [ 150/390]  Loss: 0.3647 (0.499)  Acc@1: 89.0625 (82.9677)  Acc@5: 100.0000 (99.1515)
2024-11-17 05:38:22,648 -         train_search: [    INFO] - Valid: 49 [ 200/390]  Loss: 0.4345 (0.491)  Acc@1: 84.3750 (83.1312)  Acc@5: 100.0000 (99.1527)
2024-11-17 05:38:24,812 -         train_search: [    INFO] - Valid: 49 [ 250/390]  Loss: 0.6552 (0.497)  Acc@1: 84.3750 (83.0677)  Acc@5: 98.4375 (99.0725)
2024-11-17 05:38:26,964 -         train_search: [    INFO] - Valid: 49 [ 300/390]  Loss: 0.5239 (0.498)  Acc@1: 78.1250 (83.0098)  Acc@5: 96.8750 (99.0760)
2024-11-17 05:38:29,215 -         train_search: [    INFO] - Valid: 49 [ 350/390]  Loss: 0.4499 (0.499)  Acc@1: 82.8125 (83.0039)  Acc@5: 100.0000 (99.1008)
2024-11-17 05:38:30,943 -         train_search: [    INFO] - Valid: 49 [ 390/390]  Loss: 0.5908 (0.496)  Acc@1: 80.0000 (83.1120)  Acc@5: 97.5000 (99.1040)
2024-11-17 05:38:30,988 -         train_search: [    INFO] - valid_acc 83.112000
2024-11-17 05:38:30,988 -         train_search: [    INFO] - epoch = 49   
 genotype = |nor_conv_3x3~0|+|nor_conv_3x3~0|nor_conv_3x3~1|+|skip_connect~0|nor_conv_3x3~1|nor_conv_3x3~2|
2024-11-17 05:38:30,990 -         train_search: [    INFO] - alphas_normal = 
 tensor([[0.1859, 0.2306, 0.0614, 0.2213, 0.3008],
        [0.2160, 0.2270, 0.0627, 0.1786, 0.3156],
        [0.1733, 0.1584, 0.0627, 0.1831, 0.4226],
        [0.2090, 0.3448, 0.0578, 0.2058, 0.1825],
        [0.1937, 0.2334, 0.0580, 0.2253, 0.2896],
        [0.1808, 0.1822, 0.0507, 0.2290, 0.3572]], device='cuda:0',
       grad_fn=<SoftmaxBackward0>)
