2024-11-20 15:11:29,625 -                train: [    INFO] - Training with a single process on 1 GPUs.
2024-11-20 15:11:29,626 -                train: [    INFO] - genotype = Genotype(normal=[('sep_conv_3x3', 1), ('sep_conv_3x3', 0), ('sep_conv_3x3', 0), ('dil_conv_5x5', 2), ('sep_conv_3x3', 1), ('sep_conv_3x3', 0), ('sep_conv_3x3', 0), ('sep_conv_3x3', 1)], normal_concat=range(2, 6), reduce=[('dil_conv_3x3', 1), ('sep_conv_3x3', 0), ('sep_conv_3x3', 0), ('sep_conv_3x3', 2), ('dil_conv_3x3', 1), ('sep_conv_3x3', 0), ('sep_conv_3x3', 1), ('dil_conv_5x5', 4)], reduce_concat=range(2, 6))
2024-11-20 15:11:29,751 -     timm.data.config: [    INFO] - Data processing configuration for current model + dataset:
2024-11-20 15:11:29,752 -     timm.data.config: [    INFO] - 	input_size: (3, 32, 32)
2024-11-20 15:11:29,752 -     timm.data.config: [    INFO] - 	interpolation: bilinear
2024-11-20 15:11:29,752 -     timm.data.config: [    INFO] - 	mean: (0.49139968, 0.48215827, 0.44653124)
2024-11-20 15:11:29,752 -     timm.data.config: [    INFO] - 	std: (0.24703233, 0.24348505, 0.26158768)
2024-11-20 15:11:29,752 -     timm.data.config: [    INFO] - 	crop_pct: 1.0
2024-11-20 15:11:29,752 -     timm.data.config: [    INFO] - 	crop_mode: center
2024-11-20 15:11:29,988 -                train: [    INFO] - 
-------------------------------
Learnable parameters
Student: 4.46M
Extra: 0.48M
-------------------------------
2024-11-20 15:11:32,933 -                train: [    INFO] - Scheduled epochs: 600
2024-11-20 15:11:34,687 -                train: [    INFO] - Train: 0 [   0/520]  Loss: 3.351 (3.35)  Acc@1:  7.2917 ( 7.2917)  Acc@5: 46.8750 (46.8750)LR: 2.500e-02
2024-11-20 15:12:17,718 -                train: [    INFO] - Train: 0 [ 200/520]  Loss: 2.838 (3.19)  Acc@1: 22.9167 (13.1219)  Acc@5: 75.0000 (58.7635)LR: 2.500e-02
2024-11-20 15:13:00,460 -                train: [    INFO] - Train: 0 [ 400/520]  Loss: 2.399 (2.97)  Acc@1: 33.3333 (19.3760)  Acc@5: 88.5417 (70.2670)LR: 2.500e-02
2024-11-20 15:13:26,890 -                train: [    INFO] - Train: 0 [ 520/520]  Loss: 2.677 (2.86)  Acc@1: 31.2500 (22.6440)  Acc@5: 86.2500 (74.0200)LR: 2.500e-02
2024-11-20 15:13:27,161 -                train: [    INFO] - Valid: 0 [   0/104]  Loss: 1.741 (1.74)  Acc@1: 33.3333 (33.3333)  Acc@5: 88.5417 (88.5417)
2024-11-20 15:13:33,575 -                train: [    INFO] - Valid: 0 [ 104/104]  Loss: 1.460 (1.80)  Acc@1: 37.5000 (34.2800)  Acc@5: 93.7500 (86.7600)
2024-11-20 15:13:34,153 -                train: [    INFO] - valid_acc 34.280001 - best_valid_acc 34.280001
2024-11-20 15:13:34,761 -                train: [    INFO] - Train: 1 [   0/520]  Loss: 2.347 (2.35)  Acc@1: 33.3333 (33.3333)  Acc@5: 93.7500 (93.7500)LR: 2.500e-02
2024-11-20 15:14:20,457 -                train: [    INFO] - Train: 1 [ 200/520]  Loss: 2.137 (2.34)  Acc@1: 38.5417 (37.9405)  Acc@5: 92.7083 (88.6090)LR: 2.500e-02
2024-11-20 15:15:06,185 -                train: [    INFO] - Train: 1 [ 400/520]  Loss: 2.005 (2.25)  Acc@1: 45.8333 (40.5393)  Acc@5: 93.7500 (89.8353)LR: 2.500e-02
2024-11-20 15:15:33,689 -                train: [    INFO] - Train: 1 [ 520/520]  Loss: 1.735 (2.20)  Acc@1: 48.7500 (42.1480)  Acc@5: 93.7500 (90.4580)LR: 2.500e-02
2024-11-20 15:15:33,951 -                train: [    INFO] - Valid: 1 [   0/104]  Loss: 1.368 (1.37)  Acc@1: 50.0000 (50.0000)  Acc@5: 95.8333 (95.8333)
2024-11-20 15:15:40,083 -                train: [    INFO] - Valid: 1 [ 104/104]  Loss: 1.290 (1.39)  Acc@1: 43.7500 (50.8100)  Acc@5: 93.7500 (94.1100)
2024-11-20 15:15:40,614 -                train: [    INFO] - valid_acc 50.810001 - best_valid_acc 50.810001
2024-11-20 15:15:41,086 -                train: [    INFO] - Train: 2 [   0/520]  Loss: 1.757 (1.76)  Acc@1: 58.3333 (58.3333)  Acc@5: 93.7500 (93.7500)LR: 2.500e-02
2024-11-20 15:16:27,688 -                train: [    INFO] - Train: 2 [ 200/520]  Loss: 1.633 (1.90)  Acc@1: 57.2917 (51.0054)  Acc@5: 97.9167 (93.3147)LR: 2.500e-02
2024-11-20 15:17:13,750 -                train: [    INFO] - Train: 2 [ 400/520]  Loss: 1.554 (1.84)  Acc@1: 58.3333 (52.3327)  Acc@5: 95.8333 (93.7838)LR: 2.500e-02
2024-11-20 15:17:41,282 -                train: [    INFO] - Train: 2 [ 520/520]  Loss: 1.525 (1.81)  Acc@1: 63.7500 (53.0480)  Acc@5: 96.2500 (93.9940)LR: 2.500e-02
2024-11-20 15:17:41,587 -                train: [    INFO] - Valid: 2 [   0/104]  Loss: 1.175 (1.18)  Acc@1: 61.4583 (61.4583)  Acc@5: 92.7083 (92.7083)
2024-11-20 15:17:47,727 -                train: [    INFO] - Valid: 2 [ 104/104]  Loss: 1.417 (1.23)  Acc@1: 50.0000 (56.8200)  Acc@5: 93.7500 (94.3800)
2024-11-20 15:17:48,328 -                train: [    INFO] - valid_acc 56.820001 - best_valid_acc 56.820001
2024-11-20 15:17:48,761 -                train: [    INFO] - Train: 3 [   0/520]  Loss: 1.864 (1.86)  Acc@1: 54.1667 (54.1667)  Acc@5: 94.7917 (94.7917)LR: 2.500e-02
2024-11-20 15:18:34,579 -                train: [    INFO] - Train: 3 [ 200/520]  Loss: 1.638 (1.61)  Acc@1: 57.2917 (58.6495)  Acc@5: 94.7917 (95.7245)LR: 2.500e-02
2024-11-20 15:19:20,530 -                train: [    INFO] - Train: 3 [ 400/520]  Loss: 1.603 (1.58)  Acc@1: 58.3333 (59.5906)  Acc@5: 95.8333 (95.6047)LR: 2.500e-02
2024-11-20 15:19:48,434 -                train: [    INFO] - Train: 3 [ 520/520]  Loss: 1.370 (1.57)  Acc@1: 66.2500 (60.1120)  Acc@5: 96.2500 (95.7480)LR: 2.500e-02
2024-11-20 15:19:48,775 -                train: [    INFO] - Valid: 3 [   0/104]  Loss: 1.124 (1.12)  Acc@1: 58.3333 (58.3333)  Acc@5: 95.8333 (95.8333)
2024-11-20 15:19:54,936 -                train: [    INFO] - Valid: 3 [ 104/104]  Loss: 1.486 (1.04)  Acc@1: 50.0000 (64.0800)  Acc@5: 93.7500 (96.2000)
2024-11-20 15:19:55,537 -                train: [    INFO] - valid_acc 64.080002 - best_valid_acc 64.080002
2024-11-20 15:19:56,000 -                train: [    INFO] - Train: 4 [   0/520]  Loss: 1.659 (1.66)  Acc@1: 62.5000 (62.5000)  Acc@5: 92.7083 (92.7083)LR: 2.500e-02
2024-11-20 15:20:42,194 -                train: [    INFO] - Train: 4 [ 200/520]  Loss: 1.350 (1.43)  Acc@1: 61.4583 (63.6505)  Acc@5: 97.9167 (96.3982)LR: 2.500e-02
2024-11-20 15:21:27,959 -                train: [    INFO] - Train: 4 [ 400/520]  Loss: 1.035 (1.40)  Acc@1: 73.9583 (64.5807)  Acc@5: 96.8750 (96.6438)LR: 2.500e-02
2024-11-20 15:21:55,470 -                train: [    INFO] - Train: 4 [ 520/520]  Loss: 1.376 (1.38)  Acc@1: 68.7500 (64.9760)  Acc@5: 98.7500 (96.7840)LR: 2.500e-02
2024-11-20 15:21:55,725 -                train: [    INFO] - Valid: 4 [   0/104]  Loss: 0.9626 (0.963)  Acc@1: 65.6250 (65.6250)  Acc@5: 95.8333 (95.8333)
2024-11-20 15:22:01,879 -                train: [    INFO] - Valid: 4 [ 104/104]  Loss: 1.042 (1.01)  Acc@1: 56.2500 (65.9800)  Acc@5: 100.0000 (96.5900)
2024-11-20 15:22:02,411 -                train: [    INFO] - valid_acc 65.980002 - best_valid_acc 65.980002
2024-11-20 15:22:02,954 -                train: [    INFO] - Train: 5 [   0/520]  Loss: 1.448 (1.45)  Acc@1: 66.6667 (66.6667)  Acc@5: 94.7917 (94.7917)LR: 2.500e-02
2024-11-20 15:22:51,001 -                train: [    INFO] - Train: 5 [ 200/520]  Loss: 1.310 (1.29)  Acc@1: 69.7917 (67.5166)  Acc@5: 97.9167 (97.2119)LR: 2.500e-02
2024-11-20 15:23:38,522 -                train: [    INFO] - Train: 5 [ 400/520]  Loss: 0.8995 (1.27)  Acc@1: 80.2083 (67.9343)  Acc@5: 98.9583 (97.2621)LR: 2.500e-02
2024-11-20 15:24:06,317 -                train: [    INFO] - Train: 5 [ 520/520]  Loss: 0.9129 (1.26)  Acc@1: 82.5000 (68.3900)  Acc@5: 96.2500 (97.3060)LR: 2.500e-02
2024-11-20 15:24:06,609 -                train: [    INFO] - Valid: 5 [   0/104]  Loss: 0.9089 (0.909)  Acc@1: 64.5833 (64.5833)  Acc@5: 98.9583 (98.9583)
2024-11-20 15:24:12,784 -                train: [    INFO] - Valid: 5 [ 104/104]  Loss: 1.042 (0.839)  Acc@1: 62.5000 (70.8300)  Acc@5: 93.7500 (97.3000)
2024-11-20 15:24:13,292 -                train: [    INFO] - valid_acc 70.830002 - best_valid_acc 70.830002
2024-11-20 15:24:13,763 -                train: [    INFO] - Train: 6 [   0/520]  Loss: 0.9598 (0.960)  Acc@1: 77.0833 (77.0833)  Acc@5: 98.9583 (98.9583)LR: 2.499e-02
2024-11-20 15:25:02,094 -                train: [    INFO] - Train: 6 [ 200/520]  Loss: 0.9667 (1.18)  Acc@1: 78.1250 (70.3514)  Acc@5: 97.9167 (97.9478)LR: 2.499e-02
2024-11-20 15:25:49,350 -                train: [    INFO] - Train: 6 [ 400/520]  Loss: 1.111 (1.15)  Acc@1: 70.8333 (71.1191)  Acc@5: 97.9167 (97.9037)LR: 2.499e-02
2024-11-20 15:26:17,321 -                train: [    INFO] - Train: 6 [ 520/520]  Loss: 1.205 (1.15)  Acc@1: 73.7500 (71.3180)  Acc@5: 100.0000 (97.8480)LR: 2.499e-02
2024-11-20 15:26:17,565 -                train: [    INFO] - Valid: 6 [   0/104]  Loss: 0.9672 (0.967)  Acc@1: 70.8333 (70.8333)  Acc@5: 97.9167 (97.9167)
2024-11-20 15:26:23,737 -                train: [    INFO] - Valid: 6 [ 104/104]  Loss: 1.048 (0.834)  Acc@1: 56.2500 (71.9600)  Acc@5: 100.0000 (98.1000)
2024-11-20 15:26:24,219 -                train: [    INFO] - valid_acc 71.960002 - best_valid_acc 71.960002
2024-11-20 15:26:24,658 -                train: [    INFO] - Train: 7 [   0/520]  Loss: 1.158 (1.16)  Acc@1: 68.7500 (68.7500)  Acc@5: 98.9583 (98.9583)LR: 2.499e-02
2024-11-20 15:27:12,308 -                train: [    INFO] - Train: 7 [ 200/520]  Loss: 0.9410 (1.05)  Acc@1: 77.0833 (74.2175)  Acc@5: 98.9583 (98.1551)LR: 2.499e-02
2024-11-20 15:27:59,343 -                train: [    INFO] - Train: 7 [ 400/520]  Loss: 1.242 (1.05)  Acc@1: 67.7083 (74.0752)  Acc@5: 96.8750 (98.0907)LR: 2.499e-02
2024-11-20 15:28:27,895 -                train: [    INFO] - Train: 7 [ 520/520]  Loss: 0.8215 (1.05)  Acc@1: 77.5000 (74.0660)  Acc@5: 100.0000 (98.1540)LR: 2.499e-02
2024-11-20 15:28:28,231 -                train: [    INFO] - Valid: 7 [   0/104]  Loss: 0.6449 (0.645)  Acc@1: 73.9583 (73.9583)  Acc@5: 100.0000 (100.0000)
2024-11-20 15:28:34,375 -                train: [    INFO] - Valid: 7 [ 104/104]  Loss: 0.4854 (0.655)  Acc@1: 87.5000 (78.0900)  Acc@5: 100.0000 (98.4800)
2024-11-20 15:28:34,966 -                train: [    INFO] - valid_acc 78.090002 - best_valid_acc 78.090002
2024-11-20 15:28:35,447 -                train: [    INFO] - Train: 8 [   0/520]  Loss: 0.8720 (0.872)  Acc@1: 73.9583 (73.9583)  Acc@5: 100.0000 (100.0000)LR: 2.499e-02
2024-11-20 15:29:22,850 -                train: [    INFO] - Train: 8 [ 200/520]  Loss: 0.9375 (1.00)  Acc@1: 72.9167 (75.1192)  Acc@5: 98.9583 (98.1602)LR: 2.499e-02
2024-11-20 15:30:09,399 -                train: [    INFO] - Train: 8 [ 400/520]  Loss: 1.017 (0.998)  Acc@1: 71.8750 (75.2883)  Acc@5: 98.9583 (98.2258)LR: 2.499e-02
2024-11-20 15:30:36,781 -                train: [    INFO] - Train: 8 [ 520/520]  Loss: 1.095 (0.996)  Acc@1: 70.0000 (75.2860)  Acc@5: 100.0000 (98.2540)LR: 2.499e-02
2024-11-20 15:30:37,050 -                train: [    INFO] - Valid: 8 [   0/104]  Loss: 0.6883 (0.688)  Acc@1: 77.0833 (77.0833)  Acc@5: 97.9167 (97.9167)
2024-11-20 15:30:43,199 -                train: [    INFO] - Valid: 8 [ 104/104]  Loss: 0.6866 (0.670)  Acc@1: 75.0000 (77.5500)  Acc@5: 100.0000 (98.6400)
2024-11-20 15:30:43,235 -                train: [    INFO] - valid_acc 77.550003 - best_valid_acc 78.090002
2024-11-20 15:30:43,693 -                train: [    INFO] - Train: 9 [   0/520]  Loss: 1.131 (1.13)  Acc@1: 69.7917 (69.7917)  Acc@5: 98.9583 (98.9583)LR: 2.499e-02
2024-11-20 15:31:30,026 -                train: [    INFO] - Train: 9 [ 200/520]  Loss: 1.294 (0.954)  Acc@1: 71.8750 (76.5651)  Acc@5: 95.8333 (98.4142)LR: 2.499e-02
2024-11-20 15:32:16,071 -                train: [    INFO] - Train: 9 [ 400/520]  Loss: 1.353 (0.950)  Acc@1: 63.5417 (76.5664)  Acc@5: 100.0000 (98.5427)LR: 2.499e-02
2024-11-20 15:32:43,649 -                train: [    INFO] - Train: 9 [ 520/520]  Loss: 1.140 (0.943)  Acc@1: 73.7500 (76.8280)  Acc@5: 96.2500 (98.5000)LR: 2.499e-02
2024-11-20 15:32:44,011 -                train: [    INFO] - Valid: 9 [   0/104]  Loss: 0.6177 (0.618)  Acc@1: 81.2500 (81.2500)  Acc@5: 98.9583 (98.9583)
2024-11-20 15:32:50,152 -                train: [    INFO] - Valid: 9 [ 104/104]  Loss: 0.8564 (0.695)  Acc@1: 75.0000 (77.8300)  Acc@5: 93.7500 (98.5700)
2024-11-20 15:32:51,620 -                train: [    INFO] - valid_acc 77.830003 - best_valid_acc 78.090002
2024-11-20 15:32:52,077 -                train: [    INFO] - Train: 10 [   0/520]  Loss: 0.8199 (0.820)  Acc@1: 79.1667 (79.1667)  Acc@5: 100.0000 (100.0000)LR: 2.498e-02
2024-11-20 15:33:38,232 -                train: [    INFO] - Train: 10 [ 200/520]  Loss: 0.6813 (0.885)  Acc@1: 83.3333 (77.9281)  Acc@5: 98.9583 (98.6681)LR: 2.498e-02
2024-11-20 15:34:24,539 -                train: [    INFO] - Train: 10 [ 400/520]  Loss: 0.9202 (0.895)  Acc@1: 77.0833 (77.7639)  Acc@5: 98.9583 (98.6596)LR: 2.498e-02
2024-11-20 15:34:51,824 -                train: [    INFO] - Train: 10 [ 520/520]  Loss: 0.7363 (0.893)  Acc@1: 82.5000 (77.8200)  Acc@5: 100.0000 (98.6640)LR: 2.498e-02
2024-11-20 15:34:52,082 -                train: [    INFO] - Valid: 10 [   0/104]  Loss: 0.6190 (0.619)  Acc@1: 77.0833 (77.0833)  Acc@5: 100.0000 (100.0000)
2024-11-20 15:34:58,237 -                train: [    INFO] - Valid: 10 [ 104/104]  Loss: 0.8759 (0.610)  Acc@1: 68.7500 (80.0300)  Acc@5: 100.0000 (98.8700)
2024-11-20 15:34:58,712 -                train: [    INFO] - valid_acc 80.030002 - best_valid_acc 80.030002
2024-11-20 15:34:59,146 -                train: [    INFO] - Train: 11 [   0/520]  Loss: 0.9575 (0.957)  Acc@1: 80.2083 (80.2083)  Acc@5: 98.9583 (98.9583)LR: 2.498e-02
2024-11-20 15:35:45,871 -                train: [    INFO] - Train: 11 [ 200/520]  Loss: 1.116 (0.858)  Acc@1: 75.0000 (78.8402)  Acc@5: 97.9167 (98.8029)LR: 2.498e-02
2024-11-20 15:36:32,141 -                train: [    INFO] - Train: 11 [ 400/520]  Loss: 0.7044 (0.851)  Acc@1: 81.2500 (78.9511)  Acc@5: 100.0000 (98.7557)LR: 2.498e-02
2024-11-20 15:36:59,615 -                train: [    INFO] - Train: 11 [ 520/520]  Loss: 0.6533 (0.860)  Acc@1: 82.5000 (78.7820)  Acc@5: 98.7500 (98.7440)LR: 2.498e-02
2024-11-20 15:36:59,862 -                train: [    INFO] - Valid: 11 [   0/104]  Loss: 0.5450 (0.545)  Acc@1: 78.1250 (78.1250)  Acc@5: 98.9583 (98.9583)
2024-11-20 15:37:05,999 -                train: [    INFO] - Valid: 11 [ 104/104]  Loss: 0.8120 (0.640)  Acc@1: 62.5000 (78.2900)  Acc@5: 100.0000 (98.5600)
2024-11-20 15:37:06,030 -                train: [    INFO] - valid_acc 78.290003 - best_valid_acc 80.030002
2024-11-20 15:37:06,451 -                train: [    INFO] - Train: 12 [   0/520]  Loss: 0.9304 (0.930)  Acc@1: 82.2917 (82.2917)  Acc@5: 95.8333 (95.8333)LR: 2.498e-02
2024-11-20 15:37:53,576 -                train: [    INFO] - Train: 12 [ 200/520]  Loss: 0.9791 (0.833)  Acc@1: 84.3750 (79.5087)  Acc@5: 97.9167 (98.7977)LR: 2.498e-02
2024-11-20 15:38:40,099 -                train: [    INFO] - Train: 12 [ 400/520]  Loss: 0.8685 (0.826)  Acc@1: 79.1667 (79.6810)  Acc@5: 100.0000 (98.7843)LR: 2.498e-02
2024-11-20 15:39:08,306 -                train: [    INFO] - Train: 12 [ 520/520]  Loss: 0.6767 (0.829)  Acc@1: 82.5000 (79.5880)  Acc@5: 98.7500 (98.7580)LR: 2.498e-02
2024-11-20 15:39:08,673 -                train: [    INFO] - Valid: 12 [   0/104]  Loss: 0.4500 (0.450)  Acc@1: 84.3750 (84.3750)  Acc@5: 98.9583 (98.9583)
2024-11-20 15:39:14,865 -                train: [    INFO] - Valid: 12 [ 104/104]  Loss: 0.4911 (0.523)  Acc@1: 81.2500 (82.8500)  Acc@5: 100.0000 (98.8700)
2024-11-20 15:39:15,412 -                train: [    INFO] - valid_acc 82.850002 - best_valid_acc 82.850002
2024-11-20 15:39:15,865 -                train: [    INFO] - Train: 13 [   0/520]  Loss: 0.9623 (0.962)  Acc@1: 75.0000 (75.0000)  Acc@5: 95.8333 (95.8333)LR: 2.497e-02
2024-11-20 15:40:01,830 -                train: [    INFO] - Train: 13 [ 200/520]  Loss: 0.6673 (0.800)  Acc@1: 82.2917 (80.4415)  Acc@5: 98.9583 (98.8599)LR: 2.497e-02
2024-11-20 15:40:47,627 -                train: [    INFO] - Train: 13 [ 400/520]  Loss: 0.9972 (0.796)  Acc@1: 75.0000 (80.5227)  Acc@5: 97.9167 (98.8830)LR: 2.497e-02
2024-11-20 15:41:15,519 -                train: [    INFO] - Train: 13 [ 520/520]  Loss: 0.6233 (0.798)  Acc@1: 85.0000 (80.4460)  Acc@5: 100.0000 (98.8720)LR: 2.497e-02
2024-11-20 15:41:18,810 -                train: [    INFO] - Valid: 13 [   0/104]  Loss: 0.5119 (0.512)  Acc@1: 82.2917 (82.2917)  Acc@5: 98.9583 (98.9583)
2024-11-20 15:41:24,994 -                train: [    INFO] - Valid: 13 [ 104/104]  Loss: 0.6403 (0.472)  Acc@1: 81.2500 (84.3800)  Acc@5: 100.0000 (99.2200)
2024-11-20 15:41:25,593 -                train: [    INFO] - valid_acc 84.380003 - best_valid_acc 84.380003
2024-11-20 15:41:26,047 -                train: [    INFO] - Train: 14 [   0/520]  Loss: 0.6018 (0.602)  Acc@1: 88.5417 (88.5417)  Acc@5: 100.0000 (100.0000)LR: 2.497e-02
2024-11-20 15:42:12,347 -                train: [    INFO] - Train: 14 [ 200/520]  Loss: 0.7063 (0.807)  Acc@1: 82.2917 (80.1254)  Acc@5: 98.9583 (98.7199)LR: 2.497e-02
2024-11-20 15:42:58,077 -                train: [    INFO] - Train: 14 [ 400/520]  Loss: 0.5060 (0.793)  Acc@1: 86.4583 (80.4967)  Acc@5: 100.0000 (98.7661)LR: 2.497e-02
2024-11-20 15:43:25,835 -                train: [    INFO] - Train: 14 [ 520/520]  Loss: 0.8106 (0.792)  Acc@1: 82.5000 (80.4540)  Acc@5: 98.7500 (98.8040)LR: 2.497e-02
2024-11-20 15:43:26,180 -                train: [    INFO] - Valid: 14 [   0/104]  Loss: 0.6809 (0.681)  Acc@1: 79.1667 (79.1667)  Acc@5: 98.9583 (98.9583)
2024-11-20 15:43:32,352 -                train: [    INFO] - Valid: 14 [ 104/104]  Loss: 0.3465 (0.567)  Acc@1: 93.7500 (81.7600)  Acc@5: 100.0000 (99.0400)
2024-11-20 15:43:32,427 -                train: [    INFO] - valid_acc 81.760003 - best_valid_acc 84.380003
2024-11-20 15:43:32,850 -                train: [    INFO] - Train: 15 [   0/520]  Loss: 0.6592 (0.659)  Acc@1: 83.3333 (83.3333)  Acc@5: 98.9583 (98.9583)LR: 2.496e-02
2024-11-20 15:44:18,694 -                train: [    INFO] - Train: 15 [ 200/520]  Loss: 0.7918 (0.754)  Acc@1: 80.2083 (81.3796)  Acc@5: 98.9583 (98.9998)LR: 2.496e-02
2024-11-20 15:45:04,795 -                train: [    INFO] - Train: 15 [ 400/520]  Loss: 0.8596 (0.753)  Acc@1: 79.1667 (81.4786)  Acc@5: 98.9583 (99.0674)LR: 2.496e-02
2024-11-20 15:45:32,217 -                train: [    INFO] - Train: 15 [ 520/520]  Loss: 1.190 (0.758)  Acc@1: 70.0000 (81.4400)  Acc@5: 95.0000 (99.0320)LR: 2.496e-02
2024-11-20 15:45:32,505 -                train: [    INFO] - Valid: 15 [   0/104]  Loss: 0.5589 (0.559)  Acc@1: 83.3333 (83.3333)  Acc@5: 97.9167 (97.9167)
2024-11-20 15:45:38,642 -                train: [    INFO] - Valid: 15 [ 104/104]  Loss: 0.5173 (0.478)  Acc@1: 75.0000 (84.0700)  Acc@5: 100.0000 (99.0800)
2024-11-20 15:45:38,671 -                train: [    INFO] - valid_acc 84.070002 - best_valid_acc 84.380003
2024-11-20 15:45:39,091 -                train: [    INFO] - Train: 16 [   0/520]  Loss: 0.5207 (0.521)  Acc@1: 89.5833 (89.5833)  Acc@5: 98.9583 (98.9583)LR: 2.496e-02
2024-11-20 15:46:27,170 -                train: [    INFO] - Train: 16 [ 200/520]  Loss: 0.6236 (0.742)  Acc@1: 82.2917 (81.5506)  Acc@5: 100.0000 (99.0205)LR: 2.496e-02
2024-11-20 15:47:14,638 -                train: [    INFO] - Train: 16 [ 400/520]  Loss: 0.6252 (0.745)  Acc@1: 87.5000 (81.4890)  Acc@5: 100.0000 (99.0570)LR: 2.496e-02
2024-11-20 15:47:42,553 -                train: [    INFO] - Train: 16 [ 520/520]  Loss: 0.6967 (0.748)  Acc@1: 82.5000 (81.4740)  Acc@5: 97.5000 (99.0280)LR: 2.496e-02
2024-11-20 15:47:42,860 -                train: [    INFO] - Valid: 16 [   0/104]  Loss: 0.4781 (0.478)  Acc@1: 84.3750 (84.3750)  Acc@5: 98.9583 (98.9583)
2024-11-20 15:47:49,032 -                train: [    INFO] - Valid: 16 [ 104/104]  Loss: 0.3820 (0.597)  Acc@1: 81.2500 (80.3700)  Acc@5: 100.0000 (99.1100)
2024-11-20 15:47:49,062 -                train: [    INFO] - valid_acc 80.370002 - best_valid_acc 84.380003
2024-11-20 15:47:49,514 -                train: [    INFO] - Train: 17 [   0/520]  Loss: 0.8304 (0.830)  Acc@1: 80.2083 (80.2083)  Acc@5: 100.0000 (100.0000)LR: 2.495e-02
2024-11-20 15:48:35,603 -                train: [    INFO] - Train: 17 [ 200/520]  Loss: 0.6917 (0.716)  Acc@1: 82.2917 (82.3020)  Acc@5: 98.9583 (99.0464)LR: 2.495e-02
2024-11-20 15:49:21,794 -                train: [    INFO] - Train: 17 [ 400/520]  Loss: 0.6962 (0.712)  Acc@1: 85.4167 (82.4449)  Acc@5: 100.0000 (99.0778)LR: 2.495e-02
2024-11-20 15:49:49,354 -                train: [    INFO] - Train: 17 [ 520/520]  Loss: 0.7931 (0.716)  Acc@1: 81.2500 (82.3520)  Acc@5: 100.0000 (99.0680)LR: 2.495e-02
2024-11-20 15:49:49,673 -                train: [    INFO] - Valid: 17 [   0/104]  Loss: 0.6431 (0.643)  Acc@1: 79.1667 (79.1667)  Acc@5: 100.0000 (100.0000)
2024-11-20 15:49:55,826 -                train: [    INFO] - Valid: 17 [ 104/104]  Loss: 0.3715 (0.565)  Acc@1: 81.2500 (81.1700)  Acc@5: 100.0000 (99.3700)
2024-11-20 15:49:55,851 -                train: [    INFO] - valid_acc 81.170003 - best_valid_acc 84.380003
2024-11-20 15:49:56,261 -                train: [    INFO] - Train: 18 [   0/520]  Loss: 0.7415 (0.742)  Acc@1: 81.2500 (81.2500)  Acc@5: 98.9583 (98.9583)LR: 2.494e-02
2024-11-20 15:50:42,535 -                train: [    INFO] - Train: 18 [ 200/520]  Loss: 0.7431 (0.710)  Acc@1: 80.2083 (82.6337)  Acc@5: 98.9583 (99.1449)LR: 2.494e-02
2024-11-20 15:51:28,234 -                train: [    INFO] - Train: 18 [ 400/520]  Loss: 0.6530 (0.705)  Acc@1: 86.4583 (82.7411)  Acc@5: 98.9583 (99.1220)LR: 2.494e-02
2024-11-20 15:51:55,854 -                train: [    INFO] - Train: 18 [ 520/520]  Loss: 0.6595 (0.707)  Acc@1: 83.7500 (82.7100)  Acc@5: 97.5000 (99.1360)LR: 2.494e-02
2024-11-20 15:51:56,123 -                train: [    INFO] - Valid: 18 [   0/104]  Loss: 0.4571 (0.457)  Acc@1: 83.3333 (83.3333)  Acc@5: 98.9583 (98.9583)
2024-11-20 15:52:02,263 -                train: [    INFO] - Valid: 18 [ 104/104]  Loss: 0.3470 (0.440)  Acc@1: 87.5000 (85.5100)  Acc@5: 100.0000 (99.3700)
2024-11-20 15:52:02,760 -                train: [    INFO] - valid_acc 85.510002 - best_valid_acc 85.510002
2024-11-20 15:52:03,313 -                train: [    INFO] - Train: 19 [   0/520]  Loss: 0.6333 (0.633)  Acc@1: 85.4167 (85.4167)  Acc@5: 98.9583 (98.9583)LR: 2.494e-02
2024-11-20 15:52:49,095 -                train: [    INFO] - Train: 19 [ 200/520]  Loss: 0.8418 (0.702)  Acc@1: 80.2083 (82.8617)  Acc@5: 96.8750 (99.0879)LR: 2.494e-02
2024-11-20 15:53:34,810 -                train: [    INFO] - Train: 19 [ 400/520]  Loss: 0.8164 (0.702)  Acc@1: 80.2083 (82.6631)  Acc@5: 98.9583 (99.1142)LR: 2.494e-02
2024-11-20 15:54:02,295 -                train: [    INFO] - Train: 19 [ 520/520]  Loss: 0.6937 (0.702)  Acc@1: 82.5000 (82.6280)  Acc@5: 100.0000 (99.0960)LR: 2.494e-02
2024-11-20 15:54:02,588 -                train: [    INFO] - Valid: 19 [   0/104]  Loss: 0.6747 (0.675)  Acc@1: 82.2917 (82.2917)  Acc@5: 96.8750 (96.8750)
2024-11-20 15:54:08,776 -                train: [    INFO] - Valid: 19 [ 104/104]  Loss: 0.5137 (0.519)  Acc@1: 87.5000 (83.3300)  Acc@5: 100.0000 (99.1100)
2024-11-20 15:54:08,805 -                train: [    INFO] - valid_acc 83.330003 - best_valid_acc 85.510002
2024-11-20 15:54:09,223 -                train: [    INFO] - Train: 20 [   0/520]  Loss: 0.4829 (0.483)  Acc@1: 88.5417 (88.5417)  Acc@5: 100.0000 (100.0000)LR: 2.493e-02
2024-11-20 15:54:58,141 -                train: [    INFO] - Train: 20 [ 200/520]  Loss: 0.4975 (0.668)  Acc@1: 86.4583 (83.5665)  Acc@5: 100.0000 (99.1604)LR: 2.493e-02
2024-11-20 15:55:45,851 -                train: [    INFO] - Train: 20 [ 400/520]  Loss: 0.6398 (0.686)  Acc@1: 86.4583 (82.9982)  Acc@5: 98.9583 (99.1116)LR: 2.493e-02
2024-11-20 15:56:13,718 -                train: [    INFO] - Train: 20 [ 520/520]  Loss: 0.7371 (0.689)  Acc@1: 85.0000 (82.9300)  Acc@5: 98.7500 (99.0620)LR: 2.493e-02
2024-11-20 15:56:14,067 -                train: [    INFO] - Valid: 20 [   0/104]  Loss: 0.5462 (0.546)  Acc@1: 80.2083 (80.2083)  Acc@5: 98.9583 (98.9583)
2024-11-20 15:56:20,208 -                train: [    INFO] - Valid: 20 [ 104/104]  Loss: 0.2252 (0.468)  Acc@1: 93.7500 (84.9000)  Acc@5: 100.0000 (99.1900)
2024-11-20 15:56:20,236 -                train: [    INFO] - valid_acc 84.900003 - best_valid_acc 85.510002
2024-11-20 15:56:20,707 -                train: [    INFO] - Train: 21 [   0/520]  Loss: 0.5302 (0.530)  Acc@1: 87.5000 (87.5000)  Acc@5: 98.9583 (98.9583)LR: 2.492e-02
2024-11-20 15:57:06,775 -                train: [    INFO] - Train: 21 [ 200/520]  Loss: 0.5124 (0.678)  Acc@1: 87.5000 (83.3541)  Acc@5: 100.0000 (99.2226)LR: 2.492e-02
2024-11-20 15:57:52,795 -                train: [    INFO] - Train: 21 [ 400/520]  Loss: 0.6910 (0.673)  Acc@1: 83.3333 (83.5308)  Acc@5: 98.9583 (99.2285)LR: 2.492e-02
2024-11-20 15:58:20,478 -                train: [    INFO] - Train: 21 [ 520/520]  Loss: 0.9351 (0.678)  Acc@1: 80.0000 (83.4580)  Acc@5: 96.2500 (99.1780)LR: 2.492e-02
2024-11-20 15:58:20,725 -                train: [    INFO] - Valid: 21 [   0/104]  Loss: 0.5730 (0.573)  Acc@1: 84.3750 (84.3750)  Acc@5: 97.9167 (97.9167)
2024-11-20 15:58:26,860 -                train: [    INFO] - Valid: 21 [ 104/104]  Loss: 0.7625 (0.422)  Acc@1: 75.0000 (86.3000)  Acc@5: 100.0000 (99.2700)
2024-11-20 15:58:27,413 -                train: [    INFO] - valid_acc 86.300003 - best_valid_acc 86.300003
2024-11-20 15:58:27,878 -                train: [    INFO] - Train: 22 [   0/520]  Loss: 0.3833 (0.383)  Acc@1: 92.7083 (92.7083)  Acc@5: 100.0000 (100.0000)LR: 2.492e-02
2024-11-20 15:59:13,744 -                train: [    INFO] - Train: 22 [ 200/520]  Loss: 0.5092 (0.651)  Acc@1: 84.3750 (84.0071)  Acc@5: 100.0000 (99.3626)LR: 2.492e-02
2024-11-20 15:59:59,670 -                train: [    INFO] - Train: 22 [ 400/520]  Loss: 0.7270 (0.667)  Acc@1: 82.2917 (83.5463)  Acc@5: 98.9583 (99.2519)LR: 2.492e-02
2024-11-20 16:00:27,130 -                train: [    INFO] - Train: 22 [ 520/520]  Loss: 0.5986 (0.672)  Acc@1: 85.0000 (83.4420)  Acc@5: 97.5000 (99.2040)LR: 2.492e-02
2024-11-20 16:00:27,424 -                train: [    INFO] - Valid: 22 [   0/104]  Loss: 0.4396 (0.440)  Acc@1: 85.4167 (85.4167)  Acc@5: 100.0000 (100.0000)
2024-11-20 16:00:33,620 -                train: [    INFO] - Valid: 22 [ 104/104]  Loss: 0.3714 (0.407)  Acc@1: 87.5000 (86.4100)  Acc@5: 100.0000 (99.5200)
2024-11-20 16:00:34,144 -                train: [    INFO] - valid_acc 86.410003 - best_valid_acc 86.410003
2024-11-20 16:00:34,580 -                train: [    INFO] - Train: 23 [   0/520]  Loss: 0.6092 (0.609)  Acc@1: 82.2917 (82.2917)  Acc@5: 100.0000 (100.0000)LR: 2.491e-02
2024-11-20 16:01:21,867 -                train: [    INFO] - Train: 23 [ 200/520]  Loss: 0.4854 (0.652)  Acc@1: 90.6250 (84.0122)  Acc@5: 98.9583 (99.1449)LR: 2.491e-02
2024-11-20 16:02:08,174 -                train: [    INFO] - Train: 23 [ 400/520]  Loss: 0.6487 (0.660)  Acc@1: 86.4583 (83.6918)  Acc@5: 97.9167 (99.1869)LR: 2.491e-02
2024-11-20 16:02:35,713 -                train: [    INFO] - Train: 23 [ 520/520]  Loss: 0.7114 (0.662)  Acc@1: 80.0000 (83.7060)  Acc@5: 98.7500 (99.1860)LR: 2.491e-02
2024-11-20 16:02:35,995 -                train: [    INFO] - Valid: 23 [   0/104]  Loss: 0.4899 (0.490)  Acc@1: 87.5000 (87.5000)  Acc@5: 100.0000 (100.0000)
2024-11-20 16:02:42,134 -                train: [    INFO] - Valid: 23 [ 104/104]  Loss: 0.5564 (0.387)  Acc@1: 75.0000 (87.2100)  Acc@5: 100.0000 (99.4600)
2024-11-20 16:02:42,662 -                train: [    INFO] - valid_acc 87.210003 - best_valid_acc 87.210003
2024-11-20 16:02:43,140 -                train: [    INFO] - Train: 24 [   0/520]  Loss: 0.9429 (0.943)  Acc@1: 77.0833 (77.0833)  Acc@5: 100.0000 (100.0000)LR: 2.490e-02
2024-11-20 16:03:29,648 -                train: [    INFO] - Train: 24 [ 200/520]  Loss: 0.8729 (0.664)  Acc@1: 81.2500 (83.7168)  Acc@5: 97.9167 (99.2434)LR: 2.490e-02
2024-11-20 16:04:15,659 -                train: [    INFO] - Train: 24 [ 400/520]  Loss: 0.6343 (0.656)  Acc@1: 87.5000 (83.9152)  Acc@5: 100.0000 (99.2285)LR: 2.490e-02
2024-11-20 16:04:43,196 -                train: [    INFO] - Train: 24 [ 520/520]  Loss: 0.7844 (0.657)  Acc@1: 81.2500 (83.9620)  Acc@5: 98.7500 (99.2000)LR: 2.490e-02
2024-11-20 16:04:43,462 -                train: [    INFO] - Valid: 24 [   0/104]  Loss: 0.5965 (0.597)  Acc@1: 78.1250 (78.1250)  Acc@5: 98.9583 (98.9583)
2024-11-20 16:04:49,598 -                train: [    INFO] - Valid: 24 [ 104/104]  Loss: 0.3808 (0.499)  Acc@1: 81.2500 (83.8400)  Acc@5: 100.0000 (99.1800)
2024-11-20 16:04:49,650 -                train: [    INFO] - valid_acc 83.840002 - best_valid_acc 87.210003
2024-11-20 16:04:50,113 -                train: [    INFO] - Train: 25 [   0/520]  Loss: 0.5537 (0.554)  Acc@1: 87.5000 (87.5000)  Acc@5: 100.0000 (100.0000)LR: 2.489e-02
2024-11-20 16:05:36,295 -                train: [    INFO] - Train: 25 [ 200/520]  Loss: 0.8088 (0.660)  Acc@1: 80.2083 (83.7998)  Acc@5: 100.0000 (99.2071)LR: 2.489e-02
2024-11-20 16:06:22,249 -                train: [    INFO] - Train: 25 [ 400/520]  Loss: 0.6198 (0.646)  Acc@1: 85.4167 (84.1490)  Acc@5: 98.9583 (99.2571)LR: 2.489e-02
2024-11-20 16:06:49,836 -                train: [    INFO] - Train: 25 [ 520/520]  Loss: 0.6712 (0.642)  Acc@1: 82.5000 (84.2440)  Acc@5: 98.7500 (99.2680)LR: 2.489e-02
2024-11-20 16:06:50,096 -                train: [    INFO] - Valid: 25 [   0/104]  Loss: 0.4778 (0.478)  Acc@1: 83.3333 (83.3333)  Acc@5: 96.8750 (96.8750)
2024-11-20 16:06:56,287 -                train: [    INFO] - Valid: 25 [ 104/104]  Loss: 0.1727 (0.420)  Acc@1: 100.0000 (85.9800)  Acc@5: 100.0000 (99.2100)
2024-11-20 16:06:56,320 -                train: [    INFO] - valid_acc 85.980003 - best_valid_acc 87.210003
2024-11-20 16:06:56,854 -                train: [    INFO] - Train: 26 [   0/520]  Loss: 0.5073 (0.507)  Acc@1: 86.4583 (86.4583)  Acc@5: 98.9583 (98.9583)LR: 2.488e-02
2024-11-20 16:07:42,862 -                train: [    INFO] - Train: 26 [ 200/520]  Loss: 0.5163 (0.642)  Acc@1: 88.5417 (83.9189)  Acc@5: 98.9583 (99.2848)LR: 2.488e-02
2024-11-20 16:08:28,814 -                train: [    INFO] - Train: 26 [ 400/520]  Loss: 0.4589 (0.639)  Acc@1: 87.5000 (84.2088)  Acc@5: 100.0000 (99.1921)LR: 2.488e-02
2024-11-20 16:08:56,208 -                train: [    INFO] - Train: 26 [ 520/520]  Loss: 0.8123 (0.643)  Acc@1: 77.5000 (84.1060)  Acc@5: 98.7500 (99.1560)LR: 2.488e-02
2024-11-20 16:08:56,467 -                train: [    INFO] - Valid: 26 [   0/104]  Loss: 0.4410 (0.441)  Acc@1: 85.4167 (85.4167)  Acc@5: 100.0000 (100.0000)
2024-11-20 16:09:02,619 -                train: [    INFO] - Valid: 26 [ 104/104]  Loss: 0.3397 (0.408)  Acc@1: 93.7500 (86.5500)  Acc@5: 100.0000 (99.4300)
2024-11-20 16:09:02,643 -                train: [    INFO] - valid_acc 86.550002 - best_valid_acc 87.210003
2024-11-20 16:09:03,089 -                train: [    INFO] - Train: 27 [   0/520]  Loss: 0.7231 (0.723)  Acc@1: 81.2500 (81.2500)  Acc@5: 98.9583 (98.9583)LR: 2.488e-02
2024-11-20 16:09:49,046 -                train: [    INFO] - Train: 27 [ 200/520]  Loss: 0.6056 (0.630)  Acc@1: 84.3750 (84.6238)  Acc@5: 98.9583 (99.2641)LR: 2.488e-02
2024-11-20 16:10:34,951 -                train: [    INFO] - Train: 27 [ 400/520]  Loss: 0.8451 (0.630)  Acc@1: 76.0417 (84.3542)  Acc@5: 100.0000 (99.2778)LR: 2.488e-02
2024-11-20 16:11:02,577 -                train: [    INFO] - Train: 27 [ 520/520]  Loss: 0.5335 (0.632)  Acc@1: 85.0000 (84.3720)  Acc@5: 100.0000 (99.2860)LR: 2.488e-02
2024-11-20 16:11:02,821 -                train: [    INFO] - Valid: 27 [   0/104]  Loss: 0.3687 (0.369)  Acc@1: 87.5000 (87.5000)  Acc@5: 98.9583 (98.9583)
2024-11-20 16:11:08,957 -                train: [    INFO] - Valid: 27 [ 104/104]  Loss: 0.2238 (0.428)  Acc@1: 93.7500 (85.4800)  Acc@5: 100.0000 (99.4800)
2024-11-20 16:11:08,984 -                train: [    INFO] - valid_acc 85.480002 - best_valid_acc 87.210003
2024-11-20 16:11:09,439 -                train: [    INFO] - Train: 28 [   0/520]  Loss: 0.5878 (0.588)  Acc@1: 84.3750 (84.3750)  Acc@5: 100.0000 (100.0000)LR: 2.487e-02
2024-11-20 16:11:55,273 -                train: [    INFO] - Train: 28 [ 200/520]  Loss: 0.6096 (0.601)  Acc@1: 83.3333 (85.3752)  Acc@5: 100.0000 (99.2382)LR: 2.487e-02
2024-11-20 16:12:41,099 -                train: [    INFO] - Train: 28 [ 400/520]  Loss: 0.7802 (0.617)  Acc@1: 86.4583 (85.0036)  Acc@5: 98.9583 (99.2233)LR: 2.487e-02
2024-11-20 16:13:08,703 -                train: [    INFO] - Train: 28 [ 520/520]  Loss: 0.6288 (0.623)  Acc@1: 85.0000 (84.8020)  Acc@5: 100.0000 (99.2180)LR: 2.487e-02
2024-11-20 16:13:09,911 -                train: [    INFO] - Valid: 28 [   0/104]  Loss: 0.3693 (0.369)  Acc@1: 84.3750 (84.3750)  Acc@5: 98.9583 (98.9583)
2024-11-20 16:13:16,049 -                train: [    INFO] - Valid: 28 [ 104/104]  Loss: 0.6814 (0.457)  Acc@1: 75.0000 (84.9700)  Acc@5: 100.0000 (99.4700)
2024-11-20 16:13:16,081 -                train: [    INFO] - valid_acc 84.970002 - best_valid_acc 87.210003
2024-11-20 16:13:16,487 -                train: [    INFO] - Train: 29 [   0/520]  Loss: 0.4675 (0.467)  Acc@1: 88.5417 (88.5417)  Acc@5: 98.9583 (98.9583)LR: 2.486e-02
2024-11-20 16:14:02,418 -                train: [    INFO] - Train: 29 [ 200/520]  Loss: 0.4944 (0.601)  Acc@1: 86.4583 (85.4581)  Acc@5: 98.9583 (99.3159)LR: 2.486e-02
2024-11-20 16:14:48,186 -                train: [    INFO] - Train: 29 [ 400/520]  Loss: 0.6360 (0.614)  Acc@1: 82.2917 (85.0478)  Acc@5: 100.0000 (99.3246)LR: 2.486e-02
2024-11-20 16:15:15,659 -                train: [    INFO] - Train: 29 [ 520/520]  Loss: 0.6258 (0.616)  Acc@1: 85.0000 (84.9180)  Acc@5: 98.7500 (99.3080)LR: 2.486e-02
2024-11-20 16:15:15,905 -                train: [    INFO] - Valid: 29 [   0/104]  Loss: 0.4516 (0.452)  Acc@1: 85.4167 (85.4167)  Acc@5: 100.0000 (100.0000)
2024-11-20 16:15:22,042 -                train: [    INFO] - Valid: 29 [ 104/104]  Loss: 0.7878 (0.406)  Acc@1: 68.7500 (86.8500)  Acc@5: 100.0000 (99.4100)
2024-11-20 16:15:22,076 -                train: [    INFO] - valid_acc 86.850002 - best_valid_acc 87.210003
2024-11-20 16:15:22,621 -                train: [    INFO] - Train: 30 [   0/520]  Loss: 0.5279 (0.528)  Acc@1: 87.5000 (87.5000)  Acc@5: 100.0000 (100.0000)LR: 2.485e-02
2024-11-20 16:16:08,513 -                train: [    INFO] - Train: 30 [ 200/520]  Loss: 0.6875 (0.613)  Acc@1: 79.1667 (85.0124)  Acc@5: 100.0000 (99.3781)LR: 2.485e-02
2024-11-20 16:16:54,288 -                train: [    INFO] - Train: 30 [ 400/520]  Loss: 0.5566 (0.620)  Acc@1: 84.3750 (84.8270)  Acc@5: 100.0000 (99.3168)LR: 2.485e-02
2024-11-20 16:17:21,709 -                train: [    INFO] - Train: 30 [ 520/520]  Loss: 0.4745 (0.616)  Acc@1: 90.0000 (84.8720)  Acc@5: 100.0000 (99.3200)LR: 2.485e-02
2024-11-20 16:17:22,003 -                train: [    INFO] - Valid: 30 [   0/104]  Loss: 0.4649 (0.465)  Acc@1: 86.4583 (86.4583)  Acc@5: 100.0000 (100.0000)
2024-11-20 16:17:28,173 -                train: [    INFO] - Valid: 30 [ 104/104]  Loss: 0.2960 (0.433)  Acc@1: 87.5000 (85.8900)  Acc@5: 100.0000 (99.3100)
2024-11-20 16:17:28,200 -                train: [    INFO] - valid_acc 85.890003 - best_valid_acc 87.210003
2024-11-20 16:17:28,657 -                train: [    INFO] - Train: 31 [   0/520]  Loss: 0.4849 (0.485)  Acc@1: 91.6667 (91.6667)  Acc@5: 98.9583 (98.9583)LR: 2.484e-02
2024-11-20 16:18:14,619 -                train: [    INFO] - Train: 31 [ 200/520]  Loss: 0.6814 (0.598)  Acc@1: 82.2917 (85.5825)  Acc@5: 100.0000 (99.3263)LR: 2.484e-02
2024-11-20 16:19:00,539 -                train: [    INFO] - Train: 31 [ 400/520]  Loss: 0.5821 (0.617)  Acc@1: 86.4583 (85.1024)  Acc@5: 96.8750 (99.3168)LR: 2.484e-02
2024-11-20 16:19:28,116 -                train: [    INFO] - Train: 31 [ 520/520]  Loss: 0.4535 (0.617)  Acc@1: 91.2500 (84.9700)  Acc@5: 100.0000 (99.3080)LR: 2.484e-02
2024-11-20 16:19:28,373 -                train: [    INFO] - Valid: 31 [   0/104]  Loss: 0.3365 (0.336)  Acc@1: 88.5417 (88.5417)  Acc@5: 100.0000 (100.0000)
2024-11-20 16:19:34,545 -                train: [    INFO] - Valid: 31 [ 104/104]  Loss: 0.3564 (0.380)  Acc@1: 81.2500 (87.4000)  Acc@5: 100.0000 (99.5700)
2024-11-20 16:19:35,084 -                train: [    INFO] - valid_acc 87.400002 - best_valid_acc 87.400002
2024-11-20 16:19:35,553 -                train: [    INFO] - Train: 32 [   0/520]  Loss: 0.5531 (0.553)  Acc@1: 85.4167 (85.4167)  Acc@5: 100.0000 (100.0000)LR: 2.482e-02
2024-11-20 16:20:21,475 -                train: [    INFO] - Train: 32 [ 200/520]  Loss: 0.6067 (0.606)  Acc@1: 85.4167 (85.2767)  Acc@5: 100.0000 (99.3211)LR: 2.482e-02
2024-11-20 16:21:07,488 -                train: [    INFO] - Train: 32 [ 400/520]  Loss: 0.5292 (0.612)  Acc@1: 88.5417 (85.0582)  Acc@5: 100.0000 (99.3194)LR: 2.482e-02
2024-11-20 16:21:35,743 -                train: [    INFO] - Train: 32 [ 520/520]  Loss: 0.6322 (0.614)  Acc@1: 88.7500 (84.9640)  Acc@5: 97.5000 (99.2840)LR: 2.482e-02
2024-11-20 16:21:36,012 -                train: [    INFO] - Valid: 32 [   0/104]  Loss: 0.4321 (0.432)  Acc@1: 85.4167 (85.4167)  Acc@5: 100.0000 (100.0000)
2024-11-20 16:21:42,193 -                train: [    INFO] - Valid: 32 [ 104/104]  Loss: 0.6304 (0.516)  Acc@1: 75.0000 (83.3200)  Acc@5: 93.7500 (99.0300)
2024-11-20 16:21:42,223 -                train: [    INFO] - valid_acc 83.320003 - best_valid_acc 87.400002
2024-11-20 16:21:42,756 -                train: [    INFO] - Train: 33 [   0/520]  Loss: 0.5795 (0.579)  Acc@1: 85.4167 (85.4167)  Acc@5: 97.9167 (97.9167)LR: 2.481e-02
2024-11-20 16:22:29,636 -                train: [    INFO] - Train: 33 [ 200/520]  Loss: 0.7212 (0.610)  Acc@1: 81.2500 (85.1005)  Acc@5: 98.9583 (99.2745)LR: 2.481e-02
2024-11-20 16:23:15,557 -                train: [    INFO] - Train: 33 [ 400/520]  Loss: 0.5567 (0.606)  Acc@1: 89.5833 (85.2115)  Acc@5: 100.0000 (99.2778)LR: 2.481e-02
2024-11-20 16:23:42,980 -                train: [    INFO] - Train: 33 [ 520/520]  Loss: 0.6736 (0.610)  Acc@1: 80.0000 (85.1380)  Acc@5: 98.7500 (99.2600)LR: 2.481e-02
2024-11-20 16:23:43,261 -                train: [    INFO] - Valid: 33 [   0/104]  Loss: 0.2643 (0.264)  Acc@1: 91.6667 (91.6667)  Acc@5: 98.9583 (98.9583)
2024-11-20 16:23:49,426 -                train: [    INFO] - Valid: 33 [ 104/104]  Loss: 0.3175 (0.388)  Acc@1: 87.5000 (87.6900)  Acc@5: 100.0000 (99.3400)
2024-11-20 16:23:50,053 -                train: [    INFO] - valid_acc 87.690002 - best_valid_acc 87.690002
2024-11-20 16:23:50,498 -                train: [    INFO] - Train: 34 [   0/520]  Loss: 0.8238 (0.824)  Acc@1: 80.2083 (80.2083)  Acc@5: 100.0000 (100.0000)LR: 2.480e-02
2024-11-20 16:24:36,272 -                train: [    INFO] - Train: 34 [ 200/520]  Loss: 0.5618 (0.599)  Acc@1: 83.3333 (85.2456)  Acc@5: 98.9583 (99.3677)LR: 2.480e-02
2024-11-20 16:25:22,199 -                train: [    INFO] - Train: 34 [ 400/520]  Loss: 0.5449 (0.599)  Acc@1: 90.6250 (85.2920)  Acc@5: 100.0000 (99.3818)LR: 2.480e-02
2024-11-20 16:25:49,848 -                train: [    INFO] - Train: 34 [ 520/520]  Loss: 0.5794 (0.599)  Acc@1: 86.2500 (85.3200)  Acc@5: 100.0000 (99.3500)LR: 2.480e-02
2024-11-20 16:25:50,166 -                train: [    INFO] - Valid: 34 [   0/104]  Loss: 0.3587 (0.359)  Acc@1: 86.4583 (86.4583)  Acc@5: 100.0000 (100.0000)
2024-11-20 16:25:56,304 -                train: [    INFO] - Valid: 34 [ 104/104]  Loss: 0.3811 (0.357)  Acc@1: 81.2500 (87.8500)  Acc@5: 100.0000 (99.5400)
2024-11-20 16:25:56,816 -                train: [    INFO] - valid_acc 87.850002 - best_valid_acc 87.850002
2024-11-20 16:25:57,346 -                train: [    INFO] - Train: 35 [   0/520]  Loss: 0.6671 (0.667)  Acc@1: 84.3750 (84.3750)  Acc@5: 100.0000 (100.0000)LR: 2.479e-02
2024-11-20 16:26:43,604 -                train: [    INFO] - Train: 35 [ 200/520]  Loss: 0.5442 (0.597)  Acc@1: 84.3750 (85.3078)  Acc@5: 100.0000 (99.3729)LR: 2.479e-02
2024-11-20 16:27:30,274 -                train: [    INFO] - Train: 35 [ 400/520]  Loss: 0.6026 (0.604)  Acc@1: 85.4167 (85.1153)  Acc@5: 97.9167 (99.3376)LR: 2.479e-02
2024-11-20 16:28:00,249 -                train: [    INFO] - Train: 35 [ 520/520]  Loss: 0.6318 (0.604)  Acc@1: 80.0000 (85.1620)  Acc@5: 100.0000 (99.3480)LR: 2.479e-02
2024-11-20 16:28:02,804 -                train: [    INFO] - Valid: 35 [   0/104]  Loss: 0.4976 (0.498)  Acc@1: 81.2500 (81.2500)  Acc@5: 100.0000 (100.0000)
2024-11-20 16:28:09,132 -                train: [    INFO] - Valid: 35 [ 104/104]  Loss: 0.3437 (0.474)  Acc@1: 87.5000 (84.6300)  Acc@5: 93.7500 (99.2700)
2024-11-20 16:28:10,671 -                train: [    INFO] - valid_acc 84.630002 - best_valid_acc 87.850002
2024-11-20 16:28:11,193 -                train: [    INFO] - Train: 36 [   0/520]  Loss: 0.6399 (0.640)  Acc@1: 83.3333 (83.3333)  Acc@5: 100.0000 (100.0000)LR: 2.478e-02
2024-11-20 16:28:57,856 -                train: [    INFO] - Train: 36 [ 200/520]  Loss: 0.6025 (0.580)  Acc@1: 85.4167 (85.7639)  Acc@5: 100.0000 (99.4092)LR: 2.478e-02
2024-11-20 16:29:43,625 -                train: [    INFO] - Train: 36 [ 400/520]  Loss: 0.7126 (0.594)  Acc@1: 83.3333 (85.3283)  Acc@5: 97.9167 (99.3947)LR: 2.478e-02
2024-11-20 16:30:11,205 -                train: [    INFO] - Train: 36 [ 520/520]  Loss: 0.4908 (0.599)  Acc@1: 87.5000 (85.2580)  Acc@5: 98.7500 (99.3520)LR: 2.478e-02
2024-11-20 16:30:16,084 -                train: [    INFO] - Valid: 36 [   0/104]  Loss: 0.3640 (0.364)  Acc@1: 91.6667 (91.6667)  Acc@5: 100.0000 (100.0000)
2024-11-20 16:30:22,893 -                train: [    INFO] - Valid: 36 [ 104/104]  Loss: 0.2426 (0.413)  Acc@1: 87.5000 (87.0700)  Acc@5: 100.0000 (99.1500)
2024-11-20 16:30:29,792 -                train: [    INFO] - valid_acc 87.070002 - best_valid_acc 87.850002
2024-11-20 16:30:30,581 -                train: [    INFO] - Train: 37 [   0/520]  Loss: 0.4503 (0.450)  Acc@1: 90.6250 (90.6250)  Acc@5: 100.0000 (100.0000)LR: 2.477e-02
2024-11-20 16:31:18,381 -                train: [    INFO] - Train: 37 [ 200/520]  Loss: 0.4391 (0.586)  Acc@1: 89.5833 (85.4840)  Acc@5: 98.9583 (99.4144)LR: 2.477e-02
2024-11-20 16:32:05,895 -                train: [    INFO] - Train: 37 [ 400/520]  Loss: 0.5709 (0.588)  Acc@1: 84.3750 (85.5336)  Acc@5: 100.0000 (99.3376)LR: 2.477e-02
2024-11-20 16:32:35,007 -                train: [    INFO] - Train: 37 [ 520/520]  Loss: 0.5572 (0.592)  Acc@1: 86.2500 (85.3820)  Acc@5: 98.7500 (99.3080)LR: 2.477e-02
2024-11-20 16:32:36,331 -                train: [    INFO] - Valid: 37 [   0/104]  Loss: 0.3678 (0.368)  Acc@1: 87.5000 (87.5000)  Acc@5: 98.9583 (98.9583)
2024-11-20 16:32:42,533 -                train: [    INFO] - Valid: 37 [ 104/104]  Loss: 0.5737 (0.422)  Acc@1: 81.2500 (86.3400)  Acc@5: 100.0000 (99.2800)
2024-11-20 16:32:43,115 -                train: [    INFO] - valid_acc 86.340003 - best_valid_acc 87.850002
2024-11-20 16:32:43,694 -                train: [    INFO] - Train: 38 [   0/520]  Loss: 0.3473 (0.347)  Acc@1: 91.6667 (91.6667)  Acc@5: 100.0000 (100.0000)LR: 2.475e-02
2024-11-20 16:33:31,532 -                train: [    INFO] - Train: 38 [ 200/520]  Loss: 0.5914 (0.588)  Acc@1: 84.3750 (85.7069)  Acc@5: 97.9167 (99.3833)LR: 2.475e-02
2024-11-20 16:34:19,850 -                train: [    INFO] - Train: 38 [ 400/520]  Loss: 0.7596 (0.586)  Acc@1: 81.2500 (85.6375)  Acc@5: 97.9167 (99.3272)LR: 2.475e-02
2024-11-20 16:34:49,248 -                train: [    INFO] - Train: 38 [ 520/520]  Loss: 0.6838 (0.592)  Acc@1: 86.2500 (85.5000)  Acc@5: 98.7500 (99.3140)LR: 2.475e-02
2024-11-20 16:34:53,072 -                train: [    INFO] - Valid: 38 [   0/104]  Loss: 0.5569 (0.557)  Acc@1: 82.2917 (82.2917)  Acc@5: 98.9583 (98.9583)
2024-11-20 16:34:59,222 -                train: [    INFO] - Valid: 38 [ 104/104]  Loss: 0.4879 (0.461)  Acc@1: 75.0000 (84.9600)  Acc@5: 100.0000 (99.3900)
2024-11-20 16:35:01,465 -                train: [    INFO] - valid_acc 84.960003 - best_valid_acc 87.850002
2024-11-20 16:35:01,983 -                train: [    INFO] - Train: 39 [   0/520]  Loss: 0.7407 (0.741)  Acc@1: 78.1250 (78.1250)  Acc@5: 100.0000 (100.0000)LR: 2.474e-02
2024-11-20 16:35:52,156 -                train: [    INFO] - Train: 39 [ 200/520]  Loss: 0.6679 (0.591)  Acc@1: 84.3750 (85.5048)  Acc@5: 100.0000 (99.3107)LR: 2.474e-02
2024-11-20 16:36:40,815 -                train: [    INFO] - Train: 39 [ 400/520]  Loss: 0.5027 (0.596)  Acc@1: 88.5417 (85.5024)  Acc@5: 98.9583 (99.3090)LR: 2.474e-02
2024-11-20 16:37:11,453 -                train: [    INFO] - Train: 39 [ 520/520]  Loss: 0.5390 (0.593)  Acc@1: 85.0000 (85.5660)  Acc@5: 100.0000 (99.2940)LR: 2.474e-02
2024-11-20 16:37:12,522 -                train: [    INFO] - Valid: 39 [   0/104]  Loss: 0.4335 (0.434)  Acc@1: 87.5000 (87.5000)  Acc@5: 98.9583 (98.9583)
2024-11-20 16:37:18,687 -                train: [    INFO] - Valid: 39 [ 104/104]  Loss: 0.7492 (0.487)  Acc@1: 81.2500 (84.7100)  Acc@5: 100.0000 (99.0700)
2024-11-20 16:37:19,427 -                train: [    INFO] - valid_acc 84.710002 - best_valid_acc 87.850002
2024-11-20 16:37:19,854 -                train: [    INFO] - Train: 40 [   0/520]  Loss: 0.5697 (0.570)  Acc@1: 87.5000 (87.5000)  Acc@5: 100.0000 (100.0000)LR: 2.473e-02
2024-11-20 16:38:09,761 -                train: [    INFO] - Train: 40 [ 200/520]  Loss: 0.3931 (0.574)  Acc@1: 88.5417 (86.2096)  Acc@5: 100.0000 (99.4040)LR: 2.473e-02
2024-11-20 16:38:59,028 -                train: [    INFO] - Train: 40 [ 400/520]  Loss: 0.6338 (0.585)  Acc@1: 86.4583 (85.8375)  Acc@5: 100.0000 (99.3220)LR: 2.473e-02
2024-11-20 16:39:27,874 -                train: [    INFO] - Train: 40 [ 520/520]  Loss: 0.4141 (0.590)  Acc@1: 90.0000 (85.6880)  Acc@5: 100.0000 (99.3140)LR: 2.473e-02
2024-11-20 16:39:32,988 -                train: [    INFO] - Valid: 40 [   0/104]  Loss: 0.3095 (0.309)  Acc@1: 90.6250 (90.6250)  Acc@5: 98.9583 (98.9583)
2024-11-20 16:39:40,006 -                train: [    INFO] - Valid: 40 [ 104/104]  Loss: 0.2329 (0.386)  Acc@1: 87.5000 (87.0000)  Acc@5: 100.0000 (99.3800)
2024-11-20 16:39:42,916 -                train: [    INFO] - valid_acc 87.000002 - best_valid_acc 87.850002
2024-11-20 16:39:43,385 -                train: [    INFO] - Train: 41 [   0/520]  Loss: 0.7549 (0.755)  Acc@1: 85.4167 (85.4167)  Acc@5: 97.9167 (97.9167)LR: 2.471e-02
2024-11-20 16:40:30,826 -                train: [    INFO] - Train: 41 [ 200/520]  Loss: 0.3633 (0.570)  Acc@1: 91.6667 (85.9297)  Acc@5: 98.9583 (99.4714)LR: 2.471e-02
2024-11-20 16:41:17,192 -                train: [    INFO] - Train: 41 [ 400/520]  Loss: 0.7430 (0.576)  Acc@1: 79.1667 (85.8843)  Acc@5: 100.0000 (99.4337)LR: 2.471e-02
2024-11-20 16:41:44,747 -                train: [    INFO] - Train: 41 [ 520/520]  Loss: 0.5635 (0.581)  Acc@1: 87.5000 (85.8040)  Acc@5: 100.0000 (99.3620)LR: 2.471e-02
2024-11-20 16:41:44,997 -                train: [    INFO] - Valid: 41 [   0/104]  Loss: 0.2195 (0.219)  Acc@1: 92.7083 (92.7083)  Acc@5: 100.0000 (100.0000)
2024-11-20 16:41:51,153 -                train: [    INFO] - Valid: 41 [ 104/104]  Loss: 0.3484 (0.322)  Acc@1: 81.2500 (89.0900)  Acc@5: 100.0000 (99.6700)
2024-11-20 16:41:51,741 -                train: [    INFO] - valid_acc 89.090003 - best_valid_acc 89.090003
2024-11-20 16:41:52,179 -                train: [    INFO] - Train: 42 [   0/520]  Loss: 0.7753 (0.775)  Acc@1: 83.3333 (83.3333)  Acc@5: 97.9167 (97.9167)LR: 2.470e-02
2024-11-20 16:42:38,062 -                train: [    INFO] - Train: 42 [ 200/520]  Loss: 0.4077 (0.580)  Acc@1: 90.6250 (85.9090)  Acc@5: 98.9583 (99.2796)LR: 2.470e-02
2024-11-20 16:43:23,858 -                train: [    INFO] - Train: 42 [ 400/520]  Loss: 0.6177 (0.589)  Acc@1: 88.5417 (85.5024)  Acc@5: 97.9167 (99.3376)LR: 2.470e-02
2024-11-20 16:43:51,351 -                train: [    INFO] - Train: 42 [ 520/520]  Loss: 0.4312 (0.590)  Acc@1: 91.2500 (85.4840)  Acc@5: 98.7500 (99.3360)LR: 2.470e-02
2024-11-20 16:43:51,622 -                train: [    INFO] - Valid: 42 [   0/104]  Loss: 0.4234 (0.423)  Acc@1: 89.5833 (89.5833)  Acc@5: 98.9583 (98.9583)
2024-11-20 16:43:57,784 -                train: [    INFO] - Valid: 42 [ 104/104]  Loss: 0.4545 (0.408)  Acc@1: 87.5000 (86.0700)  Acc@5: 100.0000 (99.5300)
2024-11-20 16:43:57,858 -                train: [    INFO] - valid_acc 86.070002 - best_valid_acc 89.090003
2024-11-20 16:43:58,333 -                train: [    INFO] - Train: 43 [   0/520]  Loss: 0.4813 (0.481)  Acc@1: 87.5000 (87.5000)  Acc@5: 100.0000 (100.0000)LR: 2.468e-02
2024-11-20 16:44:45,720 -                train: [    INFO] - Train: 43 [ 200/520]  Loss: 0.4673 (0.591)  Acc@1: 88.5417 (85.2249)  Acc@5: 100.0000 (99.3056)LR: 2.468e-02
2024-11-20 16:45:31,804 -                train: [    INFO] - Train: 43 [ 400/520]  Loss: 0.8343 (0.601)  Acc@1: 82.2917 (85.0790)  Acc@5: 98.9583 (99.2856)LR: 2.468e-02
2024-11-20 16:45:59,278 -                train: [    INFO] - Train: 43 [ 520/520]  Loss: 0.3502 (0.600)  Acc@1: 91.2500 (85.2340)  Acc@5: 100.0000 (99.2600)LR: 2.468e-02
2024-11-20 16:45:59,545 -                train: [    INFO] - Valid: 43 [   0/104]  Loss: 0.3198 (0.320)  Acc@1: 88.5417 (88.5417)  Acc@5: 100.0000 (100.0000)
2024-11-20 16:46:05,674 -                train: [    INFO] - Valid: 43 [ 104/104]  Loss: 0.8817 (0.393)  Acc@1: 75.0000 (86.8700)  Acc@5: 100.0000 (99.5600)
2024-11-20 16:46:05,702 -                train: [    INFO] - valid_acc 86.870003 - best_valid_acc 89.090003
2024-11-20 16:46:06,140 -                train: [    INFO] - Train: 44 [   0/520]  Loss: 0.5310 (0.531)  Acc@1: 85.4167 (85.4167)  Acc@5: 98.9583 (98.9583)LR: 2.467e-02
2024-11-20 16:46:52,107 -                train: [    INFO] - Train: 44 [ 200/520]  Loss: 0.4607 (0.583)  Acc@1: 88.5417 (85.8261)  Acc@5: 100.0000 (99.3470)LR: 2.467e-02
2024-11-20 16:47:38,203 -                train: [    INFO] - Train: 44 [ 400/520]  Loss: 0.6731 (0.587)  Acc@1: 80.2083 (85.7829)  Acc@5: 100.0000 (99.3324)LR: 2.467e-02
2024-11-20 16:48:05,806 -                train: [    INFO] - Train: 44 [ 520/520]  Loss: 0.7609 (0.592)  Acc@1: 82.5000 (85.6820)  Acc@5: 100.0000 (99.3040)LR: 2.467e-02
2024-11-20 16:48:06,035 -                train: [    INFO] - Valid: 44 [   0/104]  Loss: 0.3422 (0.342)  Acc@1: 86.4583 (86.4583)  Acc@5: 100.0000 (100.0000)
2024-11-20 16:48:12,287 -                train: [    INFO] - Valid: 44 [ 104/104]  Loss: 0.1763 (0.325)  Acc@1: 100.0000 (88.9400)  Acc@5: 100.0000 (99.6400)
2024-11-20 16:48:12,331 -                train: [    INFO] - valid_acc 88.940003 - best_valid_acc 89.090003
2024-11-20 16:48:12,855 -                train: [    INFO] - Train: 45 [   0/520]  Loss: 0.6023 (0.602)  Acc@1: 82.2917 (82.2917)  Acc@5: 100.0000 (100.0000)LR: 2.465e-02
2024-11-20 16:48:59,478 -                train: [    INFO] - Train: 45 [ 200/520]  Loss: 0.8359 (0.569)  Acc@1: 79.1667 (86.3443)  Acc@5: 98.9583 (99.3574)LR: 2.465e-02
2024-11-20 16:49:45,515 -                train: [    INFO] - Train: 45 [ 400/520]  Loss: 0.5789 (0.580)  Acc@1: 83.3333 (86.0349)  Acc@5: 98.9583 (99.3246)LR: 2.465e-02
2024-11-20 16:50:13,005 -                train: [    INFO] - Train: 45 [ 520/520]  Loss: 0.4662 (0.581)  Acc@1: 88.7500 (85.9060)  Acc@5: 100.0000 (99.3360)LR: 2.465e-02
2024-11-20 16:50:13,302 -                train: [    INFO] - Valid: 45 [   0/104]  Loss: 0.4340 (0.434)  Acc@1: 84.3750 (84.3750)  Acc@5: 98.9583 (98.9583)
2024-11-20 16:50:19,452 -                train: [    INFO] - Valid: 45 [ 104/104]  Loss: 0.4137 (0.340)  Acc@1: 87.5000 (88.8900)  Acc@5: 100.0000 (99.5900)
2024-11-20 16:50:19,487 -                train: [    INFO] - valid_acc 88.890003 - best_valid_acc 89.090003
2024-11-20 16:50:19,950 -                train: [    INFO] - Train: 46 [   0/520]  Loss: 0.3484 (0.348)  Acc@1: 91.6667 (91.6667)  Acc@5: 100.0000 (100.0000)LR: 2.464e-02
2024-11-20 16:51:06,833 -                train: [    INFO] - Train: 46 [ 200/520]  Loss: 0.3939 (0.573)  Acc@1: 87.5000 (86.1163)  Acc@5: 100.0000 (99.3988)LR: 2.464e-02
2024-11-20 16:51:53,365 -                train: [    INFO] - Train: 46 [ 400/520]  Loss: 0.4279 (0.568)  Acc@1: 90.6250 (86.2427)  Acc@5: 100.0000 (99.3766)LR: 2.464e-02
2024-11-20 16:52:21,853 -                train: [    INFO] - Train: 46 [ 520/520]  Loss: 0.5155 (0.574)  Acc@1: 87.5000 (85.9900)  Acc@5: 100.0000 (99.3480)LR: 2.464e-02
2024-11-20 16:52:22,098 -                train: [    INFO] - Valid: 46 [   0/104]  Loss: 0.3514 (0.351)  Acc@1: 90.6250 (90.6250)  Acc@5: 98.9583 (98.9583)
2024-11-20 16:52:28,263 -                train: [    INFO] - Valid: 46 [ 104/104]  Loss: 0.2630 (0.331)  Acc@1: 87.5000 (89.3100)  Acc@5: 100.0000 (99.5600)
2024-11-20 16:52:28,780 -                train: [    INFO] - valid_acc 89.310003 - best_valid_acc 89.310003
2024-11-20 16:52:29,222 -                train: [    INFO] - Train: 47 [   0/520]  Loss: 0.4631 (0.463)  Acc@1: 88.5417 (88.5417)  Acc@5: 100.0000 (100.0000)LR: 2.462e-02
2024-11-20 16:53:17,509 -                train: [    INFO] - Train: 47 [ 200/520]  Loss: 0.5653 (0.570)  Acc@1: 87.5000 (86.0645)  Acc@5: 98.9583 (99.4092)LR: 2.462e-02
2024-11-20 16:54:05,211 -                train: [    INFO] - Train: 47 [ 400/520]  Loss: 0.5054 (0.580)  Acc@1: 86.4583 (85.8609)  Acc@5: 100.0000 (99.3636)LR: 2.462e-02
2024-11-20 16:54:32,781 -                train: [    INFO] - Train: 47 [ 520/520]  Loss: 0.7269 (0.577)  Acc@1: 81.2500 (85.9520)  Acc@5: 98.7500 (99.3720)LR: 2.462e-02
2024-11-20 16:54:33,067 -                train: [    INFO] - Valid: 47 [   0/104]  Loss: 0.3993 (0.399)  Acc@1: 88.5417 (88.5417)  Acc@5: 100.0000 (100.0000)
2024-11-20 16:54:39,208 -                train: [    INFO] - Valid: 47 [ 104/104]  Loss: 0.2074 (0.389)  Acc@1: 93.7500 (87.6200)  Acc@5: 100.0000 (99.5000)
2024-11-20 16:54:39,233 -                train: [    INFO] - valid_acc 87.620002 - best_valid_acc 89.310003
2024-11-20 16:54:39,655 -                train: [    INFO] - Train: 48 [   0/520]  Loss: 0.5003 (0.500)  Acc@1: 89.5833 (89.5833)  Acc@5: 100.0000 (100.0000)LR: 2.461e-02
2024-11-20 16:55:25,848 -                train: [    INFO] - Train: 48 [ 200/520]  Loss: 0.3926 (0.563)  Acc@1: 92.7083 (86.1059)  Acc@5: 100.0000 (99.4351)LR: 2.461e-02
2024-11-20 16:56:11,626 -                train: [    INFO] - Train: 48 [ 400/520]  Loss: 0.5888 (0.571)  Acc@1: 84.3750 (85.9648)  Acc@5: 100.0000 (99.3973)LR: 2.461e-02
2024-11-20 16:56:39,220 -                train: [    INFO] - Train: 48 [ 520/520]  Loss: 0.8929 (0.570)  Acc@1: 80.0000 (85.9160)  Acc@5: 97.5000 (99.3960)LR: 2.461e-02
2024-11-20 16:56:41,143 -                train: [    INFO] - Valid: 48 [   0/104]  Loss: 0.5282 (0.528)  Acc@1: 86.4583 (86.4583)  Acc@5: 97.9167 (97.9167)
2024-11-20 16:56:47,353 -                train: [    INFO] - Valid: 48 [ 104/104]  Loss: 0.3461 (0.426)  Acc@1: 87.5000 (86.8000)  Acc@5: 100.0000 (99.4200)
2024-11-20 16:56:47,386 -                train: [    INFO] - valid_acc 86.800003 - best_valid_acc 89.310003
2024-11-20 16:56:47,824 -                train: [    INFO] - Train: 49 [   0/520]  Loss: 0.5353 (0.535)  Acc@1: 86.4583 (86.4583)  Acc@5: 100.0000 (100.0000)LR: 2.459e-02
2024-11-20 16:57:33,755 -                train: [    INFO] - Train: 49 [ 200/520]  Loss: 0.6421 (0.566)  Acc@1: 82.2917 (85.9556)  Acc@5: 98.9583 (99.4662)LR: 2.459e-02
2024-11-20 16:58:19,689 -                train: [    INFO] - Train: 49 [ 400/520]  Loss: 0.6397 (0.572)  Acc@1: 84.3750 (85.8141)  Acc@5: 97.9167 (99.3792)LR: 2.459e-02
2024-11-20 16:58:47,210 -                train: [    INFO] - Train: 49 [ 520/520]  Loss: 0.4147 (0.575)  Acc@1: 88.7500 (85.7900)  Acc@5: 100.0000 (99.3620)LR: 2.459e-02
2024-11-20 16:58:47,475 -                train: [    INFO] - Valid: 49 [   0/104]  Loss: 0.4024 (0.402)  Acc@1: 85.4167 (85.4167)  Acc@5: 98.9583 (98.9583)
2024-11-20 16:58:53,684 -                train: [    INFO] - Valid: 49 [ 104/104]  Loss: 0.7234 (0.444)  Acc@1: 81.2500 (86.1400)  Acc@5: 100.0000 (99.2800)
2024-11-20 16:58:53,717 -                train: [    INFO] - valid_acc 86.140002 - best_valid_acc 89.310003
2024-11-20 16:58:54,172 -                train: [    INFO] - Train: 50 [   0/520]  Loss: 0.5603 (0.560)  Acc@1: 85.4167 (85.4167)  Acc@5: 100.0000 (100.0000)LR: 2.457e-02
2024-11-20 16:59:40,032 -                train: [    INFO] - Train: 50 [ 200/520]  Loss: 0.5273 (0.557)  Acc@1: 85.4167 (86.2148)  Acc@5: 100.0000 (99.3885)LR: 2.457e-02
2024-11-20 17:00:25,980 -                train: [    INFO] - Train: 50 [ 400/520]  Loss: 0.5033 (0.572)  Acc@1: 86.4583 (85.8920)  Acc@5: 98.9583 (99.3194)LR: 2.457e-02
2024-11-20 17:00:53,358 -                train: [    INFO] - Train: 50 [ 520/520]  Loss: 0.4970 (0.574)  Acc@1: 86.2500 (85.8180)  Acc@5: 100.0000 (99.3200)LR: 2.457e-02
2024-11-20 17:00:53,651 -                train: [    INFO] - Valid: 50 [   0/104]  Loss: 0.5136 (0.514)  Acc@1: 83.3333 (83.3333)  Acc@5: 98.9583 (98.9583)
2024-11-20 17:00:59,786 -                train: [    INFO] - Valid: 50 [ 104/104]  Loss: 0.5610 (0.440)  Acc@1: 81.2500 (86.0900)  Acc@5: 100.0000 (99.4100)
2024-11-20 17:00:59,821 -                train: [    INFO] - valid_acc 86.090003 - best_valid_acc 89.310003
2024-11-20 17:01:00,305 -                train: [    INFO] - Train: 51 [   0/520]  Loss: 0.5438 (0.544)  Acc@1: 86.4583 (86.4583)  Acc@5: 100.0000 (100.0000)LR: 2.456e-02
2024-11-20 17:01:46,424 -                train: [    INFO] - Train: 51 [ 200/520]  Loss: 0.3994 (0.565)  Acc@1: 91.6667 (86.3910)  Acc@5: 100.0000 (99.2589)LR: 2.456e-02
2024-11-20 17:02:32,580 -                train: [    INFO] - Train: 51 [ 400/520]  Loss: 0.8454 (0.569)  Acc@1: 79.1667 (86.1544)  Acc@5: 100.0000 (99.3610)LR: 2.456e-02
2024-11-20 17:03:00,075 -                train: [    INFO] - Train: 51 [ 520/520]  Loss: 0.4513 (0.568)  Acc@1: 87.5000 (86.1440)  Acc@5: 100.0000 (99.3680)LR: 2.456e-02
2024-11-20 17:03:00,329 -                train: [    INFO] - Valid: 51 [   0/104]  Loss: 0.2135 (0.214)  Acc@1: 91.6667 (91.6667)  Acc@5: 100.0000 (100.0000)
2024-11-20 17:03:06,474 -                train: [    INFO] - Valid: 51 [ 104/104]  Loss: 0.3194 (0.334)  Acc@1: 81.2500 (88.4600)  Acc@5: 100.0000 (99.5800)
2024-11-20 17:03:06,502 -                train: [    INFO] - valid_acc 88.460003 - best_valid_acc 89.310003
2024-11-20 17:03:06,936 -                train: [    INFO] - Train: 52 [   0/520]  Loss: 0.3873 (0.387)  Acc@1: 90.6250 (90.6250)  Acc@5: 98.9583 (98.9583)LR: 2.454e-02
2024-11-20 17:03:52,553 -                train: [    INFO] - Train: 52 [ 200/520]  Loss: 0.5165 (0.562)  Acc@1: 86.4583 (85.9608)  Acc@5: 100.0000 (99.3988)LR: 2.454e-02
2024-11-20 17:04:38,400 -                train: [    INFO] - Train: 52 [ 400/520]  Loss: 0.5153 (0.572)  Acc@1: 89.5833 (85.8271)  Acc@5: 100.0000 (99.3636)LR: 2.454e-02
2024-11-20 17:05:06,056 -                train: [    INFO] - Train: 52 [ 520/520]  Loss: 0.7718 (0.572)  Acc@1: 82.5000 (85.9080)  Acc@5: 95.0000 (99.3460)LR: 2.454e-02
2024-11-20 17:05:06,300 -                train: [    INFO] - Valid: 52 [   0/104]  Loss: 0.3833 (0.383)  Acc@1: 88.5417 (88.5417)  Acc@5: 98.9583 (98.9583)
2024-11-20 17:05:12,484 -                train: [    INFO] - Valid: 52 [ 104/104]  Loss: 0.4518 (0.380)  Acc@1: 93.7500 (87.7400)  Acc@5: 100.0000 (99.5300)
2024-11-20 17:05:12,518 -                train: [    INFO] - valid_acc 87.740003 - best_valid_acc 89.310003
2024-11-20 17:05:12,964 -                train: [    INFO] - Train: 53 [   0/520]  Loss: 0.5884 (0.588)  Acc@1: 83.3333 (83.3333)  Acc@5: 97.9167 (97.9167)LR: 2.452e-02
2024-11-20 17:05:58,595 -                train: [    INFO] - Train: 53 [ 200/520]  Loss: 0.7877 (0.564)  Acc@1: 79.1667 (86.1733)  Acc@5: 98.9583 (99.4248)LR: 2.452e-02
2024-11-20 17:06:44,751 -                train: [    INFO] - Train: 53 [ 400/520]  Loss: 0.6860 (0.562)  Acc@1: 87.5000 (86.1440)  Acc@5: 100.0000 (99.4155)LR: 2.452e-02
2024-11-20 17:07:12,165 -                train: [    INFO] - Train: 53 [ 520/520]  Loss: 0.5265 (0.567)  Acc@1: 90.0000 (86.0420)  Acc@5: 100.0000 (99.3880)LR: 2.452e-02
2024-11-20 17:07:12,523 -                train: [    INFO] - Valid: 53 [   0/104]  Loss: 0.3675 (0.368)  Acc@1: 89.5833 (89.5833)  Acc@5: 100.0000 (100.0000)
2024-11-20 17:07:18,676 -                train: [    INFO] - Valid: 53 [ 104/104]  Loss: 0.2519 (0.346)  Acc@1: 87.5000 (88.3900)  Acc@5: 100.0000 (99.5700)
2024-11-20 17:07:18,711 -                train: [    INFO] - valid_acc 88.390003 - best_valid_acc 89.310003
2024-11-20 17:07:19,165 -                train: [    INFO] - Train: 54 [   0/520]  Loss: 0.3225 (0.322)  Acc@1: 95.8333 (95.8333)  Acc@5: 100.0000 (100.0000)LR: 2.450e-02
2024-11-20 17:08:05,289 -                train: [    INFO] - Train: 54 [ 200/520]  Loss: 0.4059 (0.552)  Acc@1: 92.7083 (86.5050)  Acc@5: 98.9583 (99.3677)LR: 2.450e-02
2024-11-20 17:08:51,366 -                train: [    INFO] - Train: 54 [ 400/520]  Loss: 0.8048 (0.555)  Acc@1: 79.1667 (86.4142)  Acc@5: 100.0000 (99.3090)LR: 2.450e-02
2024-11-20 17:09:18,920 -                train: [    INFO] - Train: 54 [ 520/520]  Loss: 0.5815 (0.561)  Acc@1: 86.2500 (86.2940)  Acc@5: 100.0000 (99.3100)LR: 2.450e-02
2024-11-20 17:09:19,187 -                train: [    INFO] - Valid: 54 [   0/104]  Loss: 0.3774 (0.377)  Acc@1: 88.5417 (88.5417)  Acc@5: 98.9583 (98.9583)
2024-11-20 17:09:25,323 -                train: [    INFO] - Valid: 54 [ 104/104]  Loss: 0.3160 (0.360)  Acc@1: 93.7500 (87.6400)  Acc@5: 93.7500 (99.6000)
2024-11-20 17:09:25,368 -                train: [    INFO] - valid_acc 87.640002 - best_valid_acc 89.310003
2024-11-20 17:09:25,782 -                train: [    INFO] - Train: 55 [   0/520]  Loss: 0.5356 (0.536)  Acc@1: 87.5000 (87.5000)  Acc@5: 98.9583 (98.9583)LR: 2.449e-02
2024-11-20 17:10:12,374 -                train: [    INFO] - Train: 55 [ 200/520]  Loss: 0.5807 (0.555)  Acc@1: 89.5833 (86.4428)  Acc@5: 97.9167 (99.3056)LR: 2.449e-02
2024-11-20 17:10:58,645 -                train: [    INFO] - Train: 55 [ 400/520]  Loss: 0.6177 (0.560)  Acc@1: 85.4167 (86.1882)  Acc@5: 100.0000 (99.3740)LR: 2.449e-02
2024-11-20 17:11:26,324 -                train: [    INFO] - Train: 55 [ 520/520]  Loss: 0.4127 (0.559)  Acc@1: 90.0000 (86.1900)  Acc@5: 98.7500 (99.3580)LR: 2.449e-02
2024-11-20 17:11:26,647 -                train: [    INFO] - Valid: 55 [   0/104]  Loss: 0.3997 (0.400)  Acc@1: 89.5833 (89.5833)  Acc@5: 98.9583 (98.9583)
2024-11-20 17:11:32,783 -                train: [    INFO] - Valid: 55 [ 104/104]  Loss: 0.2875 (0.341)  Acc@1: 87.5000 (88.9400)  Acc@5: 100.0000 (99.6600)
2024-11-20 17:11:32,816 -                train: [    INFO] - valid_acc 88.940002 - best_valid_acc 89.310003
2024-11-20 17:11:33,302 -                train: [    INFO] - Train: 56 [   0/520]  Loss: 0.3841 (0.384)  Acc@1: 91.6667 (91.6667)  Acc@5: 100.0000 (100.0000)LR: 2.447e-02
2024-11-20 17:12:19,871 -                train: [    INFO] - Train: 56 [ 200/520]  Loss: 0.7376 (0.560)  Acc@1: 81.2500 (86.3391)  Acc@5: 98.9583 (99.3988)LR: 2.447e-02
2024-11-20 17:13:07,126 -                train: [    INFO] - Train: 56 [ 400/520]  Loss: 0.6403 (0.559)  Acc@1: 82.2917 (86.3882)  Acc@5: 100.0000 (99.3921)LR: 2.447e-02
2024-11-20 17:13:34,612 -                train: [    INFO] - Train: 56 [ 520/520]  Loss: 0.7030 (0.563)  Acc@1: 86.2500 (86.3360)  Acc@5: 98.7500 (99.3380)LR: 2.447e-02
2024-11-20 17:13:34,946 -                train: [    INFO] - Valid: 56 [   0/104]  Loss: 0.3952 (0.395)  Acc@1: 83.3333 (83.3333)  Acc@5: 100.0000 (100.0000)
2024-11-20 17:13:41,115 -                train: [    INFO] - Valid: 56 [ 104/104]  Loss: 0.5594 (0.380)  Acc@1: 87.5000 (87.4500)  Acc@5: 100.0000 (99.4800)
2024-11-20 17:13:41,151 -                train: [    INFO] - valid_acc 87.450002 - best_valid_acc 89.310003
2024-11-20 17:13:41,586 -                train: [    INFO] - Train: 57 [   0/520]  Loss: 0.4777 (0.478)  Acc@1: 88.5417 (88.5417)  Acc@5: 100.0000 (100.0000)LR: 2.445e-02
2024-11-20 17:14:27,353 -                train: [    INFO] - Train: 57 [ 200/520]  Loss: 0.7738 (0.539)  Acc@1: 83.3333 (86.9921)  Acc@5: 97.9167 (99.4610)LR: 2.445e-02
2024-11-20 17:15:13,200 -                train: [    INFO] - Train: 57 [ 400/520]  Loss: 0.5480 (0.560)  Acc@1: 86.4583 (86.3674)  Acc@5: 97.9167 (99.3766)LR: 2.445e-02
2024-11-20 17:15:40,646 -                train: [    INFO] - Train: 57 [ 520/520]  Loss: 0.7453 (0.566)  Acc@1: 83.7500 (86.2000)  Acc@5: 100.0000 (99.3540)LR: 2.445e-02
2024-11-20 17:15:40,973 -                train: [    INFO] - Valid: 57 [   0/104]  Loss: 0.2629 (0.263)  Acc@1: 89.5833 (89.5833)  Acc@5: 100.0000 (100.0000)
2024-11-20 17:15:47,131 -                train: [    INFO] - Valid: 57 [ 104/104]  Loss: 0.3154 (0.354)  Acc@1: 93.7500 (88.3900)  Acc@5: 93.7500 (99.3100)
2024-11-20 17:15:47,162 -                train: [    INFO] - valid_acc 88.390002 - best_valid_acc 89.310003
2024-11-20 17:15:47,582 -                train: [    INFO] - Train: 58 [   0/520]  Loss: 0.3557 (0.356)  Acc@1: 89.5833 (89.5833)  Acc@5: 100.0000 (100.0000)LR: 2.443e-02
2024-11-20 17:16:33,415 -                train: [    INFO] - Train: 58 [ 200/520]  Loss: 0.7438 (0.554)  Acc@1: 81.2500 (86.4428)  Acc@5: 98.9583 (99.3729)LR: 2.443e-02
2024-11-20 17:17:19,356 -                train: [    INFO] - Train: 58 [ 400/520]  Loss: 0.4330 (0.559)  Acc@1: 88.5417 (86.4064)  Acc@5: 100.0000 (99.4077)LR: 2.443e-02
2024-11-20 17:17:46,876 -                train: [    INFO] - Train: 58 [ 520/520]  Loss: 0.4754 (0.558)  Acc@1: 87.5000 (86.4400)  Acc@5: 98.7500 (99.4220)LR: 2.443e-02
2024-11-20 17:17:47,187 -                train: [    INFO] - Valid: 58 [   0/104]  Loss: 0.5547 (0.555)  Acc@1: 81.2500 (81.2500)  Acc@5: 100.0000 (100.0000)
2024-11-20 17:17:53,332 -                train: [    INFO] - Valid: 58 [ 104/104]  Loss: 0.8834 (0.446)  Acc@1: 68.7500 (85.8200)  Acc@5: 93.7500 (99.3100)
2024-11-20 17:17:53,359 -                train: [    INFO] - valid_acc 85.820003 - best_valid_acc 89.310003
2024-11-20 17:17:53,789 -                train: [    INFO] - Train: 59 [   0/520]  Loss: 0.6593 (0.659)  Acc@1: 83.3333 (83.3333)  Acc@5: 100.0000 (100.0000)LR: 2.441e-02
2024-11-20 17:18:39,808 -                train: [    INFO] - Train: 59 [ 200/520]  Loss: 0.5530 (0.534)  Acc@1: 89.5833 (87.1994)  Acc@5: 97.9167 (99.4455)LR: 2.441e-02
2024-11-20 17:19:25,717 -                train: [    INFO] - Train: 59 [ 400/520]  Loss: 0.3985 (0.549)  Acc@1: 90.6250 (86.7207)  Acc@5: 100.0000 (99.4155)LR: 2.441e-02
2024-11-20 17:19:53,459 -                train: [    INFO] - Train: 59 [ 520/520]  Loss: 0.4785 (0.553)  Acc@1: 87.5000 (86.6200)  Acc@5: 100.0000 (99.4240)LR: 2.441e-02
2024-11-20 17:19:53,925 -                train: [    INFO] - Valid: 59 [   0/104]  Loss: 0.2722 (0.272)  Acc@1: 89.5833 (89.5833)  Acc@5: 100.0000 (100.0000)
2024-11-20 17:20:00,085 -                train: [    INFO] - Valid: 59 [ 104/104]  Loss: 0.3651 (0.326)  Acc@1: 81.2500 (89.2500)  Acc@5: 100.0000 (99.5600)
2024-11-20 17:20:00,125 -                train: [    INFO] - valid_acc 89.250003 - best_valid_acc 89.310003
2024-11-20 17:20:00,628 -                train: [    INFO] - Train: 60 [   0/520]  Loss: 0.4010 (0.401)  Acc@1: 92.7083 (92.7083)  Acc@5: 98.9583 (98.9583)LR: 2.439e-02
2024-11-20 17:20:47,250 -                train: [    INFO] - Train: 60 [ 200/520]  Loss: 0.5439 (0.549)  Acc@1: 87.5000 (86.4894)  Acc@5: 98.9583 (99.3574)LR: 2.439e-02
2024-11-20 17:21:33,260 -                train: [    INFO] - Train: 60 [ 400/520]  Loss: 0.5850 (0.549)  Acc@1: 82.2917 (86.5077)  Acc@5: 98.9583 (99.3844)LR: 2.439e-02
2024-11-20 17:22:00,827 -                train: [    INFO] - Train: 60 [ 520/520]  Loss: 0.3830 (0.559)  Acc@1: 90.0000 (86.2700)  Acc@5: 100.0000 (99.3520)LR: 2.439e-02
2024-11-20 17:22:01,138 -                train: [    INFO] - Valid: 60 [   0/104]  Loss: 0.4959 (0.496)  Acc@1: 83.3333 (83.3333)  Acc@5: 98.9583 (98.9583)
2024-11-20 17:22:07,274 -                train: [    INFO] - Valid: 60 [ 104/104]  Loss: 0.5121 (0.342)  Acc@1: 81.2500 (88.7700)  Acc@5: 100.0000 (99.4800)
2024-11-20 17:22:07,307 -                train: [    INFO] - valid_acc 88.770003 - best_valid_acc 89.310003
2024-11-20 17:22:07,725 -                train: [    INFO] - Train: 61 [   0/520]  Loss: 0.2722 (0.272)  Acc@1: 92.7083 (92.7083)  Acc@5: 100.0000 (100.0000)LR: 2.437e-02
2024-11-20 17:22:53,575 -                train: [    INFO] - Train: 61 [ 200/520]  Loss: 0.3637 (0.550)  Acc@1: 91.6667 (86.6915)  Acc@5: 100.0000 (99.4040)LR: 2.437e-02
2024-11-20 17:23:39,259 -                train: [    INFO] - Train: 61 [ 400/520]  Loss: 0.5295 (0.550)  Acc@1: 85.4167 (86.6532)  Acc@5: 100.0000 (99.4129)LR: 2.437e-02
2024-11-20 17:24:06,870 -                train: [    INFO] - Train: 61 [ 520/520]  Loss: 0.6367 (0.551)  Acc@1: 85.0000 (86.5900)  Acc@5: 98.7500 (99.4180)LR: 2.437e-02
2024-11-20 17:24:07,117 -                train: [    INFO] - Valid: 61 [   0/104]  Loss: 0.5408 (0.541)  Acc@1: 81.2500 (81.2500)  Acc@5: 98.9583 (98.9583)
2024-11-20 17:24:13,254 -                train: [    INFO] - Valid: 61 [ 104/104]  Loss: 0.5717 (0.462)  Acc@1: 81.2500 (86.0100)  Acc@5: 100.0000 (98.8700)
2024-11-20 17:24:13,289 -                train: [    INFO] - valid_acc 86.010003 - best_valid_acc 89.310003
2024-11-20 17:24:13,818 -                train: [    INFO] - Train: 62 [   0/520]  Loss: 0.4309 (0.431)  Acc@1: 88.5417 (88.5417)  Acc@5: 100.0000 (100.0000)LR: 2.435e-02
2024-11-20 17:24:59,784 -                train: [    INFO] - Train: 62 [ 200/520]  Loss: 0.6958 (0.530)  Acc@1: 84.3750 (86.9040)  Acc@5: 98.9583 (99.4040)LR: 2.435e-02
2024-11-20 17:25:45,703 -                train: [    INFO] - Train: 62 [ 400/520]  Loss: 0.4982 (0.544)  Acc@1: 85.4167 (86.5960)  Acc@5: 100.0000 (99.3999)LR: 2.435e-02
2024-11-20 17:26:13,379 -                train: [    INFO] - Train: 62 [ 520/520]  Loss: 0.6576 (0.550)  Acc@1: 82.5000 (86.4620)  Acc@5: 98.7500 (99.4080)LR: 2.435e-02
2024-11-20 17:26:13,629 -                train: [    INFO] - Valid: 62 [   0/104]  Loss: 0.3437 (0.344)  Acc@1: 88.5417 (88.5417)  Acc@5: 98.9583 (98.9583)
2024-11-20 17:26:19,763 -                train: [    INFO] - Valid: 62 [ 104/104]  Loss: 0.4104 (0.302)  Acc@1: 87.5000 (90.4200)  Acc@5: 100.0000 (99.5600)
2024-11-20 17:26:20,251 -                train: [    INFO] - valid_acc 90.420002 - best_valid_acc 90.420002
2024-11-20 17:26:20,740 -                train: [    INFO] - Train: 63 [   0/520]  Loss: 0.4951 (0.495)  Acc@1: 88.5417 (88.5417)  Acc@5: 100.0000 (100.0000)LR: 2.433e-02
2024-11-20 17:27:07,930 -                train: [    INFO] - Train: 63 [ 200/520]  Loss: 0.3597 (0.558)  Acc@1: 88.5417 (86.4324)  Acc@5: 100.0000 (99.4507)LR: 2.433e-02
2024-11-20 17:27:54,406 -                train: [    INFO] - Train: 63 [ 400/520]  Loss: 0.4352 (0.551)  Acc@1: 87.5000 (86.5648)  Acc@5: 100.0000 (99.4389)LR: 2.433e-02
2024-11-20 17:28:22,422 -                train: [    INFO] - Train: 63 [ 520/520]  Loss: 0.5070 (0.554)  Acc@1: 90.0000 (86.4400)  Acc@5: 98.7500 (99.3900)LR: 2.433e-02
2024-11-20 17:28:22,677 -                train: [    INFO] - Valid: 63 [   0/104]  Loss: 0.3491 (0.349)  Acc@1: 89.5833 (89.5833)  Acc@5: 97.9167 (97.9167)
2024-11-20 17:28:28,809 -                train: [    INFO] - Valid: 63 [ 104/104]  Loss: 0.2662 (0.398)  Acc@1: 87.5000 (86.8500)  Acc@5: 100.0000 (99.4400)
2024-11-20 17:28:28,835 -                train: [    INFO] - valid_acc 86.850002 - best_valid_acc 90.420002
2024-11-20 17:28:29,269 -                train: [    INFO] - Train: 64 [   0/520]  Loss: 0.5082 (0.508)  Acc@1: 87.5000 (87.5000)  Acc@5: 98.9583 (98.9583)LR: 2.430e-02
2024-11-20 17:29:15,852 -                train: [    INFO] - Train: 64 [ 200/520]  Loss: 0.4848 (0.545)  Acc@1: 87.5000 (86.8315)  Acc@5: 100.0000 (99.5077)LR: 2.430e-02
2024-11-20 17:30:02,911 -                train: [    INFO] - Train: 64 [ 400/520]  Loss: 0.3906 (0.550)  Acc@1: 85.4167 (86.5882)  Acc@5: 100.0000 (99.4337)LR: 2.430e-02
2024-11-20 17:30:30,545 -                train: [    INFO] - Train: 64 [ 520/520]  Loss: 0.5646 (0.548)  Acc@1: 85.0000 (86.6080)  Acc@5: 100.0000 (99.4540)LR: 2.430e-02
2024-11-20 17:30:30,850 -                train: [    INFO] - Valid: 64 [   0/104]  Loss: 0.3493 (0.349)  Acc@1: 89.5833 (89.5833)  Acc@5: 100.0000 (100.0000)
2024-11-20 17:30:37,135 -                train: [    INFO] - Valid: 64 [ 104/104]  Loss: 0.3973 (0.311)  Acc@1: 87.5000 (89.8000)  Acc@5: 100.0000 (99.6600)
2024-11-20 17:30:37,172 -                train: [    INFO] - valid_acc 89.800003 - best_valid_acc 90.420002
2024-11-20 17:30:37,586 -                train: [    INFO] - Train: 65 [   0/520]  Loss: 0.5887 (0.589)  Acc@1: 85.4167 (85.4167)  Acc@5: 100.0000 (100.0000)LR: 2.428e-02
2024-11-20 17:31:23,410 -                train: [    INFO] - Train: 65 [ 200/520]  Loss: 0.5835 (0.549)  Acc@1: 88.5417 (86.8677)  Acc@5: 100.0000 (99.4040)LR: 2.428e-02
2024-11-20 17:32:09,349 -                train: [    INFO] - Train: 65 [ 400/520]  Loss: 0.4797 (0.549)  Acc@1: 87.5000 (86.8090)  Acc@5: 100.0000 (99.4051)LR: 2.428e-02
2024-11-20 17:32:36,675 -                train: [    INFO] - Train: 65 [ 520/520]  Loss: 0.3840 (0.546)  Acc@1: 90.0000 (86.8360)  Acc@5: 100.0000 (99.3940)LR: 2.428e-02
2024-11-20 17:32:37,019 -                train: [    INFO] - Valid: 65 [   0/104]  Loss: 0.3305 (0.331)  Acc@1: 89.5833 (89.5833)  Acc@5: 97.9167 (97.9167)
2024-11-20 17:32:43,161 -                train: [    INFO] - Valid: 65 [ 104/104]  Loss: 0.2234 (0.298)  Acc@1: 93.7500 (89.8600)  Acc@5: 100.0000 (99.6300)
2024-11-20 17:32:43,222 -                train: [    INFO] - valid_acc 89.860003 - best_valid_acc 90.420002
2024-11-20 17:32:43,650 -                train: [    INFO] - Train: 66 [   0/520]  Loss: 0.3681 (0.368)  Acc@1: 88.5417 (88.5417)  Acc@5: 100.0000 (100.0000)LR: 2.426e-02
2024-11-20 17:33:30,700 -                train: [    INFO] - Train: 66 [ 200/520]  Loss: 0.6469 (0.550)  Acc@1: 86.4583 (86.7278)  Acc@5: 97.9167 (99.3833)LR: 2.426e-02
2024-11-20 17:34:17,277 -                train: [    INFO] - Train: 66 [ 400/520]  Loss: 0.6935 (0.544)  Acc@1: 73.9583 (86.7415)  Acc@5: 100.0000 (99.4181)LR: 2.426e-02
2024-11-20 17:34:44,831 -                train: [    INFO] - Train: 66 [ 520/520]  Loss: 0.7879 (0.550)  Acc@1: 80.0000 (86.5960)  Acc@5: 98.7500 (99.4120)LR: 2.426e-02
2024-11-20 17:34:45,128 -                train: [    INFO] - Valid: 66 [   0/104]  Loss: 0.2968 (0.297)  Acc@1: 90.6250 (90.6250)  Acc@5: 100.0000 (100.0000)
2024-11-20 17:34:51,337 -                train: [    INFO] - Valid: 66 [ 104/104]  Loss: 0.3584 (0.327)  Acc@1: 87.5000 (89.2100)  Acc@5: 100.0000 (99.5800)
2024-11-20 17:34:51,371 -                train: [    INFO] - valid_acc 89.210003 - best_valid_acc 90.420002
2024-11-20 17:34:51,876 -                train: [    INFO] - Train: 67 [   0/520]  Loss: 0.4544 (0.454)  Acc@1: 92.7083 (92.7083)  Acc@5: 100.0000 (100.0000)LR: 2.424e-02
2024-11-20 17:35:38,436 -                train: [    INFO] - Train: 67 [ 200/520]  Loss: 0.4703 (0.525)  Acc@1: 87.5000 (87.2979)  Acc@5: 100.0000 (99.3418)LR: 2.424e-02
2024-11-20 17:36:24,676 -                train: [    INFO] - Train: 67 [ 400/520]  Loss: 0.7424 (0.532)  Acc@1: 78.1250 (87.0896)  Acc@5: 100.0000 (99.4129)LR: 2.424e-02
2024-11-20 17:36:52,217 -                train: [    INFO] - Train: 67 [ 520/520]  Loss: 0.5826 (0.538)  Acc@1: 86.2500 (86.9240)  Acc@5: 100.0000 (99.4080)LR: 2.424e-02
2024-11-20 17:36:52,520 -                train: [    INFO] - Valid: 67 [   0/104]  Loss: 0.4548 (0.455)  Acc@1: 87.5000 (87.5000)  Acc@5: 98.9583 (98.9583)
2024-11-20 17:36:58,654 -                train: [    INFO] - Valid: 67 [ 104/104]  Loss: 0.2960 (0.427)  Acc@1: 87.5000 (85.9200)  Acc@5: 100.0000 (99.5700)
2024-11-20 17:36:58,682 -                train: [    INFO] - valid_acc 85.920002 - best_valid_acc 90.420002
2024-11-20 17:36:59,117 -                train: [    INFO] - Train: 68 [   0/520]  Loss: 0.3168 (0.317)  Acc@1: 92.7083 (92.7083)  Acc@5: 100.0000 (100.0000)LR: 2.422e-02
2024-11-20 17:37:46,205 -                train: [    INFO] - Train: 68 [ 200/520]  Loss: 0.4676 (0.525)  Acc@1: 89.5833 (87.0958)  Acc@5: 100.0000 (99.4662)LR: 2.422e-02
2024-11-20 17:38:32,969 -                train: [    INFO] - Train: 68 [ 400/520]  Loss: 0.7129 (0.541)  Acc@1: 80.2083 (86.7337)  Acc@5: 98.9583 (99.4129)LR: 2.422e-02
2024-11-20 17:39:00,810 -                train: [    INFO] - Train: 68 [ 520/520]  Loss: 0.5284 (0.546)  Acc@1: 87.5000 (86.6920)  Acc@5: 98.7500 (99.4080)LR: 2.422e-02
2024-11-20 17:39:01,122 -                train: [    INFO] - Valid: 68 [   0/104]  Loss: 0.3279 (0.328)  Acc@1: 91.6667 (91.6667)  Acc@5: 96.8750 (96.8750)
2024-11-20 17:39:07,282 -                train: [    INFO] - Valid: 68 [ 104/104]  Loss: 0.3443 (0.464)  Acc@1: 93.7500 (85.1900)  Acc@5: 100.0000 (99.2000)
2024-11-20 17:39:07,308 -                train: [    INFO] - valid_acc 85.190003 - best_valid_acc 90.420002
2024-11-20 17:39:07,713 -                train: [    INFO] - Train: 69 [   0/520]  Loss: 0.5993 (0.599)  Acc@1: 87.5000 (87.5000)  Acc@5: 100.0000 (100.0000)LR: 2.419e-02
2024-11-20 17:39:55,993 -                train: [    INFO] - Train: 69 [ 200/520]  Loss: 0.4566 (0.535)  Acc@1: 89.5833 (86.8781)  Acc@5: 100.0000 (99.4507)LR: 2.419e-02
2024-11-20 17:40:44,070 -                train: [    INFO] - Train: 69 [ 400/520]  Loss: 0.3772 (0.536)  Acc@1: 91.6667 (86.7986)  Acc@5: 100.0000 (99.4727)LR: 2.419e-02
2024-11-20 17:41:12,475 -                train: [    INFO] - Train: 69 [ 520/520]  Loss: 0.7538 (0.541)  Acc@1: 83.7500 (86.6840)  Acc@5: 97.5000 (99.4740)LR: 2.419e-02
2024-11-20 17:41:12,768 -                train: [    INFO] - Valid: 69 [   0/104]  Loss: 0.4921 (0.492)  Acc@1: 85.4167 (85.4167)  Acc@5: 100.0000 (100.0000)
2024-11-20 17:41:18,922 -                train: [    INFO] - Valid: 69 [ 104/104]  Loss: 0.05212 (0.400)  Acc@1: 100.0000 (87.0000)  Acc@5: 100.0000 (99.2300)
2024-11-20 17:41:18,948 -                train: [    INFO] - valid_acc 87.000003 - best_valid_acc 90.420002
2024-11-20 17:41:19,429 -                train: [    INFO] - Train: 70 [   0/520]  Loss: 0.6161 (0.616)  Acc@1: 86.4583 (86.4583)  Acc@5: 98.9583 (98.9583)LR: 2.417e-02
2024-11-20 17:42:05,761 -                train: [    INFO] - Train: 70 [ 200/520]  Loss: 0.5460 (0.526)  Acc@1: 88.5417 (87.0647)  Acc@5: 98.9583 (99.4818)LR: 2.417e-02
2024-11-20 17:42:52,252 -                train: [    INFO] - Train: 70 [ 400/520]  Loss: 0.6009 (0.536)  Acc@1: 87.5000 (87.0168)  Acc@5: 98.9583 (99.3999)LR: 2.417e-02
2024-11-20 17:43:19,724 -                train: [    INFO] - Train: 70 [ 520/520]  Loss: 0.7034 (0.535)  Acc@1: 86.2500 (87.0280)  Acc@5: 100.0000 (99.4160)LR: 2.417e-02
2024-11-20 17:43:20,334 -                train: [    INFO] - Valid: 70 [   0/104]  Loss: 0.3021 (0.302)  Acc@1: 88.5417 (88.5417)  Acc@5: 100.0000 (100.0000)
2024-11-20 17:43:26,491 -                train: [    INFO] - Valid: 70 [ 104/104]  Loss: 0.3470 (0.327)  Acc@1: 87.5000 (89.1400)  Acc@5: 100.0000 (99.5200)
2024-11-20 17:43:26,518 -                train: [    INFO] - valid_acc 89.140002 - best_valid_acc 90.420002
2024-11-20 17:43:26,932 -                train: [    INFO] - Train: 71 [   0/520]  Loss: 0.4797 (0.480)  Acc@1: 87.5000 (87.5000)  Acc@5: 100.0000 (100.0000)LR: 2.415e-02
2024-11-20 17:44:12,760 -                train: [    INFO] - Train: 71 [ 200/520]  Loss: 0.5383 (0.538)  Acc@1: 87.5000 (86.7796)  Acc@5: 100.0000 (99.4248)LR: 2.415e-02
2024-11-20 17:44:58,385 -                train: [    INFO] - Train: 71 [ 400/520]  Loss: 0.6320 (0.541)  Acc@1: 82.2917 (86.7908)  Acc@5: 98.9583 (99.4519)LR: 2.415e-02
2024-11-20 17:45:26,009 -                train: [    INFO] - Train: 71 [ 520/520]  Loss: 0.7007 (0.539)  Acc@1: 78.7500 (86.8660)  Acc@5: 100.0000 (99.4300)LR: 2.415e-02
2024-11-20 17:45:26,289 -                train: [    INFO] - Valid: 71 [   0/104]  Loss: 0.3293 (0.329)  Acc@1: 88.5417 (88.5417)  Acc@5: 100.0000 (100.0000)
2024-11-20 17:45:32,464 -                train: [    INFO] - Valid: 71 [ 104/104]  Loss: 0.2866 (0.310)  Acc@1: 87.5000 (89.8500)  Acc@5: 100.0000 (99.6400)
2024-11-20 17:45:32,491 -                train: [    INFO] - valid_acc 89.850002 - best_valid_acc 90.420002
2024-11-20 17:45:32,962 -                train: [    INFO] - Train: 72 [   0/520]  Loss: 0.3970 (0.397)  Acc@1: 87.5000 (87.5000)  Acc@5: 100.0000 (100.0000)LR: 2.412e-02
2024-11-20 17:46:20,267 -                train: [    INFO] - Train: 72 [ 200/520]  Loss: 0.7022 (0.533)  Acc@1: 85.4167 (86.9299)  Acc@5: 100.0000 (99.4662)LR: 2.412e-02
2024-11-20 17:47:07,037 -                train: [    INFO] - Train: 72 [ 400/520]  Loss: 0.3800 (0.535)  Acc@1: 91.6667 (86.9389)  Acc@5: 98.9583 (99.4337)LR: 2.412e-02
2024-11-20 17:47:34,837 -                train: [    INFO] - Train: 72 [ 520/520]  Loss: 0.7092 (0.532)  Acc@1: 83.7500 (86.9800)  Acc@5: 98.7500 (99.4560)LR: 2.412e-02
2024-11-20 17:47:35,092 -                train: [    INFO] - Valid: 72 [   0/104]  Loss: 0.3603 (0.360)  Acc@1: 86.4583 (86.4583)  Acc@5: 98.9583 (98.9583)
2024-11-20 17:47:41,223 -                train: [    INFO] - Valid: 72 [ 104/104]  Loss: 0.2396 (0.340)  Acc@1: 93.7500 (88.9800)  Acc@5: 100.0000 (99.5600)
2024-11-20 17:47:41,260 -                train: [    INFO] - valid_acc 88.980003 - best_valid_acc 90.420002
2024-11-20 17:47:41,795 -                train: [    INFO] - Train: 73 [   0/520]  Loss: 0.5921 (0.592)  Acc@1: 83.3333 (83.3333)  Acc@5: 98.9583 (98.9583)LR: 2.410e-02
2024-11-20 17:48:27,682 -                train: [    INFO] - Train: 73 [ 200/520]  Loss: 0.5621 (0.519)  Acc@1: 82.2917 (87.4378)  Acc@5: 100.0000 (99.4507)LR: 2.410e-02
2024-11-20 17:49:13,758 -                train: [    INFO] - Train: 73 [ 400/520]  Loss: 0.4162 (0.530)  Acc@1: 86.4583 (87.1052)  Acc@5: 100.0000 (99.4519)LR: 2.410e-02
2024-11-20 17:49:41,114 -                train: [    INFO] - Train: 73 [ 520/520]  Loss: 0.4336 (0.530)  Acc@1: 87.5000 (87.1080)  Acc@5: 100.0000 (99.4800)LR: 2.410e-02
2024-11-20 17:49:41,382 -                train: [    INFO] - Valid: 73 [   0/104]  Loss: 0.3400 (0.340)  Acc@1: 90.6250 (90.6250)  Acc@5: 100.0000 (100.0000)
2024-11-20 17:49:47,590 -                train: [    INFO] - Valid: 73 [ 104/104]  Loss: 0.3493 (0.330)  Acc@1: 81.2500 (89.1400)  Acc@5: 100.0000 (99.4000)
2024-11-20 17:49:47,615 -                train: [    INFO] - valid_acc 89.140003 - best_valid_acc 90.420002
2024-11-20 17:49:48,072 -                train: [    INFO] - Train: 74 [   0/520]  Loss: 0.3776 (0.378)  Acc@1: 91.6667 (91.6667)  Acc@5: 100.0000 (100.0000)LR: 2.407e-02
2024-11-20 17:50:33,988 -                train: [    INFO] - Train: 74 [ 200/520]  Loss: 0.5516 (0.532)  Acc@1: 86.4583 (87.0958)  Acc@5: 98.9583 (99.5025)LR: 2.407e-02
2024-11-20 17:51:19,706 -                train: [    INFO] - Train: 74 [ 400/520]  Loss: 0.3851 (0.525)  Acc@1: 89.5833 (87.2714)  Acc@5: 100.0000 (99.4493)LR: 2.407e-02
2024-11-20 17:51:47,099 -                train: [    INFO] - Train: 74 [ 520/520]  Loss: 0.9215 (0.532)  Acc@1: 77.5000 (87.0020)  Acc@5: 97.5000 (99.4360)LR: 2.407e-02
2024-11-20 17:51:47,346 -                train: [    INFO] - Valid: 74 [   0/104]  Loss: 0.2268 (0.227)  Acc@1: 89.5833 (89.5833)  Acc@5: 100.0000 (100.0000)
2024-11-20 17:51:53,502 -                train: [    INFO] - Valid: 74 [ 104/104]  Loss: 0.09575 (0.312)  Acc@1: 100.0000 (89.8300)  Acc@5: 100.0000 (99.4900)
2024-11-20 17:51:53,536 -                train: [    INFO] - valid_acc 89.830002 - best_valid_acc 90.420002
2024-11-20 17:51:54,006 -                train: [    INFO] - Train: 75 [   0/520]  Loss: 0.5169 (0.517)  Acc@1: 85.4167 (85.4167)  Acc@5: 100.0000 (100.0000)LR: 2.405e-02
2024-11-20 17:52:39,808 -                train: [    INFO] - Train: 75 [ 200/520]  Loss: 0.4786 (0.518)  Acc@1: 85.4167 (87.1372)  Acc@5: 100.0000 (99.4766)LR: 2.405e-02
2024-11-20 17:53:25,680 -                train: [    INFO] - Train: 75 [ 400/520]  Loss: 0.7209 (0.520)  Acc@1: 81.2500 (87.1779)  Acc@5: 98.9583 (99.4675)LR: 2.405e-02
2024-11-20 17:53:52,955 -                train: [    INFO] - Train: 75 [ 520/520]  Loss: 0.3573 (0.523)  Acc@1: 92.5000 (87.1620)  Acc@5: 98.7500 (99.4580)LR: 2.405e-02
2024-11-20 17:53:53,201 -                train: [    INFO] - Valid: 75 [   0/104]  Loss: 0.4122 (0.412)  Acc@1: 84.3750 (84.3750)  Acc@5: 97.9167 (97.9167)
2024-11-20 17:53:59,350 -                train: [    INFO] - Valid: 75 [ 104/104]  Loss: 0.2784 (0.464)  Acc@1: 87.5000 (85.3900)  Acc@5: 100.0000 (98.8600)
2024-11-20 17:53:59,376 -                train: [    INFO] - valid_acc 85.390002 - best_valid_acc 90.420002
2024-11-20 17:53:59,800 -                train: [    INFO] - Train: 76 [   0/520]  Loss: 0.5199 (0.520)  Acc@1: 85.4167 (85.4167)  Acc@5: 100.0000 (100.0000)LR: 2.402e-02
2024-11-20 17:54:46,959 -                train: [    INFO] - Train: 76 [ 200/520]  Loss: 0.5224 (0.516)  Acc@1: 86.4583 (87.3808)  Acc@5: 100.0000 (99.5180)LR: 2.402e-02
2024-11-20 17:55:33,098 -                train: [    INFO] - Train: 76 [ 400/520]  Loss: 0.4526 (0.520)  Acc@1: 89.5833 (87.2246)  Acc@5: 98.9583 (99.4909)LR: 2.402e-02
2024-11-20 17:56:00,503 -                train: [    INFO] - Train: 76 [ 520/520]  Loss: 0.4982 (0.528)  Acc@1: 86.2500 (87.0200)  Acc@5: 100.0000 (99.4660)LR: 2.402e-02
2024-11-20 17:56:00,788 -                train: [    INFO] - Valid: 76 [   0/104]  Loss: 0.2114 (0.211)  Acc@1: 90.6250 (90.6250)  Acc@5: 100.0000 (100.0000)
2024-11-20 17:56:06,943 -                train: [    INFO] - Valid: 76 [ 104/104]  Loss: 0.1043 (0.280)  Acc@1: 100.0000 (90.4900)  Acc@5: 100.0000 (99.5700)
2024-11-20 17:56:09,739 -                train: [    INFO] - valid_acc 90.490002 - best_valid_acc 90.490002
2024-11-20 17:56:10,155 -                train: [    INFO] - Train: 77 [   0/520]  Loss: 0.5428 (0.543)  Acc@1: 85.4167 (85.4167)  Acc@5: 100.0000 (100.0000)LR: 2.400e-02
2024-11-20 17:56:57,071 -                train: [    INFO] - Train: 77 [ 200/520]  Loss: 0.3541 (0.516)  Acc@1: 92.7083 (87.4067)  Acc@5: 98.9583 (99.4869)LR: 2.400e-02
2024-11-20 17:57:43,170 -                train: [    INFO] - Train: 77 [ 400/520]  Loss: 0.6447 (0.525)  Acc@1: 84.3750 (87.2272)  Acc@5: 97.9167 (99.4675)LR: 2.400e-02
2024-11-20 17:58:10,652 -                train: [    INFO] - Train: 77 [ 520/520]  Loss: 0.4625 (0.522)  Acc@1: 87.5000 (87.2640)  Acc@5: 100.0000 (99.4680)LR: 2.400e-02
2024-11-20 17:58:10,937 -                train: [    INFO] - Valid: 77 [   0/104]  Loss: 0.4488 (0.449)  Acc@1: 84.3750 (84.3750)  Acc@5: 100.0000 (100.0000)
2024-11-20 17:58:17,155 -                train: [    INFO] - Valid: 77 [ 104/104]  Loss: 0.6092 (0.438)  Acc@1: 81.2500 (86.5700)  Acc@5: 100.0000 (99.4500)
2024-11-20 17:58:17,184 -                train: [    INFO] - valid_acc 86.570003 - best_valid_acc 90.490002
2024-11-20 17:58:17,593 -                train: [    INFO] - Train: 78 [   0/520]  Loss: 0.4987 (0.499)  Acc@1: 88.5417 (88.5417)  Acc@5: 98.9583 (98.9583)LR: 2.397e-02
2024-11-20 17:59:03,415 -                train: [    INFO] - Train: 78 [ 200/520]  Loss: 0.8352 (0.522)  Acc@1: 82.2917 (87.4896)  Acc@5: 98.9583 (99.4973)LR: 2.397e-02
2024-11-20 17:59:49,083 -                train: [    INFO] - Train: 78 [ 400/520]  Loss: 0.6826 (0.532)  Acc@1: 82.2917 (87.0818)  Acc@5: 98.9583 (99.4415)LR: 2.397e-02
2024-11-20 18:00:16,640 -                train: [    INFO] - Train: 78 [ 520/520]  Loss: 0.3355 (0.531)  Acc@1: 93.7500 (87.1040)  Acc@5: 100.0000 (99.4400)LR: 2.397e-02
2024-11-20 18:00:16,914 -                train: [    INFO] - Valid: 78 [   0/104]  Loss: 0.4352 (0.435)  Acc@1: 86.4583 (86.4583)  Acc@5: 100.0000 (100.0000)
2024-11-20 18:00:23,064 -                train: [    INFO] - Valid: 78 [ 104/104]  Loss: 0.6633 (0.398)  Acc@1: 75.0000 (87.2000)  Acc@5: 100.0000 (99.5200)
2024-11-20 18:00:23,101 -                train: [    INFO] - valid_acc 87.200003 - best_valid_acc 90.490002
2024-11-20 18:00:23,627 -                train: [    INFO] - Train: 79 [   0/520]  Loss: 0.4712 (0.471)  Acc@1: 92.7083 (92.7083)  Acc@5: 100.0000 (100.0000)LR: 2.395e-02
2024-11-20 18:01:09,688 -                train: [    INFO] - Train: 79 [ 200/520]  Loss: 0.6165 (0.524)  Acc@1: 85.4167 (87.4585)  Acc@5: 98.9583 (99.3937)LR: 2.395e-02
2024-11-20 18:01:55,468 -                train: [    INFO] - Train: 79 [ 400/520]  Loss: 0.5488 (0.524)  Acc@1: 83.3333 (87.3649)  Acc@5: 100.0000 (99.4519)LR: 2.395e-02
2024-11-20 18:02:23,114 -                train: [    INFO] - Train: 79 [ 520/520]  Loss: 0.4812 (0.530)  Acc@1: 88.7500 (87.0640)  Acc@5: 100.0000 (99.4460)LR: 2.395e-02
2024-11-20 18:02:25,982 -                train: [    INFO] - Valid: 79 [   0/104]  Loss: 0.3234 (0.323)  Acc@1: 89.5833 (89.5833)  Acc@5: 98.9583 (98.9583)
2024-11-20 18:02:32,143 -                train: [    INFO] - Valid: 79 [ 104/104]  Loss: 0.1497 (0.319)  Acc@1: 93.7500 (89.4300)  Acc@5: 100.0000 (99.6100)
2024-11-20 18:02:32,185 -                train: [    INFO] - valid_acc 89.430003 - best_valid_acc 90.490002
2024-11-20 18:02:32,660 -                train: [    INFO] - Train: 80 [   0/520]  Loss: 0.3966 (0.397)  Acc@1: 88.5417 (88.5417)  Acc@5: 100.0000 (100.0000)LR: 2.392e-02
2024-11-20 18:03:18,519 -                train: [    INFO] - Train: 80 [ 200/520]  Loss: 0.6280 (0.519)  Acc@1: 86.4583 (87.5363)  Acc@5: 97.9167 (99.3833)LR: 2.392e-02
2024-11-20 18:04:04,145 -                train: [    INFO] - Train: 80 [ 400/520]  Loss: 0.7944 (0.529)  Acc@1: 81.2500 (87.2454)  Acc@5: 97.9167 (99.4233)LR: 2.392e-02
2024-11-20 18:04:31,489 -                train: [    INFO] - Train: 80 [ 520/520]  Loss: 0.3772 (0.528)  Acc@1: 91.2500 (87.1540)  Acc@5: 100.0000 (99.4060)LR: 2.392e-02
2024-11-20 18:04:31,840 -                train: [    INFO] - Valid: 80 [   0/104]  Loss: 0.4010 (0.401)  Acc@1: 87.5000 (87.5000)  Acc@5: 100.0000 (100.0000)
2024-11-20 18:04:38,015 -                train: [    INFO] - Valid: 80 [ 104/104]  Loss: 0.2022 (0.468)  Acc@1: 93.7500 (85.1900)  Acc@5: 100.0000 (99.4700)
2024-11-20 18:04:38,078 -                train: [    INFO] - valid_acc 85.190003 - best_valid_acc 90.490002
2024-11-20 18:04:38,547 -                train: [    INFO] - Train: 81 [   0/520]  Loss: 0.5848 (0.585)  Acc@1: 84.3750 (84.3750)  Acc@5: 98.9583 (98.9583)LR: 2.389e-02
2024-11-20 18:05:24,365 -                train: [    INFO] - Train: 81 [ 200/520]  Loss: 0.5182 (0.512)  Acc@1: 88.5417 (87.5259)  Acc@5: 100.0000 (99.4662)LR: 2.389e-02
2024-11-20 18:06:10,266 -                train: [    INFO] - Train: 81 [ 400/520]  Loss: 0.5015 (0.515)  Acc@1: 87.5000 (87.3805)  Acc@5: 98.9583 (99.4805)LR: 2.389e-02
2024-11-20 18:06:37,657 -                train: [    INFO] - Train: 81 [ 520/520]  Loss: 0.5951 (0.522)  Acc@1: 87.5000 (87.1140)  Acc@5: 98.7500 (99.4640)LR: 2.389e-02
2024-11-20 18:06:37,937 -                train: [    INFO] - Valid: 81 [   0/104]  Loss: 0.3338 (0.334)  Acc@1: 90.6250 (90.6250)  Acc@5: 100.0000 (100.0000)
2024-11-20 18:06:44,118 -                train: [    INFO] - Valid: 81 [ 104/104]  Loss: 0.2764 (0.312)  Acc@1: 87.5000 (89.7800)  Acc@5: 100.0000 (99.7400)
2024-11-20 18:06:44,153 -                train: [    INFO] - valid_acc 89.780002 - best_valid_acc 90.490002
2024-11-20 18:06:44,625 -                train: [    INFO] - Train: 82 [   0/520]  Loss: 0.6296 (0.630)  Acc@1: 86.4583 (86.4583)  Acc@5: 97.9167 (97.9167)LR: 2.387e-02
2024-11-20 18:07:30,427 -                train: [    INFO] - Train: 82 [ 200/520]  Loss: 0.4502 (0.515)  Acc@1: 88.5417 (87.3653)  Acc@5: 100.0000 (99.5025)LR: 2.387e-02
2024-11-20 18:08:16,240 -                train: [    INFO] - Train: 82 [ 400/520]  Loss: 0.3283 (0.518)  Acc@1: 95.8333 (87.3753)  Acc@5: 100.0000 (99.4649)LR: 2.387e-02
2024-11-20 18:08:43,605 -                train: [    INFO] - Train: 82 [ 520/520]  Loss: 0.5656 (0.523)  Acc@1: 88.7500 (87.2680)  Acc@5: 98.7500 (99.4280)LR: 2.387e-02
2024-11-20 18:08:43,891 -                train: [    INFO] - Valid: 82 [   0/104]  Loss: 0.5840 (0.584)  Acc@1: 82.2917 (82.2917)  Acc@5: 100.0000 (100.0000)
2024-11-20 18:08:50,045 -                train: [    INFO] - Valid: 82 [ 104/104]  Loss: 0.2203 (0.491)  Acc@1: 87.5000 (84.8200)  Acc@5: 100.0000 (99.3500)
2024-11-20 18:08:50,075 -                train: [    INFO] - valid_acc 84.820002 - best_valid_acc 90.490002
2024-11-20 18:08:50,608 -                train: [    INFO] - Train: 83 [   0/520]  Loss: 0.4025 (0.402)  Acc@1: 92.7083 (92.7083)  Acc@5: 98.9583 (98.9583)LR: 2.384e-02
2024-11-20 18:09:36,264 -                train: [    INFO] - Train: 83 [ 200/520]  Loss: 0.4776 (0.515)  Acc@1: 86.4583 (87.2616)  Acc@5: 98.9583 (99.4196)LR: 2.384e-02
2024-11-20 18:10:21,991 -                train: [    INFO] - Train: 83 [ 400/520]  Loss: 0.5894 (0.514)  Acc@1: 82.2917 (87.3415)  Acc@5: 98.9583 (99.4233)LR: 2.384e-02
2024-11-20 18:10:49,198 -                train: [    INFO] - Train: 83 [ 520/520]  Loss: 0.4691 (0.516)  Acc@1: 86.2500 (87.3620)  Acc@5: 97.5000 (99.4260)LR: 2.384e-02
2024-11-20 18:10:49,473 -                train: [    INFO] - Valid: 83 [   0/104]  Loss: 0.4333 (0.433)  Acc@1: 88.5417 (88.5417)  Acc@5: 100.0000 (100.0000)
2024-11-20 18:10:55,619 -                train: [    INFO] - Valid: 83 [ 104/104]  Loss: 0.5467 (0.384)  Acc@1: 81.2500 (87.4600)  Acc@5: 100.0000 (99.4100)
2024-11-20 18:10:55,657 -                train: [    INFO] - valid_acc 87.460002 - best_valid_acc 90.490002
2024-11-20 18:10:56,144 -                train: [    INFO] - Train: 84 [   0/520]  Loss: 0.5483 (0.548)  Acc@1: 85.4167 (85.4167)  Acc@5: 100.0000 (100.0000)LR: 2.381e-02
2024-11-20 18:11:43,727 -                train: [    INFO] - Train: 84 [ 200/520]  Loss: 0.5209 (0.518)  Acc@1: 91.6667 (87.3601)  Acc@5: 100.0000 (99.4662)LR: 2.381e-02
2024-11-20 18:12:29,839 -                train: [    INFO] - Train: 84 [ 400/520]  Loss: 0.6793 (0.523)  Acc@1: 80.2083 (87.1675)  Acc@5: 100.0000 (99.4753)LR: 2.381e-02
2024-11-20 18:12:57,327 -                train: [    INFO] - Train: 84 [ 520/520]  Loss: 0.7297 (0.526)  Acc@1: 82.5000 (87.1520)  Acc@5: 98.7500 (99.4540)LR: 2.381e-02
2024-11-20 18:12:57,585 -                train: [    INFO] - Valid: 84 [   0/104]  Loss: 0.4806 (0.481)  Acc@1: 84.3750 (84.3750)  Acc@5: 100.0000 (100.0000)
2024-11-20 18:13:03,763 -                train: [    INFO] - Valid: 84 [ 104/104]  Loss: 0.2607 (0.359)  Acc@1: 81.2500 (88.4400)  Acc@5: 100.0000 (99.5300)
2024-11-20 18:13:03,802 -                train: [    INFO] - valid_acc 88.440002 - best_valid_acc 90.490002
2024-11-20 18:13:04,326 -                train: [    INFO] - Train: 85 [   0/520]  Loss: 0.4182 (0.418)  Acc@1: 91.6667 (91.6667)  Acc@5: 100.0000 (100.0000)LR: 2.378e-02
2024-11-20 18:13:50,295 -                train: [    INFO] - Train: 85 [ 200/520]  Loss: 0.5405 (0.506)  Acc@1: 87.5000 (87.5985)  Acc@5: 100.0000 (99.5699)LR: 2.378e-02
2024-11-20 18:14:36,116 -                train: [    INFO] - Train: 85 [ 400/520]  Loss: 0.5990 (0.517)  Acc@1: 82.2917 (87.3779)  Acc@5: 100.0000 (99.4961)LR: 2.378e-02
2024-11-20 18:15:03,470 -                train: [    INFO] - Train: 85 [ 520/520]  Loss: 0.4259 (0.521)  Acc@1: 93.7500 (87.2120)  Acc@5: 100.0000 (99.4700)LR: 2.378e-02
2024-11-20 18:15:03,746 -                train: [    INFO] - Valid: 85 [   0/104]  Loss: 0.4283 (0.428)  Acc@1: 86.4583 (86.4583)  Acc@5: 98.9583 (98.9583)
2024-11-20 18:15:09,881 -                train: [    INFO] - Valid: 85 [ 104/104]  Loss: 0.3709 (0.502)  Acc@1: 75.0000 (84.2100)  Acc@5: 100.0000 (99.0600)
2024-11-20 18:15:09,914 -                train: [    INFO] - valid_acc 84.210003 - best_valid_acc 90.490002
2024-11-20 18:15:10,346 -                train: [    INFO] - Train: 86 [   0/520]  Loss: 0.6457 (0.646)  Acc@1: 86.4583 (86.4583)  Acc@5: 97.9167 (97.9167)LR: 2.375e-02
2024-11-20 18:15:56,438 -                train: [    INFO] - Train: 86 [ 200/520]  Loss: 0.6463 (0.512)  Acc@1: 84.3750 (87.4326)  Acc@5: 98.9583 (99.4973)LR: 2.375e-02
2024-11-20 18:16:42,091 -                train: [    INFO] - Train: 86 [ 400/520]  Loss: 0.5217 (0.518)  Acc@1: 86.4583 (87.3130)  Acc@5: 98.9583 (99.4883)LR: 2.375e-02
2024-11-20 18:17:09,493 -                train: [    INFO] - Train: 86 [ 520/520]  Loss: 0.4630 (0.520)  Acc@1: 87.5000 (87.3020)  Acc@5: 98.7500 (99.5080)LR: 2.375e-02
2024-11-20 18:17:09,783 -                train: [    INFO] - Valid: 86 [   0/104]  Loss: 0.3280 (0.328)  Acc@1: 85.4167 (85.4167)  Acc@5: 100.0000 (100.0000)
2024-11-20 18:17:15,911 -                train: [    INFO] - Valid: 86 [ 104/104]  Loss: 0.3585 (0.387)  Acc@1: 87.5000 (87.4800)  Acc@5: 100.0000 (99.4500)
2024-11-20 18:17:15,945 -                train: [    INFO] - valid_acc 87.480002 - best_valid_acc 90.490002
2024-11-20 18:17:16,429 -                train: [    INFO] - Train: 87 [   0/520]  Loss: 0.5309 (0.531)  Acc@1: 85.4167 (85.4167)  Acc@5: 100.0000 (100.0000)LR: 2.373e-02
2024-11-20 18:18:02,232 -                train: [    INFO] - Train: 87 [ 200/520]  Loss: 0.6217 (0.508)  Acc@1: 84.3750 (87.5415)  Acc@5: 100.0000 (99.5336)LR: 2.373e-02
2024-11-20 18:18:47,896 -                train: [    INFO] - Train: 87 [ 400/520]  Loss: 0.5017 (0.524)  Acc@1: 88.5417 (87.1441)  Acc@5: 100.0000 (99.4727)LR: 2.373e-02
2024-11-20 18:19:15,448 -                train: [    INFO] - Train: 87 [ 520/520]  Loss: 0.6456 (0.524)  Acc@1: 81.2500 (87.2120)  Acc@5: 100.0000 (99.4620)LR: 2.373e-02
2024-11-20 18:19:15,722 -                train: [    INFO] - Valid: 87 [   0/104]  Loss: 0.2331 (0.233)  Acc@1: 91.6667 (91.6667)  Acc@5: 100.0000 (100.0000)
2024-11-20 18:19:21,851 -                train: [    INFO] - Valid: 87 [ 104/104]  Loss: 0.6006 (0.298)  Acc@1: 75.0000 (89.8300)  Acc@5: 100.0000 (99.8000)
2024-11-20 18:19:21,890 -                train: [    INFO] - valid_acc 89.830002 - best_valid_acc 90.490002
2024-11-20 18:19:22,360 -                train: [    INFO] - Train: 88 [   0/520]  Loss: 0.5385 (0.538)  Acc@1: 86.4583 (86.4583)  Acc@5: 98.9583 (98.9583)LR: 2.370e-02
2024-11-20 18:20:08,122 -                train: [    INFO] - Train: 88 [ 200/520]  Loss: 0.4267 (0.495)  Acc@1: 88.5417 (87.7643)  Acc@5: 100.0000 (99.5854)LR: 2.370e-02
2024-11-20 18:20:54,139 -                train: [    INFO] - Train: 88 [ 400/520]  Loss: 0.5090 (0.505)  Acc@1: 85.4167 (87.6065)  Acc@5: 100.0000 (99.5584)LR: 2.370e-02
2024-11-20 18:21:21,864 -                train: [    INFO] - Train: 88 [ 520/520]  Loss: 0.6359 (0.507)  Acc@1: 87.5000 (87.4760)  Acc@5: 98.7500 (99.5420)LR: 2.370e-02
2024-11-20 18:21:22,231 -                train: [    INFO] - Valid: 88 [   0/104]  Loss: 0.2929 (0.293)  Acc@1: 90.6250 (90.6250)  Acc@5: 100.0000 (100.0000)
2024-11-20 18:21:28,422 -                train: [    INFO] - Valid: 88 [ 104/104]  Loss: 0.3982 (0.290)  Acc@1: 87.5000 (90.2300)  Acc@5: 100.0000 (99.7000)
2024-11-20 18:21:28,462 -                train: [    INFO] - valid_acc 90.230003 - best_valid_acc 90.490002
2024-11-20 18:21:28,927 -                train: [    INFO] - Train: 89 [   0/520]  Loss: 0.5241 (0.524)  Acc@1: 86.4583 (86.4583)  Acc@5: 98.9583 (98.9583)LR: 2.367e-02
2024-11-20 18:22:14,765 -                train: [    INFO] - Train: 89 [ 200/520]  Loss: 0.5963 (0.497)  Acc@1: 85.4167 (87.7695)  Acc@5: 100.0000 (99.5077)LR: 2.367e-02
2024-11-20 18:23:01,085 -                train: [    INFO] - Train: 89 [ 400/520]  Loss: 0.5008 (0.510)  Acc@1: 89.5833 (87.5260)  Acc@5: 98.9583 (99.5090)LR: 2.367e-02
2024-11-20 18:23:28,643 -                train: [    INFO] - Train: 89 [ 520/520]  Loss: 0.4175 (0.515)  Acc@1: 91.2500 (87.3920)  Acc@5: 98.7500 (99.4680)LR: 2.367e-02
2024-11-20 18:23:28,960 -                train: [    INFO] - Valid: 89 [   0/104]  Loss: 0.2970 (0.297)  Acc@1: 87.5000 (87.5000)  Acc@5: 98.9583 (98.9583)
2024-11-20 18:23:35,142 -                train: [    INFO] - Valid: 89 [ 104/104]  Loss: 0.4774 (0.398)  Acc@1: 81.2500 (87.4800)  Acc@5: 100.0000 (99.4400)
2024-11-20 18:23:35,172 -                train: [    INFO] - valid_acc 87.480002 - best_valid_acc 90.490002
2024-11-20 18:23:35,586 -                train: [    INFO] - Train: 90 [   0/520]  Loss: 0.5316 (0.532)  Acc@1: 87.5000 (87.5000)  Acc@5: 100.0000 (100.0000)LR: 2.364e-02
2024-11-20 18:24:22,555 -                train: [    INFO] - Train: 90 [ 200/520]  Loss: 0.5415 (0.505)  Acc@1: 85.4167 (87.9612)  Acc@5: 100.0000 (99.4558)LR: 2.364e-02
2024-11-20 18:25:08,575 -                train: [    INFO] - Train: 90 [ 400/520]  Loss: 0.6513 (0.508)  Acc@1: 84.3750 (87.7780)  Acc@5: 100.0000 (99.4909)LR: 2.364e-02
2024-11-20 18:25:35,929 -                train: [    INFO] - Train: 90 [ 520/520]  Loss: 0.4686 (0.512)  Acc@1: 92.5000 (87.6200)  Acc@5: 98.7500 (99.4660)LR: 2.364e-02
2024-11-20 18:25:36,283 -                train: [    INFO] - Valid: 90 [   0/104]  Loss: 0.4304 (0.430)  Acc@1: 86.4583 (86.4583)  Acc@5: 97.9167 (97.9167)
2024-11-20 18:25:42,493 -                train: [    INFO] - Valid: 90 [ 104/104]  Loss: 0.08520 (0.304)  Acc@1: 100.0000 (89.6900)  Acc@5: 100.0000 (99.6000)
2024-11-20 18:25:42,532 -                train: [    INFO] - valid_acc 89.690003 - best_valid_acc 90.490002
2024-11-20 18:25:43,066 -                train: [    INFO] - Train: 91 [   0/520]  Loss: 0.4245 (0.424)  Acc@1: 91.6667 (91.6667)  Acc@5: 100.0000 (100.0000)LR: 2.361e-02
2024-11-20 18:26:29,026 -                train: [    INFO] - Train: 91 [ 200/520]  Loss: 0.4846 (0.503)  Acc@1: 90.6250 (87.6399)  Acc@5: 100.0000 (99.5284)LR: 2.361e-02
2024-11-20 18:27:15,322 -                train: [    INFO] - Train: 91 [ 400/520]  Loss: 0.5402 (0.512)  Acc@1: 85.4167 (87.4584)  Acc@5: 100.0000 (99.4935)LR: 2.361e-02
2024-11-20 18:27:42,863 -                train: [    INFO] - Train: 91 [ 520/520]  Loss: 0.5975 (0.509)  Acc@1: 87.5000 (87.5400)  Acc@5: 100.0000 (99.4880)LR: 2.361e-02
2024-11-20 18:27:43,132 -                train: [    INFO] - Valid: 91 [   0/104]  Loss: 0.2951 (0.295)  Acc@1: 92.7083 (92.7083)  Acc@5: 98.9583 (98.9583)
2024-11-20 18:27:49,302 -                train: [    INFO] - Valid: 91 [ 104/104]  Loss: 0.4634 (0.295)  Acc@1: 87.5000 (90.2800)  Acc@5: 100.0000 (99.6200)
2024-11-20 18:27:49,455 -                train: [    INFO] - valid_acc 90.280003 - best_valid_acc 90.490002
2024-11-20 18:27:49,909 -                train: [    INFO] - Train: 92 [   0/520]  Loss: 0.3786 (0.379)  Acc@1: 94.7917 (94.7917)  Acc@5: 98.9583 (98.9583)LR: 2.358e-02
2024-11-20 18:28:35,725 -                train: [    INFO] - Train: 92 [ 200/520]  Loss: 0.5288 (0.489)  Acc@1: 85.4167 (88.1063)  Acc@5: 98.9583 (99.4558)LR: 2.358e-02
2024-11-20 18:29:21,417 -                train: [    INFO] - Train: 92 [ 400/520]  Loss: 0.4425 (0.503)  Acc@1: 89.5833 (87.7857)  Acc@5: 100.0000 (99.4805)LR: 2.358e-02
2024-11-20 18:29:48,901 -                train: [    INFO] - Train: 92 [ 520/520]  Loss: 0.7181 (0.504)  Acc@1: 85.0000 (87.7360)  Acc@5: 100.0000 (99.4600)LR: 2.358e-02
2024-11-20 18:29:49,207 -                train: [    INFO] - Valid: 92 [   0/104]  Loss: 0.3650 (0.365)  Acc@1: 88.5417 (88.5417)  Acc@5: 100.0000 (100.0000)
2024-11-20 18:29:55,363 -                train: [    INFO] - Valid: 92 [ 104/104]  Loss: 0.3861 (0.330)  Acc@1: 87.5000 (89.1500)  Acc@5: 100.0000 (99.5000)
2024-11-20 18:29:55,398 -                train: [    INFO] - valid_acc 89.150003 - best_valid_acc 90.490002
2024-11-20 18:29:55,914 -                train: [    INFO] - Train: 93 [   0/520]  Loss: 0.4534 (0.453)  Acc@1: 90.6250 (90.6250)  Acc@5: 98.9583 (98.9583)LR: 2.355e-02
2024-11-20 18:30:41,561 -                train: [    INFO] - Train: 93 [ 200/520]  Loss: 0.4947 (0.513)  Acc@1: 86.4583 (87.5000)  Acc@5: 100.0000 (99.4921)LR: 2.355e-02
2024-11-20 18:31:27,134 -                train: [    INFO] - Train: 93 [ 400/520]  Loss: 0.5998 (0.513)  Acc@1: 86.4583 (87.4714)  Acc@5: 98.9583 (99.5064)LR: 2.355e-02
2024-11-20 18:31:54,583 -                train: [    INFO] - Train: 93 [ 520/520]  Loss: 0.9092 (0.514)  Acc@1: 77.5000 (87.4220)  Acc@5: 100.0000 (99.5140)LR: 2.355e-02
2024-11-20 18:31:54,835 -                train: [    INFO] - Valid: 93 [   0/104]  Loss: 0.3458 (0.346)  Acc@1: 82.2917 (82.2917)  Acc@5: 100.0000 (100.0000)
2024-11-20 18:32:01,011 -                train: [    INFO] - Valid: 93 [ 104/104]  Loss: 0.1937 (0.347)  Acc@1: 93.7500 (88.6000)  Acc@5: 100.0000 (99.7500)
2024-11-20 18:32:01,043 -                train: [    INFO] - valid_acc 88.600003 - best_valid_acc 90.490002
2024-11-20 18:32:01,638 -                train: [    INFO] - Train: 94 [   0/520]  Loss: 0.4651 (0.465)  Acc@1: 85.4167 (85.4167)  Acc@5: 100.0000 (100.0000)LR: 2.352e-02
2024-11-20 18:32:49,129 -                train: [    INFO] - Train: 94 [ 200/520]  Loss: 0.6680 (0.501)  Acc@1: 86.4583 (87.7539)  Acc@5: 98.9583 (99.5025)LR: 2.352e-02
2024-11-20 18:33:36,198 -                train: [    INFO] - Train: 94 [ 400/520]  Loss: 0.4988 (0.505)  Acc@1: 88.5417 (87.7883)  Acc@5: 100.0000 (99.4805)LR: 2.352e-02
2024-11-20 18:34:03,632 -                train: [    INFO] - Train: 94 [ 520/520]  Loss: 0.5624 (0.506)  Acc@1: 81.2500 (87.7780)  Acc@5: 98.7500 (99.4640)LR: 2.352e-02
2024-11-20 18:34:03,880 -                train: [    INFO] - Valid: 94 [   0/104]  Loss: 0.2161 (0.216)  Acc@1: 93.7500 (93.7500)  Acc@5: 100.0000 (100.0000)
2024-11-20 18:34:10,039 -                train: [    INFO] - Valid: 94 [ 104/104]  Loss: 0.5854 (0.307)  Acc@1: 93.7500 (90.0200)  Acc@5: 100.0000 (99.6500)
2024-11-20 18:34:10,071 -                train: [    INFO] - valid_acc 90.020002 - best_valid_acc 90.490002
2024-11-20 18:34:10,545 -                train: [    INFO] - Train: 95 [   0/520]  Loss: 0.5615 (0.562)  Acc@1: 87.5000 (87.5000)  Acc@5: 97.9167 (97.9167)LR: 2.349e-02
2024-11-20 18:34:58,323 -                train: [    INFO] - Train: 95 [ 200/520]  Loss: 0.7195 (0.504)  Acc@1: 84.3750 (87.5622)  Acc@5: 97.9167 (99.5025)LR: 2.349e-02
2024-11-20 18:35:45,225 -                train: [    INFO] - Train: 95 [ 400/520]  Loss: 0.6126 (0.502)  Acc@1: 85.4167 (87.5909)  Acc@5: 100.0000 (99.5194)LR: 2.349e-02
2024-11-20 18:36:13,064 -                train: [    INFO] - Train: 95 [ 520/520]  Loss: 0.4284 (0.507)  Acc@1: 88.7500 (87.4780)  Acc@5: 100.0000 (99.5080)LR: 2.349e-02
2024-11-20 18:36:13,394 -                train: [    INFO] - Valid: 95 [   0/104]  Loss: 0.2390 (0.239)  Acc@1: 90.6250 (90.6250)  Acc@5: 100.0000 (100.0000)
2024-11-20 18:36:19,700 -                train: [    INFO] - Valid: 95 [ 104/104]  Loss: 0.3542 (0.287)  Acc@1: 93.7500 (90.4600)  Acc@5: 100.0000 (99.7500)
2024-11-20 18:36:19,726 -                train: [    INFO] - valid_acc 90.460002 - best_valid_acc 90.490002
2024-11-20 18:36:20,176 -                train: [    INFO] - Train: 96 [   0/520]  Loss: 0.5831 (0.583)  Acc@1: 87.5000 (87.5000)  Acc@5: 97.9167 (97.9167)LR: 2.345e-02
2024-11-20 18:37:06,005 -                train: [    INFO] - Train: 96 [ 200/520]  Loss: 0.6410 (0.500)  Acc@1: 85.4167 (87.6399)  Acc@5: 100.0000 (99.4610)LR: 2.345e-02
2024-11-20 18:37:51,550 -                train: [    INFO] - Train: 96 [ 400/520]  Loss: 0.3829 (0.502)  Acc@1: 90.6250 (87.5857)  Acc@5: 100.0000 (99.4857)LR: 2.345e-02
2024-11-20 18:38:19,079 -                train: [    INFO] - Train: 96 [ 520/520]  Loss: 0.3311 (0.506)  Acc@1: 90.0000 (87.5040)  Acc@5: 100.0000 (99.4500)LR: 2.345e-02
2024-11-20 18:38:19,339 -                train: [    INFO] - Valid: 96 [   0/104]  Loss: 0.4521 (0.452)  Acc@1: 86.4583 (86.4583)  Acc@5: 100.0000 (100.0000)
2024-11-20 18:38:25,538 -                train: [    INFO] - Valid: 96 [ 104/104]  Loss: 0.2433 (0.332)  Acc@1: 87.5000 (89.1000)  Acc@5: 100.0000 (99.5700)
2024-11-20 18:38:25,565 -                train: [    INFO] - valid_acc 89.100002 - best_valid_acc 90.490002
2024-11-20 18:38:25,990 -                train: [    INFO] - Train: 97 [   0/520]  Loss: 0.6115 (0.612)  Acc@1: 86.4583 (86.4583)  Acc@5: 98.9583 (98.9583)LR: 2.342e-02
2024-11-20 18:39:11,778 -                train: [    INFO] - Train: 97 [ 200/520]  Loss: 0.5144 (0.493)  Acc@1: 85.4167 (87.8680)  Acc@5: 100.0000 (99.4766)LR: 2.342e-02
2024-11-20 18:39:57,317 -                train: [    INFO] - Train: 97 [ 400/520]  Loss: 0.4560 (0.502)  Acc@1: 90.6250 (87.8195)  Acc@5: 100.0000 (99.4467)LR: 2.342e-02
2024-11-20 18:40:24,589 -                train: [    INFO] - Train: 97 [ 520/520]  Loss: 0.5346 (0.501)  Acc@1: 86.2500 (87.8620)  Acc@5: 100.0000 (99.4740)LR: 2.342e-02
2024-11-20 18:40:24,829 -                train: [    INFO] - Valid: 97 [   0/104]  Loss: 0.4651 (0.465)  Acc@1: 83.3333 (83.3333)  Acc@5: 98.9583 (98.9583)
2024-11-20 18:40:31,057 -                train: [    INFO] - Valid: 97 [ 104/104]  Loss: 0.4928 (0.325)  Acc@1: 87.5000 (89.1600)  Acc@5: 100.0000 (99.6500)
2024-11-20 18:40:31,104 -                train: [    INFO] - valid_acc 89.160002 - best_valid_acc 90.490002
2024-11-20 18:40:31,527 -                train: [    INFO] - Train: 98 [   0/520]  Loss: 0.4205 (0.421)  Acc@1: 90.6250 (90.6250)  Acc@5: 98.9583 (98.9583)LR: 2.339e-02
2024-11-20 18:41:17,735 -                train: [    INFO] - Train: 98 [ 200/520]  Loss: 0.6980 (0.495)  Acc@1: 84.3750 (87.8887)  Acc@5: 98.9583 (99.4869)LR: 2.339e-02
2024-11-20 18:42:03,857 -                train: [    INFO] - Train: 98 [ 400/520]  Loss: 0.6551 (0.494)  Acc@1: 84.3750 (87.9364)  Acc@5: 98.9583 (99.4831)LR: 2.339e-02
2024-11-20 18:42:31,345 -                train: [    INFO] - Train: 98 [ 520/520]  Loss: 0.2966 (0.500)  Acc@1: 93.7500 (87.8200)  Acc@5: 100.0000 (99.4920)LR: 2.339e-02
2024-11-20 18:42:31,655 -                train: [    INFO] - Valid: 98 [   0/104]  Loss: 0.1878 (0.188)  Acc@1: 94.7917 (94.7917)  Acc@5: 100.0000 (100.0000)
2024-11-20 18:42:37,781 -                train: [    INFO] - Valid: 98 [ 104/104]  Loss: 0.5014 (0.270)  Acc@1: 87.5000 (91.1600)  Acc@5: 100.0000 (99.7900)
2024-11-20 18:42:39,732 -                train: [    INFO] - valid_acc 91.160003 - best_valid_acc 91.160003
2024-11-20 18:42:40,253 -                train: [    INFO] - Train: 99 [   0/520]  Loss: 0.5582 (0.558)  Acc@1: 83.3333 (83.3333)  Acc@5: 98.9583 (98.9583)LR: 2.336e-02
2024-11-20 18:43:27,240 -                train: [    INFO] - Train: 99 [ 200/520]  Loss: 0.4931 (0.490)  Acc@1: 89.5833 (88.2048)  Acc@5: 100.0000 (99.5699)LR: 2.336e-02
2024-11-20 18:44:13,645 -                train: [    INFO] - Train: 99 [ 400/520]  Loss: 0.5462 (0.497)  Acc@1: 86.4583 (87.8871)  Acc@5: 98.9583 (99.5428)LR: 2.336e-02
2024-11-20 18:44:41,540 -                train: [    INFO] - Train: 99 [ 520/520]  Loss: 0.3511 (0.506)  Acc@1: 91.2500 (87.6400)  Acc@5: 98.7500 (99.5200)LR: 2.336e-02
2024-11-20 18:44:41,793 -                train: [    INFO] - Valid: 99 [   0/104]  Loss: 0.2294 (0.229)  Acc@1: 92.7083 (92.7083)  Acc@5: 100.0000 (100.0000)
2024-11-20 18:44:47,933 -                train: [    INFO] - Valid: 99 [ 104/104]  Loss: 0.2157 (0.272)  Acc@1: 93.7500 (90.8600)  Acc@5: 100.0000 (99.7100)
2024-11-20 18:44:47,967 -                train: [    INFO] - valid_acc 90.860003 - best_valid_acc 91.160003
2024-11-20 18:44:48,439 -                train: [    INFO] - Train: 100 [   0/520]  Loss: 0.7957 (0.796)  Acc@1: 80.2083 (80.2083)  Acc@5: 98.9583 (98.9583)LR: 2.333e-02
2024-11-20 18:45:34,440 -                train: [    INFO] - Train: 100 [ 200/520]  Loss: 0.5556 (0.493)  Acc@1: 85.4167 (87.7954)  Acc@5: 98.9583 (99.5025)LR: 2.333e-02
2024-11-20 18:46:20,234 -                train: [    INFO] - Train: 100 [ 400/520]  Loss: 0.4366 (0.499)  Acc@1: 89.5833 (87.6325)  Acc@5: 100.0000 (99.4831)LR: 2.333e-02
2024-11-20 18:46:47,870 -                train: [    INFO] - Train: 100 [ 520/520]  Loss: 0.5862 (0.504)  Acc@1: 85.0000 (87.6200)  Acc@5: 100.0000 (99.4580)LR: 2.333e-02
2024-11-20 18:46:48,263 -                train: [    INFO] - Valid: 100 [   0/104]  Loss: 0.4215 (0.421)  Acc@1: 87.5000 (87.5000)  Acc@5: 100.0000 (100.0000)
2024-11-20 18:46:54,452 -                train: [    INFO] - Valid: 100 [ 104/104]  Loss: 0.4593 (0.394)  Acc@1: 87.5000 (87.3800)  Acc@5: 100.0000 (99.5900)
2024-11-20 18:46:54,482 -                train: [    INFO] - valid_acc 87.380002 - best_valid_acc 91.160003
2024-11-20 18:46:54,916 -                train: [    INFO] - Train: 101 [   0/520]  Loss: 0.3223 (0.322)  Acc@1: 93.7500 (93.7500)  Acc@5: 100.0000 (100.0000)LR: 2.329e-02
2024-11-20 18:47:42,986 -                train: [    INFO] - Train: 101 [ 200/520]  Loss: 0.5530 (0.499)  Acc@1: 87.5000 (87.9198)  Acc@5: 100.0000 (99.5232)LR: 2.329e-02
2024-11-20 18:48:30,370 -                train: [    INFO] - Train: 101 [ 400/520]  Loss: 0.5241 (0.503)  Acc@1: 90.6250 (87.7961)  Acc@5: 98.9583 (99.5064)LR: 2.329e-02
2024-11-20 18:48:57,927 -                train: [    INFO] - Train: 101 [ 520/520]  Loss: 0.5257 (0.505)  Acc@1: 87.5000 (87.7940)  Acc@5: 100.0000 (99.5240)LR: 2.329e-02
2024-11-20 18:48:58,184 -                train: [    INFO] - Valid: 101 [   0/104]  Loss: 0.3186 (0.319)  Acc@1: 86.4583 (86.4583)  Acc@5: 100.0000 (100.0000)
2024-11-20 18:49:04,343 -                train: [    INFO] - Valid: 101 [ 104/104]  Loss: 0.3634 (0.242)  Acc@1: 87.5000 (92.0500)  Acc@5: 100.0000 (99.7900)
2024-11-20 18:49:04,869 -                train: [    INFO] - valid_acc 92.050002 - best_valid_acc 92.050002
2024-11-20 18:49:05,383 -                train: [    INFO] - Train: 102 [   0/520]  Loss: 0.4437 (0.444)  Acc@1: 89.5833 (89.5833)  Acc@5: 100.0000 (100.0000)LR: 2.326e-02
2024-11-20 18:49:51,039 -                train: [    INFO] - Train: 102 [ 200/520]  Loss: 0.6422 (0.492)  Acc@1: 84.3750 (87.9198)  Acc@5: 100.0000 (99.5647)LR: 2.326e-02
2024-11-20 18:50:36,903 -                train: [    INFO] - Train: 102 [ 400/520]  Loss: 0.5473 (0.494)  Acc@1: 86.4583 (87.8559)  Acc@5: 98.9583 (99.5558)LR: 2.326e-02
2024-11-20 18:51:04,468 -                train: [    INFO] - Train: 102 [ 520/520]  Loss: 0.5048 (0.500)  Acc@1: 86.2500 (87.8040)  Acc@5: 100.0000 (99.5300)LR: 2.326e-02
2024-11-20 18:51:04,722 -                train: [    INFO] - Valid: 102 [   0/104]  Loss: 0.2449 (0.245)  Acc@1: 91.6667 (91.6667)  Acc@5: 100.0000 (100.0000)
2024-11-20 18:51:10,862 -                train: [    INFO] - Valid: 102 [ 104/104]  Loss: 0.2129 (0.292)  Acc@1: 93.7500 (90.2100)  Acc@5: 100.0000 (99.6200)
2024-11-20 18:51:11,176 -                train: [    INFO] - valid_acc 90.210002 - best_valid_acc 92.050002
2024-11-20 18:51:11,732 -                train: [    INFO] - Train: 103 [   0/520]  Loss: 0.4816 (0.482)  Acc@1: 85.4167 (85.4167)  Acc@5: 100.0000 (100.0000)LR: 2.323e-02
2024-11-20 18:51:58,373 -                train: [    INFO] - Train: 103 [ 200/520]  Loss: 0.3789 (0.484)  Acc@1: 93.7500 (88.1996)  Acc@5: 97.9167 (99.5077)LR: 2.323e-02
2024-11-20 18:52:44,060 -                train: [    INFO] - Train: 103 [ 400/520]  Loss: 0.6476 (0.492)  Acc@1: 84.3750 (87.9234)  Acc@5: 98.9583 (99.4753)LR: 2.323e-02
2024-11-20 18:53:11,502 -                train: [    INFO] - Train: 103 [ 520/520]  Loss: 0.6593 (0.493)  Acc@1: 82.5000 (87.8800)  Acc@5: 98.7500 (99.5220)LR: 2.323e-02
2024-11-20 18:53:11,776 -                train: [    INFO] - Valid: 103 [   0/104]  Loss: 0.3103 (0.310)  Acc@1: 87.5000 (87.5000)  Acc@5: 100.0000 (100.0000)
2024-11-20 18:53:17,928 -                train: [    INFO] - Valid: 103 [ 104/104]  Loss: 0.2705 (0.308)  Acc@1: 87.5000 (89.7900)  Acc@5: 100.0000 (99.6000)
2024-11-20 18:53:17,961 -                train: [    INFO] - valid_acc 89.790003 - best_valid_acc 92.050002
2024-11-20 18:53:18,367 -                train: [    INFO] - Train: 104 [   0/520]  Loss: 0.5441 (0.544)  Acc@1: 87.5000 (87.5000)  Acc@5: 100.0000 (100.0000)LR: 2.319e-02
2024-11-20 18:54:06,469 -                train: [    INFO] - Train: 104 [ 200/520]  Loss: 0.5276 (0.498)  Acc@1: 85.4167 (87.8524)  Acc@5: 98.9583 (99.4714)LR: 2.319e-02
2024-11-20 18:54:53,744 -                train: [    INFO] - Train: 104 [ 400/520]  Loss: 0.4218 (0.497)  Acc@1: 85.4167 (87.9208)  Acc@5: 100.0000 (99.4935)LR: 2.319e-02
2024-11-20 18:55:22,125 -                train: [    INFO] - Train: 104 [ 520/520]  Loss: 0.4027 (0.501)  Acc@1: 86.2500 (87.7940)  Acc@5: 100.0000 (99.5000)LR: 2.319e-02
2024-11-20 18:55:22,431 -                train: [    INFO] - Valid: 104 [   0/104]  Loss: 0.2675 (0.268)  Acc@1: 89.5833 (89.5833)  Acc@5: 100.0000 (100.0000)
2024-11-20 18:55:28,636 -                train: [    INFO] - Valid: 104 [ 104/104]  Loss: 0.4278 (0.334)  Acc@1: 93.7500 (88.9500)  Acc@5: 100.0000 (99.6400)
2024-11-20 18:55:28,671 -                train: [    INFO] - valid_acc 88.950003 - best_valid_acc 92.050002
2024-11-20 18:55:29,145 -                train: [    INFO] - Train: 105 [   0/520]  Loss: 0.3186 (0.319)  Acc@1: 92.7083 (92.7083)  Acc@5: 100.0000 (100.0000)LR: 2.316e-02
2024-11-20 18:56:15,098 -                train: [    INFO] - Train: 105 [ 200/520]  Loss: 0.4225 (0.489)  Acc@1: 90.6250 (88.1634)  Acc@5: 100.0000 (99.5699)LR: 2.316e-02
2024-11-20 18:57:00,863 -                train: [    INFO] - Train: 105 [ 400/520]  Loss: 0.3921 (0.501)  Acc@1: 89.5833 (87.7935)  Acc@5: 98.9583 (99.5012)LR: 2.316e-02
2024-11-20 18:57:28,341 -                train: [    INFO] - Train: 105 [ 520/520]  Loss: 0.4643 (0.501)  Acc@1: 93.7500 (87.8220)  Acc@5: 98.7500 (99.5020)LR: 2.316e-02
2024-11-20 18:57:28,585 -                train: [    INFO] - Valid: 105 [   0/104]  Loss: 0.3206 (0.321)  Acc@1: 90.6250 (90.6250)  Acc@5: 98.9583 (98.9583)
2024-11-20 18:57:34,805 -                train: [    INFO] - Valid: 105 [ 104/104]  Loss: 0.3859 (0.351)  Acc@1: 87.5000 (89.2500)  Acc@5: 100.0000 (99.5900)
2024-11-20 18:57:34,842 -                train: [    INFO] - valid_acc 89.250002 - best_valid_acc 92.050002
2024-11-20 18:57:35,303 -                train: [    INFO] - Train: 106 [   0/520]  Loss: 0.3044 (0.304)  Acc@1: 91.6667 (91.6667)  Acc@5: 100.0000 (100.0000)LR: 2.312e-02
2024-11-20 18:58:22,457 -                train: [    INFO] - Train: 106 [ 200/520]  Loss: 0.4710 (0.485)  Acc@1: 90.6250 (88.1426)  Acc@5: 98.9583 (99.5129)LR: 2.312e-02
2024-11-20 18:59:09,450 -                train: [    INFO] - Train: 106 [ 400/520]  Loss: 0.5041 (0.489)  Acc@1: 86.4583 (88.1910)  Acc@5: 98.9583 (99.4883)LR: 2.312e-02
2024-11-20 18:59:37,228 -                train: [    INFO] - Train: 106 [ 520/520]  Loss: 0.3940 (0.490)  Acc@1: 88.7500 (88.2060)  Acc@5: 98.7500 (99.4860)LR: 2.312e-02
2024-11-20 18:59:37,852 -                train: [    INFO] - Valid: 106 [   0/104]  Loss: 0.4030 (0.403)  Acc@1: 85.4167 (85.4167)  Acc@5: 100.0000 (100.0000)
2024-11-20 18:59:44,101 -                train: [    INFO] - Valid: 106 [ 104/104]  Loss: 0.3552 (0.370)  Acc@1: 93.7500 (88.0300)  Acc@5: 100.0000 (99.6500)
2024-11-20 18:59:44,145 -                train: [    INFO] - valid_acc 88.030002 - best_valid_acc 92.050002
2024-11-20 18:59:44,575 -                train: [    INFO] - Train: 107 [   0/520]  Loss: 0.5290 (0.529)  Acc@1: 88.5417 (88.5417)  Acc@5: 100.0000 (100.0000)LR: 2.309e-02
2024-11-20 19:00:30,777 -                train: [    INFO] - Train: 107 [ 200/520]  Loss: 0.3830 (0.494)  Acc@1: 91.6667 (87.9923)  Acc@5: 98.9583 (99.5336)LR: 2.309e-02
2024-11-20 19:01:16,481 -                train: [    INFO] - Train: 107 [ 400/520]  Loss: 0.2907 (0.501)  Acc@1: 92.7083 (87.8039)  Acc@5: 100.0000 (99.5116)LR: 2.309e-02
2024-11-20 19:01:43,971 -                train: [    INFO] - Train: 107 [ 520/520]  Loss: 0.3457 (0.499)  Acc@1: 91.2500 (87.9560)  Acc@5: 100.0000 (99.5180)LR: 2.309e-02
2024-11-20 19:01:44,287 -                train: [    INFO] - Valid: 107 [   0/104]  Loss: 0.2347 (0.235)  Acc@1: 91.6667 (91.6667)  Acc@5: 100.0000 (100.0000)
2024-11-20 19:01:50,519 -                train: [    INFO] - Valid: 107 [ 104/104]  Loss: 0.3113 (0.353)  Acc@1: 81.2500 (88.3300)  Acc@5: 100.0000 (99.4900)
2024-11-20 19:01:50,553 -                train: [    INFO] - valid_acc 88.330003 - best_valid_acc 92.050002
2024-11-20 19:01:51,007 -                train: [    INFO] - Train: 108 [   0/520]  Loss: 0.6292 (0.629)  Acc@1: 84.3750 (84.3750)  Acc@5: 100.0000 (100.0000)LR: 2.305e-02
2024-11-20 19:02:39,206 -                train: [    INFO] - Train: 108 [ 200/520]  Loss: 0.4618 (0.479)  Acc@1: 87.5000 (88.3706)  Acc@5: 100.0000 (99.6061)LR: 2.305e-02
2024-11-20 19:03:26,117 -                train: [    INFO] - Train: 108 [ 400/520]  Loss: 0.4374 (0.493)  Acc@1: 90.6250 (88.0533)  Acc@5: 100.0000 (99.5194)LR: 2.305e-02
2024-11-20 19:03:53,837 -                train: [    INFO] - Train: 108 [ 520/520]  Loss: 0.4564 (0.495)  Acc@1: 88.7500 (87.9940)  Acc@5: 100.0000 (99.5080)LR: 2.305e-02
2024-11-20 19:03:54,179 -                train: [    INFO] - Valid: 108 [   0/104]  Loss: 0.2047 (0.205)  Acc@1: 89.5833 (89.5833)  Acc@5: 100.0000 (100.0000)
2024-11-20 19:04:00,309 -                train: [    INFO] - Valid: 108 [ 104/104]  Loss: 0.2047 (0.293)  Acc@1: 87.5000 (90.4300)  Acc@5: 100.0000 (99.7400)
2024-11-20 19:04:00,345 -                train: [    INFO] - valid_acc 90.430002 - best_valid_acc 92.050002
2024-11-20 19:04:00,868 -                train: [    INFO] - Train: 109 [   0/520]  Loss: 0.5094 (0.509)  Acc@1: 90.6250 (90.6250)  Acc@5: 100.0000 (100.0000)LR: 2.302e-02
2024-11-20 19:04:48,817 -                train: [    INFO] - Train: 109 [ 200/520]  Loss: 0.5888 (0.485)  Acc@1: 85.4167 (88.1944)  Acc@5: 100.0000 (99.5491)LR: 2.302e-02
2024-11-20 19:05:35,344 -                train: [    INFO] - Train: 109 [ 400/520]  Loss: 0.4743 (0.489)  Acc@1: 86.4583 (88.1234)  Acc@5: 100.0000 (99.5064)LR: 2.302e-02
2024-11-20 19:06:02,852 -                train: [    INFO] - Train: 109 [ 520/520]  Loss: 0.4954 (0.491)  Acc@1: 85.0000 (88.0280)  Acc@5: 100.0000 (99.5060)LR: 2.302e-02
2024-11-20 19:06:03,171 -                train: [    INFO] - Valid: 109 [   0/104]  Loss: 0.3500 (0.350)  Acc@1: 87.5000 (87.5000)  Acc@5: 100.0000 (100.0000)
2024-11-20 19:06:09,304 -                train: [    INFO] - Valid: 109 [ 104/104]  Loss: 0.3673 (0.368)  Acc@1: 93.7500 (88.2200)  Acc@5: 100.0000 (99.7100)
2024-11-20 19:06:09,336 -                train: [    INFO] - valid_acc 88.220003 - best_valid_acc 92.050002
2024-11-20 19:06:09,881 -                train: [    INFO] - Train: 110 [   0/520]  Loss: 0.3604 (0.360)  Acc@1: 91.6667 (91.6667)  Acc@5: 100.0000 (100.0000)LR: 2.298e-02
2024-11-20 19:06:55,632 -                train: [    INFO] - Train: 110 [ 200/520]  Loss: 0.4161 (0.472)  Acc@1: 90.6250 (88.4328)  Acc@5: 100.0000 (99.5180)LR: 2.298e-02
2024-11-20 19:07:41,649 -                train: [    INFO] - Train: 110 [ 400/520]  Loss: 0.5394 (0.491)  Acc@1: 84.3750 (88.0611)  Acc@5: 100.0000 (99.4909)LR: 2.298e-02
2024-11-20 19:08:09,083 -                train: [    INFO] - Train: 110 [ 520/520]  Loss: 0.6179 (0.497)  Acc@1: 87.5000 (87.9920)  Acc@5: 98.7500 (99.5040)LR: 2.298e-02
2024-11-20 19:08:09,346 -                train: [    INFO] - Valid: 110 [   0/104]  Loss: 0.3331 (0.333)  Acc@1: 89.5833 (89.5833)  Acc@5: 100.0000 (100.0000)
2024-11-20 19:08:15,495 -                train: [    INFO] - Valid: 110 [ 104/104]  Loss: 0.3968 (0.276)  Acc@1: 93.7500 (90.8200)  Acc@5: 100.0000 (99.7700)
2024-11-20 19:08:15,527 -                train: [    INFO] - valid_acc 90.820003 - best_valid_acc 92.050002
2024-11-20 19:08:15,961 -                train: [    INFO] - Train: 111 [   0/520]  Loss: 0.3840 (0.384)  Acc@1: 89.5833 (89.5833)  Acc@5: 100.0000 (100.0000)LR: 2.295e-02
2024-11-20 19:09:01,797 -                train: [    INFO] - Train: 111 [ 200/520]  Loss: 0.3253 (0.472)  Acc@1: 92.7083 (88.5520)  Acc@5: 100.0000 (99.5595)LR: 2.295e-02
2024-11-20 19:09:47,574 -                train: [    INFO] - Train: 111 [ 400/520]  Loss: 0.6292 (0.483)  Acc@1: 89.5833 (88.2325)  Acc@5: 98.9583 (99.5558)LR: 2.295e-02
2024-11-20 19:10:15,106 -                train: [    INFO] - Train: 111 [ 520/520]  Loss: 0.4906 (0.488)  Acc@1: 88.7500 (88.1820)  Acc@5: 100.0000 (99.5340)LR: 2.295e-02
2024-11-20 19:10:15,380 -                train: [    INFO] - Valid: 111 [   0/104]  Loss: 0.2333 (0.233)  Acc@1: 91.6667 (91.6667)  Acc@5: 100.0000 (100.0000)
2024-11-20 19:10:21,526 -                train: [    INFO] - Valid: 111 [ 104/104]  Loss: 0.5330 (0.291)  Acc@1: 87.5000 (90.6100)  Acc@5: 100.0000 (99.6800)
2024-11-20 19:10:21,563 -                train: [    INFO] - valid_acc 90.610003 - best_valid_acc 92.050002
2024-11-20 19:10:22,082 -                train: [    INFO] - Train: 112 [   0/520]  Loss: 0.3807 (0.381)  Acc@1: 89.5833 (89.5833)  Acc@5: 100.0000 (100.0000)LR: 2.291e-02
2024-11-20 19:11:08,065 -                train: [    INFO] - Train: 112 [ 200/520]  Loss: 0.4202 (0.494)  Acc@1: 90.6250 (87.7384)  Acc@5: 100.0000 (99.5906)LR: 2.291e-02
2024-11-20 19:11:53,902 -                train: [    INFO] - Train: 112 [ 400/520]  Loss: 0.6446 (0.487)  Acc@1: 84.3750 (87.8585)  Acc@5: 97.9167 (99.5324)LR: 2.291e-02
2024-11-20 19:12:21,366 -                train: [    INFO] - Train: 112 [ 520/520]  Loss: 0.3568 (0.489)  Acc@1: 90.0000 (87.8880)  Acc@5: 100.0000 (99.5260)LR: 2.291e-02
2024-11-20 19:12:21,691 -                train: [    INFO] - Valid: 112 [   0/104]  Loss: 0.2209 (0.221)  Acc@1: 92.7083 (92.7083)  Acc@5: 100.0000 (100.0000)
2024-11-20 19:12:27,879 -                train: [    INFO] - Valid: 112 [ 104/104]  Loss: 0.3484 (0.278)  Acc@1: 87.5000 (90.7900)  Acc@5: 100.0000 (99.6700)
2024-11-20 19:12:27,906 -                train: [    INFO] - valid_acc 90.790003 - best_valid_acc 92.050002
2024-11-20 19:12:28,357 -                train: [    INFO] - Train: 113 [   0/520]  Loss: 0.4011 (0.401)  Acc@1: 91.6667 (91.6667)  Acc@5: 98.9583 (98.9583)LR: 2.288e-02
2024-11-20 19:13:14,402 -                train: [    INFO] - Train: 113 [ 200/520]  Loss: 0.3374 (0.488)  Acc@1: 93.7500 (88.0649)  Acc@5: 100.0000 (99.4921)LR: 2.288e-02
2024-11-20 19:14:00,226 -                train: [    INFO] - Train: 113 [ 400/520]  Loss: 0.5480 (0.487)  Acc@1: 87.5000 (88.2507)  Acc@5: 100.0000 (99.4857)LR: 2.288e-02
2024-11-20 19:14:27,524 -                train: [    INFO] - Train: 113 [ 520/520]  Loss: 0.4310 (0.484)  Acc@1: 90.0000 (88.2700)  Acc@5: 100.0000 (99.5000)LR: 2.288e-02
2024-11-20 19:14:27,791 -                train: [    INFO] - Valid: 113 [   0/104]  Loss: 0.3106 (0.311)  Acc@1: 86.4583 (86.4583)  Acc@5: 100.0000 (100.0000)
2024-11-20 19:14:33,925 -                train: [    INFO] - Valid: 113 [ 104/104]  Loss: 1.008 (0.272)  Acc@1: 56.2500 (90.8100)  Acc@5: 100.0000 (99.7800)
2024-11-20 19:14:33,950 -                train: [    INFO] - valid_acc 90.810003 - best_valid_acc 92.050002
2024-11-20 19:14:34,409 -                train: [    INFO] - Train: 114 [   0/520]  Loss: 0.3739 (0.374)  Acc@1: 92.7083 (92.7083)  Acc@5: 100.0000 (100.0000)LR: 2.284e-02
2024-11-20 19:15:20,198 -                train: [    INFO] - Train: 114 [ 200/520]  Loss: 0.5033 (0.492)  Acc@1: 89.5833 (87.6347)  Acc@5: 98.9583 (99.5180)LR: 2.284e-02
2024-11-20 19:16:05,844 -                train: [    INFO] - Train: 114 [ 400/520]  Loss: 0.4783 (0.493)  Acc@1: 86.4583 (87.7598)  Acc@5: 100.0000 (99.5090)LR: 2.284e-02
2024-11-20 19:16:33,286 -                train: [    INFO] - Train: 114 [ 520/520]  Loss: 0.5247 (0.489)  Acc@1: 88.7500 (87.9620)  Acc@5: 100.0000 (99.5120)LR: 2.284e-02
2024-11-20 19:16:33,524 -                train: [    INFO] - Valid: 114 [   0/104]  Loss: 0.2998 (0.300)  Acc@1: 87.5000 (87.5000)  Acc@5: 100.0000 (100.0000)
2024-11-20 19:16:39,708 -                train: [    INFO] - Valid: 114 [ 104/104]  Loss: 0.1825 (0.303)  Acc@1: 93.7500 (90.3300)  Acc@5: 100.0000 (99.7200)
2024-11-20 19:16:39,740 -                train: [    INFO] - valid_acc 90.330002 - best_valid_acc 92.050002
2024-11-20 19:16:40,218 -                train: [    INFO] - Train: 115 [   0/520]  Loss: 0.4764 (0.476)  Acc@1: 86.4583 (86.4583)  Acc@5: 98.9583 (98.9583)LR: 2.280e-02
2024-11-20 19:17:26,019 -                train: [    INFO] - Train: 115 [ 200/520]  Loss: 0.3386 (0.486)  Acc@1: 89.5833 (88.2411)  Acc@5: 100.0000 (99.5284)LR: 2.280e-02
2024-11-20 19:18:11,748 -                train: [    INFO] - Train: 115 [ 400/520]  Loss: 0.7215 (0.503)  Acc@1: 79.1667 (87.8117)  Acc@5: 100.0000 (99.4987)LR: 2.280e-02
2024-11-20 19:18:39,117 -                train: [    INFO] - Train: 115 [ 520/520]  Loss: 0.6384 (0.500)  Acc@1: 82.5000 (87.8280)  Acc@5: 100.0000 (99.5000)LR: 2.280e-02
2024-11-20 19:18:39,437 -                train: [    INFO] - Valid: 115 [   0/104]  Loss: 0.4389 (0.439)  Acc@1: 85.4167 (85.4167)  Acc@5: 100.0000 (100.0000)
2024-11-20 19:18:45,694 -                train: [    INFO] - Valid: 115 [ 104/104]  Loss: 0.2756 (0.305)  Acc@1: 87.5000 (90.1200)  Acc@5: 100.0000 (99.7300)
2024-11-20 19:18:45,740 -                train: [    INFO] - valid_acc 90.120003 - best_valid_acc 92.050002
2024-11-20 19:18:46,204 -                train: [    INFO] - Train: 116 [   0/520]  Loss: 0.3500 (0.350)  Acc@1: 90.6250 (90.6250)  Acc@5: 100.0000 (100.0000)LR: 2.276e-02
2024-11-20 19:19:32,242 -                train: [    INFO] - Train: 116 [ 200/520]  Loss: 0.4704 (0.464)  Acc@1: 87.5000 (88.8112)  Acc@5: 98.9583 (99.5284)LR: 2.276e-02
2024-11-20 19:20:18,109 -                train: [    INFO] - Train: 116 [ 400/520]  Loss: 0.2963 (0.485)  Acc@1: 94.7917 (88.2819)  Acc@5: 100.0000 (99.5116)LR: 2.276e-02
2024-11-20 19:20:45,667 -                train: [    INFO] - Train: 116 [ 520/520]  Loss: 0.4676 (0.484)  Acc@1: 86.2500 (88.2900)  Acc@5: 98.7500 (99.5060)LR: 2.276e-02
2024-11-20 19:20:45,962 -                train: [    INFO] - Valid: 116 [   0/104]  Loss: 0.4725 (0.472)  Acc@1: 86.4583 (86.4583)  Acc@5: 98.9583 (98.9583)
2024-11-20 19:20:52,090 -                train: [    INFO] - Valid: 116 [ 104/104]  Loss: 0.2789 (0.346)  Acc@1: 93.7500 (88.8800)  Acc@5: 100.0000 (99.6500)
2024-11-20 19:20:52,124 -                train: [    INFO] - valid_acc 88.880003 - best_valid_acc 92.050002
2024-11-20 19:20:52,706 -                train: [    INFO] - Train: 117 [   0/520]  Loss: 0.6016 (0.602)  Acc@1: 86.4583 (86.4583)  Acc@5: 100.0000 (100.0000)LR: 2.273e-02
2024-11-20 19:21:38,755 -                train: [    INFO] - Train: 117 [ 200/520]  Loss: 0.4782 (0.477)  Acc@1: 86.4583 (88.3344)  Acc@5: 100.0000 (99.5647)LR: 2.273e-02
2024-11-20 19:22:24,773 -                train: [    INFO] - Train: 117 [ 400/520]  Loss: 0.5054 (0.483)  Acc@1: 86.4583 (88.2170)  Acc@5: 96.8750 (99.5064)LR: 2.273e-02
2024-11-20 19:22:52,466 -                train: [    INFO] - Train: 117 [ 520/520]  Loss: 0.6036 (0.484)  Acc@1: 86.2500 (88.2000)  Acc@5: 100.0000 (99.5040)LR: 2.273e-02
2024-11-20 19:22:54,296 -                train: [    INFO] - Valid: 117 [   0/104]  Loss: 0.3115 (0.312)  Acc@1: 91.6667 (91.6667)  Acc@5: 100.0000 (100.0000)
2024-11-20 19:23:00,858 -                train: [    INFO] - Valid: 117 [ 104/104]  Loss: 0.3324 (0.260)  Acc@1: 87.5000 (91.4100)  Acc@5: 100.0000 (99.8000)
2024-11-20 19:23:01,417 -                train: [    INFO] - valid_acc 91.410003 - best_valid_acc 92.050002
2024-11-20 19:23:02,052 -                train: [    INFO] - Train: 118 [   0/520]  Loss: 0.3509 (0.351)  Acc@1: 91.6667 (91.6667)  Acc@5: 100.0000 (100.0000)LR: 2.269e-02
2024-11-20 19:23:51,329 -                train: [    INFO] - Train: 118 [ 200/520]  Loss: 0.4653 (0.466)  Acc@1: 88.5417 (88.8267)  Acc@5: 100.0000 (99.6217)LR: 2.269e-02
2024-11-20 19:24:39,591 -                train: [    INFO] - Train: 118 [ 400/520]  Loss: 0.7012 (0.470)  Acc@1: 80.2083 (88.6144)  Acc@5: 98.9583 (99.5896)LR: 2.269e-02
2024-11-20 19:25:08,851 -                train: [    INFO] - Train: 118 [ 520/520]  Loss: 0.2637 (0.473)  Acc@1: 92.5000 (88.5420)  Acc@5: 100.0000 (99.5660)LR: 2.269e-02
2024-11-20 19:25:10,218 -                train: [    INFO] - Valid: 118 [   0/104]  Loss: 0.2590 (0.259)  Acc@1: 90.6250 (90.6250)  Acc@5: 100.0000 (100.0000)
2024-11-20 19:25:16,392 -                train: [    INFO] - Valid: 118 [ 104/104]  Loss: 0.3655 (0.279)  Acc@1: 93.7500 (90.6400)  Acc@5: 100.0000 (99.8000)
2024-11-20 19:25:16,954 -                train: [    INFO] - valid_acc 90.640003 - best_valid_acc 92.050002
2024-11-20 19:25:17,477 -                train: [    INFO] - Train: 119 [   0/520]  Loss: 0.3564 (0.356)  Acc@1: 88.5417 (88.5417)  Acc@5: 100.0000 (100.0000)LR: 2.265e-02
2024-11-20 19:26:05,765 -                train: [    INFO] - Train: 119 [ 200/520]  Loss: 0.4121 (0.481)  Acc@1: 92.7083 (88.1115)  Acc@5: 98.9583 (99.4558)LR: 2.265e-02
2024-11-20 19:26:59,727 -                train: [    INFO] - Train: 119 [ 400/520]  Loss: 0.3350 (0.488)  Acc@1: 90.6250 (88.0169)  Acc@5: 98.9583 (99.5090)LR: 2.265e-02
2024-11-20 19:27:27,956 -                train: [    INFO] - Train: 119 [ 520/520]  Loss: 0.7001 (0.488)  Acc@1: 82.5000 (88.0480)  Acc@5: 100.0000 (99.5240)LR: 2.265e-02
2024-11-20 19:27:36,172 -                train: [    INFO] - Valid: 119 [   0/104]  Loss: 0.3721 (0.372)  Acc@1: 89.5833 (89.5833)  Acc@5: 98.9583 (98.9583)
2024-11-20 19:27:42,315 -                train: [    INFO] - Valid: 119 [ 104/104]  Loss: 0.1495 (0.284)  Acc@1: 93.7500 (90.8400)  Acc@5: 100.0000 (99.6900)
2024-11-20 19:27:47,328 -                train: [    INFO] - valid_acc 90.840002 - best_valid_acc 92.050002
2024-11-20 19:27:49,625 -                train: [    INFO] - Train: 120 [   0/520]  Loss: 1.072 (1.07)  Acc@1: 82.2917 (82.2917)  Acc@5: 98.9583 (98.9583)LR: 2.261e-02
2024-11-20 19:28:36,805 -                train: [    INFO] - Train: 120 [ 200/520]  Loss: 0.6205 (0.473)  Acc@1: 82.2917 (88.7593)  Acc@5: 100.0000 (99.4092)LR: 2.261e-02
2024-11-20 19:29:23,571 -                train: [    INFO] - Train: 120 [ 400/520]  Loss: 0.4121 (0.483)  Acc@1: 90.6250 (88.4066)  Acc@5: 100.0000 (99.4649)LR: 2.261e-02
2024-11-20 19:29:52,695 -                train: [    INFO] - Train: 120 [ 520/520]  Loss: 0.6275 (0.482)  Acc@1: 86.2500 (88.4220)  Acc@5: 98.7500 (99.4600)LR: 2.261e-02
2024-11-20 19:29:54,774 -                train: [    INFO] - Valid: 120 [   0/104]  Loss: 0.4152 (0.415)  Acc@1: 92.7083 (92.7083)  Acc@5: 98.9583 (98.9583)
2024-11-20 19:30:00,926 -                train: [    INFO] - Valid: 120 [ 104/104]  Loss: 0.6912 (0.379)  Acc@1: 81.2500 (88.4400)  Acc@5: 100.0000 (99.5800)
2024-11-20 19:30:02,202 -                train: [    INFO] - valid_acc 88.440003 - best_valid_acc 92.050002
2024-11-20 19:30:02,796 -                train: [    INFO] - Train: 121 [   0/520]  Loss: 0.3122 (0.312)  Acc@1: 93.7500 (93.7500)  Acc@5: 100.0000 (100.0000)LR: 2.257e-02
2024-11-20 19:30:51,595 -                train: [    INFO] - Train: 121 [ 200/520]  Loss: 0.4858 (0.477)  Acc@1: 83.3333 (88.2722)  Acc@5: 100.0000 (99.6010)LR: 2.257e-02
2024-11-20 19:32:45,480 -                train: [    INFO] - Train: 121 [ 400/520]  Loss: 0.7676 (0.478)  Acc@1: 84.3750 (88.3313)  Acc@5: 98.9583 (99.5480)LR: 2.257e-02
2024-11-20 19:33:14,207 -                train: [    INFO] - Train: 121 [ 520/520]  Loss: 0.6297 (0.477)  Acc@1: 85.0000 (88.3900)  Acc@5: 97.5000 (99.5360)LR: 2.257e-02
2024-11-20 19:33:15,308 -                train: [    INFO] - Valid: 121 [   0/104]  Loss: 0.3878 (0.388)  Acc@1: 88.5417 (88.5417)  Acc@5: 100.0000 (100.0000)
2024-11-20 19:33:21,422 -                train: [    INFO] - Valid: 121 [ 104/104]  Loss: 0.3156 (0.318)  Acc@1: 93.7500 (89.6600)  Acc@5: 100.0000 (99.6800)
2024-11-20 19:33:22,063 -                train: [    INFO] - valid_acc 89.660003 - best_valid_acc 92.050002
2024-11-20 19:33:22,580 -                train: [    INFO] - Train: 122 [   0/520]  Loss: 0.3899 (0.390)  Acc@1: 92.7083 (92.7083)  Acc@5: 98.9583 (98.9583)LR: 2.254e-02
2024-11-20 19:34:12,558 -                train: [    INFO] - Train: 122 [ 200/520]  Loss: 0.4135 (0.476)  Acc@1: 86.4583 (88.4484)  Acc@5: 100.0000 (99.6010)LR: 2.254e-02
2024-11-20 19:35:00,562 -                train: [    INFO] - Train: 122 [ 400/520]  Loss: 0.3576 (0.480)  Acc@1: 94.7917 (88.2663)  Acc@5: 98.9583 (99.5740)LR: 2.254e-02
2024-11-20 19:35:28,692 -                train: [    INFO] - Train: 122 [ 520/520]  Loss: 0.6151 (0.481)  Acc@1: 86.2500 (88.2720)  Acc@5: 98.7500 (99.5400)LR: 2.254e-02
2024-11-20 19:35:28,957 -                train: [    INFO] - Valid: 122 [   0/104]  Loss: 0.3294 (0.329)  Acc@1: 91.6667 (91.6667)  Acc@5: 98.9583 (98.9583)
2024-11-20 19:35:35,113 -                train: [    INFO] - Valid: 122 [ 104/104]  Loss: 0.2680 (0.318)  Acc@1: 87.5000 (89.8300)  Acc@5: 100.0000 (99.7200)
2024-11-20 19:35:35,150 -                train: [    INFO] - valid_acc 89.830002 - best_valid_acc 92.050002
2024-11-20 19:35:35,646 -                train: [    INFO] - Train: 123 [   0/520]  Loss: 0.4832 (0.483)  Acc@1: 89.5833 (89.5833)  Acc@5: 98.9583 (98.9583)LR: 2.250e-02
2024-11-20 19:36:21,230 -                train: [    INFO] - Train: 123 [ 200/520]  Loss: 0.3417 (0.467)  Acc@1: 92.7083 (88.4950)  Acc@5: 100.0000 (99.5595)LR: 2.250e-02
2024-11-20 19:37:06,830 -                train: [    INFO] - Train: 123 [ 400/520]  Loss: 0.6859 (0.480)  Acc@1: 84.3750 (88.3910)  Acc@5: 100.0000 (99.4857)LR: 2.250e-02
2024-11-20 19:37:34,096 -                train: [    INFO] - Train: 123 [ 520/520]  Loss: 0.3583 (0.479)  Acc@1: 91.2500 (88.4640)  Acc@5: 100.0000 (99.4900)LR: 2.250e-02
2024-11-20 19:37:36,028 -                train: [    INFO] - Valid: 123 [   0/104]  Loss: 0.4772 (0.477)  Acc@1: 85.4167 (85.4167)  Acc@5: 98.9583 (98.9583)
2024-11-20 19:37:42,168 -                train: [    INFO] - Valid: 123 [ 104/104]  Loss: 0.2946 (0.284)  Acc@1: 87.5000 (90.4600)  Acc@5: 100.0000 (99.6600)
2024-11-20 19:37:42,549 -                train: [    INFO] - valid_acc 90.460003 - best_valid_acc 92.050002
2024-11-20 19:37:43,040 -                train: [    INFO] - Train: 124 [   0/520]  Loss: 0.3406 (0.341)  Acc@1: 91.6667 (91.6667)  Acc@5: 100.0000 (100.0000)LR: 2.246e-02
2024-11-20 19:38:31,285 -                train: [    INFO] - Train: 124 [ 200/520]  Loss: 0.5366 (0.460)  Acc@1: 84.3750 (89.1169)  Acc@5: 100.0000 (99.5543)LR: 2.246e-02
2024-11-20 19:39:18,130 -                train: [    INFO] - Train: 124 [ 400/520]  Loss: 0.4615 (0.481)  Acc@1: 86.4583 (88.4923)  Acc@5: 97.9167 (99.5298)LR: 2.246e-02
2024-11-20 19:39:46,212 -                train: [    INFO] - Train: 124 [ 520/520]  Loss: 0.3656 (0.483)  Acc@1: 90.0000 (88.3880)  Acc@5: 100.0000 (99.5280)LR: 2.246e-02
2024-11-20 19:39:46,495 -                train: [    INFO] - Valid: 124 [   0/104]  Loss: 0.2211 (0.221)  Acc@1: 93.7500 (93.7500)  Acc@5: 100.0000 (100.0000)
2024-11-20 19:39:52,679 -                train: [    INFO] - Valid: 124 [ 104/104]  Loss: 0.2347 (0.288)  Acc@1: 93.7500 (90.9700)  Acc@5: 100.0000 (99.6600)
2024-11-20 19:39:52,724 -                train: [    INFO] - valid_acc 90.970002 - best_valid_acc 92.050002
2024-11-20 19:39:53,247 -                train: [    INFO] - Train: 125 [   0/520]  Loss: 0.3862 (0.386)  Acc@1: 91.6667 (91.6667)  Acc@5: 100.0000 (100.0000)LR: 2.242e-02
2024-11-20 19:40:39,872 -                train: [    INFO] - Train: 125 [ 200/520]  Loss: 0.5160 (0.462)  Acc@1: 92.7083 (88.6816)  Acc@5: 100.0000 (99.5595)LR: 2.242e-02
2024-11-20 19:41:25,680 -                train: [    INFO] - Train: 125 [ 400/520]  Loss: 0.4440 (0.468)  Acc@1: 88.5417 (88.5702)  Acc@5: 100.0000 (99.5402)LR: 2.242e-02
2024-11-20 19:41:53,078 -                train: [    INFO] - Train: 125 [ 520/520]  Loss: 0.5492 (0.474)  Acc@1: 87.5000 (88.4480)  Acc@5: 98.7500 (99.5320)LR: 2.242e-02
2024-11-20 19:41:53,350 -                train: [    INFO] - Valid: 125 [   0/104]  Loss: 0.2859 (0.286)  Acc@1: 88.5417 (88.5417)  Acc@5: 100.0000 (100.0000)
2024-11-20 19:41:59,490 -                train: [    INFO] - Valid: 125 [ 104/104]  Loss: 0.3443 (0.275)  Acc@1: 81.2500 (91.1100)  Acc@5: 100.0000 (99.7400)
2024-11-20 19:41:59,519 -                train: [    INFO] - valid_acc 91.110002 - best_valid_acc 92.050002
2024-11-20 19:41:59,953 -                train: [    INFO] - Train: 126 [   0/520]  Loss: 0.5412 (0.541)  Acc@1: 85.4167 (85.4167)  Acc@5: 100.0000 (100.0000)LR: 2.238e-02
2024-11-20 19:42:46,100 -                train: [    INFO] - Train: 126 [ 200/520]  Loss: 0.4012 (0.470)  Acc@1: 89.5833 (88.5469)  Acc@5: 98.9583 (99.5180)LR: 2.238e-02
2024-11-20 19:43:32,056 -                train: [    INFO] - Train: 126 [ 400/520]  Loss: 0.5198 (0.480)  Acc@1: 84.3750 (88.4430)  Acc@5: 100.0000 (99.4883)LR: 2.238e-02
2024-11-20 19:43:59,775 -                train: [    INFO] - Train: 126 [ 520/520]  Loss: 0.4928 (0.480)  Acc@1: 86.2500 (88.4940)  Acc@5: 100.0000 (99.4640)LR: 2.238e-02
2024-11-20 19:44:00,024 -                train: [    INFO] - Valid: 126 [   0/104]  Loss: 0.3523 (0.352)  Acc@1: 88.5417 (88.5417)  Acc@5: 100.0000 (100.0000)
2024-11-20 19:44:06,149 -                train: [    INFO] - Valid: 126 [ 104/104]  Loss: 0.1861 (0.317)  Acc@1: 87.5000 (89.9800)  Acc@5: 100.0000 (99.6500)
2024-11-20 19:44:06,193 -                train: [    INFO] - valid_acc 89.980003 - best_valid_acc 92.050002
2024-11-20 19:44:06,630 -                train: [    INFO] - Train: 127 [   0/520]  Loss: 0.6837 (0.684)  Acc@1: 83.3333 (83.3333)  Acc@5: 98.9583 (98.9583)LR: 2.234e-02
2024-11-20 19:44:53,815 -                train: [    INFO] - Train: 127 [ 200/520]  Loss: 0.4387 (0.475)  Acc@1: 89.5833 (88.6246)  Acc@5: 98.9583 (99.5336)LR: 2.234e-02
2024-11-20 19:45:40,604 -                train: [    INFO] - Train: 127 [ 400/520]  Loss: 0.4382 (0.484)  Acc@1: 89.5833 (88.2092)  Acc@5: 100.0000 (99.5272)LR: 2.234e-02
2024-11-20 19:46:08,363 -                train: [    INFO] - Train: 127 [ 520/520]  Loss: 0.6146 (0.484)  Acc@1: 82.5000 (88.2280)  Acc@5: 100.0000 (99.5320)LR: 2.234e-02
2024-11-20 19:46:08,611 -                train: [    INFO] - Valid: 127 [   0/104]  Loss: 0.2650 (0.265)  Acc@1: 91.6667 (91.6667)  Acc@5: 100.0000 (100.0000)
2024-11-20 19:46:14,736 -                train: [    INFO] - Valid: 127 [ 104/104]  Loss: 0.1855 (0.270)  Acc@1: 87.5000 (91.3000)  Acc@5: 100.0000 (99.6600)
2024-11-20 19:46:14,762 -                train: [    INFO] - valid_acc 91.300002 - best_valid_acc 92.050002
2024-11-20 19:46:15,199 -                train: [    INFO] - Train: 128 [   0/520]  Loss: 0.3741 (0.374)  Acc@1: 89.5833 (89.5833)  Acc@5: 100.0000 (100.0000)LR: 2.230e-02
2024-11-20 19:47:01,021 -                train: [    INFO] - Train: 128 [ 200/520]  Loss: 0.4832 (0.476)  Acc@1: 88.5417 (88.5054)  Acc@5: 100.0000 (99.5647)LR: 2.230e-02
2024-11-20 19:47:46,969 -                train: [    INFO] - Train: 128 [ 400/520]  Loss: 0.4407 (0.484)  Acc@1: 88.5417 (88.1988)  Acc@5: 100.0000 (99.5402)LR: 2.230e-02
2024-11-20 19:48:14,487 -                train: [    INFO] - Train: 128 [ 520/520]  Loss: 0.4616 (0.485)  Acc@1: 91.2500 (88.1560)  Acc@5: 100.0000 (99.5260)LR: 2.230e-02
2024-11-20 19:48:14,764 -                train: [    INFO] - Valid: 128 [   0/104]  Loss: 0.3259 (0.326)  Acc@1: 92.7083 (92.7083)  Acc@5: 100.0000 (100.0000)
2024-11-20 19:48:20,900 -                train: [    INFO] - Valid: 128 [ 104/104]  Loss: 0.2426 (0.326)  Acc@1: 93.7500 (89.5200)  Acc@5: 100.0000 (99.6100)
2024-11-20 19:48:20,946 -                train: [    INFO] - valid_acc 89.520003 - best_valid_acc 92.050002
2024-11-20 19:48:21,454 -                train: [    INFO] - Train: 129 [   0/520]  Loss: 0.4587 (0.459)  Acc@1: 90.6250 (90.6250)  Acc@5: 100.0000 (100.0000)LR: 2.226e-02
2024-11-20 19:49:07,169 -                train: [    INFO] - Train: 129 [ 200/520]  Loss: 0.3580 (0.445)  Acc@1: 91.6667 (89.2983)  Acc@5: 100.0000 (99.5699)LR: 2.226e-02
2024-11-20 19:49:52,700 -                train: [    INFO] - Train: 129 [ 400/520]  Loss: 0.5229 (0.464)  Acc@1: 87.5000 (88.7391)  Acc@5: 96.8750 (99.5272)LR: 2.226e-02
2024-11-20 19:50:19,979 -                train: [    INFO] - Train: 129 [ 520/520]  Loss: 0.5734 (0.469)  Acc@1: 85.0000 (88.6020)  Acc@5: 98.7500 (99.5080)LR: 2.226e-02
2024-11-20 19:50:20,222 -                train: [    INFO] - Valid: 129 [   0/104]  Loss: 0.2168 (0.217)  Acc@1: 91.6667 (91.6667)  Acc@5: 100.0000 (100.0000)
2024-11-20 19:50:26,359 -                train: [    INFO] - Valid: 129 [ 104/104]  Loss: 0.4513 (0.287)  Acc@1: 87.5000 (90.4600)  Acc@5: 100.0000 (99.7500)
2024-11-20 19:50:26,387 -                train: [    INFO] - valid_acc 90.460003 - best_valid_acc 92.050002
2024-11-20 19:50:26,837 -                train: [    INFO] - Train: 130 [   0/520]  Loss: 0.4754 (0.475)  Acc@1: 92.7083 (92.7083)  Acc@5: 100.0000 (100.0000)LR: 2.221e-02
2024-11-20 19:51:12,477 -                train: [    INFO] - Train: 130 [ 200/520]  Loss: 0.3200 (0.463)  Acc@1: 94.7917 (88.9459)  Acc@5: 98.9583 (99.5180)LR: 2.221e-02
2024-11-20 19:51:57,876 -                train: [    INFO] - Train: 130 [ 400/520]  Loss: 0.4369 (0.472)  Acc@1: 88.5417 (88.5650)  Acc@5: 100.0000 (99.5324)LR: 2.221e-02
2024-11-20 19:52:25,275 -                train: [    INFO] - Train: 130 [ 520/520]  Loss: 0.4750 (0.474)  Acc@1: 85.0000 (88.5660)  Acc@5: 100.0000 (99.5380)LR: 2.221e-02
2024-11-20 19:52:25,561 -                train: [    INFO] - Valid: 130 [   0/104]  Loss: 0.2712 (0.271)  Acc@1: 90.6250 (90.6250)  Acc@5: 100.0000 (100.0000)
2024-11-20 19:52:31,686 -                train: [    INFO] - Valid: 130 [ 104/104]  Loss: 0.1555 (0.272)  Acc@1: 93.7500 (90.8800)  Acc@5: 100.0000 (99.7900)
2024-11-20 19:52:31,711 -                train: [    INFO] - valid_acc 90.880003 - best_valid_acc 92.050002
2024-11-20 19:52:32,143 -                train: [    INFO] - Train: 131 [   0/520]  Loss: 0.3665 (0.367)  Acc@1: 91.6667 (91.6667)  Acc@5: 100.0000 (100.0000)LR: 2.217e-02
2024-11-20 19:53:18,699 -                train: [    INFO] - Train: 131 [ 200/520]  Loss: 0.4084 (0.458)  Acc@1: 92.7083 (88.9252)  Acc@5: 100.0000 (99.6010)LR: 2.217e-02
2024-11-20 19:54:05,359 -                train: [    INFO] - Train: 131 [ 400/520]  Loss: 0.6706 (0.469)  Acc@1: 85.4167 (88.7235)  Acc@5: 100.0000 (99.5714)LR: 2.217e-02
2024-11-20 19:54:33,404 -                train: [    INFO] - Train: 131 [ 520/520]  Loss: 0.4626 (0.470)  Acc@1: 82.5000 (88.6680)  Acc@5: 100.0000 (99.5660)LR: 2.217e-02
2024-11-20 19:54:33,704 -                train: [    INFO] - Valid: 131 [   0/104]  Loss: 0.5765 (0.576)  Acc@1: 80.2083 (80.2083)  Acc@5: 100.0000 (100.0000)
2024-11-20 19:54:39,894 -                train: [    INFO] - Valid: 131 [ 104/104]  Loss: 0.2011 (0.329)  Acc@1: 93.7500 (89.3200)  Acc@5: 100.0000 (99.7000)
2024-11-20 19:54:39,924 -                train: [    INFO] - valid_acc 89.320003 - best_valid_acc 92.050002
2024-11-20 19:54:40,362 -                train: [    INFO] - Train: 132 [   0/520]  Loss: 0.3345 (0.335)  Acc@1: 89.5833 (89.5833)  Acc@5: 100.0000 (100.0000)LR: 2.213e-02
2024-11-20 19:55:28,639 -                train: [    INFO] - Train: 132 [ 200/520]  Loss: 0.6259 (0.476)  Acc@1: 83.3333 (88.2618)  Acc@5: 100.0000 (99.5595)LR: 2.213e-02
2024-11-20 19:56:15,849 -                train: [    INFO] - Train: 132 [ 400/520]  Loss: 0.5387 (0.473)  Acc@1: 87.5000 (88.3209)  Acc@5: 100.0000 (99.5974)LR: 2.213e-02
2024-11-20 19:56:43,622 -                train: [    INFO] - Train: 132 [ 520/520]  Loss: 0.2841 (0.477)  Acc@1: 91.2500 (88.2280)  Acc@5: 100.0000 (99.5740)LR: 2.213e-02
2024-11-20 19:56:43,913 -                train: [    INFO] - Valid: 132 [   0/104]  Loss: 0.3632 (0.363)  Acc@1: 86.4583 (86.4583)  Acc@5: 100.0000 (100.0000)
2024-11-20 19:56:50,054 -                train: [    INFO] - Valid: 132 [ 104/104]  Loss: 0.06850 (0.293)  Acc@1: 100.0000 (90.5300)  Acc@5: 100.0000 (99.7600)
2024-11-20 19:56:50,083 -                train: [    INFO] - valid_acc 90.530003 - best_valid_acc 92.050002
2024-11-20 19:56:50,579 -                train: [    INFO] - Train: 133 [   0/520]  Loss: 0.4141 (0.414)  Acc@1: 87.5000 (87.5000)  Acc@5: 98.9583 (98.9583)LR: 2.209e-02
2024-11-20 19:57:36,319 -                train: [    INFO] - Train: 133 [ 200/520]  Loss: 0.4965 (0.472)  Acc@1: 85.4167 (88.4432)  Acc@5: 98.9583 (99.5077)LR: 2.209e-02
2024-11-20 19:58:22,265 -                train: [    INFO] - Train: 133 [ 400/520]  Loss: 0.4808 (0.469)  Acc@1: 87.5000 (88.5391)  Acc@5: 98.9583 (99.5246)LR: 2.209e-02
2024-11-20 19:58:49,626 -                train: [    INFO] - Train: 133 [ 520/520]  Loss: 0.5188 (0.477)  Acc@1: 87.5000 (88.3060)  Acc@5: 100.0000 (99.5120)LR: 2.209e-02
2024-11-20 19:58:49,865 -                train: [    INFO] - Valid: 133 [   0/104]  Loss: 0.2306 (0.231)  Acc@1: 91.6667 (91.6667)  Acc@5: 100.0000 (100.0000)
2024-11-20 19:58:56,092 -                train: [    INFO] - Valid: 133 [ 104/104]  Loss: 0.1212 (0.250)  Acc@1: 93.7500 (91.5300)  Acc@5: 100.0000 (99.7700)
2024-11-20 19:58:56,126 -                train: [    INFO] - valid_acc 91.530002 - best_valid_acc 92.050002
2024-11-20 19:58:56,612 -                train: [    INFO] - Train: 134 [   0/520]  Loss: 0.4905 (0.490)  Acc@1: 85.4167 (85.4167)  Acc@5: 98.9583 (98.9583)LR: 2.205e-02
2024-11-20 19:59:42,356 -                train: [    INFO] - Train: 134 [ 200/520]  Loss: 0.5140 (0.472)  Acc@1: 86.4583 (88.3344)  Acc@5: 100.0000 (99.5491)LR: 2.205e-02
2024-11-20 20:00:28,057 -                train: [    INFO] - Train: 134 [ 400/520]  Loss: 0.5872 (0.472)  Acc@1: 86.4583 (88.3676)  Acc@5: 98.9583 (99.5272)LR: 2.205e-02
2024-11-20 20:00:55,600 -                train: [    INFO] - Train: 134 [ 520/520]  Loss: 0.4410 (0.474)  Acc@1: 88.7500 (88.3140)  Acc@5: 98.7500 (99.5400)LR: 2.205e-02
2024-11-20 20:00:55,954 -                train: [    INFO] - Valid: 134 [   0/104]  Loss: 0.2216 (0.222)  Acc@1: 90.6250 (90.6250)  Acc@5: 100.0000 (100.0000)
2024-11-20 20:01:02,180 -                train: [    INFO] - Valid: 134 [ 104/104]  Loss: 0.4019 (0.286)  Acc@1: 81.2500 (90.7400)  Acc@5: 100.0000 (99.6600)
2024-11-20 20:01:02,223 -                train: [    INFO] - valid_acc 90.740003 - best_valid_acc 92.050002
2024-11-20 20:01:02,710 -                train: [    INFO] - Train: 135 [   0/520]  Loss: 0.3286 (0.329)  Acc@1: 92.7083 (92.7083)  Acc@5: 100.0000 (100.0000)LR: 2.201e-02
2024-11-20 20:01:48,686 -                train: [    INFO] - Train: 135 [ 200/520]  Loss: 0.5032 (0.446)  Acc@1: 89.5833 (89.2206)  Acc@5: 100.0000 (99.5750)LR: 2.201e-02
2024-11-20 20:02:34,409 -                train: [    INFO] - Train: 135 [ 400/520]  Loss: 0.4263 (0.463)  Acc@1: 86.4583 (88.7677)  Acc@5: 100.0000 (99.5558)LR: 2.201e-02
2024-11-20 20:03:01,773 -                train: [    INFO] - Train: 135 [ 520/520]  Loss: 0.4369 (0.466)  Acc@1: 86.2500 (88.7040)  Acc@5: 100.0000 (99.5500)LR: 2.201e-02
2024-11-20 20:03:02,114 -                train: [    INFO] - Valid: 135 [   0/104]  Loss: 0.3323 (0.332)  Acc@1: 88.5417 (88.5417)  Acc@5: 100.0000 (100.0000)
2024-11-20 20:03:08,297 -                train: [    INFO] - Valid: 135 [ 104/104]  Loss: 0.3364 (0.295)  Acc@1: 87.5000 (90.6300)  Acc@5: 100.0000 (99.7800)
2024-11-20 20:03:08,338 -                train: [    INFO] - valid_acc 90.630002 - best_valid_acc 92.050002
2024-11-20 20:03:08,771 -                train: [    INFO] - Train: 136 [   0/520]  Loss: 0.4594 (0.459)  Acc@1: 89.5833 (89.5833)  Acc@5: 100.0000 (100.0000)LR: 2.196e-02
2024-11-20 20:03:54,697 -                train: [    INFO] - Train: 136 [ 200/520]  Loss: 0.4337 (0.461)  Acc@1: 90.6250 (88.8319)  Acc@5: 98.9583 (99.5180)LR: 2.196e-02
2024-11-20 20:04:40,243 -                train: [    INFO] - Train: 136 [ 400/520]  Loss: 0.4816 (0.472)  Acc@1: 90.6250 (88.6664)  Acc@5: 98.9583 (99.5324)LR: 2.196e-02
2024-11-20 20:05:07,641 -                train: [    INFO] - Train: 136 [ 520/520]  Loss: 0.4847 (0.471)  Acc@1: 88.7500 (88.6940)  Acc@5: 100.0000 (99.5340)LR: 2.196e-02
2024-11-20 20:05:07,865 -                train: [    INFO] - Valid: 136 [   0/104]  Loss: 0.4169 (0.417)  Acc@1: 89.5833 (89.5833)  Acc@5: 100.0000 (100.0000)
2024-11-20 20:05:14,031 -                train: [    INFO] - Valid: 136 [ 104/104]  Loss: 0.2581 (0.286)  Acc@1: 87.5000 (90.7700)  Acc@5: 100.0000 (99.7600)
2024-11-20 20:05:14,066 -                train: [    INFO] - valid_acc 90.770002 - best_valid_acc 92.050002
2024-11-20 20:05:14,528 -                train: [    INFO] - Train: 137 [   0/520]  Loss: 0.3697 (0.370)  Acc@1: 89.5833 (89.5833)  Acc@5: 100.0000 (100.0000)LR: 2.192e-02
2024-11-20 20:06:00,451 -                train: [    INFO] - Train: 137 [ 200/520]  Loss: 0.3182 (0.468)  Acc@1: 93.7500 (88.4795)  Acc@5: 100.0000 (99.5336)LR: 2.192e-02
2024-11-20 20:06:46,073 -                train: [    INFO] - Train: 137 [ 400/520]  Loss: 0.5850 (0.468)  Acc@1: 81.2500 (88.5573)  Acc@5: 100.0000 (99.5402)LR: 2.192e-02
2024-11-20 20:07:13,617 -                train: [    INFO] - Train: 137 [ 520/520]  Loss: 0.4601 (0.473)  Acc@1: 87.5000 (88.4720)  Acc@5: 100.0000 (99.5140)LR: 2.192e-02
2024-11-20 20:07:13,883 -                train: [    INFO] - Valid: 137 [   0/104]  Loss: 0.3399 (0.340)  Acc@1: 91.6667 (91.6667)  Acc@5: 100.0000 (100.0000)
2024-11-20 20:07:20,027 -                train: [    INFO] - Valid: 137 [ 104/104]  Loss: 0.5169 (0.289)  Acc@1: 87.5000 (90.5100)  Acc@5: 100.0000 (99.7800)
2024-11-20 20:07:20,057 -                train: [    INFO] - valid_acc 90.510002 - best_valid_acc 92.050002
2024-11-20 20:07:20,549 -                train: [    INFO] - Train: 138 [   0/520]  Loss: 0.3908 (0.391)  Acc@1: 91.6667 (91.6667)  Acc@5: 100.0000 (100.0000)LR: 2.188e-02
2024-11-20 20:08:07,316 -                train: [    INFO] - Train: 138 [ 200/520]  Loss: 0.3343 (0.474)  Acc@1: 89.5833 (88.4536)  Acc@5: 100.0000 (99.4869)LR: 2.188e-02
2024-11-20 20:08:53,231 -                train: [    INFO] - Train: 138 [ 400/520]  Loss: 0.4056 (0.474)  Acc@1: 90.6250 (88.4845)  Acc@5: 100.0000 (99.4805)LR: 2.188e-02
2024-11-20 20:09:20,837 -                train: [    INFO] - Train: 138 [ 520/520]  Loss: 0.6083 (0.469)  Acc@1: 90.0000 (88.6000)  Acc@5: 100.0000 (99.4960)LR: 2.188e-02
2024-11-20 20:09:21,132 -                train: [    INFO] - Valid: 138 [   0/104]  Loss: 0.4019 (0.402)  Acc@1: 89.5833 (89.5833)  Acc@5: 97.9167 (97.9167)
2024-11-20 20:09:27,314 -                train: [    INFO] - Valid: 138 [ 104/104]  Loss: 0.09035 (0.343)  Acc@1: 100.0000 (89.4100)  Acc@5: 100.0000 (99.5700)
2024-11-20 20:09:27,342 -                train: [    INFO] - valid_acc 89.410003 - best_valid_acc 92.050002
2024-11-20 20:09:27,855 -                train: [    INFO] - Train: 139 [   0/520]  Loss: 0.5403 (0.540)  Acc@1: 86.4583 (86.4583)  Acc@5: 98.9583 (98.9583)LR: 2.183e-02
2024-11-20 20:10:14,445 -                train: [    INFO] - Train: 139 [ 200/520]  Loss: 0.3918 (0.458)  Acc@1: 91.6667 (88.6609)  Acc@5: 98.9583 (99.5284)LR: 2.183e-02
2024-11-20 20:11:00,354 -                train: [    INFO] - Train: 139 [ 400/520]  Loss: 0.5308 (0.467)  Acc@1: 89.5833 (88.5780)  Acc@5: 98.9583 (99.5324)LR: 2.183e-02
2024-11-20 20:11:28,023 -                train: [    INFO] - Train: 139 [ 520/520]  Loss: 0.3125 (0.469)  Acc@1: 93.7500 (88.5520)  Acc@5: 100.0000 (99.5120)LR: 2.183e-02
2024-11-20 20:11:28,281 -                train: [    INFO] - Valid: 139 [   0/104]  Loss: 0.2697 (0.270)  Acc@1: 88.5417 (88.5417)  Acc@5: 100.0000 (100.0000)
2024-11-20 20:11:34,472 -                train: [    INFO] - Valid: 139 [ 104/104]  Loss: 0.1162 (0.281)  Acc@1: 93.7500 (91.0100)  Acc@5: 100.0000 (99.7900)
2024-11-20 20:11:34,507 -                train: [    INFO] - valid_acc 91.010002 - best_valid_acc 92.050002
2024-11-20 20:11:34,986 -                train: [    INFO] - Train: 140 [   0/520]  Loss: 0.3312 (0.331)  Acc@1: 90.6250 (90.6250)  Acc@5: 100.0000 (100.0000)LR: 2.179e-02
2024-11-20 20:12:21,325 -                train: [    INFO] - Train: 140 [ 200/520]  Loss: 0.4994 (0.463)  Acc@1: 88.5417 (88.8319)  Acc@5: 98.9583 (99.6165)LR: 2.179e-02
2024-11-20 20:13:06,909 -                train: [    INFO] - Train: 140 [ 400/520]  Loss: 0.5754 (0.472)  Acc@1: 83.3333 (88.4559)  Acc@5: 98.9583 (99.6233)LR: 2.179e-02
2024-11-20 20:13:34,257 -                train: [    INFO] - Train: 140 [ 520/520]  Loss: 0.4155 (0.470)  Acc@1: 91.2500 (88.5300)  Acc@5: 98.7500 (99.6260)LR: 2.179e-02
2024-11-20 20:13:34,505 -                train: [    INFO] - Valid: 140 [   0/104]  Loss: 0.2554 (0.255)  Acc@1: 91.6667 (91.6667)  Acc@5: 98.9583 (98.9583)
2024-11-20 20:13:40,642 -                train: [    INFO] - Valid: 140 [ 104/104]  Loss: 0.1516 (0.257)  Acc@1: 100.0000 (91.2700)  Acc@5: 100.0000 (99.5000)
2024-11-20 20:13:40,675 -                train: [    INFO] - valid_acc 91.270002 - best_valid_acc 92.050002
2024-11-20 20:13:41,120 -                train: [    INFO] - Train: 141 [   0/520]  Loss: 0.3819 (0.382)  Acc@1: 90.6250 (90.6250)  Acc@5: 100.0000 (100.0000)LR: 2.175e-02
2024-11-20 20:14:26,831 -                train: [    INFO] - Train: 141 [ 200/520]  Loss: 0.2703 (0.454)  Acc@1: 92.7083 (88.9511)  Acc@5: 100.0000 (99.5232)LR: 2.175e-02
2024-11-20 20:15:12,409 -                train: [    INFO] - Train: 141 [ 400/520]  Loss: 0.5535 (0.463)  Acc@1: 86.4583 (88.6664)  Acc@5: 100.0000 (99.5142)LR: 2.175e-02
2024-11-20 20:15:39,638 -                train: [    INFO] - Train: 141 [ 520/520]  Loss: 0.3209 (0.467)  Acc@1: 88.7500 (88.5840)  Acc@5: 100.0000 (99.5200)LR: 2.175e-02
2024-11-20 20:15:39,864 -                train: [    INFO] - Valid: 141 [   0/104]  Loss: 0.2429 (0.243)  Acc@1: 90.6250 (90.6250)  Acc@5: 100.0000 (100.0000)
2024-11-20 20:15:45,993 -                train: [    INFO] - Valid: 141 [ 104/104]  Loss: 0.3557 (0.261)  Acc@1: 93.7500 (90.9900)  Acc@5: 100.0000 (99.7800)
2024-11-20 20:15:46,018 -                train: [    INFO] - valid_acc 90.990003 - best_valid_acc 92.050002
2024-11-20 20:15:46,530 -                train: [    INFO] - Train: 142 [   0/520]  Loss: 0.5674 (0.567)  Acc@1: 86.4583 (86.4583)  Acc@5: 98.9583 (98.9583)LR: 2.170e-02
2024-11-20 20:16:32,121 -                train: [    INFO] - Train: 142 [ 200/520]  Loss: 0.4400 (0.462)  Acc@1: 87.5000 (88.8267)  Acc@5: 98.9583 (99.5854)LR: 2.170e-02
2024-11-20 20:17:17,716 -                train: [    INFO] - Train: 142 [ 400/520]  Loss: 0.5454 (0.468)  Acc@1: 87.5000 (88.6638)  Acc@5: 98.9583 (99.6078)LR: 2.170e-02
2024-11-20 20:17:45,133 -                train: [    INFO] - Train: 142 [ 520/520]  Loss: 0.5940 (0.468)  Acc@1: 86.2500 (88.6060)  Acc@5: 96.2500 (99.5580)LR: 2.170e-02
2024-11-20 20:17:45,368 -                train: [    INFO] - Valid: 142 [   0/104]  Loss: 0.2022 (0.202)  Acc@1: 94.7917 (94.7917)  Acc@5: 100.0000 (100.0000)
2024-11-20 20:17:51,494 -                train: [    INFO] - Valid: 142 [ 104/104]  Loss: 0.1173 (0.254)  Acc@1: 100.0000 (91.6200)  Acc@5: 100.0000 (99.7800)
2024-11-20 20:17:51,520 -                train: [    INFO] - valid_acc 91.620003 - best_valid_acc 92.050002
2024-11-20 20:17:51,961 -                train: [    INFO] - Train: 143 [   0/520]  Loss: 0.3842 (0.384)  Acc@1: 89.5833 (89.5833)  Acc@5: 100.0000 (100.0000)LR: 2.166e-02
2024-11-20 20:18:37,926 -                train: [    INFO] - Train: 143 [ 200/520]  Loss: 0.7247 (0.458)  Acc@1: 80.2083 (88.8112)  Acc@5: 97.9167 (99.5439)LR: 2.166e-02
2024-11-20 20:19:23,667 -                train: [    INFO] - Train: 143 [ 400/520]  Loss: 0.5023 (0.466)  Acc@1: 90.6250 (88.7521)  Acc@5: 97.9167 (99.5480)LR: 2.166e-02
2024-11-20 20:19:50,839 -                train: [    INFO] - Train: 143 [ 520/520]  Loss: 0.4704 (0.467)  Acc@1: 90.0000 (88.7000)  Acc@5: 98.7500 (99.5440)LR: 2.166e-02
2024-11-20 20:19:51,090 -                train: [    INFO] - Valid: 143 [   0/104]  Loss: 0.1301 (0.130)  Acc@1: 94.7917 (94.7917)  Acc@5: 100.0000 (100.0000)
2024-11-20 20:19:57,213 -                train: [    INFO] - Valid: 143 [ 104/104]  Loss: 0.2544 (0.266)  Acc@1: 87.5000 (91.4000)  Acc@5: 100.0000 (99.7000)
2024-11-20 20:19:57,267 -                train: [    INFO] - valid_acc 91.400003 - best_valid_acc 92.050002
2024-11-20 20:19:57,689 -                train: [    INFO] - Train: 144 [   0/520]  Loss: 0.3464 (0.346)  Acc@1: 91.6667 (91.6667)  Acc@5: 100.0000 (100.0000)LR: 2.161e-02
2024-11-20 20:20:43,467 -                train: [    INFO] - Train: 144 [ 200/520]  Loss: 0.2334 (0.452)  Acc@1: 95.8333 (89.2672)  Acc@5: 100.0000 (99.5958)LR: 2.161e-02
2024-11-20 20:21:29,305 -                train: [    INFO] - Train: 144 [ 400/520]  Loss: 0.5089 (0.454)  Acc@1: 86.4583 (89.1106)  Acc@5: 98.9583 (99.6155)LR: 2.161e-02
2024-11-20 20:21:56,592 -                train: [    INFO] - Train: 144 [ 520/520]  Loss: 0.5179 (0.459)  Acc@1: 86.2500 (89.0060)  Acc@5: 100.0000 (99.6060)LR: 2.161e-02
2024-11-20 20:21:56,821 -                train: [    INFO] - Valid: 144 [   0/104]  Loss: 0.2858 (0.286)  Acc@1: 90.6250 (90.6250)  Acc@5: 100.0000 (100.0000)
2024-11-20 20:22:02,946 -                train: [    INFO] - Valid: 144 [ 104/104]  Loss: 0.1718 (0.278)  Acc@1: 87.5000 (91.2000)  Acc@5: 100.0000 (99.6400)
2024-11-20 20:22:02,971 -                train: [    INFO] - valid_acc 91.200003 - best_valid_acc 92.050002
2024-11-20 20:22:03,423 -                train: [    INFO] - Train: 145 [   0/520]  Loss: 0.4982 (0.498)  Acc@1: 87.5000 (87.5000)  Acc@5: 100.0000 (100.0000)LR: 2.157e-02
2024-11-20 20:22:49,016 -                train: [    INFO] - Train: 145 [ 200/520]  Loss: 0.3443 (0.463)  Acc@1: 90.6250 (88.8785)  Acc@5: 100.0000 (99.5491)LR: 2.157e-02
2024-11-20 20:23:34,565 -                train: [    INFO] - Train: 145 [ 400/520]  Loss: 0.4547 (0.468)  Acc@1: 86.4583 (88.5936)  Acc@5: 100.0000 (99.6104)LR: 2.157e-02
2024-11-20 20:24:01,844 -                train: [    INFO] - Train: 145 [ 520/520]  Loss: 0.4257 (0.470)  Acc@1: 85.0000 (88.5760)  Acc@5: 100.0000 (99.5980)LR: 2.157e-02
2024-11-20 20:24:02,090 -                train: [    INFO] - Valid: 145 [   0/104]  Loss: 0.2352 (0.235)  Acc@1: 92.7083 (92.7083)  Acc@5: 100.0000 (100.0000)
2024-11-20 20:24:08,223 -                train: [    INFO] - Valid: 145 [ 104/104]  Loss: 0.3574 (0.269)  Acc@1: 81.2500 (91.0300)  Acc@5: 100.0000 (99.8000)
2024-11-20 20:24:08,250 -                train: [    INFO] - valid_acc 91.030002 - best_valid_acc 92.050002
2024-11-20 20:24:08,686 -                train: [    INFO] - Train: 146 [   0/520]  Loss: 0.4517 (0.452)  Acc@1: 84.3750 (84.3750)  Acc@5: 100.0000 (100.0000)LR: 2.152e-02
2024-11-20 20:24:54,209 -                train: [    INFO] - Train: 146 [ 200/520]  Loss: 0.4351 (0.465)  Acc@1: 90.6250 (88.5572)  Acc@5: 100.0000 (99.5647)LR: 2.152e-02
2024-11-20 20:25:39,846 -                train: [    INFO] - Train: 146 [ 400/520]  Loss: 0.5263 (0.465)  Acc@1: 84.3750 (88.6404)  Acc@5: 98.9583 (99.5220)LR: 2.152e-02
2024-11-20 20:26:07,121 -                train: [    INFO] - Train: 146 [ 520/520]  Loss: 0.4073 (0.470)  Acc@1: 88.7500 (88.4860)  Acc@5: 100.0000 (99.5240)LR: 2.152e-02
2024-11-20 20:26:07,401 -                train: [    INFO] - Valid: 146 [   0/104]  Loss: 0.2525 (0.253)  Acc@1: 92.7083 (92.7083)  Acc@5: 98.9583 (98.9583)
2024-11-20 20:26:13,528 -                train: [    INFO] - Valid: 146 [ 104/104]  Loss: 0.5627 (0.285)  Acc@1: 81.2500 (90.7100)  Acc@5: 100.0000 (99.7000)
2024-11-20 20:26:13,553 -                train: [    INFO] - valid_acc 90.710002 - best_valid_acc 92.050002
2024-11-20 20:26:13,938 -                train: [    INFO] - Train: 147 [   0/520]  Loss: 0.4515 (0.451)  Acc@1: 88.5417 (88.5417)  Acc@5: 100.0000 (100.0000)LR: 2.148e-02
2024-11-20 20:26:59,864 -                train: [    INFO] - Train: 147 [ 200/520]  Loss: 0.3585 (0.452)  Acc@1: 91.6667 (89.2568)  Acc@5: 98.9583 (99.6217)LR: 2.148e-02
2024-11-20 20:27:45,614 -                train: [    INFO] - Train: 147 [ 400/520]  Loss: 0.5022 (0.457)  Acc@1: 87.5000 (89.0404)  Acc@5: 100.0000 (99.6207)LR: 2.148e-02
2024-11-20 20:28:13,104 -                train: [    INFO] - Train: 147 [ 520/520]  Loss: 0.4757 (0.461)  Acc@1: 92.5000 (88.8960)  Acc@5: 100.0000 (99.6020)LR: 2.148e-02
2024-11-20 20:28:13,357 -                train: [    INFO] - Valid: 147 [   0/104]  Loss: 0.3053 (0.305)  Acc@1: 88.5417 (88.5417)  Acc@5: 100.0000 (100.0000)
2024-11-20 20:28:19,480 -                train: [    INFO] - Valid: 147 [ 104/104]  Loss: 0.3476 (0.267)  Acc@1: 81.2500 (91.1700)  Acc@5: 100.0000 (99.5500)
2024-11-20 20:28:19,517 -                train: [    INFO] - valid_acc 91.170003 - best_valid_acc 92.050002
2024-11-20 20:28:20,010 -                train: [    INFO] - Train: 148 [   0/520]  Loss: 0.3695 (0.370)  Acc@1: 90.6250 (90.6250)  Acc@5: 100.0000 (100.0000)LR: 2.143e-02
2024-11-20 20:29:05,513 -                train: [    INFO] - Train: 148 [ 200/520]  Loss: 0.2713 (0.436)  Acc@1: 93.7500 (89.3657)  Acc@5: 100.0000 (99.6217)LR: 2.143e-02
2024-11-20 20:29:51,074 -                train: [    INFO] - Train: 148 [ 400/520]  Loss: 0.6006 (0.443)  Acc@1: 85.4167 (89.3028)  Acc@5: 100.0000 (99.6181)LR: 2.143e-02
2024-11-20 20:30:18,562 -                train: [    INFO] - Train: 148 [ 520/520]  Loss: 0.4416 (0.455)  Acc@1: 87.5000 (89.0300)  Acc@5: 100.0000 (99.5880)LR: 2.143e-02
2024-11-20 20:30:18,836 -                train: [    INFO] - Valid: 148 [   0/104]  Loss: 0.3562 (0.356)  Acc@1: 88.5417 (88.5417)  Acc@5: 100.0000 (100.0000)
2024-11-20 20:30:24,975 -                train: [    INFO] - Valid: 148 [ 104/104]  Loss: 0.5873 (0.298)  Acc@1: 93.7500 (90.6200)  Acc@5: 100.0000 (99.7500)
2024-11-20 20:30:25,011 -                train: [    INFO] - valid_acc 90.620002 - best_valid_acc 92.050002
2024-11-20 20:30:25,477 -                train: [    INFO] - Train: 149 [   0/520]  Loss: 0.6179 (0.618)  Acc@1: 85.4167 (85.4167)  Acc@5: 98.9583 (98.9583)LR: 2.138e-02
2024-11-20 20:31:12,933 -                train: [    INFO] - Train: 149 [ 200/520]  Loss: 0.4256 (0.453)  Acc@1: 89.5833 (89.1376)  Acc@5: 98.9583 (99.5336)LR: 2.138e-02
2024-11-20 20:32:01,206 -                train: [    INFO] - Train: 149 [ 400/520]  Loss: 0.5101 (0.459)  Acc@1: 88.5417 (88.8820)  Acc@5: 100.0000 (99.5376)LR: 2.138e-02
2024-11-20 20:32:28,915 -                train: [    INFO] - Train: 149 [ 520/520]  Loss: 0.4760 (0.470)  Acc@1: 85.0000 (88.6620)  Acc@5: 100.0000 (99.5260)LR: 2.138e-02
2024-11-20 20:32:29,169 -                train: [    INFO] - Valid: 149 [   0/104]  Loss: 0.3468 (0.347)  Acc@1: 90.6250 (90.6250)  Acc@5: 100.0000 (100.0000)
2024-11-20 20:32:35,298 -                train: [    INFO] - Valid: 149 [ 104/104]  Loss: 0.5727 (0.274)  Acc@1: 87.5000 (91.1900)  Acc@5: 100.0000 (99.6600)
2024-11-20 20:32:35,325 -                train: [    INFO] - valid_acc 91.190003 - best_valid_acc 92.050002
2024-11-20 20:32:35,728 -                train: [    INFO] - Train: 150 [   0/520]  Loss: 0.4453 (0.445)  Acc@1: 88.5417 (88.5417)  Acc@5: 98.9583 (98.9583)LR: 2.134e-02
2024-11-20 20:33:21,541 -                train: [    INFO] - Train: 150 [ 200/520]  Loss: 0.5586 (0.432)  Acc@1: 87.5000 (89.3346)  Acc@5: 100.0000 (99.6942)LR: 2.134e-02
2024-11-20 20:34:07,396 -                train: [    INFO] - Train: 150 [ 400/520]  Loss: 0.4797 (0.455)  Acc@1: 85.4167 (88.8014)  Acc@5: 100.0000 (99.6311)LR: 2.134e-02
2024-11-20 20:34:34,694 -                train: [    INFO] - Train: 150 [ 520/520]  Loss: 0.2999 (0.458)  Acc@1: 93.7500 (88.7840)  Acc@5: 100.0000 (99.6120)LR: 2.134e-02
2024-11-20 20:34:34,924 -                train: [    INFO] - Valid: 150 [   0/104]  Loss: 0.2398 (0.240)  Acc@1: 91.6667 (91.6667)  Acc@5: 100.0000 (100.0000)
2024-11-20 20:34:41,054 -                train: [    INFO] - Valid: 150 [ 104/104]  Loss: 0.1534 (0.281)  Acc@1: 93.7500 (90.6800)  Acc@5: 100.0000 (99.7600)
2024-11-20 20:34:41,085 -                train: [    INFO] - valid_acc 90.680003 - best_valid_acc 92.050002
2024-11-20 20:34:41,512 -                train: [    INFO] - Train: 151 [   0/520]  Loss: 0.2993 (0.299)  Acc@1: 92.7083 (92.7083)  Acc@5: 100.0000 (100.0000)LR: 2.129e-02
2024-11-20 20:35:26,992 -                train: [    INFO] - Train: 151 [ 200/520]  Loss: 0.2650 (0.441)  Acc@1: 93.7500 (89.2724)  Acc@5: 100.0000 (99.5699)LR: 2.129e-02
2024-11-20 20:36:12,702 -                train: [    INFO] - Train: 151 [ 400/520]  Loss: 0.7149 (0.453)  Acc@1: 82.2917 (89.0456)  Acc@5: 97.9167 (99.6026)LR: 2.129e-02
2024-11-20 20:36:39,998 -                train: [    INFO] - Train: 151 [ 520/520]  Loss: 0.5545 (0.460)  Acc@1: 81.2500 (88.7920)  Acc@5: 100.0000 (99.5740)LR: 2.129e-02
2024-11-20 20:36:40,262 -                train: [    INFO] - Valid: 151 [   0/104]  Loss: 0.2787 (0.279)  Acc@1: 91.6667 (91.6667)  Acc@5: 100.0000 (100.0000)
2024-11-20 20:36:46,420 -                train: [    INFO] - Valid: 151 [ 104/104]  Loss: 0.2867 (0.292)  Acc@1: 93.7500 (90.6400)  Acc@5: 100.0000 (99.7600)
2024-11-20 20:36:46,447 -                train: [    INFO] - valid_acc 90.640002 - best_valid_acc 92.050002
2024-11-20 20:36:46,892 -                train: [    INFO] - Train: 152 [   0/520]  Loss: 0.3362 (0.336)  Acc@1: 91.6667 (91.6667)  Acc@5: 98.9583 (98.9583)LR: 2.125e-02
2024-11-20 20:37:32,794 -                train: [    INFO] - Train: 152 [ 200/520]  Loss: 0.4798 (0.450)  Acc@1: 90.6250 (89.0910)  Acc@5: 100.0000 (99.5699)LR: 2.125e-02
2024-11-20 20:38:18,583 -                train: [    INFO] - Train: 152 [ 400/520]  Loss: 0.5209 (0.458)  Acc@1: 85.4167 (88.8664)  Acc@5: 100.0000 (99.5714)LR: 2.125e-02
2024-11-20 20:38:45,924 -                train: [    INFO] - Train: 152 [ 520/520]  Loss: 0.2482 (0.461)  Acc@1: 95.0000 (88.8120)  Acc@5: 100.0000 (99.5780)LR: 2.125e-02
2024-11-20 20:38:46,162 -                train: [    INFO] - Valid: 152 [   0/104]  Loss: 0.3394 (0.339)  Acc@1: 86.4583 (86.4583)  Acc@5: 100.0000 (100.0000)
2024-11-20 20:38:52,287 -                train: [    INFO] - Valid: 152 [ 104/104]  Loss: 0.3050 (0.293)  Acc@1: 87.5000 (90.5400)  Acc@5: 100.0000 (99.6300)
2024-11-20 20:38:52,315 -                train: [    INFO] - valid_acc 90.540002 - best_valid_acc 92.050002
2024-11-20 20:38:52,751 -                train: [    INFO] - Train: 153 [   0/520]  Loss: 0.6632 (0.663)  Acc@1: 82.2917 (82.2917)  Acc@5: 98.9583 (98.9583)LR: 2.120e-02
2024-11-20 20:39:39,513 -                train: [    INFO] - Train: 153 [ 200/520]  Loss: 0.4312 (0.467)  Acc@1: 88.5417 (88.6971)  Acc@5: 98.9583 (99.5077)LR: 2.120e-02
2024-11-20 20:40:25,744 -                train: [    INFO] - Train: 153 [ 400/520]  Loss: 0.6193 (0.463)  Acc@1: 81.2500 (88.8066)  Acc@5: 100.0000 (99.5428)LR: 2.120e-02
2024-11-20 20:40:53,651 -                train: [    INFO] - Train: 153 [ 520/520]  Loss: 0.6112 (0.462)  Acc@1: 86.2500 (88.8280)  Acc@5: 100.0000 (99.5240)LR: 2.120e-02
2024-11-20 20:40:53,941 -                train: [    INFO] - Valid: 153 [   0/104]  Loss: 0.2273 (0.227)  Acc@1: 92.7083 (92.7083)  Acc@5: 100.0000 (100.0000)
2024-11-20 20:41:00,114 -                train: [    INFO] - Valid: 153 [ 104/104]  Loss: 0.5815 (0.310)  Acc@1: 81.2500 (90.1000)  Acc@5: 100.0000 (99.6900)
2024-11-20 20:41:00,149 -                train: [    INFO] - valid_acc 90.100003 - best_valid_acc 92.050002
2024-11-20 20:41:00,642 -                train: [    INFO] - Train: 154 [   0/520]  Loss: 0.6094 (0.609)  Acc@1: 88.5417 (88.5417)  Acc@5: 100.0000 (100.0000)LR: 2.115e-02
2024-11-20 20:41:46,887 -                train: [    INFO] - Train: 154 [ 200/520]  Loss: 0.4469 (0.460)  Acc@1: 90.6250 (88.9511)  Acc@5: 100.0000 (99.5077)LR: 2.115e-02
2024-11-20 20:42:33,276 -                train: [    INFO] - Train: 154 [ 400/520]  Loss: 0.4614 (0.466)  Acc@1: 88.5417 (88.6975)  Acc@5: 98.9583 (99.5610)LR: 2.115e-02
2024-11-20 20:43:00,906 -                train: [    INFO] - Train: 154 [ 520/520]  Loss: 0.7049 (0.464)  Acc@1: 81.2500 (88.7980)  Acc@5: 97.5000 (99.5580)LR: 2.115e-02
2024-11-20 20:43:01,195 -                train: [    INFO] - Valid: 154 [   0/104]  Loss: 0.2347 (0.235)  Acc@1: 93.7500 (93.7500)  Acc@5: 100.0000 (100.0000)
2024-11-20 20:43:07,362 -                train: [    INFO] - Valid: 154 [ 104/104]  Loss: 0.1869 (0.281)  Acc@1: 93.7500 (91.1000)  Acc@5: 100.0000 (99.7300)
2024-11-20 20:43:07,404 -                train: [    INFO] - valid_acc 91.100003 - best_valid_acc 92.050002
2024-11-20 20:43:07,896 -                train: [    INFO] - Train: 155 [   0/520]  Loss: 0.6472 (0.647)  Acc@1: 86.4583 (86.4583)  Acc@5: 100.0000 (100.0000)LR: 2.110e-02
2024-11-20 20:43:54,990 -                train: [    INFO] - Train: 155 [ 200/520]  Loss: 0.6324 (0.451)  Acc@1: 82.2917 (89.2309)  Acc@5: 100.0000 (99.5388)LR: 2.110e-02
2024-11-20 20:44:41,188 -                train: [    INFO] - Train: 155 [ 400/520]  Loss: 0.4478 (0.450)  Acc@1: 90.6250 (89.1158)  Acc@5: 100.0000 (99.5870)LR: 2.110e-02
2024-11-20 20:45:09,445 -                train: [    INFO] - Train: 155 [ 520/520]  Loss: 0.5329 (0.453)  Acc@1: 86.2500 (89.0360)  Acc@5: 98.7500 (99.5640)LR: 2.110e-02
2024-11-20 20:45:09,695 -                train: [    INFO] - Valid: 155 [   0/104]  Loss: 0.1864 (0.186)  Acc@1: 92.7083 (92.7083)  Acc@5: 100.0000 (100.0000)
2024-11-20 20:45:15,893 -                train: [    INFO] - Valid: 155 [ 104/104]  Loss: 0.4546 (0.261)  Acc@1: 81.2500 (91.8300)  Acc@5: 100.0000 (99.6000)
2024-11-20 20:45:15,937 -                train: [    INFO] - valid_acc 91.830003 - best_valid_acc 92.050002
2024-11-20 20:45:16,370 -                train: [    INFO] - Train: 156 [   0/520]  Loss: 0.3883 (0.388)  Acc@1: 88.5417 (88.5417)  Acc@5: 100.0000 (100.0000)LR: 2.106e-02
2024-11-20 20:46:02,468 -                train: [    INFO] - Train: 156 [ 200/520]  Loss: 0.4080 (0.464)  Acc@1: 91.6667 (88.7231)  Acc@5: 100.0000 (99.5129)LR: 2.106e-02
2024-11-20 20:46:48,122 -                train: [    INFO] - Train: 156 [ 400/520]  Loss: 0.3006 (0.454)  Acc@1: 94.7917 (88.8482)  Acc@5: 98.9583 (99.6000)LR: 2.106e-02
2024-11-20 20:47:15,427 -                train: [    INFO] - Train: 156 [ 520/520]  Loss: 0.4040 (0.454)  Acc@1: 90.0000 (88.8760)  Acc@5: 100.0000 (99.5860)LR: 2.106e-02
2024-11-20 20:47:15,688 -                train: [    INFO] - Valid: 156 [   0/104]  Loss: 0.2517 (0.252)  Acc@1: 91.6667 (91.6667)  Acc@5: 100.0000 (100.0000)
2024-11-20 20:47:21,822 -                train: [    INFO] - Valid: 156 [ 104/104]  Loss: 0.2219 (0.246)  Acc@1: 87.5000 (91.9800)  Acc@5: 100.0000 (99.8400)
2024-11-20 20:47:21,873 -                train: [    INFO] - valid_acc 91.980003 - best_valid_acc 92.050002
2024-11-20 20:47:22,342 -                train: [    INFO] - Train: 157 [   0/520]  Loss: 0.3360 (0.336)  Acc@1: 91.6667 (91.6667)  Acc@5: 100.0000 (100.0000)LR: 2.101e-02
2024-11-20 20:48:08,146 -                train: [    INFO] - Train: 157 [ 200/520]  Loss: 0.3637 (0.458)  Acc@1: 91.6667 (88.5261)  Acc@5: 98.9583 (99.6269)LR: 2.101e-02
2024-11-20 20:48:53,799 -                train: [    INFO] - Train: 157 [ 400/520]  Loss: 0.4746 (0.456)  Acc@1: 83.3333 (88.6845)  Acc@5: 100.0000 (99.5714)LR: 2.101e-02
2024-11-20 20:49:21,162 -                train: [    INFO] - Train: 157 [ 520/520]  Loss: 0.3954 (0.457)  Acc@1: 90.0000 (88.6760)  Acc@5: 100.0000 (99.5860)LR: 2.101e-02
2024-11-20 20:49:21,400 -                train: [    INFO] - Valid: 157 [   0/104]  Loss: 0.2500 (0.250)  Acc@1: 89.5833 (89.5833)  Acc@5: 100.0000 (100.0000)
2024-11-20 20:49:27,615 -                train: [    INFO] - Valid: 157 [ 104/104]  Loss: 0.06885 (0.271)  Acc@1: 100.0000 (91.2000)  Acc@5: 100.0000 (99.7600)
2024-11-20 20:49:27,641 -                train: [    INFO] - valid_acc 91.200003 - best_valid_acc 92.050002
2024-11-20 20:49:28,076 -                train: [    INFO] - Train: 158 [   0/520]  Loss: 0.5790 (0.579)  Acc@1: 84.3750 (84.3750)  Acc@5: 98.9583 (98.9583)LR: 2.096e-02
2024-11-20 20:50:13,709 -                train: [    INFO] - Train: 158 [ 200/520]  Loss: 0.4322 (0.448)  Acc@1: 91.6667 (89.1843)  Acc@5: 98.9583 (99.5491)LR: 2.096e-02
2024-11-20 20:50:59,337 -                train: [    INFO] - Train: 158 [ 400/520]  Loss: 0.2658 (0.451)  Acc@1: 95.8333 (88.9937)  Acc@5: 98.9583 (99.5844)LR: 2.096e-02
2024-11-20 20:51:26,718 -                train: [    INFO] - Train: 158 [ 520/520]  Loss: 0.3968 (0.452)  Acc@1: 91.2500 (89.0040)  Acc@5: 100.0000 (99.6060)LR: 2.096e-02
2024-11-20 20:51:26,956 -                train: [    INFO] - Valid: 158 [   0/104]  Loss: 0.2012 (0.201)  Acc@1: 91.6667 (91.6667)  Acc@5: 100.0000 (100.0000)
2024-11-20 20:51:33,080 -                train: [    INFO] - Valid: 158 [ 104/104]  Loss: 0.2102 (0.287)  Acc@1: 87.5000 (90.8200)  Acc@5: 100.0000 (99.6900)
2024-11-20 20:51:33,104 -                train: [    INFO] - valid_acc 90.820003 - best_valid_acc 92.050002
2024-11-20 20:51:33,555 -                train: [    INFO] - Train: 159 [   0/520]  Loss: 0.4050 (0.405)  Acc@1: 90.6250 (90.6250)  Acc@5: 100.0000 (100.0000)LR: 2.091e-02
2024-11-20 20:52:19,157 -                train: [    INFO] - Train: 159 [ 200/520]  Loss: 0.4527 (0.450)  Acc@1: 89.5833 (88.9925)  Acc@5: 98.9583 (99.5543)LR: 2.091e-02
2024-11-20 20:53:04,680 -                train: [    INFO] - Train: 159 [ 400/520]  Loss: 0.3391 (0.455)  Acc@1: 91.6667 (88.8950)  Acc@5: 100.0000 (99.5428)LR: 2.091e-02
2024-11-20 20:53:32,053 -                train: [    INFO] - Train: 159 [ 520/520]  Loss: 0.2024 (0.454)  Acc@1: 96.2500 (88.9720)  Acc@5: 100.0000 (99.5400)LR: 2.091e-02
2024-11-20 20:53:32,293 -                train: [    INFO] - Valid: 159 [   0/104]  Loss: 0.2474 (0.247)  Acc@1: 94.7917 (94.7917)  Acc@5: 100.0000 (100.0000)
2024-11-20 20:53:38,416 -                train: [    INFO] - Valid: 159 [ 104/104]  Loss: 0.2138 (0.259)  Acc@1: 87.5000 (91.1600)  Acc@5: 100.0000 (99.7800)
2024-11-20 20:53:38,441 -                train: [    INFO] - valid_acc 91.160003 - best_valid_acc 92.050002
2024-11-20 20:53:38,867 -                train: [    INFO] - Train: 160 [   0/520]  Loss: 0.2536 (0.254)  Acc@1: 94.7917 (94.7917)  Acc@5: 100.0000 (100.0000)LR: 2.086e-02
2024-11-20 20:54:24,625 -                train: [    INFO] - Train: 160 [ 200/520]  Loss: 0.3820 (0.448)  Acc@1: 91.6667 (89.2309)  Acc@5: 100.0000 (99.5388)LR: 2.086e-02
2024-11-20 20:55:10,342 -                train: [    INFO] - Train: 160 [ 400/520]  Loss: 0.4672 (0.445)  Acc@1: 91.6667 (89.2560)  Acc@5: 100.0000 (99.5740)LR: 2.086e-02
2024-11-20 20:55:37,645 -                train: [    INFO] - Train: 160 [ 520/520]  Loss: 0.4914 (0.448)  Acc@1: 88.7500 (89.1680)  Acc@5: 98.7500 (99.5520)LR: 2.086e-02
2024-11-20 20:55:37,897 -                train: [    INFO] - Valid: 160 [   0/104]  Loss: 0.3061 (0.306)  Acc@1: 91.6667 (91.6667)  Acc@5: 98.9583 (98.9583)
2024-11-20 20:55:44,020 -                train: [    INFO] - Valid: 160 [ 104/104]  Loss: 0.1309 (0.302)  Acc@1: 100.0000 (90.3600)  Acc@5: 100.0000 (99.6200)
2024-11-20 20:55:44,047 -                train: [    INFO] - valid_acc 90.360002 - best_valid_acc 92.050002
2024-11-20 20:55:44,486 -                train: [    INFO] - Train: 161 [   0/520]  Loss: 0.3016 (0.302)  Acc@1: 89.5833 (89.5833)  Acc@5: 100.0000 (100.0000)LR: 2.082e-02
2024-11-20 20:56:30,693 -                train: [    INFO] - Train: 161 [ 200/520]  Loss: 0.4806 (0.448)  Acc@1: 85.4167 (89.1584)  Acc@5: 100.0000 (99.6217)LR: 2.082e-02
2024-11-20 20:57:16,833 -                train: [    INFO] - Train: 161 [ 400/520]  Loss: 0.4881 (0.456)  Acc@1: 84.3750 (89.0976)  Acc@5: 100.0000 (99.5974)LR: 2.082e-02
2024-11-20 20:57:44,578 -                train: [    INFO] - Train: 161 [ 520/520]  Loss: 0.3576 (0.456)  Acc@1: 90.0000 (88.9800)  Acc@5: 100.0000 (99.6000)LR: 2.082e-02
2024-11-20 20:57:44,842 -                train: [    INFO] - Valid: 161 [   0/104]  Loss: 0.2578 (0.258)  Acc@1: 92.7083 (92.7083)  Acc@5: 100.0000 (100.0000)
2024-11-20 20:57:50,983 -                train: [    INFO] - Valid: 161 [ 104/104]  Loss: 0.2968 (0.259)  Acc@1: 81.2500 (91.5100)  Acc@5: 100.0000 (99.8100)
2024-11-20 20:57:51,022 -                train: [    INFO] - valid_acc 91.510002 - best_valid_acc 92.050002
2024-11-20 20:57:51,446 -                train: [    INFO] - Train: 162 [   0/520]  Loss: 0.5219 (0.522)  Acc@1: 86.4583 (86.4583)  Acc@5: 98.9583 (98.9583)LR: 2.077e-02
2024-11-20 20:58:37,004 -                train: [    INFO] - Train: 162 [ 200/520]  Loss: 0.5110 (0.457)  Acc@1: 86.4583 (89.1636)  Acc@5: 97.9167 (99.4662)LR: 2.077e-02
2024-11-20 20:59:22,851 -                train: [    INFO] - Train: 162 [ 400/520]  Loss: 0.2725 (0.456)  Acc@1: 92.7083 (89.0976)  Acc@5: 100.0000 (99.5116)LR: 2.077e-02
2024-11-20 20:59:50,119 -                train: [    INFO] - Train: 162 [ 520/520]  Loss: 0.6441 (0.460)  Acc@1: 82.5000 (89.0240)  Acc@5: 98.7500 (99.5140)LR: 2.077e-02
2024-11-20 20:59:50,356 -                train: [    INFO] - Valid: 162 [   0/104]  Loss: 0.3296 (0.330)  Acc@1: 88.5417 (88.5417)  Acc@5: 100.0000 (100.0000)
2024-11-20 20:59:56,483 -                train: [    INFO] - Valid: 162 [ 104/104]  Loss: 0.1531 (0.255)  Acc@1: 93.7500 (91.8900)  Acc@5: 100.0000 (99.7500)
2024-11-20 20:59:56,508 -                train: [    INFO] - valid_acc 91.890002 - best_valid_acc 92.050002
2024-11-20 20:59:56,931 -                train: [    INFO] - Train: 163 [   0/520]  Loss: 0.2975 (0.298)  Acc@1: 91.6667 (91.6667)  Acc@5: 100.0000 (100.0000)LR: 2.072e-02
2024-11-20 21:00:42,700 -                train: [    INFO] - Train: 163 [ 200/520]  Loss: 0.5080 (0.429)  Acc@1: 88.5417 (89.7803)  Acc@5: 98.9583 (99.5647)LR: 2.072e-02
2024-11-20 21:01:28,550 -                train: [    INFO] - Train: 163 [ 400/520]  Loss: 0.4888 (0.442)  Acc@1: 89.5833 (89.3288)  Acc@5: 97.9167 (99.5870)LR: 2.072e-02
2024-11-20 21:01:55,833 -                train: [    INFO] - Train: 163 [ 520/520]  Loss: 0.3546 (0.445)  Acc@1: 91.2500 (89.2500)  Acc@5: 100.0000 (99.5660)LR: 2.072e-02
2024-11-20 21:01:56,080 -                train: [    INFO] - Valid: 163 [   0/104]  Loss: 0.2728 (0.273)  Acc@1: 90.6250 (90.6250)  Acc@5: 100.0000 (100.0000)
2024-11-20 21:02:02,208 -                train: [    INFO] - Valid: 163 [ 104/104]  Loss: 0.2197 (0.229)  Acc@1: 93.7500 (92.4900)  Acc@5: 100.0000 (99.6800)
2024-11-20 21:02:02,845 -                train: [    INFO] - valid_acc 92.490003 - best_valid_acc 92.490003
2024-11-20 21:02:03,283 -                train: [    INFO] - Train: 164 [   0/520]  Loss: 0.4887 (0.489)  Acc@1: 90.6250 (90.6250)  Acc@5: 100.0000 (100.0000)LR: 2.067e-02
2024-11-20 21:02:49,099 -                train: [    INFO] - Train: 164 [ 200/520]  Loss: 0.7274 (0.452)  Acc@1: 83.3333 (89.0703)  Acc@5: 100.0000 (99.6217)LR: 2.067e-02
2024-11-20 21:03:34,613 -                train: [    INFO] - Train: 164 [ 400/520]  Loss: 0.3356 (0.454)  Acc@1: 91.6667 (89.0872)  Acc@5: 100.0000 (99.6155)LR: 2.067e-02
2024-11-20 21:04:02,037 -                train: [    INFO] - Train: 164 [ 520/520]  Loss: 0.4162 (0.452)  Acc@1: 90.0000 (89.1640)  Acc@5: 98.7500 (99.6480)LR: 2.067e-02
2024-11-20 21:04:02,317 -                train: [    INFO] - Valid: 164 [   0/104]  Loss: 0.3039 (0.304)  Acc@1: 86.4583 (86.4583)  Acc@5: 100.0000 (100.0000)
2024-11-20 21:04:08,451 -                train: [    INFO] - Valid: 164 [ 104/104]  Loss: 0.1190 (0.279)  Acc@1: 100.0000 (90.8400)  Acc@5: 100.0000 (99.8500)
2024-11-20 21:04:08,476 -                train: [    INFO] - valid_acc 90.840003 - best_valid_acc 92.490003
2024-11-20 21:04:08,917 -                train: [    INFO] - Train: 165 [   0/520]  Loss: 0.3681 (0.368)  Acc@1: 91.6667 (91.6667)  Acc@5: 100.0000 (100.0000)LR: 2.062e-02
2024-11-20 21:04:54,407 -                train: [    INFO] - Train: 165 [ 200/520]  Loss: 0.4208 (0.434)  Acc@1: 88.5417 (89.4020)  Acc@5: 100.0000 (99.5802)LR: 2.062e-02
2024-11-20 21:05:39,951 -                train: [    INFO] - Train: 165 [ 400/520]  Loss: 0.3495 (0.455)  Acc@1: 90.6250 (88.9547)  Acc@5: 100.0000 (99.5766)LR: 2.062e-02
2024-11-20 21:06:07,212 -                train: [    INFO] - Train: 165 [ 520/520]  Loss: 0.4099 (0.452)  Acc@1: 88.7500 (89.0420)  Acc@5: 100.0000 (99.5960)LR: 2.062e-02
2024-11-20 21:06:07,434 -                train: [    INFO] - Valid: 165 [   0/104]  Loss: 0.3982 (0.398)  Acc@1: 86.4583 (86.4583)  Acc@5: 100.0000 (100.0000)
2024-11-20 21:06:13,557 -                train: [    INFO] - Valid: 165 [ 104/104]  Loss: 0.1260 (0.282)  Acc@1: 93.7500 (90.7600)  Acc@5: 100.0000 (99.6700)
2024-11-20 21:06:13,611 -                train: [    INFO] - valid_acc 90.760002 - best_valid_acc 92.490003
2024-11-20 21:06:14,009 -                train: [    INFO] - Train: 166 [   0/520]  Loss: 0.7472 (0.747)  Acc@1: 87.5000 (87.5000)  Acc@5: 98.9583 (98.9583)LR: 2.057e-02
2024-11-20 21:06:59,407 -                train: [    INFO] - Train: 166 [ 200/520]  Loss: 0.3539 (0.432)  Acc@1: 91.6667 (89.4123)  Acc@5: 100.0000 (99.6424)LR: 2.057e-02
2024-11-20 21:07:44,967 -                train: [    INFO] - Train: 166 [ 400/520]  Loss: 0.8610 (0.441)  Acc@1: 83.3333 (89.1651)  Acc@5: 100.0000 (99.5974)LR: 2.057e-02
2024-11-20 21:08:12,380 -                train: [    INFO] - Train: 166 [ 520/520]  Loss: 0.5402 (0.448)  Acc@1: 90.0000 (89.0100)  Acc@5: 100.0000 (99.5760)LR: 2.057e-02
2024-11-20 21:08:12,644 -                train: [    INFO] - Valid: 166 [   0/104]  Loss: 0.3572 (0.357)  Acc@1: 90.6250 (90.6250)  Acc@5: 100.0000 (100.0000)
2024-11-20 21:08:18,772 -                train: [    INFO] - Valid: 166 [ 104/104]  Loss: 0.3087 (0.237)  Acc@1: 87.5000 (92.1300)  Acc@5: 100.0000 (99.7400)
2024-11-20 21:08:18,804 -                train: [    INFO] - valid_acc 92.130003 - best_valid_acc 92.490003
2024-11-20 21:08:19,260 -                train: [    INFO] - Train: 167 [   0/520]  Loss: 0.5810 (0.581)  Acc@1: 89.5833 (89.5833)  Acc@5: 100.0000 (100.0000)LR: 2.052e-02
2024-11-20 21:09:05,010 -                train: [    INFO] - Train: 167 [ 200/520]  Loss: 0.4403 (0.436)  Acc@1: 89.5833 (89.3449)  Acc@5: 98.9583 (99.6424)LR: 2.052e-02
2024-11-20 21:09:50,815 -                train: [    INFO] - Train: 167 [ 400/520]  Loss: 0.2556 (0.436)  Acc@1: 93.7500 (89.4197)  Acc@5: 98.9583 (99.6207)LR: 2.052e-02
2024-11-20 21:10:18,199 -                train: [    INFO] - Train: 167 [ 520/520]  Loss: 0.4605 (0.440)  Acc@1: 92.5000 (89.3860)  Acc@5: 100.0000 (99.6220)LR: 2.052e-02
2024-11-20 21:10:18,460 -                train: [    INFO] - Valid: 167 [   0/104]  Loss: 0.3649 (0.365)  Acc@1: 86.4583 (86.4583)  Acc@5: 100.0000 (100.0000)
2024-11-20 21:10:24,597 -                train: [    INFO] - Valid: 167 [ 104/104]  Loss: 0.07815 (0.230)  Acc@1: 100.0000 (92.5300)  Acc@5: 100.0000 (99.7700)
2024-11-20 21:10:25,101 -                train: [    INFO] - valid_acc 92.530002 - best_valid_acc 92.530002
2024-11-20 21:10:25,579 -                train: [    INFO] - Train: 168 [   0/520]  Loss: 0.4457 (0.446)  Acc@1: 87.5000 (87.5000)  Acc@5: 98.9583 (98.9583)LR: 2.047e-02
2024-11-20 21:11:12,698 -                train: [    INFO] - Train: 168 [ 200/520]  Loss: 0.5873 (0.440)  Acc@1: 84.3750 (89.2154)  Acc@5: 100.0000 (99.5388)LR: 2.047e-02
2024-11-20 21:11:59,677 -                train: [    INFO] - Train: 168 [ 400/520]  Loss: 0.3612 (0.451)  Acc@1: 89.5833 (89.0196)  Acc@5: 100.0000 (99.5532)LR: 2.047e-02
2024-11-20 21:12:27,461 -                train: [    INFO] - Train: 168 [ 520/520]  Loss: 0.5396 (0.455)  Acc@1: 87.5000 (88.9500)  Acc@5: 98.7500 (99.5440)LR: 2.047e-02
2024-11-20 21:12:27,733 -                train: [    INFO] - Valid: 168 [   0/104]  Loss: 0.3709 (0.371)  Acc@1: 90.6250 (90.6250)  Acc@5: 100.0000 (100.0000)
2024-11-20 21:12:33,931 -                train: [    INFO] - Valid: 168 [ 104/104]  Loss: 0.4460 (0.266)  Acc@1: 93.7500 (91.6600)  Acc@5: 100.0000 (99.7900)
2024-11-20 21:12:33,959 -                train: [    INFO] - valid_acc 91.660002 - best_valid_acc 92.530002
2024-11-20 21:12:34,398 -                train: [    INFO] - Train: 169 [   0/520]  Loss: 0.5436 (0.544)  Acc@1: 88.5417 (88.5417)  Acc@5: 98.9583 (98.9583)LR: 2.042e-02
2024-11-20 21:13:21,641 -                train: [    INFO] - Train: 169 [ 200/520]  Loss: 0.5723 (0.444)  Acc@1: 84.3750 (89.4071)  Acc@5: 100.0000 (99.5750)LR: 2.042e-02
2024-11-20 21:14:08,546 -                train: [    INFO] - Train: 169 [ 400/520]  Loss: 0.4059 (0.452)  Acc@1: 91.6667 (89.1495)  Acc@5: 100.0000 (99.5168)LR: 2.042e-02
2024-11-20 21:14:36,704 -                train: [    INFO] - Train: 169 [ 520/520]  Loss: 0.4099 (0.457)  Acc@1: 90.0000 (88.9440)  Acc@5: 100.0000 (99.5320)LR: 2.042e-02
2024-11-20 21:14:37,032 -                train: [    INFO] - Valid: 169 [   0/104]  Loss: 0.1614 (0.161)  Acc@1: 94.7917 (94.7917)  Acc@5: 100.0000 (100.0000)
2024-11-20 21:14:43,184 -                train: [    INFO] - Valid: 169 [ 104/104]  Loss: 0.2990 (0.245)  Acc@1: 87.5000 (91.8800)  Acc@5: 100.0000 (99.6800)
2024-11-20 21:14:43,216 -                train: [    INFO] - valid_acc 91.880003 - best_valid_acc 92.530002
2024-11-20 21:14:43,655 -                train: [    INFO] - Train: 170 [   0/520]  Loss: 0.4561 (0.456)  Acc@1: 87.5000 (87.5000)  Acc@5: 100.0000 (100.0000)LR: 2.037e-02
2024-11-20 21:15:30,391 -                train: [    INFO] - Train: 170 [ 200/520]  Loss: 0.3122 (0.430)  Acc@1: 92.7083 (89.3916)  Acc@5: 100.0000 (99.6735)LR: 2.037e-02
2024-11-20 21:16:17,529 -                train: [    INFO] - Train: 170 [ 400/520]  Loss: 0.4010 (0.434)  Acc@1: 91.6667 (89.4249)  Acc@5: 100.0000 (99.6519)LR: 2.037e-02
2024-11-20 21:16:45,774 -                train: [    INFO] - Train: 170 [ 520/520]  Loss: 0.5356 (0.444)  Acc@1: 86.2500 (89.1960)  Acc@5: 100.0000 (99.6380)LR: 2.037e-02
2024-11-20 21:16:46,026 -                train: [    INFO] - Valid: 170 [   0/104]  Loss: 0.2417 (0.242)  Acc@1: 90.6250 (90.6250)  Acc@5: 98.9583 (98.9583)
2024-11-20 21:16:52,194 -                train: [    INFO] - Valid: 170 [ 104/104]  Loss: 0.4524 (0.334)  Acc@1: 81.2500 (89.3500)  Acc@5: 100.0000 (99.8100)
2024-11-20 21:16:52,221 -                train: [    INFO] - valid_acc 89.350002 - best_valid_acc 92.530002
2024-11-20 21:16:52,644 -                train: [    INFO] - Train: 171 [   0/520]  Loss: 0.3729 (0.373)  Acc@1: 89.5833 (89.5833)  Acc@5: 100.0000 (100.0000)LR: 2.032e-02
2024-11-20 21:17:39,274 -                train: [    INFO] - Train: 171 [ 200/520]  Loss: 0.5020 (0.443)  Acc@1: 87.5000 (89.2931)  Acc@5: 98.9583 (99.5388)LR: 2.032e-02
2024-11-20 21:18:26,050 -                train: [    INFO] - Train: 171 [ 400/520]  Loss: 0.6386 (0.451)  Acc@1: 83.3333 (89.1417)  Acc@5: 100.0000 (99.5688)LR: 2.032e-02
2024-11-20 21:18:53,615 -                train: [    INFO] - Train: 171 [ 520/520]  Loss: 0.4777 (0.450)  Acc@1: 92.5000 (89.1480)  Acc@5: 98.7500 (99.5680)LR: 2.032e-02
2024-11-20 21:18:54,023 -                train: [    INFO] - Valid: 171 [   0/104]  Loss: 0.3192 (0.319)  Acc@1: 91.6667 (91.6667)  Acc@5: 100.0000 (100.0000)
2024-11-20 21:19:00,178 -                train: [    INFO] - Valid: 171 [ 104/104]  Loss: 0.3861 (0.251)  Acc@1: 93.7500 (91.7500)  Acc@5: 100.0000 (99.7500)
2024-11-20 21:19:00,209 -                train: [    INFO] - valid_acc 91.750003 - best_valid_acc 92.530002
2024-11-20 21:19:00,644 -                train: [    INFO] - Train: 172 [   0/520]  Loss: 0.3519 (0.352)  Acc@1: 90.6250 (90.6250)  Acc@5: 98.9583 (98.9583)LR: 2.026e-02
2024-11-20 21:19:47,513 -                train: [    INFO] - Train: 172 [ 200/520]  Loss: 0.3151 (0.443)  Acc@1: 90.6250 (89.3398)  Acc@5: 100.0000 (99.5958)LR: 2.026e-02
2024-11-20 21:20:33,855 -                train: [    INFO] - Train: 172 [ 400/520]  Loss: 0.5140 (0.446)  Acc@1: 87.5000 (89.0586)  Acc@5: 98.9583 (99.6104)LR: 2.026e-02
2024-11-20 21:21:01,825 -                train: [    INFO] - Train: 172 [ 520/520]  Loss: 0.4376 (0.449)  Acc@1: 83.7500 (89.0180)  Acc@5: 100.0000 (99.6000)LR: 2.026e-02
2024-11-20 21:21:02,132 -                train: [    INFO] - Valid: 172 [   0/104]  Loss: 0.3400 (0.340)  Acc@1: 91.6667 (91.6667)  Acc@5: 100.0000 (100.0000)
2024-11-20 21:21:08,314 -                train: [    INFO] - Valid: 172 [ 104/104]  Loss: 0.08749 (0.268)  Acc@1: 93.7500 (91.7100)  Acc@5: 100.0000 (99.7300)
2024-11-20 21:21:08,343 -                train: [    INFO] - valid_acc 91.710003 - best_valid_acc 92.530002
2024-11-20 21:21:08,742 -                train: [    INFO] - Train: 173 [   0/520]  Loss: 0.3079 (0.308)  Acc@1: 91.6667 (91.6667)  Acc@5: 100.0000 (100.0000)LR: 2.021e-02
2024-11-20 21:21:54,379 -                train: [    INFO] - Train: 173 [ 200/520]  Loss: 0.5592 (0.434)  Acc@1: 86.4583 (89.7336)  Acc@5: 100.0000 (99.6217)LR: 2.021e-02
2024-11-20 21:22:40,095 -                train: [    INFO] - Train: 173 [ 400/520]  Loss: 0.3752 (0.443)  Acc@1: 90.6250 (89.4015)  Acc@5: 100.0000 (99.6078)LR: 2.021e-02
2024-11-20 21:23:07,405 -                train: [    INFO] - Train: 173 [ 520/520]  Loss: 0.4588 (0.443)  Acc@1: 88.7500 (89.3900)  Acc@5: 100.0000 (99.6020)LR: 2.021e-02
2024-11-20 21:23:07,629 -                train: [    INFO] - Valid: 173 [   0/104]  Loss: 0.1402 (0.140)  Acc@1: 94.7917 (94.7917)  Acc@5: 100.0000 (100.0000)
2024-11-20 21:23:13,756 -                train: [    INFO] - Valid: 173 [ 104/104]  Loss: 0.3679 (0.215)  Acc@1: 87.5000 (92.6600)  Acc@5: 100.0000 (99.7900)
2024-11-20 21:23:14,260 -                train: [    INFO] - valid_acc 92.660002 - best_valid_acc 92.660002
2024-11-20 21:23:14,672 -                train: [    INFO] - Train: 174 [   0/520]  Loss: 0.4816 (0.482)  Acc@1: 84.3750 (84.3750)  Acc@5: 100.0000 (100.0000)LR: 2.016e-02
2024-11-20 21:24:00,810 -                train: [    INFO] - Train: 174 [ 200/520]  Loss: 0.4250 (0.445)  Acc@1: 88.5417 (89.2517)  Acc@5: 100.0000 (99.6061)LR: 2.016e-02
2024-11-20 21:24:46,827 -                train: [    INFO] - Train: 174 [ 400/520]  Loss: 0.3909 (0.441)  Acc@1: 90.6250 (89.3547)  Acc@5: 98.9583 (99.6000)LR: 2.016e-02
2024-11-20 21:25:14,437 -                train: [    INFO] - Train: 174 [ 520/520]  Loss: 0.4449 (0.447)  Acc@1: 87.5000 (89.1900)  Acc@5: 100.0000 (99.5780)LR: 2.016e-02
2024-11-20 21:25:14,673 -                train: [    INFO] - Valid: 174 [   0/104]  Loss: 0.4118 (0.412)  Acc@1: 83.3333 (83.3333)  Acc@5: 100.0000 (100.0000)
2024-11-20 21:25:20,812 -                train: [    INFO] - Valid: 174 [ 104/104]  Loss: 0.2883 (0.273)  Acc@1: 87.5000 (91.2600)  Acc@5: 100.0000 (99.8300)
2024-11-20 21:25:20,837 -                train: [    INFO] - valid_acc 91.260003 - best_valid_acc 92.660002
2024-11-20 21:25:21,243 -                train: [    INFO] - Train: 175 [   0/520]  Loss: 0.2813 (0.281)  Acc@1: 90.6250 (90.6250)  Acc@5: 100.0000 (100.0000)LR: 2.011e-02
2024-11-20 21:26:06,906 -                train: [    INFO] - Train: 175 [ 200/520]  Loss: 0.4389 (0.428)  Acc@1: 85.4167 (89.4901)  Acc@5: 100.0000 (99.6683)LR: 2.011e-02
2024-11-20 21:26:52,374 -                train: [    INFO] - Train: 175 [ 400/520]  Loss: 0.5360 (0.440)  Acc@1: 88.5417 (89.3210)  Acc@5: 98.9583 (99.6052)LR: 2.011e-02
2024-11-20 21:27:19,784 -                train: [    INFO] - Train: 175 [ 520/520]  Loss: 0.4106 (0.443)  Acc@1: 91.2500 (89.3440)  Acc@5: 100.0000 (99.5920)LR: 2.011e-02
2024-11-20 21:27:20,019 -                train: [    INFO] - Valid: 175 [   0/104]  Loss: 0.2074 (0.207)  Acc@1: 91.6667 (91.6667)  Acc@5: 100.0000 (100.0000)
2024-11-20 21:27:26,146 -                train: [    INFO] - Valid: 175 [ 104/104]  Loss: 0.1471 (0.233)  Acc@1: 93.7500 (92.3300)  Acc@5: 100.0000 (99.7700)
2024-11-20 21:27:26,195 -                train: [    INFO] - valid_acc 92.330003 - best_valid_acc 92.660002
2024-11-20 21:27:26,602 -                train: [    INFO] - Train: 176 [   0/520]  Loss: 0.4054 (0.405)  Acc@1: 86.4583 (86.4583)  Acc@5: 100.0000 (100.0000)LR: 2.006e-02
2024-11-20 21:28:13,015 -                train: [    INFO] - Train: 176 [ 200/520]  Loss: 0.4981 (0.430)  Acc@1: 85.4167 (89.4538)  Acc@5: 98.9583 (99.6320)LR: 2.006e-02
2024-11-20 21:28:59,230 -                train: [    INFO] - Train: 176 [ 400/520]  Loss: 0.4847 (0.437)  Acc@1: 87.5000 (89.3651)  Acc@5: 100.0000 (99.5896)LR: 2.006e-02
2024-11-20 21:29:26,532 -                train: [    INFO] - Train: 176 [ 520/520]  Loss: 0.4551 (0.450)  Acc@1: 88.7500 (89.0020)  Acc@5: 100.0000 (99.5780)LR: 2.006e-02
2024-11-20 21:29:26,781 -                train: [    INFO] - Valid: 176 [   0/104]  Loss: 0.3049 (0.305)  Acc@1: 88.5417 (88.5417)  Acc@5: 100.0000 (100.0000)
2024-11-20 21:29:32,916 -                train: [    INFO] - Valid: 176 [ 104/104]  Loss: 0.2044 (0.237)  Acc@1: 93.7500 (92.1700)  Acc@5: 100.0000 (99.7600)
2024-11-20 21:29:32,953 -                train: [    INFO] - valid_acc 92.170003 - best_valid_acc 92.660002
2024-11-20 21:29:33,382 -                train: [    INFO] - Train: 177 [   0/520]  Loss: 0.5336 (0.534)  Acc@1: 87.5000 (87.5000)  Acc@5: 97.9167 (97.9167)LR: 2.001e-02
2024-11-20 21:30:19,408 -                train: [    INFO] - Train: 177 [ 200/520]  Loss: 0.5873 (0.418)  Acc@1: 86.4583 (89.7647)  Acc@5: 100.0000 (99.6528)LR: 2.001e-02
2024-11-20 21:31:05,505 -                train: [    INFO] - Train: 177 [ 400/520]  Loss: 0.2665 (0.427)  Acc@1: 93.7500 (89.5106)  Acc@5: 100.0000 (99.6207)LR: 2.001e-02
2024-11-20 21:31:33,121 -                train: [    INFO] - Train: 177 [ 520/520]  Loss: 0.4260 (0.436)  Acc@1: 88.7500 (89.2780)  Acc@5: 100.0000 (99.5920)LR: 2.001e-02
2024-11-20 21:31:33,377 -                train: [    INFO] - Valid: 177 [   0/104]  Loss: 0.3266 (0.327)  Acc@1: 89.5833 (89.5833)  Acc@5: 98.9583 (98.9583)
2024-11-20 21:31:39,509 -                train: [    INFO] - Valid: 177 [ 104/104]  Loss: 0.2132 (0.271)  Acc@1: 93.7500 (91.1600)  Acc@5: 100.0000 (99.7400)
2024-11-20 21:31:39,536 -                train: [    INFO] - valid_acc 91.160002 - best_valid_acc 92.660002
2024-11-20 21:31:39,958 -                train: [    INFO] - Train: 178 [   0/520]  Loss: 0.3084 (0.308)  Acc@1: 92.7083 (92.7083)  Acc@5: 98.9583 (98.9583)LR: 1.995e-02
2024-11-20 21:32:26,250 -                train: [    INFO] - Train: 178 [ 200/520]  Loss: 0.5557 (0.426)  Acc@1: 89.5833 (89.6248)  Acc@5: 100.0000 (99.6269)LR: 1.995e-02
2024-11-20 21:33:12,430 -                train: [    INFO] - Train: 178 [ 400/520]  Loss: 0.4199 (0.442)  Acc@1: 86.4583 (89.3833)  Acc@5: 100.0000 (99.6337)LR: 1.995e-02
2024-11-20 21:33:40,038 -                train: [    INFO] - Train: 178 [ 520/520]  Loss: 0.4694 (0.446)  Acc@1: 86.2500 (89.1660)  Acc@5: 100.0000 (99.6340)LR: 1.995e-02
2024-11-20 21:33:40,296 -                train: [    INFO] - Valid: 178 [   0/104]  Loss: 0.1813 (0.181)  Acc@1: 94.7917 (94.7917)  Acc@5: 100.0000 (100.0000)
2024-11-20 21:33:46,447 -                train: [    INFO] - Valid: 178 [ 104/104]  Loss: 0.06125 (0.222)  Acc@1: 100.0000 (92.7000)  Acc@5: 100.0000 (99.7900)
2024-11-20 21:33:46,962 -                train: [    INFO] - valid_acc 92.700002 - best_valid_acc 92.700002
2024-11-20 21:33:47,404 -                train: [    INFO] - Train: 179 [   0/520]  Loss: 0.3306 (0.331)  Acc@1: 90.6250 (90.6250)  Acc@5: 100.0000 (100.0000)LR: 1.990e-02
2024-11-20 21:34:34,274 -                train: [    INFO] - Train: 179 [ 200/520]  Loss: 0.3771 (0.444)  Acc@1: 91.6667 (89.2361)  Acc@5: 100.0000 (99.5906)LR: 1.990e-02
2024-11-20 21:35:20,806 -                train: [    INFO] - Train: 179 [ 400/520]  Loss: 0.3646 (0.440)  Acc@1: 90.6250 (89.3547)  Acc@5: 100.0000 (99.6078)LR: 1.990e-02
2024-11-20 21:35:48,576 -                train: [    INFO] - Train: 179 [ 520/520]  Loss: 0.3012 (0.440)  Acc@1: 92.5000 (89.2760)  Acc@5: 100.0000 (99.6300)LR: 1.990e-02
2024-11-20 21:35:48,820 -                train: [    INFO] - Valid: 179 [   0/104]  Loss: 0.5366 (0.537)  Acc@1: 86.4583 (86.4583)  Acc@5: 98.9583 (98.9583)
2024-11-20 21:35:54,953 -                train: [    INFO] - Valid: 179 [ 104/104]  Loss: 0.1338 (0.304)  Acc@1: 93.7500 (90.6800)  Acc@5: 100.0000 (99.6400)
2024-11-20 21:35:55,050 -                train: [    INFO] - valid_acc 90.680003 - best_valid_acc 92.700002
2024-11-20 21:35:55,515 -                train: [    INFO] - Train: 180 [   0/520]  Loss: 0.4728 (0.473)  Acc@1: 93.7500 (93.7500)  Acc@5: 97.9167 (97.9167)LR: 1.985e-02
2024-11-20 21:36:41,273 -                train: [    INFO] - Train: 180 [ 200/520]  Loss: 0.3844 (0.438)  Acc@1: 92.7083 (89.3760)  Acc@5: 100.0000 (99.6476)LR: 1.985e-02
2024-11-20 21:37:27,434 -                train: [    INFO] - Train: 180 [ 400/520]  Loss: 0.3578 (0.425)  Acc@1: 90.6250 (89.7392)  Acc@5: 100.0000 (99.6493)LR: 1.985e-02
2024-11-20 21:37:54,893 -                train: [    INFO] - Train: 180 [ 520/520]  Loss: 0.3940 (0.429)  Acc@1: 93.7500 (89.6460)  Acc@5: 100.0000 (99.6340)LR: 1.985e-02
2024-11-20 21:37:55,161 -                train: [    INFO] - Valid: 180 [   0/104]  Loss: 0.2520 (0.252)  Acc@1: 90.6250 (90.6250)  Acc@5: 100.0000 (100.0000)
2024-11-20 21:38:01,324 -                train: [    INFO] - Valid: 180 [ 104/104]  Loss: 0.03169 (0.231)  Acc@1: 100.0000 (92.4500)  Acc@5: 100.0000 (99.8100)
2024-11-20 21:38:01,352 -                train: [    INFO] - valid_acc 92.450003 - best_valid_acc 92.700002
2024-11-20 21:38:01,796 -                train: [    INFO] - Train: 181 [   0/520]  Loss: 0.6084 (0.608)  Acc@1: 88.5417 (88.5417)  Acc@5: 98.9583 (98.9583)LR: 1.979e-02
2024-11-20 21:38:47,409 -                train: [    INFO] - Train: 181 [ 200/520]  Loss: 0.2797 (0.435)  Acc@1: 94.7917 (89.6507)  Acc@5: 100.0000 (99.5232)LR: 1.979e-02
2024-11-20 21:39:33,035 -                train: [    INFO] - Train: 181 [ 400/520]  Loss: 0.5713 (0.441)  Acc@1: 85.4167 (89.4119)  Acc@5: 100.0000 (99.5350)LR: 1.979e-02
2024-11-20 21:40:00,344 -                train: [    INFO] - Train: 181 [ 520/520]  Loss: 0.5725 (0.443)  Acc@1: 85.0000 (89.3840)  Acc@5: 98.7500 (99.5460)LR: 1.979e-02
2024-11-20 21:40:01,874 -                train: [    INFO] - Valid: 181 [   0/104]  Loss: 0.2875 (0.287)  Acc@1: 89.5833 (89.5833)  Acc@5: 100.0000 (100.0000)
2024-11-20 21:40:08,001 -                train: [    INFO] - Valid: 181 [ 104/104]  Loss: 0.1240 (0.283)  Acc@1: 100.0000 (91.1400)  Acc@5: 100.0000 (99.7400)
2024-11-20 21:40:08,041 -                train: [    INFO] - valid_acc 91.140003 - best_valid_acc 92.700002
2024-11-20 21:40:08,467 -                train: [    INFO] - Train: 182 [   0/520]  Loss: 0.3801 (0.380)  Acc@1: 89.5833 (89.5833)  Acc@5: 100.0000 (100.0000)LR: 1.974e-02
2024-11-20 21:40:54,221 -                train: [    INFO] - Train: 182 [ 200/520]  Loss: 0.3460 (0.425)  Acc@1: 91.6667 (89.8114)  Acc@5: 100.0000 (99.6010)LR: 1.974e-02
2024-11-20 21:41:39,689 -                train: [    INFO] - Train: 182 [ 400/520]  Loss: 0.6712 (0.427)  Acc@1: 82.2917 (89.6613)  Acc@5: 98.9583 (99.6207)LR: 1.974e-02
2024-11-20 21:42:07,061 -                train: [    INFO] - Train: 182 [ 520/520]  Loss: 0.4353 (0.431)  Acc@1: 91.2500 (89.5880)  Acc@5: 97.5000 (99.6200)LR: 1.974e-02
2024-11-20 21:42:07,296 -                train: [    INFO] - Valid: 182 [   0/104]  Loss: 0.3275 (0.328)  Acc@1: 89.5833 (89.5833)  Acc@5: 100.0000 (100.0000)
2024-11-20 21:42:13,454 -                train: [    INFO] - Valid: 182 [ 104/104]  Loss: 0.07690 (0.206)  Acc@1: 93.7500 (93.1500)  Acc@5: 100.0000 (99.8000)
2024-11-20 21:42:13,941 -                train: [    INFO] - valid_acc 93.150003 - best_valid_acc 93.150003
2024-11-20 21:42:14,360 -                train: [    INFO] - Train: 183 [   0/520]  Loss: 0.4431 (0.443)  Acc@1: 87.5000 (87.5000)  Acc@5: 100.0000 (100.0000)LR: 1.969e-02
2024-11-20 21:43:00,161 -                train: [    INFO] - Train: 183 [ 200/520]  Loss: 0.5190 (0.441)  Acc@1: 89.5833 (89.5522)  Acc@5: 100.0000 (99.5647)LR: 1.969e-02
2024-11-20 21:43:45,690 -                train: [    INFO] - Train: 183 [ 400/520]  Loss: 0.4149 (0.442)  Acc@1: 86.4583 (89.4560)  Acc@5: 100.0000 (99.6052)LR: 1.969e-02
2024-11-20 21:44:13,038 -                train: [    INFO] - Train: 183 [ 520/520]  Loss: 0.5004 (0.440)  Acc@1: 91.2500 (89.4720)  Acc@5: 97.5000 (99.6040)LR: 1.969e-02
2024-11-20 21:44:13,286 -                train: [    INFO] - Valid: 183 [   0/104]  Loss: 0.2931 (0.293)  Acc@1: 91.6667 (91.6667)  Acc@5: 98.9583 (98.9583)
2024-11-20 21:44:19,412 -                train: [    INFO] - Valid: 183 [ 104/104]  Loss: 0.1720 (0.239)  Acc@1: 93.7500 (91.9300)  Acc@5: 100.0000 (99.8200)
2024-11-20 21:44:19,438 -                train: [    INFO] - valid_acc 91.930002 - best_valid_acc 93.150003
2024-11-20 21:44:19,859 -                train: [    INFO] - Train: 184 [   0/520]  Loss: 0.5232 (0.523)  Acc@1: 88.5417 (88.5417)  Acc@5: 98.9583 (98.9583)LR: 1.963e-02
2024-11-20 21:45:05,984 -                train: [    INFO] - Train: 184 [ 200/520]  Loss: 0.1706 (0.430)  Acc@1: 96.8750 (89.6352)  Acc@5: 100.0000 (99.6372)LR: 1.963e-02
2024-11-20 21:45:52,025 -                train: [    INFO] - Train: 184 [ 400/520]  Loss: 0.5227 (0.434)  Acc@1: 88.5417 (89.4586)  Acc@5: 98.9583 (99.6285)LR: 1.963e-02
2024-11-20 21:46:19,597 -                train: [    INFO] - Train: 184 [ 520/520]  Loss: 0.4897 (0.437)  Acc@1: 90.0000 (89.3760)  Acc@5: 100.0000 (99.6180)LR: 1.963e-02
2024-11-20 21:46:19,840 -                train: [    INFO] - Valid: 184 [   0/104]  Loss: 0.2654 (0.265)  Acc@1: 90.6250 (90.6250)  Acc@5: 98.9583 (98.9583)
2024-11-20 21:46:25,974 -                train: [    INFO] - Valid: 184 [ 104/104]  Loss: 0.3120 (0.248)  Acc@1: 87.5000 (92.0500)  Acc@5: 100.0000 (99.7900)
2024-11-20 21:46:26,004 -                train: [    INFO] - valid_acc 92.050002 - best_valid_acc 93.150003
2024-11-20 21:46:26,414 -                train: [    INFO] - Train: 185 [   0/520]  Loss: 0.3246 (0.325)  Acc@1: 93.7500 (93.7500)  Acc@5: 100.0000 (100.0000)LR: 1.958e-02
2024-11-20 21:47:12,257 -                train: [    INFO] - Train: 185 [ 200/520]  Loss: 0.4597 (0.431)  Acc@1: 91.6667 (89.5678)  Acc@5: 98.9583 (99.6787)LR: 1.958e-02
2024-11-20 21:47:57,814 -                train: [    INFO] - Train: 185 [ 400/520]  Loss: 0.5857 (0.436)  Acc@1: 82.2917 (89.4171)  Acc@5: 98.9583 (99.6389)LR: 1.958e-02
2024-11-20 21:48:25,173 -                train: [    INFO] - Train: 185 [ 520/520]  Loss: 0.4607 (0.435)  Acc@1: 87.5000 (89.4820)  Acc@5: 100.0000 (99.6420)LR: 1.958e-02
2024-11-20 21:48:25,420 -                train: [    INFO] - Valid: 185 [   0/104]  Loss: 0.2400 (0.240)  Acc@1: 91.6667 (91.6667)  Acc@5: 100.0000 (100.0000)
2024-11-20 21:48:31,547 -                train: [    INFO] - Valid: 185 [ 104/104]  Loss: 0.2492 (0.248)  Acc@1: 93.7500 (92.0500)  Acc@5: 100.0000 (99.9000)
2024-11-20 21:48:31,593 -                train: [    INFO] - valid_acc 92.050002 - best_valid_acc 93.150003
2024-11-20 21:48:32,024 -                train: [    INFO] - Train: 186 [   0/520]  Loss: 0.4189 (0.419)  Acc@1: 92.7083 (92.7083)  Acc@5: 98.9583 (98.9583)LR: 1.953e-02
2024-11-20 21:49:17,618 -                train: [    INFO] - Train: 186 [ 200/520]  Loss: 0.4933 (0.431)  Acc@1: 89.5833 (89.5315)  Acc@5: 100.0000 (99.5906)LR: 1.953e-02
2024-11-20 21:50:03,301 -                train: [    INFO] - Train: 186 [ 400/520]  Loss: 0.3001 (0.425)  Acc@1: 90.6250 (89.7106)  Acc@5: 100.0000 (99.6104)LR: 1.953e-02
2024-11-20 21:50:30,545 -                train: [    INFO] - Train: 186 [ 520/520]  Loss: 0.4811 (0.432)  Acc@1: 87.5000 (89.6040)  Acc@5: 98.7500 (99.5860)LR: 1.953e-02
2024-11-20 21:50:30,767 -                train: [    INFO] - Valid: 186 [   0/104]  Loss: 0.2134 (0.213)  Acc@1: 92.7083 (92.7083)  Acc@5: 100.0000 (100.0000)
2024-11-20 21:50:36,900 -                train: [    INFO] - Valid: 186 [ 104/104]  Loss: 0.4416 (0.278)  Acc@1: 87.5000 (91.1000)  Acc@5: 100.0000 (99.6300)
2024-11-20 21:50:36,928 -                train: [    INFO] - valid_acc 91.100003 - best_valid_acc 93.150003
2024-11-20 21:50:37,323 -                train: [    INFO] - Train: 187 [   0/520]  Loss: 0.5099 (0.510)  Acc@1: 87.5000 (87.5000)  Acc@5: 100.0000 (100.0000)LR: 1.947e-02
2024-11-20 21:51:22,923 -                train: [    INFO] - Train: 187 [ 200/520]  Loss: 0.3796 (0.434)  Acc@1: 93.7500 (89.2361)  Acc@5: 100.0000 (99.5906)LR: 1.947e-02
2024-11-20 21:52:08,560 -                train: [    INFO] - Train: 187 [ 400/520]  Loss: 0.5980 (0.435)  Acc@1: 84.3750 (89.2872)  Acc@5: 98.9583 (99.6259)LR: 1.947e-02
2024-11-20 21:52:35,827 -                train: [    INFO] - Train: 187 [ 520/520]  Loss: 0.4637 (0.441)  Acc@1: 88.7500 (89.2080)  Acc@5: 98.7500 (99.6140)LR: 1.947e-02
2024-11-20 21:52:36,056 -                train: [    INFO] - Valid: 187 [   0/104]  Loss: 0.1602 (0.160)  Acc@1: 94.7917 (94.7917)  Acc@5: 100.0000 (100.0000)
2024-11-20 21:52:42,184 -                train: [    INFO] - Valid: 187 [ 104/104]  Loss: 0.3282 (0.298)  Acc@1: 87.5000 (90.3700)  Acc@5: 100.0000 (99.6900)
2024-11-20 21:52:42,215 -                train: [    INFO] - valid_acc 90.370003 - best_valid_acc 93.150003
2024-11-20 21:52:42,643 -                train: [    INFO] - Train: 188 [   0/520]  Loss: 0.4614 (0.461)  Acc@1: 88.5417 (88.5417)  Acc@5: 98.9583 (98.9583)LR: 1.942e-02
2024-11-20 21:53:28,458 -                train: [    INFO] - Train: 188 [ 200/520]  Loss: 0.3352 (0.432)  Acc@1: 90.6250 (89.5730)  Acc@5: 100.0000 (99.5802)LR: 1.942e-02
2024-11-20 21:54:14,445 -                train: [    INFO] - Train: 188 [ 400/520]  Loss: 0.5917 (0.435)  Acc@1: 86.4583 (89.6898)  Acc@5: 98.9583 (99.5558)LR: 1.942e-02
2024-11-20 21:54:41,798 -                train: [    INFO] - Train: 188 [ 520/520]  Loss: 0.7535 (0.440)  Acc@1: 81.2500 (89.5380)  Acc@5: 98.7500 (99.5600)LR: 1.942e-02
2024-11-20 21:54:42,053 -                train: [    INFO] - Valid: 188 [   0/104]  Loss: 0.2385 (0.239)  Acc@1: 90.6250 (90.6250)  Acc@5: 100.0000 (100.0000)
2024-11-20 21:54:48,197 -                train: [    INFO] - Valid: 188 [ 104/104]  Loss: 0.5171 (0.213)  Acc@1: 93.7500 (93.1100)  Acc@5: 100.0000 (99.8100)
2024-11-20 21:54:48,227 -                train: [    INFO] - valid_acc 93.110003 - best_valid_acc 93.150003
2024-11-20 21:54:48,647 -                train: [    INFO] - Train: 189 [   0/520]  Loss: 0.3193 (0.319)  Acc@1: 92.7083 (92.7083)  Acc@5: 100.0000 (100.0000)LR: 1.936e-02
2024-11-20 21:55:34,401 -                train: [    INFO] - Train: 189 [ 200/520]  Loss: 0.5246 (0.431)  Acc@1: 84.3750 (89.4538)  Acc@5: 100.0000 (99.6372)LR: 1.936e-02
2024-11-20 21:56:20,352 -                train: [    INFO] - Train: 189 [ 400/520]  Loss: 0.2896 (0.434)  Acc@1: 91.6667 (89.3885)  Acc@5: 98.9583 (99.6207)LR: 1.936e-02
2024-11-20 21:56:47,727 -                train: [    INFO] - Train: 189 [ 520/520]  Loss: 0.5854 (0.436)  Acc@1: 85.0000 (89.3600)  Acc@5: 98.7500 (99.6140)LR: 1.936e-02
2024-11-20 21:56:47,994 -                train: [    INFO] - Valid: 189 [   0/104]  Loss: 0.1917 (0.192)  Acc@1: 92.7083 (92.7083)  Acc@5: 100.0000 (100.0000)
2024-11-20 21:56:54,120 -                train: [    INFO] - Valid: 189 [ 104/104]  Loss: 0.3829 (0.232)  Acc@1: 93.7500 (92.8400)  Acc@5: 100.0000 (99.7700)
2024-11-20 21:56:54,144 -                train: [    INFO] - valid_acc 92.840003 - best_valid_acc 93.150003
2024-11-20 21:56:54,557 -                train: [    INFO] - Train: 190 [   0/520]  Loss: 0.4616 (0.462)  Acc@1: 89.5833 (89.5833)  Acc@5: 100.0000 (100.0000)LR: 1.931e-02
2024-11-20 21:57:40,364 -                train: [    INFO] - Train: 190 [ 200/520]  Loss: 0.2778 (0.421)  Acc@1: 91.6667 (89.7077)  Acc@5: 100.0000 (99.6787)LR: 1.931e-02
2024-11-20 21:58:26,060 -                train: [    INFO] - Train: 190 [ 400/520]  Loss: 0.5416 (0.432)  Acc@1: 88.5417 (89.5444)  Acc@5: 98.9583 (99.6285)LR: 1.931e-02
2024-11-20 21:58:53,420 -                train: [    INFO] - Train: 190 [ 520/520]  Loss: 0.2722 (0.431)  Acc@1: 93.7500 (89.6060)  Acc@5: 100.0000 (99.6420)LR: 1.931e-02
2024-11-20 21:58:53,733 -                train: [    INFO] - Valid: 190 [   0/104]  Loss: 0.1645 (0.165)  Acc@1: 91.6667 (91.6667)  Acc@5: 100.0000 (100.0000)
2024-11-20 21:58:59,862 -                train: [    INFO] - Valid: 190 [ 104/104]  Loss: 0.05499 (0.237)  Acc@1: 100.0000 (92.1100)  Acc@5: 100.0000 (99.7400)
2024-11-20 21:58:59,886 -                train: [    INFO] - valid_acc 92.110002 - best_valid_acc 93.150003
2024-11-20 21:59:00,381 -                train: [    INFO] - Train: 191 [   0/520]  Loss: 0.3820 (0.382)  Acc@1: 88.5417 (88.5417)  Acc@5: 98.9583 (98.9583)LR: 1.925e-02
2024-11-20 21:59:46,420 -                train: [    INFO] - Train: 191 [ 200/520]  Loss: 0.4383 (0.425)  Acc@1: 89.5833 (89.4123)  Acc@5: 98.9583 (99.6269)LR: 1.925e-02
2024-11-20 22:00:32,535 -                train: [    INFO] - Train: 191 [ 400/520]  Loss: 0.2985 (0.428)  Acc@1: 92.7083 (89.5392)  Acc@5: 100.0000 (99.6155)LR: 1.925e-02
2024-11-20 22:01:00,087 -                train: [    INFO] - Train: 191 [ 520/520]  Loss: 0.4138 (0.433)  Acc@1: 91.2500 (89.4740)  Acc@5: 100.0000 (99.5920)LR: 1.925e-02
2024-11-20 22:01:00,444 -                train: [    INFO] - Valid: 191 [   0/104]  Loss: 0.2451 (0.245)  Acc@1: 89.5833 (89.5833)  Acc@5: 100.0000 (100.0000)
2024-11-20 22:01:06,606 -                train: [    INFO] - Valid: 191 [ 104/104]  Loss: 0.06657 (0.248)  Acc@1: 100.0000 (91.8300)  Acc@5: 100.0000 (99.7900)
2024-11-20 22:01:06,646 -                train: [    INFO] - valid_acc 91.830003 - best_valid_acc 93.150003
2024-11-20 22:01:07,063 -                train: [    INFO] - Train: 192 [   0/520]  Loss: 0.4234 (0.423)  Acc@1: 90.6250 (90.6250)  Acc@5: 100.0000 (100.0000)LR: 1.920e-02
2024-11-20 22:01:53,250 -                train: [    INFO] - Train: 192 [ 200/520]  Loss: 0.4384 (0.436)  Acc@1: 90.6250 (89.5730)  Acc@5: 100.0000 (99.6061)LR: 1.920e-02
2024-11-20 22:02:39,271 -                train: [    INFO] - Train: 192 [ 400/520]  Loss: 0.4289 (0.432)  Acc@1: 89.5833 (89.6327)  Acc@5: 100.0000 (99.6701)LR: 1.920e-02
2024-11-20 22:03:06,402 -                train: [    INFO] - Train: 192 [ 520/520]  Loss: 0.5081 (0.437)  Acc@1: 83.7500 (89.4820)  Acc@5: 100.0000 (99.6780)LR: 1.920e-02
2024-11-20 22:03:06,663 -                train: [    INFO] - Valid: 192 [   0/104]  Loss: 0.4468 (0.447)  Acc@1: 84.3750 (84.3750)  Acc@5: 100.0000 (100.0000)
2024-11-20 22:03:12,790 -                train: [    INFO] - Valid: 192 [ 104/104]  Loss: 0.4253 (0.268)  Acc@1: 93.7500 (91.4900)  Acc@5: 100.0000 (99.7500)
2024-11-20 22:03:12,816 -                train: [    INFO] - valid_acc 91.490003 - best_valid_acc 93.150003
2024-11-20 22:03:13,214 -                train: [    INFO] - Train: 193 [   0/520]  Loss: 0.2246 (0.225)  Acc@1: 95.8333 (95.8333)  Acc@5: 100.0000 (100.0000)LR: 1.914e-02
2024-11-20 22:03:58,782 -                train: [    INFO] - Train: 193 [ 200/520]  Loss: 0.5234 (0.431)  Acc@1: 88.5417 (89.8062)  Acc@5: 100.0000 (99.6010)LR: 1.914e-02
2024-11-20 22:04:44,267 -                train: [    INFO] - Train: 193 [ 400/520]  Loss: 0.8072 (0.436)  Acc@1: 81.2500 (89.5236)  Acc@5: 100.0000 (99.5792)LR: 1.914e-02
2024-11-20 22:05:11,471 -                train: [    INFO] - Train: 193 [ 520/520]  Loss: 0.5594 (0.438)  Acc@1: 87.5000 (89.4260)  Acc@5: 98.7500 (99.5700)LR: 1.914e-02
2024-11-20 22:05:11,721 -                train: [    INFO] - Valid: 193 [   0/104]  Loss: 0.3173 (0.317)  Acc@1: 88.5417 (88.5417)  Acc@5: 100.0000 (100.0000)
2024-11-20 22:05:17,840 -                train: [    INFO] - Valid: 193 [ 104/104]  Loss: 0.1326 (0.263)  Acc@1: 93.7500 (91.2500)  Acc@5: 100.0000 (99.6700)
2024-11-20 22:05:17,872 -                train: [    INFO] - valid_acc 91.250002 - best_valid_acc 93.150003
2024-11-20 22:05:18,329 -                train: [    INFO] - Train: 194 [   0/520]  Loss: 0.3563 (0.356)  Acc@1: 91.6667 (91.6667)  Acc@5: 98.9583 (98.9583)LR: 1.909e-02
2024-11-20 22:06:04,048 -                train: [    INFO] - Train: 194 [ 200/520]  Loss: 0.3006 (0.430)  Acc@1: 94.7917 (89.4641)  Acc@5: 100.0000 (99.6165)LR: 1.909e-02
2024-11-20 22:06:49,705 -                train: [    INFO] - Train: 194 [ 400/520]  Loss: 0.4993 (0.429)  Acc@1: 87.5000 (89.5911)  Acc@5: 98.9583 (99.5948)LR: 1.909e-02
2024-11-20 22:07:16,994 -                train: [    INFO] - Train: 194 [ 520/520]  Loss: 0.4430 (0.434)  Acc@1: 88.7500 (89.5040)  Acc@5: 100.0000 (99.5800)LR: 1.909e-02
2024-11-20 22:07:17,362 -                train: [    INFO] - Valid: 194 [   0/104]  Loss: 0.2791 (0.279)  Acc@1: 89.5833 (89.5833)  Acc@5: 100.0000 (100.0000)
2024-11-20 22:07:23,519 -                train: [    INFO] - Valid: 194 [ 104/104]  Loss: 0.04911 (0.251)  Acc@1: 100.0000 (91.9000)  Acc@5: 100.0000 (99.7700)
2024-11-20 22:07:23,555 -                train: [    INFO] - valid_acc 91.900002 - best_valid_acc 93.150003
2024-11-20 22:07:24,045 -                train: [    INFO] - Train: 195 [   0/520]  Loss: 0.3123 (0.312)  Acc@1: 93.7500 (93.7500)  Acc@5: 100.0000 (100.0000)LR: 1.903e-02
2024-11-20 22:08:11,981 -                train: [    INFO] - Train: 195 [ 200/520]  Loss: 0.4294 (0.412)  Acc@1: 86.4583 (89.8839)  Acc@5: 98.9583 (99.5543)LR: 1.903e-02
2024-11-20 22:09:00,139 -                train: [    INFO] - Train: 195 [ 400/520]  Loss: 0.4431 (0.426)  Acc@1: 89.5833 (89.6405)  Acc@5: 100.0000 (99.5636)LR: 1.903e-02
2024-11-20 22:09:28,869 -                train: [    INFO] - Train: 195 [ 520/520]  Loss: 0.4169 (0.426)  Acc@1: 90.0000 (89.6900)  Acc@5: 100.0000 (99.5840)LR: 1.903e-02
2024-11-20 22:09:29,157 -                train: [    INFO] - Valid: 195 [   0/104]  Loss: 0.2996 (0.300)  Acc@1: 91.6667 (91.6667)  Acc@5: 100.0000 (100.0000)
2024-11-20 22:09:35,407 -                train: [    INFO] - Valid: 195 [ 104/104]  Loss: 0.7768 (0.253)  Acc@1: 87.5000 (92.2400)  Acc@5: 100.0000 (99.8400)
2024-11-20 22:09:35,462 -                train: [    INFO] - valid_acc 92.240003 - best_valid_acc 93.150003
2024-11-20 22:09:35,967 -                train: [    INFO] - Train: 196 [   0/520]  Loss: 0.2765 (0.277)  Acc@1: 94.7917 (94.7917)  Acc@5: 100.0000 (100.0000)LR: 1.898e-02
2024-11-20 22:10:24,113 -                train: [    INFO] - Train: 196 [ 200/520]  Loss: 0.5677 (0.391)  Acc@1: 87.5000 (90.5265)  Acc@5: 100.0000 (99.7098)LR: 1.898e-02
2024-11-20 22:11:11,747 -                train: [    INFO] - Train: 196 [ 400/520]  Loss: 0.4636 (0.414)  Acc@1: 88.5417 (89.9444)  Acc@5: 97.9167 (99.6519)LR: 1.898e-02
2024-11-20 22:11:39,809 -                train: [    INFO] - Train: 196 [ 520/520]  Loss: 0.4952 (0.419)  Acc@1: 86.2500 (89.8580)  Acc@5: 100.0000 (99.6420)LR: 1.898e-02
2024-11-20 22:11:40,085 -                train: [    INFO] - Valid: 196 [   0/104]  Loss: 0.2046 (0.205)  Acc@1: 92.7083 (92.7083)  Acc@5: 100.0000 (100.0000)
2024-11-20 22:11:46,350 -                train: [    INFO] - Valid: 196 [ 104/104]  Loss: 0.1097 (0.224)  Acc@1: 93.7500 (92.4900)  Acc@5: 100.0000 (99.8300)
2024-11-20 22:11:46,398 -                train: [    INFO] - valid_acc 92.490002 - best_valid_acc 93.150003
2024-11-20 22:11:46,890 -                train: [    INFO] - Train: 197 [   0/520]  Loss: 0.5584 (0.558)  Acc@1: 85.4167 (85.4167)  Acc@5: 100.0000 (100.0000)LR: 1.892e-02
2024-11-20 22:12:33,822 -                train: [    INFO] - Train: 197 [ 200/520]  Loss: 0.3472 (0.411)  Acc@1: 93.7500 (90.1068)  Acc@5: 100.0000 (99.6787)LR: 1.892e-02
2024-11-20 22:13:20,001 -                train: [    INFO] - Train: 197 [ 400/520]  Loss: 0.5166 (0.421)  Acc@1: 86.4583 (89.9080)  Acc@5: 100.0000 (99.6389)LR: 1.892e-02
2024-11-20 22:13:47,303 -                train: [    INFO] - Train: 197 [ 520/520]  Loss: 0.3699 (0.427)  Acc@1: 91.2500 (89.8080)  Acc@5: 100.0000 (99.6460)LR: 1.892e-02
2024-11-20 22:13:47,596 -                train: [    INFO] - Valid: 197 [   0/104]  Loss: 0.3021 (0.302)  Acc@1: 89.5833 (89.5833)  Acc@5: 100.0000 (100.0000)
2024-11-20 22:13:53,723 -                train: [    INFO] - Valid: 197 [ 104/104]  Loss: 0.4618 (0.249)  Acc@1: 93.7500 (91.9600)  Acc@5: 100.0000 (99.8500)
2024-11-20 22:13:53,851 -                train: [    INFO] - valid_acc 91.960002 - best_valid_acc 93.150003
2024-11-20 22:13:54,364 -                train: [    INFO] - Train: 198 [   0/520]  Loss: 0.4333 (0.433)  Acc@1: 86.4583 (86.4583)  Acc@5: 100.0000 (100.0000)LR: 1.886e-02
2024-11-20 22:14:40,152 -                train: [    INFO] - Train: 198 [ 200/520]  Loss: 0.4606 (0.418)  Acc@1: 86.4583 (89.6092)  Acc@5: 100.0000 (99.6787)LR: 1.886e-02
2024-11-20 22:15:25,933 -                train: [    INFO] - Train: 198 [ 400/520]  Loss: 0.4878 (0.424)  Acc@1: 84.3750 (89.5859)  Acc@5: 100.0000 (99.6649)LR: 1.886e-02
2024-11-20 22:15:55,172 -                train: [    INFO] - Train: 198 [ 520/520]  Loss: 0.3584 (0.429)  Acc@1: 90.0000 (89.4820)  Acc@5: 98.7500 (99.6240)LR: 1.886e-02
2024-11-20 22:16:05,510 -                train: [    INFO] - Valid: 198 [   0/104]  Loss: 0.4543 (0.454)  Acc@1: 86.4583 (86.4583)  Acc@5: 98.9583 (98.9583)
2024-11-20 22:16:12,378 -                train: [    INFO] - Valid: 198 [ 104/104]  Loss: 0.5116 (0.401)  Acc@1: 87.5000 (88.0800)  Acc@5: 100.0000 (99.5400)
2024-11-20 22:16:12,944 -                train: [    INFO] - valid_acc 88.080003 - best_valid_acc 93.150003
2024-11-20 22:16:13,458 -                train: [    INFO] - Train: 199 [   0/520]  Loss: 0.3386 (0.339)  Acc@1: 90.6250 (90.6250)  Acc@5: 100.0000 (100.0000)LR: 1.881e-02
2024-11-20 22:17:04,543 -                train: [    INFO] - Train: 199 [ 200/520]  Loss: 0.4570 (0.416)  Acc@1: 88.5417 (89.7855)  Acc@5: 100.0000 (99.6320)LR: 1.881e-02
2024-11-20 22:18:14,706 -                train: [    INFO] - Train: 199 [ 400/520]  Loss: 0.3381 (0.434)  Acc@1: 88.5417 (89.4249)  Acc@5: 98.9583 (99.6181)LR: 1.881e-02
2024-11-20 22:18:43,641 -                train: [    INFO] - Train: 199 [ 520/520]  Loss: 0.2537 (0.434)  Acc@1: 95.0000 (89.4000)  Acc@5: 100.0000 (99.6240)LR: 1.881e-02
2024-11-20 22:18:50,627 -                train: [    INFO] - Valid: 199 [   0/104]  Loss: 0.3637 (0.364)  Acc@1: 88.5417 (88.5417)  Acc@5: 100.0000 (100.0000)
2024-11-20 22:18:58,491 -                train: [    INFO] - Valid: 199 [ 104/104]  Loss: 0.3279 (0.253)  Acc@1: 93.7500 (91.9500)  Acc@5: 100.0000 (99.8400)
2024-11-20 22:19:06,142 -                train: [    INFO] - valid_acc 91.950003 - best_valid_acc 93.150003
2024-11-20 22:19:07,092 -                train: [    INFO] - Train: 200 [   0/520]  Loss: 0.5509 (0.551)  Acc@1: 86.4583 (86.4583)  Acc@5: 100.0000 (100.0000)LR: 1.875e-02
2024-11-20 22:19:56,883 -                train: [    INFO] - Train: 200 [ 200/520]  Loss: 0.2826 (0.425)  Acc@1: 90.6250 (89.7440)  Acc@5: 100.0000 (99.6580)LR: 1.875e-02
2024-11-20 22:20:47,382 -                train: [    INFO] - Train: 200 [ 400/520]  Loss: 0.5828 (0.428)  Acc@1: 85.4167 (89.6665)  Acc@5: 98.9583 (99.5948)LR: 1.875e-02
2024-11-20 22:21:17,677 -                train: [    INFO] - Train: 200 [ 520/520]  Loss: 0.5443 (0.428)  Acc@1: 85.0000 (89.6820)  Acc@5: 98.7500 (99.5960)LR: 1.875e-02
2024-11-20 22:21:18,723 -                train: [    INFO] - Valid: 200 [   0/104]  Loss: 0.2143 (0.214)  Acc@1: 92.7083 (92.7083)  Acc@5: 100.0000 (100.0000)
2024-11-20 22:21:25,021 -                train: [    INFO] - Valid: 200 [ 104/104]  Loss: 0.3391 (0.244)  Acc@1: 87.5000 (92.3500)  Acc@5: 100.0000 (99.8600)
2024-11-20 22:21:25,626 -                train: [    INFO] - valid_acc 92.350003 - best_valid_acc 93.150003
2024-11-20 22:21:26,137 -                train: [    INFO] - Train: 201 [   0/520]  Loss: 0.3518 (0.352)  Acc@1: 93.7500 (93.7500)  Acc@5: 100.0000 (100.0000)LR: 1.869e-02
2024-11-20 22:22:12,325 -                train: [    INFO] - Train: 201 [ 200/520]  Loss: 0.4950 (0.416)  Acc@1: 85.4167 (89.8217)  Acc@5: 100.0000 (99.6217)LR: 1.869e-02
2024-11-20 22:22:59,138 -                train: [    INFO] - Train: 201 [ 400/520]  Loss: 0.3652 (0.429)  Acc@1: 87.5000 (89.5911)  Acc@5: 100.0000 (99.5974)LR: 1.869e-02
2024-11-20 22:23:26,438 -                train: [    INFO] - Train: 201 [ 520/520]  Loss: 0.5417 (0.430)  Acc@1: 90.0000 (89.5860)  Acc@5: 100.0000 (99.5860)LR: 1.869e-02
2024-11-20 22:23:26,695 -                train: [    INFO] - Valid: 201 [   0/104]  Loss: 0.2579 (0.258)  Acc@1: 90.6250 (90.6250)  Acc@5: 100.0000 (100.0000)
2024-11-20 22:23:32,834 -                train: [    INFO] - Valid: 201 [ 104/104]  Loss: 0.3997 (0.220)  Acc@1: 87.5000 (92.6000)  Acc@5: 100.0000 (99.8000)
2024-11-20 22:23:32,859 -                train: [    INFO] - valid_acc 92.600002 - best_valid_acc 93.150003
2024-11-20 22:23:33,295 -                train: [    INFO] - Train: 202 [   0/520]  Loss: 0.2893 (0.289)  Acc@1: 91.6667 (91.6667)  Acc@5: 100.0000 (100.0000)LR: 1.864e-02
2024-11-20 22:24:18,818 -                train: [    INFO] - Train: 202 [ 200/520]  Loss: 0.3245 (0.414)  Acc@1: 90.6250 (89.9098)  Acc@5: 100.0000 (99.6165)LR: 1.864e-02
2024-11-20 22:25:04,300 -                train: [    INFO] - Train: 202 [ 400/520]  Loss: 0.5119 (0.421)  Acc@1: 89.5833 (89.8405)  Acc@5: 98.9583 (99.5948)LR: 1.864e-02
2024-11-20 22:25:31,515 -                train: [    INFO] - Train: 202 [ 520/520]  Loss: 0.2595 (0.424)  Acc@1: 93.7500 (89.7760)  Acc@5: 100.0000 (99.5820)LR: 1.864e-02
2024-11-20 22:25:31,763 -                train: [    INFO] - Valid: 202 [   0/104]  Loss: 0.2641 (0.264)  Acc@1: 90.6250 (90.6250)  Acc@5: 100.0000 (100.0000)
2024-11-20 22:25:37,889 -                train: [    INFO] - Valid: 202 [ 104/104]  Loss: 0.4484 (0.230)  Acc@1: 81.2500 (92.4600)  Acc@5: 100.0000 (99.7800)
2024-11-20 22:25:37,971 -                train: [    INFO] - valid_acc 92.460003 - best_valid_acc 93.150003
2024-11-20 22:25:38,365 -                train: [    INFO] - Train: 203 [   0/520]  Loss: 0.3899 (0.390)  Acc@1: 89.5833 (89.5833)  Acc@5: 100.0000 (100.0000)LR: 1.858e-02
2024-11-20 22:26:23,861 -                train: [    INFO] - Train: 203 [ 200/520]  Loss: 0.5279 (0.420)  Acc@1: 85.4167 (90.1068)  Acc@5: 98.9583 (99.6735)LR: 1.858e-02
2024-11-20 22:27:09,689 -                train: [    INFO] - Train: 203 [ 400/520]  Loss: 0.5062 (0.430)  Acc@1: 88.5417 (89.7158)  Acc@5: 100.0000 (99.6311)LR: 1.858e-02
2024-11-20 22:27:37,450 -                train: [    INFO] - Train: 203 [ 520/520]  Loss: 0.4146 (0.432)  Acc@1: 91.2500 (89.6460)  Acc@5: 100.0000 (99.6120)LR: 1.858e-02
2024-11-20 22:27:37,675 -                train: [    INFO] - Valid: 203 [   0/104]  Loss: 0.2733 (0.273)  Acc@1: 90.6250 (90.6250)  Acc@5: 100.0000 (100.0000)
2024-11-20 22:27:43,802 -                train: [    INFO] - Valid: 203 [ 104/104]  Loss: 0.3351 (0.234)  Acc@1: 87.5000 (92.3500)  Acc@5: 100.0000 (99.7800)
2024-11-20 22:27:43,854 -                train: [    INFO] - valid_acc 92.350003 - best_valid_acc 93.150003
2024-11-20 22:27:44,279 -                train: [    INFO] - Train: 204 [   0/520]  Loss: 0.3893 (0.389)  Acc@1: 88.5417 (88.5417)  Acc@5: 100.0000 (100.0000)LR: 1.852e-02
2024-11-20 22:28:31,078 -                train: [    INFO] - Train: 204 [ 200/520]  Loss: 0.3430 (0.413)  Acc@1: 91.6667 (89.8010)  Acc@5: 98.9583 (99.6787)LR: 1.852e-02
2024-11-20 22:29:17,207 -                train: [    INFO] - Train: 204 [ 400/520]  Loss: 0.3911 (0.418)  Acc@1: 92.7083 (89.8197)  Acc@5: 100.0000 (99.6545)LR: 1.852e-02
2024-11-20 22:29:45,107 -                train: [    INFO] - Train: 204 [ 520/520]  Loss: 0.3894 (0.420)  Acc@1: 90.0000 (89.7540)  Acc@5: 100.0000 (99.6580)LR: 1.852e-02
2024-11-20 22:29:45,471 -                train: [    INFO] - Valid: 204 [   0/104]  Loss: 0.2185 (0.219)  Acc@1: 92.7083 (92.7083)  Acc@5: 100.0000 (100.0000)
2024-11-20 22:29:51,590 -                train: [    INFO] - Valid: 204 [ 104/104]  Loss: 0.5533 (0.231)  Acc@1: 93.7500 (92.5200)  Acc@5: 100.0000 (99.8500)
2024-11-20 22:29:51,626 -                train: [    INFO] - valid_acc 92.520002 - best_valid_acc 93.150003
2024-11-20 22:29:52,070 -                train: [    INFO] - Train: 205 [   0/520]  Loss: 0.3571 (0.357)  Acc@1: 93.7500 (93.7500)  Acc@5: 100.0000 (100.0000)LR: 1.846e-02
2024-11-20 22:30:37,985 -                train: [    INFO] - Train: 205 [ 200/520]  Loss: 0.2832 (0.428)  Acc@1: 91.6667 (89.6196)  Acc@5: 98.9583 (99.5595)LR: 1.846e-02
2024-11-20 22:31:23,652 -                train: [    INFO] - Train: 205 [ 400/520]  Loss: 0.3024 (0.427)  Acc@1: 91.6667 (89.5885)  Acc@5: 100.0000 (99.6052)LR: 1.846e-02
2024-11-20 22:31:50,954 -                train: [    INFO] - Train: 205 [ 520/520]  Loss: 0.3509 (0.431)  Acc@1: 90.0000 (89.4900)  Acc@5: 100.0000 (99.5980)LR: 1.846e-02
2024-11-20 22:31:51,185 -                train: [    INFO] - Valid: 205 [   0/104]  Loss: 0.2351 (0.235)  Acc@1: 89.5833 (89.5833)  Acc@5: 100.0000 (100.0000)
2024-11-20 22:31:57,328 -                train: [    INFO] - Valid: 205 [ 104/104]  Loss: 0.3467 (0.235)  Acc@1: 93.7500 (91.8500)  Acc@5: 100.0000 (99.8100)
2024-11-20 22:31:57,354 -                train: [    INFO] - valid_acc 91.850003 - best_valid_acc 93.150003
2024-11-20 22:31:57,768 -                train: [    INFO] - Train: 206 [   0/520]  Loss: 0.2931 (0.293)  Acc@1: 92.7083 (92.7083)  Acc@5: 100.0000 (100.0000)LR: 1.841e-02
2024-11-20 22:32:43,469 -                train: [    INFO] - Train: 206 [ 200/520]  Loss: 0.3656 (0.408)  Acc@1: 90.6250 (90.2674)  Acc@5: 100.0000 (99.6528)LR: 1.841e-02
2024-11-20 22:33:29,473 -                train: [    INFO] - Train: 206 [ 400/520]  Loss: 0.5523 (0.418)  Acc@1: 86.4583 (89.8873)  Acc@5: 100.0000 (99.6805)LR: 1.841e-02
2024-11-20 22:33:56,770 -                train: [    INFO] - Train: 206 [ 520/520]  Loss: 0.3964 (0.423)  Acc@1: 88.7500 (89.7760)  Acc@5: 100.0000 (99.6900)LR: 1.841e-02
2024-11-20 22:33:57,042 -                train: [    INFO] - Valid: 206 [   0/104]  Loss: 0.2778 (0.278)  Acc@1: 89.5833 (89.5833)  Acc@5: 100.0000 (100.0000)
2024-11-20 22:34:03,174 -                train: [    INFO] - Valid: 206 [ 104/104]  Loss: 0.2422 (0.280)  Acc@1: 87.5000 (91.3200)  Acc@5: 100.0000 (99.7100)
2024-11-20 22:34:03,201 -                train: [    INFO] - valid_acc 91.320002 - best_valid_acc 93.150003
2024-11-20 22:34:03,647 -                train: [    INFO] - Train: 207 [   0/520]  Loss: 0.5567 (0.557)  Acc@1: 86.4583 (86.4583)  Acc@5: 100.0000 (100.0000)LR: 1.835e-02
2024-11-20 22:34:49,721 -                train: [    INFO] - Train: 207 [ 200/520]  Loss: 0.5094 (0.430)  Acc@1: 84.3750 (89.5160)  Acc@5: 100.0000 (99.5854)LR: 1.835e-02
2024-11-20 22:35:35,456 -                train: [    INFO] - Train: 207 [ 400/520]  Loss: 0.4935 (0.430)  Acc@1: 87.5000 (89.7002)  Acc@5: 100.0000 (99.5870)LR: 1.835e-02
2024-11-20 22:36:02,721 -                train: [    INFO] - Train: 207 [ 520/520]  Loss: 0.4581 (0.427)  Acc@1: 90.0000 (89.7260)  Acc@5: 100.0000 (99.6100)LR: 1.835e-02
2024-11-20 22:36:02,952 -                train: [    INFO] - Valid: 207 [   0/104]  Loss: 0.3742 (0.374)  Acc@1: 88.5417 (88.5417)  Acc@5: 100.0000 (100.0000)
2024-11-20 22:36:09,088 -                train: [    INFO] - Valid: 207 [ 104/104]  Loss: 0.3357 (0.233)  Acc@1: 93.7500 (92.3800)  Acc@5: 100.0000 (99.7900)
2024-11-20 22:36:09,112 -                train: [    INFO] - valid_acc 92.380003 - best_valid_acc 93.150003
2024-11-20 22:36:09,514 -                train: [    INFO] - Train: 208 [   0/520]  Loss: 0.3439 (0.344)  Acc@1: 90.6250 (90.6250)  Acc@5: 100.0000 (100.0000)LR: 1.829e-02
2024-11-20 22:36:55,105 -                train: [    INFO] - Train: 208 [ 200/520]  Loss: 0.6333 (0.411)  Acc@1: 86.4583 (90.2104)  Acc@5: 100.0000 (99.6010)LR: 1.829e-02
2024-11-20 22:37:40,603 -                train: [    INFO] - Train: 208 [ 400/520]  Loss: 0.6861 (0.424)  Acc@1: 86.4583 (89.7782)  Acc@5: 98.9583 (99.5922)LR: 1.829e-02
2024-11-20 22:38:07,894 -                train: [    INFO] - Train: 208 [ 520/520]  Loss: 0.4778 (0.428)  Acc@1: 88.7500 (89.5940)  Acc@5: 100.0000 (99.5920)LR: 1.829e-02
2024-11-20 22:38:08,137 -                train: [    INFO] - Valid: 208 [   0/104]  Loss: 0.2570 (0.257)  Acc@1: 91.6667 (91.6667)  Acc@5: 100.0000 (100.0000)
2024-11-20 22:38:14,330 -                train: [    INFO] - Valid: 208 [ 104/104]  Loss: 0.1650 (0.226)  Acc@1: 93.7500 (92.9300)  Acc@5: 100.0000 (99.8200)
2024-11-20 22:38:14,355 -                train: [    INFO] - valid_acc 92.930002 - best_valid_acc 93.150003
2024-11-20 22:38:14,758 -                train: [    INFO] - Train: 209 [   0/520]  Loss: 0.4041 (0.404)  Acc@1: 87.5000 (87.5000)  Acc@5: 100.0000 (100.0000)LR: 1.823e-02
2024-11-20 22:39:00,254 -                train: [    INFO] - Train: 209 [ 200/520]  Loss: 0.3119 (0.415)  Acc@1: 90.6250 (89.9565)  Acc@5: 98.9583 (99.6269)LR: 1.823e-02
2024-11-20 22:39:45,931 -                train: [    INFO] - Train: 209 [ 400/520]  Loss: 0.4764 (0.420)  Acc@1: 90.6250 (89.9106)  Acc@5: 100.0000 (99.6233)LR: 1.823e-02
2024-11-20 22:40:13,297 -                train: [    INFO] - Train: 209 [ 520/520]  Loss: 0.3878 (0.425)  Acc@1: 88.7500 (89.7480)  Acc@5: 100.0000 (99.6180)LR: 1.823e-02
2024-11-20 22:40:13,526 -                train: [    INFO] - Valid: 209 [   0/104]  Loss: 0.3888 (0.389)  Acc@1: 86.4583 (86.4583)  Acc@5: 97.9167 (97.9167)
2024-11-20 22:40:19,654 -                train: [    INFO] - Valid: 209 [ 104/104]  Loss: 0.2293 (0.253)  Acc@1: 87.5000 (91.8200)  Acc@5: 100.0000 (99.7500)
2024-11-20 22:40:19,707 -                train: [    INFO] - valid_acc 91.820003 - best_valid_acc 93.150003
2024-11-20 22:40:20,227 -                train: [    INFO] - Train: 210 [   0/520]  Loss: 0.2966 (0.297)  Acc@1: 93.7500 (93.7500)  Acc@5: 100.0000 (100.0000)LR: 1.817e-02
2024-11-20 22:41:06,066 -                train: [    INFO] - Train: 210 [ 200/520]  Loss: 0.4031 (0.409)  Acc@1: 91.6667 (90.1689)  Acc@5: 98.9583 (99.6580)LR: 1.817e-02
2024-11-20 22:41:51,865 -                train: [    INFO] - Train: 210 [ 400/520]  Loss: 0.3839 (0.411)  Acc@1: 91.6667 (90.0587)  Acc@5: 100.0000 (99.6649)LR: 1.817e-02
2024-11-20 22:42:19,295 -                train: [    INFO] - Train: 210 [ 520/520]  Loss: 0.2801 (0.412)  Acc@1: 92.5000 (89.9740)  Acc@5: 100.0000 (99.6640)LR: 1.817e-02
2024-11-20 22:42:19,550 -                train: [    INFO] - Valid: 210 [   0/104]  Loss: 0.4228 (0.423)  Acc@1: 85.4167 (85.4167)  Acc@5: 98.9583 (98.9583)
2024-11-20 22:42:25,696 -                train: [    INFO] - Valid: 210 [ 104/104]  Loss: 0.4148 (0.275)  Acc@1: 93.7500 (91.6300)  Acc@5: 100.0000 (99.6600)
2024-11-20 22:42:25,721 -                train: [    INFO] - valid_acc 91.630002 - best_valid_acc 93.150003
2024-11-20 22:42:26,130 -                train: [    INFO] - Train: 211 [   0/520]  Loss: 0.3358 (0.336)  Acc@1: 90.6250 (90.6250)  Acc@5: 98.9583 (98.9583)LR: 1.812e-02
2024-11-20 22:43:11,811 -                train: [    INFO] - Train: 211 [ 200/520]  Loss: 0.3604 (0.424)  Acc@1: 89.5833 (89.5367)  Acc@5: 100.0000 (99.6424)LR: 1.812e-02
2024-11-20 22:43:57,583 -                train: [    INFO] - Train: 211 [ 400/520]  Loss: 0.5599 (0.419)  Acc@1: 84.3750 (89.7314)  Acc@5: 98.9583 (99.6701)LR: 1.812e-02
2024-11-20 22:44:25,051 -                train: [    INFO] - Train: 211 [ 520/520]  Loss: 0.4771 (0.423)  Acc@1: 86.2500 (89.6220)  Acc@5: 100.0000 (99.6600)LR: 1.812e-02
2024-11-20 22:44:25,310 -                train: [    INFO] - Valid: 211 [   0/104]  Loss: 0.2495 (0.249)  Acc@1: 91.6667 (91.6667)  Acc@5: 100.0000 (100.0000)
2024-11-20 22:44:31,456 -                train: [    INFO] - Valid: 211 [ 104/104]  Loss: 0.3793 (0.292)  Acc@1: 87.5000 (90.7300)  Acc@5: 100.0000 (99.7600)
2024-11-20 22:44:31,488 -                train: [    INFO] - valid_acc 90.730003 - best_valid_acc 93.150003
2024-11-20 22:44:31,919 -                train: [    INFO] - Train: 212 [   0/520]  Loss: 0.3558 (0.356)  Acc@1: 90.6250 (90.6250)  Acc@5: 100.0000 (100.0000)LR: 1.806e-02
2024-11-20 22:45:17,794 -                train: [    INFO] - Train: 212 [ 200/520]  Loss: 0.4003 (0.429)  Acc@1: 93.7500 (89.9461)  Acc@5: 98.9583 (99.6113)LR: 1.806e-02
2024-11-20 22:46:03,638 -                train: [    INFO] - Train: 212 [ 400/520]  Loss: 0.5957 (0.425)  Acc@1: 85.4167 (89.9964)  Acc@5: 97.9167 (99.6078)LR: 1.806e-02
2024-11-20 22:46:30,940 -                train: [    INFO] - Train: 212 [ 520/520]  Loss: 0.5454 (0.421)  Acc@1: 87.5000 (90.0520)  Acc@5: 98.7500 (99.6140)LR: 1.806e-02
2024-11-20 22:46:31,198 -                train: [    INFO] - Valid: 212 [   0/104]  Loss: 0.2335 (0.234)  Acc@1: 93.7500 (93.7500)  Acc@5: 98.9583 (98.9583)
2024-11-20 22:46:37,333 -                train: [    INFO] - Valid: 212 [ 104/104]  Loss: 0.08302 (0.243)  Acc@1: 100.0000 (92.4400)  Acc@5: 100.0000 (99.7700)
2024-11-20 22:46:37,358 -                train: [    INFO] - valid_acc 92.440003 - best_valid_acc 93.150003
2024-11-20 22:46:37,778 -                train: [    INFO] - Train: 213 [   0/520]  Loss: 0.3864 (0.386)  Acc@1: 92.7083 (92.7083)  Acc@5: 100.0000 (100.0000)LR: 1.800e-02
2024-11-20 22:47:23,294 -                train: [    INFO] - Train: 213 [ 200/520]  Loss: 0.3127 (0.411)  Acc@1: 93.7500 (89.8891)  Acc@5: 100.0000 (99.6372)LR: 1.800e-02
2024-11-20 22:48:08,981 -                train: [    INFO] - Train: 213 [ 400/520]  Loss: 0.4922 (0.411)  Acc@1: 89.5833 (89.9236)  Acc@5: 100.0000 (99.6441)LR: 1.800e-02
2024-11-20 22:48:36,401 -                train: [    INFO] - Train: 213 [ 520/520]  Loss: 0.4760 (0.414)  Acc@1: 86.2500 (89.9120)  Acc@5: 100.0000 (99.6480)LR: 1.800e-02
2024-11-20 22:48:36,672 -                train: [    INFO] - Valid: 213 [   0/104]  Loss: 0.2187 (0.219)  Acc@1: 91.6667 (91.6667)  Acc@5: 100.0000 (100.0000)
2024-11-20 22:48:42,807 -                train: [    INFO] - Valid: 213 [ 104/104]  Loss: 0.3617 (0.264)  Acc@1: 87.5000 (91.6900)  Acc@5: 100.0000 (99.6800)
2024-11-20 22:48:42,865 -                train: [    INFO] - valid_acc 91.690003 - best_valid_acc 93.150003
2024-11-20 22:48:43,282 -                train: [    INFO] - Train: 214 [   0/520]  Loss: 0.2439 (0.244)  Acc@1: 93.7500 (93.7500)  Acc@5: 100.0000 (100.0000)LR: 1.794e-02
2024-11-20 22:49:29,017 -                train: [    INFO] - Train: 214 [ 200/520]  Loss: 0.2475 (0.405)  Acc@1: 93.7500 (90.2415)  Acc@5: 100.0000 (99.6735)LR: 1.794e-02
2024-11-20 22:50:14,937 -                train: [    INFO] - Train: 214 [ 400/520]  Loss: 0.4351 (0.419)  Acc@1: 89.5833 (89.8327)  Acc@5: 98.9583 (99.6441)LR: 1.794e-02
2024-11-20 22:50:42,180 -                train: [    INFO] - Train: 214 [ 520/520]  Loss: 0.5859 (0.418)  Acc@1: 82.5000 (89.9540)  Acc@5: 98.7500 (99.6460)LR: 1.794e-02
2024-11-20 22:50:42,436 -                train: [    INFO] - Valid: 214 [   0/104]  Loss: 0.2124 (0.212)  Acc@1: 89.5833 (89.5833)  Acc@5: 100.0000 (100.0000)
2024-11-20 22:50:48,614 -                train: [    INFO] - Valid: 214 [ 104/104]  Loss: 0.3495 (0.285)  Acc@1: 87.5000 (90.9900)  Acc@5: 100.0000 (99.5900)
2024-11-20 22:50:48,642 -                train: [    INFO] - valid_acc 90.990002 - best_valid_acc 93.150003
2024-11-20 22:50:49,116 -                train: [    INFO] - Train: 215 [   0/520]  Loss: 0.4864 (0.486)  Acc@1: 88.5417 (88.5417)  Acc@5: 98.9583 (98.9583)LR: 1.788e-02
2024-11-20 22:51:35,063 -                train: [    INFO] - Train: 215 [ 200/520]  Loss: 0.4264 (0.409)  Acc@1: 90.6250 (90.2208)  Acc@5: 100.0000 (99.6787)LR: 1.788e-02
2024-11-20 22:52:20,614 -                train: [    INFO] - Train: 215 [ 400/520]  Loss: 0.4658 (0.416)  Acc@1: 89.5833 (90.0483)  Acc@5: 97.9167 (99.6415)LR: 1.788e-02
2024-11-20 22:52:47,917 -                train: [    INFO] - Train: 215 [ 520/520]  Loss: 0.4946 (0.423)  Acc@1: 88.7500 (89.8060)  Acc@5: 100.0000 (99.6360)LR: 1.788e-02
2024-11-20 22:52:48,156 -                train: [    INFO] - Valid: 215 [   0/104]  Loss: 0.4721 (0.472)  Acc@1: 87.5000 (87.5000)  Acc@5: 100.0000 (100.0000)
2024-11-20 22:52:54,284 -                train: [    INFO] - Valid: 215 [ 104/104]  Loss: 0.4621 (0.304)  Acc@1: 87.5000 (90.3900)  Acc@5: 100.0000 (99.7000)
2024-11-20 22:52:54,342 -                train: [    INFO] - valid_acc 90.390003 - best_valid_acc 93.150003
2024-11-20 22:52:54,767 -                train: [    INFO] - Train: 216 [   0/520]  Loss: 0.4174 (0.417)  Acc@1: 88.5417 (88.5417)  Acc@5: 98.9583 (98.9583)LR: 1.782e-02
2024-11-20 22:53:40,248 -                train: [    INFO] - Train: 216 [ 200/520]  Loss: 0.3690 (0.410)  Acc@1: 90.6250 (90.1119)  Acc@5: 100.0000 (99.6891)LR: 1.782e-02
2024-11-20 22:54:25,942 -                train: [    INFO] - Train: 216 [ 400/520]  Loss: 0.5758 (0.417)  Acc@1: 88.5417 (90.0249)  Acc@5: 98.9583 (99.6571)LR: 1.782e-02
2024-11-20 22:54:53,434 -                train: [    INFO] - Train: 216 [ 520/520]  Loss: 0.5957 (0.418)  Acc@1: 85.0000 (90.0120)  Acc@5: 98.7500 (99.6440)LR: 1.782e-02
2024-11-20 22:54:53,688 -                train: [    INFO] - Valid: 216 [   0/104]  Loss: 0.2727 (0.273)  Acc@1: 92.7083 (92.7083)  Acc@5: 100.0000 (100.0000)
2024-11-20 22:54:59,817 -                train: [    INFO] - Valid: 216 [ 104/104]  Loss: 0.4196 (0.246)  Acc@1: 75.0000 (91.8100)  Acc@5: 100.0000 (99.7400)
2024-11-20 22:54:59,842 -                train: [    INFO] - valid_acc 91.810002 - best_valid_acc 93.150003
2024-11-20 22:55:00,258 -                train: [    INFO] - Train: 217 [   0/520]  Loss: 0.3469 (0.347)  Acc@1: 88.5417 (88.5417)  Acc@5: 98.9583 (98.9583)LR: 1.776e-02
2024-11-20 22:55:47,111 -                train: [    INFO] - Train: 217 [ 200/520]  Loss: 0.4387 (0.383)  Acc@1: 88.5417 (90.7908)  Acc@5: 98.9583 (99.6994)LR: 1.776e-02
2024-11-20 22:56:33,695 -                train: [    INFO] - Train: 217 [ 400/520]  Loss: 0.4037 (0.399)  Acc@1: 91.6667 (90.4042)  Acc@5: 100.0000 (99.6831)LR: 1.776e-02
2024-11-20 22:57:01,284 -                train: [    INFO] - Train: 217 [ 520/520]  Loss: 0.5153 (0.405)  Acc@1: 87.5000 (90.2980)  Acc@5: 100.0000 (99.6800)LR: 1.776e-02
2024-11-20 22:57:01,557 -                train: [    INFO] - Valid: 217 [   0/104]  Loss: 0.3137 (0.314)  Acc@1: 90.6250 (90.6250)  Acc@5: 100.0000 (100.0000)
2024-11-20 22:57:07,689 -                train: [    INFO] - Valid: 217 [ 104/104]  Loss: 0.1565 (0.213)  Acc@1: 87.5000 (92.7900)  Acc@5: 100.0000 (99.8600)
2024-11-20 22:57:07,714 -                train: [    INFO] - valid_acc 92.790002 - best_valid_acc 93.150003
2024-11-20 22:57:08,117 -                train: [    INFO] - Train: 218 [   0/520]  Loss: 0.4138 (0.414)  Acc@1: 88.5417 (88.5417)  Acc@5: 98.9583 (98.9583)LR: 1.770e-02
2024-11-20 22:57:53,850 -                train: [    INFO] - Train: 218 [ 200/520]  Loss: 0.2776 (0.417)  Acc@1: 94.7917 (90.0083)  Acc@5: 100.0000 (99.6631)LR: 1.770e-02
2024-11-20 22:58:39,653 -                train: [    INFO] - Train: 218 [ 400/520]  Loss: 0.3713 (0.414)  Acc@1: 93.7500 (90.0847)  Acc@5: 97.9167 (99.6493)LR: 1.770e-02
2024-11-20 22:59:07,217 -                train: [    INFO] - Train: 218 [ 520/520]  Loss: 0.3861 (0.415)  Acc@1: 88.7500 (90.0380)  Acc@5: 100.0000 (99.6680)LR: 1.770e-02
2024-11-20 22:59:07,574 -                train: [    INFO] - Valid: 218 [   0/104]  Loss: 0.2612 (0.261)  Acc@1: 89.5833 (89.5833)  Acc@5: 100.0000 (100.0000)
2024-11-20 22:59:13,708 -                train: [    INFO] - Valid: 218 [ 104/104]  Loss: 0.5866 (0.229)  Acc@1: 81.2500 (92.6800)  Acc@5: 100.0000 (99.7600)
2024-11-20 22:59:13,735 -                train: [    INFO] - valid_acc 92.680002 - best_valid_acc 93.150003
2024-11-20 22:59:14,154 -                train: [    INFO] - Train: 219 [   0/520]  Loss: 0.3975 (0.398)  Acc@1: 91.6667 (91.6667)  Acc@5: 97.9167 (97.9167)LR: 1.764e-02
2024-11-20 23:00:00,706 -                train: [    INFO] - Train: 219 [ 200/520]  Loss: 0.4069 (0.400)  Acc@1: 89.5833 (90.1689)  Acc@5: 100.0000 (99.6580)LR: 1.764e-02
2024-11-20 23:00:46,802 -                train: [    INFO] - Train: 219 [ 400/520]  Loss: 0.3320 (0.413)  Acc@1: 90.6250 (90.0405)  Acc@5: 100.0000 (99.6233)LR: 1.764e-02
2024-11-20 23:01:14,281 -                train: [    INFO] - Train: 219 [ 520/520]  Loss: 0.3363 (0.415)  Acc@1: 88.7500 (89.9860)  Acc@5: 100.0000 (99.6440)LR: 1.764e-02
2024-11-20 23:01:14,554 -                train: [    INFO] - Valid: 219 [   0/104]  Loss: 0.2467 (0.247)  Acc@1: 92.7083 (92.7083)  Acc@5: 100.0000 (100.0000)
2024-11-20 23:01:20,687 -                train: [    INFO] - Valid: 219 [ 104/104]  Loss: 0.6653 (0.274)  Acc@1: 87.5000 (91.3400)  Acc@5: 100.0000 (99.7500)
2024-11-20 23:01:20,712 -                train: [    INFO] - valid_acc 91.340003 - best_valid_acc 93.150003
2024-11-20 23:01:21,162 -                train: [    INFO] - Train: 220 [   0/520]  Loss: 0.5632 (0.563)  Acc@1: 85.4167 (85.4167)  Acc@5: 100.0000 (100.0000)LR: 1.758e-02
2024-11-20 23:02:07,313 -                train: [    INFO] - Train: 220 [ 200/520]  Loss: 0.3098 (0.398)  Acc@1: 93.7500 (90.2622)  Acc@5: 100.0000 (99.7461)LR: 1.758e-02
2024-11-20 23:02:53,577 -                train: [    INFO] - Train: 220 [ 400/520]  Loss: 0.6236 (0.413)  Acc@1: 83.3333 (89.9548)  Acc@5: 100.0000 (99.6779)LR: 1.758e-02
2024-11-20 23:03:20,960 -                train: [    INFO] - Train: 220 [ 520/520]  Loss: 0.4320 (0.418)  Acc@1: 87.5000 (89.7840)  Acc@5: 98.7500 (99.6600)LR: 1.758e-02
2024-11-20 23:03:21,208 -                train: [    INFO] - Valid: 220 [   0/104]  Loss: 0.1851 (0.185)  Acc@1: 91.6667 (91.6667)  Acc@5: 100.0000 (100.0000)
2024-11-20 23:03:27,348 -                train: [    INFO] - Valid: 220 [ 104/104]  Loss: 0.4521 (0.211)  Acc@1: 87.5000 (93.0200)  Acc@5: 100.0000 (99.8000)
2024-11-20 23:03:27,384 -                train: [    INFO] - valid_acc 93.020002 - best_valid_acc 93.150003
2024-11-20 23:03:27,853 -                train: [    INFO] - Train: 221 [   0/520]  Loss: 0.2924 (0.292)  Acc@1: 91.6667 (91.6667)  Acc@5: 100.0000 (100.0000)LR: 1.752e-02
2024-11-20 23:04:13,759 -                train: [    INFO] - Train: 221 [ 200/520]  Loss: 0.3899 (0.396)  Acc@1: 90.6250 (90.2933)  Acc@5: 100.0000 (99.7357)LR: 1.752e-02
2024-11-20 23:04:59,469 -                train: [    INFO] - Train: 221 [ 400/520]  Loss: 0.3769 (0.418)  Acc@1: 90.6250 (89.9964)  Acc@5: 100.0000 (99.6675)LR: 1.752e-02
2024-11-20 23:05:26,806 -                train: [    INFO] - Train: 221 [ 520/520]  Loss: 0.4710 (0.416)  Acc@1: 87.5000 (89.9900)  Acc@5: 100.0000 (99.6780)LR: 1.752e-02
2024-11-20 23:05:27,060 -                train: [    INFO] - Valid: 221 [   0/104]  Loss: 0.2391 (0.239)  Acc@1: 89.5833 (89.5833)  Acc@5: 100.0000 (100.0000)
2024-11-20 23:05:33,204 -                train: [    INFO] - Valid: 221 [ 104/104]  Loss: 0.2071 (0.211)  Acc@1: 93.7500 (93.0000)  Acc@5: 100.0000 (99.8500)
2024-11-20 23:05:33,252 -                train: [    INFO] - valid_acc 93.000002 - best_valid_acc 93.150003
2024-11-20 23:05:33,672 -                train: [    INFO] - Train: 222 [   0/520]  Loss: 0.3180 (0.318)  Acc@1: 89.5833 (89.5833)  Acc@5: 100.0000 (100.0000)LR: 1.746e-02
2024-11-20 23:06:19,238 -                train: [    INFO] - Train: 222 [ 200/520]  Loss: 0.4549 (0.411)  Acc@1: 87.5000 (90.0498)  Acc@5: 100.0000 (99.5906)LR: 1.746e-02
2024-11-20 23:07:04,967 -                train: [    INFO] - Train: 222 [ 400/520]  Loss: 0.4641 (0.413)  Acc@1: 88.5417 (89.9470)  Acc@5: 100.0000 (99.6467)LR: 1.746e-02
2024-11-20 23:07:32,432 -                train: [    INFO] - Train: 222 [ 520/520]  Loss: 0.2984 (0.414)  Acc@1: 95.0000 (89.9140)  Acc@5: 100.0000 (99.6300)LR: 1.746e-02
2024-11-20 23:07:32,717 -                train: [    INFO] - Valid: 222 [   0/104]  Loss: 0.2952 (0.295)  Acc@1: 90.6250 (90.6250)  Acc@5: 100.0000 (100.0000)
2024-11-20 23:07:38,845 -                train: [    INFO] - Valid: 222 [ 104/104]  Loss: 0.6375 (0.254)  Acc@1: 81.2500 (92.1000)  Acc@5: 100.0000 (99.8000)
2024-11-20 23:07:38,870 -                train: [    INFO] - valid_acc 92.100002 - best_valid_acc 93.150003
2024-11-20 23:07:39,276 -                train: [    INFO] - Train: 223 [   0/520]  Loss: 0.3851 (0.385)  Acc@1: 89.5833 (89.5833)  Acc@5: 100.0000 (100.0000)LR: 1.740e-02
2024-11-20 23:08:25,431 -                train: [    INFO] - Train: 223 [ 200/520]  Loss: 0.4892 (0.413)  Acc@1: 89.5833 (89.7699)  Acc@5: 100.0000 (99.6217)LR: 1.740e-02
2024-11-20 23:09:11,612 -                train: [    INFO] - Train: 223 [ 400/520]  Loss: 0.3798 (0.417)  Acc@1: 89.5833 (89.8613)  Acc@5: 100.0000 (99.6052)LR: 1.740e-02
2024-11-20 23:09:39,123 -                train: [    INFO] - Train: 223 [ 520/520]  Loss: 0.4024 (0.416)  Acc@1: 87.5000 (89.8380)  Acc@5: 100.0000 (99.6280)LR: 1.740e-02
2024-11-20 23:09:39,360 -                train: [    INFO] - Valid: 223 [   0/104]  Loss: 0.2548 (0.255)  Acc@1: 92.7083 (92.7083)  Acc@5: 98.9583 (98.9583)
2024-11-20 23:09:45,490 -                train: [    INFO] - Valid: 223 [ 104/104]  Loss: 0.3133 (0.193)  Acc@1: 87.5000 (93.6300)  Acc@5: 100.0000 (99.7700)
2024-11-20 23:09:46,015 -                train: [    INFO] - valid_acc 93.630002 - best_valid_acc 93.630002
2024-11-20 23:09:46,420 -                train: [    INFO] - Train: 224 [   0/520]  Loss: 0.2444 (0.244)  Acc@1: 95.8333 (95.8333)  Acc@5: 100.0000 (100.0000)LR: 1.734e-02
2024-11-20 23:10:32,910 -                train: [    INFO] - Train: 224 [ 200/520]  Loss: 0.3997 (0.404)  Acc@1: 86.4583 (90.3089)  Acc@5: 100.0000 (99.7046)LR: 1.734e-02
2024-11-20 23:11:18,785 -                train: [    INFO] - Train: 224 [ 400/520]  Loss: 0.4442 (0.407)  Acc@1: 87.5000 (90.1886)  Acc@5: 100.0000 (99.6597)LR: 1.734e-02
2024-11-20 23:11:46,527 -                train: [    INFO] - Train: 224 [ 520/520]  Loss: 0.3679 (0.411)  Acc@1: 92.5000 (90.0600)  Acc@5: 100.0000 (99.6460)LR: 1.734e-02
2024-11-20 23:11:46,800 -                train: [    INFO] - Valid: 224 [   0/104]  Loss: 0.2429 (0.243)  Acc@1: 92.7083 (92.7083)  Acc@5: 100.0000 (100.0000)
2024-11-20 23:11:53,027 -                train: [    INFO] - Valid: 224 [ 104/104]  Loss: 0.3606 (0.237)  Acc@1: 87.5000 (92.6400)  Acc@5: 100.0000 (99.8500)
2024-11-20 23:11:53,063 -                train: [    INFO] - valid_acc 92.640003 - best_valid_acc 93.630002
2024-11-20 23:11:53,546 -                train: [    INFO] - Train: 225 [   0/520]  Loss: 0.4574 (0.457)  Acc@1: 87.5000 (87.5000)  Acc@5: 100.0000 (100.0000)LR: 1.728e-02
2024-11-20 23:12:39,635 -                train: [    INFO] - Train: 225 [ 200/520]  Loss: 0.3870 (0.412)  Acc@1: 91.6667 (89.8787)  Acc@5: 100.0000 (99.6787)LR: 1.728e-02
2024-11-20 23:13:25,792 -                train: [    INFO] - Train: 225 [ 400/520]  Loss: 0.2837 (0.410)  Acc@1: 92.7083 (89.9496)  Acc@5: 100.0000 (99.6779)LR: 1.728e-02
2024-11-20 23:13:53,380 -                train: [    INFO] - Train: 225 [ 520/520]  Loss: 0.3044 (0.412)  Acc@1: 91.2500 (90.0080)  Acc@5: 100.0000 (99.6880)LR: 1.728e-02
2024-11-20 23:13:53,625 -                train: [    INFO] - Valid: 225 [   0/104]  Loss: 0.1730 (0.173)  Acc@1: 92.7083 (92.7083)  Acc@5: 100.0000 (100.0000)
2024-11-20 23:13:59,766 -                train: [    INFO] - Valid: 225 [ 104/104]  Loss: 0.3993 (0.203)  Acc@1: 87.5000 (93.3000)  Acc@5: 100.0000 (99.8800)
2024-11-20 23:13:59,794 -                train: [    INFO] - valid_acc 93.300003 - best_valid_acc 93.630002
2024-11-20 23:14:00,217 -                train: [    INFO] - Train: 226 [   0/520]  Loss: 0.4101 (0.410)  Acc@1: 90.6250 (90.6250)  Acc@5: 100.0000 (100.0000)LR: 1.722e-02
2024-11-20 23:14:46,616 -                train: [    INFO] - Train: 226 [ 200/520]  Loss: 0.2642 (0.401)  Acc@1: 90.6250 (90.3555)  Acc@5: 100.0000 (99.7150)LR: 1.722e-02
2024-11-20 23:15:32,319 -                train: [    INFO] - Train: 226 [ 400/520]  Loss: 0.3697 (0.408)  Acc@1: 89.5833 (90.1704)  Acc@5: 100.0000 (99.6675)LR: 1.722e-02
2024-11-20 23:15:59,709 -                train: [    INFO] - Train: 226 [ 520/520]  Loss: 0.3286 (0.410)  Acc@1: 92.5000 (90.1340)  Acc@5: 100.0000 (99.6320)LR: 1.722e-02
2024-11-20 23:15:59,929 -                train: [    INFO] - Valid: 226 [   0/104]  Loss: 0.2291 (0.229)  Acc@1: 92.7083 (92.7083)  Acc@5: 100.0000 (100.0000)
2024-11-20 23:16:06,062 -                train: [    INFO] - Valid: 226 [ 104/104]  Loss: 0.004393 (0.213)  Acc@1: 100.0000 (93.0300)  Acc@5: 100.0000 (99.8500)
2024-11-20 23:16:06,087 -                train: [    INFO] - valid_acc 93.030003 - best_valid_acc 93.630002
2024-11-20 23:16:06,499 -                train: [    INFO] - Train: 227 [   0/520]  Loss: 0.3607 (0.361)  Acc@1: 88.5417 (88.5417)  Acc@5: 100.0000 (100.0000)LR: 1.716e-02
2024-11-20 23:16:53,321 -                train: [    INFO] - Train: 227 [ 200/520]  Loss: 0.4408 (0.394)  Acc@1: 90.6250 (90.5110)  Acc@5: 100.0000 (99.6528)LR: 1.716e-02
2024-11-20 23:17:40,043 -                train: [    INFO] - Train: 227 [ 400/520]  Loss: 0.5122 (0.409)  Acc@1: 86.4583 (90.1055)  Acc@5: 98.9583 (99.6519)LR: 1.716e-02
2024-11-20 23:18:08,360 -                train: [    INFO] - Train: 227 [ 520/520]  Loss: 0.2743 (0.411)  Acc@1: 97.5000 (90.1360)  Acc@5: 100.0000 (99.6340)LR: 1.716e-02
2024-11-20 23:18:08,595 -                train: [    INFO] - Valid: 227 [   0/104]  Loss: 0.2686 (0.269)  Acc@1: 91.6667 (91.6667)  Acc@5: 100.0000 (100.0000)
2024-11-20 23:18:14,727 -                train: [    INFO] - Valid: 227 [ 104/104]  Loss: 0.08577 (0.208)  Acc@1: 100.0000 (93.2600)  Acc@5: 100.0000 (99.8900)
2024-11-20 23:18:14,776 -                train: [    INFO] - valid_acc 93.260002 - best_valid_acc 93.630002
2024-11-20 23:18:15,244 -                train: [    INFO] - Train: 228 [   0/520]  Loss: 0.4035 (0.404)  Acc@1: 86.4583 (86.4583)  Acc@5: 100.0000 (100.0000)LR: 1.710e-02
2024-11-20 23:19:01,925 -                train: [    INFO] - Train: 228 [ 200/520]  Loss: 0.3709 (0.415)  Acc@1: 90.6250 (89.9202)  Acc@5: 100.0000 (99.6269)LR: 1.710e-02
2024-11-20 23:19:48,477 -                train: [    INFO] - Train: 228 [ 400/520]  Loss: 0.5459 (0.415)  Acc@1: 83.3333 (90.0379)  Acc@5: 100.0000 (99.6389)LR: 1.710e-02
2024-11-20 23:20:15,984 -                train: [    INFO] - Train: 228 [ 520/520]  Loss: 0.4257 (0.415)  Acc@1: 88.7500 (90.0540)  Acc@5: 100.0000 (99.6380)LR: 1.710e-02
2024-11-20 23:20:16,312 -                train: [    INFO] - Valid: 228 [   0/104]  Loss: 0.2691 (0.269)  Acc@1: 89.5833 (89.5833)  Acc@5: 100.0000 (100.0000)
2024-11-20 23:20:22,465 -                train: [    INFO] - Valid: 228 [ 104/104]  Loss: 0.5398 (0.226)  Acc@1: 87.5000 (92.7600)  Acc@5: 100.0000 (99.7900)
2024-11-20 23:20:22,494 -                train: [    INFO] - valid_acc 92.760003 - best_valid_acc 93.630002
2024-11-20 23:20:22,911 -                train: [    INFO] - Train: 229 [   0/520]  Loss: 0.5194 (0.519)  Acc@1: 87.5000 (87.5000)  Acc@5: 98.9583 (98.9583)LR: 1.704e-02
2024-11-20 23:21:08,938 -                train: [    INFO] - Train: 229 [ 200/520]  Loss: 0.3238 (0.400)  Acc@1: 92.7083 (90.2000)  Acc@5: 100.0000 (99.7046)LR: 1.704e-02
2024-11-20 23:21:54,516 -                train: [    INFO] - Train: 229 [ 400/520]  Loss: 0.4057 (0.401)  Acc@1: 88.5417 (90.2224)  Acc@5: 100.0000 (99.6909)LR: 1.704e-02
2024-11-20 23:22:22,108 -                train: [    INFO] - Train: 229 [ 520/520]  Loss: 0.3664 (0.401)  Acc@1: 92.5000 (90.2220)  Acc@5: 97.5000 (99.6920)LR: 1.704e-02
2024-11-20 23:22:22,345 -                train: [    INFO] - Valid: 229 [   0/104]  Loss: 0.2916 (0.292)  Acc@1: 90.6250 (90.6250)  Acc@5: 100.0000 (100.0000)
2024-11-20 23:22:28,474 -                train: [    INFO] - Valid: 229 [ 104/104]  Loss: 0.1761 (0.189)  Acc@1: 93.7500 (93.9300)  Acc@5: 100.0000 (99.8900)
2024-11-20 23:22:28,990 -                train: [    INFO] - valid_acc 93.930003 - best_valid_acc 93.930003
2024-11-20 23:22:29,400 -                train: [    INFO] - Train: 230 [   0/520]  Loss: 0.4489 (0.449)  Acc@1: 91.6667 (91.6667)  Acc@5: 100.0000 (100.0000)LR: 1.698e-02
2024-11-20 23:23:15,052 -                train: [    INFO] - Train: 230 [ 200/520]  Loss: 0.2101 (0.407)  Acc@1: 97.9167 (90.2260)  Acc@5: 100.0000 (99.6942)LR: 1.698e-02
2024-11-20 23:24:00,659 -                train: [    INFO] - Train: 230 [ 400/520]  Loss: 0.3448 (0.407)  Acc@1: 90.6250 (90.1392)  Acc@5: 100.0000 (99.6701)LR: 1.698e-02
2024-11-20 23:24:27,850 -                train: [    INFO] - Train: 230 [ 520/520]  Loss: 0.2911 (0.408)  Acc@1: 95.0000 (90.1340)  Acc@5: 100.0000 (99.6540)LR: 1.698e-02
2024-11-20 23:24:28,094 -                train: [    INFO] - Valid: 230 [   0/104]  Loss: 0.3146 (0.315)  Acc@1: 88.5417 (88.5417)  Acc@5: 98.9583 (98.9583)
2024-11-20 23:24:34,225 -                train: [    INFO] - Valid: 230 [ 104/104]  Loss: 0.1333 (0.222)  Acc@1: 93.7500 (92.8800)  Acc@5: 100.0000 (99.8200)
2024-11-20 23:24:34,252 -                train: [    INFO] - valid_acc 92.880003 - best_valid_acc 93.930003
2024-11-20 23:24:34,662 -                train: [    INFO] - Train: 231 [   0/520]  Loss: 0.4744 (0.474)  Acc@1: 88.5417 (88.5417)  Acc@5: 100.0000 (100.0000)LR: 1.692e-02
2024-11-20 23:25:20,318 -                train: [    INFO] - Train: 231 [ 200/520]  Loss: 0.3165 (0.397)  Acc@1: 92.7083 (90.2726)  Acc@5: 100.0000 (99.6476)LR: 1.692e-02
2024-11-20 23:26:06,106 -                train: [    INFO] - Train: 231 [ 400/520]  Loss: 0.4009 (0.405)  Acc@1: 88.5417 (90.1756)  Acc@5: 100.0000 (99.6649)LR: 1.692e-02
2024-11-20 23:26:33,525 -                train: [    INFO] - Train: 231 [ 520/520]  Loss: 0.3116 (0.408)  Acc@1: 91.2500 (90.1660)  Acc@5: 100.0000 (99.6720)LR: 1.692e-02
2024-11-20 23:26:33,786 -                train: [    INFO] - Valid: 231 [   0/104]  Loss: 0.1908 (0.191)  Acc@1: 93.7500 (93.7500)  Acc@5: 100.0000 (100.0000)
2024-11-20 23:26:39,922 -                train: [    INFO] - Valid: 231 [ 104/104]  Loss: 0.2233 (0.211)  Acc@1: 93.7500 (92.9400)  Acc@5: 100.0000 (99.8300)
2024-11-20 23:26:39,947 -                train: [    INFO] - valid_acc 92.940002 - best_valid_acc 93.930003
2024-11-20 23:26:40,389 -                train: [    INFO] - Train: 232 [   0/520]  Loss: 0.3234 (0.323)  Acc@1: 92.7083 (92.7083)  Acc@5: 100.0000 (100.0000)LR: 1.686e-02
2024-11-20 23:27:26,643 -                train: [    INFO] - Train: 232 [ 200/520]  Loss: 0.3476 (0.392)  Acc@1: 91.6667 (90.6768)  Acc@5: 100.0000 (99.6839)LR: 1.686e-02
2024-11-20 23:28:12,559 -                train: [    INFO] - Train: 232 [ 400/520]  Loss: 0.4815 (0.403)  Acc@1: 87.5000 (90.4250)  Acc@5: 100.0000 (99.6597)LR: 1.686e-02
2024-11-20 23:28:40,182 -                train: [    INFO] - Train: 232 [ 520/520]  Loss: 0.2932 (0.403)  Acc@1: 91.2500 (90.3660)  Acc@5: 100.0000 (99.6440)LR: 1.686e-02
2024-11-20 23:28:40,452 -                train: [    INFO] - Valid: 232 [   0/104]  Loss: 0.2075 (0.208)  Acc@1: 92.7083 (92.7083)  Acc@5: 100.0000 (100.0000)
2024-11-20 23:28:46,624 -                train: [    INFO] - Valid: 232 [ 104/104]  Loss: 0.3028 (0.221)  Acc@1: 87.5000 (92.7100)  Acc@5: 100.0000 (99.8500)
2024-11-20 23:28:46,649 -                train: [    INFO] - valid_acc 92.710002 - best_valid_acc 93.930003
2024-11-20 23:28:47,066 -                train: [    INFO] - Train: 233 [   0/520]  Loss: 0.2103 (0.210)  Acc@1: 92.7083 (92.7083)  Acc@5: 100.0000 (100.0000)LR: 1.680e-02
2024-11-20 23:29:32,609 -                train: [    INFO] - Train: 233 [ 200/520]  Loss: 0.3360 (0.398)  Acc@1: 92.7083 (90.3711)  Acc@5: 98.9583 (99.6528)LR: 1.680e-02
2024-11-20 23:30:18,341 -                train: [    INFO] - Train: 233 [ 400/520]  Loss: 0.3367 (0.402)  Acc@1: 93.7500 (90.2821)  Acc@5: 100.0000 (99.6675)LR: 1.680e-02
2024-11-20 23:30:45,591 -                train: [    INFO] - Train: 233 [ 520/520]  Loss: 0.4538 (0.404)  Acc@1: 85.0000 (90.2020)  Acc@5: 100.0000 (99.6520)LR: 1.680e-02
2024-11-20 23:30:45,835 -                train: [    INFO] - Valid: 233 [   0/104]  Loss: 0.2333 (0.233)  Acc@1: 89.5833 (89.5833)  Acc@5: 100.0000 (100.0000)
2024-11-20 23:30:51,970 -                train: [    INFO] - Valid: 233 [ 104/104]  Loss: 0.3575 (0.231)  Acc@1: 93.7500 (92.8700)  Acc@5: 100.0000 (99.7900)
2024-11-20 23:30:52,027 -                train: [    INFO] - valid_acc 92.870002 - best_valid_acc 93.930003
2024-11-20 23:30:52,432 -                train: [    INFO] - Train: 234 [   0/520]  Loss: 0.3501 (0.350)  Acc@1: 92.7083 (92.7083)  Acc@5: 100.0000 (100.0000)LR: 1.673e-02
2024-11-20 23:31:38,173 -                train: [    INFO] - Train: 234 [ 200/520]  Loss: 0.5447 (0.407)  Acc@1: 86.4583 (90.1327)  Acc@5: 100.0000 (99.6424)LR: 1.673e-02
2024-11-20 23:32:23,802 -                train: [    INFO] - Train: 234 [ 400/520]  Loss: 0.4881 (0.414)  Acc@1: 89.5833 (89.8717)  Acc@5: 100.0000 (99.6519)LR: 1.673e-02
2024-11-20 23:32:51,173 -                train: [    INFO] - Train: 234 [ 520/520]  Loss: 0.3589 (0.410)  Acc@1: 92.5000 (89.9880)  Acc@5: 97.5000 (99.6540)LR: 1.673e-02
2024-11-20 23:32:51,399 -                train: [    INFO] - Valid: 234 [   0/104]  Loss: 0.2984 (0.298)  Acc@1: 89.5833 (89.5833)  Acc@5: 100.0000 (100.0000)
2024-11-20 23:32:57,541 -                train: [    INFO] - Valid: 234 [ 104/104]  Loss: 0.3981 (0.213)  Acc@1: 93.7500 (93.2000)  Acc@5: 100.0000 (99.8000)
2024-11-20 23:32:57,568 -                train: [    INFO] - valid_acc 93.200003 - best_valid_acc 93.930003
2024-11-20 23:32:57,978 -                train: [    INFO] - Train: 235 [   0/520]  Loss: 0.2669 (0.267)  Acc@1: 94.7917 (94.7917)  Acc@5: 100.0000 (100.0000)LR: 1.667e-02
2024-11-20 23:33:43,748 -                train: [    INFO] - Train: 235 [ 200/520]  Loss: 0.3467 (0.406)  Acc@1: 90.6250 (90.1689)  Acc@5: 100.0000 (99.6631)LR: 1.667e-02
2024-11-20 23:34:29,298 -                train: [    INFO] - Train: 235 [ 400/520]  Loss: 0.4423 (0.404)  Acc@1: 89.5833 (90.2016)  Acc@5: 100.0000 (99.6259)LR: 1.667e-02
2024-11-20 23:34:56,730 -                train: [    INFO] - Train: 235 [ 520/520]  Loss: 0.5653 (0.405)  Acc@1: 87.5000 (90.2060)  Acc@5: 100.0000 (99.6420)LR: 1.667e-02
2024-11-20 23:34:56,960 -                train: [    INFO] - Valid: 235 [   0/104]  Loss: 0.2647 (0.265)  Acc@1: 92.7083 (92.7083)  Acc@5: 100.0000 (100.0000)
2024-11-20 23:35:03,107 -                train: [    INFO] - Valid: 235 [ 104/104]  Loss: 0.08676 (0.241)  Acc@1: 100.0000 (92.2900)  Acc@5: 100.0000 (99.7700)
2024-11-20 23:35:03,143 -                train: [    INFO] - valid_acc 92.290002 - best_valid_acc 93.930003
2024-11-20 23:35:03,579 -                train: [    INFO] - Train: 236 [   0/520]  Loss: 0.5312 (0.531)  Acc@1: 87.5000 (87.5000)  Acc@5: 100.0000 (100.0000)LR: 1.661e-02
2024-11-20 23:35:49,341 -                train: [    INFO] - Train: 236 [ 200/520]  Loss: 0.5637 (0.402)  Acc@1: 87.5000 (90.1741)  Acc@5: 98.9583 (99.5336)LR: 1.661e-02
2024-11-20 23:36:35,157 -                train: [    INFO] - Train: 236 [ 400/520]  Loss: 0.4073 (0.401)  Acc@1: 90.6250 (90.2120)  Acc@5: 98.9583 (99.6259)LR: 1.661e-02
2024-11-20 23:37:02,522 -                train: [    INFO] - Train: 236 [ 520/520]  Loss: 0.4400 (0.405)  Acc@1: 87.5000 (90.1360)  Acc@5: 100.0000 (99.6240)LR: 1.661e-02
2024-11-20 23:37:02,754 -                train: [    INFO] - Valid: 236 [   0/104]  Loss: 0.2003 (0.200)  Acc@1: 92.7083 (92.7083)  Acc@5: 100.0000 (100.0000)
2024-11-20 23:37:08,888 -                train: [    INFO] - Valid: 236 [ 104/104]  Loss: 0.4487 (0.202)  Acc@1: 75.0000 (93.2700)  Acc@5: 100.0000 (99.8500)
2024-11-20 23:37:08,916 -                train: [    INFO] - valid_acc 93.270003 - best_valid_acc 93.930003
2024-11-20 23:37:09,333 -                train: [    INFO] - Train: 237 [   0/520]  Loss: 0.3675 (0.367)  Acc@1: 90.6250 (90.6250)  Acc@5: 100.0000 (100.0000)LR: 1.655e-02
2024-11-20 23:37:56,036 -                train: [    INFO] - Train: 237 [ 200/520]  Loss: 0.3115 (0.406)  Acc@1: 92.7083 (90.2519)  Acc@5: 100.0000 (99.6320)LR: 1.655e-02
2024-11-20 23:38:42,335 -                train: [    INFO] - Train: 237 [ 400/520]  Loss: 0.5847 (0.401)  Acc@1: 89.5833 (90.4380)  Acc@5: 100.0000 (99.6363)LR: 1.655e-02
2024-11-20 23:39:09,944 -                train: [    INFO] - Train: 237 [ 520/520]  Loss: 0.5279 (0.403)  Acc@1: 86.2500 (90.3760)  Acc@5: 100.0000 (99.6420)LR: 1.655e-02
2024-11-20 23:39:10,192 -                train: [    INFO] - Valid: 237 [   0/104]  Loss: 0.1593 (0.159)  Acc@1: 95.8333 (95.8333)  Acc@5: 100.0000 (100.0000)
2024-11-20 23:39:16,321 -                train: [    INFO] - Valid: 237 [ 104/104]  Loss: 0.3744 (0.222)  Acc@1: 87.5000 (92.9100)  Acc@5: 100.0000 (99.8900)
2024-11-20 23:39:16,346 -                train: [    INFO] - valid_acc 92.910003 - best_valid_acc 93.930003
2024-11-20 23:39:16,787 -                train: [    INFO] - Train: 238 [   0/520]  Loss: 0.3810 (0.381)  Acc@1: 90.6250 (90.6250)  Acc@5: 98.9583 (98.9583)LR: 1.649e-02
2024-11-20 23:40:02,552 -                train: [    INFO] - Train: 238 [ 200/520]  Loss: 0.4768 (0.396)  Acc@1: 87.5000 (90.4022)  Acc@5: 100.0000 (99.5647)LR: 1.649e-02
2024-11-20 23:40:48,217 -                train: [    INFO] - Train: 238 [ 400/520]  Loss: 0.3082 (0.393)  Acc@1: 92.7083 (90.5211)  Acc@5: 100.0000 (99.6649)LR: 1.649e-02
2024-11-20 23:41:15,747 -                train: [    INFO] - Train: 238 [ 520/520]  Loss: 0.4030 (0.400)  Acc@1: 91.2500 (90.2540)  Acc@5: 100.0000 (99.6580)LR: 1.649e-02
2024-11-20 23:41:15,986 -                train: [    INFO] - Valid: 238 [   0/104]  Loss: 0.2438 (0.244)  Acc@1: 89.5833 (89.5833)  Acc@5: 100.0000 (100.0000)
2024-11-20 23:41:22,114 -                train: [    INFO] - Valid: 238 [ 104/104]  Loss: 0.1653 (0.257)  Acc@1: 93.7500 (92.1500)  Acc@5: 100.0000 (99.7600)
2024-11-20 23:41:22,140 -                train: [    INFO] - valid_acc 92.150003 - best_valid_acc 93.930003
2024-11-20 23:41:22,568 -                train: [    INFO] - Train: 239 [   0/520]  Loss: 0.2838 (0.284)  Acc@1: 92.7083 (92.7083)  Acc@5: 100.0000 (100.0000)LR: 1.642e-02
2024-11-20 23:42:09,130 -                train: [    INFO] - Train: 239 [ 200/520]  Loss: 0.3149 (0.397)  Acc@1: 91.6667 (90.5162)  Acc@5: 100.0000 (99.6891)LR: 1.642e-02
2024-11-20 23:42:55,434 -                train: [    INFO] - Train: 239 [ 400/520]  Loss: 0.4252 (0.407)  Acc@1: 88.5417 (90.3159)  Acc@5: 98.9583 (99.6805)LR: 1.642e-02
2024-11-20 23:43:22,946 -                train: [    INFO] - Train: 239 [ 520/520]  Loss: 0.4532 (0.407)  Acc@1: 92.5000 (90.3180)  Acc@5: 97.5000 (99.6440)LR: 1.642e-02
2024-11-20 23:43:23,215 -                train: [    INFO] - Valid: 239 [   0/104]  Loss: 0.1880 (0.188)  Acc@1: 92.7083 (92.7083)  Acc@5: 100.0000 (100.0000)
2024-11-20 23:43:29,355 -                train: [    INFO] - Valid: 239 [ 104/104]  Loss: 0.07156 (0.201)  Acc@1: 100.0000 (93.3800)  Acc@5: 100.0000 (99.7700)
2024-11-20 23:43:29,478 -                train: [    INFO] - valid_acc 93.380003 - best_valid_acc 93.930003
2024-11-20 23:43:29,889 -                train: [    INFO] - Train: 240 [   0/520]  Loss: 0.4399 (0.440)  Acc@1: 90.6250 (90.6250)  Acc@5: 98.9583 (98.9583)LR: 1.636e-02
2024-11-20 23:44:16,232 -                train: [    INFO] - Train: 240 [ 200/520]  Loss: 0.3374 (0.406)  Acc@1: 93.7500 (90.1845)  Acc@5: 100.0000 (99.5958)LR: 1.636e-02
2024-11-20 23:45:02,784 -                train: [    INFO] - Train: 240 [ 400/520]  Loss: 0.4118 (0.404)  Acc@1: 89.5833 (90.2016)  Acc@5: 100.0000 (99.6363)LR: 1.636e-02
2024-11-20 23:45:30,611 -                train: [    INFO] - Train: 240 [ 520/520]  Loss: 0.4406 (0.404)  Acc@1: 86.2500 (90.1800)  Acc@5: 100.0000 (99.6340)LR: 1.636e-02
2024-11-20 23:45:30,878 -                train: [    INFO] - Valid: 240 [   0/104]  Loss: 0.2583 (0.258)  Acc@1: 92.7083 (92.7083)  Acc@5: 98.9583 (98.9583)
2024-11-20 23:45:37,045 -                train: [    INFO] - Valid: 240 [ 104/104]  Loss: 0.09839 (0.281)  Acc@1: 100.0000 (90.9500)  Acc@5: 100.0000 (99.7100)
2024-11-20 23:45:37,077 -                train: [    INFO] - valid_acc 90.950003 - best_valid_acc 93.930003
2024-11-20 23:45:37,516 -                train: [    INFO] - Train: 241 [   0/520]  Loss: 0.3861 (0.386)  Acc@1: 91.6667 (91.6667)  Acc@5: 100.0000 (100.0000)LR: 1.630e-02
2024-11-20 23:46:23,804 -                train: [    INFO] - Train: 241 [ 200/520]  Loss: 0.5206 (0.393)  Acc@1: 90.6250 (90.5006)  Acc@5: 100.0000 (99.6787)LR: 1.630e-02
2024-11-20 23:47:09,944 -                train: [    INFO] - Train: 241 [ 400/520]  Loss: 0.5697 (0.401)  Acc@1: 84.3750 (90.2354)  Acc@5: 100.0000 (99.6753)LR: 1.630e-02
2024-11-20 23:47:37,566 -                train: [    INFO] - Train: 241 [ 520/520]  Loss: 0.5022 (0.401)  Acc@1: 87.5000 (90.2660)  Acc@5: 100.0000 (99.6760)LR: 1.630e-02
2024-11-20 23:47:37,812 -                train: [    INFO] - Valid: 241 [   0/104]  Loss: 0.2525 (0.252)  Acc@1: 90.6250 (90.6250)  Acc@5: 100.0000 (100.0000)
2024-11-20 23:47:44,007 -                train: [    INFO] - Valid: 241 [ 104/104]  Loss: 0.1035 (0.223)  Acc@1: 100.0000 (93.0600)  Acc@5: 100.0000 (99.7900)
2024-11-20 23:47:44,032 -                train: [    INFO] - valid_acc 93.060003 - best_valid_acc 93.930003
2024-11-20 23:47:44,499 -                train: [    INFO] - Train: 242 [   0/520]  Loss: 0.5485 (0.549)  Acc@1: 86.4583 (86.4583)  Acc@5: 100.0000 (100.0000)LR: 1.624e-02
2024-11-20 23:48:31,498 -                train: [    INFO] - Train: 242 [ 200/520]  Loss: 0.5240 (0.397)  Acc@1: 89.5833 (90.4903)  Acc@5: 98.9583 (99.7046)LR: 1.624e-02
2024-11-20 23:49:18,161 -                train: [    INFO] - Train: 242 [ 400/520]  Loss: 0.4005 (0.396)  Acc@1: 92.7083 (90.5263)  Acc@5: 100.0000 (99.6909)LR: 1.624e-02
2024-11-20 23:49:45,847 -                train: [    INFO] - Train: 242 [ 520/520]  Loss: 0.3812 (0.403)  Acc@1: 90.0000 (90.2960)  Acc@5: 100.0000 (99.6880)LR: 1.624e-02
2024-11-20 23:49:46,117 -                train: [    INFO] - Valid: 242 [   0/104]  Loss: 0.3770 (0.377)  Acc@1: 86.4583 (86.4583)  Acc@5: 98.9583 (98.9583)
2024-11-20 23:49:52,319 -                train: [    INFO] - Valid: 242 [ 104/104]  Loss: 0.3534 (0.256)  Acc@1: 93.7500 (91.9900)  Acc@5: 100.0000 (99.8500)
2024-11-20 23:49:52,344 -                train: [    INFO] - valid_acc 91.990002 - best_valid_acc 93.930003
2024-11-20 23:49:52,789 -                train: [    INFO] - Train: 243 [   0/520]  Loss: 0.3042 (0.304)  Acc@1: 93.7500 (93.7500)  Acc@5: 100.0000 (100.0000)LR: 1.618e-02
2024-11-20 23:50:39,540 -                train: [    INFO] - Train: 243 [ 200/520]  Loss: 0.3923 (0.400)  Acc@1: 89.5833 (90.2674)  Acc@5: 98.9583 (99.6424)LR: 1.618e-02
2024-11-20 23:51:25,891 -                train: [    INFO] - Train: 243 [ 400/520]  Loss: 0.5128 (0.401)  Acc@1: 84.3750 (90.2094)  Acc@5: 100.0000 (99.6961)LR: 1.618e-02
2024-11-20 23:51:53,579 -                train: [    INFO] - Train: 243 [ 520/520]  Loss: 0.5792 (0.400)  Acc@1: 86.2500 (90.2720)  Acc@5: 100.0000 (99.6880)LR: 1.618e-02
2024-11-20 23:51:53,887 -                train: [    INFO] - Valid: 243 [   0/104]  Loss: 0.2660 (0.266)  Acc@1: 91.6667 (91.6667)  Acc@5: 100.0000 (100.0000)
2024-11-20 23:52:00,035 -                train: [    INFO] - Valid: 243 [ 104/104]  Loss: 0.01667 (0.212)  Acc@1: 100.0000 (93.1100)  Acc@5: 100.0000 (99.8000)
2024-11-20 23:52:00,063 -                train: [    INFO] - valid_acc 93.110003 - best_valid_acc 93.930003
2024-11-20 23:52:00,553 -                train: [    INFO] - Train: 244 [   0/520]  Loss: 0.2817 (0.282)  Acc@1: 93.7500 (93.7500)  Acc@5: 100.0000 (100.0000)LR: 1.611e-02
2024-11-20 23:52:46,766 -                train: [    INFO] - Train: 244 [ 200/520]  Loss: 0.5557 (0.389)  Acc@1: 87.5000 (90.6924)  Acc@5: 98.9583 (99.7150)LR: 1.611e-02
2024-11-20 23:53:32,840 -                train: [    INFO] - Train: 244 [ 400/520]  Loss: 0.4316 (0.400)  Acc@1: 87.5000 (90.3081)  Acc@5: 100.0000 (99.6883)LR: 1.611e-02
2024-11-20 23:54:00,394 -                train: [    INFO] - Train: 244 [ 520/520]  Loss: 0.4909 (0.398)  Acc@1: 88.7500 (90.3500)  Acc@5: 100.0000 (99.6820)LR: 1.611e-02
2024-11-20 23:54:00,655 -                train: [    INFO] - Valid: 244 [   0/104]  Loss: 0.1290 (0.129)  Acc@1: 94.7917 (94.7917)  Acc@5: 100.0000 (100.0000)
2024-11-20 23:54:06,790 -                train: [    INFO] - Valid: 244 [ 104/104]  Loss: 0.5406 (0.238)  Acc@1: 93.7500 (92.8200)  Acc@5: 100.0000 (99.7300)
2024-11-20 23:54:06,820 -                train: [    INFO] - valid_acc 92.820002 - best_valid_acc 93.930003
2024-11-20 23:54:07,255 -                train: [    INFO] - Train: 245 [   0/520]  Loss: 0.3675 (0.367)  Acc@1: 92.7083 (92.7083)  Acc@5: 100.0000 (100.0000)LR: 1.605e-02
2024-11-20 23:54:53,987 -                train: [    INFO] - Train: 245 [ 200/520]  Loss: 0.4607 (0.385)  Acc@1: 87.5000 (90.7597)  Acc@5: 100.0000 (99.6683)LR: 1.605e-02
2024-11-20 23:55:41,115 -                train: [    INFO] - Train: 245 [ 400/520]  Loss: 0.6574 (0.393)  Acc@1: 83.3333 (90.5497)  Acc@5: 100.0000 (99.6571)LR: 1.605e-02
2024-11-20 23:56:08,994 -                train: [    INFO] - Train: 245 [ 520/520]  Loss: 0.6113 (0.396)  Acc@1: 87.5000 (90.4680)  Acc@5: 100.0000 (99.6340)LR: 1.605e-02
2024-11-20 23:56:09,247 -                train: [    INFO] - Valid: 245 [   0/104]  Loss: 0.1971 (0.197)  Acc@1: 92.7083 (92.7083)  Acc@5: 100.0000 (100.0000)
2024-11-20 23:56:15,382 -                train: [    INFO] - Valid: 245 [ 104/104]  Loss: 0.3465 (0.217)  Acc@1: 87.5000 (92.8000)  Acc@5: 100.0000 (99.8400)
2024-11-20 23:56:15,449 -                train: [    INFO] - valid_acc 92.800003 - best_valid_acc 93.930003
2024-11-20 23:56:15,872 -                train: [    INFO] - Train: 246 [   0/520]  Loss: 0.3244 (0.324)  Acc@1: 91.6667 (91.6667)  Acc@5: 100.0000 (100.0000)LR: 1.599e-02
2024-11-20 23:57:01,632 -                train: [    INFO] - Train: 246 [ 200/520]  Loss: 0.4572 (0.366)  Acc@1: 89.5833 (90.9619)  Acc@5: 100.0000 (99.7409)LR: 1.599e-02
2024-11-20 23:57:47,175 -                train: [    INFO] - Train: 246 [ 400/520]  Loss: 0.3314 (0.385)  Acc@1: 92.7083 (90.6276)  Acc@5: 98.9583 (99.7143)LR: 1.599e-02
2024-11-20 23:58:14,541 -                train: [    INFO] - Train: 246 [ 520/520]  Loss: 0.4856 (0.389)  Acc@1: 88.7500 (90.5520)  Acc@5: 98.7500 (99.7020)LR: 1.599e-02
2024-11-20 23:58:14,780 -                train: [    INFO] - Valid: 246 [   0/104]  Loss: 0.1706 (0.171)  Acc@1: 93.7500 (93.7500)  Acc@5: 100.0000 (100.0000)
2024-11-20 23:58:20,915 -                train: [    INFO] - Valid: 246 [ 104/104]  Loss: 0.06204 (0.212)  Acc@1: 100.0000 (92.8700)  Acc@5: 100.0000 (99.8500)
2024-11-20 23:58:20,940 -                train: [    INFO] - valid_acc 92.870003 - best_valid_acc 93.930003
2024-11-20 23:58:21,353 -                train: [    INFO] - Train: 247 [   0/520]  Loss: 0.4121 (0.412)  Acc@1: 88.5417 (88.5417)  Acc@5: 98.9583 (98.9583)LR: 1.592e-02
2024-11-20 23:59:06,941 -                train: [    INFO] - Train: 247 [ 200/520]  Loss: 0.3783 (0.395)  Acc@1: 87.5000 (90.2363)  Acc@5: 100.0000 (99.6942)LR: 1.592e-02
2024-11-20 23:59:52,639 -                train: [    INFO] - Train: 247 [ 400/520]  Loss: 0.3603 (0.399)  Acc@1: 92.7083 (90.1548)  Acc@5: 100.0000 (99.6857)LR: 1.592e-02
2024-11-21 00:00:19,966 -                train: [    INFO] - Train: 247 [ 520/520]  Loss: 0.2999 (0.401)  Acc@1: 92.5000 (90.1520)  Acc@5: 100.0000 (99.6760)LR: 1.592e-02
2024-11-21 00:00:20,222 -                train: [    INFO] - Valid: 247 [   0/104]  Loss: 0.07591 (0.0759)  Acc@1: 96.8750 (96.8750)  Acc@5: 100.0000 (100.0000)
2024-11-21 00:00:26,365 -                train: [    INFO] - Valid: 247 [ 104/104]  Loss: 0.1487 (0.230)  Acc@1: 87.5000 (92.3900)  Acc@5: 100.0000 (99.7300)
2024-11-21 00:00:26,390 -                train: [    INFO] - valid_acc 92.390002 - best_valid_acc 93.930003
2024-11-21 00:00:26,836 -                train: [    INFO] - Train: 248 [   0/520]  Loss: 0.4595 (0.460)  Acc@1: 90.6250 (90.6250)  Acc@5: 100.0000 (100.0000)LR: 1.586e-02
2024-11-21 00:01:12,605 -                train: [    INFO] - Train: 248 [ 200/520]  Loss: 0.3634 (0.400)  Acc@1: 91.6667 (90.3555)  Acc@5: 98.9583 (99.6113)LR: 1.586e-02
2024-11-21 00:01:58,264 -                train: [    INFO] - Train: 248 [ 400/520]  Loss: 0.3079 (0.389)  Acc@1: 94.7917 (90.6822)  Acc@5: 100.0000 (99.6961)LR: 1.586e-02
2024-11-21 00:02:25,721 -                train: [    INFO] - Train: 248 [ 520/520]  Loss: 0.6712 (0.388)  Acc@1: 85.0000 (90.7700)  Acc@5: 97.5000 (99.6880)LR: 1.586e-02
2024-11-21 00:02:25,954 -                train: [    INFO] - Valid: 248 [   0/104]  Loss: 0.1969 (0.197)  Acc@1: 95.8333 (95.8333)  Acc@5: 100.0000 (100.0000)
2024-11-21 00:02:32,082 -                train: [    INFO] - Valid: 248 [ 104/104]  Loss: 0.3846 (0.216)  Acc@1: 87.5000 (93.3500)  Acc@5: 100.0000 (99.8300)
2024-11-21 00:02:32,107 -                train: [    INFO] - valid_acc 93.350002 - best_valid_acc 93.930003
2024-11-21 00:02:32,532 -                train: [    INFO] - Train: 249 [   0/520]  Loss: 0.4488 (0.449)  Acc@1: 87.5000 (87.5000)  Acc@5: 100.0000 (100.0000)LR: 1.580e-02
2024-11-21 00:03:18,189 -                train: [    INFO] - Train: 249 [ 200/520]  Loss: 0.4783 (0.385)  Acc@1: 87.5000 (90.9722)  Acc@5: 98.9583 (99.7046)LR: 1.580e-02
2024-11-21 00:04:03,765 -                train: [    INFO] - Train: 249 [ 400/520]  Loss: 0.3679 (0.393)  Acc@1: 93.7500 (90.6873)  Acc@5: 100.0000 (99.6987)LR: 1.580e-02
2024-11-21 00:04:31,160 -                train: [    INFO] - Train: 249 [ 520/520]  Loss: 0.3829 (0.399)  Acc@1: 90.0000 (90.5080)  Acc@5: 100.0000 (99.7000)LR: 1.580e-02
2024-11-21 00:04:31,423 -                train: [    INFO] - Valid: 249 [   0/104]  Loss: 0.3085 (0.308)  Acc@1: 92.7083 (92.7083)  Acc@5: 100.0000 (100.0000)
2024-11-21 00:04:37,553 -                train: [    INFO] - Valid: 249 [ 104/104]  Loss: 0.1434 (0.229)  Acc@1: 93.7500 (92.5200)  Acc@5: 100.0000 (99.8500)
2024-11-21 00:04:37,580 -                train: [    INFO] - valid_acc 92.520003 - best_valid_acc 93.930003
2024-11-21 00:04:38,008 -                train: [    INFO] - Train: 250 [   0/520]  Loss: 0.3675 (0.367)  Acc@1: 91.6667 (91.6667)  Acc@5: 100.0000 (100.0000)LR: 1.574e-02
2024-11-21 00:05:23,854 -                train: [    INFO] - Train: 250 [ 200/520]  Loss: 0.4809 (0.384)  Acc@1: 90.6250 (90.6716)  Acc@5: 100.0000 (99.6372)LR: 1.574e-02
2024-11-21 00:06:09,596 -                train: [    INFO] - Train: 250 [ 400/520]  Loss: 0.2915 (0.391)  Acc@1: 90.6250 (90.5107)  Acc@5: 100.0000 (99.6441)LR: 1.574e-02
2024-11-21 00:06:36,849 -                train: [    INFO] - Train: 250 [ 520/520]  Loss: 0.6136 (0.389)  Acc@1: 81.2500 (90.5940)  Acc@5: 100.0000 (99.6580)LR: 1.574e-02
2024-11-21 00:06:37,091 -                train: [    INFO] - Valid: 250 [   0/104]  Loss: 0.2734 (0.273)  Acc@1: 91.6667 (91.6667)  Acc@5: 100.0000 (100.0000)
2024-11-21 00:06:43,223 -                train: [    INFO] - Valid: 250 [ 104/104]  Loss: 0.1542 (0.261)  Acc@1: 93.7500 (91.7000)  Acc@5: 100.0000 (99.8600)
2024-11-21 00:06:43,289 -                train: [    INFO] - valid_acc 91.700003 - best_valid_acc 93.930003
2024-11-21 00:06:43,724 -                train: [    INFO] - Train: 251 [   0/520]  Loss: 0.2557 (0.256)  Acc@1: 95.8333 (95.8333)  Acc@5: 100.0000 (100.0000)LR: 1.567e-02
2024-11-21 00:07:29,976 -                train: [    INFO] - Train: 251 [ 200/520]  Loss: 0.7794 (0.398)  Acc@1: 82.2917 (90.5369)  Acc@5: 98.9583 (99.6010)LR: 1.567e-02
2024-11-21 00:08:16,151 -                train: [    INFO] - Train: 251 [ 400/520]  Loss: 0.6787 (0.400)  Acc@1: 86.4583 (90.4146)  Acc@5: 97.9167 (99.6779)LR: 1.567e-02
2024-11-21 00:08:43,704 -                train: [    INFO] - Train: 251 [ 520/520]  Loss: 0.5030 (0.400)  Acc@1: 88.7500 (90.4960)  Acc@5: 100.0000 (99.6700)LR: 1.567e-02
2024-11-21 00:08:43,958 -                train: [    INFO] - Valid: 251 [   0/104]  Loss: 0.2033 (0.203)  Acc@1: 93.7500 (93.7500)  Acc@5: 100.0000 (100.0000)
2024-11-21 00:08:50,107 -                train: [    INFO] - Valid: 251 [ 104/104]  Loss: 0.2370 (0.197)  Acc@1: 93.7500 (93.5300)  Acc@5: 100.0000 (99.8500)
2024-11-21 00:08:50,163 -                train: [    INFO] - valid_acc 93.530003 - best_valid_acc 93.930003
2024-11-21 00:08:50,617 -                train: [    INFO] - Train: 252 [   0/520]  Loss: 0.4174 (0.417)  Acc@1: 92.7083 (92.7083)  Acc@5: 100.0000 (100.0000)LR: 1.561e-02
2024-11-21 00:09:36,360 -                train: [    INFO] - Train: 252 [ 200/520]  Loss: 0.2680 (0.379)  Acc@1: 94.7917 (90.9930)  Acc@5: 100.0000 (99.6217)LR: 1.561e-02
2024-11-21 00:10:22,032 -                train: [    INFO] - Train: 252 [ 400/520]  Loss: 0.5106 (0.389)  Acc@1: 86.4583 (90.7471)  Acc@5: 100.0000 (99.6285)LR: 1.561e-02
2024-11-21 00:10:49,372 -                train: [    INFO] - Train: 252 [ 520/520]  Loss: 0.4478 (0.398)  Acc@1: 90.0000 (90.4360)  Acc@5: 100.0000 (99.6360)LR: 1.561e-02
2024-11-21 00:10:49,598 -                train: [    INFO] - Valid: 252 [   0/104]  Loss: 0.3400 (0.340)  Acc@1: 89.5833 (89.5833)  Acc@5: 100.0000 (100.0000)
2024-11-21 00:10:55,729 -                train: [    INFO] - Valid: 252 [ 104/104]  Loss: 0.2124 (0.226)  Acc@1: 87.5000 (92.9200)  Acc@5: 100.0000 (99.7700)
2024-11-21 00:10:55,754 -                train: [    INFO] - valid_acc 92.920003 - best_valid_acc 93.930003
2024-11-21 00:10:56,159 -                train: [    INFO] - Train: 253 [   0/520]  Loss: 0.3824 (0.382)  Acc@1: 91.6667 (91.6667)  Acc@5: 100.0000 (100.0000)LR: 1.555e-02
2024-11-21 00:11:41,802 -                train: [    INFO] - Train: 253 [ 200/520]  Loss: 0.2526 (0.387)  Acc@1: 89.5833 (90.5265)  Acc@5: 100.0000 (99.7461)LR: 1.555e-02
2024-11-21 00:12:27,329 -                train: [    INFO] - Train: 253 [ 400/520]  Loss: 0.1774 (0.398)  Acc@1: 94.7917 (90.2795)  Acc@5: 100.0000 (99.7039)LR: 1.555e-02
2024-11-21 00:12:54,845 -                train: [    INFO] - Train: 253 [ 520/520]  Loss: 0.5964 (0.391)  Acc@1: 83.7500 (90.4920)  Acc@5: 98.7500 (99.7220)LR: 1.555e-02
2024-11-21 00:12:55,156 -                train: [    INFO] - Valid: 253 [   0/104]  Loss: 0.2460 (0.246)  Acc@1: 91.6667 (91.6667)  Acc@5: 100.0000 (100.0000)
2024-11-21 00:13:01,287 -                train: [    INFO] - Valid: 253 [ 104/104]  Loss: 0.08314 (0.190)  Acc@1: 93.7500 (93.9000)  Acc@5: 100.0000 (99.9000)
2024-11-21 00:13:01,316 -                train: [    INFO] - valid_acc 93.900003 - best_valid_acc 93.930003
2024-11-21 00:13:01,748 -                train: [    INFO] - Train: 254 [   0/520]  Loss: 0.2430 (0.243)  Acc@1: 94.7917 (94.7917)  Acc@5: 98.9583 (98.9583)LR: 1.548e-02
2024-11-21 00:13:47,584 -                train: [    INFO] - Train: 254 [ 200/520]  Loss: 0.3514 (0.398)  Acc@1: 90.6250 (90.4436)  Acc@5: 98.9583 (99.6580)LR: 1.548e-02
2024-11-21 00:14:33,337 -                train: [    INFO] - Train: 254 [ 400/520]  Loss: 0.3212 (0.398)  Acc@1: 91.6667 (90.4302)  Acc@5: 100.0000 (99.6545)LR: 1.548e-02
2024-11-21 00:15:00,644 -                train: [    INFO] - Train: 254 [ 520/520]  Loss: 0.3813 (0.399)  Acc@1: 90.0000 (90.4240)  Acc@5: 98.7500 (99.6420)LR: 1.548e-02
2024-11-21 00:15:00,903 -                train: [    INFO] - Valid: 254 [   0/104]  Loss: 0.2768 (0.277)  Acc@1: 90.6250 (90.6250)  Acc@5: 100.0000 (100.0000)
2024-11-21 00:15:07,031 -                train: [    INFO] - Valid: 254 [ 104/104]  Loss: 0.4640 (0.240)  Acc@1: 87.5000 (92.3900)  Acc@5: 100.0000 (99.7800)
2024-11-21 00:15:07,055 -                train: [    INFO] - valid_acc 92.390003 - best_valid_acc 93.930003
2024-11-21 00:15:07,465 -                train: [    INFO] - Train: 255 [   0/520]  Loss: 0.4884 (0.488)  Acc@1: 87.5000 (87.5000)  Acc@5: 100.0000 (100.0000)LR: 1.542e-02
2024-11-21 00:15:53,124 -                train: [    INFO] - Train: 255 [ 200/520]  Loss: 0.5238 (0.381)  Acc@1: 88.5417 (90.8168)  Acc@5: 98.9583 (99.6735)LR: 1.542e-02
2024-11-21 00:16:38,724 -                train: [    INFO] - Train: 255 [ 400/520]  Loss: 0.4746 (0.385)  Acc@1: 87.5000 (90.7263)  Acc@5: 100.0000 (99.6857)LR: 1.542e-02
2024-11-21 00:17:06,190 -                train: [    INFO] - Train: 255 [ 520/520]  Loss: 0.3626 (0.385)  Acc@1: 90.0000 (90.7740)  Acc@5: 100.0000 (99.6920)LR: 1.542e-02
2024-11-21 00:17:06,418 -                train: [    INFO] - Valid: 255 [   0/104]  Loss: 0.2372 (0.237)  Acc@1: 92.7083 (92.7083)  Acc@5: 100.0000 (100.0000)
2024-11-21 00:17:12,555 -                train: [    INFO] - Valid: 255 [ 104/104]  Loss: 0.09305 (0.203)  Acc@1: 100.0000 (93.5300)  Acc@5: 100.0000 (99.7500)
2024-11-21 00:17:12,580 -                train: [    INFO] - valid_acc 93.530003 - best_valid_acc 93.930003
2024-11-21 00:17:12,989 -                train: [    INFO] - Train: 256 [   0/520]  Loss: 0.3775 (0.378)  Acc@1: 94.7917 (94.7917)  Acc@5: 98.9583 (98.9583)LR: 1.535e-02
2024-11-21 00:17:58,667 -                train: [    INFO] - Train: 256 [ 200/520]  Loss: 0.3588 (0.386)  Acc@1: 90.6250 (90.7805)  Acc@5: 100.0000 (99.6787)LR: 1.535e-02
2024-11-21 00:18:44,393 -                train: [    INFO] - Train: 256 [ 400/520]  Loss: 0.3056 (0.393)  Acc@1: 90.6250 (90.5055)  Acc@5: 100.0000 (99.6961)LR: 1.535e-02
2024-11-21 00:19:11,855 -                train: [    INFO] - Train: 256 [ 520/520]  Loss: 0.4683 (0.391)  Acc@1: 88.7500 (90.5420)  Acc@5: 100.0000 (99.7040)LR: 1.535e-02
2024-11-21 00:19:12,105 -                train: [    INFO] - Valid: 256 [   0/104]  Loss: 0.3289 (0.329)  Acc@1: 89.5833 (89.5833)  Acc@5: 100.0000 (100.0000)
2024-11-21 00:19:18,272 -                train: [    INFO] - Valid: 256 [ 104/104]  Loss: 0.1813 (0.219)  Acc@1: 93.7500 (92.9300)  Acc@5: 100.0000 (99.7700)
2024-11-21 00:19:18,306 -                train: [    INFO] - valid_acc 92.930002 - best_valid_acc 93.930003
2024-11-21 00:19:18,749 -                train: [    INFO] - Train: 257 [   0/520]  Loss: 0.2978 (0.298)  Acc@1: 92.7083 (92.7083)  Acc@5: 100.0000 (100.0000)LR: 1.529e-02
2024-11-21 00:20:05,532 -                train: [    INFO] - Train: 257 [ 200/520]  Loss: 0.2684 (0.375)  Acc@1: 93.7500 (90.8323)  Acc@5: 98.9583 (99.7875)LR: 1.529e-02
2024-11-21 00:20:52,202 -                train: [    INFO] - Train: 257 [ 400/520]  Loss: 0.3161 (0.383)  Acc@1: 92.7083 (90.6146)  Acc@5: 100.0000 (99.7402)LR: 1.529e-02
2024-11-21 00:21:20,238 -                train: [    INFO] - Train: 257 [ 520/520]  Loss: 0.3560 (0.386)  Acc@1: 92.5000 (90.5800)  Acc@5: 100.0000 (99.7420)LR: 1.529e-02
2024-11-21 00:21:20,483 -                train: [    INFO] - Valid: 257 [   0/104]  Loss: 0.2021 (0.202)  Acc@1: 92.7083 (92.7083)  Acc@5: 100.0000 (100.0000)
2024-11-21 00:21:26,662 -                train: [    INFO] - Valid: 257 [ 104/104]  Loss: 0.2470 (0.212)  Acc@1: 87.5000 (93.2600)  Acc@5: 100.0000 (99.8100)
2024-11-21 00:21:26,733 -                train: [    INFO] - valid_acc 93.260002 - best_valid_acc 93.930003
2024-11-21 00:21:27,190 -                train: [    INFO] - Train: 258 [   0/520]  Loss: 0.2868 (0.287)  Acc@1: 93.7500 (93.7500)  Acc@5: 100.0000 (100.0000)LR: 1.523e-02
2024-11-21 00:22:13,031 -                train: [    INFO] - Train: 258 [ 200/520]  Loss: 0.3126 (0.392)  Acc@1: 91.6667 (90.4851)  Acc@5: 100.0000 (99.7564)LR: 1.523e-02
2024-11-21 00:22:59,134 -                train: [    INFO] - Train: 258 [ 400/520]  Loss: 0.2596 (0.390)  Acc@1: 95.8333 (90.5497)  Acc@5: 100.0000 (99.6987)LR: 1.523e-02
2024-11-21 00:23:26,664 -                train: [    INFO] - Train: 258 [ 520/520]  Loss: 0.5195 (0.392)  Acc@1: 85.0000 (90.5400)  Acc@5: 100.0000 (99.6940)LR: 1.523e-02
2024-11-21 00:23:26,897 -                train: [    INFO] - Valid: 258 [   0/104]  Loss: 0.1240 (0.124)  Acc@1: 94.7917 (94.7917)  Acc@5: 100.0000 (100.0000)
2024-11-21 00:23:33,042 -                train: [    INFO] - Valid: 258 [ 104/104]  Loss: 0.2288 (0.208)  Acc@1: 87.5000 (93.2700)  Acc@5: 100.0000 (99.8400)
2024-11-21 00:23:33,067 -                train: [    INFO] - valid_acc 93.270003 - best_valid_acc 93.930003
2024-11-21 00:23:33,474 -                train: [    INFO] - Train: 259 [   0/520]  Loss: 0.2300 (0.230)  Acc@1: 94.7917 (94.7917)  Acc@5: 100.0000 (100.0000)LR: 1.516e-02
2024-11-21 00:24:19,368 -                train: [    INFO] - Train: 259 [ 200/520]  Loss: 0.6412 (0.384)  Acc@1: 84.3750 (90.7960)  Acc@5: 100.0000 (99.6787)LR: 1.516e-02
2024-11-21 00:25:04,974 -                train: [    INFO] - Train: 259 [ 400/520]  Loss: 0.2896 (0.377)  Acc@1: 93.7500 (90.9783)  Acc@5: 100.0000 (99.6961)LR: 1.516e-02
2024-11-21 00:25:32,313 -                train: [    INFO] - Train: 259 [ 520/520]  Loss: 0.3819 (0.383)  Acc@1: 87.5000 (90.7840)  Acc@5: 100.0000 (99.6900)LR: 1.516e-02
2024-11-21 00:25:32,538 -                train: [    INFO] - Valid: 259 [   0/104]  Loss: 0.1592 (0.159)  Acc@1: 94.7917 (94.7917)  Acc@5: 100.0000 (100.0000)
2024-11-21 00:25:38,668 -                train: [    INFO] - Valid: 259 [ 104/104]  Loss: 0.2091 (0.192)  Acc@1: 93.7500 (93.9700)  Acc@5: 100.0000 (99.8500)
2024-11-21 00:25:39,127 -                train: [    INFO] - valid_acc 93.970003 - best_valid_acc 93.970003
2024-11-21 00:25:39,541 -                train: [    INFO] - Train: 260 [   0/520]  Loss: 0.3128 (0.313)  Acc@1: 91.6667 (91.6667)  Acc@5: 100.0000 (100.0000)LR: 1.510e-02
2024-11-21 00:26:25,016 -                train: [    INFO] - Train: 260 [ 200/520]  Loss: 0.2810 (0.372)  Acc@1: 93.7500 (90.8997)  Acc@5: 100.0000 (99.7512)LR: 1.510e-02
2024-11-21 00:27:10,524 -                train: [    INFO] - Train: 260 [ 400/520]  Loss: 0.4165 (0.380)  Acc@1: 91.6667 (90.7471)  Acc@5: 100.0000 (99.7246)LR: 1.510e-02
2024-11-21 00:27:37,871 -                train: [    INFO] - Train: 260 [ 520/520]  Loss: 0.3393 (0.385)  Acc@1: 91.2500 (90.6640)  Acc@5: 98.7500 (99.6880)LR: 1.510e-02
2024-11-21 00:27:38,113 -                train: [    INFO] - Valid: 260 [   0/104]  Loss: 0.2282 (0.228)  Acc@1: 93.7500 (93.7500)  Acc@5: 100.0000 (100.0000)
2024-11-21 00:27:44,243 -                train: [    INFO] - Valid: 260 [ 104/104]  Loss: 0.1615 (0.190)  Acc@1: 93.7500 (93.8400)  Acc@5: 100.0000 (99.8200)
2024-11-21 00:27:44,269 -                train: [    INFO] - valid_acc 93.840003 - best_valid_acc 93.970003
2024-11-21 00:27:44,709 -                train: [    INFO] - Train: 261 [   0/520]  Loss: 0.2222 (0.222)  Acc@1: 94.7917 (94.7917)  Acc@5: 100.0000 (100.0000)LR: 1.503e-02
2024-11-21 00:28:30,438 -                train: [    INFO] - Train: 261 [ 200/520]  Loss: 0.4013 (0.377)  Acc@1: 89.5833 (91.1122)  Acc@5: 100.0000 (99.6994)LR: 1.503e-02
2024-11-21 00:29:16,475 -                train: [    INFO] - Train: 261 [ 400/520]  Loss: 0.5255 (0.383)  Acc@1: 88.5417 (90.8198)  Acc@5: 100.0000 (99.7220)LR: 1.503e-02
2024-11-21 00:29:43,938 -                train: [    INFO] - Train: 261 [ 520/520]  Loss: 0.4710 (0.386)  Acc@1: 86.2500 (90.6920)  Acc@5: 100.0000 (99.7380)LR: 1.503e-02
2024-11-21 00:29:44,171 -                train: [    INFO] - Valid: 261 [   0/104]  Loss: 0.2941 (0.294)  Acc@1: 89.5833 (89.5833)  Acc@5: 100.0000 (100.0000)
2024-11-21 00:29:50,299 -                train: [    INFO] - Valid: 261 [ 104/104]  Loss: 0.2131 (0.202)  Acc@1: 93.7500 (93.5900)  Acc@5: 100.0000 (99.8400)
2024-11-21 00:29:50,350 -                train: [    INFO] - valid_acc 93.590003 - best_valid_acc 93.970003
2024-11-21 00:29:50,771 -                train: [    INFO] - Train: 262 [   0/520]  Loss: 0.3652 (0.365)  Acc@1: 91.6667 (91.6667)  Acc@5: 100.0000 (100.0000)LR: 1.497e-02
2024-11-21 00:30:36,239 -                train: [    INFO] - Train: 262 [ 200/520]  Loss: 0.3706 (0.394)  Acc@1: 91.6667 (90.4384)  Acc@5: 100.0000 (99.6424)LR: 1.497e-02
2024-11-21 00:31:22,297 -                train: [    INFO] - Train: 262 [ 400/520]  Loss: 0.5804 (0.389)  Acc@1: 83.3333 (90.5575)  Acc@5: 100.0000 (99.7169)LR: 1.497e-02
2024-11-21 00:31:49,973 -                train: [    INFO] - Train: 262 [ 520/520]  Loss: 0.2715 (0.386)  Acc@1: 92.5000 (90.6600)  Acc@5: 100.0000 (99.7240)LR: 1.497e-02
2024-11-21 00:31:50,219 -                train: [    INFO] - Valid: 262 [   0/104]  Loss: 0.2261 (0.226)  Acc@1: 91.6667 (91.6667)  Acc@5: 100.0000 (100.0000)
2024-11-21 00:31:56,348 -                train: [    INFO] - Valid: 262 [ 104/104]  Loss: 0.08296 (0.199)  Acc@1: 93.7500 (93.8800)  Acc@5: 100.0000 (99.8400)
2024-11-21 00:31:56,385 -                train: [    INFO] - valid_acc 93.880003 - best_valid_acc 93.970003
2024-11-21 00:31:56,809 -                train: [    INFO] - Train: 263 [   0/520]  Loss: 0.3208 (0.321)  Acc@1: 93.7500 (93.7500)  Acc@5: 100.0000 (100.0000)LR: 1.491e-02
2024-11-21 00:32:42,410 -                train: [    INFO] - Train: 263 [ 200/520]  Loss: 0.5099 (0.384)  Acc@1: 88.5417 (90.7494)  Acc@5: 100.0000 (99.6320)LR: 1.491e-02
2024-11-21 00:33:27,927 -                train: [    INFO] - Train: 263 [ 400/520]  Loss: 0.6565 (0.388)  Acc@1: 85.4167 (90.4925)  Acc@5: 100.0000 (99.6909)LR: 1.491e-02
2024-11-21 00:33:55,342 -                train: [    INFO] - Train: 263 [ 520/520]  Loss: 0.4788 (0.387)  Acc@1: 90.0000 (90.5820)  Acc@5: 98.7500 (99.7140)LR: 1.491e-02
2024-11-21 00:33:55,575 -                train: [    INFO] - Valid: 263 [   0/104]  Loss: 0.3189 (0.319)  Acc@1: 87.5000 (87.5000)  Acc@5: 100.0000 (100.0000)
2024-11-21 00:34:01,702 -                train: [    INFO] - Valid: 263 [ 104/104]  Loss: 0.2911 (0.211)  Acc@1: 93.7500 (93.3500)  Acc@5: 100.0000 (99.8400)
2024-11-21 00:34:01,728 -                train: [    INFO] - valid_acc 93.350003 - best_valid_acc 93.970003
2024-11-21 00:34:02,149 -                train: [    INFO] - Train: 264 [   0/520]  Loss: 0.6371 (0.637)  Acc@1: 83.3333 (83.3333)  Acc@5: 100.0000 (100.0000)LR: 1.484e-02
2024-11-21 00:34:47,864 -                train: [    INFO] - Train: 264 [ 200/520]  Loss: 0.5440 (0.367)  Acc@1: 86.4583 (91.1951)  Acc@5: 98.9583 (99.7098)LR: 1.484e-02
2024-11-21 00:35:33,529 -                train: [    INFO] - Train: 264 [ 400/520]  Loss: 0.4682 (0.379)  Acc@1: 88.5417 (91.0017)  Acc@5: 100.0000 (99.6831)LR: 1.484e-02
2024-11-21 00:36:00,943 -                train: [    INFO] - Train: 264 [ 520/520]  Loss: 0.3065 (0.382)  Acc@1: 92.5000 (90.8580)  Acc@5: 100.0000 (99.6780)LR: 1.484e-02
2024-11-21 00:36:01,172 -                train: [    INFO] - Valid: 264 [   0/104]  Loss: 0.2259 (0.226)  Acc@1: 92.7083 (92.7083)  Acc@5: 100.0000 (100.0000)
2024-11-21 00:36:07,305 -                train: [    INFO] - Valid: 264 [ 104/104]  Loss: 0.1532 (0.182)  Acc@1: 93.7500 (94.2900)  Acc@5: 100.0000 (99.8200)
2024-11-21 00:36:07,892 -                train: [    INFO] - valid_acc 94.290003 - best_valid_acc 94.290003
2024-11-21 00:36:08,342 -                train: [    INFO] - Train: 265 [   0/520]  Loss: 0.2659 (0.266)  Acc@1: 93.7500 (93.7500)  Acc@5: 100.0000 (100.0000)LR: 1.478e-02
2024-11-21 00:36:54,935 -                train: [    INFO] - Train: 265 [ 200/520]  Loss: 0.3502 (0.374)  Acc@1: 90.6250 (91.1277)  Acc@5: 98.9583 (99.7253)LR: 1.478e-02
2024-11-21 00:37:40,823 -                train: [    INFO] - Train: 265 [ 400/520]  Loss: 0.4190 (0.383)  Acc@1: 88.5417 (90.9341)  Acc@5: 98.9583 (99.6597)LR: 1.478e-02
2024-11-21 00:38:08,378 -                train: [    INFO] - Train: 265 [ 520/520]  Loss: 0.5058 (0.384)  Acc@1: 88.7500 (90.8600)  Acc@5: 100.0000 (99.6780)LR: 1.478e-02
2024-11-21 00:38:08,660 -                train: [    INFO] - Valid: 265 [   0/104]  Loss: 0.3296 (0.330)  Acc@1: 88.5417 (88.5417)  Acc@5: 100.0000 (100.0000)
2024-11-21 00:38:14,795 -                train: [    INFO] - Valid: 265 [ 104/104]  Loss: 0.3780 (0.213)  Acc@1: 93.7500 (93.3100)  Acc@5: 100.0000 (99.7100)
2024-11-21 00:38:14,822 -                train: [    INFO] - valid_acc 93.310003 - best_valid_acc 94.290003
2024-11-21 00:38:15,224 -                train: [    INFO] - Train: 266 [   0/520]  Loss: 0.2087 (0.209)  Acc@1: 95.8333 (95.8333)  Acc@5: 100.0000 (100.0000)LR: 1.471e-02
2024-11-21 00:39:00,781 -                train: [    INFO] - Train: 266 [ 200/520]  Loss: 0.2794 (0.385)  Acc@1: 94.7917 (90.5473)  Acc@5: 100.0000 (99.6787)LR: 1.471e-02
2024-11-21 00:39:46,460 -                train: [    INFO] - Train: 266 [ 400/520]  Loss: 0.2641 (0.383)  Acc@1: 94.7917 (90.6094)  Acc@5: 100.0000 (99.6831)LR: 1.471e-02
2024-11-21 00:40:13,969 -                train: [    INFO] - Train: 266 [ 520/520]  Loss: 0.3005 (0.384)  Acc@1: 91.2500 (90.6760)  Acc@5: 100.0000 (99.6900)LR: 1.471e-02
2024-11-21 00:40:14,221 -                train: [    INFO] - Valid: 266 [   0/104]  Loss: 0.4157 (0.416)  Acc@1: 89.5833 (89.5833)  Acc@5: 100.0000 (100.0000)
2024-11-21 00:40:20,352 -                train: [    INFO] - Valid: 266 [ 104/104]  Loss: 0.4798 (0.229)  Acc@1: 87.5000 (92.5500)  Acc@5: 100.0000 (99.8700)
2024-11-21 00:40:20,377 -                train: [    INFO] - valid_acc 92.550002 - best_valid_acc 94.290003
2024-11-21 00:40:20,809 -                train: [    INFO] - Train: 267 [   0/520]  Loss: 0.1941 (0.194)  Acc@1: 97.9167 (97.9167)  Acc@5: 100.0000 (100.0000)LR: 1.465e-02
2024-11-21 00:41:06,771 -                train: [    INFO] - Train: 267 [ 200/520]  Loss: 0.4522 (0.373)  Acc@1: 87.5000 (90.9826)  Acc@5: 100.0000 (99.7305)LR: 1.465e-02
2024-11-21 00:41:53,000 -                train: [    INFO] - Train: 267 [ 400/520]  Loss: 0.4092 (0.384)  Acc@1: 89.5833 (90.8380)  Acc@5: 100.0000 (99.6805)LR: 1.465e-02
2024-11-21 00:42:20,667 -                train: [    INFO] - Train: 267 [ 520/520]  Loss: 0.3880 (0.381)  Acc@1: 91.2500 (90.9100)  Acc@5: 100.0000 (99.6700)LR: 1.465e-02
2024-11-21 00:42:20,921 -                train: [    INFO] - Valid: 267 [   0/104]  Loss: 0.2478 (0.248)  Acc@1: 91.6667 (91.6667)  Acc@5: 100.0000 (100.0000)
2024-11-21 00:42:27,066 -                train: [    INFO] - Valid: 267 [ 104/104]  Loss: 0.06140 (0.210)  Acc@1: 100.0000 (93.3700)  Acc@5: 100.0000 (99.8500)
2024-11-21 00:42:27,096 -                train: [    INFO] - valid_acc 93.370003 - best_valid_acc 94.290003
2024-11-21 00:42:27,534 -                train: [    INFO] - Train: 268 [   0/520]  Loss: 0.5626 (0.563)  Acc@1: 89.5833 (89.5833)  Acc@5: 100.0000 (100.0000)LR: 1.458e-02
2024-11-21 00:43:13,330 -                train: [    INFO] - Train: 268 [ 200/520]  Loss: 0.2174 (0.369)  Acc@1: 94.7917 (91.1225)  Acc@5: 98.9583 (99.7098)LR: 1.458e-02
2024-11-21 00:43:58,834 -                train: [    INFO] - Train: 268 [ 400/520]  Loss: 0.3558 (0.376)  Acc@1: 90.6250 (90.9731)  Acc@5: 100.0000 (99.7220)LR: 1.458e-02
2024-11-21 00:44:26,269 -                train: [    INFO] - Train: 268 [ 520/520]  Loss: 0.1829 (0.377)  Acc@1: 96.2500 (90.9560)  Acc@5: 100.0000 (99.7160)LR: 1.458e-02
2024-11-21 00:44:26,511 -                train: [    INFO] - Valid: 268 [   0/104]  Loss: 0.1397 (0.140)  Acc@1: 93.7500 (93.7500)  Acc@5: 100.0000 (100.0000)
2024-11-21 00:44:32,642 -                train: [    INFO] - Valid: 268 [ 104/104]  Loss: 0.1641 (0.189)  Acc@1: 93.7500 (93.8600)  Acc@5: 100.0000 (99.8500)
2024-11-21 00:44:32,671 -                train: [    INFO] - valid_acc 93.860003 - best_valid_acc 94.290003
2024-11-21 00:44:33,114 -                train: [    INFO] - Train: 269 [   0/520]  Loss: 0.2915 (0.291)  Acc@1: 92.7083 (92.7083)  Acc@5: 100.0000 (100.0000)LR: 1.452e-02
2024-11-21 00:45:19,285 -                train: [    INFO] - Train: 269 [ 200/520]  Loss: 0.4409 (0.363)  Acc@1: 89.5833 (91.3246)  Acc@5: 98.9583 (99.7253)LR: 1.452e-02
2024-11-21 00:46:05,471 -                train: [    INFO] - Train: 269 [ 400/520]  Loss: 0.3462 (0.375)  Acc@1: 91.6667 (91.0276)  Acc@5: 100.0000 (99.6805)LR: 1.452e-02
2024-11-21 00:46:32,884 -                train: [    INFO] - Train: 269 [ 520/520]  Loss: 0.4098 (0.378)  Acc@1: 93.7500 (90.9040)  Acc@5: 98.7500 (99.6920)LR: 1.452e-02
2024-11-21 00:46:33,096 -                train: [    INFO] - Valid: 269 [   0/104]  Loss: 0.3453 (0.345)  Acc@1: 87.5000 (87.5000)  Acc@5: 100.0000 (100.0000)
2024-11-21 00:46:39,223 -                train: [    INFO] - Valid: 269 [ 104/104]  Loss: 0.3726 (0.269)  Acc@1: 93.7500 (91.7400)  Acc@5: 100.0000 (99.8400)
2024-11-21 00:46:39,276 -                train: [    INFO] - valid_acc 91.740003 - best_valid_acc 94.290003
2024-11-21 00:46:39,694 -                train: [    INFO] - Train: 270 [   0/520]  Loss: 0.5300 (0.530)  Acc@1: 85.4167 (85.4167)  Acc@5: 98.9583 (98.9583)LR: 1.446e-02
2024-11-21 00:47:25,950 -                train: [    INFO] - Train: 270 [ 200/520]  Loss: 0.4635 (0.363)  Acc@1: 87.5000 (91.1536)  Acc@5: 100.0000 (99.7616)LR: 1.446e-02
2024-11-21 00:48:12,336 -                train: [    INFO] - Train: 270 [ 400/520]  Loss: 0.4916 (0.373)  Acc@1: 89.5833 (90.9627)  Acc@5: 100.0000 (99.7065)LR: 1.446e-02
2024-11-21 00:48:40,032 -                train: [    INFO] - Train: 270 [ 520/520]  Loss: 0.5793 (0.377)  Acc@1: 85.0000 (90.8440)  Acc@5: 98.7500 (99.7000)LR: 1.446e-02
2024-11-21 00:48:40,271 -                train: [    INFO] - Valid: 270 [   0/104]  Loss: 0.1266 (0.127)  Acc@1: 94.7917 (94.7917)  Acc@5: 100.0000 (100.0000)
2024-11-21 00:48:46,411 -                train: [    INFO] - Valid: 270 [ 104/104]  Loss: 0.1871 (0.193)  Acc@1: 87.5000 (93.7000)  Acc@5: 100.0000 (99.8300)
2024-11-21 00:48:46,437 -                train: [    INFO] - valid_acc 93.700002 - best_valid_acc 94.290003
2024-11-21 00:48:46,850 -                train: [    INFO] - Train: 271 [   0/520]  Loss: 0.3742 (0.374)  Acc@1: 91.6667 (91.6667)  Acc@5: 100.0000 (100.0000)LR: 1.439e-02
2024-11-21 00:49:32,465 -                train: [    INFO] - Train: 271 [ 200/520]  Loss: 0.2938 (0.378)  Acc@1: 94.7917 (90.7753)  Acc@5: 100.0000 (99.6787)LR: 1.439e-02
2024-11-21 00:50:18,201 -                train: [    INFO] - Train: 271 [ 400/520]  Loss: 0.2283 (0.379)  Acc@1: 93.7500 (90.7705)  Acc@5: 100.0000 (99.7220)LR: 1.439e-02
2024-11-21 00:50:45,564 -                train: [    INFO] - Train: 271 [ 520/520]  Loss: 0.5508 (0.382)  Acc@1: 86.2500 (90.7000)  Acc@5: 100.0000 (99.7140)LR: 1.439e-02
2024-11-21 00:50:45,815 -                train: [    INFO] - Valid: 271 [   0/104]  Loss: 0.2062 (0.206)  Acc@1: 91.6667 (91.6667)  Acc@5: 100.0000 (100.0000)
2024-11-21 00:50:51,951 -                train: [    INFO] - Valid: 271 [ 104/104]  Loss: 0.4258 (0.208)  Acc@1: 93.7500 (93.6600)  Acc@5: 100.0000 (99.8000)
2024-11-21 00:50:51,988 -                train: [    INFO] - valid_acc 93.660003 - best_valid_acc 94.290003
2024-11-21 00:50:52,406 -                train: [    INFO] - Train: 272 [   0/520]  Loss: 0.5532 (0.553)  Acc@1: 89.5833 (89.5833)  Acc@5: 98.9583 (98.9583)LR: 1.433e-02
2024-11-21 00:51:38,322 -                train: [    INFO] - Train: 272 [ 200/520]  Loss: 0.4466 (0.367)  Acc@1: 88.5417 (90.9567)  Acc@5: 100.0000 (99.7357)LR: 1.433e-02
2024-11-21 00:52:23,765 -                train: [    INFO] - Train: 272 [ 400/520]  Loss: 0.3352 (0.377)  Acc@1: 90.6250 (90.8458)  Acc@5: 100.0000 (99.7091)LR: 1.433e-02
2024-11-21 00:52:51,235 -                train: [    INFO] - Train: 272 [ 520/520]  Loss: 0.4607 (0.376)  Acc@1: 85.0000 (90.9040)  Acc@5: 100.0000 (99.7080)LR: 1.433e-02
2024-11-21 00:52:51,461 -                train: [    INFO] - Valid: 272 [   0/104]  Loss: 0.2090 (0.209)  Acc@1: 93.7500 (93.7500)  Acc@5: 100.0000 (100.0000)
2024-11-21 00:52:57,587 -                train: [    INFO] - Valid: 272 [ 104/104]  Loss: 0.4142 (0.202)  Acc@1: 87.5000 (93.4100)  Acc@5: 100.0000 (99.8900)
2024-11-21 00:52:57,612 -                train: [    INFO] - valid_acc 93.410002 - best_valid_acc 94.290003
2024-11-21 00:52:58,012 -                train: [    INFO] - Train: 273 [   0/520]  Loss: 0.2797 (0.280)  Acc@1: 93.7500 (93.7500)  Acc@5: 100.0000 (100.0000)LR: 1.426e-02
2024-11-21 00:53:43,778 -                train: [    INFO] - Train: 273 [ 200/520]  Loss: 0.2955 (0.367)  Acc@1: 91.6667 (91.1225)  Acc@5: 100.0000 (99.7098)LR: 1.426e-02
2024-11-21 00:54:29,357 -                train: [    INFO] - Train: 273 [ 400/520]  Loss: 0.3795 (0.375)  Acc@1: 93.7500 (90.8484)  Acc@5: 100.0000 (99.6805)LR: 1.426e-02
2024-11-21 00:54:56,716 -                train: [    INFO] - Train: 273 [ 520/520]  Loss: 0.3284 (0.375)  Acc@1: 92.5000 (90.8920)  Acc@5: 100.0000 (99.6720)LR: 1.426e-02
2024-11-21 00:54:56,940 -                train: [    INFO] - Valid: 273 [   0/104]  Loss: 0.2232 (0.223)  Acc@1: 91.6667 (91.6667)  Acc@5: 100.0000 (100.0000)
2024-11-21 00:55:03,068 -                train: [    INFO] - Valid: 273 [ 104/104]  Loss: 0.5257 (0.237)  Acc@1: 93.7500 (92.6900)  Acc@5: 100.0000 (99.8400)
2024-11-21 00:55:03,093 -                train: [    INFO] - valid_acc 92.690002 - best_valid_acc 94.290003
2024-11-21 00:55:03,501 -                train: [    INFO] - Train: 274 [   0/520]  Loss: 0.3873 (0.387)  Acc@1: 89.5833 (89.5833)  Acc@5: 100.0000 (100.0000)LR: 1.420e-02
2024-11-21 00:55:49,069 -                train: [    INFO] - Train: 274 [ 200/520]  Loss: 0.4533 (0.381)  Acc@1: 88.5417 (90.7701)  Acc@5: 100.0000 (99.6942)LR: 1.420e-02
2024-11-21 00:56:35,055 -                train: [    INFO] - Train: 274 [ 400/520]  Loss: 0.4840 (0.378)  Acc@1: 86.4583 (90.8458)  Acc@5: 98.9583 (99.7065)LR: 1.420e-02
2024-11-21 00:57:02,361 -                train: [    INFO] - Train: 274 [ 520/520]  Loss: 0.3724 (0.380)  Acc@1: 87.5000 (90.7880)  Acc@5: 100.0000 (99.7040)LR: 1.420e-02
2024-11-21 00:57:02,605 -                train: [    INFO] - Valid: 274 [   0/104]  Loss: 0.2290 (0.229)  Acc@1: 92.7083 (92.7083)  Acc@5: 100.0000 (100.0000)
2024-11-21 00:57:08,733 -                train: [    INFO] - Valid: 274 [ 104/104]  Loss: 0.6419 (0.195)  Acc@1: 87.5000 (93.6300)  Acc@5: 100.0000 (99.8900)
2024-11-21 00:57:08,756 -                train: [    INFO] - valid_acc 93.630002 - best_valid_acc 94.290003
2024-11-21 00:57:09,172 -                train: [    INFO] - Train: 275 [   0/520]  Loss: 0.3558 (0.356)  Acc@1: 94.7917 (94.7917)  Acc@5: 98.9583 (98.9583)LR: 1.413e-02
2024-11-21 00:57:55,181 -                train: [    INFO] - Train: 275 [ 200/520]  Loss: 0.3006 (0.377)  Acc@1: 91.6667 (91.0085)  Acc@5: 100.0000 (99.7046)LR: 1.413e-02
2024-11-21 00:58:40,981 -                train: [    INFO] - Train: 275 [ 400/520]  Loss: 0.3885 (0.376)  Acc@1: 89.5833 (91.0173)  Acc@5: 100.0000 (99.6883)LR: 1.413e-02
2024-11-21 00:59:08,259 -                train: [    INFO] - Train: 275 [ 520/520]  Loss: 0.4454 (0.376)  Acc@1: 91.2500 (91.0160)  Acc@5: 97.5000 (99.6960)LR: 1.413e-02
2024-11-21 00:59:08,638 -                train: [    INFO] - Valid: 275 [   0/104]  Loss: 0.1906 (0.191)  Acc@1: 91.6667 (91.6667)  Acc@5: 100.0000 (100.0000)
2024-11-21 00:59:14,768 -                train: [    INFO] - Valid: 275 [ 104/104]  Loss: 0.3522 (0.213)  Acc@1: 93.7500 (93.3800)  Acc@5: 100.0000 (99.8100)
2024-11-21 00:59:14,813 -                train: [    INFO] - valid_acc 93.380002 - best_valid_acc 94.290003
2024-11-21 00:59:15,223 -                train: [    INFO] - Train: 276 [   0/520]  Loss: 0.4460 (0.446)  Acc@1: 87.5000 (87.5000)  Acc@5: 100.0000 (100.0000)LR: 1.407e-02
2024-11-21 01:00:01,106 -                train: [    INFO] - Train: 276 [ 200/520]  Loss: 0.4655 (0.378)  Acc@1: 86.4583 (90.7546)  Acc@5: 100.0000 (99.6891)LR: 1.407e-02
2024-11-21 01:00:46,607 -                train: [    INFO] - Train: 276 [ 400/520]  Loss: 0.4717 (0.370)  Acc@1: 89.5833 (91.1186)  Acc@5: 98.9583 (99.6727)LR: 1.407e-02
2024-11-21 01:01:13,905 -                train: [    INFO] - Train: 276 [ 520/520]  Loss: 0.2820 (0.368)  Acc@1: 91.2500 (91.1360)  Acc@5: 100.0000 (99.6960)LR: 1.407e-02
2024-11-21 01:01:14,151 -                train: [    INFO] - Valid: 276 [   0/104]  Loss: 0.1358 (0.136)  Acc@1: 93.7500 (93.7500)  Acc@5: 100.0000 (100.0000)
2024-11-21 01:01:20,280 -                train: [    INFO] - Valid: 276 [ 104/104]  Loss: 0.6043 (0.199)  Acc@1: 93.7500 (93.7300)  Acc@5: 100.0000 (99.8400)
2024-11-21 01:01:20,304 -                train: [    INFO] - valid_acc 93.730003 - best_valid_acc 94.290003
2024-11-21 01:01:20,748 -                train: [    INFO] - Train: 277 [   0/520]  Loss: 0.1892 (0.189)  Acc@1: 94.7917 (94.7917)  Acc@5: 100.0000 (100.0000)LR: 1.400e-02
2024-11-21 01:02:06,312 -                train: [    INFO] - Train: 277 [ 200/520]  Loss: 0.4252 (0.371)  Acc@1: 91.6667 (91.2935)  Acc@5: 100.0000 (99.7150)LR: 1.400e-02
2024-11-21 01:02:52,152 -                train: [    INFO] - Train: 277 [ 400/520]  Loss: 0.4859 (0.376)  Acc@1: 89.5833 (91.0328)  Acc@5: 98.9583 (99.7039)LR: 1.400e-02
2024-11-21 01:03:19,341 -                train: [    INFO] - Train: 277 [ 520/520]  Loss: 0.3614 (0.375)  Acc@1: 93.7500 (91.0080)  Acc@5: 100.0000 (99.6880)LR: 1.400e-02
2024-11-21 01:03:20,354 -                train: [    INFO] - Valid: 277 [   0/104]  Loss: 0.1969 (0.197)  Acc@1: 93.7500 (93.7500)  Acc@5: 100.0000 (100.0000)
2024-11-21 01:03:26,540 -                train: [    INFO] - Valid: 277 [ 104/104]  Loss: 0.02676 (0.208)  Acc@1: 100.0000 (93.4900)  Acc@5: 100.0000 (99.7800)
2024-11-21 01:03:27,119 -                train: [    INFO] - valid_acc 93.490003 - best_valid_acc 94.290003
2024-11-21 01:03:27,654 -                train: [    INFO] - Train: 278 [   0/520]  Loss: 0.3558 (0.356)  Acc@1: 91.6667 (91.6667)  Acc@5: 100.0000 (100.0000)LR: 1.394e-02
2024-11-21 01:04:13,317 -                train: [    INFO] - Train: 278 [ 200/520]  Loss: 0.2327 (0.367)  Acc@1: 95.8333 (91.0655)  Acc@5: 98.9583 (99.7616)LR: 1.394e-02
2024-11-21 01:04:59,300 -                train: [    INFO] - Train: 278 [ 400/520]  Loss: 0.3610 (0.371)  Acc@1: 91.6667 (91.1134)  Acc@5: 100.0000 (99.7117)LR: 1.394e-02
2024-11-21 01:05:26,585 -                train: [    INFO] - Train: 278 [ 520/520]  Loss: 0.2702 (0.372)  Acc@1: 92.5000 (91.0420)  Acc@5: 100.0000 (99.7320)LR: 1.394e-02
2024-11-21 01:05:26,860 -                train: [    INFO] - Valid: 278 [   0/104]  Loss: 0.2006 (0.201)  Acc@1: 92.7083 (92.7083)  Acc@5: 100.0000 (100.0000)
2024-11-21 01:05:32,992 -                train: [    INFO] - Valid: 278 [ 104/104]  Loss: 0.5540 (0.260)  Acc@1: 87.5000 (91.8700)  Acc@5: 100.0000 (99.8500)
2024-11-21 01:05:33,028 -                train: [    INFO] - valid_acc 91.870002 - best_valid_acc 94.290003
2024-11-21 01:05:33,436 -                train: [    INFO] - Train: 279 [   0/520]  Loss: 0.4166 (0.417)  Acc@1: 91.6667 (91.6667)  Acc@5: 98.9583 (98.9583)LR: 1.387e-02
2024-11-21 01:06:19,207 -                train: [    INFO] - Train: 279 [ 200/520]  Loss: 0.5071 (0.352)  Acc@1: 85.4167 (91.3194)  Acc@5: 100.0000 (99.6942)LR: 1.387e-02
2024-11-21 01:07:04,805 -                train: [    INFO] - Train: 279 [ 400/520]  Loss: 0.4002 (0.360)  Acc@1: 90.6250 (91.2718)  Acc@5: 100.0000 (99.7039)LR: 1.387e-02
2024-11-21 01:07:31,839 -                train: [    INFO] - Train: 279 [ 520/520]  Loss: 0.3667 (0.366)  Acc@1: 91.2500 (91.1160)  Acc@5: 100.0000 (99.7020)LR: 1.387e-02
2024-11-21 01:07:34,350 -                train: [    INFO] - Valid: 279 [   0/104]  Loss: 0.1969 (0.197)  Acc@1: 93.7500 (93.7500)  Acc@5: 100.0000 (100.0000)
2024-11-21 01:07:40,477 -                train: [    INFO] - Valid: 279 [ 104/104]  Loss: 0.2290 (0.180)  Acc@1: 93.7500 (94.1500)  Acc@5: 100.0000 (99.8900)
2024-11-21 01:07:43,123 -                train: [    INFO] - valid_acc 94.150002 - best_valid_acc 94.290003
2024-11-21 01:07:43,605 -                train: [    INFO] - Train: 280 [   0/520]  Loss: 0.3723 (0.372)  Acc@1: 89.5833 (89.5833)  Acc@5: 100.0000 (100.0000)LR: 1.381e-02
2024-11-21 01:08:28,987 -                train: [    INFO] - Train: 280 [ 200/520]  Loss: 0.2631 (0.334)  Acc@1: 92.7083 (92.0087)  Acc@5: 100.0000 (99.7512)LR: 1.381e-02
2024-11-21 01:09:15,344 -                train: [    INFO] - Train: 280 [ 400/520]  Loss: 0.2685 (0.349)  Acc@1: 93.7500 (91.5472)  Acc@5: 100.0000 (99.7584)LR: 1.381e-02
2024-11-21 01:09:42,712 -                train: [    INFO] - Train: 280 [ 520/520]  Loss: 0.3712 (0.358)  Acc@1: 93.7500 (91.3980)  Acc@5: 98.7500 (99.7280)LR: 1.381e-02
2024-11-21 01:09:42,932 -                train: [    INFO] - Valid: 280 [   0/104]  Loss: 0.3755 (0.375)  Acc@1: 87.5000 (87.5000)  Acc@5: 100.0000 (100.0000)
2024-11-21 01:09:49,065 -                train: [    INFO] - Valid: 280 [ 104/104]  Loss: 0.4459 (0.243)  Acc@1: 93.7500 (92.4900)  Acc@5: 100.0000 (99.7800)
2024-11-21 01:09:49,091 -                train: [    INFO] - valid_acc 92.490002 - best_valid_acc 94.290003
2024-11-21 01:09:49,561 -                train: [    INFO] - Train: 281 [   0/520]  Loss: 0.2553 (0.255)  Acc@1: 92.7083 (92.7083)  Acc@5: 100.0000 (100.0000)LR: 1.374e-02
2024-11-21 01:10:35,831 -                train: [    INFO] - Train: 281 [ 200/520]  Loss: 0.2725 (0.361)  Acc@1: 93.7500 (91.2521)  Acc@5: 100.0000 (99.7098)LR: 1.374e-02
2024-11-21 01:11:22,322 -                train: [    INFO] - Train: 281 [ 400/520]  Loss: 0.3755 (0.373)  Acc@1: 91.6667 (90.9471)  Acc@5: 100.0000 (99.7246)LR: 1.374e-02
2024-11-21 01:11:50,042 -                train: [    INFO] - Train: 281 [ 520/520]  Loss: 0.4105 (0.374)  Acc@1: 86.2500 (90.9100)  Acc@5: 98.7500 (99.7140)LR: 1.374e-02
2024-11-21 01:11:50,292 -                train: [    INFO] - Valid: 281 [   0/104]  Loss: 0.2338 (0.234)  Acc@1: 88.5417 (88.5417)  Acc@5: 100.0000 (100.0000)
2024-11-21 01:11:56,444 -                train: [    INFO] - Valid: 281 [ 104/104]  Loss: 0.4243 (0.181)  Acc@1: 87.5000 (94.1400)  Acc@5: 100.0000 (99.8500)
2024-11-21 01:11:56,491 -                train: [    INFO] - valid_acc 94.140002 - best_valid_acc 94.290003
2024-11-21 01:11:56,961 -                train: [    INFO] - Train: 282 [   0/520]  Loss: 0.4102 (0.410)  Acc@1: 89.5833 (89.5833)  Acc@5: 98.9583 (98.9583)LR: 1.368e-02
2024-11-21 01:12:42,557 -                train: [    INFO] - Train: 282 [ 200/520]  Loss: 0.6052 (0.355)  Acc@1: 85.4167 (91.3298)  Acc@5: 100.0000 (99.7823)LR: 1.368e-02
2024-11-21 01:13:28,257 -                train: [    INFO] - Train: 282 [ 400/520]  Loss: 0.2217 (0.361)  Acc@1: 95.8333 (91.2069)  Acc@5: 98.9583 (99.7558)LR: 1.368e-02
2024-11-21 01:13:55,699 -                train: [    INFO] - Train: 282 [ 520/520]  Loss: 0.4630 (0.363)  Acc@1: 86.2500 (91.2000)  Acc@5: 98.7500 (99.7520)LR: 1.368e-02
2024-11-21 01:13:55,936 -                train: [    INFO] - Valid: 282 [   0/104]  Loss: 0.2388 (0.239)  Acc@1: 93.7500 (93.7500)  Acc@5: 100.0000 (100.0000)
2024-11-21 01:14:02,065 -                train: [    INFO] - Valid: 282 [ 104/104]  Loss: 0.2646 (0.196)  Acc@1: 93.7500 (93.8200)  Acc@5: 100.0000 (99.8200)
2024-11-21 01:14:02,095 -                train: [    INFO] - valid_acc 93.820003 - best_valid_acc 94.290003
2024-11-21 01:14:02,551 -                train: [    INFO] - Train: 283 [   0/520]  Loss: 0.3476 (0.348)  Acc@1: 90.6250 (90.6250)  Acc@5: 98.9583 (98.9583)LR: 1.361e-02
2024-11-21 01:14:48,764 -                train: [    INFO] - Train: 283 [ 200/520]  Loss: 0.3884 (0.351)  Acc@1: 89.5833 (91.4024)  Acc@5: 100.0000 (99.7409)LR: 1.361e-02
2024-11-21 01:15:34,701 -                train: [    INFO] - Train: 283 [ 400/520]  Loss: 0.6025 (0.364)  Acc@1: 87.5000 (91.1523)  Acc@5: 98.9583 (99.7402)LR: 1.361e-02
2024-11-21 01:16:02,140 -                train: [    INFO] - Train: 283 [ 520/520]  Loss: 0.4217 (0.368)  Acc@1: 90.0000 (91.1260)  Acc@5: 100.0000 (99.7220)LR: 1.361e-02
2024-11-21 01:16:02,372 -                train: [    INFO] - Valid: 283 [   0/104]  Loss: 0.2983 (0.298)  Acc@1: 90.6250 (90.6250)  Acc@5: 100.0000 (100.0000)
2024-11-21 01:16:08,501 -                train: [    INFO] - Valid: 283 [ 104/104]  Loss: 0.1662 (0.249)  Acc@1: 93.7500 (92.0800)  Acc@5: 100.0000 (99.8400)
2024-11-21 01:16:08,527 -                train: [    INFO] - valid_acc 92.080002 - best_valid_acc 94.290003
2024-11-21 01:16:08,945 -                train: [    INFO] - Train: 284 [   0/520]  Loss: 0.1988 (0.199)  Acc@1: 95.8333 (95.8333)  Acc@5: 100.0000 (100.0000)LR: 1.355e-02
2024-11-21 01:16:54,931 -                train: [    INFO] - Train: 284 [ 200/520]  Loss: 0.3526 (0.368)  Acc@1: 92.7083 (91.2780)  Acc@5: 100.0000 (99.7201)LR: 1.355e-02
2024-11-21 01:17:40,563 -                train: [    INFO] - Train: 284 [ 400/520]  Loss: 0.3139 (0.370)  Acc@1: 92.7083 (91.1367)  Acc@5: 100.0000 (99.7065)LR: 1.355e-02
2024-11-21 01:18:07,968 -                train: [    INFO] - Train: 284 [ 520/520]  Loss: 0.4238 (0.369)  Acc@1: 91.2500 (91.1000)  Acc@5: 100.0000 (99.6920)LR: 1.355e-02
2024-11-21 01:18:08,212 -                train: [    INFO] - Valid: 284 [   0/104]  Loss: 0.2949 (0.295)  Acc@1: 91.6667 (91.6667)  Acc@5: 100.0000 (100.0000)
2024-11-21 01:18:14,345 -                train: [    INFO] - Valid: 284 [ 104/104]  Loss: 0.3268 (0.222)  Acc@1: 93.7500 (92.6700)  Acc@5: 100.0000 (99.7800)
2024-11-21 01:18:14,380 -                train: [    INFO] - valid_acc 92.670003 - best_valid_acc 94.290003
2024-11-21 01:18:14,787 -                train: [    INFO] - Train: 285 [   0/520]  Loss: 0.3330 (0.333)  Acc@1: 92.7083 (92.7083)  Acc@5: 98.9583 (98.9583)LR: 1.348e-02
2024-11-21 01:19:00,513 -                train: [    INFO] - Train: 285 [ 200/520]  Loss: 0.5450 (0.346)  Acc@1: 88.5417 (91.5371)  Acc@5: 100.0000 (99.7305)LR: 1.348e-02
2024-11-21 01:19:46,257 -                train: [    INFO] - Train: 285 [ 400/520]  Loss: 0.6556 (0.360)  Acc@1: 84.3750 (91.3472)  Acc@5: 97.9167 (99.7195)LR: 1.348e-02
2024-11-21 01:20:13,455 -                train: [    INFO] - Train: 285 [ 520/520]  Loss: 0.4479 (0.364)  Acc@1: 87.5000 (91.2460)  Acc@5: 100.0000 (99.7180)LR: 1.348e-02
2024-11-21 01:20:13,683 -                train: [    INFO] - Valid: 285 [   0/104]  Loss: 0.2095 (0.210)  Acc@1: 90.6250 (90.6250)  Acc@5: 100.0000 (100.0000)
2024-11-21 01:20:19,811 -                train: [    INFO] - Valid: 285 [ 104/104]  Loss: 0.6010 (0.187)  Acc@1: 81.2500 (93.8500)  Acc@5: 100.0000 (99.8400)
2024-11-21 01:20:19,834 -                train: [    INFO] - valid_acc 93.850002 - best_valid_acc 94.290003
2024-11-21 01:20:20,231 -                train: [    INFO] - Train: 286 [   0/520]  Loss: 0.4253 (0.425)  Acc@1: 84.3750 (84.3750)  Acc@5: 98.9583 (98.9583)LR: 1.342e-02
2024-11-21 01:21:05,968 -                train: [    INFO] - Train: 286 [ 200/520]  Loss: 0.1847 (0.358)  Acc@1: 96.8750 (91.3454)  Acc@5: 100.0000 (99.7253)LR: 1.342e-02
2024-11-21 01:21:51,418 -                train: [    INFO] - Train: 286 [ 400/520]  Loss: 0.3860 (0.363)  Acc@1: 90.6250 (91.1341)  Acc@5: 100.0000 (99.7272)LR: 1.342e-02
2024-11-21 01:22:18,779 -                train: [    INFO] - Train: 286 [ 520/520]  Loss: 0.3582 (0.365)  Acc@1: 88.7500 (91.0960)  Acc@5: 100.0000 (99.7300)LR: 1.342e-02
2024-11-21 01:22:19,020 -                train: [    INFO] - Valid: 286 [   0/104]  Loss: 0.1705 (0.170)  Acc@1: 92.7083 (92.7083)  Acc@5: 100.0000 (100.0000)
2024-11-21 01:22:25,150 -                train: [    INFO] - Valid: 286 [ 104/104]  Loss: 0.1377 (0.240)  Acc@1: 93.7500 (92.4500)  Acc@5: 100.0000 (99.7900)
2024-11-21 01:22:25,176 -                train: [    INFO] - valid_acc 92.450003 - best_valid_acc 94.290003
2024-11-21 01:22:25,624 -                train: [    INFO] - Train: 287 [   0/520]  Loss: 0.4043 (0.404)  Acc@1: 90.6250 (90.6250)  Acc@5: 100.0000 (100.0000)LR: 1.335e-02
2024-11-21 01:23:11,388 -                train: [    INFO] - Train: 287 [ 200/520]  Loss: 0.3570 (0.360)  Acc@1: 90.6250 (91.4024)  Acc@5: 98.9583 (99.7772)LR: 1.335e-02
2024-11-21 01:23:57,000 -                train: [    INFO] - Train: 287 [ 400/520]  Loss: 0.3619 (0.362)  Acc@1: 91.6667 (91.4069)  Acc@5: 100.0000 (99.7480)LR: 1.335e-02
2024-11-21 01:24:24,371 -                train: [    INFO] - Train: 287 [ 520/520]  Loss: 0.2617 (0.367)  Acc@1: 91.2500 (91.2920)  Acc@5: 100.0000 (99.7380)LR: 1.335e-02
2024-11-21 01:24:24,629 -                train: [    INFO] - Valid: 287 [   0/104]  Loss: 0.1595 (0.160)  Acc@1: 94.7917 (94.7917)  Acc@5: 100.0000 (100.0000)
2024-11-21 01:24:30,756 -                train: [    INFO] - Valid: 287 [ 104/104]  Loss: 0.1545 (0.219)  Acc@1: 93.7500 (92.7100)  Acc@5: 100.0000 (99.8200)
2024-11-21 01:24:30,822 -                train: [    INFO] - valid_acc 92.710002 - best_valid_acc 94.290003
2024-11-21 01:24:31,266 -                train: [    INFO] - Train: 288 [   0/520]  Loss: 0.4227 (0.423)  Acc@1: 86.4583 (86.4583)  Acc@5: 100.0000 (100.0000)LR: 1.328e-02
2024-11-21 01:25:16,855 -                train: [    INFO] - Train: 288 [ 200/520]  Loss: 0.4396 (0.355)  Acc@1: 90.6250 (91.2884)  Acc@5: 100.0000 (99.7616)LR: 1.328e-02
2024-11-21 01:26:02,584 -                train: [    INFO] - Train: 288 [ 400/520]  Loss: 0.4279 (0.355)  Acc@1: 90.6250 (91.3731)  Acc@5: 100.0000 (99.7584)LR: 1.328e-02
2024-11-21 01:26:29,832 -                train: [    INFO] - Train: 288 [ 520/520]  Loss: 0.3205 (0.360)  Acc@1: 90.0000 (91.2000)  Acc@5: 100.0000 (99.7480)LR: 1.328e-02
2024-11-21 01:26:30,075 -                train: [    INFO] - Valid: 288 [   0/104]  Loss: 0.2065 (0.207)  Acc@1: 93.7500 (93.7500)  Acc@5: 100.0000 (100.0000)
2024-11-21 01:26:36,202 -                train: [    INFO] - Valid: 288 [ 104/104]  Loss: 0.03455 (0.219)  Acc@1: 100.0000 (93.2000)  Acc@5: 100.0000 (99.8600)
2024-11-21 01:26:36,229 -                train: [    INFO] - valid_acc 93.200003 - best_valid_acc 94.290003
2024-11-21 01:26:36,687 -                train: [    INFO] - Train: 289 [   0/520]  Loss: 0.4704 (0.470)  Acc@1: 89.5833 (89.5833)  Acc@5: 100.0000 (100.0000)LR: 1.322e-02
2024-11-21 01:27:23,030 -                train: [    INFO] - Train: 289 [ 200/520]  Loss: 0.2791 (0.362)  Acc@1: 92.7083 (91.3194)  Acc@5: 100.0000 (99.6631)LR: 1.322e-02
2024-11-21 01:28:08,939 -                train: [    INFO] - Train: 289 [ 400/520]  Loss: 0.4189 (0.364)  Acc@1: 89.5833 (91.2303)  Acc@5: 100.0000 (99.6987)LR: 1.322e-02
2024-11-21 01:28:36,452 -                train: [    INFO] - Train: 289 [ 520/520]  Loss: 0.3743 (0.365)  Acc@1: 92.5000 (91.2440)  Acc@5: 100.0000 (99.7020)LR: 1.322e-02
2024-11-21 01:28:36,685 -                train: [    INFO] - Valid: 289 [   0/104]  Loss: 0.1101 (0.110)  Acc@1: 96.8750 (96.8750)  Acc@5: 100.0000 (100.0000)
2024-11-21 01:28:42,815 -                train: [    INFO] - Valid: 289 [ 104/104]  Loss: 0.06128 (0.185)  Acc@1: 100.0000 (94.2500)  Acc@5: 100.0000 (99.8100)
2024-11-21 01:28:42,840 -                train: [    INFO] - valid_acc 94.250002 - best_valid_acc 94.290003
2024-11-21 01:28:43,301 -                train: [    INFO] - Train: 290 [   0/520]  Loss: 0.4861 (0.486)  Acc@1: 90.6250 (90.6250)  Acc@5: 100.0000 (100.0000)LR: 1.315e-02
2024-11-21 01:29:29,909 -                train: [    INFO] - Train: 290 [ 200/520]  Loss: 0.2328 (0.361)  Acc@1: 94.7917 (91.2884)  Acc@5: 100.0000 (99.7201)LR: 1.315e-02
2024-11-21 01:30:15,886 -                train: [    INFO] - Train: 290 [ 400/520]  Loss: 0.3269 (0.366)  Acc@1: 91.6667 (91.1939)  Acc@5: 100.0000 (99.6935)LR: 1.315e-02
2024-11-21 01:30:43,570 -                train: [    INFO] - Train: 290 [ 520/520]  Loss: 0.4079 (0.364)  Acc@1: 91.2500 (91.2860)  Acc@5: 100.0000 (99.7080)LR: 1.315e-02
2024-11-21 01:30:43,819 -                train: [    INFO] - Valid: 290 [   0/104]  Loss: 0.3612 (0.361)  Acc@1: 90.6250 (90.6250)  Acc@5: 100.0000 (100.0000)
2024-11-21 01:30:49,977 -                train: [    INFO] - Valid: 290 [ 104/104]  Loss: 0.1660 (0.208)  Acc@1: 93.7500 (93.6300)  Acc@5: 100.0000 (99.8500)
2024-11-21 01:30:50,003 -                train: [    INFO] - valid_acc 93.630003 - best_valid_acc 94.290003
2024-11-21 01:30:50,429 -                train: [    INFO] - Train: 291 [   0/520]  Loss: 0.3283 (0.328)  Acc@1: 91.6667 (91.6667)  Acc@5: 100.0000 (100.0000)LR: 1.309e-02
2024-11-21 01:31:36,013 -                train: [    INFO] - Train: 291 [ 200/520]  Loss: 0.3319 (0.358)  Acc@1: 90.6250 (91.2832)  Acc@5: 100.0000 (99.7201)LR: 1.309e-02
2024-11-21 01:32:21,698 -                train: [    INFO] - Train: 291 [ 400/520]  Loss: 0.6038 (0.364)  Acc@1: 88.5417 (91.1861)  Acc@5: 98.9583 (99.7195)LR: 1.309e-02
2024-11-21 01:32:48,945 -                train: [    INFO] - Train: 291 [ 520/520]  Loss: 0.4177 (0.367)  Acc@1: 88.7500 (91.1240)  Acc@5: 98.7500 (99.7100)LR: 1.309e-02
2024-11-21 01:32:49,191 -                train: [    INFO] - Valid: 291 [   0/104]  Loss: 0.1584 (0.158)  Acc@1: 93.7500 (93.7500)  Acc@5: 100.0000 (100.0000)
2024-11-21 01:32:55,321 -                train: [    INFO] - Valid: 291 [ 104/104]  Loss: 0.07409 (0.208)  Acc@1: 93.7500 (93.4000)  Acc@5: 100.0000 (99.8200)
2024-11-21 01:32:55,346 -                train: [    INFO] - valid_acc 93.400002 - best_valid_acc 94.290003
2024-11-21 01:32:55,743 -                train: [    INFO] - Train: 292 [   0/520]  Loss: 0.4541 (0.454)  Acc@1: 88.5417 (88.5417)  Acc@5: 100.0000 (100.0000)LR: 1.302e-02
2024-11-21 01:33:41,489 -                train: [    INFO] - Train: 292 [ 200/520]  Loss: 0.3032 (0.379)  Acc@1: 91.6667 (90.6561)  Acc@5: 100.0000 (99.6839)LR: 1.302e-02
2024-11-21 01:34:27,126 -                train: [    INFO] - Train: 292 [ 400/520]  Loss: 0.2036 (0.366)  Acc@1: 94.7917 (91.0796)  Acc@5: 100.0000 (99.7220)LR: 1.302e-02
2024-11-21 01:34:54,399 -                train: [    INFO] - Train: 292 [ 520/520]  Loss: 0.4163 (0.369)  Acc@1: 90.0000 (91.0440)  Acc@5: 100.0000 (99.7300)LR: 1.302e-02
2024-11-21 01:34:54,771 -                train: [    INFO] - Valid: 292 [   0/104]  Loss: 0.1573 (0.157)  Acc@1: 93.7500 (93.7500)  Acc@5: 100.0000 (100.0000)
2024-11-21 01:35:00,902 -                train: [    INFO] - Valid: 292 [ 104/104]  Loss: 0.1916 (0.178)  Acc@1: 93.7500 (94.4000)  Acc@5: 100.0000 (99.8100)
2024-11-21 01:35:01,445 -                train: [    INFO] - valid_acc 94.400003 - best_valid_acc 94.400003
2024-11-21 01:35:01,863 -                train: [    INFO] - Train: 293 [   0/520]  Loss: 0.4104 (0.410)  Acc@1: 90.6250 (90.6250)  Acc@5: 100.0000 (100.0000)LR: 1.296e-02
2024-11-21 01:35:47,499 -                train: [    INFO] - Train: 293 [ 200/520]  Loss: 0.2174 (0.354)  Acc@1: 97.9167 (91.5267)  Acc@5: 98.9583 (99.7512)LR: 1.296e-02
2024-11-21 01:36:33,360 -                train: [    INFO] - Train: 293 [ 400/520]  Loss: 0.2954 (0.356)  Acc@1: 95.8333 (91.4666)  Acc@5: 100.0000 (99.7558)LR: 1.296e-02
2024-11-21 01:37:00,550 -                train: [    INFO] - Train: 293 [ 520/520]  Loss: 0.1627 (0.355)  Acc@1: 95.0000 (91.4820)  Acc@5: 100.0000 (99.7600)LR: 1.296e-02
2024-11-21 01:37:00,783 -                train: [    INFO] - Valid: 293 [   0/104]  Loss: 0.1384 (0.138)  Acc@1: 93.7500 (93.7500)  Acc@5: 100.0000 (100.0000)
2024-11-21 01:37:06,913 -                train: [    INFO] - Valid: 293 [ 104/104]  Loss: 0.3714 (0.196)  Acc@1: 93.7500 (93.9200)  Acc@5: 100.0000 (99.8400)
2024-11-21 01:37:06,952 -                train: [    INFO] - valid_acc 93.920002 - best_valid_acc 94.400003
2024-11-21 01:37:07,390 -                train: [    INFO] - Train: 294 [   0/520]  Loss: 0.3968 (0.397)  Acc@1: 86.4583 (86.4583)  Acc@5: 100.0000 (100.0000)LR: 1.289e-02
2024-11-21 01:37:53,043 -                train: [    INFO] - Train: 294 [ 200/520]  Loss: 0.2996 (0.343)  Acc@1: 91.6667 (91.9051)  Acc@5: 100.0000 (99.7461)LR: 1.289e-02
2024-11-21 01:38:39,246 -                train: [    INFO] - Train: 294 [ 400/520]  Loss: 0.2267 (0.351)  Acc@1: 92.7083 (91.6225)  Acc@5: 100.0000 (99.7272)LR: 1.289e-02
2024-11-21 01:39:07,053 -                train: [    INFO] - Train: 294 [ 520/520]  Loss: 0.3005 (0.353)  Acc@1: 92.5000 (91.5900)  Acc@5: 100.0000 (99.7380)LR: 1.289e-02
2024-11-21 01:39:07,303 -                train: [    INFO] - Valid: 294 [   0/104]  Loss: 0.1754 (0.175)  Acc@1: 93.7500 (93.7500)  Acc@5: 100.0000 (100.0000)
2024-11-21 01:39:13,432 -                train: [    INFO] - Valid: 294 [ 104/104]  Loss: 0.4697 (0.191)  Acc@1: 87.5000 (93.8700)  Acc@5: 100.0000 (99.8600)
2024-11-21 01:39:13,456 -                train: [    INFO] - valid_acc 93.870003 - best_valid_acc 94.400003
2024-11-21 01:39:13,883 -                train: [    INFO] - Train: 295 [   0/520]  Loss: 0.3798 (0.380)  Acc@1: 92.7083 (92.7083)  Acc@5: 98.9583 (98.9583)LR: 1.283e-02
2024-11-21 01:39:59,658 -                train: [    INFO] - Train: 295 [ 200/520]  Loss: 0.3923 (0.357)  Acc@1: 91.6667 (91.4801)  Acc@5: 98.9583 (99.6994)LR: 1.283e-02
2024-11-21 01:40:45,156 -                train: [    INFO] - Train: 295 [ 400/520]  Loss: 0.4145 (0.354)  Acc@1: 86.4583 (91.5420)  Acc@5: 100.0000 (99.7298)LR: 1.283e-02
2024-11-21 01:41:12,452 -                train: [    INFO] - Train: 295 [ 520/520]  Loss: 0.2655 (0.360)  Acc@1: 93.7500 (91.3880)  Acc@5: 100.0000 (99.7320)LR: 1.283e-02
2024-11-21 01:41:12,676 -                train: [    INFO] - Valid: 295 [   0/104]  Loss: 0.2029 (0.203)  Acc@1: 94.7917 (94.7917)  Acc@5: 100.0000 (100.0000)
2024-11-21 01:41:18,803 -                train: [    INFO] - Valid: 295 [ 104/104]  Loss: 0.08140 (0.177)  Acc@1: 93.7500 (94.4100)  Acc@5: 100.0000 (99.8300)
2024-11-21 01:41:19,341 -                train: [    INFO] - valid_acc 94.410003 - best_valid_acc 94.410003
2024-11-21 01:41:19,748 -                train: [    INFO] - Train: 296 [   0/520]  Loss: 0.4297 (0.430)  Acc@1: 87.5000 (87.5000)  Acc@5: 98.9583 (98.9583)LR: 1.276e-02
2024-11-21 01:42:05,492 -                train: [    INFO] - Train: 296 [ 200/520]  Loss: 0.3696 (0.362)  Acc@1: 91.6667 (91.3765)  Acc@5: 100.0000 (99.6891)LR: 1.276e-02
2024-11-21 01:42:51,468 -                train: [    INFO] - Train: 296 [ 400/520]  Loss: 0.3132 (0.361)  Acc@1: 92.7083 (91.3290)  Acc@5: 100.0000 (99.7039)LR: 1.276e-02
2024-11-21 01:43:18,974 -                train: [    INFO] - Train: 296 [ 520/520]  Loss: 0.6397 (0.363)  Acc@1: 83.7500 (91.2480)  Acc@5: 100.0000 (99.7020)LR: 1.276e-02
2024-11-21 01:43:19,207 -                train: [    INFO] - Valid: 296 [   0/104]  Loss: 0.2131 (0.213)  Acc@1: 90.6250 (90.6250)  Acc@5: 100.0000 (100.0000)
2024-11-21 01:43:25,338 -                train: [    INFO] - Valid: 296 [ 104/104]  Loss: 0.07975 (0.181)  Acc@1: 93.7500 (94.2500)  Acc@5: 100.0000 (99.8400)
2024-11-21 01:43:25,362 -                train: [    INFO] - valid_acc 94.250002 - best_valid_acc 94.410003
2024-11-21 01:43:25,809 -                train: [    INFO] - Train: 297 [   0/520]  Loss: 0.2451 (0.245)  Acc@1: 93.7500 (93.7500)  Acc@5: 100.0000 (100.0000)LR: 1.270e-02
2024-11-21 01:44:11,817 -                train: [    INFO] - Train: 297 [ 200/520]  Loss: 0.2210 (0.355)  Acc@1: 95.8333 (91.5734)  Acc@5: 100.0000 (99.6994)LR: 1.270e-02
2024-11-21 01:44:57,764 -                train: [    INFO] - Train: 297 [ 400/520]  Loss: 0.4971 (0.358)  Acc@1: 86.4583 (91.4537)  Acc@5: 100.0000 (99.6961)LR: 1.270e-02
2024-11-21 01:45:25,189 -                train: [    INFO] - Train: 297 [ 520/520]  Loss: 0.2453 (0.356)  Acc@1: 93.7500 (91.4660)  Acc@5: 100.0000 (99.6960)LR: 1.270e-02
2024-11-21 01:45:25,450 -                train: [    INFO] - Valid: 297 [   0/104]  Loss: 0.1400 (0.140)  Acc@1: 93.7500 (93.7500)  Acc@5: 100.0000 (100.0000)
2024-11-21 01:45:31,610 -                train: [    INFO] - Valid: 297 [ 104/104]  Loss: 0.03309 (0.175)  Acc@1: 100.0000 (94.4000)  Acc@5: 100.0000 (99.8500)
2024-11-21 01:45:31,643 -                train: [    INFO] - valid_acc 94.400003 - best_valid_acc 94.410003
2024-11-21 01:45:32,114 -                train: [    INFO] - Train: 298 [   0/520]  Loss: 0.2426 (0.243)  Acc@1: 91.6667 (91.6667)  Acc@5: 100.0000 (100.0000)LR: 1.263e-02
2024-11-21 01:46:19,018 -                train: [    INFO] - Train: 298 [ 200/520]  Loss: 0.2470 (0.356)  Acc@1: 94.7917 (91.5578)  Acc@5: 100.0000 (99.7616)LR: 1.263e-02
2024-11-21 01:47:05,929 -                train: [    INFO] - Train: 298 [ 400/520]  Loss: 0.3270 (0.354)  Acc@1: 91.6667 (91.5809)  Acc@5: 100.0000 (99.7506)LR: 1.263e-02
2024-11-21 01:47:33,868 -                train: [    INFO] - Train: 298 [ 520/520]  Loss: 0.3571 (0.356)  Acc@1: 90.0000 (91.5100)  Acc@5: 100.0000 (99.7520)LR: 1.263e-02
2024-11-21 01:47:34,118 -                train: [    INFO] - Valid: 298 [   0/104]  Loss: 0.1551 (0.155)  Acc@1: 93.7500 (93.7500)  Acc@5: 100.0000 (100.0000)
2024-11-21 01:47:40,254 -                train: [    INFO] - Valid: 298 [ 104/104]  Loss: 0.1820 (0.208)  Acc@1: 93.7500 (93.4400)  Acc@5: 100.0000 (99.8400)
2024-11-21 01:47:40,330 -                train: [    INFO] - valid_acc 93.440002 - best_valid_acc 94.410003
2024-11-21 01:47:40,779 -                train: [    INFO] - Train: 299 [   0/520]  Loss: 0.4015 (0.401)  Acc@1: 90.6250 (90.6250)  Acc@5: 100.0000 (100.0000)LR: 1.257e-02
2024-11-21 01:48:26,930 -                train: [    INFO] - Train: 299 [ 200/520]  Loss: 0.3998 (0.352)  Acc@1: 87.5000 (91.7081)  Acc@5: 100.0000 (99.7409)LR: 1.257e-02
2024-11-21 01:49:12,621 -                train: [    INFO] - Train: 299 [ 400/520]  Loss: 0.2871 (0.353)  Acc@1: 92.7083 (91.6407)  Acc@5: 100.0000 (99.7792)LR: 1.257e-02
2024-11-21 01:49:40,194 -                train: [    INFO] - Train: 299 [ 520/520]  Loss: 0.3491 (0.354)  Acc@1: 90.0000 (91.6000)  Acc@5: 100.0000 (99.7740)LR: 1.257e-02
2024-11-21 01:49:40,436 -                train: [    INFO] - Valid: 299 [   0/104]  Loss: 0.2876 (0.288)  Acc@1: 91.6667 (91.6667)  Acc@5: 100.0000 (100.0000)
2024-11-21 01:49:46,571 -                train: [    INFO] - Valid: 299 [ 104/104]  Loss: 0.1452 (0.193)  Acc@1: 93.7500 (93.8200)  Acc@5: 100.0000 (99.8600)
2024-11-21 01:49:46,648 -                train: [    INFO] - valid_acc 93.820003 - best_valid_acc 94.410003
2024-11-21 01:49:47,070 -                train: [    INFO] - Train: 300 [   0/520]  Loss: 0.3427 (0.343)  Acc@1: 89.5833 (89.5833)  Acc@5: 100.0000 (100.0000)LR: 1.250e-02
2024-11-21 01:50:33,021 -                train: [    INFO] - Train: 300 [ 200/520]  Loss: 0.2949 (0.339)  Acc@1: 91.6667 (91.8481)  Acc@5: 97.9167 (99.7461)LR: 1.250e-02
2024-11-21 01:51:18,903 -                train: [    INFO] - Train: 300 [ 400/520]  Loss: 0.3813 (0.351)  Acc@1: 90.6250 (91.6615)  Acc@5: 98.9583 (99.7091)LR: 1.250e-02
2024-11-21 01:51:46,414 -                train: [    INFO] - Train: 300 [ 520/520]  Loss: 0.4005 (0.354)  Acc@1: 90.0000 (91.6040)  Acc@5: 100.0000 (99.7260)LR: 1.250e-02
2024-11-21 01:51:46,644 -                train: [    INFO] - Valid: 300 [   0/104]  Loss: 0.1240 (0.124)  Acc@1: 94.7917 (94.7917)  Acc@5: 100.0000 (100.0000)
2024-11-21 01:51:52,774 -                train: [    INFO] - Valid: 300 [ 104/104]  Loss: 0.4724 (0.210)  Acc@1: 87.5000 (93.5600)  Acc@5: 100.0000 (99.9000)
2024-11-21 01:51:52,802 -                train: [    INFO] - valid_acc 93.560003 - best_valid_acc 94.410003
2024-11-21 01:51:53,231 -                train: [    INFO] - Train: 301 [   0/520]  Loss: 0.2063 (0.206)  Acc@1: 96.8750 (96.8750)  Acc@5: 100.0000 (100.0000)LR: 1.243e-02
2024-11-21 01:52:38,924 -                train: [    INFO] - Train: 301 [ 200/520]  Loss: 0.3589 (0.338)  Acc@1: 90.6250 (91.8895)  Acc@5: 100.0000 (99.7772)LR: 1.243e-02
2024-11-21 01:53:24,732 -                train: [    INFO] - Train: 301 [ 400/520]  Loss: 0.3774 (0.342)  Acc@1: 92.7083 (91.8719)  Acc@5: 98.9583 (99.7922)LR: 1.243e-02
2024-11-21 01:53:52,298 -                train: [    INFO] - Train: 301 [ 520/520]  Loss: 0.4062 (0.347)  Acc@1: 92.5000 (91.7500)  Acc@5: 100.0000 (99.7720)LR: 1.243e-02
2024-11-21 01:53:52,523 -                train: [    INFO] - Valid: 301 [   0/104]  Loss: 0.1416 (0.142)  Acc@1: 95.8333 (95.8333)  Acc@5: 100.0000 (100.0000)
2024-11-21 01:53:58,659 -                train: [    INFO] - Valid: 301 [ 104/104]  Loss: 0.4343 (0.173)  Acc@1: 87.5000 (94.4400)  Acc@5: 100.0000 (99.8800)
2024-11-21 01:53:59,185 -                train: [    INFO] - valid_acc 94.440003 - best_valid_acc 94.440003
2024-11-21 01:53:59,616 -                train: [    INFO] - Train: 302 [   0/520]  Loss: 0.3401 (0.340)  Acc@1: 90.6250 (90.6250)  Acc@5: 100.0000 (100.0000)LR: 1.237e-02
2024-11-21 01:54:45,503 -                train: [    INFO] - Train: 302 [ 200/520]  Loss: 0.1904 (0.346)  Acc@1: 93.7500 (91.6200)  Acc@5: 100.0000 (99.7512)LR: 1.237e-02
2024-11-21 01:55:31,068 -                train: [    INFO] - Train: 302 [ 400/520]  Loss: 0.6014 (0.354)  Acc@1: 89.5833 (91.4069)  Acc@5: 98.9583 (99.7636)LR: 1.237e-02
2024-11-21 01:55:58,479 -                train: [    INFO] - Train: 302 [ 520/520]  Loss: 0.3963 (0.352)  Acc@1: 88.7500 (91.4440)  Acc@5: 100.0000 (99.7620)LR: 1.237e-02
2024-11-21 01:55:58,749 -                train: [    INFO] - Valid: 302 [   0/104]  Loss: 0.1121 (0.112)  Acc@1: 97.9167 (97.9167)  Acc@5: 100.0000 (100.0000)
2024-11-21 01:56:04,880 -                train: [    INFO] - Valid: 302 [ 104/104]  Loss: 0.3615 (0.178)  Acc@1: 93.7500 (94.2600)  Acc@5: 100.0000 (99.8900)
2024-11-21 01:56:04,908 -                train: [    INFO] - valid_acc 94.260003 - best_valid_acc 94.440003
2024-11-21 01:56:05,305 -                train: [    INFO] - Train: 303 [   0/520]  Loss: 0.2885 (0.289)  Acc@1: 94.7917 (94.7917)  Acc@5: 100.0000 (100.0000)LR: 1.230e-02
2024-11-21 01:56:50,816 -                train: [    INFO] - Train: 303 [ 200/520]  Loss: 0.2522 (0.345)  Acc@1: 94.7917 (91.7340)  Acc@5: 100.0000 (99.7305)LR: 1.230e-02
2024-11-21 01:57:36,407 -                train: [    INFO] - Train: 303 [ 400/520]  Loss: 0.4000 (0.349)  Acc@1: 89.5833 (91.5628)  Acc@5: 100.0000 (99.7454)LR: 1.230e-02
2024-11-21 01:58:03,805 -                train: [    INFO] - Train: 303 [ 520/520]  Loss: 0.4483 (0.355)  Acc@1: 90.0000 (91.4600)  Acc@5: 100.0000 (99.7400)LR: 1.230e-02
2024-11-21 01:58:04,044 -                train: [    INFO] - Valid: 303 [   0/104]  Loss: 0.1529 (0.153)  Acc@1: 94.7917 (94.7917)  Acc@5: 100.0000 (100.0000)
2024-11-21 01:58:10,180 -                train: [    INFO] - Valid: 303 [ 104/104]  Loss: 0.1249 (0.167)  Acc@1: 93.7500 (94.7400)  Acc@5: 100.0000 (99.9300)
2024-11-21 01:58:10,685 -                train: [    INFO] - valid_acc 94.740003 - best_valid_acc 94.740003
2024-11-21 01:58:11,143 -                train: [    INFO] - Train: 304 [   0/520]  Loss: 0.2800 (0.280)  Acc@1: 92.7083 (92.7083)  Acc@5: 100.0000 (100.0000)LR: 1.224e-02
2024-11-21 01:58:56,803 -                train: [    INFO] - Train: 304 [ 200/520]  Loss: 0.2199 (0.345)  Acc@1: 94.7917 (91.4697)  Acc@5: 100.0000 (99.8186)LR: 1.224e-02
2024-11-21 01:59:42,523 -                train: [    INFO] - Train: 304 [ 400/520]  Loss: 0.2226 (0.352)  Acc@1: 93.7500 (91.3887)  Acc@5: 100.0000 (99.7636)LR: 1.224e-02
2024-11-21 02:00:09,923 -                train: [    INFO] - Train: 304 [ 520/520]  Loss: 0.2937 (0.356)  Acc@1: 92.5000 (91.3300)  Acc@5: 100.0000 (99.7280)LR: 1.224e-02
2024-11-21 02:00:10,158 -                train: [    INFO] - Valid: 304 [   0/104]  Loss: 0.2015 (0.201)  Acc@1: 94.7917 (94.7917)  Acc@5: 100.0000 (100.0000)
2024-11-21 02:00:16,293 -                train: [    INFO] - Valid: 304 [ 104/104]  Loss: 0.3874 (0.178)  Acc@1: 93.7500 (94.7200)  Acc@5: 100.0000 (99.8600)
2024-11-21 02:00:16,318 -                train: [    INFO] - valid_acc 94.720003 - best_valid_acc 94.740003
2024-11-21 02:00:16,722 -                train: [    INFO] - Train: 305 [   0/520]  Loss: 0.2832 (0.283)  Acc@1: 95.8333 (95.8333)  Acc@5: 100.0000 (100.0000)LR: 1.217e-02
2024-11-21 02:01:02,319 -                train: [    INFO] - Train: 305 [ 200/520]  Loss: 0.1971 (0.336)  Acc@1: 94.7917 (92.0502)  Acc@5: 100.0000 (99.7979)LR: 1.217e-02
2024-11-21 02:01:48,237 -                train: [    INFO] - Train: 305 [ 400/520]  Loss: 0.4843 (0.344)  Acc@1: 85.4167 (91.8381)  Acc@5: 98.9583 (99.7740)LR: 1.217e-02
2024-11-21 02:02:16,036 -                train: [    INFO] - Train: 305 [ 520/520]  Loss: 0.2677 (0.349)  Acc@1: 91.2500 (91.6820)  Acc@5: 100.0000 (99.7680)LR: 1.217e-02
2024-11-21 02:02:16,278 -                train: [    INFO] - Valid: 305 [   0/104]  Loss: 0.1939 (0.194)  Acc@1: 95.8333 (95.8333)  Acc@5: 100.0000 (100.0000)
2024-11-21 02:02:22,420 -                train: [    INFO] - Valid: 305 [ 104/104]  Loss: 0.04260 (0.191)  Acc@1: 100.0000 (94.1600)  Acc@5: 100.0000 (99.8500)
2024-11-21 02:02:22,460 -                train: [    INFO] - valid_acc 94.160003 - best_valid_acc 94.740003
2024-11-21 02:02:22,889 -                train: [    INFO] - Train: 306 [   0/520]  Loss: 0.3194 (0.319)  Acc@1: 90.6250 (90.6250)  Acc@5: 100.0000 (100.0000)LR: 1.211e-02
2024-11-21 02:03:08,871 -                train: [    INFO] - Train: 306 [ 200/520]  Loss: 0.3651 (0.328)  Acc@1: 89.5833 (92.0450)  Acc@5: 100.0000 (99.8238)LR: 1.211e-02
2024-11-21 02:03:54,741 -                train: [    INFO] - Train: 306 [ 400/520]  Loss: 0.3082 (0.344)  Acc@1: 91.6667 (91.6771)  Acc@5: 100.0000 (99.7688)LR: 1.211e-02
2024-11-21 02:04:22,097 -                train: [    INFO] - Train: 306 [ 520/520]  Loss: 0.4839 (0.345)  Acc@1: 86.2500 (91.6980)  Acc@5: 100.0000 (99.7720)LR: 1.211e-02
2024-11-21 02:04:22,351 -                train: [    INFO] - Valid: 306 [   0/104]  Loss: 0.1762 (0.176)  Acc@1: 94.7917 (94.7917)  Acc@5: 100.0000 (100.0000)
2024-11-21 02:04:28,489 -                train: [    INFO] - Valid: 306 [ 104/104]  Loss: 0.1863 (0.187)  Acc@1: 87.5000 (94.0500)  Acc@5: 100.0000 (99.8800)
2024-11-21 02:04:28,514 -                train: [    INFO] - valid_acc 94.050003 - best_valid_acc 94.740003
2024-11-21 02:04:28,920 -                train: [    INFO] - Train: 307 [   0/520]  Loss: 0.2220 (0.222)  Acc@1: 94.7917 (94.7917)  Acc@5: 100.0000 (100.0000)LR: 1.204e-02
2024-11-21 02:05:14,959 -                train: [    INFO] - Train: 307 [ 200/520]  Loss: 0.2685 (0.345)  Acc@1: 95.8333 (91.7703)  Acc@5: 100.0000 (99.7512)LR: 1.204e-02
2024-11-21 02:06:00,700 -                train: [    INFO] - Train: 307 [ 400/520]  Loss: 0.3992 (0.345)  Acc@1: 90.6250 (91.7550)  Acc@5: 100.0000 (99.7636)LR: 1.204e-02
2024-11-21 02:06:28,285 -                train: [    INFO] - Train: 307 [ 520/520]  Loss: 0.4407 (0.345)  Acc@1: 91.2500 (91.7500)  Acc@5: 100.0000 (99.7540)LR: 1.204e-02
2024-11-21 02:06:28,532 -                train: [    INFO] - Valid: 307 [   0/104]  Loss: 0.2149 (0.215)  Acc@1: 94.7917 (94.7917)  Acc@5: 100.0000 (100.0000)
2024-11-21 02:06:34,667 -                train: [    INFO] - Valid: 307 [ 104/104]  Loss: 0.5285 (0.185)  Acc@1: 87.5000 (94.1600)  Acc@5: 100.0000 (99.8800)
2024-11-21 02:06:34,692 -                train: [    INFO] - valid_acc 94.160002 - best_valid_acc 94.740003
2024-11-21 02:06:35,110 -                train: [    INFO] - Train: 308 [   0/520]  Loss: 0.2054 (0.205)  Acc@1: 96.8750 (96.8750)  Acc@5: 98.9583 (98.9583)LR: 1.198e-02
2024-11-21 02:07:20,952 -                train: [    INFO] - Train: 308 [ 200/520]  Loss: 0.2882 (0.333)  Acc@1: 94.7917 (92.0191)  Acc@5: 100.0000 (99.7979)LR: 1.198e-02
2024-11-21 02:08:06,639 -                train: [    INFO] - Train: 308 [ 400/520]  Loss: 0.4819 (0.341)  Acc@1: 86.4583 (91.8537)  Acc@5: 98.9583 (99.7896)LR: 1.198e-02
2024-11-21 02:08:34,113 -                train: [    INFO] - Train: 308 [ 520/520]  Loss: 0.1429 (0.346)  Acc@1: 96.2500 (91.7000)  Acc@5: 100.0000 (99.7700)LR: 1.198e-02
2024-11-21 02:08:34,339 -                train: [    INFO] - Valid: 308 [   0/104]  Loss: 0.1770 (0.177)  Acc@1: 94.7917 (94.7917)  Acc@5: 100.0000 (100.0000)
2024-11-21 02:08:40,480 -                train: [    INFO] - Valid: 308 [ 104/104]  Loss: 0.2577 (0.196)  Acc@1: 87.5000 (94.1200)  Acc@5: 100.0000 (99.8400)
2024-11-21 02:08:40,507 -                train: [    INFO] - valid_acc 94.120003 - best_valid_acc 94.740003
2024-11-21 02:08:40,920 -                train: [    INFO] - Train: 309 [   0/520]  Loss: 0.4762 (0.476)  Acc@1: 91.6667 (91.6667)  Acc@5: 98.9583 (98.9583)LR: 1.191e-02
2024-11-21 02:09:26,738 -                train: [    INFO] - Train: 309 [ 200/520]  Loss: 0.4468 (0.348)  Acc@1: 90.6250 (91.6304)  Acc@5: 100.0000 (99.6942)LR: 1.191e-02
2024-11-21 02:10:12,709 -                train: [    INFO] - Train: 309 [ 400/520]  Loss: 0.3366 (0.350)  Acc@1: 92.7083 (91.5316)  Acc@5: 100.0000 (99.7220)LR: 1.191e-02
2024-11-21 02:10:40,202 -                train: [    INFO] - Train: 309 [ 520/520]  Loss: 0.3774 (0.349)  Acc@1: 90.0000 (91.5740)  Acc@5: 100.0000 (99.7100)LR: 1.191e-02
2024-11-21 02:10:40,459 -                train: [    INFO] - Valid: 309 [   0/104]  Loss: 0.1448 (0.145)  Acc@1: 95.8333 (95.8333)  Acc@5: 100.0000 (100.0000)
2024-11-21 02:10:46,615 -                train: [    INFO] - Valid: 309 [ 104/104]  Loss: 0.1050 (0.161)  Acc@1: 93.7500 (94.9400)  Acc@5: 100.0000 (99.8700)
2024-11-21 02:10:47,307 -                train: [    INFO] - valid_acc 94.940003 - best_valid_acc 94.940003
2024-11-21 02:10:47,731 -                train: [    INFO] - Train: 310 [   0/520]  Loss: 0.1908 (0.191)  Acc@1: 96.8750 (96.8750)  Acc@5: 100.0000 (100.0000)LR: 1.185e-02
2024-11-21 02:11:33,631 -                train: [    INFO] - Train: 310 [ 200/520]  Loss: 0.3327 (0.327)  Acc@1: 93.7500 (92.0087)  Acc@5: 100.0000 (99.7616)LR: 1.185e-02
2024-11-21 02:12:19,336 -                train: [    INFO] - Train: 310 [ 400/520]  Loss: 0.2586 (0.345)  Acc@1: 93.7500 (91.6615)  Acc@5: 100.0000 (99.7298)LR: 1.185e-02
2024-11-21 02:12:46,764 -                train: [    INFO] - Train: 310 [ 520/520]  Loss: 0.2589 (0.345)  Acc@1: 92.5000 (91.5980)  Acc@5: 100.0000 (99.7460)LR: 1.185e-02
2024-11-21 02:12:46,993 -                train: [    INFO] - Valid: 310 [   0/104]  Loss: 0.2186 (0.219)  Acc@1: 93.7500 (93.7500)  Acc@5: 100.0000 (100.0000)
2024-11-21 02:12:53,143 -                train: [    INFO] - Valid: 310 [ 104/104]  Loss: 0.04945 (0.182)  Acc@1: 100.0000 (94.3400)  Acc@5: 100.0000 (99.8800)
2024-11-21 02:12:53,181 -                train: [    INFO] - valid_acc 94.340002 - best_valid_acc 94.940003
2024-11-21 02:12:53,686 -                train: [    INFO] - Train: 311 [   0/520]  Loss: 0.3463 (0.346)  Acc@1: 89.5833 (89.5833)  Acc@5: 100.0000 (100.0000)LR: 1.178e-02
2024-11-21 02:13:40,071 -                train: [    INFO] - Train: 311 [ 200/520]  Loss: 0.2315 (0.343)  Acc@1: 94.7917 (91.8481)  Acc@5: 100.0000 (99.7512)LR: 1.178e-02
2024-11-21 02:14:26,092 -                train: [    INFO] - Train: 311 [ 400/520]  Loss: 0.3679 (0.350)  Acc@1: 92.7083 (91.5706)  Acc@5: 100.0000 (99.7636)LR: 1.178e-02
2024-11-21 02:14:53,683 -                train: [    INFO] - Train: 311 [ 520/520]  Loss: 0.3528 (0.349)  Acc@1: 91.2500 (91.6940)  Acc@5: 100.0000 (99.7560)LR: 1.178e-02
2024-11-21 02:14:53,948 -                train: [    INFO] - Valid: 311 [   0/104]  Loss: 0.4921 (0.492)  Acc@1: 90.6250 (90.6250)  Acc@5: 100.0000 (100.0000)
2024-11-21 02:15:00,089 -                train: [    INFO] - Valid: 311 [ 104/104]  Loss: 0.4425 (0.241)  Acc@1: 87.5000 (92.7300)  Acc@5: 100.0000 (99.8400)
2024-11-21 02:15:00,128 -                train: [    INFO] - valid_acc 92.730002 - best_valid_acc 94.940003
2024-11-21 02:15:00,553 -                train: [    INFO] - Train: 312 [   0/520]  Loss: 0.4384 (0.438)  Acc@1: 90.6250 (90.6250)  Acc@5: 100.0000 (100.0000)LR: 1.172e-02
2024-11-21 02:15:46,421 -                train: [    INFO] - Train: 312 [ 200/520]  Loss: 0.2808 (0.332)  Acc@1: 95.8333 (92.1279)  Acc@5: 100.0000 (99.7253)LR: 1.172e-02
2024-11-21 02:16:32,381 -                train: [    INFO] - Train: 312 [ 400/520]  Loss: 0.2881 (0.334)  Acc@1: 92.7083 (91.9031)  Acc@5: 100.0000 (99.7610)LR: 1.172e-02
2024-11-21 02:16:59,858 -                train: [    INFO] - Train: 312 [ 520/520]  Loss: 0.6095 (0.341)  Acc@1: 87.5000 (91.7300)  Acc@5: 100.0000 (99.7680)LR: 1.172e-02
2024-11-21 02:17:00,100 -                train: [    INFO] - Valid: 312 [   0/104]  Loss: 0.1574 (0.157)  Acc@1: 94.7917 (94.7917)  Acc@5: 100.0000 (100.0000)
2024-11-21 02:17:06,236 -                train: [    INFO] - Valid: 312 [ 104/104]  Loss: 0.3535 (0.159)  Acc@1: 87.5000 (94.8100)  Acc@5: 100.0000 (99.9300)
2024-11-21 02:17:06,261 -                train: [    INFO] - valid_acc 94.810002 - best_valid_acc 94.940003
2024-11-21 02:17:06,702 -                train: [    INFO] - Train: 313 [   0/520]  Loss: 0.3483 (0.348)  Acc@1: 91.6667 (91.6667)  Acc@5: 100.0000 (100.0000)LR: 1.165e-02
2024-11-21 02:17:52,444 -                train: [    INFO] - Train: 313 [ 200/520]  Loss: 0.3185 (0.330)  Acc@1: 91.6667 (91.9206)  Acc@5: 98.9583 (99.7668)LR: 1.165e-02
2024-11-21 02:18:38,333 -                train: [    INFO] - Train: 313 [ 400/520]  Loss: 0.4047 (0.337)  Acc@1: 90.6250 (91.8901)  Acc@5: 100.0000 (99.7480)LR: 1.165e-02
2024-11-21 02:19:05,814 -                train: [    INFO] - Train: 313 [ 520/520]  Loss: 0.3775 (0.341)  Acc@1: 90.0000 (91.8340)  Acc@5: 100.0000 (99.7560)LR: 1.165e-02
2024-11-21 02:19:06,075 -                train: [    INFO] - Valid: 313 [   0/104]  Loss: 0.1587 (0.159)  Acc@1: 93.7500 (93.7500)  Acc@5: 100.0000 (100.0000)
2024-11-21 02:19:12,208 -                train: [    INFO] - Valid: 313 [ 104/104]  Loss: 0.1352 (0.212)  Acc@1: 93.7500 (93.1400)  Acc@5: 100.0000 (99.8300)
2024-11-21 02:19:12,237 -                train: [    INFO] - valid_acc 93.140003 - best_valid_acc 94.940003
2024-11-21 02:19:12,665 -                train: [    INFO] - Train: 314 [   0/520]  Loss: 0.1653 (0.165)  Acc@1: 96.8750 (96.8750)  Acc@5: 100.0000 (100.0000)LR: 1.158e-02
2024-11-21 02:19:59,477 -                train: [    INFO] - Train: 314 [ 200/520]  Loss: 0.3189 (0.335)  Acc@1: 91.6667 (91.9932)  Acc@5: 98.9583 (99.7823)LR: 1.158e-02
2024-11-21 02:20:46,151 -                train: [    INFO] - Train: 314 [ 400/520]  Loss: 0.2533 (0.346)  Acc@1: 95.8333 (91.7238)  Acc@5: 98.9583 (99.7376)LR: 1.158e-02
2024-11-21 02:21:13,592 -                train: [    INFO] - Train: 314 [ 520/520]  Loss: 0.6319 (0.345)  Acc@1: 82.5000 (91.7220)  Acc@5: 98.7500 (99.7580)LR: 1.158e-02
2024-11-21 02:21:13,870 -                train: [    INFO] - Valid: 314 [   0/104]  Loss: 0.1667 (0.167)  Acc@1: 93.7500 (93.7500)  Acc@5: 100.0000 (100.0000)
2024-11-21 02:21:20,011 -                train: [    INFO] - Valid: 314 [ 104/104]  Loss: 0.07230 (0.185)  Acc@1: 100.0000 (94.0300)  Acc@5: 100.0000 (99.9100)
2024-11-21 02:21:20,038 -                train: [    INFO] - valid_acc 94.030003 - best_valid_acc 94.940003
2024-11-21 02:21:20,483 -                train: [    INFO] - Train: 315 [   0/520]  Loss: 0.4168 (0.417)  Acc@1: 89.5833 (89.5833)  Acc@5: 98.9583 (98.9583)LR: 1.152e-02
2024-11-21 02:22:06,585 -                train: [    INFO] - Train: 315 [ 200/520]  Loss: 0.4656 (0.349)  Acc@1: 86.4583 (91.7081)  Acc@5: 100.0000 (99.6942)LR: 1.152e-02
2024-11-21 02:22:52,482 -                train: [    INFO] - Train: 315 [ 400/520]  Loss: 0.2552 (0.347)  Acc@1: 92.7083 (91.7160)  Acc@5: 100.0000 (99.7272)LR: 1.152e-02
2024-11-21 02:23:20,163 -                train: [    INFO] - Train: 315 [ 520/520]  Loss: 0.3174 (0.345)  Acc@1: 91.2500 (91.8100)  Acc@5: 100.0000 (99.7380)LR: 1.152e-02
2024-11-21 02:23:20,407 -                train: [    INFO] - Valid: 315 [   0/104]  Loss: 0.1514 (0.151)  Acc@1: 94.7917 (94.7917)  Acc@5: 100.0000 (100.0000)
2024-11-21 02:23:26,547 -                train: [    INFO] - Valid: 315 [ 104/104]  Loss: 0.1870 (0.169)  Acc@1: 93.7500 (94.5200)  Acc@5: 100.0000 (99.9000)
2024-11-21 02:23:26,573 -                train: [    INFO] - valid_acc 94.520002 - best_valid_acc 94.940003
2024-11-21 02:23:26,971 -                train: [    INFO] - Train: 316 [   0/520]  Loss: 0.3649 (0.365)  Acc@1: 91.6667 (91.6667)  Acc@5: 100.0000 (100.0000)LR: 1.145e-02
2024-11-21 02:24:12,866 -                train: [    INFO] - Train: 316 [ 200/520]  Loss: 0.3818 (0.324)  Acc@1: 89.5833 (92.2005)  Acc@5: 100.0000 (99.8393)LR: 1.145e-02
2024-11-21 02:24:58,653 -                train: [    INFO] - Train: 316 [ 400/520]  Loss: 0.3513 (0.336)  Acc@1: 90.6250 (91.8199)  Acc@5: 100.0000 (99.8026)LR: 1.145e-02
2024-11-21 02:25:26,070 -                train: [    INFO] - Train: 316 [ 520/520]  Loss: 0.4149 (0.340)  Acc@1: 88.7500 (91.8000)  Acc@5: 100.0000 (99.7880)LR: 1.145e-02
2024-11-21 02:25:30,904 -                train: [    INFO] - Valid: 316 [   0/104]  Loss: 0.06448 (0.0645)  Acc@1: 96.8750 (96.8750)  Acc@5: 100.0000 (100.0000)
2024-11-21 02:25:37,333 -                train: [    INFO] - Valid: 316 [ 104/104]  Loss: 0.08993 (0.178)  Acc@1: 93.7500 (94.4100)  Acc@5: 100.0000 (99.9000)
2024-11-21 02:25:40,575 -                train: [    INFO] - valid_acc 94.410002 - best_valid_acc 94.940003
2024-11-21 02:25:41,018 -                train: [    INFO] - Train: 317 [   0/520]  Loss: 0.3098 (0.310)  Acc@1: 93.7500 (93.7500)  Acc@5: 100.0000 (100.0000)LR: 1.139e-02
2024-11-21 02:26:27,014 -                train: [    INFO] - Train: 317 [ 200/520]  Loss: 0.2298 (0.341)  Acc@1: 93.7500 (91.8791)  Acc@5: 100.0000 (99.6631)LR: 1.139e-02
2024-11-21 02:27:12,919 -                train: [    INFO] - Train: 317 [ 400/520]  Loss: 0.3486 (0.341)  Acc@1: 89.5833 (91.8589)  Acc@5: 97.9167 (99.6883)LR: 1.139e-02
2024-11-21 02:27:40,529 -                train: [    INFO] - Train: 317 [ 520/520]  Loss: 0.4161 (0.345)  Acc@1: 90.0000 (91.7800)  Acc@5: 98.7500 (99.7300)LR: 1.139e-02
2024-11-21 02:27:40,789 -                train: [    INFO] - Valid: 317 [   0/104]  Loss: 0.1727 (0.173)  Acc@1: 94.7917 (94.7917)  Acc@5: 100.0000 (100.0000)
2024-11-21 02:27:46,924 -                train: [    INFO] - Valid: 317 [ 104/104]  Loss: 0.3855 (0.192)  Acc@1: 93.7500 (94.0400)  Acc@5: 100.0000 (99.8500)
2024-11-21 02:27:46,964 -                train: [    INFO] - valid_acc 94.040003 - best_valid_acc 94.940003
2024-11-21 02:27:47,416 -                train: [    INFO] - Train: 318 [   0/520]  Loss: 0.4145 (0.415)  Acc@1: 87.5000 (87.5000)  Acc@5: 100.0000 (100.0000)LR: 1.132e-02
2024-11-21 02:28:33,413 -                train: [    INFO] - Train: 318 [ 200/520]  Loss: 0.3450 (0.337)  Acc@1: 92.7083 (91.8999)  Acc@5: 100.0000 (99.7616)LR: 1.132e-02
2024-11-21 02:29:19,293 -                train: [    INFO] - Train: 318 [ 400/520]  Loss: 0.3617 (0.333)  Acc@1: 91.6667 (92.0355)  Acc@5: 100.0000 (99.7766)LR: 1.132e-02
2024-11-21 02:29:46,771 -                train: [    INFO] - Train: 318 [ 520/520]  Loss: 0.8755 (0.335)  Acc@1: 80.0000 (92.0120)  Acc@5: 100.0000 (99.7760)LR: 1.132e-02
2024-11-21 02:29:47,006 -                train: [    INFO] - Valid: 318 [   0/104]  Loss: 0.3419 (0.342)  Acc@1: 90.6250 (90.6250)  Acc@5: 100.0000 (100.0000)
2024-11-21 02:29:53,154 -                train: [    INFO] - Valid: 318 [ 104/104]  Loss: 0.5529 (0.204)  Acc@1: 87.5000 (93.5600)  Acc@5: 100.0000 (99.8900)
2024-11-21 02:29:53,182 -                train: [    INFO] - valid_acc 93.560003 - best_valid_acc 94.940003
2024-11-21 02:29:53,614 -                train: [    INFO] - Train: 319 [   0/520]  Loss: 0.3508 (0.351)  Acc@1: 89.5833 (89.5833)  Acc@5: 100.0000 (100.0000)LR: 1.126e-02
2024-11-21 02:30:39,428 -                train: [    INFO] - Train: 319 [ 200/520]  Loss: 0.3432 (0.325)  Acc@1: 91.6667 (92.0605)  Acc@5: 100.0000 (99.7668)LR: 1.126e-02
2024-11-21 02:31:25,156 -                train: [    INFO] - Train: 319 [ 400/520]  Loss: 0.3514 (0.331)  Acc@1: 91.6667 (91.9083)  Acc@5: 100.0000 (99.7818)LR: 1.126e-02
2024-11-21 02:31:52,598 -                train: [    INFO] - Train: 319 [ 520/520]  Loss: 0.1970 (0.334)  Acc@1: 93.7500 (91.8560)  Acc@5: 100.0000 (99.7820)LR: 1.126e-02
2024-11-21 02:31:52,840 -                train: [    INFO] - Valid: 319 [   0/104]  Loss: 0.1666 (0.167)  Acc@1: 93.7500 (93.7500)  Acc@5: 100.0000 (100.0000)
2024-11-21 02:31:58,979 -                train: [    INFO] - Valid: 319 [ 104/104]  Loss: 0.5024 (0.177)  Acc@1: 93.7500 (94.6400)  Acc@5: 100.0000 (99.9300)
2024-11-21 02:31:59,010 -                train: [    INFO] - valid_acc 94.640003 - best_valid_acc 94.940003
2024-11-21 02:31:59,451 -                train: [    INFO] - Train: 320 [   0/520]  Loss: 0.4853 (0.485)  Acc@1: 89.5833 (89.5833)  Acc@5: 98.9583 (98.9583)LR: 1.119e-02
2024-11-21 02:32:45,930 -                train: [    INFO] - Train: 320 [ 200/520]  Loss: 0.3801 (0.334)  Acc@1: 89.5833 (91.9310)  Acc@5: 100.0000 (99.7512)LR: 1.119e-02
2024-11-21 02:33:31,921 -                train: [    INFO] - Train: 320 [ 400/520]  Loss: 0.2193 (0.332)  Acc@1: 94.7917 (91.9342)  Acc@5: 100.0000 (99.7558)LR: 1.119e-02
2024-11-21 02:33:59,329 -                train: [    INFO] - Train: 320 [ 520/520]  Loss: 0.5912 (0.330)  Acc@1: 88.7500 (92.0120)  Acc@5: 98.7500 (99.7580)LR: 1.119e-02
2024-11-21 02:33:59,569 -                train: [    INFO] - Valid: 320 [   0/104]  Loss: 0.2197 (0.220)  Acc@1: 92.7083 (92.7083)  Acc@5: 100.0000 (100.0000)
2024-11-21 02:34:05,734 -                train: [    INFO] - Valid: 320 [ 104/104]  Loss: 0.4547 (0.191)  Acc@1: 93.7500 (94.2500)  Acc@5: 100.0000 (99.8400)
2024-11-21 02:34:05,762 -                train: [    INFO] - valid_acc 94.250002 - best_valid_acc 94.940003
2024-11-21 02:34:06,206 -                train: [    INFO] - Train: 321 [   0/520]  Loss: 0.3525 (0.352)  Acc@1: 91.6667 (91.6667)  Acc@5: 100.0000 (100.0000)LR: 1.113e-02
2024-11-21 02:34:52,242 -                train: [    INFO] - Train: 321 [ 200/520]  Loss: 0.2819 (0.340)  Acc@1: 88.5417 (91.7703)  Acc@5: 100.0000 (99.7461)LR: 1.113e-02
2024-11-21 02:35:37,966 -                train: [    INFO] - Train: 321 [ 400/520]  Loss: 0.3531 (0.341)  Acc@1: 90.6250 (91.7472)  Acc@5: 98.9583 (99.7402)LR: 1.113e-02
2024-11-21 02:36:05,379 -                train: [    INFO] - Train: 321 [ 520/520]  Loss: 0.4175 (0.342)  Acc@1: 93.7500 (91.8060)  Acc@5: 98.7500 (99.7460)LR: 1.113e-02
2024-11-21 02:36:05,617 -                train: [    INFO] - Valid: 321 [   0/104]  Loss: 0.2065 (0.207)  Acc@1: 91.6667 (91.6667)  Acc@5: 100.0000 (100.0000)
2024-11-21 02:36:11,751 -                train: [    INFO] - Valid: 321 [ 104/104]  Loss: 0.4002 (0.190)  Acc@1: 93.7500 (93.7200)  Acc@5: 100.0000 (99.9000)
2024-11-21 02:36:11,777 -                train: [    INFO] - valid_acc 93.720003 - best_valid_acc 94.940003
2024-11-21 02:36:12,229 -                train: [    INFO] - Train: 322 [   0/520]  Loss: 0.3947 (0.395)  Acc@1: 89.5833 (89.5833)  Acc@5: 100.0000 (100.0000)LR: 1.106e-02
2024-11-21 02:36:58,183 -                train: [    INFO] - Train: 322 [ 200/520]  Loss: 0.3026 (0.339)  Acc@1: 93.7500 (91.9154)  Acc@5: 100.0000 (99.6942)LR: 1.106e-02
2024-11-21 02:37:44,004 -                train: [    INFO] - Train: 322 [ 400/520]  Loss: 0.3695 (0.338)  Acc@1: 88.5417 (91.7628)  Acc@5: 100.0000 (99.7532)LR: 1.106e-02
2024-11-21 02:38:11,500 -                train: [    INFO] - Train: 322 [ 520/520]  Loss: 0.4382 (0.341)  Acc@1: 88.7500 (91.8000)  Acc@5: 100.0000 (99.7280)LR: 1.106e-02
2024-11-21 02:38:11,736 -                train: [    INFO] - Valid: 322 [   0/104]  Loss: 0.07274 (0.0727)  Acc@1: 97.9167 (97.9167)  Acc@5: 100.0000 (100.0000)
2024-11-21 02:38:17,870 -                train: [    INFO] - Valid: 322 [ 104/104]  Loss: 0.2734 (0.172)  Acc@1: 81.2500 (94.4400)  Acc@5: 100.0000 (99.9400)
2024-11-21 02:38:17,895 -                train: [    INFO] - valid_acc 94.440003 - best_valid_acc 94.940003
2024-11-21 02:38:18,304 -                train: [    INFO] - Train: 323 [   0/520]  Loss: 0.3858 (0.386)  Acc@1: 93.7500 (93.7500)  Acc@5: 98.9583 (98.9583)LR: 1.100e-02
2024-11-21 02:39:04,404 -                train: [    INFO] - Train: 323 [ 200/520]  Loss: 0.3697 (0.325)  Acc@1: 94.7917 (92.2056)  Acc@5: 100.0000 (99.7668)LR: 1.100e-02
2024-11-21 02:39:50,178 -                train: [    INFO] - Train: 323 [ 400/520]  Loss: 0.3654 (0.332)  Acc@1: 91.6667 (92.1654)  Acc@5: 100.0000 (99.7714)LR: 1.100e-02
2024-11-21 02:40:17,522 -                train: [    INFO] - Train: 323 [ 520/520]  Loss: 0.2781 (0.336)  Acc@1: 92.5000 (92.0000)  Acc@5: 100.0000 (99.7540)LR: 1.100e-02
2024-11-21 02:40:17,785 -                train: [    INFO] - Valid: 323 [   0/104]  Loss: 0.2102 (0.210)  Acc@1: 92.7083 (92.7083)  Acc@5: 100.0000 (100.0000)
2024-11-21 02:40:23,919 -                train: [    INFO] - Valid: 323 [ 104/104]  Loss: 0.1675 (0.176)  Acc@1: 93.7500 (94.5200)  Acc@5: 100.0000 (99.8700)
2024-11-21 02:40:25,343 -                train: [    INFO] - valid_acc 94.520003 - best_valid_acc 94.940003
2024-11-21 02:40:25,791 -                train: [    INFO] - Train: 324 [   0/520]  Loss: 0.1903 (0.190)  Acc@1: 92.7083 (92.7083)  Acc@5: 100.0000 (100.0000)LR: 1.093e-02
2024-11-21 02:41:11,612 -                train: [    INFO] - Train: 324 [ 200/520]  Loss: 0.3604 (0.320)  Acc@1: 90.6250 (92.4026)  Acc@5: 100.0000 (99.7616)LR: 1.093e-02
2024-11-21 02:41:57,446 -                train: [    INFO] - Train: 324 [ 400/520]  Loss: 0.6732 (0.335)  Acc@1: 84.3750 (92.0355)  Acc@5: 98.9583 (99.7428)LR: 1.093e-02
2024-11-21 02:42:24,891 -                train: [    INFO] - Train: 324 [ 520/520]  Loss: 0.2304 (0.333)  Acc@1: 96.2500 (92.0300)  Acc@5: 100.0000 (99.7660)LR: 1.093e-02
2024-11-21 02:42:25,140 -                train: [    INFO] - Valid: 324 [   0/104]  Loss: 0.2709 (0.271)  Acc@1: 93.7500 (93.7500)  Acc@5: 100.0000 (100.0000)
2024-11-21 02:42:31,274 -                train: [    INFO] - Valid: 324 [ 104/104]  Loss: 0.4517 (0.156)  Acc@1: 93.7500 (95.0200)  Acc@5: 100.0000 (99.9100)
2024-11-21 02:42:31,860 -                train: [    INFO] - valid_acc 95.020002 - best_valid_acc 95.020002
2024-11-21 02:42:32,355 -                train: [    INFO] - Train: 325 [   0/520]  Loss: 0.3794 (0.379)  Acc@1: 90.6250 (90.6250)  Acc@5: 98.9583 (98.9583)LR: 1.087e-02
2024-11-21 02:43:18,457 -                train: [    INFO] - Train: 325 [ 200/520]  Loss: 0.4375 (0.323)  Acc@1: 89.5833 (92.3248)  Acc@5: 100.0000 (99.6787)LR: 1.087e-02
2024-11-21 02:44:04,490 -                train: [    INFO] - Train: 325 [ 400/520]  Loss: 0.3521 (0.331)  Acc@1: 92.7083 (92.0875)  Acc@5: 100.0000 (99.6753)LR: 1.087e-02
2024-11-21 02:44:31,855 -                train: [    INFO] - Train: 325 [ 520/520]  Loss: 0.3222 (0.330)  Acc@1: 92.5000 (92.1180)  Acc@5: 100.0000 (99.7060)LR: 1.087e-02
2024-11-21 02:44:32,092 -                train: [    INFO] - Valid: 325 [   0/104]  Loss: 0.2515 (0.251)  Acc@1: 92.7083 (92.7083)  Acc@5: 100.0000 (100.0000)
2024-11-21 02:44:38,216 -                train: [    INFO] - Valid: 325 [ 104/104]  Loss: 0.2640 (0.168)  Acc@1: 87.5000 (94.7700)  Acc@5: 100.0000 (99.8300)
2024-11-21 02:44:39,156 -                train: [    INFO] - valid_acc 94.770003 - best_valid_acc 95.020002
2024-11-21 02:44:39,570 -                train: [    INFO] - Train: 326 [   0/520]  Loss: 0.2758 (0.276)  Acc@1: 93.7500 (93.7500)  Acc@5: 100.0000 (100.0000)LR: 1.080e-02
2024-11-21 02:45:25,338 -                train: [    INFO] - Train: 326 [ 200/520]  Loss: 0.3994 (0.331)  Acc@1: 90.6250 (91.9932)  Acc@5: 100.0000 (99.7772)LR: 1.080e-02
2024-11-21 02:46:11,101 -                train: [    INFO] - Train: 326 [ 400/520]  Loss: 0.2483 (0.332)  Acc@1: 94.7917 (92.0277)  Acc@5: 100.0000 (99.7428)LR: 1.080e-02
2024-11-21 02:46:38,504 -                train: [    INFO] - Train: 326 [ 520/520]  Loss: 0.3282 (0.331)  Acc@1: 90.0000 (92.0140)  Acc@5: 100.0000 (99.7500)LR: 1.080e-02
2024-11-21 02:46:40,174 -                train: [    INFO] - Valid: 326 [   0/104]  Loss: 0.1943 (0.194)  Acc@1: 93.7500 (93.7500)  Acc@5: 100.0000 (100.0000)
2024-11-21 02:46:46,299 -                train: [    INFO] - Valid: 326 [ 104/104]  Loss: 0.4093 (0.178)  Acc@1: 93.7500 (94.4900)  Acc@5: 100.0000 (99.8700)
2024-11-21 02:46:46,342 -                train: [    INFO] - valid_acc 94.490003 - best_valid_acc 95.020002
2024-11-21 02:46:46,743 -                train: [    INFO] - Train: 327 [   0/520]  Loss: 0.2677 (0.268)  Acc@1: 94.7917 (94.7917)  Acc@5: 100.0000 (100.0000)LR: 1.074e-02
2024-11-21 02:47:32,394 -                train: [    INFO] - Train: 327 [ 200/520]  Loss: 0.3368 (0.319)  Acc@1: 90.6250 (92.3818)  Acc@5: 100.0000 (99.8031)LR: 1.074e-02
2024-11-21 02:48:18,181 -                train: [    INFO] - Train: 327 [ 400/520]  Loss: 0.6005 (0.324)  Acc@1: 88.5417 (92.2330)  Acc@5: 100.0000 (99.7844)LR: 1.074e-02
2024-11-21 02:48:45,772 -                train: [    INFO] - Train: 327 [ 520/520]  Loss: 0.4067 (0.325)  Acc@1: 91.2500 (92.2080)  Acc@5: 98.7500 (99.7940)LR: 1.074e-02
2024-11-21 02:48:46,043 -                train: [    INFO] - Valid: 327 [   0/104]  Loss: 0.1242 (0.124)  Acc@1: 94.7917 (94.7917)  Acc@5: 100.0000 (100.0000)
2024-11-21 02:48:52,180 -                train: [    INFO] - Valid: 327 [ 104/104]  Loss: 0.3935 (0.164)  Acc@1: 93.7500 (95.0300)  Acc@5: 100.0000 (99.8300)
2024-11-21 02:48:52,693 -                train: [    INFO] - valid_acc 95.030002 - best_valid_acc 95.030002
2024-11-21 02:48:53,136 -                train: [    INFO] - Train: 328 [   0/520]  Loss: 0.2061 (0.206)  Acc@1: 91.6667 (91.6667)  Acc@5: 100.0000 (100.0000)LR: 1.067e-02
2024-11-21 02:49:39,942 -                train: [    INFO] - Train: 328 [ 200/520]  Loss: 0.2178 (0.311)  Acc@1: 95.8333 (92.5529)  Acc@5: 100.0000 (99.7823)LR: 1.067e-02
2024-11-21 02:50:25,989 -                train: [    INFO] - Train: 328 [ 400/520]  Loss: 0.3346 (0.324)  Acc@1: 91.6667 (92.1784)  Acc@5: 100.0000 (99.7688)LR: 1.067e-02
2024-11-21 02:50:53,550 -                train: [    INFO] - Train: 328 [ 520/520]  Loss: 0.2986 (0.326)  Acc@1: 91.2500 (92.1580)  Acc@5: 98.7500 (99.7760)LR: 1.067e-02
2024-11-21 02:50:53,824 -                train: [    INFO] - Valid: 328 [   0/104]  Loss: 0.1998 (0.200)  Acc@1: 92.7083 (92.7083)  Acc@5: 100.0000 (100.0000)
2024-11-21 02:50:59,980 -                train: [    INFO] - Valid: 328 [ 104/104]  Loss: 0.2120 (0.177)  Acc@1: 87.5000 (94.3400)  Acc@5: 100.0000 (99.8500)
2024-11-21 02:51:00,012 -                train: [    INFO] - valid_acc 94.340002 - best_valid_acc 95.030002
2024-11-21 02:51:00,512 -                train: [    INFO] - Train: 329 [   0/520]  Loss: 0.4283 (0.428)  Acc@1: 88.5417 (88.5417)  Acc@5: 100.0000 (100.0000)LR: 1.061e-02
2024-11-21 02:51:46,943 -                train: [    INFO] - Train: 329 [ 200/520]  Loss: 0.3539 (0.318)  Acc@1: 92.7083 (92.3197)  Acc@5: 100.0000 (99.8134)LR: 1.061e-02
2024-11-21 02:52:33,121 -                train: [    INFO] - Train: 329 [ 400/520]  Loss: 0.2355 (0.319)  Acc@1: 93.7500 (92.3057)  Acc@5: 100.0000 (99.8000)LR: 1.061e-02
2024-11-21 02:53:00,797 -                train: [    INFO] - Train: 329 [ 520/520]  Loss: 0.5268 (0.326)  Acc@1: 86.2500 (92.1240)  Acc@5: 100.0000 (99.7960)LR: 1.061e-02
2024-11-21 02:53:01,061 -                train: [    INFO] - Valid: 329 [   0/104]  Loss: 0.09248 (0.0925)  Acc@1: 95.8333 (95.8333)  Acc@5: 100.0000 (100.0000)
2024-11-21 02:53:07,193 -                train: [    INFO] - Valid: 329 [ 104/104]  Loss: 0.05954 (0.176)  Acc@1: 93.7500 (94.3100)  Acc@5: 100.0000 (99.8800)
2024-11-21 02:53:07,231 -                train: [    INFO] - valid_acc 94.310002 - best_valid_acc 95.030002
2024-11-21 02:53:07,681 -                train: [    INFO] - Train: 330 [   0/520]  Loss: 0.2799 (0.280)  Acc@1: 92.7083 (92.7083)  Acc@5: 98.9583 (98.9583)LR: 1.054e-02
2024-11-21 02:53:53,858 -                train: [    INFO] - Train: 330 [ 200/520]  Loss: 0.2243 (0.325)  Acc@1: 93.7500 (92.3041)  Acc@5: 100.0000 (99.7409)LR: 1.054e-02
2024-11-21 02:54:40,063 -                train: [    INFO] - Train: 330 [ 400/520]  Loss: 0.2627 (0.326)  Acc@1: 92.7083 (92.2252)  Acc@5: 100.0000 (99.7740)LR: 1.054e-02
2024-11-21 02:55:07,562 -                train: [    INFO] - Train: 330 [ 520/520]  Loss: 0.3006 (0.327)  Acc@1: 92.5000 (92.1520)  Acc@5: 100.0000 (99.7720)LR: 1.054e-02
2024-11-21 02:55:07,813 -                train: [    INFO] - Valid: 330 [   0/104]  Loss: 0.1989 (0.199)  Acc@1: 94.7917 (94.7917)  Acc@5: 100.0000 (100.0000)
2024-11-21 02:55:13,949 -                train: [    INFO] - Valid: 330 [ 104/104]  Loss: 0.6240 (0.172)  Acc@1: 93.7500 (94.5400)  Acc@5: 100.0000 (99.9000)
2024-11-21 02:55:13,977 -                train: [    INFO] - valid_acc 94.540002 - best_valid_acc 95.030002
2024-11-21 02:55:14,392 -                train: [    INFO] - Train: 331 [   0/520]  Loss: 0.2899 (0.290)  Acc@1: 90.6250 (90.6250)  Acc@5: 100.0000 (100.0000)LR: 1.048e-02
2024-11-21 02:56:00,242 -                train: [    INFO] - Train: 331 [ 200/520]  Loss: 0.4249 (0.321)  Acc@1: 92.7083 (92.2730)  Acc@5: 100.0000 (99.7098)LR: 1.048e-02
2024-11-21 02:56:45,954 -                train: [    INFO] - Train: 331 [ 400/520]  Loss: 0.2068 (0.318)  Acc@1: 92.7083 (92.4018)  Acc@5: 100.0000 (99.7610)LR: 1.048e-02
2024-11-21 02:57:13,216 -                train: [    INFO] - Train: 331 [ 520/520]  Loss: 0.3093 (0.323)  Acc@1: 95.0000 (92.2260)  Acc@5: 98.7500 (99.7580)LR: 1.048e-02
2024-11-21 02:57:13,473 -                train: [    INFO] - Valid: 331 [   0/104]  Loss: 0.1658 (0.166)  Acc@1: 95.8333 (95.8333)  Acc@5: 100.0000 (100.0000)
2024-11-21 02:57:19,607 -                train: [    INFO] - Valid: 331 [ 104/104]  Loss: 0.4410 (0.168)  Acc@1: 93.7500 (94.7400)  Acc@5: 100.0000 (99.8400)
2024-11-21 02:57:19,630 -                train: [    INFO] - valid_acc 94.740002 - best_valid_acc 95.030002
2024-11-21 02:57:20,071 -                train: [    INFO] - Train: 332 [   0/520]  Loss: 0.3943 (0.394)  Acc@1: 92.7083 (92.7083)  Acc@5: 97.9167 (97.9167)LR: 1.042e-02
2024-11-21 02:58:05,785 -                train: [    INFO] - Train: 332 [ 200/520]  Loss: 0.2648 (0.315)  Acc@1: 94.7917 (92.3922)  Acc@5: 100.0000 (99.8186)LR: 1.042e-02
2024-11-21 02:58:51,721 -                train: [    INFO] - Train: 332 [ 400/520]  Loss: 0.2283 (0.326)  Acc@1: 92.7083 (92.0693)  Acc@5: 100.0000 (99.8156)LR: 1.042e-02
2024-11-21 02:59:19,333 -                train: [    INFO] - Train: 332 [ 520/520]  Loss: 0.4880 (0.326)  Acc@1: 86.2500 (92.1000)  Acc@5: 97.5000 (99.7960)LR: 1.042e-02
2024-11-21 02:59:19,575 -                train: [    INFO] - Valid: 332 [   0/104]  Loss: 0.1550 (0.155)  Acc@1: 91.6667 (91.6667)  Acc@5: 100.0000 (100.0000)
2024-11-21 02:59:25,707 -                train: [    INFO] - Valid: 332 [ 104/104]  Loss: 0.1891 (0.173)  Acc@1: 87.5000 (94.6700)  Acc@5: 100.0000 (99.8900)
2024-11-21 02:59:25,736 -                train: [    INFO] - valid_acc 94.670003 - best_valid_acc 95.030002
2024-11-21 02:59:26,136 -                train: [    INFO] - Train: 333 [   0/520]  Loss: 0.1706 (0.171)  Acc@1: 94.7917 (94.7917)  Acc@5: 100.0000 (100.0000)LR: 1.035e-02
2024-11-21 03:00:11,903 -                train: [    INFO] - Train: 333 [ 200/520]  Loss: 0.1784 (0.309)  Acc@1: 94.7917 (92.4544)  Acc@5: 100.0000 (99.7979)LR: 1.035e-02
2024-11-21 03:00:57,729 -                train: [    INFO] - Train: 333 [ 400/520]  Loss: 0.1356 (0.319)  Acc@1: 95.8333 (92.2382)  Acc@5: 100.0000 (99.8026)LR: 1.035e-02
2024-11-21 03:01:25,046 -                train: [    INFO] - Train: 333 [ 520/520]  Loss: 0.2134 (0.323)  Acc@1: 95.0000 (92.1660)  Acc@5: 100.0000 (99.7800)LR: 1.035e-02
2024-11-21 03:01:25,278 -                train: [    INFO] - Valid: 333 [   0/104]  Loss: 0.2396 (0.240)  Acc@1: 90.6250 (90.6250)  Acc@5: 100.0000 (100.0000)
2024-11-21 03:01:31,419 -                train: [    INFO] - Valid: 333 [ 104/104]  Loss: 0.2359 (0.192)  Acc@1: 93.7500 (93.8100)  Acc@5: 100.0000 (99.9000)
2024-11-21 03:01:31,445 -                train: [    INFO] - valid_acc 93.810002 - best_valid_acc 95.030002
2024-11-21 03:01:31,893 -                train: [    INFO] - Train: 334 [   0/520]  Loss: 0.2505 (0.251)  Acc@1: 95.8333 (95.8333)  Acc@5: 100.0000 (100.0000)LR: 1.029e-02
2024-11-21 03:02:17,768 -                train: [    INFO] - Train: 334 [ 200/520]  Loss: 0.2146 (0.318)  Acc@1: 96.8750 (92.4285)  Acc@5: 100.0000 (99.7616)LR: 1.029e-02
2024-11-21 03:03:03,497 -                train: [    INFO] - Train: 334 [ 400/520]  Loss: 0.2987 (0.326)  Acc@1: 94.7917 (92.1654)  Acc@5: 98.9583 (99.7584)LR: 1.029e-02
2024-11-21 03:03:31,132 -                train: [    INFO] - Train: 334 [ 520/520]  Loss: 0.3592 (0.325)  Acc@1: 91.2500 (92.1780)  Acc@5: 100.0000 (99.7560)LR: 1.029e-02
2024-11-21 03:03:31,396 -                train: [    INFO] - Valid: 334 [   0/104]  Loss: 0.1693 (0.169)  Acc@1: 95.8333 (95.8333)  Acc@5: 100.0000 (100.0000)
2024-11-21 03:03:37,526 -                train: [    INFO] - Valid: 334 [ 104/104]  Loss: 0.01593 (0.171)  Acc@1: 100.0000 (94.7100)  Acc@5: 100.0000 (99.8600)
2024-11-21 03:03:37,553 -                train: [    INFO] - valid_acc 94.710002 - best_valid_acc 95.030002
2024-11-21 03:03:37,975 -                train: [    INFO] - Train: 335 [   0/520]  Loss: 0.1810 (0.181)  Acc@1: 95.8333 (95.8333)  Acc@5: 100.0000 (100.0000)LR: 1.022e-02
2024-11-21 03:04:24,754 -                train: [    INFO] - Train: 335 [ 200/520]  Loss: 0.3278 (0.303)  Acc@1: 90.6250 (92.6513)  Acc@5: 100.0000 (99.7875)LR: 1.022e-02
2024-11-21 03:05:11,786 -                train: [    INFO] - Train: 335 [ 400/520]  Loss: 0.3399 (0.310)  Acc@1: 92.7083 (92.5447)  Acc@5: 100.0000 (99.7714)LR: 1.022e-02
2024-11-21 03:05:39,616 -                train: [    INFO] - Train: 335 [ 520/520]  Loss: 0.2223 (0.315)  Acc@1: 97.5000 (92.3720)  Acc@5: 100.0000 (99.7600)LR: 1.022e-02
2024-11-21 03:05:39,851 -                train: [    INFO] - Valid: 335 [   0/104]  Loss: 0.1925 (0.193)  Acc@1: 93.7500 (93.7500)  Acc@5: 100.0000 (100.0000)
2024-11-21 03:05:45,985 -                train: [    INFO] - Valid: 335 [ 104/104]  Loss: 0.3071 (0.191)  Acc@1: 87.5000 (94.0300)  Acc@5: 100.0000 (99.8400)
2024-11-21 03:05:46,053 -                train: [    INFO] - valid_acc 94.030003 - best_valid_acc 95.030002
2024-11-21 03:05:46,466 -                train: [    INFO] - Train: 336 [   0/520]  Loss: 0.2194 (0.219)  Acc@1: 92.7083 (92.7083)  Acc@5: 100.0000 (100.0000)LR: 1.016e-02
2024-11-21 03:06:32,280 -                train: [    INFO] - Train: 336 [ 200/520]  Loss: 0.3265 (0.312)  Acc@1: 90.6250 (92.3870)  Acc@5: 100.0000 (99.8342)LR: 1.016e-02
2024-11-21 03:07:18,227 -                train: [    INFO] - Train: 336 [ 400/520]  Loss: 0.1907 (0.313)  Acc@1: 96.8750 (92.4590)  Acc@5: 100.0000 (99.8000)LR: 1.016e-02
2024-11-21 03:07:45,608 -                train: [    INFO] - Train: 336 [ 520/520]  Loss: 0.3288 (0.316)  Acc@1: 93.7500 (92.4080)  Acc@5: 98.7500 (99.7880)LR: 1.016e-02
2024-11-21 03:07:46,277 -                train: [    INFO] - Valid: 336 [   0/104]  Loss: 0.1236 (0.124)  Acc@1: 95.8333 (95.8333)  Acc@5: 100.0000 (100.0000)
2024-11-21 03:07:52,419 -                train: [    INFO] - Valid: 336 [ 104/104]  Loss: 0.1811 (0.184)  Acc@1: 93.7500 (94.3500)  Acc@5: 100.0000 (99.8700)
2024-11-21 03:07:52,449 -                train: [    INFO] - valid_acc 94.350003 - best_valid_acc 95.030002
2024-11-21 03:07:52,875 -                train: [    INFO] - Train: 337 [   0/520]  Loss: 0.3115 (0.311)  Acc@1: 92.7083 (92.7083)  Acc@5: 100.0000 (100.0000)LR: 1.009e-02
2024-11-21 03:08:38,573 -                train: [    INFO] - Train: 337 [ 200/520]  Loss: 0.3327 (0.290)  Acc@1: 94.7917 (93.0659)  Acc@5: 100.0000 (99.8186)LR: 1.009e-02
2024-11-21 03:09:24,409 -                train: [    INFO] - Train: 337 [ 400/520]  Loss: 0.3545 (0.312)  Acc@1: 92.7083 (92.5603)  Acc@5: 100.0000 (99.7896)LR: 1.009e-02
2024-11-21 03:09:51,764 -                train: [    INFO] - Train: 337 [ 520/520]  Loss: 0.2643 (0.317)  Acc@1: 91.2500 (92.5180)  Acc@5: 100.0000 (99.7780)LR: 1.009e-02
2024-11-21 03:09:52,043 -                train: [    INFO] - Valid: 337 [   0/104]  Loss: 0.2244 (0.224)  Acc@1: 92.7083 (92.7083)  Acc@5: 100.0000 (100.0000)
2024-11-21 03:09:58,173 -                train: [    INFO] - Valid: 337 [ 104/104]  Loss: 0.4423 (0.166)  Acc@1: 93.7500 (94.8200)  Acc@5: 100.0000 (99.8600)
2024-11-21 03:09:58,266 -                train: [    INFO] - valid_acc 94.820002 - best_valid_acc 95.030002
2024-11-21 03:09:58,696 -                train: [    INFO] - Train: 338 [   0/520]  Loss: 0.4590 (0.459)  Acc@1: 88.5417 (88.5417)  Acc@5: 100.0000 (100.0000)LR: 1.003e-02
2024-11-21 03:10:44,404 -                train: [    INFO] - Train: 338 [ 200/520]  Loss: 0.3132 (0.316)  Acc@1: 91.6667 (92.3456)  Acc@5: 100.0000 (99.7875)LR: 1.003e-02
2024-11-21 03:11:30,055 -                train: [    INFO] - Train: 338 [ 400/520]  Loss: 0.1685 (0.320)  Acc@1: 95.8333 (92.3083)  Acc@5: 100.0000 (99.7896)LR: 1.003e-02
2024-11-21 03:11:57,443 -                train: [    INFO] - Train: 338 [ 520/520]  Loss: 0.2656 (0.319)  Acc@1: 92.5000 (92.3240)  Acc@5: 100.0000 (99.7980)LR: 1.003e-02
2024-11-21 03:11:57,728 -                train: [    INFO] - Valid: 338 [   0/104]  Loss: 0.2043 (0.204)  Acc@1: 94.7917 (94.7917)  Acc@5: 100.0000 (100.0000)
2024-11-21 03:12:03,863 -                train: [    INFO] - Valid: 338 [ 104/104]  Loss: 0.008002 (0.167)  Acc@1: 100.0000 (94.9600)  Acc@5: 100.0000 (99.8800)
2024-11-21 03:12:03,890 -                train: [    INFO] - valid_acc 94.960002 - best_valid_acc 95.030002
2024-11-21 03:12:04,329 -                train: [    INFO] - Train: 339 [   0/520]  Loss: 0.2841 (0.284)  Acc@1: 92.7083 (92.7083)  Acc@5: 100.0000 (100.0000)LR: 9.965e-03
2024-11-21 03:12:51,224 -                train: [    INFO] - Train: 339 [ 200/520]  Loss: 0.4115 (0.319)  Acc@1: 90.6250 (92.2782)  Acc@5: 100.0000 (99.8186)LR: 9.965e-03
2024-11-21 03:13:37,655 -                train: [    INFO] - Train: 339 [ 400/520]  Loss: 0.2811 (0.314)  Acc@1: 93.7500 (92.4148)  Acc@5: 100.0000 (99.8052)LR: 9.965e-03
2024-11-21 03:14:05,331 -                train: [    INFO] - Train: 339 [ 520/520]  Loss: 0.2179 (0.314)  Acc@1: 96.2500 (92.4660)  Acc@5: 100.0000 (99.7900)LR: 9.965e-03
2024-11-21 03:14:05,587 -                train: [    INFO] - Valid: 339 [   0/104]  Loss: 0.1773 (0.177)  Acc@1: 93.7500 (93.7500)  Acc@5: 100.0000 (100.0000)
2024-11-21 03:14:11,734 -                train: [    INFO] - Valid: 339 [ 104/104]  Loss: 0.08092 (0.169)  Acc@1: 93.7500 (94.7700)  Acc@5: 100.0000 (99.9000)
2024-11-21 03:14:11,763 -                train: [    INFO] - valid_acc 94.770002 - best_valid_acc 95.030002
2024-11-21 03:14:12,248 -                train: [    INFO] - Train: 340 [   0/520]  Loss: 0.2295 (0.229)  Acc@1: 93.7500 (93.7500)  Acc@5: 100.0000 (100.0000)LR: 9.901e-03
2024-11-21 03:14:58,182 -                train: [    INFO] - Train: 340 [ 200/520]  Loss: 0.4326 (0.309)  Acc@1: 91.6667 (92.5891)  Acc@5: 100.0000 (99.8083)LR: 9.901e-03
2024-11-21 03:15:43,773 -                train: [    INFO] - Train: 340 [ 400/520]  Loss: 0.3127 (0.312)  Acc@1: 91.6667 (92.5083)  Acc@5: 100.0000 (99.7896)LR: 9.901e-03
2024-11-21 03:16:11,217 -                train: [    INFO] - Train: 340 [ 520/520]  Loss: 0.3112 (0.312)  Acc@1: 90.0000 (92.5320)  Acc@5: 100.0000 (99.7740)LR: 9.901e-03
2024-11-21 03:16:11,522 -                train: [    INFO] - Valid: 340 [   0/104]  Loss: 0.1803 (0.180)  Acc@1: 94.7917 (94.7917)  Acc@5: 100.0000 (100.0000)
2024-11-21 03:16:17,659 -                train: [    INFO] - Valid: 340 [ 104/104]  Loss: 0.4139 (0.175)  Acc@1: 87.5000 (94.6700)  Acc@5: 100.0000 (99.9000)
2024-11-21 03:16:17,684 -                train: [    INFO] - valid_acc 94.670002 - best_valid_acc 95.030002
2024-11-21 03:16:18,215 -                train: [    INFO] - Train: 341 [   0/520]  Loss: 0.2509 (0.251)  Acc@1: 94.7917 (94.7917)  Acc@5: 100.0000 (100.0000)LR: 9.837e-03
2024-11-21 03:17:04,258 -                train: [    INFO] - Train: 341 [ 200/520]  Loss: 0.2425 (0.307)  Acc@1: 93.7500 (92.6254)  Acc@5: 100.0000 (99.7927)LR: 9.837e-03
2024-11-21 03:17:50,723 -                train: [    INFO] - Train: 341 [ 400/520]  Loss: 0.3636 (0.316)  Acc@1: 89.5833 (92.3135)  Acc@5: 100.0000 (99.8130)LR: 9.837e-03
2024-11-21 03:18:18,466 -                train: [    INFO] - Train: 341 [ 520/520]  Loss: 0.2309 (0.316)  Acc@1: 93.7500 (92.3780)  Acc@5: 100.0000 (99.8020)LR: 9.837e-03
2024-11-21 03:18:18,718 -                train: [    INFO] - Valid: 341 [   0/104]  Loss: 0.1435 (0.143)  Acc@1: 94.7917 (94.7917)  Acc@5: 100.0000 (100.0000)
2024-11-21 03:18:24,854 -                train: [    INFO] - Valid: 341 [ 104/104]  Loss: 0.5316 (0.164)  Acc@1: 81.2500 (94.9800)  Acc@5: 100.0000 (99.8600)
2024-11-21 03:18:24,910 -                train: [    INFO] - valid_acc 94.980003 - best_valid_acc 95.030002
2024-11-21 03:18:25,334 -                train: [    INFO] - Train: 342 [   0/520]  Loss: 0.3208 (0.321)  Acc@1: 91.6667 (91.6667)  Acc@5: 100.0000 (100.0000)LR: 9.773e-03
2024-11-21 03:19:12,003 -                train: [    INFO] - Train: 342 [ 200/520]  Loss: 0.1665 (0.299)  Acc@1: 97.9167 (92.8586)  Acc@5: 100.0000 (99.8549)LR: 9.773e-03
2024-11-21 03:19:57,966 -                train: [    INFO] - Train: 342 [ 400/520]  Loss: 0.2079 (0.302)  Acc@1: 94.7917 (92.7629)  Acc@5: 100.0000 (99.8208)LR: 9.773e-03
2024-11-21 03:20:25,635 -                train: [    INFO] - Train: 342 [ 520/520]  Loss: 0.3590 (0.309)  Acc@1: 88.7500 (92.5920)  Acc@5: 100.0000 (99.8100)LR: 9.773e-03
2024-11-21 03:20:25,872 -                train: [    INFO] - Valid: 342 [   0/104]  Loss: 0.06549 (0.0655)  Acc@1: 95.8333 (95.8333)  Acc@5: 100.0000 (100.0000)
2024-11-21 03:20:32,002 -                train: [    INFO] - Valid: 342 [ 104/104]  Loss: 0.07987 (0.163)  Acc@1: 93.7500 (94.9400)  Acc@5: 100.0000 (99.9500)
2024-11-21 03:20:32,029 -                train: [    INFO] - valid_acc 94.940002 - best_valid_acc 95.030002
2024-11-21 03:20:32,426 -                train: [    INFO] - Train: 343 [   0/520]  Loss: 0.1428 (0.143)  Acc@1: 96.8750 (96.8750)  Acc@5: 100.0000 (100.0000)LR: 9.709e-03
2024-11-21 03:21:18,079 -                train: [    INFO] - Train: 343 [ 200/520]  Loss: 0.3160 (0.297)  Acc@1: 92.7083 (92.8690)  Acc@5: 100.0000 (99.8601)LR: 9.709e-03
2024-11-21 03:22:03,758 -                train: [    INFO] - Train: 343 [ 400/520]  Loss: 0.1454 (0.307)  Acc@1: 97.9167 (92.7343)  Acc@5: 100.0000 (99.8104)LR: 9.709e-03
2024-11-21 03:22:31,296 -                train: [    INFO] - Train: 343 [ 520/520]  Loss: 0.4506 (0.312)  Acc@1: 88.7500 (92.6020)  Acc@5: 100.0000 (99.8000)LR: 9.709e-03
2024-11-21 03:22:31,513 -                train: [    INFO] - Valid: 343 [   0/104]  Loss: 0.1825 (0.182)  Acc@1: 93.7500 (93.7500)  Acc@5: 100.0000 (100.0000)
2024-11-21 03:22:37,646 -                train: [    INFO] - Valid: 343 [ 104/104]  Loss: 0.4050 (0.173)  Acc@1: 87.5000 (94.4500)  Acc@5: 100.0000 (99.8900)
2024-11-21 03:22:37,671 -                train: [    INFO] - valid_acc 94.450002 - best_valid_acc 95.030002
2024-11-21 03:22:38,074 -                train: [    INFO] - Train: 344 [   0/520]  Loss: 0.3211 (0.321)  Acc@1: 90.6250 (90.6250)  Acc@5: 100.0000 (100.0000)LR: 9.646e-03
2024-11-21 03:23:23,997 -                train: [    INFO] - Train: 344 [ 200/520]  Loss: 0.3658 (0.299)  Acc@1: 90.6250 (92.6461)  Acc@5: 100.0000 (99.8083)LR: 9.646e-03
2024-11-21 03:24:09,930 -                train: [    INFO] - Train: 344 [ 400/520]  Loss: 0.3068 (0.301)  Acc@1: 94.7917 (92.7577)  Acc@5: 100.0000 (99.8156)LR: 9.646e-03
2024-11-21 03:24:37,175 -                train: [    INFO] - Train: 344 [ 520/520]  Loss: 0.2648 (0.311)  Acc@1: 93.7500 (92.5500)  Acc@5: 98.7500 (99.7960)LR: 9.646e-03
2024-11-21 03:24:37,412 -                train: [    INFO] - Valid: 344 [   0/104]  Loss: 0.2044 (0.204)  Acc@1: 93.7500 (93.7500)  Acc@5: 100.0000 (100.0000)
2024-11-21 03:24:43,545 -                train: [    INFO] - Valid: 344 [ 104/104]  Loss: 0.06207 (0.165)  Acc@1: 100.0000 (94.8300)  Acc@5: 100.0000 (99.9200)
2024-11-21 03:24:43,570 -                train: [    INFO] - valid_acc 94.830002 - best_valid_acc 95.030002
2024-11-21 03:24:43,983 -                train: [    INFO] - Train: 345 [   0/520]  Loss: 0.3084 (0.308)  Acc@1: 91.6667 (91.6667)  Acc@5: 100.0000 (100.0000)LR: 9.582e-03
2024-11-21 03:25:30,043 -                train: [    INFO] - Train: 345 [ 200/520]  Loss: 0.4919 (0.299)  Acc@1: 89.5833 (92.9986)  Acc@5: 100.0000 (99.7616)LR: 9.582e-03
2024-11-21 03:26:15,655 -                train: [    INFO] - Train: 345 [ 400/520]  Loss: 0.5566 (0.310)  Acc@1: 86.4583 (92.7031)  Acc@5: 100.0000 (99.7766)LR: 9.582e-03
2024-11-21 03:26:43,119 -                train: [    INFO] - Train: 345 [ 520/520]  Loss: 0.2761 (0.313)  Acc@1: 92.5000 (92.6840)  Acc@5: 100.0000 (99.7740)LR: 9.582e-03
2024-11-21 03:26:43,353 -                train: [    INFO] - Valid: 345 [   0/104]  Loss: 0.1454 (0.145)  Acc@1: 95.8333 (95.8333)  Acc@5: 100.0000 (100.0000)
2024-11-21 03:26:49,481 -                train: [    INFO] - Valid: 345 [ 104/104]  Loss: 0.4815 (0.163)  Acc@1: 93.7500 (94.4300)  Acc@5: 100.0000 (99.8800)
2024-11-21 03:26:49,511 -                train: [    INFO] - valid_acc 94.430002 - best_valid_acc 95.030002
2024-11-21 03:26:49,931 -                train: [    INFO] - Train: 346 [   0/520]  Loss: 0.3458 (0.346)  Acc@1: 91.6667 (91.6667)  Acc@5: 100.0000 (100.0000)LR: 9.518e-03
2024-11-21 03:27:35,571 -                train: [    INFO] - Train: 346 [ 200/520]  Loss: 0.2500 (0.302)  Acc@1: 93.7500 (92.8431)  Acc@5: 98.9583 (99.8342)LR: 9.518e-03
2024-11-21 03:28:21,151 -                train: [    INFO] - Train: 346 [ 400/520]  Loss: 0.2503 (0.307)  Acc@1: 93.7500 (92.6850)  Acc@5: 100.0000 (99.8026)LR: 9.518e-03
2024-11-21 03:28:48,454 -                train: [    INFO] - Train: 346 [ 520/520]  Loss: 0.1828 (0.308)  Acc@1: 97.5000 (92.6620)  Acc@5: 100.0000 (99.7980)LR: 9.518e-03
2024-11-21 03:28:48,685 -                train: [    INFO] - Valid: 346 [   0/104]  Loss: 0.1853 (0.185)  Acc@1: 91.6667 (91.6667)  Acc@5: 100.0000 (100.0000)
2024-11-21 03:28:54,812 -                train: [    INFO] - Valid: 346 [ 104/104]  Loss: 0.5562 (0.182)  Acc@1: 87.5000 (94.2800)  Acc@5: 100.0000 (99.8500)
2024-11-21 03:28:54,863 -                train: [    INFO] - valid_acc 94.280003 - best_valid_acc 95.030002
2024-11-21 03:28:55,268 -                train: [    INFO] - Train: 347 [   0/520]  Loss: 0.2530 (0.253)  Acc@1: 95.8333 (95.8333)  Acc@5: 98.9583 (98.9583)LR: 9.455e-03
2024-11-21 03:29:41,034 -                train: [    INFO] - Train: 347 [ 200/520]  Loss: 0.3655 (0.308)  Acc@1: 91.6667 (92.7446)  Acc@5: 100.0000 (99.8083)LR: 9.455e-03
2024-11-21 03:30:26,811 -                train: [    INFO] - Train: 347 [ 400/520]  Loss: 0.1952 (0.312)  Acc@1: 96.8750 (92.4460)  Acc@5: 100.0000 (99.8078)LR: 9.455e-03
2024-11-21 03:30:54,285 -                train: [    INFO] - Train: 347 [ 520/520]  Loss: 0.3883 (0.311)  Acc@1: 88.7500 (92.4920)  Acc@5: 100.0000 (99.8080)LR: 9.455e-03
2024-11-21 03:30:54,521 -                train: [    INFO] - Valid: 347 [   0/104]  Loss: 0.1196 (0.120)  Acc@1: 96.8750 (96.8750)  Acc@5: 100.0000 (100.0000)
2024-11-21 03:31:00,652 -                train: [    INFO] - Valid: 347 [ 104/104]  Loss: 0.3005 (0.152)  Acc@1: 93.7500 (95.3200)  Acc@5: 100.0000 (99.9400)
2024-11-21 03:31:01,429 -                train: [    INFO] - valid_acc 95.320003 - best_valid_acc 95.320003
2024-11-21 03:31:01,882 -                train: [    INFO] - Train: 348 [   0/520]  Loss: 0.2242 (0.224)  Acc@1: 93.7500 (93.7500)  Acc@5: 100.0000 (100.0000)LR: 9.391e-03
2024-11-21 03:31:49,527 -                train: [    INFO] - Train: 348 [ 200/520]  Loss: 0.1390 (0.313)  Acc@1: 98.9583 (92.5166)  Acc@5: 100.0000 (99.7979)LR: 9.391e-03
2024-11-21 03:32:35,974 -                train: [    INFO] - Train: 348 [ 400/520]  Loss: 0.2765 (0.311)  Acc@1: 93.7500 (92.5083)  Acc@5: 98.9583 (99.8000)LR: 9.391e-03
2024-11-21 03:33:03,548 -                train: [    INFO] - Train: 348 [ 520/520]  Loss: 0.3031 (0.313)  Acc@1: 92.5000 (92.4880)  Acc@5: 100.0000 (99.7880)LR: 9.391e-03
2024-11-21 03:33:03,822 -                train: [    INFO] - Valid: 348 [   0/104]  Loss: 0.2617 (0.262)  Acc@1: 91.6667 (91.6667)  Acc@5: 100.0000 (100.0000)
2024-11-21 03:33:09,949 -                train: [    INFO] - Valid: 348 [ 104/104]  Loss: 0.2718 (0.165)  Acc@1: 93.7500 (94.8800)  Acc@5: 100.0000 (99.8600)
2024-11-21 03:33:09,986 -                train: [    INFO] - valid_acc 94.880003 - best_valid_acc 95.320003
2024-11-21 03:33:10,429 -                train: [    INFO] - Train: 349 [   0/520]  Loss: 0.2088 (0.209)  Acc@1: 95.8333 (95.8333)  Acc@5: 100.0000 (100.0000)LR: 9.328e-03
2024-11-21 03:33:56,559 -                train: [    INFO] - Train: 349 [ 200/520]  Loss: 0.2099 (0.308)  Acc@1: 94.7917 (92.6669)  Acc@5: 100.0000 (99.7772)LR: 9.328e-03
2024-11-21 03:34:42,428 -                train: [    INFO] - Train: 349 [ 400/520]  Loss: 0.2589 (0.312)  Acc@1: 95.8333 (92.6278)  Acc@5: 98.9583 (99.7844)LR: 9.328e-03
2024-11-21 03:35:09,813 -                train: [    INFO] - Train: 349 [ 520/520]  Loss: 0.2130 (0.313)  Acc@1: 96.2500 (92.5880)  Acc@5: 100.0000 (99.7660)LR: 9.328e-03
2024-11-21 03:35:10,102 -                train: [    INFO] - Valid: 349 [   0/104]  Loss: 0.2345 (0.234)  Acc@1: 91.6667 (91.6667)  Acc@5: 100.0000 (100.0000)
2024-11-21 03:35:16,306 -                train: [    INFO] - Valid: 349 [ 104/104]  Loss: 0.06540 (0.171)  Acc@1: 93.7500 (94.6300)  Acc@5: 100.0000 (99.9100)
2024-11-21 03:35:16,332 -                train: [    INFO] - valid_acc 94.630003 - best_valid_acc 95.320003
2024-11-21 03:35:16,736 -                train: [    INFO] - Train: 350 [   0/520]  Loss: 0.2342 (0.234)  Acc@1: 95.8333 (95.8333)  Acc@5: 100.0000 (100.0000)LR: 9.265e-03
2024-11-21 03:36:03,568 -                train: [    INFO] - Train: 350 [ 200/520]  Loss: 0.3484 (0.296)  Acc@1: 93.7500 (93.0089)  Acc@5: 100.0000 (99.8445)LR: 9.265e-03
2024-11-21 03:36:49,944 -                train: [    INFO] - Train: 350 [ 400/520]  Loss: 0.1585 (0.301)  Acc@1: 94.7917 (92.7759)  Acc@5: 100.0000 (99.8337)LR: 9.265e-03
2024-11-21 03:37:17,667 -                train: [    INFO] - Train: 350 [ 520/520]  Loss: 0.3893 (0.308)  Acc@1: 91.2500 (92.6560)  Acc@5: 100.0000 (99.8260)LR: 9.265e-03
2024-11-21 03:37:17,905 -                train: [    INFO] - Valid: 350 [   0/104]  Loss: 0.1947 (0.195)  Acc@1: 91.6667 (91.6667)  Acc@5: 100.0000 (100.0000)
2024-11-21 03:37:24,037 -                train: [    INFO] - Valid: 350 [ 104/104]  Loss: 0.1802 (0.171)  Acc@1: 93.7500 (94.7900)  Acc@5: 100.0000 (99.9200)
2024-11-21 03:37:24,080 -                train: [    INFO] - valid_acc 94.790003 - best_valid_acc 95.320003
2024-11-21 03:37:24,483 -                train: [    INFO] - Train: 351 [   0/520]  Loss: 0.2869 (0.287)  Acc@1: 91.6667 (91.6667)  Acc@5: 100.0000 (100.0000)LR: 9.202e-03
2024-11-21 03:38:10,045 -                train: [    INFO] - Train: 351 [ 200/520]  Loss: 0.3843 (0.302)  Acc@1: 91.6667 (92.5943)  Acc@5: 98.9583 (99.8393)LR: 9.202e-03
2024-11-21 03:38:57,162 -                train: [    INFO] - Train: 351 [ 400/520]  Loss: 0.2297 (0.298)  Acc@1: 94.7917 (92.7863)  Acc@5: 100.0000 (99.8493)LR: 9.202e-03
2024-11-21 03:39:24,509 -                train: [    INFO] - Train: 351 [ 520/520]  Loss: 0.2184 (0.304)  Acc@1: 95.0000 (92.7020)  Acc@5: 100.0000 (99.8420)LR: 9.202e-03
2024-11-21 03:39:24,756 -                train: [    INFO] - Valid: 351 [   0/104]  Loss: 0.1392 (0.139)  Acc@1: 95.8333 (95.8333)  Acc@5: 100.0000 (100.0000)
2024-11-21 03:39:30,892 -                train: [    INFO] - Valid: 351 [ 104/104]  Loss: 0.2086 (0.172)  Acc@1: 93.7500 (94.7600)  Acc@5: 100.0000 (99.8500)
2024-11-21 03:39:30,919 -                train: [    INFO] - valid_acc 94.760003 - best_valid_acc 95.320003
2024-11-21 03:39:31,335 -                train: [    INFO] - Train: 352 [   0/520]  Loss: 0.3308 (0.331)  Acc@1: 93.7500 (93.7500)  Acc@5: 98.9583 (98.9583)LR: 9.139e-03
2024-11-21 03:40:16,774 -                train: [    INFO] - Train: 352 [ 200/520]  Loss: 0.4386 (0.301)  Acc@1: 90.6250 (92.8068)  Acc@5: 100.0000 (99.6994)LR: 9.139e-03
2024-11-21 03:41:02,597 -                train: [    INFO] - Train: 352 [ 400/520]  Loss: 0.4142 (0.299)  Acc@1: 89.5833 (92.8408)  Acc@5: 100.0000 (99.7143)LR: 9.139e-03
2024-11-21 03:41:29,882 -                train: [    INFO] - Train: 352 [ 520/520]  Loss: 0.2949 (0.302)  Acc@1: 91.2500 (92.7240)  Acc@5: 98.7500 (99.7460)LR: 9.139e-03
2024-11-21 03:41:30,101 -                train: [    INFO] - Valid: 352 [   0/104]  Loss: 0.3718 (0.372)  Acc@1: 89.5833 (89.5833)  Acc@5: 100.0000 (100.0000)
2024-11-21 03:41:36,226 -                train: [    INFO] - Valid: 352 [ 104/104]  Loss: 0.4626 (0.172)  Acc@1: 93.7500 (94.7500)  Acc@5: 100.0000 (99.8900)
2024-11-21 03:41:36,254 -                train: [    INFO] - valid_acc 94.750003 - best_valid_acc 95.320003
2024-11-21 03:41:36,652 -                train: [    INFO] - Train: 353 [   0/520]  Loss: 0.2916 (0.292)  Acc@1: 92.7083 (92.7083)  Acc@5: 98.9583 (98.9583)LR: 9.076e-03
2024-11-21 03:42:22,450 -                train: [    INFO] - Train: 353 [ 200/520]  Loss: 0.4505 (0.295)  Acc@1: 88.5417 (93.0867)  Acc@5: 100.0000 (99.7823)LR: 9.076e-03
2024-11-21 03:43:08,093 -                train: [    INFO] - Train: 353 [ 400/520]  Loss: 0.2468 (0.304)  Acc@1: 95.8333 (92.8226)  Acc@5: 100.0000 (99.8052)LR: 9.076e-03
2024-11-21 03:43:35,486 -                train: [    INFO] - Train: 353 [ 520/520]  Loss: 0.2473 (0.305)  Acc@1: 92.5000 (92.6980)  Acc@5: 100.0000 (99.7960)LR: 9.076e-03
2024-11-21 03:43:35,737 -                train: [    INFO] - Valid: 353 [   0/104]  Loss: 0.1605 (0.160)  Acc@1: 93.7500 (93.7500)  Acc@5: 100.0000 (100.0000)
2024-11-21 03:43:41,874 -                train: [    INFO] - Valid: 353 [ 104/104]  Loss: 0.2254 (0.198)  Acc@1: 93.7500 (93.7100)  Acc@5: 100.0000 (99.9000)
2024-11-21 03:43:41,915 -                train: [    INFO] - valid_acc 93.710002 - best_valid_acc 95.320003
2024-11-21 03:43:42,320 -                train: [    INFO] - Train: 354 [   0/520]  Loss: 0.2529 (0.253)  Acc@1: 94.7917 (94.7917)  Acc@5: 100.0000 (100.0000)LR: 9.013e-03
2024-11-21 03:44:28,230 -                train: [    INFO] - Train: 354 [ 200/520]  Loss: 0.2862 (0.292)  Acc@1: 93.7500 (92.8897)  Acc@5: 100.0000 (99.7875)LR: 9.013e-03
2024-11-21 03:45:14,131 -                train: [    INFO] - Train: 354 [ 400/520]  Loss: 0.3502 (0.302)  Acc@1: 92.7083 (92.7941)  Acc@5: 100.0000 (99.8234)LR: 9.013e-03
2024-11-21 03:45:41,569 -                train: [    INFO] - Train: 354 [ 520/520]  Loss: 0.2948 (0.302)  Acc@1: 91.2500 (92.8020)  Acc@5: 100.0000 (99.8200)LR: 9.013e-03
2024-11-21 03:45:41,825 -                train: [    INFO] - Valid: 354 [   0/104]  Loss: 0.2566 (0.257)  Acc@1: 92.7083 (92.7083)  Acc@5: 100.0000 (100.0000)
2024-11-21 03:45:47,952 -                train: [    INFO] - Valid: 354 [ 104/104]  Loss: 0.06992 (0.166)  Acc@1: 93.7500 (94.8300)  Acc@5: 100.0000 (99.9200)
2024-11-21 03:45:47,984 -                train: [    INFO] - valid_acc 94.830002 - best_valid_acc 95.320003
2024-11-21 03:45:48,394 -                train: [    INFO] - Train: 355 [   0/520]  Loss: 0.2648 (0.265)  Acc@1: 94.7917 (94.7917)  Acc@5: 100.0000 (100.0000)LR: 8.950e-03
2024-11-21 03:46:34,074 -                train: [    INFO] - Train: 355 [ 200/520]  Loss: 0.2276 (0.291)  Acc@1: 94.7917 (93.1488)  Acc@5: 100.0000 (99.8134)LR: 8.950e-03
2024-11-21 03:47:19,821 -                train: [    INFO] - Train: 355 [ 400/520]  Loss: 0.3668 (0.296)  Acc@1: 90.6250 (92.9032)  Acc@5: 100.0000 (99.7844)LR: 8.950e-03
2024-11-21 03:47:47,144 -                train: [    INFO] - Train: 355 [ 520/520]  Loss: 0.3129 (0.299)  Acc@1: 93.7500 (92.8940)  Acc@5: 100.0000 (99.7840)LR: 8.950e-03
2024-11-21 03:47:47,493 -                train: [    INFO] - Valid: 355 [   0/104]  Loss: 0.1496 (0.150)  Acc@1: 94.7917 (94.7917)  Acc@5: 100.0000 (100.0000)
2024-11-21 03:47:53,613 -                train: [    INFO] - Valid: 355 [ 104/104]  Loss: 0.3436 (0.152)  Acc@1: 87.5000 (95.1900)  Acc@5: 100.0000 (99.8900)
2024-11-21 03:47:53,723 -                train: [    INFO] - valid_acc 95.190003 - best_valid_acc 95.320003
2024-11-21 03:47:54,202 -                train: [    INFO] - Train: 356 [   0/520]  Loss: 0.2280 (0.228)  Acc@1: 91.6667 (91.6667)  Acc@5: 100.0000 (100.0000)LR: 8.887e-03
2024-11-21 03:48:41,243 -                train: [    INFO] - Train: 356 [ 200/520]  Loss: 0.2460 (0.281)  Acc@1: 93.7500 (93.2525)  Acc@5: 100.0000 (99.8290)LR: 8.887e-03
2024-11-21 03:49:27,404 -                train: [    INFO] - Train: 356 [ 400/520]  Loss: 0.1970 (0.294)  Acc@1: 93.7500 (93.0123)  Acc@5: 100.0000 (99.8441)LR: 8.887e-03
2024-11-21 03:49:54,680 -                train: [    INFO] - Train: 356 [ 520/520]  Loss: 0.2735 (0.298)  Acc@1: 92.5000 (92.9340)  Acc@5: 100.0000 (99.8300)LR: 8.887e-03
2024-11-21 03:49:54,959 -                train: [    INFO] - Valid: 356 [   0/104]  Loss: 0.2593 (0.259)  Acc@1: 92.7083 (92.7083)  Acc@5: 100.0000 (100.0000)
2024-11-21 03:50:01,095 -                train: [    INFO] - Valid: 356 [ 104/104]  Loss: 0.09348 (0.177)  Acc@1: 100.0000 (94.6700)  Acc@5: 100.0000 (99.8400)
2024-11-21 03:50:01,122 -                train: [    INFO] - valid_acc 94.670003 - best_valid_acc 95.320003
2024-11-21 03:50:01,548 -                train: [    INFO] - Train: 357 [   0/520]  Loss: 0.3475 (0.347)  Acc@1: 90.6250 (90.6250)  Acc@5: 100.0000 (100.0000)LR: 8.824e-03
2024-11-21 03:50:47,149 -                train: [    INFO] - Train: 357 [ 200/520]  Loss: 0.2454 (0.300)  Acc@1: 96.8750 (92.6669)  Acc@5: 100.0000 (99.8238)LR: 8.824e-03
2024-11-21 03:51:32,824 -                train: [    INFO] - Train: 357 [ 400/520]  Loss: 0.4170 (0.295)  Acc@1: 91.6667 (92.9161)  Acc@5: 100.0000 (99.8026)LR: 8.824e-03
2024-11-21 03:52:00,301 -                train: [    INFO] - Train: 357 [ 520/520]  Loss: 0.4213 (0.297)  Acc@1: 87.5000 (92.8800)  Acc@5: 100.0000 (99.8080)LR: 8.824e-03
2024-11-21 03:52:01,162 -                train: [    INFO] - Valid: 357 [   0/104]  Loss: 0.2146 (0.215)  Acc@1: 94.7917 (94.7917)  Acc@5: 100.0000 (100.0000)
2024-11-21 03:52:07,277 -                train: [    INFO] - Valid: 357 [ 104/104]  Loss: 0.03867 (0.149)  Acc@1: 100.0000 (95.2500)  Acc@5: 100.0000 (99.9100)
2024-11-21 03:52:08,078 -                train: [    INFO] - valid_acc 95.250003 - best_valid_acc 95.320003
2024-11-21 03:52:08,605 -                train: [    INFO] - Train: 358 [   0/520]  Loss: 0.2940 (0.294)  Acc@1: 93.7500 (93.7500)  Acc@5: 100.0000 (100.0000)LR: 8.762e-03
2024-11-21 03:52:54,028 -                train: [    INFO] - Train: 358 [ 200/520]  Loss: 0.3836 (0.293)  Acc@1: 88.5417 (92.9260)  Acc@5: 100.0000 (99.8083)LR: 8.762e-03
2024-11-21 03:53:40,826 -                train: [    INFO] - Train: 358 [ 400/520]  Loss: 0.3038 (0.299)  Acc@1: 90.6250 (92.7681)  Acc@5: 100.0000 (99.8545)LR: 8.762e-03
2024-11-21 03:54:08,756 -                train: [    INFO] - Train: 358 [ 520/520]  Loss: 0.2750 (0.299)  Acc@1: 91.2500 (92.8080)  Acc@5: 100.0000 (99.8360)LR: 8.762e-03
2024-11-21 03:54:11,550 -                train: [    INFO] - Valid: 358 [   0/104]  Loss: 0.2186 (0.219)  Acc@1: 93.7500 (93.7500)  Acc@5: 100.0000 (100.0000)
2024-11-21 03:54:17,733 -                train: [    INFO] - Valid: 358 [ 104/104]  Loss: 0.03347 (0.150)  Acc@1: 100.0000 (95.5900)  Acc@5: 100.0000 (99.8400)
2024-11-21 03:54:30,038 -                train: [    INFO] - valid_acc 95.590002 - best_valid_acc 95.590002
2024-11-21 03:54:33,083 -                train: [    INFO] - Train: 359 [   0/520]  Loss: 0.3366 (0.337)  Acc@1: 91.6667 (91.6667)  Acc@5: 100.0000 (100.0000)LR: 8.700e-03
2024-11-21 03:55:20,992 -                train: [    INFO] - Train: 359 [ 200/520]  Loss: 0.3542 (0.294)  Acc@1: 92.7083 (93.0918)  Acc@5: 100.0000 (99.8601)LR: 8.700e-03
2024-11-21 03:56:08,694 -                train: [    INFO] - Train: 359 [ 400/520]  Loss: 0.3821 (0.294)  Acc@1: 89.5833 (93.0772)  Acc@5: 100.0000 (99.8363)LR: 8.700e-03
2024-11-21 03:56:37,643 -                train: [    INFO] - Train: 359 [ 520/520]  Loss: 0.4468 (0.293)  Acc@1: 86.2500 (93.0920)  Acc@5: 100.0000 (99.8420)LR: 8.700e-03
2024-11-21 03:56:42,012 -                train: [    INFO] - Valid: 359 [   0/104]  Loss: 0.2051 (0.205)  Acc@1: 90.6250 (90.6250)  Acc@5: 100.0000 (100.0000)
2024-11-21 03:56:48,540 -                train: [    INFO] - Valid: 359 [ 104/104]  Loss: 0.1233 (0.170)  Acc@1: 93.7500 (95.0500)  Acc@5: 100.0000 (99.8800)
2024-11-21 03:56:49,109 -                train: [    INFO] - valid_acc 95.050002 - best_valid_acc 95.590002
2024-11-21 03:56:49,671 -                train: [    INFO] - Train: 360 [   0/520]  Loss: 0.2687 (0.269)  Acc@1: 92.7083 (92.7083)  Acc@5: 100.0000 (100.0000)LR: 8.637e-03
2024-11-21 03:57:37,166 -                train: [    INFO] - Train: 360 [ 200/520]  Loss: 0.4024 (0.295)  Acc@1: 90.6250 (92.8586)  Acc@5: 100.0000 (99.8549)LR: 8.637e-03
2024-11-21 03:58:24,589 -                train: [    INFO] - Train: 360 [ 400/520]  Loss: 0.4269 (0.297)  Acc@1: 87.5000 (92.8746)  Acc@5: 98.9583 (99.8597)LR: 8.637e-03
2024-11-21 03:59:01,150 -                train: [    INFO] - Train: 360 [ 520/520]  Loss: 0.2395 (0.298)  Acc@1: 97.5000 (92.8680)  Acc@5: 100.0000 (99.8420)LR: 8.637e-03
2024-11-21 03:59:02,003 -                train: [    INFO] - Valid: 360 [   0/104]  Loss: 0.2808 (0.281)  Acc@1: 92.7083 (92.7083)  Acc@5: 100.0000 (100.0000)
2024-11-21 03:59:08,119 -                train: [    INFO] - Valid: 360 [ 104/104]  Loss: 0.03824 (0.147)  Acc@1: 100.0000 (95.6300)  Acc@5: 100.0000 (99.9500)
2024-11-21 03:59:11,079 -                train: [    INFO] - valid_acc 95.630002 - best_valid_acc 95.630002
2024-11-21 03:59:11,542 -                train: [    INFO] - Train: 361 [   0/520]  Loss: 0.2660 (0.266)  Acc@1: 94.7917 (94.7917)  Acc@5: 100.0000 (100.0000)LR: 8.575e-03
2024-11-21 03:59:57,157 -                train: [    INFO] - Train: 361 [ 200/520]  Loss: 0.1789 (0.282)  Acc@1: 96.8750 (93.3406)  Acc@5: 100.0000 (99.8238)LR: 8.575e-03
2024-11-21 04:00:43,704 -                train: [    INFO] - Train: 361 [ 400/520]  Loss: 0.1779 (0.285)  Acc@1: 95.8333 (93.3422)  Acc@5: 100.0000 (99.8182)LR: 8.575e-03
2024-11-21 04:01:12,328 -                train: [    INFO] - Train: 361 [ 520/520]  Loss: 0.3310 (0.285)  Acc@1: 91.2500 (93.2380)  Acc@5: 100.0000 (99.8260)LR: 8.575e-03
2024-11-21 04:01:16,110 -                train: [    INFO] - Valid: 361 [   0/104]  Loss: 0.1966 (0.197)  Acc@1: 94.7917 (94.7917)  Acc@5: 100.0000 (100.0000)
2024-11-21 04:01:22,494 -                train: [    INFO] - Valid: 361 [ 104/104]  Loss: 0.06435 (0.160)  Acc@1: 100.0000 (94.8600)  Acc@5: 100.0000 (99.8700)
2024-11-21 04:01:26,393 -                train: [    INFO] - valid_acc 94.860003 - best_valid_acc 95.630002
2024-11-21 04:01:27,032 -                train: [    INFO] - Train: 362 [   0/520]  Loss: 0.1916 (0.192)  Acc@1: 93.7500 (93.7500)  Acc@5: 100.0000 (100.0000)LR: 8.513e-03
2024-11-21 04:02:15,843 -                train: [    INFO] - Train: 362 [ 200/520]  Loss: 0.1750 (0.285)  Acc@1: 94.7917 (93.1540)  Acc@5: 100.0000 (99.8549)LR: 8.513e-03
2024-11-21 04:03:02,242 -                train: [    INFO] - Train: 362 [ 400/520]  Loss: 0.3039 (0.296)  Acc@1: 93.7500 (92.9084)  Acc@5: 98.9583 (99.8312)LR: 8.513e-03
2024-11-21 04:03:29,468 -                train: [    INFO] - Train: 362 [ 520/520]  Loss: 0.3448 (0.300)  Acc@1: 92.5000 (92.8460)  Acc@5: 98.7500 (99.8340)LR: 8.513e-03
2024-11-21 04:03:32,710 -                train: [    INFO] - Valid: 362 [   0/104]  Loss: 0.1313 (0.131)  Acc@1: 95.8333 (95.8333)  Acc@5: 100.0000 (100.0000)
2024-11-21 04:03:39,021 -                train: [    INFO] - Valid: 362 [ 104/104]  Loss: 0.01217 (0.149)  Acc@1: 100.0000 (95.3100)  Acc@5: 100.0000 (99.9100)
2024-11-21 04:03:41,491 -                train: [    INFO] - valid_acc 95.310003 - best_valid_acc 95.630002
2024-11-21 04:03:42,162 -                train: [    INFO] - Train: 363 [   0/520]  Loss: 0.2159 (0.216)  Acc@1: 94.7917 (94.7917)  Acc@5: 100.0000 (100.0000)LR: 8.451e-03
2024-11-21 04:04:30,579 -                train: [    INFO] - Train: 363 [ 200/520]  Loss: 0.3369 (0.280)  Acc@1: 89.5833 (93.3458)  Acc@5: 100.0000 (99.8342)LR: 8.451e-03
2024-11-21 04:05:18,352 -                train: [    INFO] - Train: 363 [ 400/520]  Loss: 0.1819 (0.289)  Acc@1: 97.9167 (93.1759)  Acc@5: 100.0000 (99.8156)LR: 8.451e-03
2024-11-21 04:05:46,456 -                train: [    INFO] - Train: 363 [ 520/520]  Loss: 0.2589 (0.289)  Acc@1: 93.7500 (93.1600)  Acc@5: 100.0000 (99.8100)LR: 8.451e-03
2024-11-21 04:05:46,719 -                train: [    INFO] - Valid: 363 [   0/104]  Loss: 0.2198 (0.220)  Acc@1: 92.7083 (92.7083)  Acc@5: 100.0000 (100.0000)
2024-11-21 04:05:52,850 -                train: [    INFO] - Valid: 363 [ 104/104]  Loss: 0.02195 (0.151)  Acc@1: 100.0000 (95.0800)  Acc@5: 100.0000 (99.9300)
2024-11-21 04:05:52,878 -                train: [    INFO] - valid_acc 95.080002 - best_valid_acc 95.630002
2024-11-21 04:05:53,298 -                train: [    INFO] - Train: 364 [   0/520]  Loss: 0.4086 (0.409)  Acc@1: 90.6250 (90.6250)  Acc@5: 98.9583 (98.9583)LR: 8.389e-03
2024-11-21 04:06:38,944 -                train: [    INFO] - Train: 364 [ 200/520]  Loss: 0.4397 (0.302)  Acc@1: 90.6250 (92.6928)  Acc@5: 98.9583 (99.7772)LR: 8.389e-03
2024-11-21 04:07:24,898 -                train: [    INFO] - Train: 364 [ 400/520]  Loss: 0.2651 (0.295)  Acc@1: 92.7083 (92.9239)  Acc@5: 100.0000 (99.8026)LR: 8.389e-03
2024-11-21 04:07:52,365 -                train: [    INFO] - Train: 364 [ 520/520]  Loss: 0.1881 (0.298)  Acc@1: 97.5000 (92.8580)  Acc@5: 100.0000 (99.7940)LR: 8.389e-03
2024-11-21 04:07:52,627 -                train: [    INFO] - Valid: 364 [   0/104]  Loss: 0.1527 (0.153)  Acc@1: 96.8750 (96.8750)  Acc@5: 100.0000 (100.0000)
2024-11-21 04:07:58,769 -                train: [    INFO] - Valid: 364 [ 104/104]  Loss: 0.03994 (0.162)  Acc@1: 100.0000 (94.9300)  Acc@5: 100.0000 (99.9100)
2024-11-21 04:07:58,938 -                train: [    INFO] - valid_acc 94.930003 - best_valid_acc 95.630002
2024-11-21 04:07:59,363 -                train: [    INFO] - Train: 365 [   0/520]  Loss: 0.3728 (0.373)  Acc@1: 92.7083 (92.7083)  Acc@5: 98.9583 (98.9583)LR: 8.327e-03
2024-11-21 04:08:45,146 -                train: [    INFO] - Train: 365 [ 200/520]  Loss: 0.2423 (0.287)  Acc@1: 96.8750 (93.2369)  Acc@5: 100.0000 (99.7927)LR: 8.327e-03
2024-11-21 04:09:30,983 -                train: [    INFO] - Train: 365 [ 400/520]  Loss: 0.2685 (0.287)  Acc@1: 91.6667 (93.3474)  Acc@5: 100.0000 (99.8026)LR: 8.327e-03
2024-11-21 04:09:58,355 -                train: [    INFO] - Train: 365 [ 520/520]  Loss: 0.4675 (0.289)  Acc@1: 93.7500 (93.3120)  Acc@5: 100.0000 (99.8160)LR: 8.327e-03
2024-11-21 04:09:58,640 -                train: [    INFO] - Valid: 365 [   0/104]  Loss: 0.2408 (0.241)  Acc@1: 94.7917 (94.7917)  Acc@5: 100.0000 (100.0000)
2024-11-21 04:10:04,767 -                train: [    INFO] - Valid: 365 [ 104/104]  Loss: 0.3063 (0.163)  Acc@1: 87.5000 (94.9000)  Acc@5: 100.0000 (99.9100)
2024-11-21 04:10:04,826 -                train: [    INFO] - valid_acc 94.900003 - best_valid_acc 95.630002
2024-11-21 04:10:05,284 -                train: [    INFO] - Train: 366 [   0/520]  Loss: 0.4818 (0.482)  Acc@1: 85.4167 (85.4167)  Acc@5: 100.0000 (100.0000)LR: 8.266e-03
2024-11-21 04:10:51,600 -                train: [    INFO] - Train: 366 [ 200/520]  Loss: 0.2480 (0.286)  Acc@1: 92.7083 (93.0400)  Acc@5: 100.0000 (99.8186)LR: 8.266e-03
2024-11-21 04:11:37,491 -                train: [    INFO] - Train: 366 [ 400/520]  Loss: 0.2273 (0.287)  Acc@1: 95.8333 (93.1162)  Acc@5: 100.0000 (99.8234)LR: 8.266e-03
2024-11-21 04:12:04,950 -                train: [    INFO] - Train: 366 [ 520/520]  Loss: 0.2619 (0.292)  Acc@1: 95.0000 (93.0540)  Acc@5: 100.0000 (99.8120)LR: 8.266e-03
2024-11-21 04:12:05,187 -                train: [    INFO] - Valid: 366 [   0/104]  Loss: 0.1923 (0.192)  Acc@1: 95.8333 (95.8333)  Acc@5: 100.0000 (100.0000)
2024-11-21 04:12:11,328 -                train: [    INFO] - Valid: 366 [ 104/104]  Loss: 0.4323 (0.155)  Acc@1: 93.7500 (95.2400)  Acc@5: 100.0000 (99.8800)
2024-11-21 04:12:11,357 -                train: [    INFO] - valid_acc 95.240003 - best_valid_acc 95.630002
2024-11-21 04:12:11,799 -                train: [    INFO] - Train: 367 [   0/520]  Loss: 0.3972 (0.397)  Acc@1: 90.6250 (90.6250)  Acc@5: 100.0000 (100.0000)LR: 8.204e-03
2024-11-21 04:12:58,501 -                train: [    INFO] - Train: 367 [ 200/520]  Loss: 0.3178 (0.291)  Acc@1: 93.7500 (92.9571)  Acc@5: 100.0000 (99.7927)LR: 8.204e-03
2024-11-21 04:13:44,459 -                train: [    INFO] - Train: 367 [ 400/520]  Loss: 0.2457 (0.290)  Acc@1: 96.8750 (93.1032)  Acc@5: 100.0000 (99.7792)LR: 8.204e-03
2024-11-21 04:14:12,206 -                train: [    INFO] - Train: 367 [ 520/520]  Loss: 0.2112 (0.291)  Acc@1: 95.0000 (93.0520)  Acc@5: 100.0000 (99.7780)LR: 8.204e-03
2024-11-21 04:14:12,433 -                train: [    INFO] - Valid: 367 [   0/104]  Loss: 0.2459 (0.246)  Acc@1: 91.6667 (91.6667)  Acc@5: 100.0000 (100.0000)
2024-11-21 04:14:18,574 -                train: [    INFO] - Valid: 367 [ 104/104]  Loss: 0.01274 (0.184)  Acc@1: 100.0000 (94.2800)  Acc@5: 100.0000 (99.9200)
2024-11-21 04:14:18,599 -                train: [    INFO] - valid_acc 94.280003 - best_valid_acc 95.630002
2024-11-21 04:14:19,011 -                train: [    INFO] - Train: 368 [   0/520]  Loss: 0.3119 (0.312)  Acc@1: 89.5833 (89.5833)  Acc@5: 100.0000 (100.0000)LR: 8.143e-03
2024-11-21 04:15:04,840 -                train: [    INFO] - Train: 368 [ 200/520]  Loss: 0.3542 (0.291)  Acc@1: 92.7083 (93.0141)  Acc@5: 100.0000 (99.8186)LR: 8.143e-03
2024-11-21 04:15:50,881 -                train: [    INFO] - Train: 368 [ 400/520]  Loss: 0.2897 (0.288)  Acc@1: 91.6667 (93.0746)  Acc@5: 100.0000 (99.8182)LR: 8.143e-03
2024-11-21 04:16:18,097 -                train: [    INFO] - Train: 368 [ 520/520]  Loss: 0.1998 (0.289)  Acc@1: 96.2500 (93.0800)  Acc@5: 100.0000 (99.8220)LR: 8.143e-03
2024-11-21 04:16:18,320 -                train: [    INFO] - Valid: 368 [   0/104]  Loss: 0.1901 (0.190)  Acc@1: 92.7083 (92.7083)  Acc@5: 100.0000 (100.0000)
2024-11-21 04:16:24,452 -                train: [    INFO] - Valid: 368 [ 104/104]  Loss: 0.2499 (0.152)  Acc@1: 93.7500 (95.5200)  Acc@5: 100.0000 (99.9100)
2024-11-21 04:16:24,507 -                train: [    INFO] - valid_acc 95.520003 - best_valid_acc 95.630002
2024-11-21 04:16:24,948 -                train: [    INFO] - Train: 369 [   0/520]  Loss: 0.1195 (0.119)  Acc@1: 97.9167 (97.9167)  Acc@5: 100.0000 (100.0000)LR: 8.082e-03
2024-11-21 04:17:10,655 -                train: [    INFO] - Train: 369 [ 200/520]  Loss: 0.3229 (0.282)  Acc@1: 89.5833 (93.1955)  Acc@5: 100.0000 (99.7927)LR: 8.082e-03
2024-11-21 04:17:56,144 -                train: [    INFO] - Train: 369 [ 400/520]  Loss: 0.3530 (0.289)  Acc@1: 92.7083 (92.9993)  Acc@5: 98.9583 (99.8156)LR: 8.082e-03
2024-11-21 04:18:23,369 -                train: [    INFO] - Train: 369 [ 520/520]  Loss: 0.3199 (0.288)  Acc@1: 93.7500 (93.0460)  Acc@5: 100.0000 (99.8200)LR: 8.082e-03
2024-11-21 04:18:23,603 -                train: [    INFO] - Valid: 369 [   0/104]  Loss: 0.1678 (0.168)  Acc@1: 95.8333 (95.8333)  Acc@5: 100.0000 (100.0000)
2024-11-21 04:18:29,729 -                train: [    INFO] - Valid: 369 [ 104/104]  Loss: 0.3331 (0.149)  Acc@1: 87.5000 (95.4000)  Acc@5: 100.0000 (99.9000)
2024-11-21 04:18:29,755 -                train: [    INFO] - valid_acc 95.400002 - best_valid_acc 95.630002
2024-11-21 04:18:30,189 -                train: [    INFO] - Train: 370 [   0/520]  Loss: 0.2287 (0.229)  Acc@1: 93.7500 (93.7500)  Acc@5: 100.0000 (100.0000)LR: 8.020e-03
2024-11-21 04:19:15,702 -                train: [    INFO] - Train: 370 [ 200/520]  Loss: 0.2586 (0.281)  Acc@1: 92.7083 (93.0970)  Acc@5: 100.0000 (99.8031)LR: 8.020e-03
2024-11-21 04:20:01,179 -                train: [    INFO] - Train: 370 [ 400/520]  Loss: 0.2270 (0.280)  Acc@1: 94.7917 (93.2590)  Acc@5: 100.0000 (99.8052)LR: 8.020e-03
2024-11-21 04:20:28,398 -                train: [    INFO] - Train: 370 [ 520/520]  Loss: 0.2814 (0.280)  Acc@1: 93.7500 (93.3160)  Acc@5: 98.7500 (99.8120)LR: 8.020e-03
2024-11-21 04:20:28,631 -                train: [    INFO] - Valid: 370 [   0/104]  Loss: 0.09579 (0.0958)  Acc@1: 95.8333 (95.8333)  Acc@5: 100.0000 (100.0000)
2024-11-21 04:20:34,780 -                train: [    INFO] - Valid: 370 [ 104/104]  Loss: 0.06858 (0.152)  Acc@1: 93.7500 (95.4200)  Acc@5: 100.0000 (99.8800)
2024-11-21 04:20:34,805 -                train: [    INFO] - valid_acc 95.420003 - best_valid_acc 95.630002
2024-11-21 04:20:35,229 -                train: [    INFO] - Train: 371 [   0/520]  Loss: 0.1974 (0.197)  Acc@1: 96.8750 (96.8750)  Acc@5: 100.0000 (100.0000)LR: 7.959e-03
2024-11-21 04:21:21,221 -                train: [    INFO] - Train: 371 [ 200/520]  Loss: 0.1609 (0.279)  Acc@1: 96.8750 (93.3302)  Acc@5: 100.0000 (99.7979)LR: 7.959e-03
2024-11-21 04:22:06,972 -                train: [    INFO] - Train: 371 [ 400/520]  Loss: 0.2419 (0.284)  Acc@1: 92.7083 (93.2876)  Acc@5: 100.0000 (99.8078)LR: 7.959e-03
2024-11-21 04:22:34,249 -                train: [    INFO] - Train: 371 [ 520/520]  Loss: 0.6814 (0.283)  Acc@1: 85.0000 (93.2860)  Acc@5: 98.7500 (99.8080)LR: 7.959e-03
2024-11-21 04:22:34,482 -                train: [    INFO] - Valid: 371 [   0/104]  Loss: 0.1588 (0.159)  Acc@1: 95.8333 (95.8333)  Acc@5: 100.0000 (100.0000)
2024-11-21 04:22:40,611 -                train: [    INFO] - Valid: 371 [ 104/104]  Loss: 0.2467 (0.156)  Acc@1: 93.7500 (95.1700)  Acc@5: 100.0000 (99.9000)
2024-11-21 04:22:40,655 -                train: [    INFO] - valid_acc 95.170003 - best_valid_acc 95.630002
2024-11-21 04:22:41,104 -                train: [    INFO] - Train: 372 [   0/520]  Loss: 0.1742 (0.174)  Acc@1: 94.7917 (94.7917)  Acc@5: 100.0000 (100.0000)LR: 7.898e-03
2024-11-21 04:23:27,311 -                train: [    INFO] - Train: 372 [ 200/520]  Loss: 0.3612 (0.267)  Acc@1: 91.6667 (93.6153)  Acc@5: 100.0000 (99.8238)LR: 7.898e-03
2024-11-21 04:24:13,400 -                train: [    INFO] - Train: 372 [ 400/520]  Loss: 0.2426 (0.276)  Acc@1: 91.6667 (93.4539)  Acc@5: 100.0000 (99.8623)LR: 7.898e-03
2024-11-21 04:24:41,151 -                train: [    INFO] - Train: 372 [ 520/520]  Loss: 0.2183 (0.277)  Acc@1: 96.2500 (93.4320)  Acc@5: 100.0000 (99.8640)LR: 7.898e-03
2024-11-21 04:24:44,183 -                train: [    INFO] - Valid: 372 [   0/104]  Loss: 0.08355 (0.0836)  Acc@1: 95.8333 (95.8333)  Acc@5: 100.0000 (100.0000)
2024-11-21 04:24:50,321 -                train: [    INFO] - Valid: 372 [ 104/104]  Loss: 0.07548 (0.147)  Acc@1: 93.7500 (95.5900)  Acc@5: 100.0000 (99.8500)
2024-11-21 04:24:53,405 -                train: [    INFO] - valid_acc 95.590003 - best_valid_acc 95.630002
2024-11-21 04:24:53,890 -                train: [    INFO] - Train: 373 [   0/520]  Loss: 0.1870 (0.187)  Acc@1: 95.8333 (95.8333)  Acc@5: 100.0000 (100.0000)LR: 7.838e-03
2024-11-21 04:25:39,451 -                train: [    INFO] - Train: 373 [ 200/520]  Loss: 0.3375 (0.287)  Acc@1: 90.6250 (93.2007)  Acc@5: 100.0000 (99.8238)LR: 7.838e-03
2024-11-21 04:26:24,766 -                train: [    INFO] - Train: 373 [ 400/520]  Loss: 0.2413 (0.287)  Acc@1: 94.7917 (93.1707)  Acc@5: 100.0000 (99.8104)LR: 7.838e-03
2024-11-21 04:26:51,909 -                train: [    INFO] - Train: 373 [ 520/520]  Loss: 0.3696 (0.286)  Acc@1: 93.7500 (93.2080)  Acc@5: 100.0000 (99.8200)LR: 7.838e-03
2024-11-21 04:26:52,166 -                train: [    INFO] - Valid: 373 [   0/104]  Loss: 0.1720 (0.172)  Acc@1: 93.7500 (93.7500)  Acc@5: 100.0000 (100.0000)
2024-11-21 04:26:58,284 -                train: [    INFO] - Valid: 373 [ 104/104]  Loss: 0.1490 (0.155)  Acc@1: 93.7500 (95.2000)  Acc@5: 100.0000 (99.8900)
2024-11-21 04:26:58,337 -                train: [    INFO] - valid_acc 95.200003 - best_valid_acc 95.630002
2024-11-21 04:26:58,777 -                train: [    INFO] - Train: 374 [   0/520]  Loss: 0.3148 (0.315)  Acc@1: 90.6250 (90.6250)  Acc@5: 100.0000 (100.0000)LR: 7.777e-03
2024-11-21 04:27:44,828 -                train: [    INFO] - Train: 374 [ 200/520]  Loss: 0.2409 (0.281)  Acc@1: 92.7083 (93.2784)  Acc@5: 100.0000 (99.8031)LR: 7.777e-03
2024-11-21 04:28:30,365 -                train: [    INFO] - Train: 374 [ 400/520]  Loss: 0.2583 (0.284)  Acc@1: 95.8333 (93.2227)  Acc@5: 100.0000 (99.8337)LR: 7.777e-03
2024-11-21 04:28:57,518 -                train: [    INFO] - Train: 374 [ 520/520]  Loss: 0.1996 (0.284)  Acc@1: 96.2500 (93.1940)  Acc@5: 100.0000 (99.8320)LR: 7.777e-03
2024-11-21 04:28:57,800 -                train: [    INFO] - Valid: 374 [   0/104]  Loss: 0.2479 (0.248)  Acc@1: 91.6667 (91.6667)  Acc@5: 100.0000 (100.0000)
2024-11-21 04:29:03,953 -                train: [    INFO] - Valid: 374 [ 104/104]  Loss: 0.1413 (0.177)  Acc@1: 93.7500 (94.4000)  Acc@5: 100.0000 (99.9000)
2024-11-21 04:29:08,808 -                train: [    INFO] - valid_acc 94.400003 - best_valid_acc 95.630002
2024-11-21 04:29:10,910 -                train: [    INFO] - Train: 375 [   0/520]  Loss: 0.3775 (0.378)  Acc@1: 92.7083 (92.7083)  Acc@5: 100.0000 (100.0000)LR: 7.716e-03
2024-11-21 04:29:57,809 -                train: [    INFO] - Train: 375 [ 200/520]  Loss: 0.2713 (0.272)  Acc@1: 92.7083 (93.3924)  Acc@5: 100.0000 (99.8393)LR: 7.716e-03
2024-11-21 04:30:43,310 -                train: [    INFO] - Train: 375 [ 400/520]  Loss: 0.3104 (0.279)  Acc@1: 91.6667 (93.2253)  Acc@5: 100.0000 (99.8312)LR: 7.716e-03
2024-11-21 04:31:12,003 -                train: [    INFO] - Train: 375 [ 520/520]  Loss: 0.3384 (0.282)  Acc@1: 90.0000 (93.1340)  Acc@5: 100.0000 (99.8380)LR: 7.716e-03
2024-11-21 04:31:12,292 -                train: [    INFO] - Valid: 375 [   0/104]  Loss: 0.2669 (0.267)  Acc@1: 91.6667 (91.6667)  Acc@5: 100.0000 (100.0000)
2024-11-21 04:31:18,439 -                train: [    INFO] - Valid: 375 [ 104/104]  Loss: 0.2767 (0.172)  Acc@1: 87.5000 (94.7500)  Acc@5: 100.0000 (99.9200)
2024-11-21 04:31:18,474 -                train: [    INFO] - valid_acc 94.750003 - best_valid_acc 95.630002
2024-11-21 04:31:18,929 -                train: [    INFO] - Train: 376 [   0/520]  Loss: 0.2547 (0.255)  Acc@1: 94.7917 (94.7917)  Acc@5: 100.0000 (100.0000)LR: 7.656e-03
2024-11-21 04:32:04,251 -                train: [    INFO] - Train: 376 [ 200/520]  Loss: 0.2966 (0.274)  Acc@1: 93.7500 (93.4391)  Acc@5: 100.0000 (99.8860)LR: 7.656e-03
2024-11-21 04:32:49,575 -                train: [    INFO] - Train: 376 [ 400/520]  Loss: 0.1925 (0.273)  Acc@1: 93.7500 (93.4695)  Acc@5: 100.0000 (99.8753)LR: 7.656e-03
2024-11-21 04:33:16,764 -                train: [    INFO] - Train: 376 [ 520/520]  Loss: 0.2412 (0.279)  Acc@1: 93.7500 (93.3500)  Acc@5: 100.0000 (99.8460)LR: 7.656e-03
2024-11-21 04:33:19,483 -                train: [    INFO] - Valid: 376 [   0/104]  Loss: 0.1563 (0.156)  Acc@1: 95.8333 (95.8333)  Acc@5: 100.0000 (100.0000)
2024-11-21 04:33:25,718 -                train: [    INFO] - Valid: 376 [ 104/104]  Loss: 0.1840 (0.147)  Acc@1: 93.7500 (95.4400)  Acc@5: 100.0000 (99.9200)
2024-11-21 04:33:30,482 -                train: [    INFO] - valid_acc 95.440003 - best_valid_acc 95.630002
2024-11-21 04:33:31,343 -                train: [    INFO] - Train: 377 [   0/520]  Loss: 0.2126 (0.213)  Acc@1: 95.8333 (95.8333)  Acc@5: 100.0000 (100.0000)LR: 7.596e-03
2024-11-21 04:34:17,234 -                train: [    INFO] - Train: 377 [ 200/520]  Loss: 0.2050 (0.276)  Acc@1: 94.7917 (93.3147)  Acc@5: 100.0000 (99.8290)LR: 7.596e-03
2024-11-21 04:35:02,956 -                train: [    INFO] - Train: 377 [ 400/520]  Loss: 0.3234 (0.278)  Acc@1: 92.7083 (93.1863)  Acc@5: 100.0000 (99.8441)LR: 7.596e-03
2024-11-21 04:35:30,720 -                train: [    INFO] - Train: 377 [ 520/520]  Loss: 0.2020 (0.278)  Acc@1: 96.2500 (93.2280)  Acc@5: 100.0000 (99.8360)LR: 7.596e-03
2024-11-21 04:35:30,983 -                train: [    INFO] - Valid: 377 [   0/104]  Loss: 0.1812 (0.181)  Acc@1: 91.6667 (91.6667)  Acc@5: 100.0000 (100.0000)
2024-11-21 04:35:37,103 -                train: [    INFO] - Valid: 377 [ 104/104]  Loss: 0.6354 (0.180)  Acc@1: 75.0000 (94.8900)  Acc@5: 100.0000 (99.9100)
2024-11-21 04:35:37,191 -                train: [    INFO] - valid_acc 94.890003 - best_valid_acc 95.630002
2024-11-21 04:35:37,591 -                train: [    INFO] - Train: 378 [   0/520]  Loss: 0.3170 (0.317)  Acc@1: 90.6250 (90.6250)  Acc@5: 100.0000 (100.0000)LR: 7.536e-03
2024-11-21 04:36:22,926 -                train: [    INFO] - Train: 378 [ 200/520]  Loss: 0.3130 (0.274)  Acc@1: 90.6250 (93.2162)  Acc@5: 100.0000 (99.8134)LR: 7.536e-03
2024-11-21 04:37:08,360 -                train: [    INFO] - Train: 378 [ 400/520]  Loss: 0.3024 (0.276)  Acc@1: 90.6250 (93.3110)  Acc@5: 98.9583 (99.8156)LR: 7.536e-03
2024-11-21 04:37:35,578 -                train: [    INFO] - Train: 378 [ 520/520]  Loss: 0.1389 (0.276)  Acc@1: 97.5000 (93.3220)  Acc@5: 100.0000 (99.8100)LR: 7.536e-03
2024-11-21 04:37:38,503 -                train: [    INFO] - Valid: 378 [   0/104]  Loss: 0.1564 (0.156)  Acc@1: 93.7500 (93.7500)  Acc@5: 100.0000 (100.0000)
2024-11-21 04:37:44,720 -                train: [    INFO] - Valid: 378 [ 104/104]  Loss: 0.3382 (0.158)  Acc@1: 87.5000 (95.0300)  Acc@5: 100.0000 (99.8500)
2024-11-21 04:37:46,443 -                train: [    INFO] - valid_acc 95.030002 - best_valid_acc 95.630002
2024-11-21 04:37:46,968 -                train: [    INFO] - Train: 379 [   0/520]  Loss: 0.3864 (0.386)  Acc@1: 91.6667 (91.6667)  Acc@5: 100.0000 (100.0000)LR: 7.476e-03
2024-11-21 04:38:32,487 -                train: [    INFO] - Train: 379 [ 200/520]  Loss: 0.4312 (0.259)  Acc@1: 89.5833 (93.7759)  Acc@5: 100.0000 (99.7979)LR: 7.476e-03
2024-11-21 04:39:17,888 -                train: [    INFO] - Train: 379 [ 400/520]  Loss: 0.2682 (0.270)  Acc@1: 91.6667 (93.5344)  Acc@5: 100.0000 (99.8156)LR: 7.476e-03
2024-11-21 04:39:44,932 -                train: [    INFO] - Train: 379 [ 520/520]  Loss: 0.06766 (0.268)  Acc@1: 100.0000 (93.6380)  Acc@5: 100.0000 (99.8220)LR: 7.476e-03
2024-11-21 04:39:45,216 -                train: [    INFO] - Valid: 379 [   0/104]  Loss: 0.2404 (0.240)  Acc@1: 92.7083 (92.7083)  Acc@5: 100.0000 (100.0000)
2024-11-21 04:39:51,335 -                train: [    INFO] - Valid: 379 [ 104/104]  Loss: 0.07144 (0.163)  Acc@1: 93.7500 (94.9400)  Acc@5: 100.0000 (99.9100)
2024-11-21 04:39:51,388 -                train: [    INFO] - valid_acc 94.940002 - best_valid_acc 95.630002
2024-11-21 04:39:51,795 -                train: [    INFO] - Train: 380 [   0/520]  Loss: 0.1622 (0.162)  Acc@1: 96.8750 (96.8750)  Acc@5: 100.0000 (100.0000)LR: 7.416e-03
2024-11-21 04:40:37,293 -                train: [    INFO] - Train: 380 [ 200/520]  Loss: 0.3228 (0.265)  Acc@1: 94.7917 (93.5893)  Acc@5: 100.0000 (99.8549)LR: 7.416e-03
2024-11-21 04:41:23,310 -                train: [    INFO] - Train: 380 [ 400/520]  Loss: 0.2716 (0.267)  Acc@1: 92.7083 (93.7006)  Acc@5: 100.0000 (99.8467)LR: 7.416e-03
2024-11-21 04:41:50,478 -                train: [    INFO] - Train: 380 [ 520/520]  Loss: 0.4130 (0.267)  Acc@1: 90.0000 (93.6420)  Acc@5: 100.0000 (99.8480)LR: 7.416e-03
2024-11-21 04:41:50,771 -                train: [    INFO] - Valid: 380 [   0/104]  Loss: 0.1319 (0.132)  Acc@1: 95.8333 (95.8333)  Acc@5: 100.0000 (100.0000)
2024-11-21 04:41:56,885 -                train: [    INFO] - Valid: 380 [ 104/104]  Loss: 0.1148 (0.160)  Acc@1: 93.7500 (95.3700)  Acc@5: 100.0000 (99.8700)
2024-11-21 04:41:56,941 -                train: [    INFO] - valid_acc 95.370003 - best_valid_acc 95.630002
2024-11-21 04:41:57,375 -                train: [    INFO] - Train: 381 [   0/520]  Loss: 0.2549 (0.255)  Acc@1: 94.7917 (94.7917)  Acc@5: 100.0000 (100.0000)LR: 7.356e-03
2024-11-21 04:42:44,476 -                train: [    INFO] - Train: 381 [ 200/520]  Loss: 0.2046 (0.276)  Acc@1: 95.8333 (93.4442)  Acc@5: 100.0000 (99.8549)LR: 7.356e-03
2024-11-21 04:43:31,076 -                train: [    INFO] - Train: 381 [ 400/520]  Loss: 0.3562 (0.270)  Acc@1: 93.7500 (93.6669)  Acc@5: 100.0000 (99.8571)LR: 7.356e-03
2024-11-21 04:43:58,771 -                train: [    INFO] - Train: 381 [ 520/520]  Loss: 0.2315 (0.271)  Acc@1: 96.2500 (93.6180)  Acc@5: 100.0000 (99.8560)LR: 7.356e-03
2024-11-21 04:43:59,017 -                train: [    INFO] - Valid: 381 [   0/104]  Loss: 0.1244 (0.124)  Acc@1: 94.7917 (94.7917)  Acc@5: 100.0000 (100.0000)
2024-11-21 04:44:05,144 -                train: [    INFO] - Valid: 381 [ 104/104]  Loss: 0.1586 (0.181)  Acc@1: 93.7500 (94.6800)  Acc@5: 100.0000 (99.8500)
2024-11-21 04:44:05,273 -                train: [    INFO] - valid_acc 94.680003 - best_valid_acc 95.630002
2024-11-21 04:44:05,685 -                train: [    INFO] - Train: 382 [   0/520]  Loss: 0.2106 (0.211)  Acc@1: 94.7917 (94.7917)  Acc@5: 100.0000 (100.0000)LR: 7.296e-03
2024-11-21 04:44:51,520 -                train: [    INFO] - Train: 382 [ 200/520]  Loss: 0.1743 (0.269)  Acc@1: 97.9167 (93.6308)  Acc@5: 100.0000 (99.8393)LR: 7.296e-03
2024-11-21 04:45:37,442 -                train: [    INFO] - Train: 382 [ 400/520]  Loss: 0.2338 (0.275)  Acc@1: 93.7500 (93.4876)  Acc@5: 100.0000 (99.8389)LR: 7.296e-03
2024-11-21 04:46:04,830 -                train: [    INFO] - Train: 382 [ 520/520]  Loss: 0.1548 (0.275)  Acc@1: 96.2500 (93.4360)  Acc@5: 100.0000 (99.8500)LR: 7.296e-03
2024-11-21 04:46:05,080 -                train: [    INFO] - Valid: 382 [   0/104]  Loss: 0.1315 (0.131)  Acc@1: 95.8333 (95.8333)  Acc@5: 100.0000 (100.0000)
2024-11-21 04:46:11,227 -                train: [    INFO] - Valid: 382 [ 104/104]  Loss: 0.1076 (0.146)  Acc@1: 93.7500 (95.4200)  Acc@5: 100.0000 (99.9400)
2024-11-21 04:46:11,266 -                train: [    INFO] - valid_acc 95.420002 - best_valid_acc 95.630002
2024-11-21 04:46:11,692 -                train: [    INFO] - Train: 383 [   0/520]  Loss: 0.3635 (0.364)  Acc@1: 89.5833 (89.5833)  Acc@5: 100.0000 (100.0000)LR: 7.237e-03
2024-11-21 04:46:58,680 -                train: [    INFO] - Train: 383 [ 200/520]  Loss: 0.2701 (0.270)  Acc@1: 92.7083 (93.5893)  Acc@5: 100.0000 (99.8393)LR: 7.237e-03
2024-11-21 04:47:45,435 -                train: [    INFO] - Train: 383 [ 400/520]  Loss: 0.2461 (0.267)  Acc@1: 93.7500 (93.6747)  Acc@5: 100.0000 (99.8441)LR: 7.237e-03
2024-11-21 04:48:13,344 -                train: [    INFO] - Train: 383 [ 520/520]  Loss: 0.3935 (0.267)  Acc@1: 90.0000 (93.7400)  Acc@5: 100.0000 (99.8360)LR: 7.237e-03
2024-11-21 04:48:13,642 -                train: [    INFO] - Valid: 383 [   0/104]  Loss: 0.1352 (0.135)  Acc@1: 96.8750 (96.8750)  Acc@5: 100.0000 (100.0000)
2024-11-21 04:48:19,780 -                train: [    INFO] - Valid: 383 [ 104/104]  Loss: 0.4324 (0.150)  Acc@1: 87.5000 (95.5400)  Acc@5: 100.0000 (99.9000)
2024-11-21 04:48:19,842 -                train: [    INFO] - valid_acc 95.540003 - best_valid_acc 95.630002
2024-11-21 04:48:20,282 -                train: [    INFO] - Train: 384 [   0/520]  Loss: 0.2296 (0.230)  Acc@1: 94.7917 (94.7917)  Acc@5: 100.0000 (100.0000)LR: 7.178e-03
2024-11-21 04:49:06,777 -                train: [    INFO] - Train: 384 [ 200/520]  Loss: 0.2896 (0.259)  Acc@1: 92.7083 (93.8277)  Acc@5: 100.0000 (99.8860)LR: 7.178e-03
2024-11-21 04:49:53,834 -                train: [    INFO] - Train: 384 [ 400/520]  Loss: 0.2256 (0.266)  Acc@1: 94.7917 (93.7110)  Acc@5: 100.0000 (99.8701)LR: 7.178e-03
2024-11-21 04:50:21,835 -                train: [    INFO] - Train: 384 [ 520/520]  Loss: 0.1617 (0.271)  Acc@1: 96.2500 (93.5960)  Acc@5: 100.0000 (99.8760)LR: 7.178e-03
2024-11-21 04:50:22,088 -                train: [    INFO] - Valid: 384 [   0/104]  Loss: 0.1244 (0.124)  Acc@1: 94.7917 (94.7917)  Acc@5: 100.0000 (100.0000)
2024-11-21 04:50:28,250 -                train: [    INFO] - Valid: 384 [ 104/104]  Loss: 0.3435 (0.142)  Acc@1: 93.7500 (95.4700)  Acc@5: 100.0000 (99.8600)
2024-11-21 04:50:28,284 -                train: [    INFO] - valid_acc 95.470002 - best_valid_acc 95.630002
2024-11-21 04:50:28,819 -                train: [    INFO] - Train: 385 [   0/520]  Loss: 0.2126 (0.213)  Acc@1: 92.7083 (92.7083)  Acc@5: 100.0000 (100.0000)LR: 7.119e-03
2024-11-21 04:51:16,132 -                train: [    INFO] - Train: 385 [ 200/520]  Loss: 0.2885 (0.268)  Acc@1: 88.5417 (93.5323)  Acc@5: 100.0000 (99.8134)LR: 7.119e-03
2024-11-21 04:52:03,217 -                train: [    INFO] - Train: 385 [ 400/520]  Loss: 0.2478 (0.264)  Acc@1: 94.7917 (93.5889)  Acc@5: 98.9583 (99.8389)LR: 7.119e-03
2024-11-21 04:52:30,957 -                train: [    INFO] - Train: 385 [ 520/520]  Loss: 0.3098 (0.264)  Acc@1: 90.0000 (93.6280)  Acc@5: 100.0000 (99.8420)LR: 7.119e-03
2024-11-21 04:52:31,237 -                train: [    INFO] - Valid: 385 [   0/104]  Loss: 0.09953 (0.0995)  Acc@1: 94.7917 (94.7917)  Acc@5: 100.0000 (100.0000)
2024-11-21 04:52:37,397 -                train: [    INFO] - Valid: 385 [ 104/104]  Loss: 0.05674 (0.144)  Acc@1: 100.0000 (95.5800)  Acc@5: 100.0000 (99.8900)
2024-11-21 04:52:37,424 -                train: [    INFO] - valid_acc 95.580002 - best_valid_acc 95.630002
2024-11-21 04:52:37,844 -                train: [    INFO] - Train: 386 [   0/520]  Loss: 0.1522 (0.152)  Acc@1: 97.9167 (97.9167)  Acc@5: 100.0000 (100.0000)LR: 7.060e-03
2024-11-21 04:53:24,042 -                train: [    INFO] - Train: 386 [ 200/520]  Loss: 0.5191 (0.254)  Acc@1: 90.6250 (94.1750)  Acc@5: 98.9583 (99.8653)LR: 7.060e-03
2024-11-21 04:54:10,735 -                train: [    INFO] - Train: 386 [ 400/520]  Loss: 0.4137 (0.267)  Acc@1: 89.5833 (93.7838)  Acc@5: 100.0000 (99.8260)LR: 7.060e-03
2024-11-21 04:54:38,407 -                train: [    INFO] - Train: 386 [ 520/520]  Loss: 0.2268 (0.265)  Acc@1: 92.5000 (93.8320)  Acc@5: 100.0000 (99.8060)LR: 7.060e-03
2024-11-21 04:54:38,671 -                train: [    INFO] - Valid: 386 [   0/104]  Loss: 0.08748 (0.0875)  Acc@1: 94.7917 (94.7917)  Acc@5: 100.0000 (100.0000)
2024-11-21 04:54:44,834 -                train: [    INFO] - Valid: 386 [ 104/104]  Loss: 0.3249 (0.142)  Acc@1: 93.7500 (95.6200)  Acc@5: 100.0000 (99.8900)
2024-11-21 04:54:44,862 -                train: [    INFO] - valid_acc 95.620003 - best_valid_acc 95.630002
2024-11-21 04:54:45,287 -                train: [    INFO] - Train: 387 [   0/520]  Loss: 0.2582 (0.258)  Acc@1: 93.7500 (93.7500)  Acc@5: 100.0000 (100.0000)LR: 7.001e-03
2024-11-21 04:55:30,982 -                train: [    INFO] - Train: 387 [ 200/520]  Loss: 0.2264 (0.274)  Acc@1: 94.7917 (93.6567)  Acc@5: 98.9583 (99.8083)LR: 7.001e-03
2024-11-21 04:56:16,509 -                train: [    INFO] - Train: 387 [ 400/520]  Loss: 0.1363 (0.273)  Acc@1: 97.9167 (93.5656)  Acc@5: 100.0000 (99.8052)LR: 7.001e-03
2024-11-21 04:56:46,517 -                train: [    INFO] - Train: 387 [ 520/520]  Loss: 0.2342 (0.273)  Acc@1: 96.2500 (93.5400)  Acc@5: 100.0000 (99.8140)LR: 7.001e-03
2024-11-21 04:56:46,771 -                train: [    INFO] - Valid: 387 [   0/104]  Loss: 0.1269 (0.127)  Acc@1: 97.9167 (97.9167)  Acc@5: 100.0000 (100.0000)
2024-11-21 04:56:52,900 -                train: [    INFO] - Valid: 387 [ 104/104]  Loss: 0.3397 (0.144)  Acc@1: 87.5000 (95.6800)  Acc@5: 100.0000 (99.9200)
2024-11-21 04:56:53,434 -                train: [    INFO] - valid_acc 95.680003 - best_valid_acc 95.680003
2024-11-21 04:56:53,852 -                train: [    INFO] - Train: 388 [   0/520]  Loss: 0.3934 (0.393)  Acc@1: 86.4583 (86.4583)  Acc@5: 100.0000 (100.0000)LR: 6.942e-03
2024-11-21 04:57:40,430 -                train: [    INFO] - Train: 388 [ 200/520]  Loss: 0.2345 (0.253)  Acc@1: 92.7083 (93.8847)  Acc@5: 100.0000 (99.8704)LR: 6.942e-03
2024-11-21 04:58:26,955 -                train: [    INFO] - Train: 388 [ 400/520]  Loss: 0.3183 (0.259)  Acc@1: 93.7500 (93.7812)  Acc@5: 100.0000 (99.8649)LR: 6.942e-03
2024-11-21 04:58:54,764 -                train: [    INFO] - Train: 388 [ 520/520]  Loss: 0.3079 (0.265)  Acc@1: 91.2500 (93.6420)  Acc@5: 100.0000 (99.8660)LR: 6.942e-03
2024-11-21 04:58:55,019 -                train: [    INFO] - Valid: 388 [   0/104]  Loss: 0.1913 (0.191)  Acc@1: 95.8333 (95.8333)  Acc@5: 100.0000 (100.0000)
2024-11-21 04:59:01,164 -                train: [    INFO] - Valid: 388 [ 104/104]  Loss: 0.05369 (0.144)  Acc@1: 100.0000 (95.5300)  Acc@5: 100.0000 (99.9100)
2024-11-21 04:59:01,192 -                train: [    INFO] - valid_acc 95.530002 - best_valid_acc 95.680003
2024-11-21 04:59:01,615 -                train: [    INFO] - Train: 389 [   0/520]  Loss: 0.2083 (0.208)  Acc@1: 94.7917 (94.7917)  Acc@5: 100.0000 (100.0000)LR: 6.884e-03
2024-11-21 04:59:48,084 -                train: [    INFO] - Train: 389 [ 200/520]  Loss: 0.3816 (0.262)  Acc@1: 91.6667 (93.7915)  Acc@5: 100.0000 (99.8601)LR: 6.884e-03
2024-11-21 05:00:34,542 -                train: [    INFO] - Train: 389 [ 400/520]  Loss: 0.3048 (0.266)  Acc@1: 92.7083 (93.5993)  Acc@5: 100.0000 (99.8441)LR: 6.884e-03
2024-11-21 05:01:01,938 -                train: [    INFO] - Train: 389 [ 520/520]  Loss: 0.1446 (0.265)  Acc@1: 96.2500 (93.6580)  Acc@5: 100.0000 (99.8420)LR: 6.884e-03
2024-11-21 05:01:02,161 -                train: [    INFO] - Valid: 389 [   0/104]  Loss: 0.1656 (0.166)  Acc@1: 94.7917 (94.7917)  Acc@5: 100.0000 (100.0000)
2024-11-21 05:01:08,291 -                train: [    INFO] - Valid: 389 [ 104/104]  Loss: 0.005660 (0.151)  Acc@1: 100.0000 (95.5000)  Acc@5: 100.0000 (99.8800)
2024-11-21 05:01:08,333 -                train: [    INFO] - valid_acc 95.500003 - best_valid_acc 95.680003
2024-11-21 05:01:08,757 -                train: [    INFO] - Train: 390 [   0/520]  Loss: 0.3455 (0.346)  Acc@1: 90.6250 (90.6250)  Acc@5: 100.0000 (100.0000)LR: 6.825e-03
2024-11-21 05:01:54,364 -                train: [    INFO] - Train: 390 [ 200/520]  Loss: 0.2735 (0.256)  Acc@1: 94.7917 (93.8329)  Acc@5: 100.0000 (99.8704)LR: 6.825e-03
2024-11-21 05:02:39,901 -                train: [    INFO] - Train: 390 [ 400/520]  Loss: 0.3032 (0.265)  Acc@1: 90.6250 (93.6357)  Acc@5: 100.0000 (99.8467)LR: 6.825e-03
2024-11-21 05:03:07,178 -                train: [    INFO] - Train: 390 [ 520/520]  Loss: 0.1559 (0.264)  Acc@1: 96.2500 (93.7080)  Acc@5: 100.0000 (99.8460)LR: 6.825e-03
2024-11-21 05:03:07,421 -                train: [    INFO] - Valid: 390 [   0/104]  Loss: 0.1497 (0.150)  Acc@1: 95.8333 (95.8333)  Acc@5: 100.0000 (100.0000)
2024-11-21 05:03:13,575 -                train: [    INFO] - Valid: 390 [ 104/104]  Loss: 0.2828 (0.152)  Acc@1: 93.7500 (95.3400)  Acc@5: 100.0000 (99.9400)
2024-11-21 05:03:13,601 -                train: [    INFO] - valid_acc 95.340003 - best_valid_acc 95.680003
2024-11-21 05:03:14,050 -                train: [    INFO] - Train: 391 [   0/520]  Loss: 0.1495 (0.149)  Acc@1: 95.8333 (95.8333)  Acc@5: 100.0000 (100.0000)LR: 6.767e-03
2024-11-21 05:03:59,854 -                train: [    INFO] - Train: 391 [ 200/520]  Loss: 0.2978 (0.247)  Acc@1: 91.6667 (94.2112)  Acc@5: 100.0000 (99.8704)LR: 6.767e-03
2024-11-21 05:04:46,135 -                train: [    INFO] - Train: 391 [ 400/520]  Loss: 0.3239 (0.260)  Acc@1: 91.6667 (93.7474)  Acc@5: 100.0000 (99.8753)LR: 6.767e-03
2024-11-21 05:05:14,287 -                train: [    INFO] - Train: 391 [ 520/520]  Loss: 0.3114 (0.260)  Acc@1: 93.7500 (93.7900)  Acc@5: 98.7500 (99.8540)LR: 6.767e-03
2024-11-21 05:05:14,515 -                train: [    INFO] - Valid: 391 [   0/104]  Loss: 0.1305 (0.131)  Acc@1: 95.8333 (95.8333)  Acc@5: 100.0000 (100.0000)
2024-11-21 05:05:20,638 -                train: [    INFO] - Valid: 391 [ 104/104]  Loss: 0.007403 (0.151)  Acc@1: 100.0000 (95.4500)  Acc@5: 100.0000 (99.9100)
2024-11-21 05:05:20,664 -                train: [    INFO] - valid_acc 95.450002 - best_valid_acc 95.680003
2024-11-21 05:05:21,107 -                train: [    INFO] - Train: 392 [   0/520]  Loss: 0.2292 (0.229)  Acc@1: 93.7500 (93.7500)  Acc@5: 100.0000 (100.0000)LR: 6.709e-03
2024-11-21 05:06:06,637 -                train: [    INFO] - Train: 392 [ 200/520]  Loss: 0.2640 (0.252)  Acc@1: 92.7083 (93.9366)  Acc@5: 100.0000 (99.8342)LR: 6.709e-03
2024-11-21 05:06:52,280 -                train: [    INFO] - Train: 392 [ 400/520]  Loss: 0.2116 (0.259)  Acc@1: 95.8333 (93.7890)  Acc@5: 100.0000 (99.8286)LR: 6.709e-03
2024-11-21 05:07:19,737 -                train: [    INFO] - Train: 392 [ 520/520]  Loss: 0.2551 (0.259)  Acc@1: 92.5000 (93.8100)  Acc@5: 100.0000 (99.8240)LR: 6.709e-03
2024-11-21 05:07:20,004 -                train: [    INFO] - Valid: 392 [   0/104]  Loss: 0.1816 (0.182)  Acc@1: 93.7500 (93.7500)  Acc@5: 100.0000 (100.0000)
2024-11-21 05:07:26,142 -                train: [    INFO] - Valid: 392 [ 104/104]  Loss: 0.1911 (0.142)  Acc@1: 93.7500 (95.7300)  Acc@5: 100.0000 (99.9400)
2024-11-21 05:07:26,769 -                train: [    INFO] - valid_acc 95.730003 - best_valid_acc 95.730003
2024-11-21 05:07:27,177 -                train: [    INFO] - Train: 393 [   0/520]  Loss: 0.1661 (0.166)  Acc@1: 94.7917 (94.7917)  Acc@5: 100.0000 (100.0000)LR: 6.651e-03
2024-11-21 05:08:13,103 -                train: [    INFO] - Train: 393 [ 200/520]  Loss: 0.1563 (0.250)  Acc@1: 97.9167 (94.1905)  Acc@5: 100.0000 (99.9067)LR: 6.651e-03
2024-11-21 05:08:59,294 -                train: [    INFO] - Train: 393 [ 400/520]  Loss: 0.3490 (0.252)  Acc@1: 91.6667 (94.1111)  Acc@5: 100.0000 (99.8857)LR: 6.651e-03
2024-11-21 05:09:26,777 -                train: [    INFO] - Train: 393 [ 520/520]  Loss: 0.2593 (0.256)  Acc@1: 93.7500 (94.0240)  Acc@5: 100.0000 (99.8800)LR: 6.651e-03
2024-11-21 05:09:27,084 -                train: [    INFO] - Valid: 393 [   0/104]  Loss: 0.1006 (0.101)  Acc@1: 96.8750 (96.8750)  Acc@5: 100.0000 (100.0000)
2024-11-21 05:09:33,216 -                train: [    INFO] - Valid: 393 [ 104/104]  Loss: 0.07853 (0.147)  Acc@1: 93.7500 (95.6100)  Acc@5: 100.0000 (99.9000)
2024-11-21 05:09:33,246 -                train: [    INFO] - valid_acc 95.610002 - best_valid_acc 95.730003
2024-11-21 05:09:33,661 -                train: [    INFO] - Train: 394 [   0/520]  Loss: 0.2650 (0.265)  Acc@1: 92.7083 (92.7083)  Acc@5: 100.0000 (100.0000)LR: 6.593e-03
2024-11-21 05:10:19,669 -                train: [    INFO] - Train: 394 [ 200/520]  Loss: 0.1730 (0.248)  Acc@1: 94.7917 (94.1076)  Acc@5: 100.0000 (99.8808)LR: 6.593e-03
2024-11-21 05:11:05,670 -                train: [    INFO] - Train: 394 [ 400/520]  Loss: 0.3634 (0.254)  Acc@1: 90.6250 (93.9033)  Acc@5: 100.0000 (99.8805)LR: 6.593e-03
2024-11-21 05:11:33,282 -                train: [    INFO] - Train: 394 [ 520/520]  Loss: 0.2331 (0.255)  Acc@1: 93.7500 (93.8960)  Acc@5: 100.0000 (99.8760)LR: 6.593e-03
2024-11-21 05:11:33,549 -                train: [    INFO] - Valid: 394 [   0/104]  Loss: 0.1584 (0.158)  Acc@1: 95.8333 (95.8333)  Acc@5: 100.0000 (100.0000)
2024-11-21 05:11:39,683 -                train: [    INFO] - Valid: 394 [ 104/104]  Loss: 0.1047 (0.143)  Acc@1: 93.7500 (95.7800)  Acc@5: 100.0000 (99.8700)
2024-11-21 05:11:40,384 -                train: [    INFO] - valid_acc 95.780003 - best_valid_acc 95.780003
2024-11-21 05:11:40,830 -                train: [    INFO] - Train: 395 [   0/520]  Loss: 0.1574 (0.157)  Acc@1: 97.9167 (97.9167)  Acc@5: 100.0000 (100.0000)LR: 6.536e-03
2024-11-21 05:12:26,758 -                train: [    INFO] - Train: 395 [ 200/520]  Loss: 0.2695 (0.256)  Acc@1: 94.7917 (93.9469)  Acc@5: 100.0000 (99.8549)LR: 6.536e-03
2024-11-21 05:13:12,438 -                train: [    INFO] - Train: 395 [ 400/520]  Loss: 0.2921 (0.256)  Acc@1: 91.6667 (93.9240)  Acc@5: 100.0000 (99.8649)LR: 6.536e-03
2024-11-21 05:13:39,794 -                train: [    INFO] - Train: 395 [ 520/520]  Loss: 0.1629 (0.254)  Acc@1: 97.5000 (94.0060)  Acc@5: 100.0000 (99.8560)LR: 6.536e-03
2024-11-21 05:13:40,054 -                train: [    INFO] - Valid: 395 [   0/104]  Loss: 0.1318 (0.132)  Acc@1: 94.7917 (94.7917)  Acc@5: 100.0000 (100.0000)
2024-11-21 05:13:46,189 -                train: [    INFO] - Valid: 395 [ 104/104]  Loss: 0.1058 (0.155)  Acc@1: 93.7500 (95.4200)  Acc@5: 100.0000 (99.9100)
2024-11-21 05:13:46,227 -                train: [    INFO] - valid_acc 95.420002 - best_valid_acc 95.780003
2024-11-21 05:13:46,643 -                train: [    INFO] - Train: 396 [   0/520]  Loss: 0.2055 (0.205)  Acc@1: 94.7917 (94.7917)  Acc@5: 100.0000 (100.0000)LR: 6.478e-03
2024-11-21 05:14:32,663 -                train: [    INFO] - Train: 396 [ 200/520]  Loss: 0.2362 (0.254)  Acc@1: 95.8333 (94.0972)  Acc@5: 98.9583 (99.8393)LR: 6.478e-03
2024-11-21 05:15:18,596 -                train: [    INFO] - Train: 396 [ 400/520]  Loss: 0.2572 (0.254)  Acc@1: 91.6667 (94.0747)  Acc@5: 100.0000 (99.8441)LR: 6.478e-03
2024-11-21 05:15:46,071 -                train: [    INFO] - Train: 396 [ 520/520]  Loss: 0.4285 (0.255)  Acc@1: 91.2500 (94.0220)  Acc@5: 100.0000 (99.8560)LR: 6.478e-03
2024-11-21 05:15:46,323 -                train: [    INFO] - Valid: 396 [   0/104]  Loss: 0.1839 (0.184)  Acc@1: 94.7917 (94.7917)  Acc@5: 100.0000 (100.0000)
2024-11-21 05:15:52,452 -                train: [    INFO] - Valid: 396 [ 104/104]  Loss: 0.2772 (0.138)  Acc@1: 93.7500 (95.7500)  Acc@5: 100.0000 (99.8900)
2024-11-21 05:15:52,480 -                train: [    INFO] - valid_acc 95.750003 - best_valid_acc 95.780003
2024-11-21 05:15:52,874 -                train: [    INFO] - Train: 397 [   0/520]  Loss: 0.1987 (0.199)  Acc@1: 96.8750 (96.8750)  Acc@5: 100.0000 (100.0000)LR: 6.421e-03
2024-11-21 05:16:38,626 -                train: [    INFO] - Train: 397 [ 200/520]  Loss: 0.3899 (0.238)  Acc@1: 90.6250 (94.4134)  Acc@5: 100.0000 (99.8860)LR: 6.421e-03
2024-11-21 05:17:24,523 -                train: [    INFO] - Train: 397 [ 400/520]  Loss: 0.4102 (0.249)  Acc@1: 89.5833 (94.1111)  Acc@5: 98.9583 (99.8675)LR: 6.421e-03
2024-11-21 05:17:51,957 -                train: [    INFO] - Train: 397 [ 520/520]  Loss: 0.2472 (0.252)  Acc@1: 93.7500 (94.0360)  Acc@5: 100.0000 (99.8520)LR: 6.421e-03
2024-11-21 05:17:52,218 -                train: [    INFO] - Valid: 397 [   0/104]  Loss: 0.1414 (0.141)  Acc@1: 94.7917 (94.7917)  Acc@5: 100.0000 (100.0000)
2024-11-21 05:17:58,355 -                train: [    INFO] - Valid: 397 [ 104/104]  Loss: 0.04494 (0.135)  Acc@1: 100.0000 (95.8600)  Acc@5: 100.0000 (99.9200)
2024-11-21 05:17:58,877 -                train: [    INFO] - valid_acc 95.860003 - best_valid_acc 95.860003
2024-11-21 05:17:59,313 -                train: [    INFO] - Train: 398 [   0/520]  Loss: 0.4076 (0.408)  Acc@1: 92.7083 (92.7083)  Acc@5: 100.0000 (100.0000)LR: 6.364e-03
2024-11-21 05:18:45,418 -                train: [    INFO] - Train: 398 [ 200/520]  Loss: 0.3317 (0.237)  Acc@1: 91.6667 (94.2527)  Acc@5: 100.0000 (99.8860)LR: 6.364e-03
2024-11-21 05:19:31,472 -                train: [    INFO] - Train: 398 [ 400/520]  Loss: 0.2645 (0.251)  Acc@1: 94.7917 (93.9500)  Acc@5: 100.0000 (99.8649)LR: 6.364e-03
2024-11-21 05:19:59,230 -                train: [    INFO] - Train: 398 [ 520/520]  Loss: 0.1926 (0.250)  Acc@1: 95.0000 (93.9700)  Acc@5: 100.0000 (99.8800)LR: 6.364e-03
2024-11-21 05:19:59,492 -                train: [    INFO] - Valid: 398 [   0/104]  Loss: 0.1219 (0.122)  Acc@1: 94.7917 (94.7917)  Acc@5: 100.0000 (100.0000)
2024-11-21 05:20:05,627 -                train: [    INFO] - Valid: 398 [ 104/104]  Loss: 0.08706 (0.134)  Acc@1: 93.7500 (96.0000)  Acc@5: 100.0000 (99.9400)
2024-11-21 05:20:06,125 -                train: [    INFO] - valid_acc 96.000003 - best_valid_acc 96.000003
2024-11-21 05:20:06,562 -                train: [    INFO] - Train: 399 [   0/520]  Loss: 0.1234 (0.123)  Acc@1: 97.9167 (97.9167)  Acc@5: 100.0000 (100.0000)LR: 6.307e-03
2024-11-21 05:20:52,319 -                train: [    INFO] - Train: 399 [ 200/520]  Loss: 0.2076 (0.255)  Acc@1: 94.7917 (93.9988)  Acc@5: 100.0000 (99.8290)LR: 6.307e-03
2024-11-21 05:21:37,928 -                train: [    INFO] - Train: 399 [ 400/520]  Loss: 0.2262 (0.257)  Acc@1: 94.7917 (93.8981)  Acc@5: 100.0000 (99.8208)LR: 6.307e-03
2024-11-21 05:22:05,314 -                train: [    INFO] - Train: 399 [ 520/520]  Loss: 0.3549 (0.257)  Acc@1: 90.0000 (93.9340)  Acc@5: 98.7500 (99.8220)LR: 6.307e-03
2024-11-21 05:22:05,566 -                train: [    INFO] - Valid: 399 [   0/104]  Loss: 0.09324 (0.0932)  Acc@1: 94.7917 (94.7917)  Acc@5: 100.0000 (100.0000)
2024-11-21 05:22:11,704 -                train: [    INFO] - Valid: 399 [ 104/104]  Loss: 0.05154 (0.150)  Acc@1: 93.7500 (95.5200)  Acc@5: 100.0000 (99.9400)
2024-11-21 05:22:11,728 -                train: [    INFO] - valid_acc 95.520002 - best_valid_acc 96.000003
2024-11-21 05:22:12,146 -                train: [    INFO] - Train: 400 [   0/520]  Loss: 0.2123 (0.212)  Acc@1: 95.8333 (95.8333)  Acc@5: 100.0000 (100.0000)LR: 6.250e-03
2024-11-21 05:22:58,019 -                train: [    INFO] - Train: 400 [ 200/520]  Loss: 0.2662 (0.247)  Acc@1: 93.7500 (94.2527)  Acc@5: 100.0000 (99.8912)LR: 6.250e-03
2024-11-21 05:23:43,658 -                train: [    INFO] - Train: 400 [ 400/520]  Loss: 0.1958 (0.247)  Acc@1: 94.7917 (94.1397)  Acc@5: 100.0000 (99.8753)LR: 6.250e-03
2024-11-21 05:24:11,053 -                train: [    INFO] - Train: 400 [ 520/520]  Loss: 0.2253 (0.249)  Acc@1: 95.0000 (94.1120)  Acc@5: 100.0000 (99.8560)LR: 6.250e-03
2024-11-21 05:24:11,283 -                train: [    INFO] - Valid: 400 [   0/104]  Loss: 0.2200 (0.220)  Acc@1: 91.6667 (91.6667)  Acc@5: 100.0000 (100.0000)
2024-11-21 05:24:17,415 -                train: [    INFO] - Valid: 400 [ 104/104]  Loss: 0.01623 (0.140)  Acc@1: 100.0000 (95.7000)  Acc@5: 100.0000 (99.9300)
2024-11-21 05:24:17,440 -                train: [    INFO] - valid_acc 95.700003 - best_valid_acc 96.000003
2024-11-21 05:24:17,866 -                train: [    INFO] - Train: 401 [   0/520]  Loss: 0.2658 (0.266)  Acc@1: 93.7500 (93.7500)  Acc@5: 100.0000 (100.0000)LR: 6.193e-03
2024-11-21 05:25:03,499 -                train: [    INFO] - Train: 401 [ 200/520]  Loss: 0.1836 (0.237)  Acc@1: 96.8750 (94.4548)  Acc@5: 100.0000 (99.8653)LR: 6.193e-03
2024-11-21 05:25:49,309 -                train: [    INFO] - Train: 401 [ 400/520]  Loss: 0.3082 (0.247)  Acc@1: 92.7083 (94.1474)  Acc@5: 100.0000 (99.8597)LR: 6.193e-03
2024-11-21 05:26:16,758 -                train: [    INFO] - Train: 401 [ 520/520]  Loss: 0.3237 (0.250)  Acc@1: 93.7500 (94.0720)  Acc@5: 100.0000 (99.8640)LR: 6.193e-03
2024-11-21 05:26:16,987 -                train: [    INFO] - Valid: 401 [   0/104]  Loss: 0.1832 (0.183)  Acc@1: 94.7917 (94.7917)  Acc@5: 100.0000 (100.0000)
2024-11-21 05:26:23,119 -                train: [    INFO] - Valid: 401 [ 104/104]  Loss: 0.006268 (0.153)  Acc@1: 100.0000 (95.4600)  Acc@5: 100.0000 (99.9000)
2024-11-21 05:26:23,193 -                train: [    INFO] - valid_acc 95.460002 - best_valid_acc 96.000003
2024-11-21 05:26:23,596 -                train: [    INFO] - Train: 402 [   0/520]  Loss: 0.3667 (0.367)  Acc@1: 90.6250 (90.6250)  Acc@5: 100.0000 (100.0000)LR: 6.137e-03
2024-11-21 05:27:09,240 -                train: [    INFO] - Train: 402 [ 200/520]  Loss: 0.2860 (0.242)  Acc@1: 91.6667 (94.2682)  Acc@5: 100.0000 (99.9067)LR: 6.137e-03
2024-11-21 05:27:54,967 -                train: [    INFO] - Train: 402 [ 400/520]  Loss: 0.1778 (0.247)  Acc@1: 94.7917 (94.0825)  Acc@5: 100.0000 (99.8831)LR: 6.137e-03
2024-11-21 05:28:22,263 -                train: [    INFO] - Train: 402 [ 520/520]  Loss: 0.1251 (0.248)  Acc@1: 98.7500 (94.0980)  Acc@5: 100.0000 (99.8800)LR: 6.137e-03
2024-11-21 05:28:22,506 -                train: [    INFO] - Valid: 402 [   0/104]  Loss: 0.1003 (0.100)  Acc@1: 95.8333 (95.8333)  Acc@5: 100.0000 (100.0000)
2024-11-21 05:28:28,649 -                train: [    INFO] - Valid: 402 [ 104/104]  Loss: 0.2248 (0.133)  Acc@1: 93.7500 (95.8200)  Acc@5: 100.0000 (99.9400)
2024-11-21 05:28:28,679 -                train: [    INFO] - valid_acc 95.820003 - best_valid_acc 96.000003
2024-11-21 05:28:29,096 -                train: [    INFO] - Train: 403 [   0/520]  Loss: 0.3001 (0.300)  Acc@1: 94.7917 (94.7917)  Acc@5: 100.0000 (100.0000)LR: 6.081e-03
2024-11-21 05:29:15,333 -                train: [    INFO] - Train: 403 [ 200/520]  Loss: 0.2131 (0.239)  Acc@1: 93.7500 (94.2579)  Acc@5: 100.0000 (99.8445)LR: 6.081e-03
2024-11-21 05:30:00,938 -                train: [    INFO] - Train: 403 [ 400/520]  Loss: 0.2282 (0.243)  Acc@1: 94.7917 (94.1293)  Acc@5: 100.0000 (99.8597)LR: 6.081e-03
2024-11-21 05:30:28,309 -                train: [    INFO] - Train: 403 [ 520/520]  Loss: 0.3182 (0.245)  Acc@1: 93.7500 (94.1080)  Acc@5: 100.0000 (99.8500)LR: 6.081e-03
2024-11-21 05:30:28,546 -                train: [    INFO] - Valid: 403 [   0/104]  Loss: 0.1207 (0.121)  Acc@1: 94.7917 (94.7917)  Acc@5: 100.0000 (100.0000)
2024-11-21 05:30:34,683 -                train: [    INFO] - Valid: 403 [ 104/104]  Loss: 0.002895 (0.145)  Acc@1: 100.0000 (95.3700)  Acc@5: 100.0000 (99.8700)
2024-11-21 05:30:34,714 -                train: [    INFO] - valid_acc 95.370003 - best_valid_acc 96.000003
2024-11-21 05:30:35,135 -                train: [    INFO] - Train: 404 [   0/520]  Loss: 0.2513 (0.251)  Acc@1: 93.7500 (93.7500)  Acc@5: 100.0000 (100.0000)LR: 6.025e-03
2024-11-21 05:31:21,116 -                train: [    INFO] - Train: 404 [ 200/520]  Loss: 0.1856 (0.245)  Acc@1: 95.8333 (94.1542)  Acc@5: 100.0000 (99.8549)LR: 6.025e-03
2024-11-21 05:32:07,179 -                train: [    INFO] - Train: 404 [ 400/520]  Loss: 0.3553 (0.245)  Acc@1: 90.6250 (94.1215)  Acc@5: 100.0000 (99.8701)LR: 6.025e-03
2024-11-21 05:32:34,788 -                train: [    INFO] - Train: 404 [ 520/520]  Loss: 0.1938 (0.246)  Acc@1: 95.0000 (94.1080)  Acc@5: 100.0000 (99.8700)LR: 6.025e-03
2024-11-21 05:32:35,039 -                train: [    INFO] - Valid: 404 [   0/104]  Loss: 0.1404 (0.140)  Acc@1: 93.7500 (93.7500)  Acc@5: 100.0000 (100.0000)
2024-11-21 05:32:41,171 -                train: [    INFO] - Valid: 404 [ 104/104]  Loss: 0.07783 (0.147)  Acc@1: 93.7500 (95.4400)  Acc@5: 100.0000 (99.9100)
2024-11-21 05:32:41,197 -                train: [    INFO] - valid_acc 95.440003 - best_valid_acc 96.000003
2024-11-21 05:32:41,627 -                train: [    INFO] - Train: 405 [   0/520]  Loss: 0.1986 (0.199)  Acc@1: 94.7917 (94.7917)  Acc@5: 100.0000 (100.0000)LR: 5.969e-03
2024-11-21 05:33:27,587 -                train: [    INFO] - Train: 405 [ 200/520]  Loss: 0.2031 (0.241)  Acc@1: 95.8333 (94.3356)  Acc@5: 100.0000 (99.8704)LR: 5.969e-03
2024-11-21 05:34:13,626 -                train: [    INFO] - Train: 405 [ 400/520]  Loss: 0.3102 (0.242)  Acc@1: 94.7917 (94.2721)  Acc@5: 100.0000 (99.8493)LR: 5.969e-03
2024-11-21 05:34:41,043 -                train: [    INFO] - Train: 405 [ 520/520]  Loss: 0.1758 (0.244)  Acc@1: 95.0000 (94.1760)  Acc@5: 100.0000 (99.8640)LR: 5.969e-03
2024-11-21 05:34:41,301 -                train: [    INFO] - Valid: 405 [   0/104]  Loss: 0.05645 (0.0564)  Acc@1: 98.9583 (98.9583)  Acc@5: 100.0000 (100.0000)
2024-11-21 05:34:47,458 -                train: [    INFO] - Valid: 405 [ 104/104]  Loss: 0.04926 (0.142)  Acc@1: 100.0000 (95.8200)  Acc@5: 100.0000 (99.9100)
2024-11-21 05:34:47,501 -                train: [    INFO] - valid_acc 95.820002 - best_valid_acc 96.000003
2024-11-21 05:34:47,953 -                train: [    INFO] - Train: 406 [   0/520]  Loss: 0.4420 (0.442)  Acc@1: 89.5833 (89.5833)  Acc@5: 100.0000 (100.0000)LR: 5.913e-03
2024-11-21 05:35:34,057 -                train: [    INFO] - Train: 406 [ 200/520]  Loss: 0.1957 (0.239)  Acc@1: 93.7500 (94.2164)  Acc@5: 100.0000 (99.9171)LR: 5.913e-03
2024-11-21 05:36:19,833 -                train: [    INFO] - Train: 406 [ 400/520]  Loss: 0.3314 (0.239)  Acc@1: 92.7083 (94.3189)  Acc@5: 98.9583 (99.8883)LR: 5.913e-03
2024-11-21 05:36:47,170 -                train: [    INFO] - Train: 406 [ 520/520]  Loss: 0.2397 (0.239)  Acc@1: 95.0000 (94.3220)  Acc@5: 100.0000 (99.8840)LR: 5.913e-03
2024-11-21 05:36:47,483 -                train: [    INFO] - Valid: 406 [   0/104]  Loss: 0.1487 (0.149)  Acc@1: 94.7917 (94.7917)  Acc@5: 100.0000 (100.0000)
2024-11-21 05:36:53,721 -                train: [    INFO] - Valid: 406 [ 104/104]  Loss: 0.2082 (0.149)  Acc@1: 93.7500 (95.3000)  Acc@5: 100.0000 (99.9400)
2024-11-21 05:36:53,752 -                train: [    INFO] - valid_acc 95.300002 - best_valid_acc 96.000003
2024-11-21 05:36:54,225 -                train: [    INFO] - Train: 407 [   0/520]  Loss: 0.2467 (0.247)  Acc@1: 91.6667 (91.6667)  Acc@5: 100.0000 (100.0000)LR: 5.858e-03
2024-11-21 05:37:40,121 -                train: [    INFO] - Train: 407 [ 200/520]  Loss: 0.4217 (0.233)  Acc@1: 89.5833 (94.4859)  Acc@5: 100.0000 (99.8704)LR: 5.858e-03
2024-11-21 05:38:26,019 -                train: [    INFO] - Train: 407 [ 400/520]  Loss: 0.1609 (0.234)  Acc@1: 94.7917 (94.4358)  Acc@5: 100.0000 (99.8831)LR: 5.858e-03
2024-11-21 05:38:53,463 -                train: [    INFO] - Train: 407 [ 520/520]  Loss: 0.1940 (0.234)  Acc@1: 95.0000 (94.3860)  Acc@5: 100.0000 (99.8800)LR: 5.858e-03
2024-11-21 05:38:53,765 -                train: [    INFO] - Valid: 407 [   0/104]  Loss: 0.1343 (0.134)  Acc@1: 96.8750 (96.8750)  Acc@5: 100.0000 (100.0000)
2024-11-21 05:38:59,894 -                train: [    INFO] - Valid: 407 [ 104/104]  Loss: 0.1363 (0.146)  Acc@1: 93.7500 (95.7500)  Acc@5: 100.0000 (99.9300)
2024-11-21 05:38:59,933 -                train: [    INFO] - valid_acc 95.750002 - best_valid_acc 96.000003
2024-11-21 05:39:00,421 -                train: [    INFO] - Train: 408 [   0/520]  Loss: 0.1473 (0.147)  Acc@1: 95.8333 (95.8333)  Acc@5: 100.0000 (100.0000)LR: 5.802e-03
2024-11-21 05:39:48,332 -                train: [    INFO] - Train: 408 [ 200/520]  Loss: 0.2707 (0.232)  Acc@1: 92.7083 (94.5118)  Acc@5: 100.0000 (99.9015)LR: 5.802e-03
2024-11-21 05:40:36,715 -                train: [    INFO] - Train: 408 [ 400/520]  Loss: 0.2380 (0.235)  Acc@1: 95.8333 (94.3631)  Acc@5: 100.0000 (99.8571)LR: 5.802e-03
2024-11-21 05:41:05,964 -                train: [    INFO] - Train: 408 [ 520/520]  Loss: 0.3163 (0.240)  Acc@1: 96.2500 (94.2460)  Acc@5: 100.0000 (99.8580)LR: 5.802e-03
2024-11-21 05:41:06,278 -                train: [    INFO] - Valid: 408 [   0/104]  Loss: 0.05000 (0.0500)  Acc@1: 97.9167 (97.9167)  Acc@5: 100.0000 (100.0000)
2024-11-21 05:41:12,411 -                train: [    INFO] - Valid: 408 [ 104/104]  Loss: 0.2170 (0.136)  Acc@1: 93.7500 (95.9000)  Acc@5: 100.0000 (99.9000)
2024-11-21 05:41:12,444 -                train: [    INFO] - valid_acc 95.900003 - best_valid_acc 96.000003
2024-11-21 05:41:12,911 -                train: [    INFO] - Train: 409 [   0/520]  Loss: 0.3352 (0.335)  Acc@1: 92.7083 (92.7083)  Acc@5: 98.9583 (98.9583)LR: 5.747e-03
2024-11-21 05:41:58,643 -                train: [    INFO] - Train: 409 [ 200/520]  Loss: 0.1693 (0.233)  Acc@1: 95.8333 (94.7450)  Acc@5: 100.0000 (99.8601)LR: 5.747e-03
2024-11-21 05:42:44,513 -                train: [    INFO] - Train: 409 [ 400/520]  Loss: 0.2856 (0.235)  Acc@1: 92.7083 (94.6306)  Acc@5: 100.0000 (99.8597)LR: 5.747e-03
2024-11-21 05:43:11,985 -                train: [    INFO] - Train: 409 [ 520/520]  Loss: 0.3406 (0.237)  Acc@1: 90.0000 (94.5660)  Acc@5: 100.0000 (99.8640)LR: 5.747e-03
2024-11-21 05:43:12,260 -                train: [    INFO] - Valid: 409 [   0/104]  Loss: 0.08635 (0.0863)  Acc@1: 96.8750 (96.8750)  Acc@5: 100.0000 (100.0000)
2024-11-21 05:43:18,401 -                train: [    INFO] - Valid: 409 [ 104/104]  Loss: 0.09228 (0.126)  Acc@1: 100.0000 (95.9900)  Acc@5: 100.0000 (99.9400)
2024-11-21 05:43:18,433 -                train: [    INFO] - valid_acc 95.990003 - best_valid_acc 96.000003
2024-11-21 05:43:18,897 -                train: [    INFO] - Train: 410 [   0/520]  Loss: 0.1781 (0.178)  Acc@1: 95.8333 (95.8333)  Acc@5: 100.0000 (100.0000)LR: 5.692e-03
2024-11-21 05:44:04,811 -                train: [    INFO] - Train: 410 [ 200/520]  Loss: 0.1843 (0.227)  Acc@1: 95.8333 (94.7709)  Acc@5: 100.0000 (99.9119)LR: 5.692e-03
2024-11-21 05:44:50,487 -                train: [    INFO] - Train: 410 [ 400/520]  Loss: 0.1893 (0.228)  Acc@1: 95.8333 (94.7423)  Acc@5: 100.0000 (99.8883)LR: 5.692e-03
2024-11-21 05:45:17,852 -                train: [    INFO] - Train: 410 [ 520/520]  Loss: 0.1271 (0.232)  Acc@1: 97.5000 (94.6460)  Acc@5: 100.0000 (99.8800)LR: 5.692e-03
2024-11-21 05:45:18,178 -                train: [    INFO] - Valid: 410 [   0/104]  Loss: 0.1048 (0.105)  Acc@1: 96.8750 (96.8750)  Acc@5: 100.0000 (100.0000)
2024-11-21 05:45:24,306 -                train: [    INFO] - Valid: 410 [ 104/104]  Loss: 0.02128 (0.151)  Acc@1: 100.0000 (95.5900)  Acc@5: 100.0000 (99.8900)
2024-11-21 05:45:24,339 -                train: [    INFO] - valid_acc 95.590002 - best_valid_acc 96.000003
2024-11-21 05:45:24,875 -                train: [    INFO] - Train: 411 [   0/520]  Loss: 0.1393 (0.139)  Acc@1: 94.7917 (94.7917)  Acc@5: 100.0000 (100.0000)LR: 5.637e-03
2024-11-21 05:46:10,510 -                train: [    INFO] - Train: 411 [ 200/520]  Loss: 0.2208 (0.233)  Acc@1: 93.7500 (94.5533)  Acc@5: 100.0000 (99.8290)LR: 5.637e-03
2024-11-21 05:46:56,343 -                train: [    INFO] - Train: 411 [ 400/520]  Loss: 0.2449 (0.230)  Acc@1: 94.7917 (94.5968)  Acc@5: 100.0000 (99.8519)LR: 5.637e-03
2024-11-21 05:47:23,798 -                train: [    INFO] - Train: 411 [ 520/520]  Loss: 0.4244 (0.234)  Acc@1: 90.0000 (94.5080)  Acc@5: 98.7500 (99.8580)LR: 5.637e-03
2024-11-21 05:47:24,189 -                train: [    INFO] - Valid: 411 [   0/104]  Loss: 0.1723 (0.172)  Acc@1: 94.7917 (94.7917)  Acc@5: 100.0000 (100.0000)
2024-11-21 05:47:30,387 -                train: [    INFO] - Valid: 411 [ 104/104]  Loss: 0.2040 (0.156)  Acc@1: 93.7500 (95.3900)  Acc@5: 100.0000 (99.9000)
2024-11-21 05:47:30,418 -                train: [    INFO] - valid_acc 95.390003 - best_valid_acc 96.000003
2024-11-21 05:47:30,935 -                train: [    INFO] - Train: 412 [   0/520]  Loss: 0.2064 (0.206)  Acc@1: 92.7083 (92.7083)  Acc@5: 100.0000 (100.0000)LR: 5.583e-03
2024-11-21 05:48:16,476 -                train: [    INFO] - Train: 412 [ 200/520]  Loss: 0.2831 (0.237)  Acc@1: 93.7500 (94.2838)  Acc@5: 100.0000 (99.8393)LR: 5.583e-03
2024-11-21 05:49:02,369 -                train: [    INFO] - Train: 412 [ 400/520]  Loss: 0.1755 (0.238)  Acc@1: 94.7917 (94.3267)  Acc@5: 100.0000 (99.8597)LR: 5.583e-03
2024-11-21 05:49:29,815 -                train: [    INFO] - Train: 412 [ 520/520]  Loss: 0.4427 (0.237)  Acc@1: 91.2500 (94.3340)  Acc@5: 98.7500 (99.8720)LR: 5.583e-03
2024-11-21 05:49:30,124 -                train: [    INFO] - Valid: 412 [   0/104]  Loss: 0.06258 (0.0626)  Acc@1: 96.8750 (96.8750)  Acc@5: 100.0000 (100.0000)
2024-11-21 05:49:36,270 -                train: [    INFO] - Valid: 412 [ 104/104]  Loss: 0.05662 (0.141)  Acc@1: 100.0000 (95.7900)  Acc@5: 100.0000 (99.9200)
2024-11-21 05:49:36,303 -                train: [    INFO] - valid_acc 95.790003 - best_valid_acc 96.000003
2024-11-21 05:49:36,750 -                train: [    INFO] - Train: 413 [   0/520]  Loss: 0.2926 (0.293)  Acc@1: 94.7917 (94.7917)  Acc@5: 100.0000 (100.0000)LR: 5.528e-03
2024-11-21 05:50:22,707 -                train: [    INFO] - Train: 413 [ 200/520]  Loss: 0.2981 (0.232)  Acc@1: 93.7500 (94.6310)  Acc@5: 100.0000 (99.8704)LR: 5.528e-03
2024-11-21 05:51:08,778 -                train: [    INFO] - Train: 413 [ 400/520]  Loss: 0.4483 (0.231)  Acc@1: 89.5833 (94.6228)  Acc@5: 100.0000 (99.8779)LR: 5.528e-03
2024-11-21 05:51:36,264 -                train: [    INFO] - Train: 413 [ 520/520]  Loss: 0.2426 (0.232)  Acc@1: 95.0000 (94.6200)  Acc@5: 100.0000 (99.8820)LR: 5.528e-03
2024-11-21 05:51:36,507 -                train: [    INFO] - Valid: 413 [   0/104]  Loss: 0.1427 (0.143)  Acc@1: 95.8333 (95.8333)  Acc@5: 100.0000 (100.0000)
2024-11-21 05:51:42,635 -                train: [    INFO] - Valid: 413 [ 104/104]  Loss: 0.009620 (0.140)  Acc@1: 100.0000 (96.0600)  Acc@5: 100.0000 (99.9300)
2024-11-21 05:51:43,224 -                train: [    INFO] - valid_acc 96.060002 - best_valid_acc 96.060002
2024-11-21 05:51:43,681 -                train: [    INFO] - Train: 414 [   0/520]  Loss: 0.3401 (0.340)  Acc@1: 89.5833 (89.5833)  Acc@5: 100.0000 (100.0000)LR: 5.474e-03
2024-11-21 05:52:29,423 -                train: [    INFO] - Train: 414 [ 200/520]  Loss: 0.1593 (0.228)  Acc@1: 98.9583 (94.6880)  Acc@5: 100.0000 (99.8964)LR: 5.474e-03
2024-11-21 05:53:15,282 -                train: [    INFO] - Train: 414 [ 400/520]  Loss: 0.1948 (0.232)  Acc@1: 97.9167 (94.5579)  Acc@5: 100.0000 (99.8909)LR: 5.474e-03
2024-11-21 05:53:42,814 -                train: [    INFO] - Train: 414 [ 520/520]  Loss: 0.2604 (0.236)  Acc@1: 95.0000 (94.4080)  Acc@5: 100.0000 (99.8840)LR: 5.474e-03
2024-11-21 05:53:43,081 -                train: [    INFO] - Valid: 414 [   0/104]  Loss: 0.1113 (0.111)  Acc@1: 96.8750 (96.8750)  Acc@5: 100.0000 (100.0000)
2024-11-21 05:53:49,217 -                train: [    INFO] - Valid: 414 [ 104/104]  Loss: 0.05184 (0.137)  Acc@1: 100.0000 (95.7700)  Acc@5: 100.0000 (99.9300)
2024-11-21 05:53:49,252 -                train: [    INFO] - valid_acc 95.770002 - best_valid_acc 96.060002
2024-11-21 05:53:49,716 -                train: [    INFO] - Train: 415 [   0/520]  Loss: 0.2230 (0.223)  Acc@1: 94.7917 (94.7917)  Acc@5: 100.0000 (100.0000)LR: 5.420e-03
2024-11-21 05:54:35,686 -                train: [    INFO] - Train: 415 [ 200/520]  Loss: 0.2679 (0.216)  Acc@1: 93.7500 (94.8590)  Acc@5: 100.0000 (99.8860)LR: 5.420e-03
2024-11-21 05:55:21,466 -                train: [    INFO] - Train: 415 [ 400/520]  Loss: 0.2813 (0.223)  Acc@1: 93.7500 (94.7709)  Acc@5: 98.9583 (99.8831)LR: 5.420e-03
2024-11-21 05:55:48,858 -                train: [    INFO] - Train: 415 [ 520/520]  Loss: 0.2032 (0.224)  Acc@1: 95.0000 (94.7240)  Acc@5: 100.0000 (99.8780)LR: 5.420e-03
2024-11-21 05:55:49,206 -                train: [    INFO] - Valid: 415 [   0/104]  Loss: 0.2069 (0.207)  Acc@1: 94.7917 (94.7917)  Acc@5: 100.0000 (100.0000)
2024-11-21 05:55:55,345 -                train: [    INFO] - Valid: 415 [ 104/104]  Loss: 0.08422 (0.137)  Acc@1: 93.7500 (95.8900)  Acc@5: 100.0000 (99.9000)
2024-11-21 05:55:55,377 -                train: [    INFO] - valid_acc 95.890003 - best_valid_acc 96.060002
2024-11-21 05:55:55,839 -                train: [    INFO] - Train: 416 [   0/520]  Loss: 0.2117 (0.212)  Acc@1: 96.8750 (96.8750)  Acc@5: 100.0000 (100.0000)LR: 5.366e-03
2024-11-21 05:56:41,589 -                train: [    INFO] - Train: 416 [ 200/520]  Loss: 0.5057 (0.228)  Acc@1: 91.6667 (94.4911)  Acc@5: 100.0000 (99.9015)LR: 5.366e-03
2024-11-21 05:57:27,771 -                train: [    INFO] - Train: 416 [ 400/520]  Loss: 0.1260 (0.226)  Acc@1: 96.8750 (94.6202)  Acc@5: 100.0000 (99.9247)LR: 5.366e-03
2024-11-21 05:57:55,072 -                train: [    INFO] - Train: 416 [ 520/520]  Loss: 0.2466 (0.228)  Acc@1: 92.5000 (94.5280)  Acc@5: 100.0000 (99.9140)LR: 5.366e-03
2024-11-21 05:57:55,437 -                train: [    INFO] - Valid: 416 [   0/104]  Loss: 0.1669 (0.167)  Acc@1: 93.7500 (93.7500)  Acc@5: 100.0000 (100.0000)
2024-11-21 05:58:01,567 -                train: [    INFO] - Valid: 416 [ 104/104]  Loss: 0.1584 (0.135)  Acc@1: 87.5000 (95.8600)  Acc@5: 100.0000 (99.9200)
2024-11-21 05:58:01,633 -                train: [    INFO] - valid_acc 95.860003 - best_valid_acc 96.060002
2024-11-21 05:58:02,117 -                train: [    INFO] - Train: 417 [   0/520]  Loss: 0.2565 (0.257)  Acc@1: 93.7500 (93.7500)  Acc@5: 100.0000 (100.0000)LR: 5.312e-03
2024-11-21 05:58:48,065 -                train: [    INFO] - Train: 417 [ 200/520]  Loss: 0.07996 (0.220)  Acc@1: 98.9583 (94.7398)  Acc@5: 100.0000 (99.8964)LR: 5.312e-03
2024-11-21 05:59:33,958 -                train: [    INFO] - Train: 417 [ 400/520]  Loss: 0.2083 (0.222)  Acc@1: 95.8333 (94.7787)  Acc@5: 100.0000 (99.9195)LR: 5.312e-03
2024-11-21 06:00:01,581 -                train: [    INFO] - Train: 417 [ 520/520]  Loss: 0.2575 (0.225)  Acc@1: 93.7500 (94.6760)  Acc@5: 100.0000 (99.9140)LR: 5.312e-03
2024-11-21 06:00:01,955 -                train: [    INFO] - Valid: 417 [   0/104]  Loss: 0.1277 (0.128)  Acc@1: 96.8750 (96.8750)  Acc@5: 100.0000 (100.0000)
2024-11-21 06:00:08,112 -                train: [    INFO] - Valid: 417 [ 104/104]  Loss: 0.2769 (0.136)  Acc@1: 93.7500 (96.0900)  Acc@5: 100.0000 (99.9200)
2024-11-21 06:00:08,625 -                train: [    INFO] - valid_acc 96.090003 - best_valid_acc 96.090003
2024-11-21 06:00:09,172 -                train: [    INFO] - Train: 418 [   0/520]  Loss: 0.09416 (0.0942)  Acc@1: 98.9583 (98.9583)  Acc@5: 100.0000 (100.0000)LR: 5.259e-03
2024-11-21 06:00:57,160 -                train: [    INFO] - Train: 418 [ 200/520]  Loss: 0.2064 (0.222)  Acc@1: 95.8333 (94.7036)  Acc@5: 100.0000 (99.8549)LR: 5.259e-03
2024-11-21 06:01:44,820 -                train: [    INFO] - Train: 418 [ 400/520]  Loss: 0.3068 (0.223)  Acc@1: 92.7083 (94.6800)  Acc@5: 100.0000 (99.8805)LR: 5.259e-03
2024-11-21 06:02:12,639 -                train: [    INFO] - Train: 418 [ 520/520]  Loss: 0.1327 (0.225)  Acc@1: 95.0000 (94.6480)  Acc@5: 100.0000 (99.8780)LR: 5.259e-03
2024-11-21 06:02:13,030 -                train: [    INFO] - Valid: 418 [   0/104]  Loss: 0.1357 (0.136)  Acc@1: 96.8750 (96.8750)  Acc@5: 100.0000 (100.0000)
2024-11-21 06:02:19,230 -                train: [    INFO] - Valid: 418 [ 104/104]  Loss: 0.02523 (0.139)  Acc@1: 100.0000 (96.0000)  Acc@5: 100.0000 (99.9600)
2024-11-21 06:02:19,267 -                train: [    INFO] - valid_acc 96.000002 - best_valid_acc 96.090003
2024-11-21 06:02:19,759 -                train: [    INFO] - Train: 419 [   0/520]  Loss: 0.2543 (0.254)  Acc@1: 91.6667 (91.6667)  Acc@5: 100.0000 (100.0000)LR: 5.206e-03
2024-11-21 06:03:06,518 -                train: [    INFO] - Train: 419 [ 200/520]  Loss: 0.1569 (0.221)  Acc@1: 96.8750 (94.9109)  Acc@5: 100.0000 (99.8808)LR: 5.206e-03
2024-11-21 06:03:53,174 -                train: [    INFO] - Train: 419 [ 400/520]  Loss: 0.3898 (0.219)  Acc@1: 91.6667 (94.8540)  Acc@5: 100.0000 (99.9039)LR: 5.206e-03
2024-11-21 06:04:20,546 -                train: [    INFO] - Train: 419 [ 520/520]  Loss: 0.1842 (0.218)  Acc@1: 96.2500 (94.8100)  Acc@5: 100.0000 (99.9120)LR: 5.206e-03
2024-11-21 06:04:21,009 -                train: [    INFO] - Valid: 419 [   0/104]  Loss: 0.06671 (0.0667)  Acc@1: 96.8750 (96.8750)  Acc@5: 100.0000 (100.0000)
2024-11-21 06:04:27,146 -                train: [    INFO] - Valid: 419 [ 104/104]  Loss: 0.05608 (0.146)  Acc@1: 93.7500 (95.7000)  Acc@5: 100.0000 (99.8900)
2024-11-21 06:04:27,187 -                train: [    INFO] - valid_acc 95.700002 - best_valid_acc 96.090003
2024-11-21 06:04:27,616 -                train: [    INFO] - Train: 420 [   0/520]  Loss: 0.2552 (0.255)  Acc@1: 91.6667 (91.6667)  Acc@5: 100.0000 (100.0000)LR: 5.153e-03
2024-11-21 06:05:13,148 -                train: [    INFO] - Train: 420 [ 200/520]  Loss: 0.2354 (0.214)  Acc@1: 96.8750 (95.0301)  Acc@5: 100.0000 (99.8756)LR: 5.153e-03
2024-11-21 06:05:58,602 -                train: [    INFO] - Train: 420 [ 400/520]  Loss: 0.1227 (0.221)  Acc@1: 95.8333 (94.7657)  Acc@5: 100.0000 (99.8987)LR: 5.153e-03
2024-11-21 06:06:26,116 -                train: [    INFO] - Train: 420 [ 520/520]  Loss: 0.1539 (0.219)  Acc@1: 96.2500 (94.7880)  Acc@5: 100.0000 (99.9040)LR: 5.153e-03
2024-11-21 06:06:26,417 -                train: [    INFO] - Valid: 420 [   0/104]  Loss: 0.1410 (0.141)  Acc@1: 94.7917 (94.7917)  Acc@5: 100.0000 (100.0000)
2024-11-21 06:06:32,560 -                train: [    INFO] - Valid: 420 [ 104/104]  Loss: 0.02097 (0.138)  Acc@1: 100.0000 (95.9800)  Acc@5: 100.0000 (99.9000)
2024-11-21 06:06:32,592 -                train: [    INFO] - valid_acc 95.980003 - best_valid_acc 96.090003
2024-11-21 06:06:33,071 -                train: [    INFO] - Train: 421 [   0/520]  Loss: 0.1566 (0.157)  Acc@1: 95.8333 (95.8333)  Acc@5: 100.0000 (100.0000)LR: 5.100e-03
2024-11-21 06:07:18,960 -                train: [    INFO] - Train: 421 [ 200/520]  Loss: 0.2239 (0.215)  Acc@1: 92.7083 (94.9264)  Acc@5: 100.0000 (99.8756)LR: 5.100e-03
2024-11-21 06:08:05,002 -                train: [    INFO] - Train: 421 [ 400/520]  Loss: 0.2190 (0.220)  Acc@1: 94.7917 (94.8202)  Acc@5: 100.0000 (99.8935)LR: 5.100e-03
2024-11-21 06:08:32,351 -                train: [    INFO] - Train: 421 [ 520/520]  Loss: 0.3038 (0.223)  Acc@1: 93.7500 (94.7640)  Acc@5: 100.0000 (99.8940)LR: 5.100e-03
2024-11-21 06:08:32,663 -                train: [    INFO] - Valid: 421 [   0/104]  Loss: 0.2002 (0.200)  Acc@1: 94.7917 (94.7917)  Acc@5: 100.0000 (100.0000)
2024-11-21 06:08:38,833 -                train: [    INFO] - Valid: 421 [ 104/104]  Loss: 0.1408 (0.129)  Acc@1: 93.7500 (96.1900)  Acc@5: 100.0000 (99.9200)
2024-11-21 06:08:39,468 -                train: [    INFO] - valid_acc 96.190003 - best_valid_acc 96.190003
2024-11-21 06:08:39,906 -                train: [    INFO] - Train: 422 [   0/520]  Loss: 0.3284 (0.328)  Acc@1: 92.7083 (92.7083)  Acc@5: 100.0000 (100.0000)LR: 5.047e-03
2024-11-21 06:09:25,930 -                train: [    INFO] - Train: 422 [ 200/520]  Loss: 0.1385 (0.214)  Acc@1: 95.8333 (94.9316)  Acc@5: 100.0000 (99.8808)LR: 5.047e-03
2024-11-21 06:10:11,820 -                train: [    INFO] - Train: 422 [ 400/520]  Loss: 0.2609 (0.220)  Acc@1: 91.6667 (94.7787)  Acc@5: 100.0000 (99.8675)LR: 5.047e-03
2024-11-21 06:10:39,352 -                train: [    INFO] - Train: 422 [ 520/520]  Loss: 0.2502 (0.221)  Acc@1: 92.5000 (94.7520)  Acc@5: 100.0000 (99.8700)LR: 5.047e-03
2024-11-21 06:10:39,609 -                train: [    INFO] - Valid: 422 [   0/104]  Loss: 0.1225 (0.122)  Acc@1: 93.7500 (93.7500)  Acc@5: 100.0000 (100.0000)
2024-11-21 06:10:45,737 -                train: [    INFO] - Valid: 422 [ 104/104]  Loss: 0.2603 (0.150)  Acc@1: 93.7500 (95.6100)  Acc@5: 100.0000 (99.9500)
2024-11-21 06:10:45,772 -                train: [    INFO] - valid_acc 95.610003 - best_valid_acc 96.190003
2024-11-21 06:10:46,175 -                train: [    INFO] - Train: 423 [   0/520]  Loss: 0.3967 (0.397)  Acc@1: 90.6250 (90.6250)  Acc@5: 100.0000 (100.0000)LR: 4.995e-03
2024-11-21 06:11:31,764 -                train: [    INFO] - Train: 423 [ 200/520]  Loss: 0.3061 (0.211)  Acc@1: 90.6250 (95.1855)  Acc@5: 100.0000 (99.8808)LR: 4.995e-03
2024-11-21 06:12:17,547 -                train: [    INFO] - Train: 423 [ 400/520]  Loss: 0.3763 (0.218)  Acc@1: 90.6250 (95.0099)  Acc@5: 100.0000 (99.9065)LR: 4.995e-03
2024-11-21 06:12:45,076 -                train: [    INFO] - Train: 423 [ 520/520]  Loss: 0.3772 (0.219)  Acc@1: 93.7500 (94.9820)  Acc@5: 98.7500 (99.9040)LR: 4.995e-03
2024-11-21 06:12:45,355 -                train: [    INFO] - Valid: 423 [   0/104]  Loss: 0.1472 (0.147)  Acc@1: 94.7917 (94.7917)  Acc@5: 100.0000 (100.0000)
2024-11-21 06:12:51,484 -                train: [    INFO] - Valid: 423 [ 104/104]  Loss: 0.04765 (0.149)  Acc@1: 93.7500 (95.6100)  Acc@5: 100.0000 (99.9200)
2024-11-21 06:12:51,515 -                train: [    INFO] - valid_acc 95.610002 - best_valid_acc 96.190003
2024-11-21 06:12:51,980 -                train: [    INFO] - Train: 424 [   0/520]  Loss: 0.1177 (0.118)  Acc@1: 97.9167 (97.9167)  Acc@5: 100.0000 (100.0000)LR: 4.943e-03
2024-11-21 06:13:38,169 -                train: [    INFO] - Train: 424 [ 200/520]  Loss: 0.2389 (0.209)  Acc@1: 93.7500 (95.0145)  Acc@5: 100.0000 (99.8964)LR: 4.943e-03
2024-11-21 06:14:24,290 -                train: [    INFO] - Train: 424 [ 400/520]  Loss: 0.09609 (0.215)  Acc@1: 98.9583 (94.8410)  Acc@5: 100.0000 (99.9013)LR: 4.943e-03
2024-11-21 06:14:51,879 -                train: [    INFO] - Train: 424 [ 520/520]  Loss: 0.1665 (0.217)  Acc@1: 96.2500 (94.8820)  Acc@5: 100.0000 (99.8860)LR: 4.943e-03
2024-11-21 06:14:52,176 -                train: [    INFO] - Valid: 424 [   0/104]  Loss: 0.1245 (0.125)  Acc@1: 94.7917 (94.7917)  Acc@5: 100.0000 (100.0000)
2024-11-21 06:14:58,314 -                train: [    INFO] - Valid: 424 [ 104/104]  Loss: 0.2604 (0.145)  Acc@1: 93.7500 (96.0300)  Acc@5: 100.0000 (99.9000)
2024-11-21 06:14:58,341 -                train: [    INFO] - valid_acc 96.030003 - best_valid_acc 96.190003
2024-11-21 06:14:58,770 -                train: [    INFO] - Train: 425 [   0/520]  Loss: 0.2116 (0.212)  Acc@1: 94.7917 (94.7917)  Acc@5: 100.0000 (100.0000)LR: 4.890e-03
2024-11-21 06:15:44,594 -                train: [    INFO] - Train: 425 [ 200/520]  Loss: 0.2429 (0.215)  Acc@1: 92.7083 (94.9471)  Acc@5: 100.0000 (99.8238)LR: 4.890e-03
2024-11-21 06:16:30,465 -                train: [    INFO] - Train: 425 [ 400/520]  Loss: 0.2298 (0.218)  Acc@1: 93.7500 (94.9397)  Acc@5: 100.0000 (99.8571)LR: 4.890e-03
2024-11-21 06:16:58,056 -                train: [    INFO] - Train: 425 [ 520/520]  Loss: 0.1740 (0.217)  Acc@1: 98.7500 (94.9660)  Acc@5: 100.0000 (99.8720)LR: 4.890e-03
2024-11-21 06:16:58,392 -                train: [    INFO] - Valid: 425 [   0/104]  Loss: 0.09570 (0.0957)  Acc@1: 95.8333 (95.8333)  Acc@5: 100.0000 (100.0000)
2024-11-21 06:17:04,579 -                train: [    INFO] - Valid: 425 [ 104/104]  Loss: 0.1063 (0.147)  Acc@1: 93.7500 (95.9500)  Acc@5: 100.0000 (99.9300)
2024-11-21 06:17:04,615 -                train: [    INFO] - valid_acc 95.950002 - best_valid_acc 96.190003
2024-11-21 06:17:05,235 -                train: [    INFO] - Train: 426 [   0/520]  Loss: 0.3057 (0.306)  Acc@1: 93.7500 (93.7500)  Acc@5: 100.0000 (100.0000)LR: 4.839e-03
2024-11-21 06:17:50,882 -                train: [    INFO] - Train: 426 [ 200/520]  Loss: 0.2745 (0.220)  Acc@1: 93.7500 (94.8176)  Acc@5: 100.0000 (99.9015)LR: 4.839e-03
2024-11-21 06:18:36,601 -                train: [    INFO] - Train: 426 [ 400/520]  Loss: 0.3134 (0.219)  Acc@1: 93.7500 (94.8878)  Acc@5: 97.9167 (99.8649)LR: 4.839e-03
2024-11-21 06:19:04,252 -                train: [    INFO] - Train: 426 [ 520/520]  Loss: 0.2558 (0.218)  Acc@1: 91.2500 (94.8900)  Acc@5: 100.0000 (99.8660)LR: 4.839e-03
2024-11-21 06:19:04,643 -                train: [    INFO] - Valid: 426 [   0/104]  Loss: 0.08441 (0.0844)  Acc@1: 96.8750 (96.8750)  Acc@5: 100.0000 (100.0000)
2024-11-21 06:19:10,808 -                train: [    INFO] - Valid: 426 [ 104/104]  Loss: 0.1836 (0.142)  Acc@1: 93.7500 (95.8300)  Acc@5: 100.0000 (99.9500)
2024-11-21 06:19:10,841 -                train: [    INFO] - valid_acc 95.830002 - best_valid_acc 96.190003
2024-11-21 06:19:11,305 -                train: [    INFO] - Train: 427 [   0/520]  Loss: 0.2417 (0.242)  Acc@1: 90.6250 (90.6250)  Acc@5: 100.0000 (100.0000)LR: 4.787e-03
2024-11-21 06:19:57,390 -                train: [    INFO] - Train: 427 [ 200/520]  Loss: 0.1434 (0.219)  Acc@1: 95.8333 (94.7709)  Acc@5: 100.0000 (99.9067)LR: 4.787e-03
2024-11-21 06:20:43,194 -                train: [    INFO] - Train: 427 [ 400/520]  Loss: 0.2813 (0.216)  Acc@1: 93.7500 (94.9891)  Acc@5: 98.9583 (99.8779)LR: 4.787e-03
2024-11-21 06:21:10,687 -                train: [    INFO] - Train: 427 [ 520/520]  Loss: 0.07851 (0.214)  Acc@1: 100.0000 (95.0120)  Acc@5: 100.0000 (99.8880)LR: 4.787e-03
2024-11-21 06:21:10,974 -                train: [    INFO] - Valid: 427 [   0/104]  Loss: 0.1062 (0.106)  Acc@1: 95.8333 (95.8333)  Acc@5: 100.0000 (100.0000)
2024-11-21 06:21:17,110 -                train: [    INFO] - Valid: 427 [ 104/104]  Loss: 0.4649 (0.127)  Acc@1: 87.5000 (96.2200)  Acc@5: 100.0000 (99.9300)
2024-11-21 06:21:17,663 -                train: [    INFO] - valid_acc 96.220002 - best_valid_acc 96.220002
2024-11-21 06:21:18,224 -                train: [    INFO] - Train: 428 [   0/520]  Loss: 0.09440 (0.0944)  Acc@1: 97.9167 (97.9167)  Acc@5: 100.0000 (100.0000)LR: 4.736e-03
2024-11-21 06:22:04,373 -                train: [    INFO] - Train: 428 [ 200/520]  Loss: 0.1651 (0.203)  Acc@1: 96.8750 (95.2114)  Acc@5: 100.0000 (99.8964)LR: 4.736e-03
2024-11-21 06:22:50,391 -                train: [    INFO] - Train: 428 [ 400/520]  Loss: 0.3912 (0.210)  Acc@1: 89.5833 (95.0722)  Acc@5: 98.9583 (99.8831)LR: 4.736e-03
2024-11-21 06:23:17,943 -                train: [    INFO] - Train: 428 [ 520/520]  Loss: 0.2051 (0.213)  Acc@1: 96.2500 (94.9960)  Acc@5: 100.0000 (99.8860)LR: 4.736e-03
2024-11-21 06:23:18,338 -                train: [    INFO] - Valid: 428 [   0/104]  Loss: 0.09744 (0.0974)  Acc@1: 96.8750 (96.8750)  Acc@5: 100.0000 (100.0000)
2024-11-21 06:23:24,523 -                train: [    INFO] - Valid: 428 [ 104/104]  Loss: 0.08896 (0.150)  Acc@1: 93.7500 (95.6200)  Acc@5: 100.0000 (99.9400)
2024-11-21 06:23:24,555 -                train: [    INFO] - valid_acc 95.620002 - best_valid_acc 96.220002
2024-11-21 06:23:24,988 -                train: [    INFO] - Train: 429 [   0/520]  Loss: 0.1654 (0.165)  Acc@1: 94.7917 (94.7917)  Acc@5: 100.0000 (100.0000)LR: 4.684e-03
2024-11-21 06:24:11,281 -                train: [    INFO] - Train: 429 [ 200/520]  Loss: 0.1076 (0.211)  Acc@1: 97.9167 (95.0041)  Acc@5: 100.0000 (99.9274)LR: 4.684e-03
2024-11-21 06:24:57,373 -                train: [    INFO] - Train: 429 [ 400/520]  Loss: 0.2014 (0.210)  Acc@1: 94.7917 (95.0878)  Acc@5: 100.0000 (99.9039)LR: 4.684e-03
2024-11-21 06:25:24,895 -                train: [    INFO] - Train: 429 [ 520/520]  Loss: 0.2124 (0.210)  Acc@1: 95.0000 (95.1220)  Acc@5: 100.0000 (99.9020)LR: 4.684e-03
2024-11-21 06:25:25,178 -                train: [    INFO] - Valid: 429 [   0/104]  Loss: 0.1083 (0.108)  Acc@1: 97.9167 (97.9167)  Acc@5: 100.0000 (100.0000)
2024-11-21 06:25:31,315 -                train: [    INFO] - Valid: 429 [ 104/104]  Loss: 0.3600 (0.128)  Acc@1: 93.7500 (96.0100)  Acc@5: 100.0000 (99.9500)
2024-11-21 06:25:31,348 -                train: [    INFO] - valid_acc 96.010003 - best_valid_acc 96.220002
2024-11-21 06:25:31,839 -                train: [    INFO] - Train: 430 [   0/520]  Loss: 0.1238 (0.124)  Acc@1: 96.8750 (96.8750)  Acc@5: 100.0000 (100.0000)LR: 4.633e-03
2024-11-21 06:26:17,954 -                train: [    INFO] - Train: 430 [ 200/520]  Loss: 0.2816 (0.205)  Acc@1: 91.6667 (95.1648)  Acc@5: 100.0000 (99.9119)LR: 4.633e-03
2024-11-21 06:27:04,105 -                train: [    INFO] - Train: 430 [ 400/520]  Loss: 0.1795 (0.208)  Acc@1: 96.8750 (95.1268)  Acc@5: 100.0000 (99.8805)LR: 4.633e-03
2024-11-21 06:27:32,243 -                train: [    INFO] - Train: 430 [ 520/520]  Loss: 0.1893 (0.210)  Acc@1: 95.0000 (95.0740)  Acc@5: 100.0000 (99.8840)LR: 4.633e-03
2024-11-21 06:27:32,527 -                train: [    INFO] - Valid: 430 [   0/104]  Loss: 0.1146 (0.115)  Acc@1: 96.8750 (96.8750)  Acc@5: 100.0000 (100.0000)
2024-11-21 06:27:38,671 -                train: [    INFO] - Valid: 430 [ 104/104]  Loss: 0.03808 (0.129)  Acc@1: 100.0000 (96.3500)  Acc@5: 100.0000 (99.9000)
2024-11-21 06:27:39,332 -                train: [    INFO] - valid_acc 96.350002 - best_valid_acc 96.350002
2024-11-21 06:27:39,825 -                train: [    INFO] - Train: 431 [   0/520]  Loss: 0.2242 (0.224)  Acc@1: 94.7917 (94.7917)  Acc@5: 100.0000 (100.0000)LR: 4.583e-03
2024-11-21 06:28:26,037 -                train: [    INFO] - Train: 431 [ 200/520]  Loss: 0.2069 (0.198)  Acc@1: 94.7917 (95.3255)  Acc@5: 100.0000 (99.9378)LR: 4.583e-03
2024-11-21 06:29:12,060 -                train: [    INFO] - Train: 431 [ 400/520]  Loss: 0.2233 (0.206)  Acc@1: 95.8333 (95.2203)  Acc@5: 98.9583 (99.8961)LR: 4.583e-03
2024-11-21 06:29:39,562 -                train: [    INFO] - Train: 431 [ 520/520]  Loss: 0.1599 (0.208)  Acc@1: 96.2500 (95.1660)  Acc@5: 100.0000 (99.8780)LR: 4.583e-03
2024-11-21 06:29:39,891 -                train: [    INFO] - Valid: 431 [   0/104]  Loss: 0.1395 (0.139)  Acc@1: 95.8333 (95.8333)  Acc@5: 100.0000 (100.0000)
2024-11-21 06:29:46,063 -                train: [    INFO] - Valid: 431 [ 104/104]  Loss: 0.008468 (0.128)  Acc@1: 100.0000 (96.1100)  Acc@5: 100.0000 (99.9200)
2024-11-21 06:29:46,102 -                train: [    INFO] - valid_acc 96.110003 - best_valid_acc 96.350002
2024-11-21 06:29:46,604 -                train: [    INFO] - Train: 432 [   0/520]  Loss: 0.2287 (0.229)  Acc@1: 96.8750 (96.8750)  Acc@5: 100.0000 (100.0000)LR: 4.532e-03
2024-11-21 06:30:32,719 -                train: [    INFO] - Train: 432 [ 200/520]  Loss: 0.4079 (0.206)  Acc@1: 87.5000 (95.1493)  Acc@5: 100.0000 (99.8393)LR: 4.532e-03
2024-11-21 06:31:18,683 -                train: [    INFO] - Train: 432 [ 400/520]  Loss: 0.2621 (0.206)  Acc@1: 95.8333 (95.1683)  Acc@5: 100.0000 (99.8753)LR: 4.532e-03
2024-11-21 06:31:46,445 -                train: [    INFO] - Train: 432 [ 520/520]  Loss: 0.1226 (0.209)  Acc@1: 98.7500 (95.1540)  Acc@5: 100.0000 (99.8820)LR: 4.532e-03
2024-11-21 06:31:46,726 -                train: [    INFO] - Valid: 432 [   0/104]  Loss: 0.1492 (0.149)  Acc@1: 96.8750 (96.8750)  Acc@5: 100.0000 (100.0000)
2024-11-21 06:31:52,886 -                train: [    INFO] - Valid: 432 [ 104/104]  Loss: 0.2797 (0.132)  Acc@1: 93.7500 (96.0300)  Acc@5: 100.0000 (99.8900)
2024-11-21 06:31:52,918 -                train: [    INFO] - valid_acc 96.030002 - best_valid_acc 96.350002
2024-11-21 06:31:53,496 -                train: [    INFO] - Train: 433 [   0/520]  Loss: 0.2490 (0.249)  Acc@1: 92.7083 (92.7083)  Acc@5: 100.0000 (100.0000)LR: 4.482e-03
2024-11-21 06:32:39,741 -                train: [    INFO] - Train: 433 [ 200/520]  Loss: 0.07703 (0.199)  Acc@1: 97.9167 (95.2995)  Acc@5: 100.0000 (99.9274)LR: 4.482e-03
2024-11-21 06:33:26,075 -                train: [    INFO] - Train: 433 [ 400/520]  Loss: 0.1370 (0.200)  Acc@1: 95.8333 (95.2878)  Acc@5: 100.0000 (99.9195)LR: 4.482e-03
2024-11-21 06:33:53,690 -                train: [    INFO] - Train: 433 [ 520/520]  Loss: 0.3090 (0.208)  Acc@1: 92.5000 (95.1180)  Acc@5: 100.0000 (99.9080)LR: 4.482e-03
2024-11-21 06:33:53,992 -                train: [    INFO] - Valid: 433 [   0/104]  Loss: 0.1573 (0.157)  Acc@1: 96.8750 (96.8750)  Acc@5: 100.0000 (100.0000)
2024-11-21 06:34:00,135 -                train: [    INFO] - Valid: 433 [ 104/104]  Loss: 0.03618 (0.135)  Acc@1: 100.0000 (95.9100)  Acc@5: 100.0000 (99.9300)
2024-11-21 06:34:00,171 -                train: [    INFO] - valid_acc 95.910002 - best_valid_acc 96.350002
2024-11-21 06:34:00,621 -                train: [    INFO] - Train: 434 [   0/520]  Loss: 0.2345 (0.235)  Acc@1: 92.7083 (92.7083)  Acc@5: 100.0000 (100.0000)LR: 4.432e-03
2024-11-21 06:34:46,726 -                train: [    INFO] - Train: 434 [ 200/520]  Loss: 0.2545 (0.191)  Acc@1: 94.7917 (95.3721)  Acc@5: 100.0000 (99.9119)LR: 4.432e-03
2024-11-21 06:35:33,083 -                train: [    INFO] - Train: 434 [ 400/520]  Loss: 0.1650 (0.200)  Acc@1: 95.8333 (95.1813)  Acc@5: 100.0000 (99.8935)LR: 4.432e-03
2024-11-21 06:36:00,407 -                train: [    INFO] - Train: 434 [ 520/520]  Loss: 0.1504 (0.203)  Acc@1: 96.2500 (95.1520)  Acc@5: 100.0000 (99.8960)LR: 4.432e-03
2024-11-21 06:36:00,767 -                train: [    INFO] - Valid: 434 [   0/104]  Loss: 0.07937 (0.0794)  Acc@1: 95.8333 (95.8333)  Acc@5: 100.0000 (100.0000)
2024-11-21 06:36:06,902 -                train: [    INFO] - Valid: 434 [ 104/104]  Loss: 0.04073 (0.126)  Acc@1: 100.0000 (96.1600)  Acc@5: 100.0000 (99.8900)
2024-11-21 06:36:06,927 -                train: [    INFO] - valid_acc 96.160003 - best_valid_acc 96.350002
2024-11-21 06:36:07,331 -                train: [    INFO] - Train: 435 [   0/520]  Loss: 0.1259 (0.126)  Acc@1: 96.8750 (96.8750)  Acc@5: 100.0000 (100.0000)LR: 4.382e-03
2024-11-21 06:36:53,489 -                train: [    INFO] - Train: 435 [ 200/520]  Loss: 0.1976 (0.197)  Acc@1: 95.8333 (95.4447)  Acc@5: 100.0000 (99.9119)LR: 4.382e-03
2024-11-21 06:37:39,759 -                train: [    INFO] - Train: 435 [ 400/520]  Loss: 0.08576 (0.198)  Acc@1: 97.9167 (95.3917)  Acc@5: 100.0000 (99.9247)LR: 4.382e-03
2024-11-21 06:38:07,437 -                train: [    INFO] - Train: 435 [ 520/520]  Loss: 0.3044 (0.200)  Acc@1: 93.7500 (95.3400)  Acc@5: 100.0000 (99.9220)LR: 4.382e-03
2024-11-21 06:38:07,705 -                train: [    INFO] - Valid: 435 [   0/104]  Loss: 0.08276 (0.0828)  Acc@1: 96.8750 (96.8750)  Acc@5: 100.0000 (100.0000)
2024-11-21 06:38:13,847 -                train: [    INFO] - Valid: 435 [ 104/104]  Loss: 0.1338 (0.129)  Acc@1: 93.7500 (96.0000)  Acc@5: 100.0000 (99.9500)
2024-11-21 06:38:13,885 -                train: [    INFO] - valid_acc 96.000003 - best_valid_acc 96.350002
2024-11-21 06:38:14,472 -                train: [    INFO] - Train: 436 [   0/520]  Loss: 0.1403 (0.140)  Acc@1: 96.8750 (96.8750)  Acc@5: 100.0000 (100.0000)LR: 4.332e-03
2024-11-21 06:39:00,433 -                train: [    INFO] - Train: 436 [ 200/520]  Loss: 0.2250 (0.194)  Acc@1: 95.8333 (95.5639)  Acc@5: 100.0000 (99.9119)LR: 4.332e-03
2024-11-21 06:39:46,232 -                train: [    INFO] - Train: 436 [ 400/520]  Loss: 0.1828 (0.198)  Acc@1: 94.7917 (95.4593)  Acc@5: 100.0000 (99.9169)LR: 4.332e-03
2024-11-21 06:40:14,107 -                train: [    INFO] - Train: 436 [ 520/520]  Loss: 0.1580 (0.201)  Acc@1: 97.5000 (95.3800)  Acc@5: 100.0000 (99.9140)LR: 4.332e-03
2024-11-21 06:40:14,489 -                train: [    INFO] - Valid: 436 [   0/104]  Loss: 0.1256 (0.126)  Acc@1: 94.7917 (94.7917)  Acc@5: 100.0000 (100.0000)
2024-11-21 06:40:20,631 -                train: [    INFO] - Valid: 436 [ 104/104]  Loss: 0.1631 (0.134)  Acc@1: 93.7500 (96.0700)  Acc@5: 100.0000 (99.9100)
2024-11-21 06:40:20,671 -                train: [    INFO] - valid_acc 96.070003 - best_valid_acc 96.350002
2024-11-21 06:40:21,166 -                train: [    INFO] - Train: 437 [   0/520]  Loss: 0.09293 (0.0929)  Acc@1: 97.9167 (97.9167)  Acc@5: 100.0000 (100.0000)LR: 4.283e-03
2024-11-21 06:41:07,260 -                train: [    INFO] - Train: 437 [ 200/520]  Loss: 0.3321 (0.205)  Acc@1: 90.6250 (95.2944)  Acc@5: 100.0000 (99.8912)LR: 4.283e-03
2024-11-21 06:41:53,344 -                train: [    INFO] - Train: 437 [ 400/520]  Loss: 0.09010 (0.206)  Acc@1: 98.9583 (95.1839)  Acc@5: 100.0000 (99.8987)LR: 4.283e-03
2024-11-21 06:42:21,187 -                train: [    INFO] - Train: 437 [ 520/520]  Loss: 0.2765 (0.204)  Acc@1: 91.2500 (95.2560)  Acc@5: 100.0000 (99.9060)LR: 4.283e-03
2024-11-21 06:42:21,492 -                train: [    INFO] - Valid: 437 [   0/104]  Loss: 0.1397 (0.140)  Acc@1: 95.8333 (95.8333)  Acc@5: 100.0000 (100.0000)
2024-11-21 06:42:27,651 -                train: [    INFO] - Valid: 437 [ 104/104]  Loss: 0.007734 (0.136)  Acc@1: 100.0000 (95.9700)  Acc@5: 100.0000 (99.9400)
2024-11-21 06:42:27,692 -                train: [    INFO] - valid_acc 95.970003 - best_valid_acc 96.350002
2024-11-21 06:42:28,181 -                train: [    INFO] - Train: 438 [   0/520]  Loss: 0.1071 (0.107)  Acc@1: 97.9167 (97.9167)  Acc@5: 100.0000 (100.0000)LR: 4.234e-03
2024-11-21 06:43:14,013 -                train: [    INFO] - Train: 438 [ 200/520]  Loss: 0.2810 (0.194)  Acc@1: 93.7500 (95.4395)  Acc@5: 100.0000 (99.8756)LR: 4.234e-03
2024-11-21 06:43:59,968 -                train: [    INFO] - Train: 438 [ 400/520]  Loss: 0.2450 (0.199)  Acc@1: 91.6667 (95.2515)  Acc@5: 100.0000 (99.8987)LR: 4.234e-03
2024-11-21 06:44:27,757 -                train: [    INFO] - Train: 438 [ 520/520]  Loss: 0.1712 (0.198)  Acc@1: 97.5000 (95.3200)  Acc@5: 100.0000 (99.9040)LR: 4.234e-03
2024-11-21 06:44:28,084 -                train: [    INFO] - Valid: 438 [   0/104]  Loss: 0.06054 (0.0605)  Acc@1: 95.8333 (95.8333)  Acc@5: 100.0000 (100.0000)
2024-11-21 06:44:34,252 -                train: [    INFO] - Valid: 438 [ 104/104]  Loss: 0.02620 (0.136)  Acc@1: 100.0000 (96.2000)  Acc@5: 100.0000 (99.9100)
2024-11-21 06:44:34,286 -                train: [    INFO] - valid_acc 96.200002 - best_valid_acc 96.350002
2024-11-21 06:44:34,792 -                train: [    INFO] - Train: 439 [   0/520]  Loss: 0.09835 (0.0983)  Acc@1: 98.9583 (98.9583)  Acc@5: 100.0000 (100.0000)LR: 4.185e-03
2024-11-21 06:45:20,803 -                train: [    INFO] - Train: 439 [ 200/520]  Loss: 0.1068 (0.198)  Acc@1: 96.8750 (95.4239)  Acc@5: 100.0000 (99.8860)LR: 4.185e-03
2024-11-21 06:46:06,861 -                train: [    INFO] - Train: 439 [ 400/520]  Loss: 0.1559 (0.201)  Acc@1: 94.7917 (95.2203)  Acc@5: 100.0000 (99.9013)LR: 4.185e-03
2024-11-21 06:46:34,449 -                train: [    INFO] - Train: 439 [ 520/520]  Loss: 0.1922 (0.201)  Acc@1: 95.0000 (95.2700)  Acc@5: 100.0000 (99.9120)LR: 4.185e-03
2024-11-21 06:46:34,774 -                train: [    INFO] - Valid: 439 [   0/104]  Loss: 0.1188 (0.119)  Acc@1: 95.8333 (95.8333)  Acc@5: 100.0000 (100.0000)
2024-11-21 06:46:40,909 -                train: [    INFO] - Valid: 439 [ 104/104]  Loss: 0.005619 (0.134)  Acc@1: 100.0000 (95.9800)  Acc@5: 100.0000 (99.9300)
2024-11-21 06:46:40,942 -                train: [    INFO] - valid_acc 95.980003 - best_valid_acc 96.350002
2024-11-21 06:46:41,392 -                train: [    INFO] - Train: 440 [   0/520]  Loss: 0.2390 (0.239)  Acc@1: 93.7500 (93.7500)  Acc@5: 100.0000 (100.0000)LR: 4.136e-03
2024-11-21 06:47:28,355 -                train: [    INFO] - Train: 440 [ 200/520]  Loss: 0.1636 (0.196)  Acc@1: 93.7500 (95.4239)  Acc@5: 100.0000 (99.9223)LR: 4.136e-03
2024-11-21 06:48:15,438 -                train: [    INFO] - Train: 440 [ 400/520]  Loss: 0.1658 (0.198)  Acc@1: 95.8333 (95.3787)  Acc@5: 100.0000 (99.9221)LR: 4.136e-03
2024-11-21 06:48:43,586 -                train: [    INFO] - Train: 440 [ 520/520]  Loss: 0.1160 (0.199)  Acc@1: 97.5000 (95.3480)  Acc@5: 100.0000 (99.9300)LR: 4.136e-03
2024-11-21 06:48:43,881 -                train: [    INFO] - Valid: 440 [   0/104]  Loss: 0.09179 (0.0918)  Acc@1: 97.9167 (97.9167)  Acc@5: 100.0000 (100.0000)
2024-11-21 06:48:50,077 -                train: [    INFO] - Valid: 440 [ 104/104]  Loss: 0.01062 (0.144)  Acc@1: 100.0000 (96.0000)  Acc@5: 100.0000 (99.9600)
2024-11-21 06:48:50,110 -                train: [    INFO] - valid_acc 96.000003 - best_valid_acc 96.350002
2024-11-21 06:48:50,618 -                train: [    INFO] - Train: 441 [   0/520]  Loss: 0.1957 (0.196)  Acc@1: 94.7917 (94.7917)  Acc@5: 100.0000 (100.0000)LR: 4.087e-03
2024-11-21 06:49:36,597 -                train: [    INFO] - Train: 441 [ 200/520]  Loss: 0.2518 (0.192)  Acc@1: 93.7500 (95.6105)  Acc@5: 100.0000 (99.8964)LR: 4.087e-03
2024-11-21 06:50:22,609 -                train: [    INFO] - Train: 441 [ 400/520]  Loss: 0.1712 (0.192)  Acc@1: 94.7917 (95.5684)  Acc@5: 100.0000 (99.9013)LR: 4.087e-03
2024-11-21 06:50:50,088 -                train: [    INFO] - Train: 441 [ 520/520]  Loss: 0.2450 (0.194)  Acc@1: 96.2500 (95.5180)  Acc@5: 100.0000 (99.8940)LR: 4.087e-03
2024-11-21 06:50:50,457 -                train: [    INFO] - Valid: 441 [   0/104]  Loss: 0.1618 (0.162)  Acc@1: 96.8750 (96.8750)  Acc@5: 100.0000 (100.0000)
2024-11-21 06:50:56,638 -                train: [    INFO] - Valid: 441 [ 104/104]  Loss: 0.2153 (0.136)  Acc@1: 93.7500 (96.0900)  Acc@5: 100.0000 (99.9500)
2024-11-21 06:50:56,671 -                train: [    INFO] - valid_acc 96.090003 - best_valid_acc 96.350002
2024-11-21 06:50:57,169 -                train: [    INFO] - Train: 442 [   0/520]  Loss: 0.2671 (0.267)  Acc@1: 92.7083 (92.7083)  Acc@5: 100.0000 (100.0000)LR: 4.039e-03
2024-11-21 06:51:43,646 -                train: [    INFO] - Train: 442 [ 200/520]  Loss: 0.2802 (0.194)  Acc@1: 93.7500 (95.5846)  Acc@5: 100.0000 (99.9015)LR: 4.039e-03
2024-11-21 06:52:30,641 -                train: [    INFO] - Train: 442 [ 400/520]  Loss: 0.1675 (0.194)  Acc@1: 94.7917 (95.5268)  Acc@5: 100.0000 (99.9065)LR: 4.039e-03
2024-11-21 06:52:58,092 -                train: [    INFO] - Train: 442 [ 520/520]  Loss: 0.1430 (0.199)  Acc@1: 98.7500 (95.4240)  Acc@5: 100.0000 (99.9080)LR: 4.039e-03
2024-11-21 06:52:58,378 -                train: [    INFO] - Valid: 442 [   0/104]  Loss: 0.1112 (0.111)  Acc@1: 96.8750 (96.8750)  Acc@5: 100.0000 (100.0000)
2024-11-21 06:53:04,701 -                train: [    INFO] - Valid: 442 [ 104/104]  Loss: 0.02892 (0.126)  Acc@1: 100.0000 (96.1900)  Acc@5: 100.0000 (99.9100)
2024-11-21 06:53:04,738 -                train: [    INFO] - valid_acc 96.190002 - best_valid_acc 96.350002
2024-11-21 06:53:05,229 -                train: [    INFO] - Train: 443 [   0/520]  Loss: 0.1597 (0.160)  Acc@1: 96.8750 (96.8750)  Acc@5: 100.0000 (100.0000)LR: 3.991e-03
2024-11-21 06:53:53,703 -                train: [    INFO] - Train: 443 [ 200/520]  Loss: 0.1735 (0.191)  Acc@1: 95.8333 (95.5224)  Acc@5: 100.0000 (99.8912)LR: 3.991e-03
2024-11-21 06:54:42,954 -                train: [    INFO] - Train: 443 [ 400/520]  Loss: 0.2781 (0.188)  Acc@1: 93.7500 (95.5632)  Acc@5: 100.0000 (99.8805)LR: 3.991e-03
2024-11-21 06:55:11,375 -                train: [    INFO] - Train: 443 [ 520/520]  Loss: 0.3410 (0.191)  Acc@1: 92.5000 (95.5080)  Acc@5: 100.0000 (99.8820)LR: 3.991e-03
2024-11-21 06:55:11,711 -                train: [    INFO] - Valid: 443 [   0/104]  Loss: 0.1269 (0.127)  Acc@1: 94.7917 (94.7917)  Acc@5: 100.0000 (100.0000)
2024-11-21 06:55:17,905 -                train: [    INFO] - Valid: 443 [ 104/104]  Loss: 0.2536 (0.132)  Acc@1: 93.7500 (96.1400)  Acc@5: 100.0000 (99.9400)
2024-11-21 06:55:17,937 -                train: [    INFO] - valid_acc 96.140002 - best_valid_acc 96.350002
2024-11-21 06:55:18,426 -                train: [    INFO] - Train: 444 [   0/520]  Loss: 0.1866 (0.187)  Acc@1: 93.7500 (93.7500)  Acc@5: 100.0000 (100.0000)LR: 3.943e-03
2024-11-21 06:56:08,180 -                train: [    INFO] - Train: 444 [ 200/520]  Loss: 0.4096 (0.183)  Acc@1: 90.6250 (95.7504)  Acc@5: 98.9583 (99.9015)LR: 3.943e-03
2024-11-21 06:56:55,752 -                train: [    INFO] - Train: 444 [ 400/520]  Loss: 0.2135 (0.182)  Acc@1: 95.8333 (95.7424)  Acc@5: 98.9583 (99.9143)LR: 3.943e-03
2024-11-21 06:59:01,124 -                train: [    INFO] - Train: 444 [ 520/520]  Loss: 0.2327 (0.184)  Acc@1: 93.7500 (95.7260)  Acc@5: 100.0000 (99.9120)LR: 3.943e-03
2024-11-21 06:59:02,154 -                train: [    INFO] - Valid: 444 [   0/104]  Loss: 0.1566 (0.157)  Acc@1: 93.7500 (93.7500)  Acc@5: 100.0000 (100.0000)
2024-11-21 06:59:08,504 -                train: [    INFO] - Valid: 444 [ 104/104]  Loss: 0.06235 (0.141)  Acc@1: 100.0000 (95.9600)  Acc@5: 100.0000 (99.9400)
2024-11-21 06:59:10,897 -                train: [    INFO] - valid_acc 95.960002 - best_valid_acc 96.350002
2024-11-21 06:59:11,503 -                train: [    INFO] - Train: 445 [   0/520]  Loss: 0.2485 (0.248)  Acc@1: 92.7083 (92.7083)  Acc@5: 100.0000 (100.0000)LR: 3.896e-03
2024-11-21 06:59:58,803 -                train: [    INFO] - Train: 445 [ 200/520]  Loss: 0.1519 (0.189)  Acc@1: 95.8333 (95.6364)  Acc@5: 100.0000 (99.9067)LR: 3.896e-03
2024-11-21 07:00:45,317 -                train: [    INFO] - Train: 445 [ 400/520]  Loss: 0.3529 (0.192)  Acc@1: 92.7083 (95.5268)  Acc@5: 100.0000 (99.9039)LR: 3.896e-03
2024-11-21 07:01:14,730 -                train: [    INFO] - Train: 445 [ 520/520]  Loss: 0.1172 (0.191)  Acc@1: 96.2500 (95.5880)  Acc@5: 100.0000 (99.9160)LR: 3.896e-03
2024-11-21 07:01:16,103 -                train: [    INFO] - Valid: 445 [   0/104]  Loss: 0.07933 (0.0793)  Acc@1: 96.8750 (96.8750)  Acc@5: 100.0000 (100.0000)
2024-11-21 07:01:22,223 -                train: [    INFO] - Valid: 445 [ 104/104]  Loss: 0.2383 (0.125)  Acc@1: 93.7500 (96.1200)  Acc@5: 100.0000 (99.9500)
2024-11-21 07:01:22,936 -                train: [    INFO] - valid_acc 96.120003 - best_valid_acc 96.350002
2024-11-21 07:01:23,497 -                train: [    INFO] - Train: 446 [   0/520]  Loss: 0.1736 (0.174)  Acc@1: 95.8333 (95.8333)  Acc@5: 100.0000 (100.0000)LR: 3.848e-03
2024-11-21 07:02:09,383 -                train: [    INFO] - Train: 446 [ 200/520]  Loss: 0.1529 (0.181)  Acc@1: 96.8750 (95.8644)  Acc@5: 100.0000 (99.9326)LR: 3.848e-03
2024-11-21 07:02:55,634 -                train: [    INFO] - Train: 446 [ 400/520]  Loss: 0.2268 (0.185)  Acc@1: 94.7917 (95.6697)  Acc@5: 100.0000 (99.9351)LR: 3.848e-03
2024-11-21 07:03:24,151 -                train: [    INFO] - Train: 446 [ 520/520]  Loss: 0.1457 (0.187)  Acc@1: 95.0000 (95.6180)  Acc@5: 100.0000 (99.9300)LR: 3.848e-03
2024-11-21 07:03:26,816 -                train: [    INFO] - Valid: 446 [   0/104]  Loss: 0.1187 (0.119)  Acc@1: 95.8333 (95.8333)  Acc@5: 100.0000 (100.0000)
2024-11-21 07:03:33,076 -                train: [    INFO] - Valid: 446 [ 104/104]  Loss: 0.5990 (0.133)  Acc@1: 87.5000 (96.0600)  Acc@5: 100.0000 (99.9200)
2024-11-21 07:03:34,771 -                train: [    INFO] - valid_acc 96.060002 - best_valid_acc 96.350002
2024-11-21 07:03:35,335 -                train: [    INFO] - Train: 447 [   0/520]  Loss: 0.1099 (0.110)  Acc@1: 97.9167 (97.9167)  Acc@5: 100.0000 (100.0000)LR: 3.801e-03
2024-11-21 07:04:24,584 -                train: [    INFO] - Train: 447 [ 200/520]  Loss: 0.2242 (0.188)  Acc@1: 94.7917 (95.6934)  Acc@5: 100.0000 (99.9015)LR: 3.801e-03
2024-11-21 07:05:13,972 -                train: [    INFO] - Train: 447 [ 400/520]  Loss: 0.1053 (0.188)  Acc@1: 97.9167 (95.6853)  Acc@5: 100.0000 (99.9195)LR: 3.801e-03
2024-11-21 07:05:42,992 -                train: [    INFO] - Train: 447 [ 520/520]  Loss: 0.2257 (0.188)  Acc@1: 95.0000 (95.6140)  Acc@5: 100.0000 (99.9260)LR: 3.801e-03
2024-11-21 07:05:45,068 -                train: [    INFO] - Valid: 447 [   0/104]  Loss: 0.05972 (0.0597)  Acc@1: 96.8750 (96.8750)  Acc@5: 100.0000 (100.0000)
2024-11-21 07:05:51,477 -                train: [    INFO] - Valid: 447 [ 104/104]  Loss: 0.3680 (0.137)  Acc@1: 93.7500 (96.1800)  Acc@5: 100.0000 (99.9000)
2024-11-21 07:05:52,734 -                train: [    INFO] - valid_acc 96.180002 - best_valid_acc 96.350002
2024-11-21 07:05:53,408 -                train: [    INFO] - Train: 448 [   0/520]  Loss: 0.1056 (0.106)  Acc@1: 98.9583 (98.9583)  Acc@5: 100.0000 (100.0000)LR: 3.754e-03
2024-11-21 07:06:42,142 -                train: [    INFO] - Train: 448 [ 200/520]  Loss: 0.09724 (0.178)  Acc@1: 97.9167 (95.9059)  Acc@5: 100.0000 (99.8912)LR: 3.754e-03
2024-11-21 07:07:32,785 -                train: [    INFO] - Train: 448 [ 400/520]  Loss: 0.1100 (0.187)  Acc@1: 98.9583 (95.6203)  Acc@5: 100.0000 (99.9247)LR: 3.754e-03
2024-11-21 07:08:29,291 -                train: [    INFO] - Train: 448 [ 520/520]  Loss: 0.03896 (0.186)  Acc@1: 100.0000 (95.6960)  Acc@5: 100.0000 (99.9300)LR: 3.754e-03
2024-11-21 07:08:30,457 -                train: [    INFO] - Valid: 448 [   0/104]  Loss: 0.1114 (0.111)  Acc@1: 96.8750 (96.8750)  Acc@5: 100.0000 (100.0000)
2024-11-21 07:08:36,609 -                train: [    INFO] - Valid: 448 [ 104/104]  Loss: 0.2889 (0.125)  Acc@1: 93.7500 (96.2900)  Acc@5: 100.0000 (99.9300)
2024-11-21 07:08:37,175 -                train: [    INFO] - valid_acc 96.290003 - best_valid_acc 96.350002
2024-11-21 07:08:37,743 -                train: [    INFO] - Train: 449 [   0/520]  Loss: 0.2680 (0.268)  Acc@1: 93.7500 (93.7500)  Acc@5: 100.0000 (100.0000)LR: 3.708e-03
2024-11-21 07:09:24,014 -                train: [    INFO] - Train: 449 [ 200/520]  Loss: 0.2456 (0.187)  Acc@1: 94.7917 (95.5068)  Acc@5: 100.0000 (99.9326)LR: 3.708e-03
2024-11-21 07:10:10,155 -                train: [    INFO] - Train: 449 [ 400/520]  Loss: 0.1777 (0.185)  Acc@1: 95.8333 (95.6307)  Acc@5: 98.9583 (99.9429)LR: 3.708e-03
2024-11-21 07:10:38,034 -                train: [    INFO] - Train: 449 [ 520/520]  Loss: 0.2436 (0.185)  Acc@1: 93.7500 (95.5920)  Acc@5: 100.0000 (99.9340)LR: 3.708e-03
2024-11-21 07:10:38,352 -                train: [    INFO] - Valid: 449 [   0/104]  Loss: 0.1626 (0.163)  Acc@1: 94.7917 (94.7917)  Acc@5: 100.0000 (100.0000)
2024-11-21 07:10:44,610 -                train: [    INFO] - Valid: 449 [ 104/104]  Loss: 0.2423 (0.126)  Acc@1: 93.7500 (96.1600)  Acc@5: 100.0000 (99.9800)
2024-11-21 07:10:44,659 -                train: [    INFO] - valid_acc 96.160002 - best_valid_acc 96.350002
2024-11-21 07:10:45,112 -                train: [    INFO] - Train: 450 [   0/520]  Loss: 0.1467 (0.147)  Acc@1: 95.8333 (95.8333)  Acc@5: 100.0000 (100.0000)LR: 3.661e-03
2024-11-21 07:11:31,298 -                train: [    INFO] - Train: 450 [ 200/520]  Loss: 0.2814 (0.185)  Acc@1: 93.7500 (95.6053)  Acc@5: 100.0000 (99.9326)LR: 3.661e-03
2024-11-21 07:12:17,280 -                train: [    INFO] - Train: 450 [ 400/520]  Loss: 0.1973 (0.187)  Acc@1: 95.8333 (95.6463)  Acc@5: 100.0000 (99.9091)LR: 3.661e-03
2024-11-21 07:12:45,060 -                train: [    INFO] - Train: 450 [ 520/520]  Loss: 0.1656 (0.188)  Acc@1: 96.2500 (95.5900)  Acc@5: 100.0000 (99.9080)LR: 3.661e-03
2024-11-21 07:12:45,514 -                train: [    INFO] - Valid: 450 [   0/104]  Loss: 0.1257 (0.126)  Acc@1: 96.8750 (96.8750)  Acc@5: 100.0000 (100.0000)
2024-11-21 07:12:51,653 -                train: [    INFO] - Valid: 450 [ 104/104]  Loss: 0.3705 (0.132)  Acc@1: 93.7500 (96.0600)  Acc@5: 100.0000 (99.9800)
2024-11-21 07:12:51,706 -                train: [    INFO] - valid_acc 96.060003 - best_valid_acc 96.350002
2024-11-21 07:12:52,240 -                train: [    INFO] - Train: 451 [   0/520]  Loss: 0.2584 (0.258)  Acc@1: 94.7917 (94.7917)  Acc@5: 100.0000 (100.0000)LR: 3.615e-03
2024-11-21 07:13:39,585 -                train: [    INFO] - Train: 451 [ 200/520]  Loss: 0.1802 (0.173)  Acc@1: 95.8333 (96.0614)  Acc@5: 100.0000 (99.9378)LR: 3.615e-03
2024-11-21 07:14:25,834 -                train: [    INFO] - Train: 451 [ 400/520]  Loss: 0.1810 (0.183)  Acc@1: 94.7917 (95.7502)  Acc@5: 100.0000 (99.9195)LR: 3.615e-03
2024-11-21 07:14:53,541 -                train: [    INFO] - Train: 451 [ 520/520]  Loss: 0.1226 (0.182)  Acc@1: 97.5000 (95.7500)  Acc@5: 100.0000 (99.9220)LR: 3.615e-03
2024-11-21 07:14:53,827 -                train: [    INFO] - Valid: 451 [   0/104]  Loss: 0.1122 (0.112)  Acc@1: 96.8750 (96.8750)  Acc@5: 100.0000 (100.0000)
2024-11-21 07:14:59,967 -                train: [    INFO] - Valid: 451 [ 104/104]  Loss: 0.04727 (0.127)  Acc@1: 100.0000 (96.3100)  Acc@5: 100.0000 (99.9300)
2024-11-21 07:14:59,999 -                train: [    INFO] - valid_acc 96.310003 - best_valid_acc 96.350002
2024-11-21 07:15:00,441 -                train: [    INFO] - Train: 452 [   0/520]  Loss: 0.2991 (0.299)  Acc@1: 93.7500 (93.7500)  Acc@5: 100.0000 (100.0000)LR: 3.569e-03
2024-11-21 07:15:47,813 -                train: [    INFO] - Train: 452 [ 200/520]  Loss: 0.2118 (0.175)  Acc@1: 93.7500 (96.0406)  Acc@5: 100.0000 (99.9430)LR: 3.569e-03
2024-11-21 07:16:33,800 -                train: [    INFO] - Train: 452 [ 400/520]  Loss: 0.1404 (0.179)  Acc@1: 96.8750 (95.9113)  Acc@5: 100.0000 (99.9454)LR: 3.569e-03
2024-11-21 07:17:01,483 -                train: [    INFO] - Train: 452 [ 520/520]  Loss: 0.09381 (0.179)  Acc@1: 98.7500 (95.9160)  Acc@5: 100.0000 (99.9360)LR: 3.569e-03
2024-11-21 07:17:01,787 -                train: [    INFO] - Valid: 452 [   0/104]  Loss: 0.08604 (0.0860)  Acc@1: 98.9583 (98.9583)  Acc@5: 100.0000 (100.0000)
2024-11-21 07:17:07,918 -                train: [    INFO] - Valid: 452 [ 104/104]  Loss: 0.4121 (0.126)  Acc@1: 93.7500 (96.2100)  Acc@5: 100.0000 (99.9300)
2024-11-21 07:17:07,949 -                train: [    INFO] - valid_acc 96.210002 - best_valid_acc 96.350002
2024-11-21 07:17:08,465 -                train: [    INFO] - Train: 453 [   0/520]  Loss: 0.1344 (0.134)  Acc@1: 94.7917 (94.7917)  Acc@5: 100.0000 (100.0000)LR: 3.523e-03
2024-11-21 07:17:55,568 -                train: [    INFO] - Train: 453 [ 200/520]  Loss: 0.2376 (0.181)  Acc@1: 95.8333 (95.9163)  Acc@5: 100.0000 (99.9274)LR: 3.523e-03
2024-11-21 07:18:42,913 -                train: [    INFO] - Train: 453 [ 400/520]  Loss: 0.1987 (0.185)  Acc@1: 94.7917 (95.7294)  Acc@5: 100.0000 (99.9221)LR: 3.523e-03
2024-11-21 07:19:10,832 -                train: [    INFO] - Train: 453 [ 520/520]  Loss: 0.1923 (0.183)  Acc@1: 96.2500 (95.7580)  Acc@5: 98.7500 (99.9120)LR: 3.523e-03
2024-11-21 07:19:11,253 -                train: [    INFO] - Valid: 453 [   0/104]  Loss: 0.09494 (0.0949)  Acc@1: 96.8750 (96.8750)  Acc@5: 100.0000 (100.0000)
2024-11-21 07:19:17,414 -                train: [    INFO] - Valid: 453 [ 104/104]  Loss: 0.2020 (0.129)  Acc@1: 93.7500 (96.2300)  Acc@5: 100.0000 (99.9000)
2024-11-21 07:19:17,484 -                train: [    INFO] - valid_acc 96.230002 - best_valid_acc 96.350002
2024-11-21 07:19:17,936 -                train: [    INFO] - Train: 454 [   0/520]  Loss: 0.1865 (0.186)  Acc@1: 93.7500 (93.7500)  Acc@5: 100.0000 (100.0000)LR: 3.478e-03
2024-11-21 07:20:04,115 -                train: [    INFO] - Train: 454 [ 200/520]  Loss: 0.2285 (0.174)  Acc@1: 93.7500 (96.0458)  Acc@5: 100.0000 (99.9689)LR: 3.478e-03
2024-11-21 07:20:49,996 -                train: [    INFO] - Train: 454 [ 400/520]  Loss: 0.2832 (0.175)  Acc@1: 93.7500 (95.9606)  Acc@5: 100.0000 (99.9377)LR: 3.478e-03
2024-11-21 07:21:17,912 -                train: [    INFO] - Train: 454 [ 520/520]  Loss: 0.1440 (0.179)  Acc@1: 95.0000 (95.8700)  Acc@5: 100.0000 (99.9400)LR: 3.478e-03
2024-11-21 07:21:18,162 -                train: [    INFO] - Valid: 454 [   0/104]  Loss: 0.09874 (0.0987)  Acc@1: 96.8750 (96.8750)  Acc@5: 100.0000 (100.0000)
2024-11-21 07:21:24,317 -                train: [    INFO] - Valid: 454 [ 104/104]  Loss: 0.01688 (0.137)  Acc@1: 100.0000 (96.0600)  Acc@5: 100.0000 (99.9700)
2024-11-21 07:21:24,352 -                train: [    INFO] - valid_acc 96.060003 - best_valid_acc 96.350002
2024-11-21 07:21:24,889 -                train: [    INFO] - Train: 455 [   0/520]  Loss: 0.2039 (0.204)  Acc@1: 94.7917 (94.7917)  Acc@5: 100.0000 (100.0000)LR: 3.433e-03
2024-11-21 07:22:11,152 -                train: [    INFO] - Train: 455 [ 200/520]  Loss: 0.1560 (0.172)  Acc@1: 95.8333 (96.0717)  Acc@5: 100.0000 (99.9223)LR: 3.433e-03
2024-11-21 07:22:57,469 -                train: [    INFO] - Train: 455 [ 400/520]  Loss: 0.1482 (0.170)  Acc@1: 97.9167 (96.0905)  Acc@5: 100.0000 (99.9117)LR: 3.433e-03
2024-11-21 07:23:25,044 -                train: [    INFO] - Train: 455 [ 520/520]  Loss: 0.2093 (0.172)  Acc@1: 97.5000 (96.0380)  Acc@5: 100.0000 (99.9220)LR: 3.433e-03
2024-11-21 07:23:25,293 -                train: [    INFO] - Valid: 455 [   0/104]  Loss: 0.1706 (0.171)  Acc@1: 94.7917 (94.7917)  Acc@5: 100.0000 (100.0000)
2024-11-21 07:23:31,448 -                train: [    INFO] - Valid: 455 [ 104/104]  Loss: 0.008329 (0.135)  Acc@1: 100.0000 (96.2100)  Acc@5: 100.0000 (99.9500)
2024-11-21 07:23:31,482 -                train: [    INFO] - valid_acc 96.210003 - best_valid_acc 96.350002
2024-11-21 07:23:31,964 -                train: [    INFO] - Train: 456 [   0/520]  Loss: 0.2476 (0.248)  Acc@1: 96.8750 (96.8750)  Acc@5: 98.9583 (98.9583)LR: 3.388e-03
2024-11-21 07:24:18,165 -                train: [    INFO] - Train: 456 [ 200/520]  Loss: 0.1455 (0.171)  Acc@1: 96.8750 (95.9111)  Acc@5: 100.0000 (99.9171)LR: 3.388e-03
2024-11-21 07:25:04,555 -                train: [    INFO] - Train: 456 [ 400/520]  Loss: 0.1257 (0.175)  Acc@1: 97.9167 (95.8801)  Acc@5: 100.0000 (99.9117)LR: 3.388e-03
2024-11-21 07:25:32,078 -                train: [    INFO] - Train: 456 [ 520/520]  Loss: 0.2584 (0.177)  Acc@1: 97.5000 (95.8720)  Acc@5: 100.0000 (99.9140)LR: 3.388e-03
2024-11-21 07:25:32,413 -                train: [    INFO] - Valid: 456 [   0/104]  Loss: 0.1903 (0.190)  Acc@1: 94.7917 (94.7917)  Acc@5: 100.0000 (100.0000)
2024-11-21 07:25:38,592 -                train: [    INFO] - Valid: 456 [ 104/104]  Loss: 0.01063 (0.136)  Acc@1: 100.0000 (96.1700)  Acc@5: 100.0000 (99.9300)
2024-11-21 07:25:38,619 -                train: [    INFO] - valid_acc 96.170002 - best_valid_acc 96.350002
2024-11-21 07:25:39,171 -                train: [    INFO] - Train: 457 [   0/520]  Loss: 0.2271 (0.227)  Acc@1: 94.7917 (94.7917)  Acc@5: 100.0000 (100.0000)LR: 3.343e-03
2024-11-21 07:26:25,716 -                train: [    INFO] - Train: 457 [ 200/520]  Loss: 0.3541 (0.169)  Acc@1: 90.6250 (96.0147)  Acc@5: 100.0000 (99.9378)LR: 3.343e-03
2024-11-21 07:27:11,530 -                train: [    INFO] - Train: 457 [ 400/520]  Loss: 0.3233 (0.174)  Acc@1: 92.7083 (95.9061)  Acc@5: 98.9583 (99.9351)LR: 3.343e-03
2024-11-21 07:27:38,936 -                train: [    INFO] - Train: 457 [ 520/520]  Loss: 0.2450 (0.176)  Acc@1: 96.2500 (95.9100)  Acc@5: 100.0000 (99.9260)LR: 3.343e-03
2024-11-21 07:27:39,245 -                train: [    INFO] - Valid: 457 [   0/104]  Loss: 0.1171 (0.117)  Acc@1: 95.8333 (95.8333)  Acc@5: 100.0000 (100.0000)
2024-11-21 07:27:45,429 -                train: [    INFO] - Valid: 457 [ 104/104]  Loss: 0.08890 (0.127)  Acc@1: 93.7500 (96.4200)  Acc@5: 100.0000 (99.9500)
2024-11-21 07:27:45,915 -                train: [    INFO] - valid_acc 96.420002 - best_valid_acc 96.420002
2024-11-21 07:27:46,415 -                train: [    INFO] - Train: 458 [   0/520]  Loss: 0.1903 (0.190)  Acc@1: 96.8750 (96.8750)  Acc@5: 100.0000 (100.0000)LR: 3.299e-03
2024-11-21 07:28:32,395 -                train: [    INFO] - Train: 458 [ 200/520]  Loss: 0.1597 (0.172)  Acc@1: 95.8333 (95.9266)  Acc@5: 100.0000 (99.9171)LR: 3.299e-03
2024-11-21 07:29:18,447 -                train: [    INFO] - Train: 458 [ 400/520]  Loss: 0.2742 (0.172)  Acc@1: 90.6250 (95.9554)  Acc@5: 100.0000 (99.9273)LR: 3.299e-03
2024-11-21 07:29:45,902 -                train: [    INFO] - Train: 458 [ 520/520]  Loss: 0.1619 (0.173)  Acc@1: 95.0000 (95.9200)  Acc@5: 100.0000 (99.9260)LR: 3.299e-03
2024-11-21 07:29:46,224 -                train: [    INFO] - Valid: 458 [   0/104]  Loss: 0.2017 (0.202)  Acc@1: 95.8333 (95.8333)  Acc@5: 100.0000 (100.0000)
2024-11-21 07:29:52,427 -                train: [    INFO] - Valid: 458 [ 104/104]  Loss: 0.05815 (0.146)  Acc@1: 100.0000 (96.0900)  Acc@5: 100.0000 (99.9300)
2024-11-21 07:29:52,464 -                train: [    INFO] - valid_acc 96.090003 - best_valid_acc 96.420002
2024-11-21 07:29:52,956 -                train: [    INFO] - Train: 459 [   0/520]  Loss: 0.1239 (0.124)  Acc@1: 97.9167 (97.9167)  Acc@5: 100.0000 (100.0000)LR: 3.255e-03
2024-11-21 07:30:39,028 -                train: [    INFO] - Train: 459 [ 200/520]  Loss: 0.4118 (0.171)  Acc@1: 90.6250 (96.0873)  Acc@5: 98.9583 (99.9015)LR: 3.255e-03
2024-11-21 07:31:25,451 -                train: [    INFO] - Train: 459 [ 400/520]  Loss: 0.1144 (0.174)  Acc@1: 96.8750 (95.9710)  Acc@5: 100.0000 (99.9091)LR: 3.255e-03
2024-11-21 07:31:53,204 -                train: [    INFO] - Train: 459 [ 520/520]  Loss: 0.1611 (0.174)  Acc@1: 97.5000 (95.9620)  Acc@5: 100.0000 (99.9120)LR: 3.255e-03
2024-11-21 07:31:53,523 -                train: [    INFO] - Valid: 459 [   0/104]  Loss: 0.07575 (0.0758)  Acc@1: 96.8750 (96.8750)  Acc@5: 100.0000 (100.0000)
2024-11-21 07:31:59,665 -                train: [    INFO] - Valid: 459 [ 104/104]  Loss: 0.01041 (0.124)  Acc@1: 100.0000 (96.4800)  Acc@5: 100.0000 (99.9500)
2024-11-21 07:32:00,144 -                train: [    INFO] - valid_acc 96.480002 - best_valid_acc 96.480002
2024-11-21 07:32:00,558 -                train: [    INFO] - Train: 460 [   0/520]  Loss: 0.3406 (0.341)  Acc@1: 93.7500 (93.7500)  Acc@5: 100.0000 (100.0000)LR: 3.211e-03
2024-11-21 07:32:48,553 -                train: [    INFO] - Train: 460 [ 200/520]  Loss: 0.3027 (0.162)  Acc@1: 93.7500 (96.2479)  Acc@5: 100.0000 (99.9378)LR: 3.211e-03
2024-11-21 07:33:35,362 -                train: [    INFO] - Train: 460 [ 400/520]  Loss: 0.2440 (0.164)  Acc@1: 94.7917 (96.2386)  Acc@5: 100.0000 (99.9454)LR: 3.211e-03
2024-11-21 07:34:03,432 -                train: [    INFO] - Train: 460 [ 520/520]  Loss: 0.2783 (0.168)  Acc@1: 93.7500 (96.1500)  Acc@5: 100.0000 (99.9440)LR: 3.211e-03
2024-11-21 07:34:03,726 -                train: [    INFO] - Valid: 460 [   0/104]  Loss: 0.1705 (0.170)  Acc@1: 96.8750 (96.8750)  Acc@5: 100.0000 (100.0000)
2024-11-21 07:34:09,860 -                train: [    INFO] - Valid: 460 [ 104/104]  Loss: 0.0009460 (0.126)  Acc@1: 100.0000 (96.6300)  Acc@5: 100.0000 (99.9700)
2024-11-21 07:34:10,348 -                train: [    INFO] - valid_acc 96.630003 - best_valid_acc 96.630003
2024-11-21 07:34:10,871 -                train: [    INFO] - Train: 461 [   0/520]  Loss: 0.1404 (0.140)  Acc@1: 96.8750 (96.8750)  Acc@5: 100.0000 (100.0000)LR: 3.167e-03
2024-11-21 07:34:56,621 -                train: [    INFO] - Train: 461 [ 200/520]  Loss: 0.1363 (0.158)  Acc@1: 96.8750 (96.3464)  Acc@5: 100.0000 (99.9482)LR: 3.167e-03
2024-11-21 07:35:42,611 -                train: [    INFO] - Train: 461 [ 400/520]  Loss: 0.1980 (0.164)  Acc@1: 95.8333 (96.1503)  Acc@5: 100.0000 (99.9325)LR: 3.167e-03
2024-11-21 07:36:10,180 -                train: [    INFO] - Train: 461 [ 520/520]  Loss: 0.2094 (0.164)  Acc@1: 97.5000 (96.1300)  Acc@5: 98.7500 (99.9320)LR: 3.167e-03
2024-11-21 07:36:10,477 -                train: [    INFO] - Valid: 461 [   0/104]  Loss: 0.1620 (0.162)  Acc@1: 94.7917 (94.7917)  Acc@5: 100.0000 (100.0000)
2024-11-21 07:36:16,666 -                train: [    INFO] - Valid: 461 [ 104/104]  Loss: 0.3378 (0.150)  Acc@1: 87.5000 (95.9200)  Acc@5: 100.0000 (99.9400)
2024-11-21 07:36:16,692 -                train: [    INFO] - valid_acc 95.920002 - best_valid_acc 96.630003
2024-11-21 07:36:17,255 -                train: [    INFO] - Train: 462 [   0/520]  Loss: 0.2395 (0.240)  Acc@1: 94.7917 (94.7917)  Acc@5: 98.9583 (98.9583)LR: 3.124e-03
2024-11-21 07:37:03,301 -                train: [    INFO] - Train: 462 [ 200/520]  Loss: 0.1026 (0.160)  Acc@1: 96.8750 (96.3153)  Acc@5: 100.0000 (99.9585)LR: 3.124e-03
2024-11-21 07:37:49,123 -                train: [    INFO] - Train: 462 [ 400/520]  Loss: 0.2526 (0.160)  Acc@1: 90.6250 (96.2827)  Acc@5: 100.0000 (99.9558)LR: 3.124e-03
2024-11-21 07:38:17,081 -                train: [    INFO] - Train: 462 [ 520/520]  Loss: 0.07887 (0.160)  Acc@1: 98.7500 (96.2840)  Acc@5: 100.0000 (99.9420)LR: 3.124e-03
2024-11-21 07:38:17,398 -                train: [    INFO] - Valid: 462 [   0/104]  Loss: 0.07112 (0.0711)  Acc@1: 96.8750 (96.8750)  Acc@5: 100.0000 (100.0000)
2024-11-21 07:38:23,597 -                train: [    INFO] - Valid: 462 [ 104/104]  Loss: 0.2623 (0.127)  Acc@1: 93.7500 (96.5400)  Acc@5: 100.0000 (99.9500)
2024-11-21 07:38:23,632 -                train: [    INFO] - valid_acc 96.540003 - best_valid_acc 96.630003
2024-11-21 07:38:24,133 -                train: [    INFO] - Train: 463 [   0/520]  Loss: 0.2354 (0.235)  Acc@1: 92.7083 (92.7083)  Acc@5: 100.0000 (100.0000)LR: 3.080e-03
2024-11-21 07:39:10,231 -                train: [    INFO] - Train: 463 [ 200/520]  Loss: 0.1162 (0.163)  Acc@1: 97.9167 (96.2324)  Acc@5: 100.0000 (99.9223)LR: 3.080e-03
2024-11-21 07:39:56,470 -                train: [    INFO] - Train: 463 [ 400/520]  Loss: 0.02929 (0.163)  Acc@1: 100.0000 (96.2360)  Acc@5: 100.0000 (99.9195)LR: 3.080e-03
2024-11-21 07:40:24,034 -                train: [    INFO] - Train: 463 [ 520/520]  Loss: 0.1934 (0.164)  Acc@1: 97.5000 (96.2220)  Acc@5: 100.0000 (99.9280)LR: 3.080e-03
2024-11-21 07:40:24,325 -                train: [    INFO] - Valid: 463 [   0/104]  Loss: 0.1024 (0.102)  Acc@1: 95.8333 (95.8333)  Acc@5: 100.0000 (100.0000)
2024-11-21 07:40:30,460 -                train: [    INFO] - Valid: 463 [ 104/104]  Loss: 0.1293 (0.128)  Acc@1: 93.7500 (96.4400)  Acc@5: 100.0000 (99.9600)
2024-11-21 07:40:30,495 -                train: [    INFO] - valid_acc 96.440003 - best_valid_acc 96.630003
2024-11-21 07:40:30,976 -                train: [    INFO] - Train: 464 [   0/520]  Loss: 0.1300 (0.130)  Acc@1: 95.8333 (95.8333)  Acc@5: 100.0000 (100.0000)LR: 3.038e-03
2024-11-21 07:41:17,129 -                train: [    INFO] - Train: 464 [ 200/520]  Loss: 0.06371 (0.168)  Acc@1: 98.9583 (96.2635)  Acc@5: 100.0000 (99.8808)LR: 3.038e-03
2024-11-21 07:42:03,049 -                train: [    INFO] - Train: 464 [ 400/520]  Loss: 0.1363 (0.161)  Acc@1: 96.8750 (96.3555)  Acc@5: 100.0000 (99.9221)LR: 3.038e-03
2024-11-21 07:42:30,663 -                train: [    INFO] - Train: 464 [ 520/520]  Loss: 0.1929 (0.165)  Acc@1: 95.0000 (96.2800)  Acc@5: 100.0000 (99.9140)LR: 3.038e-03
2024-11-21 07:42:30,945 -                train: [    INFO] - Valid: 464 [   0/104]  Loss: 0.1377 (0.138)  Acc@1: 96.8750 (96.8750)  Acc@5: 100.0000 (100.0000)
2024-11-21 07:42:37,197 -                train: [    INFO] - Valid: 464 [ 104/104]  Loss: 0.01491 (0.119)  Acc@1: 100.0000 (96.7300)  Acc@5: 100.0000 (99.9300)
2024-11-21 07:42:37,735 -                train: [    INFO] - valid_acc 96.730003 - best_valid_acc 96.730003
2024-11-21 07:42:38,167 -                train: [    INFO] - Train: 465 [   0/520]  Loss: 0.1873 (0.187)  Acc@1: 95.8333 (95.8333)  Acc@5: 100.0000 (100.0000)LR: 2.995e-03
2024-11-21 07:43:24,256 -                train: [    INFO] - Train: 465 [ 200/520]  Loss: 0.1612 (0.156)  Acc@1: 97.9167 (96.3049)  Acc@5: 100.0000 (99.9171)LR: 2.995e-03
2024-11-21 07:44:10,429 -                train: [    INFO] - Train: 465 [ 400/520]  Loss: 0.1369 (0.162)  Acc@1: 95.8333 (96.1399)  Acc@5: 100.0000 (99.9169)LR: 2.995e-03
2024-11-21 07:44:38,042 -                train: [    INFO] - Train: 465 [ 520/520]  Loss: 0.1765 (0.161)  Acc@1: 97.5000 (96.1900)  Acc@5: 100.0000 (99.9140)LR: 2.995e-03
2024-11-21 07:44:38,305 -                train: [    INFO] - Valid: 465 [   0/104]  Loss: 0.1201 (0.120)  Acc@1: 97.9167 (97.9167)  Acc@5: 100.0000 (100.0000)
2024-11-21 07:44:44,443 -                train: [    INFO] - Valid: 465 [ 104/104]  Loss: 0.1264 (0.144)  Acc@1: 93.7500 (96.1600)  Acc@5: 100.0000 (99.9300)
2024-11-21 07:44:44,475 -                train: [    INFO] - valid_acc 96.160002 - best_valid_acc 96.730003
2024-11-21 07:44:44,970 -                train: [    INFO] - Train: 466 [   0/520]  Loss: 0.2734 (0.273)  Acc@1: 92.7083 (92.7083)  Acc@5: 98.9583 (98.9583)LR: 2.953e-03
2024-11-21 07:45:31,571 -                train: [    INFO] - Train: 466 [ 200/520]  Loss: 0.09459 (0.164)  Acc@1: 98.9583 (96.1391)  Acc@5: 100.0000 (99.9274)LR: 2.953e-03
2024-11-21 07:46:17,936 -                train: [    INFO] - Train: 466 [ 400/520]  Loss: 0.08377 (0.163)  Acc@1: 97.9167 (96.1762)  Acc@5: 100.0000 (99.9299)LR: 2.953e-03
2024-11-21 07:46:45,392 -                train: [    INFO] - Train: 466 [ 520/520]  Loss: 0.2075 (0.166)  Acc@1: 96.2500 (96.1200)  Acc@5: 100.0000 (99.9260)LR: 2.953e-03
2024-11-21 07:46:45,700 -                train: [    INFO] - Valid: 466 [   0/104]  Loss: 0.1443 (0.144)  Acc@1: 96.8750 (96.8750)  Acc@5: 100.0000 (100.0000)
2024-11-21 07:46:51,837 -                train: [    INFO] - Valid: 466 [ 104/104]  Loss: 0.3077 (0.127)  Acc@1: 93.7500 (96.4100)  Acc@5: 100.0000 (99.9300)
2024-11-21 07:46:52,028 -                train: [    INFO] - valid_acc 96.410003 - best_valid_acc 96.730003
2024-11-21 07:46:52,509 -                train: [    INFO] - Train: 467 [   0/520]  Loss: 0.2719 (0.272)  Acc@1: 94.7917 (94.7917)  Acc@5: 98.9583 (98.9583)LR: 2.910e-03
2024-11-21 07:47:38,574 -                train: [    INFO] - Train: 467 [ 200/520]  Loss: 0.1237 (0.158)  Acc@1: 95.8333 (96.3619)  Acc@5: 100.0000 (99.9274)LR: 2.910e-03
2024-11-21 07:48:24,657 -                train: [    INFO] - Train: 467 [ 400/520]  Loss: 0.1609 (0.160)  Acc@1: 92.7083 (96.3529)  Acc@5: 100.0000 (99.9506)LR: 2.910e-03
2024-11-21 07:48:52,266 -                train: [    INFO] - Train: 467 [ 520/520]  Loss: 0.1633 (0.160)  Acc@1: 95.0000 (96.3260)  Acc@5: 100.0000 (99.9480)LR: 2.910e-03
2024-11-21 07:48:52,646 -                train: [    INFO] - Valid: 467 [   0/104]  Loss: 0.1169 (0.117)  Acc@1: 96.8750 (96.8750)  Acc@5: 100.0000 (100.0000)
2024-11-21 07:48:58,784 -                train: [    INFO] - Valid: 467 [ 104/104]  Loss: 0.04761 (0.119)  Acc@1: 93.7500 (96.5900)  Acc@5: 100.0000 (99.9700)
2024-11-21 07:48:58,818 -                train: [    INFO] - valid_acc 96.590003 - best_valid_acc 96.730003
2024-11-21 07:48:59,302 -                train: [    INFO] - Train: 468 [   0/520]  Loss: 0.1030 (0.103)  Acc@1: 95.8333 (95.8333)  Acc@5: 100.0000 (100.0000)LR: 2.869e-03
2024-11-21 07:49:45,236 -                train: [    INFO] - Train: 468 [ 200/520]  Loss: 0.1876 (0.160)  Acc@1: 94.7917 (96.3879)  Acc@5: 100.0000 (99.9378)LR: 2.869e-03
2024-11-21 07:50:31,296 -                train: [    INFO] - Train: 468 [ 400/520]  Loss: 0.08514 (0.162)  Acc@1: 97.9167 (96.3035)  Acc@5: 100.0000 (99.9169)LR: 2.869e-03
2024-11-21 07:50:58,695 -                train: [    INFO] - Train: 468 [ 520/520]  Loss: 0.2142 (0.164)  Acc@1: 95.0000 (96.2500)  Acc@5: 100.0000 (99.9140)LR: 2.869e-03
2024-11-21 07:50:59,002 -                train: [    INFO] - Valid: 468 [   0/104]  Loss: 0.1064 (0.106)  Acc@1: 97.9167 (97.9167)  Acc@5: 100.0000 (100.0000)
2024-11-21 07:51:05,161 -                train: [    INFO] - Valid: 468 [ 104/104]  Loss: 0.1033 (0.125)  Acc@1: 93.7500 (96.5100)  Acc@5: 100.0000 (99.9400)
2024-11-21 07:51:05,196 -                train: [    INFO] - valid_acc 96.510003 - best_valid_acc 96.730003
2024-11-21 07:51:05,682 -                train: [    INFO] - Train: 469 [   0/520]  Loss: 0.1256 (0.126)  Acc@1: 96.8750 (96.8750)  Acc@5: 100.0000 (100.0000)LR: 2.827e-03
2024-11-21 07:51:51,415 -                train: [    INFO] - Train: 469 [ 200/520]  Loss: 0.07250 (0.154)  Acc@1: 98.9583 (96.5071)  Acc@5: 100.0000 (99.9326)LR: 2.827e-03
2024-11-21 07:52:37,605 -                train: [    INFO] - Train: 469 [ 400/520]  Loss: 0.1485 (0.156)  Acc@1: 95.8333 (96.3970)  Acc@5: 100.0000 (99.9195)LR: 2.827e-03
2024-11-21 07:53:05,266 -                train: [    INFO] - Train: 469 [ 520/520]  Loss: 0.1537 (0.157)  Acc@1: 95.0000 (96.3140)  Acc@5: 100.0000 (99.9140)LR: 2.827e-03
2024-11-21 07:53:05,551 -                train: [    INFO] - Valid: 469 [   0/104]  Loss: 0.04986 (0.0499)  Acc@1: 96.8750 (96.8750)  Acc@5: 100.0000 (100.0000)
2024-11-21 07:53:11,693 -                train: [    INFO] - Valid: 469 [ 104/104]  Loss: 0.1345 (0.126)  Acc@1: 93.7500 (96.5400)  Acc@5: 100.0000 (99.9500)
2024-11-21 07:53:11,726 -                train: [    INFO] - valid_acc 96.540002 - best_valid_acc 96.730003
2024-11-21 07:53:12,158 -                train: [    INFO] - Train: 470 [   0/520]  Loss: 0.07495 (0.0749)  Acc@1: 97.9167 (97.9167)  Acc@5: 100.0000 (100.0000)LR: 2.786e-03
2024-11-21 07:53:58,019 -                train: [    INFO] - Train: 470 [ 200/520]  Loss: 0.2453 (0.157)  Acc@1: 92.7083 (96.4708)  Acc@5: 100.0000 (99.9378)LR: 2.786e-03
2024-11-21 07:54:44,114 -                train: [    INFO] - Train: 470 [ 400/520]  Loss: 0.1758 (0.163)  Acc@1: 93.7500 (96.2542)  Acc@5: 100.0000 (99.9377)LR: 2.786e-03
2024-11-21 07:55:11,722 -                train: [    INFO] - Train: 470 [ 520/520]  Loss: 0.2409 (0.162)  Acc@1: 95.0000 (96.2660)  Acc@5: 100.0000 (99.9380)LR: 2.786e-03
2024-11-21 07:55:12,055 -                train: [    INFO] - Valid: 470 [   0/104]  Loss: 0.1552 (0.155)  Acc@1: 96.8750 (96.8750)  Acc@5: 100.0000 (100.0000)
2024-11-21 07:55:18,193 -                train: [    INFO] - Valid: 470 [ 104/104]  Loss: 0.3288 (0.138)  Acc@1: 87.5000 (96.0700)  Acc@5: 100.0000 (99.9500)
2024-11-21 07:55:18,226 -                train: [    INFO] - valid_acc 96.070003 - best_valid_acc 96.730003
2024-11-21 07:55:18,743 -                train: [    INFO] - Train: 471 [   0/520]  Loss: 0.1093 (0.109)  Acc@1: 97.9167 (97.9167)  Acc@5: 100.0000 (100.0000)LR: 2.745e-03
2024-11-21 07:56:06,232 -                train: [    INFO] - Train: 471 [ 200/520]  Loss: 0.09465 (0.152)  Acc@1: 96.8750 (96.5641)  Acc@5: 100.0000 (99.9585)LR: 2.745e-03
2024-11-21 07:56:54,112 -                train: [    INFO] - Train: 471 [ 400/520]  Loss: 0.1171 (0.153)  Acc@1: 96.8750 (96.5061)  Acc@5: 100.0000 (99.9429)LR: 2.745e-03
2024-11-21 07:57:22,273 -                train: [    INFO] - Train: 471 [ 520/520]  Loss: 0.05896 (0.154)  Acc@1: 98.7500 (96.4620)  Acc@5: 100.0000 (99.9360)LR: 2.745e-03
2024-11-21 07:57:22,571 -                train: [    INFO] - Valid: 471 [   0/104]  Loss: 0.07910 (0.0791)  Acc@1: 97.9167 (97.9167)  Acc@5: 100.0000 (100.0000)
2024-11-21 07:57:28,706 -                train: [    INFO] - Valid: 471 [ 104/104]  Loss: 0.2204 (0.134)  Acc@1: 87.5000 (96.4000)  Acc@5: 100.0000 (99.9600)
2024-11-21 07:57:28,740 -                train: [    INFO] - valid_acc 96.400003 - best_valid_acc 96.730003
2024-11-21 07:57:29,235 -                train: [    INFO] - Train: 472 [   0/520]  Loss: 0.2476 (0.248)  Acc@1: 93.7500 (93.7500)  Acc@5: 100.0000 (100.0000)LR: 2.704e-03
2024-11-21 07:58:15,522 -                train: [    INFO] - Train: 472 [ 200/520]  Loss: 0.1580 (0.155)  Acc@1: 95.8333 (96.4967)  Acc@5: 100.0000 (99.9482)LR: 2.704e-03
2024-11-21 07:59:01,439 -                train: [    INFO] - Train: 472 [ 400/520]  Loss: 0.1367 (0.156)  Acc@1: 95.8333 (96.4100)  Acc@5: 100.0000 (99.9403)LR: 2.704e-03
2024-11-21 07:59:28,973 -                train: [    INFO] - Train: 472 [ 520/520]  Loss: 0.07158 (0.158)  Acc@1: 98.7500 (96.3440)  Acc@5: 100.0000 (99.9440)LR: 2.704e-03
2024-11-21 07:59:29,244 -                train: [    INFO] - Valid: 472 [   0/104]  Loss: 0.08680 (0.0868)  Acc@1: 97.9167 (97.9167)  Acc@5: 100.0000 (100.0000)
2024-11-21 07:59:35,398 -                train: [    INFO] - Valid: 472 [ 104/104]  Loss: 0.003123 (0.126)  Acc@1: 100.0000 (96.5800)  Acc@5: 100.0000 (99.9500)
2024-11-21 07:59:35,433 -                train: [    INFO] - valid_acc 96.580002 - best_valid_acc 96.730003
2024-11-21 07:59:35,896 -                train: [    INFO] - Train: 473 [   0/520]  Loss: 0.07998 (0.0800)  Acc@1: 97.9167 (97.9167)  Acc@5: 100.0000 (100.0000)LR: 2.663e-03
2024-11-21 08:00:21,721 -                train: [    INFO] - Train: 473 [ 200/520]  Loss: 0.04484 (0.146)  Acc@1: 100.0000 (96.5537)  Acc@5: 100.0000 (99.9482)LR: 2.663e-03
2024-11-21 08:01:08,000 -                train: [    INFO] - Train: 473 [ 400/520]  Loss: 0.2237 (0.155)  Acc@1: 93.7500 (96.3762)  Acc@5: 100.0000 (99.9403)LR: 2.663e-03
2024-11-21 08:01:35,667 -                train: [    INFO] - Train: 473 [ 520/520]  Loss: 0.2337 (0.156)  Acc@1: 93.7500 (96.3640)  Acc@5: 98.7500 (99.9400)LR: 2.663e-03
2024-11-21 08:01:35,947 -                train: [    INFO] - Valid: 473 [   0/104]  Loss: 0.1326 (0.133)  Acc@1: 96.8750 (96.8750)  Acc@5: 100.0000 (100.0000)
2024-11-21 08:01:42,083 -                train: [    INFO] - Valid: 473 [ 104/104]  Loss: 0.1079 (0.125)  Acc@1: 93.7500 (96.7000)  Acc@5: 100.0000 (99.9700)
2024-11-21 08:01:42,115 -                train: [    INFO] - valid_acc 96.700002 - best_valid_acc 96.730003
2024-11-21 08:01:42,656 -                train: [    INFO] - Train: 474 [   0/520]  Loss: 0.09191 (0.0919)  Acc@1: 97.9167 (97.9167)  Acc@5: 100.0000 (100.0000)LR: 2.623e-03
2024-11-21 08:02:30,474 -                train: [    INFO] - Train: 474 [ 200/520]  Loss: 0.1483 (0.149)  Acc@1: 95.8333 (96.5952)  Acc@5: 100.0000 (99.9482)LR: 2.623e-03
2024-11-21 08:03:17,816 -                train: [    INFO] - Train: 474 [ 400/520]  Loss: 0.1591 (0.152)  Acc@1: 94.7917 (96.4983)  Acc@5: 100.0000 (99.9273)LR: 2.623e-03
2024-11-21 08:03:45,793 -                train: [    INFO] - Train: 474 [ 520/520]  Loss: 0.2488 (0.153)  Acc@1: 93.7500 (96.4300)  Acc@5: 100.0000 (99.9260)LR: 2.623e-03
2024-11-21 08:03:46,183 -                train: [    INFO] - Valid: 474 [   0/104]  Loss: 0.1652 (0.165)  Acc@1: 96.8750 (96.8750)  Acc@5: 100.0000 (100.0000)
2024-11-21 08:03:52,338 -                train: [    INFO] - Valid: 474 [ 104/104]  Loss: 0.1784 (0.126)  Acc@1: 93.7500 (96.4800)  Acc@5: 100.0000 (99.9300)
2024-11-21 08:03:52,371 -                train: [    INFO] - valid_acc 96.480002 - best_valid_acc 96.730003
2024-11-21 08:03:52,880 -                train: [    INFO] - Train: 475 [   0/520]  Loss: 0.1838 (0.184)  Acc@1: 94.7917 (94.7917)  Acc@5: 100.0000 (100.0000)LR: 2.583e-03
2024-11-21 08:04:39,206 -                train: [    INFO] - Train: 475 [ 200/520]  Loss: 0.2106 (0.150)  Acc@1: 96.8750 (96.3827)  Acc@5: 100.0000 (99.9585)LR: 2.583e-03
2024-11-21 08:05:25,201 -                train: [    INFO] - Train: 475 [ 400/520]  Loss: 0.1114 (0.149)  Acc@1: 97.9167 (96.4620)  Acc@5: 100.0000 (99.9558)LR: 2.583e-03
2024-11-21 08:05:52,655 -                train: [    INFO] - Train: 475 [ 520/520]  Loss: 0.1094 (0.152)  Acc@1: 97.5000 (96.4140)  Acc@5: 100.0000 (99.9440)LR: 2.583e-03
2024-11-21 08:05:52,992 -                train: [    INFO] - Valid: 475 [   0/104]  Loss: 0.06311 (0.0631)  Acc@1: 97.9167 (97.9167)  Acc@5: 100.0000 (100.0000)
2024-11-21 08:05:59,163 -                train: [    INFO] - Valid: 475 [ 104/104]  Loss: 0.2390 (0.128)  Acc@1: 87.5000 (96.5000)  Acc@5: 100.0000 (99.9600)
2024-11-21 08:05:59,219 -                train: [    INFO] - valid_acc 96.500002 - best_valid_acc 96.730003
2024-11-21 08:05:59,684 -                train: [    INFO] - Train: 476 [   0/520]  Loss: 0.1387 (0.139)  Acc@1: 94.7917 (94.7917)  Acc@5: 100.0000 (100.0000)LR: 2.543e-03
2024-11-21 08:06:45,611 -                train: [    INFO] - Train: 476 [ 200/520]  Loss: 0.1932 (0.153)  Acc@1: 94.7917 (96.3308)  Acc@5: 100.0000 (99.9067)LR: 2.543e-03
2024-11-21 08:07:31,539 -                train: [    INFO] - Train: 476 [ 400/520]  Loss: 0.2507 (0.151)  Acc@1: 96.8750 (96.4412)  Acc@5: 98.9583 (99.9143)LR: 2.543e-03
2024-11-21 08:07:59,081 -                train: [    INFO] - Train: 476 [ 520/520]  Loss: 0.1055 (0.154)  Acc@1: 96.2500 (96.3720)  Acc@5: 100.0000 (99.9180)LR: 2.543e-03
2024-11-21 08:07:59,574 -                train: [    INFO] - Valid: 476 [   0/104]  Loss: 0.1174 (0.117)  Acc@1: 97.9167 (97.9167)  Acc@5: 100.0000 (100.0000)
2024-11-21 08:08:05,779 -                train: [    INFO] - Valid: 476 [ 104/104]  Loss: 0.1619 (0.116)  Acc@1: 93.7500 (96.5900)  Acc@5: 100.0000 (99.9700)
2024-11-21 08:08:05,835 -                train: [    INFO] - valid_acc 96.590002 - best_valid_acc 96.730003
2024-11-21 08:08:06,274 -                train: [    INFO] - Train: 477 [   0/520]  Loss: 0.1653 (0.165)  Acc@1: 96.8750 (96.8750)  Acc@5: 100.0000 (100.0000)LR: 2.504e-03
2024-11-21 08:08:52,228 -                train: [    INFO] - Train: 477 [ 200/520]  Loss: 0.1526 (0.136)  Acc@1: 96.8750 (96.8439)  Acc@5: 100.0000 (99.9585)LR: 2.504e-03
2024-11-21 08:09:38,328 -                train: [    INFO] - Train: 477 [ 400/520]  Loss: 0.1430 (0.143)  Acc@1: 96.8750 (96.6620)  Acc@5: 100.0000 (99.9506)LR: 2.504e-03
2024-11-21 08:10:05,937 -                train: [    INFO] - Train: 477 [ 520/520]  Loss: 0.1139 (0.143)  Acc@1: 97.5000 (96.6620)  Acc@5: 100.0000 (99.9560)LR: 2.504e-03
2024-11-21 08:10:06,221 -                train: [    INFO] - Valid: 477 [   0/104]  Loss: 0.1413 (0.141)  Acc@1: 96.8750 (96.8750)  Acc@5: 100.0000 (100.0000)
2024-11-21 08:10:12,391 -                train: [    INFO] - Valid: 477 [ 104/104]  Loss: 0.03459 (0.126)  Acc@1: 100.0000 (96.5100)  Acc@5: 100.0000 (99.9500)
2024-11-21 08:10:13,572 -                train: [    INFO] - valid_acc 96.510003 - best_valid_acc 96.730003
2024-11-21 08:10:14,058 -                train: [    INFO] - Train: 478 [   0/520]  Loss: 0.2094 (0.209)  Acc@1: 96.8750 (96.8750)  Acc@5: 100.0000 (100.0000)LR: 2.465e-03
2024-11-21 08:11:01,979 -                train: [    INFO] - Train: 478 [ 200/520]  Loss: 0.1085 (0.139)  Acc@1: 96.8750 (96.8698)  Acc@5: 100.0000 (99.9223)LR: 2.465e-03
2024-11-21 08:11:48,835 -                train: [    INFO] - Train: 478 [ 400/520]  Loss: 0.07062 (0.140)  Acc@1: 97.9167 (96.8438)  Acc@5: 100.0000 (99.9247)LR: 2.465e-03
2024-11-21 08:12:16,644 -                train: [    INFO] - Train: 478 [ 520/520]  Loss: 0.1282 (0.142)  Acc@1: 96.2500 (96.7600)  Acc@5: 100.0000 (99.9300)LR: 2.465e-03
2024-11-21 08:12:17,005 -                train: [    INFO] - Valid: 478 [   0/104]  Loss: 0.09965 (0.0997)  Acc@1: 96.8750 (96.8750)  Acc@5: 100.0000 (100.0000)
2024-11-21 08:12:23,262 -                train: [    INFO] - Valid: 478 [ 104/104]  Loss: 0.1722 (0.126)  Acc@1: 93.7500 (96.6200)  Acc@5: 100.0000 (99.9400)
2024-11-21 08:12:23,297 -                train: [    INFO] - valid_acc 96.620002 - best_valid_acc 96.730003
2024-11-21 08:12:23,792 -                train: [    INFO] - Train: 479 [   0/520]  Loss: 0.1986 (0.199)  Acc@1: 96.8750 (96.8750)  Acc@5: 98.9583 (98.9583)LR: 2.426e-03
2024-11-21 08:13:10,552 -                train: [    INFO] - Train: 479 [ 200/520]  Loss: 0.07481 (0.142)  Acc@1: 98.9583 (96.8595)  Acc@5: 100.0000 (99.9326)LR: 2.426e-03
2024-11-21 08:13:57,344 -                train: [    INFO] - Train: 479 [ 400/520]  Loss: 0.1570 (0.143)  Acc@1: 96.8750 (96.8153)  Acc@5: 100.0000 (99.9506)LR: 2.426e-03
2024-11-21 08:14:24,786 -                train: [    INFO] - Train: 479 [ 520/520]  Loss: 0.07712 (0.145)  Acc@1: 98.7500 (96.7340)  Acc@5: 100.0000 (99.9460)LR: 2.426e-03
2024-11-21 08:14:25,406 -                train: [    INFO] - Valid: 479 [   0/104]  Loss: 0.08178 (0.0818)  Acc@1: 96.8750 (96.8750)  Acc@5: 100.0000 (100.0000)
2024-11-21 08:14:31,611 -                train: [    INFO] - Valid: 479 [ 104/104]  Loss: 0.4419 (0.125)  Acc@1: 93.7500 (96.6400)  Acc@5: 100.0000 (99.9600)
2024-11-21 08:14:32,573 -                train: [    INFO] - valid_acc 96.640002 - best_valid_acc 96.730003
2024-11-21 08:14:32,994 -                train: [    INFO] - Train: 480 [   0/520]  Loss: 0.1407 (0.141)  Acc@1: 96.8750 (96.8750)  Acc@5: 100.0000 (100.0000)LR: 2.387e-03
2024-11-21 08:15:19,030 -                train: [    INFO] - Train: 480 [ 200/520]  Loss: 0.2370 (0.145)  Acc@1: 93.7500 (96.8024)  Acc@5: 100.0000 (99.9378)LR: 2.387e-03
2024-11-21 08:16:05,170 -                train: [    INFO] - Train: 480 [ 400/520]  Loss: 0.1128 (0.143)  Acc@1: 95.8333 (96.7477)  Acc@5: 100.0000 (99.9558)LR: 2.387e-03
2024-11-21 08:16:32,863 -                train: [    INFO] - Train: 480 [ 520/520]  Loss: 0.3349 (0.145)  Acc@1: 96.2500 (96.7000)  Acc@5: 100.0000 (99.9560)LR: 2.387e-03
2024-11-21 08:16:33,161 -                train: [    INFO] - Valid: 480 [   0/104]  Loss: 0.08843 (0.0884)  Acc@1: 96.8750 (96.8750)  Acc@5: 100.0000 (100.0000)
2024-11-21 08:16:39,587 -                train: [    INFO] - Valid: 480 [ 104/104]  Loss: 0.3410 (0.124)  Acc@1: 93.7500 (96.6400)  Acc@5: 100.0000 (99.9500)
2024-11-21 08:16:39,643 -                train: [    INFO] - valid_acc 96.640002 - best_valid_acc 96.730003
2024-11-21 08:16:40,088 -                train: [    INFO] - Train: 481 [   0/520]  Loss: 0.08985 (0.0898)  Acc@1: 96.8750 (96.8750)  Acc@5: 100.0000 (100.0000)LR: 2.349e-03
2024-11-21 08:17:29,797 -                train: [    INFO] - Train: 481 [ 200/520]  Loss: 0.2196 (0.141)  Acc@1: 95.8333 (96.8802)  Acc@5: 98.9583 (99.9378)LR: 2.349e-03
2024-11-21 08:18:18,296 -                train: [    INFO] - Train: 481 [ 400/520]  Loss: 0.05997 (0.145)  Acc@1: 100.0000 (96.7113)  Acc@5: 100.0000 (99.9454)LR: 2.349e-03
2024-11-21 08:18:46,225 -                train: [    INFO] - Train: 481 [ 520/520]  Loss: 0.1183 (0.144)  Acc@1: 96.2500 (96.7400)  Acc@5: 100.0000 (99.9520)LR: 2.349e-03
2024-11-21 08:18:46,519 -                train: [    INFO] - Valid: 481 [   0/104]  Loss: 0.1042 (0.104)  Acc@1: 97.9167 (97.9167)  Acc@5: 100.0000 (100.0000)
2024-11-21 08:18:52,718 -                train: [    INFO] - Valid: 481 [ 104/104]  Loss: 0.1016 (0.125)  Acc@1: 93.7500 (96.5500)  Acc@5: 100.0000 (99.9500)
2024-11-21 08:18:52,751 -                train: [    INFO] - valid_acc 96.550003 - best_valid_acc 96.730003
2024-11-21 08:18:53,267 -                train: [    INFO] - Train: 482 [   0/520]  Loss: 0.1391 (0.139)  Acc@1: 95.8333 (95.8333)  Acc@5: 100.0000 (100.0000)LR: 2.311e-03
2024-11-21 08:19:39,220 -                train: [    INFO] - Train: 482 [ 200/520]  Loss: 0.2509 (0.147)  Acc@1: 92.7083 (96.6211)  Acc@5: 100.0000 (99.9274)LR: 2.311e-03
2024-11-21 08:20:25,088 -                train: [    INFO] - Train: 482 [ 400/520]  Loss: 0.2024 (0.143)  Acc@1: 95.8333 (96.7088)  Acc@5: 100.0000 (99.9429)LR: 2.311e-03
2024-11-21 08:20:52,832 -                train: [    INFO] - Train: 482 [ 520/520]  Loss: 0.08052 (0.143)  Acc@1: 97.5000 (96.7580)  Acc@5: 100.0000 (99.9460)LR: 2.311e-03
2024-11-21 08:20:53,088 -                train: [    INFO] - Valid: 482 [   0/104]  Loss: 0.1046 (0.105)  Acc@1: 96.8750 (96.8750)  Acc@5: 100.0000 (100.0000)
2024-11-21 08:20:59,251 -                train: [    INFO] - Valid: 482 [ 104/104]  Loss: 0.05590 (0.118)  Acc@1: 93.7500 (96.7000)  Acc@5: 100.0000 (99.9500)
2024-11-21 08:20:59,283 -                train: [    INFO] - valid_acc 96.700002 - best_valid_acc 96.730003
2024-11-21 08:20:59,759 -                train: [    INFO] - Train: 483 [   0/520]  Loss: 0.1050 (0.105)  Acc@1: 97.9167 (97.9167)  Acc@5: 100.0000 (100.0000)LR: 2.273e-03
2024-11-21 08:21:45,936 -                train: [    INFO] - Train: 483 [ 200/520]  Loss: 0.09557 (0.139)  Acc@1: 97.9167 (96.7714)  Acc@5: 100.0000 (99.9430)LR: 2.273e-03
2024-11-21 08:22:31,824 -                train: [    INFO] - Train: 483 [ 400/520]  Loss: 0.1363 (0.140)  Acc@1: 93.7500 (96.7893)  Acc@5: 100.0000 (99.9480)LR: 2.273e-03
2024-11-21 08:22:59,545 -                train: [    INFO] - Train: 483 [ 520/520]  Loss: 0.1623 (0.141)  Acc@1: 95.0000 (96.7640)  Acc@5: 100.0000 (99.9420)LR: 2.273e-03
2024-11-21 08:22:59,824 -                train: [    INFO] - Valid: 483 [   0/104]  Loss: 0.07357 (0.0736)  Acc@1: 97.9167 (97.9167)  Acc@5: 100.0000 (100.0000)
2024-11-21 08:23:05,966 -                train: [    INFO] - Valid: 483 [ 104/104]  Loss: 0.3632 (0.125)  Acc@1: 93.7500 (96.5400)  Acc@5: 100.0000 (99.9300)
2024-11-21 08:23:06,027 -                train: [    INFO] - valid_acc 96.540003 - best_valid_acc 96.730003
2024-11-21 08:23:06,573 -                train: [    INFO] - Train: 484 [   0/520]  Loss: 0.1195 (0.119)  Acc@1: 97.9167 (97.9167)  Acc@5: 100.0000 (100.0000)LR: 2.236e-03
2024-11-21 08:23:54,398 -                train: [    INFO] - Train: 484 [ 200/520]  Loss: 0.1244 (0.140)  Acc@1: 97.9167 (96.7921)  Acc@5: 100.0000 (99.9482)LR: 2.236e-03
2024-11-21 08:24:42,601 -                train: [    INFO] - Train: 484 [ 400/520]  Loss: 0.1648 (0.140)  Acc@1: 95.8333 (96.7997)  Acc@5: 100.0000 (99.9403)LR: 2.236e-03
2024-11-21 08:25:10,612 -                train: [    INFO] - Train: 484 [ 520/520]  Loss: 0.3117 (0.138)  Acc@1: 95.0000 (96.8580)  Acc@5: 100.0000 (99.9440)LR: 2.236e-03
2024-11-21 08:25:10,944 -                train: [    INFO] - Valid: 484 [   0/104]  Loss: 0.07016 (0.0702)  Acc@1: 96.8750 (96.8750)  Acc@5: 100.0000 (100.0000)
2024-11-21 08:25:17,095 -                train: [    INFO] - Valid: 484 [ 104/104]  Loss: 0.03394 (0.123)  Acc@1: 100.0000 (96.6200)  Acc@5: 100.0000 (99.9600)
2024-11-21 08:25:17,129 -                train: [    INFO] - valid_acc 96.620002 - best_valid_acc 96.730003
2024-11-21 08:25:17,625 -                train: [    INFO] - Train: 485 [   0/520]  Loss: 0.07630 (0.0763)  Acc@1: 98.9583 (98.9583)  Acc@5: 100.0000 (100.0000)LR: 2.198e-03
2024-11-21 08:26:04,003 -                train: [    INFO] - Train: 485 [ 200/520]  Loss: 0.09606 (0.134)  Acc@1: 97.9167 (97.0460)  Acc@5: 100.0000 (99.9482)LR: 2.198e-03
2024-11-21 08:26:51,312 -                train: [    INFO] - Train: 485 [ 400/520]  Loss: 0.1291 (0.136)  Acc@1: 97.9167 (96.9815)  Acc@5: 100.0000 (99.9610)LR: 2.198e-03
2024-11-21 08:27:18,819 -                train: [    INFO] - Train: 485 [ 520/520]  Loss: 0.1173 (0.137)  Acc@1: 97.5000 (96.9020)  Acc@5: 100.0000 (99.9600)LR: 2.198e-03
2024-11-21 08:27:19,109 -                train: [    INFO] - Valid: 485 [   0/104]  Loss: 0.09867 (0.0987)  Acc@1: 97.9167 (97.9167)  Acc@5: 100.0000 (100.0000)
2024-11-21 08:27:25,346 -                train: [    INFO] - Valid: 485 [ 104/104]  Loss: 0.003962 (0.123)  Acc@1: 100.0000 (96.6600)  Acc@5: 100.0000 (99.9600)
2024-11-21 08:27:25,390 -                train: [    INFO] - valid_acc 96.660003 - best_valid_acc 96.730003
2024-11-21 08:27:25,856 -                train: [    INFO] - Train: 486 [   0/520]  Loss: 0.2627 (0.263)  Acc@1: 92.7083 (92.7083)  Acc@5: 100.0000 (100.0000)LR: 2.161e-03
2024-11-21 08:28:11,998 -                train: [    INFO] - Train: 486 [ 200/520]  Loss: 0.1107 (0.140)  Acc@1: 97.9167 (96.7143)  Acc@5: 100.0000 (99.9482)LR: 2.161e-03
2024-11-21 08:28:58,050 -                train: [    INFO] - Train: 486 [ 400/520]  Loss: 0.08239 (0.142)  Acc@1: 97.9167 (96.6750)  Acc@5: 100.0000 (99.9377)LR: 2.161e-03
2024-11-21 08:29:25,855 -                train: [    INFO] - Train: 486 [ 520/520]  Loss: 0.1091 (0.140)  Acc@1: 97.5000 (96.7560)  Acc@5: 100.0000 (99.9440)LR: 2.161e-03
2024-11-21 08:29:26,129 -                train: [    INFO] - Valid: 486 [   0/104]  Loss: 0.04514 (0.0451)  Acc@1: 98.9583 (98.9583)  Acc@5: 100.0000 (100.0000)
2024-11-21 08:29:32,266 -                train: [    INFO] - Valid: 486 [ 104/104]  Loss: 0.1996 (0.114)  Acc@1: 93.7500 (96.8900)  Acc@5: 100.0000 (99.9700)
2024-11-21 08:29:34,152 -                train: [    INFO] - valid_acc 96.890003 - best_valid_acc 96.890003
2024-11-21 08:29:34,738 -                train: [    INFO] - Train: 487 [   0/520]  Loss: 0.06655 (0.0665)  Acc@1: 97.9167 (97.9167)  Acc@5: 100.0000 (100.0000)LR: 2.125e-03
2024-11-21 08:30:22,453 -                train: [    INFO] - Train: 487 [ 200/520]  Loss: 0.1609 (0.141)  Acc@1: 96.8750 (96.8284)  Acc@5: 100.0000 (99.9430)LR: 2.125e-03
2024-11-21 08:31:08,406 -                train: [    INFO] - Train: 487 [ 400/520]  Loss: 0.1642 (0.143)  Acc@1: 94.7917 (96.7347)  Acc@5: 100.0000 (99.9454)LR: 2.125e-03
2024-11-21 08:31:35,956 -                train: [    INFO] - Train: 487 [ 520/520]  Loss: 0.1292 (0.139)  Acc@1: 97.5000 (96.7720)  Acc@5: 100.0000 (99.9540)LR: 2.125e-03
2024-11-21 08:31:36,253 -                train: [    INFO] - Valid: 487 [   0/104]  Loss: 0.1064 (0.106)  Acc@1: 95.8333 (95.8333)  Acc@5: 100.0000 (100.0000)
2024-11-21 08:31:42,391 -                train: [    INFO] - Valid: 487 [ 104/104]  Loss: 0.1315 (0.119)  Acc@1: 93.7500 (96.7300)  Acc@5: 100.0000 (99.9500)
2024-11-21 08:31:42,425 -                train: [    INFO] - valid_acc 96.730002 - best_valid_acc 96.890003
2024-11-21 08:31:42,952 -                train: [    INFO] - Train: 488 [   0/520]  Loss: 0.1609 (0.161)  Acc@1: 95.8333 (95.8333)  Acc@5: 100.0000 (100.0000)LR: 2.088e-03
2024-11-21 08:32:28,899 -                train: [    INFO] - Train: 488 [ 200/520]  Loss: 0.2293 (0.132)  Acc@1: 96.8750 (96.8750)  Acc@5: 100.0000 (99.9378)LR: 2.088e-03
2024-11-21 08:33:15,015 -                train: [    INFO] - Train: 488 [ 400/520]  Loss: 0.08051 (0.132)  Acc@1: 98.9583 (96.9737)  Acc@5: 100.0000 (99.9480)LR: 2.088e-03
2024-11-21 08:33:42,550 -                train: [    INFO] - Train: 488 [ 520/520]  Loss: 0.09248 (0.132)  Acc@1: 96.2500 (96.9520)  Acc@5: 100.0000 (99.9580)LR: 2.088e-03
2024-11-21 08:33:42,774 -                train: [    INFO] - Valid: 488 [   0/104]  Loss: 0.06916 (0.0692)  Acc@1: 98.9583 (98.9583)  Acc@5: 100.0000 (100.0000)
2024-11-21 08:33:48,910 -                train: [    INFO] - Valid: 488 [ 104/104]  Loss: 0.1796 (0.120)  Acc@1: 87.5000 (96.8400)  Acc@5: 100.0000 (99.9700)
2024-11-21 08:33:48,937 -                train: [    INFO] - valid_acc 96.840003 - best_valid_acc 96.890003
2024-11-21 08:33:49,342 -                train: [    INFO] - Train: 489 [   0/520]  Loss: 0.08986 (0.0899)  Acc@1: 95.8333 (95.8333)  Acc@5: 100.0000 (100.0000)LR: 2.052e-03
2024-11-21 08:34:35,361 -                train: [    INFO] - Train: 489 [ 200/520]  Loss: 0.09719 (0.140)  Acc@1: 97.9167 (96.7299)  Acc@5: 100.0000 (99.9378)LR: 2.052e-03
2024-11-21 08:35:21,485 -                train: [    INFO] - Train: 489 [ 400/520]  Loss: 0.08355 (0.137)  Acc@1: 97.9167 (96.8179)  Acc@5: 100.0000 (99.9584)LR: 2.052e-03
2024-11-21 08:35:49,373 -                train: [    INFO] - Train: 489 [ 520/520]  Loss: 0.1741 (0.135)  Acc@1: 96.2500 (96.9040)  Acc@5: 100.0000 (99.9500)LR: 2.052e-03
2024-11-21 08:35:49,709 -                train: [    INFO] - Valid: 489 [   0/104]  Loss: 0.08821 (0.0882)  Acc@1: 96.8750 (96.8750)  Acc@5: 100.0000 (100.0000)
2024-11-21 08:35:55,949 -                train: [    INFO] - Valid: 489 [ 104/104]  Loss: 0.1196 (0.121)  Acc@1: 93.7500 (96.6000)  Acc@5: 100.0000 (99.9600)
2024-11-21 08:35:55,990 -                train: [    INFO] - valid_acc 96.600002 - best_valid_acc 96.890003
2024-11-21 08:35:56,550 -                train: [    INFO] - Train: 490 [   0/520]  Loss: 0.08000 (0.0800)  Acc@1: 96.8750 (96.8750)  Acc@5: 100.0000 (100.0000)LR: 2.017e-03
2024-11-21 08:36:42,713 -                train: [    INFO] - Train: 490 [ 200/520]  Loss: 0.1712 (0.132)  Acc@1: 93.7500 (96.9268)  Acc@5: 100.0000 (99.9689)LR: 2.017e-03
2024-11-21 08:37:28,837 -                train: [    INFO] - Train: 490 [ 400/520]  Loss: 0.1463 (0.133)  Acc@1: 96.8750 (96.9685)  Acc@5: 100.0000 (99.9636)LR: 2.017e-03
2024-11-21 08:37:56,203 -                train: [    INFO] - Train: 490 [ 520/520]  Loss: 0.05098 (0.131)  Acc@1: 100.0000 (97.0420)  Acc@5: 100.0000 (99.9560)LR: 2.017e-03
2024-11-21 08:37:56,512 -                train: [    INFO] - Valid: 490 [   0/104]  Loss: 0.03568 (0.0357)  Acc@1: 97.9167 (97.9167)  Acc@5: 100.0000 (100.0000)
2024-11-21 08:38:02,710 -                train: [    INFO] - Valid: 490 [ 104/104]  Loss: 0.3026 (0.114)  Acc@1: 93.7500 (96.7400)  Acc@5: 100.0000 (99.9700)
2024-11-21 08:38:02,744 -                train: [    INFO] - valid_acc 96.740003 - best_valid_acc 96.890003
2024-11-21 08:38:03,287 -                train: [    INFO] - Train: 491 [   0/520]  Loss: 0.1730 (0.173)  Acc@1: 93.7500 (93.7500)  Acc@5: 100.0000 (100.0000)LR: 1.981e-03
2024-11-21 08:38:50,070 -                train: [    INFO] - Train: 491 [ 200/520]  Loss: 0.08689 (0.133)  Acc@1: 97.9167 (96.9890)  Acc@5: 100.0000 (99.9430)LR: 1.981e-03
2024-11-21 08:39:36,419 -                train: [    INFO] - Train: 491 [ 400/520]  Loss: 0.1636 (0.126)  Acc@1: 96.8750 (97.1114)  Acc@5: 100.0000 (99.9532)LR: 1.981e-03
2024-11-21 08:40:04,120 -                train: [    INFO] - Train: 491 [ 520/520]  Loss: 0.1485 (0.129)  Acc@1: 95.0000 (97.0920)  Acc@5: 100.0000 (99.9440)LR: 1.981e-03
2024-11-21 08:40:04,702 -                train: [    INFO] - Valid: 491 [   0/104]  Loss: 0.09021 (0.0902)  Acc@1: 98.9583 (98.9583)  Acc@5: 100.0000 (100.0000)
2024-11-21 08:40:10,842 -                train: [    INFO] - Valid: 491 [ 104/104]  Loss: 0.1734 (0.116)  Acc@1: 93.7500 (97.0000)  Acc@5: 100.0000 (99.9700)
2024-11-21 08:40:11,336 -                train: [    INFO] - valid_acc 97.000002 - best_valid_acc 97.000002
2024-11-21 08:40:11,816 -                train: [    INFO] - Train: 492 [   0/520]  Loss: 0.1392 (0.139)  Acc@1: 93.7500 (93.7500)  Acc@5: 100.0000 (100.0000)LR: 1.946e-03
2024-11-21 08:40:57,949 -                train: [    INFO] - Train: 492 [ 200/520]  Loss: 0.06689 (0.133)  Acc@1: 98.9583 (97.0253)  Acc@5: 100.0000 (99.9482)LR: 1.946e-03
2024-11-21 08:41:44,020 -                train: [    INFO] - Train: 492 [ 400/520]  Loss: 0.1988 (0.132)  Acc@1: 92.7083 (96.9659)  Acc@5: 100.0000 (99.9584)LR: 1.946e-03
2024-11-21 08:42:11,651 -                train: [    INFO] - Train: 492 [ 520/520]  Loss: 0.08533 (0.132)  Acc@1: 97.5000 (96.9960)  Acc@5: 100.0000 (99.9560)LR: 1.946e-03
2024-11-21 08:42:11,920 -                train: [    INFO] - Valid: 492 [   0/104]  Loss: 0.06655 (0.0666)  Acc@1: 95.8333 (95.8333)  Acc@5: 100.0000 (100.0000)
2024-11-21 08:42:18,054 -                train: [    INFO] - Valid: 492 [ 104/104]  Loss: 0.1068 (0.117)  Acc@1: 93.7500 (96.8700)  Acc@5: 100.0000 (99.9800)
2024-11-21 08:42:18,086 -                train: [    INFO] - valid_acc 96.870002 - best_valid_acc 97.000002
2024-11-21 08:42:18,541 -                train: [    INFO] - Train: 493 [   0/520]  Loss: 0.08688 (0.0869)  Acc@1: 97.9167 (97.9167)  Acc@5: 100.0000 (100.0000)LR: 1.911e-03
2024-11-21 08:43:04,362 -                train: [    INFO] - Train: 493 [ 200/520]  Loss: 0.08278 (0.128)  Acc@1: 97.9167 (97.1549)  Acc@5: 100.0000 (99.9585)LR: 1.911e-03
2024-11-21 08:43:50,348 -                train: [    INFO] - Train: 493 [ 400/520]  Loss: 0.1377 (0.128)  Acc@1: 95.8333 (97.0828)  Acc@5: 100.0000 (99.9714)LR: 1.911e-03
2024-11-21 08:44:17,608 -                train: [    INFO] - Train: 493 [ 520/520]  Loss: 0.1324 (0.129)  Acc@1: 97.5000 (97.0780)  Acc@5: 100.0000 (99.9660)LR: 1.911e-03
2024-11-21 08:44:17,897 -                train: [    INFO] - Valid: 493 [   0/104]  Loss: 0.09757 (0.0976)  Acc@1: 97.9167 (97.9167)  Acc@5: 100.0000 (100.0000)
2024-11-21 08:44:24,029 -                train: [    INFO] - Valid: 493 [ 104/104]  Loss: 0.4569 (0.116)  Acc@1: 93.7500 (96.8000)  Acc@5: 100.0000 (99.9700)
2024-11-21 08:44:24,065 -                train: [    INFO] - valid_acc 96.800002 - best_valid_acc 97.000002
2024-11-21 08:44:24,667 -                train: [    INFO] - Train: 494 [   0/520]  Loss: 0.09460 (0.0946)  Acc@1: 96.8750 (96.8750)  Acc@5: 100.0000 (100.0000)LR: 1.876e-03
2024-11-21 08:45:10,760 -                train: [    INFO] - Train: 494 [ 200/520]  Loss: 0.1889 (0.130)  Acc@1: 93.7500 (96.9372)  Acc@5: 100.0000 (99.9585)LR: 1.876e-03
2024-11-21 08:45:56,744 -                train: [    INFO] - Train: 494 [ 400/520]  Loss: 0.1774 (0.128)  Acc@1: 96.8750 (97.0542)  Acc@5: 100.0000 (99.9584)LR: 1.876e-03
2024-11-21 08:46:24,231 -                train: [    INFO] - Train: 494 [ 520/520]  Loss: 0.1406 (0.127)  Acc@1: 96.2500 (97.1080)  Acc@5: 100.0000 (99.9640)LR: 1.876e-03
2024-11-21 08:46:24,486 -                train: [    INFO] - Valid: 494 [   0/104]  Loss: 0.08096 (0.0810)  Acc@1: 96.8750 (96.8750)  Acc@5: 100.0000 (100.0000)
2024-11-21 08:46:30,653 -                train: [    INFO] - Valid: 494 [ 104/104]  Loss: 0.5202 (0.116)  Acc@1: 93.7500 (96.9300)  Acc@5: 100.0000 (99.9600)
2024-11-21 08:46:30,685 -                train: [    INFO] - valid_acc 96.930002 - best_valid_acc 97.000002
2024-11-21 08:46:31,183 -                train: [    INFO] - Train: 495 [   0/520]  Loss: 0.03804 (0.0380)  Acc@1: 98.9583 (98.9583)  Acc@5: 100.0000 (100.0000)LR: 1.842e-03
2024-11-21 08:47:17,261 -                train: [    INFO] - Train: 495 [ 200/520]  Loss: 0.06001 (0.124)  Acc@1: 98.9583 (97.1341)  Acc@5: 100.0000 (99.9793)LR: 1.842e-03
2024-11-21 08:48:03,061 -                train: [    INFO] - Train: 495 [ 400/520]  Loss: 0.2202 (0.123)  Acc@1: 93.7500 (97.2179)  Acc@5: 100.0000 (99.9688)LR: 1.842e-03
2024-11-21 08:48:30,531 -                train: [    INFO] - Train: 495 [ 520/520]  Loss: 0.1289 (0.122)  Acc@1: 95.0000 (97.1700)  Acc@5: 100.0000 (99.9700)LR: 1.842e-03
2024-11-21 08:48:31,000 -                train: [    INFO] - Valid: 495 [   0/104]  Loss: 0.04071 (0.0407)  Acc@1: 98.9583 (98.9583)  Acc@5: 100.0000 (100.0000)
2024-11-21 08:48:37,171 -                train: [    INFO] - Valid: 495 [ 104/104]  Loss: 0.1538 (0.112)  Acc@1: 93.7500 (97.0200)  Acc@5: 100.0000 (99.9500)
2024-11-21 08:48:37,726 -                train: [    INFO] - valid_acc 97.020002 - best_valid_acc 97.020002
2024-11-21 08:48:38,221 -                train: [    INFO] - Train: 496 [   0/520]  Loss: 0.09980 (0.0998)  Acc@1: 98.9583 (98.9583)  Acc@5: 100.0000 (100.0000)LR: 1.808e-03
2024-11-21 08:49:25,512 -                train: [    INFO] - Train: 496 [ 200/520]  Loss: 0.2092 (0.113)  Acc@1: 95.8333 (97.4451)  Acc@5: 100.0000 (99.9845)LR: 1.808e-03
2024-11-21 08:50:11,625 -                train: [    INFO] - Train: 496 [ 400/520]  Loss: 0.1696 (0.121)  Acc@1: 96.8750 (97.1711)  Acc@5: 100.0000 (99.9766)LR: 1.808e-03
2024-11-21 08:50:39,113 -                train: [    INFO] - Train: 496 [ 520/520]  Loss: 0.1799 (0.121)  Acc@1: 96.2500 (97.1820)  Acc@5: 100.0000 (99.9700)LR: 1.808e-03
2024-11-21 08:50:39,360 -                train: [    INFO] - Valid: 496 [   0/104]  Loss: 0.1040 (0.104)  Acc@1: 96.8750 (96.8750)  Acc@5: 100.0000 (100.0000)
2024-11-21 08:50:45,503 -                train: [    INFO] - Valid: 496 [ 104/104]  Loss: 0.3504 (0.109)  Acc@1: 93.7500 (96.8800)  Acc@5: 100.0000 (99.9700)
2024-11-21 08:50:45,949 -                train: [    INFO] - valid_acc 96.880003 - best_valid_acc 97.020002
2024-11-21 08:50:46,549 -                train: [    INFO] - Train: 497 [   0/520]  Loss: 0.1078 (0.108)  Acc@1: 96.8750 (96.8750)  Acc@5: 100.0000 (100.0000)LR: 1.774e-03
2024-11-21 08:51:32,590 -                train: [    INFO] - Train: 497 [ 200/520]  Loss: 0.06792 (0.119)  Acc@1: 97.9167 (97.3622)  Acc@5: 100.0000 (99.9534)LR: 1.774e-03
2024-11-21 08:52:18,387 -                train: [    INFO] - Train: 497 [ 400/520]  Loss: 0.09119 (0.122)  Acc@1: 97.9167 (97.2049)  Acc@5: 100.0000 (99.9480)LR: 1.774e-03
2024-11-21 08:52:45,893 -                train: [    INFO] - Train: 497 [ 520/520]  Loss: 0.2401 (0.122)  Acc@1: 93.7500 (97.1980)  Acc@5: 100.0000 (99.9500)LR: 1.774e-03
2024-11-21 08:52:46,147 -                train: [    INFO] - Valid: 497 [   0/104]  Loss: 0.05173 (0.0517)  Acc@1: 97.9167 (97.9167)  Acc@5: 100.0000 (100.0000)
2024-11-21 08:52:52,282 -                train: [    INFO] - Valid: 497 [ 104/104]  Loss: 0.02327 (0.118)  Acc@1: 100.0000 (96.8800)  Acc@5: 100.0000 (99.9500)
2024-11-21 08:52:52,351 -                train: [    INFO] - valid_acc 96.880003 - best_valid_acc 97.020002
2024-11-21 08:52:52,925 -                train: [    INFO] - Train: 498 [   0/520]  Loss: 0.1036 (0.104)  Acc@1: 97.9167 (97.9167)  Acc@5: 100.0000 (100.0000)LR: 1.741e-03
2024-11-21 08:53:38,955 -                train: [    INFO] - Train: 498 [ 200/520]  Loss: 0.1307 (0.126)  Acc@1: 97.9167 (97.1963)  Acc@5: 100.0000 (99.9430)LR: 1.741e-03
2024-11-21 08:54:24,857 -                train: [    INFO] - Train: 498 [ 400/520]  Loss: 0.1109 (0.124)  Acc@1: 97.9167 (97.2387)  Acc@5: 100.0000 (99.9454)LR: 1.741e-03
2024-11-21 08:54:52,251 -                train: [    INFO] - Train: 498 [ 520/520]  Loss: 0.09515 (0.123)  Acc@1: 98.7500 (97.2640)  Acc@5: 100.0000 (99.9500)LR: 1.741e-03
2024-11-21 08:54:52,532 -                train: [    INFO] - Valid: 498 [   0/104]  Loss: 0.05849 (0.0585)  Acc@1: 97.9167 (97.9167)  Acc@5: 100.0000 (100.0000)
2024-11-21 08:54:58,668 -                train: [    INFO] - Valid: 498 [ 104/104]  Loss: 0.03978 (0.123)  Acc@1: 100.0000 (96.9000)  Acc@5: 100.0000 (99.9600)
2024-11-21 08:54:58,698 -                train: [    INFO] - valid_acc 96.900002 - best_valid_acc 97.020002
2024-11-21 08:54:59,276 -                train: [    INFO] - Train: 499 [   0/520]  Loss: 0.06140 (0.0614)  Acc@1: 98.9583 (98.9583)  Acc@5: 100.0000 (100.0000)LR: 1.708e-03
2024-11-21 08:55:48,165 -                train: [    INFO] - Train: 499 [ 200/520]  Loss: 0.06647 (0.122)  Acc@1: 100.0000 (97.2170)  Acc@5: 100.0000 (99.9534)LR: 1.708e-03
2024-11-21 08:56:36,520 -                train: [    INFO] - Train: 499 [ 400/520]  Loss: 0.1491 (0.123)  Acc@1: 96.8750 (97.2802)  Acc@5: 100.0000 (99.9532)LR: 1.708e-03
2024-11-21 08:57:04,855 -                train: [    INFO] - Train: 499 [ 520/520]  Loss: 0.05779 (0.124)  Acc@1: 98.7500 (97.2180)  Acc@5: 100.0000 (99.9460)LR: 1.708e-03
2024-11-21 08:57:05,215 -                train: [    INFO] - Valid: 499 [   0/104]  Loss: 0.07686 (0.0769)  Acc@1: 98.9583 (98.9583)  Acc@5: 100.0000 (100.0000)
2024-11-21 08:57:11,556 -                train: [    INFO] - Valid: 499 [ 104/104]  Loss: 0.006334 (0.117)  Acc@1: 100.0000 (96.9500)  Acc@5: 100.0000 (99.9500)
2024-11-21 08:57:11,602 -                train: [    INFO] - valid_acc 96.950003 - best_valid_acc 97.020002
2024-11-21 08:57:12,107 -                train: [    INFO] - Train: 500 [   0/520]  Loss: 0.1404 (0.140)  Acc@1: 95.8333 (95.8333)  Acc@5: 100.0000 (100.0000)LR: 1.675e-03
2024-11-21 08:57:58,285 -                train: [    INFO] - Train: 500 [ 200/520]  Loss: 0.1342 (0.122)  Acc@1: 96.8750 (97.3051)  Acc@5: 100.0000 (99.9689)LR: 1.675e-03
2024-11-21 08:58:44,371 -                train: [    INFO] - Train: 500 [ 400/520]  Loss: 0.1577 (0.121)  Acc@1: 96.8750 (97.3270)  Acc@5: 100.0000 (99.9740)LR: 1.675e-03
2024-11-21 08:59:12,016 -                train: [    INFO] - Train: 500 [ 520/520]  Loss: 0.1183 (0.121)  Acc@1: 96.2500 (97.2720)  Acc@5: 100.0000 (99.9680)LR: 1.675e-03
2024-11-21 08:59:12,313 -                train: [    INFO] - Valid: 500 [   0/104]  Loss: 0.07454 (0.0745)  Acc@1: 97.9167 (97.9167)  Acc@5: 100.0000 (100.0000)
2024-11-21 08:59:18,450 -                train: [    INFO] - Valid: 500 [ 104/104]  Loss: 0.2348 (0.117)  Acc@1: 93.7500 (96.9800)  Acc@5: 100.0000 (99.9600)
2024-11-21 08:59:18,485 -                train: [    INFO] - valid_acc 96.980003 - best_valid_acc 97.020002
2024-11-21 08:59:18,967 -                train: [    INFO] - Train: 501 [   0/520]  Loss: 0.2446 (0.245)  Acc@1: 95.8333 (95.8333)  Acc@5: 98.9583 (98.9583)LR: 1.642e-03
2024-11-21 09:00:05,115 -                train: [    INFO] - Train: 501 [ 200/520]  Loss: 0.1521 (0.116)  Acc@1: 96.8750 (97.2792)  Acc@5: 100.0000 (99.9585)LR: 1.642e-03
2024-11-21 09:00:51,048 -                train: [    INFO] - Train: 501 [ 400/520]  Loss: 0.09923 (0.116)  Acc@1: 96.8750 (97.3114)  Acc@5: 100.0000 (99.9688)LR: 1.642e-03
2024-11-21 09:01:18,587 -                train: [    INFO] - Train: 501 [ 520/520]  Loss: 0.1087 (0.119)  Acc@1: 98.7500 (97.2440)  Acc@5: 100.0000 (99.9720)LR: 1.642e-03
2024-11-21 09:01:18,862 -                train: [    INFO] - Valid: 501 [   0/104]  Loss: 0.1178 (0.118)  Acc@1: 97.9167 (97.9167)  Acc@5: 100.0000 (100.0000)
2024-11-21 09:01:24,998 -                train: [    INFO] - Valid: 501 [ 104/104]  Loss: 0.1091 (0.112)  Acc@1: 93.7500 (97.1200)  Acc@5: 100.0000 (99.9500)
2024-11-21 09:01:25,466 -                train: [    INFO] - valid_acc 97.120003 - best_valid_acc 97.120003
2024-11-21 09:01:25,898 -                train: [    INFO] - Train: 502 [   0/520]  Loss: 0.1060 (0.106)  Acc@1: 95.8333 (95.8333)  Acc@5: 100.0000 (100.0000)LR: 1.610e-03
2024-11-21 09:02:14,001 -                train: [    INFO] - Train: 502 [ 200/520]  Loss: 0.1328 (0.118)  Acc@1: 95.8333 (97.3518)  Acc@5: 100.0000 (99.9637)LR: 1.610e-03
2024-11-21 09:03:03,214 -                train: [    INFO] - Train: 502 [ 400/520]  Loss: 0.04191 (0.118)  Acc@1: 100.0000 (97.4049)  Acc@5: 100.0000 (99.9558)LR: 1.610e-03
2024-11-21 09:03:32,893 -                train: [    INFO] - Train: 502 [ 520/520]  Loss: 0.04000 (0.118)  Acc@1: 98.7500 (97.3740)  Acc@5: 100.0000 (99.9600)LR: 1.610e-03
2024-11-21 09:03:33,264 -                train: [    INFO] - Valid: 502 [   0/104]  Loss: 0.07176 (0.0718)  Acc@1: 97.9167 (97.9167)  Acc@5: 100.0000 (100.0000)
2024-11-21 09:03:39,447 -                train: [    INFO] - Valid: 502 [ 104/104]  Loss: 0.1064 (0.121)  Acc@1: 93.7500 (96.8400)  Acc@5: 100.0000 (99.9500)
2024-11-21 09:03:39,479 -                train: [    INFO] - valid_acc 96.840002 - best_valid_acc 97.120003
2024-11-21 09:03:39,996 -                train: [    INFO] - Train: 503 [   0/520]  Loss: 0.1292 (0.129)  Acc@1: 97.9167 (97.9167)  Acc@5: 100.0000 (100.0000)LR: 1.578e-03
2024-11-21 09:04:27,218 -                train: [    INFO] - Train: 503 [ 200/520]  Loss: 0.1683 (0.113)  Acc@1: 95.8333 (97.4347)  Acc@5: 100.0000 (99.9793)LR: 1.578e-03
2024-11-21 09:05:14,810 -                train: [    INFO] - Train: 503 [ 400/520]  Loss: 0.07125 (0.116)  Acc@1: 98.9583 (97.3893)  Acc@5: 100.0000 (99.9662)LR: 1.578e-03
2024-11-21 09:05:42,811 -                train: [    INFO] - Train: 503 [ 520/520]  Loss: 0.1414 (0.118)  Acc@1: 96.2500 (97.3280)  Acc@5: 100.0000 (99.9700)LR: 1.578e-03
2024-11-21 09:05:43,216 -                train: [    INFO] - Valid: 503 [   0/104]  Loss: 0.1176 (0.118)  Acc@1: 97.9167 (97.9167)  Acc@5: 100.0000 (100.0000)
2024-11-21 09:05:49,424 -                train: [    INFO] - Valid: 503 [ 104/104]  Loss: 0.2940 (0.122)  Acc@1: 93.7500 (96.8300)  Acc@5: 100.0000 (99.9500)
2024-11-21 09:05:49,459 -                train: [    INFO] - valid_acc 96.830002 - best_valid_acc 97.120003
2024-11-21 09:05:49,866 -                train: [    INFO] - Train: 504 [   0/520]  Loss: 0.1587 (0.159)  Acc@1: 95.8333 (95.8333)  Acc@5: 100.0000 (100.0000)LR: 1.546e-03
2024-11-21 09:06:35,895 -                train: [    INFO] - Train: 504 [ 200/520]  Loss: 0.01948 (0.117)  Acc@1: 100.0000 (97.3414)  Acc@5: 100.0000 (99.9741)LR: 1.546e-03
2024-11-21 09:07:21,711 -                train: [    INFO] - Train: 504 [ 400/520]  Loss: 0.05149 (0.118)  Acc@1: 100.0000 (97.2802)  Acc@5: 100.0000 (99.9740)LR: 1.546e-03
2024-11-21 09:07:49,309 -                train: [    INFO] - Train: 504 [ 520/520]  Loss: 0.1701 (0.119)  Acc@1: 97.5000 (97.3140)  Acc@5: 100.0000 (99.9520)LR: 1.546e-03
2024-11-21 09:07:49,683 -                train: [    INFO] - Valid: 504 [   0/104]  Loss: 0.1068 (0.107)  Acc@1: 97.9167 (97.9167)  Acc@5: 100.0000 (100.0000)
2024-11-21 09:07:55,881 -                train: [    INFO] - Valid: 504 [ 104/104]  Loss: 0.4379 (0.126)  Acc@1: 93.7500 (96.8800)  Acc@5: 100.0000 (99.9800)
2024-11-21 09:07:55,913 -                train: [    INFO] - valid_acc 96.880003 - best_valid_acc 97.120003
2024-11-21 09:07:56,478 -                train: [    INFO] - Train: 505 [   0/520]  Loss: 0.1227 (0.123)  Acc@1: 97.9167 (97.9167)  Acc@5: 100.0000 (100.0000)LR: 1.515e-03
2024-11-21 09:08:42,563 -                train: [    INFO] - Train: 505 [ 200/520]  Loss: 0.05622 (0.114)  Acc@1: 97.9167 (97.4243)  Acc@5: 100.0000 (99.9741)LR: 1.515e-03
2024-11-21 09:09:28,520 -                train: [    INFO] - Train: 505 [ 400/520]  Loss: 0.1089 (0.113)  Acc@1: 96.8750 (97.4517)  Acc@5: 100.0000 (99.9714)LR: 1.515e-03
2024-11-21 09:09:55,838 -                train: [    INFO] - Train: 505 [ 520/520]  Loss: 0.08928 (0.114)  Acc@1: 96.2500 (97.4120)  Acc@5: 100.0000 (99.9660)LR: 1.515e-03
2024-11-21 09:09:56,170 -                train: [    INFO] - Valid: 505 [   0/104]  Loss: 0.1323 (0.132)  Acc@1: 96.8750 (96.8750)  Acc@5: 100.0000 (100.0000)
2024-11-21 09:10:02,306 -                train: [    INFO] - Valid: 505 [ 104/104]  Loss: 0.1370 (0.125)  Acc@1: 93.7500 (96.8300)  Acc@5: 100.0000 (99.9700)
2024-11-21 09:10:02,349 -                train: [    INFO] - valid_acc 96.830002 - best_valid_acc 97.120003
2024-11-21 09:10:02,854 -                train: [    INFO] - Train: 506 [   0/520]  Loss: 0.04283 (0.0428)  Acc@1: 100.0000 (100.0000)  Acc@5: 100.0000 (100.0000)LR: 1.484e-03
2024-11-21 09:10:49,203 -                train: [    INFO] - Train: 506 [ 200/520]  Loss: 0.06350 (0.117)  Acc@1: 98.9583 (97.3414)  Acc@5: 100.0000 (99.9585)LR: 1.484e-03
2024-11-21 09:11:35,220 -                train: [    INFO] - Train: 506 [ 400/520]  Loss: 0.1270 (0.119)  Acc@1: 96.8750 (97.3192)  Acc@5: 100.0000 (99.9558)LR: 1.484e-03
2024-11-21 09:12:03,153 -                train: [    INFO] - Train: 506 [ 520/520]  Loss: 0.1076 (0.118)  Acc@1: 96.2500 (97.3760)  Acc@5: 100.0000 (99.9600)LR: 1.484e-03
2024-11-21 09:12:03,418 -                train: [    INFO] - Valid: 506 [   0/104]  Loss: 0.1166 (0.117)  Acc@1: 95.8333 (95.8333)  Acc@5: 100.0000 (100.0000)
2024-11-21 09:12:09,639 -                train: [    INFO] - Valid: 506 [ 104/104]  Loss: 0.1020 (0.119)  Acc@1: 93.7500 (96.9100)  Acc@5: 100.0000 (99.9500)
2024-11-21 09:12:09,673 -                train: [    INFO] - valid_acc 96.910003 - best_valid_acc 97.120003
2024-11-21 09:12:10,137 -                train: [    INFO] - Train: 507 [   0/520]  Loss: 0.03109 (0.0311)  Acc@1: 100.0000 (100.0000)  Acc@5: 100.0000 (100.0000)LR: 1.453e-03
2024-11-21 09:12:56,628 -                train: [    INFO] - Train: 507 [ 200/520]  Loss: 0.2560 (0.112)  Acc@1: 95.8333 (97.4503)  Acc@5: 100.0000 (99.9482)LR: 1.453e-03
2024-11-21 09:13:43,033 -                train: [    INFO] - Train: 507 [ 400/520]  Loss: 0.1590 (0.114)  Acc@1: 95.8333 (97.4413)  Acc@5: 100.0000 (99.9506)LR: 1.453e-03
2024-11-21 09:14:10,686 -                train: [    INFO] - Train: 507 [ 520/520]  Loss: 0.06703 (0.111)  Acc@1: 98.7500 (97.4860)  Acc@5: 100.0000 (99.9560)LR: 1.453e-03
2024-11-21 09:14:10,968 -                train: [    INFO] - Valid: 507 [   0/104]  Loss: 0.08129 (0.0813)  Acc@1: 97.9167 (97.9167)  Acc@5: 100.0000 (100.0000)
2024-11-21 09:14:17,185 -                train: [    INFO] - Valid: 507 [ 104/104]  Loss: 0.09845 (0.117)  Acc@1: 93.7500 (97.0100)  Acc@5: 100.0000 (99.9600)
2024-11-21 09:14:17,228 -                train: [    INFO] - valid_acc 97.010003 - best_valid_acc 97.120003
2024-11-21 09:14:17,731 -                train: [    INFO] - Train: 508 [   0/520]  Loss: 0.09165 (0.0917)  Acc@1: 97.9167 (97.9167)  Acc@5: 98.9583 (98.9583)LR: 1.422e-03
2024-11-21 09:15:04,333 -                train: [    INFO] - Train: 508 [ 200/520]  Loss: 0.08263 (0.111)  Acc@1: 96.8750 (97.4347)  Acc@5: 100.0000 (99.9378)LR: 1.422e-03
2024-11-21 09:15:50,570 -                train: [    INFO] - Train: 508 [ 400/520]  Loss: 0.08917 (0.114)  Acc@1: 97.9167 (97.3867)  Acc@5: 100.0000 (99.9558)LR: 1.422e-03
2024-11-21 09:16:18,294 -                train: [    INFO] - Train: 508 [ 520/520]  Loss: 0.1366 (0.112)  Acc@1: 97.5000 (97.4380)  Acc@5: 100.0000 (99.9640)LR: 1.422e-03
2024-11-21 09:16:18,574 -                train: [    INFO] - Valid: 508 [   0/104]  Loss: 0.06884 (0.0688)  Acc@1: 98.9583 (98.9583)  Acc@5: 100.0000 (100.0000)
2024-11-21 09:16:24,780 -                train: [    INFO] - Valid: 508 [ 104/104]  Loss: 0.06498 (0.122)  Acc@1: 93.7500 (97.0000)  Acc@5: 100.0000 (99.9700)
2024-11-21 09:16:24,875 -                train: [    INFO] - valid_acc 97.000002 - best_valid_acc 97.120003
2024-11-21 09:16:25,347 -                train: [    INFO] - Train: 509 [   0/520]  Loss: 0.1873 (0.187)  Acc@1: 94.7917 (94.7917)  Acc@5: 100.0000 (100.0000)LR: 1.392e-03
2024-11-21 09:17:14,316 -                train: [    INFO] - Train: 509 [ 200/520]  Loss: 0.08992 (0.105)  Acc@1: 97.9167 (97.6057)  Acc@5: 100.0000 (99.9793)LR: 1.392e-03
2024-11-21 09:18:02,046 -                train: [    INFO] - Train: 509 [ 400/520]  Loss: 0.1069 (0.109)  Acc@1: 97.9167 (97.5114)  Acc@5: 100.0000 (99.9740)LR: 1.392e-03
2024-11-21 09:18:30,129 -                train: [    INFO] - Train: 509 [ 520/520]  Loss: 0.1507 (0.110)  Acc@1: 96.2500 (97.5220)  Acc@5: 100.0000 (99.9720)LR: 1.392e-03
2024-11-21 09:18:30,435 -                train: [    INFO] - Valid: 509 [   0/104]  Loss: 0.07206 (0.0721)  Acc@1: 96.8750 (96.8750)  Acc@5: 100.0000 (100.0000)
2024-11-21 09:18:36,642 -                train: [    INFO] - Valid: 509 [ 104/104]  Loss: 0.1314 (0.120)  Acc@1: 93.7500 (96.9400)  Acc@5: 100.0000 (99.9600)
2024-11-21 09:18:36,690 -                train: [    INFO] - valid_acc 96.940003 - best_valid_acc 97.120003
2024-11-21 09:18:37,235 -                train: [    INFO] - Train: 510 [   0/520]  Loss: 0.1073 (0.107)  Acc@1: 95.8333 (95.8333)  Acc@5: 100.0000 (100.0000)LR: 1.362e-03
2024-11-21 09:19:25,482 -                train: [    INFO] - Train: 510 [ 200/520]  Loss: 0.1065 (0.108)  Acc@1: 97.9167 (97.6057)  Acc@5: 100.0000 (99.9637)LR: 1.362e-03
2024-11-21 09:20:12,742 -                train: [    INFO] - Train: 510 [ 400/520]  Loss: 0.1058 (0.110)  Acc@1: 95.8333 (97.6127)  Acc@5: 100.0000 (99.9558)LR: 1.362e-03
2024-11-21 09:20:41,182 -                train: [    INFO] - Train: 510 [ 520/520]  Loss: 0.1103 (0.108)  Acc@1: 96.2500 (97.6280)  Acc@5: 100.0000 (99.9600)LR: 1.362e-03
2024-11-21 09:20:42,458 -                train: [    INFO] - Valid: 510 [   0/104]  Loss: 0.08767 (0.0877)  Acc@1: 96.8750 (96.8750)  Acc@5: 100.0000 (100.0000)
2024-11-21 09:20:48,685 -                train: [    INFO] - Valid: 510 [ 104/104]  Loss: 0.09160 (0.120)  Acc@1: 93.7500 (96.8700)  Acc@5: 100.0000 (99.9400)
2024-11-21 09:20:48,744 -                train: [    INFO] - valid_acc 96.870003 - best_valid_acc 97.120003
2024-11-21 09:20:49,178 -                train: [    INFO] - Train: 511 [   0/520]  Loss: 0.1461 (0.146)  Acc@1: 94.7917 (94.7917)  Acc@5: 100.0000 (100.0000)LR: 1.333e-03
2024-11-21 09:21:35,272 -                train: [    INFO] - Train: 511 [ 200/520]  Loss: 0.1836 (0.107)  Acc@1: 97.9167 (97.5384)  Acc@5: 100.0000 (99.9741)LR: 1.333e-03
2024-11-21 09:22:21,850 -                train: [    INFO] - Train: 511 [ 400/520]  Loss: 0.1143 (0.109)  Acc@1: 98.9583 (97.5192)  Acc@5: 100.0000 (99.9688)LR: 1.333e-03
2024-11-21 09:22:49,703 -                train: [    INFO] - Train: 511 [ 520/520]  Loss: 0.1019 (0.110)  Acc@1: 96.2500 (97.5020)  Acc@5: 100.0000 (99.9660)LR: 1.333e-03
2024-11-21 09:22:50,002 -                train: [    INFO] - Valid: 511 [   0/104]  Loss: 0.05738 (0.0574)  Acc@1: 97.9167 (97.9167)  Acc@5: 100.0000 (100.0000)
2024-11-21 09:22:56,260 -                train: [    INFO] - Valid: 511 [ 104/104]  Loss: 0.1937 (0.122)  Acc@1: 93.7500 (97.0000)  Acc@5: 100.0000 (99.9400)
2024-11-21 09:22:56,300 -                train: [    INFO] - valid_acc 97.000003 - best_valid_acc 97.120003
2024-11-21 09:22:56,707 -                train: [    INFO] - Train: 512 [   0/520]  Loss: 0.07980 (0.0798)  Acc@1: 96.8750 (96.8750)  Acc@5: 100.0000 (100.0000)LR: 1.304e-03
2024-11-21 09:23:42,837 -                train: [    INFO] - Train: 512 [ 200/520]  Loss: 0.2136 (0.110)  Acc@1: 95.8333 (97.5746)  Acc@5: 100.0000 (99.9585)LR: 1.304e-03
2024-11-21 09:24:28,659 -                train: [    INFO] - Train: 512 [ 400/520]  Loss: 0.1175 (0.110)  Acc@1: 95.8333 (97.5998)  Acc@5: 100.0000 (99.9662)LR: 1.304e-03
2024-11-21 09:24:56,257 -                train: [    INFO] - Train: 512 [ 520/520]  Loss: 0.1753 (0.110)  Acc@1: 95.0000 (97.6000)  Acc@5: 100.0000 (99.9680)LR: 1.304e-03
2024-11-21 09:24:56,543 -                train: [    INFO] - Valid: 512 [   0/104]  Loss: 0.07791 (0.0779)  Acc@1: 97.9167 (97.9167)  Acc@5: 100.0000 (100.0000)
2024-11-21 09:25:02,691 -                train: [    INFO] - Valid: 512 [ 104/104]  Loss: 0.2713 (0.118)  Acc@1: 93.7500 (97.0000)  Acc@5: 100.0000 (99.9500)
2024-11-21 09:25:02,734 -                train: [    INFO] - valid_acc 97.000002 - best_valid_acc 97.120003
2024-11-21 09:25:03,205 -                train: [    INFO] - Train: 513 [   0/520]  Loss: 0.06757 (0.0676)  Acc@1: 97.9167 (97.9167)  Acc@5: 100.0000 (100.0000)LR: 1.275e-03
2024-11-21 09:25:50,951 -                train: [    INFO] - Train: 513 [ 200/520]  Loss: 0.2206 (0.109)  Acc@1: 94.7917 (97.6213)  Acc@5: 100.0000 (99.9689)LR: 1.275e-03
2024-11-21 09:26:39,097 -                train: [    INFO] - Train: 513 [ 400/520]  Loss: 0.09764 (0.107)  Acc@1: 97.9167 (97.6231)  Acc@5: 100.0000 (99.9766)LR: 1.275e-03
2024-11-21 09:27:08,424 -                train: [    INFO] - Train: 513 [ 520/520]  Loss: 0.1218 (0.108)  Acc@1: 95.0000 (97.6240)  Acc@5: 100.0000 (99.9640)LR: 1.275e-03
2024-11-21 09:27:08,756 -                train: [    INFO] - Valid: 513 [   0/104]  Loss: 0.1201 (0.120)  Acc@1: 97.9167 (97.9167)  Acc@5: 100.0000 (100.0000)
2024-11-21 09:27:15,014 -                train: [    INFO] - Valid: 513 [ 104/104]  Loss: 0.2060 (0.117)  Acc@1: 93.7500 (96.9900)  Acc@5: 100.0000 (99.9600)
2024-11-21 09:27:15,064 -                train: [    INFO] - valid_acc 96.990003 - best_valid_acc 97.120003
2024-11-21 09:27:15,601 -                train: [    INFO] - Train: 514 [   0/520]  Loss: 0.1070 (0.107)  Acc@1: 95.8333 (95.8333)  Acc@5: 100.0000 (100.0000)LR: 1.246e-03
2024-11-21 09:28:02,879 -                train: [    INFO] - Train: 514 [ 200/520]  Loss: 0.1806 (0.105)  Acc@1: 94.7917 (97.7456)  Acc@5: 100.0000 (99.9793)LR: 1.246e-03
2024-11-21 09:28:49,774 -                train: [    INFO] - Train: 514 [ 400/520]  Loss: 0.09295 (0.107)  Acc@1: 97.9167 (97.6777)  Acc@5: 100.0000 (99.9818)LR: 1.246e-03
2024-11-21 09:29:17,272 -                train: [    INFO] - Train: 514 [ 520/520]  Loss: 0.03372 (0.105)  Acc@1: 100.0000 (97.6840)  Acc@5: 100.0000 (99.9780)LR: 1.246e-03
2024-11-21 09:29:17,535 -                train: [    INFO] - Valid: 514 [   0/104]  Loss: 0.1309 (0.131)  Acc@1: 96.8750 (96.8750)  Acc@5: 100.0000 (100.0000)
2024-11-21 09:29:23,703 -                train: [    INFO] - Valid: 514 [ 104/104]  Loss: 0.2487 (0.118)  Acc@1: 93.7500 (97.0400)  Acc@5: 100.0000 (99.9600)
2024-11-21 09:29:23,738 -                train: [    INFO] - valid_acc 97.040002 - best_valid_acc 97.120003
2024-11-21 09:29:24,163 -                train: [    INFO] - Train: 515 [   0/520]  Loss: 0.02115 (0.0212)  Acc@1: 100.0000 (100.0000)  Acc@5: 100.0000 (100.0000)LR: 1.218e-03
2024-11-21 09:30:10,597 -                train: [    INFO] - Train: 515 [ 200/520]  Loss: 0.09376 (0.101)  Acc@1: 97.9167 (97.7560)  Acc@5: 100.0000 (99.9741)LR: 1.218e-03
2024-11-21 09:30:56,697 -                train: [    INFO] - Train: 515 [ 400/520]  Loss: 0.02634 (0.101)  Acc@1: 100.0000 (97.7920)  Acc@5: 100.0000 (99.9688)LR: 1.218e-03
2024-11-21 09:31:24,139 -                train: [    INFO] - Train: 515 [ 520/520]  Loss: 0.08428 (0.101)  Acc@1: 98.7500 (97.7480)  Acc@5: 100.0000 (99.9620)LR: 1.218e-03
2024-11-21 09:31:24,385 -                train: [    INFO] - Valid: 515 [   0/104]  Loss: 0.09320 (0.0932)  Acc@1: 96.8750 (96.8750)  Acc@5: 100.0000 (100.0000)
2024-11-21 09:31:30,553 -                train: [    INFO] - Valid: 515 [ 104/104]  Loss: 0.1591 (0.120)  Acc@1: 93.7500 (96.9900)  Acc@5: 100.0000 (99.9400)
2024-11-21 09:31:30,595 -                train: [    INFO] - valid_acc 96.990003 - best_valid_acc 97.120003
2024-11-21 09:31:31,108 -                train: [    INFO] - Train: 516 [   0/520]  Loss: 0.06655 (0.0666)  Acc@1: 98.9583 (98.9583)  Acc@5: 100.0000 (100.0000)LR: 1.190e-03
2024-11-21 09:32:17,271 -                train: [    INFO] - Train: 516 [ 200/520]  Loss: 0.09033 (0.103)  Acc@1: 97.9167 (97.8130)  Acc@5: 100.0000 (99.9741)LR: 1.190e-03
2024-11-21 09:33:03,714 -                train: [    INFO] - Train: 516 [ 400/520]  Loss: 0.1128 (0.107)  Acc@1: 95.8333 (97.6491)  Acc@5: 100.0000 (99.9636)LR: 1.190e-03
2024-11-21 09:33:31,348 -                train: [    INFO] - Train: 516 [ 520/520]  Loss: 0.09385 (0.107)  Acc@1: 96.2500 (97.6040)  Acc@5: 100.0000 (99.9680)LR: 1.190e-03
2024-11-21 09:33:31,647 -                train: [    INFO] - Valid: 516 [   0/104]  Loss: 0.1151 (0.115)  Acc@1: 96.8750 (96.8750)  Acc@5: 100.0000 (100.0000)
2024-11-21 09:33:37,811 -                train: [    INFO] - Valid: 516 [ 104/104]  Loss: 0.1194 (0.113)  Acc@1: 93.7500 (97.0900)  Acc@5: 100.0000 (99.9600)
2024-11-21 09:33:37,851 -                train: [    INFO] - valid_acc 97.090003 - best_valid_acc 97.120003
2024-11-21 09:33:38,316 -                train: [    INFO] - Train: 517 [   0/520]  Loss: 0.1048 (0.105)  Acc@1: 97.9167 (97.9167)  Acc@5: 100.0000 (100.0000)LR: 1.162e-03
2024-11-21 09:34:26,310 -                train: [    INFO] - Train: 517 [ 200/520]  Loss: 0.07323 (0.106)  Acc@1: 98.9583 (97.6835)  Acc@5: 100.0000 (99.9637)LR: 1.162e-03
2024-11-21 09:35:12,402 -                train: [    INFO] - Train: 517 [ 400/520]  Loss: 0.1726 (0.106)  Acc@1: 95.8333 (97.6413)  Acc@5: 100.0000 (99.9714)LR: 1.162e-03
2024-11-21 09:35:39,717 -                train: [    INFO] - Train: 517 [ 520/520]  Loss: 0.1625 (0.107)  Acc@1: 97.5000 (97.6100)  Acc@5: 100.0000 (99.9700)LR: 1.162e-03
2024-11-21 09:35:40,050 -                train: [    INFO] - Valid: 517 [   0/104]  Loss: 0.07664 (0.0766)  Acc@1: 96.8750 (96.8750)  Acc@5: 100.0000 (100.0000)
2024-11-21 09:35:46,214 -                train: [    INFO] - Valid: 517 [ 104/104]  Loss: 0.2672 (0.114)  Acc@1: 93.7500 (96.9200)  Acc@5: 100.0000 (99.9600)
2024-11-21 09:35:46,247 -                train: [    INFO] - valid_acc 96.920002 - best_valid_acc 97.120003
2024-11-21 09:35:46,762 -                train: [    INFO] - Train: 518 [   0/520]  Loss: 0.01759 (0.0176)  Acc@1: 100.0000 (100.0000)  Acc@5: 100.0000 (100.0000)LR: 1.135e-03
2024-11-21 09:36:33,529 -                train: [    INFO] - Train: 518 [ 200/520]  Loss: 0.2077 (0.101)  Acc@1: 97.9167 (97.7301)  Acc@5: 100.0000 (99.9793)LR: 1.135e-03
2024-11-21 09:37:19,384 -                train: [    INFO] - Train: 518 [ 400/520]  Loss: 0.08928 (0.101)  Acc@1: 97.9167 (97.7218)  Acc@5: 100.0000 (99.9844)LR: 1.135e-03
2024-11-21 09:37:46,838 -                train: [    INFO] - Train: 518 [ 520/520]  Loss: 0.1849 (0.104)  Acc@1: 97.5000 (97.6520)  Acc@5: 100.0000 (99.9800)LR: 1.135e-03
2024-11-21 09:37:47,123 -                train: [    INFO] - Valid: 518 [   0/104]  Loss: 0.07810 (0.0781)  Acc@1: 97.9167 (97.9167)  Acc@5: 100.0000 (100.0000)
2024-11-21 09:37:53,275 -                train: [    INFO] - Valid: 518 [ 104/104]  Loss: 0.3745 (0.115)  Acc@1: 93.7500 (96.9600)  Acc@5: 100.0000 (99.9700)
2024-11-21 09:37:53,319 -                train: [    INFO] - valid_acc 96.960002 - best_valid_acc 97.120003
2024-11-21 09:37:53,832 -                train: [    INFO] - Train: 519 [   0/520]  Loss: 0.04907 (0.0491)  Acc@1: 98.9583 (98.9583)  Acc@5: 100.0000 (100.0000)LR: 1.107e-03
2024-11-21 09:38:42,737 -                train: [    INFO] - Train: 519 [ 200/520]  Loss: 0.02953 (0.101)  Acc@1: 100.0000 (97.7405)  Acc@5: 100.0000 (99.9689)LR: 1.107e-03
2024-11-21 09:39:29,814 -                train: [    INFO] - Train: 519 [ 400/520]  Loss: 0.08657 (0.101)  Acc@1: 97.9167 (97.7348)  Acc@5: 100.0000 (99.9662)LR: 1.107e-03
2024-11-21 09:39:58,176 -                train: [    INFO] - Train: 519 [ 520/520]  Loss: 0.1024 (0.102)  Acc@1: 96.2500 (97.7300)  Acc@5: 100.0000 (99.9700)LR: 1.107e-03
2024-11-21 09:39:58,473 -                train: [    INFO] - Valid: 519 [   0/104]  Loss: 0.1018 (0.102)  Acc@1: 96.8750 (96.8750)  Acc@5: 100.0000 (100.0000)
2024-11-21 09:40:04,735 -                train: [    INFO] - Valid: 519 [ 104/104]  Loss: 0.2924 (0.111)  Acc@1: 93.7500 (97.0500)  Acc@5: 100.0000 (99.9600)
2024-11-21 09:40:04,783 -                train: [    INFO] - valid_acc 97.050002 - best_valid_acc 97.120003
2024-11-21 09:40:05,292 -                train: [    INFO] - Train: 520 [   0/520]  Loss: 0.2067 (0.207)  Acc@1: 96.8750 (96.8750)  Acc@5: 100.0000 (100.0000)LR: 1.081e-03
2024-11-21 09:40:52,387 -                train: [    INFO] - Train: 520 [ 200/520]  Loss: 0.07010 (0.101)  Acc@1: 98.9583 (97.6783)  Acc@5: 100.0000 (99.9793)LR: 1.081e-03
2024-11-21 09:41:39,270 -                train: [    INFO] - Train: 520 [ 400/520]  Loss: 0.1307 (0.0976)  Acc@1: 97.9167 (97.7141)  Acc@5: 100.0000 (99.9740)LR: 1.081e-03
2024-11-21 09:42:07,381 -                train: [    INFO] - Train: 520 [ 520/520]  Loss: 0.1694 (0.0966)  Acc@1: 96.2500 (97.7940)  Acc@5: 100.0000 (99.9720)LR: 1.081e-03
2024-11-21 09:42:08,101 -                train: [    INFO] - Valid: 520 [   0/104]  Loss: 0.07082 (0.0708)  Acc@1: 97.9167 (97.9167)  Acc@5: 100.0000 (100.0000)
2024-11-21 09:42:14,295 -                train: [    INFO] - Valid: 520 [ 104/104]  Loss: 0.2984 (0.114)  Acc@1: 93.7500 (97.0000)  Acc@5: 100.0000 (99.9500)
2024-11-21 09:42:14,337 -                train: [    INFO] - valid_acc 97.000003 - best_valid_acc 97.120003
2024-11-21 09:42:14,922 -                train: [    INFO] - Train: 521 [   0/520]  Loss: 0.1987 (0.199)  Acc@1: 96.8750 (96.8750)  Acc@5: 100.0000 (100.0000)LR: 1.054e-03
2024-11-21 09:43:02,794 -                train: [    INFO] - Train: 521 [ 200/520]  Loss: 0.2124 (0.0998)  Acc@1: 94.7917 (97.7871)  Acc@5: 100.0000 (99.9793)LR: 1.054e-03
2024-11-21 09:43:50,416 -                train: [    INFO] - Train: 521 [ 400/520]  Loss: 0.08744 (0.0961)  Acc@1: 97.9167 (97.9011)  Acc@5: 100.0000 (99.9714)LR: 1.054e-03
2024-11-21 09:44:18,757 -                train: [    INFO] - Train: 521 [ 520/520]  Loss: 0.2217 (0.0989)  Acc@1: 98.7500 (97.8020)  Acc@5: 98.7500 (99.9700)LR: 1.054e-03
2024-11-21 09:44:19,073 -                train: [    INFO] - Valid: 521 [   0/104]  Loss: 0.09710 (0.0971)  Acc@1: 97.9167 (97.9167)  Acc@5: 100.0000 (100.0000)
2024-11-21 09:44:25,351 -                train: [    INFO] - Valid: 521 [ 104/104]  Loss: 0.1070 (0.120)  Acc@1: 93.7500 (97.0500)  Acc@5: 100.0000 (99.9600)
2024-11-21 09:44:25,391 -                train: [    INFO] - valid_acc 97.050003 - best_valid_acc 97.120003
2024-11-21 09:44:25,854 -                train: [    INFO] - Train: 522 [   0/520]  Loss: 0.1037 (0.104)  Acc@1: 97.9167 (97.9167)  Acc@5: 100.0000 (100.0000)LR: 1.028e-03
2024-11-21 09:45:14,847 -                train: [    INFO] - Train: 522 [ 200/520]  Loss: 0.1464 (0.0996)  Acc@1: 94.7917 (97.6316)  Acc@5: 100.0000 (99.9793)LR: 1.028e-03
2024-11-21 09:46:02,017 -                train: [    INFO] - Train: 522 [ 400/520]  Loss: 0.1245 (0.0974)  Acc@1: 97.9167 (97.7920)  Acc@5: 100.0000 (99.9766)LR: 1.028e-03
2024-11-21 09:46:30,225 -                train: [    INFO] - Train: 522 [ 520/520]  Loss: 0.08180 (0.0985)  Acc@1: 97.5000 (97.7600)  Acc@5: 100.0000 (99.9740)LR: 1.028e-03
2024-11-21 09:46:30,505 -                train: [    INFO] - Valid: 522 [   0/104]  Loss: 0.1186 (0.119)  Acc@1: 97.9167 (97.9167)  Acc@5: 100.0000 (100.0000)
2024-11-21 09:46:36,658 -                train: [    INFO] - Valid: 522 [ 104/104]  Loss: 0.1373 (0.115)  Acc@1: 93.7500 (97.1400)  Acc@5: 100.0000 (99.9600)
2024-11-21 09:46:37,178 -                train: [    INFO] - valid_acc 97.140003 - best_valid_acc 97.140003
2024-11-21 09:46:37,690 -                train: [    INFO] - Train: 523 [   0/520]  Loss: 0.2945 (0.294)  Acc@1: 96.8750 (96.8750)  Acc@5: 98.9583 (98.9583)LR: 1.002e-03
2024-11-21 09:47:23,768 -                train: [    INFO] - Train: 523 [ 200/520]  Loss: 0.1401 (0.0933)  Acc@1: 95.8333 (98.0877)  Acc@5: 100.0000 (99.9534)LR: 1.002e-03
2024-11-21 09:48:09,448 -                train: [    INFO] - Train: 523 [ 400/520]  Loss: 0.1263 (0.0944)  Acc@1: 96.8750 (97.9686)  Acc@5: 100.0000 (99.9662)LR: 1.002e-03
2024-11-21 09:48:36,780 -                train: [    INFO] - Train: 523 [ 520/520]  Loss: 0.04804 (0.0963)  Acc@1: 98.7500 (97.9140)  Acc@5: 100.0000 (99.9600)LR: 1.002e-03
2024-11-21 09:48:37,068 -                train: [    INFO] - Valid: 523 [   0/104]  Loss: 0.09062 (0.0906)  Acc@1: 97.9167 (97.9167)  Acc@5: 100.0000 (100.0000)
2024-11-21 09:48:43,198 -                train: [    INFO] - Valid: 523 [ 104/104]  Loss: 0.4093 (0.117)  Acc@1: 93.7500 (97.0000)  Acc@5: 100.0000 (99.9700)
2024-11-21 09:48:43,233 -                train: [    INFO] - valid_acc 97.000002 - best_valid_acc 97.140003
2024-11-21 09:48:43,787 -                train: [    INFO] - Train: 524 [   0/520]  Loss: 0.1390 (0.139)  Acc@1: 97.9167 (97.9167)  Acc@5: 100.0000 (100.0000)LR: 9.767e-04
2024-11-21 09:49:29,642 -                train: [    INFO] - Train: 524 [ 200/520]  Loss: 0.1729 (0.0919)  Acc@1: 97.9167 (97.8959)  Acc@5: 98.9583 (99.9845)LR: 9.767e-04
2024-11-21 09:50:16,081 -                train: [    INFO] - Train: 524 [ 400/520]  Loss: 0.09985 (0.0943)  Acc@1: 97.9167 (97.8621)  Acc@5: 100.0000 (99.9766)LR: 9.767e-04
2024-11-21 09:50:43,541 -                train: [    INFO] - Train: 524 [ 520/520]  Loss: 0.04042 (0.0949)  Acc@1: 100.0000 (97.8560)  Acc@5: 100.0000 (99.9760)LR: 9.767e-04
2024-11-21 09:50:43,863 -                train: [    INFO] - Valid: 524 [   0/104]  Loss: 0.09481 (0.0948)  Acc@1: 97.9167 (97.9167)  Acc@5: 100.0000 (100.0000)
2024-11-21 09:50:50,003 -                train: [    INFO] - Valid: 524 [ 104/104]  Loss: 0.1258 (0.117)  Acc@1: 93.7500 (97.1000)  Acc@5: 100.0000 (99.9500)
2024-11-21 09:50:50,033 -                train: [    INFO] - valid_acc 97.100003 - best_valid_acc 97.140003
2024-11-21 09:50:50,615 -                train: [    INFO] - Train: 525 [   0/520]  Loss: 0.05950 (0.0595)  Acc@1: 97.9167 (97.9167)  Acc@5: 100.0000 (100.0000)LR: 9.515e-04
2024-11-21 09:51:36,679 -                train: [    INFO] - Train: 525 [ 200/520]  Loss: 0.1168 (0.0967)  Acc@1: 97.9167 (97.9374)  Acc@5: 100.0000 (99.9896)LR: 9.515e-04
2024-11-21 09:52:22,947 -                train: [    INFO] - Train: 525 [ 400/520]  Loss: 0.1036 (0.0962)  Acc@1: 96.8750 (97.9115)  Acc@5: 100.0000 (99.9792)LR: 9.515e-04
2024-11-21 09:52:50,236 -                train: [    INFO] - Train: 525 [ 520/520]  Loss: 0.08907 (0.0969)  Acc@1: 97.5000 (97.8980)  Acc@5: 100.0000 (99.9780)LR: 9.515e-04
2024-11-21 09:52:50,599 -                train: [    INFO] - Valid: 525 [   0/104]  Loss: 0.1080 (0.108)  Acc@1: 96.8750 (96.8750)  Acc@5: 100.0000 (100.0000)
2024-11-21 09:52:56,795 -                train: [    INFO] - Valid: 525 [ 104/104]  Loss: 0.2233 (0.114)  Acc@1: 93.7500 (97.1700)  Acc@5: 100.0000 (99.9600)
2024-11-21 09:52:57,517 -                train: [    INFO] - valid_acc 97.170002 - best_valid_acc 97.170002
2024-11-21 09:52:57,994 -                train: [    INFO] - Train: 526 [   0/520]  Loss: 0.02549 (0.0255)  Acc@1: 100.0000 (100.0000)  Acc@5: 100.0000 (100.0000)LR: 9.266e-04
2024-11-21 09:53:46,677 -                train: [    INFO] - Train: 526 [ 200/520]  Loss: 0.2019 (0.0904)  Acc@1: 94.7917 (98.0100)  Acc@5: 100.0000 (99.9793)LR: 9.266e-04
2024-11-21 09:54:33,298 -                train: [    INFO] - Train: 526 [ 400/520]  Loss: 0.02184 (0.0893)  Acc@1: 100.0000 (98.0076)  Acc@5: 100.0000 (99.9844)LR: 9.266e-04
2024-11-21 09:55:01,477 -                train: [    INFO] - Train: 526 [ 520/520]  Loss: 0.02639 (0.0919)  Acc@1: 100.0000 (97.9640)  Acc@5: 100.0000 (99.9780)LR: 9.266e-04
2024-11-21 09:55:01,784 -                train: [    INFO] - Valid: 526 [   0/104]  Loss: 0.1272 (0.127)  Acc@1: 97.9167 (97.9167)  Acc@5: 100.0000 (100.0000)
2024-11-21 09:55:07,931 -                train: [    INFO] - Valid: 526 [ 104/104]  Loss: 0.3823 (0.114)  Acc@1: 93.7500 (97.0500)  Acc@5: 100.0000 (99.9500)
2024-11-21 09:55:07,967 -                train: [    INFO] - valid_acc 97.050002 - best_valid_acc 97.170002
2024-11-21 09:55:08,580 -                train: [    INFO] - Train: 527 [   0/520]  Loss: 0.1214 (0.121)  Acc@1: 95.8333 (95.8333)  Acc@5: 100.0000 (100.0000)LR: 9.020e-04
2024-11-21 09:55:54,314 -                train: [    INFO] - Train: 527 [ 200/520]  Loss: 0.06775 (0.0986)  Acc@1: 98.9583 (97.6835)  Acc@5: 100.0000 (99.9482)LR: 9.020e-04
2024-11-21 09:56:40,392 -                train: [    INFO] - Train: 527 [ 400/520]  Loss: 0.03033 (0.0990)  Acc@1: 100.0000 (97.7478)  Acc@5: 100.0000 (99.9584)LR: 9.020e-04
2024-11-21 09:57:07,694 -                train: [    INFO] - Train: 527 [ 520/520]  Loss: 0.1820 (0.0975)  Acc@1: 96.2500 (97.8040)  Acc@5: 100.0000 (99.9640)LR: 9.020e-04
2024-11-21 09:57:07,962 -                train: [    INFO] - Valid: 527 [   0/104]  Loss: 0.1125 (0.113)  Acc@1: 97.9167 (97.9167)  Acc@5: 100.0000 (100.0000)
2024-11-21 09:57:14,148 -                train: [    INFO] - Valid: 527 [ 104/104]  Loss: 0.4067 (0.116)  Acc@1: 93.7500 (96.9900)  Acc@5: 100.0000 (99.9600)
2024-11-21 09:57:14,183 -                train: [    INFO] - valid_acc 96.990003 - best_valid_acc 97.170002
2024-11-21 09:57:14,667 -                train: [    INFO] - Train: 528 [   0/520]  Loss: 0.1926 (0.193)  Acc@1: 95.8333 (95.8333)  Acc@5: 100.0000 (100.0000)LR: 8.778e-04
2024-11-21 09:58:00,639 -                train: [    INFO] - Train: 528 [ 200/520]  Loss: 0.2019 (0.0912)  Acc@1: 95.8333 (98.0566)  Acc@5: 100.0000 (99.9741)LR: 8.778e-04
2024-11-21 09:58:46,828 -                train: [    INFO] - Train: 528 [ 400/520]  Loss: 0.04716 (0.0921)  Acc@1: 98.9583 (97.9452)  Acc@5: 100.0000 (99.9740)LR: 8.778e-04
2024-11-21 09:59:14,999 -                train: [    INFO] - Train: 528 [ 520/520]  Loss: 0.1500 (0.0914)  Acc@1: 96.2500 (97.9820)  Acc@5: 100.0000 (99.9760)LR: 8.778e-04
2024-11-21 09:59:16,045 -                train: [    INFO] - Valid: 528 [   0/104]  Loss: 0.09597 (0.0960)  Acc@1: 97.9167 (97.9167)  Acc@5: 100.0000 (100.0000)
2024-11-21 09:59:22,201 -                train: [    INFO] - Valid: 528 [ 104/104]  Loss: 0.4338 (0.112)  Acc@1: 93.7500 (97.1200)  Acc@5: 100.0000 (99.9500)
2024-11-21 09:59:22,549 -                train: [    INFO] - valid_acc 97.120003 - best_valid_acc 97.170002
2024-11-21 09:59:23,028 -                train: [    INFO] - Train: 529 [   0/520]  Loss: 0.04940 (0.0494)  Acc@1: 98.9583 (98.9583)  Acc@5: 100.0000 (100.0000)LR: 8.539e-04
2024-11-21 10:00:08,808 -                train: [    INFO] - Train: 529 [ 200/520]  Loss: 0.06665 (0.0884)  Acc@1: 98.9583 (98.0618)  Acc@5: 100.0000 (99.9845)LR: 8.539e-04
2024-11-21 10:00:54,314 -                train: [    INFO] - Train: 529 [ 400/520]  Loss: 0.1711 (0.0919)  Acc@1: 96.8750 (97.8959)  Acc@5: 100.0000 (99.9818)LR: 8.539e-04
2024-11-21 10:01:22,379 -                train: [    INFO] - Train: 529 [ 520/520]  Loss: 0.1041 (0.0946)  Acc@1: 98.7500 (97.8600)  Acc@5: 100.0000 (99.9760)LR: 8.539e-04
2024-11-21 10:01:25,480 -                train: [    INFO] - Valid: 529 [   0/104]  Loss: 0.1242 (0.124)  Acc@1: 96.8750 (96.8750)  Acc@5: 100.0000 (100.0000)
2024-11-21 10:01:31,607 -                train: [    INFO] - Valid: 529 [ 104/104]  Loss: 0.2852 (0.111)  Acc@1: 93.7500 (97.2000)  Acc@5: 100.0000 (99.9600)
2024-11-21 10:01:37,786 -                train: [    INFO] - valid_acc 97.200002 - best_valid_acc 97.200002
2024-11-21 10:01:38,713 -                train: [    INFO] - Train: 530 [   0/520]  Loss: 0.06253 (0.0625)  Acc@1: 98.9583 (98.9583)  Acc@5: 100.0000 (100.0000)LR: 8.302e-04
2024-11-21 10:02:27,822 -                train: [    INFO] - Train: 530 [ 200/520]  Loss: 0.1060 (0.0921)  Acc@1: 95.8333 (97.9840)  Acc@5: 100.0000 (99.9482)LR: 8.302e-04
2024-11-21 10:03:16,208 -                train: [    INFO] - Train: 530 [ 400/520]  Loss: 0.1330 (0.0908)  Acc@1: 95.8333 (97.9998)  Acc@5: 100.0000 (99.9558)LR: 8.302e-04
2024-11-21 10:03:45,196 -                train: [    INFO] - Train: 530 [ 520/520]  Loss: 0.04177 (0.0908)  Acc@1: 98.7500 (98.0020)  Acc@5: 100.0000 (99.9620)LR: 8.302e-04
2024-11-21 10:03:54,703 -                train: [    INFO] - Valid: 530 [   0/104]  Loss: 0.07755 (0.0776)  Acc@1: 97.9167 (97.9167)  Acc@5: 100.0000 (100.0000)
2024-11-21 10:04:00,920 -                train: [    INFO] - Valid: 530 [ 104/104]  Loss: 0.2390 (0.114)  Acc@1: 93.7500 (97.0700)  Acc@5: 100.0000 (99.9800)
2024-11-21 10:04:01,590 -                train: [    INFO] - valid_acc 97.070002 - best_valid_acc 97.200002
2024-11-21 10:04:02,201 -                train: [    INFO] - Train: 531 [   0/520]  Loss: 0.1067 (0.107)  Acc@1: 98.9583 (98.9583)  Acc@5: 100.0000 (100.0000)LR: 8.069e-04
2024-11-21 10:04:53,740 -                train: [    INFO] - Train: 531 [ 200/520]  Loss: 0.1284 (0.0950)  Acc@1: 97.9167 (97.8441)  Acc@5: 100.0000 (99.9741)LR: 8.069e-04
2024-11-21 10:05:41,665 -                train: [    INFO] - Train: 531 [ 400/520]  Loss: 0.07745 (0.0946)  Acc@1: 98.9583 (97.8855)  Acc@5: 100.0000 (99.9662)LR: 8.069e-04
2024-11-21 10:06:10,957 -                train: [    INFO] - Train: 531 [ 520/520]  Loss: 0.02562 (0.0935)  Acc@1: 100.0000 (97.9080)  Acc@5: 100.0000 (99.9720)LR: 8.069e-04
2024-11-21 10:06:11,373 -                train: [    INFO] - Valid: 531 [   0/104]  Loss: 0.08921 (0.0892)  Acc@1: 97.9167 (97.9167)  Acc@5: 100.0000 (100.0000)
2024-11-21 10:06:17,609 -                train: [    INFO] - Valid: 531 [ 104/104]  Loss: 0.1996 (0.112)  Acc@1: 93.7500 (97.1300)  Acc@5: 100.0000 (99.9700)
2024-11-21 10:06:18,567 -                train: [    INFO] - valid_acc 97.130002 - best_valid_acc 97.200002
2024-11-21 10:06:19,058 -                train: [    INFO] - Train: 532 [   0/520]  Loss: 0.06464 (0.0646)  Acc@1: 96.8750 (96.8750)  Acc@5: 100.0000 (100.0000)LR: 7.840e-04
2024-11-21 10:07:06,532 -                train: [    INFO] - Train: 532 [ 200/520]  Loss: 0.07333 (0.0887)  Acc@1: 98.9583 (97.9633)  Acc@5: 100.0000 (99.9793)LR: 7.840e-04
2024-11-21 10:07:53,728 -                train: [    INFO] - Train: 532 [ 400/520]  Loss: 0.08824 (0.0914)  Acc@1: 97.9167 (97.9764)  Acc@5: 100.0000 (99.9766)LR: 7.840e-04
2024-11-21 10:08:22,318 -                train: [    INFO] - Train: 532 [ 520/520]  Loss: 0.1105 (0.0913)  Acc@1: 97.5000 (97.9720)  Acc@5: 100.0000 (99.9740)LR: 7.840e-04
2024-11-21 10:08:22,678 -                train: [    INFO] - Valid: 532 [   0/104]  Loss: 0.09996 (0.100)  Acc@1: 97.9167 (97.9167)  Acc@5: 100.0000 (100.0000)
2024-11-21 10:08:28,868 -                train: [    INFO] - Valid: 532 [ 104/104]  Loss: 0.1103 (0.112)  Acc@1: 93.7500 (97.1800)  Acc@5: 100.0000 (99.9600)
2024-11-21 10:08:28,899 -                train: [    INFO] - valid_acc 97.180003 - best_valid_acc 97.200002
2024-11-21 10:08:29,418 -                train: [    INFO] - Train: 533 [   0/520]  Loss: 0.06923 (0.0692)  Acc@1: 98.9583 (98.9583)  Acc@5: 100.0000 (100.0000)LR: 7.613e-04
2024-11-21 10:09:15,591 -                train: [    INFO] - Train: 533 [ 200/520]  Loss: 0.04699 (0.0878)  Acc@1: 98.9583 (98.0255)  Acc@5: 100.0000 (99.9689)LR: 7.613e-04
2024-11-21 10:10:01,617 -                train: [    INFO] - Train: 533 [ 400/520]  Loss: 0.1430 (0.0926)  Acc@1: 97.9167 (97.9323)  Acc@5: 100.0000 (99.9766)LR: 7.613e-04
2024-11-21 10:10:29,192 -                train: [    INFO] - Train: 533 [ 520/520]  Loss: 0.1326 (0.0924)  Acc@1: 96.2500 (97.9240)  Acc@5: 100.0000 (99.9780)LR: 7.613e-04
2024-11-21 10:10:29,498 -                train: [    INFO] - Valid: 533 [   0/104]  Loss: 0.1135 (0.114)  Acc@1: 97.9167 (97.9167)  Acc@5: 100.0000 (100.0000)
2024-11-21 10:10:35,673 -                train: [    INFO] - Valid: 533 [ 104/104]  Loss: 0.06976 (0.113)  Acc@1: 93.7500 (97.1300)  Acc@5: 100.0000 (99.9500)
2024-11-21 10:10:35,724 -                train: [    INFO] - valid_acc 97.130003 - best_valid_acc 97.200002
2024-11-21 10:10:36,230 -                train: [    INFO] - Train: 534 [   0/520]  Loss: 0.02851 (0.0285)  Acc@1: 100.0000 (100.0000)  Acc@5: 100.0000 (100.0000)LR: 7.390e-04
2024-11-21 10:11:22,407 -                train: [    INFO] - Train: 534 [ 200/520]  Loss: 0.1109 (0.0879)  Acc@1: 96.8750 (98.1602)  Acc@5: 100.0000 (99.9637)LR: 7.390e-04
2024-11-21 10:12:08,297 -                train: [    INFO] - Train: 534 [ 400/520]  Loss: 0.1185 (0.0885)  Acc@1: 96.8750 (98.0673)  Acc@5: 100.0000 (99.9636)LR: 7.390e-04
2024-11-21 10:12:36,269 -                train: [    INFO] - Train: 534 [ 520/520]  Loss: 0.03461 (0.0907)  Acc@1: 98.7500 (98.0220)  Acc@5: 100.0000 (99.9660)LR: 7.390e-04
2024-11-21 10:12:36,630 -                train: [    INFO] - Valid: 534 [   0/104]  Loss: 0.07202 (0.0720)  Acc@1: 96.8750 (96.8750)  Acc@5: 100.0000 (100.0000)
2024-11-21 10:12:42,786 -                train: [    INFO] - Valid: 534 [ 104/104]  Loss: 0.05067 (0.109)  Acc@1: 93.7500 (97.1300)  Acc@5: 100.0000 (99.9400)
2024-11-21 10:12:42,821 -                train: [    INFO] - valid_acc 97.130002 - best_valid_acc 97.200002
2024-11-21 10:12:43,326 -                train: [    INFO] - Train: 535 [   0/520]  Loss: 0.1884 (0.188)  Acc@1: 97.9167 (97.9167)  Acc@5: 100.0000 (100.0000)LR: 7.170e-04
2024-11-21 10:13:29,836 -                train: [    INFO] - Train: 535 [ 200/520]  Loss: 0.1315 (0.0862)  Acc@1: 95.8333 (98.2069)  Acc@5: 100.0000 (99.9741)LR: 7.170e-04
2024-11-21 10:14:16,746 -                train: [    INFO] - Train: 535 [ 400/520]  Loss: 0.03409 (0.0834)  Acc@1: 100.0000 (98.2102)  Acc@5: 100.0000 (99.9766)LR: 7.170e-04
2024-11-21 10:14:44,397 -                train: [    INFO] - Train: 535 [ 520/520]  Loss: 0.2211 (0.0862)  Acc@1: 93.7500 (98.1200)  Acc@5: 100.0000 (99.9780)LR: 7.170e-04
2024-11-21 10:14:44,714 -                train: [    INFO] - Valid: 535 [   0/104]  Loss: 0.09253 (0.0925)  Acc@1: 95.8333 (95.8333)  Acc@5: 100.0000 (100.0000)
2024-11-21 10:14:50,871 -                train: [    INFO] - Valid: 535 [ 104/104]  Loss: 0.06107 (0.112)  Acc@1: 93.7500 (97.1100)  Acc@5: 100.0000 (99.9500)
2024-11-21 10:14:50,905 -                train: [    INFO] - valid_acc 97.110002 - best_valid_acc 97.200002
2024-11-21 10:14:51,515 -                train: [    INFO] - Train: 536 [   0/520]  Loss: 0.1669 (0.167)  Acc@1: 95.8333 (95.8333)  Acc@5: 100.0000 (100.0000)LR: 6.953e-04
2024-11-21 10:15:37,758 -                train: [    INFO] - Train: 536 [ 200/520]  Loss: 0.1238 (0.0942)  Acc@1: 97.9167 (97.9374)  Acc@5: 100.0000 (99.9896)LR: 6.953e-04
2024-11-21 10:16:23,420 -                train: [    INFO] - Train: 536 [ 400/520]  Loss: 0.06959 (0.0904)  Acc@1: 98.9583 (98.0336)  Acc@5: 100.0000 (99.9792)LR: 6.953e-04
2024-11-21 10:16:51,135 -                train: [    INFO] - Train: 536 [ 520/520]  Loss: 0.07417 (0.0902)  Acc@1: 98.7500 (98.0260)  Acc@5: 100.0000 (99.9800)LR: 6.953e-04
2024-11-21 10:16:51,424 -                train: [    INFO] - Valid: 536 [   0/104]  Loss: 0.09757 (0.0976)  Acc@1: 97.9167 (97.9167)  Acc@5: 100.0000 (100.0000)
2024-11-21 10:16:57,575 -                train: [    INFO] - Valid: 536 [ 104/104]  Loss: 0.07150 (0.109)  Acc@1: 93.7500 (97.2700)  Acc@5: 100.0000 (99.9600)
2024-11-21 10:16:59,174 -                train: [    INFO] - valid_acc 97.270003 - best_valid_acc 97.270003
2024-11-21 10:16:59,649 -                train: [    INFO] - Train: 537 [   0/520]  Loss: 0.09524 (0.0952)  Acc@1: 98.9583 (98.9583)  Acc@5: 100.0000 (100.0000)LR: 6.739e-04
2024-11-21 10:17:47,101 -                train: [    INFO] - Train: 537 [ 200/520]  Loss: 0.03151 (0.0863)  Acc@1: 100.0000 (98.1343)  Acc@5: 100.0000 (99.9845)LR: 6.739e-04
2024-11-21 10:18:33,132 -                train: [    INFO] - Train: 537 [ 400/520]  Loss: 0.03375 (0.0852)  Acc@1: 100.0000 (98.1946)  Acc@5: 100.0000 (99.9792)LR: 6.739e-04
2024-11-21 10:19:00,797 -                train: [    INFO] - Train: 537 [ 520/520]  Loss: 0.05029 (0.0848)  Acc@1: 98.7500 (98.1860)  Acc@5: 100.0000 (99.9760)LR: 6.739e-04
2024-11-21 10:19:01,123 -                train: [    INFO] - Valid: 537 [   0/104]  Loss: 0.1393 (0.139)  Acc@1: 96.8750 (96.8750)  Acc@5: 100.0000 (100.0000)
2024-11-21 10:19:07,248 -                train: [    INFO] - Valid: 537 [ 104/104]  Loss: 0.008004 (0.113)  Acc@1: 100.0000 (97.1000)  Acc@5: 100.0000 (99.9800)
2024-11-21 10:19:08,120 -                train: [    INFO] - valid_acc 97.100002 - best_valid_acc 97.270003
2024-11-21 10:19:08,650 -                train: [    INFO] - Train: 538 [   0/520]  Loss: 0.03494 (0.0349)  Acc@1: 98.9583 (98.9583)  Acc@5: 100.0000 (100.0000)LR: 6.529e-04
2024-11-21 10:19:54,765 -                train: [    INFO] - Train: 538 [ 200/520]  Loss: 0.1263 (0.0853)  Acc@1: 96.8750 (98.1240)  Acc@5: 100.0000 (99.9689)LR: 6.529e-04
2024-11-21 10:20:41,048 -                train: [    INFO] - Train: 538 [ 400/520]  Loss: 0.1333 (0.0833)  Acc@1: 95.8333 (98.1946)  Acc@5: 100.0000 (99.9818)LR: 6.529e-04
2024-11-21 10:21:08,887 -                train: [    INFO] - Train: 538 [ 520/520]  Loss: 0.05069 (0.0851)  Acc@1: 98.7500 (98.1520)  Acc@5: 100.0000 (99.9860)LR: 6.529e-04
2024-11-21 10:21:09,149 -                train: [    INFO] - Valid: 538 [   0/104]  Loss: 0.1918 (0.192)  Acc@1: 94.7917 (94.7917)  Acc@5: 100.0000 (100.0000)
2024-11-21 10:21:15,401 -                train: [    INFO] - Valid: 538 [ 104/104]  Loss: 0.08313 (0.115)  Acc@1: 93.7500 (97.0800)  Acc@5: 100.0000 (99.9700)
2024-11-21 10:21:15,435 -                train: [    INFO] - valid_acc 97.080002 - best_valid_acc 97.270003
2024-11-21 10:21:15,932 -                train: [    INFO] - Train: 539 [   0/520]  Loss: 0.09395 (0.0939)  Acc@1: 97.9167 (97.9167)  Acc@5: 100.0000 (100.0000)LR: 6.322e-04
2024-11-21 10:22:02,051 -                train: [    INFO] - Train: 539 [ 200/520]  Loss: 0.06244 (0.0890)  Acc@1: 98.9583 (98.0203)  Acc@5: 100.0000 (99.9845)LR: 6.322e-04
2024-11-21 10:22:47,834 -                train: [    INFO] - Train: 539 [ 400/520]  Loss: 0.06518 (0.0872)  Acc@1: 98.9583 (98.0362)  Acc@5: 100.0000 (99.9766)LR: 6.322e-04
2024-11-21 10:23:15,422 -                train: [    INFO] - Train: 539 [ 520/520]  Loss: 0.2231 (0.0869)  Acc@1: 95.0000 (98.0340)  Acc@5: 100.0000 (99.9800)LR: 6.322e-04
2024-11-21 10:23:15,707 -                train: [    INFO] - Valid: 539 [   0/104]  Loss: 0.1336 (0.134)  Acc@1: 94.7917 (94.7917)  Acc@5: 100.0000 (100.0000)
2024-11-21 10:23:21,865 -                train: [    INFO] - Valid: 539 [ 104/104]  Loss: 0.2546 (0.109)  Acc@1: 93.7500 (97.1400)  Acc@5: 100.0000 (99.9600)
2024-11-21 10:23:21,915 -                train: [    INFO] - valid_acc 97.140003 - best_valid_acc 97.270003
2024-11-21 10:23:22,541 -                train: [    INFO] - Train: 540 [   0/520]  Loss: 0.1032 (0.103)  Acc@1: 98.9583 (98.9583)  Acc@5: 100.0000 (100.0000)LR: 6.118e-04
2024-11-21 10:24:08,810 -                train: [    INFO] - Train: 540 [ 200/520]  Loss: 0.04799 (0.0821)  Acc@1: 98.9583 (98.1188)  Acc@5: 100.0000 (99.9896)LR: 6.118e-04
2024-11-21 10:24:54,760 -                train: [    INFO] - Train: 540 [ 400/520]  Loss: 0.05632 (0.0840)  Acc@1: 97.9167 (98.1245)  Acc@5: 100.0000 (99.9870)LR: 6.118e-04
2024-11-21 10:25:22,553 -                train: [    INFO] - Train: 540 [ 520/520]  Loss: 0.1154 (0.0825)  Acc@1: 97.5000 (98.1440)  Acc@5: 100.0000 (99.9840)LR: 6.118e-04
2024-11-21 10:25:23,792 -                train: [    INFO] - Valid: 540 [   0/104]  Loss: 0.1660 (0.166)  Acc@1: 95.8333 (95.8333)  Acc@5: 100.0000 (100.0000)
2024-11-21 10:25:29,937 -                train: [    INFO] - Valid: 540 [ 104/104]  Loss: 0.2528 (0.115)  Acc@1: 93.7500 (97.0600)  Acc@5: 100.0000 (99.9500)
2024-11-21 10:25:29,977 -                train: [    INFO] - valid_acc 97.060002 - best_valid_acc 97.270003
2024-11-21 10:25:30,457 -                train: [    INFO] - Train: 541 [   0/520]  Loss: 0.1265 (0.127)  Acc@1: 95.8333 (95.8333)  Acc@5: 100.0000 (100.0000)LR: 5.917e-04
2024-11-21 10:26:19,607 -                train: [    INFO] - Train: 541 [ 200/520]  Loss: 0.05859 (0.0802)  Acc@1: 98.9583 (98.2639)  Acc@5: 100.0000 (99.9689)LR: 5.917e-04
2024-11-21 10:27:07,855 -                train: [    INFO] - Train: 541 [ 400/520]  Loss: 0.06800 (0.0824)  Acc@1: 97.9167 (98.1660)  Acc@5: 100.0000 (99.9818)LR: 5.917e-04
2024-11-21 10:27:35,551 -                train: [    INFO] - Train: 541 [ 520/520]  Loss: 0.3793 (0.0836)  Acc@1: 92.5000 (98.1440)  Acc@5: 100.0000 (99.9840)LR: 5.917e-04
2024-11-21 10:27:35,823 -                train: [    INFO] - Valid: 541 [   0/104]  Loss: 0.1084 (0.108)  Acc@1: 96.8750 (96.8750)  Acc@5: 100.0000 (100.0000)
2024-11-21 10:27:41,984 -                train: [    INFO] - Valid: 541 [ 104/104]  Loss: 0.3554 (0.110)  Acc@1: 93.7500 (97.1900)  Acc@5: 100.0000 (99.9300)
2024-11-21 10:27:42,044 -                train: [    INFO] - valid_acc 97.190002 - best_valid_acc 97.270003
2024-11-21 10:27:42,523 -                train: [    INFO] - Train: 542 [   0/520]  Loss: 0.05962 (0.0596)  Acc@1: 98.9583 (98.9583)  Acc@5: 100.0000 (100.0000)LR: 5.720e-04
2024-11-21 10:28:28,874 -                train: [    INFO] - Train: 542 [ 200/520]  Loss: 0.04587 (0.0891)  Acc@1: 98.9583 (98.1188)  Acc@5: 100.0000 (99.9793)LR: 5.720e-04
2024-11-21 10:29:14,885 -                train: [    INFO] - Train: 542 [ 400/520]  Loss: 0.04420 (0.0869)  Acc@1: 100.0000 (98.1634)  Acc@5: 100.0000 (99.9792)LR: 5.720e-04
2024-11-21 10:29:42,332 -                train: [    INFO] - Train: 542 [ 520/520]  Loss: 0.05986 (0.0874)  Acc@1: 98.7500 (98.1280)  Acc@5: 100.0000 (99.9760)LR: 5.720e-04
2024-11-21 10:29:42,697 -                train: [    INFO] - Valid: 542 [   0/104]  Loss: 0.1426 (0.143)  Acc@1: 95.8333 (95.8333)  Acc@5: 100.0000 (100.0000)
2024-11-21 10:29:48,930 -                train: [    INFO] - Valid: 542 [ 104/104]  Loss: 0.3315 (0.112)  Acc@1: 93.7500 (97.1400)  Acc@5: 100.0000 (99.9500)
2024-11-21 10:29:48,972 -                train: [    INFO] - valid_acc 97.140002 - best_valid_acc 97.270003
2024-11-21 10:29:49,467 -                train: [    INFO] - Train: 543 [   0/520]  Loss: 0.07093 (0.0709)  Acc@1: 98.9583 (98.9583)  Acc@5: 100.0000 (100.0000)LR: 5.526e-04
2024-11-21 10:30:35,304 -                train: [    INFO] - Train: 543 [ 200/520]  Loss: 0.03212 (0.0813)  Acc@1: 98.9583 (98.2639)  Acc@5: 100.0000 (99.9793)LR: 5.526e-04
2024-11-21 10:31:21,770 -                train: [    INFO] - Train: 543 [ 400/520]  Loss: 0.1903 (0.0802)  Acc@1: 95.8333 (98.2959)  Acc@5: 100.0000 (99.9844)LR: 5.526e-04
2024-11-21 10:31:49,402 -                train: [    INFO] - Train: 543 [ 520/520]  Loss: 0.1340 (0.0845)  Acc@1: 95.0000 (98.1920)  Acc@5: 100.0000 (99.9840)LR: 5.526e-04
2024-11-21 10:31:49,756 -                train: [    INFO] - Valid: 543 [   0/104]  Loss: 0.1207 (0.121)  Acc@1: 95.8333 (95.8333)  Acc@5: 100.0000 (100.0000)
2024-11-21 10:31:55,888 -                train: [    INFO] - Valid: 543 [ 104/104]  Loss: 0.4684 (0.110)  Acc@1: 93.7500 (97.2700)  Acc@5: 100.0000 (99.9700)
2024-11-21 10:31:56,464 -                train: [    INFO] - valid_acc 97.270003 - best_valid_acc 97.270003
2024-11-21 10:31:57,000 -                train: [    INFO] - Train: 544 [   0/520]  Loss: 0.07022 (0.0702)  Acc@1: 97.9167 (97.9167)  Acc@5: 100.0000 (100.0000)LR: 5.335e-04
2024-11-21 10:32:43,488 -                train: [    INFO] - Train: 544 [ 200/520]  Loss: 0.1213 (0.0833)  Acc@1: 94.7917 (98.1291)  Acc@5: 100.0000 (99.9845)LR: 5.335e-04
2024-11-21 10:33:29,561 -                train: [    INFO] - Train: 544 [ 400/520]  Loss: 0.03458 (0.0834)  Acc@1: 100.0000 (98.1531)  Acc@5: 100.0000 (99.9766)LR: 5.335e-04
2024-11-21 10:33:57,387 -                train: [    INFO] - Train: 544 [ 520/520]  Loss: 0.1354 (0.0834)  Acc@1: 97.5000 (98.1900)  Acc@5: 100.0000 (99.9740)LR: 5.335e-04
2024-11-21 10:33:57,655 -                train: [    INFO] - Valid: 544 [   0/104]  Loss: 0.1073 (0.107)  Acc@1: 95.8333 (95.8333)  Acc@5: 100.0000 (100.0000)
2024-11-21 10:34:03,788 -                train: [    INFO] - Valid: 544 [ 104/104]  Loss: 0.3184 (0.112)  Acc@1: 93.7500 (97.1700)  Acc@5: 100.0000 (99.9500)
2024-11-21 10:34:03,822 -                train: [    INFO] - valid_acc 97.170003 - best_valid_acc 97.270003
2024-11-21 10:34:04,342 -                train: [    INFO] - Train: 545 [   0/520]  Loss: 0.1458 (0.146)  Acc@1: 96.8750 (96.8750)  Acc@5: 100.0000 (100.0000)LR: 5.148e-04
2024-11-21 10:34:50,587 -                train: [    INFO] - Train: 545 [ 200/520]  Loss: 0.07387 (0.0844)  Acc@1: 97.9167 (98.1602)  Acc@5: 100.0000 (99.9845)LR: 5.148e-04
2024-11-21 10:35:36,864 -                train: [    INFO] - Train: 545 [ 400/520]  Loss: 0.1418 (0.0839)  Acc@1: 97.9167 (98.1634)  Acc@5: 100.0000 (99.9714)LR: 5.148e-04
2024-11-21 10:36:04,326 -                train: [    INFO] - Train: 545 [ 520/520]  Loss: 0.02174 (0.0822)  Acc@1: 100.0000 (98.1940)  Acc@5: 100.0000 (99.9760)LR: 5.148e-04
2024-11-21 10:36:04,643 -                train: [    INFO] - Valid: 545 [   0/104]  Loss: 0.08428 (0.0843)  Acc@1: 96.8750 (96.8750)  Acc@5: 100.0000 (100.0000)
2024-11-21 10:36:10,778 -                train: [    INFO] - Valid: 545 [ 104/104]  Loss: 0.3487 (0.114)  Acc@1: 93.7500 (97.2400)  Acc@5: 100.0000 (99.9600)
2024-11-21 10:36:10,811 -                train: [    INFO] - valid_acc 97.240003 - best_valid_acc 97.270003
2024-11-21 10:36:11,318 -                train: [    INFO] - Train: 546 [   0/520]  Loss: 0.04771 (0.0477)  Acc@1: 100.0000 (100.0000)  Acc@5: 100.0000 (100.0000)LR: 4.963e-04
2024-11-21 10:36:57,356 -                train: [    INFO] - Train: 546 [ 200/520]  Loss: 0.02077 (0.0845)  Acc@1: 100.0000 (98.2432)  Acc@5: 100.0000 (99.9948)LR: 4.963e-04
2024-11-21 10:37:43,404 -                train: [    INFO] - Train: 546 [ 400/520]  Loss: 0.1738 (0.0838)  Acc@1: 95.8333 (98.2024)  Acc@5: 100.0000 (99.9896)LR: 4.963e-04
2024-11-21 10:38:10,871 -                train: [    INFO] - Train: 546 [ 520/520]  Loss: 0.03398 (0.0829)  Acc@1: 98.7500 (98.2120)  Acc@5: 100.0000 (99.9860)LR: 4.963e-04
2024-11-21 10:38:11,135 -                train: [    INFO] - Valid: 546 [   0/104]  Loss: 0.04724 (0.0472)  Acc@1: 97.9167 (97.9167)  Acc@5: 100.0000 (100.0000)
2024-11-21 10:38:17,367 -                train: [    INFO] - Valid: 546 [ 104/104]  Loss: 0.2987 (0.107)  Acc@1: 93.7500 (97.3300)  Acc@5: 100.0000 (99.9600)
2024-11-21 10:38:18,180 -                train: [    INFO] - valid_acc 97.330002 - best_valid_acc 97.330002
2024-11-21 10:38:18,662 -                train: [    INFO] - Train: 547 [   0/520]  Loss: 0.04976 (0.0498)  Acc@1: 97.9167 (97.9167)  Acc@5: 100.0000 (100.0000)LR: 4.782e-04
2024-11-21 10:39:05,066 -                train: [    INFO] - Train: 547 [ 200/520]  Loss: 0.1221 (0.0814)  Acc@1: 96.8750 (98.1758)  Acc@5: 100.0000 (99.9637)LR: 4.782e-04
2024-11-21 10:39:51,005 -                train: [    INFO] - Train: 547 [ 400/520]  Loss: 0.02688 (0.0815)  Acc@1: 98.9583 (98.1660)  Acc@5: 100.0000 (99.9714)LR: 4.782e-04
2024-11-21 10:40:18,582 -                train: [    INFO] - Train: 547 [ 520/520]  Loss: 0.06972 (0.0813)  Acc@1: 98.7500 (98.1900)  Acc@5: 100.0000 (99.9700)LR: 4.782e-04
2024-11-21 10:40:18,947 -                train: [    INFO] - Valid: 547 [   0/104]  Loss: 0.06186 (0.0619)  Acc@1: 98.9583 (98.9583)  Acc@5: 100.0000 (100.0000)
2024-11-21 10:40:25,090 -                train: [    INFO] - Valid: 547 [ 104/104]  Loss: 0.1352 (0.113)  Acc@1: 93.7500 (97.2300)  Acc@5: 100.0000 (99.9700)
2024-11-21 10:40:25,137 -                train: [    INFO] - valid_acc 97.230003 - best_valid_acc 97.330002
2024-11-21 10:40:25,609 -                train: [    INFO] - Train: 548 [   0/520]  Loss: 0.2330 (0.233)  Acc@1: 93.7500 (93.7500)  Acc@5: 100.0000 (100.0000)LR: 4.605e-04
2024-11-21 10:41:11,542 -                train: [    INFO] - Train: 548 [ 200/520]  Loss: 0.08622 (0.0832)  Acc@1: 97.9167 (98.1447)  Acc@5: 100.0000 (99.9845)LR: 4.605e-04
2024-11-21 10:41:57,168 -                train: [    INFO] - Train: 548 [ 400/520]  Loss: 0.04578 (0.0796)  Acc@1: 100.0000 (98.2154)  Acc@5: 100.0000 (99.9844)LR: 4.605e-04
2024-11-21 10:42:24,421 -                train: [    INFO] - Train: 548 [ 520/520]  Loss: 0.1291 (0.0823)  Acc@1: 97.5000 (98.1820)  Acc@5: 100.0000 (99.9880)LR: 4.605e-04
2024-11-21 10:42:24,737 -                train: [    INFO] - Valid: 548 [   0/104]  Loss: 0.05599 (0.0560)  Acc@1: 97.9167 (97.9167)  Acc@5: 100.0000 (100.0000)
2024-11-21 10:42:30,933 -                train: [    INFO] - Valid: 548 [ 104/104]  Loss: 0.03227 (0.116)  Acc@1: 100.0000 (97.2400)  Acc@5: 100.0000 (99.9500)
2024-11-21 10:42:30,980 -                train: [    INFO] - valid_acc 97.240003 - best_valid_acc 97.330002
2024-11-21 10:42:31,479 -                train: [    INFO] - Train: 549 [   0/520]  Loss: 0.08373 (0.0837)  Acc@1: 98.9583 (98.9583)  Acc@5: 100.0000 (100.0000)LR: 4.430e-04
2024-11-21 10:43:17,672 -                train: [    INFO] - Train: 549 [ 200/520]  Loss: 0.07838 (0.0819)  Acc@1: 96.8750 (98.1084)  Acc@5: 100.0000 (99.9637)LR: 4.430e-04
2024-11-21 10:44:03,452 -                train: [    INFO] - Train: 549 [ 400/520]  Loss: 0.1299 (0.0820)  Acc@1: 96.8750 (98.1115)  Acc@5: 100.0000 (99.9714)LR: 4.430e-04
2024-11-21 10:44:30,771 -                train: [    INFO] - Train: 549 [ 520/520]  Loss: 0.1706 (0.0829)  Acc@1: 96.2500 (98.1420)  Acc@5: 100.0000 (99.9740)LR: 4.430e-04
2024-11-21 10:44:31,028 -                train: [    INFO] - Valid: 549 [   0/104]  Loss: 0.04286 (0.0429)  Acc@1: 96.8750 (96.8750)  Acc@5: 100.0000 (100.0000)
2024-11-21 10:44:37,166 -                train: [    INFO] - Valid: 549 [ 104/104]  Loss: 0.03366 (0.111)  Acc@1: 100.0000 (97.3400)  Acc@5: 100.0000 (99.9500)
2024-11-21 10:44:37,733 -                train: [    INFO] - valid_acc 97.340003 - best_valid_acc 97.340003
2024-11-21 10:44:38,279 -                train: [    INFO] - Train: 550 [   0/520]  Loss: 0.04441 (0.0444)  Acc@1: 98.9583 (98.9583)  Acc@5: 100.0000 (100.0000)LR: 4.259e-04
2024-11-21 10:45:24,225 -                train: [    INFO] - Train: 550 [ 200/520]  Loss: 0.05430 (0.0822)  Acc@1: 98.9583 (98.2276)  Acc@5: 100.0000 (99.9845)LR: 4.259e-04
2024-11-21 10:46:10,653 -                train: [    INFO] - Train: 550 [ 400/520]  Loss: 0.1072 (0.0811)  Acc@1: 97.9167 (98.2258)  Acc@5: 100.0000 (99.9714)LR: 4.259e-04
2024-11-21 10:46:38,194 -                train: [    INFO] - Train: 550 [ 520/520]  Loss: 0.1355 (0.0816)  Acc@1: 96.2500 (98.1840)  Acc@5: 98.7500 (99.9640)LR: 4.259e-04
2024-11-21 10:46:38,767 -                train: [    INFO] - Valid: 550 [   0/104]  Loss: 0.07031 (0.0703)  Acc@1: 98.9583 (98.9583)  Acc@5: 100.0000 (100.0000)
2024-11-21 10:46:44,898 -                train: [    INFO] - Valid: 550 [ 104/104]  Loss: 0.2141 (0.112)  Acc@1: 93.7500 (97.3400)  Acc@5: 100.0000 (99.9600)
2024-11-21 10:46:44,966 -                train: [    INFO] - valid_acc 97.340003 - best_valid_acc 97.340003
2024-11-21 10:46:45,463 -                train: [    INFO] - Train: 551 [   0/520]  Loss: 0.1246 (0.125)  Acc@1: 98.9583 (98.9583)  Acc@5: 100.0000 (100.0000)LR: 4.092e-04
2024-11-21 10:47:31,873 -                train: [    INFO] - Train: 551 [ 200/520]  Loss: 0.02486 (0.0751)  Acc@1: 100.0000 (98.4867)  Acc@5: 100.0000 (99.9948)LR: 4.092e-04
2024-11-21 10:48:17,804 -                train: [    INFO] - Train: 551 [ 400/520]  Loss: 0.1193 (0.0759)  Acc@1: 96.8750 (98.4206)  Acc@5: 98.9583 (99.9818)LR: 4.092e-04
2024-11-21 10:48:45,291 -                train: [    INFO] - Train: 551 [ 520/520]  Loss: 0.1541 (0.0753)  Acc@1: 91.2500 (98.4280)  Acc@5: 100.0000 (99.9820)LR: 4.092e-04
2024-11-21 10:48:45,649 -                train: [    INFO] - Valid: 551 [   0/104]  Loss: 0.1137 (0.114)  Acc@1: 96.8750 (96.8750)  Acc@5: 100.0000 (100.0000)
2024-11-21 10:48:51,770 -                train: [    INFO] - Valid: 551 [ 104/104]  Loss: 0.2603 (0.115)  Acc@1: 93.7500 (97.3000)  Acc@5: 100.0000 (99.9500)
2024-11-21 10:48:51,803 -                train: [    INFO] - valid_acc 97.300003 - best_valid_acc 97.340003
2024-11-21 10:48:52,370 -                train: [    INFO] - Train: 552 [   0/520]  Loss: 0.05092 (0.0509)  Acc@1: 98.9583 (98.9583)  Acc@5: 100.0000 (100.0000)LR: 3.927e-04
2024-11-21 10:49:39,647 -                train: [    INFO] - Train: 552 [ 200/520]  Loss: 0.06742 (0.0884)  Acc@1: 98.9583 (97.9478)  Acc@5: 100.0000 (99.9689)LR: 3.927e-04
2024-11-21 10:50:26,945 -                train: [    INFO] - Train: 552 [ 400/520]  Loss: 0.06482 (0.0843)  Acc@1: 97.9167 (98.0933)  Acc@5: 100.0000 (99.9766)LR: 3.927e-04
2024-11-21 10:50:55,352 -                train: [    INFO] - Train: 552 [ 520/520]  Loss: 0.02426 (0.0823)  Acc@1: 100.0000 (98.1940)  Acc@5: 100.0000 (99.9780)LR: 3.927e-04
2024-11-21 10:50:55,649 -                train: [    INFO] - Valid: 552 [   0/104]  Loss: 0.07680 (0.0768)  Acc@1: 97.9167 (97.9167)  Acc@5: 100.0000 (100.0000)
2024-11-21 10:51:01,831 -                train: [    INFO] - Valid: 552 [ 104/104]  Loss: 0.05315 (0.114)  Acc@1: 93.7500 (97.3500)  Acc@5: 100.0000 (99.9400)
2024-11-21 10:51:02,457 -                train: [    INFO] - valid_acc 97.350003 - best_valid_acc 97.350003
2024-11-21 10:51:02,949 -                train: [    INFO] - Train: 553 [   0/520]  Loss: 0.09456 (0.0946)  Acc@1: 98.9583 (98.9583)  Acc@5: 100.0000 (100.0000)LR: 3.766e-04
2024-11-21 10:51:50,347 -                train: [    INFO] - Train: 553 [ 200/520]  Loss: 0.03478 (0.0770)  Acc@1: 98.9583 (98.3364)  Acc@5: 100.0000 (99.9896)LR: 3.766e-04
2024-11-21 10:52:37,271 -                train: [    INFO] - Train: 553 [ 400/520]  Loss: 0.02750 (0.0768)  Acc@1: 100.0000 (98.3219)  Acc@5: 100.0000 (99.9870)LR: 3.766e-04
2024-11-21 10:53:05,293 -                train: [    INFO] - Train: 553 [ 520/520]  Loss: 0.02138 (0.0784)  Acc@1: 100.0000 (98.3040)  Acc@5: 100.0000 (99.9800)LR: 3.766e-04
2024-11-21 10:53:07,247 -                train: [    INFO] - Valid: 553 [   0/104]  Loss: 0.04572 (0.0457)  Acc@1: 97.9167 (97.9167)  Acc@5: 100.0000 (100.0000)
2024-11-21 10:53:13,388 -                train: [    INFO] - Valid: 553 [ 104/104]  Loss: 0.08613 (0.110)  Acc@1: 93.7500 (97.3000)  Acc@5: 100.0000 (99.9500)
2024-11-21 10:53:13,427 -                train: [    INFO] - valid_acc 97.300003 - best_valid_acc 97.350003
2024-11-21 10:53:13,893 -                train: [    INFO] - Train: 554 [   0/520]  Loss: 0.07192 (0.0719)  Acc@1: 97.9167 (97.9167)  Acc@5: 98.9583 (98.9583)LR: 3.608e-04
2024-11-21 10:54:00,049 -                train: [    INFO] - Train: 554 [ 200/520]  Loss: 0.09670 (0.0738)  Acc@1: 96.8750 (98.3624)  Acc@5: 100.0000 (99.9637)LR: 3.608e-04
2024-11-21 10:54:46,148 -                train: [    INFO] - Train: 554 [ 400/520]  Loss: 0.02414 (0.0757)  Acc@1: 100.0000 (98.3687)  Acc@5: 100.0000 (99.9688)LR: 3.608e-04
2024-11-21 10:55:13,791 -                train: [    INFO] - Train: 554 [ 520/520]  Loss: 0.03251 (0.0761)  Acc@1: 100.0000 (98.3480)  Acc@5: 100.0000 (99.9740)LR: 3.608e-04
2024-11-21 10:55:14,131 -                train: [    INFO] - Valid: 554 [   0/104]  Loss: 0.07065 (0.0706)  Acc@1: 96.8750 (96.8750)  Acc@5: 100.0000 (100.0000)
2024-11-21 10:55:20,285 -                train: [    INFO] - Valid: 554 [ 104/104]  Loss: 0.1146 (0.111)  Acc@1: 93.7500 (97.2900)  Acc@5: 100.0000 (99.9600)
2024-11-21 10:55:20,325 -                train: [    INFO] - valid_acc 97.290003 - best_valid_acc 97.350003
2024-11-21 10:55:20,832 -                train: [    INFO] - Train: 555 [   0/520]  Loss: 0.07882 (0.0788)  Acc@1: 97.9167 (97.9167)  Acc@5: 100.0000 (100.0000)LR: 3.454e-04
2024-11-21 10:56:07,069 -                train: [    INFO] - Train: 555 [ 200/520]  Loss: 0.05802 (0.0795)  Acc@1: 98.9583 (98.2017)  Acc@5: 100.0000 (99.9741)LR: 3.454e-04
2024-11-21 10:56:52,983 -                train: [    INFO] - Train: 555 [ 400/520]  Loss: 0.03760 (0.0764)  Acc@1: 98.9583 (98.2959)  Acc@5: 100.0000 (99.9792)LR: 3.454e-04
2024-11-21 10:57:20,612 -                train: [    INFO] - Train: 555 [ 520/520]  Loss: 0.07211 (0.0768)  Acc@1: 98.7500 (98.3120)  Acc@5: 100.0000 (99.9820)LR: 3.454e-04
2024-11-21 10:57:20,974 -                train: [    INFO] - Valid: 555 [   0/104]  Loss: 0.04233 (0.0423)  Acc@1: 98.9583 (98.9583)  Acc@5: 100.0000 (100.0000)
2024-11-21 10:57:27,105 -                train: [    INFO] - Valid: 555 [ 104/104]  Loss: 0.008415 (0.111)  Acc@1: 100.0000 (97.1900)  Acc@5: 100.0000 (99.9500)
2024-11-21 10:57:27,157 -                train: [    INFO] - valid_acc 97.190002 - best_valid_acc 97.350003
2024-11-21 10:57:27,641 -                train: [    INFO] - Train: 556 [   0/520]  Loss: 0.03476 (0.0348)  Acc@1: 100.0000 (100.0000)  Acc@5: 100.0000 (100.0000)LR: 3.303e-04
2024-11-21 10:58:13,374 -                train: [    INFO] - Train: 556 [ 200/520]  Loss: 0.09194 (0.0788)  Acc@1: 97.9167 (98.2380)  Acc@5: 100.0000 (99.9948)LR: 3.303e-04
2024-11-21 10:58:59,827 -                train: [    INFO] - Train: 556 [ 400/520]  Loss: 0.06423 (0.0800)  Acc@1: 98.9583 (98.2050)  Acc@5: 100.0000 (99.9922)LR: 3.303e-04
2024-11-21 10:59:27,235 -                train: [    INFO] - Train: 556 [ 520/520]  Loss: 0.03804 (0.0794)  Acc@1: 98.7500 (98.2340)  Acc@5: 100.0000 (99.9920)LR: 3.303e-04
2024-11-21 10:59:27,551 -                train: [    INFO] - Valid: 556 [   0/104]  Loss: 0.04095 (0.0409)  Acc@1: 97.9167 (97.9167)  Acc@5: 100.0000 (100.0000)
2024-11-21 10:59:33,695 -                train: [    INFO] - Valid: 556 [ 104/104]  Loss: 0.03855 (0.111)  Acc@1: 100.0000 (97.2900)  Acc@5: 100.0000 (99.9700)
2024-11-21 10:59:33,759 -                train: [    INFO] - valid_acc 97.290002 - best_valid_acc 97.350003
2024-11-21 10:59:34,301 -                train: [    INFO] - Train: 557 [   0/520]  Loss: 0.05134 (0.0513)  Acc@1: 98.9583 (98.9583)  Acc@5: 100.0000 (100.0000)LR: 3.155e-04
2024-11-21 11:00:20,586 -                train: [    INFO] - Train: 557 [ 200/520]  Loss: 0.06483 (0.0728)  Acc@1: 97.9167 (98.4349)  Acc@5: 100.0000 (99.9896)LR: 3.155e-04
2024-11-21 11:01:06,741 -                train: [    INFO] - Train: 557 [ 400/520]  Loss: 0.09298 (0.0762)  Acc@1: 97.9167 (98.3557)  Acc@5: 100.0000 (99.9844)LR: 3.155e-04
2024-11-21 11:01:34,411 -                train: [    INFO] - Train: 557 [ 520/520]  Loss: 0.04037 (0.0759)  Acc@1: 98.7500 (98.3620)  Acc@5: 100.0000 (99.9860)LR: 3.155e-04
2024-11-21 11:01:34,723 -                train: [    INFO] - Valid: 557 [   0/104]  Loss: 0.01796 (0.0180)  Acc@1: 98.9583 (98.9583)  Acc@5: 100.0000 (100.0000)
2024-11-21 11:01:40,852 -                train: [    INFO] - Valid: 557 [ 104/104]  Loss: 0.08546 (0.112)  Acc@1: 93.7500 (97.3100)  Acc@5: 100.0000 (99.9300)
2024-11-21 11:01:40,887 -                train: [    INFO] - valid_acc 97.310002 - best_valid_acc 97.350003
2024-11-21 11:01:41,432 -                train: [    INFO] - Train: 558 [   0/520]  Loss: 0.01415 (0.0142)  Acc@1: 100.0000 (100.0000)  Acc@5: 100.0000 (100.0000)LR: 3.010e-04
2024-11-21 11:02:27,852 -                train: [    INFO] - Train: 558 [ 200/520]  Loss: 0.02520 (0.0718)  Acc@1: 100.0000 (98.4401)  Acc@5: 100.0000 (99.9845)LR: 3.010e-04
2024-11-21 11:03:14,048 -                train: [    INFO] - Train: 558 [ 400/520]  Loss: 0.05487 (0.0735)  Acc@1: 97.9167 (98.3972)  Acc@5: 100.0000 (99.9740)LR: 3.010e-04
2024-11-21 11:03:41,935 -                train: [    INFO] - Train: 558 [ 520/520]  Loss: 0.009342 (0.0729)  Acc@1: 100.0000 (98.3840)  Acc@5: 100.0000 (99.9780)LR: 3.010e-04
2024-11-21 11:03:42,256 -                train: [    INFO] - Valid: 558 [   0/104]  Loss: 0.05832 (0.0583)  Acc@1: 97.9167 (97.9167)  Acc@5: 100.0000 (100.0000)
2024-11-21 11:03:48,393 -                train: [    INFO] - Valid: 558 [ 104/104]  Loss: 0.03456 (0.112)  Acc@1: 100.0000 (97.2100)  Acc@5: 100.0000 (99.9500)
2024-11-21 11:03:48,444 -                train: [    INFO] - valid_acc 97.210002 - best_valid_acc 97.350003
2024-11-21 11:03:48,920 -                train: [    INFO] - Train: 559 [   0/520]  Loss: 0.03821 (0.0382)  Acc@1: 98.9583 (98.9583)  Acc@5: 100.0000 (100.0000)LR: 2.869e-04
2024-11-21 11:04:34,662 -                train: [    INFO] - Train: 559 [ 200/520]  Loss: 0.1420 (0.0764)  Acc@1: 96.8750 (98.3416)  Acc@5: 100.0000 (99.9793)LR: 2.869e-04
2024-11-21 11:05:20,986 -                train: [    INFO] - Train: 559 [ 400/520]  Loss: 0.05260 (0.0770)  Acc@1: 98.9583 (98.3505)  Acc@5: 100.0000 (99.9818)LR: 2.869e-04
2024-11-21 11:05:48,402 -                train: [    INFO] - Train: 559 [ 520/520]  Loss: 0.09113 (0.0781)  Acc@1: 97.5000 (98.3140)  Acc@5: 100.0000 (99.9760)LR: 2.869e-04
2024-11-21 11:05:48,670 -                train: [    INFO] - Valid: 559 [   0/104]  Loss: 0.04445 (0.0445)  Acc@1: 97.9167 (97.9167)  Acc@5: 100.0000 (100.0000)
2024-11-21 11:05:54,840 -                train: [    INFO] - Valid: 559 [ 104/104]  Loss: 0.07452 (0.113)  Acc@1: 93.7500 (97.2400)  Acc@5: 100.0000 (99.9400)
2024-11-21 11:05:54,866 -                train: [    INFO] - valid_acc 97.240003 - best_valid_acc 97.350003
2024-11-21 11:05:55,385 -                train: [    INFO] - Train: 560 [   0/520]  Loss: 0.02963 (0.0296)  Acc@1: 98.9583 (98.9583)  Acc@5: 100.0000 (100.0000)LR: 2.732e-04
2024-11-21 11:06:41,477 -                train: [    INFO] - Train: 560 [ 200/520]  Loss: 0.05082 (0.0729)  Acc@1: 98.9583 (98.3520)  Acc@5: 100.0000 (99.9793)LR: 2.732e-04
2024-11-21 11:07:27,330 -                train: [    INFO] - Train: 560 [ 400/520]  Loss: 0.03056 (0.0746)  Acc@1: 100.0000 (98.3765)  Acc@5: 100.0000 (99.9766)LR: 2.732e-04
2024-11-21 11:07:55,122 -                train: [    INFO] - Train: 560 [ 520/520]  Loss: 0.02831 (0.0756)  Acc@1: 100.0000 (98.3440)  Acc@5: 100.0000 (99.9780)LR: 2.732e-04
2024-11-21 11:07:55,452 -                train: [    INFO] - Valid: 560 [   0/104]  Loss: 0.06792 (0.0679)  Acc@1: 96.8750 (96.8750)  Acc@5: 100.0000 (100.0000)
2024-11-21 11:08:01,618 -                train: [    INFO] - Valid: 560 [ 104/104]  Loss: 0.02602 (0.113)  Acc@1: 100.0000 (97.3000)  Acc@5: 100.0000 (99.9500)
2024-11-21 11:08:01,663 -                train: [    INFO] - valid_acc 97.300002 - best_valid_acc 97.350003
2024-11-21 11:08:02,070 -                train: [    INFO] - Train: 561 [   0/520]  Loss: 0.1307 (0.131)  Acc@1: 96.8750 (96.8750)  Acc@5: 100.0000 (100.0000)LR: 2.597e-04
2024-11-21 11:08:47,858 -                train: [    INFO] - Train: 561 [ 200/520]  Loss: 0.03625 (0.0755)  Acc@1: 100.0000 (98.2535)  Acc@5: 100.0000 (99.9896)LR: 2.597e-04
2024-11-21 11:09:33,936 -                train: [    INFO] - Train: 561 [ 400/520]  Loss: 0.1441 (0.0760)  Acc@1: 96.8750 (98.3089)  Acc@5: 100.0000 (99.9870)LR: 2.597e-04
2024-11-21 11:10:01,835 -                train: [    INFO] - Train: 561 [ 520/520]  Loss: 0.1111 (0.0768)  Acc@1: 96.2500 (98.2880)  Acc@5: 100.0000 (99.9840)LR: 2.597e-04
2024-11-21 11:10:02,227 -                train: [    INFO] - Valid: 561 [   0/104]  Loss: 0.06460 (0.0646)  Acc@1: 97.9167 (97.9167)  Acc@5: 100.0000 (100.0000)
2024-11-21 11:10:08,430 -                train: [    INFO] - Valid: 561 [ 104/104]  Loss: 0.004977 (0.111)  Acc@1: 100.0000 (97.3000)  Acc@5: 100.0000 (99.9400)
2024-11-21 11:10:10,306 -                train: [    INFO] - valid_acc 97.300003 - best_valid_acc 97.350003
2024-11-21 11:10:10,909 -                train: [    INFO] - Train: 562 [   0/520]  Loss: 0.02029 (0.0203)  Acc@1: 100.0000 (100.0000)  Acc@5: 100.0000 (100.0000)LR: 2.466e-04
2024-11-21 11:10:56,685 -                train: [    INFO] - Train: 562 [ 200/520]  Loss: 0.04071 (0.0744)  Acc@1: 98.9583 (98.4401)  Acc@5: 100.0000 (99.9896)LR: 2.466e-04
2024-11-21 11:11:43,279 -                train: [    INFO] - Train: 562 [ 400/520]  Loss: 0.03769 (0.0736)  Acc@1: 98.9583 (98.4180)  Acc@5: 100.0000 (99.9922)LR: 2.466e-04
2024-11-21 11:12:10,963 -                train: [    INFO] - Train: 562 [ 520/520]  Loss: 0.04651 (0.0731)  Acc@1: 100.0000 (98.4120)  Acc@5: 100.0000 (99.9920)LR: 2.466e-04
2024-11-21 11:12:12,144 -                train: [    INFO] - Valid: 562 [   0/104]  Loss: 0.05120 (0.0512)  Acc@1: 97.9167 (97.9167)  Acc@5: 100.0000 (100.0000)
2024-11-21 11:12:18,275 -                train: [    INFO] - Valid: 562 [ 104/104]  Loss: 0.04085 (0.109)  Acc@1: 100.0000 (97.2900)  Acc@5: 100.0000 (99.9500)
2024-11-21 11:12:18,336 -                train: [    INFO] - valid_acc 97.290003 - best_valid_acc 97.350003
2024-11-21 11:12:18,806 -                train: [    INFO] - Train: 563 [   0/520]  Loss: 0.05938 (0.0594)  Acc@1: 98.9583 (98.9583)  Acc@5: 100.0000 (100.0000)LR: 2.338e-04
2024-11-21 11:13:07,907 -                train: [    INFO] - Train: 563 [ 200/520]  Loss: 0.05936 (0.0764)  Acc@1: 97.9167 (98.3520)  Acc@5: 100.0000 (99.9689)LR: 2.338e-04
2024-11-21 11:13:56,327 -                train: [    INFO] - Train: 563 [ 400/520]  Loss: 0.05809 (0.0746)  Acc@1: 98.9583 (98.3661)  Acc@5: 100.0000 (99.9792)LR: 2.338e-04
2024-11-21 11:14:24,409 -                train: [    INFO] - Train: 563 [ 520/520]  Loss: 0.07512 (0.0758)  Acc@1: 98.7500 (98.3400)  Acc@5: 100.0000 (99.9800)LR: 2.338e-04
2024-11-21 11:14:24,692 -                train: [    INFO] - Valid: 563 [   0/104]  Loss: 0.04040 (0.0404)  Acc@1: 98.9583 (98.9583)  Acc@5: 100.0000 (100.0000)
2024-11-21 11:14:30,839 -                train: [    INFO] - Valid: 563 [ 104/104]  Loss: 0.06089 (0.110)  Acc@1: 93.7500 (97.3600)  Acc@5: 100.0000 (99.9600)
2024-11-21 11:14:31,349 -                train: [    INFO] - valid_acc 97.360003 - best_valid_acc 97.360003
2024-11-21 11:14:31,840 -                train: [    INFO] - Train: 564 [   0/520]  Loss: 0.01543 (0.0154)  Acc@1: 100.0000 (100.0000)  Acc@5: 100.0000 (100.0000)LR: 2.214e-04
2024-11-21 11:15:17,590 -                train: [    INFO] - Train: 564 [ 200/520]  Loss: 0.05262 (0.0731)  Acc@1: 97.9167 (98.4245)  Acc@5: 100.0000 (99.9741)LR: 2.214e-04
2024-11-21 11:16:03,834 -                train: [    INFO] - Train: 564 [ 400/520]  Loss: 0.07297 (0.0734)  Acc@1: 98.9583 (98.3843)  Acc@5: 100.0000 (99.9714)LR: 2.214e-04
2024-11-21 11:16:31,346 -                train: [    INFO] - Train: 564 [ 520/520]  Loss: 0.1149 (0.0742)  Acc@1: 98.7500 (98.3680)  Acc@5: 100.0000 (99.9760)LR: 2.214e-04
2024-11-21 11:16:31,774 -                train: [    INFO] - Valid: 564 [   0/104]  Loss: 0.03618 (0.0362)  Acc@1: 98.9583 (98.9583)  Acc@5: 100.0000 (100.0000)
2024-11-21 11:16:37,906 -                train: [    INFO] - Valid: 564 [ 104/104]  Loss: 0.04680 (0.109)  Acc@1: 93.7500 (97.3600)  Acc@5: 100.0000 (99.9700)
2024-11-21 11:16:40,107 -                train: [    INFO] - valid_acc 97.360003 - best_valid_acc 97.360003
2024-11-21 11:16:40,681 -                train: [    INFO] - Train: 565 [   0/520]  Loss: 0.02911 (0.0291)  Acc@1: 100.0000 (100.0000)  Acc@5: 100.0000 (100.0000)LR: 2.093e-04
2024-11-21 11:17:26,947 -                train: [    INFO] - Train: 565 [ 200/520]  Loss: 0.09968 (0.0758)  Acc@1: 98.9583 (98.3416)  Acc@5: 100.0000 (99.9793)LR: 2.093e-04
2024-11-21 11:18:12,974 -                train: [    INFO] - Train: 565 [ 400/520]  Loss: 0.08093 (0.0741)  Acc@1: 96.8750 (98.3868)  Acc@5: 100.0000 (99.9792)LR: 2.093e-04
2024-11-21 11:18:40,329 -                train: [    INFO] - Train: 565 [ 520/520]  Loss: 0.03706 (0.0733)  Acc@1: 98.7500 (98.4060)  Acc@5: 100.0000 (99.9820)LR: 2.093e-04
2024-11-21 11:18:40,650 -                train: [    INFO] - Valid: 565 [   0/104]  Loss: 0.06087 (0.0609)  Acc@1: 96.8750 (96.8750)  Acc@5: 100.0000 (100.0000)
2024-11-21 11:18:46,826 -                train: [    INFO] - Valid: 565 [ 104/104]  Loss: 0.07289 (0.109)  Acc@1: 93.7500 (97.3900)  Acc@5: 100.0000 (99.9700)
2024-11-21 11:18:47,367 -                train: [    INFO] - valid_acc 97.390003 - best_valid_acc 97.390003
2024-11-21 11:18:47,874 -                train: [    INFO] - Train: 566 [   0/520]  Loss: 0.02574 (0.0257)  Acc@1: 100.0000 (100.0000)  Acc@5: 100.0000 (100.0000)LR: 1.976e-04
2024-11-21 11:19:34,059 -                train: [    INFO] - Train: 566 [ 200/520]  Loss: 0.1557 (0.0711)  Acc@1: 97.9167 (98.4608)  Acc@5: 98.9583 (99.9845)LR: 1.976e-04
2024-11-21 11:20:20,203 -                train: [    INFO] - Train: 566 [ 400/520]  Loss: 0.02223 (0.0723)  Acc@1: 98.9583 (98.4414)  Acc@5: 100.0000 (99.9870)LR: 1.976e-04
2024-11-21 11:20:47,408 -                train: [    INFO] - Train: 566 [ 520/520]  Loss: 0.06599 (0.0730)  Acc@1: 98.7500 (98.4420)  Acc@5: 100.0000 (99.9840)LR: 1.976e-04
2024-11-21 11:20:47,706 -                train: [    INFO] - Valid: 566 [   0/104]  Loss: 0.06365 (0.0636)  Acc@1: 97.9167 (97.9167)  Acc@5: 100.0000 (100.0000)
2024-11-21 11:20:53,909 -                train: [    INFO] - Valid: 566 [ 104/104]  Loss: 0.1435 (0.111)  Acc@1: 93.7500 (97.4200)  Acc@5: 100.0000 (99.9600)
2024-11-21 11:20:54,396 -                train: [    INFO] - valid_acc 97.420003 - best_valid_acc 97.420003
2024-11-21 11:20:54,989 -                train: [    INFO] - Train: 567 [   0/520]  Loss: 0.01873 (0.0187)  Acc@1: 98.9583 (98.9583)  Acc@5: 100.0000 (100.0000)LR: 1.861e-04
2024-11-21 11:21:41,382 -                train: [    INFO] - Train: 567 [ 200/520]  Loss: 0.1247 (0.0710)  Acc@1: 95.8333 (98.5126)  Acc@5: 100.0000 (99.9896)LR: 1.861e-04
2024-11-21 11:22:27,210 -                train: [    INFO] - Train: 567 [ 400/520]  Loss: 0.03192 (0.0709)  Acc@1: 100.0000 (98.4804)  Acc@5: 100.0000 (99.9870)LR: 1.861e-04
2024-11-21 11:22:54,905 -                train: [    INFO] - Train: 567 [ 520/520]  Loss: 0.1420 (0.0732)  Acc@1: 97.5000 (98.4420)  Acc@5: 100.0000 (99.9820)LR: 1.861e-04
2024-11-21 11:22:55,171 -                train: [    INFO] - Valid: 567 [   0/104]  Loss: 0.06710 (0.0671)  Acc@1: 97.9167 (97.9167)  Acc@5: 100.0000 (100.0000)
2024-11-21 11:23:01,304 -                train: [    INFO] - Valid: 567 [ 104/104]  Loss: 0.03549 (0.108)  Acc@1: 100.0000 (97.4700)  Acc@5: 100.0000 (99.9600)
2024-11-21 11:23:01,866 -                train: [    INFO] - valid_acc 97.470003 - best_valid_acc 97.470003
2024-11-21 11:23:02,450 -                train: [    INFO] - Train: 568 [   0/520]  Loss: 0.008987 (0.00899)  Acc@1: 100.0000 (100.0000)  Acc@5: 100.0000 (100.0000)LR: 1.750e-04
2024-11-21 11:23:48,371 -                train: [    INFO] - Train: 568 [ 200/520]  Loss: 0.08025 (0.0713)  Acc@1: 98.9583 (98.3727)  Acc@5: 100.0000 (99.9845)LR: 1.750e-04
2024-11-21 11:24:34,201 -                train: [    INFO] - Train: 568 [ 400/520]  Loss: 0.04327 (0.0727)  Acc@1: 98.9583 (98.4518)  Acc@5: 100.0000 (99.9818)LR: 1.750e-04
2024-11-21 11:25:01,907 -                train: [    INFO] - Train: 568 [ 520/520]  Loss: 0.1048 (0.0720)  Acc@1: 97.5000 (98.4560)  Acc@5: 100.0000 (99.9820)LR: 1.750e-04
2024-11-21 11:25:02,259 -                train: [    INFO] - Valid: 568 [   0/104]  Loss: 0.07960 (0.0796)  Acc@1: 97.9167 (97.9167)  Acc@5: 100.0000 (100.0000)
2024-11-21 11:25:08,388 -                train: [    INFO] - Valid: 568 [ 104/104]  Loss: 0.09875 (0.107)  Acc@1: 93.7500 (97.4300)  Acc@5: 100.0000 (99.9500)
2024-11-21 11:25:08,413 -                train: [    INFO] - valid_acc 97.430003 - best_valid_acc 97.470003
2024-11-21 11:25:08,834 -                train: [    INFO] - Train: 569 [   0/520]  Loss: 0.03428 (0.0343)  Acc@1: 100.0000 (100.0000)  Acc@5: 100.0000 (100.0000)LR: 1.643e-04
2024-11-21 11:25:54,893 -                train: [    INFO] - Train: 569 [ 200/520]  Loss: 0.1995 (0.0697)  Acc@1: 95.8333 (98.4712)  Acc@5: 100.0000 (99.9896)LR: 1.643e-04
2024-11-21 11:26:41,150 -                train: [    INFO] - Train: 569 [ 400/520]  Loss: 0.1473 (0.0710)  Acc@1: 95.8333 (98.4596)  Acc@5: 100.0000 (99.9870)LR: 1.643e-04
2024-11-21 11:27:08,802 -                train: [    INFO] - Train: 569 [ 520/520]  Loss: 0.02948 (0.0724)  Acc@1: 100.0000 (98.4300)  Acc@5: 100.0000 (99.9860)LR: 1.643e-04
2024-11-21 11:27:09,493 -                train: [    INFO] - Valid: 569 [   0/104]  Loss: 0.07759 (0.0776)  Acc@1: 97.9167 (97.9167)  Acc@5: 100.0000 (100.0000)
2024-11-21 11:27:15,623 -                train: [    INFO] - Valid: 569 [ 104/104]  Loss: 0.02537 (0.109)  Acc@1: 100.0000 (97.3900)  Acc@5: 100.0000 (99.9500)
2024-11-21 11:27:15,657 -                train: [    INFO] - valid_acc 97.390003 - best_valid_acc 97.470003
2024-11-21 11:27:16,119 -                train: [    INFO] - Train: 570 [   0/520]  Loss: 0.08680 (0.0868)  Acc@1: 97.9167 (97.9167)  Acc@5: 100.0000 (100.0000)LR: 1.539e-04
2024-11-21 11:28:02,014 -                train: [    INFO] - Train: 570 [ 200/520]  Loss: 0.04218 (0.0777)  Acc@1: 98.9583 (98.3313)  Acc@5: 100.0000 (99.9793)LR: 1.539e-04
2024-11-21 11:28:47,763 -                train: [    INFO] - Train: 570 [ 400/520]  Loss: 0.1123 (0.0750)  Acc@1: 97.9167 (98.3791)  Acc@5: 100.0000 (99.9792)LR: 1.539e-04
2024-11-21 11:29:15,309 -                train: [    INFO] - Train: 570 [ 520/520]  Loss: 0.09657 (0.0750)  Acc@1: 98.7500 (98.3900)  Acc@5: 100.0000 (99.9800)LR: 1.539e-04
2024-11-21 11:29:15,602 -                train: [    INFO] - Valid: 570 [   0/104]  Loss: 0.06327 (0.0633)  Acc@1: 97.9167 (97.9167)  Acc@5: 100.0000 (100.0000)
2024-11-21 11:29:21,795 -                train: [    INFO] - Valid: 570 [ 104/104]  Loss: 0.1127 (0.109)  Acc@1: 93.7500 (97.4000)  Acc@5: 100.0000 (99.9400)
2024-11-21 11:29:21,832 -                train: [    INFO] - valid_acc 97.400003 - best_valid_acc 97.470003
2024-11-21 11:29:22,308 -                train: [    INFO] - Train: 571 [   0/520]  Loss: 0.04299 (0.0430)  Acc@1: 98.9583 (98.9583)  Acc@5: 100.0000 (100.0000)LR: 1.438e-04
2024-11-21 11:30:08,519 -                train: [    INFO] - Train: 571 [ 200/520]  Loss: 0.07357 (0.0742)  Acc@1: 98.9583 (98.4608)  Acc@5: 100.0000 (99.9793)LR: 1.438e-04
2024-11-21 11:30:56,006 -                train: [    INFO] - Train: 571 [ 400/520]  Loss: 0.06346 (0.0765)  Acc@1: 98.9583 (98.3739)  Acc@5: 100.0000 (99.9818)LR: 1.438e-04
2024-11-21 11:31:23,983 -                train: [    INFO] - Train: 571 [ 520/520]  Loss: 0.04305 (0.0763)  Acc@1: 98.7500 (98.3660)  Acc@5: 100.0000 (99.9760)LR: 1.438e-04
2024-11-21 11:31:24,275 -                train: [    INFO] - Valid: 571 [   0/104]  Loss: 0.05557 (0.0556)  Acc@1: 97.9167 (97.9167)  Acc@5: 100.0000 (100.0000)
2024-11-21 11:31:30,474 -                train: [    INFO] - Valid: 571 [ 104/104]  Loss: 0.1234 (0.110)  Acc@1: 93.7500 (97.4100)  Acc@5: 100.0000 (99.9400)
2024-11-21 11:31:30,522 -                train: [    INFO] - valid_acc 97.410003 - best_valid_acc 97.470003
2024-11-21 11:31:31,030 -                train: [    INFO] - Train: 572 [   0/520]  Loss: 0.1515 (0.151)  Acc@1: 96.8750 (96.8750)  Acc@5: 100.0000 (100.0000)LR: 1.341e-04
2024-11-21 11:32:17,384 -                train: [    INFO] - Train: 572 [ 200/520]  Loss: 0.02242 (0.0707)  Acc@1: 100.0000 (98.4971)  Acc@5: 100.0000 (99.9793)LR: 1.341e-04
2024-11-21 11:33:03,375 -                train: [    INFO] - Train: 572 [ 400/520]  Loss: 0.04240 (0.0769)  Acc@1: 98.9583 (98.3115)  Acc@5: 100.0000 (99.9818)LR: 1.341e-04
2024-11-21 11:33:30,785 -                train: [    INFO] - Train: 572 [ 520/520]  Loss: 0.03968 (0.0757)  Acc@1: 98.7500 (98.3220)  Acc@5: 100.0000 (99.9820)LR: 1.341e-04
2024-11-21 11:33:31,111 -                train: [    INFO] - Valid: 572 [   0/104]  Loss: 0.06523 (0.0652)  Acc@1: 97.9167 (97.9167)  Acc@5: 100.0000 (100.0000)
2024-11-21 11:33:37,308 -                train: [    INFO] - Valid: 572 [ 104/104]  Loss: 0.1087 (0.110)  Acc@1: 93.7500 (97.4400)  Acc@5: 100.0000 (99.9400)
2024-11-21 11:33:37,338 -                train: [    INFO] - valid_acc 97.440003 - best_valid_acc 97.470003
2024-11-21 11:33:37,790 -                train: [    INFO] - Train: 573 [   0/520]  Loss: 0.1081 (0.108)  Acc@1: 96.8750 (96.8750)  Acc@5: 100.0000 (100.0000)LR: 1.247e-04
2024-11-21 11:34:24,132 -                train: [    INFO] - Train: 573 [ 200/520]  Loss: 0.04026 (0.0740)  Acc@1: 98.9583 (98.3520)  Acc@5: 100.0000 (99.9948)LR: 1.247e-04
2024-11-21 11:35:09,974 -                train: [    INFO] - Train: 573 [ 400/520]  Loss: 0.1396 (0.0720)  Acc@1: 98.9583 (98.4102)  Acc@5: 98.9583 (99.9896)LR: 1.247e-04
2024-11-21 11:35:37,672 -                train: [    INFO] - Train: 573 [ 520/520]  Loss: 0.04685 (0.0728)  Acc@1: 98.7500 (98.3860)  Acc@5: 100.0000 (99.9880)LR: 1.247e-04
2024-11-21 11:35:37,987 -                train: [    INFO] - Valid: 573 [   0/104]  Loss: 0.06824 (0.0682)  Acc@1: 97.9167 (97.9167)  Acc@5: 100.0000 (100.0000)
2024-11-21 11:35:44,131 -                train: [    INFO] - Valid: 573 [ 104/104]  Loss: 0.2021 (0.111)  Acc@1: 93.7500 (97.4200)  Acc@5: 100.0000 (99.9400)
2024-11-21 11:35:44,164 -                train: [    INFO] - valid_acc 97.420003 - best_valid_acc 97.470003
2024-11-21 11:35:44,694 -                train: [    INFO] - Train: 574 [   0/520]  Loss: 0.1181 (0.118)  Acc@1: 97.9167 (97.9167)  Acc@5: 100.0000 (100.0000)LR: 1.157e-04
2024-11-21 11:36:30,662 -                train: [    INFO] - Train: 574 [ 200/520]  Loss: 0.01855 (0.0692)  Acc@1: 100.0000 (98.4867)  Acc@5: 100.0000 (99.9689)LR: 1.157e-04
2024-11-21 11:37:16,585 -                train: [    INFO] - Train: 574 [ 400/520]  Loss: 0.04841 (0.0702)  Acc@1: 98.9583 (98.5115)  Acc@5: 100.0000 (99.9714)LR: 1.157e-04
2024-11-21 11:37:44,216 -                train: [    INFO] - Train: 574 [ 520/520]  Loss: 0.07622 (0.0713)  Acc@1: 98.7500 (98.4500)  Acc@5: 100.0000 (99.9740)LR: 1.157e-04
2024-11-21 11:37:44,572 -                train: [    INFO] - Valid: 574 [   0/104]  Loss: 0.07667 (0.0767)  Acc@1: 97.9167 (97.9167)  Acc@5: 100.0000 (100.0000)
2024-11-21 11:37:50,703 -                train: [    INFO] - Valid: 574 [ 104/104]  Loss: 0.1124 (0.110)  Acc@1: 93.7500 (97.4600)  Acc@5: 100.0000 (99.9500)
2024-11-21 11:37:50,758 -                train: [    INFO] - valid_acc 97.460003 - best_valid_acc 97.470003
2024-11-21 11:37:51,301 -                train: [    INFO] - Train: 575 [   0/520]  Loss: 0.07024 (0.0702)  Acc@1: 100.0000 (100.0000)  Acc@5: 100.0000 (100.0000)LR: 1.069e-04
2024-11-21 11:38:37,931 -                train: [    INFO] - Train: 575 [ 200/520]  Loss: 0.1009 (0.0738)  Acc@1: 96.8750 (98.5593)  Acc@5: 100.0000 (99.9845)LR: 1.069e-04
2024-11-21 11:39:24,228 -                train: [    INFO] - Train: 575 [ 400/520]  Loss: 0.03892 (0.0744)  Acc@1: 98.9583 (98.4336)  Acc@5: 100.0000 (99.9688)LR: 1.069e-04
2024-11-21 11:39:52,052 -                train: [    INFO] - Train: 575 [ 520/520]  Loss: 0.07978 (0.0713)  Acc@1: 97.5000 (98.4640)  Acc@5: 100.0000 (99.9740)LR: 1.069e-04
2024-11-21 11:39:52,371 -                train: [    INFO] - Valid: 575 [   0/104]  Loss: 0.08139 (0.0814)  Acc@1: 97.9167 (97.9167)  Acc@5: 100.0000 (100.0000)
2024-11-21 11:39:58,529 -                train: [    INFO] - Valid: 575 [ 104/104]  Loss: 0.1115 (0.111)  Acc@1: 93.7500 (97.4900)  Acc@5: 100.0000 (99.9400)
2024-11-21 11:39:59,019 -                train: [    INFO] - valid_acc 97.490003 - best_valid_acc 97.490003
2024-11-21 11:39:59,477 -                train: [    INFO] - Train: 576 [   0/520]  Loss: 0.03652 (0.0365)  Acc@1: 98.9583 (98.9583)  Acc@5: 100.0000 (100.0000)LR: 9.857e-05
2024-11-21 11:40:45,525 -                train: [    INFO] - Train: 576 [ 200/520]  Loss: 0.02546 (0.0713)  Acc@1: 100.0000 (98.5230)  Acc@5: 100.0000 (99.9689)LR: 9.857e-05
2024-11-21 11:41:31,966 -                train: [    INFO] - Train: 576 [ 400/520]  Loss: 0.07821 (0.0714)  Acc@1: 97.9167 (98.4726)  Acc@5: 100.0000 (99.9818)LR: 9.857e-05
2024-11-21 11:41:59,124 -                train: [    INFO] - Train: 576 [ 520/520]  Loss: 0.09413 (0.0707)  Acc@1: 97.5000 (98.4880)  Acc@5: 100.0000 (99.9840)LR: 9.857e-05
2024-11-21 11:41:59,997 -                train: [    INFO] - Valid: 576 [   0/104]  Loss: 0.05962 (0.0596)  Acc@1: 97.9167 (97.9167)  Acc@5: 100.0000 (100.0000)
2024-11-21 11:42:06,329 -                train: [    INFO] - Valid: 576 [ 104/104]  Loss: 0.04929 (0.110)  Acc@1: 93.7500 (97.3900)  Acc@5: 100.0000 (99.9500)
2024-11-21 11:42:06,363 -                train: [    INFO] - valid_acc 97.390003 - best_valid_acc 97.490003
2024-11-21 11:42:06,793 -                train: [    INFO] - Train: 577 [   0/520]  Loss: 0.08683 (0.0868)  Acc@1: 96.8750 (96.8750)  Acc@5: 100.0000 (100.0000)LR: 9.053e-05
2024-11-21 11:42:53,219 -                train: [    INFO] - Train: 577 [ 200/520]  Loss: 0.04698 (0.0722)  Acc@1: 98.9583 (98.3986)  Acc@5: 100.0000 (99.9948)LR: 9.053e-05
2024-11-21 11:43:39,518 -                train: [    INFO] - Train: 577 [ 400/520]  Loss: 0.07111 (0.0729)  Acc@1: 97.9167 (98.4050)  Acc@5: 100.0000 (99.9844)LR: 9.053e-05
2024-11-21 11:44:07,316 -                train: [    INFO] - Train: 577 [ 520/520]  Loss: 0.03020 (0.0730)  Acc@1: 98.7500 (98.4020)  Acc@5: 100.0000 (99.9860)LR: 9.053e-05
2024-11-21 11:44:08,091 -                train: [    INFO] - Valid: 577 [   0/104]  Loss: 0.06188 (0.0619)  Acc@1: 97.9167 (97.9167)  Acc@5: 100.0000 (100.0000)
2024-11-21 11:44:14,314 -                train: [    INFO] - Valid: 577 [ 104/104]  Loss: 0.01609 (0.109)  Acc@1: 100.0000 (97.4100)  Acc@5: 100.0000 (99.9600)
2024-11-21 11:44:15,038 -                train: [    INFO] - valid_acc 97.410002 - best_valid_acc 97.490003
2024-11-21 11:44:15,596 -                train: [    INFO] - Train: 578 [   0/520]  Loss: 0.09121 (0.0912)  Acc@1: 96.8750 (96.8750)  Acc@5: 100.0000 (100.0000)LR: 8.284e-05
2024-11-21 11:45:02,119 -                train: [    INFO] - Train: 578 [ 200/520]  Loss: 0.08537 (0.0723)  Acc@1: 98.9583 (98.4245)  Acc@5: 100.0000 (99.9896)LR: 8.284e-05
2024-11-21 11:45:48,609 -                train: [    INFO] - Train: 578 [ 400/520]  Loss: 0.03996 (0.0731)  Acc@1: 97.9167 (98.4206)  Acc@5: 100.0000 (99.9870)LR: 8.284e-05
2024-11-21 11:46:16,257 -                train: [    INFO] - Train: 578 [ 520/520]  Loss: 0.09379 (0.0710)  Acc@1: 98.7500 (98.4680)  Acc@5: 100.0000 (99.9880)LR: 8.284e-05
2024-11-21 11:46:16,622 -                train: [    INFO] - Valid: 578 [   0/104]  Loss: 0.07229 (0.0723)  Acc@1: 97.9167 (97.9167)  Acc@5: 100.0000 (100.0000)
2024-11-21 11:46:22,850 -                train: [    INFO] - Valid: 578 [ 104/104]  Loss: 0.03278 (0.110)  Acc@1: 100.0000 (97.4000)  Acc@5: 100.0000 (99.9500)
2024-11-21 11:46:22,889 -                train: [    INFO] - valid_acc 97.400003 - best_valid_acc 97.490003
2024-11-21 11:46:23,374 -                train: [    INFO] - Train: 579 [   0/520]  Loss: 0.07884 (0.0788)  Acc@1: 98.9583 (98.9583)  Acc@5: 100.0000 (100.0000)LR: 7.549e-05
2024-11-21 11:47:09,634 -                train: [    INFO] - Train: 579 [ 200/520]  Loss: 0.06675 (0.0712)  Acc@1: 97.9167 (98.4297)  Acc@5: 100.0000 (99.9741)LR: 7.549e-05
2024-11-21 11:47:55,963 -                train: [    INFO] - Train: 579 [ 400/520]  Loss: 0.06144 (0.0704)  Acc@1: 97.9167 (98.4674)  Acc@5: 100.0000 (99.9818)LR: 7.549e-05
2024-11-21 11:48:23,459 -                train: [    INFO] - Train: 579 [ 520/520]  Loss: 0.01485 (0.0713)  Acc@1: 100.0000 (98.4420)  Acc@5: 100.0000 (99.9840)LR: 7.549e-05
2024-11-21 11:48:23,774 -                train: [    INFO] - Valid: 579 [   0/104]  Loss: 0.09242 (0.0924)  Acc@1: 97.9167 (97.9167)  Acc@5: 100.0000 (100.0000)
2024-11-21 11:48:29,935 -                train: [    INFO] - Valid: 579 [ 104/104]  Loss: 0.03150 (0.111)  Acc@1: 100.0000 (97.3900)  Acc@5: 100.0000 (99.9500)
2024-11-21 11:48:29,968 -                train: [    INFO] - valid_acc 97.390003 - best_valid_acc 97.490003
2024-11-21 11:48:30,477 -                train: [    INFO] - Train: 580 [   0/520]  Loss: 0.05097 (0.0510)  Acc@1: 100.0000 (100.0000)  Acc@5: 100.0000 (100.0000)LR: 6.848e-05
2024-11-21 11:49:16,872 -                train: [    INFO] - Train: 580 [ 200/520]  Loss: 0.05279 (0.0664)  Acc@1: 98.9583 (98.5748)  Acc@5: 100.0000 (99.9845)LR: 6.848e-05
2024-11-21 11:50:03,114 -                train: [    INFO] - Train: 580 [ 400/520]  Loss: 0.04888 (0.0671)  Acc@1: 98.9583 (98.5739)  Acc@5: 100.0000 (99.9870)LR: 6.848e-05
2024-11-21 11:50:30,825 -                train: [    INFO] - Train: 580 [ 520/520]  Loss: 0.08903 (0.0692)  Acc@1: 98.7500 (98.5260)  Acc@5: 100.0000 (99.9880)LR: 6.848e-05
2024-11-21 11:50:31,162 -                train: [    INFO] - Valid: 580 [   0/104]  Loss: 0.07904 (0.0790)  Acc@1: 97.9167 (97.9167)  Acc@5: 100.0000 (100.0000)
2024-11-21 11:50:37,344 -                train: [    INFO] - Valid: 580 [ 104/104]  Loss: 0.04625 (0.111)  Acc@1: 93.7500 (97.3800)  Acc@5: 100.0000 (99.9500)
2024-11-21 11:50:37,388 -                train: [    INFO] - valid_acc 97.380003 - best_valid_acc 97.490003
2024-11-21 11:50:37,821 -                train: [    INFO] - Train: 581 [   0/520]  Loss: 0.1065 (0.106)  Acc@1: 96.8750 (96.8750)  Acc@5: 100.0000 (100.0000)LR: 6.181e-05
2024-11-21 11:51:23,874 -                train: [    INFO] - Train: 581 [ 200/520]  Loss: 0.04044 (0.0690)  Acc@1: 98.9583 (98.4764)  Acc@5: 100.0000 (99.9741)LR: 6.181e-05
2024-11-21 11:52:10,458 -                train: [    INFO] - Train: 581 [ 400/520]  Loss: 0.05063 (0.0689)  Acc@1: 98.9583 (98.5141)  Acc@5: 100.0000 (99.9870)LR: 6.181e-05
2024-11-21 11:52:37,892 -                train: [    INFO] - Train: 581 [ 520/520]  Loss: 0.1407 (0.0702)  Acc@1: 97.5000 (98.4840)  Acc@5: 100.0000 (99.9880)LR: 6.181e-05
2024-11-21 11:52:38,159 -                train: [    INFO] - Valid: 581 [   0/104]  Loss: 0.07702 (0.0770)  Acc@1: 97.9167 (97.9167)  Acc@5: 100.0000 (100.0000)
2024-11-21 11:52:44,287 -                train: [    INFO] - Valid: 581 [ 104/104]  Loss: 0.08468 (0.110)  Acc@1: 93.7500 (97.3800)  Acc@5: 100.0000 (99.9500)
2024-11-21 11:52:44,320 -                train: [    INFO] - valid_acc 97.380003 - best_valid_acc 97.490003
2024-11-21 11:52:44,774 -                train: [    INFO] - Train: 582 [   0/520]  Loss: 0.09882 (0.0988)  Acc@1: 97.9167 (97.9167)  Acc@5: 100.0000 (100.0000)LR: 5.548e-05
2024-11-21 11:53:30,652 -                train: [    INFO] - Train: 582 [ 200/520]  Loss: 0.06285 (0.0675)  Acc@1: 98.9583 (98.5956)  Acc@5: 100.0000 (99.9793)LR: 5.548e-05
2024-11-21 11:54:16,881 -                train: [    INFO] - Train: 582 [ 400/520]  Loss: 0.08105 (0.0695)  Acc@1: 97.9167 (98.5557)  Acc@5: 100.0000 (99.9792)LR: 5.548e-05
2024-11-21 11:54:44,461 -                train: [    INFO] - Train: 582 [ 520/520]  Loss: 0.07173 (0.0687)  Acc@1: 97.5000 (98.5900)  Acc@5: 100.0000 (99.9820)LR: 5.548e-05
2024-11-21 11:54:44,734 -                train: [    INFO] - Valid: 582 [   0/104]  Loss: 0.07012 (0.0701)  Acc@1: 97.9167 (97.9167)  Acc@5: 100.0000 (100.0000)
2024-11-21 11:54:50,863 -                train: [    INFO] - Valid: 582 [ 104/104]  Loss: 0.09011 (0.111)  Acc@1: 93.7500 (97.3700)  Acc@5: 100.0000 (99.9500)
2024-11-21 11:54:50,903 -                train: [    INFO] - valid_acc 97.370003 - best_valid_acc 97.490003
2024-11-21 11:54:51,422 -                train: [    INFO] - Train: 583 [   0/520]  Loss: 0.07705 (0.0771)  Acc@1: 96.8750 (96.8750)  Acc@5: 100.0000 (100.0000)LR: 4.949e-05
2024-11-21 11:55:37,289 -                train: [    INFO] - Train: 583 [ 200/520]  Loss: 0.05256 (0.0725)  Acc@1: 98.9583 (98.3986)  Acc@5: 100.0000 (99.9896)LR: 4.949e-05
2024-11-21 11:56:23,947 -                train: [    INFO] - Train: 583 [ 400/520]  Loss: 0.02997 (0.0708)  Acc@1: 100.0000 (98.4362)  Acc@5: 100.0000 (99.9844)LR: 4.949e-05
2024-11-21 11:56:51,542 -                train: [    INFO] - Train: 583 [ 520/520]  Loss: 0.06854 (0.0714)  Acc@1: 98.7500 (98.4380)  Acc@5: 100.0000 (99.9840)LR: 4.949e-05
2024-11-21 11:56:51,885 -                train: [    INFO] - Valid: 583 [   0/104]  Loss: 0.07122 (0.0712)  Acc@1: 97.9167 (97.9167)  Acc@5: 100.0000 (100.0000)
2024-11-21 11:56:58,011 -                train: [    INFO] - Valid: 583 [ 104/104]  Loss: 0.07281 (0.110)  Acc@1: 93.7500 (97.3800)  Acc@5: 100.0000 (99.9500)
2024-11-21 11:56:58,113 -                train: [    INFO] - valid_acc 97.380003 - best_valid_acc 97.490003
2024-11-21 11:56:58,555 -                train: [    INFO] - Train: 584 [   0/520]  Loss: 0.08331 (0.0833)  Acc@1: 98.9583 (98.9583)  Acc@5: 100.0000 (100.0000)LR: 4.384e-05
2024-11-21 11:57:44,422 -                train: [    INFO] - Train: 584 [ 200/520]  Loss: 0.005153 (0.0730)  Acc@1: 100.0000 (98.4816)  Acc@5: 100.0000 (99.9948)LR: 4.384e-05
2024-11-21 11:58:30,423 -                train: [    INFO] - Train: 584 [ 400/520]  Loss: 0.05493 (0.0712)  Acc@1: 100.0000 (98.5193)  Acc@5: 100.0000 (99.9766)LR: 4.384e-05
2024-11-21 11:58:57,897 -                train: [    INFO] - Train: 584 [ 520/520]  Loss: 0.1076 (0.0730)  Acc@1: 97.5000 (98.4720)  Acc@5: 100.0000 (99.9800)LR: 4.384e-05
2024-11-21 11:58:58,268 -                train: [    INFO] - Valid: 584 [   0/104]  Loss: 0.07834 (0.0783)  Acc@1: 97.9167 (97.9167)  Acc@5: 100.0000 (100.0000)
2024-11-21 11:59:04,609 -                train: [    INFO] - Valid: 584 [ 104/104]  Loss: 0.1131 (0.111)  Acc@1: 93.7500 (97.3800)  Acc@5: 100.0000 (99.9500)
2024-11-21 11:59:04,665 -                train: [    INFO] - valid_acc 97.380003 - best_valid_acc 97.490003
2024-11-21 11:59:05,161 -                train: [    INFO] - Train: 585 [   0/520]  Loss: 0.1011 (0.101)  Acc@1: 97.9167 (97.9167)  Acc@5: 100.0000 (100.0000)LR: 3.853e-05
2024-11-21 11:59:51,324 -                train: [    INFO] - Train: 585 [ 200/520]  Loss: 0.1426 (0.0759)  Acc@1: 97.9167 (98.4453)  Acc@5: 98.9583 (99.9741)LR: 3.853e-05
2024-11-21 12:00:37,026 -                train: [    INFO] - Train: 585 [ 400/520]  Loss: 0.1010 (0.0740)  Acc@1: 97.9167 (98.4128)  Acc@5: 100.0000 (99.9792)LR: 3.853e-05
2024-11-21 12:01:04,699 -                train: [    INFO] - Train: 585 [ 520/520]  Loss: 0.04834 (0.0737)  Acc@1: 98.7500 (98.3960)  Acc@5: 100.0000 (99.9760)LR: 3.853e-05
2024-11-21 12:01:04,970 -                train: [    INFO] - Valid: 585 [   0/104]  Loss: 0.07661 (0.0766)  Acc@1: 97.9167 (97.9167)  Acc@5: 100.0000 (100.0000)
2024-11-21 12:01:11,120 -                train: [    INFO] - Valid: 585 [ 104/104]  Loss: 0.1148 (0.110)  Acc@1: 93.7500 (97.3600)  Acc@5: 100.0000 (99.9500)
2024-11-21 12:01:11,162 -                train: [    INFO] - valid_acc 97.360003 - best_valid_acc 97.490003
2024-11-21 12:01:11,664 -                train: [    INFO] - Train: 586 [   0/520]  Loss: 0.04142 (0.0414)  Acc@1: 98.9583 (98.9583)  Acc@5: 100.0000 (100.0000)LR: 3.357e-05
2024-11-21 12:01:57,688 -                train: [    INFO] - Train: 586 [ 200/520]  Loss: 0.03582 (0.0713)  Acc@1: 98.9583 (98.5126)  Acc@5: 100.0000 (99.9845)LR: 3.357e-05
2024-11-21 12:02:43,655 -                train: [    INFO] - Train: 586 [ 400/520]  Loss: 0.05835 (0.0703)  Acc@1: 97.9167 (98.5115)  Acc@5: 100.0000 (99.9818)LR: 3.357e-05
2024-11-21 12:03:11,522 -                train: [    INFO] - Train: 586 [ 520/520]  Loss: 0.06285 (0.0699)  Acc@1: 97.5000 (98.5020)  Acc@5: 100.0000 (99.9800)LR: 3.357e-05
2024-11-21 12:03:11,820 -                train: [    INFO] - Valid: 586 [   0/104]  Loss: 0.07202 (0.0720)  Acc@1: 97.9167 (97.9167)  Acc@5: 100.0000 (100.0000)
2024-11-21 12:03:17,957 -                train: [    INFO] - Valid: 586 [ 104/104]  Loss: 0.08469 (0.110)  Acc@1: 93.7500 (97.3200)  Acc@5: 100.0000 (99.9500)
2024-11-21 12:03:18,003 -                train: [    INFO] - valid_acc 97.320002 - best_valid_acc 97.490003
2024-11-21 12:03:18,534 -                train: [    INFO] - Train: 587 [   0/520]  Loss: 0.01201 (0.0120)  Acc@1: 100.0000 (100.0000)  Acc@5: 100.0000 (100.0000)LR: 2.895e-05
2024-11-21 12:04:04,697 -                train: [    INFO] - Train: 587 [ 200/520]  Loss: 0.05480 (0.0707)  Acc@1: 98.9583 (98.4401)  Acc@5: 100.0000 (99.9896)LR: 2.895e-05
2024-11-21 12:04:51,154 -                train: [    INFO] - Train: 587 [ 400/520]  Loss: 0.05504 (0.0700)  Acc@1: 98.9583 (98.5011)  Acc@5: 100.0000 (99.9740)LR: 2.895e-05
2024-11-21 12:05:19,009 -                train: [    INFO] - Train: 587 [ 520/520]  Loss: 0.05644 (0.0704)  Acc@1: 98.7500 (98.4920)  Acc@5: 100.0000 (99.9680)LR: 2.895e-05
2024-11-21 12:05:19,309 -                train: [    INFO] - Valid: 587 [   0/104]  Loss: 0.07384 (0.0738)  Acc@1: 97.9167 (97.9167)  Acc@5: 100.0000 (100.0000)
2024-11-21 12:05:25,503 -                train: [    INFO] - Valid: 587 [ 104/104]  Loss: 0.06667 (0.109)  Acc@1: 93.7500 (97.4100)  Acc@5: 100.0000 (99.9500)
2024-11-21 12:05:25,536 -                train: [    INFO] - valid_acc 97.410003 - best_valid_acc 97.490003
2024-11-21 12:05:25,961 -                train: [    INFO] - Train: 588 [   0/520]  Loss: 0.02900 (0.0290)  Acc@1: 100.0000 (100.0000)  Acc@5: 100.0000 (100.0000)LR: 2.467e-05
2024-11-21 12:06:12,340 -                train: [    INFO] - Train: 588 [ 200/520]  Loss: 0.04417 (0.0700)  Acc@1: 98.9583 (98.5541)  Acc@5: 100.0000 (99.9637)LR: 2.467e-05
2024-11-21 12:06:58,389 -                train: [    INFO] - Train: 588 [ 400/520]  Loss: 0.02485 (0.0696)  Acc@1: 100.0000 (98.5245)  Acc@5: 100.0000 (99.9766)LR: 2.467e-05
2024-11-21 12:07:26,102 -                train: [    INFO] - Train: 588 [ 520/520]  Loss: 0.07809 (0.0724)  Acc@1: 98.7500 (98.4720)  Acc@5: 100.0000 (99.9760)LR: 2.467e-05
2024-11-21 12:07:26,571 -                train: [    INFO] - Valid: 588 [   0/104]  Loss: 0.07369 (0.0737)  Acc@1: 97.9167 (97.9167)  Acc@5: 100.0000 (100.0000)
2024-11-21 12:07:32,746 -                train: [    INFO] - Valid: 588 [ 104/104]  Loss: 0.06780 (0.109)  Acc@1: 93.7500 (97.3900)  Acc@5: 100.0000 (99.9500)
2024-11-21 12:07:32,802 -                train: [    INFO] - valid_acc 97.390003 - best_valid_acc 97.490003
2024-11-21 12:07:33,264 -                train: [    INFO] - Train: 589 [   0/520]  Loss: 0.04726 (0.0473)  Acc@1: 97.9167 (97.9167)  Acc@5: 100.0000 (100.0000)LR: 2.073e-05
2024-11-21 12:08:19,619 -                train: [    INFO] - Train: 589 [ 200/520]  Loss: 0.09147 (0.0701)  Acc@1: 97.9167 (98.5230)  Acc@5: 100.0000 (99.9689)LR: 2.073e-05
2024-11-21 12:09:05,184 -                train: [    INFO] - Train: 589 [ 400/520]  Loss: 0.08475 (0.0711)  Acc@1: 97.9167 (98.4778)  Acc@5: 100.0000 (99.9766)LR: 2.073e-05
2024-11-21 12:09:32,932 -                train: [    INFO] - Train: 589 [ 520/520]  Loss: 0.1474 (0.0729)  Acc@1: 97.5000 (98.4420)  Acc@5: 100.0000 (99.9740)LR: 2.073e-05
2024-11-21 12:09:33,361 -                train: [    INFO] - Valid: 589 [   0/104]  Loss: 0.05741 (0.0574)  Acc@1: 97.9167 (97.9167)  Acc@5: 100.0000 (100.0000)
2024-11-21 12:09:39,510 -                train: [    INFO] - Valid: 589 [ 104/104]  Loss: 0.07992 (0.110)  Acc@1: 93.7500 (97.4300)  Acc@5: 100.0000 (99.9400)
2024-11-21 12:09:39,577 -                train: [    INFO] - valid_acc 97.430003 - best_valid_acc 97.490003
2024-11-21 12:09:40,025 -                train: [    INFO] - Train: 590 [   0/520]  Loss: 0.07183 (0.0718)  Acc@1: 97.9167 (97.9167)  Acc@5: 100.0000 (100.0000)LR: 1.713e-05
2024-11-21 12:10:27,709 -                train: [    INFO] - Train: 590 [ 200/520]  Loss: 0.02719 (0.0697)  Acc@1: 100.0000 (98.6007)  Acc@5: 100.0000 (99.9948)LR: 1.713e-05
2024-11-21 12:11:16,160 -                train: [    INFO] - Train: 590 [ 400/520]  Loss: 0.03414 (0.0717)  Acc@1: 98.9583 (98.5635)  Acc@5: 100.0000 (99.9844)LR: 1.713e-05
2024-11-21 12:11:43,846 -                train: [    INFO] - Train: 590 [ 520/520]  Loss: 0.2171 (0.0708)  Acc@1: 96.2500 (98.5480)  Acc@5: 100.0000 (99.9860)LR: 1.713e-05
2024-11-21 12:11:44,217 -                train: [    INFO] - Valid: 590 [   0/104]  Loss: 0.07421 (0.0742)  Acc@1: 97.9167 (97.9167)  Acc@5: 100.0000 (100.0000)
2024-11-21 12:11:50,394 -                train: [    INFO] - Valid: 590 [ 104/104]  Loss: 0.06892 (0.109)  Acc@1: 93.7500 (97.3900)  Acc@5: 100.0000 (99.9500)
2024-11-21 12:11:50,438 -                train: [    INFO] - valid_acc 97.390003 - best_valid_acc 97.490003
2024-11-21 12:11:50,908 -                train: [    INFO] - Train: 591 [   0/520]  Loss: 0.08840 (0.0884)  Acc@1: 97.9167 (97.9167)  Acc@5: 100.0000 (100.0000)LR: 1.388e-05
2024-11-21 12:12:37,126 -                train: [    INFO] - Train: 591 [ 200/520]  Loss: 0.1672 (0.0699)  Acc@1: 95.8333 (98.5593)  Acc@5: 98.9583 (99.9534)LR: 1.388e-05
2024-11-21 12:13:23,285 -                train: [    INFO] - Train: 591 [ 400/520]  Loss: 0.03824 (0.0731)  Acc@1: 97.9167 (98.4752)  Acc@5: 100.0000 (99.9714)LR: 1.388e-05
2024-11-21 12:13:50,914 -                train: [    INFO] - Train: 591 [ 520/520]  Loss: 0.1594 (0.0747)  Acc@1: 96.2500 (98.4340)  Acc@5: 100.0000 (99.9660)LR: 1.388e-05
2024-11-21 12:13:51,220 -                train: [    INFO] - Valid: 591 [   0/104]  Loss: 0.06398 (0.0640)  Acc@1: 97.9167 (97.9167)  Acc@5: 100.0000 (100.0000)
2024-11-21 12:13:57,460 -                train: [    INFO] - Valid: 591 [ 104/104]  Loss: 0.09659 (0.110)  Acc@1: 93.7500 (97.4300)  Acc@5: 100.0000 (99.9500)
2024-11-21 12:13:57,496 -                train: [    INFO] - valid_acc 97.430003 - best_valid_acc 97.490003
2024-11-21 12:13:58,091 -                train: [    INFO] - Train: 592 [   0/520]  Loss: 0.1342 (0.134)  Acc@1: 97.9167 (97.9167)  Acc@5: 100.0000 (100.0000)LR: 1.096e-05
2024-11-21 12:14:44,273 -                train: [    INFO] - Train: 592 [ 200/520]  Loss: 0.1450 (0.0688)  Acc@1: 97.9167 (98.5489)  Acc@5: 98.9583 (99.9845)LR: 1.096e-05
2024-11-21 12:15:30,677 -                train: [    INFO] - Train: 592 [ 400/520]  Loss: 0.01446 (0.0717)  Acc@1: 100.0000 (98.4622)  Acc@5: 100.0000 (99.9818)LR: 1.096e-05
2024-11-21 12:15:58,224 -                train: [    INFO] - Train: 592 [ 520/520]  Loss: 0.1082 (0.0711)  Acc@1: 97.5000 (98.4620)  Acc@5: 100.0000 (99.9860)LR: 1.096e-05
2024-11-21 12:15:58,480 -                train: [    INFO] - Valid: 592 [   0/104]  Loss: 0.06895 (0.0690)  Acc@1: 97.9167 (97.9167)  Acc@5: 100.0000 (100.0000)
2024-11-21 12:16:04,708 -                train: [    INFO] - Valid: 592 [ 104/104]  Loss: 0.09993 (0.109)  Acc@1: 93.7500 (97.3700)  Acc@5: 100.0000 (99.9500)
2024-11-21 12:16:04,742 -                train: [    INFO] - valid_acc 97.370003 - best_valid_acc 97.490003
2024-11-21 12:16:05,274 -                train: [    INFO] - Train: 593 [   0/520]  Loss: 0.07720 (0.0772)  Acc@1: 97.9167 (97.9167)  Acc@5: 100.0000 (100.0000)LR: 8.395e-06
2024-11-21 12:16:51,232 -                train: [    INFO] - Train: 593 [ 200/520]  Loss: 0.05443 (0.0646)  Acc@1: 98.9583 (98.6526)  Acc@5: 100.0000 (99.9896)LR: 8.395e-06
2024-11-21 12:17:37,523 -                train: [    INFO] - Train: 593 [ 400/520]  Loss: 0.01550 (0.0716)  Acc@1: 100.0000 (98.5245)  Acc@5: 100.0000 (99.9818)LR: 8.395e-06
2024-11-21 12:18:05,255 -                train: [    INFO] - Train: 593 [ 520/520]  Loss: 0.08681 (0.0718)  Acc@1: 96.2500 (98.5140)  Acc@5: 100.0000 (99.9820)LR: 8.395e-06
2024-11-21 12:18:05,579 -                train: [    INFO] - Valid: 593 [   0/104]  Loss: 0.07819 (0.0782)  Acc@1: 97.9167 (97.9167)  Acc@5: 100.0000 (100.0000)
2024-11-21 12:18:11,835 -                train: [    INFO] - Valid: 593 [ 104/104]  Loss: 0.07699 (0.110)  Acc@1: 93.7500 (97.4200)  Acc@5: 100.0000 (99.9500)
2024-11-21 12:18:11,878 -                train: [    INFO] - valid_acc 97.420003 - best_valid_acc 97.490003
2024-11-21 12:18:12,363 -                train: [    INFO] - Train: 594 [   0/520]  Loss: 0.05049 (0.0505)  Acc@1: 98.9583 (98.9583)  Acc@5: 100.0000 (100.0000)LR: 6.168e-06
2024-11-21 12:18:58,652 -                train: [    INFO] - Train: 594 [ 200/520]  Loss: 0.09916 (0.0702)  Acc@1: 98.9583 (98.5852)  Acc@5: 100.0000 (99.9896)LR: 6.168e-06
2024-11-21 12:19:44,811 -                train: [    INFO] - Train: 594 [ 400/520]  Loss: 0.02991 (0.0704)  Acc@1: 100.0000 (98.5557)  Acc@5: 100.0000 (99.9792)LR: 6.168e-06
2024-11-21 12:20:12,487 -                train: [    INFO] - Train: 594 [ 520/520]  Loss: 0.06143 (0.0712)  Acc@1: 98.7500 (98.5200)  Acc@5: 100.0000 (99.9780)LR: 6.168e-06
2024-11-21 12:20:12,796 -                train: [    INFO] - Valid: 594 [   0/104]  Loss: 0.07936 (0.0794)  Acc@1: 97.9167 (97.9167)  Acc@5: 100.0000 (100.0000)
2024-11-21 12:20:18,925 -                train: [    INFO] - Valid: 594 [ 104/104]  Loss: 0.08176 (0.110)  Acc@1: 93.7500 (97.3500)  Acc@5: 100.0000 (99.9500)
2024-11-21 12:20:18,955 -                train: [    INFO] - valid_acc 97.350003 - best_valid_acc 97.490003
2024-11-21 12:20:19,409 -                train: [    INFO] - Train: 595 [   0/520]  Loss: 0.02976 (0.0298)  Acc@1: 98.9583 (98.9583)  Acc@5: 100.0000 (100.0000)LR: 4.283e-06
2024-11-21 12:21:05,524 -                train: [    INFO] - Train: 595 [ 200/520]  Loss: 0.09252 (0.0694)  Acc@1: 97.9167 (98.4764)  Acc@5: 100.0000 (99.9948)LR: 4.283e-06
2024-11-21 12:21:51,652 -                train: [    INFO] - Train: 595 [ 400/520]  Loss: 0.1321 (0.0695)  Acc@1: 95.8333 (98.4700)  Acc@5: 100.0000 (99.9922)LR: 4.283e-06
2024-11-21 12:22:19,414 -                train: [    INFO] - Train: 595 [ 520/520]  Loss: 0.04757 (0.0702)  Acc@1: 97.5000 (98.4760)  Acc@5: 100.0000 (99.9860)LR: 4.283e-06
2024-11-21 12:22:19,695 -                train: [    INFO] - Valid: 595 [   0/104]  Loss: 0.06123 (0.0612)  Acc@1: 97.9167 (97.9167)  Acc@5: 100.0000 (100.0000)
2024-11-21 12:22:25,967 -                train: [    INFO] - Valid: 595 [ 104/104]  Loss: 0.09122 (0.111)  Acc@1: 93.7500 (97.3800)  Acc@5: 100.0000 (99.9500)
2024-11-21 12:22:26,007 -                train: [    INFO] - valid_acc 97.380003 - best_valid_acc 97.490003
2024-11-21 12:22:26,576 -                train: [    INFO] - Train: 596 [   0/520]  Loss: 0.05749 (0.0575)  Acc@1: 97.9167 (97.9167)  Acc@5: 100.0000 (100.0000)LR: 2.741e-06
2024-11-21 12:23:12,430 -                train: [    INFO] - Train: 596 [ 200/520]  Loss: 0.1061 (0.0729)  Acc@1: 96.8750 (98.5126)  Acc@5: 100.0000 (99.9896)LR: 2.741e-06
2024-11-21 12:23:58,587 -                train: [    INFO] - Train: 596 [ 400/520]  Loss: 0.1077 (0.0739)  Acc@1: 96.8750 (98.4596)  Acc@5: 100.0000 (99.9896)LR: 2.741e-06
2024-11-21 12:24:26,125 -                train: [    INFO] - Train: 596 [ 520/520]  Loss: 0.1672 (0.0728)  Acc@1: 96.2500 (98.4800)  Acc@5: 100.0000 (99.9900)LR: 2.741e-06
2024-11-21 12:24:26,479 -                train: [    INFO] - Valid: 596 [   0/104]  Loss: 0.08311 (0.0831)  Acc@1: 97.9167 (97.9167)  Acc@5: 100.0000 (100.0000)
2024-11-21 12:24:32,611 -                train: [    INFO] - Valid: 596 [ 104/104]  Loss: 0.07496 (0.111)  Acc@1: 93.7500 (97.3900)  Acc@5: 100.0000 (99.9500)
2024-11-21 12:24:32,653 -                train: [    INFO] - valid_acc 97.390003 - best_valid_acc 97.490003
2024-11-21 12:24:33,175 -                train: [    INFO] - Train: 597 [   0/520]  Loss: 0.04012 (0.0401)  Acc@1: 98.9583 (98.9583)  Acc@5: 100.0000 (100.0000)LR: 1.542e-06
2024-11-21 12:25:19,301 -                train: [    INFO] - Train: 597 [ 200/520]  Loss: 0.03976 (0.0722)  Acc@1: 98.9583 (98.4556)  Acc@5: 100.0000 (99.9689)LR: 1.542e-06
2024-11-21 12:26:05,221 -                train: [    INFO] - Train: 597 [ 400/520]  Loss: 0.02860 (0.0712)  Acc@1: 100.0000 (98.4336)  Acc@5: 100.0000 (99.9792)LR: 1.542e-06
2024-11-21 12:26:32,652 -                train: [    INFO] - Train: 597 [ 520/520]  Loss: 0.03398 (0.0712)  Acc@1: 100.0000 (98.4260)  Acc@5: 100.0000 (99.9800)LR: 1.542e-06
2024-11-21 12:26:33,016 -                train: [    INFO] - Valid: 597 [   0/104]  Loss: 0.05624 (0.0562)  Acc@1: 97.9167 (97.9167)  Acc@5: 100.0000 (100.0000)
2024-11-21 12:26:39,177 -                train: [    INFO] - Valid: 597 [ 104/104]  Loss: 0.06981 (0.109)  Acc@1: 93.7500 (97.4100)  Acc@5: 100.0000 (99.9400)
2024-11-21 12:26:39,204 -                train: [    INFO] - valid_acc 97.410003 - best_valid_acc 97.490003
2024-11-21 12:26:39,616 -                train: [    INFO] - Train: 598 [   0/520]  Loss: 0.02380 (0.0238)  Acc@1: 100.0000 (100.0000)  Acc@5: 100.0000 (100.0000)LR: 6.854e-07
2024-11-21 12:27:25,970 -                train: [    INFO] - Train: 598 [ 200/520]  Loss: 0.09153 (0.0773)  Acc@1: 97.9167 (98.4194)  Acc@5: 100.0000 (99.9637)LR: 6.854e-07
2024-11-21 12:28:12,069 -                train: [    INFO] - Train: 598 [ 400/520]  Loss: 0.1443 (0.0729)  Acc@1: 95.8333 (98.4284)  Acc@5: 100.0000 (99.9688)LR: 6.854e-07
2024-11-21 12:28:39,525 -                train: [    INFO] - Train: 598 [ 520/520]  Loss: 0.02919 (0.0728)  Acc@1: 100.0000 (98.4380)  Acc@5: 100.0000 (99.9760)LR: 6.854e-07
2024-11-21 12:28:39,813 -                train: [    INFO] - Valid: 598 [   0/104]  Loss: 0.06513 (0.0651)  Acc@1: 97.9167 (97.9167)  Acc@5: 100.0000 (100.0000)
2024-11-21 12:28:45,978 -                train: [    INFO] - Valid: 598 [ 104/104]  Loss: 0.1083 (0.109)  Acc@1: 93.7500 (97.3900)  Acc@5: 100.0000 (99.9500)
2024-11-21 12:28:46,013 -                train: [    INFO] - valid_acc 97.390003 - best_valid_acc 97.490003
2024-11-21 12:28:46,494 -                train: [    INFO] - Train: 599 [   0/520]  Loss: 0.09765 (0.0977)  Acc@1: 97.9167 (97.9167)  Acc@5: 100.0000 (100.0000)LR: 1.713e-07
2024-11-21 12:29:32,619 -                train: [    INFO] - Train: 599 [ 200/520]  Loss: 0.03572 (0.0666)  Acc@1: 100.0000 (98.5489)  Acc@5: 100.0000 (100.0000)LR: 1.713e-07
2024-11-21 12:30:18,601 -                train: [    INFO] - Train: 599 [ 400/520]  Loss: 0.05978 (0.0686)  Acc@1: 97.9167 (98.5037)  Acc@5: 100.0000 (100.0000)LR: 1.713e-07
2024-11-21 12:30:46,351 -                train: [    INFO] - Train: 599 [ 520/520]  Loss: 0.1200 (0.0689)  Acc@1: 97.5000 (98.5220)  Acc@5: 100.0000 (99.9920)LR: 1.713e-07
2024-11-21 12:30:46,617 -                train: [    INFO] - Valid: 599 [   0/104]  Loss: 0.07432 (0.0743)  Acc@1: 97.9167 (97.9167)  Acc@5: 100.0000 (100.0000)
2024-11-21 12:30:52,797 -                train: [    INFO] - Valid: 599 [ 104/104]  Loss: 0.07354 (0.109)  Acc@1: 93.7500 (97.4600)  Acc@5: 100.0000 (99.9500)
2024-11-21 12:30:52,835 -                train: [    INFO] - valid_acc 97.460003 - best_valid_acc 97.490003
